gen_peak_vostok_3
70 12 1
G0 30 360 480 3 0
G1 30 120 240 3 0
G2 30 480 600 3 0
G3 70 120 240 2 1
G4 30 600 690 3 0
G5 30 600 690 3 0
G6 70 600 650 2 1
G7 80 0 640 1 5
G8 20 240 360 3 1
G9 80 0 120 1 2
G10 20 240 360 3 1
G11 30 600 690 3 0
G12 20 240 360 3 1
G13 70 120 240 2 1
G14 70 0 120 2 1
G15 20 360 480 3 1
G16 70 120 240 2 1
G17 70 600 650 2 1
G18 70 600 650 2 1
G19 80 0 120 1 5
G20 30 360 480 3 0
G21 70 120 240 2 1
G22 70 480 600 2 1
G23 70 360 480 2 1
G24 30 120 240 3 0
G25 70 0 120 2 1
G26 70 240 360 2 1
G27 30 480 600 3 0
G28 80 0 640 1 5
G29 30 600 690 3 0
G30 30 480 600 3 0
G31 30 240 360 3 0
G32 30 600 690 3 0
G33 70 480 600 2 1
G34 80 0 640 1 5
G35 70 480 600 2 1
G36 80 240 360 1 5
G37 30 0 120 3 0
G38 70 480 600 2 1
G39 30 0 120 3 0
G40 20 600 700 3 1
G41 70 120 240 2 1
G42 20 120 240 3 1
G43 70 240 360 2 1
G44 30 120 240 3 0
G45 70 240 360 2 1
G46 70 240 360 2 1
G47 30 120 240 3 0
G48 70 0 120 2 4
G49 30 120 240 3 0
G50 30 480 600 3 0
G51 30 120 240 3 0
G52 70 120 240 2 1
G53 30 240 360 3 0
G54 70 0 120 2 4
G55 70 120 240 2 1
G56 30 600 690 3 0
G57 30 120 240 3 0
G58 70 0 120 2 1
G59 30 480 600 3 0
G60 70 480 600 2 1
G61 70 120 240 2 1
G62 30 600 690 3 0
G63 70 480 600 2 1
G64 30 480 600 3 0
G65 30 120 240 3 0
G66 30 120 240 3 0
G67 70 240 360 2 1
G68 30 120 240 3 0
G69 80 240 360 1 5
0 1 3
0 1 3
0 1 7
0 0 27
0 0 63
0 1 2
0 1 3
0 0 18
0 1 3
0 2 3
0 1 5
0 0 63
0.000 9.931 17.805 24.874 8.793 8.357 17.242 17.879 15.641 9.869 7.997 9.189 12.040 16.602 20.230 25.024 15.183 9.775 17.159 24.227 8.065 8.675 12.858 11.237 18.075 10.200 5.874 9.819 17.191 12.973 19.680 13.723 18.126 9.677 18.576 23.392 20.089 19.543 17.051 13.212 14.714 9.232 11.067 12.250 8.020 9.228 16.843 14.981 22.963 19.200 20.453 13.954 10.867 6.622 21.481 21.539 10.934 24.744 20.951 11.617 18.491 7.708 9.190 12.059 10.076 12.319 21.831 10.596 20.896 19.355 6.443
4.875 0.000 14.831 21.900 7.031 8.218 16.709 16.291 11.162 8.523 12.523 12.362 15.462 19.125 18.956 24.704 10.704 10.561 14.185 21.399 12.556 7.795 13.255 11.679 17.756 9.475 11.012 14.694 17.588 8.494 18.406 13.375 17.805 10.678 15.601 20.467 19.855 16.567 16.443 16.635 18.137 14.107 8.822 16.775 12.895 12.401 20.266 15.378 19.989 17.926 17.477 13.766 7.409 11.149 18.507 18.563 12.774 24.425 17.977 12.404 15.517 8.415 10.191 12.846 11.916 13.106 21.510 14.044 18.114 19.121 11.299
15.450 17.476 0.000 18.429 17.900 19.088 18.790 19.618 21.055 16.534 23.099 22.888 25.989 26.437 18.806 25.176 19.368 20.596 18.633 17.928 20.565 18.517 21.776 19.690 21.117 15.855 21.569 25.270 25.601 17.158 17.766 22.037 21.322 21.549 7.886 16.996 22.235 18.783 20.808 26.109 27.005 24.682 14.317 25.549 23.470 22.927 26.730 23.899 16.518 18.332 22.322 22.429 15.904 21.725 15.036 15.092 23.470 24.991 14.506 20.981 19.811 18.991 21.062 22.638 22.612 21.696 22.164 24.569 15.933 21.501 21.480
16.861 18.887 16.885 0.000 19.310 20.499 18.316 19.144 22.466 17.944 24.509 24.299 26.632 26.433 18.332 20.604 20.778 22.007 17.801 10.265 21.975 19.928 23.187 21.101 20.643 17.266 22.979 26.680 25.596 18.568 17.291 23.447 20.847 22.959 17.655 11.549 23.646 18.308 20.760 26.105 27.000 26.093 15.728 26.960 24.881 24.338 26.726 25.310 10.207 17.857 21.796 23.840 17.315 23.135 13.303 11.864 24.881 20.635 12.237 22.391 19.336 20.401 22.472 24.049 24.023 23.106 21.107 25.979 10.577 22.911 22.891
3.946 7.099 15.456 22.527 0.000 7.288 15.849 16.486 12.809 7.450 11.594 11.432 14.533 18.581 18.836 23.632 12.352 9.628 14.811 22.026 11.483 6.218 12.712 10.607 16.683 8.402 10.083 13.765 17.044 10.142 18.286 13.576 16.733 9.749 16.228 21.094 18.783 17.194 15.657 15.705 17.207 13.177 9.268 15.846 11.965 11.471 19.336 14.835 20.616 17.808 18.104 13.808 8.035 10.220 19.134 19.189 11.841 23.352 18.602 11.470 16.144 7.486 9.261 11.912 10.983 12.172 20.438 13.115 18.741 18.048 10.369
3.377 8.429 16.787 23.857 7.292 0.000 16.560 17.197 14.139 8.959 11.026 10.866 13.966 18.231 19.547 24.341 13.681 9.280 16.141 23.356 11.425 8.058 12.362 10.555 17.393 9.518 9.515 13.197 16.696 11.471 18.997 13.226 17.444 9.182 17.558 22.424 19.407 18.524 16.368 15.137 16.639 12.609 10.385 15.279 11.399 10.905 18.770 14.486 21.945 18.517 19.434 13.459 9.365 9.651 20.463 20.519 11.665 24.062 19.933 11.120 17.474 6.918 8.695 11.562 10.807 11.822 21.149 12.546 20.071 18.672 9.801
12.705 18.425 18.269 18.416 18.958 18.108 0.000 6.667 19.203 17.341 20.353 20.142 23.243 25.793 9.017 15.261 17.515 18.744 13.486 16.947 18.173 18.838 19.924 16.837 8.588 18.624 18.842 22.524 24.257 15.305 8.467 20.184 8.363 19.842 19.336 16.544 15.504 9.869 8.646 24.416 25.832 21.936 17.594 24.607 20.726 20.181 28.046 22.047 16.901 7.987 13.960 20.577 19.183 18.979 15.215 15.475 21.725 14.981 14.889 19.128 8.644 16.245 19.355 20.786 21.318 19.843 12.068 21.825 14.048 14.770 19.088
13.192 17.200 17.789 17.652 18.224 18.595 8.276 0.000 17.978 16.118 20.840 20.630 23.138 24.569 9.849 17.311 16.291 17.519 12.768 16.613 18.660 18.988 18.699 17.324 11.266 17.399 19.330 22.505 23.034 14.081 9.299 18.959 11.022 20.330 18.562 15.780 17.853 10.350 7.093 23.713 24.608 22.424 16.371 25.094 21.214 20.669 27.941 20.824 17.730 8.819 14.330 19.352 17.958 19.466 15.524 16.249 20.500 16.846 14.828 17.905 7.630 16.733 19.842 19.563 20.093 18.620 14.117 22.312 13.284 17.119 19.576
10.774 11.210 19.739 24.120 12.930 14.117 18.347 17.928 0.000 14.422 18.422 18.263 18.195 19.628 20.593 27.776 11.535 12.576 15.822 23.083 18.455 13.694 13.758 17.580 21.103 15.374 16.912 17.562 18.091 9.325 20.044 12.030 20.877 16.466 20.512 22.248 22.875 18.205 18.081 18.771 19.667 18.838 14.031 22.676 18.796 18.302 22.998 15.881 24.198 19.564 19.115 12.423 12.618 17.048 21.994 22.719 15.559 27.497 21.298 12.963 17.155 14.315 15.266 14.620 15.150 12.261 24.582 18.750 19.752 22.141 17.198
4.556 9.827 14.724 21.793 10.252 11.439 14.161 14.798 14.825 0.000 11.730 13.745 16.596 21.159 17.149 21.943 14.369 13.610 14.078 21.146 9.033 10.869 16.694 8.156 14.994 11.123 10.035 14.376 21.026 12.159 16.599 17.038 15.045 13.901 15.495 20.311 17.008 16.462 13.970 17.769 19.270 13.788 11.776 15.962 12.576 13.784 21.399 18.816 19.882 16.119 17.372 17.431 10.363 10.944 18.400 18.458 15.491 21.663 17.870 15.452 15.410 10.522 13.414 15.894 14.633 16.154 18.750 15.153 17.815 16.274 9.947
3.419 13.350 20.513 27.584 12.212 11.776 19.911 20.548 19.059 12.848 0.000 12.608 15.459 20.021 22.898 27.694 18.602 13.194 19.868 27.083 9.810 12.094 16.278 14.656 20.746 12.465 8.897 13.238 20.610 16.392 22.349 17.142 20.795 13.096 21.285 26.151 22.845 22.251 19.720 16.631 18.133 12.651 13.330 12.796 9.901 12.647 20.262 18.400 25.673 21.870 23.161 17.373 14.286 9.667 24.191 24.247 14.354 27.415 23.659 15.036 21.201 11.127 12.609 15.478 13.495 15.738 24.500 14.015 23.798 22.111 7.389
3.451 13.148 21.023 28.092 12.011 11.574 20.460 21.097 18.858 13.086 11.448 0.000 10.399 14.962 23.447 28.241 18.400 11.647 20.376 27.445 11.517 11.893 11.997 14.455 21.293 13.418 9.325 8.230 15.598 16.190 22.897 15.182 21.344 11.860 21.793 26.610 23.307 22.761 20.268 11.572 13.073 7.643 14.285 14.731 9.073 5.039 15.202 13.463 26.181 22.417 23.671 15.413 14.084 10.074 24.699 24.756 11.419 27.962 24.168 12.706 21.709 10.925 12.124 10.791 10.561 13.808 25.049 8.611 24.114 22.572 9.895
8.938 16.736 24.452 27.077 15.599 15.162 23.889 24.526 19.187 16.515 16.934 12.910 0.000 11.353 26.876 31.672 19.833 12.914 23.573 30.834 17.003 15.481 11.764 17.886 24.724 16.847 14.811 10.064 11.988 17.623 26.327 14.949 24.773 14.845 25.224 29.999 26.736 25.956 23.698 7.961 9.463 11.426 17.714 20.216 14.559 12.950 9.803 13.232 29.612 25.848 26.866 15.182 17.672 15.560 28.130 28.186 14.019 31.393 27.598 12.726 24.906 14.356 15.335 10.560 13.613 14.018 28.478 11.338 27.503 26.002 15.381
11.115 18.914 25.468 24.945 17.776 17.340 25.517 25.098 18.607 18.693 19.111 15.088 9.700 0.000 27.763 33.850 19.252 13.508 22.992 30.253 19.180 17.658 11.318 20.063 26.901 19.024 16.989 12.328 9.156 17.042 27.213 14.412 26.951 17.022 26.239 29.418 28.913 25.375 25.250 9.173 8.510 13.603 19.892 22.394 16.736 15.127 14.503 12.784 28.965 26.733 26.285 14.643 19.771 17.737 27.331 27.539 15.049 33.570 26.953 12.189 24.325 16.534 16.197 12.289 14.642 13.437 30.655 13.515 26.922 28.179 17.558
14.719 19.557 18.598 17.642 20.581 20.122 7.844 7.799 20.336 18.474 22.365 22.156 25.257 26.927 0.000 14.747 18.647 19.876 13.817 15.215 20.187 20.851 21.058 18.849 9.784 19.758 20.856 24.536 25.391 16.437 7.577 21.318 10.035 21.855 19.667 16.642 17.516 10.285 9.780 26.070 26.966 23.950 18.728 26.619 22.738 22.195 30.060 23.180 17.230 6.530 14.376 21.709 20.317 20.993 15.546 15.806 22.858 14.282 15.218 20.262 9.777 18.257 21.367 21.920 22.450 20.977 11.555 23.837 14.146 16.782 21.101
18.769 25.592 21.630 15.647 25.023 24.172 13.879 13.834 26.369 24.509 26.418 26.207 29.307 32.960 12.576 0.000 24.682 25.911 18.643 13.359 24.237 24.903 27.091 22.901 11.656 24.868 24.907 28.588 31.425 22.472 13.346 27.351 11.907 25.907 22.697 15.448 21.046 15.136 15.813 30.480 31.982 28.001 23.330 30.671 26.791 26.246 34.111 29.215 17.749 12.725 19.226 27.744 24.919 25.043 15.663 15.968 28.338 9.944 15.079 26.297 15.812 22.309 25.419 27.954 27.480 27.012 11.520 27.889 12.952 21.143 25.153
10.547 12.546 20.552 24.933 14.266 14.288 19.160 18.741 12.309 15.760 18.195 15.862 15.705 17.138 21.406 28.588 0.000 10.087 16.635 23.896 18.594 14.291 11.269 17.724 21.916 16.687 16.684 15.072 15.601 9.293 20.856 11.276 21.689 13.977 21.324 23.061 23.688 19.018 18.893 16.281 17.177 16.349 15.367 22.449 16.827 15.901 20.509 13.392 25.011 20.376 19.928 11.669 13.954 16.821 22.806 23.532 13.069 28.309 22.111 10.473 17.968 14.087 12.777 12.131 12.661 11.188 25.394 16.261 20.565 22.953 16.970
5.460 10.499 18.683 21.936 9.638 9.202 18.641 19.205 12.713 11.269 13.108 10.775 11.366 13.953 21.630 26.424 13.359 0.000 17.099 24.360 13.506 9.203 8.084 12.637 19.476 11.600 11.598 10.733 12.416 11.149 21.078 8.948 19.525 8.890 19.453 23.525 21.488 19.482 18.451 12.537 13.992 12.010 12.466 17.360 11.741 10.814 16.170 10.207 23.841 20.600 20.392 9.180 11.262 11.734 22.359 22.416 8.221 26.145 21.829 6.842 18.432 9.000 7.688 7.284 7.815 7.544 23.230 11.920 21.029 20.753 11.883
16.207 21.129 16.268 16.183 21.315 21.610 12.810 12.393 23.105 19.209 23.854 23.645 26.745 29.696 13.914 20.466 21.416 22.645 0.000 15.144 21.675 22.079 23.827 20.337 15.566 19.508 22.345 26.025 28.160 19.206 12.874 24.087 15.341 23.343 17.337 14.311 20.947 12.670 12.544 27.916 29.418 25.439 17.970 28.107 24.227 23.684 30.177 25.950 14.902 13.440 13.580 24.478 19.557 22.481 13.216 13.476 25.627 20.099 12.888 23.031 11.620 19.746 22.855 24.689 24.916 23.746 17.272 25.326 11.815 20.213 22.589
20.348 22.372 18.485 8.487 22.797 23.984 18.556 19.384 25.952 21.429 27.994 27.785 30.119 29.918 18.572 20.461 24.263 25.492 17.658 0.000 25.462 23.415 26.674 24.587 20.883 20.752 26.466 30.165 29.082 22.053 17.532 26.934 21.088 26.446 19.553 11.406 25.982 18.549 20.617 29.592 30.487 29.579 19.213 30.445 28.368 27.824 30.211 28.797 9.970 18.098 21.653 27.325 20.801 26.622 13.160 11.721 28.368 20.492 12.094 25.878 19.577 23.886 25.959 27.536 27.510 26.593 20.964 29.466 10.434 25.247 26.376
3.351 12.518 18.419 25.488 11.236 11.633 17.815 18.452 18.227 10.753 10.668 12.540 15.391 19.954 20.804 25.599 17.770 13.128 17.773 24.988 0.000 12.000 16.210 13.732 18.650 10.369 8.831 13.171 20.544 15.560 20.253 17.074 18.699 13.030 19.189 24.055 20.750 20.155 17.626 16.563 18.065 12.583 11.236 15.365 11.373 12.579 20.194 18.334 23.577 19.775 21.065 17.307 12.823 9.739 22.095 22.151 14.286 25.319 21.565 14.968 19.105 9.768 12.543 15.410 13.428 15.670 22.404 13.948 21.702 20.015 8.741
4.190 7.905 16.119 23.190 6.394 7.931 16.654 17.291 13.615 8.256 11.838 11.678 14.779 18.126 19.642 24.438 13.158 9.173 15.474 22.689 12.237 0.000 12.257 11.367 17.489 9.208 10.327 14.009 16.590 10.948 19.092 13.121 17.538 9.075 16.891 21.757 19.589 17.857 16.463 15.950 17.451 13.421 10.074 16.092 12.211 11.717 19.582 14.380 21.279 18.614 18.767 13.353 8.699 10.464 19.797 19.852 11.559 24.158 19.265 11.015 16.807 7.730 8.588 11.457 10.700 11.717 21.244 13.359 19.404 18.854 10.613
8.980 13.668 21.650 22.803 13.298 12.861 20.258 19.840 13.349 14.928 16.768 12.953 10.827 11.816 22.505 29.687 13.993 8.659 17.733 24.994 17.047 12.862 0.000 16.297 23.014 15.260 14.854 10.194 10.281 11.783 21.955 9.111 22.788 12.549 22.423 24.159 24.786 20.116 19.992 10.960 11.855 11.470 16.125 20.259 14.603 12.992 15.630 7.733 26.109 21.475 21.026 9.342 14.922 15.394 23.905 24.630 11.448 29.407 23.209 8.588 19.066 12.660 11.348 8.465 11.041 8.178 26.493 11.380 21.663 24.052 15.423
7.651 14.513 18.832 22.534 13.902 13.054 14.512 15.149 19.512 13.502 15.299 15.088 18.188 22.752 17.500 22.294 19.056 14.884 17.957 21.497 13.119 13.784 17.968 0.000 15.345 14.116 13.788 17.470 22.300 16.846 16.950 18.832 15.396 14.786 19.603 20.662 17.359 18.351 14.321 19.361 20.863 16.882 14.981 19.551 15.670 15.127 22.992 20.090 22.612 16.470 21.250 19.063 15.049 13.925 20.408 21.133 17.217 22.014 19.712 16.726 16.730 11.191 14.299 17.168 16.359 17.428 19.101 16.769 18.166 16.625 14.032
12.383 19.772 20.659 19.778 18.634 17.785 9.098 9.208 21.744 18.516 20.031 19.820 22.921 27.484 9.446 13.265 20.057 19.616 15.877 17.353 17.851 18.516 22.466 16.514 0.000 18.848 18.520 22.202 26.798 17.847 10.555 22.726 7.252 19.518 21.727 18.777 15.621 12.345 11.188 24.093 25.595 21.614 19.713 24.283 20.402 19.859 27.724 24.588 19.291 9.615 16.436 23.118 20.708 18.657 17.606 17.866 21.949 12.986 17.279 21.458 11.185 15.923 19.031 21.900 21.091 22.160 10.073 21.501 16.281 14.887 18.764
6.422 8.152 13.050 20.119 8.578 9.764 14.928 14.510 13.151 10.070 14.070 13.909 17.009 20.889 17.175 24.357 12.693 11.936 12.404 19.618 14.103 9.195 15.019 13.226 17.684 0.000 12.559 16.241 19.352 10.483 16.625 15.364 17.458 12.225 13.821 18.686 20.175 14.786 14.662 18.182 19.684 15.654 10.100 18.322 14.442 13.948 21.813 17.142 18.208 16.145 15.696 15.755 8.688 12.696 16.726 16.782 14.148 24.078 16.196 13.778 13.736 9.962 11.738 14.220 13.290 14.480 21.163 15.591 16.333 19.440 12.846
0.874 10.805 18.679 25.748 9.667 9.229 18.114 18.751 16.514 10.742 8.633 10.061 12.913 17.476 21.103 25.898 16.056 10.649 18.032 25.101 8.688 9.547 13.732 12.111 18.949 11.074 0.000 10.691 18.065 13.847 20.552 14.597 18.998 10.551 19.450 24.266 20.961 20.415 17.925 14.084 15.586 10.105 11.939 12.887 8.893 10.100 17.717 15.855 23.837 20.074 21.325 14.828 11.741 7.259 22.355 22.411 11.808 25.618 21.825 12.491 19.365 8.582 10.064 12.933 10.950 13.193 22.703 11.470 21.770 20.227 7.064
4.797 14.494 22.368 26.606 13.356 12.920 21.805 22.442 17.151 14.431 12.794 8.770 8.182 12.745 24.793 29.587 17.796 10.879 21.536 28.790 12.862 13.238 9.728 15.800 22.638 14.763 10.671 0.000 13.381 15.586 24.243 12.913 22.689 13.077 23.139 27.955 24.652 23.919 21.614 9.355 10.857 7.285 15.630 16.076 10.418 8.809 12.986 11.194 27.526 23.763 24.829 13.145 15.430 11.419 26.044 26.102 11.984 29.307 25.514 10.690 22.869 12.271 13.470 8.523 11.575 11.981 26.394 8.393 25.459 23.918 11.240
13.026 19.914 25.121 24.598 19.543 19.105 26.502 26.083 19.593 20.604 21.023 16.999 11.611 9.891 28.748 35.761 20.239 14.903 23.977 29.863 21.091 19.108 12.677 21.974 28.812 20.935 18.900 14.239 0.000 18.029 28.198 15.397 28.862 18.793 25.894 29.098 30.825 26.362 26.236 11.084 10.421 15.514 21.803 24.305 18.647 17.038 14.308 14.695 28.618 27.720 27.272 15.630 21.166 19.648 26.986 27.194 16.960 35.481 26.606 14.100 25.310 18.445 17.593 14.200 16.553 14.422 32.566 15.426 27.909 30.090 19.469
8.272 8.708 17.536 22.576 10.428 11.614 16.801 16.384 9.485 11.920 15.920 14.663 14.507 15.939 19.049 26.232 7.519 8.890 14.278 21.539 15.953 11.192 10.070 15.078 19.557 12.872 14.409 13.875 14.403 0.000 18.498 10.190 19.333 12.778 18.308 20.704 21.331 16.661 16.535 15.084 15.979 15.150 11.529 20.174 15.630 14.702 19.310 12.193 22.654 18.020 17.571 10.581 10.116 14.546 20.448 21.175 11.870 25.952 19.752 9.274 15.611 11.812 11.578 10.932 11.464 9.989 23.038 15.062 18.208 20.596 14.695
14.560 19.400 17.957 16.889 20.422 19.963 7.687 7.642 20.178 18.316 22.208 21.997 25.098 26.769 6.829 13.993 18.490 19.719 13.174 14.461 20.028 20.694 20.899 18.692 9.572 19.599 20.697 24.379 25.232 16.280 0.000 21.159 9.823 21.696 19.024 15.888 17.359 9.644 9.622 25.913 26.807 23.791 18.569 26.460 22.580 22.037 29.902 23.022 16.590 6.531 13.733 21.552 20.158 20.834 14.903 15.163 22.700 13.528 14.577 20.103 9.619 18.100 21.208 21.761 22.293 20.818 10.801 23.678 13.392 16.625 20.942
8.720 13.502 21.484 21.159 12.900 12.462 20.090 19.673 12.146 14.529 16.368 14.035 13.495 14.949 22.338 29.521 13.827 8.260 17.567 24.828 16.768 12.465 9.059 15.898 22.736 14.861 14.858 12.862 13.414 11.617 21.787 0.000 22.622 12.150 22.255 23.993 24.620 19.950 19.824 14.094 14.988 14.139 15.728 20.622 15.001 14.074 18.299 11.181 25.180 21.309 20.860 6.703 14.523 14.994 23.547 23.755 11.243 29.241 23.041 8.909 18.900 12.261 10.950 10.304 10.834 8.012 26.327 14.051 21.497 23.885 15.144
14.232 19.072 19.661 19.524 20.096 19.635 7.360 7.314 19.850 17.990 21.881 21.670 24.770 26.441 8.725 14.620 18.163 19.391 14.639 17.997 19.700 20.366 20.571 18.364 8.501 19.271 20.370 24.052 24.906 15.953 10.113 20.831 0.000 21.370 20.434 17.652 17.032 11.516 9.294 25.586 26.480 23.464 18.243 26.134 22.254 21.709 29.574 22.696 18.549 9.312 15.605 21.224 19.830 20.506 16.863 17.122 22.372 14.341 16.535 19.777 9.293 17.773 20.882 21.435 21.965 20.492 11.426 23.352 15.156 16.297 20.616
4.518 10.438 18.153 25.224 9.300 8.864 17.590 18.227 16.148 10.217 12.166 10.921 14.022 17.799 20.578 25.374 15.690 8.845 17.509 24.575 12.563 9.182 11.929 11.587 18.425 10.548 10.639 13.662 16.262 13.480 20.028 12.794 18.474 0.000 18.926 23.742 20.438 19.892 17.399 15.195 16.696 13.395 11.415 16.418 12.016 10.960 18.825 14.052 23.313 19.550 20.801 13.025 11.374 10.791 21.831 21.887 11.231 25.094 21.299 10.688 18.841 8.058 8.260 11.130 10.373 11.389 22.180 12.602 21.246 19.703 10.941
16.571 18.595 7.964 19.550 19.020 20.207 19.911 20.739 22.176 17.653 24.218 24.009 27.109 27.438 19.927 26.297 20.487 21.715 19.752 19.049 21.686 19.638 22.897 20.811 22.238 16.976 22.689 26.389 26.602 18.277 18.887 23.157 22.442 22.670 0.000 18.117 23.356 19.902 21.929 27.110 28.006 25.803 15.436 26.668 24.591 24.048 27.730 25.020 17.639 19.452 23.443 23.548 17.025 22.845 16.157 16.212 24.591 26.112 15.625 22.102 20.931 20.110 22.182 23.759 23.733 22.817 23.285 25.689 17.054 22.622 22.599
18.922 21.415 16.554 10.704 21.839 23.027 16.618 17.445 24.994 20.473 26.570 26.359 29.460 30.331 16.632 18.341 23.307 24.535 15.338 9.667 24.389 22.456 25.716 23.053 18.945 19.794 25.059 28.741 29.495 21.097 15.592 25.976 19.148 25.488 17.623 0.000 23.662 16.609 18.296 30.003 30.899 28.153 18.256 29.488 26.941 26.398 30.623 27.838 8.874 16.158 19.333 26.368 19.843 25.195 10.840 9.303 27.409 18.370 9.774 24.920 17.372 22.462 25.000 26.577 26.551 25.635 19.599 28.040 8.114 22.927 25.303
12.831 20.220 20.158 23.633 19.083 18.234 15.052 15.689 22.450 17.152 20.479 20.268 23.369 27.932 18.039 21.920 20.763 20.064 19.219 22.596 18.299 18.965 23.148 16.963 14.928 18.436 18.968 22.650 27.481 18.553 17.489 23.431 15.916 19.967 20.929 21.761 0.000 18.891 17.669 24.542 26.043 22.062 18.868 21.604 20.851 20.308 28.172 25.271 23.711 17.009 22.514 23.824 20.457 19.105 21.506 22.232 22.398 21.640 20.811 21.907 17.666 16.371 19.479 22.349 21.540 22.608 17.746 21.949 19.265 12.150 19.213
16.806 21.016 17.831 17.978 22.039 22.209 10.022 10.165 21.793 19.933 24.454 24.244 26.953 28.384 10.200 16.752 20.106 21.334 13.050 16.941 22.274 22.803 22.515 20.938 12.511 21.071 22.944 26.320 26.849 17.896 9.160 22.775 12.553 23.944 18.900 16.106 19.694 0.000 11.081 27.529 28.423 26.038 19.531 28.708 24.828 24.283 31.738 24.639 16.463 9.726 11.192 23.168 21.120 23.080 14.779 15.039 24.315 16.385 14.451 21.721 8.831 20.346 23.456 23.378 23.909 22.436 13.558 25.926 13.610 18.959 23.190
12.185 18.072 18.660 18.523 18.438 17.588 8.734 6.959 18.849 16.355 19.833 19.622 22.723 25.440 10.727 18.188 17.162 18.390 13.639 17.484 17.653 18.319 19.570 16.317 11.608 17.639 18.322 22.004 23.905 14.952 10.177 19.830 11.383 19.322 19.433 16.651 17.125 10.379 0.000 23.896 25.397 21.416 17.242 24.087 20.206 19.661 27.526 21.695 18.601 9.697 14.360 20.223 18.829 18.459 16.395 17.120 21.371 17.723 15.699 18.776 7.661 15.725 18.835 20.434 20.895 19.491 14.994 21.305 14.155 16.391 18.568
8.037 15.836 23.551 26.531 14.698 14.260 22.988 23.625 18.286 15.614 16.033 12.010 6.616 9.726 25.976 30.770 18.932 12.014 22.671 29.931 16.102 14.578 10.863 16.983 23.821 15.946 13.909 9.248 10.360 16.722 25.426 14.048 23.872 13.944 24.322 29.098 25.835 25.055 22.797 0.000 7.837 10.525 16.813 19.316 13.658 12.049 11.419 12.329 28.709 24.946 25.965 14.279 16.771 14.659 27.227 27.285 13.119 30.490 26.697 11.825 24.003 13.454 14.434 9.658 12.712 13.116 27.577 10.437 26.602 25.101 14.480
9.094 16.892 24.608 27.448 15.755 15.318 24.045 24.682 19.291 16.671 17.090 13.066 8.527 8.315 27.032 31.828 19.937 13.070 23.677 30.938 17.159 15.637 11.920 18.042 24.880 17.003 14.967 10.307 11.279 17.727 26.482 15.097 24.929 15.001 25.380 30.103 26.892 26.060 23.854 8.000 0.000 11.582 17.870 20.372 14.715 13.106 13.330 13.388 29.768 26.004 26.970 15.329 17.828 15.716 28.286 28.341 14.175 31.549 27.754 12.882 25.010 14.512 15.491 10.716 13.769 14.122 28.634 11.494 27.607 26.157 15.537
4.303 14.000 21.874 27.880 12.862 12.426 21.311 21.948 18.425 13.938 12.300 8.276 9.456 14.019 24.299 29.093 19.070 12.153 21.228 28.296 12.368 12.744 11.002 15.306 22.144 14.269 10.177 7.236 14.655 16.860 23.749 14.187 22.195 12.712 22.645 27.461 24.158 23.612 21.120 10.629 12.131 0.000 15.136 15.582 9.924 8.315 14.260 12.469 27.032 23.269 24.522 14.418 14.936 10.925 25.550 25.608 12.271 28.813 25.020 11.964 22.560 11.777 12.976 9.797 11.413 13.255 25.900 9.160 24.965 23.424 10.746
6.906 9.021 14.871 21.942 9.446 10.633 16.079 16.332 14.019 7.349 14.078 14.779 17.879 21.757 18.997 23.860 13.563 12.804 14.226 21.441 11.380 10.064 15.888 10.506 16.912 8.101 12.384 16.723 20.220 11.353 18.446 16.232 16.963 13.095 15.643 20.509 19.011 16.609 15.888 19.050 20.552 16.137 0.000 17.795 14.925 14.818 22.683 18.010 20.031 17.968 17.519 16.625 7.450 13.291 18.549 18.605 15.017 23.581 18.017 14.646 15.559 10.831 12.608 15.088 14.159 15.348 20.668 16.459 18.156 18.277 12.296
6.860 16.440 24.288 31.357 15.303 14.864 23.750 24.387 22.150 16.378 12.783 14.925 17.776 22.339 26.739 31.533 21.692 16.284 23.642 30.736 14.331 15.183 19.322 17.746 24.584 16.709 12.732 15.556 22.975 19.482 26.187 20.232 24.634 16.187 25.059 29.902 26.597 26.025 23.560 18.949 20.450 14.968 17.575 0.000 12.206 14.965 22.580 20.788 29.447 25.709 26.935 20.463 17.376 11.868 27.965 28.020 16.671 31.254 27.434 17.958 24.975 14.217 15.699 18.023 15.813 18.828 28.339 16.333 27.405 25.862 11.936
3.780 13.479 21.351 28.201 12.341 11.903 20.788 21.425 18.978 13.415 9.891 9.674 12.524 17.087 23.776 28.572 18.731 11.647 20.707 27.773 11.847 12.221 14.070 14.785 21.623 13.746 9.654 10.304 17.723 16.521 23.226 15.212 21.672 11.860 22.124 26.940 23.636 23.090 20.597 13.697 15.198 9.716 14.614 12.738 0.000 9.713 17.328 15.537 26.511 22.748 24.000 15.443 14.415 9.186 25.029 25.085 11.419 28.292 24.497 12.706 22.039 11.256 12.124 12.771 10.561 13.808 25.378 11.081 24.444 22.901 9.254
3.413 13.109 20.983 28.053 11.972 11.535 20.421 21.058 18.819 13.047 11.409 7.054 10.360 14.923 23.408 28.202 18.361 11.608 20.337 27.405 11.478 11.854 11.958 14.416 21.254 13.379 9.286 8.191 15.559 16.151 22.858 15.143 21.305 11.821 21.754 26.571 23.268 22.722 20.230 11.533 13.034 7.604 14.246 14.691 9.034 0.000 15.163 13.424 26.142 22.378 23.632 15.374 14.045 10.035 24.660 24.717 11.380 27.923 24.130 12.667 21.670 10.886 12.085 10.753 10.522 13.769 25.010 8.572 24.075 22.533 9.855
15.285 20.463 22.797 22.273 20.093 19.655 27.052 26.635 20.142 21.722 23.282 19.258 13.866 14.195 28.335 34.800 20.788 15.455 24.529 27.538 23.352 19.657 13.226 23.092 29.157 22.053 21.159 16.498 12.830 18.578 27.295 15.949 29.206 19.343 23.568 26.772 29.560 26.912 26.785 13.340 14.234 17.775 21.640 26.564 20.908 19.297 0.000 15.351 26.294 27.861 27.822 16.158 21.715 21.909 24.660 24.868 18.286 34.520 24.282 15.426 25.861 19.453 18.143 15.303 17.879 14.974 31.693 17.685 25.709 28.825 21.728
9.851 15.533 23.515 24.666 15.162 14.724 22.121 21.702 15.212 16.791 17.848 13.824 11.698 13.327 24.367 31.550 15.858 10.522 19.596 26.857 17.918 14.727 7.788 18.160 24.877 17.122 15.725 11.065 11.842 13.648 23.817 10.973 24.652 14.412 24.286 26.024 26.649 21.981 21.855 12.338 13.418 12.341 17.990 21.130 15.474 13.863 16.501 0.000 27.974 23.339 22.891 11.205 16.785 16.475 25.768 26.493 12.319 31.270 25.072 9.459 20.929 14.523 13.212 9.335 11.912 10.041 28.357 12.251 23.528 25.914 16.294
18.866 20.890 16.030 9.559 21.315 22.502 16.102 16.930 24.470 19.947 26.512 26.303 29.404 29.807 16.118 20.668 22.781 24.010 15.943 11.379 23.980 21.933 25.192 23.105 18.429 19.270 24.984 28.683 28.969 20.571 15.078 25.452 18.633 24.964 17.099 8.857 24.269 16.093 18.904 29.479 30.373 28.097 17.731 28.963 26.886 26.342 30.099 27.314 0.000 15.643 19.940 25.843 19.320 25.140 10.824 9.216 26.886 20.697 10.102 24.396 17.122 22.404 24.477 26.053 26.028 25.111 19.476 27.984 10.441 23.534 24.894
14.238 19.076 17.900 17.340 20.099 19.641 7.363 7.318 19.855 17.993 21.884 21.675 24.776 26.446 6.982 14.444 18.166 19.395 13.119 14.912 19.706 20.370 20.577 18.368 10.119 19.277 20.375 24.055 24.910 15.956 6.791 20.837 9.895 21.373 18.968 16.176 17.035 9.501 9.299 25.589 26.485 23.469 18.247 26.138 22.258 21.714 29.579 22.700 16.534 0.000 13.590 21.228 19.836 20.512 14.848 15.107 22.377 13.979 14.520 19.781 9.296 17.776 20.886 21.439 21.969 20.496 11.250 23.356 13.680 16.301 20.620
18.090 22.098 21.805 21.952 23.119 23.492 12.430 12.011 22.875 21.013 25.738 25.527 28.033 29.466 14.174 20.726 21.188 22.416 17.022 20.915 23.558 23.885 23.596 22.221 15.186 22.297 24.227 27.402 27.929 18.978 13.134 23.857 14.961 25.225 22.872 20.080 22.102 10.990 12.163 28.611 29.505 27.321 21.267 29.990 26.109 25.566 32.837 25.719 20.438 13.648 0.000 24.249 22.855 24.363 18.751 19.011 25.397 20.360 18.425 22.801 11.237 21.630 24.738 24.458 24.990 23.516 17.532 27.208 17.584 21.367 24.471
7.657 12.439 20.421 21.766 11.835 11.399 19.027 18.608 12.117 13.466 15.305 12.972 13.154 14.585 21.273 28.456 12.764 7.197 16.502 23.763 15.703 11.400 8.715 14.835 21.672 13.797 13.794 12.521 13.050 10.554 20.724 6.918 21.558 11.087 21.192 22.930 23.555 18.887 18.761 13.729 14.624 13.797 14.663 19.557 13.938 13.011 17.957 10.840 24.880 20.245 19.797 0.000 13.459 13.931 22.674 23.399 10.178 28.176 21.978 7.844 17.835 11.197 9.885 9.241 9.771 6.947 25.263 13.707 20.434 22.820 14.081
12.253 14.278 12.420 19.491 14.702 15.890 14.299 13.882 16.105 13.336 19.901 19.690 21.263 22.696 16.547 23.729 14.416 15.644 11.776 18.991 17.367 15.319 16.826 16.492 17.055 12.657 18.370 20.630 21.159 12.206 15.995 17.086 16.830 18.351 13.193 18.059 19.547 14.159 14.032 21.839 22.735 21.484 11.119 22.351 20.272 19.729 24.975 18.949 17.580 15.517 15.069 17.477 0.000 18.526 16.098 16.154 18.627 23.450 15.566 16.030 13.108 15.793 17.864 17.688 18.218 16.745 20.535 21.371 15.705 18.812 18.282
2.603 12.183 20.057 27.126 11.045 10.607 19.492 20.129 17.892 12.120 7.987 10.564 13.415 17.978 22.481 27.276 17.434 12.027 19.410 26.479 10.645 10.925 14.961 13.489 20.327 12.452 8.475 11.194 18.614 15.225 21.930 15.975 20.376 11.929 20.828 25.644 22.339 21.793 19.303 14.588 16.089 10.607 13.317 10.626 7.844 10.603 18.218 16.427 25.215 21.451 22.703 16.206 13.119 0.000 23.733 23.789 12.310 26.996 23.203 13.597 20.743 9.960 11.442 13.662 11.452 14.571 24.081 11.972 23.148 21.605 7.678
16.893 18.919 14.058 12.205 19.343 20.531 14.130 14.958 22.498 17.977 24.542 24.331 27.431 27.835 14.146 19.076 20.811 22.039 13.973 11.595 22.008 19.960 23.220 21.133 16.457 17.298 23.012 26.713 26.999 18.601 13.106 23.480 16.661 22.992 15.127 10.762 22.297 14.122 16.931 27.507 28.403 26.125 15.760 26.992 24.913 24.370 28.127 25.342 10.294 13.671 17.968 23.872 17.347 23.168 0.000 8.867 24.913 19.108 7.448 22.424 15.150 20.434 22.505 24.081 24.055 23.139 17.503 26.012 8.877 21.562 22.923
17.151 19.176 14.317 10.655 19.602 20.788 14.389 15.215 22.755 18.234 24.799 24.588 27.689 28.092 14.403 19.056 21.068 22.297 14.230 10.187 22.267 20.219 23.477 21.390 16.716 17.555 23.269 26.970 27.256 18.858 13.363 23.737 16.918 23.249 15.384 9.255 22.554 14.380 17.190 27.766 28.660 26.382 16.017 27.249 25.172 24.627 28.384 25.601 8.744 13.928 18.225 24.130 17.606 23.425 9.111 0.000 25.172 19.086 8.389 22.683 15.409 20.691 22.762 24.340 24.314 23.398 17.762 26.271 8.829 21.819 23.180
7.076 12.839 21.023 24.842 11.985 11.717 21.156 21.793 15.618 13.784 15.072 11.581 13.495 15.579 24.145 28.939 16.264 8.289 20.005 27.265 15.143 11.718 10.954 15.153 21.991 14.116 12.950 12.862 15.309 14.055 23.594 11.854 22.040 11.405 21.793 26.430 24.003 22.387 20.967 14.591 15.820 13.927 14.981 18.204 12.546 11.620 18.299 12.420 26.181 23.116 23.297 12.085 13.602 13.700 24.699 24.756 0.000 28.660 24.168 9.349 21.337 11.516 10.204 9.413 7.798 10.450 25.745 13.262 23.934 23.269 13.519
18.652 25.475 22.788 18.478 24.906 24.055 13.762 13.716 26.252 24.392 26.301 26.090 29.190 32.843 12.459 8.202 24.565 25.793 18.550 15.344 24.120 24.786 26.974 22.784 11.539 25.117 24.790 28.471 31.308 22.355 13.229 27.234 11.790 25.790 23.857 16.606 20.929 15.019 15.696 30.363 31.864 27.884 24.490 30.554 26.674 26.129 33.994 29.098 18.907 12.608 19.109 27.627 26.077 24.926 16.821 17.126 28.221 0.000 16.239 26.180 15.695 22.192 25.302 27.837 27.363 26.895 11.402 27.772 14.110 21.026 25.036
16.727 18.777 13.918 12.384 19.203 20.389 13.300 14.129 22.358 17.835 24.374 24.165 27.265 27.694 13.316 17.044 20.669 21.897 12.973 11.347 21.867 19.820 23.079 20.857 15.628 17.158 22.865 26.545 26.857 18.459 12.276 23.339 15.832 22.852 14.987 10.512 21.467 13.291 15.933 27.366 28.261 25.959 15.618 26.850 24.747 24.204 27.987 25.202 10.941 12.842 16.969 23.730 17.207 23.001 7.951 9.515 24.773 17.074 0.000 22.284 14.321 20.266 22.364 23.941 23.915 22.998 16.674 25.846 8.016 20.733 22.781
7.336 12.375 20.558 22.021 11.516 11.078 19.707 19.290 12.797 13.145 14.984 12.651 11.338 12.885 21.955 28.300 13.444 6.876 17.184 24.444 15.383 11.080 7.860 14.513 21.351 13.476 13.473 10.704 12.193 11.233 21.403 9.033 21.402 10.765 21.331 23.610 23.365 19.567 19.440 11.896 13.125 11.981 14.343 19.238 13.616 12.690 16.141 9.726 25.559 20.925 20.477 9.264 13.138 13.610 23.353 24.080 9.449 28.020 22.658 0.000 18.516 10.876 9.566 8.510 9.040 7.629 25.107 11.893 21.113 22.631 13.759
13.065 18.094 17.691 17.837 19.115 18.468 6.192 6.335 18.871 17.009 20.713 20.503 23.603 25.462 8.439 15.621 17.184 18.412 12.908 16.368 18.533 19.199 19.593 17.197 8.948 18.293 19.203 22.884 23.925 14.974 7.889 19.852 8.722 20.201 18.758 15.966 15.864 9.290 8.315 24.607 25.501 22.297 17.263 24.965 21.085 20.541 28.407 21.715 16.323 7.409 13.381 20.245 18.852 19.339 14.637 14.897 21.393 15.341 14.311 18.797 0.000 16.605 19.713 20.454 20.986 19.512 12.427 22.183 13.470 15.130 19.447
1.460 8.851 16.723 23.794 7.713 7.275 16.160 16.797 14.559 8.787 9.108 8.948 12.049 16.612 19.148 23.944 14.103 8.695 16.079 23.145 9.507 7.594 11.777 10.157 16.995 9.118 7.597 11.279 16.111 11.893 18.598 12.641 17.044 8.597 17.496 22.312 19.008 18.462 15.969 13.220 14.721 10.691 9.986 13.362 9.481 8.987 16.852 13.901 21.883 18.120 19.371 12.874 9.787 7.734 20.401 20.457 11.078 23.664 19.869 10.535 17.411 0.000 8.110 10.977 10.220 11.237 20.750 10.629 19.816 18.273 7.883
4.947 10.262 18.620 24.556 9.125 8.688 18.127 18.764 15.332 10.755 12.595 10.607 13.707 16.573 21.116 25.911 15.514 7.620 17.974 25.114 12.992 8.689 10.703 12.124 18.962 11.087 11.084 13.349 15.036 13.304 20.565 11.568 19.011 8.376 19.391 24.257 20.974 20.357 17.938 14.880 16.382 12.953 11.952 16.847 11.574 10.646 18.511 12.826 23.779 20.087 21.267 11.799 11.198 11.221 22.297 22.352 10.005 25.631 21.766 9.462 19.306 8.487 0.000 9.904 9.147 10.164 22.716 12.289 21.783 20.240 11.370
6.445 12.855 21.038 23.909 11.994 11.556 20.890 21.176 14.685 13.518 14.442 10.950 9.082 12.930 23.841 28.673 15.331 7.356 19.070 26.330 14.512 11.559 8.068 14.887 21.725 13.849 12.319 8.449 12.423 13.121 23.291 10.919 21.774 11.244 21.809 25.497 23.737 21.454 20.700 10.255 11.756 9.726 14.715 17.574 11.916 10.989 13.886 9.534 26.197 22.813 22.364 11.152 13.616 13.069 24.715 24.770 8.461 28.394 24.184 8.415 20.402 11.354 10.044 0.000 8.052 9.515 25.479 9.637 23.001 23.002 12.888
6.022 11.783 19.967 24.523 10.931 10.662 20.102 20.739 15.300 12.729 14.018 10.525 13.177 15.261 23.090 27.884 15.946 7.971 19.322 26.537 14.087 10.664 10.636 14.097 20.935 13.060 11.894 12.544 14.990 13.736 22.540 11.535 20.986 10.350 20.739 25.605 22.949 21.705 19.911 14.273 15.501 12.872 13.927 17.149 11.491 10.564 17.980 12.102 25.127 22.060 22.615 11.767 12.546 12.644 23.645 23.701 7.743 27.604 23.113 9.030 20.655 10.460 9.150 9.095 0.000 10.131 24.691 12.206 23.252 22.215 12.465
10.166 11.565 19.547 23.928 13.285 13.908 18.153 17.736 11.244 14.779 17.814 15.481 15.325 16.756 20.401 27.584 11.890 9.706 15.630 22.891 18.212 13.909 10.886 17.343 20.909 15.729 16.303 14.691 15.221 9.680 19.850 8.266 20.684 13.596 20.318 22.056 22.683 18.013 17.887 15.901 16.795 15.968 14.386 22.066 16.447 15.520 20.128 13.011 24.006 19.371 18.923 8.657 12.973 16.440 21.800 22.527 12.687 27.304 21.104 10.092 16.963 13.706 12.394 11.750 12.280 0.000 24.389 15.878 19.560 21.948 16.590
16.023 23.041 22.086 20.308 22.274 21.425 11.328 11.283 23.820 21.959 23.671 23.460 26.561 30.411 11.214 12.374 22.131 23.256 17.305 17.880 21.491 22.156 24.542 20.154 9.075 22.488 22.160 25.842 28.874 19.921 11.984 24.802 9.326 23.158 23.154 19.306 17.255 13.772 13.264 27.733 29.235 25.254 22.212 27.923 24.042 23.499 31.364 26.665 20.720 11.377 17.864 25.193 23.801 22.297 19.034 19.294 25.589 12.094 18.706 23.746 13.262 19.563 22.671 25.404 24.731 24.461 0.000 25.141 16.811 17.932 22.404
6.435 15.092 22.807 26.771 13.954 13.518 22.245 22.882 17.315 14.871 14.431 8.738 8.214 12.777 25.232 30.028 17.961 11.042 21.701 28.962 14.500 13.836 9.892 16.241 23.079 15.202 12.309 7.648 13.411 15.751 24.682 13.077 23.129 13.200 23.580 28.127 25.091 24.084 22.053 9.385 10.886 8.923 16.070 17.714 12.056 8.777 13.017 11.360 27.967 24.204 24.994 13.310 16.028 13.057 26.485 26.541 12.147 29.748 25.953 10.854 23.034 12.712 13.691 8.688 11.741 12.146 26.834 0.000 25.631 24.357 12.878
16.435 19.985 15.124 9.853 20.409 21.597 14.130 14.958 22.676 19.043 24.081 23.872 26.973 28.901 14.146 15.852 20.987 22.216 12.849 8.816 21.903 21.026 23.398 20.565 16.457 18.364 22.572 26.252 27.730 18.777 13.106 23.658 16.661 23.570 16.193 7.981 21.175 14.122 15.809 28.144 29.306 25.666 16.826 28.058 24.454 23.911 29.193 25.521 10.282 13.671 16.846 24.049 18.413 22.709 8.679 8.501 25.198 15.884 7.613 22.602 14.884 19.973 23.083 24.259 24.790 23.317 17.168 25.553 0.000 20.440 22.817
13.153 20.544 20.779 24.256 19.407 18.556 14.610 15.247 23.073 17.775 20.801 20.591 23.691 28.254 17.597 22.475 21.384 20.388 19.842 23.217 18.621 19.287 23.470 17.285 15.163 19.057 19.291 22.973 27.805 19.174 17.047 24.054 16.459 20.291 21.552 22.384 12.108 18.449 17.138 24.864 26.366 22.385 19.491 23.311 21.175 20.630 28.495 25.595 24.334 16.567 22.540 24.445 21.078 19.427 22.128 22.853 22.722 22.195 21.432 22.229 17.224 16.694 19.803 22.671 21.864 22.931 19.257 22.273 19.888 0.000 19.537
1.443 11.374 19.248 26.317 10.236 9.800 18.685 19.322 17.084 11.312 7.197 10.632 13.482 18.046 21.672 26.467 16.626 11.218 18.602 25.670 8.598 10.118 14.302 12.680 19.518 11.253 6.921 11.262 18.634 14.416 21.123 15.166 19.569 11.120 20.019 24.835 21.532 20.986 18.494 14.655 16.157 10.675 12.120 13.294 9.463 10.671 18.286 16.424 24.406 20.643 21.896 15.397 12.310 7.779 22.924 22.982 12.378 26.187 22.394 13.060 19.934 9.151 10.633 13.502 11.520 13.762 23.274 12.040 22.339 20.798 0.000
0.0000 2.8024 7.3807 11.5732 2.1052 1.5276 7.3008 7.8100 5.3311 2.5556 1.0151 2.3765 4.2384 6.2567 8.4274 11.1804 5.4307 2.8829 6.9529 11.6521 1.4926 1.7971 4.6220 2.9457 7.7991 2.7746 0.1393 2.7593 6.6854 4.5997 8.5976 4.9456 7.8314 2.0357 7.8625 10.6817 8.7652 7.7794 6.8901 4.6270 5.0739 2.3739 3.2710 2.8419 1.2543 2.3964 7.0908 5.0753 10.0633 8.1734 7.7837 5.1096 3.1899 0.6529 9.3331 9.5863 2.6855 10.7645 9.3634 3.8130 8.0930 1.3693 2.1072 4.3212 2.3954 4.1253 9.7484 2.8899 9.6853 8.0798 0.4763
2.8914 0.0000 5.1898 9.3823 0.9338 1.5573 6.3346 5.8143 2.5698 1.7694 3.8487 4.2815 6.2016 7.4475 7.0592 10.7100 2.6694 2.9074 4.7620 9.4385 3.6547 1.2765 4.4818 2.9814 7.3288 2.1129 3.0141 5.6507 6.5452 1.8384 7.2293 4.3278 7.3610 2.5866 5.6716 8.1856 8.2175 5.5885 5.8912 6.5902 7.0371 5.2653 2.1197 5.6754 4.1457 4.3014 9.0540 4.9351 7.8725 6.8051 5.5928 4.1791 1.1167 3.4865 7.1422 7.3955 3.4225 10.2942 7.1725 3.8375 5.9021 1.9550 2.6581 4.3457 3.1324 4.1497 9.2780 4.8559 7.5442 7.5321 3.2745
8.8747 7.1096 0.0000 6.6919 7.3105 7.9340 6.5786 7.2203 7.6078 6.1011 9.8320 10.2632 12.1833 15.0443 6.4756 9.2599 7.0396 8.2000 6.3248 6.7481 7.9864 7.6582 8.8432 7.3130 7.9889 5.7188 8.6921 11.6340 13.0541 6.2085 6.0759 8.6980 8.0167 8.9633 0.9412 5.4952 9.3766 6.1544 8.1456 13.9757 13.9637 11.2486 5.1091 11.9751 10.1290 10.2831 14.9369 9.2965 5.1821 6.1989 7.7998 8.5492 6.2522 9.4698 4.4519 4.7051 9.7992 8.9964 4.4821 8.2312 6.7926 7.9383 9.0348 9.4488 9.5091 8.5434 8.2755 10.8376 5.2372 8.6912 8.7103
10.8975 9.1324 6.1690 0.0000 9.3333 9.9568 7.5762 8.2178 9.6306 8.1239 11.8548 12.2860 15.1335 15.6513 7.4732 7.1968 9.0624 10.2228 6.6954 2.4634 10.0092 9.6810 10.8661 9.3358 8.9864 7.7416 10.7149 13.6569 13.6611 8.2314 7.0734 10.7208 9.0143 10.9861 6.6508 3.1452 11.3994 7.1519 7.9303 14.5827 14.5708 13.2714 7.1319 13.9979 12.1518 12.3059 15.5439 11.3193 2.1269 7.1965 7.6320 10.5720 8.2750 11.4927 4.1635 3.5543 11.8220 7.4078 4.0884 10.2540 7.7902 9.9611 11.0576 11.4716 11.5319 10.5662 8.4315 12.8604 3.0872 10.7140 10.7331
2.1942 0.9338 5.3944 9.5869 0.0000 0.8601 6.1333 6.6425 3.4624 1.0722 3.1515 3.5842 5.5044 6.9975 7.2598 10.0128 3.5621 2.2927 4.9666 9.6431 2.9575 0.4112 4.0318 2.2842 6.6316 1.4157 2.3169 4.9535 6.0952 2.7310 7.4300 4.3554 6.6638 1.8894 5.8762 8.3902 7.5203 5.7931 5.7225 5.8930 6.3399 4.5681 1.9122 4.9782 3.4485 3.6042 8.3568 4.4850 8.0771 7.0058 5.7974 4.5194 1.3213 2.7893 7.3468 7.6000 2.8078 9.5970 7.3771 3.2228 6.1067 1.2578 1.9609 3.7310 2.5177 3.5350 8.5808 4.1587 7.7488 6.8349 2.5773
1.6166 1.5573 6.0179 10.2104 0.8601 0.0000 6.6118 7.1210 4.0860 1.6958 2.5739 3.0066 4.9268 6.8639 7.7383 10.4913 4.1856 2.1590 5.5902 10.2666 3.0160 1.2028 3.8981 2.2566 7.1101 2.0855 1.7393 4.3759 5.9615 3.3546 7.9085 4.2217 7.1423 1.3118 6.4998 9.0137 8.0761 6.4167 6.2010 5.3154 5.7623 3.9904 2.5820 4.4006 2.8708 3.0266 7.7792 4.3514 8.7006 7.4843 6.4210 4.3857 1.9448 2.2117 7.9704 8.2236 2.6741 10.0755 8.0006 3.0892 6.7302 0.6802 1.3833 3.5973 2.3840 3.4014 9.0593 3.5811 8.3724 7.3907 1.9997
7.4242 7.6459 6.5796 7.4928 7.8720 6.7366 0.0000 0.6737 7.4436 6.7991 8.3815 8.8126 10.7328 11.6448 1.2910 4.9235 6.8753 8.0357 4.1394 5.7715 7.1036 7.5639 8.6790 5.9589 1.7349 7.1592 7.5469 10.1835 10.7424 6.0443 1.4612 8.5337 1.5745 7.8024 6.9812 5.6812 5.2449 1.8809 1.4339 11.1214 11.6521 9.7980 6.4361 10.2082 8.6784 8.8326 13.5852 9.1323 5.9214 1.0370 3.1058 8.3850 7.5792 8.0193 4.8261 5.4444 9.0317 4.5076 5.2214 8.0670 1.4938 6.4878 7.8739 9.2845 9.0486 8.3792 3.4915 9.3871 4.6847 4.5595 7.8275
8.0881 7.0805 6.5488 7.8950 7.1375 7.4006 1.1296 0.0000 6.8782 6.2337 9.0454 9.4766 10.8113 11.0793 1.5337 5.3880 6.3099 7.4703 3.8071 7.0537 7.7675 7.4803 8.1136 6.6228 2.7281 6.5938 8.2109 10.1713 10.1770 5.4789 1.7039 7.9683 2.2157 8.4664 7.0306 6.0833 5.7410 1.4896 0.7308 11.0986 11.0866 10.4620 5.8707 10.8721 9.3424 9.4965 13.6637 8.5669 6.7614 1.2797 2.4783 7.8196 7.0138 8.6832 6.0950 6.3328 8.4663 4.6769 6.0706 7.5015 0.9620 7.1517 8.5379 8.7191 8.4831 7.8137 3.9560 10.0510 5.0869 5.0556 8.4915
5.3565 2.5062 6.4054 10.9057 3.3988 4.0224 6.8880 6.3677 0.0000 4.2345 6.3138 6.7465 6.3697 6.6377 7.6126 11.6751 2.4036 3.0286 5.3154 10.0644 6.1198 3.7416 3.6719 5.4465 8.4866 4.5780 5.4792 5.7296 5.7353 1.5725 7.7827 2.7690 8.3261 4.5721 6.8872 9.0941 9.1990 6.1419 6.4446 6.6569 6.6450 6.3023 4.2729 8.1405 6.6107 6.7665 9.2221 4.1252 9.7722 7.3585 6.1462 2.6203 3.2698 5.9516 9.1058 9.3436 4.0246 11.2593 9.0813 3.0599 6.4555 4.4201 4.1785 4.2775 4.0415 2.4643 10.2431 5.7919 8.0976 8.5136 5.7396
2.6173 2.5548 5.6469 9.8394 2.7557 3.3792 5.5671 6.0763 4.7679 0.0000 3.1187 4.9938 6.8557 8.8741 6.6936 9.4466 4.8675 4.7293 5.2191 9.9183 1.8853 3.1034 6.4684 1.2119 6.0654 2.7469 2.5910 5.3767 8.5318 4.0364 6.8638 6.5259 6.0976 4.4085 6.1287 8.9479 7.0314 6.0456 5.1563 7.2443 7.6912 4.9912 3.2529 5.3428 3.8716 5.0137 9.7081 6.9217 8.3295 6.4396 6.0499 6.3771 2.2499 3.2125 7.5993 7.8525 5.3028 9.0308 7.6296 5.6594 6.3592 2.7081 4.4800 6.1676 5.0127 5.9717 8.0146 5.5073 7.9515 6.3460 2.6092
0.9353 3.7377 7.8036 11.9961 3.0405 2.4629 8.0791 8.5883 6.2664 3.2070 0.0000 3.3118 5.1737 7.1920 9.2056 11.9586 6.3660 3.8182 7.3758 12.0523 1.7416 2.7324 5.5573 3.8810 8.5774 3.3615 0.9090 3.6946 7.6206 5.5350 9.3758 5.8809 8.6096 2.9710 8.2854 10.7993 9.4661 8.2023 7.6683 5.5623 6.0092 3.3092 3.8579 2.6809 1.4699 3.3317 8.0261 6.0105 10.4862 8.9516 8.2066 6.0449 4.1252 1.4203 9.7560 10.0092 3.6208 11.5428 9.7863 4.7483 8.5159 2.3045 3.0424 5.2565 3.3307 5.0605 10.5266 3.8252 10.1580 8.7807 0.4947
2.0948 4.8398 9.4180 13.6105 4.1425 3.5649 9.3382 9.8474 7.3684 4.5930 3.1100 0.0000 2.4696 4.4879 10.4647 13.2177 7.4681 3.5679 8.9902 13.6894 3.5875 3.8344 3.6755 4.9830 9.8365 4.8119 2.2342 1.5170 4.9148 6.6370 10.6349 5.0197 9.8687 3.2111 9.8998 12.7191 10.8025 9.8167 8.9274 2.8582 3.3051 1.1315 5.3084 4.3384 1.7753 0.0199 5.3220 3.7337 12.1007 10.2107 9.8210 5.1837 5.2272 2.7478 11.3704 11.6236 2.9542 12.8019 11.4007 3.9920 10.1303 3.4066 3.3017 3.0668 2.6641 4.6208 11.7857 1.1012 11.7226 10.1171 2.5711
4.7984 6.3519 10.9557 16.3223 5.6547 5.0771 10.8758 11.3850 6.9514 6.1381 5.8136 3.7768 0.0000 2.7063 12.0024 14.7553 7.6030 4.0924 10.3202 15.0692 6.2911 5.3466 3.2628 6.5207 11.3741 6.3571 4.9378 1.4758 3.1331 6.7720 12.1726 4.6070 11.4063 4.6756 11.4375 14.0989 12.3402 11.1467 10.4650 1.0765 1.5234 2.7252 6.8535 7.0420 4.4790 3.7968 2.8524 3.3210 13.6383 11.7484 11.1510 4.7710 6.7394 5.4514 12.9081 13.1613 3.9897 14.3395 12.9383 3.6697 11.4603 4.9517 4.7465 2.6542 4.0066 4.4979 13.3234 2.2148 13.1024 11.6548 5.2747
6.1008 7.6542 13.7093 13.7332 6.9570 6.3794 11.6657 11.1454 6.7244 7.4404 7.1159 5.0792 2.4239 0.0000 12.3902 16.0577 7.3759 4.1566 10.0931 14.8421 7.5934 6.6489 2.9545 7.8230 12.6764 7.6594 6.2401 3.4548 1.1878 6.5449 12.5604 4.4060 12.7087 5.9779 14.1911 13.8718 13.6425 10.9196 11.2223 1.8732 1.3466 4.0275 8.1558 8.3443 5.7813 5.0991 5.2763 3.0127 15.4040 12.1362 10.9239 4.5700 7.4515 6.7537 14.7085 14.9270 4.2705 15.6418 14.7040 3.3614 11.2332 6.2540 5.3065 3.5338 4.2874 4.2708 14.6257 3.5171 12.8753 12.9571 6.5771
8.2945 8.1848 6.6014 6.6548 8.2418 7.6070 1.0067 1.2126 7.9825 7.3380 9.2518 9.6830 11.6031 12.1837 0.0000 4.3129 7.4142 8.5746 4.1613 4.9391 7.9739 8.4342 9.2179 6.8292 2.2883 7.6981 8.4173 11.0538 11.2813 6.5832 0.5577 9.0726 2.3531 8.6728 7.0031 5.1125 6.1152 1.6735 1.9728 12.2029 12.1910 10.6684 6.9750 11.0785 9.5488 9.7029 14.4555 9.6712 5.9432 0.3469 2.8985 8.9239 8.1181 8.8896 4.8480 5.4662 9.5706 3.6019 5.2432 8.6059 2.0327 7.3581 8.7443 9.8235 9.5875 8.9181 2.8810 10.2574 4.1161 5.4298 8.6979
10.9885 11.7413 7.7986 5.7811 11.4364 10.3010 4.5632 4.7691 11.5390 10.8945 11.9459 12.3770 14.2972 15.7402 3.8328 0.0000 10.9708 12.1312 6.1416 4.0655 10.6680 11.1283 12.7744 9.5233 3.5798 10.2689 11.1113 13.7479 14.8378 10.1397 4.0917 12.6292 3.6446 11.3668 8.2002 4.3826 8.3276 4.8505 5.5294 14.6858 15.1327 13.3624 9.6593 13.7726 12.2428 12.3969 17.1496 13.2277 4.8906 3.9034 6.0755 12.4804 10.8024 11.5837 4.6945 4.7917 12.7251 2.0113 4.6746 12.1624 5.5892 10.0522 11.4383 13.3800 12.4350 12.4746 3.2682 12.9515 3.3862 8.1335 11.3919
5.3772 2.7063 7.0200 11.5204 3.5990 4.3289 7.5026 6.9823 2.5896 4.4346 6.3345 5.0181 5.5109 5.7789 8.2272 12.2897 0.0000 2.1699 5.9300 10.6790 6.7767 4.4033 2.8132 6.0173 9.1012 5.8462 5.4999 4.8708 4.8765 0.9205 8.3974 2.6414 8.9407 3.7134 7.5018 9.7087 9.8136 6.7566 7.0592 5.7982 5.7862 5.4436 4.4730 8.1612 5.0047 5.0380 8.3633 3.2664 10.3868 7.9732 6.7608 2.4927 3.4699 5.9723 9.7204 9.9582 3.1659 11.8739 9.6960 2.2011 7.0701 4.4408 3.3198 3.4187 3.1827 2.5133 10.8578 4.9332 8.7122 9.1282 5.7603
3.2073 2.9074 7.3681 10.3222 2.7367 2.1590 8.2025 8.1169 3.6959 3.4573 4.1646 2.8482 3.7415 4.7048 9.3291 12.0820 4.3474 0.0000 7.0646 11.8136 4.6068 2.2334 1.7391 3.8474 8.7008 3.6763 3.3301 3.1015 3.8024 3.5164 9.4993 2.0627 8.7331 1.5435 7.8499 10.8433 9.6669 7.8911 7.7918 4.1301 4.7121 3.6742 4.1727 5.9914 2.8348 2.8682 6.5939 2.1923 10.0507 9.0751 7.8954 2.2267 3.2949 3.8025 9.3205 9.5737 1.1854 11.6662 9.3507 0.9301 8.2047 2.2709 1.1499 1.4383 1.2023 1.2423 10.6501 3.1638 9.8468 8.9815 3.5904
8.7758 9.1618 5.3006 6.2787 7.8122 8.0883 3.4675 2.9471 8.5670 6.9083 9.7332 10.1643 12.0845 12.7682 4.2265 7.4583 7.9987 9.1591 0.0000 5.4374 8.4553 8.1549 9.8024 7.3106 5.0660 7.7709 8.8986 11.5352 11.8658 7.1677 3.8268 9.6571 4.9055 9.1541 5.7022 4.4671 8.1789 2.7214 3.0240 12.4731 12.9200 11.1497 7.1613 11.5599 10.0301 10.1842 16.9421 10.2557 4.6424 3.9498 2.7257 9.5084 8.3044 9.3710 3.5472 4.1654 10.1551 6.7473 3.9424 9.1904 3.0349 7.8395 9.2256 10.4079 10.2223 9.5026 6.0264 10.7388 3.4706 7.4935 9.1792
12.6803 10.9153 6.5985 1.7828 11.1161 11.7396 7.2178 7.8595 11.4135 9.9068 13.6377 14.0688 16.9163 17.4342 7.1148 7.1000 10.8452 12.0056 6.5986 0.0000 11.7920 11.4639 12.6489 11.1187 8.6281 9.5244 12.4977 15.4397 15.4439 10.0142 6.7151 12.5036 8.6559 12.7690 7.0001 3.0484 12.3305 6.7936 7.8335 16.3655 16.3536 15.0542 8.9148 15.7807 13.9346 14.0887 17.3267 13.1022 2.0301 6.8381 7.5352 12.3549 10.0579 13.2755 4.0667 3.4575 13.6049 7.3110 3.9916 12.0368 7.4318 11.7440 12.8405 13.2544 13.3147 12.3491 8.3347 14.6433 2.9904 11.6451 12.5159
1.2866 3.2023 6.4246 10.6171 2.5051 2.1926 6.7001 7.2093 5.7309 1.8281 1.7386 3.6631 5.5250 7.5433 7.8267 10.5796 5.8306 4.1695 5.9968 10.6733 0.0000 2.8478 5.9086 3.5556 7.1984 1.9826 1.2603 4.0459 7.9720 4.9995 7.9969 6.2322 7.2306 3.3223 6.9065 9.4204 8.0872 6.8234 6.2893 5.9136 6.3605 3.6605 2.4790 4.0706 2.5409 3.6830 8.3774 6.3618 9.1073 7.5726 6.8277 6.3962 3.6221 1.8817 8.3770 8.6303 3.9721 10.1638 8.4073 5.0996 7.1369 1.9437 3.3938 5.6078 3.6820 5.4118 9.1477 4.1765 8.7790 7.4017 1.2785
2.1215 1.2765 5.7422 9.9347 0.4112 1.0732 6.4760 6.9852 3.8052 1.4150 3.0788 3.5116 5.4317 6.9382 7.6026 10.3555 3.9048 2.2334 5.3144 9.9908 3.5210 0.0000 3.9725 2.7616 6.9743 1.7585 2.2443 4.8808 6.0359 3.0738 7.7728 4.2961 7.0065 1.3862 6.2240 8.7379 7.8631 6.1409 6.0653 5.8203 6.2672 4.4954 2.2549 4.9056 3.3758 3.5315 8.2841 4.4257 8.4248 7.3486 6.1452 4.4601 1.6690 2.7166 7.6946 7.9478 2.7485 9.9397 7.7248 3.1635 6.4545 1.1851 1.4577 3.6717 2.4584 3.4757 8.9236 4.0860 8.0966 7.1777 2.5046
5.1498 4.6010 8.3055 10.6395 4.7375 4.1599 8.7881 8.2678 3.8468 5.4582 6.1655 4.1282 3.1439 3.1466 9.5126 13.5752 4.4983 2.0009 7.2155 11.9645 6.6425 4.2343 0.0000 5.8483 10.3866 5.6772 5.2892 2.5038 2.2443 3.6673 9.6828 1.5023 10.2262 3.5443 8.7873 10.9942 11.0991 8.0420 8.3447 3.1659 3.1539 3.0765 6.1736 7.3934 4.8303 4.1481 5.9963 0.4698 11.6723 9.2586 8.0463 1.6663 5.2958 5.8033 11.0059 11.2437 2.5535 13.1594 10.9814 1.6444 8.3556 4.2718 3.1508 1.8168 2.5704 1.3932 12.1432 2.5662 9.9977 10.4137 5.6261
3.7356 4.6447 6.6215 10.2345 4.1834 3.0481 5.0420 5.5512 6.8577 4.5064 4.6929 5.1240 7.0442 9.0626 6.1686 8.9215 6.9573 4.9611 6.1764 9.3932 3.4150 3.8753 6.7002 0.0000 5.5403 4.2399 3.8583 6.4949 8.7635 6.1263 6.3388 7.0238 5.5725 4.1138 7.1033 8.4229 6.5064 6.7584 4.6313 7.4328 7.8797 6.1095 4.7364 6.5196 4.9899 5.1440 9.8966 7.1534 9.1010 5.9146 7.0072 7.1878 4.3397 4.3307 8.4346 8.6724 5.4721 8.5057 8.4102 5.8912 5.5815 2.7992 4.1853 6.3994 5.1820 6.2034 7.4896 5.6985 7.4264 5.8210 4.1390
7.4669 8.6120 7.8082 7.9029 7.9147 6.7794 2.0836 2.1943 8.9642 7.7523 8.4243 8.8554 10.7755 12.7939 1.8932 3.7725 8.3959 8.6924 5.3681 6.1873 7.1464 7.6066 10.1996 6.0016 0.0000 7.9713 7.5897 10.2263 12.2630 7.5649 2.3861 10.0543 1.0310 7.8452 8.2099 6.3607 5.5457 3.1449 2.9545 11.1642 11.6111 9.8408 8.4677 10.2510 8.7212 8.8753 13.6280 10.6529 7.1500 2.0740 4.3698 9.9056 8.9995 8.0621 6.0548 6.6730 9.2035 3.3566 6.4501 9.6226 3.0144 6.5305 7.9167 10.1307 8.9133 9.9348 2.3405 9.4298 5.3642 4.8603 7.8703
3.5085 1.3500 4.4421 8.6345 1.5508 2.1744 5.5869 5.0666 3.5630 2.3865 4.4658 4.8985 6.8187 8.2293 6.3114 10.3739 3.6626 3.5245 4.0143 8.6907 4.2718 1.8986 5.2635 3.5985 7.1854 0.0000 3.6312 6.2678 7.3269 2.8316 6.4816 5.3210 7.0250 3.2037 4.9239 7.4378 7.4535 4.8408 5.1434 7.2073 7.6542 5.8824 2.0481 6.2925 4.7628 4.9185 9.6711 5.7168 7.1247 6.0574 4.8451 5.1723 1.0450 4.1036 6.3945 6.6477 4.0396 9.9581 6.4247 4.4546 5.1543 2.5721 3.2752 4.9627 3.7495 4.7668 8.9420 5.4730 6.7965 6.7680 3.8916
0.1393 2.9418 7.5200 11.7125 2.2445 1.6669 7.4402 7.9494 5.4704 2.6950 1.0967 2.5158 4.3777 6.3961 8.5668 11.3197 5.5701 3.0223 7.0922 11.7914 1.4663 1.9365 4.7613 3.0850 7.9385 2.9140 0.0000 2.8987 6.8247 4.7390 8.7369 5.0849 7.9707 2.1750 8.0018 10.8211 8.9046 7.9188 7.0294 4.7663 5.2132 2.5132 3.4104 2.9234 1.3936 2.5357 7.2301 5.2146 10.2027 8.3127 7.9230 5.2489 3.3293 0.7345 9.4724 9.7257 2.8248 10.9039 9.5027 3.9524 8.2323 1.5086 2.2465 4.4605 2.5347 4.2646 9.8877 3.0293 9.8246 8.2191 0.4499
2.7593 5.5043 10.0825 12.7532 4.8070 4.2294 10.0027 10.5119 5.9604 5.2575 3.7745 1.7377 1.5924 3.6107 11.1292 13.8822 6.6120 3.1014 9.3292 14.3539 4.2520 4.4989 2.2718 5.6475 10.5010 5.4764 2.8987 0.0000 4.0376 5.7810 11.2994 3.6160 10.5332 3.7032 10.5643 13.3836 11.4670 10.1557 9.5919 1.9810 2.4279 0.6861 5.9729 5.0029 2.4398 1.7577 4.4448 2.3300 12.7652 10.8752 10.1600 3.7800 5.8918 3.4123 12.0349 12.2881 2.9987 13.4664 12.0652 2.6787 10.4693 4.0711 3.9662 1.6631 3.0156 3.5069 12.4502 0.7708 12.3871 10.7816 3.2356
6.4415 6.6263 13.0900 13.1138 6.7629 6.1853 10.8134 10.2931 5.8721 7.7811 7.4566 5.4199 2.7646 1.2602 11.5380 16.3983 6.5237 4.0262 9.2409 15.5773 7.9341 6.2596 2.4976 8.1637 13.0171 8.0001 6.5808 3.7954 0.0000 5.6926 11.7082 3.5537 13.0493 5.5697 13.5718 15.0978 13.9832 10.0674 10.3700 2.2138 1.6873 4.3682 8.4965 8.6850 6.1220 5.4398 4.9839 3.3534 14.7847 11.2840 10.0717 3.7177 7.3211 7.0944 14.0891 14.3077 4.6112 15.9825 14.0847 3.7021 10.3809 6.5947 5.1761 3.8745 4.6280 3.4186 14.9664 3.8578 12.0230 13.2978 6.9177
4.7079 1.8577 6.6945 10.8091 2.7503 3.3738 6.7914 6.2711 1.6554 3.5860 5.6653 4.9201 5.4129 5.6809 7.5160 11.5785 0.9028 2.0719 5.2188 9.9678 5.4712 3.0931 2.7152 4.7979 8.3900 3.9295 4.8307 4.7729 4.7786 0.0000 7.6861 2.5612 8.2295 3.6154 7.1763 8.9975 9.1024 6.0453 6.3480 5.7002 5.6882 5.3456 3.6243 7.4920 4.9067 4.9401 8.2653 3.1684 9.6756 7.2619 6.0496 2.4125 2.6213 5.3031 9.0092 9.2470 3.0679 11.1627 8.9847 2.1031 6.3589 3.7716 3.2218 3.3207 3.0847 2.4153 10.1465 4.8352 8.0010 8.4170 5.0911
8.3321 8.2224 6.3738 6.4286 8.2795 7.6446 1.0444 1.2502 8.0201 7.3756 9.2895 9.7206 11.6408 12.2213 0.5056 4.0867 7.4519 8.6123 3.9337 4.7130 8.0116 8.4719 9.2556 6.8669 2.3018 7.7358 8.4549 11.0915 11.3189 6.6209 0.0000 9.1103 2.3666 8.7104 6.7755 4.8863 6.1529 1.7105 2.0105 12.2406 12.2286 10.7060 7.0126 11.1162 9.5864 9.7405 14.4932 9.7088 5.7156 0.3845 2.9354 8.9615 8.1557 8.9273 4.6204 5.2386 9.6083 3.3757 5.0157 8.6435 2.0703 7.3958 8.7819 9.8611 9.6251 8.9557 2.6548 10.2951 3.8899 5.4675 8.7355
5.0043 4.5635 8.2680 9.5384 4.5336 3.9560 8.7506 8.2303 2.8519 5.2543 5.9616 4.6452 4.2635 4.5543 9.4752 13.5377 4.4608 1.7970 7.1780 11.9270 6.4038 4.0304 1.5657 5.6444 10.4978 5.4733 5.1271 3.6234 3.6519 3.6298 9.6454 0.0000 10.1887 3.3405 8.7498 10.9567 11.0616 8.0046 8.3072 4.5735 4.5616 4.1961 5.9697 7.7883 4.6318 4.6651 7.1159 2.0190 11.2092 9.2211 8.0088 0.7124 5.0919 5.5994 10.5137 10.7322 2.7930 13.1219 10.9439 1.8282 8.3181 4.0679 2.9469 3.0458 2.8098 1.3558 12.1057 3.6858 9.9602 10.3762 5.3874
8.2701 8.1605 7.6288 8.9750 8.2175 7.5826 0.9824 1.1882 7.9582 7.3136 9.2275 9.6586 11.5788 12.1593 0.9147 4.3143 7.3899 8.5503 4.8871 5.7399 7.9496 8.4099 9.1936 6.8049 1.4580 7.6738 8.3929 11.0295 11.2570 6.5589 2.3072 9.0483 0.0000 8.6484 8.1106 7.1633 6.0909 2.7269 1.9485 12.1786 12.1666 10.6440 6.9506 11.0542 9.5244 9.6785 14.4312 9.6469 6.7674 1.1476 3.9518 8.8996 8.0938 8.8653 5.6721 6.2904 9.5463 3.8984 6.0674 8.5815 2.0083 7.3338 8.7199 9.7991 9.5631 8.8937 2.8823 10.2331 6.1668 5.4055 8.6735
1.8750 2.3389 6.9501 11.1426 1.6416 1.0640 6.8702 7.3794 4.8675 2.1250 2.8323 2.6758 4.5959 6.2483 7.9968 10.7498 4.9672 1.5435 6.5223 11.2215 3.2745 1.3335 3.2825 2.5151 7.3685 2.3440 1.6924 3.9490 5.3459 4.1361 8.1670 3.6061 7.4008 0.0000 7.4319 10.2511 8.3346 7.3488 6.4595 4.9846 5.4315 3.7598 2.8404 4.6591 2.6402 2.6957 7.4484 3.7358 9.6327 7.7428 7.3531 3.7702 2.7264 2.4702 8.9025 9.1557 2.0586 10.3339 8.9328 2.4736 7.6624 0.9386 0.7677 2.9817 1.7684 2.7858 9.3178 3.2502 9.2547 7.6492 2.2581
9.2763 7.5112 0.9412 7.0936 7.7121 8.3356 6.9803 7.6219 8.0095 6.5027 10.2337 10.6648 12.5850 15.5261 6.8773 9.6616 7.4412 8.6016 6.7264 7.1498 8.3880 8.0599 9.2449 7.7147 8.3905 6.1204 9.0937 12.0357 13.5359 6.6102 6.4775 9.0996 8.4183 9.3650 0.0000 5.8968 9.7782 6.5560 8.5472 14.4575 14.4456 11.6502 5.5107 12.3767 10.5306 10.6847 15.4187 9.6982 5.5837 6.6005 8.2014 8.9509 6.6539 9.8715 4.8535 5.1067 10.2008 9.3981 4.8838 8.6328 7.1942 8.3400 9.4365 9.8504 9.9107 8.9450 8.6771 11.2392 5.6389 9.0928 9.1119
10.9801 9.1543 5.2931 2.8883 9.3551 9.9787 5.0821 5.7237 9.6525 8.1458 11.9374 12.3685 14.2887 17.0420 4.9791 5.6214 9.0842 10.2446 4.6513 2.0470 10.6595 9.7029 10.8879 9.5148 6.4923 7.7634 11.1028 13.7394 15.0518 8.2532 4.5793 10.7426 6.5201 11.0080 5.6947 0.0000 10.3831 4.6578 5.8861 15.9734 15.9614 13.3540 7.1538 14.0197 12.2343 12.3885 16.9346 11.3412 0.7939 4.7023 5.5878 10.5939 8.2969 11.5752 2.1193 1.2319 11.8439 5.8324 2.0442 10.2759 5.8971 10.0437 11.0795 11.4934 11.5537 10.5881 6.9983 12.9430 1.0430 9.6977 11.3834
7.7932 8.9382 8.6125 12.2331 8.2410 7.1057 5.0367 5.5459 9.5379 7.5387 8.7505 9.1817 11.1018 13.1202 6.1633 8.3701 8.9696 9.0187 8.4089 11.3918 7.4727 7.9329 10.7578 6.3279 4.9327 7.8988 7.9160 10.5525 12.8212 8.1386 6.3335 10.6280 5.6418 8.1715 9.0944 10.4215 0.0000 6.7531 6.3062 11.4904 11.9373 10.1671 7.4958 8.1074 9.0475 9.2016 13.9542 11.2111 11.0996 5.9093 9.2397 10.4793 8.6389 8.3883 10.4332 10.6710 9.5297 7.9543 10.4087 9.9489 6.3660 6.8568 8.2430 10.4570 9.2396 10.2611 6.4822 9.7561 9.4250 2.9959 8.1966
9.9079 7.5934 6.0355 6.9487 7.6504 9.2203 1.6017 1.8076 7.3911 6.7466 10.8652 11.2963 11.3242 11.5922 1.8861 5.1180 6.8228 7.9832 3.5954 6.1074 9.5873 7.9931 8.6265 8.4426 3.3994 8.5058 10.0306 10.6842 10.6899 5.9918 1.4864 8.4812 3.0398 10.2861 6.4371 5.1371 6.7102 0.0000 1.3814 11.6115 11.5995 12.2818 7.8962 12.6919 11.1621 11.3163 17.6770 9.0798 5.3773 1.6094 1.4201 8.3325 9.0393 10.5030 4.2821 4.9003 8.9792 4.4069 4.6773 8.0144 1.1692 8.9715 10.3576 9.2320 8.9960 8.3266 3.6860 11.8708 4.1406 6.0248 10.3112
6.7658 7.2189 6.6873 8.0334 7.2136 6.0783 1.4087 0.7308 7.0166 6.1315 7.7231 8.1542 10.0744 11.2178 2.0831 5.9373 6.4484 7.6087 3.9455 7.1921 6.4452 6.9055 8.2520 5.3005 3.0699 6.4916 6.8885 9.5251 10.3154 5.6173 2.2533 8.1067 2.9094 7.1440 7.1691 6.2218 5.5264 1.5665 0.0000 10.4630 10.9099 9.1397 6.0091 9.5498 8.0201 8.1742 12.9268 8.7053 6.8999 1.8291 2.5551 7.9580 7.1522 7.3609 6.2335 6.4713 8.6047 5.2263 6.2090 7.6400 1.0388 5.8294 7.2155 8.8576 8.2122 7.9522 4.5054 8.7287 5.2253 4.8410 7.1691
4.5789 6.1324 10.7361 14.7857 5.4352 4.8576 10.6563 11.1655 6.7319 5.9186 5.5941 3.5573 0.6720 1.8492 11.7829 14.5358 7.3835 3.8729 10.1007 14.8497 6.0716 5.1271 3.0433 6.3012 11.1546 6.1375 4.7183 1.9329 2.2760 6.5524 11.9530 4.3875 11.1868 4.4561 11.2180 13.8793 12.1207 10.9272 10.2455 0.0000 0.6663 2.5056 6.6340 6.8225 4.2594 3.5772 3.5244 3.1015 13.4188 11.5288 10.9315 4.5515 6.5199 5.2319 12.6886 12.9418 3.7702 14.1200 12.7188 3.4502 11.2407 4.7322 4.5270 2.4346 3.7871 4.2784 13.1039 1.9953 12.8829 11.4353 5.0552
5.0237 6.5772 11.1810 14.7738 5.8800 5.3024 11.1011 11.6103 6.7846 6.3634 6.0389 4.0021 1.2171 0.9370 12.2277 14.9806 7.4362 4.3177 10.1534 14.9024 6.5164 5.5719 3.4881 6.7460 11.5994 6.5824 5.1631 2.3777 2.2641 6.6051 12.3979 4.4662 11.6316 4.9009 11.6628 13.9320 12.5655 10.9799 10.6903 0.6663 0.0000 2.9504 7.0788 7.2673 4.7042 4.0221 4.0695 3.5463 13.8636 11.9736 10.9842 4.6303 6.9647 5.6767 13.1334 13.3866 4.2150 14.5648 13.1636 3.8950 11.2934 5.1770 4.9718 2.8794 4.2319 4.3311 13.5487 2.4401 12.9356 11.8801 5.5000
2.3739 5.1188 9.6971 13.3259 4.4216 3.8440 9.6172 10.1264 6.5332 4.8720 3.3890 1.3523 2.1651 4.1835 10.7438 13.4967 7.1847 3.6741 9.2693 13.9684 3.8665 4.1135 2.8445 5.2621 10.1155 5.0910 2.5132 0.6861 4.6103 6.3537 10.9140 4.1887 10.1477 3.4901 10.1789 12.9981 11.0816 10.0958 9.2065 2.5537 3.0006 0.0000 5.5874 4.6174 2.0544 1.3722 5.0175 2.9028 12.3797 10.4898 10.1001 4.3527 5.5063 3.0268 11.6495 11.9027 3.2333 13.0809 11.6797 3.2514 10.4094 3.6856 3.5808 2.2359 2.9432 4.0796 12.0648 0.8168 12.0016 10.3962 2.8502
3.6490 2.1235 5.3392 9.5317 2.3243 2.9478 6.1093 5.9637 4.3365 1.0316 4.1503 5.6720 7.5922 9.0028 7.2086 9.9888 4.4361 4.2979 4.9114 9.5879 2.9169 2.6721 6.0370 2.2436 6.6076 1.0240 3.6226 6.4083 8.1004 3.6051 7.3788 6.0945 6.6398 3.9772 5.8210 8.3350 7.4964 5.7380 5.6986 7.9808 8.4277 6.0228 0.0000 7.2803 4.9032 5.6919 10.4446 6.4903 8.0219 6.9545 5.7422 5.9457 1.2661 4.2441 7.2916 7.5449 4.8130 9.5730 7.3219 5.2281 6.0515 3.3456 4.0487 5.7362 4.5229 5.5403 8.5569 6.2465 7.6936 6.8110 3.6408
2.8431 5.5880 10.5103 14.7028 4.8908 4.3131 10.0864 10.5956 8.1166 5.3412 2.7355 4.5633 6.4252 8.4436 11.2130 13.9659 8.2163 5.6685 10.0826 14.4376 4.2495 4.5827 7.1046 5.7312 10.5847 5.5602 2.9824 4.9462 8.8705 7.3852 11.3831 7.7311 10.6169 4.8212 10.9922 13.4673 11.5508 10.9091 9.6756 6.8138 7.2607 4.5607 6.0566 0.0000 2.8654 4.5832 9.2776 7.1629 13.1930 10.9589 10.9134 7.8951 5.9755 2.8159 12.4627 12.7160 4.8723 13.5501 12.4930 5.9101 11.2226 4.1548 4.8927 5.8747 4.5822 6.9108 12.5339 5.0768 12.4708 10.8654 2.9427
1.2620 4.0069 8.5852 13.1124 3.3097 2.7321 8.5053 9.0145 6.4861 3.7601 1.4699 2.0570 3.9189 5.9372 9.6319 12.3848 6.6352 2.9797 8.1574 12.8565 2.7546 3.0016 4.5983 4.1502 9.0036 3.9791 1.4013 2.4398 6.3641 5.8042 9.8021 4.8529 9.0358 2.6229 9.0670 11.8862 9.9697 8.9839 8.0945 4.3075 4.7544 2.0544 4.4755 2.9221 0.0000 2.0769 6.7713 4.6565 11.2678 9.3779 8.9882 5.0169 4.3944 1.5503 10.5376 10.7908 2.3660 11.9690 10.5678 3.4038 9.2974 2.5737 2.7135 3.3683 2.0759 4.0326 10.9529 2.5704 10.8897 9.2843 1.6771
2.0749 4.8198 9.3981 13.5906 4.1226 3.5450 9.3183 9.8274 7.3485 4.5730 3.0901 0.5069 2.4497 4.4680 10.4448 13.1978 7.4481 3.5480 8.9703 13.6695 3.5675 3.8145 3.6555 4.9631 9.8165 4.7920 2.2142 1.4971 4.8949 6.6171 10.6150 4.9997 9.8488 3.1912 9.8799 12.6991 10.7826 9.7968 8.9075 2.8383 3.2852 1.1116 5.2884 4.3185 1.7554 0.0000 5.3021 3.7138 12.0807 10.1908 9.8011 5.1637 5.2073 2.7279 11.3505 11.6037 2.9343 12.7819 11.3808 3.9720 10.1104 3.3867 3.2818 3.0469 2.6442 4.6009 11.7658 1.0813 11.7027 10.0972 2.5512
9.3467 9.1523 13.4460 13.4699 9.2889 8.7112 13.3394 12.8191 8.3981 10.0095 10.3619 8.3251 5.4398 4.8698 16.6761 19.2533 9.0496 6.5522 11.7668 15.9333 10.8394 8.7856 5.0235 10.3996 18.3545 10.2285 9.4861 6.7007 3.9674 8.2186 16.2763 6.0797 18.3867 8.0957 13.9278 15.4538 18.6764 12.5934 12.8960 4.8891 4.8771 7.2735 14.4089 11.5903 9.0272 8.3451 0.0000 5.4768 15.1407 16.3993 12.5976 7.3975 9.8471 9.9997 14.4452 14.6637 7.1309 19.1969 14.4407 6.2218 12.9069 8.8231 7.7021 6.3942 7.1478 5.9446 18.4759 6.7631 15.1958 17.9910 9.8230
4.9761 5.1103 8.8148 11.1488 5.2469 4.6692 9.2974 8.7771 4.3561 5.9675 5.9912 3.9545 2.9702 3.0410 10.0220 14.0845 5.0076 2.5102 7.7248 12.4738 6.4687 4.7436 0.6674 6.3576 10.8960 6.1865 5.1154 2.3301 2.3144 4.1766 10.1922 2.0116 10.7355 4.0537 9.2966 11.5035 11.6084 8.5514 8.8540 2.7032 3.2241 2.9028 6.6829 7.2196 4.6566 3.9744 5.8226 0.0000 12.1816 9.7679 8.5556 2.1757 5.8051 5.6290 11.5152 11.7530 2.3798 13.6687 11.4907 1.4707 8.8649 4.7811 3.6601 1.6431 2.3967 1.9026 12.6525 2.3924 10.5070 10.9230 5.4524
10.6207 8.8556 4.9944 1.9358 9.0565 9.6800 5.6137 6.2554 9.3538 7.8471 11.5780 12.0092 13.9293 16.7434 5.5108 6.1334 8.7856 9.9460 5.3599 2.1941 9.7324 9.4042 10.5893 9.0590 7.0240 7.4648 10.4381 13.3800 14.7531 7.9545 5.1110 10.4440 7.0518 10.7093 5.3961 0.7939 11.0917 5.1895 6.5948 15.6747 15.6628 12.9946 6.8551 13.7211 11.8750 12.0291 16.6359 11.0425 0.0000 5.2340 6.2964 10.2952 7.9982 11.2158 2.0157 0.9402 11.5452 6.3443 2.1530 9.9772 5.8277 9.6843 10.7808 11.1948 11.2551 10.2894 7.3106 12.5836 1.5550 10.4063 10.4563
8.0944 7.9847 6.1510 6.6723 8.0418 7.4069 0.8067 1.0125 7.7824 7.1379 9.0518 9.4829 11.4031 11.9836 0.4762 4.3304 7.2142 8.3746 3.7108 4.9567 7.7739 8.2341 9.0179 6.6291 2.4052 7.4981 8.2172 10.8538 11.0812 6.3831 0.3364 8.8726 2.2447 8.4727 6.5526 5.2526 5.9152 1.4523 1.7728 12.0029 11.9909 10.4683 6.7749 10.8785 9.3487 9.5028 14.2555 9.4711 5.4928 0.0000 2.6772 8.7238 7.9180 8.6896 4.3976 5.0158 9.3706 3.6194 4.7928 8.4058 1.8326 7.1580 8.5442 9.6234 9.3874 8.7180 2.8985 10.0573 4.2561 5.2297 8.4978
9.5486 8.5410 7.2543 8.1675 8.5980 8.8611 2.7725 2.2522 8.3387 7.6942 10.5060 10.9371 12.2719 12.5399 3.1049 6.3367 7.7704 8.9308 4.8141 7.3262 9.2281 8.9408 9.5741 8.0833 4.3710 8.0543 9.6714 11.6318 11.6375 6.9394 2.7051 9.4288 4.2106 9.9269 7.6559 6.3558 7.8810 1.3820 2.3290 12.5591 12.5472 11.9225 7.3312 12.3327 10.8029 10.9570 15.1243 10.0274 6.5960 3.2430 0.0000 9.2801 8.4743 10.1438 5.5008 6.1190 9.9268 5.6257 5.8961 8.9621 2.3400 8.6123 9.9984 10.1797 9.9437 9.2743 4.9048 11.5115 5.3594 7.1956 9.9520
4.3962 3.9554 7.6599 10.0755 3.9256 3.3479 8.1425 7.6222 3.2012 4.6462 5.3535 4.0371 4.5771 4.8451 8.8671 12.9296 3.8527 1.1889 6.5699 11.3189 5.7957 3.4223 1.8793 5.0363 9.8897 4.8652 4.5190 3.9370 3.9427 3.0217 9.0373 0.4511 9.5806 2.7324 8.1417 10.3486 10.4535 7.3965 7.6991 4.8643 4.8524 4.5097 5.3616 7.1803 4.0237 4.0571 7.4295 2.3326 11.0267 8.6130 7.4007 0.0000 4.4838 4.9913 10.3603 10.5981 2.1849 12.5138 10.3359 1.2201 7.7100 3.4598 2.3388 2.4377 2.2017 0.7477 11.4977 3.9993 9.3521 9.7681 4.7793
5.8434 4.0783 4.0732 8.2656 4.2792 4.9027 5.2180 4.6977 4.9025 3.0698 6.8007 7.2319 8.8357 9.1037 5.9425 10.0050 4.3343 5.4947 3.6454 8.3218 4.9551 4.6269 6.1379 4.2817 6.8165 2.6875 5.6608 8.1956 8.2013 3.5032 6.1127 5.9927 6.6560 5.9320 4.5550 7.0689 7.0846 4.4719 4.7745 9.1229 9.1110 8.2173 2.0778 8.9438 7.0977 7.2518 15.6806 6.5912 6.7558 5.6885 4.4762 5.8439 0.0000 6.4385 6.0256 6.2788 6.4906 9.5892 6.0558 5.5259 4.7854 4.9070 6.0035 6.7435 6.5075 5.8381 8.5731 7.8063 6.4276 6.3991 5.6790
0.9555 3.7004 8.2786 12.4711 3.0032 2.4256 8.1988 8.7080 6.2291 3.4536 0.7366 2.6757 4.5376 6.5560 9.3254 12.0783 6.3287 3.7809 7.8509 12.5500 2.5155 2.6951 5.2170 3.8437 8.6971 3.6726 1.0948 3.0586 6.9829 5.4976 9.4956 5.8435 8.7293 2.9336 8.7605 11.5797 9.6632 8.6774 7.7880 4.9262 5.3731 2.6731 4.1690 2.1889 0.9778 2.6956 7.3900 5.2753 10.9613 9.0713 8.6817 6.0075 4.0879 0.0000 10.2311 10.4843 2.9848 11.6625 10.2613 4.0225 8.9909 2.2672 3.0051 3.9871 2.6946 5.0232 10.6464 3.1892 10.5832 8.9778 1.0551
9.6458 7.8807 4.0195 3.4153 8.0815 8.7051 4.6388 5.2804 8.3789 6.8722 10.6031 11.0342 12.9544 15.7684 4.5358 6.1011 7.8106 8.9710 4.3850 3.2276 8.7574 8.4293 9.6143 8.0841 6.0491 6.4898 9.4631 12.4051 13.7782 6.9796 4.1360 9.4690 6.0769 9.7344 4.4211 2.2573 10.1168 4.2146 5.6198 14.6998 14.6878 12.0196 5.8802 12.7461 10.9000 11.0542 15.6610 10.0676 1.9055 4.2591 5.3215 9.3203 7.0233 10.2409 0.0000 1.4284 10.5703 6.3121 0.7930 9.0023 4.8528 8.7094 9.8059 10.2198 10.2801 9.3145 6.3357 11.6087 1.5481 9.4314 9.4813
9.9734 8.2084 4.3472 2.7202 8.4092 9.0327 4.9665 5.6081 8.7066 7.1999 10.9308 11.3619 13.2821 16.0961 4.8635 6.1558 8.1383 9.2987 4.7126 2.5814 9.0851 8.7570 9.9420 8.4118 6.3767 6.8175 9.7908 12.7328 14.1059 7.3073 4.4637 9.7967 6.4046 10.0621 4.7488 1.3285 10.4445 4.5422 5.9475 15.0275 15.0155 12.3473 6.2079 13.0738 11.2277 11.3818 15.9887 10.3953 1.2103 4.5868 5.6492 9.6480 7.3510 10.5686 1.3684 0.0000 10.8979 6.3668 1.5057 9.3299 5.1805 9.0371 10.1336 10.5475 10.6078 9.6421 6.6634 11.9364 1.5774 9.7591 9.8090
2.9755 3.4225 7.8832 11.3181 2.8078 2.6741 8.7176 9.2268 4.6918 3.9724 3.9907 2.6695 3.8774 4.2988 9.8442 12.5971 5.3434 1.1854 8.0606 12.8096 4.4682 2.7485 2.3216 4.3625 9.2159 4.1914 3.1149 3.2373 4.4077 4.5124 10.0144 3.0586 9.2482 2.0586 8.3650 11.8392 10.1820 8.8871 8.3069 3.9609 4.2915 3.7757 4.6878 5.2191 2.6560 2.6894 6.7298 2.3798 10.5658 9.5902 8.8914 3.2227 3.8100 3.6285 9.8356 10.0888 0.0000 12.1813 9.8658 1.6095 9.2007 2.7860 1.6650 1.5741 0.5886 2.2383 11.1652 3.2439 10.8428 9.4966 3.4518
10.5641 11.3169 8.3389 6.7346 11.0119 9.8766 4.1388 4.3446 11.1146 10.4700 11.5214 11.9526 13.8727 15.3157 3.4083 0.9565 10.5463 11.7067 6.6493 4.8469 10.2435 10.7038 12.3500 9.0988 3.1553 11.0685 10.6869 13.3234 14.4134 9.7153 3.6673 12.2047 3.2201 10.9424 8.7405 4.9229 7.9032 4.4261 5.1049 14.2613 14.7082 12.9380 10.1996 13.3481 11.8184 11.9725 16.7251 12.8032 5.4309 3.4789 5.6510 12.0559 11.3427 11.1592 5.2348 5.3321 12.3006 0.0000 5.2149 11.7379 5.1647 9.6277 11.0139 12.9555 12.0105 12.0501 2.8437 12.5270 3.9265 7.7091 10.9675
10.3284 8.0050 4.1438 4.2837 8.2058 8.8294 4.2534 4.8951 8.5032 6.9965 11.2857 11.7168 13.6370 15.8927 4.1504 5.3455 7.9349 9.0953 3.6504 3.4424 8.8817 8.5536 9.7386 8.8631 5.6637 6.6141 10.4511 13.0877 13.9025 7.1039 3.7507 9.5933 5.6915 9.8587 4.5454 2.4720 9.7314 3.8292 4.8853 14.8241 14.8121 12.7023 6.0045 12.8704 11.5826 11.7368 15.7853 10.1919 2.6490 3.8737 4.5870 9.4446 7.1476 10.9235 1.0397 2.1720 10.6946 5.5565 0.0000 9.1265 4.4674 9.3920 9.9302 10.3441 10.4044 9.4388 5.9503 12.2913 1.4756 9.0460 9.6056
4.1526 3.8527 8.3134 10.1923 3.6820 3.1044 8.5073 7.9870 3.5660 4.4026 5.1100 3.7936 3.3188 3.3896 9.2319 13.0274 4.2175 0.9453 6.9347 11.6837 5.5521 3.1787 1.1062 4.7927 9.6461 4.6216 4.2754 2.6787 3.1696 3.3865 9.4021 1.9328 9.6784 2.4888 8.7952 10.7134 10.6122 7.7613 8.0639 3.0518 3.3824 3.2514 5.1180 6.9367 3.7801 3.8135 6.1712 1.4707 11.3915 8.9778 7.7655 2.0968 4.2402 4.7478 10.7251 10.9629 1.6192 12.6115 10.7006 0.0000 8.0748 3.2163 2.0952 1.8721 1.6361 1.1125 11.5954 2.7411 9.7169 9.9268 4.5358
7.7203 7.6106 6.4456 7.3588 7.6676 7.0328 0.4325 0.6384 7.4083 6.7638 8.6776 9.1088 11.0289 11.6095 1.1571 5.2196 6.8401 8.0004 4.0055 5.6376 7.3997 7.8600 8.6437 6.2550 2.0311 7.1239 7.8431 10.4796 10.7071 6.0090 1.3272 8.4984 1.8706 8.0986 6.8472 5.5472 5.5410 1.7469 1.3986 11.6287 11.6168 10.0942 6.4008 10.5043 8.9746 9.1287 13.8813 9.0970 5.7874 0.9030 2.9718 8.3497 7.5439 8.3154 4.6922 5.3104 8.9964 4.8038 5.0874 8.0317 0.0000 6.7839 8.1701 9.2493 9.0133 8.3439 3.7876 9.6832 4.5507 4.8556 8.1237
0.9364 2.0814 6.6597 10.8522 1.3842 0.8066 6.5798 7.0890 4.6101 1.8346 1.8937 2.3265 4.2466 6.2650 7.7064 10.4593 4.7097 2.1619 6.2319 10.9310 2.3359 1.0761 3.9010 2.2247 7.0781 2.0536 1.0591 3.6957 5.9643 3.8787 7.8766 4.2246 7.1104 1.3146 7.1415 9.9607 8.0442 7.0584 6.1691 4.6352 5.0821 3.3103 2.5500 3.7204 2.1907 2.3464 7.0990 4.3542 9.3423 7.4524 7.0627 4.3886 2.4689 1.5315 8.6121 8.8653 2.6745 10.0435 8.6423 3.0920 7.3720 0.0000 1.3861 3.6002 2.3844 3.4042 9.0274 2.9009 8.9642 7.3588 1.3195
2.4315 2.6581 7.1188 11.4721 1.9609 1.3833 7.4268 7.9360 4.8458 2.6816 3.3889 2.2724 4.1926 5.8547 8.5533 11.3063 5.2864 1.1499 6.6910 11.7780 3.8310 1.4577 2.8890 3.0716 7.9251 2.9005 2.5543 3.5456 4.9524 4.4554 8.7235 3.2126 7.9573 0.7677 7.6006 10.1145 8.8911 7.5175 7.0160 4.5812 5.0281 3.3786 3.3970 5.2156 2.2590 2.2924 7.0450 3.3422 9.8014 8.2993 7.5218 3.3766 3.0456 3.0267 9.0712 9.3244 1.6650 10.8905 9.1014 2.0800 7.8310 1.4952 0.0000 2.5882 1.3749 2.3922 9.8743 2.8469 9.8112 8.2057 2.8147
3.3234 4.3457 8.8063 11.5710 4.1749 3.5973 9.4126 9.3657 4.9447 4.6749 4.3385 3.0173 2.3033 3.5621 10.6106 13.2921 5.5962 1.4383 8.3134 13.0624 4.8160 3.6717 1.5849 5.0575 9.9109 4.8938 3.4627 1.6632 3.6710 4.7652 10.7807 3.3115 9.9431 2.9817 9.2881 12.0921 10.8770 9.1399 9.0018 2.6919 3.1388 2.2359 5.3903 5.5669 3.0039 3.0372 5.1557 1.6431 11.4889 10.3565 9.1442 3.4755 4.7332 3.9763 10.7587 11.0119 1.3356 12.8763 10.7890 1.8623 9.4535 3.7092 2.5882 0.0000 1.3524 2.4912 11.8602 1.7255 11.0956 10.1916 3.7996
2.6854 3.1324 7.5930 11.3350 2.5177 2.3840 8.4275 8.9367 4.7087 3.6823 3.7006 2.3793 3.8942 4.3156 9.5541 12.3070 5.3602 1.2023 7.1652 11.8417 4.1780 2.4584 2.3384 4.0724 8.9258 3.9013 2.8247 3.2541 4.4246 4.5292 9.7243 3.0755 8.9580 1.7684 8.0748 10.5888 9.8919 7.9918 8.0167 3.9778 4.3084 3.4855 4.3977 4.9290 2.3659 2.3993 6.7466 2.3967 10.2757 9.3000 7.9960 3.2395 3.5199 3.3384 9.5454 9.7987 0.5886 11.8912 9.5757 1.6264 8.3053 2.4959 1.3749 1.5909 0.0000 2.2552 10.8751 2.9538 9.9474 9.2065 3.1617
5.5252 3.3680 7.0725 11.5728 4.2606 4.4769 7.5551 7.0348 2.6138 5.0963 6.4825 5.1661 5.6589 5.9269 8.2796 12.3422 3.2653 2.3178 5.9825 10.7315 6.9246 4.5513 2.9611 6.1652 9.1536 5.4398 5.6479 5.0188 5.0245 2.4343 8.4498 1.0433 8.9932 3.8613 7.5543 9.7612 9.8661 6.8090 7.1117 5.9461 5.9342 5.5915 5.1346 8.3092 5.1527 5.1860 8.5113 3.4144 10.4393 8.0256 6.8133 0.8946 4.1316 6.1203 9.7729 10.0107 3.3138 11.9264 9.7484 2.3491 7.1226 4.5888 3.4678 3.5667 3.3307 0.0000 10.9102 5.0811 8.7647 9.1807 5.9083
9.3142 9.8248 8.4456 8.1572 9.7620 8.6267 2.6468 2.8526 9.6225 8.9780 10.2715 10.7027 12.6228 13.8237 2.7645 3.1612 9.0543 10.5397 6.0055 6.4416 8.9937 9.4539 10.8579 7.8489 1.6245 9.8186 9.4370 12.0736 12.9213 8.2232 3.0235 10.7127 1.6893 9.6925 8.8473 6.6149 6.2446 3.7823 3.6129 13.0114 13.4583 11.6881 8.6150 12.0983 10.5685 10.7226 15.4752 11.3112 7.7874 2.8891 5.0072 10.5639 9.7581 9.9094 6.6922 7.3104 11.0508 2.7454 7.0875 10.2459 3.6727 8.3778 9.7640 11.4635 10.7606 10.5581 0.0000 11.2771 5.6185 6.1997 9.7176
3.6292 5.3327 9.9365 12.7551 4.6355 4.0579 9.8566 10.3658 5.9624 5.1189 4.6443 0.8770 1.6258 3.6442 10.9832 13.7361 6.6139 3.1033 9.3311 14.0801 5.1218 4.3274 2.2737 5.5015 10.3549 5.3379 3.7685 0.9832 4.0710 5.7829 11.1534 3.6179 10.3871 3.6564 10.4183 13.1098 11.3210 10.1576 9.4458 2.0144 2.4613 1.5559 5.8343 5.8727 3.3097 0.8969 4.4782 2.3320 12.6191 10.7292 10.1619 3.7819 5.7202 4.2822 11.8889 12.1421 3.0006 13.3203 11.9191 2.6806 10.4712 3.9325 3.7273 1.6651 3.0175 3.5088 12.3042 0.0000 12.1133 10.6356 4.1055
9.9836 8.8879 5.0268 2.8547 9.0888 9.7123 4.0856 4.7272 9.1343 7.8794 10.9409 11.3721 13.2922 16.7757 3.9826 4.6249 8.5661 9.7264 3.6548 2.0134 9.6630 9.4366 10.3697 8.5183 5.4958 7.4971 10.1064 12.7429 12.4331 7.7350 3.5828 10.2244 5.5237 10.3619 5.4284 1.0430 9.3866 3.6613 4.8897 13.6808 13.3428 12.3575 6.8874 13.7534 11.2379 11.3920 16.6683 10.8230 1.5510 3.7059 4.5913 10.0757 8.0306 10.5787 1.4101 1.4522 10.7224 4.8359 1.3350 9.7577 4.9006 9.0472 10.4334 10.9753 10.7393 10.0699 6.0158 11.9465 0.0000 8.7012 10.3870
7.1622 8.3073 7.7209 11.3415 7.6101 6.4747 4.4672 4.9764 8.6463 6.6470 8.1196 8.5507 10.4709 12.4892 5.5937 8.3132 8.0780 8.3878 7.5173 10.5002 6.8417 7.3020 10.1268 5.6970 4.8157 7.0072 7.2850 9.9216 12.1902 7.2470 5.7639 9.7364 5.5717 7.5405 8.2027 9.5299 2.9109 6.1836 5.7357 10.8595 11.3064 9.5361 6.6042 8.8666 8.4165 8.5706 13.3233 10.5801 10.2080 5.3397 7.4085 9.5877 7.7473 7.7574 9.5416 9.7794 8.8988 7.8974 9.5171 9.3179 5.7965 6.2259 7.6120 9.8260 8.6087 9.6301 6.9403 9.1252 8.5334 0.0000 7.5656
0.4763 3.2787 7.8570 12.0495 2.5815 2.0039 7.7771 8.2863 5.8074 3.0319 0.4958 2.8527 4.7147 6.7330 8.9037 11.6566 5.9070 3.3592 7.4292 12.1283 1.4845 2.2734 5.0983 3.4220 8.2754 3.1045 0.4499 3.2356 7.1616 5.0760 9.0739 5.4219 8.3076 2.5119 8.3388 11.1580 9.2415 8.2557 7.3664 5.1033 5.5502 2.8502 3.6009 2.9653 1.7306 2.8727 7.5671 5.5515 10.5396 8.6497 8.2600 5.5859 3.6662 0.6879 9.8094 10.0626 3.1618 11.2408 9.8396 4.2893 8.5693 1.8455 2.5834 4.7975 2.8717 4.6015 10.2247 3.3662 10.1615 8.5561 0.0000
0.000 23.407 37.142 49.720 21.316 20.667 36.902 38.430 30.993 22.667 14.083 22.130 27.715 33.770 40.282 48.541 31.292 23.649 35.859 49.956 17.602 20.391 28.866 23.837 38.397 23.324 4.693 23.278 35.056 28.799 40.793 29.837 38.494 19.348 38.587 47.045 41.296 38.338 35.670 28.881 30.222 22.122 24.813 23.526 18.095 22.189 36.272 30.226 45.190 39.520 38.351 30.329 24.570 11.520 42.999 43.759 23.056 47.293 43.090 26.439 39.279 14.203 21.322 27.964 22.186 27.376 44.245 23.670 44.056 39.239 8.625
20.674 0.000 30.569 43.147 13.615 20.305 34.004 32.443 22.709 20.308 26.546 27.845 33.605 37.343 36.178 47.130 23.008 23.722 29.286 43.316 25.964 17.425 28.445 23.944 36.986 17.603 24.042 31.952 34.636 20.515 36.688 27.983 37.083 22.760 29.800 39.557 39.653 31.765 32.674 34.771 36.111 30.796 21.359 32.026 27.437 27.904 42.162 29.805 38.617 35.415 31.778 27.537 14.853 25.459 36.427 37.187 25.267 45.883 36.517 26.512 32.706 20.865 22.974 28.037 24.397 27.449 42.834 29.568 37.633 37.596 24.824
38.624 36.292 0.000 35.076 36.931 38.802 34.736 36.661 24.348 33.303 44.496 45.790 51.550 60.133 34.427 42.780 36.119 39.600 33.974 35.244 38.959 37.975 41.530 36.939 38.967 32.156 41.076 49.902 54.162 28.697 33.228 41.094 39.050 41.890 13.990 31.486 43.130 33.463 39.437 56.927 56.891 48.746 30.327 50.925 45.387 45.849 59.811 42.889 30.546 33.597 38.399 40.648 33.757 43.409 28.356 29.115 44.398 41.989 28.446 39.694 35.378 38.815 42.104 43.346 43.527 40.630 39.826 47.513 30.712 41.074 41.131
44.693 42.397 33.507 0.000 43.000 44.870 37.729 39.653 43.892 39.372 50.564 51.858 60.401 61.954 37.420 36.590 42.187 45.668 35.086 22.390 45.028 44.043 47.598 43.007 41.959 38.225 47.145 55.971 55.983 39.694 36.220 47.162 42.043 47.958 34.952 24.436 49.198 36.456 38.791 58.748 58.712 54.814 36.396 56.994 51.455 51.918 61.632 48.958 21.381 36.590 37.896 46.716 39.825 49.478 27.491 25.663 50.466 37.223 27.265 45.762 38.371 44.883 48.173 49.415 49.596 46.699 40.294 53.581 24.262 47.142 47.199
18.583 13.615 31.183 43.761 0.000 11.860 33.400 34.928 25.387 16.807 24.454 25.753 31.513 35.992 36.779 45.038 25.686 21.878 29.900 43.929 23.873 6.830 27.095 21.853 34.895 19.757 21.951 29.861 33.286 23.193 37.290 28.066 34.991 17.587 32.629 40.171 37.561 32.379 32.168 32.679 34.020 28.704 20.737 29.935 25.346 25.813 40.070 28.455 39.231 36.017 32.392 28.558 18.542 23.368 37.040 37.800 23.423 43.791 37.131 24.668 33.320 17.162 19.838 26.193 22.553 25.605 40.742 27.476 38.246 35.505 22.732
17.667 20.305 33.054 45.631 11.860 0.000 34.835 36.363 27.258 17.757 22.722 24.020 29.780 35.592 38.215 46.474 27.557 21.477 31.771 45.800 23.413 9.445 26.694 21.770 36.330 21.257 20.218 28.128 32.884 25.064 38.725 27.665 36.427 12.753 34.499 42.041 39.228 34.250 33.603 30.946 32.287 26.971 22.746 28.202 23.612 24.080 38.338 28.054 41.102 37.453 34.263 28.157 20.834 21.635 38.911 39.671 23.022 45.227 39.002 24.268 35.191 9.632 16.615 25.792 22.152 25.204 42.178 25.743 40.117 37.172 20.999
34.273 37.938 34.739 37.478 38.616 35.210 0.000 10.988 37.331 35.397 40.145 41.438 47.198 49.934 13.982 29.770 35.626 39.107 27.418 32.314 36.311 37.692 41.037 32.877 16.953 36.478 37.641 45.550 47.227 33.133 14.280 40.601 13.232 38.407 35.944 32.044 30.735 20.643 17.887 48.364 49.956 44.394 34.308 45.625 41.035 41.498 55.756 42.397 32.764 11.635 24.317 40.155 37.738 39.058 29.478 31.333 42.095 28.523 30.664 39.201 8.482 34.463 38.622 42.853 42.146 40.138 25.474 43.161 29.054 28.678 38.483
36.264 36.242 34.646 38.685 36.413 37.202 10.988 0.000 35.635 33.701 42.136 43.430 47.434 48.238 17.128 31.164 33.930 37.411 26.421 36.161 38.303 37.441 39.341 34.868 21.472 34.781 39.633 45.514 45.531 31.437 16.318 38.905 17.237 40.399 36.092 33.250 32.223 15.210 11.860 48.296 48.260 46.386 32.612 47.616 43.027 43.489 55.991 40.701 35.284 14.472 22.435 38.459 36.041 41.050 33.285 33.998 40.399 29.031 33.212 37.505 6.100 36.455 40.614 41.157 40.449 38.441 26.868 45.153 30.261 30.167 40.475
28.069 22.519 24.348 47.717 25.196 27.067 35.664 34.103 0.000 27.703 33.941 35.239 34.109 34.913 37.838 50.025 22.211 24.086 30.946 45.193 33.359 26.225 26.016 31.340 40.460 28.734 31.438 32.189 32.206 18.378 38.348 23.307 39.978 28.716 18.640 42.282 42.597 33.426 34.334 34.971 34.935 33.907 27.819 39.421 34.832 35.299 42.666 27.376 44.317 37.076 33.439 22.861 24.809 32.855 42.317 43.031 27.074 48.778 42.244 24.180 34.366 28.260 27.535 27.832 27.125 22.393 45.729 32.376 39.293 40.541 32.219
19.852 22.664 31.941 44.518 16.807 17.757 31.701 33.229 29.304 0.000 24.356 29.981 35.567 41.622 35.081 43.340 29.602 29.188 30.657 44.755 20.656 20.637 34.405 17.797 33.196 10.432 22.773 31.130 40.595 27.109 35.591 34.578 33.293 25.880 33.386 41.844 36.094 33.137 30.469 36.733 38.074 29.974 15.673 31.028 26.615 30.041 44.124 35.765 39.989 34.319 33.150 34.131 16.570 24.637 37.798 38.558 30.908 42.092 37.889 31.978 34.078 18.747 28.440 33.503 30.038 32.915 39.044 31.522 38.855 34.038 22.828
11.083 26.213 38.411 50.988 24.122 22.389 39.237 40.765 33.799 24.621 0.000 24.935 30.521 36.576 42.617 50.876 34.098 26.455 37.127 51.157 20.138 23.197 31.672 26.643 40.732 25.084 13.095 26.084 37.862 31.605 43.127 32.643 40.829 23.913 39.856 47.398 43.398 39.607 38.005 31.687 33.028 24.928 26.574 21.507 19.410 24.995 39.078 33.032 46.459 41.855 39.620 33.135 27.376 11.730 44.268 45.028 25.862 49.628 44.359 29.245 40.548 21.913 24.127 30.770 24.992 30.181 46.580 26.476 45.474 41.342 8.502
18.284 29.519 43.254 55.832 27.428 25.695 43.015 44.542 37.105 28.779 24.330 0.000 22.409 28.464 46.394 54.653 37.404 25.704 41.971 56.068 25.763 26.503 26.026 29.949 44.509 29.436 21.703 18.697 29.744 34.911 46.905 30.059 44.606 24.633 44.699 53.157 47.407 44.450 41.782 23.575 24.915 18.877 30.925 28.015 18.343 3.278 30.966 26.201 51.302 45.632 44.463 30.551 30.682 23.243 49.111 49.871 20.663 53.406 49.202 26.976 45.391 25.220 24.905 18.330 22.697 28.862 50.357 11.343 50.168 45.351 22.713
26.395 34.056 47.867 63.967 31.964 30.231 47.627 49.155 35.854 33.414 32.441 26.330 0.000 16.755 51.007 59.266 37.809 27.277 45.961 60.208 33.873 31.040 24.788 34.562 49.122 34.071 29.813 17.167 24.399 35.316 51.518 28.821 49.219 29.027 49.312 57.297 52.021 48.440 46.395 10.793 10.798 23.176 35.561 36.126 28.437 26.390 23.557 24.963 55.915 50.245 48.453 29.313 35.218 31.354 53.724 54.484 26.969 58.018 53.815 26.009 49.381 29.855 29.239 22.963 27.020 28.494 54.970 21.644 54.307 49.964 30.824
30.302 37.963 56.128 56.200 35.871 34.138 49.997 48.436 35.173 37.321 36.348 30.238 16.755 0.000 52.171 63.173 37.128 27.470 45.279 59.526 37.780 34.947 23.864 38.469 53.029 37.978 33.720 25.364 17.235 34.635 52.681 28.218 53.126 32.934 57.573 56.615 55.928 47.759 48.667 16.855 12.397 27.082 39.467 40.033 32.344 30.297 19.973 24.038 61.212 51.409 47.772 28.710 37.355 35.261 59.126 59.781 27.812 61.925 59.112 25.084 48.700 33.762 30.919 25.601 27.862 27.812 58.877 25.551 53.626 53.871 34.731
36.883 39.554 34.804 34.964 39.725 37.821 13.982 17.128 38.948 37.014 42.755 44.049 49.809 51.551 0.000 27.939 37.243 40.724 27.484 29.817 38.922 40.303 42.654 35.488 15.812 38.094 40.252 48.161 48.844 34.750 8.303 42.218 10.927 41.018 36.009 30.337 33.346 20.517 20.918 51.609 51.573 47.005 35.925 48.236 43.646 44.109 58.367 44.014 32.830 7.053 23.695 41.772 39.354 41.669 29.544 31.399 43.712 25.806 30.730 40.818 14.295 37.074 41.233 44.471 43.763 41.754 23.643 45.772 27.348 31.289 41.094
44.966 50.224 38.396 32.343 49.309 45.903 28.690 29.307 49.617 47.684 50.838 52.131 57.892 62.221 26.498 0.000 47.912 51.394 33.425 27.197 47.004 48.385 53.323 43.570 25.739 45.807 48.334 56.244 59.513 45.419 27.275 52.888 25.934 49.100 39.601 28.148 39.983 29.552 31.588 59.057 60.398 55.087 43.978 56.318 51.728 52.191 66.449 54.683 29.672 26.710 33.227 52.441 47.407 49.751 29.084 29.375 53.175 10.612 29.024 51.487 31.768 45.157 49.315 55.140 52.305 52.424 24.805 53.855 25.159 39.401 49.176
28.132 23.119 36.060 49.561 25.797 27.987 37.508 35.947 22.769 28.304 34.004 30.054 31.533 32.337 39.682 51.869 0.000 21.510 32.790 47.037 35.330 28.210 23.440 33.052 42.304 32.539 31.500 29.612 29.630 13.742 40.192 22.924 41.822 26.140 33.092 44.126 44.441 35.270 36.178 32.395 32.359 31.331 28.419 39.484 30.014 30.114 40.090 24.799 46.160 38.920 35.282 22.478 25.410 32.917 44.161 44.875 24.498 50.622 44.088 21.603 36.210 28.322 24.959 25.256 24.548 22.082 47.573 29.800 41.137 42.385 32.281
21.622 23.722 37.104 45.967 23.210 21.477 39.608 39.351 26.088 25.372 27.494 23.545 26.224 29.114 42.987 51.246 26.533 0.000 36.194 50.441 28.820 21.700 20.217 26.542 41.102 26.029 24.990 24.305 26.407 25.549 43.498 21.188 41.199 19.631 38.550 47.530 44.001 38.673 38.375 27.390 29.136 26.023 27.518 32.974 23.504 23.605 34.782 21.577 45.152 42.225 38.686 18.442 24.885 26.407 42.962 43.721 16.052 49.999 43.052 14.223 39.614 21.813 18.142 20.625 15.612 12.873 46.950 24.491 44.540 41.945 25.771
38.327 40.447 30.902 33.836 38.437 39.265 25.402 23.841 40.701 35.725 44.200 45.493 51.254 53.305 27.679 37.375 38.996 42.477 0.000 31.312 40.366 39.465 44.407 36.932 30.198 38.313 41.696 49.606 50.597 36.503 26.480 43.971 29.716 42.462 32.107 28.401 39.537 23.164 24.072 52.419 53.760 48.449 36.484 49.680 45.090 45.553 65.826 45.767 28.927 26.849 23.177 43.525 39.913 43.113 25.642 27.496 45.465 35.242 26.827 42.571 24.105 38.519 42.677 46.224 45.667 43.508 33.079 47.216 25.412 37.480 42.538
50.041 47.746 34.795 20.348 48.348 50.219 36.653 38.578 49.241 44.720 55.913 57.206 65.749 67.303 36.344 36.300 47.536 51.017 34.796 0.000 50.376 49.392 52.947 48.356 40.884 43.573 52.493 61.319 61.332 45.043 35.145 52.511 40.968 53.307 36.000 17.903 51.992 35.381 38.501 64.097 64.061 60.163 41.744 62.342 56.804 57.266 66.980 54.307 21.090 35.514 37.606 52.065 45.174 54.827 27.200 25.373 55.815 36.933 26.975 51.110 37.295 50.232 53.522 54.763 54.944 52.047 40.004 58.930 23.971 49.935 52.548
14.602 24.607 34.274 46.851 22.515 21.578 35.100 36.628 32.193 20.484 20.138 25.989 31.575 37.630 38.480 46.739 32.492 27.509 32.990 47.020 0.000 23.543 32.726 25.667 36.595 20.948 16.747 27.138 38.916 29.998 38.991 33.697 36.692 24.967 35.719 43.261 39.262 35.470 33.868 32.741 34.081 25.982 22.437 27.212 22.623 26.049 40.132 34.085 42.322 37.718 35.483 34.189 25.866 20.645 40.131 40.891 26.916 45.491 40.222 30.299 36.411 18.902 25.181 31.823 26.046 31.235 42.443 27.529 41.337 37.205 16.505
18.364 17.425 32.227 44.804 6.830 9.445 34.428 35.956 26.416 20.637 24.236 25.535 31.295 35.815 37.808 46.066 26.714 21.700 30.943 44.972 25.563 0.000 26.918 23.285 35.923 20.276 21.733 29.642 33.108 24.221 38.318 27.888 36.020 14.252 33.672 41.214 38.589 33.423 33.196 32.461 33.802 28.486 21.765 29.717 25.127 25.594 39.852 28.277 40.274 37.046 33.436 28.380 20.007 23.150 38.084 38.843 23.245 44.819 38.174 24.491 34.364 14.747 16.518 26.015 22.375 25.427 41.771 27.258 39.290 36.533 22.514
27.449 28.803 39.916 46.918 29.212 27.480 41.364 39.803 26.540 31.375 33.496 27.385 24.432 24.440 43.538 55.726 28.495 21.003 36.646 50.894 34.928 27.703 0.000 32.545 46.160 32.032 30.868 22.511 21.733 26.002 44.048 19.850 45.679 25.633 41.362 47.983 48.297 39.126 40.034 24.498 24.462 24.230 33.521 37.180 29.491 27.444 32.989 7.082 50.017 42.776 39.139 16.283 30.887 32.410 48.018 48.731 22.660 54.478 47.944 14.825 40.067 27.815 24.452 18.942 22.711 19.667 51.430 22.699 44.993 46.241 31.878
23.207 28.934 34.864 45.703 27.550 24.144 30.126 31.654 35.573 17.797 29.079 30.372 36.133 42.188 33.506 41.764 35.872 29.883 33.529 43.180 25.245 26.626 35.101 0.000 31.621 23.358 26.575 34.485 41.291 33.379 34.016 36.071 31.718 27.341 36.310 40.269 34.519 35.275 28.894 37.298 38.639 33.328 28.600 34.559 29.970 30.432 44.690 36.460 42.303 32.744 36.022 36.563 27.610 27.992 40.304 41.017 31.416 40.517 40.231 32.674 31.745 23.398 27.556 34.198 30.546 33.610 37.469 32.095 37.279 32.463 27.417
34.401 40.836 38.425 38.709 38.744 35.338 16.953 21.472 41.893 38.257 40.273 41.566 47.327 53.382 15.812 26.317 40.188 41.077 31.104 33.562 36.439 37.820 45.599 33.005 0.000 38.914 37.769 45.679 51.789 37.695 19.815 45.163 8.055 38.536 39.630 34.082 31.637 24.435 23.864 48.493 49.833 44.522 40.403 45.753 41.164 41.626 55.884 46.959 36.450 18.678 28.109 44.717 41.998 39.186 33.164 35.019 42.611 25.070 34.350 43.868 18.638 34.591 38.750 45.392 41.740 44.804 20.952 43.289 31.093 29.581 38.611
22.526 17.603 28.326 40.903 19.757 21.523 31.761 30.200 25.689 10.432 28.397 29.696 35.456 39.688 33.934 46.122 25.988 25.574 27.043 41.072 26.575 20.696 30.791 23.358 36.556 0.000 25.894 33.803 36.981 23.495 34.445 30.963 36.075 24.611 29.772 37.313 37.361 29.522 30.430 36.622 37.963 32.647 14.693 33.878 29.288 29.755 44.013 32.150 36.374 33.172 29.535 30.517 9.138 27.311 34.183 34.943 27.119 44.874 34.274 28.364 30.463 22.716 24.826 29.888 26.248 29.300 41.826 31.419 35.389 35.304 26.675
1.693 23.825 37.560 50.138 21.733 20.001 37.321 38.848 31.411 23.085 13.095 22.547 28.133 34.188 40.700 48.959 31.710 24.067 36.277 50.374 16.747 20.809 29.284 24.255 38.816 23.742 0.000 23.696 35.474 29.217 41.211 30.255 38.912 20.597 39.005 47.463 41.714 38.756 36.088 29.299 30.640 22.540 25.231 23.770 18.443 22.607 36.690 30.644 45.608 39.938 38.769 30.747 24.988 11.070 43.417 44.177 23.474 47.712 43.508 26.857 39.697 14.915 21.739 28.381 22.604 27.794 44.663 24.088 44.474 39.657 7.637
20.278 31.513 45.247 53.260 29.421 27.688 45.008 46.536 32.881 30.773 26.324 18.697 17.167 25.832 48.388 56.647 34.836 24.304 42.988 58.062 27.756 28.497 21.815 31.942 46.503 31.429 23.696 0.000 27.113 32.343 48.898 25.848 46.600 26.110 46.693 55.151 49.401 45.467 43.776 20.755 22.284 11.617 32.919 30.009 22.319 18.418 28.334 21.990 53.296 47.626 45.480 26.340 32.675 25.237 51.105 51.864 23.996 55.399 51.196 23.036 46.408 27.213 26.899 19.989 24.047 25.521 52.351 12.163 52.161 47.345 24.707
31.325 34.879 54.270 54.341 35.289 33.556 47.440 45.879 32.616 38.343 37.370 31.260 23.294 17.235 49.614 64.195 34.571 27.079 42.723 61.732 38.802 33.779 22.493 39.491 54.051 39.000 34.742 26.386 0.000 32.078 50.125 25.661 54.148 31.709 55.715 60.293 56.950 45.202 46.110 21.641 20.062 28.105 40.489 41.055 33.366 31.319 28.623 25.060 59.354 48.852 45.215 26.153 36.963 36.283 57.267 57.923 28.834 62.947 57.254 26.106 46.143 34.784 30.528 26.623 28.884 25.256 59.899 26.573 51.069 54.893 35.753
26.124 20.573 28.697 47.427 23.251 25.121 35.374 33.813 18.378 25.758 31.996 29.760 31.239 32.043 37.548 49.736 13.742 21.216 30.656 44.903 31.414 24.279 23.146 29.394 40.170 26.788 29.492 29.319 29.336 0.000 38.058 22.684 39.688 25.846 22.988 41.992 42.307 33.136 34.044 32.101 32.065 31.037 25.873 37.476 29.720 29.820 39.796 24.505 44.027 36.786 33.149 22.238 22.864 30.909 42.028 42.741 24.204 48.488 41.954 21.309 34.077 26.315 24.665 24.962 24.254 21.352 45.440 29.506 39.003 40.251 30.273
36.996 39.667 34.121 34.286 39.839 37.934 14.280 16.318 39.060 37.127 42.868 44.162 49.922 51.664 8.303 27.260 37.356 40.837 26.801 29.139 39.035 40.416 42.767 35.601 19.815 38.207 40.365 48.275 48.957 34.863 0.000 42.331 14.823 41.131 35.326 29.659 33.459 17.798 21.032 51.722 51.686 47.118 36.038 48.349 43.759 44.222 58.480 44.126 32.147 6.895 23.806 41.884 39.467 41.782 28.861 30.716 43.825 25.127 30.047 40.930 13.485 37.187 41.346 44.583 43.875 41.867 22.964 45.885 26.670 31.403 41.207
27.013 28.691 39.804 43.615 28.601 26.868 41.252 39.691 23.556 30.763 32.885 28.936 27.790 28.663 43.426 55.613 28.382 20.391 36.534 50.781 34.211 27.091 19.850 31.933 46.493 31.420 30.381 25.870 25.956 25.889 43.936 0.000 45.566 25.021 41.249 47.870 48.185 39.014 39.922 28.721 28.685 27.588 32.909 38.365 28.895 28.995 36.348 21.057 48.628 42.663 39.026 7.743 30.276 31.798 46.541 47.197 23.379 54.366 47.832 16.437 39.954 27.204 23.841 24.137 23.429 14.937 51.317 26.057 44.881 46.129 31.162
36.810 39.481 37.886 41.925 39.653 37.748 13.232 17.237 38.875 36.941 42.682 43.976 49.736 51.478 10.927 27.943 37.170 40.651 29.661 32.220 38.849 40.230 42.581 35.415 8.055 38.021 40.179 48.089 48.771 34.677 14.823 42.145 0.000 40.945 39.332 36.490 33.273 23.181 20.846 51.536 51.500 46.932 35.852 48.163 43.573 44.035 58.294 43.941 35.302 13.793 26.855 41.699 39.281 41.596 32.016 33.871 43.639 26.695 33.202 40.745 14.403 37.001 41.160 44.397 43.689 41.681 20.425 45.699 33.500 31.216 41.020
16.348 22.017 35.850 48.428 17.587 12.753 35.611 37.138 29.602 21.375 23.497 23.027 28.788 33.745 38.990 47.249 29.902 19.631 34.567 48.664 24.824 14.252 24.848 22.545 37.105 22.032 20.597 26.847 31.038 27.408 39.501 25.818 37.202 0.000 37.296 45.753 40.004 37.046 34.379 29.954 31.294 26.279 23.521 28.977 22.921 23.087 37.345 26.207 43.898 38.228 37.059 26.311 23.179 22.411 41.707 42.467 21.176 46.002 41.798 22.421 37.987 11.548 7.668 23.945 18.230 23.357 42.953 24.751 42.764 37.948 21.774
39.829 29.800 13.990 36.281 38.136 40.007 35.941 37.866 18.640 34.508 45.701 46.994 52.755 61.578 35.632 43.985 33.092 40.805 35.179 36.449 40.164 39.180 42.735 38.144 40.171 33.361 42.281 51.107 55.608 22.988 34.433 42.299 40.255 43.095 0.000 32.690 44.335 34.668 40.642 58.372 58.337 49.951 31.532 52.130 46.592 47.054 61.256 44.095 31.751 34.802 39.604 41.853 34.962 44.614 29.561 30.320 45.602 43.194 29.651 40.898 36.583 40.020 43.309 44.551 44.732 39.528 41.031 48.718 31.917 42.278 42.336
44.940 42.463 30.879 23.665 43.065 44.936 30.246 32.171 43.957 39.437 50.812 52.105 57.866 66.126 29.937 31.864 42.253 45.734 28.954 17.903 46.978 44.109 47.664 43.544 34.477 38.290 48.308 56.218 60.155 39.760 28.738 47.228 34.560 48.024 32.084 0.000 46.149 28.973 32.658 62.920 62.884 55.062 36.461 57.059 51.703 52.166 65.804 49.024 11.702 29.107 31.763 46.782 39.891 49.726 21.358 13.748 50.532 32.497 21.133 45.828 32.691 45.131 48.239 49.480 49.661 46.764 35.995 53.829 18.578 44.093 49.150
35.380 41.815 40.838 51.699 39.723 36.317 30.110 31.638 43.614 37.616 41.252 42.545 48.305 54.361 33.490 40.110 41.909 42.056 40.227 49.175 37.418 38.799 47.273 33.984 29.798 38.696 38.748 46.657 53.464 39.416 34.000 46.884 31.925 39.514 42.283 46.264 0.000 35.259 33.919 49.471 50.812 45.501 37.487 39.322 42.142 42.605 56.863 48.633 48.299 32.728 42.719 46.438 40.917 40.165 46.300 47.013 43.589 38.863 46.226 44.847 34.098 35.570 39.729 46.371 42.719 45.783 34.447 44.268 43.275 10.323 39.590
41.724 37.780 33.107 35.846 37.951 42.661 19.805 15.210 37.173 35.240 47.596 48.889 48.973 49.777 20.517 30.354 35.468 38.950 24.393 33.322 43.762 38.979 40.880 40.328 25.198 40.517 45.092 47.053 47.070 32.975 17.798 40.444 24.119 45.858 34.311 30.411 35.131 0.000 18.917 49.834 49.799 51.845 38.689 53.076 48.486 48.949 68.031 42.239 31.132 17.782 19.587 39.998 42.118 46.509 27.846 29.701 41.938 28.221 29.032 39.043 17.120 41.915 46.073 42.696 41.988 39.980 26.058 50.612 27.422 33.074 45.934
32.297 36.657 35.062 39.100 36.641 33.235 17.887 11.860 36.050 33.395 38.169 39.463 45.223 48.653 21.249 32.812 34.345 37.826 24.703 36.576 34.336 35.716 39.756 30.901 24.210 34.475 35.665 43.575 45.946 31.852 21.760 39.320 23.728 36.432 36.507 33.665 31.579 18.917 0.000 46.389 47.730 42.419 33.027 43.649 39.060 39.523 53.780 41.116 35.700 20.487 22.665 38.874 36.457 37.083 33.701 34.414 40.814 30.679 33.627 37.920 14.932 32.488 36.646 41.573 39.637 38.857 28.516 41.186 30.676 29.523 36.507
25.737 33.397 47.208 59.357 31.306 29.573 46.969 48.496 35.196 32.756 31.782 25.672 10.793 16.855 50.349 58.607 37.150 26.619 45.302 59.549 33.215 30.381 24.130 33.904 48.464 33.413 29.155 20.755 21.828 34.657 50.859 28.163 48.560 28.368 48.654 56.638 51.362 47.782 45.737 0.000 10.410 22.517 34.902 35.468 27.778 25.732 25.573 24.305 55.256 49.586 47.794 28.654 34.560 30.696 53.066 53.825 26.311 57.360 53.156 25.351 48.722 29.197 28.581 22.304 26.361 27.835 54.312 20.986 53.649 49.306 30.166
27.071 34.732 48.543 59.321 32.640 30.907 48.303 49.831 35.354 34.090 33.117 27.006 10.798 12.397 51.683 59.942 37.309 27.953 45.460 59.707 34.549 31.716 25.464 35.238 49.798 34.747 30.489 22.133 21.792 34.815 52.194 28.399 49.895 29.703 49.988 56.796 52.697 47.940 47.071 10.410 0.000 23.851 36.236 36.802 29.113 27.066 27.209 25.639 56.591 50.921 47.953 28.891 35.894 32.030 54.400 55.160 27.645 58.694 54.491 26.685 48.880 30.531 29.915 23.638 27.696 27.993 55.646 22.320 53.807 50.640 31.500
19.122 30.356 44.091 54.978 28.265 26.532 43.852 45.379 34.600 29.616 25.167 18.877 21.495 27.550 47.231 55.490 36.554 26.022 42.808 56.905 26.599 27.340 23.534 30.786 45.347 30.273 22.540 11.617 28.831 34.061 47.742 27.566 45.443 25.470 45.537 53.994 48.245 45.287 42.620 22.661 24.002 0.000 31.762 28.852 19.923 18.598 30.053 23.708 52.139 46.469 45.300 28.058 31.519 24.080 49.948 50.708 24.700 54.243 50.039 24.754 46.228 26.057 25.742 21.708 23.830 27.239 51.194 15.060 51.005 46.189 23.551
22.947 21.370 31.018 43.595 21.973 23.843 33.328 32.891 28.009 15.673 27.451 32.016 37.777 42.008 36.626 44.966 28.308 27.894 29.734 43.764 23.751 23.016 33.111 21.731 34.823 14.693 25.868 34.225 39.301 25.815 37.136 33.284 34.919 26.932 32.463 40.005 37.489 32.214 32.096 38.942 40.283 33.068 0.000 36.841 29.710 32.076 46.334 34.471 39.066 35.864 32.227 32.837 17.985 27.732 36.875 37.635 29.439 43.719 36.966 30.684 33.154 25.037 27.146 32.209 28.569 31.621 40.671 33.739 38.081 35.433 25.922
20.529 31.764 46.531 59.108 29.672 27.939 45.259 46.787 39.350 31.024 21.507 28.690 34.276 40.331 48.639 56.898 39.649 32.005 45.248 58.313 27.748 28.748 36.314 32.194 46.754 31.681 23.947 29.839 41.611 37.156 49.149 38.193 46.851 29.464 47.977 55.402 49.652 47.727 44.027 35.441 36.782 28.682 33.170 0.000 23.596 28.750 42.833 36.489 54.579 47.877 47.740 38.685 32.927 17.625 52.388 53.148 29.617 55.650 52.479 32.730 48.668 27.464 29.678 32.624 28.747 35.732 52.602 30.230 52.412 47.596 23.828
15.095 27.021 40.756 54.337 24.929 23.196 40.516 42.043 34.458 26.280 19.410 18.343 26.757 32.812 43.896 52.154 34.906 23.939 39.472 53.569 23.264 24.005 28.795 27.451 42.011 26.937 18.443 22.319 34.092 32.413 44.406 29.559 42.107 22.869 42.201 50.659 44.909 41.952 39.284 27.922 29.263 19.923 28.427 23.766 0.000 18.065 35.314 28.970 48.803 43.134 41.965 30.051 28.183 16.288 46.613 47.372 22.098 50.907 46.703 25.211 42.892 22.721 23.140 25.105 21.228 27.098 47.859 22.711 47.669 42.853 20.600
18.225 29.459 43.194 55.772 27.368 25.635 42.955 44.482 37.046 28.719 24.270 3.278 22.349 28.404 46.334 54.593 37.344 25.644 41.911 56.008 25.703 26.444 25.966 29.889 44.450 29.376 21.643 18.418 29.685 34.851 46.845 29.999 44.546 24.574 44.640 53.097 47.348 44.390 41.722 23.515 24.856 18.598 30.865 27.956 18.065 0.000 30.906 26.141 51.242 45.572 44.403 30.491 30.622 23.184 49.052 49.811 20.942 53.346 49.142 26.916 45.331 25.160 24.845 18.608 22.933 28.803 50.297 11.065 50.108 45.292 22.654
40.040 42.457 55.338 55.410 42.867 41.134 55.018 53.457 40.194 45.029 46.086 39.975 29.652 19.973 65.028 72.760 42.149 34.657 50.300 62.800 47.518 41.357 30.071 46.199 70.064 45.686 43.458 35.102 26.902 39.656 63.829 33.239 70.160 39.287 56.783 61.361 71.029 52.780 53.688 29.667 28.183 36.821 58.227 49.771 42.082 40.035 0.000 31.430 60.422 64.198 52.793 37.192 44.541 44.999 58.336 58.991 36.393 72.591 58.322 33.665 53.721 41.469 38.106 34.183 36.443 32.834 70.428 35.289 60.587 68.973 44.469
26.928 30.331 41.444 48.446 30.741 29.008 42.892 41.331 28.068 32.902 32.974 26.863 23.911 24.123 45.066 57.254 30.023 22.531 38.174 52.421 34.406 29.231 7.082 34.073 47.688 33.559 30.346 21.990 21.943 27.530 45.577 21.035 47.206 27.161 42.890 49.511 49.825 40.654 41.562 23.110 24.672 23.708 35.049 36.659 28.970 26.923 32.468 0.000 51.545 44.304 40.667 20.335 32.415 31.887 49.546 50.259 22.139 56.006 49.472 18.877 41.595 29.343 25.980 20.198 22.190 20.708 52.957 22.177 46.521 47.769 31.357
43.862 41.567 29.983 20.807 42.169 44.040 31.841 33.766 43.061 38.541 49.734 51.028 56.788 65.230 31.532 33.400 41.357 44.838 31.080 21.582 44.197 43.213 46.768 42.177 36.072 37.394 46.314 55.140 59.259 38.864 30.333 46.332 36.155 47.128 31.188 11.702 48.275 30.569 34.784 62.024 61.988 53.984 35.565 56.163 50.625 51.087 64.908 48.127 0.000 30.702 33.889 45.886 38.995 48.647 21.047 13.053 49.636 34.033 21.459 44.932 32.483 44.053 47.342 48.584 48.765 45.868 36.932 52.751 19.665 46.219 46.369
36.283 38.954 33.453 35.017 39.125 37.221 11.635 14.472 38.347 36.414 42.155 43.449 49.209 50.951 7.053 27.991 36.643 40.124 26.132 29.870 38.322 39.702 42.054 34.887 18.678 37.494 39.652 47.561 48.244 34.149 6.895 41.618 13.793 40.418 34.658 30.758 32.746 17.782 20.318 51.009 50.973 46.405 35.325 47.636 43.046 43.508 57.766 43.413 31.478 0.000 23.032 41.171 38.754 41.069 28.193 30.047 43.112 25.858 29.378 40.217 11.638 36.474 40.633 43.870 43.162 41.154 23.695 45.172 27.768 30.689 40.493
40.646 40.623 36.763 39.502 40.794 41.583 23.317 21.757 40.016 38.083 46.518 47.811 51.816 52.620 24.315 34.010 38.311 41.792 24.337 36.979 42.684 41.822 43.722 39.250 28.113 39.163 44.014 49.895 49.912 35.818 23.115 43.286 27.632 44.781 37.968 34.067 38.643 19.587 21.987 52.677 52.642 50.767 36.994 51.998 47.409 47.871 60.373 45.082 34.788 24.729 0.000 42.840 40.423 45.431 31.502 33.357 44.780 31.877 32.688 41.886 22.020 40.837 44.995 45.539 44.831 42.823 29.714 49.534 31.078 36.587 44.856
25.189 26.866 37.980 45.227 26.777 25.044 39.428 37.867 24.604 28.939 31.061 27.111 28.731 29.535 41.601 53.789 26.558 18.442 34.710 48.957 32.387 25.267 16.283 30.109 44.669 29.596 28.557 26.811 26.828 24.065 42.112 7.743 43.742 23.197 39.425 46.046 46.361 37.189 38.097 29.593 29.557 28.529 31.085 36.541 27.071 27.171 37.288 20.335 48.080 40.839 37.202 0.000 28.451 29.974 46.081 46.794 21.555 52.541 46.008 12.243 38.130 25.379 22.016 22.313 21.605 11.292 49.493 26.998 43.056 44.304 29.338
29.530 14.853 27.220 39.797 18.542 23.545 30.654 29.093 29.707 16.570 35.402 36.696 41.507 42.311 32.827 45.015 28.003 31.484 25.936 39.965 29.865 22.352 33.414 27.610 35.450 9.138 31.982 39.587 39.604 25.510 33.338 32.978 34.968 32.767 28.665 36.207 36.254 28.416 29.323 42.369 42.333 39.652 17.985 41.831 36.293 36.755 62.042 34.774 35.267 32.066 28.429 32.532 0.000 34.316 33.077 33.836 34.472 43.768 33.167 31.578 29.356 27.887 33.010 35.230 34.523 32.514 40.719 38.419 34.283 34.197 32.037
8.520 26.101 39.836 52.413 24.010 22.277 39.596 41.124 33.687 25.361 11.730 23.027 28.613 34.668 42.976 51.235 33.986 26.343 38.553 52.650 22.547 23.085 30.651 26.531 41.091 26.018 11.070 24.176 35.949 31.493 43.487 32.530 41.188 23.801 41.282 49.739 43.990 41.032 38.364 29.779 31.119 23.019 27.507 17.625 16.288 23.087 37.170 30.826 47.884 42.214 41.045 33.023 27.264 0.000 45.693 46.453 23.954 49.987 45.784 27.067 41.973 21.742 24.015 26.961 23.084 30.070 46.939 24.568 46.750 41.933 11.428
40.937 38.642 27.058 25.246 39.245 41.115 28.916 30.841 40.137 35.617 46.809 48.103 53.863 62.305 28.607 33.303 38.432 41.913 28.155 24.683 41.272 40.288 43.843 39.252 33.147 34.469 43.389 52.215 56.335 35.939 27.408 43.407 33.231 44.203 28.263 21.772 45.350 27.644 31.859 59.099 59.063 51.059 32.641 53.238 47.700 48.163 61.983 45.203 20.716 27.777 30.965 42.961 36.070 45.723 0.000 12.737 46.711 33.936 6.993 42.007 29.558 41.128 44.418 45.659 45.840 42.944 34.007 49.826 17.592 43.294 43.444
41.920 39.625 28.042 23.161 40.228 42.098 29.899 31.824 41.120 36.600 47.792 49.086 54.846 63.288 29.590 33.467 39.415 42.896 29.138 22.744 42.255 41.271 44.826 40.235 34.130 35.453 44.372 53.198 57.318 36.922 28.391 44.390 34.214 45.186 29.246 13.748 46.334 28.627 32.843 60.083 60.046 52.042 33.624 54.221 48.683 49.145 62.966 46.186 13.053 28.760 31.948 43.944 37.053 46.706 12.737 0.000 47.694 34.100 13.570 42.990 30.541 42.111 45.401 46.642 46.823 43.926 34.990 50.809 19.330 44.277 44.427
20.926 25.267 38.650 48.954 23.423 23.022 41.153 42.680 29.075 26.917 26.972 20.663 26.632 27.896 44.533 52.791 31.030 16.052 39.182 53.429 28.405 23.245 21.965 28.087 42.648 27.574 24.345 24.712 28.223 28.537 45.043 24.176 42.745 21.176 40.095 50.518 45.546 41.661 39.921 26.883 27.875 26.327 29.063 30.657 22.968 20.942 35.189 22.139 46.697 43.771 41.674 24.668 26.430 25.886 44.507 45.266 0.000 51.544 44.597 18.503 42.602 23.358 20.052 19.492 9.813 21.715 48.496 24.732 47.528 43.490 25.355
43.692 48.951 40.017 35.204 48.036 44.630 27.416 28.034 48.344 46.410 49.564 50.858 56.618 60.947 25.225 10.612 46.639 50.120 34.948 29.541 45.730 47.111 52.050 42.296 24.466 48.206 47.061 54.970 58.240 44.146 26.002 51.614 24.660 47.827 41.222 29.769 38.710 28.278 30.315 57.784 59.125 53.814 45.599 55.044 50.455 50.917 65.175 53.410 31.293 25.437 31.953 51.168 49.028 48.478 30.704 30.996 51.902 0.000 30.645 50.214 30.494 43.883 48.042 53.867 51.032 51.150 23.531 52.581 26.779 38.127 47.902
42.985 39.015 27.431 27.851 39.617 41.488 27.760 29.685 40.510 35.989 48.857 50.150 55.911 62.678 27.451 31.037 38.805 42.286 25.951 25.327 41.645 40.661 44.216 41.589 31.991 34.842 46.353 54.263 56.707 36.312 26.252 43.780 32.074 44.576 28.636 22.416 44.194 26.488 29.656 59.472 59.436 53.107 33.014 53.611 49.748 50.210 62.356 45.576 22.770 26.621 28.761 43.334 36.443 47.771 6.993 13.570 47.084 31.669 0.000 42.380 28.402 43.176 44.791 46.032 46.213 43.316 32.851 51.874 18.045 42.138 43.817
24.458 26.558 39.940 45.577 26.046 24.313 40.522 38.961 25.698 28.208 30.330 26.381 24.956 25.169 42.696 54.082 27.183 14.223 35.804 50.051 31.656 24.536 14.825 29.378 43.938 28.865 27.826 23.036 24.509 25.160 43.206 16.437 44.035 22.466 41.386 47.140 46.837 38.284 39.192 24.155 25.147 24.754 30.354 35.810 26.340 26.441 33.514 18.877 49.175 41.933 38.297 12.243 27.721 29.243 47.175 47.889 18.503 52.834 47.102 0.000 39.224 24.649 21.286 17.112 18.660 10.722 49.786 23.223 44.151 44.780 28.607
35.161 37.832 34.337 37.076 38.003 36.098 8.482 6.100 37.225 35.291 41.033 42.326 48.087 49.829 14.295 30.659 35.520 39.001 27.017 31.913 37.199 38.580 40.931 33.765 18.638 36.372 38.529 46.439 47.121 33.027 13.485 40.495 14.403 39.296 35.542 31.642 31.623 17.120 14.932 49.886 49.850 45.283 34.202 46.513 41.924 42.386 56.644 42.291 32.362 11.638 23.915 40.049 37.632 39.946 29.077 30.931 41.989 29.411 30.262 39.095 0.000 35.352 39.510 42.748 42.040 40.032 26.363 44.050 28.652 29.567 39.371
11.203 21.244 34.979 47.557 17.162 9.632 34.739 36.267 28.830 18.747 20.681 21.979 27.740 33.795 38.119 46.378 29.129 21.486 33.696 47.793 18.902 14.747 26.703 21.674 36.234 21.161 14.915 26.087 32.893 26.636 38.630 27.674 36.331 11.548 36.424 44.882 39.133 36.175 33.507 28.906 30.246 24.931 22.650 26.161 21.572 22.039 36.297 28.063 43.027 37.357 36.188 28.166 22.407 19.595 40.836 41.596 23.023 45.130 40.927 24.276 37.116 0.000 16.217 25.801 22.153 25.213 42.082 23.703 41.893 37.076 18.048
19.294 22.974 36.356 49.416 19.838 16.615 37.280 38.808 29.537 23.045 25.167 21.817 27.578 32.564 40.660 48.919 30.705 18.142 35.073 50.334 26.493 16.518 23.667 24.215 38.775 23.702 22.663 25.637 29.857 28.366 41.170 24.638 38.872 7.668 37.802 45.343 41.673 37.553 36.048 28.744 30.084 25.136 25.191 30.647 21.777 21.877 36.135 25.027 44.404 39.898 37.565 25.130 24.137 24.080 42.214 42.973 20.052 47.671 42.304 21.240 38.493 16.217 0.000 22.765 14.412 22.177 44.623 23.541 44.434 39.617 23.444
21.970 28.037 41.419 49.713 27.525 25.792 43.238 43.097 29.834 29.025 28.015 18.330 21.910 25.686 46.832 54.876 31.789 20.625 39.940 54.187 29.448 26.015 18.942 30.172 44.733 29.681 25.388 19.990 26.013 29.296 47.342 24.934 44.829 23.945 42.864 51.276 47.631 42.420 42.005 23.076 24.416 21.708 31.171 31.701 24.012 18.608 30.467 20.198 49.467 46.069 42.433 24.010 29.200 26.929 47.276 48.036 19.492 53.629 47.367 17.112 43.361 26.128 22.765 0.000 20.293 22.474 50.581 20.177 48.287 45.575 26.399
20.056 24.397 37.779 49.005 22.553 22.152 40.282 41.810 29.126 26.047 26.102 22.138 26.683 27.947 43.662 51.921 31.081 15.612 36.496 50.525 27.534 22.375 22.015 27.217 41.777 26.704 23.474 24.762 28.274 28.588 44.173 24.227 41.874 18.230 39.224 46.766 44.676 38.975 39.050 26.933 27.925 25.456 28.193 29.787 22.098 22.198 35.240 22.190 45.827 42.900 38.988 24.718 25.560 25.015 43.636 44.396 9.813 50.674 43.727 18.660 39.916 22.488 14.412 20.293 0.000 21.766 47.625 23.861 44.842 42.620 24.485
28.576 25.104 36.218 49.718 27.782 28.431 37.665 36.104 22.841 30.289 34.447 30.498 31.977 32.781 39.839 52.027 22.082 12.873 32.947 47.195 35.774 28.654 19.667 33.496 42.461 31.319 31.944 30.056 30.073 21.352 40.349 14.937 41.980 26.584 37.663 44.284 44.598 35.427 36.335 32.838 32.803 31.774 30.404 39.928 30.458 30.558 40.534 23.718 46.318 39.077 35.440 11.292 27.395 33.361 44.319 45.032 23.565 50.779 44.245 10.722 36.368 28.766 25.403 23.778 23.275 0.000 47.731 30.243 41.294 42.542 32.725
39.943 44.474 40.337 39.472 44.286 40.880 22.940 23.558 43.867 41.934 45.814 47.108 52.868 56.471 23.294 24.484 42.163 46.619 33.016 34.325 41.981 43.362 47.574 38.547 20.952 44.456 43.311 51.221 53.764 39.670 24.071 47.138 20.425 44.078 41.542 34.845 33.734 26.347 25.839 54.034 55.375 50.064 40.845 51.295 46.706 47.168 61.426 48.934 38.362 23.667 30.022 46.692 44.274 44.728 35.077 36.931 48.152 23.236 36.263 45.738 26.018 40.133 44.292 49.391 47.282 46.674 0.000 48.831 31.855 33.599 44.153
22.888 30.998 44.809 53.265 28.907 27.174 44.570 46.097 32.887 30.357 28.933 11.343 19.877 25.933 47.950 56.208 34.842 24.310 42.993 57.240 30.365 27.982 21.821 31.505 46.065 31.014 26.306 12.163 27.213 32.349 48.460 25.854 46.161 25.969 46.255 54.329 48.963 45.473 43.337 21.043 22.384 15.060 32.503 32.618 24.172 11.065 28.435 21.996 52.857 47.188 45.486 26.346 32.161 27.847 50.667 51.426 24.002 54.961 50.757 23.042 46.414 26.797 26.182 19.995 24.053 25.526 51.913 0.000 51.340 46.907 27.317
41.951 41.664 30.080 23.564 42.266 44.137 27.257 29.182 42.403 38.638 47.823 49.116 54.877 65.327 26.948 28.875 40.698 44.179 25.964 21.040 43.989 43.310 46.109 40.555 31.487 37.491 45.319 53.229 52.299 38.205 25.748 45.673 31.571 46.086 31.285 18.578 43.160 25.984 29.669 56.042 55.028 52.072 35.662 56.260 48.714 49.176 65.005 47.469 19.653 26.118 28.774 45.227 39.092 46.736 17.592 19.330 47.167 29.508 18.045 44.273 29.702 42.142 46.300 47.926 47.218 45.210 33.047 50.840 0.000 41.104 46.161
33.487 39.922 38.163 49.025 37.830 34.424 28.402 29.929 40.939 34.941 39.359 40.652 46.413 52.468 31.781 39.940 39.234 40.163 37.552 46.501 35.525 36.906 45.380 32.091 29.447 36.022 36.855 44.765 51.571 36.741 32.292 44.209 31.715 37.621 39.608 43.590 10.323 33.551 32.207 47.578 48.919 43.608 34.813 41.600 40.249 40.712 54.970 46.740 45.624 31.019 37.225 43.763 38.242 38.272 43.625 44.338 41.696 38.692 43.551 42.954 32.389 33.678 37.836 44.478 40.826 43.890 35.821 42.376 40.600 0.000 37.697
5.625 24.836 38.571 51.148 22.744 21.012 38.331 39.859 32.422 24.096 8.502 23.558 29.144 35.199 41.711 49.970 32.721 25.078 37.288 51.385 16.505 21.820 30.295 25.266 39.826 24.313 7.637 24.707 36.485 30.228 42.222 31.266 39.923 22.536 40.016 48.474 42.724 39.767 37.099 30.310 31.651 23.551 25.803 23.896 20.600 23.618 37.701 31.655 46.619 40.949 39.780 31.758 25.999 11.428 44.428 45.188 24.485 48.722 44.519 27.868 40.708 18.048 22.750 29.392 23.615 28.804 45.674 25.099 45.485 40.668 0.000
0.0000 2.8024 7.3807 11.5732 2.1052 1.4632 7.3008 7.8100 5.3311 2.5556 0.9228 2.3765 4.2384 6.2567 8.4274 11.1804 5.4307 2.8829 6.9529 11.6521 1.2089 1.7971 4.6220 2.9457 7.7991 2.7746 0.1388 2.7593 6.6854 4.5997 8.5976 4.9456 7.8314 1.3619 7.8625 10.6817 8.7652 7.7794 6.8901 4.6270 5.0739 2.3739 3.2710 2.8419 1.2584 2.3964 7.0908 5.0753 10.0633 8.1734 7.7837 5.1096 3.1899 0.7082 9.3331 9.5863 2.6855 10.7645 9.3634 3.8130 8.0930 0.9318 2.1072 4.3212 2.3954 4.1253 9.7484 2.8899 9.6853 8.0798 0.4672
2.8914 0.0000 5.1898 9.3823 0.8831 1.4442 6.3346 5.8143 2.5698 1.7694 3.8487 4.2815 6.2016 7.4475 7.0592 10.7100 2.6694 2.9074 4.7620 9.4385 3.6547 1.1983 4.4818 2.9814 7.3288 1.2169 3.0141 5.6507 6.5452 1.8384 7.2293 4.3278 7.3610 2.5866 2.2378 8.1856 8.2175 5.5885 5.8912 6.5902 7.0371 5.2653 2.1197 5.6754 4.1457 4.3014 9.0540 4.9351 7.8725 6.8051 5.5928 4.1791 0.9873 3.4865 7.1422 7.3955 3.4225 10.2942 7.1725 3.8375 5.9021 1.9550 2.6581 4.3457 3.1324 4.1497 9.2780 4.8559 7.5442 7.5321 3.2745
8.8747 2.7801 0.0000 6.6919 7.3105 7.9340 6.5786 7.2203 1.7834 6.1011 9.8320 10.2632 12.1833 15.0443 6.4756 9.2599 7.0396 8.2000 6.3248 6.7481 7.9864 7.6582 8.8432 7.3130 7.9889 5.7188 8.6921 11.6340 13.0541 2.1406 6.0759 8.6980 8.0167 8.9633 0.9183 5.4952 9.3766 6.1544 8.1456 13.9757 13.9637 11.2486 5.1091 11.9751 10.1290 10.2831 14.9369 9.2965 5.1821 6.1989 7.7998 8.5492 6.2522 9.4698 4.4519 4.7051 9.7992 8.9964 4.4821 8.2312 6.7926 7.9383 9.0348 9.4488 9.5091 8.5434 8.2755 10.8376 5.2372 8.6912 8.7103
10.8975 9.1324 6.1690 0.0000 9.3333 9.9568 7.5762 8.2178 9.6306 8.1239 11.8548 12.2860 15.1335 15.6513 7.4732 7.1968 9.0624 10.2228 6.6954 2.4634 10.0092 9.6810 10.8661 9.3358 8.9864 7.7416 10.7149 13.6569 13.6611 8.2314 7.0734 10.7208 9.0143 10.9861 6.6508 3.1452 11.3994 7.1519 7.9303 14.5827 14.5708 13.2714 7.1319 13.9979 12.1518 12.3059 15.5439 11.3193 2.1269 7.1965 7.6320 10.5720 8.2750 11.4927 4.1635 3.5543 11.8220 7.4078 4.0884 10.2540 7.7902 9.9611 11.0576 11.4716 11.5319 10.5662 8.4315 12.8604 3.0872 10.7140 10.7331
2.1942 0.8831 5.3944 9.5869 0.0000 0.7397 6.1333 6.6425 3.4624 1.1535 3.1515 3.5842 5.5044 6.9975 7.2598 10.0128 3.5621 2.2927 4.9666 9.6431 2.9575 0.3196 4.0318 2.2842 6.6316 1.3963 2.3169 4.9535 6.0952 2.7310 7.4300 4.3554 6.6638 1.2179 5.8762 8.3902 7.5203 5.7931 5.7225 5.8930 6.3399 4.5681 1.9122 4.9782 3.4485 3.6042 8.3568 4.4850 8.0771 7.0058 5.7974 4.5194 1.2978 2.7893 7.3468 7.6000 2.8078 9.5970 7.3771 3.2228 6.1067 1.1824 1.4060 3.7310 2.5177 3.5350 8.5808 4.1587 7.7488 6.8349 2.5773
1.4632 1.4442 6.0179 10.2104 0.7397 0.0000 6.6118 7.1210 4.0860 1.2326 2.5739 3.0066 4.9268 6.8639 7.7383 10.4913 4.1856 2.1590 5.5902 10.2666 1.7045 0.5385 3.8981 2.2566 7.1101 2.0855 1.7393 4.3759 5.9615 3.3546 7.9085 4.2217 7.1423 0.8117 6.4998 9.0137 8.0761 6.4167 6.2010 5.3154 5.7623 3.9904 2.5820 4.4006 2.8708 3.0266 7.7792 4.3514 8.7006 7.4843 6.4210 4.3857 1.9448 2.2117 7.9704 8.2236 2.6741 10.0755 8.0006 3.0892 6.7302 0.5541 1.1339 3.5973 2.3840 3.4014 9.0593 3.5811 8.3724 7.3907 1.9997
7.4242 7.6459 6.5796 7.4928 7.8720 6.7366 0.0000 0.6680 7.4436 6.7991 8.3815 8.8126 10.7328 11.6448 0.9166 4.9235 6.8753 8.0357 4.1394 5.7715 7.1036 7.5639 8.6790 5.9589 1.1660 7.1592 7.5469 10.1835 10.7424 6.0443 0.9410 8.5337 0.8554 7.8024 6.9812 5.6812 5.2449 1.8809 1.2437 11.1214 11.6521 9.7980 6.4361 10.2082 8.6784 8.8326 13.5852 9.1323 5.9214 0.7207 3.1058 8.3850 7.5792 8.0193 4.8261 5.4444 9.0317 4.5076 5.2214 8.0670 0.4581 6.4878 7.8739 9.2845 9.0486 8.3792 3.4915 9.3871 4.6847 4.5595 7.8275
8.0881 7.0805 6.5488 7.8950 7.1375 7.4006 0.6680 0.0000 6.8782 6.2337 9.0454 9.4766 10.8113 11.0793 1.1794 5.3880 6.3099 7.4703 3.8071 7.0537 7.7675 7.4803 8.1136 6.6228 1.5434 6.5938 8.2109 10.1713 10.1770 5.4789 1.1095 7.9683 1.1899 8.4664 7.0306 6.0833 5.7410 1.0164 0.7401 11.0986 11.0866 10.4620 5.8707 10.8721 9.3424 9.4965 13.6637 8.5669 6.7614 0.9551 2.4783 7.8196 7.0138 8.6832 6.0950 6.3328 8.4663 4.6769 6.0706 7.5015 0.2590 7.1517 8.5379 8.7191 8.4831 7.8137 3.9560 10.0510 5.0869 5.0556 8.4915
5.3565 2.5062 1.7834 10.9057 3.3988 4.0224 6.8880 6.3677 0.0000 4.2345 6.3138 6.7465 6.3697 6.6377 7.6126 11.6751 2.4036 3.0286 5.3154 10.0644 6.1198 3.7416 3.6719 5.4465 8.4866 4.5780 5.4792 5.7296 5.7353 1.2842 7.7827 2.7690 8.3261 4.5721 1.3071 9.0941 9.1990 6.1419 6.4446 6.6569 6.6450 6.3023 4.2729 8.1405 6.6107 6.7665 9.2221 4.1252 9.7722 7.3585 6.1462 2.6203 3.2698 5.9516 9.1058 9.3436 4.0246 11.2593 9.0813 3.0599 6.4555 4.4201 4.1785 4.2775 4.0415 2.4643 10.2431 5.7919 8.0976 8.5136 5.7396
2.6173 2.5548 5.6469 9.8394 1.1535 1.2326 5.5671 6.0763 4.7679 0.0000 3.1187 4.9938 6.8557 8.8741 6.6936 9.4466 4.8675 4.7293 5.2191 9.9183 1.8853 1.4731 6.4684 1.2357 6.0654 0.6202 2.5910 5.3767 8.5318 4.0364 6.8638 6.5259 6.0976 1.9033 6.1287 8.9479 7.0314 6.0456 5.1563 7.2443 7.6912 4.9912 1.0580 5.3428 3.8716 5.0137 9.7081 6.9217 8.3295 6.4396 6.0499 6.3771 1.1324 3.2125 7.5993 7.8525 5.3028 9.0308 7.6296 5.6594 6.3592 1.3152 4.4800 6.1676 5.0127 5.9717 8.0146 5.5073 7.9515 6.3460 2.6092
0.9228 3.7377 7.8036 11.9961 3.0405 2.4629 8.0791 8.5883 6.2664 3.2070 0.0000 3.3118 5.1737 7.1920 9.2056 11.9586 6.3660 3.8182 7.3758 12.0523 1.4313 2.7324 5.5573 3.8810 8.5774 3.3615 0.8428 3.6946 7.6206 5.5350 9.3758 5.8809 8.6096 2.9710 8.2854 10.7993 9.4661 8.2023 7.6683 5.5623 6.0092 3.3092 3.8579 1.5461 1.4699 3.3317 8.0261 6.0105 10.4862 8.9516 8.2066 6.0449 4.1252 0.7294 9.7560 10.0092 3.6208 11.5428 9.7863 4.7483 8.5159 2.3045 3.0424 5.2565 3.3307 5.0605 10.5266 3.8252 10.1580 8.7807 0.4593
2.0948 4.8398 9.4180 13.6105 4.1425 3.5649 9.3382 9.8474 7.3684 4.5930 3.1100 0.0000 2.4696 4.4879 10.4647 13.2177 7.4681 3.5679 8.9902 13.6894 3.5875 3.8344 3.6755 4.9830 9.8365 4.8119 2.2342 1.3111 4.9148 6.6370 10.6349 5.0197 9.8687 3.2111 9.8998 12.7191 10.8025 9.8167 8.9274 2.8582 3.3051 1.3256 5.3084 4.3384 1.2807 0.0233 5.3220 3.7337 12.1007 10.2107 9.8210 5.1837 5.2272 2.7478 11.3704 11.6236 1.4636 12.8019 11.4007 3.9920 10.1303 3.4066 3.3017 1.2794 1.6357 4.6208 11.7857 0.6965 11.7226 10.1171 2.5711
4.7984 6.3519 10.9557 16.3223 5.6547 5.0771 10.8758 11.3850 6.9514 6.1381 5.8136 3.7768 0.0000 1.1496 12.0024 14.7553 7.6030 4.0924 10.3202 15.0692 6.2911 5.3466 3.2628 6.5207 11.3741 6.3571 4.9378 1.1841 3.1331 6.7720 12.1726 4.6070 11.4063 4.6756 11.4375 14.0989 12.3402 11.1467 10.4650 0.6509 0.6514 2.7252 6.8535 7.0420 4.4790 3.7968 2.8524 3.3210 13.6383 11.7484 11.1510 4.7710 6.7394 5.4514 12.9081 13.1613 3.9897 14.3395 12.9383 3.6697 11.4603 4.9517 4.7465 2.6542 4.0066 4.4979 13.3234 2.2148 13.1024 11.6548 5.2747
6.1008 7.6542 13.7093 13.7332 6.9570 6.3794 11.6657 11.1454 6.7244 7.4404 7.1159 5.0792 1.1496 0.0000 12.3902 16.0577 7.3759 4.1566 10.0931 14.8421 7.5934 6.6489 2.9545 7.8230 12.6764 7.6594 6.2401 3.4548 1.1883 6.5449 12.5604 4.4060 12.7087 5.9779 14.1911 13.8718 13.6425 10.9196 11.2223 1.1569 0.7851 4.0275 8.1558 8.3443 5.7813 5.0991 1.4169 3.0127 15.4040 12.1362 10.9239 4.5700 7.4515 6.7537 14.7085 14.9270 4.2705 15.6418 14.7040 3.3614 11.2332 6.2540 5.3065 3.5338 4.2874 4.2708 14.6257 3.5171 12.8753 12.9571 6.5771
8.2945 8.1848 6.6014 6.6548 8.2418 7.6070 0.9166 1.1794 7.9825 7.3380 9.2518 9.6830 11.6031 12.1837 0.0000 4.3129 7.4142 8.5746 4.1613 4.9391 7.9739 8.4342 9.2179 6.8292 1.0701 7.6981 8.4173 11.0538 11.2813 6.5832 0.4426 9.0726 0.6625 8.6728 7.0031 5.1125 6.1152 1.4642 1.9728 12.2029 12.1910 10.6684 6.9750 11.0785 9.5488 9.7029 14.4555 9.6712 5.9432 0.3387 2.8985 8.9239 8.1181 8.8896 4.8480 5.4662 9.5706 3.6019 5.2432 8.6059 0.9427 7.3581 8.7443 9.8235 9.5875 8.9181 2.8810 10.2574 4.1161 5.4298 8.6979
10.9885 11.7413 7.7986 5.7811 11.4364 10.3010 4.5632 4.7691 11.5390 10.8945 11.9459 12.3770 14.2972 15.7402 3.8328 0.0000 10.9708 12.1312 6.1416 4.0655 10.6680 11.1283 12.7744 9.5233 3.5798 10.2689 11.1113 13.7479 14.8378 10.1397 4.0917 12.6292 3.6446 11.3668 8.2002 4.3826 8.3276 4.8505 5.5294 14.6858 15.1327 13.3624 9.6593 13.7726 12.2428 12.3969 17.1496 13.2277 4.8906 3.9034 6.0755 12.4804 10.8024 11.5837 4.6945 4.7917 12.7251 0.6355 4.6746 12.1624 5.5892 10.0522 11.4383 13.3800 12.4350 12.4746 3.2682 12.9515 3.3862 8.1335 11.3919
5.3772 2.7063 7.0200 11.5204 3.5990 4.3289 7.5026 6.9823 2.5896 4.4346 6.3345 5.0181 5.5109 5.7789 8.2272 12.2897 0.0000 2.1699 5.9300 10.6790 6.7767 4.4033 2.8132 6.0173 9.1012 5.8462 5.4999 4.8708 4.8765 0.8967 8.3974 2.6414 8.9407 3.7134 2.5079 9.7087 9.8136 6.7566 7.0592 5.7982 5.7862 5.4436 4.4730 8.1612 5.0047 5.0380 8.3633 3.2664 10.3868 7.9732 6.7608 2.4927 3.4699 5.9723 9.7204 9.9582 3.1659 11.8739 9.6960 2.2011 7.0701 4.4408 3.3198 3.4187 3.1827 1.5853 10.8578 4.9332 8.7122 9.1282 5.7603
3.2073 2.9074 7.3681 10.3222 2.7367 2.1590 8.2025 8.1169 3.6959 3.4573 4.1646 2.8482 3.7415 4.7048 9.3291 12.0820 1.9651 0.0000 7.0646 11.8136 4.6068 2.2334 1.7391 3.8474 8.7008 3.6763 3.3301 3.1015 3.8024 3.5164 9.4993 2.0627 8.7331 1.5435 7.8499 10.8433 9.6669 7.8911 7.7918 4.1301 4.7121 3.6742 4.1727 5.9914 2.8348 2.8682 6.5939 2.1923 10.0507 9.0751 7.8954 1.2896 3.2949 3.8025 9.3205 9.5737 1.0892 11.6662 9.3507 0.9376 8.2047 2.2709 1.2618 1.4713 1.0525 0.8246 10.6501 3.1638 9.8468 8.9815 3.5904
8.7758 3.1279 5.3006 6.2787 7.8122 8.0883 3.4675 2.9471 8.5670 6.9083 9.7332 10.1643 12.0845 12.7682 4.2265 7.4583 7.9987 9.1591 0.0000 5.4374 8.4553 8.1549 9.8024 7.3106 5.0660 7.7709 8.8986 11.5352 11.8658 7.1677 3.8268 9.6571 4.9055 9.1541 5.7022 4.4671 8.1789 2.7214 3.0240 12.4731 12.9200 11.1497 7.1613 11.5599 10.0301 10.1842 16.9421 10.2557 4.6424 3.9498 2.7257 9.5084 8.3044 9.3710 3.5472 4.1654 10.1551 6.7473 3.9424 9.1904 3.0349 7.8395 9.2256 10.4079 10.2223 9.5026 6.0264 10.7388 3.4706 7.4935 9.1792
12.6803 10.9153 6.5985 1.7828 11.1161 11.7396 7.2178 7.8595 11.4135 9.9068 13.6377 14.0688 16.9163 17.4342 7.1148 7.1000 10.8452 12.0056 6.5986 0.0000 11.7920 11.4639 12.6489 11.1187 8.6281 9.5244 12.4977 15.4397 15.4439 10.0142 6.7151 12.5036 8.6559 12.7690 7.0001 1.2439 12.3305 6.7936 7.8335 16.3655 16.3536 15.0542 8.9148 15.7807 13.9346 14.0887 17.3267 13.1022 2.0301 6.8381 7.5352 12.3549 10.0579 13.2755 4.0667 3.4575 13.6049 7.3110 3.9916 12.0368 7.4318 11.7440 12.8405 13.2544 13.3147 12.3491 8.3347 14.6433 2.9904 11.6451 12.5159
1.2089 3.2023 6.4246 10.6171 2.5051 2.1926 6.7001 7.2093 5.7309 1.8281 1.4313 3.6631 5.5250 7.5433 7.8267 10.5796 5.8306 4.1695 5.9968 10.6733 0.0000 2.8478 5.9086 3.5556 7.1984 1.9826 1.1488 4.0459 7.9720 4.9995 7.9969 6.2322 7.2306 3.3223 6.9065 9.4204 8.0872 6.8234 6.2893 5.9136 6.3605 3.6605 2.4790 4.0706 2.5409 3.6830 8.3774 6.3618 9.1073 7.5726 6.8277 6.3962 3.6221 1.8817 8.3770 8.6303 3.9721 10.1638 8.4073 5.0996 7.1369 1.3278 3.3938 5.6078 3.6820 5.4118 9.1477 4.1765 8.7790 7.4017 1.1287
2.1215 1.1983 5.7422 9.9347 0.3196 0.5385 6.4760 6.9852 3.8052 1.4731 3.0788 3.5116 5.4317 6.9382 7.6026 10.3555 3.9048 2.2334 5.3144 9.9908 3.5210 0.0000 3.9725 2.7616 6.9743 1.7585 2.2443 4.8808 6.0359 3.0738 7.7728 4.2961 7.0065 0.9396 6.2240 8.7379 7.8631 6.1409 6.0653 5.8203 6.2672 4.4954 2.2549 4.9056 3.3758 3.5315 8.2841 4.4257 8.4248 7.3486 6.1452 4.4601 1.6690 2.7166 7.6946 7.9478 2.7485 9.9397 7.7248 3.1635 6.4545 0.9812 1.1288 3.6717 2.4584 3.4757 8.9236 4.0860 8.0966 7.1777 2.5046
5.1498 4.6010 8.3055 10.6395 4.7375 4.1599 8.7881 8.2678 3.8468 5.4582 6.1655 4.1282 3.1439 3.1466 9.5126 13.5752 4.4983 2.0009 7.2155 11.9645 6.6425 4.2343 0.0000 5.8483 10.3866 5.6772 5.2892 2.5038 2.2443 3.6673 9.6828 1.4042 10.2262 3.5443 8.7873 10.9942 11.0991 8.0420 8.3447 3.1659 3.1539 3.0765 6.1736 7.3934 4.8303 4.1481 5.9963 0.3409 11.6723 9.2586 8.0463 1.1061 5.2958 5.8033 11.0059 11.2437 2.5535 13.1594 10.9814 0.9850 8.3556 4.2718 3.1508 1.3313 2.5704 1.3896 12.1432 2.5662 9.9977 10.4137 5.6261
3.7356 4.6447 6.6215 10.2345 4.1834 3.0481 5.0420 5.5512 6.8577 1.2357 4.6929 5.1240 7.0442 9.0626 6.1686 8.9215 6.9573 4.9611 6.1764 9.3932 3.4150 3.8753 6.7002 0.0000 5.5403 1.6994 3.8583 6.4949 8.7635 6.1263 6.3388 7.0238 5.5725 4.1138 7.1033 8.4229 6.5064 6.7584 4.6313 7.4328 7.8797 6.1095 2.1373 6.5196 4.9899 5.1440 9.8966 7.1534 9.1010 5.9146 7.0072 7.1878 2.0541 4.3307 8.4346 8.6724 5.4721 8.5057 8.4102 5.8912 5.5815 2.7992 4.1853 6.3994 5.1820 6.2034 7.4896 5.6985 7.4264 5.8210 4.1390
7.4669 8.6120 7.8082 7.9029 7.9147 6.7794 1.1660 1.5434 8.9642 7.7523 8.4243 8.8554 10.7755 12.7939 1.0701 3.7725 8.3959 8.6924 5.3681 6.1873 7.1464 7.6066 10.1996 6.0016 0.0000 7.9713 7.5897 10.2263 12.2630 7.5649 1.4041 10.0543 0.4222 7.8452 8.2099 6.3607 5.5457 3.1449 2.9545 11.1642 11.6111 9.8408 8.4677 10.2510 8.7212 8.8753 13.6280 10.6529 7.1500 1.3095 4.3698 9.9056 8.9995 8.0621 6.0548 6.6730 9.2035 3.3566 6.4501 9.6226 1.3067 6.5305 7.9167 10.1307 8.9133 9.9348 1.4989 9.4298 5.3642 4.8603 7.8703
3.5085 1.2169 4.4421 8.6345 1.3963 2.1744 5.5869 5.0666 3.5630 0.6202 4.4658 4.8985 6.8187 8.2293 6.3114 10.3739 3.6626 3.5245 4.0143 8.6907 1.9641 1.8986 5.2635 1.6994 7.1854 0.0000 3.6312 6.2678 7.3269 2.8316 6.4816 5.3210 7.0250 3.2037 4.9239 7.4378 7.4535 4.8408 5.1434 7.2073 7.6542 5.8824 0.9757 6.2925 4.7628 4.9185 9.6711 5.7168 7.1247 6.0574 4.8451 5.1723 0.5122 4.1036 6.3945 6.6477 4.0396 9.9581 6.4247 4.4546 5.1543 2.5721 3.2752 4.9627 3.7495 4.7668 8.9420 5.4730 6.7965 6.7680 3.8916
0.1388 2.9418 7.5200 11.7125 2.2445 1.6669 7.4402 7.9494 5.4704 2.6950 0.8428 2.5158 4.3777 6.3961 8.5668 11.3197 5.5701 3.0223 7.0922 11.7914 1.1488 1.9365 4.7613 3.0850 7.9385 2.9140 0.0000 2.8987 6.8247 4.7390 8.7369 5.0849 7.9707 1.4689 8.0018 10.8211 8.9046 7.9188 7.0294 4.7663 5.2132 2.5132 3.4104 2.9234 1.2908 2.5357 7.2301 5.2146 10.2027 8.3127 7.9230 5.2489 3.3293 0.6735 9.4724 9.7257 2.8248 10.9039 9.5027 3.9524 8.2323 0.9945 2.2465 4.4605 2.5347 4.2646 9.8877 3.0293 9.8246 8.2191 0.3872
2.7593 5.5043 10.0825 12.7532 4.8070 4.2294 10.0027 10.5119 5.9604 5.2575 3.7745 1.3111 1.1841 3.6107 11.1292 13.8822 6.6120 3.1014 9.3292 14.3539 4.2520 4.4989 2.2718 5.6475 10.5010 5.4764 2.8987 0.0000 4.0376 5.7810 11.2994 3.6160 10.5332 3.7032 10.5643 13.3836 11.4670 10.1557 9.5919 1.4831 2.4279 0.6775 5.9729 5.0029 2.4398 1.2878 4.4448 2.3300 12.7652 10.8752 10.1600 3.7800 5.8918 3.4123 12.0349 12.2881 2.9987 13.4664 12.0652 2.6787 10.4693 4.0711 3.9662 1.6631 3.0156 3.5069 12.4502 0.7648 12.3871 10.7816 3.2356
6.4415 6.6263 13.0900 13.1138 6.7629 6.1853 10.8134 10.2931 5.8721 7.7811 7.4566 5.4199 2.7646 1.1883 11.5380 16.3983 6.5237 4.0262 9.2409 15.5773 7.9341 6.2596 2.4976 8.1637 13.0171 8.0001 6.5808 3.7954 0.0000 5.6926 11.7082 3.5537 13.0493 5.5697 13.5718 15.0978 13.9832 10.0674 10.3700 2.2138 1.6873 4.3682 8.4965 8.6850 6.1220 5.4398 2.1385 3.3534 14.7847 11.2840 10.0717 3.7177 7.3211 7.0944 14.0891 14.3077 4.6112 15.9825 14.0847 3.7021 10.3809 6.5947 5.1761 3.8745 4.6280 3.4186 14.9664 3.8578 12.0230 13.2978 6.9177
4.7079 1.8577 2.1406 10.8091 2.7503 3.3738 6.7914 6.2711 1.2842 3.5860 5.6653 4.9201 5.4129 5.6809 7.5160 11.5785 0.8967 2.0719 5.2188 9.9678 5.4712 3.0931 2.7152 4.7979 8.3900 3.9295 4.8307 4.7729 4.7786 0.0000 7.6861 2.5612 8.2295 3.6154 1.6643 8.9975 9.1024 6.0453 6.3480 5.7002 5.6882 5.3456 3.6243 7.4920 4.9067 4.9401 8.2653 3.1684 9.6756 7.2619 6.0496 2.4125 2.6213 5.3031 9.0092 9.2470 3.0679 11.1627 8.9847 2.1031 6.3589 3.7716 3.2218 3.3207 3.0847 1.5277 10.1465 4.8352 8.0010 8.4170 5.0911
8.3321 8.2224 6.3738 6.4286 8.2795 7.6446 0.9410 1.1095 8.0201 7.3756 9.2895 9.7206 11.6408 12.2213 0.4426 4.0867 7.4519 8.6123 3.9337 4.7130 8.0116 8.4719 9.2556 6.8669 1.4041 7.7358 8.4549 11.0915 11.3189 6.6209 0.0000 9.1103 0.9877 8.7104 6.7755 4.8863 6.1529 1.2369 2.0105 12.2406 12.2286 10.7060 7.0126 11.1162 9.5864 9.7405 14.4932 9.7088 5.7156 0.3249 2.9354 8.9615 8.1557 8.9273 4.6204 5.2386 9.6083 3.3757 5.0157 8.6435 0.8728 7.3958 8.7819 9.8611 9.6251 8.9557 2.6548 10.2951 3.8899 5.4675 8.7355
5.0043 4.5635 8.2680 9.5384 4.5336 3.9560 8.7506 8.2303 2.8519 5.2543 5.9616 4.6452 4.2635 4.5543 9.4752 13.5377 4.4608 1.7970 7.1780 11.9270 6.4038 4.0304 1.4042 5.6444 10.4978 5.4733 5.1271 3.6234 3.6519 3.6298 9.6454 0.0000 10.1887 3.3405 8.7498 10.9567 11.0616 8.0046 8.3072 4.5735 4.5616 4.1961 5.9697 7.7883 4.6318 4.6651 7.1159 2.0190 11.2092 9.2211 8.0088 0.3960 5.0919 5.5994 10.5137 10.7322 2.7930 13.1219 10.9439 1.1217 8.3181 4.0679 2.9469 3.0458 2.8098 0.9963 12.1057 3.6858 9.9602 10.3762 5.3874
8.2701 8.1605 7.6288 8.9750 8.2175 7.5826 0.8554 1.1899 7.9582 7.3136 9.2275 9.6586 11.5788 12.1593 0.6625 4.3143 7.3899 8.5503 4.8871 5.7399 7.9496 8.4099 9.1936 6.8049 0.4222 7.6738 8.3929 11.0295 11.2570 6.5589 0.9877 9.0483 0.0000 8.6484 8.1106 7.1633 6.0909 2.7269 1.9485 12.1786 12.1666 10.6440 6.9506 11.0542 9.5244 9.6785 14.4312 9.6469 6.7674 0.9019 3.9518 8.8996 8.0938 8.8653 5.6721 6.2904 9.5463 3.8984 6.0674 8.5815 0.9533 7.3338 8.7199 9.7991 9.5631 8.8937 1.4559 10.2331 6.1668 5.4055 8.6735
1.3619 2.3389 6.9501 11.1426 1.2179 0.8117 6.8702 7.3794 4.8675 2.1250 2.8323 2.6758 4.5959 6.2483 7.9968 10.7498 4.9672 1.5435 6.5223 11.2215 3.2745 0.9396 3.2825 2.5151 7.3685 2.3440 1.4689 3.9490 5.3459 4.1361 8.1670 3.6061 7.4008 0.0000 7.4319 10.2511 8.3346 7.3488 6.4595 4.9846 5.4315 3.7598 2.8404 4.6591 2.6402 2.6957 7.4484 3.7358 9.6327 7.7428 7.3531 3.7702 2.7264 2.4702 8.9025 9.1557 2.0586 10.3339 8.9328 2.4736 7.6624 0.7056 0.3898 2.9817 1.2720 2.7858 9.3178 3.2502 9.2547 7.6492 2.2581
9.2763 2.2378 0.9183 7.0936 7.7121 8.3356 6.9803 7.6219 1.3071 6.5027 10.2337 10.6648 12.5850 15.5261 6.8773 9.6616 2.5079 8.6016 6.7264 7.1498 8.3880 8.0599 9.2449 7.7147 8.3905 6.1204 9.0937 12.0357 13.5359 1.6643 6.4775 9.0996 8.4183 9.3650 0.0000 5.8968 9.7782 6.5560 8.5472 14.4575 14.4456 11.6502 5.5107 12.3767 10.5306 10.6847 15.4187 9.6982 5.5837 6.6005 8.2014 8.9509 6.6539 9.8715 4.8535 5.1067 10.2008 9.3981 4.8838 8.6328 7.1942 8.3400 9.4365 9.8504 9.9107 3.0492 8.6771 11.2392 5.6389 9.0928 9.1119
10.9801 9.1543 5.2931 2.8883 9.3551 9.9787 5.0821 5.7237 9.6525 8.1458 11.9374 12.3685 14.2887 17.0420 4.9791 5.6214 9.0842 10.2446 4.6513 1.2439 10.6595 9.7029 10.8879 9.5148 6.4923 7.7634 11.1028 13.7394 15.0518 8.2532 4.5793 10.7426 6.5201 11.0080 5.6947 0.0000 10.3831 4.6578 5.8861 15.9734 15.9614 13.3540 7.1538 14.0197 12.2343 12.3885 16.9346 11.3412 0.7262 4.7023 5.5878 10.5939 8.2969 11.5752 2.1193 0.8975 11.8439 5.8324 2.0442 10.2759 5.8971 10.0437 11.0795 11.4934 11.5537 10.5881 6.9983 12.9430 1.3010 9.6977 11.3834
7.7932 8.9382 8.6125 12.2331 8.2410 7.1057 5.0367 5.5459 9.5379 7.5387 8.7505 9.1817 11.1018 13.1202 6.1633 8.3701 8.9696 9.0187 8.4089 11.3918 7.4727 7.9329 10.7578 6.3279 4.9327 7.8988 7.9160 10.5525 12.8212 8.1386 6.3335 10.6280 5.6418 8.1715 9.0944 10.4215 0.0000 6.7531 6.3062 11.4904 11.9373 10.1671 7.4958 8.1074 9.0475 9.2016 13.9542 11.2111 11.0996 5.9093 9.2397 10.4793 8.6389 8.3883 10.4332 10.6710 9.5297 7.9543 10.4087 9.9489 6.3660 6.8568 8.2430 10.4570 9.2396 10.2611 6.4822 9.7561 9.4250 0.6116 8.1966
9.9079 7.5934 6.0355 6.9487 7.6504 9.2203 1.6017 1.0164 7.3911 6.7466 10.8652 11.2963 11.3242 11.5922 1.4642 5.1180 6.8228 7.9832 1.7843 6.1074 9.5873 7.9931 8.6265 8.4426 3.3994 8.5058 10.0306 10.6842 10.6899 5.9918 1.2369 8.4812 3.0398 10.2861 6.4371 5.1371 6.7102 0.0000 1.3290 11.6115 11.5995 12.2818 7.8962 12.6919 11.1621 11.3163 17.6770 9.0798 5.3773 1.2354 1.3820 8.3325 9.0393 10.5030 4.2821 4.9003 8.9792 4.4069 4.6773 8.0144 1.1763 8.9715 10.3576 9.2320 8.9960 8.3266 3.6860 11.8708 4.1406 6.0248 10.3112
6.7658 7.2189 6.6873 8.0334 7.2136 6.0783 1.2437 0.7401 7.0166 6.1315 7.7231 8.1542 10.0744 11.2178 2.0831 5.9373 6.4484 7.6087 1.8138 7.1921 6.4452 6.9055 8.2520 5.3005 3.0699 6.4916 6.8885 9.5251 10.3154 5.6173 2.2533 8.1067 2.9094 7.1440 7.1691 6.2218 5.5264 1.3290 0.0000 10.4630 10.9099 9.1397 6.0091 9.5498 8.0201 8.1742 12.9268 8.7053 6.8999 1.8291 2.5551 7.9580 7.1522 7.3609 6.2335 6.4713 8.6047 5.2263 6.2090 7.6400 0.9967 5.8294 7.2155 8.8576 8.2122 7.9522 4.5054 8.7287 5.2253 4.8410 7.1691
4.5789 6.1324 10.7361 14.7857 5.4352 4.8576 10.6563 11.1655 6.7319 5.9186 5.5941 3.5573 0.6509 1.1570 11.7829 14.5358 7.3835 3.8729 10.1007 14.8497 6.0716 5.1271 3.0433 6.3012 11.1546 6.1375 4.7183 1.4831 2.2760 6.5524 11.9530 4.3875 11.1868 4.4561 11.2180 13.8793 12.1207 10.9272 10.2455 0.0000 0.6184 2.5056 6.6340 6.8225 4.2594 3.5772 3.5244 3.1015 13.4188 11.5288 10.9315 4.5515 6.5199 5.2319 12.6886 12.9418 3.7702 14.1200 12.7188 3.4502 11.2407 4.7322 4.5270 2.4346 3.7871 4.2784 13.1039 1.9953 12.8829 11.4353 5.0552
5.0237 6.5772 11.1810 14.7738 5.8800 5.3024 11.1011 11.6103 6.7846 6.3634 6.0389 4.0021 0.6514 0.7851 12.2277 14.9806 7.4362 4.3177 10.1534 14.9024 6.5164 5.5719 3.4881 6.7460 11.5994 6.5824 5.1631 2.3777 2.2641 6.6051 12.3979 4.4662 11.6316 4.9009 11.6628 13.9320 12.5655 10.9799 10.6903 0.6184 0.0000 2.9504 7.0788 7.2673 4.7042 4.0221 4.0695 3.5463 13.8636 11.9736 10.9842 4.6303 6.9647 5.6767 13.1334 13.3866 4.2150 14.5648 13.1636 3.8950 11.2934 5.1770 4.9718 2.8794 4.2319 4.3311 13.5487 2.4401 12.9356 11.8801 5.5000
2.3739 5.1188 9.6971 13.3259 4.4216 3.8440 9.6172 10.1264 6.5332 4.8720 3.3890 1.3256 2.1651 4.1835 10.7438 13.4967 7.1847 3.6741 9.2693 13.9684 3.8665 4.1135 2.8445 5.2621 10.1155 5.0910 2.5132 0.6775 4.6103 6.3537 10.9140 4.1887 10.1477 3.4901 10.1789 12.9981 11.0816 10.0958 9.2065 2.5537 3.0006 0.0000 5.5874 4.6174 1.4152 1.3023 5.0175 2.9028 12.3797 10.4898 10.1001 4.3527 5.5063 3.0268 11.6495 11.9027 3.2333 13.0809 11.6797 3.2514 10.4094 3.6856 3.5808 2.2359 2.9432 4.0796 12.0648 1.0069 12.0016 10.3962 2.8502
3.6490 2.1235 5.3392 9.5317 2.3243 2.9478 6.1093 5.9637 4.3365 1.0580 4.1503 5.6720 7.5922 9.0028 7.2086 9.9888 4.4361 4.2979 4.9114 9.5879 2.9169 2.6721 6.0370 2.2436 6.6076 0.9757 3.6226 6.4083 8.1004 3.6051 7.3788 6.0945 6.6398 3.9772 5.8210 8.3350 7.4964 5.7380 5.6986 7.9808 8.4277 6.0228 0.0000 7.2803 4.9032 5.6919 10.4446 6.4903 8.0219 6.9545 5.7422 5.9457 1.2512 4.2441 7.2916 7.5449 4.8130 9.5730 7.3219 5.2281 6.0515 3.3456 4.0487 5.7362 4.5229 5.5403 8.5569 6.2465 7.6936 6.8110 3.6408
2.8431 5.5880 10.5103 14.7028 4.8908 4.3131 10.0864 10.5956 8.1166 5.3412 1.5461 4.5633 6.4252 8.4436 11.2130 13.9659 8.2163 5.6685 10.0826 14.4376 4.2495 4.5827 7.1046 5.7312 10.5847 5.5602 2.9824 4.9462 8.8705 7.3852 11.3831 7.7311 10.6169 4.8212 10.9922 13.4673 11.5508 10.9091 9.6756 6.8138 7.2607 4.5607 6.0566 0.0000 2.8654 4.5832 9.2776 7.1629 13.1930 10.9589 10.9134 7.8951 5.9755 1.2178 12.4627 12.7160 4.8723 13.5501 12.4930 5.9101 11.2226 4.1548 4.8927 5.8747 4.5822 6.9108 12.5339 5.0768 12.4708 10.8654 2.9427
1.2584 4.0069 8.5852 13.1124 3.3097 2.7321 8.5053 9.0145 6.4861 3.7601 1.4699 1.2807 3.9189 5.9372 9.6319 12.3848 6.6352 2.9797 8.1574 12.8565 2.7546 3.0016 4.5983 4.1502 9.0036 3.9791 1.2908 2.4398 6.3641 5.8042 9.8021 4.8529 9.0358 2.6229 9.0670 11.8862 9.9697 8.9839 8.0945 4.3075 4.7544 1.4152 4.4755 2.9221 0.0000 1.2575 6.7713 4.6565 11.2678 9.3779 8.9882 5.0169 4.3944 1.1026 10.5376 10.7908 2.3660 11.9690 10.5678 3.4038 9.2974 2.5737 2.7135 3.3683 2.0759 4.0326 10.9529 2.5704 10.8897 9.2843 1.4713
2.0749 4.8198 9.3981 13.5906 4.1226 3.5450 9.3183 9.8274 7.3485 4.5730 3.0901 0.0233 2.4497 4.4680 10.4448 13.1978 7.4481 3.5480 8.9703 13.6695 3.5675 3.8145 3.6555 4.9631 9.8165 4.7920 2.2142 1.2878 4.8949 6.6171 10.6150 4.9997 9.8488 3.1912 9.8799 12.6991 10.7826 9.7968 8.9075 2.8383 3.2852 1.3023 5.2884 4.3185 1.2575 0.0000 5.3021 3.7138 12.0807 10.1908 9.8011 5.1637 5.2073 2.7279 11.3505 11.6037 1.4868 12.7819 11.3808 3.9720 10.1104 3.3867 3.2818 1.3027 2.6442 4.6009 11.7658 0.6733 11.7027 10.0972 2.5512
9.3467 9.1523 13.4460 13.4699 9.2889 8.7112 13.3394 12.8191 8.3981 10.0095 10.3619 8.3251 2.2262 1.4169 16.6761 19.2533 9.0496 6.5522 11.7668 15.9333 10.8394 8.7856 5.0235 10.3996 18.3545 10.2285 9.4861 6.7007 3.9674 8.2186 16.2763 6.0797 18.3867 8.0957 13.9278 15.4538 18.6764 12.5934 12.8960 4.8891 2.1033 7.2735 14.4089 11.5903 9.0272 8.3451 0.0000 5.4768 15.1407 16.3993 12.5976 7.3975 9.8471 9.9997 14.4452 14.6637 7.1309 19.1969 14.4407 6.2218 12.9069 8.8231 7.7021 6.3942 7.1478 5.9446 18.4759 6.7631 15.1958 17.9910 9.8230
4.9761 5.1103 8.8148 11.1488 5.2469 4.6692 9.2974 8.7771 4.3561 5.9675 5.9912 3.9545 2.9702 3.0410 10.0220 14.0845 5.0076 2.5102 7.7248 12.4738 6.4687 4.7436 0.3409 6.3576 10.8960 6.1865 5.1154 2.3301 2.3144 4.1766 10.1922 2.0116 10.7355 4.0537 9.2966 11.5035 11.6084 8.5514 8.8540 2.7032 3.2241 2.9028 6.6829 7.2196 4.6566 3.9744 5.8226 0.0000 12.1816 9.7679 8.5556 1.4444 5.8051 5.6290 11.5152 11.7530 2.3798 13.6687 11.4907 1.3233 8.8649 4.7811 3.6601 1.4362 2.3967 1.9026 12.6525 2.3924 10.5070 10.9230 5.4524
10.6207 8.8556 4.9944 1.9358 9.0565 9.6800 5.6137 6.2554 9.3538 7.8471 11.5780 12.0092 13.9293 16.7434 5.5108 6.1334 8.7856 9.9460 5.3599 2.1941 9.7324 9.4042 10.5893 9.0590 7.0240 7.4648 10.4381 13.3800 14.7531 7.9545 5.1110 10.4440 7.0518 10.7093 5.3961 0.7262 11.0917 5.1895 6.5948 15.6747 15.6628 12.9946 6.8551 13.7211 11.8750 12.0291 16.6359 11.0425 0.0000 5.2340 6.2964 10.2952 7.9982 11.2158 2.0157 0.8394 11.5452 6.3443 2.1530 9.9772 5.8277 9.6843 10.7808 11.1948 11.2551 10.2894 7.3106 12.5836 1.5550 10.4063 10.4563
8.0944 7.9847 6.1510 6.6723 8.0418 7.4069 0.7207 0.9551 7.7824 7.1379 9.0518 9.4829 11.4031 11.9836 0.3387 4.3304 7.2142 8.3746 3.7108 4.9567 7.7739 8.2341 9.0179 6.6291 1.3095 7.4981 8.2172 10.8538 11.0812 6.3831 0.3249 8.8726 0.9019 8.4727 6.5526 5.2526 5.9152 1.2354 1.7728 12.0029 11.9909 10.4683 6.7749 10.8785 9.3487 9.5028 14.2555 9.4711 5.4928 0.0000 2.6772 8.7238 7.9180 8.6896 4.3976 5.0158 9.3706 3.6194 4.7928 8.4058 0.7184 7.1580 8.5442 9.6234 9.3874 8.7180 2.8985 10.0573 4.2561 5.2297 8.4978
9.5486 8.5410 7.2543 8.1675 8.5980 8.8611 2.7725 2.2522 8.3387 7.6942 10.5060 10.9371 12.2719 12.5399 3.1049 6.3367 7.7704 8.9308 1.7823 7.3262 9.2281 8.9408 9.5741 8.0833 4.3710 8.0543 9.6714 11.6318 11.6375 6.9394 2.7051 9.4288 4.2106 9.9269 7.6559 6.3558 7.8810 1.3820 2.3290 12.5591 12.5472 11.9225 7.3312 12.3327 10.8029 10.9570 15.1243 10.0274 6.5960 3.2430 0.0000 9.2801 8.4743 10.1438 5.5008 6.1190 9.9268 5.6257 5.8961 8.9621 2.3400 8.6123 9.9984 10.1797 9.9437 9.2743 4.9048 11.5115 5.3594 7.1956 9.9520
4.3962 3.9554 7.6599 10.0755 3.9256 3.3479 8.1425 7.6222 3.2012 4.6462 5.3535 4.0371 4.5771 4.8451 8.8671 12.9296 3.8527 1.2896 6.5699 11.3189 5.7957 3.4223 1.1061 5.0363 9.8897 4.8652 4.5190 3.9370 3.9427 3.0217 9.0373 0.3960 9.5806 2.7324 8.1417 10.3486 10.4535 7.3965 7.6991 4.8643 4.8524 4.5097 5.3616 7.1803 4.0237 4.0571 7.4295 1.4444 11.0267 8.6130 7.4007 0.0000 4.4838 4.9913 10.3603 10.5981 2.1849 12.5138 10.3359 0.7714 7.7100 3.4598 2.3388 2.4377 2.2017 0.6921 11.4977 3.9993 9.3521 9.7681 4.7793
5.8434 0.9873 4.0732 8.2656 1.2978 1.7153 5.2180 4.6977 4.9025 1.1324 6.8007 7.2319 8.8357 9.1037 5.9425 10.0050 4.3343 5.4947 3.6454 8.3218 4.9551 1.6130 6.1379 2.0541 6.8165 0.5122 5.6608 8.1956 8.2013 3.5032 6.1127 5.9927 6.6560 2.4858 4.5550 7.0689 7.0846 4.4719 4.7745 9.1229 9.1110 8.2173 1.2512 8.9438 7.0977 7.2518 15.6806 6.5912 6.7558 5.6885 4.4762 5.8439 0.0000 6.4385 6.0256 6.2788 6.4906 9.5892 6.0558 5.5259 4.7854 2.0781 6.0035 6.7435 6.5075 5.8381 8.5731 7.8063 6.4276 6.3991 5.6790
0.7082 3.7004 8.2786 12.4711 3.0032 2.4256 8.1988 8.7080 6.2291 3.4536 0.7294 2.6757 4.5376 6.5560 9.3254 12.0783 6.3287 3.7809 7.8509 12.5500 2.5155 2.6951 5.2170 3.8437 8.6971 3.6726 0.6735 3.0586 6.9829 5.4976 9.4956 5.8435 8.7293 2.9336 8.7605 11.5797 9.6632 8.6774 7.7880 4.9262 5.3731 2.6731 4.1690 1.2178 1.1026 2.6956 7.3900 5.2753 10.9613 9.0713 8.6817 6.0075 4.0879 0.0000 10.2311 10.4843 2.9848 11.6625 10.2613 4.0225 8.9909 1.5639 3.0051 3.9871 2.6946 5.0232 10.6464 3.1892 10.5832 8.9778 0.7039
9.6458 7.8807 4.0195 3.4153 8.0815 8.7051 4.6388 5.2804 8.3789 6.8722 10.6031 11.0342 12.9544 15.7684 4.5358 6.1011 7.8106 8.9710 4.3850 3.2276 8.7574 8.4293 9.6143 8.0841 6.0491 6.4898 9.4631 12.4051 13.7782 6.9796 4.1360 9.4690 6.0769 9.7344 4.4211 2.2573 10.1168 4.2146 5.6198 14.6998 14.6878 12.0196 5.8802 12.7461 10.9000 11.0542 15.6610 10.0676 1.9055 4.2591 5.3215 9.3203 7.0233 10.2409 0.0000 0.8130 10.5703 6.3121 0.3334 9.0023 4.8528 8.7094 9.8059 10.2198 10.2801 9.3145 6.3357 11.6087 1.2187 9.4314 9.4813
9.9734 8.2084 4.3472 2.7202 8.4092 9.0327 4.9665 5.6081 8.7066 7.1999 10.9308 11.3619 13.2821 16.0961 4.8635 6.1558 8.1383 9.2987 4.7126 2.5814 9.0851 8.7570 9.9420 8.4118 6.3767 6.8175 9.7908 12.7328 14.1059 7.3073 4.4637 9.7967 6.4046 10.0621 4.7488 0.8975 10.4445 4.5422 5.9475 15.0275 15.0155 12.3473 6.2079 13.0738 11.2277 11.3818 15.9887 10.3953 0.8394 4.5868 5.6492 9.6480 7.3510 10.5686 0.8130 0.0000 10.8979 6.3668 0.8821 9.3299 5.1805 9.0371 10.1336 10.5475 10.6078 9.6421 6.6634 11.9364 1.3636 9.7591 9.8090
2.9755 3.4225 7.8832 11.3181 2.8078 2.6741 8.7176 9.2268 4.6918 3.9724 3.9907 1.4636 3.8774 4.2988 9.8442 12.5971 5.3434 1.0892 8.0606 12.8096 4.4682 2.7485 2.3216 4.3625 9.2159 4.1914 3.1149 3.2373 4.4077 4.5124 10.0144 3.0586 9.2482 2.0586 8.3650 11.8392 10.1820 8.8871 8.3069 3.9609 4.2915 3.7757 4.6878 5.2191 2.6560 1.4868 6.7298 2.3798 10.5658 9.5902 8.8914 3.2227 3.8100 3.6285 9.8356 10.0888 0.0000 12.1813 9.8658 1.2944 9.2007 2.7860 1.3868 1.3768 0.5691 2.2383 11.1652 3.2439 10.8428 9.4966 3.4518
10.5641 11.3169 8.3389 6.7346 11.0119 9.8766 4.1388 4.3446 11.1146 10.4700 11.5214 11.9526 13.8727 15.3157 3.4083 0.6355 10.5463 11.7067 6.6493 4.8469 10.2435 10.7038 12.3500 9.0988 3.1553 11.0685 10.6869 13.3234 14.4134 9.7153 3.6673 12.2047 3.2201 10.9424 8.7405 4.9229 7.9032 4.4261 5.1049 14.2613 14.7082 12.9380 10.1996 13.3481 11.8184 11.9725 16.7251 12.8032 5.4309 3.4789 5.6510 12.0559 11.3427 11.1592 5.2348 5.3321 12.3006 0.0000 5.2149 11.7379 5.1647 9.6277 11.0139 12.9555 12.0105 12.0501 2.8437 12.5270 3.9265 7.7091 10.9675
10.3284 8.0050 4.1438 4.2837 8.2058 8.8294 4.2534 4.8951 8.5032 6.9965 11.2857 11.7168 13.6370 15.8927 4.1504 5.3455 7.9349 9.0953 3.6504 3.4424 8.8817 8.5536 9.7386 8.8631 5.6637 6.6141 10.4511 13.0877 13.9025 7.1039 3.7507 9.5933 5.6915 9.8587 4.5454 2.4720 9.7314 3.8292 4.8853 14.8241 14.8121 12.7023 6.0045 12.8704 11.5826 11.7368 15.7853 10.1919 1.6500 3.8737 4.5870 9.4446 7.1476 10.9235 0.3334 0.8821 10.6946 5.5565 0.0000 9.1265 4.4674 9.3920 9.9302 10.3441 10.4044 9.4388 5.9503 12.2913 1.2562 9.0460 9.6056
4.1526 3.8527 8.3134 10.1923 3.6820 3.1044 8.5073 7.9870 3.5660 4.4026 5.1100 3.7936 3.3188 3.3896 9.2319 13.0274 2.0140 0.9376 6.9347 11.6837 5.5521 3.1787 0.9850 4.7927 9.6461 4.6216 4.2754 2.6787 3.1696 3.3865 9.4021 1.1217 9.6784 2.4888 8.7952 10.7134 10.6122 7.7613 8.0639 3.0518 3.3824 3.2514 5.1180 6.9367 3.7801 3.8135 6.1712 1.3233 11.3915 8.9778 7.7655 0.7714 4.2402 4.7478 10.7251 10.9629 1.2944 12.6115 10.7006 0.0000 8.0748 3.2163 2.0952 1.1782 1.3079 0.6447 11.5954 2.7411 9.7169 9.9268 4.5358
7.7203 7.6106 6.4456 7.3588 7.6676 7.0328 0.4581 0.2590 7.4083 6.7638 8.6776 9.1088 11.0289 11.6095 0.9427 5.2196 6.8401 8.0004 4.0055 5.6376 7.3997 7.8600 8.6437 6.2550 1.3067 7.1239 7.8431 10.4796 10.7071 6.0090 0.8728 8.4984 0.9533 8.0986 6.8472 5.5472 5.5410 1.1763 0.9967 11.6287 11.6168 10.0942 6.4008 10.5043 8.9746 9.1287 13.8813 9.0970 5.7874 0.7184 2.9718 8.3497 7.5439 8.3154 4.6922 5.3104 8.9964 4.8038 5.0874 8.0317 0.0000 6.7839 8.1701 9.2493 9.0133 8.3439 3.7876 9.6832 4.5507 4.8556 8.1237
0.9318 2.0814 6.6597 10.8522 1.1824 0.5541 6.5798 7.0890 4.6101 1.3152 1.8937 2.3265 4.2466 6.2650 7.7064 10.4593 4.7097 2.1619 6.2319 10.9310 1.3278 0.9812 3.9010 2.2247 7.0781 2.0536 0.9945 3.6957 5.9643 3.8787 7.8766 4.2246 7.1104 0.7056 7.1415 9.9607 8.0442 7.0584 6.1691 4.6352 5.0821 3.3103 2.5500 3.7204 2.1907 2.3464 7.0990 4.3542 9.3423 7.4524 7.0627 4.3886 2.4689 1.5315 8.6121 8.8653 2.6745 10.0435 8.6423 3.0920 7.3720 0.0000 1.0955 3.6002 2.3844 3.4042 9.0274 2.9009 8.9642 7.3588 1.2533
2.4315 2.6581 7.1188 11.4721 1.4060 1.1339 7.4268 7.9360 4.8458 2.6816 3.3889 2.2724 4.1926 5.8547 8.5533 11.3063 2.3123 1.2618 6.6910 11.7780 3.8310 1.1288 2.8890 3.0716 7.9251 2.9005 2.5543 3.5456 4.9524 4.4554 8.7235 3.2126 7.9573 0.3898 7.6006 10.1145 8.8911 7.5175 7.0160 4.5812 5.0281 3.3786 3.3970 5.2156 2.2590 2.2924 7.0450 3.3422 9.8014 8.2993 7.5218 3.3766 3.0456 3.0267 9.0712 9.3244 1.3868 10.8905 9.1014 2.0800 7.8310 1.0955 0.0000 2.5882 0.9530 2.3922 9.8743 2.8469 9.8112 8.2057 2.8147
3.3234 4.3457 8.8063 11.5710 4.1749 3.5973 9.4126 9.3657 4.9447 4.6749 4.3385 1.2794 2.3033 3.5621 10.6106 13.2921 5.5962 1.4713 8.3134 13.0624 4.8160 3.6717 1.3313 5.0575 9.9109 4.8938 3.4627 1.6632 3.6710 4.7652 10.7807 3.3115 9.9431 2.9817 9.2881 12.0921 10.8770 9.1399 9.0018 2.6919 3.1388 2.2359 5.3903 5.5669 3.0039 1.3027 5.1557 1.4362 11.4889 10.3565 9.1442 1.7537 4.7332 3.9763 10.7587 11.0119 1.3768 12.8763 10.7890 1.1782 9.4535 3.7092 2.5882 0.0000 1.4441 2.4912 11.8602 1.7255 11.0956 10.1916 3.7996
2.6854 3.1324 7.5930 11.3350 2.5177 2.3840 8.4275 8.9367 4.7087 3.6823 3.7006 2.3793 3.8942 4.3156 9.5541 12.3070 5.3602 1.0525 7.1652 11.8417 4.1780 2.4584 2.3384 4.0724 8.9258 3.9013 2.8247 3.2541 4.4246 4.5292 9.7243 3.0755 8.9580 1.2720 8.0748 10.5888 9.8919 7.9918 8.0167 3.9778 4.3084 3.4855 4.3977 4.9290 2.3659 2.3993 6.7466 2.3967 10.2757 9.3000 7.9960 3.2395 3.5199 3.3384 9.5454 9.7987 0.5691 11.8912 9.5757 1.3079 8.3053 2.4959 0.9530 1.4441 0.0000 2.2552 10.8751 2.9538 9.9474 9.2065 3.1617
5.5252 3.3680 7.0725 11.5728 4.2606 4.4769 7.5551 7.0348 2.6138 5.0963 6.4825 5.1661 5.6589 5.9269 8.2796 12.3422 1.5853 0.8246 5.9825 10.7315 6.9246 4.5513 1.3896 6.1652 9.1536 5.4398 5.6479 5.0188 5.0245 1.5277 8.4498 0.9963 8.9932 3.8613 7.5543 9.7612 9.8661 6.8090 7.1117 5.9461 5.9342 5.5915 5.1346 8.3092 5.1527 5.1860 8.5113 1.7279 10.4393 8.0256 6.8133 0.6921 4.1316 6.1203 9.7729 10.0107 1.7172 11.9264 9.7484 0.6447 7.1226 4.5888 3.4678 1.7342 1.6935 0.0000 10.9102 5.0811 8.7647 9.1807 5.9083
9.3142 9.8248 8.4456 8.1572 9.7620 8.6267 2.6468 2.8526 9.6225 8.9780 10.2715 10.7027 12.6228 13.8237 2.7645 3.1612 9.0543 10.5397 6.0055 6.4416 8.9937 9.4539 10.8579 7.8489 1.4989 9.8186 9.4370 12.0736 12.9213 8.2232 3.0235 10.7127 1.4559 9.6925 8.8473 6.6149 6.2446 3.7823 3.6129 13.0114 13.4583 11.6881 8.6150 12.0983 10.5685 10.7226 15.4752 11.3112 7.7874 2.8891 5.0072 10.5639 9.7581 9.9094 6.6922 7.3104 11.0508 2.7454 7.0875 10.2459 3.6727 8.3778 9.7640 11.4635 10.7606 10.5581 0.0000 11.2771 5.6185 6.1997 9.7176
3.6292 5.3327 9.9365 12.7551 4.6355 4.0579 9.8566 10.3658 5.9624 5.1189 4.6443 0.6965 1.6258 3.6442 10.9832 13.7361 6.6139 3.1033 9.3311 14.0801 5.1218 4.3274 2.2737 5.5015 10.3549 5.3379 3.7685 0.7648 4.0710 5.7829 11.1534 3.6179 10.3871 3.6564 10.4183 13.1098 11.3210 10.1576 9.4458 2.0144 2.4613 1.0069 5.8343 5.8727 1.7690 0.6733 4.4782 2.3320 12.6191 10.7292 10.1619 3.7819 5.7202 4.2822 11.8889 12.1421 3.0006 13.3203 11.9191 2.6806 10.4712 3.9325 3.7273 1.6651 3.0175 3.5088 12.3042 0.0000 12.1133 10.6356 4.1055
9.9836 8.8879 5.0268 2.8547 9.0888 9.7123 4.0856 4.7272 9.1343 7.8794 10.9409 11.3721 13.2922 16.7757 3.9826 4.6249 8.5661 9.7264 3.6548 2.0134 9.6630 9.4366 10.3697 8.5183 5.4958 7.4971 10.1064 12.7429 12.4331 7.7350 3.5828 10.2244 5.5237 10.3619 5.4284 1.3010 9.3866 3.6613 4.8897 13.6808 13.3428 12.3575 6.8874 13.7534 11.2379 11.3920 16.6683 10.8230 1.5510 3.7059 4.5913 10.0757 8.0306 10.5787 1.2187 1.3636 10.7224 4.8359 1.2562 9.7577 4.9006 9.0472 10.4334 10.9753 10.7393 10.0699 6.0158 11.9465 0.0000 8.7012 10.3870
7.1622 8.3073 7.7209 11.3415 7.6101 6.4747 4.4672 4.9764 8.6463 6.6470 8.1196 8.5507 10.4709 12.4892 5.5937 8.3132 8.0780 8.3878 7.5173 10.5002 6.8417 7.3020 10.1268 5.6970 4.8157 7.0072 7.2850 9.9216 12.1902 7.2470 5.7639 9.7364 5.5717 7.5405 8.2027 9.5299 0.6116 6.1836 5.7357 10.8595 11.3064 9.5361 6.6042 8.8666 8.4165 8.5706 13.3233 10.5801 10.2080 5.3397 7.4085 9.5877 7.7473 7.7574 9.5416 9.7794 8.8988 7.8974 9.5171 9.3179 5.7965 6.2259 7.6120 9.8260 8.6087 9.6301 6.9403 9.1252 8.5334 0.0000 7.5656
0.4672 3.2787 7.8570 12.0495 2.5815 2.0039 7.7771 8.2863 5.8074 3.0319 0.4593 2.8527 4.7147 6.7330 8.9037 11.6566 5.9070 3.3592 7.4292 12.1283 1.1287 2.2734 5.0983 3.4220 8.2754 3.1045 0.3872 3.2356 7.1616 5.0760 9.0739 5.4219 8.3076 2.5119 8.3388 11.1580 9.2415 8.2557 7.3664 5.1033 5.5502 2.8502 3.6009 2.9653 1.4713 2.8727 7.5671 5.5515 10.5396 8.6497 8.2600 5.5859 3.6662 0.7039 9.8094 10.0626 3.1618 11.2408 9.8396 4.2893 8.5693 1.2533 2.5834 4.7975 2.8717 4.6015 10.2247 3.3662 10.1615 8.5561 0.0000
0.000 15.428 31.165 49.797 12.085 9.860 34.697 32.763 25.952 14.705 7.485 12.697 21.167 25.282 38.037 48.470 23.113 16.993 32.617 51.640 9.040 10.957 22.052 15.785 35.948 15.207 3.912 15.140 29.273 22.885 36.882 22.502 35.450 10.318 29.175 52.013 33.865 35.228 33.295 21.132 23.135 14.575 17.237 11.080 9.623 12.777 33.705 22.855 44.368 36.427 34.893 20.963 16.982 7.838 40.242 41.697 14.325 48.722 41.643 17.662 33.962 8.875 11.757 20.238 12.883 19.560 43.633 14.025 45.677 33.065 5.535
13.050 0.000 20.025 41.165 7.463 9.563 30.958 27.860 14.855 13.065 19.997 20.825 29.937 32.750 32.103 44.472 14.360 17.860 23.985 43.008 17.662 9.002 22.087 16.163 34.278 11.937 16.680 26.453 30.153 11.745 31.048 21.452 33.780 13.737 18.035 43.382 34.243 26.597 29.508 30.062 32.065 27.260 11.692 23.592 22.308 20.905 40.437 24.207 35.737 30.350 26.262 20.650 8.052 20.350 31.610 33.065 17.937 44.723 33.012 19.088 27.245 13.115 13.590 23.850 16.495 19.247 41.963 23.118 37.045 33.443 18.185
28.615 19.712 0.000 29.877 23.028 25.128 32.790 29.692 13.130 28.630 35.562 33.492 37.798 37.192 31.013 36.670 18.802 24.683 21.228 31.720 33.227 24.567 26.528 31.728 38.957 26.085 32.245 33.897 34.595 16.187 29.178 21.917 35.665 27.092 7.045 32.093 44.638 28.428 31.467 34.992 36.573 37.772 23.860 39.157 34.975 33.572 44.878 28.648 24.448 29.733 28.093 22.548 22.738 35.915 20.322 21.777 27.715 40.075 21.723 23.530 29.077 28.680 26.257 31.405 27.807 21.728 41.418 34.447 25.757 42.003 33.750
42.363 35.053 28.077 0.000 38.370 40.470 33.527 33.822 36.828 37.055 47.595 51.425 58.425 57.818 30.692 27.728 39.428 45.310 32.820 14.618 41.652 39.908 47.098 40.153 38.122 34.177 45.465 54.523 55.165 36.813 28.725 45.615 35.343 44.643 30.163 14.057 52.730 32.087 37.740 55.618 57.200 56.938 31.952 52.907 51.987 51.505 65.505 49.218 12.527 29.787 35.917 45.662 36.373 49.665 18.043 16.523 48.342 31.133 18.662 44.157 33.678 43.022 44.497 52.032 47.402 44.258 39.458 53.718 17.818 50.095 46.137
10.083 7.625 23.362 42.292 0.000 6.597 29.855 27.922 18.192 9.893 17.030 17.812 26.923 30.428 33.195 43.628 17.697 14.847 25.112 44.135 14.490 4.732 20.297 12.992 31.107 9.233 13.713 23.440 28.363 15.082 32.040 20.355 30.608 9.833 21.372 44.508 31.072 27.723 28.453 27.048 29.052 24.247 11.263 20.625 19.295 17.892 38.115 22.417 36.863 31.477 27.388 18.817 9.178 17.383 32.737 34.192 14.923 43.880 34.138 16.767 28.372 10.148 10.235 20.837 13.482 17.413 38.792 20.105 38.172 30.272 15.218
7.447 9.832 25.568 44.498 6.570 0.000 30.372 28.438 20.398 10.380 14.393 15.915 25.100 29.187 33.712 44.145 19.903 14.140 27.318 46.342 14.163 6.988 19.590 11.460 31.623 10.882 11.077 21.588 27.657 17.288 32.557 19.648 31.125 8.328 23.578 46.715 29.540 29.930 28.970 25.225 27.228 22.022 12.912 17.988 17.070 15.995 37.408 21.710 39.070 32.102 29.595 18.110 11.385 14.747 34.943 36.398 14.452 44.397 36.345 16.060 29.637 7.512 8.903 20.365 13.010 16.707 39.308 18.208 40.378 28.740 12.582
31.120 28.143 33.717 34.750 31.460 31.502 0.000 8.350 31.552 31.485 37.353 39.245 48.378 50.908 9.783 23.600 32.518 38.400 21.527 29.368 31.410 32.998 40.188 26.888 12.588 31.378 34.750 44.895 48.255 29.903 9.828 39.553 11.002 34.592 34.575 32.957 27.113 12.187 11.800 48.503 50.290 45.695 29.153 41.662 40.743 39.325 58.595 42.308 30.243 9.373 16.217 38.752 31.170 38.420 24.720 27.930 40.892 23.852 26.907 37.247 8.617 31.185 36.030 45.122 39.450 37.348 19.185 41.538 24.670 24.478 35.895
29.058 24.930 30.503 34.550 28.247 29.440 8.935 0.000 28.338 29.423 35.292 37.183 46.317 47.695 10.667 23.593 29.305 35.187 18.313 29.168 29.348 29.785 36.975 24.827 14.632 28.165 32.688 42.833 45.042 26.690 9.628 36.340 13.260 32.530 31.362 32.757 27.857 8.792 8.487 45.495 47.077 43.633 25.940 39.600 38.682 37.263 55.382 39.095 29.310 9.068 12.928 35.538 27.957 36.358 23.428 26.638 38.218 23.845 25.615 34.033 5.222 29.123 33.968 41.908 37.278 34.135 21.443 39.477 24.470 25.222 33.833
23.487 14.927 13.867 36.765 18.243 20.343 31.722 28.623 0.000 23.845 30.757 26.148 30.455 29.848 32.867 45.235 14.017 17.340 24.748 40.353 28.442 19.782 19.242 26.943 38.332 22.080 27.398 26.553 27.308 11.402 31.812 14.195 36.745 19.748 13.383 40.727 42.932 27.360 30.398 27.648 29.230 30.428 21.593 32.958 27.632 26.228 37.535 21.362 33.082 31.113 27.025 14.607 17.953 30.383 28.955 30.410 20.372 45.487 30.357 16.187 28.008 23.895 18.913 24.062 20.463 13.787 44.410 27.103 34.390 40.297 28.965
11.967 12.995 25.655 42.173 9.802 12.112 28.205 26.272 23.010 0.000 17.198 21.028 30.213 34.300 31.545 41.978 22.515 21.230 24.993 44.017 11.255 11.340 26.680 9.757 29.457 7.583 15.068 26.702 34.747 19.900 30.390 26.738 28.958 16.032 26.190 44.390 27.837 27.605 26.803 30.338 32.342 26.542 9.613 22.510 21.590 21.108 42.723 28.800 36.745 29.935 27.270 25.200 10.687 19.268 32.618 34.073 21.307 42.230 34.020 23.150 27.470 12.625 16.717 27.220 19.865 23.797 37.142 23.322 38.053 27.037 15.740
4.453 19.820 35.437 51.955 16.477 14.252 37.987 36.053 30.343 16.863 0.000 16.265 24.735 28.850 41.327 51.760 27.505 21.385 34.775 53.798 9.855 15.348 25.620 20.177 39.238 17.365 7.372 18.708 32.842 27.277 40.172 26.893 38.740 14.710 33.567 54.172 38.257 37.387 36.585 24.700 26.703 17.140 19.395 10.628 11.527 16.345 37.273 26.423 46.527 39.717 37.052 25.355 20.468 8.387 42.400 43.855 17.893 52.012 43.802 21.230 37.252 11.903 16.148 23.807 16.452 23.952 46.923 17.593 47.835 37.457 5.337
8.603 21.992 35.660 56.207 18.648 16.423 40.772 38.838 27.988 21.198 15.180 0.000 14.918 19.005 44.112 54.545 25.150 17.110 39.027 58.050 17.643 17.520 16.927 21.860 42.023 21.700 12.515 10.190 23.185 26.510 42.957 22.010 41.525 13.753 33.670 58.423 39.940 41.638 39.370 15.043 17.047 9.625 23.730 17.382 9.120 3.080 27.428 17.730 50.778 42.502 41.303 20.995 23.545 14.807 46.652 48.107 12.520 54.797 48.053 16.650 40.037 16.680 14.407 15.327 11.872 19.592 49.708 7.153 52.087 39.140 14.138
18.297 29.635 38.228 61.763 26.292 24.067 48.415 46.482 30.557 28.842 24.873 16.080 0.000 9.342 51.755 62.188 27.725 21.293 45.273 64.715 27.337 25.163 17.120 29.503 49.667 29.343 22.208 9.583 14.372 29.085 50.600 22.203 49.168 21.302 36.238 65.088 47.583 47.885 47.013 7.632 9.485 13.802 31.373 27.075 18.813 16.160 17.973 17.923 57.443 50.145 47.550 22.755 31.188 24.500 53.317 54.772 18.652 62.440 54.718 18.227 47.680 24.677 22.158 17.210 19.623 21.577 57.352 12.662 58.752 46.783 23.832
22.678 33.120 37.223 60.758 29.777 27.552 51.242 48.143 29.552 32.327 29.255 19.598 9.532 0.000 52.387 64.755 26.720 21.827 44.268 63.710 31.718 28.648 16.280 32.988 53.152 32.828 26.590 13.965 8.382 28.080 51.332 21.363 52.653 24.787 35.233 64.083 51.068 46.880 49.918 9.177 6.808 18.183 34.858 31.457 23.195 19.678 12.835 17.083 56.438 50.633 46.545 21.915 34.667 28.882 52.312 53.767 21.025 65.007 53.713 17.222 47.528 28.162 24.947 20.398 21.117 20.572 60.837 16.180 57.747 50.268 28.213
33.415 28.922 30.808 29.477 32.238 33.797 8.878 9.343 32.330 33.557 39.648 41.540 50.673 51.687 0.000 18.325 33.297 39.178 20.633 24.095 33.705 33.777 40.967 29.183 12.000 32.157 37.045 47.190 49.033 30.682 5.580 40.332 8.465 36.887 32.577 27.683 30.392 9.950 13.262 49.487 51.068 47.990 29.932 43.957 43.038 41.620 59.373 43.087 24.970 4.545 13.883 39.530 31.948 40.715 21.810 24.778 42.210 18.577 23.238 38.025 9.395 33.480 38.325 45.900 41.270 38.127 15.357 43.833 19.397 27.757 38.190
46.985 43.757 37.008 26.973 47.073 47.367 23.713 24.178 44.862 47.350 53.218 55.110 64.243 66.522 18.988 0.000 48.132 54.013 33.313 21.788 47.275 48.612 55.802 42.753 20.008 46.992 50.615 60.760 63.868 45.517 19.787 53.648 20.245 50.457 38.777 25.180 40.610 23.467 28.097 64.322 65.903 61.560 44.767 57.527 56.608 55.190 74.208 57.922 24.493 19.380 28.345 54.280 46.783 54.285 22.875 24.222 56.757 7.332 23.348 52.860 24.230 47.050 51.895 60.735 55.315 52.962 17.095 57.403 19.025 39.807 51.760
19.065 14.792 19.560 44.203 17.122 18.027 34.150 31.052 13.825 23.458 26.335 21.727 26.033 25.427 35.295 47.663 0.000 12.918 27.177 46.047 26.740 16.830 14.795 25.183 40.760 21.945 22.977 22.132 22.862 7.838 34.240 14.237 39.173 15.327 17.570 46.420 43.263 29.788 32.827 23.227 24.808 26.007 21.458 28.537 23.210 21.807 33.113 16.915 38.775 33.542 29.453 13.358 17.818 25.962 34.648 36.103 15.950 47.915 36.050 11.765 30.437 20.088 14.492 19.640 16.042 11.955 46.838 22.682 40.083 42.463 24.600
14.978 17.705 25.507 49.042 14.708 13.923 39.525 36.427 17.835 20.000 21.708 15.203 21.028 21.927 40.670 53.038 15.003 0.000 32.552 51.993 22.637 14.157 11.795 21.080 41.243 20.385 18.890 17.127 19.862 16.363 39.615 11.853 40.745 11.267 23.517 52.367 39.160 35.163 38.202 19.415 21.308 21.002 22.415 23.910 18.583 15.283 29.613 13.915 44.722 38.917 34.828 10.315 19.047 21.335 40.595 42.050 9.317 53.290 41.997 8.265 35.812 15.985 10.447 13.007 9.408 8.912 48.928 17.487 46.030 38.360 20.513
34.900 25.997 21.008 29.430 29.313 31.413 18.307 15.208 29.405 31.320 41.847 42.675 49.368 48.762 19.452 31.820 30.372 36.253 0.000 30.485 35.917 30.852 38.042 34.418 24.917 29.920 38.530 45.467 46.108 27.757 18.397 37.407 23.330 35.587 23.095 30.858 38.053 13.945 16.983 46.562 48.143 49.110 27.695 45.442 44.158 42.755 56.448 40.162 24.002 17.698 13.610 36.605 29.023 42.200 18.120 21.330 39.285 32.072 20.307 35.100 14.593 34.965 35.440 42.975 38.345 35.202 30.995 44.968 22.255 35.418 40.035
51.142 43.832 32.755 13.333 47.148 49.248 29.230 29.525 40.608 45.833 56.373 60.203 65.277 64.670 26.395 22.258 46.280 52.162 32.585 0.000 50.430 48.687 54.007 48.932 33.825 42.955 54.243 61.375 62.073 43.665 24.428 49.395 31.047 53.422 34.523 12.913 50.365 27.790 33.443 62.470 64.052 65.250 40.730 61.685 60.765 60.283 72.357 56.127 14.922 25.490 32.668 50.027 45.152 58.443 17.308 15.995 55.193 25.663 17.927 51.008 29.382 51.800 53.275 58.883 55.285 49.207 34.063 61.925 14.867 47.730 54.915
5.842 17.238 29.898 46.417 14.045 11.795 32.448 30.515 27.253 11.325 10.005 18.538 27.008 31.123 35.788 46.222 26.758 21.097 29.237 48.260 0.000 15.060 26.547 14.642 33.700 11.827 8.760 20.982 34.613 24.143 34.633 26.605 33.202 14.422 30.433 48.633 32.722 31.848 31.047 26.973 28.977 20.417 13.857 16.533 15.465 18.618 39.547 28.667 40.988 34.178 31.513 25.067 14.930 13.292 36.862 38.317 20.167 46.473 38.263 23.017 31.713 9.827 15.860 26.080 18.725 23.663 41.385 19.867 42.297 31.922 8.568
9.850 9.195 24.932 43.683 4.697 6.933 31.425 29.492 19.762 11.463 16.797 17.263 26.448 29.747 34.622 45.198 18.308 14.165 26.503 45.527 16.060 0.000 19.615 14.562 32.677 10.803 13.480 22.937 27.682 16.652 33.567 19.673 32.178 8.527 22.942 45.900 32.642 29.115 30.023 26.573 28.577 23.512 12.833 20.392 18.560 17.343 37.433 21.735 38.255 32.868 28.780 18.135 10.570 17.150 34.128 35.583 14.477 45.450 35.530 16.085 29.763 9.915 8.928 20.390 13.035 16.732 40.362 19.557 39.563 31.842 14.985
19.747 22.670 26.605 50.245 20.832 20.047 40.697 37.598 19.077 26.123 26.113 17.272 17.205 16.770 41.842 54.210 17.013 12.330 33.723 53.092 28.760 20.280 0.000 27.203 47.307 26.508 23.658 13.303 12.525 18.373 40.787 9.505 45.720 17.390 24.615 53.465 45.283 36.335 39.373 14.398 16.152 17.178 28.538 28.315 22.027 17.352 24.457 5.728 45.820 40.088 36.000 10.057 25.170 25.740 41.693 43.148 12.598 54.462 43.095 8.588 36.983 22.108 16.520 13.330 12.690 9.327 53.385 13.853 47.128 44.483 25.282
14.198 20.262 29.902 46.420 17.283 14.580 25.010 23.077 30.100 14.563 20.432 22.323 31.457 35.543 28.350 38.783 29.782 24.345 27.188 46.735 14.488 18.308 29.795 0.000 26.262 15.065 17.828 27.973 37.862 27.167 27.195 29.853 25.763 17.670 31.988 48.637 24.178 27.845 23.608 31.582 33.585 28.773 17.095 24.740 23.822 22.403 43.967 31.915 40.992 26.740 29.465 28.315 17.953 21.498 36.865 38.320 23.970 39.035 38.267 26.265 24.275 14.263 19.108 29.883 22.528 26.912 33.947 24.617 42.037 23.378 18.973
31.217 33.357 37.990 35.763 34.302 31.598 11.498 13.503 36.765 31.582 37.450 39.342 48.475 52.562 11.767 18.475 37.732 41.363 26.740 30.382 31.507 35.327 45.402 26.985 0.000 31.675 34.847 44.992 53.468 35.117 13.040 44.767 7.960 34.688 39.758 33.970 27.278 17.400 15.748 48.600 50.603 45.792 30.392 41.758 40.840 39.422 60.985 47.522 31.257 12.510 21.483 43.965 34.778 38.517 28.967 31.065 40.988 18.727 29.525 42.460 13.830 31.282 36.127 46.902 39.547 42.562 13.658 41.635 25.683 24.643 35.992
15.165 8.412 21.072 37.590 9.578 11.678 27.383 24.285 18.427 12.085 22.112 22.710 31.822 35.327 28.528 40.897 17.932 19.745 20.410 39.433 16.682 10.938 25.195 15.183 31.275 0.000 18.795 28.338 33.262 15.317 27.473 25.023 30.777 15.852 21.607 39.807 32.683 23.022 26.060 31.947 33.950 29.145 10.078 25.707 24.193 22.790 43.013 27.315 32.162 26.775 22.687 23.715 6.103 22.465 28.035 29.490 19.822 41.148 29.437 21.665 23.670 15.230 15.475 25.735 18.380 22.312 38.960 25.003 33.470 31.883 20.300
0.910 16.338 32.075 50.268 12.995 10.770 35.607 33.673 26.862 15.177 7.417 13.607 22.077 26.192 38.947 49.380 24.023 17.903 33.088 52.112 9.027 11.867 22.962 16.695 36.858 15.678 0.000 16.050 30.183 23.795 37.792 23.412 36.360 11.228 30.085 52.485 34.775 35.700 34.205 22.042 24.045 15.485 17.708 11.513 10.533 13.687 34.615 23.765 44.840 37.337 35.365 21.873 17.892 8.272 40.713 42.168 15.235 49.632 42.115 18.572 34.872 9.785 12.667 21.148 13.793 20.470 44.543 14.935 46.148 33.975 5.450
12.028 26.132 34.193 57.728 22.788 20.563 44.945 43.012 26.522 25.338 18.605 10.287 9.462 13.577 48.285 58.718 23.690 17.258 41.238 60.680 21.068 21.660 13.085 26.033 46.197 25.840 15.940 0.000 17.568 25.050 47.130 18.168 45.698 17.772 32.203 61.053 44.113 43.850 43.543 9.427 11.430 7.533 27.870 20.807 12.545 10.367 22.000 13.888 53.408 46.675 43.515 18.720 27.685 18.232 49.282 50.737 14.825 58.970 50.683 14.192 44.210 20.527 18.552 13.175 15.790 17.542 53.882 6.868 54.717 43.313 17.563
26.122 30.845 34.780 58.458 29.007 28.222 48.872 45.773 27.252 34.298 32.698 23.042 12.975 8.797 50.017 62.385 25.188 20.505 41.898 61.267 35.162 28.455 13.140 35.378 55.482 34.683 30.033 17.408 0.000 26.548 48.962 17.660 53.895 25.565 32.790 61.640 53.458 44.510 47.548 12.128 10.252 21.627 36.713 34.900 26.638 23.122 16.252 13.488 53.995 48.263 44.175 18.212 33.345 32.325 49.868 51.323 21.410 62.637 51.270 17.473 45.158 30.283 24.745 20.703 21.502 17.502 61.560 19.623 55.303 52.658 31.657
19.440 11.885 16.653 41.297 15.202 17.302 31.243 28.145 11.483 20.803 26.710 22.102 26.408 25.802 32.388 44.757 7.412 13.293 24.270 43.140 25.400 16.740 15.138 23.902 37.853 19.038 23.352 22.507 23.205 0.000 31.333 14.503 36.267 15.702 14.663 43.513 41.982 26.882 29.920 23.602 25.183 26.382 18.552 28.912 23.585 22.182 33.488 17.258 35.868 30.635 26.547 13.702 14.912 26.337 31.742 33.197 16.325 45.008 33.143 12.140 27.530 20.463 14.867 20.015 16.417 12.298 43.932 23.057 37.177 39.818 24.975
33.003 28.510 29.667 28.552 31.827 33.385 8.637 8.932 31.918 33.145 39.237 41.128 50.262 51.275 5.427 17.400 32.885 38.767 19.492 23.170 33.293 33.365 40.555 28.772 13.613 31.745 36.633 46.778 48.622 30.270 0.000 39.920 10.078 36.475 31.435 26.758 29.772 9.185 12.850 49.075 50.657 47.578 29.520 43.545 42.627 41.208 58.962 42.675 24.045 4.897 13.118 39.118 31.537 40.303 20.668 23.853 41.798 17.652 22.313 37.613 8.788 33.068 37.913 45.488 40.858 37.715 16.353 43.422 18.472 27.137 37.778
19.995 21.550 22.012 44.910 19.725 18.940 39.577 36.478 13.703 25.017 26.725 20.142 22.765 22.330 40.722 53.090 15.857 11.223 32.603 48.498 27.653 19.173 9.883 26.097 46.187 25.402 23.907 18.863 18.048 17.217 39.667 0.000 44.600 16.283 21.732 48.872 44.177 35.215 38.253 19.958 21.712 22.738 27.432 28.927 23.600 20.222 30.017 12.003 41.227 38.968 34.880 5.353 24.063 26.352 37.100 38.555 14.255 53.342 38.502 10.225 35.863 21.002 15.463 17.945 14.347 7.885 52.265 19.413 42.535 43.377 25.530
33.288 28.795 34.328 32.930 32.112 33.670 8.282 9.217 32.203 33.430 39.522 41.413 50.547 51.560 7.205 19.647 33.170 39.052 22.178 27.548 33.578 33.650 40.840 29.057 9.480 32.030 36.918 47.063 48.907 30.555 9.100 40.205 0.000 36.760 35.227 31.137 29.728 12.838 13.135 49.360 50.942 47.863 29.805 43.830 42.912 41.493 59.247 42.960 28.423 8.065 16.947 39.403 31.822 40.588 25.330 28.232 42.083 19.898 26.692 37.898 9.268 33.353 38.198 45.773 41.143 38.000 14.810 43.707 22.850 27.093 38.063
6.738 13.472 28.007 47.770 9.632 7.903 32.670 30.737 20.335 12.678 14.223 13.233 22.345 26.432 36.010 46.443 17.497 11.377 30.590 49.613 15.145 8.503 16.827 13.758 33.922 13.180 10.650 18.862 24.893 18.857 34.855 16.885 33.423 0.000 26.017 49.987 31.838 33.202 31.268 22.470 24.473 19.668 15.210 17.760 14.717 13.313 34.645 18.947 42.342 34.400 32.867 15.347 15.025 14.577 38.215 39.670 11.637 46.695 39.617 13.297 31.935 8.513 5.310 17.550 10.195 13.943 41.607 15.527 43.650 31.038 12.273
27.007 18.103 7.135 31.778 21.420 23.520 33.533 30.435 12.797 27.022 33.953 31.883 36.190 35.583 32.915 38.572 17.193 23.075 23.462 33.622 31.618 22.958 24.920 30.120 40.143 25.257 30.637 32.288 32.987 14.578 31.080 21.583 37.567 25.483 0.000 33.995 44.743 29.172 32.210 33.383 34.965 36.163 24.770 37.548 33.367 31.963 43.270 27.040 26.350 31.635 28.837 22.215 21.130 34.307 22.223 23.678 26.107 41.977 23.625 21.922 29.820 27.072 24.648 29.797 26.198 21.395 43.320 32.838 27.658 42.108 32.142
51.750 44.440 33.363 13.385 47.757 49.857 31.183 31.478 41.217 46.442 56.982 60.812 65.885 65.278 28.348 25.385 46.888 52.770 33.193 12.962 51.038 49.295 54.615 49.540 35.778 43.563 54.852 61.983 62.682 44.273 26.382 50.003 33.000 54.030 35.132 0.000 52.318 29.743 35.397 63.078 64.660 65.858 41.338 62.293 61.373 60.892 72.965 56.735 13.420 27.443 34.622 50.635 45.760 59.052 17.917 16.603 55.802 28.790 18.535 51.617 31.335 52.408 53.883 59.492 55.893 49.815 37.115 62.533 15.475 49.683 55.523
29.488 35.767 41.447 54.968 32.573 29.870 26.450 28.240 41.645 29.853 35.722 37.613 46.747 50.833 30.575 39.687 42.612 39.635 38.733 49.587 29.778 33.598 45.085 25.257 26.127 30.355 33.118 43.263 53.152 39.997 30.047 45.143 27.292 32.960 43.533 53.175 0.000 32.405 29.573 46.872 48.875 44.063 29.088 34.877 39.112 37.693 59.257 47.205 50.462 29.592 36.435 43.605 33.458 36.788 44.938 48.148 39.260 39.938 47.125 41.555 28.835 29.553 34.398 45.173 37.818 42.202 30.735 39.907 44.888 7.758 34.263
33.268 26.113 29.010 31.322 29.430 31.530 11.650 8.570 29.522 30.748 39.502 41.393 49.485 48.878 10.867 22.252 30.488 36.370 16.840 26.090 33.558 30.968 38.158 29.037 18.260 29.348 36.898 45.583 46.225 27.873 9.812 37.523 15.518 35.703 30.778 29.678 32.067 0.000 11.693 46.678 48.260 47.843 27.123 43.810 42.892 41.473 56.565 40.278 25.893 9.113 9.365 36.722 29.140 40.568 20.012 23.222 39.402 22.503 22.198 35.217 7.937 33.333 35.557 43.092 38.462 35.318 22.337 43.687 21.275 29.432 38.043
29.605 26.695 32.268 37.837 30.012 29.987 11.253 8.363 30.103 29.763 35.838 37.730 46.863 49.460 14.600 27.527 31.070 36.952 20.078 32.605 29.895 31.550 38.740 25.373 16.693 28.785 33.235 43.380 46.807 28.455 13.445 38.105 15.322 33.077 33.127 36.193 28.403 11.890 0.000 46.988 48.842 44.180 26.560 40.147 39.228 37.810 57.147 40.860 32.408 12.990 15.573 37.303 29.722 36.905 26.527 29.737 39.377 27.778 28.713 35.798 9.562 29.670 34.515 43.673 37.935 35.900 23.505 40.023 27.790 25.768 34.380
18.070 28.777 35.373 58.908 25.433 23.208 47.557 45.623 27.702 27.983 24.647 15.255 7.382 9.637 50.537 61.330 24.870 19.573 42.418 61.860 27.110 24.305 14.265 28.645 48.808 28.485 21.982 9.357 12.292 26.230 49.482 19.348 48.310 20.443 33.383 62.233 46.725 45.030 46.155 0.000 6.153 13.575 30.515 26.848 18.587 15.335 18.360 15.068 54.588 48.783 44.695 19.900 30.330 24.273 50.462 51.917 17.793 61.582 51.863 15.372 45.678 23.818 21.300 15.743 18.088 18.722 56.493 11.837 55.897 45.925 23.605
20.087 30.528 37.158 60.693 27.185 24.960 49.308 47.375 29.487 29.735 26.663 17.007 6.940 7.318 52.322 63.082 26.655 21.762 44.203 63.645 29.127 26.057 16.215 30.397 50.560 30.237 23.998 11.373 12.348 28.015 51.267 21.298 50.062 22.195 35.168 64.018 48.477 46.815 47.907 6.430 0.000 15.592 32.267 28.865 20.603 17.087 16.402 16.977 56.373 50.568 46.480 21.850 32.082 26.290 52.247 53.702 19.545 63.333 53.648 17.157 47.463 25.570 23.052 18.103 20.517 20.507 58.245 13.588 57.682 47.677 25.622
11.473 26.525 37.943 60.893 23.182 20.957 45.663 43.730 30.272 25.802 17.135 10.568 13.488 17.603 49.003 59.437 27.440 21.008 43.713 62.737 20.513 22.053 16.835 26.752 46.915 26.303 15.385 7.462 21.595 28.800 47.848 21.918 46.417 18.645 35.953 63.110 44.832 46.325 44.262 13.453 15.457 0.000 28.333 19.137 9.470 10.648 26.027 17.638 55.465 47.393 45.990 22.470 28.078 16.762 51.338 52.793 18.205 59.688 52.740 17.942 44.928 19.972 19.298 16.925 16.763 21.292 54.600 8.047 56.773 44.032 17.008
14.623 11.628 24.783 41.302 11.518 13.828 26.100 24.167 21.643 9.315 19.855 23.685 32.870 36.957 29.440 39.873 21.148 22.947 23.782 43.145 13.912 13.057 28.397 12.413 27.352 7.485 17.725 29.358 36.463 18.533 28.285 28.240 26.853 18.002 24.823 43.518 28.760 26.393 24.698 32.995 34.998 29.198 0.000 25.167 24.247 23.765 45.380 30.517 35.873 27.830 26.058 26.917 8.188 21.925 31.747 33.202 23.023 40.125 33.148 24.867 25.365 15.282 18.433 28.937 21.582 25.513 35.037 25.978 37.182 27.960 18.397
8.008 22.890 38.627 57.258 19.547 17.322 42.158 40.225 33.413 22.167 10.905 17.988 26.458 30.573 45.498 55.932 30.575 23.575 40.078 59.102 16.955 18.418 27.343 23.247 43.410 22.668 11.797 20.432 34.565 30.347 44.343 28.837 42.912 17.780 36.637 59.475 38.052 42.690 40.757 26.423 28.427 18.863 24.698 0.000 13.250 18.068 38.997 28.147 51.830 43.888 42.355 27.298 24.443 10.265 47.703 49.158 19.617 56.183 49.105 22.953 41.423 16.337 19.218 25.530 18.175 25.895 51.095 19.317 53.138 37.372 11.570
6.788 21.840 35.838 56.208 18.497 16.272 40.950 39.017 28.167 21.117 11.395 10.858 18.683 22.798 44.290 54.723 25.328 17.450 39.028 58.052 15.828 17.368 21.218 22.038 42.202 21.618 10.700 12.657 26.790 26.688 43.135 22.712 41.703 13.932 33.848 58.425 40.118 41.640 39.548 18.648 20.652 9.478 23.648 13.597 0.000 10.938 31.222 22.022 50.780 42.680 41.305 21.173 23.393 11.022 46.653 48.108 13.492 54.975 48.055 16.828 40.215 15.287 14.585 19.405 12.050 19.770 49.887 11.542 52.088 39.318 11.882
8.523 21.912 35.580 56.127 18.568 16.343 40.692 38.758 27.908 21.118 15.100 5.373 14.838 18.925 44.032 54.465 25.070 17.030 38.947 57.970 17.563 17.440 16.847 21.780 41.943 21.620 12.435 10.110 23.105 26.430 42.877 21.930 41.445 13.673 33.590 58.343 39.860 41.558 39.290 14.963 16.967 9.545 23.650 17.302 9.040 0.000 27.348 17.650 50.698 42.422 41.223 20.915 23.465 14.727 46.572 48.027 12.440 54.717 47.973 16.570 39.957 16.600 14.327 15.247 11.792 19.512 49.628 7.073 52.007 39.060 14.058
30.677 41.108 45.043 68.578 37.775 35.550 59.062 55.963 37.372 40.325 37.253 27.597 17.530 12.700 60.207 72.575 34.540 29.647 52.088 71.530 39.717 36.647 24.100 40.987 61.150 40.827 34.588 21.963 16.202 35.900 59.152 29.183 60.652 32.785 43.053 71.903 59.067 54.700 57.738 18.447 16.078 26.182 42.857 39.455 31.193 27.677 0.000 24.903 64.258 58.453 54.365 29.735 42.487 36.880 60.132 61.587 28.845 72.827 61.533 25.042 55.348 36.160 32.767 28.360 28.937 28.392 68.835 24.178 65.567 58.267 36.212
21.043 24.577 28.512 52.152 22.738 21.953 42.603 39.505 20.983 28.030 27.410 17.775 17.708 17.145 43.748 56.117 18.920 14.237 35.630 54.998 30.083 22.187 5.512 29.110 49.213 28.415 24.955 13.807 12.897 20.280 42.693 11.412 47.627 19.297 26.522 55.372 47.190 38.242 41.280 14.902 16.358 17.682 30.445 29.612 22.530 17.855 24.832 0.000 47.727 41.995 37.907 11.963 27.077 27.037 43.600 45.055 13.895 56.368 45.002 10.092 38.890 24.015 17.817 13.833 13.987 11.233 55.292 14.357 49.035 46.390 26.578
43.547 36.237 25.160 11.705 39.553 41.653 27.805 28.100 33.013 38.238 48.778 52.608 57.682 57.075 24.970 24.545 38.685 44.567 26.515 14.612 42.835 41.092 46.412 41.337 32.400 35.360 46.648 53.780 54.478 36.070 23.003 41.800 29.622 45.827 26.928 13.045 48.940 26.365 32.018 54.875 56.457 57.655 33.135 54.090 53.170 52.688 64.762 48.532 0.000 24.065 29.612 42.432 37.557 50.848 11.738 8.597 47.598 27.950 12.357 43.413 27.957 44.205 45.680 51.288 47.690 41.612 34.862 54.330 12.097 46.305 47.320
32.607 28.113 29.908 29.370 31.430 32.988 8.232 8.535 31.522 32.748 38.840 40.732 49.865 50.878 5.292 18.218 32.488 38.370 19.733 23.988 32.897 32.968 40.158 28.375 13.425 31.348 36.237 46.382 48.225 29.873 4.680 39.523 9.943 36.078 31.677 27.577 29.375 8.772 12.453 48.678 50.260 47.182 29.123 43.148 42.230 40.812 58.565 42.278 24.863 0.000 12.705 38.722 31.140 39.907 20.910 24.120 41.402 18.470 23.097 37.217 8.255 32.672 37.517 45.092 40.462 37.318 16.835 43.025 19.290 26.740 37.382
34.912 26.008 31.398 36.140 29.325 31.425 15.685 12.605 29.417 30.643 41.183 42.687 49.380 48.773 14.702 27.070 30.383 36.265 16.735 30.908 35.240 30.863 38.053 32.430 22.295 29.243 38.542 45.478 46.120 27.768 13.647 37.418 19.353 35.598 32.440 34.497 35.460 9.195 14.390 46.573 48.155 49.122 27.018 45.453 44.170 42.767 56.460 40.173 30.712 12.948 0.000 36.617 29.035 42.212 24.830 28.040 39.297 27.322 27.017 35.112 11.972 34.977 35.452 42.987 38.357 35.213 26.245 44.980 26.093 32.825 39.725
18.055 19.672 22.560 45.458 17.785 17.000 37.698 34.600 14.252 23.077 24.785 18.202 22.805 22.198 38.843 51.212 14.015 9.283 30.725 49.047 25.713 17.233 10.558 24.157 44.308 23.462 21.967 18.903 18.625 15.375 37.788 5.205 42.722 14.343 21.617 49.420 42.237 33.337 36.375 19.998 21.580 22.778 25.492 26.987 21.660 18.282 29.885 12.678 41.775 37.090 33.002 0.000 22.123 24.412 37.648 39.103 12.315 51.463 39.050 8.285 33.985 19.062 13.523 16.005 12.407 6.328 50.387 19.453 43.083 41.437 23.590
15.922 9.168 19.595 36.113 10.335 12.435 25.907 22.808 19.183 13.658 22.868 23.467 32.578 36.083 27.052 39.420 18.688 20.502 18.933 37.957 18.255 11.695 25.952 16.757 31.635 10.413 19.552 29.095 34.018 16.073 25.997 25.780 30.930 16.608 21.682 38.330 34.837 21.545 24.583 32.703 34.707 29.902 9.585 26.463 24.950 23.547 43.770 28.072 30.685 25.298 21.210 24.472 0.000 23.222 26.558 28.013 20.578 39.672 27.960 22.422 22.193 15.987 16.232 26.492 19.137 23.068 38.595 25.760 31.993 33.275 21.057
5.080 19.962 35.698 54.330 16.618 14.393 39.230 37.297 30.485 19.238 8.205 15.940 24.410 28.525 42.570 53.003 27.647 21.527 37.150 56.173 14.027 15.490 25.295 20.318 40.482 19.740 8.868 18.383 32.517 27.418 41.415 26.788 39.983 14.852 33.708 56.547 38.398 39.762 37.828 24.375 26.378 16.815 21.770 10.142 11.202 16.020 36.948 26.098 48.902 40.960 39.427 25.250 21.515 0.000 44.775 46.230 17.568 53.255 46.177 20.905 38.495 13.408 16.290 23.482 16.127 23.847 48.167 17.268 50.210 37.598 8.642
39.065 31.755 20.678 16.838 35.072 37.172 24.177 24.165 28.532 33.757 44.297 48.127 53.200 52.593 21.342 22.062 34.203 40.085 20.205 17.788 38.353 36.610 41.930 36.855 28.772 30.878 42.167 49.298 49.997 31.588 19.375 37.318 25.993 41.345 22.447 18.162 45.312 21.095 26.675 50.393 51.975 53.173 28.653 49.608 48.688 48.207 60.280 44.050 11.410 20.437 23.302 37.950 33.075 46.367 0.000 7.845 43.117 25.467 5.347 38.932 23.532 39.723 41.198 46.807 43.208 37.130 31.233 49.848 10.957 42.677 42.838
40.930 33.620 22.543 14.865 36.937 39.037 27.380 27.062 30.397 35.622 46.162 49.992 55.065 54.458 24.545 24.100 36.068 41.950 23.622 15.510 40.218 38.475 43.795 38.720 31.975 32.743 44.032 51.163 51.862 33.453 22.578 39.183 29.197 43.210 24.312 15.883 48.515 23.992 30.092 52.258 53.840 55.038 30.518 51.473 50.553 50.072 62.145 45.915 9.233 23.640 26.718 39.815 34.940 48.232 8.145 0.000 44.982 27.505 8.763 40.797 26.428 41.588 43.063 48.672 45.073 38.995 34.437 51.713 11.672 45.880 44.703
12.547 18.048 28.387 51.922 15.052 14.485 40.553 38.620 20.715 20.562 18.913 11.467 19.392 21.172 43.442 54.327 17.883 9.415 35.323 54.347 21.587 14.718 13.183 21.642 41.805 20.728 16.458 15.490 21.197 19.243 42.387 14.677 41.307 11.003 26.397 54.720 39.722 37.935 39.152 17.765 20.222 18.060 22.758 21.115 15.788 11.547 28.858 13.987 47.075 41.688 37.600 13.138 19.390 18.540 42.948 44.403 0.000 54.578 44.350 8.793 38.583 16.517 9.515 11.370 5.685 11.735 49.490 13.760 48.383 38.922 18.082
45.210 41.982 40.413 30.735 45.298 45.592 21.938 22.403 45.390 45.575 51.443 53.335 62.468 64.747 17.213 7.468 46.357 52.238 31.538 25.550 45.500 46.837 54.027 40.978 18.233 45.217 48.840 58.985 62.093 43.742 18.012 53.392 18.470 48.682 42.182 28.942 38.835 21.692 26.322 62.547 64.128 59.785 42.992 55.752 54.833 53.415 72.433 56.147 28.003 17.605 26.570 52.590 45.008 52.510 26.280 27.812 54.982 0.000 26.753 51.085 22.455 45.275 50.120 58.960 53.540 51.187 15.685 55.628 22.430 38.032 49.985
40.785 33.475 22.398 19.818 36.792 38.892 23.340 23.328 30.252 35.477 46.017 49.847 54.920 54.313 20.505 21.225 35.923 41.805 19.368 19.528 40.073 38.330 43.650 38.575 27.935 32.598 43.887 51.018 51.717 33.308 18.538 39.038 25.157 43.065 24.167 19.902 44.475 20.258 25.838 52.113 53.695 54.893 30.373 51.328 50.408 49.927 62.000 45.770 14.390 19.600 22.465 39.670 34.795 48.087 6.588 10.408 44.837 24.630 0.000 40.652 22.695 41.443 42.918 48.527 44.928 38.850 30.397 51.568 11.298 41.840 44.558
16.255 19.808 23.743 47.278 16.848 16.063 37.762 34.663 16.072 22.140 22.622 15.142 18.150 17.543 38.907 51.275 13.240 8.347 30.788 50.230 24.777 16.297 8.245 23.220 43.383 22.525 20.167 14.248 16.312 14.600 37.852 10.033 42.785 13.407 21.753 50.603 41.300 33.400 36.438 15.343 16.925 18.123 24.555 24.823 19.497 15.222 25.230 10.358 42.958 37.153 33.065 8.495 21.187 22.248 38.832 40.287 9.107 51.527 40.233 0.000 34.048 18.125 12.587 12.163 9.198 7.092 50.450 14.798 44.267 40.500 21.790
30.723 26.420 31.602 32.633 29.737 31.105 6.713 6.842 29.828 31.055 36.957 38.848 47.982 49.185 8.867 21.793 30.795 36.677 19.803 27.252 31.013 31.275 38.465 26.492 13.323 29.655 34.353 44.498 46.532 28.180 7.712 37.830 11.737 34.195 32.852 30.840 27.848 10.167 10.760 46.985 48.567 45.298 27.430 41.265 40.347 38.928 56.872 40.585 28.127 7.257 14.100 37.028 29.447 38.023 22.603 25.813 39.708 22.045 24.790 35.523 0.000 30.788 35.633 43.398 38.768 35.625 19.920 41.142 22.553 25.213 35.498
4.327 14.140 29.877 48.508 10.797 8.572 33.408 31.475 24.663 13.417 11.273 14.075 23.260 27.347 36.748 47.182 21.825 15.705 31.328 50.352 10.855 9.668 21.155 14.497 34.660 13.918 7.957 19.467 29.222 21.597 35.593 21.213 34.162 9.030 27.887 50.725 32.577 33.940 32.007 23.385 25.388 18.902 15.948 14.868 13.950 14.155 35.770 23.275 43.080 35.138 33.605 19.675 15.693 11.627 38.953 40.408 15.773 47.433 40.355 17.625 32.673 0.000 10.468 21.687 14.332 18.272 42.345 16.368 44.388 31.777 9.462
9.015 14.428 27.148 48.883 10.252 8.890 34.947 33.013 19.477 14.955 16.497 11.888 21.000 25.087 38.287 48.720 16.638 10.518 31.703 50.727 17.422 9.123 15.968 16.035 36.198 15.457 12.927 17.517 24.035 17.998 37.132 16.027 35.700 5.277 25.158 51.100 34.115 34.315 33.545 21.125 23.128 18.323 17.487 18.698 13.372 11.968 33.510 18.088 43.455 36.677 33.980 14.488 15.770 16.123 39.328 40.783 10.292 48.972 40.730 12.438 34.212 10.790 0.000 16.205 8.850 13.085 43.883 14.182 44.763 33.315 14.550
16.307 23.968 32.017 55.552 20.972 20.405 45.327 42.937 24.345 25.383 22.673 14.202 17.078 20.437 47.180 59.100 21.513 13.073 39.062 58.503 25.347 20.638 13.282 26.415 46.578 25.885 20.218 13.177 20.647 22.873 46.125 18.307 46.080 16.923 30.027 58.877 44.495 41.673 43.925 15.697 18.230 17.052 27.915 24.875 19.548 14.282 28.525 14.085 51.232 45.427 41.338 16.768 25.310 22.300 47.105 48.560 11.513 59.352 48.507 12.015 42.322 21.218 15.435 0.000 11.605 15.365 54.263 13.727 52.540 43.695 21.842
11.168 16.475 28.572 50.930 13.478 12.912 38.980 37.047 20.900 18.988 17.535 12.385 19.577 21.357 41.868 52.753 18.068 9.600 33.750 52.773 20.208 13.145 13.368 20.068 40.232 19.155 15.080 15.675 21.382 19.428 40.813 14.862 39.733 9.430 26.582 53.147 38.148 36.362 37.578 17.950 20.407 18.978 21.185 19.737 14.410 12.465 29.043 14.172 45.502 40.115 36.027 13.323 17.817 17.162 41.375 42.830 5.642 53.005 42.777 8.978 37.010 14.943 7.942 11.555 0.000 11.920 47.917 14.678 46.810 37.348 16.703
18.463 17.298 21.233 44.660 18.012 17.408 35.325 32.227 13.453 23.485 25.193 18.610 23.213 22.607 36.470 48.838 11.668 9.692 28.352 47.720 26.122 17.642 10.967 24.565 41.935 23.688 22.375 19.312 19.033 13.028 35.415 7.810 40.348 14.752 19.243 48.093 42.645 30.963 34.002 20.407 21.988 23.187 23.965 27.395 22.068 18.690 30.293 13.087 40.448 34.717 30.628 7.288 20.325 24.820 36.322 37.777 12.723 49.090 37.723 8.693 31.612 19.470 13.932 16.413 12.815 0.000 48.013 19.862 41.757 41.845 23.998
39.358 38.015 41.313 37.903 41.332 39.740 17.502 18.437 41.423 39.723 45.592 47.483 56.617 60.703 15.652 16.865 42.390 48.272 31.138 32.522 39.648 42.870 50.060 35.127 12.382 39.817 42.988 53.133 58.127 39.775 16.850 49.425 12.618 42.830 43.082 36.110 31.757 21.292 22.355 56.742 58.745 53.933 38.533 49.900 48.982 47.563 68.467 52.180 34.747 16.320 25.658 48.623 41.042 46.658 32.315 34.555 49.130 15.848 33.015 47.118 18.488 39.423 44.268 54.993 47.688 47.220 0.000 49.777 29.173 32.033 44.133
10.955 25.302 34.457 57.992 21.958 19.733 44.082 42.148 26.785 24.508 17.532 6.907 11.340 15.427 47.422 57.855 23.953 17.072 41.502 60.943 19.995 20.830 13.348 25.170 45.333 25.010 14.867 6.867 19.607 25.313 46.267 18.432 44.835 17.037 32.467 61.317 43.250 44.113 42.680 11.465 13.468 8.302 27.040 19.733 11.472 6.987 23.850 14.152 53.672 45.812 43.778 18.983 26.855 17.158 49.545 51.000 14.090 58.107 50.947 14.455 43.347 19.453 17.717 13.438 15.095 17.805 53.018 0.000 54.980 42.450 16.490
44.555 37.245 26.168 16.908 40.562 42.662 22.212 22.507 34.022 39.247 49.787 53.617 58.690 58.083 19.377 19.085 39.693 45.575 24.415 14.742 43.843 42.100 47.420 42.345 26.807 36.368 47.657 54.788 55.487 37.078 17.410 42.808 24.028 46.835 27.937 15.115 43.347 20.772 26.425 55.883 57.465 58.663 34.143 55.098 54.178 53.697 65.770 49.540 12.085 18.472 25.650 43.440 38.565 51.857 10.185 11.893 48.607 22.490 10.803 44.422 22.363 45.213 46.688 52.297 48.698 42.620 29.268 55.338 0.000 40.712 48.328
28.893 35.172 40.852 52.750 31.978 29.275 24.232 25.545 41.050 29.258 35.127 37.018 46.152 50.238 28.357 38.093 42.017 39.040 38.138 47.368 29.183 33.003 44.490 24.662 24.788 29.760 32.523 42.668 52.557 39.402 27.828 44.548 25.073 32.365 42.938 50.957 7.955 30.187 26.878 46.277 48.280 43.468 28.493 34.282 38.517 37.098 58.662 46.610 48.243 27.373 34.217 43.010 32.863 36.193 42.720 45.930 38.665 38.345 44.907 40.960 26.617 28.958 33.803 44.578 37.223 41.607 32.435 39.312 42.670 0.000 33.668
2.535 17.902 33.638 51.058 14.558 12.333 37.090 35.157 28.425 15.967 5.052 15.232 23.702 27.817 40.430 50.863 25.587 19.467 33.878 52.902 8.853 13.430 24.587 18.258 38.342 16.468 5.453 17.675 31.808 25.358 39.275 24.975 37.843 12.792 31.648 53.275 36.338 36.490 35.688 23.667 25.670 17.110 18.498 11.332 12.158 15.312 36.240 25.390 45.630 38.820 36.155 23.437 19.455 8.090 41.503 42.958 16.860 51.115 42.905 20.197 36.355 11.032 14.230 22.773 15.418 22.033 46.027 16.560 46.938 35.538 0.000
0.0000 2.8141 5.9359 11.2251 2.0535 1.5276 7.2903 7.0034 5.0059 2.3339 1.0151 2.3156 3.8937 5.0790 8.1607 10.8456 4.0511 3.0536 6.7773 11.1715 1.2554 1.7971 4.4494 2.9457 7.8152 2.7746 0.1393 2.7593 6.1159 4.6148 7.8228 4.4956 7.8314 1.4301 5.4541 11.1121 6.9854 7.6154 6.9303 4.2079 4.7017 2.6367 3.2228 1.8473 1.4565 2.3355 6.2881 4.4832 9.6093 7.6858 7.6197 4.2288 3.1899 0.6734 8.7291 9.0790 2.6855 10.4366 9.0257 3.4451 7.2772 0.9890 1.9460 3.5482 2.2140 3.8559 9.1093 2.6228 9.7347 6.4309 0.4763
2.9031 0.0000 3.1863 9.0763 0.9455 1.4960 6.2490 5.7012 2.5902 1.9203 3.8604 4.0236 6.0819 7.0289 6.7298 9.3984 2.6812 3.0898 4.6285 9.0226 3.2593 1.2882 4.4992 2.9931 7.3447 1.9836 2.9846 5.3125 6.5569 1.8653 6.5089 4.3218 7.3608 2.2455 2.7045 8.9632 7.0328 5.4666 5.1605 6.2339 6.7276 5.4106 1.9978 4.6925 4.2305 4.0435 8.0526 4.9633 7.4605 6.3719 5.4709 4.1003 0.9947 3.5187 6.5802 6.9302 3.4342 8.9894 6.8769 3.7894 5.7801 2.0511 2.3375 4.2969 2.9627 3.7274 8.6387 4.5980 7.5859 6.4782 3.3883
5.9952 3.1567 0.0000 6.4308 4.0376 4.5881 6.0155 5.4677 1.8529 5.0124 6.9525 6.1301 7.4533 7.3900 6.3597 7.7571 3.0423 4.1332 3.3367 6.3772 6.3514 4.3803 4.8603 6.0852 7.5660 4.7281 6.0767 6.6883 6.9180 2.2264 5.9640 4.0520 6.9538 4.7521 0.9412 6.3178 8.8615 5.2331 5.6333 6.9129 7.2286 7.3072 4.1185 7.7846 6.3370 6.1500 8.4138 5.3245 4.8150 6.1156 5.2374 4.1240 3.9086 6.6108 3.9348 4.2847 5.0911 8.4282 4.2315 4.1505 5.5466 5.1432 4.4440 5.4669 5.1080 3.9579 8.1114 6.7692 4.9404 8.1562 6.4804
10.2247 7.5403 6.0645 0.0000 8.4212 8.9717 6.7147 6.8809 6.9608 7.9839 10.7743 11.7150 13.4270 13.3638 6.3313 5.6645 9.0160 10.1069 6.3243 1.7995 9.3228 8.7639 10.8254 9.0567 7.3950 7.6952 10.2013 12.6620 12.8830 8.2001 5.9385 9.1598 6.9254 9.7212 6.6044 1.9241 11.8286 6.7085 7.6553 12.8866 13.2023 12.8613 7.0855 12.0059 11.6812 11.7349 14.3875 11.2895 1.9880 6.1886 7.4706 10.4265 8.2286 10.8320 3.3911 2.8015 11.0649 6.3355 3.4475 10.1242 7.0022 9.5055 9.8132 11.4406 10.4384 10.0536 8.0711 12.2895 2.9186 11.1232 10.4453
2.1942 0.9455 4.0672 9.4028 0.0000 0.7871 6.1108 5.8240 3.4711 1.2114 3.1515 3.3972 5.4555 6.4624 6.9812 9.6661 3.5621 2.4634 4.9551 9.3492 2.5503 0.3196 4.0375 2.2842 6.6357 1.4157 2.2757 4.6861 6.0952 2.7462 6.6433 3.9054 6.6519 1.2897 3.5854 9.2898 6.3239 5.7931 5.7508 5.6075 6.1013 4.7842 1.8639 3.9836 3.6041 3.4171 7.4861 4.5016 7.7871 6.6985 5.7974 3.6386 1.3213 2.8098 6.9068 7.2567 2.8078 9.2571 7.2035 3.2228 6.1067 1.3421 1.4734 3.6705 2.3363 3.2657 7.9298 3.9716 7.9124 5.7693 2.6794
1.5012 1.4960 4.6177 9.9534 0.7871 0.0000 6.3059 6.0190 4.0216 1.3494 2.4586 2.8587 4.9316 5.9546 7.1763 9.8611 4.1126 2.3298 5.5056 9.8997 2.1593 0.5606 3.9038 1.9613 6.8308 1.7902 1.5828 4.1566 5.9615 3.2967 6.8383 3.7718 6.8469 0.9589 4.1360 9.8403 6.0010 6.3437 5.9458 5.0836 5.5773 4.1379 2.2384 3.2907 2.9578 2.8787 7.3524 4.3679 8.3376 6.7013 6.3480 3.5049 1.8718 2.1168 7.4573 7.8073 2.6741 9.4522 7.7540 3.0892 6.2927 0.6492 1.2221 3.5368 2.2026 3.1320 8.1248 3.4332 8.4630 5.4464 1.9864
7.1881 5.4375 5.8195 6.8743 6.3184 6.5006 0.0000 0.6731 6.3149 6.1567 7.9119 8.5547 10.6168 11.2610 0.9263 3.9234 6.9132 8.0042 3.0527 5.1640 6.4604 6.6611 8.7226 5.0759 1.7873 6.5433 7.2696 9.8475 10.7803 6.0973 0.9894 8.5452 1.5595 6.9608 6.6399 5.8638 5.2812 1.6462 1.3042 10.7688 11.0995 9.8248 5.9336 8.9776 8.6447 8.5747 12.2847 9.1867 5.6063 0.8524 2.6974 8.3237 6.1894 7.8037 4.4498 5.0638 8.8856 3.5144 4.7760 8.0214 0.8576 6.3361 7.4767 9.3379 8.4141 7.9508 2.8374 9.1292 4.0949 4.5759 7.5828
6.8791 4.8463 5.2283 7.0392 5.7272 6.1916 0.7450 0.0000 5.7236 5.8478 7.6029 8.2458 10.3079 10.6698 1.3622 4.1935 6.3220 7.4129 2.4614 5.3288 6.1514 6.0699 8.1314 4.7670 2.3816 5.9520 6.9607 9.5385 10.1890 5.5061 1.1542 7.9539 2.2246 6.6518 6.0486 6.0286 5.4500 1.0648 0.7799 10.1926 10.5083 9.5158 5.3424 8.6686 8.3357 8.2657 11.6935 8.5955 5.5047 1.0077 2.0534 7.7325 5.5981 7.4947 4.3604 4.9744 8.3709 3.7845 4.6867 7.4302 0.2762 6.0271 7.1677 8.7466 7.7444 7.3596 3.5025 8.8202 4.2597 4.7447 7.2739
5.1108 2.5825 1.8529 6.6678 3.4634 4.0140 6.3462 5.7985 0.0000 4.4382 6.0511 4.9357 6.2589 6.1957 6.8270 9.4956 2.4681 2.9389 4.7257 7.7676 5.7772 3.8062 3.6464 5.5110 7.9245 4.3481 5.2501 5.4939 5.7041 1.6522 6.6062 2.4333 7.6967 3.5577 1.3833 7.7082 9.0965 5.5638 5.9641 5.7186 6.0342 6.1129 4.3375 6.5088 5.1426 4.9557 7.2194 4.1105 6.2055 6.4691 5.5681 2.5129 3.3344 5.5461 5.3252 5.6751 3.8968 9.0866 5.6219 2.9561 5.8774 4.5690 3.2496 4.2725 3.9136 2.3468 8.9472 5.5748 6.3308 8.3911 5.9062
2.4537 1.8972 5.0569 9.1233 1.1954 1.7459 5.3680 5.0811 4.2445 0.0000 3.0033 3.9440 6.0168 7.0399 6.2384 8.9232 4.3355 3.5904 4.6756 9.0697 1.5518 1.5381 5.1644 1.2857 5.8929 0.6729 2.4303 5.2419 7.2221 3.5196 5.9005 5.0324 5.9090 2.3592 4.3589 9.0103 5.3254 5.5137 5.0079 6.1688 6.6626 5.0903 1.1211 4.2349 3.9102 3.9639 8.2490 5.6285 7.5076 5.7634 5.5180 4.7655 1.1851 3.0610 6.6273 6.9773 3.9348 8.5143 6.9240 4.3498 5.3548 1.7345 2.6790 4.7974 3.4633 4.3927 7.1869 4.5185 7.6329 4.7708 2.6743
0.9353 3.7071 7.7455 11.8120 2.9464 2.4206 8.0566 7.7698 5.8989 2.9208 0.0000 3.1069 4.6850 5.8702 8.9270 11.6119 4.9441 3.9466 7.3642 11.7584 1.4849 2.6901 5.2407 3.8387 8.5815 3.3615 0.8751 3.5506 6.9071 5.5078 8.5891 5.3886 8.5977 2.3231 6.3470 11.6990 7.8784 8.2023 7.6966 4.9992 5.4929 3.1260 3.8097 1.6863 1.6449 3.1268 7.0794 5.2744 10.1962 8.4521 8.2066 5.1217 3.8737 0.7591 9.3160 9.6659 3.4768 11.2029 9.6127 4.2363 8.0435 1.9861 2.8389 4.3394 3.0053 4.7489 9.8756 3.4140 10.3216 7.3238 0.4947
2.0948 4.4059 6.7367 13.0064 3.6452 3.1194 8.9076 8.6207 5.5073 3.9586 2.8861 0.0000 2.5897 3.6128 9.7780 12.4628 4.5525 2.4313 8.5586 12.9527 3.3503 3.3889 3.1277 4.5630 9.4325 4.3994 2.2342 1.5170 4.6497 4.6889 9.4401 4.3488 9.4486 2.4956 6.2549 12.8933 8.6027 9.3967 8.5476 2.7417 3.2355 1.3943 4.8476 3.3438 1.2793 0.0199 4.8219 3.1615 11.3906 9.3031 9.4010 4.1870 4.7817 2.3811 10.5103 10.8603 1.5666 12.0539 10.8070 3.2206 8.8945 2.7563 2.5822 1.7466 1.9895 3.8141 10.7265 0.7099 11.5160 8.0481 2.5711
3.8937 6.0926 7.4660 12.6701 5.3319 4.8060 10.5942 10.3073 6.2366 5.6452 4.6850 2.6359 0.0000 1.1640 11.4646 14.1495 5.2890 3.8445 9.7410 13.3807 5.1491 5.0755 3.0533 6.2496 11.1191 6.0860 4.0330 1.1873 2.2990 5.4254 11.1267 4.2743 11.1353 4.1626 6.9842 13.3213 10.2894 10.5791 10.2342 0.7586 0.8896 1.8507 6.5342 5.1426 3.0782 2.6558 2.3731 3.0870 11.8185 10.9897 10.5834 4.4383 6.4683 4.1800 10.9383 11.2882 3.3235 13.7405 11.2349 3.4131 10.5811 4.4709 4.2492 2.4555 3.6565 4.1061 12.4132 1.8457 11.9439 9.7348 4.3700
5.1795 7.1121 7.4143 12.6184 6.3514 5.8256 11.3098 10.7620 6.1849 6.6648 5.9708 3.7454 1.1902 0.0000 11.7906 14.4592 5.2373 4.1706 9.6893 13.3290 6.4349 6.0951 3.0016 7.2692 12.1387 7.1056 5.3189 2.4731 1.1878 5.3737 11.5697 4.2226 12.1548 5.1822 6.9325 13.2696 11.3089 10.5274 10.9277 1.2698 0.7928 3.1365 7.5538 6.4285 4.3640 3.7653 1.4185 3.0353 11.7668 11.4327 10.5317 4.3866 7.4515 5.4658 10.8866 11.2365 4.2705 14.0502 11.1832 3.3614 10.8410 5.4905 5.1375 3.2829 4.2874 4.0544 13.4327 2.9552 11.8922 10.7543 5.6558
7.9999 5.9401 6.3380 6.2798 6.8210 7.3123 0.9339 1.2092 6.8175 6.3842 8.7237 9.3665 11.4286 11.7636 0.0000 3.2900 7.4158 8.5068 3.7651 4.5694 7.2722 7.1637 9.2252 5.8877 1.0832 7.0459 8.0814 10.6592 11.2829 6.6000 0.5577 9.0478 0.7080 7.7726 6.8167 5.2692 6.1152 1.5744 1.9836 11.2865 11.6021 10.6365 6.4362 9.7893 9.4564 9.3864 12.7873 9.6893 5.0117 0.3469 2.5630 8.8263 6.6920 8.6155 4.2061 4.9777 9.4647 2.8810 4.0682 8.5240 1.3602 7.1478 8.2884 9.8405 8.8382 8.4535 2.2341 9.9409 3.5003 5.4099 8.3946
10.9885 9.2122 7.7215 5.6434 10.0931 10.3010 4.2061 4.4813 9.1120 9.9572 11.7123 12.3552 14.4173 15.0357 3.5059 0.0000 10.6880 11.7789 6.5371 3.9330 10.2608 10.4359 12.4974 8.8764 3.5865 10.3180 11.0701 13.6479 14.5550 9.8721 3.5194 11.3110 3.6446 10.7613 8.2002 4.6329 8.0626 4.5237 5.2557 14.5586 14.8743 13.6252 9.7084 12.7780 12.4451 12.3751 16.0595 12.9615 4.9297 3.6190 5.7486 11.3830 9.9641 11.6041 4.6287 4.8875 12.6861 0.7624 4.1199 11.7962 4.6323 10.1365 11.2771 13.1126 12.2146 11.7256 2.8330 12.9296 3.3953 8.1136 11.3833
4.2205 2.7181 3.1088 9.0771 3.1229 3.2888 7.0616 6.5139 2.3886 4.2658 5.1608 4.0454 5.3686 5.3054 7.5424 10.2110 0.0000 2.0486 5.4411 9.0235 4.9952 2.9876 2.7796 4.9771 8.6399 4.4836 4.3598 4.6036 4.8373 0.9356 7.3216 2.6160 8.4121 2.6674 2.6270 8.9641 9.0169 6.2792 6.6795 4.8283 5.1439 5.2226 4.4730 5.6185 4.2523 4.0654 6.3291 3.2437 7.4614 7.1845 6.2835 2.3807 3.4699 4.6558 6.5811 6.9310 3.0065 9.8021 6.8778 2.0658 6.5928 3.4850 2.3593 3.3822 3.0233 2.0079 9.6626 4.6845 7.5867 8.4623 4.6968
3.2571 3.0898 4.2521 9.4562 2.4634 2.3298 8.1476 7.5999 3.0227 3.4063 4.1163 2.3532 3.8362 4.1837 8.6285 11.2970 2.0751 0.0000 6.5272 10.1668 4.0361 2.3899 1.7587 4.0181 8.8876 3.8107 3.3964 3.0711 3.8164 2.2115 8.4076 1.6267 8.9038 1.7142 3.7704 10.1074 8.0578 7.3652 7.7655 3.5922 4.0222 3.6901 4.2590 4.5739 3.2078 2.3731 5.2074 2.2229 8.6047 8.2706 7.3695 1.3598 3.4656 3.6113 7.7244 8.0744 1.1758 10.8881 8.0211 0.9441 7.6788 2.5260 1.3901 1.5515 1.1926 0.9870 10.1817 2.5054 8.7300 7.5032 3.7334
6.4096 3.5711 3.3304 5.8593 4.4520 5.0026 2.8890 2.3413 4.4485 4.2406 7.3670 7.5301 9.4579 9.3946 3.3698 6.0384 5.0469 6.1378 0.0000 5.7391 5.5796 4.7948 6.8562 5.3134 4.4673 4.9023 6.4912 8.6929 8.9139 4.2310 3.1490 6.6788 4.2395 5.7520 3.8703 5.6797 7.5673 2.1066 2.5069 8.9175 9.2332 8.9171 4.2926 8.1991 7.7370 7.5501 10.4183 7.3204 4.2435 3.0120 2.1109 6.4573 4.3230 7.0252 3.0992 3.7132 7.0957 5.6295 3.4255 6.1551 2.4202 5.5576 5.8440 7.4715 6.4693 6.0845 5.4900 8.1046 3.8912 6.8619 6.8949
11.4954 8.8110 6.4186 2.0649 9.6919 10.2425 5.1742 5.3404 7.8090 9.2546 12.0451 12.9858 13.4094 13.3461 4.7908 3.7937 8.9984 10.0893 6.0643 0.0000 10.5936 10.0347 10.8164 10.3274 5.8545 8.9660 11.4720 12.6444 12.8741 8.1825 4.3980 10.0081 5.3848 10.9919 6.8973 1.2898 10.2464 5.1680 6.1148 12.8690 13.1847 13.2633 8.3563 13.2766 12.9520 13.0057 14.3698 11.2805 2.3334 4.6481 6.3929 10.0801 9.4994 12.1028 2.9225 2.5122 11.0472 4.4647 2.9789 10.1066 5.4617 10.7762 11.0839 11.4230 11.0641 9.9139 6.3411 12.7253 1.9589 9.5411 11.7160
1.2141 3.2055 6.3652 10.4316 2.5036 1.8623 6.6763 6.3894 5.5528 1.5404 1.6075 3.5297 5.1078 6.2930 7.5467 10.2315 5.6438 3.7263 5.9839 10.3780 0.0000 2.4697 5.3003 2.6132 7.2012 1.9812 1.1538 3.9734 7.3580 4.8279 7.2087 5.1683 7.2173 2.1027 5.6672 10.3186 6.6529 6.8220 6.3162 5.4220 5.9157 3.8507 2.4294 3.0349 2.6706 3.5496 7.5022 5.7644 8.8159 7.0717 6.8262 4.9014 2.4934 1.8611 7.9356 8.2855 3.8996 9.8226 8.2323 4.4857 6.6631 1.3898 2.6186 4.7622 3.4281 4.5286 8.4952 3.8368 8.9412 6.0984 1.2059
2.1215 1.2882 4.4100 9.7506 0.3196 0.5606 6.4536 6.1667 3.8138 1.5541 3.0788 3.3426 5.4154 6.3237 7.4041 10.0088 2.9406 2.3247 5.3028 9.6969 2.8931 0.0000 3.8987 2.6269 6.9785 1.7585 2.2030 4.6404 5.9564 3.0889 7.1832 3.7667 6.9946 1.0333 3.9282 9.6375 6.6666 6.1409 6.0936 5.5674 6.0611 4.6382 2.2067 3.9110 3.4581 3.3625 7.3474 4.3629 8.1348 7.0462 6.1452 3.4998 1.6690 2.7371 7.2545 7.6045 2.6691 9.5999 7.5512 3.0841 6.4545 1.2695 1.2170 3.5317 2.1976 3.1270 8.2725 3.9170 8.2602 6.1121 2.6067
4.4466 4.5847 4.8727 10.7132 4.0992 3.9655 8.7964 8.2487 3.6358 5.0420 5.2378 3.1992 3.0931 3.0298 9.2773 11.9458 2.8423 1.8205 7.1759 10.7874 5.6719 4.0256 0.0000 5.6539 10.3747 5.4465 4.5859 2.3281 2.2058 2.9787 9.0564 1.3797 10.1469 3.3499 4.3909 10.7279 9.6936 8.0140 8.4143 2.5527 2.8684 2.9470 5.8947 5.6955 4.1263 3.2191 4.0535 0.3424 9.2252 8.9194 8.0183 1.5437 5.1014 4.7328 8.3449 8.6949 2.1204 11.5369 8.6416 1.1530 8.3276 4.1617 2.9874 1.6645 2.1372 1.3652 11.3974 2.4090 9.3506 9.1390 4.9228
3.3002 2.7661 6.5634 10.6299 3.2321 2.6127 5.0315 4.7446 6.3802 2.2689 4.0240 4.6669 6.7290 7.7520 5.9019 8.5868 5.2045 4.6965 5.4037 9.7385 2.5725 3.4400 6.2705 0.0000 5.5564 2.7096 3.3818 5.9596 8.3282 4.3886 5.5640 6.1385 5.5725 3.0730 7.1033 10.5169 4.7266 5.8070 4.6715 6.8810 7.3747 5.9369 3.1579 5.0897 4.7568 4.6868 8.9612 6.7347 9.0142 5.4270 6.2460 5.8716 2.0541 3.9158 8.1339 8.4838 4.9978 8.1778 8.4306 5.4559 5.0184 2.4482 3.5888 5.8604 4.5263 5.4988 6.8505 5.2413 8.6694 4.1720 3.6950
7.4737 6.3155 7.7872 7.5440 7.4055 6.7861 1.4965 1.9674 7.1928 6.4423 8.1974 8.8403 10.9024 11.9255 1.2422 3.4538 7.7912 8.8699 3.9306 5.8337 6.7459 7.6134 9.6006 5.3615 0.0000 5.9570 7.5552 10.1330 11.6582 6.9753 1.9228 9.4231 0.4246 7.2464 8.2659 6.5335 5.5524 2.5242 2.4052 11.0544 11.5481 10.1103 5.7087 9.2631 8.9302 8.8602 13.1346 10.0647 6.2760 1.8866 3.9568 9.2016 6.4693 8.0892 5.8243 6.2420 9.1712 3.0448 5.3325 8.8994 1.7356 6.6216 7.7622 10.0338 8.6997 8.8288 1.8520 9.4147 4.7646 4.8471 7.8684
3.5085 1.2243 4.3840 8.4505 1.5508 2.1014 5.6232 5.0754 3.5716 0.6677 4.4658 4.6290 6.6873 7.6942 6.1040 8.7726 3.6626 3.6952 4.0027 8.3968 2.0066 1.8986 5.2692 1.7405 5.8029 0.0000 3.5900 5.9179 7.3269 2.8468 5.8831 5.3032 5.8191 2.8509 3.6860 8.3374 5.3566 4.8408 5.2411 6.8393 7.3330 6.0160 1.6422 5.2979 4.8358 4.6489 8.7179 5.7334 6.8347 5.7461 4.8451 4.8703 0.5122 4.1241 5.9544 6.3044 4.0396 8.3636 6.2511 4.4546 5.1543 2.6564 2.9428 4.9022 3.5681 4.4975 7.0970 5.2034 6.9601 4.8020 3.9937
0.1393 2.9535 6.0752 11.3181 2.1928 1.6669 7.4296 7.1428 5.1452 2.4268 0.9315 2.4549 4.0330 5.2183 8.3001 10.9849 4.1905 3.1930 6.8703 11.2644 1.1952 1.9365 4.5887 3.0850 7.9546 2.8676 0.0000 2.8987 6.2552 4.7542 7.9621 4.6350 7.9707 1.5694 5.5934 11.2050 7.1248 7.7084 7.0696 4.3472 4.8410 2.7760 3.3158 1.8581 1.5959 2.4749 6.4274 4.6225 9.7023 7.8251 7.7127 4.3681 3.3293 0.6843 8.8220 9.1720 2.8248 10.5759 9.1187 3.5844 7.4165 1.1283 2.0853 3.6875 2.3533 3.9953 9.2486 2.7621 9.8277 6.5702 0.4166
2.7593 5.3792 6.7408 11.9449 4.6186 4.0927 9.8877 9.6008 5.5114 4.9319 3.5506 1.5766 1.1873 2.3725 10.7581 13.4430 4.5638 3.1193 9.0158 12.6555 4.0148 4.3622 2.3281 5.5431 10.4126 5.3727 2.8987 0.0000 3.4094 4.7002 10.4202 3.5491 10.4287 3.4456 6.2590 12.5961 9.5828 9.8539 9.5277 1.5015 1.9952 0.7164 5.8209 4.0083 1.9438 1.5965 3.5817 2.3618 11.0933 10.2832 9.8582 3.7131 5.7550 3.0456 10.2131 10.5630 2.5810 13.0340 10.5097 2.6879 9.8746 3.6908 3.4382 1.7303 3.0190 3.3809 11.7067 0.7864 11.2187 9.0282 3.2356
6.0740 6.6344 6.9224 12.1191 6.1489 6.0152 10.8462 10.2984 5.6856 7.0917 6.8653 4.6399 2.0848 1.2602 11.3270 13.9956 4.8920 3.8702 9.2257 12.8371 7.3295 6.0753 2.1501 7.7036 12.4245 7.4962 6.2134 3.3676 0.0000 5.0284 11.1061 3.4096 12.1966 5.3997 6.4406 12.7777 11.7433 10.0638 10.4640 2.0805 1.6873 4.0311 7.9444 7.3230 5.2585 4.6598 2.2407 2.2352 11.2749 10.9691 10.0681 3.5736 7.1511 6.3603 10.3947 10.7446 4.3161 13.5866 10.6914 3.2137 10.3773 6.2115 5.0756 3.4942 4.3330 3.4150 13.4471 3.8497 11.4003 11.1887 6.5503
4.1809 1.8846 2.2753 8.2436 2.7655 3.3160 6.2281 5.6804 1.6792 3.7403 5.1212 4.0058 5.3290 5.2657 6.7089 9.3775 0.9180 2.0089 4.6076 8.1900 5.0792 3.1082 2.7360 4.8131 7.8064 3.6501 4.3202 4.5640 4.7937 0.0000 6.4881 2.5586 7.5786 2.6278 1.7935 8.1306 8.8528 5.4457 5.8460 4.7886 5.1043 5.1829 3.6395 5.5789 4.2127 4.0257 6.2895 3.2002 6.6278 6.3510 5.4500 2.3371 2.6364 4.6162 5.7476 6.0975 2.9668 8.9685 6.0443 2.0262 5.7593 3.4454 2.3197 3.3426 2.9837 1.9643 8.8291 4.6449 6.7532 8.2730 4.6571
7.9076 5.8479 6.1149 6.0536 6.7288 7.2201 0.9508 1.1170 6.7253 6.2920 8.6314 9.2743 11.3364 11.6714 0.4730 3.0638 7.3236 8.4146 3.5420 4.3432 7.1799 7.0715 9.1330 5.7955 1.4423 6.9537 7.9892 10.5670 11.1907 6.5077 0.0000 8.9556 1.0670 7.6804 6.5936 5.0430 6.0230 1.3489 1.8914 11.1943 11.5099 10.5443 6.3440 9.6971 9.3642 9.2942 12.6951 9.5971 4.7855 0.4247 2.3376 8.7341 6.5998 8.5232 3.9830 4.7516 9.3725 2.6548 3.8420 8.4318 1.2383 7.0556 8.1962 9.7482 8.7460 8.3612 2.4236 9.8487 3.2741 5.3177 8.3024
4.7310 4.3760 4.0520 8.8668 3.9373 3.8037 8.5877 8.0399 2.4333 4.8802 5.5902 3.7939 4.4885 4.4253 9.0685 11.7371 2.6136 1.6586 6.9672 9.9666 5.5100 3.8638 1.5714 5.4920 10.1660 5.2847 4.8703 3.7235 3.6222 2.7500 8.8476 0.0000 9.9381 3.1881 3.9587 9.9072 9.5317 7.8053 8.2056 3.9482 4.2638 4.3425 5.7329 6.0479 4.6817 3.8138 5.4490 2.0356 8.4045 8.7106 7.8096 0.4511 4.9395 5.0852 7.5242 7.8742 2.6165 11.3281 7.8209 1.4413 8.1188 3.9999 2.8640 2.9923 2.6334 1.0742 11.1886 3.8044 8.5299 8.9772 5.2073
7.9755 5.9158 7.0666 7.0289 6.7967 7.2880 0.8613 1.1848 6.7931 6.3598 8.6993 9.3422 11.4043 11.7393 0.8425 3.6020 7.3915 8.4824 3.5309 5.3186 7.2478 7.1394 9.2009 5.8634 0.5713 7.0215 8.0571 10.6349 11.2585 6.5756 1.2863 9.0234 0.0000 7.7482 7.1181 6.0184 5.8118 2.1245 1.9592 11.2621 11.5778 10.6122 6.4119 9.7650 9.4321 9.3621 12.7630 9.6650 5.7609 1.0755 3.1494 8.8020 6.6676 8.5911 4.9348 5.7269 9.4404 3.1930 4.8174 8.4997 1.3359 7.1235 8.2641 9.8161 8.8139 8.4291 1.8657 9.9166 4.2495 5.1065 8.3703
1.5531 2.3506 4.8959 10.7945 1.2897 1.0640 6.8597 6.5728 3.6665 1.9033 2.5682 2.2557 4.3140 5.3371 7.7301 10.4150 2.7117 1.7142 6.3467 10.7409 2.1624 1.0333 3.2882 2.5151 7.3846 2.3440 1.6924 3.5446 5.3459 2.8481 7.3922 3.1562 7.4008 0.0000 4.4141 10.6814 6.5548 7.1848 6.4997 4.4660 4.9597 3.6427 2.7922 3.3985 2.4626 2.2756 6.7369 3.7524 9.1787 7.2552 7.1891 2.8893 2.7264 2.2265 8.2984 8.6484 1.7578 10.0060 8.5951 2.4736 6.8466 0.7289 0.3898 2.6204 1.2863 2.5165 8.6787 2.8301 9.3041 6.0002 2.0293
5.5623 2.7238 0.9412 6.9095 3.6047 4.1552 6.3726 5.8248 1.7596 4.5795 6.5197 5.6972 7.0204 6.9572 6.8384 8.2358 2.6094 3.7004 3.8795 6.8559 5.9185 3.9474 4.4274 5.6523 7.9509 4.4894 5.6438 6.2554 6.4851 1.7935 6.4427 3.9587 7.4325 4.3192 0.0000 6.7965 9.1228 5.5902 5.9905 6.4801 6.7957 6.8744 4.4787 7.3518 5.9041 5.7172 7.9809 4.8916 5.2937 6.5943 5.5945 4.0307 3.4757 6.1779 4.4135 4.7634 4.6583 8.9069 4.7101 3.7176 5.9038 4.7103 4.0111 5.0340 4.6751 3.8646 8.5901 6.3363 5.4191 8.4175 6.0475
11.4266 8.7422 6.3497 1.9060 9.6231 10.1736 5.6861 5.8523 7.7402 9.1858 11.9763 12.9169 13.3405 13.2773 5.3027 4.6359 8.9295 10.0205 5.9955 1.2804 10.5248 9.9658 10.7475 10.2586 6.3664 8.8971 11.4032 12.5755 12.8052 8.1136 4.9099 9.9392 5.8967 10.9231 6.8284 0.0000 10.7583 5.6799 6.6267 12.8002 13.1158 13.1945 8.2875 13.2078 12.8831 12.9369 14.3010 11.2117 1.7356 5.1600 6.9048 10.0112 9.4306 12.0339 2.8537 2.4434 10.9784 5.3069 2.9101 10.0377 5.9736 10.7074 11.0151 11.3541 10.9952 9.8451 7.0425 12.6564 1.8900 10.0530 11.6472
6.7972 7.4309 8.8624 11.5881 6.7291 6.1097 4.9508 5.5271 8.6792 5.7658 7.5210 8.1638 10.2259 11.2490 5.7262 8.0353 9.2775 8.1934 7.7026 9.8777 6.0695 6.9369 9.7675 4.6850 4.9695 6.2066 6.8787 9.4566 11.8252 8.4616 5.7031 9.6354 5.4450 6.5699 9.4022 10.5775 0.0000 6.3599 5.5041 10.3779 10.8717 9.4339 5.2570 7.5750 8.2538 8.1838 12.4581 10.2316 10.3200 5.5661 7.4111 9.3686 6.7188 7.4128 9.1635 9.7775 8.4947 7.6264 9.4898 8.9529 5.5713 5.9452 7.0858 9.3574 8.0232 8.9957 5.8764 8.7383 8.8086 0.7801 7.1919
7.9143 4.8740 5.9355 6.5637 5.7549 6.3055 1.6380 1.0406 5.7514 5.3181 8.6381 9.2809 10.7608 10.6975 1.6627 4.0720 6.3498 7.4407 1.9026 4.7653 7.1866 6.0977 8.1592 5.8021 3.2164 5.9798 7.9958 9.9958 10.2168 5.5339 1.4418 7.9817 2.2568 7.0550 6.4142 5.4652 6.4852 0.0000 1.4790 10.2204 10.5361 10.5509 5.3702 9.7037 9.3708 9.3008 11.7213 8.6233 4.9480 1.3048 1.4740 7.7602 5.6259 8.5299 3.8036 4.4176 8.3986 3.6631 4.1299 7.4580 1.1692 7.0622 7.1469 8.7744 7.7722 7.3874 3.5822 9.8554 2.8663 5.7798 8.3090
6.8060 4.7019 5.0839 7.7198 5.5828 6.1185 1.2657 0.7799 5.5793 5.7619 7.5298 8.1726 10.2347 10.5254 2.1233 4.9546 6.1776 7.2686 2.3171 5.9214 6.0783 5.9255 7.9870 4.6938 2.6920 5.3035 6.8875 9.4653 10.0447 5.3617 1.7854 7.8096 2.5350 6.5787 5.9043 6.6213 5.3769 1.6641 0.0000 10.3867 10.3639 9.4426 4.6939 8.5954 8.2625 8.1925 11.5491 8.4511 6.1041 1.6484 2.2595 7.5881 5.4538 7.4216 4.9598 5.5737 8.5035 4.5456 5.2860 7.2858 1.0536 5.9539 7.0946 8.6023 8.0320 7.2152 3.8129 8.7471 4.0224 4.6715 7.2007
4.2115 6.1441 7.0283 12.2324 5.3834 4.8576 10.6458 10.3589 5.7989 5.6968 5.0028 2.7774 0.7921 1.5288 11.4046 14.2010 4.8513 3.6550 9.3033 12.9430 5.4669 5.1271 2.6156 6.3012 11.1707 6.1375 4.3508 1.5051 2.0805 4.9877 11.1837 3.8366 11.1868 4.2142 6.5465 12.8836 10.3409 10.1414 10.2857 0.0000 0.6663 2.1685 6.5858 5.4604 3.3960 2.7973 2.7344 2.6493 11.3808 11.0467 10.1457 4.0006 6.5199 4.4978 10.5006 10.8505 3.3750 13.7921 10.7973 2.9754 10.4550 4.5225 4.3008 2.2709 3.4547 3.6684 12.4647 1.9872 11.5062 9.7863 4.6878
4.6563 6.5889 7.2811 12.4852 5.8282 5.3024 11.0906 10.8037 6.0517 6.1416 5.4476 3.2222 0.6670 0.9370 11.6574 14.6458 5.1041 4.0374 9.5561 13.1958 5.9117 5.5719 2.8684 6.7460 11.6155 6.5824 4.7956 1.9499 2.0720 5.2405 11.4365 4.0894 11.6316 4.6590 6.7993 13.1364 10.7857 10.3942 10.7305 0.6663 0.0000 2.6133 7.0306 5.9053 3.8408 3.2421 2.1938 2.7046 11.6336 11.2995 10.3985 4.2534 6.9647 4.9426 10.7534 11.1033 3.8198 14.2369 11.0501 3.2282 10.7078 4.9673 4.7456 2.9519 4.1529 3.9213 12.9095 2.4320 11.7590 10.2311 5.1326
2.6619 5.4185 7.3598 13.8295 4.6579 4.1320 9.9679 9.6810 6.1303 4.9383 3.1260 1.6403 1.8507 3.0360 10.8383 13.5231 5.1827 3.7382 9.3817 13.7759 3.9174 4.4015 2.9470 5.6233 10.4928 5.3790 2.8013 0.7164 4.0729 5.3191 10.5004 4.1680 10.5089 3.5559 6.8780 13.7165 9.6630 10.2198 9.6079 2.1649 2.6587 0.0000 5.8272 2.6438 1.5205 1.6602 4.2451 2.9808 12.2137 10.3634 10.2241 4.3320 5.7943 2.6210 11.3335 11.6834 3.5213 13.1142 11.6301 3.3068 9.9548 3.5934 3.6425 2.3493 3.0498 3.9999 11.7868 1.0667 12.3391 9.1084 3.1382
3.3634 1.9978 5.2812 9.3476 1.8873 2.4378 5.1845 4.8977 4.3451 1.1226 3.9130 4.8537 6.9265 7.9496 6.0549 8.7398 4.4361 4.2823 4.0944 9.2940 2.4615 2.2300 5.8563 2.1953 5.7094 1.0240 3.3399 6.1515 7.9140 3.6202 5.7170 6.0767 5.7256 3.1873 4.4595 9.2346 5.2631 4.9325 4.8245 7.0785 7.5723 6.0000 0.0000 5.1445 4.8199 4.8736 9.1587 6.3205 7.7319 5.5800 4.9367 5.4574 1.2661 3.9707 6.8516 7.2015 4.6267 8.3308 7.1483 5.0417 5.1714 2.6441 3.3709 5.4893 4.1552 5.0846 7.0035 5.4281 7.8572 4.7085 3.5840
1.8485 4.6051 7.7268 13.0160 3.8444 3.3185 9.0812 8.7944 6.7969 4.1248 1.7408 3.5078 5.0859 6.2712 9.9517 12.6365 5.8421 4.5058 8.5683 12.9624 3.1519 3.5881 5.6416 4.7366 9.6062 4.5656 1.9042 3.9516 7.3081 6.4058 9.6137 5.8706 9.6223 3.2211 7.2450 12.9030 7.6534 9.4064 8.7212 5.4001 5.8939 3.5270 5.0138 0.0000 2.0459 3.5278 7.4803 5.6754 11.4003 9.4767 9.4106 5.6037 4.9809 1.2359 10.5200 10.8699 3.8777 12.2276 10.8167 4.6373 9.0681 2.7799 3.7369 4.7404 3.4062 5.2309 10.9002 3.8150 11.5256 7.2159 1.9481
1.4565 4.2132 6.5907 12.6241 3.4525 2.9266 8.7615 8.4746 5.3612 3.7329 1.6449 1.5813 3.0782 4.2634 9.6319 12.3168 4.4065 2.9430 8.1764 12.5705 2.7120 3.1962 4.0788 4.4169 9.2864 4.1737 1.5959 1.9438 5.3003 4.5428 9.2940 4.3078 9.3026 2.3496 6.1089 12.5111 8.4566 9.0144 8.4015 3.3924 3.8861 1.5205 4.6219 2.1026 0.0000 1.6013 5.4726 4.1126 11.0084 9.1570 9.0187 4.0409 4.5890 1.1399 10.1281 10.4780 2.3149 11.9078 10.4248 3.0745 8.7484 2.3880 2.4362 3.1776 1.8434 3.6681 10.5805 1.8072 11.1337 7.9021 1.6171
2.0749 4.3860 6.7168 12.9864 3.6253 3.0995 8.8877 8.6008 5.4874 3.9387 2.8662 0.5069 2.5698 3.5928 9.7581 12.4429 4.5326 2.4113 8.5387 12.9328 3.3303 3.3690 3.1078 4.5431 9.4126 4.3794 2.2142 1.4971 4.6297 4.6690 9.4201 4.3288 9.4287 2.4757 6.2350 12.8734 8.5828 9.3768 8.5276 2.7218 3.2155 1.3744 4.8276 3.3238 1.2594 0.0000 4.8020 3.1416 11.3707 9.2831 9.3811 4.1671 4.7618 2.3612 10.4904 10.8404 1.5467 12.0340 10.7871 3.2006 8.8745 2.7364 2.5623 1.7267 1.9696 3.7942 10.7066 0.6899 11.4960 8.0282 2.5512
6.3596 8.1792 8.4672 13.6713 7.5315 7.0056 12.3627 11.8150 7.2378 7.8449 7.1508 4.9254 2.3703 1.4185 12.8435 15.5121 6.2902 5.2235 10.7422 14.3819 7.6150 7.2751 4.0545 8.4492 13.3187 8.2856 6.4989 3.6531 2.2407 6.4266 12.6227 5.2755 13.3349 6.3622 7.9854 14.3225 12.4890 11.5803 11.9806 2.6475 2.1705 4.3166 8.7338 7.6085 5.5440 4.9454 0.0000 4.0882 12.8198 12.4856 11.5846 5.4395 8.5044 6.6458 11.9395 12.2894 5.3234 15.1031 12.2362 4.4143 11.8939 6.6705 6.1904 4.5015 5.3403 5.1074 14.6128 4.1352 12.9451 11.9344 6.8359
4.6956 5.0488 5.3368 11.1773 4.5633 4.4296 9.2606 8.7128 4.1000 5.5061 5.4869 3.2329 3.1268 2.8679 9.7414 12.4100 3.3064 2.2846 7.6401 11.2515 5.9510 4.4897 0.4941 6.1180 10.8389 5.9106 4.8349 2.3618 2.2909 3.4428 9.5205 1.8438 10.6110 3.8141 4.8550 11.1921 10.1577 8.4782 8.8784 2.5865 2.7046 2.9808 6.3588 5.9445 4.1601 3.2529 3.8916 0.0000 9.6894 9.3835 8.4825 2.0078 5.5655 4.9819 8.8091 9.1590 2.3694 12.0010 9.1058 1.4603 8.7917 4.6259 3.2364 1.6982 2.3863 1.8294 11.8615 2.4427 9.8147 9.6031 5.1719
9.8883 7.2039 4.8115 1.9571 8.0848 8.6354 5.3548 5.5210 6.2019 7.6475 10.4380 11.3787 11.8023 11.7390 4.9714 4.9248 7.3913 8.4822 4.6777 1.9438 8.9865 8.4276 9.2093 8.7203 6.0351 7.3589 9.8649 11.0372 11.2670 6.5754 4.5786 8.4009 5.5654 9.3848 5.2902 1.6855 10.4270 5.3486 6.2954 11.2619 11.5776 11.6562 6.7492 11.6695 11.3449 11.3986 12.7627 9.6734 0.0000 4.8287 5.8240 8.4729 7.8923 10.4957 1.7445 1.0394 9.4401 5.5958 1.8009 8.4994 5.6423 9.1691 9.4768 9.8159 9.4570 8.3068 6.5806 11.1182 1.5587 9.7217 10.1089
7.7706 5.7109 6.1167 6.2234 6.5918 7.0831 0.7442 0.9800 6.5883 6.1550 8.4944 9.1373 11.1994 11.5344 0.4023 3.2336 7.1866 8.2776 3.5439 4.5131 7.0429 6.9345 8.9960 5.6585 1.4511 6.8166 7.8522 10.4300 11.0537 6.3707 0.3364 8.8186 0.9964 7.5434 6.5954 5.2129 5.8860 1.2883 1.7544 11.0573 11.3729 10.4073 6.2070 9.5601 9.2272 9.1572 12.5581 9.4601 4.9554 0.0000 2.2769 8.5971 6.4628 8.3862 3.9849 4.5989 9.2355 2.8246 4.3111 8.2948 1.0917 6.9186 8.0592 9.6112 8.6090 8.2242 2.5224 9.7117 3.4439 5.1807 8.1654
7.7140 4.8754 5.0432 7.8055 5.7563 6.3069 2.6205 2.0231 5.7528 5.3195 8.1100 8.8345 10.7622 10.6989 2.6452 5.3138 6.3512 7.4421 1.9040 6.0071 6.6585 6.0991 8.1605 6.6130 4.1988 5.9812 7.7955 9.9972 10.2182 5.5353 2.4243 7.9831 3.2392 7.0563 6.0778 6.7069 7.2961 1.3820 2.2357 10.2218 10.5375 10.2215 5.3715 9.5034 9.0413 8.8544 11.7227 8.6247 6.1897 2.2873 0.0000 7.7616 5.6273 8.3296 5.0454 5.6594 8.4000 4.9048 5.3716 7.4594 2.1517 6.8619 7.1483 8.7758 7.7736 7.3888 4.7653 9.4089 4.1080 6.5907 7.7809
4.2753 3.9671 4.1240 8.9388 3.4816 3.3479 8.1788 7.6311 2.5053 4.4244 5.1345 3.3382 4.5230 4.4597 8.6597 11.3282 2.2247 1.2029 6.5584 10.0386 5.0543 3.4080 1.6678 5.0363 9.7572 4.8289 4.4146 3.7579 3.7255 2.3611 8.4388 0.4511 9.5293 2.7324 3.7733 9.9792 9.0760 7.3965 7.7967 3.9826 4.2982 4.3769 5.2771 5.5921 4.2260 3.3581 5.4834 2.1319 8.4765 8.3018 7.4007 0.0000 4.4838 4.6295 7.5962 7.9462 2.1608 10.9193 7.8929 0.9856 7.7100 3.5442 2.4083 2.5366 2.1776 0.7477 10.7798 3.8388 8.6019 8.5214 4.7515
3.2789 0.9947 4.0151 8.0816 1.3213 1.8718 5.2543 4.7065 3.3420 1.6388 4.2362 4.3994 6.4577 7.4646 5.7351 8.4037 3.4330 3.4656 3.6338 8.0279 2.9777 1.6690 5.0396 2.7116 6.6768 0.5122 3.3604 5.6883 7.0973 2.6172 5.5142 5.0737 6.6047 2.6213 4.5550 7.9685 6.7513 4.4719 4.8722 6.6097 7.1034 5.7864 1.2661 5.0683 4.6062 4.4193 8.4883 5.5038 6.4658 5.3772 4.4762 4.6407 0.0000 3.8945 5.5855 5.9355 3.8100 7.9947 5.8822 4.2250 4.7854 2.4268 2.7133 4.6726 3.3385 4.2679 7.8552 4.9738 6.5912 6.7647 3.7641
0.6898 3.4464 6.5681 11.8573 2.6857 2.1599 7.9226 7.6357 5.6382 2.9661 0.7654 2.6436 4.2217 5.4069 8.7930 11.4778 4.6834 3.6416 7.4096 11.8037 1.9932 2.4294 4.7774 3.5780 8.4475 3.4069 0.7455 3.0873 6.4438 5.2471 8.4551 5.0063 8.4636 2.0624 6.0863 11.7443 7.6177 8.2477 7.5625 4.5359 5.0296 2.6627 3.8551 1.2230 1.1816 2.6635 6.6161 4.8111 10.2416 8.3180 8.2520 4.7394 3.8222 0.0000 9.3613 9.7113 3.0135 11.0689 9.6580 3.7730 7.9094 1.6212 2.5782 3.8761 2.5420 4.3666 9.7415 2.9507 10.3669 7.0631 0.7894
9.0193 6.3349 3.9424 3.1908 7.2158 7.7663 4.5150 4.3639 5.3329 6.7785 9.5690 10.5096 10.9333 10.8700 4.1315 4.4176 6.5222 7.6132 3.4765 2.9592 8.1175 7.5585 8.3403 7.8513 5.1952 6.4898 8.9959 10.1682 10.3979 5.7063 3.7387 7.5319 4.7256 8.5158 4.4211 2.8998 9.5872 3.8542 5.0188 10.3929 10.7085 10.7872 5.8802 10.8005 10.4759 10.5296 11.8937 8.8044 1.5750 3.9889 4.6228 7.6039 7.0233 9.6266 0.0000 0.8668 8.5711 5.0887 0.3616 7.6304 4.4924 8.3001 8.6078 8.9469 8.5879 7.4378 5.7407 10.2491 1.3744 8.8818 9.2399
9.3536 6.6692 4.2767 2.7268 7.5501 8.1006 5.2631 5.0534 5.6672 7.1128 9.9033 10.8439 11.2675 11.2043 4.8796 4.8657 6.8565 7.9475 4.0601 2.4113 8.4518 7.8928 8.6745 8.1856 5.9433 6.8241 9.3302 10.5025 10.7322 6.0406 4.4868 7.8662 5.4737 8.8501 4.7554 2.3519 10.3353 4.5438 5.6024 10.7272 11.0428 11.1215 6.2145 11.1348 10.8101 10.8639 12.2280 9.1387 1.1531 4.7370 5.2064 7.9382 7.3576 9.9609 0.8888 0.0000 8.9054 5.5367 0.9452 7.9647 5.1820 8.6344 8.9421 9.2811 8.9222 7.7721 6.4888 10.5834 1.4669 9.6299 9.5742
2.7054 3.4342 5.2847 10.4888 2.8078 2.6741 8.7071 8.4202 4.0553 3.7506 3.4967 1.4413 3.7191 4.2988 9.5451 12.2624 3.1077 1.1999 7.4438 11.8379 3.9609 2.7342 2.3357 4.3625 9.2320 4.1551 2.8448 2.9540 4.3161 3.2441 9.3242 2.5646 9.2482 1.7578 4.8030 11.7785 8.4022 8.2819 8.3471 3.3749 3.8799 2.8335 4.6033 3.9544 2.5882 1.4612 5.3225 2.3694 10.2758 9.1872 8.2862 2.2977 3.8100 2.9917 9.3955 9.7455 0.0000 11.8534 9.6922 1.3313 8.5954 2.4867 1.4388 1.4344 0.5886 1.9249 10.5261 2.0157 10.4012 7.8476 3.1817
10.3854 8.6091 8.3354 6.3539 9.4900 9.6979 3.6029 3.8782 9.4865 9.3541 11.1092 11.7521 13.8141 14.4326 2.9028 0.8204 10.0848 11.1758 5.9340 4.6436 9.6577 9.8328 11.8942 8.2732 2.9834 9.7149 10.4669 13.0448 13.9519 9.2690 2.9163 11.7168 3.0414 10.1581 8.8141 5.3434 7.4594 3.9205 4.6526 13.9555 14.2712 13.0221 9.1052 12.1749 11.8420 11.7720 15.4563 12.3583 5.5206 3.0159 5.1455 11.4953 9.3610 11.0010 5.2425 5.4866 12.0829 0.0000 4.7338 11.1930 4.0292 9.5334 10.6740 12.5095 11.6114 11.1225 2.2665 12.3265 4.0092 7.5104 10.7801
9.1541 6.4696 4.0772 3.3761 7.3505 7.9011 4.2116 4.0605 5.4676 6.9133 9.7037 10.6444 11.0680 11.0047 3.8282 4.1143 6.6570 7.7479 3.1732 3.3430 8.2522 7.6933 8.4750 7.9861 4.8919 6.6246 9.1307 10.3030 10.5327 5.8411 3.4354 7.6667 4.4222 8.6506 4.5559 3.2836 9.2838 3.5509 4.7155 10.5276 10.8433 10.9219 6.0149 10.9353 10.6106 10.6643 12.0285 8.9391 1.7603 3.6855 4.3195 7.7387 7.1580 9.7614 0.3334 0.9872 8.7058 4.7853 0.0000 7.7652 4.1891 8.4348 8.7425 9.0816 8.7227 7.5726 5.4374 10.3839 1.4952 8.5785 9.3747
3.7236 3.9150 4.2030 9.4071 3.2380 3.1044 8.0985 7.5507 2.9736 4.1809 4.5148 2.5507 3.4529 3.3896 8.5793 11.2479 2.0260 0.9593 6.4780 10.1177 4.8107 3.1645 1.1119 4.7927 9.6622 4.5854 3.8629 2.6879 3.1696 2.1624 8.3584 1.4828 9.4489 2.4888 3.7212 10.0583 8.8324 7.3161 7.7164 2.9125 3.2282 3.3068 5.0336 4.9725 3.6063 2.5706 4.4133 1.4603 8.5555 8.2214 7.3204 1.2160 4.2402 4.0098 7.6753 8.0252 1.3974 10.8389 7.9719 0.0000 7.6296 3.3006 2.1647 1.2458 1.4142 0.8431 10.6994 2.7688 8.6809 8.2779 4.1999
7.1497 5.2687 6.4113 6.7041 6.1496 6.4622 0.4688 0.5378 6.1461 5.7128 7.8735 8.5163 10.5784 11.0922 1.1571 3.9884 6.7444 7.8354 2.8839 4.9937 6.4220 6.4923 8.5538 5.0375 2.0471 6.3745 7.2312 9.8090 10.6115 5.9285 0.8192 8.3764 1.8193 6.9224 6.4711 5.6935 5.5410 1.5384 1.3122 10.6151 10.9307 9.7864 5.7648 8.9391 8.6062 8.5363 12.1159 9.0179 5.4360 0.6821 2.5271 8.1549 6.0206 7.7653 4.2795 4.8935 8.7933 3.5794 4.6058 7.8526 0.0000 6.2977 7.4383 9.1691 8.1668 7.7821 3.0972 9.0908 3.9246 4.8357 7.5444
0.9318 2.1146 5.2363 10.5256 1.3539 0.8281 6.5908 6.3039 4.3064 1.6343 1.8891 2.3639 4.4368 5.4598 7.4612 10.1460 3.3516 2.3541 6.0778 10.4719 1.3947 1.0976 3.9281 2.2462 7.1157 2.0751 1.0133 3.6911 5.9858 3.9153 7.1233 3.7961 7.1318 0.7306 4.7546 10.4125 6.2859 6.9159 6.2308 4.5888 5.0825 3.5685 2.5233 2.7212 2.3883 2.3839 6.6690 4.3923 8.9098 6.9863 6.9202 3.5292 2.4904 1.5474 8.0295 8.3795 2.7055 9.7371 8.3262 3.1135 6.5777 0.0000 1.2464 3.5682 2.2341 3.1564 8.4097 2.9384 9.0352 5.7313 1.4170
1.9429 2.4229 4.5820 10.8803 1.5385 1.2221 7.2495 6.9627 3.3526 2.2931 3.0521 1.9367 3.9950 5.0181 8.1199 10.8048 2.3978 1.4003 6.4325 10.8267 2.5522 1.2822 2.9743 2.9049 7.7744 2.7338 2.0822 3.2256 5.0320 2.5342 7.7820 2.8423 7.7906 0.3898 4.1002 10.7673 6.9447 7.2706 6.8895 4.1470 4.6408 3.3237 3.1820 3.5097 2.1436 1.9566 6.2272 3.4385 9.2645 7.6450 7.2749 2.5754 2.7987 2.5471 8.3843 8.7342 1.4388 10.3958 8.6810 2.1597 7.2364 1.1188 0.0000 2.3014 0.9673 2.2026 9.0685 2.5111 9.3899 6.3901 2.4192
3.2828 4.2969 5.2988 10.5028 3.6705 3.5368 9.3966 8.6465 4.0693 4.4163 4.0741 1.7940 2.4472 3.3038 9.6751 12.9519 3.1218 1.5515 7.5738 11.2134 4.5382 3.5969 1.6645 5.0520 9.9215 4.8570 3.4221 1.6822 3.4942 3.2581 9.4542 2.5786 9.9376 2.6204 4.8170 11.1540 9.0917 8.4119 9.0366 2.2081 2.8712 2.3011 5.3053 4.5317 3.1656 1.8139 4.5006 1.6982 9.6513 9.3172 8.4161 2.3117 4.6726 3.5691 8.7710 9.1210 1.4344 12.5429 9.0677 1.2458 8.7254 3.2420 2.3014 0.0000 1.4513 1.9389 11.2156 1.7631 9.7767 8.5371 3.7591
2.4265 2.9627 5.3016 11.4201 2.3363 2.2026 8.2356 7.9487 4.0722 3.2791 3.2177 1.6586 3.7359 4.3156 9.0736 11.7909 3.1246 1.2167 6.9723 11.3664 3.6819 2.2627 2.3525 3.8910 8.7605 3.6836 2.5658 2.9709 4.3330 3.2610 8.8527 2.5815 8.7767 1.2863 4.8198 11.3070 7.9307 7.8104 7.8756 3.3918 3.8968 3.0509 4.1318 3.6754 2.3092 1.6786 5.3393 2.3863 9.8043 8.7157 7.8147 2.3146 3.3385 2.7127 8.9240 9.2740 0.5886 11.3819 9.2207 1.3482 8.1239 2.0152 0.9673 1.4513 0.0000 1.9417 10.0546 2.2331 9.9297 7.3761 2.9027
3.9660 3.3000 3.5880 8.7727 3.3017 3.0387 7.5117 6.9640 2.3392 4.1152 4.8252 3.0289 4.2137 4.1504 7.9925 10.6611 1.6373 0.8936 5.8912 9.5026 4.7450 3.0988 1.3585 4.7270 9.0900 4.6490 4.1053 3.4487 3.4162 1.7737 7.7717 1.0433 8.8622 2.4231 3.1062 9.4432 8.7668 6.7293 7.1296 3.6733 3.9890 4.0676 5.0549 5.2829 3.9167 3.0488 5.1741 1.8227 7.9405 7.6347 6.7336 0.8184 4.0519 4.3202 7.0602 7.4102 1.8515 10.2522 7.3569 0.6763 7.0429 3.2349 2.0990 2.2273 1.8684 0.0000 10.1127 3.5296 8.0659 8.2122 4.4423
9.0131 7.5599 8.5202 8.1805 8.4408 8.3256 2.5055 2.8290 8.4373 7.9817 9.7369 10.3797 12.4418 13.4649 2.2886 2.8243 9.0357 10.1266 5.9473 6.4702 8.2854 8.7836 10.8450 6.9009 1.6111 7.4965 9.0946 11.6724 12.9027 8.2198 2.5448 10.6676 1.6691 8.7858 8.9989 7.1700 5.9857 3.9339 3.6034 12.5938 13.0876 11.6498 7.2481 10.8025 10.4696 10.3997 14.4071 11.3092 7.0089 2.5086 4.7248 10.4461 8.3118 9.6287 6.3884 6.9750 10.7106 2.3005 6.0654 10.1439 2.9800 8.1611 9.3017 11.4603 10.2391 10.0733 0.0000 10.9542 5.4975 6.0752 9.4078
2.6228 4.9600 6.6967 11.9008 4.1993 3.6735 9.4617 9.1748 5.4673 4.5127 3.4140 0.8770 1.7459 2.7690 10.3321 13.0169 4.5197 2.5275 8.9717 12.6114 3.8782 3.9430 2.2840 5.1171 9.9866 4.9534 2.7621 0.7864 3.8059 4.6561 9.9942 3.5050 10.0027 2.8319 6.2149 12.5520 9.1568 9.8098 9.1016 1.8979 2.3917 1.0417 5.4017 3.8717 1.8072 0.8969 3.9781 2.3177 11.0492 9.8571 9.8141 3.6690 5.3358 2.9090 10.1690 10.5189 1.9674 12.6080 10.4656 2.6438 9.4486 3.5542 3.1363 1.6862 2.1848 3.3368 11.2806 0.0000 11.1746 8.6022 3.0990
9.9909 7.3065 4.9140 2.8463 8.1874 8.7379 3.8434 4.0096 6.3045 7.7501 10.5406 11.4812 11.9048 11.8416 3.4600 3.3924 7.4938 8.5848 4.2043 1.8951 9.0891 8.5301 9.3118 8.8229 4.5237 7.4614 9.9675 11.1398 11.3695 6.6779 3.0672 8.5035 4.0540 9.4874 5.3927 1.8357 8.9156 3.8372 4.7840 11.3645 11.6801 11.7588 6.8518 11.7721 11.4474 11.5012 12.8653 9.7760 1.5587 3.3173 5.0621 8.5755 7.9949 10.5982 1.2534 1.5247 9.5427 4.0634 1.3098 8.6020 4.1309 9.2717 9.5794 9.9184 9.5595 8.4094 5.0691 11.2207 0.0000 8.2103 10.2115
6.2426 6.8763 8.3078 11.1407 6.1745 5.5551 4.5035 4.8410 8.1246 5.2113 6.9664 7.6093 9.6714 10.6944 5.2788 8.0119 8.7229 7.6389 7.1480 9.4304 5.5149 6.3823 9.2129 4.1304 4.8317 5.6520 6.3241 8.9020 11.2706 7.9070 5.2558 9.0809 4.9977 6.0153 8.8477 10.1302 0.7801 5.9126 4.8179 9.8234 10.3171 8.8793 4.7024 7.0204 7.6992 7.6292 11.9035 9.6770 9.8727 5.1188 6.9637 8.8140 6.1642 6.8582 8.7162 9.3302 7.9401 7.6029 9.0424 8.3983 5.1240 5.3906 6.5312 8.8028 7.4686 8.4412 6.3345 8.1837 8.3613 0.0000 6.6373
0.4763 3.2481 6.3698 11.4829 2.4874 1.9615 7.7275 7.4406 5.4399 2.5916 0.4593 2.7919 4.3700 5.5553 8.5979 11.2828 4.4851 3.4876 7.0351 11.4292 1.1752 2.2311 4.9257 3.3797 8.2524 3.0324 0.4161 3.2356 6.5922 5.0488 8.2600 4.9296 8.2685 1.8641 5.8880 11.3698 7.4194 7.8732 7.3675 4.6842 5.1779 3.1129 3.4806 1.8823 1.9328 2.8118 6.7644 4.9594 9.8671 8.1230 7.8775 4.6627 3.6239 0.7084 8.9868 9.3368 3.1618 10.8738 9.2835 3.9213 7.7144 1.6637 2.3799 4.0244 2.6903 4.2899 9.5464 3.0990 9.9925 6.8648 0.0000
0.000 36.678 69.827 119.335 26.582 20.667 89.013 85.382 61.555 29.950 14.083 28.113 50.175 63.930 96.010 128.352 50.693 38.270 73.982 127.532 17.602 24.167 52.610 36.242 93.137 35.267 4.693 36.730 74.300 50.347 95.367 55.598 94.887 19.348 63.335 113.732 83.363 86.095 80.548 53.770 57.973 34.313 40.508 25.518 18.095 27.835 76.827 55.338 109.500 93.450 86.038 51.405 39.090 11.520 98.125 103.002 32.642 123.682 97.538 43.387 87.153 14.203 24.017 40.608 28.730 47.583 110.042 34.412 109.353 78.913 8.625
33.678 0.000 36.292 85.800 13.615 20.305 66.670 59.388 29.053 24.157 46.477 50.543 73.428 84.207 70.072 101.865 35.067 35.588 40.447 93.997 39.802 17.425 56.098 36.075 76.127 17.603 37.843 65.668 80.435 24.858 67.353 53.352 71.892 27.937 29.800 80.197 84.137 57.250 57.560 75.165 80.390 65.492 26.505 58.622 49.827 50.822 96.578 60.150 75.965 67.337 57.193 49.967 14.853 44.630 64.590 69.467 42.403 97.377 64.003 46.248 61.455 26.020 29.150 52.558 36.460 42.295 89.257 57.088 75.818 79.137 40.977
66.827 36.292 0.000 71.160 46.760 53.575 67.617 60.335 24.348 52.180 79.625 73.060 89.152 89.853 71.018 94.585 38.800 51.245 36.803 76.250 68.323 50.570 60.950 63.220 77.073 44.748 70.992 81.633 85.077 28.697 68.300 51.057 72.838 59.108 13.990 62.293 97.097 58.197 58.507 84.445 88.765 88.050 43.962 91.770 75.862 73.338 102.225 65.002 57.560 68.283 58.140 50.818 40.327 77.778 47.407 51.563 61.937 98.098 49.430 51.895 62.402 59.290 55.417 63.915 58.403 45.237 90.203 77.560 59.530 92.097 74.125
116.335 85.800 71.160 0.000 96.268 103.083 77.467 76.832 81.175 96.692 128.190 133.103 149.925 149.902 72.722 69.865 101.558 113.130 70.027 24.577 112.835 100.078 118.023 109.618 83.132 94.257 120.500 142.407 142.150 91.455 68.163 107.125 79.220 110.590 76.922 26.248 133.412 70.837 83.688 145.218 148.813 148.052 87.578 141.278 132.483 133.382 162.257 122.075 25.778 70.103 85.850 106.887 89.835 127.287 38.992 33.338 123.822 74.285 40.992 113.020 76.565 108.798 111.755 125.750 119.020 105.668 90.835 139.445 37.360 128.802 123.633
23.582 13.615 46.760 96.268 0.000 11.860 76.335 69.857 39.453 16.807 36.380 40.828 63.942 76.935 80.540 112.333 39.705 28.870 50.915 104.465 30.943 6.830 49.380 29.633 80.458 19.757 27.747 55.953 73.717 35.258 77.822 47.742 82.208 17.587 40.268 90.665 79.612 67.718 65.455 65.753 70.978 55.837 24.998 48.525 39.730 41.107 89.832 53.432 86.433 77.805 67.662 43.842 18.542 34.533 75.058 79.935 35.527 107.845 74.472 39.530 71.923 17.162 19.838 45.840 29.583 38.273 97.363 47.373 86.287 74.612 30.880
17.667 20.305 53.575 103.083 11.860 0.000 77.392 72.142 46.273 17.757 30.180 35.027 58.140 71.133 84.388 116.730 40.802 28.518 57.730 111.280 23.413 9.445 48.902 25.133 81.515 21.937 21.547 50.152 73.238 40.455 82.887 47.300 83.265 12.753 47.083 97.480 75.998 72.783 67.635 59.952 65.177 49.958 27.178 42.372 33.815 35.305 84.030 52.953 93.248 81.828 72.727 43.400 23.545 28.373 81.873 86.750 33.115 112.060 81.287 38.788 75.213 9.632 16.615 43.595 27.172 37.832 98.420 41.572 93.102 70.998 24.680
86.013 66.670 67.617 77.467 76.335 77.392 0.000 10.988 78.560 66.688 95.310 105.647 128.840 138.588 13.982 46.432 87.535 99.018 33.813 61.962 79.955 80.165 109.685 63.352 16.953 66.380 89.437 120.722 133.812 77.830 14.280 105.177 13.232 85.463 68.195 59.480 61.402 22.097 17.887 130.665 135.890 119.518 65.028 110.515 103.375 105.925 150.960 113.737 61.795 11.635 31.883 102.212 66.107 96.552 52.253 58.103 105.833 41.863 48.623 100.630 8.482 77.810 89.903 112.650 99.890 94.540 30.597 112.208 43.943 56.792 91.332
82.382 59.388 60.335 76.832 69.857 72.142 10.988 0.000 71.278 60.605 91.678 101.848 124.962 131.307 17.128 49.470 80.253 91.737 26.532 63.893 76.323 73.667 102.403 59.720 21.472 59.657 85.805 116.973 126.530 70.548 16.318 97.895 17.237 81.363 60.913 58.157 62.945 15.210 11.860 125.898 130.218 115.887 58.305 106.883 99.743 102.127 143.678 106.455 60.472 14.472 24.602 94.930 58.825 92.920 50.892 56.780 98.552 44.902 47.300 93.348 6.100 74.178 85.063 105.368 92.608 87.258 34.602 108.393 42.620 58.135 87.700
58.555 29.053 24.348 81.175 39.453 46.273 78.560 71.278 0.000 48.198 71.572 59.152 74.550 74.527 81.962 110.657 26.582 37.337 47.747 92.322 64.342 43.263 42.648 59.340 88.017 40.868 62.803 67.032 66.775 18.378 79.243 31.750 83.782 45.258 18.640 78.365 103.683 69.140 69.450 69.843 73.438 73.830 49.770 79.793 62.012 59.430 86.882 46.700 73.632 79.227 69.083 31.512 38.118 69.070 63.478 67.635 48.028 109.267 65.502 37.417 73.345 51.988 41.567 50.007 44.553 30.115 101.147 63.652 75.602 98.683 66.072
26.950 24.157 52.180 96.692 16.807 17.757 66.688 60.605 48.198 0.000 36.343 46.345 69.458 82.452 73.685 105.862 52.858 42.023 50.240 107.995 20.978 20.637 62.533 17.797 70.812 10.432 30.470 61.470 86.870 44.003 71.350 60.895 72.562 25.880 48.945 94.038 69.263 61.247 56.098 71.270 76.495 60.455 15.673 51.487 44.312 46.623 95.348 66.585 89.305 71.125 61.190 56.995 16.570 37.488 79.152 83.308 46.750 101.357 79.892 52.683 63.677 18.747 30.320 55.465 40.883 51.427 87.717 52.890 88.895 64.263 32.365
11.083 46.477 79.625 128.190 36.380 30.180 95.310 91.678 71.572 36.343 0.000 36.690 57.498 71.253 102.307 134.648 60.710 48.287 81.752 137.330 20.138 33.965 62.690 42.072 99.433 41.930 13.095 44.155 81.640 60.363 101.663 65.678 101.183 29.600 73.133 123.530 73.712 92.758 86.845 61.195 65.297 37.847 47.172 21.507 22.385 36.412 84.150 65.418 119.298 99.747 92.702 61.485 48.068 11.730 107.923 112.800 42.517 129.978 107.337 53.467 93.450 23.548 34.268 50.238 38.810 57.600 116.338 42.680 119.152 69.262 8.502
25.113 50.543 73.060 133.103 40.828 35.027 105.647 101.848 59.152 46.345 36.690 0.000 28.740 42.003 112.643 144.985 48.348 27.443 87.750 141.033 42.260 38.043 32.798 53.482 109.770 51.662 29.600 18.697 51.767 48.002 112.000 40.230 111.520 28.160 67.352 127.077 104.010 102.490 97.182 30.822 36.047 18.877 56.903 35.612 18.343 3.278 54.900 34.055 122.343 110.083 102.433 36.037 54.488 30.593 111.893 116.347 20.663 140.315 111.307 28.018 103.787 30.962 26.192 18.330 22.697 33.902 126.675 11.343 123.122 98.787 33.532
47.175 73.428 89.152 149.925 63.942 58.140 128.840 124.962 74.550 69.458 57.498 28.740 0.000 16.755 135.837 168.178 64.440 47.168 110.393 157.125 64.222 61.035 36.490 76.595 132.963 74.775 51.180 17.167 27.843 64.093 135.193 51.752 134.713 51.080 83.443 143.168 125.010 125.603 120.340 10.793 10.798 24.570 80.017 48.090 39.232 29.018 29.652 37.747 138.435 133.277 125.547 48.185 77.602 51.402 128.282 132.438 41.040 163.508 130.305 41.915 126.980 54.253 49.077 30.582 43.387 48.863 149.868 22.677 140.405 120.560 55.112
60.930 84.207 89.853 149.902 76.935 71.133 138.588 131.307 74.527 82.452 71.253 42.003 16.755 0.000 141.990 173.783 65.142 52.182 111.095 157.827 77.977 73.953 35.718 89.588 145.970 87.768 64.935 30.922 17.235 64.795 139.272 51.728 143.810 63.998 84.145 143.870 138.765 129.168 129.478 16.855 12.397 38.325 93.010 61.845 52.987 42.282 19.973 35.115 139.137 139.255 129.112 48.162 89.693 65.157 128.983 133.140 52.448 169.295 131.007 42.567 133.373 67.517 61.995 40.340 53.160 49.525 161.175 35.940 141.107 134.315 68.867
93.010 70.072 71.018 72.722 80.540 84.388 13.982 17.128 81.962 73.685 102.307 112.643 135.837 141.990 0.000 39.163 90.937 102.420 37.215 57.217 86.952 84.350 113.087 70.348 15.812 73.120 96.433 127.718 137.213 81.232 8.303 108.578 10.927 92.460 71.597 56.362 69.452 20.517 24.818 136.582 140.902 126.515 71.768 117.512 110.372 112.922 154.362 117.138 58.677 7.053 32.782 105.613 69.508 103.548 49.135 54.985 109.235 34.595 45.505 104.032 14.295 84.807 96.027 116.052 103.292 97.942 27.650 119.205 40.825 64.842 98.328
125.352 101.865 94.585 69.865 112.333 116.730 46.432 49.470 110.657 105.862 134.648 144.985 168.178 173.783 39.163 0.000 122.730 134.213 69.008 48.703 119.293 116.143 144.880 102.690 41.157 104.913 128.775 160.060 169.007 113.025 37.752 137.358 40.363 124.802 100.402 57.263 98.258 49.615 57.160 168.375 172.695 158.857 103.562 149.853 142.713 145.263 186.155 148.932 60.443 39.170 64.535 137.120 101.302 135.890 56.682 58.973 141.028 10.612 53.052 135.825 46.637 117.148 127.820 147.845 135.085 129.735 33.870 151.547 43.872 96.298 130.670
47.693 35.067 38.800 101.558 39.705 40.802 87.535 80.253 26.582 52.858 60.710 48.348 64.440 65.142 90.937 122.730 0.000 26.533 60.042 106.773 57.040 38.075 36.423 62.067 96.992 46.882 51.942 56.922 60.550 13.742 88.218 33.462 92.757 34.397 33.092 92.817 111.665 78.115 78.425 59.733 64.053 63.338 55.783 68.932 51.150 48.627 77.513 40.475 88.083 88.202 78.058 29.562 44.132 58.208 77.930 82.087 37.225 118.242 79.953 27.183 82.320 42.493 30.705 39.203 33.692 22.082 110.122 52.848 90.053 106.665 55.210
35.270 35.588 51.245 113.130 28.870 28.518 99.018 91.737 37.337 42.023 48.287 27.443 47.168 52.182 102.420 134.213 26.533 0.000 72.487 119.218 44.617 27.240 24.073 49.783 105.675 43.825 39.518 39.593 48.410 26.187 99.702 22.342 104.240 21.922 45.537 105.262 100.648 89.598 89.908 43.817 49.810 42.433 50.215 54.512 34.798 27.722 64.553 28.125 100.528 99.685 89.542 18.442 41.075 43.823 90.375 94.532 16.052 129.725 92.398 14.223 93.803 30.070 18.142 20.625 15.612 12.873 121.605 31.943 102.498 95.648 42.787
70.982 40.447 36.803 70.027 50.915 57.730 33.813 26.532 47.747 50.240 81.752 87.750 110.393 111.095 37.215 69.008 60.042 72.487 0.000 68.307 66.397 54.725 82.192 62.077 43.270 44.665 75.147 102.875 106.318 49.938 34.497 76.473 39.035 65.237 37.382 55.777 80.288 24.393 24.703 105.687 110.007 102.698 43.878 95.925 87.130 88.028 123.467 86.243 52.700 34.480 24.337 74.125 40.243 81.933 38.545 45.487 79.610 64.520 35.280 73.137 28.598 63.445 66.402 85.157 73.667 66.478 56.400 94.295 46.265 75.478 77.773
124.532 93.997 76.250 24.577 104.465 111.280 61.962 63.893 92.322 107.995 137.330 141.033 157.125 157.827 57.217 48.703 106.773 119.218 68.307 0.000 124.138 108.275 128.923 117.280 67.627 100.563 128.697 149.607 153.050 96.670 52.658 119.023 63.715 118.787 82.067 17.903 117.907 58.598 71.450 152.418 156.738 156.023 99.625 149.475 140.680 141.312 170.198 132.975 24.913 54.598 73.612 118.785 96.142 135.483 36.222 27.705 129.910 55.182 36.675 119.868 61.060 116.995 119.952 131.888 126.377 113.210 75.330 145.533 25.545 113.297 131.830
14.602 39.802 68.323 112.835 30.943 23.413 79.955 76.323 64.342 20.978 20.138 42.260 64.222 77.977 86.952 119.293 57.040 44.617 66.397 124.138 0.000 28.528 65.000 26.707 84.078 26.575 16.747 50.777 88.347 56.693 86.308 63.398 85.828 26.095 65.088 110.182 73.062 77.403 71.490 67.817 72.020 48.355 31.817 35.325 32.110 41.982 90.873 68.323 105.448 84.392 77.347 59.498 32.713 24.620 95.295 99.452 46.335 114.623 96.035 54.887 78.095 18.902 30.763 54.302 41.325 53.930 100.983 48.558 105.052 68.612 16.505
21.167 17.425 50.570 100.078 6.830 9.445 80.165 73.667 43.263 20.637 33.965 38.043 61.035 73.953 84.350 116.143 38.075 27.240 54.725 108.275 28.528 0.000 47.750 31.072 84.288 23.587 25.332 53.168 72.087 37.728 81.632 46.112 86.038 14.252 44.078 94.475 81.937 71.528 69.285 62.772 67.997 53.052 28.828 46.110 37.315 38.322 86.850 51.802 90.243 81.615 71.472 42.212 22.352 32.118 78.868 83.745 32.893 111.655 78.282 37.900 75.733 14.747 16.518 43.373 26.950 36.643 101.193 44.588 90.097 76.937 28.465
49.610 56.098 60.950 118.023 49.380 48.902 109.685 102.403 42.648 62.533 62.690 32.798 36.490 35.718 113.087 144.880 36.423 24.073 82.192 128.923 65.000 47.750 0.000 70.167 119.142 64.335 54.175 28.972 27.840 36.027 110.368 19.850 114.907 42.305 55.242 114.967 121.032 100.265 100.575 31.783 34.660 36.147 70.725 63.702 46.857 33.077 48.032 7.082 110.233 110.352 100.208 16.283 61.585 56.593 100.080 104.237 27.727 140.392 102.103 14.825 104.470 50.453 38.525 18.942 28.100 19.667 132.272 28.892 112.203 116.032 58.107
33.242 36.075 63.220 109.618 29.633 25.133 63.352 59.720 59.340 17.797 42.072 53.482 76.595 89.588 70.348 102.690 62.067 49.783 62.077 117.280 26.707 31.072 70.167 0.000 67.475 23.358 36.198 68.607 94.503 55.145 69.705 68.565 69.225 33.205 60.087 105.078 61.960 68.942 54.838 78.407 83.632 67.042 28.600 57.277 50.823 53.760 102.485 74.218 100.345 67.788 68.885 64.665 27.610 43.575 90.192 94.348 54.075 98.020 90.932 60.053 61.492 25.787 37.645 62.790 48.208 59.097 84.380 60.027 98.753 56.960 38.093
90.137 76.127 77.073 83.132 80.458 81.515 16.953 21.472 88.017 70.812 99.433 109.770 132.963 145.970 15.812 41.157 96.992 105.675 43.270 67.627 84.078 84.288 119.142 67.475 0.000 70.503 93.560 124.845 143.268 87.287 19.815 114.633 8.055 89.587 77.652 67.920 62.547 31.533 29.162 134.788 140.013 123.642 69.152 114.638 107.498 110.048 158.867 123.193 70.235 18.678 41.340 111.668 75.563 100.675 60.693 66.543 110.457 34.858 57.063 110.087 18.638 81.933 94.027 119.172 104.590 103.997 20.952 116.332 52.383 59.585 95.455
32.267 17.603 44.748 94.257 19.757 21.937 66.380 59.657 40.868 10.432 41.930 51.662 74.775 87.768 73.120 104.913 46.882 43.825 44.665 100.563 26.575 23.587 64.335 23.358 70.503 0.000 35.978 66.787 88.672 36.673 70.402 62.697 72.253 31.158 41.615 86.607 69.533 60.298 55.150 76.587 81.812 65.772 14.693 56.803 49.628 51.940 100.665 68.387 81.873 70.385 60.242 58.797 9.138 42.805 71.720 75.877 50.510 100.425 72.460 54.485 62.728 24.063 34.858 60.782 44.567 53.228 87.408 58.207 83.843 64.533 37.952
1.693 37.843 70.992 120.500 27.747 21.547 89.437 85.805 62.803 30.470 13.095 29.600 51.180 64.935 96.433 128.775 51.942 39.518 75.147 128.697 16.747 25.332 54.175 36.198 93.560 35.978 0.000 37.735 75.305 51.595 95.790 57.163 95.310 20.597 64.500 114.897 82.375 86.807 80.972 54.775 58.978 34.838 41.220 25.068 18.443 29.322 77.832 56.903 110.665 93.873 86.750 52.970 39.802 11.070 99.290 104.167 34.207 124.105 98.703 44.952 87.577 14.915 25.265 42.173 30.295 48.832 110.465 35.783 110.518 77.925 7.637
33.730 65.668 81.633 142.407 55.953 50.152 120.722 116.973 67.032 61.470 44.155 18.697 17.167 30.922 127.718 160.060 56.922 39.593 102.875 149.607 50.777 53.168 28.972 68.607 124.845 66.787 37.735 0.000 41.292 56.575 127.075 44.233 126.595 43.285 75.925 135.650 111.667 117.615 112.257 20.755 24.965 11.617 72.028 38.953 25.787 18.418 43.818 30.228 130.917 125.158 117.558 40.667 69.613 38.058 120.763 124.920 33.465 155.390 122.787 34.397 118.862 46.037 41.317 23.007 35.812 41.345 141.750 12.163 132.887 107.217 41.667
71.300 80.435 85.077 142.150 73.717 73.238 133.812 126.530 66.775 86.870 81.640 51.767 27.843 17.235 137.213 169.007 60.550 48.410 106.318 153.050 88.347 72.087 27.840 94.503 143.268 88.672 75.305 41.292 0.000 60.153 134.495 42.158 139.033 66.642 79.368 139.093 145.368 124.392 124.702 25.400 23.275 48.712 95.062 72.232 63.357 52.045 28.623 28.745 134.360 134.478 124.335 40.410 85.922 75.543 124.207 128.363 51.985 164.518 126.230 39.275 128.597 74.790 62.862 41.755 52.608 44.003 156.398 45.703 136.330 140.368 79.237
47.347 24.858 28.697 91.455 35.258 40.455 77.830 70.548 18.378 44.003 60.363 48.002 64.093 64.795 81.232 113.025 13.742 26.187 49.938 96.670 56.693 37.728 36.027 55.145 87.287 36.673 51.595 56.575 60.153 0.000 78.513 32.732 83.052 34.050 22.988 82.713 101.960 68.410 68.720 59.387 63.707 62.992 45.575 68.585 50.803 48.280 77.167 40.078 77.980 78.497 68.353 28.832 33.923 57.862 67.827 71.983 36.878 108.537 69.850 26.837 72.615 42.147 30.358 38.857 33.345 21.352 100.417 52.502 79.950 96.960 54.863
92.367 67.353 68.300 68.163 77.822 82.887 14.280 16.318 79.243 71.350 101.663 112.000 135.193 139.272 8.303 37.752 88.218 99.702 34.497 52.658 86.308 81.632 110.368 69.705 19.815 70.402 95.790 127.075 134.495 78.513 0.000 105.860 14.823 91.817 68.878 52.340 70.332 17.798 24.142 133.863 138.183 125.872 69.050 116.868 109.728 112.278 151.643 114.420 54.655 6.895 30.063 102.895 66.790 102.905 45.113 50.963 106.517 33.183 41.483 101.313 13.485 84.163 93.308 113.333 100.573 95.223 30.025 118.562 36.803 65.722 97.685
52.598 53.352 51.057 107.125 47.742 47.300 105.177 97.895 31.750 60.895 65.678 40.230 51.752 51.728 108.578 137.358 33.462 22.342 76.473 119.023 63.398 46.112 19.850 68.565 114.633 62.697 57.163 44.233 42.158 32.732 105.860 0.000 110.398 40.703 47.390 105.067 119.430 95.757 96.067 47.045 50.640 51.032 69.087 70.177 50.057 40.508 64.083 23.902 100.333 105.843 95.700 7.743 59.947 59.582 90.180 94.337 30.715 135.883 92.203 16.437 99.962 48.852 36.923 28.040 30.872 14.937 127.763 43.777 102.303 114.430 61.095
91.887 71.892 72.838 79.220 82.208 83.265 13.232 17.237 83.782 72.562 101.183 111.520 134.713 143.810 10.927 40.363 92.757 104.240 39.035 63.715 85.828 86.038 114.907 69.225 8.055 72.253 95.310 126.595 139.033 83.052 14.823 110.398 0.000 91.337 73.417 62.942 65.952 27.257 24.927 136.538 141.763 125.392 70.902 116.388 109.248 111.798 156.182 118.958 65.257 13.793 37.105 107.433 71.328 102.425 55.715 61.565 111.055 34.065 52.085 105.852 14.403 83.683 95.777 117.872 105.112 99.762 20.425 118.082 47.405 62.058 97.205
16.348 27.937 59.108 110.590 17.587 12.753 85.463 81.363 45.258 25.880 29.600 28.160 51.080 63.998 92.460 124.802 34.397 21.922 65.237 118.787 26.095 14.252 42.305 33.205 89.587 31.158 20.597 43.285 66.642 34.050 91.817 40.703 91.337 0.000 53.400 104.987 84.070 82.005 76.857 52.817 58.042 43.163 36.400 40.693 27.678 28.438 76.895 45.228 100.755 89.900 81.948 36.803 32.767 26.863 89.380 94.257 23.870 120.132 88.793 32.192 83.603 11.548 7.668 34.358 18.230 31.235 106.492 34.705 100.608 79.070 24.100
60.335 29.800 13.990 76.922 40.268 47.083 68.195 60.913 18.640 48.945 73.133 67.352 83.443 84.145 71.597 100.402 33.092 45.537 37.382 82.067 65.088 44.078 55.242 60.087 77.652 41.615 64.500 75.925 79.368 22.988 68.878 47.390 73.417 53.400 0.000 68.110 96.152 58.775 59.085 78.737 83.057 82.342 43.017 85.278 70.153 67.630 96.517 59.293 63.377 68.862 58.718 45.317 38.865 71.287 53.223 57.380 56.228 98.902 55.247 46.187 62.980 52.798 49.708 58.207 52.695 39.528 90.782 71.852 65.347 91.152 67.633
110.732 80.197 62.293 26.248 90.665 97.480 59.480 58.157 78.365 94.038 123.530 127.077 143.168 143.870 56.362 57.263 92.817 105.262 55.777 17.903 110.182 94.475 114.967 105.078 67.920 86.607 114.897 135.650 139.093 82.713 52.340 105.067 62.942 104.987 68.110 0.000 115.305 52.162 65.013 138.462 142.782 142.067 85.668 135.675 126.880 127.355 156.242 119.018 11.702 53.728 67.175 104.828 82.185 121.683 23.363 13.748 115.953 61.683 24.145 105.912 58.062 103.195 106.152 117.932 112.420 99.253 76.577 131.577 18.578 110.695 118.030
80.363 84.137 97.097 133.412 79.612 75.998 61.402 62.945 103.683 69.263 73.712 104.010 125.010 138.765 69.452 98.258 111.665 100.648 80.288 117.907 73.062 81.937 121.032 61.960 62.547 69.533 82.375 111.667 145.368 101.960 70.332 119.430 65.952 84.070 96.152 115.305 0.000 74.847 61.625 128.707 132.808 104.862 68.182 82.703 89.897 103.967 151.662 125.083 117.620 68.230 81.143 115.530 75.672 79.323 108.078 113.928 104.940 91.960 104.448 110.918 63.723 76.173 88.510 113.655 99.073 109.962 74.895 110.235 99.768 10.323 77.938
83.095 57.250 58.197 70.837 67.718 72.783 22.097 15.210 69.140 61.247 92.758 102.490 125.603 129.168 20.517 49.615 78.115 89.598 24.393 58.598 77.403 71.528 100.265 68.942 31.533 60.298 86.807 117.615 124.392 68.410 17.798 95.757 27.257 82.005 58.775 52.162 74.847 0.000 18.917 123.760 128.080 116.600 58.947 107.632 100.457 102.768 141.540 104.317 54.477 17.782 19.587 92.792 56.687 93.633 41.442 48.070 96.413 45.218 37.863 91.210 17.120 74.892 83.205 103.230 90.470 85.120 43.477 109.035 36.625 70.037 88.780
77.548 57.560 58.507 83.688 65.455 67.635 17.887 11.860 69.450 56.098 86.845 97.182 120.340 129.478 24.818 57.160 78.425 89.908 24.703 71.450 71.490 69.285 100.575 54.838 29.162 55.150 80.972 112.257 124.702 68.720 24.142 96.067 24.927 76.857 59.085 65.013 61.625 18.917 0.000 122.152 127.377 111.053 53.798 102.050 94.910 97.460 141.850 104.627 67.328 22.258 23.747 93.102 56.018 88.087 56.510 63.138 96.723 52.592 52.932 91.520 14.932 69.345 80.557 103.540 90.780 85.430 42.292 103.743 49.477 56.815 82.867
50.770 75.165 84.445 145.218 65.753 59.952 130.665 125.898 69.843 71.270 61.195 30.822 10.793 16.855 136.582 168.375 59.733 43.817 105.687 152.418 67.817 62.772 31.783 78.407 134.788 76.587 54.775 20.755 25.400 59.387 133.863 47.045 136.538 52.817 78.737 138.462 128.707 123.760 122.152 0.000 10.410 28.657 81.828 52.200 42.827 31.100 33.338 31.923 133.728 133.847 123.703 43.478 79.413 55.098 123.575 127.732 42.688 163.887 125.598 37.208 127.965 56.335 50.813 29.343 43.600 44.157 151.693 24.758 135.698 124.140 58.707
54.973 80.390 88.765 148.813 70.978 65.177 135.890 130.218 73.438 76.495 65.297 36.047 10.798 12.397 140.902 172.695 64.053 49.810 110.007 156.738 72.020 67.997 34.660 83.632 140.013 81.812 58.978 24.965 23.275 63.707 138.183 50.640 141.763 58.042 83.057 142.782 132.808 128.080 127.377 10.410 0.000 32.368 87.053 55.888 47.030 36.325 28.183 34.057 138.048 138.167 128.023 47.073 84.638 59.200 127.895 132.052 47.913 168.207 129.918 41.478 132.285 61.560 56.038 36.110 49.593 48.437 156.918 29.983 140.018 128.358 62.910
31.313 65.492 88.050 148.052 55.837 49.958 119.518 115.887 73.830 60.455 37.847 18.877 24.570 38.325 126.515 158.857 63.338 42.433 102.698 156.023 48.355 53.052 36.147 67.042 123.642 65.772 34.838 11.617 48.712 62.992 125.872 51.032 125.392 43.163 82.342 142.067 104.862 116.600 111.053 28.657 32.368 0.000 71.013 31.352 19.923 18.598 51.222 37.403 137.333 123.955 116.543 47.465 69.420 31.750 126.842 131.337 35.760 154.187 126.255 40.967 117.658 44.708 41.140 29.553 37.555 47.915 140.547 15.060 138.070 100.412 36.995
37.508 26.505 43.962 87.578 24.998 27.178 65.028 58.305 49.770 15.673 47.172 56.903 80.017 93.010 71.768 103.562 55.783 50.215 43.878 99.625 31.817 28.828 70.725 28.600 69.152 14.693 41.220 72.028 95.062 45.575 69.050 69.087 70.902 36.400 43.017 85.668 68.182 58.947 53.798 81.828 87.053 71.013 0.000 62.045 54.870 57.182 105.907 74.777 80.935 69.033 58.890 65.187 17.985 48.047 70.782 74.938 56.480 99.073 71.673 60.875 61.377 29.305 40.100 66.023 50.537 59.618 86.057 63.448 82.905 63.182 43.193
22.518 58.622 91.770 141.278 48.525 42.372 110.515 106.883 79.793 51.487 21.507 35.612 48.090 61.845 117.512 149.853 68.932 54.512 95.925 149.475 35.325 46.110 63.702 57.277 114.638 56.803 25.068 38.953 72.232 68.585 116.868 70.177 116.388 40.693 85.278 135.675 82.703 107.632 102.050 52.200 55.888 31.352 62.045 0.000 23.885 35.333 74.742 64.958 131.443 114.952 107.575 65.983 60.627 17.625 120.068 124.945 46.975 145.183 119.482 57.965 108.655 35.740 44.108 50.313 43.308 62.582 131.543 40.068 131.297 78.327 25.427
15.095 49.827 75.862 132.483 39.730 33.815 103.375 99.743 62.012 44.312 22.385 18.343 39.232 52.987 110.372 142.713 51.150 34.798 87.130 140.680 32.110 37.315 46.857 50.823 107.498 49.628 18.443 25.787 63.357 50.803 109.728 50.057 109.248 27.678 70.153 126.880 89.897 100.457 94.910 42.827 47.030 19.923 54.870 23.885 0.000 18.065 65.883 48.113 122.648 107.812 100.400 45.863 53.277 16.288 111.273 116.150 26.848 138.043 110.687 37.845 101.515 28.565 26.327 32.618 23.188 42.462 124.403 24.172 122.502 85.447 20.600
24.835 50.822 73.338 133.382 41.107 35.305 105.925 102.127 59.430 46.623 36.412 3.278 29.018 42.282 112.922 145.263 48.627 27.722 88.028 141.312 41.982 38.322 33.077 53.760 110.048 51.940 29.322 18.418 52.045 48.280 112.278 40.508 111.798 28.438 67.630 127.355 103.967 102.768 97.460 31.100 36.325 18.598 57.182 35.333 18.065 0.000 55.178 34.333 122.622 110.362 102.712 36.315 54.767 30.315 112.172 116.625 20.942 140.593 111.585 28.297 104.065 31.240 26.470 18.608 22.975 34.180 126.953 11.065 123.400 99.065 33.253
73.827 96.578 102.225 162.257 89.832 84.030 150.960 143.678 86.882 95.348 84.150 54.900 29.652 19.973 154.362 186.155 77.513 64.553 123.467 170.198 90.873 86.850 48.032 102.485 158.867 100.665 77.832 43.818 28.623 77.167 151.643 64.083 156.182 76.895 96.517 156.242 151.662 141.540 141.850 33.338 28.183 51.222 105.907 74.742 65.883 55.178 0.000 47.428 151.508 151.627 141.483 60.517 102.065 78.053 141.355 145.512 65.205 181.667 143.378 54.938 145.745 80.413 74.892 54.975 65.917 61.897 173.547 48.837 153.478 147.212 81.763
52.338 60.150 65.002 122.075 53.432 52.953 113.737 106.455 46.700 66.585 65.418 34.055 37.747 35.115 117.138 148.932 40.475 28.125 86.243 132.975 68.323 51.802 7.082 74.218 123.193 68.387 56.903 30.228 28.745 40.078 114.420 23.902 118.958 45.228 59.293 119.018 125.083 104.317 104.627 31.923 34.057 37.403 74.777 64.958 48.113 34.333 47.428 0.000 114.285 114.403 104.260 20.335 65.637 59.322 104.132 108.288 30.428 144.443 106.155 18.877 108.522 53.777 41.410 20.198 31.073 23.718 136.323 30.148 116.255 120.083 60.835
106.500 75.965 57.560 25.778 86.433 93.248 61.795 60.472 73.632 89.305 119.298 122.343 138.435 139.137 58.677 60.443 88.083 100.528 52.700 24.913 105.448 90.243 110.233 100.345 70.235 81.873 110.665 130.917 134.360 77.980 54.655 100.333 65.257 100.755 63.377 11.702 117.620 54.477 67.328 133.728 138.048 137.333 80.935 131.443 122.648 122.622 151.508 114.285 0.000 56.043 69.490 100.095 77.452 117.452 21.378 13.053 111.220 64.863 22.770 101.178 60.377 98.963 101.920 113.198 107.687 94.520 78.892 126.843 21.042 113.010 113.798
90.450 67.337 68.283 70.103 77.805 81.828 11.635 14.472 79.227 71.125 99.747 110.083 133.277 139.255 7.053 39.170 88.202 99.685 34.480 54.598 84.392 81.615 110.352 67.788 18.678 70.385 93.873 125.158 134.478 78.497 6.895 105.843 13.793 89.900 68.862 53.728 68.230 17.782 22.258 133.847 138.167 123.955 69.033 114.952 107.812 110.362 151.627 114.403 56.043 0.000 30.047 102.878 66.773 100.988 46.502 52.352 106.500 34.602 42.872 101.297 11.638 82.247 93.292 113.317 100.557 95.207 30.013 116.645 38.192 63.620 95.768
83.038 57.193 58.140 85.850 67.662 72.727 31.883 24.602 69.083 61.190 92.702 102.433 125.547 129.112 32.782 64.535 78.058 89.542 24.337 73.612 77.347 71.472 100.208 68.885 41.340 60.242 86.750 117.558 124.335 68.353 30.063 95.700 37.105 81.948 58.718 67.175 81.143 19.587 23.747 123.703 128.023 116.543 58.890 107.575 100.400 102.712 141.483 104.260 69.490 30.047 0.000 92.735 56.630 93.577 56.068 62.697 96.357 60.087 52.490 91.153 26.668 74.835 83.148 103.173 90.413 85.063 54.470 108.978 51.638 76.333 88.723
48.405 49.967 50.818 106.887 43.842 43.400 102.212 94.930 31.512 56.995 61.485 36.037 48.185 48.162 105.613 137.120 29.562 18.442 74.125 118.785 59.498 42.212 16.283 64.665 111.668 58.797 52.970 40.667 40.410 28.832 102.895 7.743 107.433 36.803 45.317 104.828 115.530 92.792 93.102 43.478 47.073 47.465 65.187 65.983 45.863 36.315 60.517 20.335 100.095 102.878 92.735 0.000 56.047 55.388 89.942 94.098 26.522 132.918 91.965 12.243 96.997 44.952 33.023 24.010 26.678 11.292 124.798 40.195 102.065 110.530 56.902
36.090 14.853 40.327 89.835 18.542 23.545 66.107 58.825 38.118 16.570 48.068 54.488 77.602 89.693 69.508 101.302 44.132 41.075 40.243 96.142 32.713 22.352 61.585 27.610 75.563 9.138 39.802 69.613 85.922 33.923 66.790 59.947 71.328 32.767 38.865 82.185 75.672 56.687 56.018 79.413 84.638 69.420 17.985 60.627 53.277 54.767 102.065 65.637 77.452 66.773 56.630 56.047 0.000 46.628 67.298 71.455 47.760 96.813 68.038 51.735 60.892 27.887 34.077 58.045 41.817 50.478 88.693 61.033 79.422 70.672 42.935
8.520 44.630 77.778 127.287 34.533 28.373 96.552 92.920 69.070 37.488 11.730 30.593 51.402 65.157 103.548 135.890 58.208 43.823 81.933 135.483 24.620 32.118 56.593 43.575 100.675 42.805 11.070 38.058 75.543 57.862 102.905 59.582 102.425 26.863 71.287 121.683 79.323 93.633 88.087 55.098 59.200 31.750 48.047 17.625 16.288 30.315 78.053 59.322 117.452 100.988 93.577 55.388 46.628 0.000 106.077 110.953 36.420 131.220 105.490 47.370 94.692 21.742 31.532 44.142 32.713 51.987 117.580 36.583 117.305 74.873 11.428
95.125 64.590 47.407 38.992 75.058 81.873 52.253 50.892 63.478 79.152 107.923 111.893 128.282 128.983 49.135 56.682 77.930 90.375 38.545 36.222 95.295 78.868 100.080 90.192 60.693 71.720 99.290 120.763 124.207 67.827 45.113 90.180 55.715 89.380 53.223 23.363 108.078 41.442 56.510 123.575 127.895 126.842 70.782 120.068 111.273 112.172 141.355 104.132 21.378 46.502 56.068 89.942 67.298 106.077 0.000 12.737 101.067 60.623 6.993 91.025 50.835 87.588 90.545 103.045 97.533 84.367 69.350 116.690 17.592 103.468 102.423
100.002 69.467 51.563 33.338 79.935 86.750 58.103 56.780 67.635 83.308 112.800 116.347 132.438 133.140 54.985 58.973 82.087 94.532 45.487 27.705 99.452 83.745 104.237 94.348 66.543 75.877 104.167 124.920 128.363 71.983 50.963 94.337 61.565 94.257 57.380 13.748 113.928 48.070 63.138 127.732 132.052 131.337 74.938 124.945 116.150 116.625 145.512 108.288 13.053 52.352 62.697 94.098 71.455 110.953 12.737 0.000 105.223 63.393 13.570 95.182 56.685 92.465 95.422 107.202 101.690 88.523 75.200 120.847 19.330 109.318 107.300
29.642 42.403 61.937 123.822 35.527 33.115 105.833 98.552 48.028 46.750 42.517 20.663 41.040 52.448 109.235 141.028 37.225 16.052 79.610 129.910 46.335 32.893 27.727 54.075 110.457 50.510 34.207 33.465 51.985 36.878 106.517 30.715 111.055 23.870 56.228 115.953 104.940 96.413 96.723 42.688 47.913 35.760 56.480 46.975 26.848 20.942 65.205 30.428 111.220 106.500 96.357 26.522 47.760 36.420 101.067 105.223 0.000 136.540 103.090 18.503 100.618 32.418 20.052 19.492 9.813 23.565 127.362 25.270 113.190 99.940 38.138
120.682 97.377 98.098 74.285 107.845 112.060 41.863 44.902 109.267 101.357 129.978 140.315 163.508 169.295 34.595 10.612 118.242 129.725 64.520 55.182 114.623 111.655 140.392 98.020 34.858 100.425 124.105 155.390 164.518 108.537 33.183 135.883 34.065 120.132 98.902 61.683 91.960 45.218 52.592 163.887 168.207 154.187 99.073 145.183 138.043 140.593 181.667 144.443 64.863 34.602 60.087 132.918 96.813 131.220 60.623 63.393 136.540 0.000 56.993 131.337 42.068 112.478 123.332 143.357 130.597 125.247 27.808 146.877 47.813 90.000 126.000
94.538 64.003 49.430 40.992 74.472 81.287 48.623 47.300 65.502 79.892 107.337 111.307 130.305 131.007 45.505 53.052 79.953 92.398 35.280 36.675 96.035 78.282 102.103 90.932 57.063 72.460 98.703 122.787 126.230 69.850 41.483 92.203 52.085 88.793 55.247 24.145 104.448 37.863 52.932 125.598 129.918 126.255 71.673 119.482 110.687 111.585 143.378 106.155 22.770 42.872 52.490 91.965 68.038 105.490 6.993 13.570 103.090 56.993 0.000 93.048 47.205 87.002 89.958 105.068 97.223 86.390 65.720 117.852 18.045 99.838 101.837
40.387 46.248 51.895 113.020 39.530 38.788 100.630 93.348 37.417 52.683 53.467 28.018 41.915 42.567 104.032 135.825 27.183 14.223 73.137 119.868 54.887 37.900 14.825 60.053 110.087 54.485 44.952 34.397 39.275 26.837 101.313 16.437 105.852 32.192 46.187 105.912 110.918 91.210 91.520 37.208 41.478 40.967 60.875 57.965 37.845 28.297 54.938 18.877 101.178 101.297 91.153 12.243 51.735 47.370 91.025 95.182 18.503 131.337 93.048 0.000 95.415 40.340 28.412 17.112 18.660 10.722 123.217 32.177 103.148 105.918 48.883
84.153 61.455 62.402 76.565 71.923 75.213 8.482 6.100 73.345 63.677 93.450 103.787 126.980 133.373 14.295 46.637 82.320 93.803 28.598 61.060 78.095 75.733 104.470 61.492 18.638 62.728 87.577 118.862 128.597 72.615 13.485 99.962 14.403 83.603 62.980 58.062 63.723 17.120 14.932 127.965 132.285 117.658 61.377 108.655 101.515 104.065 145.745 108.522 60.377 11.638 26.668 96.997 60.892 94.692 50.835 56.685 100.618 42.068 47.205 95.415 0.000 75.950 87.410 107.435 94.675 89.325 31.768 110.348 42.525 59.113 89.472
11.203 26.020 59.290 108.798 17.162 9.632 77.810 74.178 51.988 18.747 23.548 30.962 54.253 67.517 84.807 117.148 42.493 30.070 63.445 116.995 18.902 14.747 50.453 25.787 81.933 24.063 14.915 46.037 74.790 42.147 84.163 48.852 83.683 11.548 52.798 103.195 76.173 74.892 69.345 56.335 61.560 44.708 29.305 35.740 28.565 31.240 80.413 53.777 98.963 82.247 74.835 44.952 27.887 21.742 87.588 92.465 32.418 112.478 87.002 40.340 75.950 0.000 16.217 41.052 26.778 39.383 98.838 37.572 98.817 70.825 18.048
21.017 29.150 55.417 111.755 19.838 16.615 89.903 85.063 41.567 30.320 34.268 26.192 49.077 61.995 96.027 127.820 30.705 18.142 66.402 119.952 30.763 16.518 38.525 37.645 94.027 34.858 25.265 41.317 62.862 30.358 93.308 36.923 95.777 7.668 49.708 106.152 88.510 83.205 80.557 50.813 56.038 41.140 40.100 44.108 26.327 26.470 74.892 41.410 101.920 93.292 83.148 33.023 34.077 31.532 90.545 95.422 20.052 123.332 89.958 28.412 87.410 16.217 0.000 30.540 14.412 27.455 110.932 32.737 101.773 83.510 28.768
37.608 52.558 63.915 125.750 45.840 43.595 112.650 105.368 50.007 55.465 50.238 18.330 30.582 40.340 116.052 147.845 39.203 20.625 85.157 131.888 54.302 43.373 18.942 62.790 119.172 60.782 42.173 23.007 41.755 38.857 113.333 28.040 117.872 34.358 58.207 117.932 113.655 103.230 103.540 29.343 36.110 29.553 66.023 50.313 32.618 18.608 54.975 20.198 113.198 113.317 103.173 24.010 58.045 44.142 103.045 107.202 19.492 143.357 105.068 17.112 107.435 41.052 30.540 0.000 20.293 23.778 135.237 21.022 115.168 108.655 46.105
25.730 36.460 58.403 119.020 29.583 27.172 99.890 92.608 44.553 40.883 38.810 22.697 43.387 53.160 103.292 135.085 33.692 15.612 73.667 126.377 41.325 26.950 28.100 48.208 104.590 44.567 30.295 35.812 52.608 33.345 100.573 30.872 105.112 18.230 52.695 112.420 99.073 90.470 90.780 43.600 49.593 37.555 50.537 43.308 23.188 22.975 65.917 31.073 107.687 100.557 90.413 26.678 41.817 32.713 97.533 101.690 9.813 130.597 97.223 18.660 94.675 26.778 14.412 20.293 0.000 23.275 121.495 27.617 109.038 94.073 34.227
44.583 42.295 45.237 105.668 38.273 37.832 94.540 87.258 30.115 51.427 57.600 33.902 48.863 49.525 97.942 129.735 22.082 12.873 66.478 113.210 53.930 36.643 19.667 59.097 103.997 53.228 48.832 41.345 44.003 21.352 95.223 14.937 99.762 31.235 39.528 99.253 109.962 85.120 85.430 44.157 48.437 47.915 59.618 62.582 42.462 34.180 61.897 23.718 94.520 95.207 85.063 11.292 50.478 51.987 84.367 88.523 23.565 125.247 86.390 10.722 89.325 39.383 27.455 23.778 23.275 0.000 117.127 38.103 96.490 104.962 52.100
107.042 89.257 90.203 90.835 97.363 98.420 30.597 34.602 101.147 87.717 116.338 126.675 149.868 161.175 27.650 33.870 110.122 121.605 56.400 75.330 100.983 101.193 132.272 84.380 20.952 87.408 110.465 141.750 156.398 100.417 30.025 127.763 20.425 106.492 90.782 76.577 74.895 43.477 42.292 151.693 156.918 140.547 86.057 131.543 124.403 126.953 173.547 136.323 78.892 30.013 54.470 124.798 88.693 117.580 69.350 75.200 127.362 27.808 65.720 123.217 31.768 98.838 110.932 135.237 121.495 117.127 0.000 133.237 61.040 75.808 112.360
31.412 57.088 77.560 139.445 47.373 41.572 112.208 108.393 63.652 52.890 42.680 11.343 22.677 35.940 119.205 151.547 52.848 31.943 94.295 145.533 48.558 44.588 28.892 60.027 116.332 58.207 35.783 12.163 45.703 52.502 118.562 43.777 118.082 34.705 71.852 131.577 110.235 109.035 103.743 24.758 29.983 15.060 63.448 40.068 24.172 11.065 48.837 30.148 126.843 116.645 108.978 40.195 61.033 36.583 116.690 120.847 25.270 146.877 117.852 32.177 110.348 37.572 32.737 21.022 27.617 38.103 133.237 0.000 128.813 105.377 39.715
106.353 75.818 59.530 37.360 86.287 93.102 43.943 42.620 75.602 88.895 119.152 123.122 140.405 141.107 40.825 43.872 90.053 102.498 46.265 25.545 105.052 90.097 112.203 98.753 52.383 83.843 110.518 132.887 136.330 79.950 36.803 102.303 47.405 100.608 65.347 18.578 99.768 36.625 49.477 135.698 140.018 138.070 82.905 131.297 122.502 123.400 153.478 116.255 21.042 38.192 51.638 102.065 79.422 117.305 17.592 19.330 113.190 47.813 18.045 103.148 42.525 98.817 101.773 115.168 109.038 96.490 61.040 128.813 0.000 95.158 113.652
75.913 79.137 92.097 128.802 74.612 70.998 56.792 58.135 98.683 64.263 69.262 98.787 120.560 134.315 64.842 96.298 106.665 95.648 75.478 113.297 68.612 76.937 116.032 56.960 59.585 64.533 77.925 107.217 140.368 96.960 65.722 114.430 62.058 79.070 91.152 110.695 10.323 70.037 56.815 124.140 128.358 100.412 63.182 78.327 85.447 99.065 147.212 120.083 113.010 63.620 76.333 110.530 70.672 74.873 103.468 109.318 99.940 90.000 99.838 105.918 59.113 70.825 83.510 108.655 94.073 104.962 75.808 105.377 95.158 0.000 73.488
5.625 40.977 74.125 123.633 30.880 24.680 91.332 87.700 66.072 32.365 8.502 33.532 55.112 68.867 98.328 130.670 55.210 42.787 77.773 131.830 16.505 28.465 58.107 38.093 95.455 37.952 7.637 41.667 79.237 54.863 97.685 61.095 97.205 24.100 67.633 118.030 77.938 88.780 82.867 58.707 62.910 36.995 43.193 25.427 20.600 33.253 81.763 60.835 113.798 95.768 88.723 56.902 42.935 11.428 102.423 107.300 38.138 126.000 101.837 48.883 89.472 18.048 28.768 46.105 34.227 52.100 112.360 39.715 113.652 73.488 0.000
0.0000 2.7991 5.5589 9.6868 1.9537 1.4632 7.1800 6.8734 4.8773 2.2470 0.9228 2.0939 3.9230 5.0727 7.7546 10.4513 3.9779 2.9393 5.9067 10.3687 1.2089 1.7525 4.1309 2.7733 7.5192 2.6877 0.1388 2.7994 5.9308 3.9496 7.7014 4.3880 7.6678 1.3619 5.0167 9.2219 6.7109 6.9264 6.4702 4.2225 4.5745 2.6142 3.1256 1.8766 1.2584 2.0706 6.1492 4.3676 8.8682 7.5413 6.9243 4.0377 3.0099 0.7082 7.9167 8.3262 2.4259 10.0686 7.8652 3.3684 7.0211 0.9318 1.7517 3.1370 2.1446 3.7173 8.9341 2.6200 8.8519 6.3300 0.4672
2.7991 0.0000 2.7801 6.9080 0.8831 1.4442 5.3200 4.7111 2.1766 1.7668 3.6177 3.9511 5.8628 6.7751 5.6046 8.2584 2.6755 2.7225 3.1279 7.5898 3.0718 1.1983 4.4278 2.7587 6.1103 1.2169 2.8999 5.2111 6.4633 1.8234 5.3774 4.2067 5.7568 2.0767 2.2378 6.4431 6.7694 4.5288 4.5583 6.0162 6.4525 5.2083 1.9633 4.6355 3.9057 3.9744 7.8073 4.7661 6.0894 5.3759 4.5268 3.9122 0.9873 3.4707 5.1378 5.5473 3.2838 7.8841 5.0863 3.6106 4.8842 1.9213 2.1801 4.1364 2.7873 3.2720 7.2076 4.4977 6.0730 6.3513 3.1587
5.5589 2.7801 0.0000 5.6847 3.6504 4.2190 5.4009 4.7921 1.7834 4.1032 6.3776 5.8422 7.1724 7.2375 5.6856 7.6382 2.9841 4.0241 2.8255 6.1100 5.4471 3.9656 4.8213 5.0249 6.1913 3.4830 5.6597 6.5516 6.8395 2.1406 5.4583 4.0150 5.8378 4.6794 0.9183 4.9452 7.8556 4.6098 4.6392 6.7872 7.1466 7.0939 3.4153 7.3953 6.0495 5.8655 8.2698 5.1597 4.5496 5.4569 4.6078 3.9952 3.1141 6.2306 3.6978 4.0495 4.9167 7.9390 3.8718 4.0730 4.9651 4.6962 4.3713 5.0817 4.6212 3.5254 7.2886 6.2182 4.7100 7.4375 5.9185
9.6868 6.9080 5.6847 0.0000 7.7783 8.3469 6.2031 6.1632 6.5228 7.8160 10.4395 10.8392 12.2500 12.2597 5.8075 5.5819 8.2236 9.1770 5.5895 1.7965 9.1599 8.0935 9.5978 8.8952 6.6832 7.6109 9.7876 11.6292 11.6160 7.3801 5.4267 8.6902 6.3565 8.9718 6.1720 1.9412 10.8706 5.6637 6.7368 11.8648 12.1687 12.0964 7.0557 11.5232 10.7934 10.8625 13.2825 9.9361 1.9015 5.5886 6.9147 8.6704 7.2420 10.3584 3.0019 2.5329 10.0697 5.9456 3.1686 9.1816 6.1250 8.8240 9.0757 10.2454 9.6754 8.5684 7.3266 11.3712 2.8697 10.4874 10.0464
1.9537 0.8831 3.6504 7.7783 0.0000 0.7397 6.1207 5.5814 3.0455 1.1535 2.7723 3.1503 5.0731 6.1697 6.4749 9.1287 3.0650 2.1615 3.9982 8.4601 2.3329 0.3196 3.8668 2.2246 6.4599 1.3963 2.0545 4.4103 5.9023 2.6924 6.2477 3.7374 6.6085 1.2179 3.1081 7.3134 6.3928 5.3991 5.2102 5.2353 5.6716 4.4013 1.8342 3.7901 3.0603 3.1736 7.2463 4.2051 6.9597 6.2462 5.3971 3.4118 1.2978 2.6253 6.0081 6.4176 2.7118 8.7544 5.9566 3.0496 5.7545 1.1824 1.4060 3.5755 2.2154 2.9468 7.8747 3.6969 6.9433 5.9746 2.3133
1.4632 1.4442 4.2190 8.3469 0.7397 0.0000 6.2107 5.7718 3.6112 1.2326 2.2664 2.6667 4.5895 5.6861 6.7853 9.4820 3.1532 2.1178 4.5668 9.0287 1.7045 0.5385 3.8124 1.8490 6.5500 1.5806 1.5486 3.9267 5.8479 3.1249 6.6695 3.6863 6.6985 0.8117 3.6767 7.8820 6.0971 5.8210 5.3945 4.7517 5.1879 3.9201 2.0185 3.2864 2.5698 2.6900 6.7627 4.1507 7.5283 6.5720 5.8189 3.3607 1.7153 2.1180 6.5767 6.9862 2.5017 9.0993 6.5252 2.9722 6.0284 0.5541 1.1339 3.3766 2.0052 2.8957 7.9648 3.2133 7.5119 5.6790 1.8074
7.1800 5.3200 5.4009 6.2031 6.1207 6.2107 0.0000 0.6680 6.3164 5.3173 7.7048 8.5599 10.4971 11.3145 0.9166 3.6220 7.0611 8.0226 2.5755 4.8985 6.4252 6.4402 8.8983 5.0375 1.1660 5.2907 7.2179 9.8192 10.9165 6.2509 0.9410 8.5355 0.8554 6.8769 5.4493 4.7144 4.8730 1.5950 1.2437 10.6555 11.0917 9.7325 5.1804 8.9746 8.3822 8.5831 12.3468 9.2367 4.9081 0.7207 2.4132 8.2848 5.2694 7.8121 4.1127 4.5998 8.5839 3.2442 3.8093 8.1500 0.4581 6.2482 7.2531 9.1587 8.0874 7.6445 2.3062 9.1079 3.4145 4.4898 7.3762
6.8734 4.7111 4.7921 6.1632 5.5814 5.7718 0.6680 0.0000 5.7075 4.8114 7.3982 8.2346 10.1573 10.7057 1.1794 3.8761 6.4522 7.4137 1.9666 5.0571 6.1186 5.8966 8.2895 4.7309 1.5434 4.7290 6.9114 9.4945 10.3076 5.6420 1.1095 7.9266 1.1899 6.5423 4.8404 4.6037 5.0001 1.0164 0.7401 10.2554 10.6147 9.4260 4.6187 8.6681 8.0756 8.2578 11.7379 8.6278 4.7973 0.9551 1.8043 7.6759 4.6605 7.5055 3.9973 4.4891 7.9750 3.4982 3.6986 7.5412 0.2590 5.9416 6.8513 8.5498 7.4786 7.0357 2.6407 8.7811 3.3038 4.6014 7.0696
4.8773 2.1766 1.7834 6.5228 3.0455 3.6112 6.3164 5.7075 0.0000 3.7724 5.7056 4.6779 5.9615 5.9712 6.6010 8.9812 1.9690 2.8598 3.7409 7.4530 5.1162 3.3607 3.3093 4.7022 7.1067 3.1604 4.9844 5.3407 5.3274 1.2842 6.3737 2.4017 6.7532 3.5198 1.3071 6.2882 8.4041 5.5252 5.5547 5.5763 5.8802 5.9142 3.9069 6.3742 4.8899 4.7012 6.9939 3.6476 5.8926 6.3723 5.5232 2.3819 2.9308 5.5041 5.0408 5.3925 3.7524 8.8805 5.2148 2.8744 5.8806 4.0883 3.2117 3.9174 3.4616 2.2654 8.2040 5.0539 6.0530 7.9860 5.2466
2.2470 1.7668 4.1032 7.8160 1.1535 1.2326 5.3173 4.8114 3.7724 0.0000 2.7805 3.6043 5.5271 6.6237 5.8919 8.5902 4.1640 3.2605 3.9445 8.7585 1.5001 1.4731 4.9658 1.2357 5.6565 0.6202 2.2937 4.8643 7.0013 3.4192 5.7091 4.8364 5.8051 1.9033 3.8336 7.5938 5.5338 4.8606 4.4342 5.6893 6.1256 4.7995 1.0580 4.0475 3.4492 3.6276 7.7003 5.3041 7.1981 5.6786 4.8586 4.5107 1.1324 2.8791 6.3463 6.6980 3.6090 8.2058 6.4094 4.1485 5.0680 1.3152 2.2795 4.3690 3.1619 4.0458 7.0714 4.1509 7.1667 5.1157 2.4519
0.9228 3.6177 6.3776 10.4395 2.7723 2.2664 7.7048 7.3982 5.7056 2.7805 0.0000 2.8141 4.5465 5.6961 8.2794 10.9761 4.8062 3.7678 6.5662 11.1873 1.4313 2.5711 4.9640 3.2591 8.0440 3.2437 0.8428 3.4252 6.5611 4.7778 8.2262 5.2211 8.1926 2.2176 5.8353 10.0405 5.9022 7.4823 6.9950 4.8483 5.1980 2.9039 3.6815 1.5461 1.6120 2.7909 6.7727 5.2007 9.6868 8.0661 7.4803 4.8708 3.7559 0.7294 8.7353 9.1448 3.2560 10.5934 8.6838 4.2015 7.5459 1.7123 2.6074 3.9445 2.9777 4.5458 9.4589 3.3154 9.6705 5.5212 0.4593
2.0939 3.9511 5.8422 10.8392 3.1503 2.6667 8.5599 8.2346 4.6779 3.6043 2.8141 0.0000 2.1416 3.2555 9.1345 11.8312 3.7832 2.0373 7.0591 11.5119 3.2789 2.9127 2.4879 4.2087 8.8991 4.0451 2.2212 1.3111 4.0691 3.7549 9.0813 3.1075 9.0477 2.0904 5.3660 10.3471 8.4231 8.2837 7.8501 2.3211 2.7573 1.3256 4.4830 2.7221 1.2807 0.0233 4.3321 2.5928 9.9514 8.9212 8.2817 2.7572 4.2918 2.3047 9.0691 9.4514 1.4636 11.4485 9.0176 2.0880 8.4010 2.3358 1.9279 1.2794 1.6357 2.5794 10.3140 0.6965 10.0043 7.9802 2.5496
3.9230 5.8628 7.1724 12.2500 5.0731 4.5895 10.4971 10.1573 5.9615 5.5271 4.5465 2.1416 0.0000 1.1496 11.0717 13.7684 5.1134 3.6716 8.9495 12.8421 5.1116 4.8281 2.7877 6.1315 10.8363 5.9679 4.0216 1.1841 2.0746 5.0851 11.0185 4.0564 10.9849 4.0023 6.6962 11.6773 10.1790 10.2065 9.7819 0.6509 0.6514 1.8027 6.4057 3.7680 3.0229 2.1648 2.2262 2.8926 11.2816 10.8584 10.2045 3.7583 6.2146 4.0371 10.4298 10.7816 3.1526 13.3856 10.6039 3.2381 10.3382 4.2646 3.8396 2.2894 3.3596 3.8182 12.2512 1.6382 11.4420 9.7980 4.3500
5.0726 6.7750 7.2375 12.2597 6.1697 5.6861 11.3145 10.7056 5.9711 6.6237 5.6961 3.2555 1.1496 0.0000 11.5992 14.2530 5.1785 4.1021 9.0145 12.9071 6.2612 5.9159 2.7295 7.2281 11.9291 7.0645 5.1712 2.3337 1.1883 5.1501 11.3719 4.0660 11.7514 5.0901 6.7613 11.7424 11.3286 10.5234 10.5528 1.1569 0.7851 2.9523 7.5023 4.9176 4.1725 3.2788 1.4169 2.6792 11.3467 11.3704 10.5213 3.7680 7.2255 5.1867 10.4949 10.8466 4.1268 13.8786 10.6689 3.3016 10.8787 5.3785 4.9274 3.1183 4.1865 3.8827 13.2022 2.7521 11.5071 10.9476 5.4996
7.7546 5.6046 5.6856 5.8075 6.4749 6.7853 0.9166 1.1794 6.6010 5.8919 8.2794 9.1345 11.0717 11.5992 0.0000 3.0154 7.3458 8.3072 2.8601 4.5029 6.9998 6.7901 9.1830 5.6121 1.0701 5.8540 7.7925 10.3938 11.2011 6.5355 0.4426 8.8201 0.6625 7.4515 5.7339 4.4553 5.5446 1.4642 1.8161 11.1489 11.5082 10.3071 5.7437 9.5492 8.9568 9.1577 12.6314 9.5213 4.6490 0.3387 2.4863 8.5694 5.5541 8.3867 3.8536 4.3407 8.8685 2.6376 3.5502 8.4347 0.9427 6.8228 7.7724 9.4433 8.3721 7.9292 2.0597 9.6825 3.1554 5.1614 7.9508
10.4513 8.2584 7.6382 5.5819 9.1287 9.4820 3.6220 3.8761 8.9812 8.5902 10.9761 11.8312 13.7684 14.2530 3.0154 0.0000 9.9996 10.9610 5.5139 3.8142 9.6965 9.4439 11.8368 8.3088 3.1821 8.5077 10.4892 13.0905 13.8549 9.1893 2.8978 11.2121 3.1159 10.1481 8.1243 4.5318 7.9458 3.8929 4.5128 13.8027 14.1620 13.0038 8.3975 12.2459 11.6535 11.8544 15.2852 12.1751 4.7982 3.0162 5.1393 11.1923 8.2079 11.0834 4.4780 4.6754 11.5223 0.6355 4.1750 11.0885 3.6394 9.5195 10.4262 12.0971 11.0259 10.5830 2.5767 12.3792 3.4081 7.7780 10.6475
3.9779 2.6755 2.9841 8.2236 3.0650 3.1532 7.0611 6.4522 1.9690 4.1640 4.8062 3.7832 5.1134 5.1785 7.3458 9.9996 0.0000 1.9651 4.7611 8.6537 4.5026 2.9284 2.7831 4.9273 7.8514 3.6594 4.0850 4.4926 4.8012 0.8967 7.1185 2.5326 7.4980 2.6204 2.5079 7.4890 9.0701 6.2700 6.2994 4.7282 5.0876 5.0349 4.4058 5.4748 3.9905 3.8065 6.2107 3.1214 7.0933 7.1170 6.2679 2.2070 3.4298 4.6047 6.2415 6.5932 2.8577 9.6252 6.4155 2.0140 6.6253 3.2880 2.3123 3.0227 2.5622 1.5853 8.9488 4.1592 7.2537 8.6520 4.3472
2.9393 2.7225 4.0241 9.1770 2.1615 2.1178 8.0226 7.4137 2.8598 3.2605 3.7678 2.0373 3.6716 4.1021 8.3072 10.9610 1.9651 0.0000 5.8011 9.6937 3.4643 2.0249 1.7549 3.8918 8.5668 3.4026 3.0463 3.0490 3.7904 1.9367 8.0799 1.6152 8.4594 1.5774 3.5478 8.5290 8.1400 7.2314 7.2609 3.4053 3.9058 3.2890 3.9411 4.2775 2.6418 2.0605 5.1344 2.0932 8.1333 8.0785 7.2294 1.2896 3.1730 3.3884 7.2815 7.6332 1.0892 10.5867 7.4555 0.9376 7.5868 2.2497 1.2618 1.4713 1.0525 0.8246 9.9102 2.4133 8.2937 7.7218 3.3088
5.9067 3.1279 2.8255 5.5895 3.9982 4.5668 2.5755 1.9666 3.7409 3.9445 6.5662 7.0591 8.9495 9.0146 2.8601 5.5139 4.7611 5.8011 0.0000 5.4519 5.2866 4.3134 6.5984 4.9335 3.3658 3.4769 6.0075 8.3191 8.6165 3.9176 2.6328 6.1399 3.0123 5.1918 2.8738 4.4054 6.4506 1.7843 1.8138 8.5643 8.9236 8.3163 3.4092 7.7431 7.0133 7.0824 10.0468 6.9367 4.1458 2.6314 1.7823 5.9438 3.1080 6.5783 2.9645 3.5465 6.3918 5.1396 2.6944 5.8501 2.1397 5.0439 5.2956 6.8587 5.8953 5.3024 4.4631 7.6057 3.6077 6.0519 6.2376
10.3687 7.5898 6.1100 1.7965 8.4601 9.0287 4.8985 5.0571 7.4530 8.7585 11.1873 11.5119 12.8421 12.9072 4.5029 3.8142 8.6537 9.6937 5.4519 0.0000 10.1024 8.7753 10.4910 9.5065 5.3787 8.1384 10.4694 12.2212 12.5091 7.8102 4.1222 9.6839 5.0520 9.6537 6.5961 1.2439 9.5660 4.6301 5.7032 12.4569 12.8162 12.7635 8.0605 12.2050 11.4752 11.5351 13.9394 10.8293 1.8294 4.2840 5.8811 9.6641 7.7695 11.0403 2.7742 2.0623 10.5864 4.3557 2.8116 9.7427 4.8204 9.5059 9.7576 10.7513 10.2909 9.1950 6.0221 11.8879 1.8825 9.1828 10.7283
1.2089 3.0718 5.4471 9.1599 2.3329 1.7045 6.4252 6.1186 5.1162 1.5001 1.4313 3.2789 5.1116 6.2612 6.9998 9.6965 4.5026 3.4643 5.2866 10.1024 0.0000 2.1316 5.1589 1.9787 6.7644 1.9641 1.1488 3.9880 7.1194 4.4743 6.9466 5.0329 6.9130 1.9202 5.1775 8.9376 5.8514 6.2027 5.7154 5.4111 5.7630 3.7907 2.4019 2.6993 2.4324 3.2556 7.3378 5.4393 8.5420 6.7865 6.2006 4.7072 2.4763 1.8063 7.6902 8.0419 3.5728 9.3137 7.7533 4.3187 6.2663 1.3278 2.3100 4.2838 3.1922 4.2423 8.1793 3.8051 8.5088 5.4704 1.1287
1.7525 1.1983 3.9656 8.0935 0.3196 0.5385 6.4402 5.8966 3.3607 1.4731 2.5711 2.9127 4.8281 5.9160 6.7901 9.4439 2.9284 2.0249 4.3134 8.7753 2.1316 0.0000 3.7302 2.3450 6.7795 1.7159 1.8532 4.1727 5.7657 2.9000 6.5628 3.6008 6.9280 0.9396 3.4233 7.6286 6.5931 5.7143 5.5298 4.9816 5.4178 4.1637 2.1538 3.5888 2.8590 2.9360 6.9925 4.0685 7.2748 6.5614 5.7123 3.2752 1.6130 2.4241 6.3233 6.7328 2.4945 9.0696 6.2718 2.9130 6.0697 0.9812 1.1288 3.3694 1.9981 2.8102 8.1943 3.4592 7.2585 6.1750 2.1121
4.1309 4.4278 4.8213 9.5978 3.8668 3.8124 8.8983 8.2895 3.3093 4.9658 4.9640 2.4879 2.7877 2.7295 9.1830 11.8368 2.7831 1.7549 6.5984 10.4910 5.1589 3.7302 0.0000 5.5864 9.6887 5.1079 4.2647 2.1669 2.0746 2.7454 8.9557 1.4042 9.3352 3.2720 4.3451 9.3262 9.8346 8.1072 8.1366 2.4025 2.6436 2.7662 5.6464 5.0285 3.6620 2.5111 3.7511 0.3409 8.9305 8.9542 8.1051 1.1061 4.8783 4.4546 8.0787 8.4305 2.0569 11.4625 8.2528 0.9850 8.4625 3.9443 2.9564 1.3313 2.0942 1.3896 10.7860 2.1607 9.0909 9.4164 4.5931
2.7733 2.7587 5.0249 8.8952 2.2246 1.8490 5.0375 4.7309 4.7022 1.2357 3.2591 4.2087 6.1315 7.2281 5.6121 8.3088 4.9273 3.8918 4.9335 9.5065 1.9787 2.3450 5.5864 0.0000 5.3767 1.6994 2.7723 5.4687 7.6219 4.3491 5.5589 5.4604 5.5253 2.5151 4.7635 8.5154 4.9237 5.5003 4.3262 6.2937 6.7299 5.3501 2.1373 4.5290 3.9943 4.2320 8.3047 5.9247 8.1198 5.3988 5.4982 5.1347 2.0541 3.3877 7.2680 7.6197 4.2208 7.9261 7.3311 4.7462 4.8786 1.9035 2.8913 4.9808 3.7737 4.6698 6.7916 4.7553 7.9834 4.5056 2.9305
7.5192 6.1103 6.1913 6.6832 6.4599 6.5500 1.1660 1.5434 7.1067 5.6565 8.0440 8.8991 10.8363 11.9291 1.0701 3.1821 7.8514 8.5668 3.3658 5.3787 6.7644 6.7795 9.6887 5.3767 0.0000 5.6299 7.5572 10.1584 11.7068 7.0412 1.4041 9.3258 0.4222 7.2161 6.2396 5.4206 4.9628 2.3837 2.1802 10.9947 11.4309 10.0718 5.5197 9.3139 8.7214 8.9224 13.0056 10.0270 5.6143 1.3095 3.2035 9.0751 6.0597 8.1513 4.8189 5.3060 8.9218 2.6566 4.5156 8.9404 1.3067 6.5874 7.5923 9.6818 8.4747 8.4349 1.4989 9.4471 4.1208 4.7231 7.7154
2.6877 1.2169 3.4830 7.6109 1.3963 1.5806 5.2907 4.7290 3.1604 0.6202 3.2437 4.0451 5.9679 7.0645 5.8540 8.5077 3.6594 3.4026 3.4769 8.1384 1.9641 1.7159 5.1079 1.6994 5.6299 0.0000 2.7504 5.3051 7.1434 2.8073 5.6267 4.9785 5.7785 2.3511 3.2217 6.9736 5.5526 4.7782 4.3517 6.1301 6.5663 5.2403 0.9757 4.4882 3.8899 4.0684 8.1410 5.4462 6.5779 5.6252 4.7761 4.6528 0.5122 3.3198 5.7261 6.0779 3.9528 8.1334 5.7893 4.2906 4.9856 1.7559 2.6601 4.8097 3.4564 4.1879 7.0448 4.5916 6.7384 5.1344 2.9151
0.1388 2.8999 5.6597 9.7876 2.0545 1.5486 7.2179 6.9114 4.9844 2.2937 0.8428 2.2212 4.0216 5.1713 7.7925 10.4892 4.0850 3.0463 6.0075 10.4694 1.1488 1.8532 4.2647 2.7723 7.5572 2.7504 0.0000 2.8980 6.0294 4.0566 7.7394 4.5218 7.7057 1.4689 5.1175 9.3227 6.6309 6.9891 6.5081 4.3211 4.6731 2.6619 3.1883 1.8419 1.2908 2.1979 6.2478 4.5014 8.9690 7.5792 6.9870 4.1715 3.0726 0.6735 8.0175 8.4270 2.5598 10.1065 7.9659 3.5022 7.0591 0.9945 1.8587 3.2708 2.2784 3.8243 8.9720 2.7393 8.9526 6.2499 0.3872
2.7994 5.2111 6.5516 11.6292 4.4103 3.9267 9.8192 9.4945 5.3407 4.8643 3.4252 1.3111 1.1841 2.3338 10.3938 13.0905 4.4926 3.0490 8.3191 12.2212 3.9880 4.1727 2.1669 5.4687 10.1584 5.3051 2.8980 0.0000 3.1919 4.4642 10.3406 3.4356 10.3070 3.3504 6.0753 11.0565 9.0577 9.5437 9.1094 1.4831 1.8356 0.6775 5.7430 2.9611 1.8993 1.2878 3.4103 2.2718 10.6608 10.1805 9.5417 3.1375 5.5518 2.9159 9.8090 10.1607 2.5300 12.7078 9.9830 2.6172 9.6603 3.5951 3.1879 1.6668 2.7370 3.1974 11.5733 0.7648 10.8212 8.6768 3.2264
5.9308 6.4633 6.8395 11.6160 5.9023 5.8479 10.9165 10.3076 5.3274 7.0013 6.5611 4.0691 2.0746 1.1883 11.2011 13.8549 4.8012 3.7904 8.6165 12.5091 7.1194 5.7657 2.0746 7.6219 11.7068 7.1434 6.0294 3.1919 0.0000 4.7635 10.9738 3.2702 11.3533 5.3076 6.3632 11.3443 11.8701 10.1253 10.1548 1.8696 1.6928 3.8173 7.6819 5.7826 5.0307 4.0923 2.1385 2.1501 10.9487 10.9724 10.1233 3.1243 6.9138 6.0517 10.0969 10.4486 4.0890 13.4806 10.2709 3.0299 10.4807 5.9798 4.9919 3.2341 4.1409 3.4251 12.8041 3.5657 11.1091 11.4519 6.3578
3.9496 1.8234 2.1406 7.3801 2.6924 3.1249 6.2509 5.6420 1.2842 3.4192 4.7778 3.7549 5.0851 5.1502 6.5355 9.1893 0.8967 1.9367 3.9176 7.8102 4.4743 2.9000 2.7454 4.3491 7.0412 2.8073 4.0566 4.4642 4.7635 0.0000 6.3082 2.4751 6.6877 2.5921 1.6643 6.6454 8.2599 5.4597 5.4891 4.6999 5.0592 5.0065 3.5537 5.4465 3.9621 3.7781 6.1824 3.0837 6.2498 6.3068 5.4577 2.1494 2.5777 4.5763 5.3980 5.7497 2.8294 8.8150 5.5720 1.9857 5.8150 3.2597 2.2840 2.9943 2.5338 1.5277 8.1385 4.1309 6.4102 7.8417 4.3188
7.7014 5.3774 5.4583 5.4267 6.2477 6.6695 0.9410 1.1095 6.3737 5.7091 8.2262 9.0813 11.0185 11.3719 0.4426 2.8978 7.1185 8.0799 2.6328 4.1222 6.9466 6.5628 8.9557 5.5589 1.4041 5.6267 7.7394 10.3406 10.9738 6.3082 0.0000 8.5929 0.9877 7.3983 5.5067 4.1195 5.6184 1.2369 1.7628 10.9216 11.2810 10.2540 5.5164 9.4961 8.9036 9.1046 12.4041 9.2940 4.3132 0.3249 2.2590 8.3421 5.3268 8.3335 3.5178 4.0049 8.6412 2.5200 3.2145 8.2074 0.8728 6.7697 7.5451 9.2161 8.1448 7.7019 2.2577 9.6294 2.8196 5.2352 7.8976
4.3880 4.2067 4.0150 8.6902 3.7374 3.6863 8.5355 7.9266 2.4017 4.8364 5.2211 3.1075 4.0564 4.0660 8.8201 11.2121 2.5326 1.6152 6.1399 9.6839 5.0329 3.6008 1.4042 5.4604 9.3258 4.9785 4.5218 3.4356 3.2702 2.4751 8.5929 0.0000 8.9723 3.1460 3.7088 8.5192 9.7085 7.7443 7.7738 3.6712 3.9751 4.0091 5.5170 5.5931 3.9165 3.1308 5.0888 1.7425 8.1235 8.5914 7.7423 0.3960 4.7489 4.7117 7.2717 7.6234 2.3140 11.0996 7.4457 1.1217 8.0997 3.8183 2.8304 2.0903 2.3274 0.9963 10.4231 3.4035 8.2839 9.2904 4.8502
7.6678 5.7568 5.8378 6.3565 6.6085 6.6985 0.8554 1.1899 6.7532 5.8051 8.1926 9.0477 10.9849 11.7514 0.6625 3.1159 7.4980 8.4594 3.0123 5.0520 6.9130 6.9280 9.3352 5.5253 0.4222 5.7785 7.7057 10.3070 11.3533 6.6877 0.9877 8.9723 0.0000 7.3647 5.8861 5.0053 5.2500 2.0273 1.8267 11.1433 11.5795 10.2204 5.6682 9.4625 8.8700 9.0709 12.7836 9.6735 5.1990 0.9019 2.8500 8.7216 5.7063 8.2999 4.4036 4.8907 9.0207 2.5904 4.1003 8.5869 0.9533 6.7360 7.7409 9.5955 8.5243 8.0814 1.4559 9.5957 3.7055 4.9295 7.8640
1.3619 2.0767 4.6794 8.9718 1.2179 0.8117 6.8769 6.5423 3.5198 1.9033 2.2176 2.0904 4.0023 5.0902 7.4515 10.1481 2.6204 1.5774 5.1918 9.6537 1.9202 0.9396 3.2720 2.5151 7.2161 2.3511 1.4689 3.3504 5.3076 2.5921 7.3983 3.1460 7.3647 0.0000 4.2032 8.5070 6.7633 6.5915 6.1650 4.1558 4.5920 3.3547 2.7890 3.1430 2.0573 2.1137 6.1667 3.5191 8.1532 7.2382 6.5894 2.8204 2.4858 1.9886 7.2017 7.6112 1.7057 9.7654 7.1502 2.4319 6.7180 0.7056 0.3898 2.6131 1.2720 2.3554 8.6309 2.6369 8.1369 6.3451 1.7586
5.0167 2.2378 0.9183 6.1720 3.1081 3.6767 5.4493 4.8404 1.3071 3.8336 5.8353 5.3660 6.6962 6.7613 5.7339 8.1243 2.5079 3.5478 2.8738 6.5961 5.1775 3.4233 4.3451 4.7635 6.2396 3.2217 5.1175 6.0753 6.3632 1.6643 5.5067 3.7088 5.8861 4.2032 0.0000 5.4313 7.7741 4.6581 4.6876 6.3110 6.6703 6.6176 3.3338 6.8530 5.5733 5.3892 7.7935 4.6834 5.0357 5.5052 4.6561 3.5350 2.9921 5.6883 4.1839 4.5356 4.4405 8.0134 4.3579 3.5968 5.0135 4.1539 3.8951 4.6054 4.1450 3.0492 7.3369 5.7420 5.1961 7.3560 5.3763
9.2219 6.4431 4.9452 1.9412 7.3134 7.8820 4.7144 4.6037 6.2882 7.5938 10.0405 10.3471 11.6773 11.7424 4.4553 4.5318 7.4890 8.5290 4.4054 1.2439 8.9376 7.6286 9.3262 8.5154 5.4206 6.9736 9.3227 11.0565 11.3443 6.6454 4.1195 8.5192 5.0053 8.5070 5.4313 0.0000 9.3697 4.1041 5.1773 11.2921 11.6515 11.5988 6.8957 11.0583 10.3285 10.3704 12.7746 9.6645 0.7262 4.2352 5.3552 8.4993 6.6047 9.8935 1.7004 0.8975 9.4216 4.8955 1.7651 8.5779 4.5938 8.3591 8.6108 9.5865 9.1261 8.0303 6.1448 10.7231 1.3010 8.9864 9.5815
6.7109 6.7694 7.8556 10.8706 6.3928 6.0971 4.8730 5.0001 8.4041 5.5338 5.9022 8.4231 10.1790 11.3286 5.5446 7.9458 9.0701 8.1400 6.4506 9.5660 5.8514 6.5931 9.8346 4.9237 4.9628 5.5526 6.6309 9.0577 11.8701 8.2599 5.6184 9.7085 5.2500 6.7633 7.7741 9.3697 0.0000 5.9940 4.8907 10.4808 10.8304 8.5062 5.4423 6.6501 7.2445 8.4216 12.4052 10.1729 9.5633 5.4427 6.5207 9.3829 6.0648 6.3718 8.7679 9.2551 8.4690 7.4203 8.4646 8.9944 5.0668 6.1114 7.1395 9.2290 8.0219 8.9179 5.9999 8.9462 8.0698 0.6116 6.2552
6.9264 4.5288 4.6098 5.6637 5.3991 5.8210 1.5950 1.0164 5.5252 4.8606 7.4823 8.2837 10.2065 10.5234 1.4642 3.8929 6.2700 7.2314 1.7843 4.6301 6.2027 5.7143 8.1072 5.5003 2.3837 4.7782 6.9891 9.5437 10.1253 5.4597 1.2369 7.7443 2.0273 6.5915 4.6581 4.1041 5.9940 0.0000 1.3290 10.0731 10.4325 9.4789 4.6679 8.7269 8.1285 8.3070 11.5556 8.4455 4.2978 1.2354 1.3820 7.4936 4.4783 7.5584 3.2087 3.7647 7.7927 3.5269 2.9126 7.3589 1.1763 5.9946 6.6966 8.3675 7.2963 6.8534 3.3830 8.8303 2.8043 5.5953 7.1537
6.4702 4.5583 4.6392 6.7368 5.2102 5.3945 1.2437 0.7401 5.5547 4.4342 6.9950 7.8501 9.7819 10.5528 1.8161 4.5128 6.2994 7.2609 1.8138 5.7032 5.7154 5.5298 8.1366 4.3262 2.1802 4.3517 6.5081 9.1094 10.1548 5.4891 1.7628 7.7738 1.8267 6.1650 4.6876 5.1773 4.8907 1.3290 0.0000 9.9442 10.3804 9.0227 4.2415 8.2648 7.6724 7.8733 11.5851 8.4750 5.3710 1.6028 1.7325 7.5231 4.4218 7.1023 4.4668 5.0229 7.8222 4.1350 4.1708 7.3883 0.9967 5.5384 6.4740 8.3970 7.3257 6.8828 3.2775 8.3981 3.8774 4.4920 6.6664
4.2225 6.0162 6.7872 11.8648 5.2353 4.7517 10.6555 10.2554 5.5763 5.6893 4.8483 2.3211 0.6509 1.1570 11.1489 13.8027 4.7282 3.4053 8.5643 12.4569 5.4111 4.9816 2.4025 6.2937 10.9947 6.1301 4.3211 1.4831 1.8696 4.6999 10.9216 3.6712 11.1433 4.1558 6.3110 11.2921 10.4808 10.0731 9.9442 0.0000 0.6184 2.1005 6.5680 4.1110 3.3224 2.3444 2.5330 2.4147 10.8964 10.9201 10.0710 3.3731 6.3768 4.3389 10.0446 10.3964 3.2988 13.4284 10.2187 2.8529 10.4284 4.4441 3.9930 2.2003 3.3878 3.4330 12.4096 1.8177 11.0568 10.0817 4.6495
4.5745 6.4525 7.1466 12.1687 5.6716 5.1879 11.0917 10.6147 5.8802 6.1256 5.1980 2.7573 0.6514 0.7851 11.5082 14.1620 5.0876 3.9058 8.9236 12.8162 5.7630 5.4178 2.6436 6.7299 11.4309 6.5663 4.6731 1.8356 1.6928 5.0592 11.2810 3.9751 11.5795 4.5920 6.6703 11.6515 10.8304 10.4325 10.3804 0.6184 0.0000 2.4542 7.0042 4.4195 3.6744 2.7806 2.1033 2.5933 11.2558 11.2795 10.4304 3.6770 6.8130 4.6886 10.4040 10.7557 3.7350 13.7877 10.5780 3.2107 10.7878 4.8803 4.4292 2.7652 3.8883 3.7917 12.8458 2.2539 11.4162 10.4495 5.0015
2.6142 5.2083 7.0939 12.0964 4.4013 3.9201 9.7325 9.4260 5.9142 4.7995 2.9039 1.3256 1.8027 2.9523 10.3071 13.0038 5.0349 3.2890 8.3163 12.7635 3.7907 4.1637 2.7662 5.3501 10.0718 5.2403 2.6619 0.6775 3.8173 5.0065 10.2540 4.0091 10.2204 3.3547 6.6176 11.5988 8.5062 9.4789 9.0227 2.1005 2.4542 0.0000 5.6781 2.3683 1.4152 1.3023 4.0289 2.8711 11.2031 10.0939 9.4769 3.7110 5.5452 2.3945 10.3263 10.7030 2.7243 12.6211 10.2747 3.1691 9.5737 3.4843 3.1851 2.2165 2.8855 3.7492 11.4866 1.0069 11.2614 8.1253 2.8424
3.1256 1.9633 3.4153 7.0557 1.8342 2.0185 5.1804 4.6187 3.9069 1.0580 3.6815 4.4830 6.4057 7.5024 5.7437 8.3975 4.4058 3.9411 3.4092 8.0605 2.4019 2.1538 5.6464 2.1373 5.5197 0.9757 3.1883 5.7430 7.6819 3.5537 5.5164 5.5170 5.6682 2.7890 3.3338 6.8957 5.4423 4.6679 4.2415 6.5680 7.0042 5.6781 0.0000 4.9261 4.3278 4.5062 8.5789 5.9847 6.5000 5.5150 4.6659 5.1914 1.2512 3.7577 5.6483 6.0000 4.4641 8.0232 5.7215 4.8292 4.8753 2.1938 3.0980 5.2476 3.9677 4.7264 6.9345 5.0295 6.6605 5.0242 3.3529
1.8766 4.6355 7.3953 11.5232 3.7901 3.2864 8.9746 8.6681 6.3742 4.0475 1.5461 2.7221 3.7680 4.9177 9.5492 12.2459 5.4748 4.2775 7.7431 12.2050 2.6993 3.5888 5.0285 4.5290 9.3139 4.4882 1.8419 2.9611 5.7826 5.4465 9.4961 5.5931 9.4625 3.1430 6.8530 11.0583 6.6501 8.7269 8.2648 4.1110 4.4195 2.3683 4.9261 0.0000 1.7350 2.6989 5.9942 5.1334 10.7046 9.3360 8.7248 5.2428 4.8104 1.2178 9.7530 10.1625 3.6390 11.8632 9.7015 4.5735 8.8158 2.7323 3.4284 3.9498 3.3498 4.9595 10.7287 3.0959 10.6882 6.2754 1.8723
1.2584 3.9057 6.0495 10.7934 3.0603 2.5698 8.3822 8.0756 4.8899 3.4492 1.6120 1.2807 3.0229 4.1726 8.9568 11.6535 3.9905 2.6418 7.0133 11.4752 2.4324 2.8590 3.6620 3.9943 8.7214 3.8899 1.2908 1.8993 5.0307 3.9621 8.9036 3.9165 8.8700 2.0573 5.5733 10.3285 7.2445 8.1285 7.6724 3.3224 3.6744 1.4152 4.3278 1.7350 0.0000 1.2575 5.2491 3.7669 9.9748 8.7435 8.1265 3.5662 4.1948 1.1026 9.0232 9.4327 1.9587 11.2708 8.9717 2.8969 8.2233 2.1340 1.9441 2.4726 1.6731 3.2828 10.1363 1.7690 9.9584 6.8635 1.4713
2.0706 3.9744 5.8655 10.8625 3.1736 2.6900 8.5831 8.2578 4.7012 3.6276 2.7909 0.0233 2.1648 3.2788 9.1577 11.8544 3.8065 2.0605 7.0824 11.5351 3.2556 2.9360 2.5111 4.2320 8.9224 4.0684 2.1979 1.2878 4.0923 3.7781 9.1046 3.1308 9.0709 2.1137 5.3892 10.3704 8.4216 8.3070 7.8733 2.3444 2.7806 1.3023 4.5062 2.6989 1.2575 0.0000 4.3553 2.6160 9.9747 8.9444 8.3050 2.7805 4.3151 2.2815 9.0924 9.4746 1.4868 11.4717 9.0408 2.1112 8.4243 2.3590 1.9512 1.3027 1.6590 2.6027 10.3372 0.6733 10.0275 8.0035 2.5263
6.1492 7.8073 8.2698 13.2825 7.2463 6.7627 12.3468 11.7379 6.9939 7.7003 6.7727 4.3321 2.2262 1.4169 12.6314 15.2852 6.2107 5.1344 10.0468 13.9394 7.3378 6.9925 3.7511 8.3047 13.0056 8.1410 6.2478 3.4103 2.1385 6.1824 12.4041 5.0888 12.7836 6.1667 7.7935 12.7746 12.4052 11.5556 11.5851 2.5330 2.1033 4.0289 8.5789 5.9942 5.2491 4.3553 0.0000 3.7008 12.3790 12.4027 11.5536 4.7908 8.2578 6.2633 11.5272 11.8789 5.1919 14.9109 11.7012 4.3338 11.9109 6.4551 6.0040 4.3370 5.2516 4.9149 14.2344 3.8287 12.5394 12.0242 6.5762
4.3676 4.7661 5.1597 9.9361 4.2051 4.1507 9.2367 8.6278 3.6476 5.3041 5.2007 2.5928 2.8926 2.6792 9.5213 12.1751 3.1214 2.0932 6.9367 10.8293 5.4393 4.0685 0.3409 5.9247 10.0270 5.4462 4.5014 2.2718 2.1501 3.0837 9.2940 1.7425 9.6735 3.5191 4.6834 9.6645 10.1729 8.4455 8.4750 2.4147 2.5933 2.8711 5.9847 5.1334 3.7669 2.6160 3.7008 0.0000 9.2689 9.2926 8.4435 1.4444 5.2166 4.6913 8.4171 8.7688 2.2911 11.8008 8.5911 1.3233 8.8009 4.2247 3.2001 1.4362 2.3447 1.7279 11.1243 2.2656 9.4293 9.7548 4.8298
8.8682 6.0894 4.5496 1.9015 6.9597 7.5283 4.9081 4.7973 5.8926 7.1981 9.6868 9.9514 11.2816 11.3467 4.6490 4.7982 7.0933 8.1333 4.1458 1.8294 8.5420 7.2748 8.9305 8.1198 5.6143 6.5779 8.9690 10.6608 10.9487 6.2498 4.3132 8.1235 5.1990 8.1532 5.0357 0.7262 9.5633 4.2978 5.3710 10.8964 11.2558 11.2031 6.5000 10.7046 9.9748 9.9747 12.3790 9.2689 0.0000 4.4289 5.5488 8.1037 6.2090 9.5398 1.5344 0.8394 9.0259 5.1619 1.6500 8.1822 4.7875 8.0054 8.2571 9.1909 8.7304 7.6346 6.3385 10.3274 1.5070 9.1801 9.2278
7.5413 5.3759 5.4569 5.5886 6.2462 6.5720 0.7207 0.9551 6.3723 5.6786 8.0661 8.9212 10.8584 11.3705 0.3387 3.0162 7.1170 8.0785 2.6314 4.2840 6.7865 6.5614 8.9542 5.3988 1.3095 5.6252 7.5792 10.1805 10.9724 6.3068 0.3249 8.5914 0.9019 7.2382 5.5052 4.2352 5.4427 1.2354 1.6028 10.9201 11.2795 10.0939 5.5150 9.3360 8.7435 8.9444 12.4027 9.2926 4.4289 0.0000 2.2575 8.3407 5.3253 8.1734 3.6335 4.1206 8.6398 2.6384 3.3302 8.2059 0.7184 6.6095 7.5436 9.2146 8.1434 7.7005 2.2576 9.4692 2.9354 5.0595 7.7375
6.9243 4.5268 4.6078 6.9147 5.3971 5.8189 2.4132 1.8043 5.5232 4.8586 7.4803 8.2817 10.2045 10.5214 2.4863 5.1393 6.2679 7.2294 1.7823 5.8811 6.2006 5.7123 8.1051 5.4982 3.2035 4.7761 6.9870 9.5417 10.1233 5.4577 2.2590 7.7423 2.8500 6.5894 4.6561 5.3552 6.5207 1.3820 1.7325 10.0710 10.4304 9.4769 4.6659 8.7248 8.1265 8.3050 11.5536 8.4435 5.5488 2.2575 0.0000 7.4916 4.4762 7.5564 4.4298 4.9858 7.7907 4.7657 4.1337 7.3568 1.9774 5.9925 6.6945 8.3655 7.2943 6.8514 4.3008 8.8282 4.0553 6.1221 7.1517
4.0377 3.9122 3.9952 8.6704 3.4118 3.3607 8.2848 7.6759 2.3819 4.5107 4.8708 2.7572 3.7583 3.7680 8.5694 11.1923 2.2070 1.2896 5.9438 9.6641 4.7072 3.2752 1.1061 5.1347 9.0751 4.6528 4.1715 3.1375 3.1243 2.1494 8.3421 0.3960 8.7216 2.8204 3.5350 8.4993 9.3829 7.4936 7.5231 3.3731 3.6770 3.7110 5.1914 5.2428 3.5662 2.7805 4.7908 1.4444 8.1037 8.3407 7.4916 0.0000 4.4232 4.3614 7.2519 7.6036 1.9637 10.8489 7.4259 0.7714 7.8490 3.4926 2.5048 1.7537 1.9771 0.6921 10.1724 3.1046 8.2641 8.9648 4.4999
3.0099 0.9873 3.1141 7.2420 1.2978 1.7153 5.2694 4.6605 2.9308 1.1324 3.7559 4.2918 6.2146 7.2255 5.5541 8.2079 3.4298 3.1730 3.1080 7.7695 2.4763 1.6130 4.8783 2.0541 6.0597 0.5122 3.0726 5.5518 6.9138 2.5777 5.3268 4.7489 5.7063 2.4858 2.9921 6.6047 6.0648 4.4783 4.4218 6.3768 6.8130 5.5452 1.2512 4.8104 4.1948 4.3151 8.2578 5.2166 6.2090 5.3253 4.4762 4.4232 0.0000 3.6420 5.3572 5.7090 3.7232 7.8335 5.4203 4.0610 4.8336 2.0781 2.5947 4.5869 3.2268 3.9583 7.1571 4.8383 6.3694 5.6466 3.3314
0.7082 3.4707 6.2306 10.3584 2.6253 2.1180 7.8121 7.5055 5.5041 2.8791 0.7294 2.3047 4.0371 5.1868 8.3867 11.0834 4.6047 3.3884 6.5783 11.0403 1.8063 2.4241 4.4546 3.3877 8.1513 3.3198 0.6735 2.9159 6.0517 4.5763 8.3335 4.7117 8.2999 1.9886 5.6883 9.8935 6.3718 7.5584 7.1023 4.3389 4.6886 2.3945 3.7577 1.2178 1.1026 2.2815 6.2633 4.6913 9.5398 8.1734 7.5564 4.3614 3.6420 0.0000 8.5883 8.9978 2.7467 10.7007 8.5368 3.6921 7.6532 1.5639 2.3785 3.4352 2.4683 4.0780 9.5662 2.8060 9.5235 5.9908 0.7039
7.9167 5.1378 3.6978 3.0019 6.0081 6.5767 4.1127 3.9973 5.0408 6.3463 8.7353 9.0691 10.4298 10.4949 3.8536 4.4780 6.2415 7.2815 2.9645 2.7742 7.6902 6.3233 8.0787 7.2680 4.8189 5.7261 8.0175 9.8090 10.0969 5.3980 3.5178 7.2717 4.4036 7.2017 4.1839 1.7004 8.7679 3.2087 4.4668 10.0446 10.4040 10.3263 5.6483 9.7530 9.0232 9.0924 11.5272 8.4171 1.5344 3.6335 4.4298 7.2519 5.3572 8.5883 0.0000 0.8130 8.1741 4.8076 0.3334 7.3304 3.9921 7.0539 7.3056 8.3391 7.8786 6.7828 5.5431 9.4757 1.2187 8.3847 8.2763
8.3262 5.5473 4.0495 2.5329 6.4176 6.9862 4.5998 4.4891 5.3925 6.6980 9.1448 9.4514 10.7816 10.8467 4.3407 4.6754 6.5932 7.6332 3.5465 2.0623 8.0419 6.7328 8.4305 7.6197 5.3060 6.0779 8.4270 10.1607 10.4486 5.7497 4.0049 7.6234 4.8907 7.6112 4.5356 0.8975 9.2551 3.7647 5.0229 10.3964 10.7557 10.7030 6.0000 10.1625 9.4327 9.4746 11.8789 8.7688 0.8394 4.1206 4.9858 7.6036 5.7090 8.9978 0.8130 0.0000 8.5259 5.0391 0.8821 7.6822 4.4792 7.4634 7.7151 8.6908 8.2303 7.1345 6.0302 9.8274 1.3636 8.8718 8.6858
2.4259 3.2838 4.9167 10.0697 2.7118 2.5017 8.5839 7.9750 3.7524 3.6090 3.2560 1.4636 3.1526 4.1269 8.8685 11.5223 2.8577 1.0892 6.3918 10.5864 3.5728 2.4945 2.0569 4.2208 8.9218 3.9528 2.5598 2.5300 4.0890 2.8294 8.6412 2.3140 9.0207 1.7057 4.4405 9.4216 8.4690 7.7927 7.8222 3.2988 3.7350 2.7243 4.4641 3.6390 1.9587 1.4868 5.1919 2.2911 9.0259 8.6398 7.7907 1.9637 3.7232 2.7467 8.1741 8.5259 0.0000 11.1480 8.3482 1.2944 8.1481 2.4114 1.3868 1.3768 0.5691 1.7172 10.3367 1.8486 9.1863 8.0509 2.8882
10.0686 7.8841 7.9390 5.9456 8.7544 9.0993 3.2442 3.4982 8.8805 8.2058 10.5934 11.4485 13.3857 13.8787 2.6376 0.6355 9.6252 10.5867 5.1396 4.3557 9.3137 9.0696 11.4625 7.9261 2.6566 8.1334 10.1065 12.7078 13.4806 8.8150 2.5200 11.0996 2.5904 9.7654 8.0134 4.8955 7.4203 3.5269 4.1350 13.4284 13.7877 12.6211 8.0232 11.8632 11.2708 11.4717 14.9109 11.8008 5.1619 2.6384 4.7657 10.8489 7.8335 10.7007 4.8076 5.0391 11.1480 0.0000 4.5045 10.7142 3.2616 9.1368 10.0518 11.7228 10.6516 10.2087 2.0706 11.9965 3.7376 7.2524 10.2648
7.8652 5.0863 3.8718 3.1686 5.9566 6.5252 3.8093 3.6986 5.2148 6.4094 8.6838 9.0176 10.6039 10.6690 3.5502 4.1750 6.4155 7.4555 2.6944 2.8116 7.7533 6.2718 8.2528 7.3311 4.5156 5.7893 7.9659 9.9830 10.2709 5.5720 3.2145 7.4457 4.1003 7.1502 4.3579 1.7651 8.4646 2.9126 4.1708 10.2187 10.5780 10.2747 5.7215 9.7015 8.9717 9.0408 11.7012 8.5911 1.6500 3.3302 4.1337 7.4259 5.4203 8.5368 0.3334 0.8821 8.3482 4.5045 0.0000 7.5045 3.6888 7.0024 7.2540 8.5131 7.8538 6.9568 5.2397 9.5641 1.2562 8.0814 8.2248
3.3684 3.6106 4.0730 9.1816 3.0496 2.9722 8.1500 7.5412 2.8744 4.1485 4.2015 2.0880 3.2381 3.3016 8.4347 11.0885 2.0140 0.9376 5.8501 9.7427 4.3187 2.9130 0.9850 4.7462 8.9404 4.2906 3.5022 2.6172 3.0299 1.9857 8.2074 1.1217 8.5869 2.4319 3.5968 8.5779 8.9944 7.3589 7.3883 2.8529 3.2107 3.1691 4.8292 4.5735 2.8969 2.1112 4.3338 1.3233 8.1822 8.2059 7.3568 0.7714 4.0610 3.6921 7.3304 7.6822 1.2944 10.7142 7.5045 0.0000 7.7142 3.1041 2.1163 1.1782 1.3079 0.6447 10.0377 2.4353 8.3426 8.5763 3.8306
7.0211 4.8842 4.9651 6.1250 5.7545 6.0284 0.4581 0.2590 5.8806 5.0680 7.5459 8.4010 10.3382 10.8787 0.9427 3.6394 6.6253 7.5868 2.1397 4.8204 6.2663 6.0697 8.4625 4.8786 1.3067 4.9856 7.0591 9.6603 10.4807 5.8150 0.8728 8.0997 0.9533 6.7180 5.0135 4.5938 5.0668 1.1763 0.9967 10.4284 10.7878 9.5737 4.8753 8.8158 8.2233 8.4243 11.9109 8.8009 4.7875 0.7184 1.9774 7.8490 4.8336 7.6532 3.9921 4.4792 8.1481 3.2616 3.6888 7.7142 0.0000 6.0893 7.0519 8.7229 7.6516 7.2087 2.4041 8.9491 3.2939 4.6836 7.2173
0.9318 1.9213 4.6962 8.8240 1.1824 0.5541 6.2482 5.9416 4.0883 1.3152 1.7123 2.3358 4.2646 5.3785 6.8228 9.5195 3.2880 2.2497 5.0439 9.5059 1.3278 0.9812 3.9443 1.9035 6.5874 1.7559 0.9945 3.5951 5.9798 3.2597 6.7697 3.8183 6.7360 0.7056 4.1539 8.3591 6.1114 5.9946 5.5384 4.4441 4.8803 3.4843 2.1938 2.7323 2.1340 2.3590 6.4551 4.2247 8.0054 6.6095 5.9925 3.4926 2.0781 1.5639 7.0539 7.4634 2.4114 9.1368 7.0024 3.1041 6.0893 0.0000 1.0955 3.1641 1.9776 3.0277 8.0023 2.8794 7.9891 5.6445 1.2533
1.7517 2.1801 4.3713 9.0757 1.4060 1.1339 7.2531 6.8513 3.2117 2.2795 2.6074 1.9279 3.8396 4.9274 7.7724 10.4262 2.3123 1.2618 5.2956 9.7576 2.3100 1.1288 2.9564 2.8913 7.5923 2.6601 1.8587 3.1879 4.9919 2.2840 7.5451 2.8304 7.7409 0.3898 3.8951 8.6108 7.1395 6.6966 6.4740 3.9930 4.4292 3.1851 3.0980 3.4284 1.9441 1.9512 6.0040 3.2001 8.2571 7.5436 6.6945 2.5048 2.5947 2.3785 7.3056 7.7151 1.3868 10.0518 7.2540 2.1163 7.0519 1.0955 0.0000 2.2942 0.9530 2.0398 9.0071 2.4744 8.2407 6.7213 2.1484
3.1370 4.1364 5.0817 10.2454 3.5755 3.3766 9.1587 8.5498 3.9174 4.3690 3.9445 1.2794 2.2894 3.1183 9.4433 12.0971 3.0227 1.4713 6.8587 10.7513 4.2838 3.3694 1.3313 4.9808 9.6818 4.8097 3.2708 1.6668 3.2341 2.9943 9.2161 2.0903 9.5955 2.6131 4.6054 9.5865 9.2290 8.3675 8.3970 2.2003 2.7652 2.2165 5.2476 3.9498 2.4726 1.3027 4.3370 1.4362 9.1909 9.2146 8.3655 1.7537 4.5869 3.4352 8.3391 8.6908 1.3768 11.7228 8.5131 1.1782 8.7229 3.1641 2.2942 0.0000 1.4441 1.7342 11.0463 1.5044 9.3513 8.8108 3.5992
2.1446 2.7873 4.6212 9.6754 2.2154 2.0052 8.0874 7.4786 3.4616 3.1619 2.9777 1.6357 3.3596 4.1866 8.3721 11.0259 2.5622 1.0525 5.8953 10.2909 3.1922 1.9981 2.0942 3.7737 8.4747 3.4564 2.2784 2.7370 4.1409 2.5338 8.1448 2.3274 8.5243 1.2720 4.1450 9.1261 8.0219 7.2963 7.3257 3.3878 3.8883 2.8855 3.9677 3.3498 1.6731 1.6590 5.2516 2.3447 8.7304 8.1434 7.2943 1.9771 3.2268 2.4683 7.8786 8.2303 0.5691 10.6516 7.8538 1.3079 7.6516 1.9776 0.9530 1.4441 0.0000 1.6935 9.8896 2.0557 8.8405 7.6038 2.6068
3.7173 3.2720 3.5254 8.5684 2.9468 2.8957 7.6445 7.0357 2.2654 4.0458 4.5458 2.5794 3.8182 3.8827 7.9292 10.5830 1.5853 0.8246 5.3024 9.1950 4.2423 2.8102 1.3896 4.6698 8.4349 4.1879 3.8243 3.1974 3.4251 1.5277 7.7019 0.9963 8.0814 2.3554 3.0492 8.0303 8.9179 6.8534 6.8828 3.4330 3.7917 3.7492 4.7264 4.9595 3.2828 2.6027 4.9149 1.7279 7.6346 7.7005 6.8514 0.6921 3.9583 4.0780 6.7828 7.1345 1.7172 10.2087 6.9568 0.6447 7.2087 3.0277 2.0398 1.7342 1.6935 0.0000 9.5322 2.9306 7.7950 8.4998 4.0868
8.9341 7.2076 7.2886 7.3266 7.8747 7.9648 2.3062 2.6407 8.2040 7.0714 9.4589 10.3140 12.2512 13.2022 2.0597 2.5767 8.9488 9.9102 4.4631 6.0221 8.1793 8.1943 10.7860 6.7916 1.4989 7.0448 8.9720 11.5733 12.8041 8.1385 2.2577 10.4231 1.4559 8.6309 7.3369 6.1448 5.9999 3.3830 3.2775 12.4096 12.8458 11.4866 6.9345 10.7287 10.1363 10.3372 14.2344 11.1243 6.3385 2.2576 4.3008 10.1724 7.1571 9.5662 5.5431 6.0302 10.3367 2.0706 5.2397 10.0377 2.4041 8.0023 9.0071 11.0463 9.8896 9.5322 0.0000 10.8620 4.8449 6.0717 9.1303
2.6200 4.4977 6.2182 11.3712 3.6969 3.2133 9.1079 8.7811 5.0539 4.1509 3.3154 0.6965 1.6382 2.7521 9.6825 12.3792 4.1592 2.4133 7.6057 11.8879 3.8051 3.4592 2.1607 4.7552 9.4471 4.5916 2.7393 0.7648 3.5657 4.1309 9.6294 3.4035 9.5957 2.6369 5.7420 10.7231 8.9462 8.8303 8.3981 1.8177 2.2539 1.0069 5.0295 3.0959 1.7690 0.6733 3.8287 2.2656 10.3274 9.4692 8.8282 3.1046 4.8383 2.8060 9.4757 9.8274 1.8486 11.9965 9.5641 2.4353 8.9491 2.8794 2.4744 1.5044 2.0557 2.9306 10.8620 0.0000 10.4879 8.5169 3.0677
8.8519 6.0730 4.7100 2.8697 6.9433 7.5119 3.4145 3.3038 6.0530 7.1667 9.6705 10.0043 11.4420 11.5071 3.1554 3.4081 7.2537 8.2937 3.6077 1.8825 8.5088 7.2585 9.0909 7.9834 4.1208 6.7384 8.9526 10.8212 11.1091 6.4102 2.8196 8.2839 3.7055 8.1369 5.1961 1.3010 8.0698 2.8043 3.8774 11.0568 11.4162 11.2614 6.6605 10.6882 9.9584 10.0275 12.5394 9.4293 1.5070 2.9354 4.0553 8.2641 6.3694 9.5235 1.2187 1.3636 9.1863 3.7376 1.2562 8.3426 3.2939 7.9891 8.2407 9.3513 8.8405 7.7950 4.8449 10.4879 0.0000 7.6866 9.2115
6.3300 6.3513 7.4375 10.4874 5.9746 5.6790 4.4898 4.6014 7.9860 5.1157 5.5212 7.9802 9.7980 10.9477 5.1614 7.7780 8.6520 7.7218 6.0519 9.1828 5.4704 6.1750 9.4164 4.5056 4.7231 5.1344 6.2499 8.6768 11.4519 7.8417 5.2352 9.2904 4.9295 6.3451 7.3560 8.9864 0.6116 5.5953 4.4920 10.0817 10.4495 8.1253 5.0242 6.2754 6.8635 8.0035 12.0242 9.7548 9.1801 5.0595 6.1221 8.9648 5.6466 5.9908 8.3847 8.8718 8.0509 7.2524 8.0814 8.5763 4.6836 5.6445 6.7213 8.8108 7.6038 8.4998 6.0717 8.5169 7.6866 0.0000 5.8742
0.4672 3.1587 5.9185 10.0464 2.3133 1.8074 7.3762 7.0696 5.2466 2.4519 0.4593 2.5496 4.3500 5.4997 7.9508 10.6475 4.3472 3.3088 6.2376 10.7283 1.1287 2.1121 4.5931 2.9305 7.7154 2.9151 0.3872 3.2264 6.3578 4.3188 7.8976 4.8502 7.8640 1.7586 5.3763 9.5815 6.2552 7.1537 6.6664 4.6495 5.0015 2.8424 3.3529 1.8723 1.4713 2.5263 6.5762 4.8298 9.2278 7.7375 7.1517 4.4999 3.3314 0.7039 8.2763 8.6858 2.8882 10.2648 8.2248 3.8306 7.2173 1.2533 2.1484 3.5992 2.6068 4.0868 9.1303 3.0677 9.2115 5.8742 0.0000
