gen_real_yugovostok_8
88 12 5
G0 70 600 650 2 1
G1 70 120 240 2 1
G2 70 0 120 2 4
G3 70 0 120 2 1
G4 30 240 360 3 0
G5 70 600 650 2 1
G6 70 240 360 2 4
G7 70 0 120 2 1
G8 30 120 240 3 0
G9 30 120 240 3 0
G10 30 120 240 3 0
G11 30 480 600 3 0
G12 30 0 120 3 0
G13 20 240 360 3 1
G14 30 0 120 3 0
G15 70 0 120 2 1
G16 30 240 360 3 0
G17 30 240 360 3 0
G18 30 240 360 3 0
G19 20 120 240 3 1
G20 30 0 120 3 0
G21 70 120 240 2 4
G22 30 240 360 3 0
G23 30 240 360 3 0
G24 30 0 120 3 0
G25 70 120 240 2 4
G26 30 120 240 3 0
G27 30 240 360 3 0
G28 30 0 120 3 0
G29 20 120 240 3 1
G30 70 120 240 2 1
G31 70 360 480 2 4
G32 80 0 640 1 5
G33 80 0 120 1 2
G34 30 0 120 3 0
G35 70 360 480 2 1
G36 20 480 600 3 1
G37 70 120 240 2 1
G38 30 120 240 3 0
G39 80 0 640 1 5
G40 30 120 240 3 0
G41 70 480 600 2 1
G42 70 120 240 2 1
G43 70 0 120 2 1
G44 20 120 240 3 1
G45 70 120 240 2 1
G46 70 240 360 2 1
G47 80 0 640 1 2
G48 30 0 120 3 0
G49 70 240 360 2 1
G50 30 120 240 3 0
G51 70 120 240 2 1
G52 80 0 640 1 2
G53 70 120 240 2 1
G54 80 0 640 1 5
G55 30 480 600 3 0
G56 70 480 600 2 1
G57 30 360 480 3 0
G58 20 600 700 3 1
G59 80 0 640 1 5
G60 70 0 120 2 4
G61 70 360 480 2 1
G62 20 240 360 3 1
G63 20 600 700 3 1
G64 80 0 640 1 5
G65 30 0 120 3 0
G66 70 120 240 2 1
G67 30 360 480 3 0
G68 30 0 120 3 0
G69 70 360 480 2 1
G70 20 120 240 3 1
G71 70 480 600 2 1
G72 30 120 240 3 0
G73 70 480 600 2 1
G74 30 480 600 3 0
G75 70 360 480 2 1
G76 70 600 650 2 1
G77 80 0 640 1 5
G78 80 0 120 1 5
G79 30 0 120 3 0
G80 30 120 240 3 0
G81 80 0 640 1 2
G82 80 0 640 1 5
G83 20 120 240 3 1
G84 70 120 240 2 1
G85 30 240 360 3 0
G86 20 360 480 3 1
G87 70 120 240 2 4
1 0 63
2 0 63
3 0 63
4 0 63
0 1 3
0 0 54
0 2 3
0 1 7
0 1 3
0 0 27
0 1 3
0 1 6
0.000 87.623 26.618 26.618 107.254 19.898 93.637 20.343 15.647 21.529 10.001 20.233 13.441 32.901 20.578 113.138 18.104 19.810 32.855 114.879 28.631 23.087 17.164 34.127 17.632 24.201 32.199 27.363 40.864 92.247 10.379 93.585 30.298 29.808 113.492 92.074 20.812 31.205 19.647 15.238 21.218 111.791 32.933 112.722 30.954 32.342 43.515 108.835 14.044 23.476 20.574 19.170 8.878 19.567 30.873 15.231 19.889 20.635 112.656 21.839 94.369 33.310 18.555 32.166 92.734 23.239 20.895 24.256 13.765 27.682 19.680 19.355 18.510 16.496 18.643 14.455 29.749 17.834 27.590 14.165 20.395 19.553 11.990 12.852 92.753 119.469 113.645 27.809 34.367 17.191 112.675 11.192 21.012
88.228 0.000 69.033 69.033 27.966 98.278 6.915 97.342 94.644 98.528 97.437 99.149 97.619 73.637 97.577 33.850 97.101 103.934 73.592 35.589 77.432 100.086 96.160 75.581 101.756 101.490 71.875 104.362 76.678 7.395 92.694 7.047 75.301 74.560 34.202 6.894 97.811 79.902 103.771 99.363 99.708 32.502 73.061 33.434 75.707 73.471 79.328 29.547 98.168 100.475 104.700 98.262 89.825 98.772 79.672 99.357 99.487 97.634 33.366 99.936 7.399 72.986 98.802 72.402 6.336 100.238 97.894 101.255 97.941 104.681 96.679 100.632 96.537 98.837 95.642 98.581 78.550 97.973 104.589 98.291 97.394 102.942 90.986 96.978 6.803 40.181 34.357 104.808 76.361 100.768 33.386 93.874 99.501
27.577 69.222 0.000 0.000 88.855 37.626 75.236 36.690 33.993 37.877 36.785 38.497 36.967 8.142 36.925 94.739 36.450 43.282 8.097 96.478 11.815 39.434 35.508 10.846 41.105 40.838 9.056 43.710 19.719 73.848 32.043 75.184 9.346 8.943 95.093 73.675 37.159 14.285 43.120 38.712 39.056 93.391 8.175 94.323 10.090 9.199 22.368 90.436 37.517 39.823 44.048 37.611 29.174 38.120 14.055 38.705 38.835 36.983 94.255 39.285 75.970 10.168 38.150 7.408 74.336 39.587 37.243 40.603 37.289 44.030 36.027 39.980 35.885 38.185 34.991 37.929 12.933 37.322 43.938 37.639 36.742 42.291 30.334 36.326 74.352 101.070 95.246 44.156 9.684 40.117 94.275 33.223 38.849
27.577 69.222 0.000 0.000 88.855 37.626 75.236 36.690 33.993 37.877 36.785 38.497 36.967 8.142 36.925 94.739 36.450 43.282 8.097 96.478 11.815 39.434 35.508 10.846 41.105 40.838 9.056 43.710 19.719 73.848 32.043 75.184 9.346 8.943 95.093 73.675 37.159 14.285 43.120 38.712 39.056 93.391 8.175 94.323 10.090 9.199 22.368 90.436 37.517 39.823 44.048 37.611 29.174 38.120 14.055 38.705 38.835 36.983 94.255 39.285 75.970 10.168 38.150 7.408 74.336 39.587 37.243 40.603 37.289 44.030 36.027 39.980 35.885 38.185 34.991 37.929 12.933 37.322 43.938 37.639 36.742 42.291 30.334 36.326 74.352 101.070 95.246 44.156 9.684 40.117 94.275 33.223 38.849
107.494 27.538 88.299 88.299 0.000 117.544 33.802 116.608 113.910 117.794 116.703 118.415 116.885 92.903 116.843 6.421 116.367 123.200 92.858 8.176 96.698 119.352 115.426 94.847 121.022 120.756 91.141 123.628 95.944 33.581 111.960 31.338 94.567 93.826 6.238 32.657 117.077 99.168 123.037 118.629 118.974 8.722 92.328 6.811 94.973 92.737 98.594 15.936 117.434 119.741 123.966 117.528 109.091 118.038 98.938 118.623 118.753 116.900 9.540 119.202 34.285 92.252 118.067 91.668 31.130 119.504 117.160 120.521 117.207 123.947 115.945 119.898 115.803 118.103 114.909 117.847 97.816 117.239 123.855 117.557 116.660 122.208 110.252 116.244 32.788 13.714 6.391 124.073 95.627 120.034 6.764 113.141 118.767
14.755 93.128 32.123 32.123 112.759 0.000 99.142 8.725 20.180 11.470 20.357 8.462 13.847 38.406 11.029 118.643 22.637 17.441 38.361 120.384 34.137 12.218 21.696 39.632 19.232 13.622 37.704 18.329 39.883 97.752 19.317 99.090 35.803 35.313 118.997 97.580 10.157 36.711 16.606 19.265 12.017 117.297 38.439 118.227 36.460 37.847 40.988 114.340 18.072 14.442 18.121 7.577 16.449 10.154 36.378 18.491 11.181 8.878 118.161 12.816 99.874 38.816 24.338 37.672 98.240 12.368 9.277 15.222 11.516 18.650 10.584 9.947 8.757 24.373 9.530 18.484 35.255 7.288 18.556 18.192 8.777 14.637 16.522 16.879 98.258 124.974 119.150 18.776 39.873 10.083 118.181 20.499 11.812
89.254 1.829 70.057 70.057 29.285 99.302 0.000 98.366 95.669 99.553 98.461 100.173 98.643 74.663 98.603 35.169 98.126 104.960 74.618 36.909 78.457 101.112 97.186 76.607 102.782 102.516 72.899 105.386 77.703 8.188 93.719 7.980 76.327 75.586 35.521 8.214 98.837 80.927 104.797 100.388 100.732 33.821 74.086 34.753 76.731 74.495 80.352 30.866 99.194 101.499 105.724 99.286 90.849 99.796 80.696 100.381 100.511 98.659 34.686 100.962 7.191 74.011 99.826 73.428 7.656 101.262 98.919 102.279 98.967 105.707 97.703 101.658 97.563 99.861 96.667 99.605 79.575 98.999 105.614 99.315 98.418 103.966 92.012 98.002 8.123 41.500 35.676 105.832 77.387 101.794 34.705 94.899 100.527
14.489 92.764 31.759 31.759 112.395 8.494 98.778 0.000 19.816 9.166 21.260 9.365 14.750 38.042 8.727 118.279 22.273 16.892 37.997 120.020 33.773 9.914 21.332 39.268 18.685 11.318 37.340 16.027 39.519 97.388 18.953 98.726 35.439 34.949 118.633 97.216 7.854 36.347 16.059 20.096 9.715 116.933 38.075 117.863 36.096 37.483 40.624 113.976 18.887 12.140 17.574 8.480 16.085 7.851 36.014 17.944 9.091 9.781 117.797 10.512 99.510 38.452 23.974 37.308 97.876 10.066 6.973 12.920 12.419 16.346 8.280 10.850 9.660 24.009 9.235 19.313 34.891 8.191 16.254 18.445 6.543 14.090 16.158 17.783 97.894 124.610 118.786 16.473 39.509 10.986 117.817 20.135 9.508
13.218 89.408 28.402 28.402 109.040 22.189 95.422 21.253 0.000 22.439 17.773 23.060 22.416 34.686 21.488 114.924 9.817 27.913 34.640 116.663 30.418 23.997 7.470 35.911 23.106 25.401 33.984 28.273 42.651 94.033 17.684 95.370 32.083 31.594 115.276 93.859 21.722 32.992 27.876 23.954 23.619 113.576 34.718 114.508 32.739 34.127 44.789 110.621 23.018 24.386 28.260 22.173 14.815 22.683 32.657 23.460 23.398 21.545 114.441 23.847 96.153 35.095 11.237 33.951 94.521 24.149 21.805 25.166 22.738 28.592 20.590 24.543 20.448 15.833 19.553 23.171 31.536 21.884 28.500 22.108 21.305 26.853 17.926 21.826 94.538 121.255 115.431 28.719 36.152 24.679 114.460 18.864 23.412
15.578 93.853 32.848 32.848 113.486 11.331 99.867 9.114 20.905 0.000 23.776 12.202 17.266 39.132 7.363 119.370 23.363 19.729 39.086 121.109 34.864 9.242 22.423 40.357 21.520 10.646 38.430 15.175 40.610 98.479 20.044 99.816 36.529 36.040 119.722 98.305 8.468 37.438 18.894 22.684 8.864 118.022 39.164 118.954 37.185 38.572 41.715 115.067 21.491 11.288 20.409 11.315 17.175 9.758 37.104 20.779 10.226 12.380 118.887 9.660 100.599 39.541 25.063 38.397 98.967 9.394 7.837 12.068 14.935 15.495 6.918 13.687 11.283 25.098 10.389 21.903 35.982 11.028 15.403 21.280 9.378 16.925 17.249 20.298 98.984 125.701 119.877 15.621 40.598 13.368 118.906 21.224 8.657
4.346 90.710 29.705 29.705 110.341 18.217 96.724 18.972 18.735 21.604 0.000 18.553 11.760 35.988 21.163 116.225 18.643 18.127 35.943 117.966 31.719 22.466 19.489 37.214 15.950 22.520 35.286 25.848 43.952 95.334 14.727 96.672 33.386 32.895 116.579 95.162 20.405 34.293 17.965 13.557 19.537 114.879 36.021 115.809 34.042 35.429 46.603 111.922 12.362 21.961 18.893 17.489 11.965 17.886 33.960 13.550 18.208 18.968 115.743 20.158 97.456 36.398 17.604 35.254 95.822 22.618 19.525 22.741 12.082 26.168 20.717 17.672 16.827 15.546 19.333 12.774 32.837 16.151 26.076 12.484 19.024 17.873 15.078 11.171 95.840 122.556 116.732 26.294 37.455 15.511 115.763 15.539 19.330
15.249 93.577 32.572 32.572 113.208 8.477 99.591 9.453 20.629 12.198 20.851 0.000 14.341 38.855 11.757 119.092 23.086 18.169 38.809 120.833 34.585 12.946 22.144 40.081 19.960 14.350 38.153 19.057 40.331 98.201 19.765 99.539 36.252 35.762 119.445 98.028 10.885 37.159 17.334 19.759 12.745 117.745 38.887 118.676 36.909 38.296 41.436 114.789 18.566 15.170 18.849 7.915 16.898 10.883 36.827 19.219 11.910 8.458 118.610 13.544 100.323 39.264 24.786 38.120 98.688 13.096 10.005 15.950 12.010 19.378 11.312 10.285 8.965 24.821 10.119 18.978 35.703 7.626 19.284 18.686 9.505 15.365 16.970 17.373 98.707 125.423 119.599 19.504 40.321 10.421 118.629 20.947 12.540
8.343 92.878 31.873 31.873 112.511 13.992 98.892 14.747 20.903 17.379 13.947 14.328 0.000 38.157 16.938 118.395 21.630 17.425 38.111 120.135 33.889 18.241 22.420 39.382 15.248 18.295 37.455 21.623 45.320 97.504 17.003 98.841 35.554 35.065 118.747 97.330 16.180 36.463 17.263 12.855 15.312 117.047 38.189 117.979 36.210 37.598 46.425 114.092 11.660 17.736 18.191 13.264 14.135 13.661 36.129 12.848 13.983 14.744 117.912 15.933 99.624 38.566 20.590 37.422 97.992 18.393 15.300 18.516 7.857 21.943 16.492 13.447 12.602 18.442 15.107 12.072 35.007 11.926 21.851 11.782 14.799 17.171 17.246 10.469 98.009 124.726 118.902 22.069 39.623 11.285 117.931 18.185 15.105
29.007 68.981 3.344 3.344 88.612 39.056 74.995 38.120 35.423 39.307 38.215 39.927 38.397 0.000 38.355 94.496 37.880 44.712 5.045 96.237 13.245 40.864 36.938 12.037 42.535 42.268 8.813 45.140 19.476 73.605 33.473 74.943 10.542 10.373 94.849 73.432 38.589 15.715 44.550 40.142 40.486 93.149 6.222 94.080 11.520 9.927 22.125 90.193 38.947 41.253 45.478 39.041 30.604 39.550 15.485 40.135 40.265 38.413 94.014 40.715 75.727 9.924 39.580 6.235 74.092 41.017 38.673 42.033 38.719 45.460 37.457 41.410 37.315 39.615 36.421 39.359 14.363 38.752 45.368 39.069 38.172 43.721 31.764 37.756 74.111 100.827 95.003 45.586 9.836 41.547 94.033 34.653 40.279
14.629 92.905 31.899 31.899 112.537 10.873 98.919 8.657 19.957 7.227 23.320 11.744 16.808 38.182 0.000 118.421 22.413 19.271 38.137 120.160 33.915 8.786 21.474 39.408 21.064 10.190 37.480 14.717 39.661 97.530 19.095 98.867 35.580 35.091 118.773 97.356 7.353 36.489 18.438 22.228 8.406 117.073 38.215 118.005 36.236 37.623 40.766 114.118 21.033 10.831 19.953 10.859 16.226 9.300 36.154 20.323 9.768 11.431 117.938 9.203 99.650 38.592 24.114 37.448 98.018 8.936 7.379 11.611 14.477 15.039 5.968 13.229 10.334 24.149 9.439 21.445 35.033 10.570 14.945 20.824 8.922 16.469 16.300 19.842 98.034 124.752 118.928 15.163 39.649 12.910 117.957 20.275 8.201
108.092 28.136 88.897 88.897 1.278 118.142 34.400 117.206 114.508 118.392 117.301 119.013 117.483 93.501 117.441 0.000 116.965 123.798 93.456 9.163 97.296 119.950 116.024 95.445 121.620 121.354 91.739 124.226 96.542 34.178 112.558 31.936 95.165 94.424 7.516 33.255 117.675 99.766 123.635 119.227 119.572 9.281 92.926 7.370 95.571 93.335 99.192 16.534 118.032 120.339 124.564 118.126 109.689 118.636 99.536 119.221 119.351 117.498 10.138 119.800 34.883 92.850 118.666 92.266 31.728 120.102 117.758 121.119 117.805 124.545 116.543 120.496 116.401 118.701 115.507 118.445 98.414 117.837 124.453 118.155 117.258 122.806 110.850 116.842 33.386 14.273 7.669 124.672 96.225 120.632 7.323 113.739 119.365
13.884 91.793 30.788 30.788 111.426 24.574 97.807 23.638 9.547 24.825 16.654 25.445 21.298 37.071 23.873 117.310 0.000 26.795 37.026 119.049 32.803 26.382 9.375 38.297 21.988 27.786 36.369 30.658 45.036 96.419 20.070 97.755 34.468 33.980 117.662 96.244 24.107 35.377 26.758 22.836 26.004 115.962 37.104 116.894 35.125 36.512 47.175 113.007 21.900 26.771 27.142 24.559 17.200 25.068 35.043 22.342 25.783 23.931 116.826 26.233 98.539 37.480 11.348 36.337 96.906 26.535 24.191 27.551 21.620 30.978 22.975 26.928 22.833 14.715 21.939 22.053 33.921 24.270 30.886 20.990 23.690 26.665 20.311 20.708 96.923 123.641 117.817 31.104 38.537 25.049 116.846 21.250 25.797
16.332 100.867 39.862 39.862 120.500 18.267 106.881 18.204 28.562 20.948 21.935 19.138 20.880 46.145 20.509 126.384 27.545 0.000 46.099 128.123 41.877 21.696 28.390 47.371 13.311 21.909 45.443 24.587 49.233 105.493 24.991 106.829 43.542 43.054 126.736 105.318 19.635 44.451 13.151 15.500 18.926 125.035 46.178 125.968 44.199 45.586 50.337 122.081 14.291 21.350 6.271 18.251 22.124 17.275 44.117 13.349 17.597 19.553 125.900 19.547 107.613 46.555 26.505 45.410 105.980 21.848 18.757 22.130 18.549 25.066 20.063 19.355 19.433 21.857 18.848 14.717 42.995 17.113 24.972 13.849 18.256 13.057 25.235 13.954 105.997 132.715 126.891 22.073 47.611 17.250 125.919 26.173 18.719
28.961 68.935 3.298 3.298 88.566 39.011 74.949 38.075 35.377 39.262 38.169 39.882 38.352 5.045 38.310 94.450 37.834 44.667 0.000 96.191 13.199 40.819 36.893 11.991 42.489 42.223 8.767 45.095 19.430 73.559 33.427 74.897 10.496 10.327 94.804 73.386 38.544 15.669 44.504 40.096 40.441 93.104 6.176 94.034 11.474 9.881 22.079 90.147 38.901 41.208 45.433 38.995 30.558 39.505 15.439 40.090 40.220 38.367 93.968 40.669 75.681 9.879 39.535 6.189 74.047 40.971 38.627 41.988 38.674 45.414 37.412 41.365 37.270 39.570 36.376 39.313 14.317 38.706 45.322 39.024 38.127 43.675 31.719 37.711 74.065 100.781 94.957 45.541 9.791 41.501 93.988 34.608 40.234
110.136 30.180 90.939 90.939 3.136 120.184 36.443 119.248 116.550 120.436 119.344 121.055 119.526 95.545 119.484 9.147 119.007 125.841 95.499 0.000 99.338 121.994 118.067 97.489 123.664 123.398 93.781 126.268 98.584 36.222 114.600 33.980 97.209 96.468 9.488 35.299 119.719 101.808 125.679 121.269 121.614 10.945 94.969 9.091 97.615 95.379 101.235 18.576 120.076 122.381 126.606 120.170 111.733 120.678 101.580 121.263 121.393 119.540 12.504 121.844 36.925 94.892 120.709 94.310 33.772 122.146 119.800 123.161 119.849 126.589 118.585 122.540 118.445 120.743 117.550 120.488 100.456 119.881 126.495 120.197 119.300 124.850 112.894 118.884 35.429 14.233 9.641 126.715 98.269 122.676 9.138 115.782 121.409
24.873 72.583 6.835 6.835 92.216 34.922 78.597 33.986 31.289 35.173 34.081 35.793 34.263 13.119 34.221 98.099 33.746 40.578 13.073 99.839 0.000 36.730 32.804 14.344 38.401 38.134 12.416 41.006 23.079 77.209 29.339 78.545 10.516 10.027 98.453 77.036 34.455 8.399 40.416 36.008 36.352 96.751 13.151 97.684 10.353 12.559 25.729 93.797 34.813 37.119 41.344 34.907 26.470 35.416 8.065 36.001 36.131 34.279 97.616 36.581 79.330 13.528 35.446 12.384 77.696 36.883 34.539 37.899 34.585 41.326 33.323 37.276 33.181 35.481 32.287 35.225 6.944 34.618 41.234 34.935 34.038 39.587 27.630 33.622 77.713 104.431 98.606 41.452 14.585 37.413 97.635 30.519 36.145
17.091 95.365 34.362 34.362 114.998 12.011 101.379 9.794 22.417 9.316 24.600 12.882 18.088 40.643 8.877 120.882 24.874 20.409 40.598 122.621 36.376 0.000 23.934 41.871 22.202 9.199 39.941 15.794 42.121 99.991 21.555 101.327 38.042 37.552 121.236 99.818 9.982 38.950 19.576 23.508 9.687 119.534 40.676 120.466 38.699 40.084 43.227 116.579 22.313 11.907 21.090 11.997 18.686 10.438 38.615 21.461 11.049 13.298 120.398 9.598 102.113 41.053 26.576 39.909 100.478 7.409 8.517 12.687 15.758 16.115 8.429 14.367 12.796 26.610 11.900 22.726 37.494 11.708 16.021 21.961 10.060 17.606 18.761 21.123 100.495 127.213 121.389 16.241 42.111 14.191 120.418 22.736 9.481
14.590 90.935 29.930 29.930 110.568 23.716 96.949 22.780 7.343 23.967 17.360 24.587 22.004 36.213 23.015 116.452 9.404 27.500 36.168 118.191 31.945 25.524 0.000 37.439 22.696 26.928 35.511 29.800 44.178 95.561 19.212 96.897 33.610 33.122 116.804 95.386 23.249 34.519 27.464 23.542 25.146 115.103 36.245 116.036 34.267 35.654 46.317 112.149 22.606 25.913 27.848 23.701 16.343 24.210 34.185 23.048 24.925 23.073 115.968 25.375 97.681 36.623 9.372 35.478 96.048 25.677 23.333 26.693 22.326 30.120 22.117 26.070 21.975 15.422 21.081 22.761 33.063 23.412 30.028 21.696 22.832 27.370 19.453 21.415 96.065 122.783 116.959 30.246 37.679 25.755 115.987 20.392 24.939
30.219 70.607 5.928 5.928 90.240 40.266 76.621 39.330 36.633 40.519 39.427 41.137 39.609 11.893 39.567 96.124 39.090 45.924 11.847 97.863 14.455 42.076 38.150 0.000 43.746 43.480 10.441 46.350 21.103 75.233 34.683 76.569 12.325 11.585 96.477 75.060 39.801 16.275 45.762 41.352 41.696 94.775 11.405 95.708 11.806 8.764 23.753 91.820 40.159 42.463 46.688 40.252 31.815 40.760 16.459 41.345 41.475 39.623 95.640 41.927 77.354 11.552 40.792 10.746 75.720 42.228 39.883 43.243 39.931 46.672 38.667 42.622 38.527 40.825 37.633 40.571 15.338 39.964 46.578 40.279 39.382 44.932 32.976 38.966 75.737 102.455 96.630 46.798 13.862 42.759 95.659 35.865 41.491
12.125 96.659 35.655 35.655 116.291 20.148 102.673 20.084 24.325 22.829 17.727 21.019 17.067 41.937 22.390 122.176 23.307 12.888 41.891 123.915 37.669 23.577 24.152 43.164 0.000 23.789 41.235 26.467 49.902 101.284 20.785 102.621 39.336 38.846 122.529 101.112 21.517 40.243 15.032 9.381 20.805 120.827 41.969 121.760 39.992 41.378 52.219 117.873 10.880 23.230 13.236 20.132 17.916 19.154 39.909 10.053 19.478 21.435 121.692 21.428 103.406 42.346 22.267 41.202 101.772 23.729 20.636 24.010 17.389 26.947 21.943 21.234 21.312 17.619 20.727 8.598 38.787 18.995 26.853 11.461 20.136 14.938 21.026 10.833 101.789 128.507 122.683 23.954 43.405 19.131 121.711 21.965 20.600
18.616 96.892 35.887 35.887 116.523 13.537 102.906 11.321 23.944 10.841 24.734 14.408 18.224 42.170 10.402 122.407 26.401 21.036 42.124 124.148 37.900 9.261 25.459 43.395 22.827 0.000 41.468 13.544 43.646 101.516 23.080 102.854 39.567 39.077 122.760 101.343 11.506 40.474 20.201 23.642 9.963 121.060 42.202 121.991 40.224 41.611 44.751 118.104 22.449 9.657 21.715 13.521 20.213 11.366 40.142 22.086 11.184 14.824 121.925 7.350 103.638 42.579 28.101 41.435 102.003 8.389 10.041 10.437 15.891 13.863 9.956 15.891 14.321 28.136 13.427 22.859 39.018 13.233 13.771 22.570 11.585 18.231 20.285 21.257 102.022 128.738 122.914 13.989 43.636 14.325 121.944 24.262 9.342
29.903 66.928 5.740 5.740 86.560 39.951 72.942 39.014 36.317 40.201 39.109 40.822 39.291 10.346 39.251 92.445 38.774 45.608 10.300 94.184 14.139 41.760 37.834 12.289 43.431 43.164 0.000 46.035 17.424 71.553 34.367 72.890 12.010 11.269 92.798 71.381 39.485 16.609 45.446 41.036 41.380 91.096 9.768 92.028 12.414 10.178 20.074 88.141 39.843 42.148 46.373 39.935 31.498 40.445 16.379 41.029 41.160 39.307 91.961 41.611 73.675 6.111 40.474 9.111 72.041 41.911 39.567 42.928 39.615 46.356 38.352 42.306 38.211 40.510 37.315 40.253 15.257 39.648 46.262 39.964 39.066 44.615 32.660 38.651 72.058 98.776 92.952 46.480 13.069 42.443 91.980 35.547 41.175
21.615 99.889 38.886 38.886 119.522 18.241 105.903 16.024 26.941 15.364 28.069 19.111 21.558 45.167 14.923 125.406 29.398 24.370 45.122 127.145 40.899 15.550 28.459 46.395 26.161 13.421 44.465 0.000 47.855 104.515 26.079 105.851 42.566 42.076 125.760 104.342 16.028 43.474 23.535 26.977 12.479 124.058 45.200 124.990 43.223 44.608 48.959 121.103 25.783 11.162 25.050 18.225 23.210 14.701 43.139 25.420 13.746 19.528 124.922 11.061 106.637 45.577 31.100 44.433 105.002 14.945 14.746 9.034 19.226 7.578 14.477 19.764 18.842 31.134 17.948 26.194 42.018 17.523 7.232 25.904 16.288 21.566 23.285 24.591 105.019 131.737 125.913 7.584 46.635 17.659 124.942 27.260 11.653
36.550 72.211 14.690 14.690 91.842 40.575 78.225 39.639 42.964 40.825 45.758 41.446 45.940 19.296 39.875 97.726 45.421 48.043 19.251 99.467 23.090 42.384 44.481 21.240 49.834 43.788 17.532 48.307 0.000 76.835 41.014 78.173 20.960 20.219 98.080 76.663 40.109 25.559 47.208 47.683 42.005 96.380 18.719 97.310 21.364 19.128 9.021 93.423 46.489 44.420 48.723 40.559 38.146 41.069 25.329 47.676 41.784 39.931 97.244 42.801 78.957 18.643 47.123 18.061 77.323 42.535 40.191 45.200 44.035 48.628 38.976 42.930 38.835 47.156 37.939 46.902 24.207 40.272 48.534 46.610 39.691 45.239 39.307 45.297 77.341 104.057 98.233 48.754 22.020 43.067 97.264 42.196 41.799
87.851 2.249 68.656 68.656 29.010 97.901 8.272 96.965 94.267 98.151 97.059 98.772 97.242 73.260 97.200 34.894 96.724 103.557 73.215 36.633 77.055 99.709 95.783 75.204 101.379 101.113 71.498 103.985 76.301 0.000 92.317 8.241 74.924 74.183 35.247 7.188 97.434 79.525 103.394 98.986 99.331 33.545 72.684 34.478 75.330 73.094 78.951 30.590 97.791 100.098 104.323 97.885 89.448 98.395 79.295 98.980 99.110 97.257 34.410 99.559 8.754 72.609 98.424 72.025 7.850 99.861 97.517 100.878 97.564 104.304 96.302 100.255 96.160 98.460 95.266 98.203 78.173 97.596 104.212 97.914 97.017 102.565 90.609 96.601 7.867 41.224 35.401 104.431 75.984 100.391 34.429 93.498 99.124
5.330 88.911 27.907 27.907 108.544 22.567 94.925 21.631 16.937 22.819 15.331 23.438 18.072 34.189 21.867 114.427 19.394 24.387 34.143 116.167 29.921 24.377 18.452 35.416 22.209 25.780 33.487 28.651 42.154 93.537 0.000 94.873 31.588 31.098 114.781 93.364 22.102 32.495 24.224 19.816 23.997 113.079 34.221 114.012 32.244 33.630 44.803 110.124 18.621 24.764 25.153 22.553 10.168 23.061 32.161 19.810 23.776 21.923 113.944 24.227 95.658 34.598 21.094 33.454 94.024 24.529 22.183 25.544 18.394 28.972 20.968 23.984 20.828 21.129 19.933 19.034 31.039 22.264 28.878 18.744 21.683 24.132 13.278 17.431 94.041 120.759 114.934 29.098 35.657 21.822 113.963 6.180 23.791
89.261 2.191 70.064 70.064 26.907 99.309 8.068 98.373 95.675 99.559 98.467 100.180 98.649 74.670 98.609 32.791 98.132 104.966 74.624 34.532 78.463 101.118 97.192 76.613 102.789 102.522 72.906 105.392 77.709 8.386 93.725 0.000 76.334 75.593 33.145 7.925 98.843 80.933 104.804 100.394 100.739 31.445 74.092 32.375 76.738 74.502 80.358 28.488 99.201 101.505 105.731 99.293 90.856 99.802 80.703 100.388 100.517 98.665 32.309 100.969 8.552 74.017 99.832 73.435 7.448 101.269 98.925 102.285 98.973 105.714 97.710 101.664 97.569 99.867 96.673 99.611 79.581 99.006 105.620 99.322 98.424 103.973 92.018 98.009 7.834 39.122 33.298 105.838 77.393 101.801 32.329 94.905 100.533
26.621 70.581 4.151 4.151 90.213 36.671 76.595 35.735 33.037 36.922 35.829 37.542 36.011 10.275 35.970 96.098 35.494 42.327 10.230 97.837 10.859 38.479 34.553 12.342 40.149 39.883 10.415 42.755 21.077 75.207 31.087 76.543 0.000 7.844 96.451 75.034 36.204 13.329 42.164 37.756 38.101 94.749 10.308 95.681 8.991 10.558 23.727 91.794 36.561 38.868 43.093 36.655 28.218 37.165 13.099 37.750 37.880 36.027 95.614 38.329 77.328 11.526 37.195 9.541 75.694 38.631 36.287 39.648 36.334 43.074 35.072 39.025 34.930 37.230 34.035 36.974 11.977 36.366 42.982 36.684 35.787 41.335 29.379 35.371 75.711 102.428 96.605 43.201 11.348 39.161 95.633 32.267 37.894
26.049 69.710 3.962 3.962 89.343 36.099 75.724 35.163 32.465 36.349 35.258 36.970 35.439 10.245 35.398 95.227 34.922 41.755 10.200 96.966 10.287 37.907 33.981 11.471 39.577 39.311 9.543 42.183 20.206 74.336 30.515 75.672 7.980 0.000 95.580 74.163 35.632 12.757 41.592 37.184 37.529 93.878 10.278 94.810 7.604 9.687 22.855 90.924 35.989 38.296 42.521 36.083 27.646 36.593 12.527 37.178 37.308 35.455 94.743 37.757 76.457 10.655 36.623 9.511 74.823 38.059 35.715 39.076 35.762 42.502 34.500 38.453 34.358 36.658 33.463 36.401 11.405 35.794 42.410 36.112 35.215 40.763 28.807 34.799 74.840 101.558 95.734 42.629 11.574 38.589 94.762 31.696 37.322
108.745 28.788 89.548 89.548 1.251 118.793 35.052 117.857 115.159 119.045 117.953 119.664 118.135 94.154 118.094 7.671 117.616 124.451 94.109 9.492 97.947 120.603 116.677 96.098 122.273 122.007 92.390 124.877 97.193 34.831 113.209 32.589 95.818 95.077 0.000 33.908 118.328 100.417 124.288 119.878 120.223 9.973 93.578 8.062 96.224 93.988 99.844 17.185 118.685 120.990 125.215 118.779 110.342 119.287 100.189 119.872 120.002 118.149 10.789 120.453 35.534 93.501 119.318 92.919 32.381 120.755 118.409 121.770 118.458 125.198 117.194 121.148 117.053 119.352 116.159 119.097 99.065 118.490 125.104 118.806 117.909 123.459 111.502 117.493 34.038 14.965 6.817 125.324 96.877 121.285 8.013 114.391 120.017
87.854 1.924 68.657 68.657 28.148 97.902 8.188 96.966 94.268 98.154 97.062 98.773 97.244 73.263 97.203 34.032 96.725 103.559 73.218 35.771 77.056 99.712 95.785 75.207 101.382 101.116 71.499 103.986 76.302 7.220 92.318 7.886 74.927 74.186 34.384 0.000 97.437 79.526 103.397 98.987 99.332 32.684 72.687 33.616 75.333 73.097 78.953 29.729 97.794 100.099 104.324 97.888 89.451 98.396 79.298 98.981 99.111 97.258 33.548 99.562 8.670 72.610 98.427 72.028 7.037 99.864 97.518 100.879 97.567 104.307 96.303 100.258 96.163 98.461 95.268 98.206 78.174 97.599 104.213 97.915 97.018 102.568 90.612 96.602 7.054 40.363 34.539 104.433 75.986 100.394 33.568 93.500 99.127
14.648 92.924 31.919 31.919 112.557 9.858 98.938 7.642 19.976 8.474 22.624 10.729 16.112 38.202 7.353 118.441 22.433 18.256 38.157 120.180 33.934 10.031 21.493 39.428 20.047 11.435 37.500 15.963 39.680 97.550 19.114 98.886 35.599 35.111 118.793 97.375 0.000 36.508 17.422 21.458 9.651 117.093 38.235 118.025 36.256 37.643 40.785 114.138 20.249 12.076 18.936 9.843 16.245 8.133 36.174 19.306 9.543 11.145 117.957 10.450 99.670 38.611 24.133 37.468 98.037 10.183 7.427 12.856 13.781 16.284 7.058 12.212 10.353 24.168 9.459 20.675 35.052 9.554 16.190 19.807 7.633 15.452 16.319 19.147 98.054 124.772 118.948 16.410 39.668 12.349 117.977 20.294 9.446
27.375 74.949 9.201 9.201 94.581 37.425 80.963 36.489 33.791 37.676 36.584 38.296 36.766 15.485 36.724 100.466 36.248 43.081 15.439 102.205 8.471 39.233 35.307 16.200 40.903 40.637 14.783 43.509 25.445 79.575 31.841 80.911 12.770 12.393 100.819 79.402 36.958 0.000 42.918 38.510 38.855 99.117 15.517 100.049 10.853 14.925 28.095 96.163 37.315 39.622 43.847 37.409 28.972 37.919 8.234 38.504 38.634 36.781 99.982 39.083 81.696 15.894 37.949 14.750 80.062 39.385 37.041 40.402 37.088 43.828 35.826 39.779 35.684 37.984 34.790 37.727 8.110 37.120 43.736 37.438 36.541 42.089 30.133 36.125 80.079 106.797 100.973 43.955 16.951 39.915 100.001 33.022 38.648
15.142 99.677 38.672 38.672 119.310 20.583 105.692 20.519 24.777 23.265 20.011 21.454 20.084 44.956 22.826 125.194 23.759 14.802 44.910 126.934 40.688 24.012 24.604 46.181 9.996 24.224 44.254 26.902 51.549 104.303 23.802 105.640 42.353 41.864 125.546 104.129 21.952 43.262 0.000 12.540 21.241 123.846 44.988 124.778 43.009 44.397 52.654 120.891 14.039 23.665 15.149 20.568 20.934 19.590 42.928 13.212 19.914 21.870 124.710 21.864 106.423 45.365 22.719 44.221 104.791 24.165 21.072 24.445 20.408 27.382 22.378 21.670 21.748 18.072 21.163 11.757 41.806 19.430 27.288 14.009 20.571 15.374 24.045 13.850 104.808 131.525 125.701 24.389 46.422 19.567 124.730 24.984 21.036
11.869 96.404 35.399 35.399 116.035 22.567 102.418 22.505 24.263 25.250 17.471 23.438 16.811 41.682 24.809 121.919 23.245 15.309 41.637 123.660 37.413 25.998 24.091 42.908 10.399 26.210 40.980 28.887 49.646 101.028 20.529 102.366 39.080 38.589 122.273 100.856 23.937 39.987 17.451 0.000 23.226 120.573 41.715 121.503 39.736 41.123 52.297 117.616 11.769 25.651 15.656 22.540 17.659 21.575 39.654 11.093 21.897 23.854 121.437 23.847 103.150 42.092 22.206 40.948 101.516 26.148 23.057 26.430 17.133 29.366 24.363 22.723 21.878 17.558 23.148 10.054 38.531 21.202 29.274 10.671 22.557 17.359 20.772 10.577 101.534 128.250 122.426 26.375 43.148 20.561 121.457 21.709 23.021
16.019 94.965 33.960 33.960 114.598 11.793 100.979 9.576 22.017 8.916 21.620 12.663 15.110 40.243 8.475 120.482 24.474 17.922 40.197 122.221 35.975 9.801 23.534 41.469 19.713 9.963 39.541 12.199 41.721 99.591 21.155 100.927 37.640 37.152 120.834 99.416 9.580 38.549 17.087 20.529 0.000 119.134 40.276 120.066 38.297 39.684 42.826 116.179 19.335 8.312 18.602 11.777 18.286 8.253 38.215 18.972 8.071 13.079 119.998 7.603 101.711 40.653 26.174 39.509 100.078 9.953 8.298 9.092 12.778 12.521 8.029 13.316 12.394 26.116 11.500 19.746 37.093 11.075 12.427 19.456 9.840 15.118 18.360 18.143 100.095 126.813 120.989 12.647 41.709 11.211 120.017 22.336 5.683
107.042 27.086 87.845 87.845 3.649 117.090 33.349 116.154 113.456 117.342 116.250 117.961 116.432 92.451 116.391 9.151 115.913 122.748 92.406 10.854 96.244 118.900 114.974 94.395 120.570 120.303 90.687 123.174 95.490 33.128 111.506 30.886 94.115 93.374 9.885 32.205 116.624 98.714 122.585 118.175 118.520 0.000 91.875 8.699 94.521 92.285 98.141 15.482 116.982 119.287 123.512 117.076 108.639 117.584 98.486 118.169 118.299 116.446 10.534 118.750 33.831 91.798 117.615 91.216 30.678 119.052 116.706 120.067 116.755 123.495 115.491 119.445 115.351 117.649 114.456 117.394 97.362 116.787 123.401 117.103 116.206 121.756 109.799 115.790 32.335 15.446 10.040 123.621 95.174 119.582 8.650 112.688 118.315
28.899 68.403 3.234 3.234 88.036 38.947 74.417 38.011 35.313 39.199 38.107 39.818 38.289 6.199 38.248 93.920 37.770 44.605 6.153 95.659 13.135 40.757 36.831 11.461 42.427 42.160 8.237 45.031 18.900 73.029 33.363 74.365 10.434 10.265 94.274 72.856 38.481 15.605 44.442 40.032 40.377 92.572 0.000 93.504 11.412 9.351 21.549 89.617 38.839 41.144 45.369 38.933 30.496 39.441 15.377 40.026 40.156 38.303 93.436 40.607 75.151 9.349 39.472 5.927 73.516 40.909 38.563 41.924 38.611 45.352 37.348 41.303 37.207 39.506 36.313 39.251 14.253 38.644 45.258 38.960 38.063 43.613 31.657 37.647 73.533 100.251 94.427 45.478 9.728 41.439 93.456 34.545 40.172
107.822 27.866 88.625 88.625 1.811 117.870 34.129 116.934 114.236 118.122 117.030 118.741 117.212 93.231 117.171 7.314 116.693 123.528 93.185 8.988 97.024 119.680 115.753 95.174 121.350 121.084 91.467 123.954 96.270 33.908 112.286 31.666 94.895 94.154 8.049 32.985 117.405 99.494 123.365 118.955 119.300 8.631 92.655 0.000 95.301 93.065 98.921 16.262 117.762 120.067 124.292 117.856 109.419 118.364 99.266 118.949 119.079 117.226 10.495 119.530 34.611 92.578 118.395 91.996 31.458 119.832 117.486 120.847 117.534 124.275 116.271 120.226 116.130 118.429 115.236 118.174 98.142 117.567 124.181 117.883 116.986 122.536 110.580 116.570 33.115 12.885 8.202 124.401 95.955 120.362 5.048 113.468 119.095
27.135 70.795 5.048 5.048 90.428 37.184 76.809 36.248 33.551 37.435 36.343 38.055 36.525 11.331 36.483 96.312 36.008 42.840 11.285 98.051 9.865 38.992 35.066 11.750 40.663 40.396 10.629 43.268 21.292 75.421 31.601 76.757 9.065 7.674 96.666 75.248 36.717 10.755 42.678 38.270 38.614 94.964 11.363 95.896 0.000 10.772 23.941 92.009 37.075 39.381 43.606 37.169 28.732 37.678 10.938 38.263 38.393 36.541 95.828 38.843 77.543 11.741 37.708 10.596 75.909 39.145 36.801 40.161 36.847 43.588 35.585 39.538 35.443 37.743 34.549 37.487 9.817 36.880 43.496 37.197 36.300 41.849 29.892 35.884 75.925 102.643 96.819 43.714 12.660 39.675 95.848 32.781 38.407
28.474 68.510 4.312 4.312 88.143 38.523 74.524 37.587 34.890 38.774 37.682 39.394 37.864 9.884 37.822 94.027 37.347 44.179 9.839 95.766 12.712 40.331 36.405 8.916 42.002 41.735 8.344 44.607 19.005 73.136 32.940 74.472 10.581 9.840 94.379 72.961 38.056 15.182 44.017 39.609 39.953 92.678 9.307 93.611 10.986 0.000 21.656 89.724 38.414 40.720 44.945 38.508 30.071 39.017 14.952 39.602 39.732 37.880 93.543 40.182 75.256 9.455 39.047 8.649 73.623 40.484 38.140 41.500 38.186 44.927 36.924 40.877 36.782 39.082 35.888 38.826 13.830 38.219 44.835 38.536 37.639 43.188 31.231 37.223 73.640 100.358 94.534 45.053 12.245 41.014 93.562 34.120 39.746
39.192 74.854 17.333 17.333 94.487 41.735 80.868 40.799 45.586 41.988 48.401 42.606 47.527 21.939 41.036 100.371 48.043 49.204 21.893 102.110 25.732 43.545 47.103 23.883 50.997 44.949 20.175 49.469 9.222 79.480 43.658 80.816 23.603 22.862 100.723 79.305 41.270 28.202 48.371 50.327 43.165 99.023 21.363 99.955 24.009 21.773 0.000 96.068 49.132 45.582 49.885 41.721 40.789 42.229 27.974 50.256 42.944 41.092 99.887 43.964 81.600 21.286 49.743 20.704 79.967 43.697 41.352 46.362 45.196 49.789 40.136 44.091 39.996 49.779 39.102 49.544 26.850 41.432 49.697 49.255 40.851 46.401 41.929 47.942 79.984 106.702 100.878 49.915 24.663 44.227 99.906 44.839 42.960
103.731 23.774 84.535 84.535 10.781 113.780 30.038 112.844 110.147 114.031 112.939 114.651 113.121 89.140 113.079 16.665 112.604 119.436 89.094 18.406 92.935 115.588 111.662 91.083 117.259 116.992 87.377 119.864 92.181 29.817 108.197 27.575 90.804 90.063 17.018 28.894 113.313 95.405 119.274 114.866 115.210 15.318 88.564 16.249 91.210 88.974 94.830 0.000 113.671 115.977 120.202 113.765 105.328 114.274 95.174 114.859 114.989 113.137 16.183 115.439 30.522 88.489 114.304 87.905 27.366 115.741 113.397 116.757 113.443 120.184 112.181 116.134 112.039 114.339 111.145 114.083 94.053 113.476 120.092 113.793 112.896 118.445 106.488 112.480 29.024 22.996 17.172 120.310 91.863 116.271 16.202 109.377 115.003
10.550 95.085 34.080 34.080 114.716 21.545 101.099 21.481 23.109 24.227 16.151 22.284 15.491 40.363 23.788 120.600 23.470 15.686 40.317 122.341 36.093 24.975 24.315 41.589 10.828 25.186 39.661 27.864 48.326 99.709 19.209 101.047 37.760 37.270 120.953 99.536 22.914 38.667 15.634 8.435 22.203 119.253 40.395 120.184 38.416 39.804 50.977 116.297 0.000 24.627 16.033 21.220 16.340 20.552 38.335 8.566 20.876 22.700 120.118 22.826 101.831 40.772 22.430 39.628 100.196 25.127 22.034 25.407 15.813 28.344 23.340 21.403 20.558 17.783 22.125 7.652 37.211 19.882 28.251 9.508 21.533 15.540 19.452 9.258 100.215 126.931 121.107 25.352 41.829 19.242 120.137 20.389 21.997
19.015 97.289 36.286 36.286 116.922 15.641 103.303 13.424 24.341 12.764 25.468 16.512 18.958 42.567 12.323 122.806 26.798 21.770 42.522 124.545 38.300 12.950 25.859 43.795 23.561 10.821 41.865 9.186 45.255 101.915 23.480 103.251 39.966 39.476 123.160 101.742 13.428 40.873 20.935 24.377 9.879 121.458 42.600 122.390 40.623 42.008 46.360 118.503 23.183 0.000 22.450 15.625 20.610 12.101 40.539 22.820 11.146 16.928 122.322 8.461 104.037 42.977 28.500 41.833 102.403 12.345 12.146 6.079 16.626 9.507 11.877 17.164 16.242 28.534 15.348 23.594 39.418 14.923 9.413 23.304 13.688 18.966 20.684 21.991 102.419 129.137 123.313 9.632 44.035 15.059 122.342 24.660 9.053
17.300 101.835 40.830 40.830 121.468 19.235 107.849 19.173 29.531 21.917 22.904 20.106 21.848 47.114 21.478 127.352 28.513 6.268 47.068 129.091 42.846 22.664 29.358 48.339 13.194 22.878 46.412 25.556 50.201 106.461 25.960 107.798 44.511 44.022 127.704 106.287 20.604 45.420 14.120 15.738 19.894 126.004 47.146 126.936 45.167 46.555 51.306 123.049 15.260 22.319 0.000 19.219 23.092 18.243 45.086 14.317 18.566 20.522 126.869 20.516 108.581 47.523 27.473 46.379 106.949 22.817 19.725 23.099 19.517 26.034 21.032 20.323 20.401 22.826 19.816 14.955 43.964 18.082 25.940 14.818 19.225 14.026 26.203 14.923 106.966 133.683 127.859 23.041 48.580 18.218 126.888 27.142 19.687
14.183 93.031 32.026 32.026 112.662 7.652 99.045 8.627 20.083 11.373 19.785 7.831 13.274 38.309 10.932 118.546 22.540 17.343 38.263 120.287 34.039 12.120 21.598 39.535 19.135 13.524 37.607 18.231 39.785 97.655 19.219 98.993 35.706 35.216 118.900 97.482 10.060 36.613 16.509 18.693 11.920 117.199 38.341 118.130 36.362 37.750 40.890 114.243 17.500 14.344 18.023 0.000 16.352 10.057 36.281 18.394 11.084 8.247 118.064 12.718 99.776 38.718 24.240 37.574 98.142 12.271 9.180 15.124 10.944 18.553 10.486 8.543 8.292 24.275 9.433 17.912 35.157 6.407 18.459 17.620 8.679 14.539 16.424 16.307 98.161 124.877 119.053 18.679 39.775 9.202 118.083 20.401 11.715
12.463 83.743 22.740 22.740 103.376 17.399 89.757 16.463 11.769 17.652 17.900 18.270 21.852 29.021 16.700 109.260 14.226 24.868 28.976 110.999 24.754 19.209 13.285 30.249 22.845 20.613 28.319 23.483 36.987 88.369 16.928 89.705 26.420 25.930 109.614 88.196 16.934 27.328 24.035 23.596 18.829 107.912 29.054 108.844 27.077 28.462 39.636 104.957 22.403 19.596 25.549 17.385 0.000 17.893 26.993 23.197 18.608 16.756 108.776 19.059 90.491 29.431 15.926 28.287 88.856 19.361 17.016 20.376 20.860 23.805 15.800 19.755 15.660 15.962 14.766 22.814 25.872 17.096 23.711 21.845 16.515 22.065 8.111 21.211 88.873 115.591 109.767 23.931 30.489 19.892 108.796 18.108 18.624
14.576 94.127 33.121 33.121 113.759 9.858 100.141 7.642 21.178 9.741 20.178 10.729 13.667 39.404 9.300 119.643 23.636 16.479 39.359 121.383 35.137 10.489 22.696 40.630 18.270 11.312 38.703 14.639 40.883 98.752 20.317 100.088 36.802 36.313 119.995 98.578 8.279 37.711 15.644 19.086 8.328 118.295 39.437 119.227 37.458 38.846 41.988 115.340 17.892 10.753 17.159 9.843 17.447 0.000 37.377 17.529 6.999 11.145 119.159 8.949 100.872 39.814 25.336 38.670 99.240 10.639 7.548 11.533 11.335 14.961 8.854 11.873 11.023 24.673 10.599 18.303 36.255 9.554 14.867 18.013 7.905 13.675 17.522 16.700 99.257 125.974 120.150 15.085 40.871 9.768 119.179 21.497 8.123
27.102 74.812 9.065 9.065 94.445 37.152 80.826 36.216 33.518 37.403 36.311 38.023 36.493 15.348 36.451 100.329 35.975 42.808 15.303 102.068 8.198 38.960 35.034 16.063 40.630 40.364 14.646 43.236 25.309 79.438 31.568 80.774 12.634 12.257 100.683 79.265 36.685 8.305 42.645 38.237 38.582 98.981 15.381 99.913 10.716 14.789 27.958 96.026 37.042 39.349 43.574 37.136 28.699 37.646 0.000 38.231 38.361 36.508 99.845 38.810 81.560 15.758 37.676 14.614 79.925 39.112 36.768 40.129 36.815 43.555 35.553 39.506 35.411 37.711 34.516 37.455 6.125 36.847 43.463 37.165 36.268 41.816 29.860 35.852 79.942 106.660 100.836 43.681 16.814 39.642 99.865 32.748 38.375
11.905 96.441 35.435 35.435 116.073 21.812 102.455 21.748 24.465 24.494 17.509 22.683 16.847 41.719 24.054 121.957 24.026 15.378 41.673 123.697 37.451 25.241 24.870 42.944 10.521 25.453 41.017 28.131 49.684 101.066 20.565 102.403 39.116 38.627 122.309 100.892 23.180 40.025 15.901 9.573 22.469 120.609 41.751 121.541 39.772 41.160 52.333 117.654 8.696 24.894 15.725 21.796 17.697 20.818 39.691 0.000 21.142 23.099 121.474 23.092 103.186 42.128 22.986 40.984 101.554 25.393 22.300 25.674 17.171 28.611 23.607 22.761 21.916 18.338 22.391 8.792 38.569 20.659 28.517 9.775 21.800 15.807 20.808 9.881 101.570 128.288 122.464 25.618 43.185 20.597 121.493 21.747 22.264
14.826 95.410 34.404 34.404 115.041 11.198 101.424 9.069 22.462 10.392 20.428 12.069 13.918 40.688 9.953 120.925 24.919 16.730 40.642 122.666 36.418 11.279 23.977 41.913 18.523 11.262 39.986 13.665 42.164 100.034 21.598 101.372 38.085 37.595 121.278 99.861 9.878 38.992 15.897 19.336 8.325 119.578 40.720 120.509 38.742 40.129 43.269 116.622 18.143 9.777 17.411 11.184 18.731 7.061 38.660 17.782 0.000 12.485 120.443 8.900 102.156 41.097 26.619 39.953 100.521 11.431 8.686 10.558 11.587 13.986 9.507 12.124 12.364 24.925 11.779 18.555 37.536 9.884 13.892 18.264 9.333 13.927 18.803 16.951 100.540 127.256 121.432 14.110 42.154 10.021 120.462 22.780 7.561
12.015 90.289 29.285 29.285 109.922 9.879 96.303 9.602 17.341 10.586 20.366 9.586 13.856 35.567 9.634 115.806 19.798 18.007 35.521 117.545 31.299 12.143 18.858 36.794 19.798 13.548 34.865 18.075 37.045 94.915 16.479 96.251 32.966 32.476 116.159 94.742 9.869 33.873 17.172 19.274 11.764 114.457 35.599 115.390 33.622 35.008 38.150 111.502 18.081 14.188 18.686 9.316 13.610 11.032 33.539 19.057 11.747 0.000 115.322 12.562 97.036 35.976 21.500 34.832 95.402 12.296 10.154 14.968 11.523 18.396 8.735 10.785 6.323 21.533 6.833 18.491 32.417 9.027 18.303 18.201 9.654 15.202 13.684 16.889 95.419 122.137 116.312 18.523 37.035 11.207 115.341 17.659 11.559
107.812 27.855 88.615 88.615 4.323 117.859 34.117 116.924 114.226 118.110 117.018 118.731 117.200 93.221 117.160 10.207 116.683 123.517 93.175 12.388 97.014 119.669 115.743 95.164 121.340 121.073 91.456 123.944 96.260 33.896 112.276 31.654 94.885 94.144 10.560 32.973 117.394 99.484 123.355 118.945 119.290 10.503 92.643 10.421 95.289 93.053 98.909 16.252 117.752 120.056 124.281 117.844 109.407 118.353 99.254 118.939 119.069 117.216 0.000 119.520 34.601 92.568 118.383 91.986 31.446 119.820 117.476 120.837 117.524 124.265 116.260 120.215 116.120 118.419 115.224 118.162 98.132 117.557 124.171 117.873 116.976 122.524 110.569 116.559 33.103 17.168 10.713 124.389 95.944 120.352 10.373 113.456 119.084
16.780 95.056 34.051 34.051 114.689 12.731 101.070 10.515 22.108 9.853 22.384 13.602 15.872 40.334 9.413 120.573 24.565 18.685 40.288 122.312 36.066 9.625 23.625 41.560 20.477 7.362 39.632 11.192 42.658 99.682 21.246 101.018 37.731 37.243 120.925 99.507 10.518 38.640 17.851 21.292 7.613 119.224 40.367 120.157 38.388 39.775 43.763 116.270 20.097 7.305 19.365 12.715 18.377 9.014 38.306 19.736 8.832 14.018 120.089 0.000 101.802 40.744 26.265 39.599 100.169 8.884 9.235 8.085 13.541 11.513 8.968 14.078 13.333 26.301 12.439 20.509 37.184 11.838 11.419 20.219 10.779 15.881 18.451 18.906 100.186 126.904 121.080 11.639 41.800 11.975 120.109 22.427 6.992
90.190 2.470 70.993 70.993 29.926 100.238 7.206 99.302 96.605 100.489 99.397 101.109 99.579 75.599 99.539 35.810 99.062 105.896 75.554 37.549 79.392 102.048 98.122 77.543 103.718 103.452 73.835 106.322 78.639 8.829 94.655 8.620 77.263 76.522 36.164 8.854 99.773 81.862 105.733 101.323 101.668 34.462 75.022 35.394 77.667 75.431 81.288 31.507 100.130 102.435 106.660 100.222 91.785 100.732 81.632 101.317 101.447 99.595 35.326 101.898 0.000 74.947 100.762 74.364 8.298 102.198 99.855 103.215 99.903 106.643 98.639 102.594 98.499 100.797 97.603 100.541 80.511 99.935 106.549 100.251 99.354 104.902 92.948 98.938 8.764 42.141 36.317 106.768 78.323 102.730 35.346 95.835 101.463
31.014 68.039 6.851 6.851 87.672 41.062 74.053 40.126 37.428 41.313 40.221 41.933 40.403 11.457 40.363 93.556 39.886 46.720 11.412 95.295 15.251 42.872 38.946 13.401 44.542 44.276 6.111 47.146 18.536 72.665 35.478 74.001 13.121 12.380 93.910 72.492 40.597 17.721 46.557 42.148 42.492 92.208 10.880 93.140 13.525 11.289 21.185 89.253 40.954 43.259 47.484 41.046 32.609 41.556 17.490 42.141 42.271 40.419 93.072 42.722 74.787 0.000 41.586 10.222 73.153 43.022 40.678 44.039 40.727 47.467 39.463 43.418 39.323 41.621 38.427 41.365 16.368 40.759 47.373 41.075 40.178 45.726 33.772 39.762 73.169 99.887 94.063 47.592 14.181 43.554 93.092 36.659 42.287
12.887 93.672 32.666 32.666 113.304 26.453 99.685 25.517 11.055 26.704 15.657 27.094 20.301 38.950 25.752 119.188 11.301 25.797 38.904 120.927 34.682 28.261 9.429 40.175 20.993 29.665 38.248 32.537 46.915 98.297 21.948 99.634 36.347 35.858 119.540 98.123 25.986 37.256 25.761 21.839 27.883 117.840 38.982 118.772 37.003 38.391 49.053 114.885 20.903 28.650 26.145 26.030 19.079 26.427 36.922 21.345 26.749 25.809 118.705 28.111 100.417 39.359 0.000 38.215 98.785 28.413 26.069 29.430 20.623 32.856 24.854 26.213 24.712 13.719 23.817 21.058 35.800 24.692 32.764 19.993 25.569 25.667 22.190 19.712 98.802 125.519 119.695 32.983 40.416 24.052 118.724 23.129 27.676
28.129 67.746 2.466 2.466 87.377 38.179 73.760 37.243 34.545 38.430 37.337 39.050 37.520 6.235 37.478 93.261 37.002 43.835 6.189 95.002 12.367 39.987 36.061 10.802 41.657 41.391 7.578 44.263 18.241 72.370 32.595 73.708 9.664 9.495 93.615 72.197 37.712 14.837 43.672 39.264 39.609 91.914 5.787 92.845 10.642 8.692 20.890 88.958 38.069 40.376 44.601 38.163 29.726 38.673 14.607 39.258 39.388 37.535 92.779 39.837 74.492 8.689 38.703 0.000 72.857 40.139 37.795 41.156 37.842 44.582 36.580 40.533 36.438 38.738 35.544 38.481 13.485 37.874 44.490 38.192 37.295 42.843 30.887 36.879 72.876 99.592 93.768 44.709 8.959 40.669 92.798 33.776 39.402
88.553 1.408 69.358 69.358 26.628 98.603 7.671 97.667 94.969 98.853 97.762 99.474 97.944 73.962 97.902 32.512 97.426 104.259 73.917 34.253 77.757 100.411 96.485 75.906 102.081 101.815 72.200 104.687 77.003 7.921 93.019 7.376 75.626 74.885 32.865 7.219 98.136 80.227 104.096 99.688 100.033 31.165 73.386 32.096 76.032 73.796 79.653 28.209 98.493 100.800 105.025 98.587 90.150 99.097 79.997 99.682 99.812 97.959 32.030 100.261 8.155 73.311 99.127 72.727 0.000 100.563 98.219 101.580 98.266 105.006 97.004 100.957 96.862 99.162 95.968 98.906 78.875 98.298 104.914 98.616 97.719 103.267 91.311 97.303 7.128 38.843 33.019 105.133 76.686 101.093 32.049 94.200 99.826
17.264 95.540 34.535 34.535 115.171 12.185 101.554 9.969 22.592 9.489 24.773 13.056 18.263 40.818 9.050 121.055 25.049 20.583 40.772 122.796 36.548 7.337 24.107 42.044 22.375 8.298 40.116 15.065 42.294 100.164 21.728 101.502 38.215 37.725 121.409 99.991 10.154 39.122 19.748 23.681 9.859 119.708 40.850 120.639 38.871 40.259 43.399 116.752 22.488 11.178 21.263 12.169 18.861 10.612 38.790 21.634 11.223 13.472 120.573 8.871 102.285 41.227 26.749 40.083 100.651 0.000 8.689 11.958 15.930 15.384 8.604 14.539 12.969 26.784 12.075 22.898 37.666 11.881 15.292 22.134 10.233 17.779 18.933 21.296 100.670 127.386 121.562 15.511 42.284 14.364 120.592 22.910 9.654
15.044 93.318 32.314 32.314 112.951 9.050 99.332 6.833 20.370 7.889 21.816 9.921 15.305 38.596 7.448 118.835 22.827 17.447 38.550 120.574 34.328 8.636 21.887 39.823 19.239 10.040 37.894 14.747 40.074 97.944 19.508 99.280 35.995 35.505 119.188 97.771 7.642 36.902 16.613 20.649 8.436 117.486 38.628 118.419 36.651 38.037 41.179 114.531 19.440 10.860 18.127 9.034 16.639 7.476 36.568 18.498 8.428 10.337 118.351 9.234 100.065 39.005 24.529 37.861 98.431 8.787 0.000 11.640 12.973 15.069 7.002 11.405 10.216 24.562 9.791 19.868 35.446 8.747 14.975 18.998 7.097 14.643 16.713 18.338 98.448 125.166 119.341 15.195 40.064 11.542 118.370 20.688 8.230
18.443 96.717 35.714 35.714 116.350 15.069 102.731 12.852 23.769 12.192 24.896 15.939 18.386 41.995 11.751 122.234 26.226 21.198 41.950 123.973 37.727 12.378 25.287 43.223 22.989 10.249 41.293 8.826 44.682 101.343 22.908 102.679 39.394 38.904 122.588 101.170 12.856 40.302 20.363 23.805 9.307 120.886 42.028 121.818 40.051 41.436 45.788 117.931 22.611 7.990 21.878 15.053 20.038 11.529 39.967 22.248 10.574 16.355 121.750 7.889 103.465 42.405 27.928 41.261 101.831 11.773 11.574 0.000 16.054 9.147 11.305 16.592 15.670 27.962 14.776 23.022 38.846 14.351 9.053 22.732 13.116 18.394 20.113 21.419 101.847 128.565 122.741 9.273 43.463 14.487 121.770 24.088 8.481
8.564 93.099 32.094 32.094 112.732 11.594 99.114 12.349 21.124 14.980 14.168 11.929 7.656 38.378 14.539 118.616 21.851 17.646 38.332 120.356 34.110 15.842 22.641 39.603 15.469 15.897 37.676 19.225 42.921 97.725 17.224 99.062 35.775 35.286 118.968 97.551 13.781 36.684 17.359 13.076 12.913 117.268 38.410 118.200 36.431 37.819 44.026 114.313 11.881 15.338 18.412 10.866 14.356 11.262 36.349 13.069 11.585 12.345 118.133 13.535 99.845 38.787 20.811 37.643 98.213 15.994 12.901 16.118 0.000 19.544 14.094 11.049 10.204 18.663 12.709 12.293 35.228 9.528 19.452 12.003 12.401 15.390 17.467 10.690 98.230 124.947 119.123 19.671 39.844 8.887 118.152 18.406 12.706
22.039 100.315 39.309 39.309 119.947 18.666 106.328 16.449 27.366 15.787 28.494 19.537 21.982 45.593 15.348 125.831 29.823 24.795 45.547 127.570 41.325 15.975 28.884 46.818 26.587 13.847 44.891 7.483 48.280 104.940 26.505 106.276 42.990 42.501 126.183 104.766 16.453 43.899 23.961 27.402 12.904 124.483 45.625 125.415 43.646 45.034 49.385 121.528 26.207 11.587 25.475 18.650 23.636 15.124 43.565 25.846 14.171 19.953 125.348 11.484 107.060 46.002 31.524 44.858 105.428 15.370 15.170 9.196 19.651 0.000 14.902 20.188 19.267 31.559 18.373 26.619 42.443 17.948 7.480 26.329 16.713 21.991 23.710 25.016 105.445 132.162 126.338 8.930 47.059 18.084 125.367 27.685 12.079
13.660 91.936 30.931 30.931 111.569 10.496 97.950 8.280 18.988 6.850 22.869 11.367 16.431 37.214 5.900 117.453 21.445 18.894 37.169 119.192 32.946 8.409 20.505 38.440 20.687 9.813 36.512 14.341 38.692 96.562 18.126 97.898 34.611 34.123 117.805 96.387 7.128 35.520 18.061 21.851 8.029 116.105 37.246 117.037 35.268 36.655 39.797 113.150 20.656 10.454 19.576 10.482 15.257 8.923 35.186 19.946 9.391 10.463 116.969 8.826 98.682 37.623 23.145 36.480 97.049 8.559 7.002 11.233 14.100 14.662 0.000 12.852 9.365 23.180 8.471 21.068 34.064 10.194 14.568 20.447 8.545 16.092 15.331 19.465 97.066 123.784 117.960 14.786 38.680 12.534 116.989 19.306 7.824
14.213 95.258 34.252 34.252 114.890 9.879 101.272 10.854 22.309 13.600 19.816 10.060 13.304 40.535 13.160 120.774 24.767 18.601 40.490 122.513 36.268 14.347 23.827 41.761 20.392 15.751 39.834 19.632 42.014 99.883 21.448 101.220 37.933 37.444 121.126 99.709 12.287 38.842 17.766 18.724 13.320 119.426 40.568 120.358 38.589 39.977 43.119 116.471 17.529 15.745 19.280 8.403 18.578 11.669 38.508 18.718 11.991 10.476 120.291 13.941 102.003 40.945 26.459 39.801 100.371 14.499 11.406 16.525 10.973 19.953 12.713 0.000 9.459 24.312 11.660 17.942 37.386 7.518 19.859 17.652 10.906 15.796 18.653 16.339 100.388 127.105 121.281 20.077 42.002 9.966 120.310 22.628 13.115
12.593 90.867 29.864 29.864 110.500 8.688 96.881 9.663 17.919 11.257 19.043 8.770 12.531 36.145 10.307 116.384 20.376 18.380 36.100 118.123 31.878 12.816 19.437 37.373 20.171 14.220 35.443 18.747 37.717 95.493 17.058 96.829 33.544 33.054 116.738 95.320 10.541 34.452 17.545 17.951 12.436 115.036 36.178 115.968 34.201 35.586 38.822 112.081 16.756 14.861 19.059 8.289 14.188 11.093 34.117 17.944 12.120 8.065 115.900 13.233 97.615 36.555 22.078 35.411 95.981 12.966 10.216 15.641 10.200 19.069 9.407 9.462 0.000 22.112 7.505 17.168 32.995 8.000 18.975 16.878 9.715 15.575 14.263 15.565 95.997 122.715 116.891 19.193 37.613 9.884 115.920 18.238 12.231
4.169 90.532 29.527 29.527 110.165 18.039 96.546 18.796 18.556 21.425 6.940 18.374 11.582 35.810 20.986 116.049 18.465 17.951 35.764 117.788 31.542 22.287 19.310 37.036 15.773 22.342 35.108 25.670 43.775 95.158 14.549 96.494 33.207 32.719 116.401 94.983 20.227 34.116 17.788 13.379 19.358 114.701 35.843 115.633 33.864 35.251 46.425 111.746 12.185 21.783 18.715 17.311 11.789 17.708 33.782 13.372 18.030 18.790 115.565 19.980 97.278 36.220 17.425 35.076 95.645 22.439 19.348 22.563 11.906 25.991 20.539 17.496 16.651 0.000 19.154 12.596 32.660 15.975 25.898 12.306 18.848 17.695 14.899 10.993 95.662 122.380 116.556 26.116 37.276 15.332 115.585 15.361 19.153
11.943 90.217 29.214 29.214 109.850 10.209 96.231 9.530 17.269 10.515 21.150 9.917 14.780 35.495 9.563 115.734 19.726 17.935 35.450 117.473 31.228 12.072 18.787 36.723 19.726 13.476 34.793 18.004 36.974 94.843 16.407 96.179 32.894 32.404 116.088 94.670 9.797 33.802 17.100 20.200 11.692 114.386 35.528 115.318 33.551 34.936 38.078 111.431 19.005 14.117 18.615 9.645 13.538 10.960 33.467 18.985 11.675 8.345 115.250 12.491 96.965 35.905 21.428 34.761 95.331 12.224 10.083 14.897 12.449 18.325 8.663 11.711 7.249 21.462 0.000 19.417 32.346 9.358 18.231 19.127 9.582 15.131 13.613 17.814 95.347 122.065 116.241 18.451 36.963 12.133 115.270 17.588 11.487
11.411 95.947 34.941 34.941 115.579 22.111 101.960 22.047 23.807 24.793 17.015 22.982 16.353 41.224 24.353 121.463 22.788 14.851 41.179 123.203 36.957 25.540 23.633 42.450 9.943 25.752 40.523 28.430 49.190 100.572 20.071 101.909 38.622 38.133 121.815 100.398 23.480 39.531 16.995 6.439 22.768 120.115 41.257 121.047 39.278 40.666 51.839 117.160 11.312 25.193 15.198 22.082 17.203 21.117 39.197 10.636 21.441 23.398 120.980 23.391 102.692 41.634 21.748 40.490 101.060 25.692 22.599 25.973 16.677 28.910 23.906 22.267 21.422 17.100 22.690 0.000 38.075 20.746 28.816 10.213 22.099 16.901 20.314 10.119 101.077 127.794 121.970 25.917 42.691 20.103 120.999 21.253 22.563
25.978 73.688 7.940 7.940 93.320 36.027 79.702 35.091 32.394 36.278 35.186 36.898 35.368 14.223 35.326 99.205 34.851 41.683 14.178 100.944 7.074 37.835 33.909 15.361 39.506 39.239 13.521 42.111 24.184 78.314 30.444 79.650 11.621 11.132 99.558 78.141 35.560 8.059 41.521 37.113 37.457 97.856 14.256 98.788 10.014 13.665 26.834 94.901 35.918 38.224 42.449 36.011 27.575 36.521 6.122 37.106 37.236 35.384 98.721 37.686 80.435 14.633 36.551 13.489 78.801 37.988 35.644 39.004 35.690 42.431 34.428 38.381 34.286 36.586 33.392 36.330 0.000 35.723 42.339 36.040 35.143 40.691 28.735 34.727 78.818 105.535 99.712 42.557 15.690 38.518 98.740 31.624 37.250
12.776 92.739 31.736 31.736 112.372 7.362 98.753 8.337 19.791 11.081 18.380 7.542 11.868 38.017 10.642 118.256 22.248 16.358 37.972 119.995 33.749 11.829 21.309 39.245 18.150 13.233 37.315 17.389 39.495 97.365 18.930 98.701 35.416 34.926 118.610 97.192 9.768 36.323 15.524 17.288 11.078 116.908 38.050 117.840 36.073 37.458 40.601 113.953 16.093 13.502 17.038 6.336 16.060 9.427 35.989 17.281 9.749 7.957 117.772 11.699 99.487 38.427 23.950 37.283 97.853 11.981 8.890 14.282 9.537 17.710 10.196 7.659 8.000 22.875 9.143 16.505 34.868 0.000 17.617 16.215 8.389 13.554 16.134 14.902 97.869 124.587 118.763 17.835 39.485 7.795 117.792 20.110 10.872
21.710 99.986 38.980 38.980 119.617 18.335 106.000 16.119 27.038 15.459 28.163 19.206 21.653 45.264 15.019 125.501 29.495 24.465 45.218 127.242 40.994 15.644 28.553 46.489 26.258 13.518 44.562 7.050 47.949 104.610 26.174 105.948 42.661 42.171 125.855 104.437 16.124 43.568 23.632 27.071 12.575 124.154 45.296 125.085 43.318 44.705 49.054 121.198 25.878 11.257 25.146 18.321 23.307 14.796 43.236 25.517 13.843 19.622 125.019 11.155 106.731 45.673 31.195 44.529 105.097 15.040 14.841 9.130 19.322 7.461 14.572 19.859 18.939 31.230 18.043 26.290 42.112 17.619 0.000 25.999 16.384 21.662 23.379 24.686 105.116 131.832 126.008 8.497 46.730 17.756 125.038 27.356 11.750
9.538 94.072 33.068 33.068 113.705 20.175 100.086 20.113 22.098 22.858 15.140 21.046 14.480 39.350 22.417 119.588 22.390 14.428 39.304 121.328 35.082 23.606 23.235 40.577 11.348 23.817 38.648 26.495 47.315 98.698 18.198 100.034 36.749 36.259 119.942 98.525 21.545 37.656 14.265 8.955 20.834 118.240 39.382 119.173 37.405 38.791 49.964 115.285 7.760 23.259 15.192 20.161 15.329 19.183 37.322 9.849 19.505 21.462 119.105 21.455 100.819 39.759 21.350 38.615 99.185 23.756 20.665 24.038 14.802 26.974 21.971 20.392 19.547 16.703 20.756 8.172 36.200 18.871 26.882 0.000 20.164 14.171 18.439 6.569 99.202 125.919 120.096 23.983 40.818 18.230 119.124 19.378 20.629
15.479 93.753 32.750 32.750 113.386 9.843 99.767 6.473 20.805 9.219 22.608 10.713 16.098 39.031 8.779 119.270 23.262 18.241 38.986 121.009 34.764 9.966 22.322 40.259 20.032 11.370 38.329 16.079 40.510 98.379 19.944 99.715 36.430 35.940 119.624 98.206 7.773 37.337 17.406 21.442 9.767 117.922 39.064 118.854 37.087 38.472 41.614 114.967 20.233 12.192 18.920 9.827 17.074 7.903 37.003 19.291 9.143 11.130 118.786 10.564 100.501 39.441 24.964 38.297 98.867 10.118 7.025 12.972 13.766 16.398 8.332 12.198 11.009 24.998 10.288 20.661 35.882 9.540 16.306 19.791 0.000 15.436 17.149 19.131 98.883 125.601 119.777 16.525 40.499 12.225 118.806 21.124 9.560
19.240 103.775 42.770 42.770 123.406 22.052 109.789 21.988 30.073 24.734 24.842 22.923 24.182 49.053 24.295 129.290 29.054 16.522 49.008 131.031 44.784 25.482 29.899 50.279 13.953 25.693 48.351 28.371 53.018 108.399 27.899 109.737 46.451 45.960 129.644 108.227 23.421 47.358 17.932 16.496 22.710 127.944 49.086 128.874 47.107 48.494 54.123 124.987 17.996 25.134 17.203 22.037 25.030 21.059 47.025 17.168 21.383 23.339 128.808 23.333 110.521 49.463 28.014 48.319 108.887 25.634 22.541 25.914 22.333 28.851 23.847 23.139 23.217 23.366 22.632 15.715 45.902 20.899 28.758 18.576 22.040 0.000 28.143 17.948 108.905 135.621 129.797 25.859 50.520 21.036 128.828 29.080 22.505
12.018 91.455 30.450 30.450 111.088 24.236 97.469 23.300 13.316 24.487 14.789 25.107 19.433 36.733 23.535 116.972 11.114 24.539 36.688 118.711 32.465 26.044 14.230 37.959 19.733 27.448 36.031 30.320 44.698 96.081 19.732 97.417 34.130 33.642 117.324 95.906 23.769 35.039 24.503 20.581 25.666 115.624 36.766 116.556 34.787 36.174 46.837 112.669 20.035 26.433 24.886 24.221 16.863 24.730 34.705 20.087 25.445 23.593 116.488 25.895 98.201 37.143 12.816 35.998 96.568 26.197 23.853 27.213 19.755 30.640 22.637 25.345 22.495 12.849 21.601 19.798 33.583 23.824 30.548 18.735 23.352 24.409 0.000 18.842 96.585 123.303 117.479 30.766 38.199 23.183 116.508 20.912 25.459
10.130 94.663 33.660 33.660 114.296 21.527 100.677 21.545 22.689 24.289 15.732 21.864 15.071 39.941 23.850 120.180 23.050 14.637 39.896 121.919 35.674 25.037 23.896 41.169 9.780 25.250 39.239 27.928 47.907 99.289 18.789 100.625 37.340 36.850 120.534 99.116 22.976 38.248 16.301 7.386 22.267 118.832 39.974 119.764 37.997 39.382 50.556 115.877 6.192 24.691 14.984 20.799 15.920 20.616 37.913 8.883 20.938 22.280 119.696 22.888 101.411 40.351 22.011 39.207 99.776 25.189 22.098 25.471 15.394 28.407 23.404 20.983 20.139 17.363 22.189 6.603 36.791 19.462 28.313 9.466 21.597 16.209 19.031 0.000 99.793 126.511 120.687 25.414 41.409 18.822 119.716 19.970 22.060
88.572 1.872 69.375 69.375 28.288 98.620 8.136 97.684 94.986 98.870 97.778 99.491 97.960 73.981 97.920 34.172 97.443 104.277 73.935 35.911 77.774 100.429 96.503 75.924 102.100 101.833 72.216 104.703 77.020 7.938 93.036 7.834 75.645 74.904 34.526 7.236 98.154 80.244 104.115 99.705 100.049 32.824 73.403 33.756 76.049 73.813 79.669 29.869 98.512 100.817 105.041 98.604 90.167 99.114 80.014 99.698 99.828 97.976 33.688 100.280 8.618 73.328 99.143 72.746 6.985 100.580 98.236 101.597 98.284 105.025 97.020 100.975 96.880 99.178 95.984 98.922 78.892 98.317 104.931 98.633 97.736 103.284 91.329 97.320 0.000 40.503 34.679 105.149 76.704 101.112 33.708 94.216 99.844
114.482 34.525 95.286 95.286 8.629 124.531 40.789 123.595 120.898 124.782 123.690 125.402 123.872 99.891 123.830 14.133 123.355 130.187 99.845 14.045 103.686 126.339 122.413 101.834 128.010 127.743 98.128 130.615 102.932 40.568 118.948 38.326 101.555 100.814 14.867 39.645 124.064 106.156 130.025 125.617 125.961 15.292 99.315 12.657 101.960 99.724 105.581 22.923 124.422 126.728 130.953 124.516 116.078 125.025 105.926 125.610 125.740 123.888 17.155 126.190 41.273 99.240 125.055 98.656 38.117 126.492 124.148 127.508 124.194 130.935 122.932 126.885 122.790 125.090 121.896 124.834 104.804 124.227 130.843 124.544 123.647 129.195 117.239 123.231 39.775 0.000 15.020 131.061 102.614 127.022 12.705 120.128 125.754
108.892 28.935 89.696 89.696 1.397 118.941 35.199 118.005 115.308 119.192 118.100 119.812 118.282 94.301 118.240 7.818 117.765 124.597 94.255 9.638 98.096 120.749 116.823 96.244 122.420 122.153 92.538 125.025 97.342 34.978 113.358 32.736 95.965 95.224 6.827 34.055 118.474 100.566 124.435 120.027 120.371 10.119 93.725 8.208 96.370 94.135 99.991 17.333 118.832 121.138 125.363 118.926 110.489 119.435 100.335 120.020 120.150 118.298 10.937 120.600 35.683 93.650 119.465 93.066 32.528 120.901 118.558 121.918 118.604 125.345 117.342 121.295 117.200 119.500 116.306 119.244 99.214 118.637 125.253 118.954 118.057 123.606 111.649 117.641 34.185 15.111 0.000 125.471 97.024 121.432 8.162 114.538 120.164
21.860 100.135 39.130 39.130 119.766 18.370 106.149 16.154 27.187 15.494 28.198 19.242 21.688 45.413 15.053 125.650 29.644 21.891 45.368 127.391 41.144 15.794 28.703 46.639 23.684 13.667 44.711 7.513 48.099 104.759 26.324 106.097 42.811 42.320 126.004 104.587 16.158 43.718 21.058 25.094 12.609 124.304 45.446 125.234 43.467 44.854 49.204 121.347 23.885 10.119 22.572 18.355 23.456 14.831 43.385 22.943 13.752 19.657 125.168 11.305 106.881 45.823 31.345 44.679 105.247 15.189 14.876 9.345 19.356 8.822 14.607 19.894 18.972 31.380 18.078 24.312 42.262 17.653 8.475 23.443 16.418 19.088 23.529 23.548 105.265 131.981 126.157 0.000 46.880 17.789 125.188 27.506 11.783
29.907 71.431 4.242 4.242 91.062 39.954 77.445 39.018 36.321 40.207 39.115 40.825 39.297 9.764 39.255 96.946 38.778 45.612 9.719 98.687 14.143 41.764 37.838 13.054 43.434 43.168 11.263 46.038 21.926 76.055 34.371 77.393 11.402 11.273 97.300 75.883 39.489 16.613 45.450 41.040 41.384 95.600 9.797 96.530 12.419 11.406 24.575 92.643 39.846 42.151 46.376 39.940 31.503 40.448 16.384 41.033 41.163 39.311 96.464 41.614 78.177 12.375 40.480 9.030 76.543 41.916 39.571 42.931 39.619 46.360 38.355 42.310 38.215 40.513 37.321 40.259 15.261 39.652 46.266 39.967 39.070 44.620 32.664 38.654 76.561 103.277 97.453 46.486 0.000 42.447 96.484 35.553 41.179
12.055 94.861 33.856 33.856 114.494 10.087 100.875 10.587 21.913 13.219 17.658 10.268 11.146 40.139 12.778 120.378 24.370 16.431 40.094 122.117 35.871 14.081 23.430 41.365 18.224 14.135 39.437 17.463 41.617 99.487 20.714 100.823 37.536 37.048 120.730 99.312 12.020 38.445 15.598 16.566 11.152 119.030 40.172 119.962 38.193 39.580 42.722 116.075 15.371 13.576 17.112 9.062 17.847 9.501 38.111 16.560 9.823 10.684 119.894 11.773 101.607 40.548 24.301 39.404 99.974 14.233 11.140 14.356 8.816 17.783 12.332 9.885 9.943 22.154 11.231 15.784 36.989 7.726 17.691 15.494 10.639 13.628 18.256 14.181 99.991 126.709 120.885 17.909 41.605 0.000 119.913 21.896 10.945
107.774 27.817 88.578 88.578 1.764 117.823 34.081 116.887 114.190 118.074 116.982 118.694 117.164 93.183 117.122 7.266 116.647 123.479 93.137 9.037 96.978 119.631 115.705 95.126 121.302 121.035 91.420 123.907 96.224 33.860 112.240 31.618 94.847 94.106 8.000 32.937 117.356 99.448 123.317 118.909 119.253 8.584 92.607 5.048 95.252 93.017 98.873 16.215 117.714 120.020 124.245 117.808 109.370 118.317 99.218 118.902 119.032 117.180 10.447 119.482 34.565 92.532 118.347 91.948 31.410 119.784 117.440 120.800 117.486 124.227 116.224 120.177 116.082 118.382 115.188 118.126 98.096 117.519 124.135 117.836 116.939 122.487 110.531 116.523 33.067 12.933 8.155 124.353 95.906 120.314 0.000 113.420 119.046
6.081 89.977 28.973 28.973 109.609 23.633 95.991 22.697 18.003 23.885 16.083 24.504 19.138 35.255 22.934 115.494 20.460 25.453 35.209 117.233 30.987 25.442 19.518 36.482 23.275 26.846 34.553 29.717 43.220 94.603 6.252 95.939 32.654 32.163 115.847 94.430 23.168 33.561 25.290 20.882 25.063 114.145 35.287 115.078 33.310 34.696 45.869 111.191 19.687 25.830 26.219 23.619 11.233 24.127 33.227 20.876 24.842 22.989 115.010 25.293 96.724 35.664 22.160 34.520 95.090 25.595 23.249 26.610 19.460 30.038 22.034 25.050 21.893 22.195 20.999 20.099 32.105 23.330 29.944 19.810 22.749 25.198 14.344 18.497 95.107 121.825 116.001 30.164 36.723 22.888 115.029 0.000 24.858
15.812 94.760 33.755 33.755 114.391 11.587 100.774 9.371 21.812 8.709 21.415 12.458 14.903 40.038 8.270 120.275 24.269 17.717 39.992 122.016 35.768 9.596 23.327 41.264 19.508 9.281 39.336 11.517 41.514 99.384 20.948 100.722 37.435 36.945 120.628 99.211 9.375 38.342 16.882 20.323 5.825 118.928 40.070 119.859 38.091 39.479 42.619 115.972 19.128 7.630 18.396 11.572 18.081 8.046 38.010 18.767 7.649 12.874 119.793 6.920 101.505 40.447 25.969 39.303 99.871 9.748 8.091 8.410 12.573 11.838 7.824 13.109 12.189 25.911 11.295 19.541 36.886 10.869 11.744 19.251 9.634 14.912 18.153 17.938 99.890 126.606 120.782 11.964 41.504 11.006 119.812 22.130 0.000
0.0000 90.2459 20.5624 20.5624 106.6437 7.9515 90.5399 9.3755 5.9702 9.9328 1.5880 8.0142 4.2436 21.4944 9.7967 106.6887 7.1044 6.7120 21.4854 108.0349 18.7785 10.6826 6.8897 21.9159 6.5532 10.6304 21.6638 14.9632 29.9331 89.7034 2.1035 91.0857 19.6605 19.8128 106.8886 89.7763 9.3814 19.8392 8.2663 5.1984 9.2465 106.3773 21.4864 107.2972 20.5216 21.3799 31.0683 102.4759 4.5350 13.3214 7.3541 7.5322 1.8092 8.3094 19.4603 5.0577 8.4281 8.8697 105.9763 9.7369 90.8867 21.8921 6.1052 21.4377 90.4490 10.7794 9.9857 13.6437 4.5499 14.6591 9.3336 6.8462 7.8065 6.0405 8.1635 4.9659 19.2623 7.1154 14.8821 4.6905 9.3992 8.1923 4.4644 4.2908 90.0982 108.7873 106.9180 15.4488 21.2140 6.4120 107.2729 1.7974 9.3543
90.3104 0.0000 69.3502 69.3502 19.9602 93.5432 0.8103 93.5734 91.4665 94.1307 91.5504 94.0744 92.9480 68.8370 93.9946 20.0052 92.6007 95.4119 68.8280 21.3514 72.1406 94.8805 92.3859 69.3249 95.2532 95.7192 67.9153 99.1611 68.4451 0.8667 89.5487 1.0731 70.1706 69.9716 20.2052 0.7059 93.5793 73.1685 96.9662 93.8983 95.2647 19.6938 68.6197 20.6137 70.6804 68.6886 69.5803 15.7924 93.2349 97.5192 96.0540 93.8809 88.5407 94.4381 72.8224 93.7576 95.2609 93.0676 19.2928 97.1239 0.7216 68.1437 93.5008 68.5609 0.6613 94.9773 94.1836 97.8416 93.2543 98.8570 93.5315 94.5581 93.2058 94.8433 92.3614 93.6659 72.6244 94.0315 99.0800 93.3904 93.5971 98.2133 89.9607 92.9907 0.4831 22.1038 20.2345 99.6467 69.6438 94.7338 20.5894 89.7736 95.3725
21.7837 69.3870 0.0000 0.0000 85.7847 25.0164 69.6810 25.0467 22.9397 25.6039 23.0237 25.5477 24.4213 0.9335 25.4678 85.8298 24.0739 26.8852 0.9246 87.1759 3.4548 26.3538 23.8592 2.0366 26.7264 27.1924 1.7845 30.6344 8.5488 68.8444 21.0220 70.2268 1.1596 1.2858 86.0297 68.9173 25.0526 4.4827 28.4395 25.3716 26.7379 85.5183 0.9255 86.4382 1.9946 1.5006 9.6840 81.6169 24.7082 28.9925 27.5272 25.3542 20.0140 25.9114 4.1366 25.2309 26.7342 24.5408 85.1173 28.5972 70.0277 2.0128 24.9740 0.8769 69.5901 26.4506 25.6569 29.3149 24.7276 30.3303 25.0048 26.0313 24.6790 26.3165 23.8347 25.1391 3.9386 25.5048 30.5533 24.8636 25.0704 29.6866 21.4339 24.4640 69.2393 87.9283 86.0590 31.1199 1.0043 26.2071 86.4139 21.2469 26.8457
21.7837 69.3870 0.0000 0.0000 85.7847 25.0164 69.6810 25.0467 22.9397 25.6039 23.0237 25.5477 24.4213 0.9335 25.4678 85.8298 24.0739 26.8852 0.9246 87.1759 3.4548 26.3538 23.8592 2.0366 26.7264 27.1924 1.7845 30.6344 8.5488 68.8444 21.0220 70.2268 1.1596 1.2858 86.0297 68.9173 25.0526 4.4827 28.4395 25.3716 26.7379 85.5183 0.9255 86.4382 1.9946 1.5006 9.6840 81.6169 24.7082 28.9925 27.5272 25.3542 20.0140 25.9114 4.1366 25.2309 26.7342 24.5408 85.1173 28.5972 70.0277 2.0128 24.9740 0.8769 69.5901 26.4506 25.6569 29.3149 24.7276 30.3303 25.0048 26.0313 24.6790 26.3165 23.8347 25.1391 3.9386 25.5048 30.5533 24.8636 25.0704 29.6866 21.4339 24.4640 69.2393 87.9283 86.0590 31.1199 1.0043 26.2071 86.4139 21.2469 26.8457
106.7991 19.5938 85.8389 85.8389 0.0000 110.0318 20.3232 110.0620 107.9551 110.6193 108.0391 110.5630 109.4366 85.3256 110.4832 0.3549 109.0893 111.9006 85.3166 1.0276 88.6292 111.3691 108.8746 85.8135 111.7418 112.2078 84.4040 115.6498 84.9337 20.2448 106.0373 19.6271 86.6593 86.4602 0.2449 19.5894 110.0679 89.6571 113.4549 110.3870 111.7533 1.6883 85.1084 0.9278 87.1690 85.1772 86.0689 5.6385 109.7236 114.0079 112.5426 110.3696 105.0294 110.9267 89.3111 110.2463 111.7496 109.5562 1.3036 113.6126 20.2346 84.6323 109.9894 85.0495 18.9325 111.4660 110.6723 114.3303 109.7430 115.3457 110.0201 111.0467 109.6944 111.3319 108.8501 110.1545 89.1131 110.5202 115.5687 109.8790 110.0857 114.7020 106.4493 109.4794 19.5266 2.4179 0.2743 116.1353 86.1325 111.2225 0.9035 106.2623 111.8611
7.9267 94.2062 24.5227 24.5227 110.6040 0.0000 94.5002 1.3182 9.7002 2.8303 7.3555 0.7432 4.5383 25.4547 3.0599 110.6490 10.8344 7.3743 25.4458 111.9952 22.7388 3.1870 10.6196 25.8762 7.8835 4.0257 25.6241 6.5677 27.0621 93.6637 7.9672 95.0460 23.6209 23.7732 110.8490 93.7366 2.0591 23.7996 7.2606 7.5821 3.5712 110.3376 25.4467 111.2575 24.4820 25.3403 27.0868 106.4362 6.9187 4.9259 7.4109 0.5498 6.9592 2.1829 23.4207 8.1266 2.9873 1.4231 109.9366 4.0616 94.8470 25.8525 11.7345 25.3981 94.4093 3.2839 1.9285 5.2483 3.4502 6.2636 2.9338 1.2269 1.7836 13.0770 1.9125 7.3496 23.2226 0.7004 6.4866 7.0741 1.3419 5.9397 8.1944 6.6745 94.0586 112.7476 110.8783 7.0533 25.1743 1.4027 111.2332 8.1921 3.6790
90.5852 0.8103 69.6250 69.6250 20.6896 93.8180 0.0000 93.8482 91.7413 94.4055 91.8253 94.3492 93.2228 69.1118 94.2694 20.7347 92.8755 95.6867 69.1028 22.0808 72.4154 95.1553 92.6607 69.5997 95.5280 95.9940 68.1901 99.4359 68.7199 1.3556 89.8235 1.5621 70.4454 70.2464 20.9346 1.4353 93.8541 73.4433 97.2410 94.1731 95.5395 20.4232 68.8946 21.3431 70.9552 68.9634 69.8551 16.5218 93.5097 97.7941 96.3288 94.1558 88.8156 94.7129 73.0973 94.0324 95.5358 93.3424 20.0222 97.3987 0.4403 68.4185 93.7756 68.8357 1.3907 95.2522 94.4584 98.1165 93.5291 99.1319 93.8063 94.8329 93.4806 95.1181 92.6362 93.9407 72.8992 94.3063 99.3548 93.6652 93.8719 98.4882 90.2355 93.2655 1.2125 22.8332 20.9639 99.9215 69.9186 95.0087 21.3188 90.0484 95.6473
8.7650 94.2423 24.5587 24.5587 110.6400 1.0834 94.5363 0.0000 9.7362 1.6796 8.2269 1.6146 5.4097 25.4908 1.9092 110.6851 10.8704 7.3779 25.4818 112.0312 22.7748 2.0363 10.6557 25.9123 7.8871 2.8750 25.6602 5.4170 27.0982 93.6997 8.0032 95.0821 23.6569 23.8092 110.8850 93.7726 0.9084 23.8356 7.2642 9.3411 2.4204 110.3737 25.4827 111.2935 24.5180 25.3763 27.1228 106.4723 8.4813 3.7751 7.4145 1.4212 6.9953 1.0322 23.4567 8.1302 1.6753 2.2945 109.9726 2.9108 94.8830 25.8885 11.7705 25.4341 94.4454 2.1331 0.7777 4.0975 4.3216 5.1129 1.7830 2.0983 2.6549 13.1130 1.9952 9.1086 23.2587 1.5718 5.3359 8.4285 0.2202 5.9433 8.2304 7.5458 94.0946 112.7836 110.9143 5.9025 25.2104 2.2741 111.2692 8.2281 2.5282
7.7083 91.8956 22.2120 22.2120 108.2933 10.6825 92.1896 10.7127 0.0000 11.2700 5.4439 11.2137 8.1216 23.1440 11.1339 108.3384 1.2377 11.3240 23.1351 109.6845 20.4281 12.0198 1.0401 23.5655 9.6798 12.8585 23.3134 16.3005 31.5828 91.3530 6.9466 92.7353 21.3102 21.4625 108.5383 91.4259 10.7186 21.4889 12.2175 9.8146 12.4040 108.0269 23.1360 108.9468 22.1713 23.0296 31.3406 104.1255 8.4130 14.6586 10.6491 11.0203 5.9386 11.5774 21.1100 9.0089 12.4003 10.2069 107.6259 14.2633 92.5363 23.5418 1.9167 23.0874 92.0987 12.1167 11.3230 14.9810 8.4279 15.9964 10.6708 11.6974 10.3451 4.6935 9.5008 9.5822 20.9119 11.1709 16.2194 8.6638 10.7364 15.3527 8.5939 8.1688 91.7479 110.4369 108.5676 16.7860 22.8637 11.8732 108.9225 7.1715 12.5118
9.3363 94.8136 25.1300 25.1300 111.2114 2.5955 95.1076 1.6796 10.3075 0.0000 9.6914 3.1267 6.8742 26.0621 0.7253 111.2564 11.4417 8.8900 26.0531 112.6025 23.3461 1.2456 11.2270 26.4836 9.3992 2.0842 26.2315 4.6262 27.6695 94.2710 8.5745 95.6534 24.2282 24.3805 111.4563 94.3439 1.1372 24.4069 8.7763 9.9180 1.6297 110.9450 26.0540 111.8649 25.0893 25.9476 27.6941 107.0436 9.2545 2.9844 8.9266 2.9333 7.5666 2.0185 24.0280 9.6423 2.4271 3.2713 110.5439 2.1201 95.4543 26.4598 12.3418 26.0054 95.0167 1.3424 1.0504 3.3068 5.7861 4.3222 0.5992 3.6104 3.4095 13.6843 2.5651 9.6855 23.8300 3.0839 4.5452 9.9406 1.7323 7.4554 8.8017 9.0103 94.6659 113.3550 111.4856 5.1118 25.7817 4.1822 111.8405 8.7995 1.7375
1.7826 92.0382 22.3546 22.3546 108.4359 6.7449 92.3322 7.4778 7.7625 9.0808 0.0000 6.8076 3.0370 23.2867 9.3103 108.4810 5.9552 5.5054 23.2777 109.8271 20.5707 9.3466 6.1084 23.7082 5.3467 9.4238 23.4560 11.0364 31.7254 91.4956 3.8861 92.8779 21.4528 21.6051 108.6809 91.5685 8.2187 21.6315 7.0597 3.9918 8.0399 108.1695 23.2786 109.0894 22.3139 23.1722 32.8605 104.2681 3.3284 9.3946 6.1475 6.3256 3.6014 7.1028 21.2526 3.8511 7.2215 7.4874 107.7685 8.5303 92.6789 23.6844 5.2139 23.2300 92.2413 9.4435 8.0881 9.7170 3.3433 10.7324 9.1842 5.6396 6.5999 5.1492 7.5958 3.7594 21.0545 5.9088 10.9553 3.4839 7.5015 6.9857 6.2567 3.0842 91.8905 110.5795 108.7102 11.5220 23.0063 5.2054 109.0651 3.5800 8.1477
7.9894 94.1180 24.4344 24.4344 110.5157 0.7432 94.4120 1.6146 9.6119 3.1267 7.4182 0.0000 4.6010 25.3665 3.3563 110.5608 10.7461 7.6707 25.3575 111.9069 22.6505 3.4834 10.5314 25.7880 8.1799 4.3221 25.5359 6.8641 26.9739 93.5754 7.8789 94.9578 23.5326 23.6849 110.7607 93.6483 2.3555 23.7113 7.5570 7.6447 3.8676 110.2494 25.3584 111.1692 24.3937 25.2520 26.9985 106.3480 6.9813 5.2223 7.7073 0.6125 6.8710 2.4793 23.3324 8.4230 3.2837 1.1947 109.8483 4.3580 94.7587 25.7642 11.6462 25.3098 94.3211 3.5803 2.2249 5.5447 3.5129 6.5601 3.2302 1.2896 1.1163 12.9887 1.6310 7.4123 23.1344 0.7631 6.7830 7.1368 1.6383 6.2361 8.1061 6.7371 93.9703 112.6593 110.7900 7.3497 25.0861 1.4654 111.1449 8.1039 3.9754
4.2188 93.5554 23.8718 23.8718 109.9532 4.5383 93.8494 5.2713 9.2797 6.8742 3.6476 4.6010 0.0000 24.8039 7.1038 109.9982 8.0146 5.3878 24.7949 111.3443 22.0879 7.1401 10.1991 25.2254 5.2290 7.2173 24.9733 8.8299 30.7322 93.0128 6.1266 94.3952 22.9700 23.1223 110.1981 93.0857 6.0122 23.1487 6.9421 3.8742 5.8333 109.6868 24.7958 110.6066 23.8311 24.6894 30.7568 105.7854 3.2108 7.1880 6.0299 4.1191 5.1186 4.8963 22.7698 3.7335 5.0149 5.2809 109.2857 6.3237 94.1961 25.2016 7.2733 24.7472 93.7585 7.2369 5.8815 7.5104 1.1368 8.5258 6.9777 3.4330 4.3933 7.1066 5.3893 3.6417 22.5718 3.7022 8.7488 3.3663 5.2950 6.8681 7.7739 2.9666 93.4077 112.0967 110.2274 9.3154 24.5235 2.9988 110.5823 6.3515 5.9411
22.7173 68.8736 0.9335 0.9335 85.2713 25.9500 69.1676 25.9803 23.8733 26.5375 23.9573 26.4813 25.3549 0.0000 26.4014 85.3163 25.0075 27.8188 0.0090 86.6625 4.3884 27.2874 24.7928 2.3273 27.6600 28.1261 1.2710 31.5680 8.0354 68.3310 21.9556 69.7133 1.7268 2.2194 85.5163 68.4039 25.9862 5.4163 29.3731 26.3052 27.6715 85.0049 0.2100 85.9248 2.9282 1.6909 9.1706 81.1035 25.6418 29.9261 28.4608 26.2878 20.9476 26.8450 5.0702 26.1645 27.6678 25.4744 84.6039 29.5308 69.5143 1.4994 25.9076 0.2761 69.0767 27.3842 26.5905 30.2485 25.6612 31.2639 25.9384 26.9649 25.6126 27.2501 24.7683 26.0727 4.8722 26.4384 31.4869 25.7972 26.0040 30.6202 22.3675 25.3976 68.7259 87.4149 85.5456 32.0535 1.1396 27.1407 85.9005 22.1805 27.7794
9.2002 94.6775 24.9939 24.9939 111.0752 2.8251 94.9715 1.9092 10.1714 0.7253 9.9210 3.3563 7.1038 25.9260 0.0000 111.1203 11.3056 9.1196 25.9170 112.4664 23.2100 1.4751 11.0909 26.3475 9.6287 2.3138 26.0953 4.8558 27.5334 94.1349 8.4384 95.5172 24.0921 24.2444 111.3202 94.2078 1.0011 24.2708 9.0059 10.1475 1.8593 110.8089 25.9179 111.7287 24.9532 25.8115 27.5580 106.9074 9.4841 3.2140 9.1562 3.1629 7.4305 2.2480 23.8919 9.8719 2.6566 3.1352 110.4078 2.3497 95.3182 26.3237 12.2057 25.8693 94.8806 1.5720 1.2800 3.5363 6.0157 4.5517 0.4631 3.8400 3.2734 13.5482 2.4290 9.9151 23.6938 3.3134 4.7747 10.1702 1.9619 7.6850 8.6656 9.2399 94.5298 113.2188 111.3495 5.3414 25.6456 4.4117 111.7044 8.6633 1.9671
106.8441 19.6388 85.8839 85.8839 0.3549 110.0769 20.3683 110.1071 108.0001 110.6644 108.0841 110.6081 109.4817 85.3706 110.5282 0.0000 109.1343 111.9456 85.3617 0.7974 88.6742 111.4142 108.9196 85.8586 111.7868 112.2529 84.4490 115.6948 84.9788 20.2898 106.0824 19.6721 86.7043 86.5052 0.5998 19.6344 110.1130 89.7022 113.4999 110.4320 111.7983 1.6397 85.1534 0.8792 87.2140 85.2222 86.1139 5.6835 109.7686 114.0529 112.5876 110.4146 105.0744 110.9718 89.3561 110.2913 111.7946 109.6012 1.3486 113.6576 20.2796 84.6773 110.0344 85.0945 18.9776 111.5110 110.7173 114.3753 109.7880 115.3907 110.0652 111.0917 109.7394 111.3769 108.8951 110.1995 89.1581 110.5652 115.6137 109.9241 110.1308 114.7470 106.4944 109.5244 19.5717 2.3693 0.6292 116.1803 86.1775 111.2675 0.8549 106.3073 111.9062
6.7034 92.6943 23.0108 23.0108 109.0921 11.4813 92.9883 11.5115 1.2377 12.0688 5.2801 12.0125 7.9578 23.9428 11.9327 109.1371 0.0000 11.1602 23.9339 110.4833 21.2269 12.8186 1.2216 24.3643 9.5160 13.6573 24.1122 17.0992 32.3815 92.1518 7.7454 93.5341 22.1089 22.2613 109.3371 92.2247 11.5174 22.2876 12.0537 9.6508 13.2028 108.8257 23.9348 109.7456 22.9700 23.8283 32.1394 104.9243 8.2492 15.4574 10.4853 11.8191 6.7374 12.3762 21.9087 8.8451 13.1991 11.0057 108.4247 15.0621 93.3351 24.3406 1.4736 23.8862 92.8974 12.9155 12.1218 15.7798 8.2641 16.7952 11.4696 12.4962 11.1439 4.5297 10.2996 9.4184 21.7107 11.9696 17.0182 8.5000 11.5352 11.9797 9.3927 8.0050 92.5466 111.2357 109.3664 17.5848 23.6624 10.1262 109.7213 7.9703 13.3106
7.5553 96.8919 27.2084 27.2084 113.2897 6.2072 97.1859 6.5247 11.1825 8.0368 6.9842 6.7384 7.1576 28.1404 8.2664 113.3347 11.0132 0.0000 28.1314 114.6809 25.4245 8.3935 11.1664 28.5619 2.7230 8.4707 28.3098 8.2861 32.2481 96.3494 9.4631 97.7317 26.3065 26.4588 113.5346 96.4223 7.2656 26.4852 3.7867 4.1518 7.0868 113.0233 28.1324 113.9432 27.1676 28.0259 32.2727 109.1219 3.2921 8.4414 0.2164 6.5450 8.4552 6.1497 26.1063 2.9409 6.2683 7.4182 112.6223 7.5772 97.5327 28.5381 10.2719 28.0837 97.0950 8.4904 7.1349 8.7638 6.0695 8.1772 8.1403 6.3196 7.7787 7.9111 7.1190 3.9194 25.9083 5.9745 8.4002 3.2393 6.5484 3.7127 11.1104 3.5114 96.7442 115.4333 113.5640 7.2983 27.8600 5.7593 113.9189 9.6881 7.1946
22.7083 68.8646 0.9246 0.9246 85.2623 25.9411 69.1586 25.9713 23.8644 26.5286 23.9484 26.4723 25.3459 0.0090 26.3925 85.3074 24.9986 27.8098 0.0000 86.6535 4.3794 27.2784 24.7838 2.3183 27.6511 28.1171 1.2621 31.5590 8.0264 68.3220 21.9466 69.7044 1.7178 2.2104 85.5073 68.3949 25.9772 5.4073 29.3641 26.2962 27.6626 84.9960 0.2011 85.9158 2.9192 1.6820 9.1616 81.0946 25.6328 29.9172 28.4519 26.2789 20.9386 26.8360 5.0613 26.1555 27.6589 25.4655 84.5949 29.5218 69.5053 1.4904 25.8987 0.2671 69.0677 27.3752 26.5815 30.2396 25.6522 31.2550 25.9294 26.9560 25.6037 27.2412 24.7593 26.0638 4.8632 26.4294 31.4779 25.7883 25.9950 30.6112 22.3586 25.3886 68.7169 87.4059 85.5366 32.0446 1.1307 27.1318 85.8915 22.1715 27.7704
107.7340 20.5287 86.7738 86.7738 1.0276 110.9667 21.2581 110.9969 108.8900 111.5542 108.9740 111.4979 110.3715 86.2605 111.4181 0.7358 110.0242 112.8355 86.2516 0.0000 89.5641 112.3041 109.8095 86.7485 112.6767 113.1427 85.3389 116.5847 85.8686 21.1797 106.9722 20.5620 87.5942 87.3951 1.2522 20.5243 111.0028 90.5920 114.3898 111.3219 112.6882 1.9605 86.0433 1.4860 88.1039 86.1121 87.0038 6.5734 110.6585 114.9428 113.4775 111.3045 105.9643 111.8617 90.2460 111.1812 112.6845 110.4911 1.8397 114.5475 21.1695 85.5672 110.9243 85.9844 19.8674 112.4009 111.6072 115.2652 110.6779 116.2806 110.9551 111.9816 110.6293 112.2668 109.7850 111.0894 90.0480 111.4551 116.5036 110.8139 111.0207 115.6369 107.3842 110.4143 20.4615 1.9945 1.2816 117.0702 87.0674 112.1574 1.5103 107.1972 112.7960
20.0201 72.1616 3.4576 3.4576 88.5593 23.2529 72.4556 23.2831 21.1762 23.8404 21.2601 23.7841 22.6577 4.3897 23.7043 88.6044 22.3104 25.1216 4.3807 89.9505 0.0000 24.5902 22.0956 4.8112 24.9629 25.4289 4.5591 28.8708 11.3234 71.6190 19.2584 73.0013 2.5558 2.7081 88.8043 71.6919 23.2890 1.2966 26.6759 23.6080 24.9744 88.2929 4.3816 89.2128 2.2615 4.2752 12.4586 84.3915 22.9446 27.2289 25.7637 23.5906 18.2504 24.1478 0.9177 23.4673 24.9706 22.7773 87.8919 26.8336 72.8023 4.7874 23.2105 4.3330 72.3647 24.6870 23.8933 27.5513 22.9640 28.5667 23.2412 24.2678 22.9155 24.5529 22.0711 23.3756 0.7196 23.7412 28.7897 23.1001 23.3068 27.9230 19.6704 22.7004 72.0139 90.7029 88.8336 29.3564 4.1093 24.4435 89.1885 19.4833 25.0822
10.0861 95.5634 25.8799 25.8799 111.9612 2.9522 95.8574 2.0363 11.0573 1.2456 10.0481 3.4834 7.2309 26.8119 1.4751 112.0062 12.1915 9.2467 26.8029 113.3524 24.0959 0.0000 11.9768 27.2334 9.7559 1.3235 26.9813 4.0005 28.4193 95.0209 9.3244 96.4032 24.9780 25.1303 112.2061 95.0938 1.8871 25.1567 9.1330 10.2746 1.9864 111.6948 26.8039 112.6147 25.8391 26.6974 28.4439 107.7934 9.6112 2.3586 9.2833 3.2900 8.3164 2.3751 24.7778 9.9990 2.7837 4.1633 111.2937 1.3806 96.2042 27.2096 13.0917 26.7552 95.7665 0.4115 1.4071 2.6810 6.1428 3.6964 1.3490 3.9671 4.1593 14.4341 3.3150 10.0422 24.5798 3.4406 3.9194 10.2973 2.0890 7.8121 9.5516 9.3670 95.4157 114.1048 112.2355 4.4860 26.5315 4.5389 112.5904 9.5493 2.0942
6.8512 92.8150 23.1315 23.1315 109.2128 11.6020 93.1090 11.6322 1.0401 12.1895 5.4278 12.1332 8.1056 24.0635 12.0534 109.2578 1.2216 11.3079 24.0545 110.6039 21.3475 12.9393 0.0000 24.4850 9.6638 13.7780 24.2329 17.2199 32.5022 92.2725 7.8661 93.6548 22.2296 22.3819 109.4577 92.3454 11.6381 22.4083 12.2015 9.7986 13.3235 108.9464 24.0555 109.8663 23.0907 23.9490 32.2601 105.0450 8.3970 15.5781 10.6330 11.9398 6.8581 12.4969 22.0294 8.9929 13.3198 11.1264 108.5454 15.1827 93.4558 24.4612 1.1184 24.0068 93.0181 13.0361 12.2424 15.9005 8.4119 16.9159 11.5903 12.6169 11.2646 4.6775 10.4202 9.5661 21.8314 12.0903 17.1388 8.6478 11.6559 12.1274 9.5134 8.1528 92.6673 111.3564 109.4871 17.7055 23.7831 10.2739 109.8420 8.0910 13.4313
23.1559 69.3467 2.0366 2.0366 85.7445 26.3886 69.6408 26.4188 24.3119 26.9761 24.3959 26.9198 25.7934 2.4767 26.8400 85.7895 25.4461 28.2573 2.4677 87.1357 4.8269 27.7259 25.2313 0.0000 28.0986 28.5646 1.7442 32.0065 8.5086 68.8042 22.3941 70.1865 2.8570 2.6579 85.9895 68.8771 26.4247 4.7820 29.8116 26.7437 28.1101 85.4781 2.1100 86.3980 2.5303 0.9419 9.6438 81.5767 26.0803 30.3647 28.8994 26.7264 21.3862 27.2835 4.4173 26.6030 28.1064 25.9130 85.0771 29.9693 69.9875 1.9726 26.3462 2.0511 69.5498 27.8228 27.0291 30.6871 26.0997 31.7025 26.3769 27.4035 26.0512 27.6887 25.2069 26.5113 4.2193 26.8769 31.9255 26.2358 26.4425 31.0588 22.8061 25.8361 69.1991 87.8881 86.0188 32.4921 2.5696 27.5793 86.3737 22.6190 28.2179
6.1917 95.5282 25.8447 25.8447 111.9260 6.9963 95.8222 7.3138 10.1639 8.8259 5.6205 7.5275 6.0754 26.7767 9.0555 111.9710 9.9947 2.4253 26.7678 113.3172 24.0608 9.1826 10.1479 27.1982 0.0000 9.2598 26.9461 9.0752 35.2154 94.9857 8.0994 96.3680 24.9428 25.0952 112.1710 95.0586 8.0547 25.1215 4.5758 1.7279 7.8759 111.6596 26.7687 112.5795 25.8039 26.6622 33.0618 107.7582 2.1826 9.2305 1.7504 7.3341 7.0915 6.9388 24.7426 1.9217 7.0574 8.2073 111.2586 8.3663 96.1690 27.1745 9.2533 26.7201 95.7313 9.2794 7.9240 9.5529 6.3817 8.9663 8.9294 7.1087 8.5678 6.8926 7.9081 1.4954 24.5446 6.7636 9.1893 2.4845 7.3375 4.5018 9.7467 2.6760 95.3805 114.0696 112.2003 8.0874 26.4963 6.5484 112.5552 8.3244 7.9837
10.9248 96.4021 26.7186 26.7186 112.7999 3.7909 96.6961 2.8750 11.8960 2.0842 10.0344 4.3221 7.2173 27.6506 2.3138 112.8449 13.0302 9.3237 27.6416 114.1910 24.9346 1.3235 12.8155 28.0721 9.8329 0.0000 27.8200 3.5325 29.2580 95.8596 10.1630 97.2419 25.8167 25.9690 113.0448 95.9324 2.7257 25.9954 9.2100 10.2610 1.9728 112.5335 27.6425 113.4534 26.6778 27.5361 29.2826 108.6321 9.5976 1.8907 9.3603 4.1287 9.1551 2.9654 25.6165 10.0760 2.7701 5.0020 112.1324 0.8935 97.0428 28.0483 13.9303 27.5939 96.6052 0.9614 2.2458 2.2130 6.1291 3.2284 2.1877 4.8058 4.9980 15.2728 4.1536 10.0285 25.4185 4.2792 3.4514 9.7531 2.9277 7.8891 10.3902 9.3534 96.2544 114.9435 113.0741 4.0181 27.3702 4.5252 113.4291 10.3880 1.8783
23.8985 67.9371 2.7792 2.7792 84.3348 27.1312 68.2311 27.1614 25.0545 27.7187 25.1385 27.6624 26.5360 2.2660 27.5826 84.3798 26.1887 29.0000 2.2570 85.7260 5.5696 28.4686 25.9740 2.7539 28.8412 29.3072 0.0000 32.7492 7.0989 67.3945 23.1367 68.7768 3.5996 3.4006 84.5798 67.4674 27.1673 6.5975 30.5543 27.4864 28.8527 84.0684 2.0487 84.9883 4.1094 2.1176 8.2341 80.1670 26.8230 31.1073 29.6420 27.4690 22.1288 28.0262 6.2514 27.3457 28.8490 26.6556 83.6674 30.7120 68.5778 0.2284 27.0888 1.9898 68.1402 28.5654 27.7717 31.4297 26.8424 32.4451 27.1195 28.1461 26.7938 28.4313 25.9495 27.2539 6.0534 27.6196 32.6681 26.9784 27.1852 31.8014 23.5487 26.5788 67.7894 86.4784 84.6091 33.2347 3.0728 28.3219 84.9640 23.3617 28.9605
14.4864 99.9637 30.2802 30.2802 116.3615 6.3329 100.2577 5.4170 15.4576 4.6262 11.6470 6.8641 8.8299 31.2122 4.8558 116.4065 16.5918 10.9363 31.2032 117.7526 28.4962 3.9140 16.3771 31.6337 11.4455 3.4461 31.3816 0.0000 33.0828 99.4212 13.7246 100.8035 29.3783 29.5306 116.6064 99.4940 5.2677 29.5570 10.8226 11.8736 3.1190 116.0951 31.2041 117.0150 30.2394 31.0977 33.1075 112.1937 11.2102 2.1428 10.9729 6.6707 12.7167 4.5780 29.1781 11.6886 3.6774 7.5440 115.6940 2.5526 100.6044 31.6099 17.4919 31.1555 100.1668 4.0735 4.7878 1.5201 7.7417 0.7025 4.7297 6.6982 7.5400 18.8344 6.6956 11.6411 28.9801 6.3530 0.5158 11.3656 5.4697 9.5017 13.9518 10.9660 99.8160 118.5051 116.6357 0.9877 30.9318 6.1378 116.9906 13.9496 2.8887
30.0145 69.9323 8.5440 8.5440 86.3300 27.7186 70.2263 27.7488 31.1706 28.3061 31.2545 28.2498 32.6521 8.0308 28.1700 86.3751 32.3047 33.8234 8.0218 87.7212 11.3343 29.0559 32.0900 8.5187 34.3326 29.8946 7.1091 33.5685 0.0000 69.3897 29.2528 70.7720 9.3644 9.1654 86.5750 69.4626 27.7547 12.3623 33.7097 33.6024 29.4401 86.0636 7.8135 86.9835 9.8741 7.8824 1.1359 82.1622 32.9390 31.9266 33.8600 28.0564 28.2448 28.6135 12.0162 33.4617 29.4364 27.2430 85.6626 29.9305 70.5730 7.3375 33.2049 7.7546 70.1354 29.1528 28.3591 32.2490 30.6864 33.2644 27.7069 28.7335 27.3812 34.5473 26.5369 33.3700 11.8182 28.2070 33.4874 33.0945 27.7725 32.3888 29.6648 32.6948 69.7846 88.4736 86.6043 34.0540 8.8376 28.9093 86.9592 29.4777 29.5479
89.7679 0.8667 68.8077 68.8077 20.6112 93.0006 1.3556 93.0308 90.9239 93.5881 91.0079 93.5318 92.4054 68.2944 93.4520 20.6562 92.0581 94.8694 68.2855 22.0023 71.5980 94.3379 91.8434 68.7823 94.7106 95.1766 67.3728 98.6186 67.9025 0.0000 89.0061 1.6184 69.6281 69.4290 20.8561 0.6431 93.0367 72.6259 96.4237 93.3558 94.7221 20.3448 68.0772 21.2646 70.1378 68.1460 69.0377 16.4434 92.6924 96.9767 95.5114 93.3384 87.9982 93.8955 72.2799 93.2151 94.7184 92.5250 19.9437 96.5814 1.2669 67.6011 92.9582 68.0183 1.3159 94.4348 93.6411 97.2991 92.7118 98.3145 92.9889 94.0155 92.6632 94.3007 91.8189 93.1233 72.0818 93.4890 98.5375 92.8478 93.0545 97.6708 89.4181 92.4482 0.9651 22.7547 20.8854 99.1041 69.1013 94.1913 21.2403 89.2311 94.8299
2.0846 90.2526 20.5691 20.5691 106.6504 9.3520 90.5466 9.3822 5.9769 9.9395 3.6726 9.8832 6.1726 21.5011 9.8034 106.6954 7.1111 8.6366 21.4922 108.0416 18.7852 10.6893 6.8964 21.9226 8.4778 11.5280 21.6705 14.9699 29.9398 89.7101 0.0000 91.0924 19.6672 19.8196 106.8954 89.7830 9.3881 19.8459 10.1909 7.1230 11.0735 106.3840 21.4931 107.3039 20.5283 21.3866 31.0750 102.4826 6.4595 13.3281 9.2786 9.6898 1.8159 10.2469 19.4670 6.9823 11.0698 8.8764 105.9830 12.9327 90.8934 21.8989 8.0112 21.4445 90.4557 10.7862 9.9924 13.6505 6.4789 14.6659 9.3403 8.7752 9.0146 9.3537 8.1702 6.8905 19.2690 9.8403 14.8888 6.6150 9.4059 10.1168 4.4711 6.2153 90.1049 108.7940 106.9247 15.4555 21.2207 8.3410 107.2796 0.2249 11.1813
91.1502 1.0731 70.1900 70.1900 19.9935 94.3829 1.5621 94.4132 92.3062 94.9704 92.3902 94.9142 93.7878 69.6767 94.8343 20.0385 93.4404 96.2517 69.6678 21.3846 72.9803 95.7203 93.2257 70.1647 96.0929 96.5589 68.7551 100.0009 69.2849 1.6184 90.3885 0.0000 71.0104 70.8113 20.2384 1.5457 94.4191 74.0083 97.8060 94.7381 96.1044 19.7271 69.4595 20.6470 71.5201 69.5283 70.4200 15.8257 94.0747 98.3590 96.8937 94.7207 89.3805 95.2779 73.6622 94.5974 96.1007 93.9073 19.3260 97.9637 1.4734 68.9834 94.3405 69.4006 1.5039 95.8171 95.0234 98.6814 94.0941 99.6968 94.3713 95.3978 94.0455 95.6830 93.2012 94.5056 73.4642 94.8713 99.9198 94.2301 94.4369 99.0531 90.8004 93.8305 1.3229 22.1371 20.2677 100.4864 70.4836 95.5736 20.6226 90.6134 96.2122
21.2560 70.2116 1.1957 1.1957 86.6093 24.4887 70.5056 24.5190 22.4120 25.0762 22.4960 25.0200 23.8936 1.7629 24.9401 86.6543 23.5462 26.3575 1.7539 88.0005 2.9271 25.8261 23.3315 2.8612 26.1987 26.6648 2.6090 30.1067 9.3734 69.6690 20.4943 71.0513 0.0000 0.7581 86.8543 69.7419 24.5249 3.9550 27.9118 24.8439 26.2102 86.3429 1.7548 87.2628 1.4669 2.3252 10.5086 82.4415 24.1805 28.4648 26.9995 24.8265 19.4863 25.3837 3.6089 24.7032 26.2065 24.0131 85.9419 28.0695 70.8523 2.8374 24.4463 1.7062 70.4147 25.9229 25.1292 28.7872 24.1999 29.8026 24.4771 25.5036 24.1513 25.7888 23.3070 24.6114 3.4109 24.9771 30.0256 24.3360 24.5427 29.1589 20.9063 23.9363 70.0639 88.7529 86.8836 30.5922 1.7022 25.6794 87.2385 20.7192 26.3181
21.0570 69.9957 1.2917 1.2917 86.3934 24.2897 70.2897 24.3199 22.2130 24.8772 22.2970 24.8209 23.6945 2.2238 24.7411 86.4385 23.3472 26.1585 2.2148 87.7846 2.7280 25.6270 23.1325 2.6453 25.9997 26.4657 2.3932 29.9076 9.1575 69.4531 20.2952 70.8354 0.7581 0.0000 86.6384 69.5260 24.3258 3.7560 27.7128 24.6449 26.0112 86.1270 2.2157 87.0469 0.9709 2.1093 10.2927 82.2256 23.9814 28.2658 26.8005 24.6275 19.2873 25.1846 3.4099 24.5042 26.0075 23.8141 85.7260 27.8705 70.6364 2.6215 24.2473 2.1671 70.1988 25.7239 24.9302 28.5882 24.0008 29.6036 24.2780 25.3046 23.9523 25.5898 23.1080 24.4124 3.2119 24.7781 29.8266 24.1369 24.3436 28.9599 20.7072 23.7372 69.8480 88.5370 86.6677 30.3932 1.9434 25.4804 87.0226 20.5201 26.1190
107.0440 19.8388 86.0838 86.0838 0.2449 110.2768 20.5682 110.3070 108.2001 110.8643 108.2840 110.8080 109.6816 85.5706 110.7281 0.5998 109.3343 112.1455 85.5616 1.2522 88.8741 111.6141 109.1195 86.0585 111.9868 112.4528 84.6489 115.8947 85.1787 20.4897 106.2823 19.8720 86.9042 86.7052 0.0000 19.8344 110.3129 89.9021 113.6998 110.6319 111.9983 1.9333 85.3533 1.1727 87.4139 85.4222 86.3139 5.8835 109.9685 114.2528 112.7876 110.6145 105.2743 111.1717 89.5560 110.4912 111.9945 109.8012 1.5486 113.8575 20.4795 84.8773 110.2344 85.2944 19.1775 111.7109 110.9172 114.5752 109.9879 115.5906 110.2651 111.2917 109.9394 111.5769 109.0950 110.3995 89.3580 110.7651 115.8136 110.1240 110.3307 114.9469 106.6943 109.7243 19.7716 2.6628 0.3210 116.3803 86.3774 111.4674 1.1484 106.5072 112.1061
89.8408 0.7059 68.8806 68.8806 19.9558 93.0735 1.4353 93.1037 90.9968 93.6610 91.0808 93.6047 92.4783 68.3673 93.5249 20.0008 92.1310 94.9423 68.3583 21.3470 71.6709 94.4108 91.9163 68.8552 94.7835 95.2495 67.4457 98.6914 67.9754 0.6431 89.0790 1.5457 69.7009 69.5019 20.2007 0.0000 93.1096 72.6988 96.4966 93.4287 94.7950 19.6894 68.1501 20.6093 70.2107 68.2189 69.1106 15.7880 92.7652 97.0496 95.5843 93.4113 88.0711 93.9684 72.3528 93.2880 94.7913 92.5979 19.2884 96.6543 1.3466 67.6740 93.0311 68.0912 0.9090 94.5077 93.7140 97.3720 92.7846 98.3874 93.0618 94.0884 92.7361 94.3736 91.8918 93.1962 72.1547 93.5618 98.6104 92.9207 93.1274 97.7437 89.4910 92.5211 0.5582 22.0994 20.2301 99.1770 69.1742 94.2642 20.5850 89.3039 94.9028
8.7849 94.2622 24.5787 24.5787 110.6600 1.8243 94.5562 0.9084 9.7561 1.1372 8.9678 2.3555 6.1506 25.5107 1.0011 110.7050 10.8903 8.1188 25.5017 112.0511 22.7947 1.8871 10.6756 25.9322 8.6280 2.7257 25.6801 5.2677 27.1181 93.7197 8.0231 95.1020 23.6768 23.8291 110.9049 93.7925 0.0000 23.8555 8.0051 10.0820 2.2712 110.3936 25.5027 111.3135 24.5379 25.3962 27.1427 106.4922 9.2222 3.6259 8.1554 2.1621 7.0152 1.2472 23.4766 8.8711 1.8904 3.0354 109.9925 2.7616 94.9029 25.9084 11.7904 25.4540 94.4653 1.9839 0.9928 3.9483 5.0625 4.9637 0.8750 2.8392 2.8581 13.1329 2.0137 9.8495 23.2786 2.3127 5.1867 9.1694 0.7100 6.6842 8.2504 8.2868 94.1145 112.8036 110.9342 5.7533 25.2303 3.0150 111.2892 8.2481 2.3790
21.0809 72.9562 4.2523 4.2523 89.3540 24.3136 73.2502 24.3439 22.2369 24.9011 22.3209 24.8449 23.7185 5.1843 24.7650 89.3990 23.3711 26.1824 5.1753 90.7451 1.2966 25.6510 23.1564 4.5765 26.0236 26.4897 5.3537 29.9316 12.1180 72.4137 20.3192 73.7960 3.3504 3.5027 89.5989 72.4865 24.3498 0.0000 27.7367 24.6688 26.0351 89.0876 5.1763 90.0075 2.3111 5.0698 13.2532 85.1862 24.0054 28.2897 26.8244 24.6514 19.3112 25.2086 0.7636 24.5281 26.0314 23.8380 88.6865 27.8944 73.5970 5.5820 24.2712 5.1276 73.1593 25.7478 24.9541 28.6121 24.0248 29.6275 24.3020 25.3285 23.9762 25.6137 23.1319 24.4363 1.0609 24.8020 29.8505 24.1608 24.3676 28.9838 20.7311 23.7612 72.8085 91.4976 89.6282 30.4171 4.9039 25.5043 89.9832 20.5441 26.1429
8.0699 97.4065 27.7229 27.7229 113.8042 8.3140 97.7005 8.6315 10.9871 10.1436 8.4661 8.8452 7.9536 28.6550 10.3732 113.8493 10.8179 3.8892 28.6460 115.1954 25.9390 10.5003 10.9711 29.0765 2.2451 10.5775 28.8244 10.3929 34.3549 96.8639 9.9777 98.2463 26.8211 26.9734 114.0492 96.9368 9.3724 26.9998 0.0000 3.6455 9.1936 113.5379 28.6469 114.4577 27.6822 28.5405 34.3795 109.6365 4.1003 10.5482 3.2143 8.6518 8.9697 8.2565 26.6209 3.8393 8.3752 9.5251 113.1368 9.6840 98.0472 29.0527 10.0766 28.5983 97.6096 10.5972 9.2418 10.8706 8.2600 10.2840 10.2471 8.4264 9.8855 7.7158 9.2258 3.4131 26.4229 8.0813 10.5070 4.2511 8.6552 5.8195 11.6250 4.5543 97.2588 115.9478 114.0785 9.4052 28.3746 7.8661 114.4334 10.2026 9.3014
5.9825 95.3191 25.6355 25.6355 111.7169 8.5326 95.6131 8.8502 9.9704 10.3623 5.4113 9.0639 5.8663 26.5676 10.5918 111.7619 9.8011 3.9616 26.5586 113.1080 23.8516 10.7190 9.9543 26.9891 1.7562 10.7962 26.7370 10.6115 35.0063 94.7765 7.8903 96.1589 24.7337 24.8860 111.9618 94.8494 9.5911 24.9124 6.1122 0.0000 9.4122 111.4505 26.5595 112.3704 25.5948 26.4531 36.1415 107.5491 2.7111 10.7669 3.2867 9.1549 6.8823 8.4752 24.5335 2.3864 8.5938 9.7437 111.0494 9.9026 95.9598 26.9653 9.0598 26.5109 95.5222 10.8158 9.4604 11.0893 6.1726 10.5026 10.4657 8.4688 9.4291 6.6991 9.4445 2.2185 24.3355 8.7380 10.7256 2.1577 8.8739 6.0381 9.5376 2.4669 95.1714 113.8605 111.9911 9.6238 26.2872 8.0346 112.3460 8.1152 9.5200
9.2217 95.9476 26.2640 26.2640 112.3454 3.3364 96.2416 2.4204 11.4415 1.6297 8.6505 3.8676 5.8333 27.1961 1.8593 112.3904 12.5757 7.9398 27.1871 113.7365 24.4801 1.9864 12.3610 27.6176 8.4490 2.1086 27.3655 3.1190 28.8035 95.4050 9.7085 96.7874 25.3622 25.5145 112.5903 95.4779 2.2712 25.5409 7.8261 8.8771 0.0000 112.0790 27.1880 112.9989 26.2233 27.0816 28.8281 108.1776 8.2137 1.4772 7.9764 3.6742 8.7006 1.5815 25.1620 8.6921 1.3862 4.5474 111.6779 1.2150 96.5883 27.5938 13.4758 27.1394 96.1507 2.0832 1.7913 1.7996 4.7452 2.8150 1.7332 3.7016 4.5435 12.1094 3.6991 8.6446 24.9640 3.3565 3.0379 8.3691 2.4732 6.5052 9.9357 7.9695 95.7999 114.4889 112.6196 3.6046 26.9157 3.1413 112.9745 9.9334 0.2303
106.5327 19.3274 85.5725 85.5725 1.6883 109.7654 20.0568 109.7956 107.6887 110.3529 107.7727 110.2966 109.1702 85.0592 110.2168 1.5782 108.8229 111.6342 85.0503 2.4167 88.3628 111.1028 108.6082 85.5472 111.4754 111.9414 84.1376 115.3834 84.6673 19.9784 105.7709 19.3607 86.3929 86.1938 1.9333 19.3230 109.8015 89.3907 113.1885 110.1206 111.4869 0.0000 84.8420 1.6791 86.9026 84.9108 85.8025 5.3721 109.4572 113.7415 112.2762 110.1032 104.7630 110.6604 89.0447 109.9799 111.4832 109.2898 1.5090 113.3462 19.9682 84.3659 109.7230 84.7831 18.6661 111.1996 110.4059 114.0639 109.4766 115.0793 109.7538 110.7803 109.4280 111.0655 108.5837 109.8881 88.8467 110.2538 115.3023 109.6126 109.8194 114.4356 106.1829 109.2130 19.2602 3.1692 1.9626 115.8689 85.8661 110.9561 1.6548 105.9959 111.5947
22.7093 68.6563 0.9255 0.9255 85.0541 25.9420 68.9503 25.9722 23.8653 26.5295 23.9493 26.4732 25.3468 0.2100 26.3934 85.0991 24.9995 27.8108 0.2011 86.4453 4.3803 27.2793 24.7848 2.1100 27.6520 28.1180 1.0538 31.5599 7.8181 68.1138 21.9475 69.4961 1.7187 2.2113 85.2990 68.1867 25.9781 5.4083 29.3651 26.2971 27.6635 84.7877 0.0000 85.7076 2.9201 1.4737 8.9533 80.8863 25.6337 29.9181 28.4528 26.2798 20.9396 26.8369 5.0622 26.1564 27.6598 25.4664 84.3867 29.5228 69.2971 1.2822 25.8996 0.1703 68.8594 27.3762 26.5825 30.2405 25.6531 31.2559 25.9303 26.9569 25.6046 27.2421 24.7603 26.0647 4.8642 26.4303 31.4789 25.7892 25.9959 30.6122 22.3595 25.3895 68.5086 87.1977 85.3284 32.0455 1.1316 27.1327 85.6833 22.1724 27.7713
107.4526 20.2473 86.4924 86.4924 0.9278 110.6853 20.9767 110.7155 108.6086 111.2728 108.6926 111.2165 110.0901 85.9791 111.1367 0.8176 109.7428 112.5541 85.9701 1.4860 89.2827 112.0226 109.5281 86.4670 112.3953 112.8613 85.0575 116.3033 85.5872 20.8983 106.6908 20.2806 87.3128 87.1137 1.1727 20.2429 110.7214 90.3106 114.1084 111.0405 112.4068 1.6791 85.7619 0.0000 87.8225 85.8307 86.7224 6.2920 110.3771 114.6614 113.1961 111.0231 105.6829 111.5802 89.9646 110.8998 112.4031 110.2097 1.9067 114.2661 20.8881 85.2858 110.6429 85.7030 19.5860 112.1195 111.3258 114.9838 110.3964 115.9992 110.6736 111.7002 110.3479 111.9854 109.5036 110.8080 89.7665 111.1737 116.2222 110.5325 110.7392 115.3555 107.1028 110.1329 20.1801 1.8812 1.2020 116.7888 86.7860 111.8760 0.0243 106.9158 112.5146
21.7657 70.7045 2.0005 2.0005 87.1022 24.9985 70.9985 25.0287 22.9218 25.5860 23.0058 25.5297 24.4033 2.9326 25.4499 87.1473 24.0560 26.8672 2.9236 88.4934 2.1020 26.3358 23.8412 2.5612 26.7085 27.1745 3.1019 30.6164 9.8663 70.1619 21.0040 71.5442 1.4669 0.9709 87.3472 70.2348 25.0346 2.5474 28.4215 25.3536 26.7200 86.8358 2.9245 87.7557 0.0000 2.8181 11.0015 82.9344 24.6902 28.9746 27.5093 25.3363 19.9961 25.8934 2.1828 25.2129 26.7163 24.5229 86.4348 28.5792 71.3452 3.3303 24.9561 2.8759 70.9076 26.4327 25.6389 29.2970 24.7096 30.3124 24.9868 26.0134 24.6611 26.2986 23.8168 25.1212 1.9847 25.4868 30.5354 24.8457 25.0524 29.6687 21.4160 24.4460 70.5568 89.2458 87.3765 31.1020 2.6522 26.1892 87.7314 21.2289 26.8278
22.6197 68.7104 1.5004 1.5004 85.1082 25.8524 69.0044 25.8827 23.7757 26.4399 23.8597 26.3837 25.2573 1.6909 26.3038 85.1532 24.9099 27.7212 1.6820 86.4993 4.2908 27.1898 24.6952 0.9419 27.5624 28.0284 1.1079 31.4704 7.8722 68.1679 21.8580 69.5502 2.3208 2.1218 85.3531 68.2408 25.8886 5.3187 29.2755 26.2076 27.5739 84.8418 1.4737 85.7617 2.8306 0.0000 9.0074 80.9404 25.5442 29.8285 28.3632 26.1902 20.8500 26.7474 4.9726 26.0669 27.5702 25.3768 84.4407 29.4332 69.3512 1.3363 25.8100 1.4148 68.9135 27.2866 26.4929 30.1509 25.5636 31.1663 25.8408 26.8673 25.5150 27.1525 24.6707 25.9751 4.7746 26.3408 31.3893 25.6996 25.9064 30.5226 22.2699 25.3000 68.5627 87.2518 85.3825 31.9559 2.0335 27.0431 85.7374 22.0829 27.6817
31.1497 71.0674 9.6792 9.6792 87.4652 27.7432 71.3614 27.7735 32.2002 28.3308 32.3897 28.2745 31.7992 9.1659 28.1946 87.5102 33.3344 33.8480 9.1570 88.8564 12.4695 29.0806 33.1196 9.6539 34.3572 29.9193 8.2443 33.5931 1.1359 70.5249 30.3880 71.9072 10.4996 10.3005 87.7102 70.5978 27.7794 13.4975 33.7343 34.7376 29.4647 87.1988 8.9487 88.1187 11.0093 9.0175 0.0000 83.2974 34.0742 31.9513 33.8846 28.0810 29.3800 28.6382 13.1514 34.6003 29.4610 27.2677 86.7978 29.9552 71.7082 8.4726 34.2345 8.8898 71.2706 29.1774 28.3837 32.2737 30.7110 33.2890 27.7316 28.7582 27.4058 35.5770 26.5615 34.5051 12.9534 28.2316 33.5120 34.2296 27.7972 32.4134 30.6944 33.8300 70.9198 89.6088 87.7395 34.0787 9.9728 28.9339 88.0944 30.6129 29.5726
102.6313 15.4260 81.6711 81.6711 5.6385 105.8640 16.1554 105.8942 103.7873 106.4515 103.8713 106.3952 105.2688 81.1578 106.3154 5.6835 104.9215 107.7328 81.1488 7.0297 84.4614 107.2014 104.7068 81.6457 107.5740 108.0400 80.2362 111.4820 80.7659 16.0770 101.8695 15.4593 82.4915 82.2924 5.8835 15.4216 105.9001 85.4893 109.2871 106.2192 107.5855 5.3721 80.9406 6.2920 83.0012 81.0094 81.9011 0.0000 105.5558 109.8401 108.3748 106.2018 100.8616 106.7589 85.1433 106.0785 107.5818 105.3884 4.9711 109.4448 16.0668 80.4645 105.8216 80.8817 14.7647 107.2982 106.5045 110.1625 105.5752 111.1779 105.8524 106.8789 105.5266 107.1641 104.6823 105.9867 84.9453 106.3524 111.4009 105.7112 105.9179 110.5342 102.2815 105.3116 15.3588 7.7821 5.9128 111.9675 81.9647 107.0547 6.2677 102.0945 107.6933
5.1267 94.4633 24.7797 24.7797 110.8611 8.6125 94.7573 8.9300 10.1876 10.4421 4.5556 8.7810 5.0105 25.7118 10.6717 110.9061 9.4245 4.1129 25.7028 112.2522 22.9958 10.7988 9.5777 26.1333 2.3886 10.8760 25.8812 10.6914 34.1505 93.9207 7.0345 95.3031 23.8779 24.0302 111.1060 93.9936 9.6709 24.0566 5.4298 1.0338 9.4921 110.5947 25.7037 111.5146 24.7390 25.5973 35.2857 106.6933 0.0000 10.8467 3.4380 8.2991 6.0265 8.5550 23.6777 1.0181 8.6737 9.4609 110.1936 9.9825 95.1040 26.1095 8.6831 25.6551 94.6664 10.8957 9.5402 11.1691 5.3168 10.5825 10.5456 7.6130 8.5733 6.3224 9.5243 0.8013 23.4797 7.8822 10.8055 1.4732 8.9537 5.3557 8.6818 1.6111 94.3156 113.0047 111.1353 9.7036 25.4314 7.1788 111.4902 7.2594 9.5999
13.0883 98.5656 28.8821 28.8821 114.9634 4.9348 98.8596 4.0189 14.0595 3.2282 10.2490 5.4660 7.4318 29.8141 3.4577 115.0084 15.1937 9.5382 29.8051 116.3545 27.0981 2.5160 14.9790 30.2356 10.0474 2.0480 29.9835 1.7537 31.6848 98.0231 12.3265 99.4054 27.9802 28.1325 115.2083 98.0959 3.8697 28.1589 9.4245 10.4755 1.7209 114.6970 29.8061 115.6169 28.8413 29.6996 31.7094 110.7956 9.8121 0.0000 9.5748 5.2726 11.3186 3.1799 27.7800 10.2905 2.2793 6.1459 114.2959 1.1545 99.2064 30.2118 16.0939 29.7574 98.7687 2.6754 3.3897 0.4342 6.3436 1.4496 3.3316 5.3001 6.1419 17.4363 5.2976 10.2430 27.5820 4.9549 1.6726 9.9676 4.0716 8.1036 12.5538 9.5679 98.4179 117.1070 115.2377 2.2392 29.5337 4.7397 115.5926 12.5515 1.4906
7.7000 97.0366 27.3531 27.3531 113.4344 6.3519 97.3306 6.6694 11.3271 8.1815 7.1289 6.8831 7.3023 28.2851 8.4111 113.4794 11.1579 0.2164 28.2761 114.8255 25.5691 8.5382 11.3111 28.7066 1.9298 8.6154 28.4545 8.4307 32.3928 96.4941 9.6078 97.8764 26.4512 26.6035 113.6793 96.5669 7.4103 26.6299 3.9314 3.3302 7.2314 113.1680 28.2771 114.0879 27.3123 28.1706 32.4174 109.2666 3.4368 8.5861 0.0000 6.6896 8.5999 6.2944 26.2510 3.0856 6.4130 7.5629 112.7669 7.7219 97.6774 28.6828 10.4166 28.2284 97.2397 8.6350 7.2796 8.9085 6.2141 8.3219 8.2850 6.4643 7.9234 8.0558 7.2637 3.0977 26.0530 6.1192 8.5448 3.3839 6.6931 3.8574 11.2551 3.6561 96.8889 115.5780 113.7086 7.4430 28.0047 5.9040 114.0636 9.8327 7.3393
7.3449 94.3092 24.6257 24.6257 110.7070 0.5498 94.6032 1.4212 9.8032 2.9333 6.7738 0.6125 3.9566 25.5577 3.1629 110.7520 10.9374 7.4772 25.5488 112.0982 22.8418 3.2900 10.7226 25.9792 7.9864 4.1287 25.7271 6.6707 27.1651 93.7667 8.0702 95.1490 23.7238 23.8761 110.9519 93.8396 2.1621 23.9025 7.3636 7.0003 3.6742 110.4406 25.5497 111.3605 24.5849 25.4432 27.1897 106.5392 6.3369 5.0288 7.5139 0.0000 7.0622 2.2859 23.5236 8.2296 3.0903 1.2923 110.0396 4.1646 94.9500 25.9554 11.8375 25.5010 94.5123 3.3868 2.0314 5.3512 2.8684 6.3666 3.0368 0.6357 1.6528 13.1800 2.0155 6.7678 23.3256 0.2544 6.5896 6.4924 1.4449 6.0427 8.2974 6.0927 94.1615 112.8506 110.9813 7.1562 25.2773 0.9567 111.3362 8.2951 3.7820
6.0235 88.4368 18.7532 18.7532 104.8345 7.5361 88.7308 7.5663 4.1610 8.1236 8.2882 8.0673 8.6611 19.6852 7.9875 104.8795 5.2952 13.6409 19.6763 106.2257 16.9693 8.8734 5.0805 20.1067 13.1972 9.7121 19.8546 13.1540 28.1240 87.8942 5.2618 89.2765 17.8514 18.0037 105.0795 87.9671 7.5722 18.0301 13.5272 9.6114 9.2576 104.5681 19.6772 105.4880 18.7125 19.5708 29.2591 100.6667 8.9480 11.5122 13.6775 7.8739 0.0000 8.4310 17.6512 12.5263 9.2539 7.0605 104.1671 11.1169 89.0775 20.0830 6.1953 19.6286 88.6398 8.9703 8.1766 11.8346 10.5039 12.8500 7.5244 8.5510 7.1987 7.5378 6.3544 9.3789 17.4531 8.0244 13.0730 12.1812 7.5900 12.2063 2.6552 8.7038 88.2891 106.9781 105.1088 13.6396 19.4049 8.7268 105.4637 5.4867 9.3654
8.2846 95.1070 25.4235 25.4235 111.5048 1.9481 95.4010 1.0322 10.6009 2.0185 7.7134 2.4793 4.8963 26.3555 2.2480 111.5498 11.7351 7.0027 26.3465 112.8959 23.6395 2.3751 11.5204 26.7770 7.5119 2.9654 26.5249 4.5780 27.9629 94.5644 8.8679 95.9468 24.5216 24.6739 111.7497 94.6373 1.2472 24.7003 6.8890 7.9400 1.5815 111.2384 26.3474 112.1583 25.3827 26.2410 27.9875 107.3370 7.2766 2.9362 7.0393 2.2859 7.8600 0.0000 24.3214 7.7550 0.7631 3.1592 110.8373 2.0719 95.7477 26.7532 12.6352 26.2988 95.3101 2.4720 1.1166 3.2586 3.8081 4.2740 2.1219 2.7646 3.5197 11.1724 2.8599 7.7075 24.1234 2.4365 4.4970 7.4321 1.0849 5.5681 9.0951 7.0324 94.9593 113.6484 111.7790 5.0636 26.0751 2.2042 112.1340 9.0929 1.6893
20.7020 72.6407 3.9367 3.9367 89.0384 23.9347 72.9347 23.9650 21.8580 24.5222 21.9420 24.4660 23.3396 4.8688 24.3861 89.0835 22.9922 25.8035 4.8598 90.4296 0.9177 25.2721 22.7775 4.2610 25.6447 26.1108 5.0382 29.5527 11.8025 72.0981 19.9403 73.4804 3.0349 3.1872 89.2834 72.1710 23.9709 0.7636 27.3578 24.2899 25.6562 88.7721 4.8607 89.6919 1.9956 4.7543 12.9377 84.8707 23.6265 27.9108 26.4455 24.2725 18.9323 24.8297 0.0000 24.1492 25.6525 23.4591 88.3710 27.5155 73.2814 5.2665 23.8923 4.8121 72.8438 25.3689 24.5752 28.2332 23.6459 29.2486 23.9231 24.9496 23.5973 25.2348 22.7530 24.0574 0.1980 24.4231 29.4716 23.7819 23.9887 28.6049 20.3522 23.3823 72.4930 91.1820 89.3127 30.0382 4.5884 25.1254 89.6676 20.1652 25.7641
5.5790 94.9155 25.2320 25.2320 111.3133 8.6509 95.2095 8.9684 10.6398 10.4805 5.0078 9.1821 5.4627 26.1640 10.7101 111.3583 9.5012 3.8656 26.1551 112.7045 23.4481 10.8372 9.6545 26.5855 2.1414 10.9144 26.3334 10.7298 34.6027 94.3730 7.4867 95.7553 24.3301 24.4825 111.5583 94.4459 9.7093 24.5088 5.4682 1.6580 9.5305 111.0469 26.1560 111.9668 25.1912 26.0495 35.7379 107.1455 1.0181 10.8851 3.1907 8.9887 6.4788 8.5934 24.1300 0.0000 8.7121 9.8619 110.6459 10.0209 95.5563 26.5618 8.7599 26.1074 95.1186 10.9341 9.5786 11.2075 5.7690 10.6209 10.5840 8.0653 9.0256 6.3992 9.5627 1.4256 23.9319 8.4182 10.8439 1.5116 8.9921 5.3941 9.1340 1.7837 94.7678 113.4569 111.5876 9.7420 25.8836 7.6310 111.9425 7.7117 9.6383
8.4033 95.9558 26.2723 26.2723 112.3536 2.7708 96.2498 1.6753 11.4497 2.4271 7.8321 3.3020 5.0149 27.2043 2.6566 112.3986 12.5839 7.1214 27.1953 113.7447 24.4883 2.7837 12.3692 27.6258 7.6306 2.6669 27.3737 3.6774 28.8117 95.4133 9.7167 96.7956 25.3704 25.5227 112.5985 95.4861 1.8904 25.5491 7.0077 8.0586 1.3862 112.0872 27.1963 113.0071 26.2315 27.0898 28.8363 108.1858 7.3952 2.0355 7.1580 3.1086 8.7088 0.7631 25.1702 7.8737 0.0000 3.9818 111.6861 1.7734 96.5966 27.6020 13.4841 27.1476 96.1589 2.8806 1.5929 2.3579 3.9268 3.3733 2.5305 2.8832 4.3423 11.2910 3.6826 7.8262 24.9722 2.5381 3.5963 7.5507 1.7281 5.6868 9.9440 7.1510 95.8081 114.4972 112.6279 4.1629 26.9239 2.3229 112.9828 9.9417 1.0650
7.4615 92.9388 23.2553 23.2553 109.3366 1.5069 93.2328 2.3211 8.4328 2.8828 7.9221 1.2785 5.1050 24.1873 2.7467 109.3816 9.5670 8.3956 24.1783 110.7278 21.4713 3.6326 9.3522 24.6088 8.9048 4.4713 24.3567 7.0133 25.7947 92.3963 6.6998 93.7786 22.3534 22.5057 109.5815 92.4692 2.3314 22.5321 8.2819 8.1487 4.0168 109.0702 24.1793 109.9901 23.2145 24.0728 25.8193 105.1688 7.4853 5.3714 8.4322 1.3762 5.6918 3.1858 22.1532 9.1479 4.0086 0.0000 108.6691 4.5072 93.5796 24.5850 10.4671 24.1306 93.1419 3.7294 2.9313 5.6938 4.0168 6.7092 2.2836 2.4015 0.7116 11.8095 0.4518 7.9162 21.9552 1.5267 6.9322 7.6408 2.3448 6.9610 6.9270 7.2411 92.7911 111.4802 109.6109 7.4988 23.9069 3.2915 109.9658 6.9247 4.1246
106.1316 18.9264 85.1714 85.1714 1.3036 109.3644 19.6558 109.3946 107.2877 109.9519 107.3717 109.8956 108.7692 84.6582 109.8158 1.3486 108.4219 111.2331 84.6492 1.8397 87.9618 110.7017 108.2071 85.1461 111.0744 111.5404 83.7365 114.9823 84.2663 19.5773 105.3699 18.9596 85.9918 85.7928 1.5486 18.9220 109.4005 88.9897 112.7874 109.7195 111.0859 1.9495 84.4409 1.9067 86.5016 84.5098 85.4015 4.9711 109.0561 113.3405 111.8752 109.7022 104.3619 110.2593 88.6436 109.5788 111.0822 108.8888 0.0000 112.9451 19.5671 83.9649 109.3220 84.3821 18.2651 110.7986 110.0048 113.6629 109.0755 114.6783 109.3527 110.3793 109.0270 110.6645 108.1826 109.4871 88.4456 109.8527 114.9012 109.2116 109.4183 114.0346 105.7819 108.8119 18.8592 3.3968 1.5779 115.4679 85.4650 110.5551 1.8823 105.5948 111.1937
9.7121 97.8792 28.1956 28.1956 114.2769 3.8268 98.1732 2.9108 13.3731 2.1201 9.1409 4.3580 6.3237 29.1276 2.3497 114.3219 14.5073 8.4302 29.1187 115.6681 26.4117 1.3806 14.2926 29.5491 8.9394 0.8935 29.2970 2.6390 29.2939 97.3366 11.6401 98.7189 27.2938 27.4461 114.5219 97.4095 2.7616 27.4725 8.3165 9.3675 1.0792 114.0105 29.1196 114.9304 28.1549 29.0132 29.3185 110.1091 8.7041 0.9971 8.4668 4.1646 10.6321 2.0719 27.0936 9.1825 1.8766 5.0379 113.6095 0.0000 98.5199 29.5254 15.4074 29.0710 98.0823 1.5210 2.2817 1.3195 5.2356 2.3349 2.2236 4.1921 5.0339 16.7499 4.1895 9.1350 26.8955 3.8469 2.5579 8.8595 2.9636 6.9956 11.8673 8.4599 97.7315 116.4205 114.5512 3.1245 28.8473 3.6317 114.9061 11.8650 0.9847
90.9512 0.7216 69.9910 69.9910 20.6010 94.1839 0.4403 94.2141 92.1072 94.7714 92.1912 94.7151 93.5887 69.4777 94.6353 20.6460 93.2414 96.0527 69.4688 21.9921 72.7813 95.5212 93.0267 69.9656 95.8939 96.3599 68.5561 99.8019 69.0858 1.2669 90.1894 1.4734 70.8114 70.6123 20.8459 1.3466 94.2200 73.8092 97.6070 94.5391 95.9054 20.3346 69.2605 21.2545 71.3211 69.3293 70.2210 16.4332 93.8757 98.1600 96.6947 94.5217 89.1815 95.0788 73.4632 94.3984 95.9017 93.7083 19.9335 97.7647 0.0000 68.7844 94.1415 69.2016 1.3020 95.6181 94.8244 98.4824 93.8951 99.4978 94.1722 95.1988 93.8465 95.4840 93.0022 94.3066 73.2651 94.6723 99.7208 94.0311 94.2378 98.8541 90.6014 93.6315 1.1239 22.7446 20.8752 100.2874 70.2846 95.3746 21.2302 90.4144 96.0132
24.1268 68.1654 3.0076 3.0076 84.5632 27.3596 68.4594 27.3898 25.2829 27.9471 25.3669 27.8908 26.7644 2.4943 27.8110 84.6082 26.4171 29.2283 2.4853 85.9543 5.7979 28.6969 26.2023 2.9822 29.0696 29.5356 0.2284 32.9775 7.3272 67.6229 23.3651 69.0052 3.8280 3.6289 84.8081 67.6957 27.3957 6.8258 30.7826 27.7147 29.0811 84.2968 2.2771 85.2167 4.3377 2.3459 8.4624 80.3954 27.0513 31.3357 29.8704 27.6974 22.3571 28.2545 6.4798 27.5740 29.0774 26.8840 83.8957 30.9403 68.8062 0.0000 27.3172 2.2182 68.3685 28.7937 28.0000 31.6581 27.0707 32.6735 27.3479 28.3745 27.0222 28.6597 26.1778 27.4823 6.2817 27.8479 32.8964 27.2068 27.4135 32.0297 23.7771 26.8071 68.0177 86.7068 84.8374 33.4631 3.3012 28.5503 85.1924 23.5900 29.1889
5.9566 93.8704 24.1868 24.1868 110.2681 12.6573 94.1644 12.6875 1.9167 13.2448 4.5333 10.9816 7.2111 25.1189 13.1087 110.3131 1.4736 10.4134 25.1099 111.6593 22.4029 13.9946 1.1184 25.5403 8.7693 14.8333 25.2882 18.2753 33.5576 93.3278 8.9214 94.7101 23.2850 23.4373 110.5131 93.4007 12.6934 23.4637 11.3070 8.9041 14.3788 110.0017 25.1108 110.9216 24.1461 25.0044 33.3154 106.1003 7.5024 16.6334 9.7385 10.4997 7.9134 11.2769 23.0848 8.0984 11.3955 12.1817 109.6007 16.2381 94.5111 25.5166 0.0000 25.0622 94.0735 14.0915 13.2978 16.9558 7.5174 17.9712 12.6456 9.8136 12.3199 3.7829 11.4756 8.6716 22.8867 10.0828 18.1942 7.7532 12.7112 11.2329 10.5687 7.2582 93.7227 112.4117 110.5424 18.7608 24.8385 9.3794 110.8973 9.1463 14.4866
22.6606 68.5974 0.8769 0.8769 84.9952 25.8934 68.8914 25.9236 23.8167 26.4809 23.9006 26.4246 25.2982 0.2761 26.3448 85.0402 24.9509 27.7621 0.2671 86.3864 4.3317 27.2307 24.7361 2.0511 27.6034 28.0694 0.9949 31.5113 7.7593 68.0549 21.8989 69.4372 1.6701 2.1627 85.2402 68.1278 25.9295 5.3596 29.3164 26.2485 27.6149 84.7288 0.1703 85.6487 2.8715 1.4148 8.8944 80.8274 25.5851 29.8695 28.4042 26.2312 20.8909 26.7883 5.0136 26.1078 27.6112 25.4178 84.3278 29.4741 69.2382 1.2233 25.8510 0.0000 68.8005 27.3275 26.5338 30.1918 25.6045 31.2072 25.8817 26.9083 25.5560 27.1935 24.7116 26.0161 4.8155 26.3817 31.4302 25.7406 25.9473 30.5635 22.3109 25.3409 68.4497 87.1388 85.2695 31.9969 1.0830 27.0840 85.6244 22.1238 27.7227
90.5135 0.6613 69.5533 69.5533 19.2989 93.7463 1.3907 93.7765 91.6696 94.3338 91.7536 94.2775 93.1511 69.0401 94.1977 19.3439 92.8038 95.6150 69.0311 20.6901 72.3437 95.0836 92.5890 69.5280 95.4563 95.9223 68.1184 99.3642 68.6482 1.3159 89.7518 1.5039 70.3737 70.1747 19.5439 0.9090 93.7824 73.3716 97.1693 94.1014 95.4678 19.0325 68.8228 19.9524 70.8835 68.8917 69.7834 15.1311 93.4380 97.7223 96.2571 94.0841 88.7438 94.6412 73.0255 93.9607 95.4640 93.2707 18.6315 97.3270 1.3020 68.3468 93.7039 68.7640 0.0000 95.1804 94.3867 98.0447 93.4574 99.0601 93.7346 94.7612 93.4089 95.0463 92.5645 93.8690 72.8275 94.2346 99.2831 93.5935 93.8002 98.4164 90.1638 93.1938 0.6862 21.4425 19.5732 99.8498 69.8469 94.9369 19.9281 89.9767 95.5756
10.1829 95.6603 25.9767 25.9767 112.0580 3.0491 95.9543 2.1331 11.1542 1.3424 10.1449 3.5803 7.3277 26.9088 1.5720 112.1031 12.2884 9.3435 26.8998 113.4492 24.1928 0.4115 12.0737 27.3302 9.8527 0.9614 27.0781 4.1600 28.5161 95.1177 9.4212 96.5000 25.0749 25.2272 112.3030 95.1906 1.9839 25.2536 9.2298 10.3715 2.0832 111.7916 26.9007 112.7115 25.9360 26.7943 28.5408 107.8902 9.7081 2.5181 9.3801 3.3868 8.4132 2.4720 24.8747 10.0958 2.8806 4.2601 111.3906 1.5210 96.3010 27.3065 13.1885 26.8521 95.8634 0.0000 1.5039 2.8405 6.2396 3.8559 1.4458 4.0640 4.2561 14.5310 3.4118 10.1390 24.6766 3.5374 4.0789 10.3942 2.1859 7.9089 9.6484 9.4639 95.5126 114.2016 112.3323 4.6455 26.6284 4.6357 112.6872 9.6461 2.1911
9.3752 94.8525 25.1690 25.1690 111.2503 1.6936 95.1465 0.7777 10.3465 1.0504 8.8371 2.2249 6.0200 26.1010 1.2800 111.2953 11.4807 7.9881 26.0920 112.6415 23.3851 1.4071 11.2659 26.5225 8.4973 2.2458 26.2704 4.7878 27.7084 94.3100 8.6135 95.6923 24.2671 24.4194 111.4952 94.3829 0.9928 24.4458 7.8744 9.9513 1.7913 110.9839 26.0930 111.9038 25.1282 25.9865 27.7330 107.0825 9.0916 3.1459 8.0247 2.0314 7.6055 1.1166 24.0669 8.7404 1.5929 2.9047 110.5829 2.2817 95.4933 26.4987 12.3808 26.0443 95.0556 1.5039 0.0000 3.4683 4.9318 4.4837 1.1539 2.7086 3.2652 13.7233 2.6055 9.7189 23.8689 2.1820 4.7067 9.0388 0.8305 6.5535 8.8407 8.1561 94.7048 113.3939 111.5246 5.2733 25.8206 2.8843 111.8795 8.8384 1.8991
13.1669 98.6442 28.9607 28.9607 115.0420 5.0134 98.9382 4.0975 14.1382 3.3068 10.3276 5.5447 7.5104 29.8927 3.5364 115.0870 15.2724 9.6168 29.8838 116.4332 27.1768 2.5946 15.0576 30.3142 10.1260 2.1266 30.0621 1.5201 31.7634 98.1017 12.4052 99.4840 28.0588 28.2112 115.2869 98.1746 3.9483 28.2375 9.5032 10.5541 1.7996 114.7756 29.8847 115.6955 28.9199 29.7782 31.7880 110.8742 9.8907 0.8234 9.6535 5.3512 11.3972 3.2586 27.8586 10.3692 2.3579 6.2245 114.3746 1.2331 99.2850 30.2905 16.1725 29.8361 98.8473 2.7541 3.4683 0.0000 6.4223 1.2160 3.4102 5.3787 6.2205 17.5150 5.3762 10.3217 27.6606 5.0336 1.4390 10.0462 4.1502 8.1823 12.6324 9.6465 98.4965 117.1856 115.3163 2.0056 29.6123 4.8184 115.6712 12.6301 1.5692
4.5251 93.8617 24.1782 24.1782 110.2595 3.4502 94.1557 4.1831 9.5860 5.7861 3.9540 3.5129 1.1368 25.1102 6.0157 110.3045 8.3209 5.6941 25.1012 111.6506 22.3942 6.0519 10.5055 25.5317 5.5354 6.1291 25.2796 7.7417 29.6440 93.3192 6.4329 94.7015 23.2763 23.4286 110.5044 93.3920 4.9240 23.4550 8.1817 4.1805 4.7452 109.9931 25.1022 110.9130 24.1374 24.9957 29.6687 106.0917 3.5171 6.0999 6.3362 3.0309 5.4250 3.8081 23.0761 4.0398 3.9268 4.1927 109.5920 5.2356 94.5024 25.5079 7.5796 25.0535 94.0648 6.1488 4.7934 6.4223 0.0000 7.4377 5.8895 2.3449 3.3052 7.4129 4.3011 3.9481 22.8781 2.6141 7.6606 3.6726 4.2068 6.8608 8.0802 3.2729 93.7140 112.4031 110.5337 8.2273 24.8298 1.9107 110.8887 6.6578 4.8530
14.5861 100.0634 30.3799 30.3799 116.4612 6.4326 100.3574 5.5167 15.5573 4.7260 11.7468 6.9638 8.9296 31.3119 4.9555 116.5062 16.6915 11.0360 31.3029 117.8524 28.5959 4.0138 16.4768 31.7334 11.5452 3.5458 31.4813 0.7025 33.1826 99.5209 13.8243 100.9032 29.4780 29.6303 116.7061 99.5938 5.3675 29.6567 10.9223 11.9733 3.2187 116.1948 31.3039 117.1147 30.3391 31.1974 33.2072 112.2934 11.3099 2.2426 11.0726 6.7704 12.8164 4.6777 29.2778 11.7883 3.7771 7.6437 115.7937 2.6523 100.7042 31.7096 17.5917 31.2552 100.2665 4.1732 4.8875 1.3645 7.8414 0.0000 4.8294 6.7979 7.6397 18.9341 6.7954 11.7408 29.0798 6.4527 0.5288 11.4654 5.5694 9.6014 14.0516 11.0657 99.9157 118.6048 116.7355 1.4656 31.0315 6.2375 117.0904 14.0493 2.9884
8.7371 94.2144 24.5309 24.5309 110.6122 2.6990 94.5084 1.7830 9.7083 0.5992 9.9771 3.2302 6.9777 25.4629 0.4631 110.6572 10.8425 8.9934 25.4539 112.0033 22.7469 1.3490 10.6278 25.8844 9.5026 2.1877 25.6323 4.7297 27.0703 93.6719 7.9753 95.0542 23.6290 23.7813 110.8571 93.7447 0.8750 23.8077 8.8798 10.0214 1.7332 110.3458 25.4549 111.2657 24.4901 25.3484 27.0949 106.4444 9.3580 3.0878 9.0301 3.0368 6.9674 2.1219 23.4288 9.7458 2.5305 2.6721 109.9447 2.2236 94.8552 25.8606 11.7427 25.4062 94.4175 1.4458 1.1539 3.4102 5.8895 4.4256 0.0000 3.7139 2.8103 13.0851 1.9659 9.7889 23.2308 3.1873 4.6486 10.0441 1.8358 7.5588 8.2026 9.1138 94.0667 112.7558 110.8865 5.2152 25.1825 4.2856 111.2414 8.2003 1.8410
6.8214 94.9863 25.3028 25.3028 111.3841 1.2269 95.2803 2.0983 10.4803 3.6104 6.2502 1.2896 3.4330 26.2348 3.8400 111.4291 11.6145 7.2518 26.2259 112.7753 23.5189 3.9671 11.3997 26.6563 7.7610 4.8058 26.4042 6.6982 27.8422 94.4438 8.7473 95.8261 24.4009 24.5533 111.6291 94.5167 2.8392 24.5796 7.1381 6.4768 3.7016 111.1177 26.2268 112.0376 25.2620 26.1204 27.8669 107.2163 5.8134 5.0563 7.2884 0.6357 7.7393 2.7646 24.2008 6.3361 2.8832 1.9695 110.7167 4.1921 95.6271 26.6326 9.8758 26.1782 95.1894 4.0640 2.7086 5.3787 2.3449 6.3941 3.7139 0.0000 1.5800 9.7091 2.6926 6.2443 24.0027 0.5266 6.6171 5.9688 2.1220 5.8172 8.9745 5.5692 94.8386 113.5277 111.6584 7.1837 25.9544 0.9001 112.0133 8.9722 3.8095
7.1958 92.6732 22.9896 22.9896 109.0709 1.7836 92.9672 2.6549 8.1671 3.4269 7.2105 1.1163 4.3933 23.9217 3.2908 109.1160 9.3013 8.7110 23.9127 110.4621 21.2057 4.1767 9.0866 24.3431 9.2202 5.0154 24.0910 7.5574 26.3388 92.1306 6.4341 93.5129 22.0878 22.2401 109.3159 92.2035 2.8755 22.2665 8.5973 7.4370 4.5609 108.8045 23.9136 109.7244 22.9489 23.8072 26.3635 104.9031 6.7736 5.9156 8.7476 1.6528 5.4261 3.5197 21.8876 7.2963 4.3240 0.5728 108.4035 5.0513 93.3139 24.3194 10.2014 23.8650 92.8763 4.2736 3.2652 6.2380 3.3052 7.2534 2.8277 1.6898 0.0000 11.5439 0.9960 7.2046 21.6895 1.8034 7.4763 6.9291 2.6787 7.2764 6.6613 6.5294 92.5255 111.2145 109.3452 8.0430 23.6413 2.5798 109.7001 6.6590 4.6687
2.1737 92.4293 22.7457 22.7457 108.8270 7.1360 92.7233 7.8689 8.1535 9.4719 0.7503 7.1987 3.4281 23.6777 9.7014 108.8720 6.3463 5.8965 23.6688 110.2182 20.9618 9.7377 6.4995 24.0992 5.7377 9.8149 23.8471 11.4275 32.1165 91.8867 4.2772 93.2690 21.8439 21.9962 109.0720 91.9596 8.6098 22.0226 7.4508 4.3829 8.4310 108.5606 23.6697 109.4805 22.7050 23.5633 33.2516 104.6592 3.7195 9.7856 6.5386 6.7167 3.9925 7.4939 21.6437 4.2422 7.6126 7.8785 108.1596 8.9214 93.0700 24.0755 5.6050 23.6211 92.6323 9.8346 8.4792 10.1080 3.7344 11.1234 9.5753 6.0307 6.9910 0.0000 7.9869 4.1504 21.4456 6.2999 11.3464 3.8750 7.8926 7.3768 6.6478 3.4753 92.2816 110.9706 109.1013 11.9131 23.3974 5.5965 109.4562 3.9711 8.5388
7.2562 92.7335 23.0500 23.0500 109.1313 1.9269 93.0275 2.1158 8.2275 2.6775 8.4962 1.6985 5.4568 23.9820 2.5414 109.1763 9.3617 8.1903 23.9731 110.5225 21.2661 3.4273 9.1469 24.4035 8.6995 4.2660 24.1514 6.8080 25.5894 92.1910 6.4945 93.5733 22.1481 22.3005 109.3762 92.2639 2.1261 22.3268 8.0766 8.5005 3.8115 108.8649 23.9740 109.7848 23.0092 23.8675 25.6140 104.9635 7.8371 5.1661 8.2269 1.7961 5.4865 2.9805 21.9479 8.9426 3.8033 0.9253 108.4639 4.3019 93.3743 24.3798 10.2618 23.9254 92.9366 3.5242 2.7260 5.4885 4.3687 6.5039 2.0783 2.7533 1.0635 11.6043 0.0000 8.2681 21.7499 1.9467 6.7269 7.9926 2.1395 6.7557 6.7217 7.5929 92.5858 111.2749 109.4056 7.2935 23.7016 3.6433 109.7605 6.7194 3.9193
5.9451 95.2817 25.5982 25.5982 111.6795 8.4952 95.5757 8.8128 9.9330 10.3249 5.3740 9.0265 5.8289 26.5302 10.5545 111.7245 9.7638 3.9243 26.5212 113.0706 23.8142 10.6816 9.9170 26.9517 1.7188 10.7588 26.6996 10.5741 34.9689 94.7392 7.8529 96.1215 24.6963 24.8486 111.9244 94.8120 9.5537 24.8750 6.0748 0.3094 9.3748 111.4131 26.5222 112.3330 25.5574 26.4157 36.1041 107.5117 2.6737 10.7295 3.2494 9.1175 6.8450 8.4378 24.4961 2.3490 8.5564 9.7063 111.0120 9.8652 95.9224 26.9279 9.0224 26.4735 95.4848 10.7784 9.4230 11.0519 6.1352 10.4652 10.4283 8.4314 9.3917 6.6617 9.4071 0.0000 24.2981 8.7006 10.6882 2.1203 8.8365 6.0007 9.5002 2.4295 95.1340 113.8231 111.9537 9.5864 26.2498 7.9972 112.3087 8.0778 9.4826
20.5040 72.6454 3.9415 3.9415 89.0432 23.7367 72.9394 23.7669 21.6600 24.3242 21.7440 24.2679 23.1415 4.8735 24.1881 89.0882 22.7942 25.6055 4.8646 90.4343 0.7196 25.0740 22.5795 4.2912 25.4467 25.9127 5.0429 29.3547 11.8072 72.1029 19.7422 73.4852 3.0396 3.1919 89.2881 72.1758 23.7728 1.0609 27.1598 24.0919 25.4582 88.7768 4.8655 89.6967 2.0258 4.7590 12.9424 84.8754 23.4284 27.7128 26.2475 24.0745 18.7343 24.6316 0.1980 23.9512 25.4545 23.2611 88.3757 27.3175 73.2862 5.2712 23.6943 4.8168 72.8485 25.1709 24.3772 28.0352 23.4478 29.0506 23.7250 24.7516 23.3993 25.0368 22.5550 23.8594 0.0000 24.2251 29.2736 23.5839 23.7906 28.4069 20.1542 23.1842 72.4977 91.1868 89.3175 29.8402 4.5931 24.9274 89.6724 19.9671 25.5660
7.0906 94.4598 24.7762 24.7762 110.8576 0.7004 94.7538 1.5718 9.9537 3.0839 6.5194 0.7631 3.7022 25.7083 3.3134 110.9026 11.0879 6.9067 25.6993 112.2487 22.9923 3.4406 10.8732 26.1298 7.4159 4.2792 25.8777 6.3530 27.3157 93.9172 8.2207 95.2996 23.8744 24.0267 111.1025 93.9901 2.3127 24.0531 6.7930 6.7459 3.3565 110.5912 25.7002 111.5111 24.7355 25.5938 27.3403 106.6898 6.0825 4.7112 6.9433 0.4169 7.2128 2.4194 23.6742 6.6052 2.5381 1.4429 110.1901 3.8469 95.1005 26.1060 11.9880 25.6516 94.6629 3.5374 2.1820 5.0336 2.6141 6.0490 3.1873 0.5266 1.8034 9.9783 2.1661 6.5135 23.4762 0.0000 6.2719 6.2380 1.5955 5.4721 8.4479 5.8383 94.3121 113.0011 111.1318 6.8386 25.4279 0.7023 111.4867 8.4457 3.4643
14.4053 99.8826 30.1991 30.1991 116.2804 6.2518 100.1766 5.3359 15.3765 4.5452 11.5660 6.7830 8.7488 31.1311 4.7747 116.3254 16.5107 10.8552 31.1221 117.6716 28.4151 3.8330 16.2960 31.5526 11.3644 3.3650 31.3005 0.5158 33.0018 99.3401 13.6436 100.7224 29.2972 29.4495 116.5253 99.4130 5.1867 29.4759 10.7415 11.7925 3.0379 116.0140 31.1231 116.9339 30.1583 31.0166 33.0264 112.1126 11.1291 2.0618 10.8918 6.5896 12.6356 4.4970 29.0970 11.6075 3.5963 7.4629 115.6129 2.4715 100.5234 31.5288 17.4109 31.0744 100.0857 3.9924 4.7067 1.4390 7.6606 0.5288 4.6486 6.6171 7.4589 18.7533 6.6146 11.5601 28.8990 6.2719 0.0000 11.2846 5.3886 9.4206 13.8708 10.8849 99.7349 118.4240 116.5547 1.2789 30.8507 6.0567 116.9096 13.8685 2.8076
4.6897 94.0263 24.3427 24.3427 110.4240 8.0973 94.3203 8.4149 9.7505 9.9270 4.1185 8.6286 4.5734 25.2748 10.1565 110.4691 8.9477 3.3603 25.2658 111.8152 22.5588 10.2837 9.1009 25.6962 2.7396 10.3609 25.4441 10.1762 33.7135 93.4837 6.5975 94.8660 23.4409 23.5932 110.6690 93.5566 9.1558 23.6196 4.9146 1.3848 8.9769 110.1576 25.2667 111.0775 24.3020 25.1603 34.8486 106.2562 0.7214 10.3316 4.0024 8.4351 5.5895 8.0399 23.2407 1.7060 8.1585 9.3084 109.7566 9.4673 94.6670 25.6725 8.2064 25.2181 94.2294 10.3805 9.0251 10.6540 4.8797 10.0673 10.0304 7.1760 8.1363 5.8456 9.0092 1.1523 23.0426 7.4452 10.2903 0.0000 8.4386 4.8406 8.2448 0.4772 93.8786 112.5676 110.6983 9.1885 24.9944 6.7418 111.0532 6.8224 9.0847
9.0169 94.4942 24.8107 24.8107 110.8920 1.5743 94.7882 0.2202 9.9882 1.7323 8.7178 2.1055 5.9006 25.7427 1.9619 110.9370 11.1224 7.8688 25.7338 112.2832 23.0268 2.0890 10.9076 26.1642 8.3780 2.9277 25.9121 5.4697 27.3501 93.9517 8.2552 95.3340 23.9088 24.0612 111.1370 94.0246 0.7100 24.0875 7.7551 9.8320 2.4732 110.6256 25.7347 111.5455 24.7699 25.6282 27.3748 106.7242 8.9722 3.8278 7.9054 1.9121 7.2472 1.0849 23.7086 8.6211 1.7281 2.7854 110.2246 2.9636 95.1350 26.1405 12.0225 25.6861 94.6973 2.1859 0.8305 4.1502 4.8125 5.1656 1.8358 2.5892 3.1459 13.3650 2.2458 9.5995 23.5106 2.0627 5.3886 8.9194 0.0000 6.4342 8.4824 8.0368 94.3465 113.0356 111.1663 5.9553 25.4623 3.2470 111.5212 8.4801 2.5810
10.8000 100.1366 30.4530 30.4530 116.5343 9.6395 100.4306 9.9570 14.5434 11.4691 10.2288 10.1707 10.6837 31.3850 11.6987 116.5793 14.3742 6.2045 31.3761 117.9255 28.6691 11.8258 14.5274 31.8065 4.9358 11.9030 31.5544 11.7184 35.6804 99.5940 12.7078 100.9763 29.5512 29.7035 116.7793 99.6669 10.6979 29.7299 7.5874 6.3362 10.5191 116.2679 31.3770 117.1878 30.4123 31.2706 35.7050 112.3665 6.7909 11.8737 6.2411 9.9773 11.6998 9.5820 29.3510 6.5300 9.7007 10.8505 115.8669 11.0095 100.7773 31.7828 13.6329 31.3284 100.3396 11.9227 10.5673 12.1961 9.5018 11.6095 11.5726 9.7519 11.2110 11.2721 10.5513 6.1038 29.1529 9.4068 11.8325 7.0928 9.9807 0.0000 14.3550 7.2843 99.9888 118.6779 116.8086 10.7307 31.1047 9.1916 117.1635 12.9327 10.6269
7.0563 93.5172 23.8336 23.8336 109.9149 12.3041 93.8112 12.3343 3.0825 12.8916 5.6329 12.8353 8.3107 24.7657 12.7555 109.9600 2.6400 12.1861 24.7567 111.3061 22.0497 13.6415 4.1369 25.1872 10.5420 14.4801 24.9350 17.9221 33.2044 92.9746 8.5682 94.3569 22.9318 23.0841 110.1599 93.0475 12.3402 23.1105 13.0797 10.6768 14.0256 109.6485 24.7576 110.5684 23.7929 24.6512 32.9622 105.7471 8.6021 16.2802 11.5112 12.6419 7.5603 13.1991 22.7316 9.8711 14.0219 11.8285 109.2475 15.8849 94.1579 25.1634 3.5401 24.7090 93.7203 13.7383 12.9446 16.6026 8.6170 17.6180 12.2925 10.9133 11.9667 4.8826 11.1224 10.4443 22.5335 11.1824 17.8410 9.5259 12.3581 13.0056 0.0000 8.3579 93.3695 112.0585 110.1892 18.4076 24.4853 10.4790 110.5441 8.7931 14.1334
5.3714 94.7080 25.0244 25.0244 111.1057 8.9630 95.0020 8.8752 10.4322 10.3873 4.8002 9.0257 5.2551 25.9564 10.6169 111.1507 9.6691 3.9867 25.9475 112.4969 23.2405 10.7440 9.8223 26.3779 2.2625 10.8212 26.1258 10.6366 34.3952 94.1654 7.2792 95.5477 24.1226 24.2749 111.3507 94.2383 9.6161 24.3013 5.9579 0.9076 9.4373 110.8393 25.9484 111.7592 24.9837 25.8420 35.5303 106.9379 0.2442 10.7919 3.3118 8.5437 6.2712 8.5002 23.9224 1.2992 8.6189 9.7055 110.4383 9.9277 95.3487 26.3542 8.9278 25.8998 94.9111 10.8409 9.4855 11.1143 5.5614 10.5277 10.4908 7.8577 8.8180 6.5670 9.4695 0.6752 23.7243 8.1269 10.7507 1.6642 8.8989 5.8839 8.9265 0.0000 94.5603 113.2493 111.3800 9.6489 25.6761 7.4235 111.7349 7.5041 9.5451
90.1627 0.4831 69.2025 69.2025 19.8930 93.3955 1.2125 93.4257 91.3188 93.9830 91.4028 93.9267 92.8003 68.6893 93.8469 19.9381 92.4530 95.2642 68.6803 21.2842 71.9929 94.7328 92.2382 69.1772 95.1055 95.5715 67.7676 99.0134 68.2974 0.9651 89.4010 1.3229 70.0229 69.8239 20.1380 0.5582 93.4316 73.0208 96.8185 93.7506 95.1170 19.6266 68.4720 20.5465 70.5327 68.5409 69.4326 15.7252 93.0872 97.3716 95.9063 93.7333 88.3930 94.2904 72.6747 93.6099 95.1132 92.9199 19.2256 96.9762 1.1239 67.9960 93.3531 68.4132 0.6862 94.8296 94.0359 97.6939 93.1066 98.7093 93.3838 94.4104 93.0581 94.6956 92.2137 93.5182 72.4767 93.8838 98.9323 93.2427 93.4494 98.0656 89.8130 92.8430 0.0000 22.0366 20.1673 99.4990 69.4961 94.5861 20.5222 89.6259 95.2248
108.9427 21.7374 87.9824 87.9824 2.4179 112.1754 22.4668 112.2056 110.0987 112.7629 110.1827 112.7066 111.5802 87.4692 112.6268 2.3077 111.2329 114.0442 87.4602 1.9945 90.7728 113.5127 111.0182 87.9571 113.8854 114.3514 86.5476 117.7934 87.0773 22.3883 108.1809 21.7707 88.8028 88.6038 2.6628 21.7330 112.2115 91.8007 115.5985 112.5306 113.8969 3.1692 87.2520 1.8812 89.3126 87.3208 88.2125 7.7821 111.8671 116.1515 114.6862 112.5132 107.1730 113.0703 91.4547 112.3899 113.8932 111.6998 3.3968 115.7562 22.3782 86.7759 112.1330 87.1931 21.0761 113.6096 112.8159 116.4739 111.8865 117.4893 112.1637 113.1903 111.8380 113.4755 110.9937 112.2981 91.2566 112.6638 117.7123 112.0226 112.2293 116.8456 108.5929 111.6230 21.6702 0.0000 2.6921 118.2789 88.2761 113.3661 1.9055 108.4059 114.0047
107.0734 19.8681 86.1131 86.1131 0.2743 110.3061 20.5975 110.3363 108.2294 110.8936 108.3134 110.8373 109.7109 85.5999 110.7575 0.6292 109.3636 112.1749 85.5909 1.2816 88.9035 111.6434 109.1489 86.0878 112.0161 112.4821 84.6782 115.9240 85.2080 20.5190 106.3116 19.9013 86.9335 86.7345 0.3210 19.8637 110.3422 89.9314 113.7291 110.6612 112.0276 1.9626 85.3827 1.2020 87.4433 85.4515 86.3432 5.9128 109.9978 114.2822 112.8169 110.6439 105.3037 111.2010 89.5854 110.5205 112.0239 109.8305 1.5779 113.8869 20.5088 84.9066 110.2637 85.3238 19.2068 111.7403 110.9466 114.6046 110.0172 115.6200 110.2944 111.3210 109.9687 111.6062 109.1244 110.4288 89.3873 110.7944 115.8430 110.1533 110.3600 114.9763 106.7236 109.7536 19.8009 2.6921 0.0000 116.4096 86.4067 111.4968 1.1777 106.5365 112.1354
14.8366 100.3139 30.6303 30.6303 116.7117 6.5979 100.6079 5.6819 15.8078 4.8912 11.9120 7.1291 9.0948 31.5624 5.1208 116.7567 16.9420 8.1558 31.5534 118.1028 28.8464 4.2642 16.7273 31.9839 8.6650 3.7963 31.7318 0.9877 33.4330 99.7713 14.0748 101.1537 29.7285 29.8808 116.9566 99.8442 5.5327 29.9072 8.0421 10.1190 3.3840 116.4453 31.5543 117.3651 30.5896 31.4479 33.4577 112.5439 9.2592 2.2622 8.1924 6.9357 13.0669 4.8430 29.5283 8.9081 4.0174 7.8089 116.0442 2.9027 100.9546 31.9601 17.8421 31.5057 100.5170 4.4237 5.0528 2.0056 8.0067 1.4656 4.9947 6.9631 7.8050 19.1846 6.9606 9.8865 29.3303 6.6180 1.2789 9.2064 5.7347 6.7212 14.3020 9.4785 100.1662 118.8552 116.9859 0.0000 31.2820 6.4028 117.3408 14.2998 3.1537
22.6735 69.7833 0.8898 0.8898 86.1811 25.9062 70.0773 25.9365 23.8295 26.4937 23.9135 26.4375 25.3111 1.1396 26.3576 86.2261 24.9637 27.7750 1.1307 87.5722 4.3446 27.2436 24.7490 2.4329 27.6162 28.0823 2.1808 31.5242 8.9451 69.2407 21.9118 70.6231 1.6661 2.1756 86.4260 69.3136 25.9424 5.3725 29.3293 26.2614 27.6277 85.9147 1.1316 86.8345 2.8844 1.8969 10.0803 82.0133 25.5980 29.8823 28.4170 26.2440 20.9038 26.8012 5.0264 26.1207 27.6240 25.4306 85.5136 29.4870 70.4240 2.4091 25.8638 1.0830 69.9864 27.3404 26.5467 30.2047 25.6174 31.2201 25.8946 26.9211 25.5688 27.2063 24.7245 26.0289 4.8284 26.3946 31.4431 25.7535 25.9602 30.5764 22.3238 25.3538 69.6356 88.3246 86.4553 32.0097 0.0000 27.0969 86.8102 22.1367 27.7356
6.3872 95.4467 25.7632 25.7632 111.8445 1.4027 95.7407 2.5792 10.9407 4.1822 5.8160 1.4654 2.9988 26.6952 4.4117 111.8895 12.0749 6.6915 26.6863 113.2357 23.9793 4.4480 11.8601 27.1167 7.2007 4.5252 26.8646 6.1378 28.3026 94.9042 8.2949 96.2865 24.8613 25.0137 112.0895 94.9771 3.3201 25.0400 6.5778 6.0425 3.1413 111.5781 26.6872 112.4980 25.7224 26.5808 28.3273 107.6767 5.3791 4.4960 6.7281 1.1192 7.2870 2.2042 24.6611 5.9018 2.3229 2.1452 111.1771 3.6317 96.0875 27.0930 9.4416 26.6386 95.6498 4.5449 3.1895 4.8184 1.9107 5.8338 4.2856 0.9001 2.5798 9.2749 3.1735 5.8101 24.4631 0.7023 6.0567 5.5346 2.6029 5.2569 9.4349 5.1349 95.2990 113.9881 112.1188 6.6234 26.4148 0.0000 112.4737 8.5199 3.2491
107.4283 20.2230 86.4680 86.4680 0.9035 110.6610 20.9524 110.6912 108.5843 111.2485 108.6683 111.1922 110.0658 85.9548 111.1124 0.7933 109.7185 112.5298 85.9458 1.5103 89.2584 111.9983 109.5038 86.4427 112.3710 112.8370 85.0332 116.2789 85.5629 20.8739 106.6665 20.2563 87.2884 87.0894 1.1484 20.2186 110.6971 90.2863 114.0841 111.0162 112.3825 1.6548 85.7376 0.0243 87.7982 85.8064 86.6981 6.2677 110.3527 114.6371 113.1718 110.9988 105.6586 111.5559 89.9403 110.8755 112.3788 110.1854 1.8823 114.2418 20.8638 85.2615 110.6186 85.6787 19.5617 112.0952 111.3015 114.9595 110.3721 115.9749 110.6493 111.6759 110.3236 111.9611 109.4793 110.7837 89.7422 111.1494 116.1979 110.5082 110.7149 115.3312 107.0785 110.1086 20.1558 1.9055 1.1777 116.7645 86.7617 111.8517 0.0000 106.8914 112.4903
1.7785 90.2408 20.5572 20.5572 106.6385 9.3401 90.5348 9.3703 5.9651 9.9276 3.3665 9.8713 6.1608 21.4893 9.7915 106.6836 7.0993 8.6247 21.4803 108.0297 18.7733 10.6774 6.8845 21.9108 8.4659 11.5161 21.6586 14.9581 29.9280 89.6982 0.2249 91.0805 19.6554 19.8077 106.8835 89.7711 9.3762 19.8341 10.1790 7.1111 11.0616 106.3721 21.4812 107.2920 20.5165 21.3748 31.0632 102.4707 6.4477 13.3162 9.2667 9.6779 1.8040 10.2350 19.4552 6.9704 11.0579 8.8645 105.9711 12.9209 90.8815 21.8870 7.9994 21.4326 90.4439 10.7743 9.9806 13.6386 6.4671 14.6540 9.3284 8.7633 9.0027 9.3418 8.1584 6.8786 19.2571 9.8285 14.8770 6.6031 9.3940 10.1050 4.4593 6.2035 90.0931 108.7821 106.9128 15.4436 21.2089 8.3291 107.2677 0.0000 11.1694
9.3295 96.0554 26.3718 26.3718 112.4532 3.4442 96.3494 2.5282 11.5493 1.7375 8.7583 3.9754 5.9411 27.3039 1.9671 112.4982 12.6835 8.0476 27.2949 113.8443 24.5879 2.0942 12.4688 27.7254 8.5568 1.8783 27.4733 2.8887 28.9113 95.5128 9.8163 96.8952 25.4700 25.6223 112.6981 95.5857 2.3790 25.6487 7.9339 8.9849 0.2303 112.1868 27.2958 113.1067 26.3311 27.1894 28.9359 108.2854 8.3215 1.2468 8.0842 3.7820 8.8084 1.6893 25.2698 8.7999 1.0650 4.6553 111.7857 0.9847 96.6961 27.7016 13.5836 27.2472 96.2585 2.1911 1.8991 1.5692 4.8530 2.5846 1.8410 3.8095 4.6513 12.2172 3.8069 8.7524 25.0718 3.4643 2.8076 8.4769 2.5810 6.6130 10.0435 8.0773 95.9077 114.5968 112.7274 3.3743 27.0235 3.2491 113.0824 10.0413 0.0000
0.000 173.995 73.687 73.687 195.858 38.855 177.387 43.127 20.153 44.798 19.764 39.043 27.731 79.483 44.390 198.918 26.240 35.136 79.456 200.713 71.335 47.048 19.635 80.748 34.660 46.891 79.991 59.890 96.577 176.271 21.310 178.114 73.981 74.438 199.185 176.368 43.144 74.518 39.799 30.595 42.739 198.503 79.459 199.730 76.565 79.140 98.091 193.301 28.605 54.964 37.062 37.597 20.428 39.928 73.381 30.173 40.284 41.609 197.968 44.211 177.849 80.676 27.373 79.313 177.265 47.338 44.957 55.931 28.650 58.977 43.001 35.539 38.419 29.965 39.491 29.898 72.787 36.346 59.646 29.072 43.198 39.577 28.393 27.872 176.798 201.716 199.224 61.346 78.642 34.236 199.697 20.392 43.063
174.081 0.000 146.134 146.134 71.881 181.391 12.722 181.431 178.622 182.174 178.734 182.099 180.597 148.449 181.993 75.016 180.134 183.883 148.437 79.054 152.854 183.174 179.848 149.100 183.671 184.292 147.220 188.881 147.927 13.305 176.065 15.493 150.227 149.962 75.616 10.203 181.439 154.225 185.955 181.864 183.686 74.081 148.160 76.841 150.907 148.251 149.440 62.377 180.980 186.692 184.739 181.841 174.721 182.584 153.763 181.677 183.681 180.757 72.878 186.165 10.463 147.525 181.334 148.081 10.840 183.303 182.245 187.122 181.006 188.476 181.375 182.744 180.941 183.124 179.815 181.555 153.499 182.042 188.773 181.187 181.463 187.618 176.614 180.654 8.517 81.311 75.703 189.529 149.525 182.978 76.768 176.365 183.830
77.351 146.183 0.000 0.000 168.046 90.022 149.575 90.062 83.819 90.805 84.071 90.730 88.264 12.970 90.624 171.106 87.222 92.514 12.863 172.901 25.364 91.805 86.578 21.110 92.302 92.923 20.837 97.513 40.646 148.459 78.066 150.302 15.345 17.525 171.373 148.556 90.070 28.448 94.586 90.495 92.317 170.691 12.967 171.918 20.984 19.068 44.052 165.489 89.125 95.323 93.370 90.472 75.042 91.215 27.410 90.308 92.312 88.622 170.156 94.796 150.037 21.038 89.922 12.835 149.453 91.934 90.876 95.753 89.183 97.107 90.006 91.375 89.037 91.755 86.504 90.185 26.816 90.673 97.404 89.591 90.094 96.249 79.302 88.392 148.986 173.904 171.412 98.160 13.695 91.609 171.885 78.741 92.461
77.351 146.183 0.000 0.000 168.046 90.022 149.575 90.062 83.819 90.805 84.071 90.730 88.264 12.970 90.624 171.106 87.222 92.514 12.863 172.901 25.364 91.805 86.578 21.110 92.302 92.923 20.837 97.513 40.646 148.459 78.066 150.302 15.345 17.525 171.373 148.556 90.070 28.448 94.586 90.495 92.317 170.691 12.967 171.918 20.984 19.068 44.052 165.489 89.125 95.323 93.370 90.472 75.042 91.215 27.410 90.308 92.312 88.622 170.156 94.796 150.037 21.038 89.922 12.835 149.453 91.934 90.876 95.753 89.183 97.107 90.006 91.375 89.037 91.755 86.504 90.185 26.816 90.673 97.404 89.591 90.094 96.249 79.302 88.392 148.986 173.904 171.412 98.160 13.695 91.609 171.885 78.741 92.461
196.065 70.781 168.119 168.119 0.000 203.376 75.970 203.416 200.607 204.159 200.719 204.084 202.582 170.434 203.978 7.355 202.119 205.867 170.422 10.302 174.839 205.159 201.833 171.085 205.656 206.277 169.205 210.866 169.912 75.734 198.050 73.881 172.212 171.947 5.847 73.768 203.424 176.209 207.940 203.849 205.671 20.065 170.145 14.508 172.892 170.236 171.425 31.915 202.965 208.677 206.723 203.826 196.706 204.569 175.748 203.662 205.666 202.742 7.805 208.150 75.704 169.510 203.319 170.066 71.797 205.288 204.230 209.107 202.991 210.461 203.360 204.729 202.926 205.109 201.800 203.539 175.484 204.027 210.758 203.172 203.448 209.603 198.599 202.639 73.580 22.254 8.048 211.514 171.510 204.963 16.582 198.350 205.815
35.780 179.275 85.568 85.568 201.139 0.000 182.667 14.643 44.101 23.491 37.067 17.318 28.615 90.606 24.180 204.199 47.503 37.123 90.594 205.994 83.216 24.561 46.859 91.168 38.651 27.077 90.832 34.703 92.749 181.552 38.902 183.395 85.863 86.320 204.465 181.649 21.177 86.399 36.782 37.746 25.714 203.783 90.596 205.010 88.446 90.454 92.782 198.582 35.756 29.778 37.233 10.188 35.878 21.549 85.262 39.380 23.962 19.269 203.249 27.185 183.129 91.137 50.204 90.531 182.546 24.852 20.785 30.745 25.351 33.791 23.801 15.033 20.351 54.231 20.045 37.049 84.668 8.907 34.460 36.222 15.943 32.819 39.583 35.023 182.078 206.997 204.504 36.160 90.232 17.165 204.978 39.576 26.037
174.447 9.722 146.500 146.500 74.069 181.757 0.000 181.798 178.988 182.541 179.100 182.466 180.964 148.816 182.359 77.204 180.501 184.249 148.804 81.242 153.221 183.540 180.214 149.466 184.037 184.659 147.587 189.248 148.293 16.562 176.431 19.887 150.594 150.329 77.804 17.940 181.805 154.591 186.321 182.231 184.053 76.270 148.526 79.029 151.274 148.618 149.807 64.565 181.346 187.059 185.105 182.208 175.087 182.951 154.130 182.043 184.048 181.123 75.067 186.532 7.845 147.891 181.701 148.448 19.852 183.670 182.611 187.489 181.372 188.843 181.742 183.111 181.307 183.491 180.182 181.921 153.866 182.408 189.140 181.554 181.829 187.984 176.981 181.021 17.528 83.500 77.892 189.895 149.891 183.345 78.956 176.731 184.196
38.295 179.323 85.676 85.676 201.187 14.643 182.715 0.000 44.209 20.039 39.681 19.844 31.229 90.654 20.728 204.247 47.611 37.134 90.642 206.042 83.324 21.109 46.967 91.216 38.661 23.625 90.880 31.251 92.798 181.600 39.010 183.443 85.971 86.428 204.513 181.697 13.428 86.507 36.793 43.023 22.261 203.832 90.644 205.058 88.554 90.502 92.830 198.630 40.444 26.325 37.243 19.264 35.986 13.165 85.370 39.391 20.383 21.884 203.297 23.732 183.177 91.185 50.311 90.579 182.594 21.399 11.470 27.293 27.965 30.339 20.349 21.295 22.965 54.339 20.986 42.326 84.776 20.525 31.008 40.285 5.717 32.830 39.691 37.637 182.126 207.045 204.552 32.707 90.281 21.822 205.026 39.684 22.585
17.153 176.194 78.636 78.636 198.058 47.047 179.586 47.138 0.000 48.810 31.332 48.641 39.365 84.432 48.402 201.118 9.620 48.972 84.405 202.913 76.284 51.059 15.043 85.697 44.039 53.575 84.940 63.901 98.777 178.471 26.125 180.314 78.931 79.387 201.384 178.568 47.156 79.467 51.652 44.444 52.212 200.703 84.408 201.929 81.514 84.089 98.454 195.501 40.239 58.976 46.947 48.061 28.413 49.732 78.330 42.027 52.201 45.621 200.168 57.790 180.048 85.625 20.750 84.262 179.465 51.350 48.969 59.943 40.284 62.989 47.012 50.092 46.035 29.081 43.502 43.747 77.736 48.513 63.658 40.991 47.209 61.058 19.945 39.506 178.997 203.916 201.423 65.358 83.591 50.620 201.897 20.830 52.535
40.009 180.085 87.173 87.173 201.949 22.787 183.477 20.039 45.922 0.000 44.074 24.380 35.623 91.416 4.907 205.009 49.325 41.670 91.404 206.803 85.038 13.620 48.681 91.978 43.198 21.253 91.642 28.879 93.559 182.361 40.724 184.205 87.685 88.142 205.275 182.459 16.182 88.221 41.329 44.754 19.889 204.593 91.405 205.820 90.119 91.263 93.592 199.391 42.764 23.953 41.780 23.800 37.700 21.056 87.084 43.927 22.281 24.814 204.059 21.360 183.939 91.946 52.025 91.341 183.356 15.058 15.982 24.920 32.358 27.967 9.800 25.831 25.228 56.053 22.695 44.056 86.490 24.252 28.636 44.822 20.197 37.366 41.405 42.031 182.888 207.807 205.314 30.335 91.042 27.547 205.787 41.398 20.212
17.348 176.384 79.064 79.064 198.248 35.235 179.776 37.433 34.205 42.242 0.000 35.423 24.111 84.860 42.931 201.308 32.866 31.516 84.833 203.103 76.712 43.040 22.162 86.125 31.040 43.271 85.368 48.109 98.967 178.661 26.658 180.504 79.358 79.815 201.575 178.758 39.656 79.894 36.179 26.975 39.120 200.893 84.836 202.119 81.942 84.517 100.481 195.691 24.985 43.184 33.442 33.977 25.804 36.308 78.758 26.553 36.665 37.462 200.358 40.591 180.239 86.053 29.900 84.690 179.655 43.331 39.264 44.151 25.030 47.197 42.553 31.919 34.800 11.902 37.787 26.278 78.163 32.726 47.866 25.452 37.505 35.957 33.770 24.253 179.187 204.106 201.614 49.566 84.019 30.616 202.087 25.740 39.443
35.968 179.157 85.303 85.303 201.021 17.318 182.549 19.844 43.836 24.380 37.255 0.000 28.803 90.489 25.069 204.081 47.238 38.012 90.477 205.876 82.951 25.450 46.594 91.051 39.540 27.966 90.715 35.592 92.632 181.434 38.637 183.277 85.598 86.055 204.348 181.531 22.067 86.134 37.671 37.934 26.603 203.666 90.478 204.892 88.181 90.336 92.665 198.464 35.944 30.667 38.122 13.648 35.613 22.438 84.997 40.269 24.851 15.912 203.131 28.074 183.012 91.019 49.939 90.413 182.428 25.741 21.675 31.634 25.539 34.680 24.691 15.603 11.187 53.966 18.802 37.237 84.403 16.260 35.349 36.410 19.915 33.708 39.318 35.211 181.960 206.879 204.387 37.049 90.115 19.396 204.860 39.312 26.926
24.656 178.407 83.615 83.615 200.271 28.615 181.799 30.814 42.839 35.623 25.943 28.803 0.000 89.412 36.311 203.331 39.044 27.245 89.385 205.126 81.264 36.420 45.597 90.301 30.687 36.652 89.920 41.490 97.643 180.684 33.380 182.527 83.910 84.367 203.597 180.781 33.037 84.446 35.826 26.623 32.500 202.916 89.387 204.142 86.493 89.068 97.676 197.714 14.972 36.564 29.788 27.357 30.356 29.689 83.309 17.692 30.045 30.843 202.381 33.971 182.261 90.269 36.820 89.242 181.678 36.711 32.644 37.531 14.558 40.577 35.933 25.299 28.180 36.320 31.168 24.095 82.715 26.107 41.246 12.515 30.885 35.604 38.322 15.147 181.210 206.129 203.637 42.946 88.570 23.996 204.110 34.055 32.823
80.152 145.498 9.970 9.970 167.362 91.267 148.890 91.307 86.620 92.050 86.872 91.975 90.473 0.000 91.869 170.422 90.010 93.758 3.107 172.217 28.165 93.050 89.378 19.605 93.547 94.168 15.497 98.757 39.106 147.775 80.867 149.618 20.180 21.658 170.688 147.872 91.315 31.249 95.831 91.740 93.562 170.007 5.603 171.233 23.785 14.453 42.512 164.805 90.856 96.568 94.614 91.717 77.843 92.460 30.211 91.553 93.557 90.633 169.472 96.041 149.352 19.498 91.210 6.305 148.769 93.179 92.121 96.998 90.882 98.352 91.251 92.620 90.817 93.000 89.305 91.430 29.617 91.918 98.649 91.063 91.339 97.494 82.102 90.530 148.301 173.220 170.727 99.405 16.515 92.854 171.201 81.541 93.706
39.601 179.903 86.982 86.982 201.767 23.475 183.295 20.728 45.514 4.907 44.763 25.069 36.311 91.235 0.000 204.827 48.917 42.359 91.223 206.622 84.630 12.953 48.273 91.797 43.886 21.941 91.460 29.567 93.378 182.180 40.315 184.023 87.276 87.733 205.094 182.277 15.797 87.812 42.018 45.443 20.578 204.412 91.224 205.638 89.860 91.082 93.411 199.210 43.452 24.642 42.469 24.489 37.291 21.744 86.676 44.616 22.970 24.406 203.877 22.049 183.758 91.765 51.617 91.159 183.174 14.392 17.752 25.609 33.047 28.655 9.415 26.520 24.820 55.645 22.287 44.745 86.081 24.940 29.324 45.511 20.886 38.055 40.997 42.720 182.706 207.625 205.133 31.024 90.861 28.235 205.606 40.990 20.901
196.125 70.916 168.179 168.179 4.355 203.436 76.105 203.476 200.667 204.219 200.779 204.144 202.642 170.494 204.038 0.000 202.179 205.927 170.482 10.533 174.899 205.219 201.893 171.145 205.716 206.337 169.265 210.926 169.972 75.869 198.110 74.016 172.272 172.007 10.202 73.903 203.484 176.270 208.000 203.909 205.731 18.883 170.205 12.628 172.952 170.296 171.485 32.050 203.025 208.737 206.783 203.886 196.766 204.629 175.808 203.722 205.726 202.802 12.160 208.210 75.839 169.570 203.379 170.126 71.933 205.348 204.290 209.167 203.051 210.521 203.420 204.789 202.986 205.169 201.860 203.599 175.544 204.087 210.818 203.232 203.508 209.663 198.659 202.699 73.715 22.108 10.523 211.574 171.570 205.023 14.702 198.410 205.875
23.240 177.259 81.032 81.032 199.123 49.444 180.651 49.534 9.620 51.206 30.840 51.037 38.873 86.828 50.798 202.183 0.000 48.481 86.802 203.978 78.681 53.456 16.502 88.093 43.548 55.972 87.337 66.298 99.842 179.536 32.212 181.379 81.327 81.784 202.449 179.633 49.552 81.863 51.161 43.952 54.608 201.768 86.804 202.994 83.910 86.485 99.519 196.566 39.748 61.372 46.456 50.457 34.500 52.129 80.726 41.535 54.597 48.017 201.233 60.186 181.113 88.022 19.667 86.659 180.530 53.746 51.365 62.339 39.792 65.386 49.409 52.489 48.432 28.589 45.899 43.255 80.132 50.909 66.055 40.500 49.606 50.939 19.520 39.015 180.062 204.981 202.489 67.754 85.987 45.379 202.962 26.917 54.932
34.666 182.856 89.945 89.945 204.720 33.622 186.248 34.574 48.547 39.110 35.953 35.215 27.245 94.187 39.799 207.780 48.040 0.000 94.175 209.575 90.566 40.180 48.499 94.749 16.900 40.412 94.413 39.858 99.664 185.133 43.389 186.976 91.742 91.945 208.046 185.230 36.797 91.980 26.360 16.765 36.260 207.364 94.177 208.591 92.890 94.035 99.697 202.163 16.770 40.324 5.543 34.635 40.366 33.449 91.475 17.687 33.805 37.255 206.830 37.732 186.710 94.717 45.816 94.112 186.127 40.471 36.405 41.291 28.128 39.532 39.421 33.959 38.336 38.733 36.357 14.758 91.211 32.924 40.201 20.520 34.645 26.138 48.331 18.975 185.659 210.578 208.085 36.895 93.813 32.278 208.559 44.064 36.584
80.125 145.486 9.863 9.863 167.350 91.255 148.878 91.295 86.593 92.038 86.845 91.963 90.461 3.107 91.857 170.410 89.996 93.746 0.000 172.205 28.138 93.038 89.351 19.498 93.535 94.156 15.390 98.745 39.079 147.763 80.840 149.606 20.153 21.631 170.676 147.860 91.303 31.222 95.819 91.728 93.550 169.995 5.497 171.221 23.758 14.347 42.485 164.793 90.844 96.556 94.603 91.705 77.816 92.448 30.184 91.541 93.545 90.621 169.460 96.029 149.340 19.471 91.198 6.198 148.757 93.167 92.109 96.986 90.870 98.340 91.239 92.608 90.805 92.988 89.278 91.418 29.590 91.906 98.637 91.051 91.327 97.482 82.076 90.518 148.289 173.208 170.715 99.393 16.408 92.842 171.189 81.514 93.694
197.312 73.586 169.365 169.365 7.302 204.622 78.774 204.663 201.853 205.406 201.965 205.331 203.829 171.681 205.224 10.533 203.366 207.114 171.669 0.000 176.085 206.405 203.079 172.331 206.902 207.524 170.452 212.113 171.158 78.539 199.296 76.686 173.459 173.193 13.148 76.573 204.670 177.456 209.186 205.096 206.918 20.881 171.391 14.812 174.139 171.483 172.672 34.720 204.211 209.924 207.970 205.073 197.952 205.816 176.995 204.908 206.913 203.988 15.107 209.397 78.508 170.756 204.566 171.313 74.602 206.535 205.476 210.354 204.237 211.707 204.607 205.975 204.172 206.356 203.047 204.786 176.731 205.273 212.005 204.419 204.694 210.849 199.846 203.886 76.385 20.753 13.012 212.760 172.757 206.210 16.693 199.596 207.061
72.060 149.882 22.373 22.373 171.746 84.759 153.274 84.849 78.529 86.521 78.780 86.352 82.973 28.169 86.113 174.806 81.931 90.162 28.142 176.601 0.000 88.771 81.287 29.434 89.889 90.572 28.677 95.161 48.970 152.159 72.775 154.002 22.667 23.124 175.072 152.256 84.867 18.417 92.235 85.824 89.923 174.391 28.145 175.617 21.785 27.826 52.376 169.189 83.834 92.972 91.018 85.772 69.751 87.443 12.385 85.402 89.912 83.332 173.856 92.445 153.736 29.362 84.632 27.999 153.153 89.061 86.680 93.402 83.892 94.756 84.724 87.803 83.746 88.659 81.213 85.127 9.830 86.224 95.053 84.300 84.920 93.897 74.011 83.101 152.685 177.604 175.111 95.809 27.328 88.331 175.585 73.450 90.110
42.258 181.085 88.173 88.173 202.948 23.857 184.477 21.109 48.172 13.620 45.144 25.450 36.693 92.416 12.953 206.008 51.575 42.740 92.404 207.803 87.288 0.000 50.930 92.978 44.268 17.877 92.642 27.002 94.559 183.361 42.973 185.204 89.934 90.174 206.275 183.458 20.661 90.209 42.399 45.824 20.959 205.593 92.405 206.820 91.119 92.263 94.592 200.391 43.834 22.076 42.850 24.870 39.949 22.125 89.333 44.997 23.351 27.490 205.058 17.867 184.939 92.946 54.275 92.340 184.355 7.927 17.730 23.043 33.428 26.089 17.033 26.901 27.478 58.302 24.945 45.127 88.739 25.322 26.758 45.892 21.267 38.436 43.655 43.101 183.888 208.806 206.314 28.458 92.042 28.617 206.787 43.648 21.283
16.635 177.420 81.394 81.394 199.284 49.806 180.812 49.897 15.043 51.569 22.162 51.400 39.317 87.191 51.160 202.344 16.502 48.924 87.163 204.139 79.043 53.818 0.000 88.455 43.991 56.334 87.699 66.660 100.003 179.697 37.180 181.540 81.689 82.146 202.610 179.794 49.914 82.225 51.604 44.396 54.971 201.929 87.166 203.155 84.272 86.847 99.680 196.727 40.191 61.734 46.899 50.819 35.574 52.491 81.088 41.979 54.959 48.379 201.394 60.548 181.274 88.384 14.470 87.020 180.691 54.108 51.727 62.701 40.236 65.748 49.771 52.851 48.794 27.143 46.261 43.698 80.494 51.271 66.416 40.943 49.968 51.382 31.095 39.458 180.223 205.142 202.649 68.117 86.349 45.822 203.123 31.885 55.294
81.468 146.129 18.110 18.110 167.993 91.851 149.521 91.892 87.936 92.635 88.188 92.560 91.058 19.605 92.453 171.053 90.595 94.343 19.498 172.848 29.481 93.635 90.308 0.000 94.131 94.753 18.012 99.342 40.526 148.406 82.182 150.249 23.571 22.974 171.319 148.503 91.900 29.346 96.415 92.325 94.147 170.637 18.187 171.864 22.591 11.812 43.931 165.436 91.440 97.153 95.199 92.302 79.159 93.045 28.252 92.137 94.142 91.217 170.103 96.626 149.983 10.657 91.795 19.583 149.400 93.764 92.705 97.583 91.466 98.937 91.836 93.205 91.402 93.585 90.276 92.015 27.658 92.503 99.234 91.648 91.923 98.078 83.418 91.115 148.932 173.851 171.358 99.989 22.709 93.439 171.832 82.857 94.291
30.575 181.038 88.126 88.126 202.901 35.989 184.430 36.941 45.492 41.478 31.861 37.582 33.226 92.369 42.166 205.961 44.984 16.900 92.357 207.756 87.182 42.548 45.444 92.931 0.000 42.779 92.595 42.226 103.621 183.314 39.298 185.157 89.828 90.127 206.228 183.411 39.164 90.162 28.727 12.660 38.628 205.546 92.358 206.773 91.072 92.216 100.749 200.344 21.548 42.691 16.113 37.002 36.275 35.816 89.228 20.765 36.172 39.622 205.011 40.099 184.892 92.899 42.760 92.293 184.308 42.838 38.772 43.659 34.145 41.899 41.788 36.326 40.703 35.678 38.724 15.493 88.634 35.291 42.568 22.453 37.013 28.505 44.240 23.028 183.841 208.759 206.267 39.262 91.995 34.645 206.740 39.973 38.951
44.774 182.203 89.291 89.291 204.067 26.373 185.595 23.625 50.688 21.253 45.103 27.966 36.652 93.534 21.941 207.127 54.091 42.971 93.522 208.921 89.804 17.877 53.447 94.096 44.499 0.000 93.760 25.598 95.677 184.479 45.489 186.323 91.089 91.292 207.393 184.577 23.177 91.327 42.630 45.783 20.918 206.711 93.523 207.938 92.237 93.381 95.710 201.509 43.793 20.672 43.081 27.386 42.465 23.896 90.822 45.228 23.310 30.006 206.177 13.780 186.057 94.064 56.791 93.459 185.474 13.410 21.737 21.639 33.387 24.685 21.563 29.417 29.994 60.818 27.461 45.085 90.558 27.838 25.354 44.259 23.783 38.667 46.171 43.060 185.006 209.925 207.432 27.054 93.160 28.576 207.905 46.164 20.635
83.695 144.249 17.837 17.837 166.113 92.842 147.641 92.882 90.073 93.625 90.185 93.550 92.048 15.497 93.443 169.173 91.585 95.333 15.390 170.968 31.709 94.625 91.299 18.012 95.122 95.743 0.000 100.332 36.297 146.526 84.410 148.369 25.799 25.202 169.440 146.623 92.890 34.793 97.406 93.315 95.137 168.758 12.893 169.984 27.328 10.530 39.702 163.556 92.431 98.143 96.189 93.292 81.386 94.035 33.754 93.128 95.132 92.207 168.223 97.616 148.104 19.442 92.785 13.403 147.520 94.754 93.696 98.573 92.457 99.927 92.826 94.195 92.392 94.575 91.266 93.005 33.160 93.493 100.224 92.638 92.914 99.069 85.646 92.105 147.053 171.971 169.479 100.980 24.218 94.429 169.952 85.085 95.281
55.459 186.952 94.040 94.040 208.815 33.999 190.344 31.251 61.373 28.879 49.941 35.592 41.490 98.283 29.567 211.875 64.775 47.809 98.271 213.670 94.662 26.742 64.131 98.845 49.337 25.338 98.509 0.000 100.777 189.228 56.174 191.071 95.838 96.041 212.142 189.325 30.803 96.076 47.468 50.621 24.357 211.460 98.272 212.687 96.986 98.130 100.810 206.258 48.631 21.428 47.919 35.012 53.150 28.734 95.571 50.066 26.032 37.632 210.925 22.658 190.806 98.813 67.476 98.207 190.222 27.221 29.363 20.972 38.225 11.137 29.189 35.095 37.620 71.503 35.087 49.923 95.307 34.059 8.783 49.097 31.409 43.505 56.855 47.898 189.755 214.673 212.181 16.050 97.909 33.413 212.654 56.849 23.666
93.686 146.910 37.632 37.632 168.773 93.625 150.302 93.665 98.227 94.408 98.339 94.333 100.203 39.092 94.227 171.833 99.740 101.765 39.065 173.628 49.003 95.408 99.453 40.556 102.443 96.526 36.327 101.425 0.000 149.186 95.670 151.029 43.093 42.496 172.100 149.283 93.673 52.087 101.613 101.470 95.920 171.418 38.441 172.645 44.622 38.647 16.593 166.216 100.585 99.235 101.813 94.075 94.326 94.818 51.049 101.282 95.915 92.991 170.883 96.574 150.764 37.013 100.940 38.264 150.181 95.537 94.479 99.665 97.582 101.019 93.609 94.978 93.175 102.730 92.049 101.160 50.455 94.276 101.317 100.793 93.697 99.852 96.220 100.260 149.713 174.631 172.139 102.072 41.513 95.212 172.612 95.970 96.064
173.357 10.305 145.410 145.410 73.834 180.667 16.562 180.708 177.899 181.451 178.011 181.376 179.874 147.726 181.269 76.969 179.411 183.159 147.714 81.007 152.131 182.451 179.125 148.376 182.947 183.569 146.497 188.158 147.203 0.000 175.341 19.855 149.504 149.239 77.568 10.555 180.716 153.501 185.232 181.141 182.963 76.034 147.436 78.794 150.184 147.528 148.717 64.330 180.257 185.969 184.015 181.118 173.998 181.861 153.040 180.953 182.958 180.033 74.831 185.442 17.135 146.801 180.611 147.358 17.138 182.580 181.521 186.399 180.282 187.753 180.652 182.021 180.218 182.401 179.092 180.831 152.776 181.319 188.050 180.464 180.739 186.894 175.891 179.931 11.627 83.264 77.656 188.805 148.802 182.255 78.721 175.641 183.107
18.254 174.003 73.707 73.707 195.867 43.056 177.395 43.147 26.125 44.819 26.018 44.650 33.518 79.503 44.410 198.927 32.212 40.910 79.477 200.722 71.356 47.068 35.689 80.768 40.433 49.584 80.011 59.910 96.586 176.280 0.000 178.123 74.002 74.459 199.194 176.377 43.164 74.538 45.573 36.369 48.220 198.512 79.479 199.739 76.585 79.160 98.100 193.310 34.379 54.984 42.836 44.069 19.445 45.741 73.401 35.947 48.209 41.629 197.977 53.798 177.858 80.697 39.034 79.334 177.274 47.359 44.977 55.951 34.437 58.998 43.021 41.326 42.044 43.061 39.511 35.672 72.807 44.521 59.666 34.845 43.218 45.350 28.413 33.646 176.807 201.725 199.233 61.367 78.662 40.023 199.706 9.110 48.544
175.200 12.493 147.253 147.253 71.981 182.511 19.887 182.551 179.742 183.294 179.854 183.219 181.717 149.569 183.112 75.115 181.254 185.002 149.557 79.154 153.974 184.294 180.968 150.220 184.791 185.412 148.340 190.001 149.047 19.855 177.185 0.000 151.347 151.082 75.715 19.902 182.559 155.344 187.075 182.984 184.806 74.181 149.279 76.941 152.027 149.371 150.560 62.477 182.100 187.812 185.858 182.961 175.841 183.704 154.883 182.797 184.801 181.876 72.978 187.285 15.493 148.645 182.454 149.201 18.955 184.423 183.365 188.242 182.125 189.596 182.495 183.864 182.061 184.244 180.935 182.674 154.619 183.162 189.893 182.307 182.583 188.737 177.734 181.774 18.215 81.411 75.803 190.649 150.645 184.098 76.868 177.485 184.950
75.768 147.282 12.345 12.345 169.146 88.466 150.674 88.557 82.236 90.102 82.488 90.027 86.681 20.289 89.820 172.206 85.639 91.810 20.262 174.001 23.781 91.101 84.994 23.584 91.598 92.220 22.827 96.809 43.120 149.559 76.483 151.402 0.000 11.597 172.472 149.656 88.575 26.865 93.882 89.532 91.614 171.791 20.264 173.017 20.218 21.976 46.526 166.589 87.541 94.620 92.666 89.480 73.459 90.512 25.827 89.110 91.609 87.039 171.256 94.093 151.136 23.512 88.339 20.119 150.553 91.231 90.172 95.050 87.600 96.403 88.431 90.671 87.454 91.052 84.921 88.834 25.233 89.931 96.701 88.008 88.628 95.545 77.719 86.809 150.085 175.004 172.511 97.456 20.107 90.906 172.985 77.158 91.757
75.171 146.994 14.525 14.525 168.858 87.869 150.386 87.960 81.639 89.632 81.891 89.463 86.084 21.671 89.223 171.918 85.042 91.545 21.644 173.713 23.184 90.836 84.398 22.936 91.333 91.954 22.180 96.543 42.473 149.271 75.886 151.114 11.597 0.000 172.185 149.368 87.977 26.268 93.617 88.935 91.348 171.503 21.647 172.729 14.570 21.328 45.878 166.301 86.944 94.354 92.401 88.883 72.862 90.246 25.230 88.513 91.343 86.442 170.968 93.827 150.849 22.864 87.742 21.501 150.265 90.965 89.791 94.784 87.002 96.138 87.834 90.406 86.857 90.786 84.324 88.237 24.636 89.334 96.435 87.411 88.031 95.280 77.122 86.212 149.797 174.716 172.224 97.191 20.830 90.641 172.697 76.560 91.492
196.392 71.516 168.445 168.445 2.847 203.702 76.705 203.743 200.933 204.486 201.045 204.411 202.909 170.761 204.304 10.202 202.446 206.194 170.749 13.148 175.165 205.485 202.159 171.411 205.982 206.604 169.532 211.193 170.238 76.469 198.376 74.616 172.539 172.274 0.000 74.503 203.751 176.536 208.266 204.176 205.998 20.800 170.471 17.355 173.219 170.563 171.752 32.650 203.291 209.004 207.050 204.153 197.032 204.896 176.075 203.988 205.993 203.068 4.958 208.477 76.439 169.836 203.646 170.393 72.532 205.615 204.556 209.434 203.317 210.787 203.687 205.056 203.253 205.436 202.127 203.866 175.811 204.353 211.085 203.499 203.774 209.929 198.926 202.966 74.315 22.988 10.895 211.840 171.837 205.290 19.428 198.676 206.141
173.454 7.203 145.507 145.507 71.867 180.765 17.940 180.805 177.996 181.548 178.108 181.473 179.971 147.823 181.367 75.002 179.508 183.256 147.811 79.041 152.228 182.548 179.222 148.474 183.045 183.666 146.594 188.255 147.301 10.555 175.439 19.902 149.601 149.336 75.602 0.000 180.813 153.598 185.329 181.238 183.060 74.068 147.533 76.828 150.281 147.625 148.814 62.364 180.354 186.066 184.112 181.215 174.095 181.958 153.137 181.051 183.055 180.131 72.865 185.539 16.957 146.899 180.708 147.455 10.117 182.677 181.619 186.496 180.379 187.850 180.749 182.118 180.315 182.498 179.189 180.928 152.873 181.416 188.147 180.561 180.837 186.992 175.988 180.028 5.707 81.298 75.690 188.903 148.899 182.352 76.755 175.739 183.204
38.355 179.350 85.736 85.736 201.213 20.473 182.742 13.428 44.268 16.182 41.903 22.067 33.452 90.681 15.797 204.273 47.671 39.356 90.669 206.068 83.384 20.661 47.027 91.243 40.884 23.177 90.907 30.803 92.824 181.626 39.069 183.469 86.030 86.487 204.540 181.723 0.000 86.566 39.015 45.246 21.814 203.858 90.670 205.085 88.614 90.528 92.857 198.656 42.667 25.878 39.466 21.486 36.046 17.820 85.430 41.613 20.671 24.106 203.323 23.285 183.204 91.211 50.371 90.605 182.620 20.952 12.157 26.845 30.188 29.891 13.552 23.518 23.574 54.399 21.041 44.549 84.836 21.938 30.560 42.508 11.248 35.053 39.751 39.860 182.153 207.071 204.579 32.260 90.307 24.045 205.052 39.744 22.137
75.243 150.942 24.757 24.757 172.805 87.941 154.334 88.032 81.711 89.703 81.963 89.535 86.155 30.553 89.295 175.865 85.113 91.577 30.526 177.660 18.417 90.868 84.469 28.730 91.365 91.986 31.061 96.575 51.354 153.218 75.958 155.061 25.051 25.508 176.132 153.315 88.049 0.000 93.649 89.006 91.380 175.450 30.529 176.677 21.933 30.209 54.760 170.248 87.016 94.386 92.433 88.954 72.934 90.278 12.072 88.584 91.375 86.514 174.915 93.859 154.796 31.746 87.814 30.383 154.212 90.997 89.862 94.816 87.074 96.170 87.906 90.438 86.929 90.818 84.396 88.309 14.097 89.406 96.467 87.482 88.103 95.312 77.193 86.284 153.745 178.663 176.171 97.223 29.712 90.672 176.644 76.632 91.524
36.210 183.542 90.631 90.631 205.406 39.942 186.934 40.895 47.961 45.431 40.398 41.536 38.861 94.873 46.120 208.466 47.454 26.668 94.861 210.261 91.252 46.501 47.913 95.435 21.735 46.733 95.099 46.179 102.473 185.819 44.933 187.662 92.428 92.631 208.732 185.916 43.117 92.666 0.000 25.937 42.581 208.051 94.863 209.277 93.576 94.721 102.506 202.849 27.301 46.645 24.643 40.955 41.909 39.770 92.161 26.518 40.126 43.575 207.516 44.052 187.396 95.404 45.230 94.798 186.813 46.792 42.725 47.612 39.780 45.852 45.741 40.279 44.657 38.147 42.677 25.239 91.897 39.244 46.521 27.753 40.966 32.459 49.875 28.663 186.345 211.264 208.771 43.216 94.499 38.598 209.245 45.608 42.904
29.947 180.759 87.847 87.847 202.623 40.598 184.151 41.551 44.911 46.087 31.234 42.192 26.663 92.090 46.775 205.683 44.403 16.765 92.078 207.477 86.555 47.157 44.863 92.652 12.660 47.389 92.316 46.835 103.342 183.035 38.671 184.879 89.201 89.658 205.949 183.133 43.773 89.737 33.337 0.000 43.237 205.267 92.079 206.494 90.793 91.937 104.855 200.065 15.012 47.301 17.752 42.465 35.647 40.426 88.600 21.338 40.781 44.231 204.733 44.708 184.613 92.620 42.179 92.015 184.030 47.447 43.381 48.268 30.827 46.508 46.397 40.406 43.287 35.097 43.334 6.570 88.007 41.214 47.177 18.442 41.622 33.114 43.613 14.517 183.562 208.481 205.988 43.871 91.716 39.104 206.461 39.346 43.560
39.665 181.597 88.685 88.685 203.461 25.009 184.989 22.261 49.325 19.889 40.951 26.603 32.500 92.928 20.578 206.521 52.727 38.819 92.916 208.315 88.440 20.959 52.083 93.490 40.347 21.326 93.154 24.357 95.071 183.873 44.126 185.717 90.483 90.686 206.787 183.971 21.814 90.721 38.478 41.631 0.000 206.105 92.917 207.332 91.631 92.775 95.104 200.903 39.641 19.795 38.929 26.023 41.102 19.744 90.216 41.076 13.930 28.642 205.571 12.470 185.451 93.458 55.427 92.853 184.868 21.035 20.374 20.399 29.236 23.445 20.200 26.105 28.630 51.328 26.097 40.934 89.892 25.069 24.114 40.107 22.420 34.516 44.807 38.909 184.400 209.319 206.826 25.814 92.554 24.424 207.299 44.800 5.958
195.710 69.982 167.763 167.763 17.065 203.021 75.170 203.061 200.252 203.804 200.364 203.729 202.227 170.079 203.622 18.883 201.764 205.512 170.067 22.250 174.484 204.804 201.478 170.730 205.301 205.922 168.850 210.511 169.556 74.935 197.695 73.082 171.857 171.592 20.800 72.969 203.069 175.854 207.585 203.494 205.316 0.000 169.789 17.470 172.537 169.881 171.070 31.116 202.610 208.322 206.368 203.471 196.351 204.214 175.393 203.307 205.311 202.386 19.527 207.795 74.905 169.155 202.964 169.711 70.998 204.933 203.875 208.752 202.635 210.106 203.005 204.374 202.571 204.754 201.445 203.184 175.129 203.672 210.403 202.817 203.093 209.247 198.244 202.284 72.781 24.508 20.888 211.159 171.155 204.608 16.437 197.995 205.460
80.128 145.208 9.967 9.967 167.072 91.256 148.600 91.296 86.596 92.039 86.848 91.964 90.462 5.603 91.858 170.132 89.999 93.748 5.497 171.927 28.141 93.039 89.354 18.187 93.536 94.157 12.893 98.747 38.454 147.485 80.843 149.328 20.156 21.634 170.399 147.582 91.304 31.225 95.820 91.729 93.551 169.717 0.000 170.943 23.760 13.035 41.860 164.515 90.845 96.557 94.604 91.706 77.819 92.449 30.187 91.542 93.546 90.622 169.182 96.030 149.063 19.690 91.199 5.207 148.479 93.168 92.110 96.987 90.871 98.341 91.240 92.609 90.806 92.989 89.281 91.420 29.593 91.907 98.639 91.052 91.328 97.483 82.078 90.519 148.011 172.930 170.438 99.394 16.512 92.844 170.911 81.517 93.695
196.937 72.742 168.990 168.990 11.508 204.247 77.930 204.287 201.478 205.030 201.590 204.955 203.453 171.305 204.849 12.628 202.990 206.739 171.293 14.812 175.710 206.030 202.704 171.956 206.527 207.148 170.077 211.738 170.783 77.695 198.921 75.842 173.084 172.818 17.355 75.729 204.295 177.081 208.811 204.721 206.542 17.470 171.016 0.000 173.763 171.108 172.297 33.876 203.836 209.549 207.595 204.697 197.577 205.440 176.619 204.533 206.537 203.613 19.313 209.021 77.664 170.381 204.191 170.937 73.758 206.159 205.101 209.978 203.862 211.332 204.231 205.600 203.797 205.981 202.671 204.411 176.355 204.898 211.630 204.043 204.319 210.474 199.470 203.511 75.540 17.067 17.487 212.385 172.381 205.835 5.073 199.221 206.686
77.297 147.939 18.002 18.002 169.803 89.995 151.331 90.038 83.765 90.781 84.017 90.706 88.210 23.798 90.600 172.863 87.168 92.490 23.771 174.658 21.306 91.781 86.524 22.684 92.278 92.899 24.306 97.489 44.599 150.216 78.012 152.059 20.218 14.570 173.130 150.313 90.046 22.642 94.562 90.471 92.293 172.448 23.773 173.674 0.000 23.454 48.005 167.246 89.071 95.299 93.346 90.448 74.988 91.191 21.548 90.284 92.288 88.569 171.913 94.772 151.794 24.991 89.868 23.628 151.210 91.910 90.852 95.729 89.129 97.083 89.960 91.351 88.983 91.731 86.450 90.162 20.954 90.649 97.381 89.537 90.070 96.225 79.248 88.338 150.742 175.661 173.169 98.136 22.957 91.586 173.642 78.687 92.437
79.859 145.281 16.068 16.068 167.144 91.137 148.673 91.177 86.327 91.920 86.579 91.845 90.343 14.453 91.738 170.204 89.730 93.628 14.347 171.999 27.872 92.920 89.086 11.812 93.417 94.038 10.530 98.627 38.617 147.557 80.574 149.400 21.962 21.365 170.471 147.654 91.185 30.956 95.701 91.610 93.432 169.789 13.035 171.016 23.492 0.000 42.022 164.587 90.726 96.438 94.484 91.587 77.550 92.330 29.918 91.423 93.427 90.502 169.254 95.911 149.135 13.242 91.080 14.432 148.551 93.049 91.991 96.868 90.751 98.222 91.121 92.490 90.687 92.870 89.012 91.300 29.324 91.788 98.519 90.933 91.209 97.363 81.810 90.400 148.084 173.002 170.510 99.275 21.101 92.724 170.983 81.249 93.576
95.200 148.423 41.038 41.038 170.287 93.658 151.815 93.698 99.600 94.441 99.853 94.366 99.066 42.498 94.259 173.347 101.113 101.797 42.471 175.142 52.409 95.441 100.826 43.962 102.476 96.559 39.733 101.457 16.593 150.700 97.184 152.543 46.499 45.901 173.614 150.797 93.706 55.492 101.646 102.983 95.953 172.932 41.846 174.158 48.028 42.053 0.000 167.730 102.099 99.268 101.846 94.108 95.840 94.851 54.454 102.800 95.948 93.024 172.397 96.607 152.278 40.418 102.313 41.669 151.694 95.570 94.512 99.698 97.615 101.052 93.642 95.011 93.208 104.103 92.082 102.673 53.860 94.309 101.349 102.306 93.730 99.885 97.593 101.773 151.226 176.145 173.653 102.105 44.918 95.245 174.126 97.484 96.097
190.508 58.278 162.561 162.561 28.915 197.819 63.466 197.859 195.050 198.602 195.162 198.527 197.025 164.877 198.421 32.050 196.562 200.310 164.865 36.089 169.282 199.602 196.276 165.528 200.099 200.720 163.648 205.309 164.355 63.231 192.493 61.378 166.655 166.390 32.650 61.265 197.867 170.652 202.383 198.292 200.114 31.116 164.587 33.876 167.335 164.679 165.868 0.000 197.408 203.120 201.166 198.269 191.149 199.012 170.191 198.105 200.109 197.185 29.913 202.593 63.200 163.953 197.762 164.509 59.294 199.731 198.673 203.550 197.434 204.904 197.803 199.172 197.369 199.552 196.243 197.982 169.927 198.470 205.201 197.615 197.891 204.046 193.042 197.082 61.076 38.346 32.738 205.957 165.953 199.406 33.803 192.793 200.258
27.380 179.618 86.339 86.339 201.481 40.838 183.010 41.790 45.563 46.326 28.667 41.343 14.972 90.949 47.015 204.541 43.273 16.770 90.937 206.336 83.987 47.396 43.733 91.511 22.166 47.628 91.175 47.074 102.201 181.894 36.103 183.737 86.634 87.091 204.808 181.991 44.013 87.170 31.289 15.012 43.476 204.126 90.938 205.353 89.217 90.796 103.714 198.924 0.000 47.540 19.313 39.897 33.079 40.665 86.033 12.455 41.021 43.383 203.591 44.947 183.472 91.479 41.049 90.873 182.889 47.687 43.621 48.507 20.975 46.748 46.637 37.839 40.720 33.967 43.573 12.290 85.439 38.647 47.417 6.750 41.861 31.067 41.045 5.638 182.421 207.340 204.847 44.111 90.575 36.536 205.320 36.778 43.800
51.265 185.087 92.176 92.176 206.951 29.804 188.479 27.057 57.178 24.685 45.747 31.398 37.295 96.419 25.373 210.011 60.581 43.615 96.407 211.806 92.797 22.548 59.937 96.981 45.142 21.144 96.645 20.261 98.913 187.364 51.980 189.207 93.974 94.177 210.278 187.461 26.609 94.212 43.273 46.427 19.795 209.596 96.408 210.823 95.122 96.266 98.946 204.394 44.436 0.000 43.724 30.818 48.956 24.540 93.707 45.871 21.838 33.438 209.061 13.762 188.942 96.949 63.282 96.343 188.358 23.026 25.169 7.192 34.031 17.253 24.995 30.900 33.426 67.309 30.893 45.729 93.443 29.865 20.018 44.903 27.215 39.311 52.661 43.704 187.891 212.809 210.317 21.718 96.045 29.219 210.790 52.654 18.532
35.100 183.049 90.137 90.137 204.913 34.056 186.441 35.008 48.981 39.544 36.387 35.649 29.788 94.380 40.233 207.973 48.474 5.543 94.368 209.767 90.759 40.615 48.933 94.942 16.113 40.846 94.606 40.292 99.857 185.325 43.823 187.169 91.935 92.138 208.239 185.423 37.231 92.173 26.794 17.752 36.694 207.557 94.369 208.784 93.083 94.227 99.890 202.355 19.313 40.758 0.000 35.069 40.800 33.883 91.668 19.158 34.239 37.689 207.023 38.166 186.903 94.910 46.250 94.305 186.320 40.905 36.839 41.725 30.672 39.966 39.855 34.393 38.770 39.167 36.791 17.300 91.404 33.358 40.634 23.063 35.079 26.572 48.765 21.518 185.852 210.771 208.278 37.329 94.006 32.712 208.751 44.498 37.018
34.035 179.412 85.877 85.877 201.276 10.188 182.804 19.264 44.410 23.800 35.321 13.648 26.870 90.744 24.489 204.336 47.812 37.432 90.732 206.131 83.525 24.870 47.168 91.306 38.959 27.386 90.969 35.012 92.887 181.689 39.211 183.532 86.171 86.628 204.603 181.786 21.486 86.707 37.091 36.001 26.023 203.921 90.733 205.147 88.755 90.591 92.920 198.719 34.011 30.086 37.542 0.000 36.187 21.858 85.571 39.689 24.271 18.877 203.386 27.494 183.267 91.274 50.513 90.668 182.683 25.160 21.094 31.054 23.605 34.100 24.110 10.225 19.230 54.540 21.046 35.303 84.977 5.975 34.769 34.477 19.335 33.128 39.892 33.278 182.215 207.134 204.642 36.469 90.370 13.495 205.115 39.885 26.346
23.617 171.582 68.260 68.260 193.446 37.608 174.974 37.699 27.483 39.371 39.865 39.202 40.983 74.056 38.962 196.506 30.886 55.923 74.029 198.301 65.908 41.620 30.242 75.320 54.592 44.136 74.564 54.462 94.165 173.859 19.445 175.702 68.554 69.011 196.773 173.956 37.717 69.090 55.582 43.834 42.773 196.091 74.032 197.317 71.137 73.712 95.679 190.889 41.844 49.537 56.032 38.622 0.000 40.293 67.954 52.579 42.762 36.181 195.556 48.351 175.437 75.249 33.586 73.886 174.853 41.911 39.530 50.504 46.512 53.550 37.573 40.653 36.596 37.613 34.063 43.137 67.359 39.073 54.219 51.544 37.770 51.619 22.966 41.111 174.385 199.304 196.812 55.919 73.215 41.180 197.285 21.765 43.096
36.854 180.476 87.565 87.565 202.340 20.844 183.868 13.165 46.803 21.056 38.140 22.438 29.689 91.807 21.744 205.400 50.205 36.008 91.795 207.195 85.918 22.125 49.561 92.369 37.536 23.896 92.033 28.734 93.951 182.753 41.604 184.596 88.565 89.022 205.666 182.850 17.820 89.101 35.667 38.820 19.744 204.985 91.797 206.211 90.510 91.655 93.983 199.783 36.830 23.809 36.118 21.858 38.580 0.000 87.964 38.265 11.250 24.478 204.450 21.216 184.330 92.338 52.906 91.732 183.747 22.416 14.810 24.776 26.424 27.822 21.366 23.294 25.559 48.517 23.580 38.123 87.370 22.309 28.491 37.296 14.428 31.704 42.285 36.097 183.279 208.198 205.705 30.191 91.433 21.613 206.179 42.279 20.068
74.106 150.521 23.810 23.810 172.385 86.804 153.913 86.895 80.574 88.567 80.826 88.398 85.019 29.606 88.158 175.445 83.977 91.071 29.579 177.239 12.385 90.363 83.333 27.783 90.860 91.481 30.115 96.070 50.407 152.797 74.821 154.641 24.105 24.562 175.711 152.895 86.913 12.072 93.144 87.870 90.875 175.029 29.582 176.256 20.987 29.263 53.813 169.828 85.879 93.881 91.927 87.817 71.797 89.489 0.000 87.448 90.870 85.377 174.495 93.354 154.375 30.799 86.677 29.436 153.792 90.492 88.726 94.311 85.938 95.665 86.769 89.849 85.792 90.313 83.259 87.172 5.555 88.269 95.962 86.346 86.966 94.807 76.057 85.147 153.324 178.243 175.750 96.718 28.765 90.167 176.223 75.496 91.019
28.737 180.221 87.309 87.309 202.084 40.953 183.613 41.905 46.919 46.441 30.023 42.546 17.692 91.552 47.130 205.144 43.504 17.687 91.540 206.939 85.344 47.512 43.963 92.114 21.424 47.743 91.778 47.189 102.804 182.497 37.460 184.340 87.990 88.448 205.411 182.595 44.128 88.526 31.405 19.974 43.591 204.729 91.541 205.956 90.255 91.399 104.317 199.527 12.455 47.655 19.158 41.966 34.436 40.780 87.390 0.000 41.136 44.586 204.195 45.063 184.075 92.082 41.280 91.477 183.491 47.802 43.736 48.622 18.575 46.863 46.752 39.196 42.077 34.198 43.688 18.617 86.796 40.255 47.532 14.383 41.976 31.182 42.402 15.072 183.024 207.943 205.450 44.226 91.178 37.893 205.923 38.135 43.915
37.210 181.608 88.696 88.696 203.471 23.312 185.000 20.383 49.349 22.281 38.496 24.906 30.045 92.939 22.970 206.531 52.752 36.364 92.927 208.326 88.465 23.351 52.108 93.501 37.892 23.001 93.165 26.032 95.082 183.884 44.150 185.727 90.494 90.697 206.798 183.981 20.671 90.732 36.023 39.176 13.930 206.116 92.928 207.343 91.642 92.786 95.115 200.914 37.186 21.107 36.474 24.326 41.126 11.250 90.227 38.621 0.000 26.945 205.581 20.320 185.462 93.469 55.452 92.863 184.879 23.642 18.448 22.074 26.780 25.120 22.591 23.650 28.027 48.873 26.048 38.479 89.917 22.614 25.789 37.652 20.184 32.060 44.832 36.453 184.411 209.330 206.837 27.489 92.565 21.969 207.310 44.825 14.252
34.385 177.585 81.766 81.766 199.449 19.521 180.977 21.963 40.298 23.648 38.766 15.912 30.315 87.562 23.240 202.509 43.701 40.187 87.535 204.304 79.414 25.898 43.057 88.826 41.714 28.414 88.070 36.040 91.060 179.862 35.099 181.705 82.060 82.517 202.775 179.959 21.994 82.596 39.846 39.446 27.050 202.094 87.538 203.320 84.644 87.218 91.092 196.892 37.456 31.114 40.297 19.129 32.075 24.557 81.460 42.444 27.026 0.000 201.559 28.522 181.439 88.755 46.401 87.392 180.856 26.188 23.794 32.081 27.050 35.128 21.851 22.204 9.875 50.428 7.583 38.749 80.866 19.580 35.797 37.922 22.034 35.883 35.781 36.723 180.388 205.307 202.815 37.496 86.721 24.874 203.288 35.774 27.374
195.175 68.779 167.229 167.229 4.805 202.486 73.967 202.526 199.717 203.269 199.829 203.194 201.692 169.544 203.088 12.160 201.229 204.977 169.532 15.107 173.949 204.269 200.943 170.195 204.766 205.387 168.315 209.976 169.022 73.732 197.160 71.879 171.322 171.057 4.958 71.766 202.534 175.320 207.050 202.959 204.781 20.849 169.255 19.313 172.002 169.346 170.535 29.913 202.075 207.787 205.834 202.936 195.816 203.679 174.858 202.772 204.776 201.852 0.000 207.260 73.701 168.620 202.429 169.176 69.795 204.398 203.340 208.217 202.101 209.571 202.470 203.839 202.036 204.219 200.910 202.649 174.594 203.137 209.868 202.282 202.558 208.713 197.709 201.749 71.578 25.190 12.853 210.624 170.620 204.073 20.647 197.460 204.925
41.136 184.172 91.261 91.261 206.036 26.480 187.564 23.732 55.119 21.360 42.423 28.074 33.971 95.503 22.049 209.096 58.522 40.291 95.492 210.891 91.882 17.867 57.878 96.065 41.818 13.780 95.729 22.917 95.725 186.449 49.920 188.292 93.058 93.261 209.363 186.546 23.285 93.297 39.950 43.102 12.470 208.681 95.493 209.907 94.207 95.351 95.758 203.479 41.112 13.762 40.400 27.494 46.896 21.216 92.791 42.547 20.630 30.114 208.146 0.000 188.027 96.034 61.222 95.428 187.443 16.753 21.845 16.807 30.707 22.005 21.671 27.576 30.102 65.250 27.569 42.405 92.527 26.541 22.674 41.579 23.891 35.987 50.602 40.380 186.975 211.894 209.402 24.373 95.130 25.895 209.875 50.595 14.730
174.935 7.463 146.988 146.988 73.803 182.245 7.845 182.285 179.476 183.029 179.588 182.953 181.452 149.304 182.847 76.938 180.989 184.737 149.292 80.976 153.708 184.028 180.702 149.954 184.525 185.147 148.075 189.736 148.781 17.135 176.919 15.493 151.082 150.816 77.538 16.957 182.293 155.079 186.809 182.719 184.541 76.004 149.014 78.763 151.761 149.106 150.295 64.300 181.834 187.547 185.593 182.696 175.575 183.438 154.618 182.531 184.536 181.611 74.800 187.020 0.000 148.379 182.189 148.935 17.593 184.157 183.099 187.977 181.860 189.330 182.230 183.598 181.795 183.979 180.670 182.409 154.353 182.896 189.628 182.041 182.317 188.472 177.469 181.509 15.270 83.234 77.626 190.383 150.379 183.833 78.691 177.219 184.684
84.380 144.554 21.023 21.023 166.418 93.146 147.946 93.186 90.377 93.929 90.489 93.854 92.353 21.108 93.748 169.478 91.889 95.638 21.002 171.272 32.394 94.929 91.603 10.657 95.426 96.047 19.442 100.637 36.982 146.831 85.095 148.674 26.484 25.887 169.744 146.928 93.194 35.477 97.710 93.620 95.441 169.062 19.690 170.289 28.013 13.242 40.387 163.861 92.735 98.448 96.494 93.597 82.071 94.339 34.439 93.432 95.437 92.512 168.528 97.920 148.408 0.000 93.090 21.087 147.825 95.058 94.000 98.877 92.761 100.231 93.131 94.499 92.696 94.880 91.570 93.310 33.845 93.797 100.529 92.942 93.218 99.373 86.331 92.409 147.357 172.276 169.783 101.284 24.904 94.734 170.257 85.770 95.585
24.373 178.827 84.560 84.560 200.691 52.972 182.219 53.062 20.750 54.734 28.600 47.945 36.633 90.159 54.326 203.751 19.667 46.240 90.147 205.546 82.209 56.984 14.470 90.720 41.308 59.500 90.384 69.826 101.410 181.104 41.764 182.947 84.855 85.312 204.017 181.201 53.080 85.391 48.921 41.712 58.136 203.336 90.148 204.562 87.438 90.006 101.087 198.134 37.507 64.900 44.215 46.499 38.740 48.831 84.254 39.295 49.187 51.545 202.801 63.714 182.681 90.689 0.000 90.083 182.098 57.274 54.893 65.867 37.552 68.914 52.937 44.441 51.960 26.349 49.427 41.015 83.660 45.248 69.583 38.260 53.134 48.699 31.872 36.775 181.630 206.549 204.057 71.282 89.516 43.138 204.530 41.453 58.460
79.982 145.130 9.835 9.835 166.994 91.191 148.522 91.231 86.450 91.975 86.702 91.899 90.398 6.305 91.793 170.054 89.853 93.683 6.198 171.849 27.995 92.974 89.208 19.583 93.471 94.093 13.403 98.682 38.278 147.407 80.697 149.250 20.010 21.488 170.320 147.504 91.239 31.079 95.755 91.665 93.487 169.638 5.207 170.865 23.614 14.432 41.683 164.437 90.780 96.493 94.539 91.642 77.673 92.384 30.041 91.477 93.482 90.557 169.104 95.965 148.984 18.670 91.135 0.000 148.401 93.103 92.045 96.922 90.806 98.276 91.176 92.544 90.741 92.925 89.135 91.355 29.447 91.842 98.574 90.987 91.263 97.418 81.933 90.455 147.933 172.852 170.359 99.329 16.010 92.779 170.833 81.371 93.630
174.351 7.840 146.404 146.404 69.897 181.662 19.852 181.702 178.893 182.445 179.005 182.370 180.868 148.720 182.264 73.032 180.405 184.153 148.708 77.070 153.125 183.445 180.119 149.371 183.942 184.563 147.491 189.152 148.198 17.138 176.336 18.955 150.498 150.233 73.632 10.117 181.710 154.495 186.226 182.135 183.957 72.097 148.430 74.857 151.178 148.522 149.711 60.393 181.251 186.963 185.009 182.112 174.992 182.855 154.034 181.948 183.952 181.028 70.894 186.436 17.593 147.796 181.605 148.352 0.000 183.574 182.516 187.393 181.277 188.747 181.646 183.015 181.212 183.395 180.086 181.825 153.770 182.313 189.044 181.458 181.734 187.889 176.885 180.925 9.127 79.328 73.720 189.800 149.796 183.249 74.784 176.636 184.101
42.549 181.214 88.302 88.302 203.077 24.147 184.606 21.399 48.463 15.058 45.435 25.741 36.983 92.545 14.392 206.137 51.865 43.031 92.533 207.932 87.578 7.927 51.221 93.107 44.558 13.410 92.771 27.480 94.688 183.490 43.264 185.333 90.100 90.303 206.404 183.587 20.952 90.338 42.689 46.114 21.035 205.722 92.534 206.949 91.248 92.392 94.721 200.520 44.124 22.554 43.140 25.160 40.240 22.416 89.624 45.287 23.642 27.780 205.187 16.753 185.068 93.075 54.565 92.469 184.485 0.000 20.477 23.522 33.719 26.568 19.605 27.192 27.768 58.593 25.235 45.417 89.030 25.612 27.237 46.183 21.558 38.727 43.945 43.392 184.017 208.935 206.443 28.937 92.171 28.907 206.916 43.938 21.573
40.126 180.137 87.225 87.225 202.000 20.081 183.529 11.470 46.040 15.982 41.511 21.675 33.060 91.468 17.752 205.060 49.442 38.964 91.456 206.855 85.155 17.730 48.798 92.030 40.492 21.737 91.694 29.363 93.611 182.413 40.841 184.256 87.801 88.258 205.327 182.511 12.157 88.337 38.623 44.854 20.374 204.645 91.457 205.872 90.171 91.315 93.644 199.443 42.275 24.438 39.074 21.094 37.817 14.810 87.201 41.221 18.448 23.714 204.111 21.845 183.991 91.998 52.142 91.392 183.407 20.477 0.000 25.405 29.795 28.451 16.393 23.126 24.796 56.170 22.817 44.157 86.607 21.546 29.120 42.116 11.562 34.660 41.522 39.468 182.940 207.859 205.366 30.820 91.094 23.653 205.839 41.515 20.697
51.501 185.192 92.281 92.281 207.056 30.040 188.584 27.293 57.415 24.920 45.983 31.634 37.531 96.524 25.609 210.116 60.817 43.850 96.512 211.911 92.902 22.784 60.173 97.086 45.378 21.380 96.749 20.972 99.018 187.469 52.216 189.312 94.078 94.282 210.383 187.566 26.845 94.317 43.510 46.662 20.399 209.701 96.513 210.927 95.227 96.371 99.051 204.499 44.672 7.192 43.960 31.054 49.192 24.776 93.811 46.108 22.074 33.673 209.166 16.807 189.047 97.054 63.517 96.448 188.463 23.262 25.405 0.000 34.267 14.895 25.231 31.136 33.662 67.545 31.129 45.965 93.547 30.101 19.958 45.139 27.451 39.547 52.897 43.939 187.995 212.914 210.422 21.017 96.150 29.455 210.895 52.890 19.708
25.575 178.816 84.535 84.535 200.679 25.351 182.208 27.549 43.758 32.358 26.862 25.539 14.558 90.147 33.047 203.739 39.963 28.128 90.135 205.534 82.183 33.156 46.516 90.709 31.606 33.387 90.373 38.225 96.192 181.092 34.299 182.935 84.829 85.286 204.006 181.189 29.772 85.365 39.545 27.541 29.236 203.324 90.136 204.551 87.412 89.987 96.225 198.122 20.975 33.300 30.672 24.093 31.275 26.424 84.228 18.575 26.780 27.578 202.789 30.707 182.670 90.677 37.739 90.071 182.086 33.446 29.380 34.267 0.000 37.313 32.668 22.035 24.916 37.239 27.903 26.844 83.634 22.842 37.982 20.025 27.620 35.582 39.241 21.873 181.619 206.537 204.045 39.682 89.489 20.732 204.518 34.973 29.559
55.758 187.085 94.173 94.173 208.948 34.298 190.477 31.550 61.672 29.178 50.240 35.891 41.789 98.416 29.867 212.008 65.075 48.108 98.404 213.803 94.795 27.041 64.430 98.978 49.636 25.637 98.642 11.137 100.910 189.361 56.473 191.204 95.971 96.174 212.275 189.458 31.102 96.209 47.767 50.920 24.656 211.593 98.405 212.820 97.119 98.263 100.943 206.391 48.930 17.253 48.218 35.311 53.449 29.033 95.704 50.365 26.331 37.931 211.058 22.957 190.939 98.946 67.775 98.340 190.355 27.520 29.663 14.895 38.524 0.000 29.488 35.394 37.919 71.802 35.386 50.222 95.440 34.358 9.307 49.396 31.708 43.804 57.155 48.197 189.888 214.806 212.314 20.572 98.042 33.713 212.787 57.148 23.965
38.211 179.286 85.593 85.593 201.150 23.097 182.678 20.349 44.125 9.800 44.931 24.691 35.933 90.617 9.415 204.210 47.527 41.980 90.605 206.004 83.241 17.033 46.883 91.179 43.508 21.563 90.843 29.189 92.760 181.563 38.926 183.406 85.887 86.344 204.476 181.660 13.552 86.423 41.639 45.064 20.200 203.794 90.607 205.021 88.470 90.465 92.793 198.593 43.074 24.263 42.090 24.110 35.902 21.366 85.286 44.237 22.591 23.016 203.260 21.671 183.140 91.147 50.228 90.542 182.557 19.605 16.393 25.231 32.668 28.277 0.000 26.142 23.431 54.255 20.898 44.367 84.692 24.562 28.946 45.132 20.367 37.676 39.608 42.341 182.089 207.008 204.515 30.646 90.243 27.857 204.989 39.601 20.523
32.464 180.315 87.404 87.404 202.179 15.033 183.707 21.295 46.441 25.831 33.751 15.603 25.299 91.646 26.520 205.239 49.843 36.755 91.635 207.034 85.557 26.901 49.199 92.208 38.283 29.417 91.872 35.095 93.790 182.592 41.242 184.435 88.203 88.660 205.505 182.689 23.518 88.739 36.414 34.430 26.105 204.824 91.636 206.050 90.349 91.494 93.823 199.622 32.440 30.169 36.865 10.225 38.218 23.294 87.602 34.008 23.650 20.909 204.289 27.576 184.169 92.177 44.627 91.571 183.586 27.192 23.126 31.136 22.035 34.182 26.142 0.000 19.740 44.127 23.078 33.733 87.008 10.820 34.851 32.906 21.366 32.452 41.924 31.708 183.118 208.037 205.545 36.551 91.273 13.657 206.018 41.917 26.428
33.587 177.231 80.969 80.969 199.095 20.351 180.623 22.965 39.501 25.281 36.632 11.187 28.180 86.765 24.872 202.155 42.904 41.133 86.738 203.949 78.617 27.530 42.260 88.029 42.661 30.046 87.273 37.672 91.785 179.507 34.302 181.351 81.263 81.720 202.421 179.605 23.627 81.800 40.792 37.311 28.683 201.739 86.741 202.966 83.847 86.422 91.818 196.537 35.321 32.747 41.243 19.230 31.278 25.559 80.663 36.889 27.972 9.875 201.205 30.154 181.085 87.958 45.604 86.595 180.502 27.821 24.796 33.714 24.916 36.760 23.483 20.069 0.000 49.632 13.783 36.614 80.068 20.410 37.429 35.787 23.036 36.829 34.984 34.588 180.034 204.953 202.460 39.129 85.924 22.739 202.933 34.977 29.006
18.521 176.906 80.237 80.237 198.769 36.408 180.298 38.607 39.187 43.416 11.902 36.596 25.284 86.033 44.104 201.829 34.039 32.689 86.006 203.624 77.885 44.213 27.143 87.298 32.213 44.445 86.541 49.282 99.489 179.182 27.832 181.025 80.532 80.989 202.096 179.279 40.829 81.068 37.352 28.149 40.293 201.414 86.009 202.641 83.115 85.690 101.002 196.212 26.159 44.357 34.616 35.150 26.977 37.482 79.931 27.727 37.838 38.635 200.879 41.764 180.760 87.227 31.815 85.863 180.176 44.504 40.438 45.324 26.203 48.370 43.726 33.092 35.973 0.000 38.961 27.451 79.337 33.900 49.039 26.625 38.678 37.130 34.943 25.426 179.709 204.627 202.135 50.739 85.192 31.790 202.608 26.913 40.616
33.769 177.311 81.150 81.150 199.175 20.045 180.703 21.347 39.682 23.032 40.489 18.802 31.370 86.946 22.624 202.235 43.085 39.571 86.919 204.030 78.798 25.282 42.441 88.210 41.099 27.798 87.454 35.424 90.786 179.588 34.484 181.431 81.444 81.901 202.502 179.685 21.378 81.980 39.230 40.502 26.434 201.820 86.922 203.046 84.028 86.603 90.819 196.618 38.511 30.498 39.681 20.388 31.460 23.942 80.844 41.828 26.410 7.583 201.285 27.906 181.166 88.139 45.785 86.776 180.582 25.573 23.178 31.466 28.106 34.512 21.235 23.260 13.783 49.813 0.000 39.804 80.250 20.840 35.181 38.978 21.419 35.267 35.165 37.779 180.114 205.033 202.541 36.880 86.105 25.930 203.014 35.158 26.758
29.835 180.709 87.798 87.798 202.573 40.486 184.101 41.438 44.799 45.975 31.122 42.080 24.095 92.040 46.663 205.633 44.291 14.758 92.028 207.427 86.443 47.045 44.751 92.602 15.493 47.276 92.266 46.722 103.292 182.986 38.559 184.829 89.089 89.546 205.899 183.083 43.661 89.625 33.224 6.570 43.124 205.217 92.030 206.444 90.743 91.888 104.805 200.016 12.290 47.189 17.300 42.352 35.535 40.313 88.488 18.617 40.669 44.119 204.683 44.596 184.563 92.571 42.067 91.965 183.980 47.335 43.269 48.156 28.105 46.396 46.285 40.294 43.175 34.985 43.221 0.000 87.894 41.102 47.065 15.873 41.510 33.002 43.501 12.003 183.512 208.431 205.938 43.759 91.666 38.992 206.412 39.233 43.448
73.512 150.527 23.825 23.825 172.391 86.210 153.919 86.301 79.980 87.973 80.232 87.804 84.425 29.620 87.564 175.451 83.383 90.807 29.594 177.246 9.830 90.099 82.739 27.874 90.596 91.217 30.129 95.806 50.422 152.804 74.227 154.647 24.119 24.576 175.717 152.901 86.318 14.097 92.880 87.276 90.611 175.036 29.596 176.262 21.077 29.277 53.827 169.834 85.285 93.617 91.663 87.224 71.203 88.895 5.555 86.854 90.606 84.783 174.501 93.090 154.382 30.814 86.083 29.450 153.798 90.228 88.132 94.047 85.343 95.401 86.175 89.255 85.198 90.049 82.665 86.578 0.000 87.675 95.698 85.752 86.372 94.543 75.463 84.553 153.330 178.249 175.757 96.454 28.779 89.782 176.230 74.901 90.755
33.272 179.613 86.329 86.329 201.477 8.907 183.005 20.525 44.861 24.252 34.558 16.260 26.107 90.944 24.940 204.537 48.264 35.720 90.932 206.332 83.977 25.322 47.620 91.506 37.248 27.838 91.170 34.059 93.088 181.890 39.662 183.733 86.623 87.080 204.803 181.987 21.938 87.159 35.379 35.238 25.069 204.122 90.934 205.348 89.206 90.792 93.120 198.920 33.247 29.134 35.830 5.975 36.638 22.258 86.023 34.816 22.614 19.329 203.587 26.541 183.467 91.475 50.964 90.869 182.884 25.612 21.546 30.101 22.842 33.147 24.562 10.820 20.410 44.935 21.498 34.540 85.429 0.000 33.816 33.714 19.787 31.416 40.344 32.515 182.416 207.335 204.842 35.516 90.571 11.258 205.316 40.337 25.393
55.216 186.843 93.932 93.932 208.707 33.755 190.235 31.008 61.130 28.636 49.698 35.349 41.246 98.175 29.324 211.767 64.532 47.566 98.163 213.562 94.553 26.499 63.888 98.737 49.093 25.095 98.401 8.783 100.669 189.120 55.931 190.963 95.730 95.933 212.034 189.217 30.560 95.968 47.224 50.378 24.114 211.352 98.164 212.579 96.878 98.022 100.702 206.150 48.387 21.185 47.675 34.769 52.907 28.491 95.463 49.822 25.789 37.389 210.817 22.415 190.698 98.705 67.233 98.099 190.114 26.977 29.120 19.958 37.982 9.307 28.946 34.851 37.377 71.260 34.844 49.680 95.199 33.816 0.000 48.854 31.166 43.262 56.612 47.655 189.647 214.565 212.073 18.260 97.801 33.170 212.546 56.605 23.423
26.069 179.035 85.028 85.028 200.899 39.292 182.427 40.245 44.252 44.781 27.355 40.886 12.515 90.366 45.469 203.959 41.843 20.520 90.354 205.754 82.676 45.851 42.303 90.928 23.219 46.083 90.592 45.529 101.618 181.312 34.793 183.155 85.323 85.780 204.225 181.409 42.467 85.859 29.744 18.442 41.931 203.543 90.356 204.770 87.906 90.214 103.131 198.342 6.750 45.995 23.063 40.305 31.769 39.120 84.722 14.383 39.475 42.925 203.009 43.402 182.889 90.897 39.619 90.291 182.306 46.141 42.075 46.962 20.025 45.202 45.091 36.528 39.409 32.537 42.028 15.873 84.128 37.336 45.871 0.000 40.316 29.522 39.734 6.925 181.838 206.757 204.264 42.566 89.983 35.225 204.738 35.467 42.254
39.051 179.659 86.432 86.432 201.523 15.943 183.051 5.717 44.965 20.197 41.153 21.317 32.702 90.990 20.886 204.583 48.367 38.606 90.978 206.378 84.080 21.267 47.723 91.552 40.134 23.783 91.216 31.409 93.133 181.936 39.766 183.779 86.726 87.184 204.849 182.033 11.248 87.263 38.265 44.496 22.420 204.167 90.980 205.394 89.310 90.838 93.166 198.966 41.917 26.483 38.716 20.736 36.742 14.428 86.126 40.863 20.184 23.356 203.633 23.891 183.513 91.521 51.068 90.915 182.930 21.558 11.562 27.451 29.438 30.497 20.367 22.768 24.438 55.095 21.737 43.799 85.532 21.188 31.166 41.758 0.000 34.303 40.447 39.110 182.462 207.381 204.888 32.866 90.616 24.741 205.362 40.440 22.743
44.400 187.182 94.271 94.271 209.046 43.918 190.574 44.871 58.630 49.407 45.686 45.512 47.051 98.513 50.096 212.106 58.123 33.614 98.501 213.901 94.892 50.477 58.582 99.075 29.807 50.709 98.739 50.155 104.241 189.459 53.123 191.302 96.068 96.271 212.372 189.556 47.094 96.307 37.762 34.009 46.557 211.691 98.503 212.917 97.216 98.361 104.273 206.489 35.373 50.621 33.723 44.932 50.099 43.746 95.801 34.590 44.102 47.552 211.156 48.028 191.036 99.044 55.899 98.438 190.453 50.768 46.702 51.588 43.505 49.829 49.718 44.256 48.633 48.816 46.654 33.311 95.537 43.220 50.497 36.278 44.942 0.000 58.065 36.853 189.985 214.904 212.411 47.192 98.140 42.575 212.885 53.798 46.881
30.578 178.356 83.501 83.501 200.220 51.912 181.748 52.003 19.945 53.675 31.899 53.506 39.932 89.297 53.267 203.280 19.520 51.558 89.270 205.075 81.149 55.925 27.411 90.250 46.626 58.440 89.805 68.766 100.939 180.633 28.767 182.476 83.795 84.252 203.547 180.730 52.021 84.331 54.239 47.030 57.077 202.865 89.273 204.091 86.379 88.954 100.616 197.663 40.806 63.841 49.534 52.926 37.560 54.597 83.195 44.613 57.066 50.486 202.330 62.655 182.211 90.218 25.620 89.127 181.627 56.215 53.834 64.808 40.851 67.854 51.877 47.740 50.900 29.648 48.367 46.333 82.601 48.547 68.523 43.578 52.074 54.017 0.000 40.074 181.159 206.078 203.586 70.223 88.456 46.437 204.059 25.840 57.400
28.114 179.944 87.033 87.033 201.808 41.889 183.336 41.626 46.297 46.162 29.401 42.077 15.147 91.275 46.851 204.868 44.007 18.975 91.263 206.663 84.722 47.232 44.467 91.837 21.788 47.464 91.501 46.910 102.527 182.221 36.838 184.064 87.368 87.825 205.134 182.318 43.848 87.904 32.874 14.517 43.312 204.452 91.265 205.679 89.951 91.123 104.040 199.251 5.638 47.376 21.518 40.631 33.814 40.501 86.767 15.072 40.857 44.117 203.918 44.783 183.798 91.806 41.783 91.200 183.215 47.523 43.456 48.343 21.873 46.583 46.472 38.573 41.454 34.701 43.409 12.003 86.173 39.381 47.252 6.925 41.697 32.652 41.779 0.000 182.747 207.666 205.173 43.947 90.901 37.270 205.647 37.512 43.635
173.884 5.517 145.937 145.937 71.679 181.194 17.528 181.234 178.425 181.977 178.537 181.902 180.400 148.252 181.796 74.814 179.937 183.686 148.240 78.853 152.657 182.977 179.651 148.903 183.474 184.095 147.023 188.685 147.730 11.627 175.868 18.215 150.031 149.765 75.414 5.707 181.242 154.028 185.758 181.667 183.489 73.880 147.963 76.639 150.710 148.055 149.243 62.176 180.783 186.495 184.542 181.644 174.524 182.387 153.566 181.480 183.484 180.560 72.677 185.968 15.270 147.328 181.137 147.884 9.127 183.106 182.048 186.925 180.809 188.279 181.178 182.547 180.744 182.927 179.618 181.358 153.302 181.845 188.576 180.990 181.266 187.421 176.417 180.457 0.000 81.110 75.502 189.332 149.328 182.781 76.567 176.168 183.633
198.924 77.212 170.977 170.977 19.254 206.234 82.400 206.274 203.465 207.017 203.577 206.942 205.440 173.292 206.836 21.923 204.977 208.726 173.280 20.753 177.697 208.017 204.691 173.943 208.514 209.135 172.063 213.725 172.770 82.165 200.908 80.312 175.070 174.805 22.988 80.199 206.282 179.068 210.798 206.707 208.529 24.508 173.003 17.067 175.750 173.094 174.283 38.346 205.823 211.535 209.582 206.684 199.564 207.427 178.606 206.520 208.524 205.600 25.190 211.008 82.135 172.368 206.177 172.924 78.228 208.146 207.088 211.965 205.849 213.319 206.218 207.587 205.784 207.967 204.658 206.397 178.342 206.885 213.616 206.030 206.306 212.461 201.457 205.497 80.011 0.000 23.076 214.372 174.368 207.821 17.230 201.208 208.673
196.431 71.604 168.484 168.484 5.048 203.741 76.793 203.782 200.973 204.525 201.085 204.450 202.948 170.800 204.343 10.523 202.485 206.233 170.788 13.012 175.205 205.525 202.199 171.450 206.021 206.643 169.571 211.232 170.277 76.557 198.415 74.704 172.578 172.313 10.895 74.591 203.790 176.575 208.305 204.215 206.037 20.888 170.510 17.487 173.258 170.602 171.791 32.738 203.330 209.043 207.089 204.192 197.072 204.935 176.114 204.027 206.032 203.107 12.853 208.516 76.526 169.875 203.685 170.432 72.620 205.654 204.595 209.473 203.356 210.827 203.726 205.095 203.292 205.475 202.166 203.905 175.850 204.393 211.124 203.538 203.813 209.968 198.965 203.005 74.403 23.076 0.000 211.879 171.876 205.329 19.560 198.715 206.181
56.510 187.419 94.507 94.507 209.282 34.794 190.811 32.046 62.423 29.674 50.736 36.387 42.284 98.750 30.362 212.342 65.826 39.467 98.738 214.137 95.129 27.793 65.182 99.312 40.995 26.389 98.976 16.050 101.244 189.695 57.224 191.538 96.305 96.508 212.609 189.792 31.598 96.543 39.126 45.357 25.152 211.927 98.739 213.153 97.453 98.597 101.277 206.725 42.778 21.787 39.577 35.807 54.201 29.529 96.038 41.724 27.052 38.427 211.392 23.708 191.273 99.280 68.526 98.674 190.689 28.271 30.158 21.017 39.020 20.572 29.984 35.889 38.415 72.554 35.882 44.660 95.774 34.854 18.260 42.619 32.204 35.164 57.906 43.436 190.222 215.140 212.648 0.000 98.376 34.208 213.121 57.899 24.461
80.020 146.711 10.695 10.695 168.575 91.208 150.103 91.249 86.489 91.992 86.740 91.917 90.415 16.515 91.810 171.635 89.891 93.700 16.408 173.430 28.034 92.991 89.247 22.299 93.488 94.110 21.542 98.699 41.835 148.988 80.735 150.831 19.998 21.527 171.901 149.085 91.257 31.117 95.772 91.682 93.504 171.220 16.512 172.446 23.653 20.691 45.241 166.018 90.797 96.510 94.556 91.659 77.711 92.402 30.079 91.494 93.499 90.574 170.685 95.983 150.565 22.227 91.152 16.010 149.982 93.121 92.062 96.940 90.823 98.293 91.193 92.561 90.758 92.942 89.173 91.372 29.485 91.859 98.591 91.005 91.280 97.435 81.971 90.472 149.514 174.433 171.940 99.346 0.000 92.796 172.414 81.410 93.647
31.162 180.929 88.018 88.018 202.793 17.165 184.321 22.738 47.822 27.547 32.448 19.396 23.996 92.260 28.235 205.853 51.225 35.075 92.248 207.648 86.938 28.344 50.580 92.822 36.602 28.576 92.486 33.413 94.403 183.206 39.885 185.049 89.584 90.018 206.119 183.303 24.960 90.053 34.733 33.128 24.424 205.437 92.250 206.664 90.963 92.108 94.436 200.236 31.137 28.488 35.184 13.495 36.861 21.613 88.983 32.705 21.969 21.436 204.903 25.895 184.783 92.791 43.325 92.185 184.200 28.635 24.569 29.455 20.732 32.501 27.857 13.657 22.739 42.825 24.520 32.430 88.389 11.258 33.170 31.604 22.809 30.771 43.305 30.405 183.732 208.651 206.158 34.870 91.886 0.000 206.632 40.560 24.747
196.904 72.669 168.957 168.957 13.582 204.215 77.857 204.255 201.446 204.998 201.558 204.923 203.421 171.273 204.817 14.702 202.958 206.706 171.261 16.693 175.678 205.998 202.672 171.924 206.495 207.116 170.044 211.705 170.751 77.622 198.889 75.769 173.051 172.786 19.428 75.656 204.263 177.048 208.779 204.688 206.510 16.437 170.983 5.073 173.731 171.075 172.264 33.803 203.804 209.516 207.562 204.665 197.545 205.408 176.587 204.501 206.505 203.581 20.647 208.989 77.591 170.349 204.158 170.905 73.685 206.127 205.069 209.946 203.829 211.300 204.199 205.568 203.765 205.948 202.639 204.378 176.323 204.866 211.597 204.011 204.287 210.442 199.438 203.478 75.467 17.230 19.560 212.353 172.349 205.802 0.000 199.189 206.654
17.335 173.988 73.672 73.672 195.851 43.020 177.380 43.111 20.830 44.783 25.099 44.614 33.482 79.468 44.374 198.911 26.917 40.874 79.441 200.706 71.320 47.032 31.885 80.732 40.398 49.548 79.976 59.874 96.571 176.264 9.110 178.107 73.966 74.423 199.178 176.361 43.129 74.502 45.537 36.333 48.185 198.496 79.444 199.723 76.549 79.124 98.084 193.294 34.343 54.949 42.800 44.034 20.412 45.705 73.366 35.911 48.174 41.593 197.961 53.763 177.842 80.661 38.998 79.298 177.259 47.323 44.942 55.916 34.401 58.962 42.985 41.290 42.008 43.025 39.475 35.636 72.771 44.486 59.631 34.809 43.182 45.315 25.840 33.610 176.791 201.709 199.217 61.331 78.627 39.987 199.690 0.000 48.508
39.989 181.741 88.829 88.829 203.604 25.333 185.133 22.585 49.648 20.212 41.275 26.926 32.823 93.072 20.901 206.664 53.050 39.143 93.060 208.459 88.764 21.283 52.406 93.634 40.670 20.635 93.298 23.666 95.215 184.017 44.449 185.860 90.627 90.830 206.931 184.114 22.137 90.865 38.802 41.955 5.958 206.249 93.061 207.476 91.775 92.919 95.248 201.047 39.965 18.532 39.253 26.346 41.425 20.068 90.360 41.400 14.252 28.966 205.714 14.730 185.595 93.602 55.751 92.996 185.011 21.573 20.697 19.708 29.559 22.754 20.523 26.428 28.954 51.652 26.421 41.257 90.096 25.393 23.423 40.431 22.743 34.839 45.130 39.232 184.544 209.462 206.970 25.123 92.698 24.747 207.443 45.124 0.000
0.0000 90.2459 20.5624 20.5624 106.6437 7.9515 90.5399 9.3755 1.4314 9.9328 1.5880 8.0142 4.2436 21.4944 9.7967 106.6887 1.9399 6.7120 21.4854 108.0349 18.7785 10.6826 1.3861 21.9159 6.5532 10.6304 21.6638 14.9632 29.9331 89.7034 2.1035 91.0857 19.6605 19.8128 106.8886 89.7763 9.3814 19.8392 8.2663 5.1984 9.2465 106.3773 21.4864 107.2972 20.5216 21.3799 31.0683 102.4759 4.5350 13.3214 7.3541 7.5322 1.8092 8.3094 19.4603 5.0577 8.4281 8.8697 105.9763 9.7369 90.8867 21.8921 2.0362 21.4377 90.4490 10.7794 9.9857 13.6437 4.5499 14.6591 9.3336 6.8462 7.8065 2.2503 8.1635 4.9659 19.2623 7.1154 14.8821 4.6905 9.3992 8.1923 4.4644 4.2908 90.0982 108.7873 106.9180 15.4488 21.2140 6.4120 107.2729 1.7974 9.3543
90.3104 0.0000 69.3502 69.3502 19.9602 93.5432 0.8112 93.5734 91.4665 94.1307 91.5504 94.0744 92.9480 68.8370 93.9946 20.0052 92.6007 95.4119 68.8280 21.3514 72.1406 94.8805 92.3859 69.3249 95.2532 95.7192 67.9153 99.1611 68.4451 0.8610 89.5487 1.0442 70.1706 69.9716 20.2052 0.6019 93.5793 73.1685 96.9662 93.8983 95.2647 19.6938 68.6197 20.6137 70.6804 68.6886 69.5803 15.7924 93.2349 97.5192 96.0540 93.8809 88.5407 94.4381 72.8224 93.7576 95.2609 93.0676 19.2928 97.1239 0.6229 68.1437 93.5008 68.5609 0.6540 94.9773 94.1836 97.8416 93.2543 98.8570 93.5315 94.5581 93.2058 94.8433 92.3614 93.6659 72.6244 94.0315 99.0800 93.3904 93.5971 98.2133 89.9607 92.9907 0.4609 22.1038 20.2345 99.6467 69.6438 94.7338 20.5894 89.7736 95.3725
21.7837 69.3870 0.0000 0.0000 85.7847 25.0164 69.6810 25.0467 22.9397 25.6039 23.0237 25.5477 24.4213 0.8323 25.4678 85.8298 24.0739 26.8852 0.8233 87.1759 3.4548 26.3538 23.8592 2.0366 26.7264 27.1924 1.4888 30.6344 8.5488 68.8444 21.0220 70.2268 1.0301 1.2123 86.0297 68.9173 25.0526 4.4827 28.4395 25.3716 26.7379 85.5183 0.8316 86.4382 1.9946 1.3416 9.6840 81.6169 24.7082 28.9925 27.5272 25.3542 20.0140 25.9114 4.1366 25.2309 26.7342 24.5408 85.1173 28.5972 70.0277 2.0128 24.9740 0.8210 69.5901 26.4506 25.6569 29.3149 24.7276 30.3303 25.0048 26.0313 24.6790 26.3165 23.8347 25.1391 3.9386 25.5048 30.5533 24.8636 25.0704 29.6866 21.4339 24.4640 69.2393 87.9283 86.0590 31.1199 0.8898 26.2071 86.4139 21.2469 26.8457
21.7837 69.3870 0.0000 0.0000 85.7847 25.0164 69.6810 25.0467 22.9397 25.6039 23.0237 25.5477 24.4213 0.8323 25.4678 85.8298 24.0739 26.8852 0.8233 87.1759 3.4548 26.3538 23.8592 2.0366 26.7264 27.1924 1.4888 30.6344 8.5488 68.8444 21.0220 70.2268 1.0301 1.2123 86.0297 68.9173 25.0526 4.4827 28.4395 25.3716 26.7379 85.5183 0.8316 86.4382 1.9946 1.3416 9.6840 81.6169 24.7082 28.9925 27.5272 25.3542 20.0140 25.9114 4.1366 25.2309 26.7342 24.5408 85.1173 28.5972 70.0277 2.0128 24.9740 0.8210 69.5901 26.4506 25.6569 29.3149 24.7276 30.3303 25.0048 26.0313 24.6790 26.3165 23.8347 25.1391 3.9386 25.5048 30.5533 24.8636 25.0704 29.6866 21.4339 24.4640 69.2393 87.9283 86.0590 31.1199 0.8898 26.2071 86.4139 21.2469 26.8457
106.7991 19.5938 85.8389 85.8389 0.0000 110.0318 20.3232 110.0620 107.9551 110.6193 108.0391 110.5630 109.4366 85.3256 110.4832 0.3640 109.0893 111.9006 85.3166 0.6098 88.6292 111.3691 108.8746 85.8135 111.7418 112.2078 84.4040 115.6498 84.9337 20.2448 106.0373 19.6271 86.6593 86.4602 0.2378 19.5894 110.0679 89.6571 113.4549 110.3870 111.7533 1.6883 85.1084 0.9622 87.1690 85.1772 86.0689 5.6385 109.7236 114.0079 112.5426 110.3696 105.0294 110.9267 89.3111 110.2463 111.7496 109.5562 0.4012 113.6126 20.2346 84.6323 109.9894 85.0495 18.9325 111.4660 110.6723 114.3303 109.7430 115.3457 110.0201 111.0467 109.6944 111.3319 108.8501 110.1545 89.1131 110.5202 115.5687 109.8790 110.0857 114.7020 106.4493 109.4794 19.5266 2.4179 0.4217 116.1353 86.1325 111.2225 1.1353 106.2623 111.8611
7.9267 94.2062 24.5227 24.5227 110.6040 0.0000 94.5002 0.9725 9.7002 2.8303 7.3555 1.1961 4.5383 25.4547 3.0599 110.6490 10.8344 7.3743 25.4458 111.9952 22.7388 3.1870 10.6196 25.8762 7.8835 4.0257 25.6241 6.5677 27.0621 93.6637 7.9672 95.0460 23.6209 23.7732 110.8490 93.7366 2.0591 23.7996 7.2606 7.5821 3.5712 110.3376 25.4467 111.2575 24.4820 25.3403 27.0868 106.4362 6.9187 4.9259 7.4109 0.5999 6.9592 2.1829 23.4207 8.1266 2.9873 1.4231 109.9366 4.0616 94.8470 25.8525 11.7345 25.3981 94.4093 3.2839 1.9285 5.2483 3.4502 6.2636 2.9338 1.0046 1.7836 13.0770 1.4223 7.3496 23.2226 0.4928 6.4866 7.0741 1.0810 5.9397 8.1944 6.6745 94.0586 112.7476 110.8783 7.0533 25.1743 1.1823 111.2332 8.1921 3.6790
90.5852 0.8112 69.6250 69.6250 20.6896 93.8180 0.0000 93.8482 91.7413 94.4055 91.8253 94.3492 93.2228 69.1118 94.2694 20.7347 92.8755 95.6867 69.1028 22.0808 72.4154 95.1553 92.6607 69.5997 95.5280 95.9940 68.1901 99.4359 68.7199 1.1334 89.8235 1.4077 70.4454 70.2464 20.9346 1.2469 93.8541 73.4433 97.2410 94.1731 95.5395 20.4232 68.8946 21.3431 70.9552 68.9634 69.8551 16.5218 93.5097 97.7941 96.3288 94.1558 88.8156 94.7129 73.0973 94.0324 95.5358 93.3424 20.0222 97.3987 0.4050 68.4185 93.7756 68.8357 1.4058 95.2522 94.4584 98.1165 93.5291 99.1319 93.8063 94.8329 93.4806 95.1181 92.6362 93.9407 72.8992 94.3063 99.3548 93.6652 93.8719 98.4882 90.2355 93.2655 1.2127 22.8332 20.9639 99.9215 69.9186 95.0087 21.3188 90.0484 95.6473
8.7650 94.2423 24.5587 24.5587 110.6400 0.9725 94.5363 0.0000 9.7362 1.6796 8.2269 1.6146 5.4097 25.4908 1.9092 110.6851 10.8704 7.3779 25.4818 112.0312 22.7748 2.0363 10.6557 25.9123 7.8871 2.8750 25.6602 5.4170 27.0982 93.6997 8.0032 95.0821 23.6569 23.8092 110.8850 93.7726 0.8707 23.8356 7.2642 9.3411 2.4204 110.3737 25.4827 111.2935 24.5180 25.3763 27.1228 106.4723 8.4813 3.7751 7.4145 1.4212 6.9953 0.8486 23.4567 8.1302 1.4481 2.2945 109.9726 2.9108 94.8830 25.8885 11.7705 25.4341 94.4454 2.1331 0.7078 4.0975 4.3216 5.1129 1.7830 2.0983 2.6549 13.1130 1.9952 9.1086 23.2587 1.4635 5.3359 8.4285 0.2268 5.9433 8.2304 7.5458 94.0946 112.7836 110.9143 5.9025 25.2104 2.2741 111.2692 8.2281 2.5282
1.4314 91.8956 22.2120 22.2120 108.2933 10.6825 92.1896 10.7127 0.0000 11.2700 5.4439 11.2137 8.1216 23.1440 11.1339 108.3384 0.5531 11.3240 23.1351 109.6845 20.4281 12.0198 1.0021 23.5655 9.6798 12.8585 23.3134 16.3005 31.5828 91.3530 1.9087 92.7353 21.3102 21.4625 108.5383 91.4259 10.7186 21.4889 12.2175 9.8146 12.4040 108.0269 23.1360 108.9468 22.1713 23.0296 31.3406 104.1255 8.4130 14.6586 10.6491 11.0203 2.1228 11.5774 21.1100 9.0089 12.4003 10.2069 107.6259 14.2633 92.5363 23.5418 1.9167 23.0874 92.0987 12.1167 11.3230 14.9810 8.4279 15.9964 10.6708 11.6974 10.3451 4.6935 9.5008 9.5822 20.9119 11.1709 16.2194 8.6638 10.7364 15.3527 1.4139 8.1688 91.7479 110.4369 108.5676 16.7860 22.8637 11.8732 108.9225 1.4890 12.5118
9.3363 94.8136 25.1300 25.1300 111.2114 2.5955 95.1076 1.6796 10.3075 0.0000 9.6914 3.1267 6.8742 26.0621 0.1592 111.2564 11.4417 8.8900 26.0531 112.6025 23.3461 0.8867 11.2270 26.4836 9.3992 2.0842 26.2315 4.6262 27.6695 94.2710 8.5745 95.6534 24.2282 24.3805 111.4563 94.3439 1.1009 24.4069 8.7763 9.9180 1.6297 110.9450 26.0540 111.8649 25.0893 25.9476 27.6941 107.0436 9.2545 2.9844 8.9266 2.9333 7.5666 2.0185 24.0280 9.6423 2.4271 3.2713 110.5439 2.1201 95.4543 26.4598 12.3418 26.0054 95.0167 1.0043 1.0817 3.3068 5.7861 4.3222 0.5678 3.6104 3.4095 13.6843 2.5651 9.6855 23.8300 3.0839 4.5452 9.9406 1.7323 7.4554 8.8017 9.0103 94.6659 113.3550 111.4856 5.1118 25.7817 4.1822 111.8405 8.7995 1.7375
1.7826 92.0382 22.3546 22.3546 108.4359 6.7449 92.3322 7.4778 2.5985 9.0808 0.0000 6.8076 3.0370 23.2867 9.3103 108.4810 5.9552 5.5054 23.2777 109.8271 20.5707 9.3466 1.5964 23.7082 5.3467 9.4238 23.4560 11.0364 31.7254 91.4956 3.8861 92.8779 21.4528 21.6051 108.6809 91.5685 8.2187 21.6315 7.0597 3.9918 8.0399 108.1695 23.2786 109.0894 22.3139 23.1722 32.8605 104.2681 3.3284 9.3946 6.1475 6.3256 3.6014 7.1028 21.2526 3.8511 7.2215 7.4874 107.7685 8.5303 92.6789 23.6844 2.2465 23.2300 92.2413 9.4435 8.0881 9.7170 3.3433 10.7324 9.1842 5.6396 6.5999 0.7437 7.5958 3.7594 21.0545 5.9088 10.9553 3.4839 7.5015 6.9857 6.2567 3.0842 91.8905 110.5795 108.7102 11.5220 23.0063 5.2054 109.0651 3.5800 8.1477
7.9894 94.1180 24.4344 24.4344 110.5157 1.1961 94.4120 1.6146 9.6119 3.1267 7.4182 0.0000 4.6010 25.3665 3.3563 110.5608 10.7461 7.6707 25.3575 111.9069 22.6505 3.4834 10.5314 25.7880 8.1799 4.3221 25.5359 6.8641 26.9739 93.5754 7.8789 94.9578 23.5326 23.6849 110.7607 93.6483 2.3555 23.7113 7.5570 7.6447 3.8676 110.2494 25.3584 111.1692 24.3937 25.2520 26.9985 106.3480 6.9813 5.2223 7.7073 0.8890 6.8710 2.4793 23.3324 8.4230 3.2837 1.0772 109.8483 4.3580 94.7587 25.7642 11.6462 25.3098 94.3211 3.5803 2.2249 5.5447 3.5129 6.5601 3.2302 1.0524 0.6832 12.9887 1.3190 7.4123 23.1344 1.1067 6.7830 7.1368 1.6383 6.2361 8.1061 6.7371 93.9703 112.6593 110.7900 7.3497 25.0861 1.4654 111.1449 8.1039 3.9754
4.2188 93.5554 23.8718 23.8718 109.9532 4.5383 93.8494 5.2713 9.2797 6.8742 3.6476 4.6010 0.0000 24.8039 7.1038 109.9982 8.0146 2.0240 24.7949 111.3443 22.0879 7.1401 10.1991 25.2254 5.2290 7.2173 24.9733 8.8299 30.7322 93.0128 6.1266 94.3952 22.9700 23.1223 110.1981 93.0857 6.0122 23.1487 6.9421 3.8742 5.8333 109.6868 24.7958 110.6066 23.8311 24.6894 30.7568 105.7854 0.9996 7.1880 2.2362 4.1191 5.1186 4.8963 22.7698 1.2266 5.0149 5.2809 109.2857 6.3237 94.1961 25.2016 7.2733 24.7472 93.7585 7.2369 5.8815 7.5104 0.9648 8.5258 6.9777 3.4330 4.3933 7.1066 5.3893 1.7605 22.5718 3.7022 8.7488 0.7944 5.2950 6.8681 7.7739 1.0145 93.4077 112.0967 110.2274 9.3154 24.5235 2.9988 110.5823 6.3515 5.9411
22.7173 68.8736 0.8323 0.8323 85.2713 25.9500 69.1676 25.9803 23.8733 26.5375 23.9573 26.4813 25.3549 0.0000 26.4014 85.3163 25.0075 27.8188 0.0090 86.6625 4.3884 27.2874 24.7928 1.3868 27.6600 28.1261 1.0348 31.5680 8.0354 68.3310 21.9556 69.7133 1.7268 2.2194 85.5163 68.4039 25.9862 5.4163 29.3731 26.3052 27.6715 85.0049 0.2174 85.9248 2.9282 0.9566 9.1706 81.1035 25.6418 29.9261 28.4608 26.2878 20.9476 26.8450 5.0702 26.1645 27.6678 25.4744 84.6039 29.5308 69.5143 1.4994 25.9076 0.2761 69.0767 27.3842 26.5905 30.2485 25.6612 31.2639 25.9384 26.9649 25.6126 27.2501 24.7683 26.0727 4.8722 26.4384 31.4869 25.7972 26.0040 30.6202 22.3675 25.3976 68.7259 87.4149 85.5456 32.0535 1.1253 27.1407 85.9005 22.1805 27.7794
9.2002 94.6775 24.9939 24.9939 111.0752 2.8251 94.9715 1.9092 10.1714 0.1592 9.9210 3.3563 7.1038 25.9260 0.0000 111.1203 11.3056 9.1196 25.9170 112.4664 23.2100 0.8309 11.0909 26.3475 9.6287 2.3138 26.0953 4.8558 27.5334 94.1349 8.4384 95.5172 24.0921 24.2444 111.3202 94.2078 1.0687 24.2708 9.0059 10.1475 1.8593 110.8089 25.9179 111.7287 24.9532 25.8115 27.5580 106.9074 9.4841 3.2140 9.1562 3.1629 7.4305 2.2480 23.8919 9.8719 2.6566 3.1352 110.4078 2.3497 95.3182 26.3237 12.2057 25.8693 94.8806 0.9485 1.2292 3.5363 6.0157 4.5517 0.5355 3.8400 3.2734 13.5482 2.4290 9.9151 23.6938 3.3134 4.7747 10.1702 1.9619 7.6850 8.6656 9.2399 94.5298 113.2188 111.3495 5.3414 25.6456 4.4117 111.7044 8.6633 1.9671
106.8441 19.6388 85.8839 85.8839 0.3640 110.0769 20.3683 110.1071 108.0001 110.6644 108.0841 110.6081 109.4817 85.3706 110.5282 0.0000 109.1343 111.9456 85.3617 0.6292 88.6742 111.4142 108.9196 85.8586 111.7868 112.2529 84.4490 115.6948 84.9788 20.2898 106.0824 19.6721 86.7043 86.5052 0.6018 19.6344 110.1130 89.7022 113.4999 110.4320 111.7983 1.3258 85.1534 0.8049 87.2140 85.2222 86.1139 5.6835 109.7686 114.0529 112.5876 110.4146 105.0744 110.9718 89.3561 110.2913 111.7946 109.6012 0.7652 113.6576 20.2796 84.6773 110.0344 85.0945 18.9776 111.5110 110.7173 114.3753 109.7880 115.3907 110.0652 111.0917 109.7394 111.3769 108.8951 110.1995 89.1581 110.5652 115.6137 109.9241 110.1308 114.7470 106.4944 109.5244 19.5717 2.3693 0.6286 116.1803 86.1775 111.2675 0.9781 106.3073 111.9062
1.9399 92.6943 23.0108 23.0108 109.0921 11.4813 92.9883 11.5115 0.5531 12.0688 5.2801 12.0125 7.9578 23.9428 11.9327 109.1371 0.0000 11.1602 23.9339 110.4833 21.2269 12.8186 1.1271 24.3643 9.5160 13.6573 24.1122 17.0992 32.3815 92.1518 2.4173 93.5341 22.1089 22.2613 109.3371 92.2247 11.5174 22.2876 12.0537 9.6508 13.2028 108.8257 23.9348 109.7456 22.9700 23.8283 32.1394 104.9243 8.2492 15.4574 10.4853 11.8191 2.6313 12.3762 21.9087 8.8451 13.1991 11.0057 108.4247 15.0621 93.3351 24.3406 1.3882 23.8862 92.8974 12.9155 12.1218 15.7798 8.2641 16.7952 11.4696 12.4962 11.1439 4.5297 10.2996 9.4184 21.7107 11.9696 17.0182 8.5000 11.5352 11.9797 1.3784 8.0050 92.5466 111.2357 109.3664 17.5848 23.6624 10.1262 109.7213 1.9975 13.3106
7.5553 96.8919 27.2084 27.2084 113.2897 6.2072 97.1859 6.5247 11.1825 8.0368 6.9842 6.7384 2.0240 28.1404 8.2664 113.3347 11.0132 0.0000 28.1314 114.6809 25.4245 8.3935 11.1664 28.5619 1.1609 8.4707 28.3098 8.2861 32.2481 96.3494 9.4631 97.7317 26.3065 26.4588 113.5346 96.4223 7.2656 26.4852 3.7867 1.1497 7.0868 113.0233 28.1324 113.9432 27.1676 28.0259 32.2727 109.1219 1.1501 8.4414 0.2122 6.5450 8.4552 6.1497 26.1063 1.2260 6.2683 7.4182 112.6223 7.5772 97.5327 28.5381 10.2719 28.0837 97.0950 8.4904 7.1349 8.7638 2.0977 8.1772 8.1403 6.3196 7.7787 7.9111 7.1190 0.9821 25.9083 5.9745 8.4002 1.4634 6.5484 3.7127 11.1104 1.3341 96.7442 115.4333 113.5640 7.2983 27.8600 5.7593 113.9189 9.6881 7.1946
22.7083 68.8646 0.8233 0.8233 85.2623 25.9411 69.1586 25.9713 23.8644 26.5286 23.9484 26.4723 25.3459 0.0090 26.3925 85.3074 24.9986 27.8098 0.0000 86.6535 4.3794 27.2784 24.7838 1.3778 27.6511 28.1171 1.0258 31.5590 8.0264 68.3220 21.9466 69.7044 1.7178 2.2104 85.5073 68.3949 25.9772 5.4073 29.3641 26.2962 27.6626 84.9960 0.2085 85.9158 2.9192 0.9477 9.1616 81.0946 25.6328 29.9172 28.4519 26.2789 20.9386 26.8360 5.0613 26.1555 27.6589 25.4655 84.5949 29.5218 69.5053 1.4904 25.8987 0.2671 69.0677 27.3752 26.5815 30.2396 25.6522 31.2550 25.9294 26.9560 25.6037 27.2412 24.7593 26.0638 4.8632 26.4294 31.4779 25.7883 25.9950 30.6112 22.3586 25.3886 68.7169 87.4059 85.5366 32.0446 1.1164 27.1318 85.8915 22.1715 27.7704
107.7340 20.5287 86.7738 86.7738 0.6098 110.9667 21.2581 110.9969 108.8900 111.5542 108.9740 111.4979 110.3715 86.2605 111.4181 0.6292 110.0242 112.8355 86.2516 0.0000 89.5641 112.3041 109.8095 86.7485 112.6767 113.1427 85.3389 116.5847 85.8686 21.1797 106.9722 20.5620 87.5942 87.3951 0.8476 20.5243 111.0028 90.5920 114.3898 111.3219 112.6882 1.9605 86.0433 0.9871 88.1039 86.1121 87.0038 6.5734 110.6585 114.9428 113.4775 111.3045 105.9643 111.8617 90.2460 111.1812 112.6845 110.4911 1.0110 114.5475 21.1695 85.5672 110.9243 85.9844 19.8674 112.4009 111.6072 115.2652 110.6779 116.2806 110.9551 111.9816 110.6293 112.2668 109.7850 111.0894 90.0480 111.4551 116.5036 110.8139 111.0207 115.6369 107.3842 110.4143 20.4615 1.4830 0.8360 117.0702 87.0674 112.1574 1.1441 107.1972 112.7960
20.0201 72.1616 3.4576 3.4576 88.5593 23.2529 72.4556 23.2831 21.1762 23.8404 21.2601 23.7841 22.6577 4.3897 23.7043 88.6044 22.3104 25.1216 4.3807 89.9505 0.0000 24.5902 22.0956 4.8112 24.9629 25.4289 4.5591 28.8708 11.3234 71.6190 19.2584 73.0013 2.5558 2.7081 88.8043 71.6919 23.2890 1.2877 26.6759 23.6080 24.9744 88.2929 4.3816 89.2128 2.2615 4.2752 12.4586 84.3915 22.9446 27.2289 25.7637 23.5906 18.2504 24.1478 0.7843 23.4673 24.9706 22.7773 87.8919 26.8336 72.8023 4.7874 23.2105 4.3330 72.3647 24.6870 23.8933 27.5513 22.9640 28.5667 23.2412 24.2678 22.9155 24.5529 22.0711 23.3756 0.5707 23.7412 28.7897 23.1001 23.3068 27.9230 19.6704 22.7004 72.0139 90.7029 88.8336 29.3564 4.1093 24.4435 89.1885 19.4833 25.0822
10.0861 95.5634 25.8799 25.8799 111.9612 2.9522 95.8574 2.0363 11.0573 0.8867 10.0481 3.4834 7.2309 26.8119 0.8309 112.0062 12.1915 9.2467 26.8029 113.3524 24.0959 0.0000 11.9768 27.2334 9.7559 1.2419 26.9813 4.0005 28.4193 95.0209 9.3244 96.4032 24.9780 25.1303 112.2061 95.0938 1.8871 25.1567 9.1330 10.2746 1.9864 111.6948 26.8039 112.6147 25.8391 26.6974 28.4439 107.7934 9.6112 2.3586 9.2833 3.2900 8.3164 2.3751 24.7778 9.9990 2.7837 4.1633 111.2937 1.2403 96.2042 27.2096 13.0917 26.7552 95.7665 0.4110 1.2307 2.6810 6.1428 3.6964 1.1714 3.9671 4.1593 14.4341 3.3150 10.0422 24.5798 3.4406 3.9194 10.2973 2.0890 7.8121 9.5516 9.3670 95.4157 114.1048 112.2355 4.4860 26.5315 4.5389 112.5904 9.5493 2.0942
1.3861 92.8150 23.1315 23.1315 109.2128 11.6020 93.1090 11.6322 1.0021 12.1895 1.5964 12.1332 8.1056 24.0635 12.0534 109.2578 1.1271 11.3079 24.0545 110.6039 21.3475 12.9393 0.0000 24.4850 9.6638 13.7780 24.2329 17.2199 32.5022 92.2725 2.8282 93.6548 22.2296 22.3819 109.4577 92.3454 11.6381 22.4083 12.2015 9.7986 13.3235 108.9464 24.0555 109.8663 23.0907 23.9490 32.2601 105.0450 8.3970 15.5781 10.6330 11.9398 6.8581 12.4969 22.0294 8.9929 13.3198 11.1264 108.5454 15.1827 93.4558 24.4612 0.9585 24.0068 93.0181 13.0361 12.2424 15.9005 8.4119 16.9159 11.5903 12.6169 11.2646 2.0125 10.4202 9.5661 21.8314 12.0903 17.1388 8.6478 11.6559 12.1274 2.3446 8.1528 92.6673 111.3564 109.4871 17.7055 23.7831 10.2739 109.8420 2.4084 13.4313
23.1559 69.3467 2.0366 2.0366 85.7445 26.3886 69.6408 26.4188 24.3119 26.9761 24.3959 26.9198 25.7934 1.3868 26.8400 85.7895 25.4461 28.2573 1.3778 87.1357 4.8269 27.7259 25.2313 0.0000 28.0986 28.5646 1.2534 32.0065 8.5086 68.8042 22.3941 70.1865 2.8570 2.6579 85.9895 68.8771 26.4247 4.7820 29.8116 26.7437 28.1101 85.4781 1.2683 86.3980 2.5303 0.7357 9.6438 81.5767 26.0803 30.3647 28.8994 26.7264 21.3862 27.2835 4.4173 26.6030 28.1064 25.9130 85.0771 29.9693 69.9875 0.6397 26.3462 1.3849 69.5498 27.8228 27.0291 30.6871 26.0997 31.7025 26.3769 27.4035 26.0512 27.6887 25.2069 26.5113 4.2193 26.8769 31.9255 26.2358 26.4425 31.0588 22.8061 25.8361 69.1991 87.8881 86.0188 32.4921 2.5696 27.5793 86.3737 22.6190 28.2179
6.1917 95.5282 25.8447 25.8447 111.9260 6.9963 95.8222 7.3138 10.1639 8.8259 5.6205 7.5275 6.0754 26.7767 9.0555 111.9710 9.9947 1.1609 26.7678 113.3172 24.0608 9.1826 10.1479 27.1982 0.0000 9.2598 26.9461 9.0752 35.2154 94.9857 8.0994 96.3680 24.9428 25.0952 112.1710 95.0586 8.0547 25.1215 4.5758 0.8061 7.8759 111.6596 26.7687 112.5795 25.8039 26.6622 33.0618 107.7582 2.1826 9.2305 1.0950 7.3341 7.0915 6.9388 24.7426 1.9217 7.0574 8.2073 111.2586 8.3663 96.1690 27.1745 9.2533 26.7201 95.7313 9.2794 7.9240 9.5529 6.3817 8.9663 8.9294 7.1087 8.5678 6.8926 7.9081 1.0428 24.5446 6.7636 9.1893 2.4845 7.3375 4.5018 9.7467 2.6760 95.3805 114.0696 112.2003 8.0874 26.4963 6.5484 112.5552 8.3244 7.9837
10.9248 96.4021 26.7186 26.7186 112.7999 3.7909 96.6961 2.8750 11.8960 2.0842 10.0344 4.3221 7.2173 27.6506 2.3138 112.8449 13.0302 9.3237 27.6416 114.1910 24.9346 1.2419 12.8155 28.0721 9.8329 0.0000 27.8200 3.5325 29.2580 95.8596 10.1630 97.2419 25.8167 25.9690 113.0448 95.9324 2.7257 25.9954 9.2100 10.2610 1.9728 112.5335 27.6425 113.4534 26.6778 27.5361 29.2826 108.6321 9.5976 1.8907 9.3603 4.1287 9.1551 2.9654 25.6165 10.0760 2.7701 5.0020 112.1324 0.9005 97.0428 28.0483 13.9303 27.5939 96.6052 0.8694 2.2458 2.2130 6.1291 3.2284 2.1877 4.8058 4.9980 15.2728 4.1536 10.0285 25.4185 4.2792 3.4514 9.7531 2.9277 7.8891 10.3902 9.3534 96.2544 114.9435 113.0741 4.0181 27.3702 4.5252 113.4291 10.3880 1.8783
23.8985 67.9371 1.4888 1.4888 84.3348 27.1312 68.2311 27.1614 25.0545 27.7187 25.1385 27.6624 26.5360 1.0348 27.5826 84.3798 26.1887 29.0000 1.0258 85.7260 5.5696 28.4686 25.9740 1.2534 28.8412 29.3072 0.0000 32.7492 7.0989 67.3945 23.1367 68.7768 3.5996 3.4006 84.5798 67.4674 27.1673 6.5975 30.5543 27.4864 28.8527 84.0684 0.8173 84.9883 4.1094 0.6286 8.2341 80.1670 26.8230 31.1073 29.6420 27.4690 22.1288 28.0262 6.2514 27.3457 28.8490 26.6556 83.6674 30.7120 68.5778 1.3729 27.0888 0.8598 68.1402 28.5654 27.7717 31.4297 26.8424 32.4451 27.1195 28.1461 26.7938 28.4313 25.9495 27.2539 6.0534 27.6196 32.6681 26.9784 27.1852 31.8014 23.5487 26.5788 67.7894 86.4784 84.6091 33.2347 3.0728 28.3219 84.9640 23.3617 28.9605
14.4864 99.9637 30.2802 30.2802 116.3615 6.3329 100.2577 5.4170 15.4576 4.6262 11.6470 6.8641 8.8299 31.2122 4.8558 116.4065 16.5918 10.9363 31.2032 117.7526 28.4962 3.9140 16.3771 31.6337 11.4455 3.4461 31.3816 0.0000 33.0828 99.4212 13.7246 100.8035 29.3783 29.5306 116.6064 99.4940 5.2677 29.5570 10.8226 11.8736 3.1190 116.0951 31.2041 117.0150 30.2394 31.0977 33.1075 112.1937 11.2102 2.1428 10.9729 6.6707 12.7167 4.5780 29.1781 11.6886 3.6774 7.5440 115.6940 2.5526 100.6044 31.6099 17.4919 31.1555 100.1668 4.0735 4.7878 1.4990 7.7417 0.6795 4.7297 6.6982 7.5400 18.8344 6.6956 11.6411 28.9801 6.3530 0.4831 11.3656 5.4697 9.5017 13.9518 10.9660 99.8160 118.5051 116.6357 1.0892 30.9318 6.1378 116.9906 13.9496 2.8887
30.0145 69.9323 8.5440 8.5440 86.3300 27.7186 70.2263 27.7488 31.1706 28.3061 31.2545 28.2498 32.6521 8.0308 28.1700 86.3751 32.3047 33.8234 8.0218 87.7212 11.3343 29.0559 32.0900 8.5187 34.3326 29.8946 7.1091 33.5685 0.0000 69.3897 29.2528 70.7720 9.3644 9.1654 86.5750 69.4626 27.7547 12.3623 33.7097 33.6024 29.4401 86.0636 7.8135 86.9835 9.8741 7.8824 1.1359 82.1622 32.9390 31.9266 33.8600 28.0564 28.2448 28.6135 12.0162 33.4617 29.4364 27.2430 85.6626 29.9305 70.5730 7.3375 33.2049 7.7546 70.1354 29.1528 28.3591 32.2490 30.6864 33.2644 27.7069 28.7335 27.3812 34.5473 26.5369 33.3700 11.8182 28.2070 33.4874 33.0945 27.7725 32.3888 29.6648 32.6948 69.7846 88.4736 86.6043 34.0540 8.8376 28.9093 86.9592 29.4777 29.5479
89.7679 0.8610 68.8077 68.8077 20.6112 93.0006 1.1334 93.0308 90.9239 93.5881 91.0079 93.5318 92.4054 68.2944 93.4520 20.6562 92.0581 94.8694 68.2855 22.0023 71.5980 94.3379 91.8434 68.7823 94.7106 95.1766 67.3728 98.6186 67.9025 0.0000 89.0061 1.6184 69.6281 69.4290 20.8561 0.6312 93.0367 72.6259 96.4237 93.3558 94.7221 20.3448 68.0772 21.2646 70.1378 68.1460 69.0377 16.4434 92.6924 96.9767 95.5114 93.3384 87.9982 93.8955 72.2799 93.2151 94.7184 92.5250 19.9437 96.5814 1.1805 67.6011 92.9582 68.0183 1.1807 94.4348 93.6411 97.2991 92.7118 98.3145 92.9889 94.0155 92.6632 94.3007 91.8189 93.1233 72.0818 93.4890 98.5375 92.8478 93.0545 97.6708 89.4181 92.4482 0.7203 22.7547 20.8854 99.1041 69.1013 94.1913 21.2403 89.2311 94.8299
2.0846 90.2526 20.5691 20.5691 106.6504 9.3520 90.5466 9.3822 1.9087 9.9395 3.6726 9.8832 6.1726 21.5011 9.8034 106.6954 2.4173 8.6366 21.4922 108.0416 18.7852 10.6893 6.8964 21.9226 8.4778 11.5280 21.6705 14.9699 29.9398 89.7101 0.0000 91.0924 19.6672 19.8196 106.8954 89.7830 9.3881 19.8459 10.1909 7.1230 11.0735 106.3840 21.4931 107.3039 20.5283 21.3866 31.0750 102.4826 6.4595 13.3281 9.2786 9.6898 1.2267 10.2469 19.4670 6.9823 11.0698 8.8764 105.9830 12.9327 90.8934 21.8989 8.0112 21.4445 90.4557 10.7862 9.9924 13.6505 6.4789 14.6659 9.3403 8.7752 9.0146 9.3537 8.1702 6.8905 19.2690 9.8403 14.8888 6.6150 9.4059 10.1168 4.4711 6.2153 90.1049 108.7940 106.9247 15.4555 21.2207 8.3410 107.2796 0.4880 11.1813
91.1502 1.0442 70.1900 70.1900 19.9935 94.3829 1.4077 94.4132 92.3062 94.9704 92.3902 94.9142 93.7878 69.6767 94.8343 20.0385 93.4404 96.2517 69.6678 21.3846 72.9803 95.7203 93.2257 70.1647 96.0929 96.5589 68.7551 100.0009 69.2849 1.6184 90.3885 0.0000 71.0104 70.8113 20.2384 1.4127 94.4191 74.0083 97.8060 94.7381 96.1044 19.7271 69.4595 20.6470 71.5201 69.5283 70.4200 15.8257 94.0747 98.3590 96.8937 94.7207 89.3805 95.2779 73.6622 94.5974 96.1007 93.9073 19.3260 97.9637 1.0442 68.9834 94.3405 69.4006 1.3327 95.8171 95.0234 98.6814 94.0941 99.6968 94.3713 95.3978 94.0455 95.6830 93.2012 94.5056 73.4642 94.8713 99.9198 94.2301 94.4369 99.0531 90.8004 93.8305 1.2717 22.1371 20.2677 100.4864 70.4836 95.5736 20.6226 90.6134 96.2122
21.2560 70.2116 1.0301 1.0301 86.6093 24.4887 70.5056 24.5190 22.4120 25.0762 22.4960 25.0200 23.8936 1.7629 24.9401 86.6543 23.5462 26.3575 1.7539 88.0005 2.9271 25.8261 23.3315 2.8612 26.1987 26.6648 2.6090 30.1067 9.3734 69.6690 20.4943 71.0513 0.0000 0.7176 86.8543 69.7419 24.5249 3.9550 27.9118 24.8439 26.2102 86.3429 1.7548 87.2628 1.4387 2.3252 10.5086 82.4415 24.1805 28.4648 26.9995 24.8265 19.4863 25.3837 3.6089 24.7032 26.2065 24.0131 85.9419 28.0695 70.8523 2.8374 24.4463 1.7062 70.4147 25.9229 25.1292 28.7872 24.1999 29.8026 24.4771 25.5036 24.1513 25.7888 23.3070 24.6114 3.4109 24.9771 30.0256 24.3360 24.5427 29.1589 20.9063 23.9363 70.0639 88.7529 86.8836 30.5922 1.7022 25.6794 87.2385 20.7192 26.3181
21.0570 69.9957 1.2123 1.2123 86.3934 24.2897 70.2897 24.3199 22.2130 24.8772 22.2970 24.8209 23.6945 2.2238 24.7411 86.4385 23.3472 26.1585 2.2148 87.7846 2.7280 25.6270 23.1325 2.6453 25.9997 26.4657 2.3932 29.9076 9.1575 69.4531 20.2952 70.8354 0.7176 0.0000 86.6384 69.5260 24.3258 3.7560 27.7128 24.6449 26.0112 86.1270 2.2157 87.0469 0.9672 2.1093 10.2927 82.2256 23.9814 28.2658 26.8005 24.6275 19.2873 25.1846 3.4099 24.5042 26.0075 23.8141 85.7260 27.8705 70.6364 2.6215 24.2473 2.1671 70.1988 25.7239 24.9302 28.5882 24.0008 29.6036 24.2780 25.3046 23.9523 25.5898 23.1080 24.4124 3.2119 24.7781 29.8266 24.1369 24.3436 28.9599 20.7072 23.7372 69.8480 88.5370 86.6677 30.3932 1.9434 25.4804 87.0226 20.5201 26.1190
107.0440 19.8388 86.0838 86.0838 0.2378 110.2768 20.5682 110.3070 108.2001 110.8643 108.2840 110.8080 109.6816 85.5706 110.7281 0.6018 109.3343 112.1455 85.5616 0.8476 88.8741 111.6141 109.1195 86.0585 111.9868 112.4528 84.6489 115.8947 85.1787 20.4897 106.2823 19.8720 86.9042 86.7052 0.0000 19.8344 110.3129 89.9021 113.6998 110.6319 111.9983 1.9333 85.3533 1.2000 87.4139 85.4222 86.3139 5.8835 109.9685 114.2528 112.7876 110.6145 105.2743 111.1717 89.5560 110.4912 111.9945 109.8012 0.1635 113.8575 20.4795 84.8773 110.2344 85.2944 19.1775 111.7109 110.9172 114.5752 109.9879 115.5906 110.2651 111.2917 109.9394 111.5769 109.0950 110.3995 89.3580 110.7651 115.8136 110.1240 110.3307 114.9469 106.6943 109.7243 19.7716 2.6628 0.6595 116.3803 86.3774 111.4674 1.3731 106.5072 112.1061
89.8408 0.6019 68.8806 68.8806 19.9558 93.0735 1.2469 93.1037 90.9968 93.6610 91.0808 93.6047 92.4783 68.3673 93.5249 20.0008 92.1310 94.9423 68.3583 21.3470 71.6709 94.4108 91.9163 68.8552 94.7835 95.2495 67.4457 98.6914 67.9754 0.6312 89.0790 1.4127 69.7009 69.5019 20.2007 0.0000 93.1096 72.6988 96.4966 93.4287 94.7950 19.6894 68.1501 20.6093 70.2107 68.2189 69.1106 15.7880 92.7652 97.0496 95.5843 93.4113 88.0711 93.9684 72.3528 93.2880 94.7913 92.5979 19.2884 96.6543 1.1654 67.6740 93.0311 68.0912 0.5941 94.5077 93.7140 97.3720 92.7846 98.3874 93.0618 94.0884 92.7361 94.3736 91.8918 93.1962 72.1547 93.5618 98.6104 92.9207 93.1274 97.7437 89.4910 92.5211 0.2261 22.0994 20.2301 99.1770 69.1742 94.2642 20.5850 89.3039 94.9028
8.7849 94.2622 24.5787 24.5787 110.6600 1.8243 94.5562 0.8707 9.7561 1.1009 8.9678 2.3555 6.1506 25.5107 1.0687 110.7050 10.8903 8.1188 25.5017 112.0511 22.7947 1.8871 10.6756 25.9322 8.6280 2.7257 25.6801 5.2677 27.1181 93.7197 8.0231 95.1020 23.6768 23.8291 110.9049 93.7925 0.0000 23.8555 8.0051 10.0820 2.2712 110.3936 25.5027 111.3135 24.5379 25.3962 27.1427 106.4922 9.2222 3.6259 8.1554 2.1621 7.0152 1.2367 23.4766 8.8711 1.8904 3.0354 109.9925 2.7616 94.9029 25.9084 11.7904 25.4540 94.4653 1.9839 0.7639 3.9483 5.0625 4.9637 0.8813 2.8392 2.8581 13.1329 2.0137 9.8495 23.2786 2.3127 5.1867 9.1694 0.6888 6.6842 8.2504 8.2868 94.1145 112.8036 110.9342 5.7533 25.2303 3.0150 111.2892 8.2481 2.3790
21.0809 72.9562 4.2523 4.2523 89.3540 24.3136 73.2502 24.3439 22.2369 24.9011 22.3209 24.8449 23.7185 5.1843 24.7650 89.3990 23.3711 26.1824 5.1753 90.7451 1.2877 25.6510 23.1564 4.5765 26.0236 26.4897 5.3537 29.9316 12.1180 72.4137 20.3192 73.7960 3.3504 3.5027 89.5989 72.4865 24.3498 0.0000 27.7367 24.6688 26.0351 89.0876 5.1763 90.0075 2.3111 5.0698 13.2532 85.1862 24.0054 28.2897 26.8244 24.6514 19.3112 25.2086 0.7577 24.5281 26.0314 23.8380 88.6865 27.8944 73.5970 5.5820 24.2712 5.1276 73.1593 25.7478 24.9541 28.6121 24.0248 29.6275 24.3020 25.3285 23.9762 25.6137 23.1319 24.4363 0.9270 24.8020 29.8505 24.1608 24.3676 28.9838 20.7311 23.7612 72.8085 91.4976 89.6282 30.4171 4.9039 25.5043 89.9832 20.5441 26.1429
8.0699 97.4065 27.7229 27.7229 113.8042 8.3140 97.7005 8.6315 10.9871 10.1436 8.4661 8.8452 7.9536 28.6550 10.3732 113.8493 10.8179 3.8892 28.6460 115.1954 25.9390 10.5003 10.9711 29.0765 2.2451 10.5775 28.8244 10.3929 34.3549 96.8639 9.9777 98.2463 26.8211 26.9734 114.0492 96.9368 9.3724 26.9998 0.0000 3.6455 9.1936 113.5379 28.6469 114.4577 27.6822 28.5405 34.3795 109.6365 4.1003 10.5482 3.2143 8.6518 8.9697 8.2565 26.6209 3.8393 8.3752 9.5251 113.1368 9.6840 98.0472 29.0527 10.0766 28.5983 97.6096 10.5972 9.2418 10.8706 8.2600 10.2840 10.2471 8.4264 9.8855 7.7158 9.2258 3.4131 26.4229 8.0813 10.5070 4.2511 8.6552 5.8195 11.6250 4.5543 97.2588 115.9478 114.0785 9.4052 28.3746 7.8661 114.4334 10.2026 9.3014
5.9825 95.3191 25.6355 25.6355 111.7169 8.5326 95.6131 8.8502 9.9704 10.3623 5.4113 9.0639 1.9765 26.5676 10.5918 111.7619 9.8011 1.1497 26.5586 113.1080 23.8516 10.7190 9.9543 26.9891 0.8061 10.7962 26.7370 10.6115 35.0063 94.7765 7.8903 96.1589 24.7337 24.8860 111.9618 94.8494 9.5911 24.9124 6.1122 0.0000 9.4122 111.4505 26.5595 112.3704 25.5948 26.4531 36.1415 107.5491 1.0032 10.7669 1.2323 9.1549 6.8823 8.4752 24.5335 1.5320 8.5938 9.7437 111.0494 9.9026 95.9598 26.9653 9.0598 26.5109 95.5222 10.8158 9.4604 11.0893 2.3236 10.5026 10.4657 8.4688 9.4291 6.6991 9.4445 0.2982 24.3355 8.7380 10.7256 1.2901 8.8739 6.0381 9.5376 0.9620 95.1714 113.8605 111.9911 9.6238 26.2872 8.0346 112.3460 8.1152 9.5200
9.2217 95.9476 26.2640 26.2640 112.3454 3.3364 96.2416 2.4204 11.4415 1.6297 8.6505 3.8676 5.8333 27.1961 1.8593 112.3904 12.5757 7.9398 27.1871 113.7365 24.4801 1.9864 12.3610 27.6176 8.4490 2.1086 27.3655 3.1190 28.8035 95.4050 9.7085 96.7874 25.3622 25.5145 112.5903 95.4779 2.2712 25.5409 7.8261 8.8771 0.0000 112.0790 27.1880 112.9989 26.2233 27.0816 28.8281 108.1776 8.2137 1.3973 7.9764 3.6742 8.7006 1.5815 25.1620 8.6921 0.9135 4.5474 111.6779 0.7914 96.5883 27.5938 13.4758 27.1394 96.1507 1.5057 1.7913 1.7996 4.7452 2.8150 1.7332 3.7016 4.5435 12.1094 3.6991 8.6446 24.9640 3.3565 3.0379 8.3691 2.4732 6.5052 9.9357 7.9695 95.7999 114.4889 112.6196 3.6046 26.9157 3.1413 112.9745 9.9334 0.2469
106.5327 19.3274 85.5725 85.5725 1.6883 109.7654 20.0568 109.7956 107.6887 110.3529 107.7727 110.2966 109.1702 85.0592 110.2168 1.3258 108.8229 111.6342 85.0503 2.4167 88.3628 111.1028 108.6082 85.5472 111.4754 111.9414 84.1376 115.3834 84.6673 19.9784 105.7709 19.3607 86.3929 86.1938 1.9333 19.3230 109.8015 89.3907 113.1885 110.1206 111.4869 0.0000 84.8420 1.2074 86.9026 84.9108 85.8025 5.3721 109.4572 113.7415 112.2762 110.1032 104.7630 110.6604 89.0447 109.9799 111.4832 109.2898 1.5090 113.3462 19.9682 84.3659 109.7230 84.7831 18.6661 111.1996 110.4059 114.0639 109.4766 115.0793 109.7538 110.7803 109.4280 111.0655 108.5837 109.8881 88.8467 110.2538 115.3023 109.6126 109.8194 114.4356 106.1829 109.2130 19.2602 3.1692 1.9626 115.8689 85.8661 110.9561 1.1214 105.9959 111.5947
22.7093 68.6563 0.8316 0.8316 85.0541 25.9420 68.9503 25.9722 23.8653 26.5295 23.9493 26.4732 25.3468 0.2174 26.3934 85.0991 24.9995 27.8108 0.2085 86.4453 4.3803 27.2793 24.7848 1.2683 27.6520 28.1180 0.8173 31.5599 7.8181 68.1138 21.9475 69.4961 1.7187 2.2113 85.2990 68.1867 25.9781 5.4083 29.3651 26.2971 27.6635 84.7877 0.0000 85.7076 2.9201 0.8382 8.9533 80.8863 25.6337 29.9181 28.4528 26.2798 20.9396 26.8369 5.0622 26.1564 27.6598 25.4664 84.3867 29.5228 69.2971 1.3940 25.8996 0.1842 68.8594 27.3762 26.5825 30.2405 25.6531 31.2559 25.9303 26.9569 25.6046 27.2421 24.7603 26.0647 4.8642 26.4303 31.4789 25.7892 25.9959 30.6122 22.3595 25.3895 68.5086 87.1977 85.3284 32.0455 1.1247 27.1327 85.6833 22.1724 27.7713
107.4526 20.2473 86.4924 86.4924 0.9622 110.6853 20.9767 110.7155 108.6086 111.2728 108.6926 111.2165 110.0901 85.9791 111.1367 0.8049 109.7428 112.5541 85.9701 0.9871 89.2827 112.0226 109.5281 86.4670 112.3953 112.8613 85.0575 116.3033 85.5872 20.8983 106.6908 20.2806 87.3128 87.1137 1.2000 20.2429 110.7214 90.3106 114.1084 111.0405 112.4068 1.2074 85.7619 0.0000 87.8225 85.8307 86.7224 6.2920 110.3771 114.6614 113.1961 111.0231 105.6829 111.5802 89.9646 110.8998 112.4031 110.2097 1.3634 114.2661 20.8881 85.2858 110.6429 85.7030 19.5860 112.1195 111.3258 114.9838 110.3964 115.9992 110.6736 111.7002 110.3479 111.9854 109.5036 110.8080 89.7665 111.1737 116.2222 110.5325 110.7392 115.3555 107.1028 110.1329 20.1801 1.1744 1.2109 116.7888 86.7860 111.8760 0.1731 106.9158 112.5146
21.7657 70.7045 2.0005 2.0005 87.1022 24.9985 70.9985 25.0287 22.9218 25.5860 23.0058 25.5297 24.4033 2.9326 25.4499 87.1473 24.0560 26.8672 2.9236 88.4934 2.1020 26.3358 23.8412 2.5612 26.7085 27.1745 3.1019 30.6164 9.8663 70.1619 21.0040 71.5442 1.4387 0.9672 87.3472 70.2348 25.0346 2.5474 28.4215 25.3536 26.7200 86.8358 2.9245 87.7557 0.0000 2.8181 11.0015 82.9344 24.6902 28.9746 27.5093 25.3363 19.9961 25.8934 2.1828 25.2129 26.7163 24.5229 86.4348 28.5792 71.3452 3.3303 24.9561 2.8759 70.9076 26.4327 25.6389 29.2970 24.7096 30.3124 24.9868 26.0134 24.6611 26.2986 23.8168 25.1212 1.9847 25.4868 30.5354 24.8457 25.0524 29.6687 21.4160 24.4460 70.5568 89.2458 87.3765 31.1020 2.6522 26.1892 87.7314 21.2289 26.8278
22.6197 68.7104 1.3416 1.3416 85.1082 25.8524 69.0044 25.8827 23.7757 26.4399 23.8597 26.3837 25.2573 0.9566 26.3038 85.1532 24.9099 27.7212 0.9477 86.4993 4.2908 27.1898 24.6952 0.7357 27.5624 28.0284 0.6286 31.4704 7.8722 68.1679 21.8580 69.5502 2.3208 2.1218 85.3531 68.2408 25.8886 5.3187 29.2755 26.2076 27.5739 84.8418 0.8382 85.7617 2.8306 0.0000 9.0074 80.9404 25.5442 29.8285 28.3632 26.1902 20.8500 26.7474 4.9726 26.0669 27.5702 25.3768 84.4407 29.4332 69.3512 0.8552 25.8100 0.9548 68.9135 27.2866 26.4929 30.1509 25.5636 31.1663 25.8408 26.8673 25.5150 27.1525 24.6707 25.9751 4.7746 26.3408 31.3893 25.6996 25.9064 30.5226 22.2699 25.3000 68.5627 87.2518 85.3825 31.9559 2.0335 27.0431 85.7374 22.0829 27.6817
31.1497 71.0674 9.6792 9.6792 87.4652 27.7432 71.3614 27.7735 32.2002 28.3308 32.3897 28.2745 31.7992 9.1659 28.1946 87.5102 33.3344 33.8480 9.1570 88.8564 12.4695 29.0806 33.1196 9.6539 34.3572 29.9193 8.2443 33.5931 1.1359 70.5249 30.3880 71.9072 10.4996 10.3005 87.7102 70.5978 27.7794 13.4975 33.7343 34.7376 29.4647 87.1988 8.9487 88.1187 11.0093 9.0175 0.0000 83.2974 34.0742 31.9513 33.8846 28.0810 29.3800 28.6382 13.1514 34.6003 29.4610 27.2677 86.7978 29.9552 71.7082 8.4726 34.2345 8.8898 71.2706 29.1774 28.3837 32.2737 30.7110 33.2890 27.7316 28.7582 27.4058 35.5770 26.5615 34.5051 12.9534 28.2316 33.5120 34.2296 27.7972 32.4134 30.6944 33.8300 70.9198 89.6088 87.7395 34.0787 9.9728 28.9339 88.0944 30.6129 29.5726
102.6313 15.4260 81.6711 81.6711 5.6385 105.8640 16.1554 105.8942 103.7873 106.4515 103.8713 106.3952 105.2688 81.1578 106.3154 5.6835 104.9215 107.7328 81.1488 7.0297 84.4614 107.2014 104.7068 81.6457 107.5740 108.0400 80.2362 111.4820 80.7659 16.0770 101.8695 15.4593 82.4915 82.2924 5.8835 15.4216 105.9001 85.4893 109.2871 106.2192 107.5855 5.3721 80.9406 6.2920 83.0012 81.0094 81.9011 0.0000 105.5558 109.8401 108.3748 106.2018 100.8616 106.7589 85.1433 106.0785 107.5818 105.3884 4.9711 109.4448 16.0668 80.4645 105.8216 80.8817 14.7647 107.2982 106.5045 110.1625 105.5752 111.1779 105.8524 106.8789 105.5266 107.1641 104.6823 105.9867 84.9453 106.3524 111.4009 105.7112 105.9179 110.5342 102.2815 105.3116 15.3588 7.7821 5.9128 111.9675 81.9647 107.0547 6.2677 102.0945 107.6933
5.1267 94.4633 24.7797 24.7797 110.8611 8.6125 94.7573 8.9300 10.1876 10.4421 4.5556 8.7810 0.9996 25.7118 10.6717 110.9061 9.4245 1.1501 25.7028 112.2522 22.9958 10.7988 9.5777 26.1333 2.3886 10.8760 25.8812 10.6914 34.1505 93.9207 7.0345 95.3031 23.8779 24.0302 111.1060 93.9936 9.6709 24.0566 5.4298 1.0032 9.4921 110.5947 25.7037 111.5146 24.7390 25.5973 35.2857 106.6933 0.0000 10.8467 1.3623 8.2991 6.0265 8.5550 23.6777 0.7895 8.6737 9.4609 110.1936 9.9825 95.1040 26.1095 8.6831 25.6551 94.6664 10.8957 9.5402 11.1691 1.5007 10.5825 10.5456 7.6130 8.5733 6.3224 9.5243 0.7756 23.4797 7.8822 10.8055 0.3132 8.9537 5.3557 8.6818 0.2202 94.3156 113.0047 111.1353 9.7036 25.4314 7.1788 111.4902 7.2594 9.5999
13.0883 98.5656 28.8821 28.8821 114.9634 4.9348 98.8596 4.0189 14.0595 3.2282 10.2490 5.4660 7.4318 29.8141 3.4577 115.0084 15.1937 9.5382 29.8051 116.3545 27.0981 2.5160 14.9790 30.2356 10.0474 2.0480 29.9835 1.7537 31.6848 98.0231 12.3265 99.4054 27.9802 28.1325 115.2083 98.0959 3.8697 28.1589 9.4245 10.4755 1.3973 114.6970 29.8061 115.6169 28.8413 29.6996 31.7094 110.7956 9.8121 0.0000 9.5748 5.2726 11.3186 3.1799 27.7800 10.2905 2.2793 6.1459 114.2959 0.8985 99.2064 30.2118 16.0939 29.7574 98.7687 2.6754 3.3897 0.3508 6.3436 1.1917 3.3316 5.3001 6.1419 17.4363 5.2976 10.2430 27.5820 4.9549 1.6726 9.9676 4.0716 8.1036 12.5538 9.5679 98.4179 117.1070 115.2377 2.2392 29.5337 4.7397 115.5926 12.5515 1.2975
7.7000 97.0366 27.3531 27.3531 113.4344 6.3519 97.3306 6.6694 11.3271 8.1815 7.1289 6.8831 2.2362 28.2851 8.4111 113.4794 11.1579 0.2122 28.2761 114.8255 25.5691 8.5382 11.3111 28.7066 1.0950 8.6154 28.4545 8.4307 32.3928 96.4941 9.6078 97.8764 26.4512 26.6035 113.6793 96.5669 7.4103 26.6299 3.9314 1.2323 7.2314 113.1680 28.2771 114.0879 27.3123 28.1706 32.4174 109.2666 1.3623 8.5861 0.0000 6.6896 8.5999 6.2944 26.2510 1.3484 6.4130 7.5629 112.7669 7.7219 97.6774 28.6828 10.4166 28.2284 97.2397 8.6350 7.2796 8.9085 2.3099 8.3219 8.2850 6.4643 7.9234 8.0558 7.2637 1.1939 26.0530 6.1192 8.5448 1.6756 6.6931 3.8574 11.2551 1.5463 96.8889 115.5780 113.7086 7.4430 28.0047 5.9040 114.0636 9.8327 7.3393
7.3449 94.3092 24.6257 24.6257 110.7070 0.5999 94.6032 1.4212 9.8032 2.9333 6.7738 0.8890 3.9566 25.5577 3.1629 110.7520 10.9374 7.4772 25.5488 112.0982 22.8418 3.2900 10.7226 25.9792 7.9864 4.1287 25.7271 6.6707 27.1651 93.7667 8.0702 95.1490 23.7238 23.8761 110.9519 93.8396 2.1621 23.9025 7.3636 7.0003 3.6742 110.4406 25.5497 111.3605 24.5849 25.4432 27.1897 106.5392 6.3369 5.0288 7.5139 0.0000 7.0622 2.2859 23.5236 8.2296 3.0903 1.2923 110.0396 4.1646 94.9500 25.9554 11.8375 25.5010 94.5123 3.3868 2.0314 5.3512 2.8684 6.3666 3.0368 0.6037 1.3547 13.1800 2.0155 6.7678 23.3256 0.2481 6.5896 6.4924 1.4449 6.0427 8.2974 6.0927 94.1615 112.8506 110.9813 7.1562 25.2773 0.8759 111.3362 8.2951 3.7820
1.9719 88.4368 18.7532 18.7532 104.8345 7.5361 88.7308 7.5663 4.1610 8.1236 8.2882 8.0673 8.6611 19.6852 7.9875 104.8795 5.2952 13.6409 19.6763 106.2257 16.9693 8.8734 5.0805 20.1067 13.1972 9.7121 19.8546 13.1540 28.1240 87.8942 1.2267 89.2765 17.8514 18.0037 105.0795 87.9671 7.5722 18.0301 13.5272 9.6114 9.2576 104.5681 19.6772 105.4880 18.7125 19.5708 29.2591 100.6667 8.9480 11.5122 13.6775 7.8739 0.0000 8.4310 17.6512 12.5263 9.2539 7.0605 104.1671 11.1169 89.0775 20.0830 6.1953 19.6286 88.6398 8.9703 8.1766 11.8346 10.5039 12.8500 7.5244 8.5510 7.1987 7.5378 6.3544 9.3789 17.4531 8.0244 13.0730 12.1812 7.5900 12.2063 2.6552 8.7038 88.2891 106.9781 105.1088 13.6396 19.4049 8.7268 105.4637 1.5670 9.3654
8.2846 95.1070 25.4235 25.4235 111.5048 1.9481 95.4010 0.8486 10.6009 2.0185 7.7134 2.4793 4.8963 26.3555 2.2480 111.5498 11.7351 7.0027 26.3465 112.8959 23.6395 2.3751 11.5204 26.7770 7.5119 2.9654 26.5249 4.5780 27.9629 94.5644 8.8679 95.9468 24.5216 24.6739 111.7497 94.6373 1.2367 24.7003 6.8890 7.9400 1.5815 111.2384 26.3474 112.1583 25.3827 26.2410 27.9875 107.3370 7.2766 2.9362 7.0393 2.2859 7.8600 0.0000 24.3214 7.7550 0.6858 3.1592 110.8373 2.0719 95.7477 26.7532 12.6352 26.2988 95.3101 2.4720 0.9863 3.2586 3.8081 4.2740 2.1219 2.7646 3.5197 11.1724 2.8599 7.7075 24.1234 2.4365 4.4970 7.4321 0.9539 5.5681 9.0951 7.0324 94.9593 113.6484 111.7790 5.0636 26.0751 2.2042 112.1340 9.0929 1.6893
20.7020 72.6407 3.9367 3.9367 89.0384 23.9347 72.9347 23.9650 21.8580 24.5222 21.9420 24.4660 23.3396 4.8688 24.3861 89.0835 22.9922 25.8035 4.8598 90.4296 0.7843 25.2721 22.7775 4.2610 25.6447 26.1108 5.0382 29.5527 11.8025 72.0981 19.9403 73.4804 3.0349 3.1872 89.2834 72.1710 23.9709 0.7577 27.3578 24.2899 25.6562 88.7721 4.8607 89.6919 1.9956 4.7543 12.9377 84.8707 23.6265 27.9108 26.4455 24.2725 18.9323 24.8297 0.0000 24.1492 25.6525 23.4591 88.3710 27.5155 73.2814 5.2665 23.8923 4.8121 72.8438 25.3689 24.5752 28.2332 23.6459 29.2486 23.9231 24.9496 23.5973 25.2348 22.7530 24.0574 0.2136 24.4231 29.4716 23.7819 23.9887 28.6049 20.3522 23.3823 72.4930 91.1820 89.3127 30.0382 4.5884 25.1254 89.6676 20.1652 25.7641
5.5790 94.9155 25.2320 25.2320 111.3133 8.6509 95.2095 8.9684 10.6398 10.4805 5.0078 9.1821 1.2266 26.1640 10.7101 111.3583 9.5012 1.2260 26.1551 112.7045 23.4481 10.8372 9.6545 26.5855 2.1414 10.9144 26.3334 10.7298 34.6027 94.3730 7.4867 95.7553 24.3301 24.4825 111.5583 94.4459 9.7093 24.5088 5.4682 1.6580 9.5305 111.0469 26.1560 111.9668 25.1912 26.0495 35.7379 107.1455 0.7895 10.8851 1.3484 8.9887 6.4788 8.5934 24.1300 0.0000 8.7121 9.8619 110.6459 10.0209 95.5563 26.5618 8.7599 26.1074 95.1186 10.9341 9.5786 11.2075 1.3003 10.6209 10.5840 8.0653 9.0256 6.3992 9.5627 1.3044 23.9319 8.4182 10.8439 0.9508 8.9921 5.3941 9.1340 1.0082 94.7678 113.4569 111.5876 9.7420 25.8836 7.6310 111.9425 7.7117 9.6383
8.4033 95.9558 26.2723 26.2723 112.3536 2.7708 96.2498 1.4481 11.4497 2.4271 7.8321 3.3020 5.0149 27.2043 2.6566 112.3986 12.5839 7.1214 27.1953 113.7447 24.4883 2.7837 12.3692 27.6258 7.6306 2.6669 27.3737 3.6774 28.8117 95.4133 9.7167 96.7956 25.3704 25.5227 112.5985 95.4861 1.8904 25.5491 7.0077 8.0586 0.9135 112.0872 27.1963 113.0071 26.2315 27.0898 28.8363 108.1858 7.3952 2.0355 7.1580 3.1086 8.7088 0.6858 25.1702 7.8737 0.0000 3.9818 111.6861 1.7734 96.5966 27.6020 13.4841 27.1476 96.1589 2.8806 1.2890 2.3579 3.9268 3.3733 2.5305 2.8832 4.3423 11.2910 3.6826 7.8262 24.9722 2.5381 3.5963 7.5507 1.7281 5.6868 9.9440 7.1510 95.8081 114.4972 112.6279 4.1629 26.9239 2.3229 112.9828 9.9417 0.9400
7.4615 92.9388 23.2553 23.2553 109.3366 1.5069 93.2328 2.3211 8.4328 2.8828 7.9221 1.0772 5.1050 24.1873 2.7467 109.3816 9.5670 8.3956 24.1783 110.7278 21.4713 3.6326 9.3522 24.6088 8.9048 4.4713 24.3567 7.0133 25.7947 92.3963 6.6998 93.7786 22.3534 22.5057 109.5815 92.4692 2.3314 22.5321 8.2819 8.1487 4.0168 109.0702 24.1793 109.9901 23.2145 24.0728 25.8193 105.1688 7.4853 5.3714 8.4322 1.3762 5.6918 3.1858 22.1532 9.1479 4.0086 0.0000 108.6691 4.5072 93.5796 24.5850 10.4671 24.1306 93.1419 3.7294 2.9313 5.6938 4.0168 6.7092 2.2836 2.4015 0.5739 11.8095 0.3828 7.9162 21.9552 1.5267 6.9322 7.6408 2.3448 6.9610 6.9270 7.2411 92.7911 111.4802 109.6109 7.4988 23.9069 3.2915 109.9658 6.9247 4.1246
106.1316 18.9264 85.1714 85.1714 0.4012 109.3644 19.6558 109.3946 107.2877 109.9519 107.3717 109.8956 108.7692 84.6582 109.8158 0.7652 108.4219 111.2331 84.6492 1.0110 87.9618 110.7017 108.2071 85.1461 111.0744 111.5404 83.7365 114.9823 84.2663 19.5773 105.3699 18.9596 85.9918 85.7928 0.1635 18.9220 109.4005 88.9897 112.7874 109.7195 111.0859 1.9495 84.4409 1.3634 86.5016 84.5098 85.4015 4.9711 109.0561 113.3405 111.8752 109.7022 104.3619 110.2593 88.6436 109.5788 111.0822 108.8888 0.0000 112.9451 19.5671 83.9649 109.3220 84.3821 18.2651 110.7986 110.0048 113.6629 109.0755 114.6783 109.3527 110.3793 109.0270 110.6645 108.1826 109.4871 88.4456 109.8527 114.9012 109.2116 109.4183 114.0346 105.7819 108.8119 18.8592 3.3968 0.8230 115.4679 85.4650 110.5551 1.8823 105.5948 111.1937
9.7121 97.8792 28.1956 28.1956 114.2769 3.8268 98.1732 2.9108 13.3731 2.1201 9.1409 4.3580 6.3237 29.1276 2.3497 114.3219 14.5073 8.4302 29.1187 115.6681 26.4117 1.2403 14.2926 29.5491 8.9394 0.9005 29.2970 2.6390 29.2939 97.3366 11.6401 98.7189 27.2938 27.4461 114.5219 97.4095 2.7616 27.4725 8.3165 9.3675 0.7914 114.0105 29.1196 114.9304 28.1549 29.0132 29.3185 110.1091 8.7041 0.8985 8.4668 4.1646 10.6321 2.0719 27.0936 9.1825 1.8766 5.0379 113.6095 0.0000 98.5199 29.5254 15.4074 29.0710 98.0823 1.1476 2.2817 1.1533 5.2356 2.3349 2.2236 4.1921 5.0339 16.7499 4.1895 9.1350 26.8955 3.8469 2.5579 8.8595 2.9636 6.9956 11.8673 8.4599 97.7315 116.4205 114.5512 3.1245 28.8473 3.6317 114.9061 11.8650 0.9797
90.9512 0.6229 69.9910 69.9910 20.6010 94.1839 0.4050 94.2141 92.1072 94.7714 92.1912 94.7151 93.5887 69.4777 94.6353 20.6460 93.2414 96.0527 69.4688 21.9921 72.7813 95.5212 93.0267 69.9656 95.8939 96.3599 68.5561 99.8019 69.0858 1.1805 90.1894 1.0442 70.8114 70.6123 20.8459 1.1654 94.2200 73.8092 97.6070 94.5391 95.9054 20.3346 69.2605 21.2545 71.3211 69.3293 70.2210 16.4332 93.8757 98.1600 96.6947 94.5217 89.1815 95.0788 73.4632 94.3984 95.9017 93.7083 19.9335 97.7647 0.0000 68.7844 94.1415 69.2016 1.2175 95.6181 94.8244 98.4824 93.8951 99.4978 94.1722 95.1988 93.8465 95.4840 93.0022 94.3066 73.2651 94.6723 99.7208 94.0311 94.2378 98.8541 90.6014 93.6315 1.0244 22.7446 20.8752 100.2874 70.2846 95.3746 21.2302 90.4144 96.0132
24.1268 68.1654 3.0076 3.0076 84.5632 27.3596 68.4594 27.3898 25.2829 27.9471 25.3669 27.8908 26.7644 1.5125 27.8110 84.6082 26.4171 29.2283 1.5035 85.9543 5.7979 28.6969 26.2023 0.6397 29.0696 29.5356 1.3729 32.9775 7.3272 67.6229 23.3651 69.0052 3.8280 3.6289 84.8081 67.6957 27.3957 6.8258 30.7826 27.7147 29.0811 84.2968 1.3940 85.2167 4.3377 0.8552 8.4624 80.3954 27.0513 31.3357 29.8704 27.6974 22.3571 28.2545 6.4798 27.5740 29.0774 26.8840 83.8957 30.9403 68.8062 0.0000 27.3172 1.5106 68.3685 28.7937 28.0000 31.6581 27.0707 32.6735 27.3479 28.3745 27.0222 28.6597 26.1778 27.4823 6.2817 27.8479 32.8964 27.2068 27.4135 32.0297 23.7771 26.8071 68.0177 86.7068 84.8374 33.4631 3.3012 28.5503 85.1924 23.5900 29.1889
2.0362 93.8704 24.1868 24.1868 110.2681 12.6573 94.1644 12.6875 1.9167 13.2448 4.5333 10.9816 7.2111 25.1189 13.1087 110.3131 1.3882 10.4134 25.1099 111.6593 22.4029 13.9946 0.9585 25.5403 8.7693 14.8333 25.2882 18.2753 33.5576 93.3278 8.9214 94.7101 23.2850 23.4373 110.5131 93.4007 12.6934 23.4637 11.3070 8.9041 14.3788 110.0017 25.1108 110.9216 24.1461 25.0044 33.3154 106.1003 7.5024 16.6334 9.7385 10.4997 7.9134 11.2769 23.0848 8.0984 11.3955 12.1817 109.6007 16.2381 94.5111 25.5166 0.0000 25.0622 94.0735 14.0915 13.2978 16.9558 7.5174 17.9712 12.6456 9.8136 12.3199 3.7829 11.4756 8.6716 22.8867 10.0828 18.1942 7.7532 12.7112 11.2329 2.4061 7.2582 93.7227 112.4117 110.5424 18.7608 24.8385 9.3794 110.8973 3.2086 14.4866
22.6606 68.5974 0.8210 0.8210 84.9952 25.8934 68.8914 25.9236 23.8167 26.4809 23.9006 26.4246 25.2982 0.2761 26.3448 85.0402 24.9509 27.7621 0.2671 86.3864 4.3317 27.2307 24.7361 1.3849 27.6034 28.0694 0.8598 31.5113 7.7593 68.0549 21.8989 69.4372 1.6701 2.1627 85.2402 68.1278 25.9295 5.3596 29.3164 26.2485 27.6149 84.7288 0.1842 85.6487 2.8715 0.9548 8.8944 80.8274 25.5851 29.8695 28.4042 26.2312 20.8909 26.7883 5.0136 26.1078 27.6112 25.4178 84.3278 29.4741 69.2382 1.2233 25.8510 0.0000 68.8005 27.3275 26.5338 30.1918 25.6045 31.2072 25.8817 26.9083 25.5560 27.1935 24.7116 26.0161 4.8155 26.3817 31.4302 25.7406 25.9473 30.5635 22.3109 25.3409 68.4497 87.1388 85.2695 31.9969 1.0830 27.0840 85.6244 22.1238 27.7227
90.5135 0.6540 69.5533 69.5533 19.2989 93.7463 1.4058 93.7765 91.6696 94.3338 91.7536 94.2775 93.1511 69.0401 94.1977 19.3439 92.8038 95.6150 69.0311 20.6901 72.3437 95.0836 92.5890 69.5280 95.4563 95.9223 68.1184 99.3642 68.6482 1.1807 89.7518 1.3327 70.3737 70.1747 19.5439 0.5941 93.7824 73.3716 97.1693 94.1014 95.4678 19.0325 68.8228 19.9524 70.8835 68.8917 69.7834 15.1311 93.4380 97.7223 96.2571 94.0841 88.7438 94.6412 73.0255 93.9607 95.4640 93.2707 18.6315 97.3270 1.2175 68.3468 93.7039 68.7640 0.0000 95.1804 94.3867 98.0447 93.4574 99.0601 93.7346 94.7612 93.4089 95.0463 92.5645 93.8690 72.8275 94.2346 99.2831 93.5935 93.8002 98.4164 90.1638 93.1938 0.5114 21.4425 19.5732 99.8498 69.8469 94.9369 19.9281 89.9767 95.5756
10.1829 95.6603 25.9767 25.9767 112.0580 3.0491 95.9543 2.1331 11.1542 1.0043 10.1449 3.5803 7.3277 26.9088 0.9485 112.1031 12.2884 9.3435 26.8998 113.4492 24.1928 0.4110 12.0737 27.3302 9.8527 0.8694 27.0781 4.1600 28.5161 95.1177 9.4212 96.5000 25.0749 25.2272 112.3030 95.1906 1.9839 25.2536 9.2298 10.3715 1.5057 111.7916 26.9007 112.7115 25.9360 26.7943 28.5408 107.8902 9.7081 2.5181 9.3801 3.3868 8.4132 2.4720 24.8747 10.0958 2.8806 4.2601 111.3906 1.1476 96.3010 27.3065 13.1885 26.8521 95.8634 0.0000 1.4599 2.8405 6.2396 3.8559 1.3834 4.0640 4.2561 14.5310 3.4118 10.1390 24.6766 3.5374 4.0789 10.3942 2.1859 7.9089 9.6484 9.4639 95.5126 114.2016 112.3323 4.6455 26.6284 4.6357 112.6872 9.6461 2.1911
9.3752 94.8525 25.1690 25.1690 111.2503 1.6936 95.1465 0.7078 10.3465 1.0817 8.8371 2.2249 6.0200 26.1010 1.2292 111.2953 11.4807 7.9881 26.0920 112.6415 23.3851 1.2307 11.2659 26.5225 8.4973 2.2458 26.2704 4.7878 27.7084 94.3100 8.6135 95.6923 24.2671 24.4194 111.4952 94.3829 0.7639 24.4458 7.8744 9.9513 1.7913 110.9839 26.0930 111.9038 25.1282 25.9865 27.7330 107.0825 9.0916 3.1459 8.0247 2.0314 7.6055 0.9863 24.0669 8.7404 1.2890 2.9047 110.5829 2.2817 95.4933 26.4987 12.3808 26.0443 95.0556 1.4599 0.0000 3.4683 4.9318 4.4837 1.1179 2.7086 3.2652 13.7233 2.6055 9.7189 23.8689 2.1820 4.7067 9.0388 0.7151 6.5535 8.8407 8.1561 94.7048 113.3939 111.5246 5.2733 25.8206 2.8843 111.8795 8.8384 1.8991
13.1669 98.6442 28.9607 28.9607 115.0420 5.0134 98.9382 4.0975 14.1382 3.3068 10.3276 5.5447 7.5104 29.8927 3.5364 115.0870 15.2724 9.6168 29.8838 116.4332 27.1768 2.5946 15.0576 30.3142 10.1260 2.1266 30.0621 1.4990 31.7634 98.1017 12.4052 99.4840 28.0588 28.2112 115.2869 98.1746 3.9483 28.2375 9.5032 10.5541 1.7996 114.7756 29.8847 115.6955 28.9199 29.7782 31.7880 110.8742 9.8907 0.3508 9.6535 5.3512 11.3972 3.2586 27.8586 10.3692 2.3579 6.2245 114.3746 1.1533 99.2850 30.2905 16.1725 29.8361 98.8473 2.7541 3.4683 0.0000 6.4223 0.9938 3.4102 5.3787 6.2205 17.5150 5.3762 10.3217 27.6606 5.0336 1.4143 10.0462 4.1502 8.1823 12.6324 9.6465 98.4965 117.1856 115.3163 2.0056 29.6123 4.8184 115.6712 12.6301 1.5692
4.5251 93.8617 24.1782 24.1782 110.2595 3.4502 94.1557 4.1831 9.5860 5.7861 3.9540 3.5129 0.9648 25.1102 6.0157 110.3045 8.3209 2.0977 25.1012 111.6506 22.3942 6.0519 10.5055 25.5317 5.5354 6.1291 25.2796 7.7417 29.6440 93.3192 6.4329 94.7015 23.2763 23.4286 110.5044 93.3920 4.9240 23.4550 8.1817 4.1805 4.7452 109.9931 25.1022 110.9130 24.1374 24.9957 29.6687 106.0917 1.5007 6.0999 2.3099 3.0309 5.4250 3.8081 23.0761 1.3003 3.9268 4.1927 109.5920 5.2356 94.5024 25.5079 7.5796 25.0535 94.0648 6.1488 4.7934 6.4223 0.0000 7.4377 5.8895 2.3449 3.3052 7.4129 4.3011 3.9481 22.8781 2.6141 7.6606 1.4213 4.2068 6.8608 8.0802 1.5758 93.7140 112.4031 110.5337 8.2273 24.8298 1.9107 110.8887 6.6578 4.8530
14.5861 100.0634 30.3799 30.3799 116.4612 6.4326 100.3574 5.5167 15.5573 4.7260 11.7468 6.9638 8.9296 31.3119 4.9555 116.5062 16.6915 11.0360 31.3029 117.8524 28.5959 4.0138 16.4768 31.7334 11.5452 3.5458 31.4813 0.6795 33.1826 99.5209 13.8243 100.9032 29.4780 29.6303 116.7061 99.5938 5.3675 29.6567 10.9223 11.9733 3.2187 116.1948 31.3039 117.1147 30.3391 31.1974 33.2072 112.2934 11.3099 1.1917 11.0726 6.7704 12.8164 4.6777 29.2778 11.7883 3.7771 7.6437 115.7937 2.6523 100.7042 31.7096 17.5917 31.2552 100.2665 4.1732 4.8875 0.9938 7.8414 0.0000 4.8294 6.7979 7.6397 18.9341 6.7954 11.7408 29.0798 6.4527 0.5265 11.4654 5.5694 9.6014 14.0516 11.0657 99.9157 118.6048 116.7355 1.4664 31.0315 6.2375 117.0904 14.0493 2.9884
8.7371 94.2144 24.5309 24.5309 110.6122 2.6990 94.5084 1.7830 9.7083 0.5678 9.9771 3.2302 6.9777 25.4629 0.5355 110.6572 10.8425 8.9934 25.4539 112.0033 22.7469 1.1714 10.6278 25.8844 9.5026 2.1877 25.6323 4.7297 27.0703 93.6719 7.9753 95.0542 23.6290 23.7813 110.8571 93.7447 0.8813 23.8077 8.8798 10.0214 1.7332 110.3458 25.4549 111.2657 24.4901 25.3484 27.0949 106.4444 9.3580 3.0878 9.0301 3.0368 6.9674 2.1219 23.4288 9.7458 2.5305 2.6721 109.9447 2.2236 94.8552 25.8606 11.7427 25.4062 94.4175 1.3834 1.1179 3.4102 5.8895 4.4256 0.0000 3.7139 2.8103 13.0851 1.9659 9.7889 23.2308 3.1873 4.6486 10.0441 1.4508 7.5588 8.2026 9.1138 94.0667 112.7558 110.8865 5.2152 25.1825 4.2856 111.2414 8.2003 1.8410
6.8214 94.9863 25.3028 25.3028 111.3841 1.0046 95.2803 2.0983 10.4803 3.6104 6.2502 1.0524 3.4330 26.2348 3.8400 111.4291 11.6145 7.2518 26.2259 112.7753 23.5189 3.9671 11.3997 26.6563 7.7610 4.8058 26.4042 6.6982 27.8422 94.4438 8.7473 95.8261 24.4009 24.5533 111.6291 94.5167 2.8392 24.5796 7.1381 6.4768 3.7016 111.1177 26.2268 112.0376 25.2620 26.1204 27.8669 107.2163 5.8134 5.0563 7.2884 0.6037 7.7393 2.7646 24.2008 6.3361 2.8832 1.9695 110.7167 4.1921 95.6271 26.6326 9.8758 26.1782 95.1894 4.0640 2.7086 5.3787 2.3449 6.3941 3.7139 0.0000 1.5800 9.7091 2.6926 6.2443 24.0027 0.6528 6.6171 5.9688 2.1220 5.8172 8.9745 5.5692 94.8386 113.5277 111.6584 7.1837 25.9544 0.8894 112.0133 8.9722 3.8095
7.1958 92.6732 22.9896 22.9896 109.0709 1.7836 92.9672 2.6549 8.1671 3.4269 7.2105 0.6832 4.3933 23.9217 3.2908 109.1160 9.3013 8.7110 23.9127 110.4621 21.2057 4.1767 9.0866 24.3431 9.2202 5.0154 24.0910 7.5574 26.3388 92.1306 6.4341 93.5129 22.0878 22.2401 109.3159 92.2035 2.8755 22.2665 8.5973 7.4370 4.5609 108.8045 23.9136 109.7244 22.9489 23.8072 26.3635 104.9031 6.7736 5.9156 8.7476 1.3547 5.4261 3.5197 21.8876 7.2963 4.3240 0.5739 108.4035 5.0513 93.3139 24.3194 10.2014 23.8650 92.8763 4.2736 3.2652 6.2380 3.3052 7.2534 2.8277 1.6898 0.0000 11.5439 0.9003 7.2046 21.6895 1.8034 7.4763 6.9291 2.6787 7.2764 6.6613 6.5294 92.5255 111.2145 109.3452 8.0430 23.6413 2.5798 109.7001 6.6590 4.6687
2.1737 92.4293 22.7457 22.7457 108.8270 7.1360 92.7233 7.8689 3.0146 9.4719 0.7437 7.1987 3.4281 23.6777 9.7014 108.8720 6.3463 5.8965 23.6688 110.2182 20.9618 9.7377 2.0125 24.0992 5.7377 9.8149 23.8471 11.4275 32.1165 91.8867 4.2772 93.2690 21.8439 21.9962 109.0720 91.9596 8.6098 22.0226 7.4508 4.3829 8.4310 108.5606 23.6697 109.4805 22.7050 23.5633 33.2516 104.6592 3.7195 9.7856 6.5386 6.7167 3.9925 7.4939 21.6437 4.2422 7.6126 7.8785 108.1596 8.9214 93.0700 24.0755 5.6050 23.6211 92.6323 9.8346 8.4792 10.1080 3.7344 11.1234 9.5753 6.0307 6.9910 0.0000 7.9869 4.1504 21.4456 6.2999 11.3464 3.8750 7.8926 7.3768 6.6478 3.4753 92.2816 110.9706 109.1013 11.9131 23.3974 5.5965 109.4562 3.9711 8.5388
7.2562 92.7335 23.0500 23.0500 109.1313 1.4223 93.0275 2.1158 8.2275 2.6775 8.4962 1.3190 5.4568 23.9820 2.5414 109.1763 9.3617 8.1903 23.9731 110.5225 21.2661 3.4273 9.1469 24.4035 8.6995 4.2660 24.1514 6.8080 25.5894 92.1910 6.4945 93.5733 22.1481 22.3005 109.3762 92.2639 2.1261 22.3268 8.0766 8.5005 3.8115 108.8649 23.9740 109.7848 23.0092 23.8675 25.6140 104.9635 7.8371 5.1661 8.2269 1.7961 5.4865 2.9805 21.9479 8.9426 3.8033 0.3828 108.4639 4.3019 93.3743 24.3798 10.2618 23.9254 92.9366 3.5242 2.7260 5.4885 4.3687 6.5039 2.0783 2.7533 0.9003 11.6043 0.0000 8.2681 21.7499 1.9467 6.7269 7.9926 2.1395 6.7557 6.7217 7.5929 92.5858 111.2749 109.4056 7.2935 23.7016 3.6433 109.7605 6.7194 3.9193
5.9451 95.2817 25.5982 25.5982 111.6795 8.4952 95.5757 8.8128 9.9330 10.3249 5.3740 9.0265 1.7605 26.5302 10.5545 111.7245 9.7638 0.9821 26.5212 113.0706 23.8142 10.6816 9.9170 26.9517 1.0428 10.7588 26.6996 10.5741 34.9689 94.7392 7.8529 96.1215 24.6963 24.8486 111.9244 94.8120 9.5537 24.8750 6.0748 0.2982 9.3748 111.4131 26.5222 112.3330 25.5574 26.4157 36.1041 107.5117 0.7756 10.7295 1.1939 9.1175 6.8450 8.4378 24.4961 1.3044 8.5564 9.7063 111.0120 9.8652 95.9224 26.9279 9.0224 26.4735 95.4848 10.7784 9.4230 11.0519 2.0960 10.4652 10.4283 8.4314 9.3917 6.6617 9.4071 0.0000 24.2981 8.7006 10.6882 1.0741 8.8365 6.0007 9.5002 0.7521 95.1340 113.8231 111.9537 9.5864 26.2498 7.9972 112.3087 8.0778 9.4826
20.5040 72.6454 3.9415 3.9415 89.0432 23.7367 72.9394 23.7669 21.6600 24.3242 21.7440 24.2679 23.1415 4.8735 24.1881 89.0882 22.7942 25.6055 4.8646 90.4343 0.5707 25.0740 22.5795 4.2912 25.4467 25.9127 5.0429 29.3547 11.8072 72.1029 19.7422 73.4852 3.0396 3.1919 89.2881 72.1758 23.7728 0.9270 27.1598 24.0919 25.4582 88.7768 4.8655 89.6967 2.0258 4.7590 12.9424 84.8754 23.4284 27.7128 26.2475 24.0745 18.7343 24.6316 0.2136 23.9512 25.4545 23.2611 88.3757 27.3175 73.2862 5.2712 23.6943 4.8168 72.8485 25.1709 24.3772 28.0352 23.4478 29.0506 23.7250 24.7516 23.3993 25.0368 22.5550 23.8594 0.0000 24.2251 29.2736 23.5839 23.7906 28.4069 20.1542 23.1842 72.4977 91.1868 89.3175 29.8402 4.5931 24.9274 89.6724 19.9671 25.5660
7.0906 94.4598 24.7762 24.7762 110.8576 0.4928 94.7538 1.4635 9.9537 3.0839 6.5194 1.1067 3.7022 25.7083 3.3134 110.9026 11.0879 6.9067 25.6993 112.2487 22.9923 3.4406 10.8732 26.1298 7.4159 4.2792 25.8777 6.3530 27.3157 93.9172 8.2207 95.2996 23.8744 24.0267 111.1025 93.9901 2.3127 24.0531 6.7930 6.7459 3.3565 110.5912 25.7002 111.5111 24.7355 25.5938 27.3403 106.6898 6.0825 4.7112 6.9433 0.2481 7.2128 2.4194 23.6742 6.6052 2.5381 1.4429 110.1901 3.8469 95.1005 26.1060 11.9880 25.6516 94.6629 3.5374 2.1820 5.0336 2.6141 6.0490 3.1873 0.6528 1.8034 9.9783 2.1661 6.5135 23.4762 0.0000 6.2719 6.2380 1.5955 5.4721 8.4479 5.8383 94.3121 113.0011 111.1318 6.8386 25.4279 0.6894 111.4867 8.4457 3.4643
14.4053 99.8826 30.1991 30.1991 116.2804 6.2518 100.1766 5.3359 15.3765 4.5452 11.5660 6.7830 8.7488 31.1311 4.7747 116.3254 16.5107 10.8552 31.1221 117.6716 28.4151 3.8330 16.2960 31.5526 11.3644 3.3650 31.3005 0.4831 33.0018 99.3401 13.6436 100.7224 29.2972 29.4495 116.5253 99.4130 5.1867 29.4759 10.7415 11.7925 3.0379 116.0140 31.1231 116.9339 30.1583 31.0166 33.0264 112.1126 11.1291 2.0618 10.8918 6.5896 12.6356 4.4970 29.0970 11.6075 3.5963 7.4629 115.6129 2.4715 100.5234 31.5288 17.4109 31.0744 100.0857 3.9924 4.7067 1.4143 7.6606 0.5265 4.6486 6.6171 7.4589 18.7533 6.6146 11.5601 28.8990 6.2719 0.0000 11.2846 5.3886 9.4206 13.8708 10.8849 99.7349 118.4240 116.5547 1.2738 30.8507 6.0567 116.9096 13.8685 2.8076
4.6897 94.0263 24.3427 24.3427 110.4240 8.0973 94.3203 8.4149 9.7505 9.9270 4.1185 8.6286 0.7944 25.2748 10.1565 110.4691 8.9477 1.4634 25.2658 111.8152 22.5588 10.2837 9.1009 25.6962 2.7396 10.3609 25.4441 10.1762 33.7135 93.4837 6.5975 94.8660 23.4409 23.5932 110.6690 93.5566 9.1558 23.6196 4.9146 1.2901 8.9769 110.1576 25.2667 111.0775 24.3020 25.1603 34.8486 106.2562 0.3132 10.3316 1.6756 8.4351 5.5895 8.0399 23.2407 0.9508 8.1585 9.3084 109.7566 9.4673 94.6670 25.6725 8.2064 25.2181 94.2294 10.3805 9.0251 10.6540 1.4213 10.0673 10.0304 7.1760 8.1363 5.8456 9.0092 1.0741 23.0426 7.4452 10.2903 0.0000 8.4386 4.8406 8.2448 0.3281 93.8786 112.5676 110.6983 9.1885 24.9944 6.7418 111.0532 6.8224 9.0847
9.0169 94.4942 24.8107 24.8107 110.8920 1.0810 94.7882 0.2268 9.9882 1.7323 8.7178 2.1055 5.9006 25.7427 1.9619 110.9370 11.1224 7.8688 25.7338 112.2832 23.0268 2.0890 10.9076 26.1642 8.3780 2.9277 25.9121 5.4697 27.3501 93.9517 8.2552 95.3340 23.9088 24.0612 111.1370 94.0246 0.6888 24.0875 7.7551 9.8320 2.4732 110.6256 25.7347 111.5455 24.7699 25.6282 27.3748 106.7242 8.9722 3.8278 7.9054 1.9121 7.2472 0.9539 23.7086 8.6211 1.7281 2.7854 110.2246 2.9636 95.1350 26.1405 12.0225 25.6861 94.6973 2.1859 0.7151 4.1502 4.8125 5.1656 1.4508 2.5892 3.1459 13.3650 2.2458 9.5995 23.5106 2.0627 5.3886 8.9194 0.0000 6.4342 8.4824 8.0368 94.3465 113.0356 111.1663 5.9553 25.4623 3.2470 111.5212 8.4801 2.5810
10.8000 100.1366 30.4530 30.4530 116.5343 9.6395 100.4306 9.9570 14.5434 11.4691 10.2288 10.1707 10.6837 31.3850 11.6987 116.5793 14.3742 6.2045 31.3761 117.9255 28.6691 11.8258 14.5274 31.8065 4.9358 11.9030 31.5544 11.7184 35.6804 99.5940 12.7078 100.9763 29.5512 29.7035 116.7793 99.6669 10.6979 29.7299 7.5874 6.3362 10.5191 116.2679 31.3770 117.1878 30.4123 31.2706 35.7050 112.3665 6.7909 11.8737 6.2411 9.9773 11.6998 9.5820 29.3510 6.5300 9.7007 10.8505 115.8669 11.0095 100.7773 31.7828 13.6329 31.3284 100.3396 11.9227 10.5673 12.1961 9.5018 11.6095 11.5726 9.7519 11.2110 11.2721 10.5513 6.1038 29.1529 9.4068 11.8325 7.0928 9.9807 0.0000 14.3550 7.2843 99.9888 118.6779 116.8086 10.7307 31.1047 9.1916 117.1635 12.9327 10.6269
2.5516 93.5172 23.8336 23.8336 109.9149 12.3041 93.8112 12.3343 1.4139 12.8916 5.6329 12.8353 8.3107 24.7657 12.7555 109.9600 1.3784 12.1861 24.7567 111.3061 22.0497 13.6415 4.1369 25.1872 10.5420 14.4801 24.9350 17.9221 33.2044 92.9746 2.1274 94.3569 22.9318 23.0841 110.1599 93.0475 12.3402 23.1105 13.0797 10.6768 14.0256 109.6485 24.7576 110.5684 23.7929 24.6512 32.9622 105.7471 8.6021 16.2802 11.5112 12.6419 2.8867 13.1991 22.7316 9.8711 14.0219 11.8285 109.2475 15.8849 94.1579 25.1634 3.5401 24.7090 93.7203 13.7383 12.9446 16.6026 8.6170 17.6180 12.2925 10.9133 11.9667 4.8826 11.1224 10.4443 22.5335 11.1824 17.8410 9.5259 12.3581 13.0056 0.0000 8.3579 93.3695 112.0585 110.1892 18.4076 24.4853 10.4790 110.5441 1.9076 14.1334
5.3714 94.7080 25.0244 25.0244 111.1057 8.9630 95.0020 8.8752 10.4322 10.3873 4.8002 9.0257 1.0145 25.9564 10.6169 111.1507 9.6691 1.3341 25.9475 112.4969 23.2405 10.7440 9.8223 26.3779 2.2625 10.8212 26.1258 10.6366 34.3952 94.1654 7.2792 95.5477 24.1226 24.2749 111.3507 94.2383 9.6161 24.3013 5.9579 0.9620 9.4373 110.8393 25.9484 111.7592 24.9837 25.8420 35.5303 106.9379 0.2202 10.7919 1.5463 8.5437 6.2712 8.5002 23.9224 1.0082 8.6189 9.7055 110.4383 9.9277 95.3487 26.3542 8.9278 25.8998 94.9111 10.8409 9.4855 11.1143 1.5758 10.5277 10.4908 7.8577 8.8180 6.5670 9.4695 0.7521 23.7243 8.1269 10.7507 0.3281 8.8989 5.8839 8.9265 0.0000 94.5603 113.2493 111.3800 9.6489 25.6761 7.4235 111.7349 7.5041 9.5451
90.1627 0.4609 69.2025 69.2025 19.8930 93.3955 1.2127 93.4257 91.3188 93.9830 91.4028 93.9267 92.8003 68.6893 93.8469 19.9381 92.4530 95.2642 68.6803 21.2842 71.9929 94.7328 92.2382 69.1772 95.1055 95.5715 67.7676 99.0134 68.2974 0.7203 89.4010 1.2717 70.0229 69.8239 20.1380 0.2261 93.4316 73.0208 96.8185 93.7506 95.1170 19.6266 68.4720 20.5465 70.5327 68.5409 69.4326 15.7252 93.0872 97.3716 95.9063 93.7333 88.3930 94.2904 72.6747 93.6099 95.1132 92.9199 19.2256 96.9762 1.0244 67.9960 93.3531 68.4132 0.5114 94.8296 94.0359 97.6939 93.1066 98.7093 93.3838 94.4104 93.0581 94.6956 92.2137 93.5182 72.4767 93.8838 98.9323 93.2427 93.4494 98.0656 89.8130 92.8430 0.0000 22.0366 20.1673 99.4990 69.4961 94.5861 20.5222 89.6259 95.2248
108.9427 21.7374 87.9824 87.9824 2.4179 112.1754 22.4668 112.2056 110.0987 112.7629 110.1827 112.7066 111.5802 87.4692 112.6268 2.3077 111.2329 114.0442 87.4602 1.4830 90.7728 113.5127 111.0182 87.9571 113.8854 114.3514 86.5476 117.7934 87.0773 22.3883 108.1809 21.7707 88.8028 88.6038 2.6628 21.7330 112.2115 91.8007 115.5985 112.5306 113.8969 3.1692 87.2520 1.1744 89.3126 87.3208 88.2125 7.7821 111.8671 116.1515 114.6862 112.5132 107.1730 113.0703 91.4547 112.3899 113.8932 111.6998 3.3968 115.7562 22.3782 86.7759 112.1330 87.1931 21.0761 113.6096 112.8159 116.4739 111.8865 117.4893 112.1637 113.1903 111.8380 113.4755 110.9937 112.2981 91.2566 112.6638 117.7123 112.0226 112.2293 116.8456 108.5929 111.6230 21.6702 0.0000 2.6921 118.2789 88.2761 113.3661 1.1876 108.4059 114.0047
107.0734 19.8681 86.1131 86.1131 0.4217 110.3061 20.5975 110.3363 108.2294 110.8936 108.3134 110.8373 109.7109 85.5999 110.7575 0.6286 109.3636 112.1749 85.5909 0.8360 88.9035 111.6434 109.1489 86.0878 112.0161 112.4821 84.6782 115.9240 85.2080 20.5190 106.3116 19.9013 86.9335 86.7345 0.6595 19.8637 110.3422 89.9314 113.7291 110.6612 112.0276 1.9626 85.3827 1.2109 87.4433 85.4515 86.3432 5.9128 109.9978 114.2822 112.8169 110.6439 105.3037 111.2010 89.5854 110.5205 112.0239 109.8305 0.8230 113.8869 20.5088 84.9066 110.2637 85.3238 19.2068 111.7403 110.9466 114.6046 110.0172 115.6200 110.2944 111.3210 109.9687 111.6062 109.1244 110.4288 89.3873 110.7944 115.8430 110.1533 110.3600 114.9763 106.7236 109.7536 19.8009 2.6921 0.0000 116.4096 86.4067 111.4968 1.3841 106.5365 112.1354
14.8366 100.3139 30.6303 30.6303 116.7117 6.5979 100.6079 5.6819 15.8078 4.8912 11.9120 7.1291 9.0948 31.5624 5.1208 116.7567 16.9420 8.1558 31.5534 118.1028 28.8464 4.2642 16.7273 31.9839 8.6650 3.7963 31.7318 1.0892 33.4330 99.7713 14.0748 101.1537 29.7285 29.8808 116.9566 99.8442 5.5327 29.9072 8.0421 10.1190 3.3840 116.4453 31.5543 117.3651 30.5896 31.4479 33.4577 112.5439 9.2592 2.2622 8.1924 6.9357 13.0669 4.8430 29.5283 8.9081 4.0174 7.8089 116.0442 2.9027 100.9546 31.9601 17.8421 31.5057 100.5170 4.4237 5.0528 2.0056 8.0067 1.4664 4.9947 6.9631 7.8050 19.1846 6.9606 9.8865 29.3303 6.6180 1.2738 9.2064 5.7347 6.7212 14.3020 9.4785 100.1662 118.8552 116.9859 0.0000 31.2820 6.4028 117.3408 14.2998 3.1537
22.6735 69.7833 0.8898 0.8898 86.1811 25.9062 70.0773 25.9365 23.8295 26.4937 23.9135 26.4375 25.3111 1.1253 26.3576 86.2261 24.9637 27.7750 1.1164 87.5722 4.3446 27.2436 24.7490 2.4329 27.6162 28.0823 2.1808 31.5242 8.9451 69.2407 21.9118 70.6231 1.6661 2.1756 86.4260 69.3136 25.9424 5.3725 29.3293 26.2614 27.6277 85.9147 1.1247 86.8345 2.8844 1.8969 10.0803 82.0133 25.5980 29.8823 28.4170 26.2440 20.9038 26.8012 5.0264 26.1207 27.6240 25.4306 85.5136 29.4870 70.4240 2.4091 25.8638 1.0830 69.9864 27.3404 26.5467 30.2047 25.6174 31.2201 25.8946 26.9211 25.5688 27.2063 24.7245 26.0289 4.8284 26.3946 31.4431 25.7535 25.9602 30.5764 22.3238 25.3538 69.6356 88.3246 86.4553 32.0097 0.0000 27.0969 86.8102 22.1367 27.7356
6.3872 95.4467 25.7632 25.7632 111.8445 1.1823 95.7407 2.5792 10.9407 4.1822 5.8160 1.4654 2.9988 26.6952 4.4117 111.8895 12.0749 6.6915 26.6863 113.2357 23.9793 4.4480 11.8601 27.1167 7.2007 4.5252 26.8646 6.1378 28.3026 94.9042 8.2949 96.2865 24.8613 25.0137 112.0895 94.9771 3.3201 25.0400 6.5778 6.0425 3.1413 111.5781 26.6872 112.4980 25.7224 26.5808 28.3273 107.6767 5.3791 4.4960 6.7281 0.8759 7.2870 2.2042 24.6611 5.9018 2.3229 2.1452 111.1771 3.6317 96.0875 27.0930 9.4416 26.6386 95.6498 4.5449 3.1895 4.8184 1.9107 5.8338 4.2856 0.8894 2.5798 9.2749 3.1735 5.8101 24.4631 0.6894 6.0567 5.5346 2.6029 5.2569 9.4349 5.1349 95.2990 113.9881 112.1188 6.6234 26.4148 0.0000 112.4737 8.5199 3.2491
107.4283 20.2230 86.4680 86.4680 1.1353 110.6610 20.9524 110.6912 108.5843 111.2485 108.6683 111.1922 110.0658 85.9548 111.1124 0.9781 109.7185 112.5298 85.9458 1.1441 89.2584 111.9983 109.5038 86.4427 112.3710 112.8370 85.0332 116.2789 85.5629 20.8739 106.6665 20.2563 87.2884 87.0894 1.3731 20.2186 110.6971 90.2863 114.0841 111.0162 112.3825 1.1214 85.7376 0.1731 87.7982 85.8064 86.6981 6.2677 110.3527 114.6371 113.1718 110.9988 105.6586 111.5559 89.9403 110.8755 112.3788 110.1854 1.8823 114.2418 20.8638 85.2615 110.6186 85.6787 19.5617 112.0952 111.3015 114.9595 110.3721 115.9749 110.6493 111.6759 110.3236 111.9611 109.4793 110.7837 89.7422 111.1494 116.1979 110.5082 110.7149 115.3312 107.0785 110.1086 20.1558 1.1876 1.3841 116.7645 86.7617 111.8517 0.0000 106.8914 112.4903
1.7785 90.2408 20.5572 20.5572 106.6385 9.3401 90.5348 9.3703 1.4890 9.9276 3.3665 9.8713 6.1608 21.4893 9.7915 106.6836 1.9975 8.6247 21.4803 108.0297 18.7733 10.6774 2.4084 21.9108 8.4659 11.5161 21.6586 14.9581 29.9280 89.6982 0.4880 91.0805 19.6554 19.8077 106.8835 89.7711 9.3762 19.8341 10.1790 7.1111 11.0616 106.3721 21.4812 107.2920 20.5165 21.3748 31.0632 102.4707 6.4477 13.3162 9.2667 9.6779 1.8040 10.2350 19.4552 6.9704 11.0579 8.8645 105.9711 12.9209 90.8815 21.8870 7.9994 21.4326 90.4439 10.7743 9.9806 13.6386 6.4671 14.6540 9.3284 8.7633 9.0027 9.3418 8.1584 6.8786 19.2571 9.8285 14.8770 6.6031 9.3940 10.1050 1.9076 6.2035 90.0931 108.7821 106.9128 15.4436 21.2089 8.3291 107.2677 0.0000 11.1694
9.3295 96.0554 26.3718 26.3718 112.4532 3.4442 96.3494 2.5282 11.5493 1.7375 8.7583 3.9754 5.9411 27.3039 1.9671 112.4982 12.6835 8.0476 27.2949 113.8443 24.5879 2.0942 12.4688 27.7254 8.5568 1.8783 27.4733 2.8887 28.9113 95.5128 9.8163 96.8952 25.4700 25.6223 112.6981 95.5857 2.3790 25.6487 7.9339 8.9849 0.2469 112.1868 27.2958 113.1067 26.3311 27.1894 28.9359 108.2854 8.3215 1.2975 8.0842 3.7820 8.8084 1.6893 25.2698 8.7999 0.9400 4.6553 111.7857 0.9797 96.6961 27.7016 13.5836 27.2472 96.2585 2.1911 1.8991 1.5692 4.8530 2.5846 1.8410 3.8095 4.6513 12.2172 3.8069 8.7524 25.0718 3.4643 2.8076 8.4769 2.5810 6.6130 10.0435 8.0773 95.9077 114.5968 112.7274 3.3743 27.0235 3.2491 113.0824 10.0413 0.0000
0.000 373.573 103.168 103.168 452.342 36.897 375.012 38.357 12.088 41.670 9.783 33.393 23.825 108.492 43.520 454.483 16.010 30.677 108.457 457.748 96.032 43.117 11.403 110.053 32.447 46.797 110.088 54.537 134.885 377.998 16.277 378.430 102.283 102.340 454.130 380.245 38.485 100.287 38.072 28.680 43.452 454.045 109.052 458.368 102.530 109.538 136.375 438.647 23.745 49.127 32.478 35.093 11.258 39.422 98.698 25.562 39.992 29.872 453.315 45.358 375.990 111.723 14.773 108.120 379.797 44.048 40.447 49.143 23.632 53.615 39.202 33.943 29.632 18.053 30.483 27.017 98.383 34.388 54.475 23.083 38.257 50.447 15.568 22.917 378.555 462.870 456.220 57.632 108.207 31.368 460.043 16.202 44.483
375.772 0.000 273.682 273.682 79.233 392.168 7.392 386.122 374.250 383.582 385.555 390.572 399.145 275.012 383.593 81.375 377.592 405.997 274.977 84.640 289.335 385.028 377.787 277.243 406.697 388.178 270.667 392.630 275.505 7.558 374.190 8.757 281.002 280.068 81.022 7.137 383.358 292.415 413.392 404.000 386.923 80.937 274.805 85.260 282.575 274.492 279.730 65.538 399.065 391.853 407.798 391.215 377.123 387.197 291.280 400.882 389.745 387.270 80.207 389.055 6.777 273.462 381.675 273.695 6.688 385.818 384.548 391.870 399.290 394.068 381.523 394.013 388.587 391.855 384.762 402.337 290.362 391.617 395.133 398.403 385.033 421.665 370.668 398.237 5.447 89.762 83.112 399.040 278.132 395.310 86.935 375.037 388.355
104.792 273.392 0.000 0.000 352.160 121.188 274.830 115.142 103.270 112.602 114.575 119.592 128.165 7.068 112.613 354.302 106.612 135.017 7.033 357.567 18.355 114.048 106.807 11.043 135.717 117.198 9.907 121.650 35.683 277.817 103.210 278.248 8.383 8.898 353.948 280.063 112.378 21.245 142.412 133.020 115.943 353.863 7.628 358.187 11.405 9.357 37.173 338.465 128.085 120.873 136.818 120.235 106.143 116.217 20.110 129.902 118.765 116.290 353.133 118.075 275.808 11.542 110.695 6.697 279.615 114.838 113.568 120.890 128.310 123.088 110.543 123.033 117.607 120.875 113.782 131.357 19.192 120.637 124.153 127.423 114.053 150.685 99.688 127.257 278.373 362.688 356.038 128.060 6.963 124.330 359.862 104.057 117.375
104.792 273.392 0.000 0.000 352.160 121.188 274.830 115.142 103.270 112.602 114.575 119.592 128.165 7.068 112.613 354.302 106.612 135.017 7.033 357.567 18.355 114.048 106.807 11.043 135.717 117.198 9.907 121.650 35.683 277.817 103.210 278.248 8.383 8.898 353.948 280.063 112.378 21.245 142.412 133.020 115.943 353.863 7.628 358.187 11.405 9.357 37.173 338.465 128.085 120.873 136.818 120.235 106.143 116.217 20.110 129.902 118.765 116.290 353.133 118.075 275.808 11.542 110.695 6.697 279.615 114.838 113.568 120.890 128.310 123.088 110.543 123.033 117.607 120.875 113.782 131.357 19.192 120.637 124.153 127.423 114.053 150.685 99.688 127.257 278.373 362.688 356.038 128.060 6.963 124.330 359.862 104.057 117.375
453.010 79.355 350.920 350.920 0.000 469.407 86.143 463.360 451.488 460.820 462.793 467.810 476.383 352.250 460.832 5.952 454.830 483.235 352.215 7.820 366.573 462.267 455.025 354.482 483.935 465.417 347.905 469.868 352.743 85.730 451.428 83.757 358.240 357.307 4.238 83.592 460.597 369.653 490.630 481.238 464.162 11.283 352.043 8.633 359.813 351.730 356.968 26.148 476.303 469.092 485.037 468.453 454.362 464.435 368.518 478.120 466.983 464.508 5.053 466.293 85.528 350.700 458.913 350.933 80.777 463.057 461.787 469.108 476.528 471.307 458.762 471.252 465.825 469.093 462.000 479.575 367.600 468.855 472.372 475.642 462.272 498.903 447.907 475.475 81.650 13.172 5.720 476.278 355.370 472.548 10.308 452.275 465.593
34.517 399.405 129.000 129.000 478.173 0.000 400.843 10.470 42.515 17.903 34.008 7.843 24.870 134.323 20.632 480.315 46.437 32.948 134.288 483.580 121.863 17.438 42.235 135.885 36.148 21.118 135.920 31.018 160.717 403.830 39.510 404.262 128.115 128.172 479.962 406.077 13.608 126.118 34.400 34.817 19.573 479.877 134.883 484.200 128.362 135.370 162.207 464.478 29.102 25.608 34.750 6.927 31.755 13.867 124.530 27.665 16.473 10.390 479.147 21.705 401.822 137.555 44.733 133.952 405.628 18.370 12.723 25.625 18.058 30.097 18.018 9.208 11.590 41.257 11.608 33.153 124.215 6.807 30.957 27.843 10.413 41.610 43.300 29.340 404.387 488.702 482.052 35.382 134.038 10.500 485.875 40.835 20.965
373.987 4.370 271.897 271.897 83.138 390.383 0.000 384.337 372.465 381.797 383.770 388.787 397.360 273.227 381.808 85.280 375.807 404.212 273.192 88.545 287.550 383.243 376.002 275.458 404.912 386.393 268.882 390.845 273.720 10.327 372.405 11.343 279.217 278.283 84.927 11.042 381.573 290.630 411.607 402.215 385.138 84.842 273.020 89.165 280.790 272.707 277.945 69.443 397.280 390.068 406.013 389.430 375.338 385.412 289.495 399.097 387.960 385.485 84.112 387.270 6.883 271.677 379.890 271.910 10.593 384.033 382.763 390.085 397.505 392.283 379.738 392.228 386.802 390.070 382.977 400.552 288.577 389.832 393.348 396.618 383.248 419.880 368.883 396.452 9.352 93.667 87.017 397.255 276.347 393.525 90.840 373.252 386.570
36.653 399.612 129.207 129.207 478.380 10.398 401.050 0.000 44.652 11.803 36.430 10.878 27.292 134.530 14.535 480.522 48.573 33.433 134.495 483.787 122.070 11.338 44.657 136.092 35.688 15.018 136.127 24.468 160.923 404.037 41.647 404.468 128.322 128.378 480.168 406.283 7.512 126.325 32.548 37.238 13.473 480.083 135.090 484.407 128.568 135.577 162.413 464.685 31.523 19.058 34.310 9.962 33.892 7.105 124.737 30.087 9.923 12.745 479.353 15.437 402.028 137.762 47.155 134.158 405.835 12.270 6.623 19.075 20.480 23.547 11.922 12.760 14.625 43.678 11.637 35.575 124.422 10.363 24.407 30.265 4.460 39.758 45.437 31.762 404.593 488.908 482.258 28.832 134.245 14.057 486.082 42.972 14.415
10.105 370.053 99.648 99.648 448.822 42.690 371.492 44.150 0.000 47.463 17.248 39.187 32.838 104.972 49.313 450.963 7.127 39.690 104.937 454.228 92.512 48.910 7.203 106.533 40.223 52.590 106.568 62.912 131.365 374.478 15.472 374.910 98.763 98.820 450.610 376.725 44.278 96.767 47.085 37.693 50.805 450.525 105.532 454.848 99.010 106.018 132.855 435.127 32.758 57.502 41.492 40.887 17.218 47.160 95.178 34.575 49.107 35.665 449.795 52.937 372.470 108.203 10.460 104.600 376.277 49.842 46.240 57.518 32.747 61.990 44.995 41.970 35.425 22.060 36.277 36.030 94.863 41.288 62.850 32.097 44.050 59.460 10.288 31.930 375.035 459.350 452.700 66.645 104.687 40.483 456.523 15.162 52.237
40.093 396.457 126.052 126.052 475.225 17.893 397.895 11.727 48.092 0.000 44.135 18.373 34.997 131.375 6.905 477.367 52.013 41.138 131.340 480.632 118.915 9.455 50.862 132.937 43.393 13.135 132.972 23.457 157.768 400.882 45.087 401.313 125.167 125.223 477.013 403.128 9.393 123.170 40.253 44.943 11.350 476.928 131.935 481.252 125.413 132.422 159.258 461.530 39.228 18.047 42.015 17.457 37.332 12.995 121.582 37.792 14.172 17.882 476.198 13.482 398.873 134.607 54.232 131.003 402.680 10.387 8.975 18.063 28.185 22.535 8.737 20.255 20.168 51.383 15.373 43.280 121.267 17.858 23.395 37.970 11.533 47.463 48.877 39.467 401.438 485.753 479.103 27.820 131.090 21.552 482.927 46.412 12.782
6.742 380.315 109.910 109.910 459.083 33.758 381.753 36.072 17.443 43.875 0.000 33.222 19.305 115.233 46.413 461.225 18.510 26.157 115.198 464.490 102.773 43.410 13.232 116.795 27.927 44.218 116.830 50.017 141.627 384.740 23.018 385.172 109.025 109.082 460.872 386.987 39.390 107.028 33.552 24.160 38.932 460.787 115.793 465.110 109.272 116.280 143.117 445.388 19.225 44.607 27.958 30.863 17.123 34.902 105.440 21.042 35.472 35.737 460.057 40.838 382.732 118.465 16.602 114.862 386.538 43.242 38.695 44.623 19.112 49.095 43.800 29.423 33.615 11.270 36.348 22.497 105.125 29.868 49.955 18.563 36.805 45.927 22.310 18.397 385.297 469.612 462.962 53.112 114.948 26.848 466.785 22.943 39.963
31.142 396.030 125.625 125.625 474.798 7.848 397.468 10.977 39.140 18.410 33.648 0.000 24.510 130.948 21.138 476.940 43.062 32.588 130.913 480.205 118.488 17.945 41.875 132.510 35.788 21.625 132.545 31.525 157.342 400.455 36.135 400.887 124.740 124.797 476.587 402.702 14.115 122.743 35.025 34.457 20.080 476.502 131.508 480.825 124.987 131.995 158.832 461.103 28.742 26.115 34.390 6.045 28.380 14.373 121.155 27.305 16.980 7.830 475.772 22.212 398.447 134.180 44.373 130.577 402.253 18.877 13.230 26.132 17.698 30.603 18.525 8.843 7.470 40.897 9.208 32.793 120.840 6.447 31.463 27.483 10.920 42.235 39.925 28.980 401.012 485.327 478.677 35.888 130.663 10.140 482.500 37.460 21.472
23.192 396.492 126.087 126.087 475.260 24.930 397.930 27.243 34.622 35.047 22.537 24.393 0.000 131.410 37.585 477.402 35.688 16.865 131.375 480.667 118.950 34.582 30.410 132.972 20.065 35.390 133.007 41.188 157.803 400.917 36.597 401.348 125.202 125.258 477.048 403.163 30.562 123.205 24.092 16.592 30.103 476.963 131.970 481.287 125.448 132.457 159.293 461.565 10.590 35.778 18.667 22.035 28.928 26.073 121.617 11.582 26.643 26.940 476.233 32.010 398.908 134.642 32.432 131.038 402.715 34.413 29.867 35.795 10.283 40.267 34.972 20.595 24.787 28.588 28.318 14.928 121.302 21.040 41.127 9.332 27.977 36.467 38.760 10.828 401.473 485.788 479.138 43.652 131.125 18.020 482.962 37.922 31.135
108.088 271.558 4.312 4.312 350.327 124.485 272.997 118.438 106.567 115.898 117.872 122.888 131.462 0.000 115.910 352.468 109.908 138.313 3.035 355.733 21.652 117.345 110.103 12.030 139.013 120.495 8.073 124.947 36.185 275.983 106.507 276.415 10.820 12.195 352.115 278.230 115.675 24.542 145.708 136.317 119.240 352.030 4.547 356.353 14.702 9.278 38.160 336.632 131.382 124.170 140.115 123.532 109.440 119.513 23.407 133.198 122.062 119.587 351.300 121.372 273.975 11.463 113.992 4.322 277.782 118.135 116.865 124.187 131.607 126.385 113.840 126.330 120.903 124.172 117.078 134.653 22.488 123.933 127.450 130.720 117.350 153.982 102.985 130.553 276.540 360.855 354.205 131.357 7.950 127.627 358.028 107.353 120.672
41.950 396.292 125.887 125.887 475.060 20.588 397.730 14.473 49.948 6.847 46.688 21.068 37.550 131.210 0.000 477.202 53.870 43.692 131.175 480.467 118.750 12.697 52.718 132.772 45.947 16.030 132.807 26.698 157.603 400.717 46.943 401.148 125.002 125.058 476.848 402.963 11.027 123.005 42.807 47.497 14.592 476.763 131.770 481.087 125.248 132.257 159.093 461.365 41.782 21.288 44.568 20.152 39.188 15.548 121.417 40.345 17.413 19.738 476.033 16.723 398.708 134.442 56.088 130.838 402.515 13.298 12.217 21.305 30.738 25.777 10.263 22.950 22.025 53.937 17.230 45.833 121.102 20.553 26.637 40.523 13.385 50.017 50.733 42.020 401.273 485.588 478.938 31.062 130.925 24.247 482.762 48.268 16.023
452.182 78.527 350.092 350.092 2.885 468.578 85.315 462.532 450.660 459.992 461.965 466.982 475.555 351.422 460.003 0.000 454.002 482.407 351.387 6.868 365.745 461.438 454.197 353.653 483.107 464.588 347.077 469.040 351.915 84.902 450.600 82.928 357.412 356.478 7.123 82.763 459.768 368.825 489.802 480.410 463.333 8.858 351.215 7.483 358.985 350.902 356.140 25.320 475.475 468.263 484.208 467.625 453.533 463.607 367.690 477.292 466.155 463.680 7.938 465.465 84.700 349.872 458.085 350.105 79.948 462.228 460.958 468.280 475.700 470.478 457.933 470.423 464.997 468.265 461.172 478.747 366.772 468.027 471.543 474.813 461.443 498.075 447.078 474.647 80.822 11.842 5.830 475.450 354.542 471.720 9.158 451.447 464.765
13.308 373.620 103.215 103.215 452.388 46.387 375.058 47.847 6.997 51.160 18.188 42.883 33.778 108.538 53.010 454.530 0.000 40.630 108.503 457.795 96.078 52.607 8.143 110.100 38.538 56.287 110.135 64.592 134.932 378.045 19.038 378.477 102.330 102.387 454.177 380.292 47.975 100.333 48.025 37.517 53.507 454.092 109.098 458.415 102.577 109.585 136.422 438.693 33.698 59.182 42.432 44.583 20.915 49.477 98.745 35.515 50.047 39.362 453.362 55.413 376.037 111.770 9.438 108.167 379.843 53.538 49.937 59.198 33.687 63.670 48.692 43.998 39.122 20.450 39.973 36.970 98.430 44.443 64.530 33.037 47.747 60.400 10.048 32.870 378.602 462.917 456.267 67.585 108.253 41.423 460.090 18.728 54.538
27.373 400.673 130.268 130.268 479.442 32.007 402.112 30.948 38.803 38.968 26.718 32.295 16.793 135.592 41.507 481.583 39.870 0.000 135.557 484.848 123.132 38.503 34.592 137.153 10.585 38.443 137.188 38.023 161.985 405.098 40.778 405.530 129.383 129.440 481.230 407.345 34.483 127.387 16.302 11.225 34.025 481.145 136.152 485.468 129.630 136.638 163.475 465.747 11.433 33.612 4.802 29.973 33.110 29.773 125.798 10.587 30.297 34.732 480.415 35.063 403.090 138.823 36.613 135.220 406.897 38.335 33.788 33.635 18.658 37.292 38.893 28.367 32.558 33.137 33.623 9.562 125.483 28.978 38.152 13.645 31.682 31.850 42.942 11.733 405.655 489.970 483.320 37.067 135.307 25.958 487.143 42.103 34.023
108.053 271.523 4.277 4.277 350.292 124.450 272.962 118.403 106.532 115.863 117.837 122.853 131.427 3.035 115.875 352.433 109.873 138.278 0.000 355.698 21.617 117.310 110.068 11.995 138.978 120.460 8.038 124.912 36.150 275.948 106.472 276.380 10.785 12.160 352.080 278.195 115.640 24.507 145.673 136.282 119.205 351.995 4.512 356.318 14.667 9.243 38.125 336.597 131.347 124.135 140.080 123.497 109.405 119.478 23.372 133.163 122.027 119.552 351.265 121.337 273.940 11.428 113.957 4.287 277.747 118.100 116.830 124.152 131.572 126.350 113.805 126.295 120.868 124.137 117.043 134.618 22.453 123.898 127.415 130.685 117.315 153.947 102.950 130.518 276.505 360.820 354.170 131.322 7.915 127.592 357.993 107.318 120.637
455.308 81.653 353.218 353.218 4.760 471.705 88.442 465.658 453.787 463.118 465.092 470.108 478.682 354.548 463.130 6.673 457.128 485.533 354.513 0.000 368.872 464.565 457.323 356.780 486.233 467.715 350.203 472.167 355.042 88.028 453.727 86.055 360.538 359.605 8.998 85.890 462.895 371.952 492.928 483.537 466.460 11.365 354.342 8.715 362.112 354.028 359.267 28.447 478.602 471.390 487.335 470.752 456.660 466.733 370.817 480.418 469.282 466.807 9.813 468.592 87.827 352.998 461.212 353.232 83.075 465.355 464.085 471.407 478.827 473.605 461.060 473.550 468.123 471.392 464.298 481.873 369.898 471.153 474.670 477.940 464.570 501.202 450.205 477.773 83.948 10.327 7.705 478.577 357.668 474.847 10.390 454.573 467.892
95.707 285.542 15.137 15.137 364.310 112.103 286.980 106.057 94.185 103.517 105.490 110.507 119.080 20.460 103.528 366.452 97.527 125.932 20.425 369.717 0.000 104.963 97.722 19.467 126.632 108.113 22.057 112.565 46.923 289.967 94.125 290.398 14.252 14.308 366.098 292.213 103.293 8.540 133.327 123.935 106.858 366.013 21.020 370.337 10.990 21.507 48.413 350.615 119.000 111.788 127.733 111.150 97.058 107.132 7.070 120.817 109.680 107.205 365.283 108.990 287.958 22.085 101.610 20.088 291.765 105.753 104.483 111.805 119.225 114.003 101.458 113.948 108.522 111.790 104.697 122.272 6.152 111.552 115.068 118.338 104.968 141.600 90.603 118.172 290.523 374.838 368.188 118.975 20.175 115.245 372.012 94.972 108.290
41.493 397.857 127.452 127.452 476.625 17.385 399.295 11.218 49.492 9.548 43.627 17.865 34.488 132.775 12.780 478.767 53.413 40.630 132.740 482.032 120.315 0.000 51.853 134.337 42.885 8.863 134.372 19.930 159.168 402.282 46.487 402.713 126.567 126.623 478.413 404.528 10.793 124.570 39.745 44.435 10.780 478.328 133.335 482.652 126.813 133.822 160.658 462.930 38.720 14.520 41.507 16.948 38.732 12.487 122.982 37.283 13.405 19.282 477.598 9.065 400.273 136.007 54.352 132.403 404.080 5.188 8.467 14.537 27.677 19.008 10.137 19.747 21.568 50.875 16.773 42.772 122.667 17.350 19.868 37.462 11.025 46.955 50.277 38.958 402.838 487.153 480.503 24.293 132.490 21.043 484.327 47.812 12.212
8.165 373.597 103.192 103.192 452.365 43.190 375.035 45.503 7.212 49.513 13.045 41.237 28.635 108.515 51.363 454.507 8.278 35.487 108.480 457.772 96.055 50.960 0.000 110.077 37.257 53.650 110.112 59.448 134.908 378.022 19.015 378.453 102.307 102.363 454.153 380.268 46.328 100.310 42.882 33.490 48.363 454.068 109.075 458.392 102.553 109.562 136.398 438.670 28.555 54.038 37.288 40.295 19.102 44.333 98.722 30.372 44.903 37.715 453.338 50.270 376.013 111.747 7.883 108.143 379.820 51.892 48.127 54.055 28.543 58.527 47.045 38.855 37.475 19.483 38.327 31.827 98.407 39.300 59.387 27.893 46.100 55.257 13.832 27.727 378.578 462.893 456.243 62.442 108.230 36.280 460.067 18.705 49.395
109.410 273.225 7.990 7.990 351.993 125.807 274.663 119.760 107.888 117.220 119.193 124.210 132.783 11.843 117.232 354.135 111.230 139.635 11.808 357.400 20.422 118.667 111.425 0.000 140.335 121.817 10.032 126.268 37.852 277.650 107.828 278.082 15.438 13.817 353.782 279.897 116.997 22.627 147.030 137.638 120.562 353.697 11.717 358.020 13.365 7.160 42.077 338.298 132.703 125.492 141.437 124.853 110.762 120.835 21.937 134.520 123.383 120.908 352.967 122.693 275.642 6.987 115.313 11.412 279.448 119.457 118.187 125.508 132.928 127.707 115.162 127.652 122.225 125.493 118.400 135.975 21.018 125.255 128.772 132.042 118.672 155.303 104.307 131.875 278.207 362.522 355.872 132.678 12.830 128.948 359.695 108.675 121.993
28.060 401.360 130.955 130.955 480.128 35.062 402.798 34.003 39.490 42.023 27.405 34.728 18.753 136.278 44.562 482.270 40.557 10.620 136.243 485.535 123.818 41.558 35.278 137.840 0.000 41.498 137.875 41.078 162.672 405.785 41.465 406.217 130.070 130.127 481.917 408.032 37.538 128.073 16.170 8.960 37.080 481.832 136.838 486.155 130.317 137.325 164.162 466.433 13.393 36.667 12.422 32.370 33.797 32.828 126.485 12.547 33.352 37.275 481.102 38.118 403.777 139.510 36.600 135.907 407.583 41.390 36.843 36.690 20.618 40.347 41.948 30.930 35.122 32.128 36.678 9.922 126.170 31.375 41.207 14.332 34.737 32.825 43.628 12.420 406.342 490.657 484.007 40.122 135.993 28.355 487.830 42.790 37.078
45.157 396.853 126.448 126.448 475.622 21.195 398.292 15.028 53.302 13.358 44.502 21.675 35.363 131.772 16.057 477.763 57.223 41.342 131.737 481.028 119.312 8.827 52.728 133.333 43.597 0.000 133.368 17.690 158.165 401.278 50.297 401.710 125.563 125.620 477.410 403.525 14.603 123.567 40.457 45.310 11.055 477.325 132.332 481.648 125.810 132.818 159.655 461.927 39.595 12.280 42.218 20.758 42.542 15.310 121.978 38.158 13.962 23.092 476.595 6.850 399.270 135.003 55.227 131.400 403.077 7.062 12.277 12.297 28.552 16.768 13.947 23.557 25.378 51.750 20.583 43.647 121.663 21.160 17.628 38.337 14.835 47.667 54.087 39.833 401.835 486.150 479.500 22.053 131.487 22.442 483.323 51.622 11.563
108.900 266.935 6.810 6.810 345.703 125.297 268.373 119.250 107.378 116.710 118.683 123.700 132.273 8.140 116.722 347.845 110.720 139.125 8.105 351.110 22.463 118.157 110.915 10.372 139.825 121.307 0.000 125.758 31.562 271.360 107.318 271.792 14.130 13.197 347.492 273.607 116.487 25.543 146.520 137.128 120.052 347.407 7.933 351.730 15.703 7.620 35.787 332.008 132.193 124.982 140.927 124.343 110.252 120.325 24.408 134.010 122.873 120.398 346.677 122.183 269.352 9.805 114.803 6.823 273.158 118.947 117.677 124.998 132.418 127.197 114.652 127.142 121.715 124.983 117.890 135.465 23.490 124.745 128.262 131.532 118.162 154.793 103.797 131.365 271.917 356.232 349.582 132.168 11.260 128.438 353.405 108.165 121.483
50.930 401.687 131.282 131.282 480.455 31.030 403.125 24.478 62.713 23.683 50.275 31.510 41.137 136.605 26.915 482.597 63.780 40.123 136.570 485.862 124.145 19.658 58.502 138.167 42.378 17.575 138.202 0.000 162.998 406.112 60.622 406.543 130.397 130.453 482.243 408.358 24.928 128.400 39.238 46.483 16.112 482.158 137.165 486.482 130.643 137.652 164.488 466.760 44.808 11.507 41.000 30.390 52.867 21.083 126.812 42.377 18.430 33.377 481.428 14.195 404.103 139.837 61.000 136.233 407.910 19.283 22.167 9.575 34.325 6.218 24.272 30.823 35.257 57.523 30.908 46.685 126.497 29.193 5.503 44.110 24.670 46.448 64.412 45.607 406.668 490.983 484.333 9.410 136.320 28.215 488.157 61.947 15.817
133.787 272.030 32.765 32.765 350.798 150.183 273.468 144.137 132.265 141.597 143.570 148.587 157.160 34.095 141.608 352.940 135.607 164.012 34.060 356.205 47.102 143.043 135.802 36.327 164.712 146.193 29.750 150.645 0.000 276.455 132.205 276.887 39.143 39.152 352.587 278.702 141.373 51.498 171.407 162.015 144.938 352.502 33.888 356.825 41.658 33.575 7.818 337.103 157.080 149.868 165.813 149.230 135.138 145.212 50.083 158.897 147.760 145.285 351.772 147.070 274.447 34.500 139.690 32.778 278.253 143.833 142.563 149.885 157.305 152.083 139.538 152.028 146.602 149.870 142.777 160.352 49.165 149.632 153.148 156.418 143.048 179.680 128.683 156.252 277.012 361.327 354.677 157.055 35.228 153.325 358.500 133.052 146.370
377.165 4.350 275.075 275.075 82.527 393.562 10.278 387.515 375.643 384.975 386.948 391.965 400.538 276.405 384.987 84.668 378.985 407.390 276.370 87.933 290.728 386.422 379.180 278.637 408.090 389.572 272.060 394.023 276.898 0.000 375.583 11.433 282.395 281.462 84.315 8.318 384.752 293.808 414.785 405.393 388.317 84.230 276.198 88.553 283.968 275.885 281.123 68.832 400.458 393.247 409.192 392.608 378.517 388.590 292.673 402.275 391.138 388.663 83.500 390.448 9.663 274.855 383.068 275.088 10.028 387.212 385.942 393.263 400.683 395.462 382.917 395.407 389.980 393.248 386.155 403.730 291.755 393.010 396.527 399.797 386.427 423.058 372.062 399.630 7.627 93.055 86.405 400.433 279.525 396.703 90.228 376.430 389.748
13.372 369.863 99.458 99.458 448.632 38.817 371.302 40.277 15.273 43.590 23.155 35.313 34.793 104.782 45.440 450.773 18.615 41.645 104.747 454.038 92.322 45.037 18.810 106.343 43.415 48.717 106.378 59.038 131.175 374.288 0.000 374.720 98.573 98.630 450.420 376.535 40.405 96.577 49.040 39.648 46.932 450.335 105.342 454.658 98.820 105.828 132.665 434.937 34.713 53.628 43.447 37.013 12.772 43.287 94.988 36.530 46.117 31.792 449.605 49.063 372.280 108.013 22.698 104.410 376.087 45.968 42.367 53.645 34.938 58.117 41.122 38.097 31.552 31.425 32.403 37.985 94.673 37.415 58.977 34.052 40.177 61.415 15.377 33.885 374.845 459.160 452.510 63.402 104.497 41.108 456.333 11.102 48.363
375.633 5.813 273.543 273.543 80.732 392.030 11.260 385.983 374.112 383.443 385.417 390.433 399.007 274.873 383.455 82.873 377.453 405.858 274.838 86.138 289.197 384.890 377.648 277.105 406.558 388.040 270.528 392.492 275.367 11.560 374.052 0.000 280.863 279.930 82.520 11.853 383.220 292.277 413.253 403.862 386.785 82.435 274.667 86.758 282.437 274.353 279.592 67.037 398.927 391.715 407.660 391.077 376.985 387.058 291.142 400.743 389.607 387.132 81.705 388.917 9.847 273.323 381.537 273.557 11.533 385.680 384.410 391.732 399.152 393.930 381.385 393.875 388.448 391.717 384.623 402.198 290.223 391.478 394.995 398.265 384.895 421.527 370.530 398.098 10.163 91.260 84.610 398.902 277.993 395.172 88.433 374.898 388.217
101.887 277.652 5.463 5.463 356.420 118.283 279.090 112.237 100.365 109.697 111.670 116.687 125.260 10.787 109.708 358.562 103.707 132.112 10.752 361.827 15.450 111.143 103.902 15.505 132.812 114.293 14.167 118.745 39.222 282.077 100.305 282.508 0.000 7.500 358.208 284.323 109.473 19.718 139.507 130.115 113.038 358.123 11.347 362.447 10.007 13.698 40.712 342.725 125.180 117.968 133.913 117.330 103.238 113.312 18.248 126.997 115.860 113.385 357.393 115.170 280.068 15.883 107.790 10.415 283.875 111.933 110.663 117.985 125.405 120.183 107.638 120.128 114.702 117.970 110.877 128.452 17.330 117.732 121.248 124.518 111.148 147.780 96.783 124.352 282.633 366.948 360.298 125.155 10.502 121.425 364.122 101.152 114.470
101.333 276.423 6.048 6.048 355.192 117.730 277.862 111.683 99.812 109.143 111.117 116.133 124.707 11.827 109.155 357.333 103.153 131.558 11.792 360.598 14.515 110.590 103.348 13.813 132.258 113.740 12.938 118.192 40.262 280.848 99.752 281.280 7.620 0.000 356.980 283.095 108.920 17.298 138.953 129.562 112.485 356.895 12.387 361.218 7.608 12.388 41.752 341.497 124.627 117.415 133.360 116.777 102.685 112.758 16.030 126.443 115.307 112.832 356.165 114.617 278.840 14.573 107.237 11.455 282.647 111.380 110.110 117.432 124.852 119.630 107.085 119.575 114.148 117.417 110.323 127.898 15.112 117.178 120.695 123.965 110.595 147.227 96.230 123.798 281.405 365.720 359.070 124.602 11.542 120.872 362.893 100.598 113.917
451.772 78.117 349.682 349.682 1.212 468.168 84.905 462.122 450.250 459.582 461.555 466.572 475.145 351.012 459.593 7.163 453.592 481.997 350.977 9.032 365.335 461.028 453.787 353.243 482.697 464.178 346.667 468.630 351.505 84.492 450.190 82.518 357.002 356.068 0.000 82.353 459.358 368.415 489.392 480.000 462.923 11.982 350.805 9.845 358.575 350.492 355.730 24.910 475.065 467.853 483.798 467.215 453.123 463.197 367.280 476.882 465.745 463.270 3.815 465.055 84.290 349.462 457.675 349.695 79.538 461.818 460.548 467.870 475.290 470.068 457.523 470.013 464.587 467.855 460.762 478.337 366.362 467.617 471.133 474.403 461.033 497.665 446.668 474.237 80.412 14.383 6.932 475.040 354.132 471.310 11.520 451.037 464.355
379.492 4.323 277.402 277.402 80.365 395.888 11.112 389.842 377.970 387.302 389.275 394.292 402.865 278.732 387.313 82.507 381.312 409.717 278.697 85.772 293.055 388.748 381.507 280.963 410.417 391.898 274.387 396.350 279.225 8.495 377.910 11.948 284.722 283.788 82.153 0.000 387.078 296.135 417.112 407.720 390.643 82.068 278.525 86.392 286.295 278.212 283.450 66.670 402.785 395.573 411.518 394.935 380.843 390.917 295.000 404.602 393.465 390.990 81.338 392.775 10.497 277.182 385.395 277.415 7.877 389.538 388.268 395.590 403.010 397.788 385.243 397.733 392.307 395.575 388.482 406.057 294.082 395.337 398.853 402.123 388.753 425.385 374.388 401.957 5.960 90.893 84.243 402.760 281.852 399.030 88.067 378.757 392.075
36.713 396.098 125.693 125.693 474.867 13.423 397.537 7.308 44.712 9.402 39.523 13.903 30.385 131.017 11.022 477.008 48.633 36.527 130.982 480.273 118.557 10.848 47.482 132.578 38.782 14.528 132.613 24.850 157.410 400.523 41.707 400.955 124.808 124.865 476.655 402.770 0.000 122.812 35.642 40.332 12.743 476.570 131.577 480.893 125.055 132.063 158.900 461.172 34.617 19.440 37.403 12.987 33.952 8.383 121.223 33.180 11.213 14.502 475.840 14.875 398.515 134.248 50.248 130.645 402.322 11.780 7.463 19.457 23.573 23.928 8.408 15.785 16.788 46.772 11.993 38.668 120.908 13.388 24.788 33.358 6.220 42.852 45.497 34.855 401.080 485.395 478.745 29.213 130.732 17.082 482.568 43.032 14.175
99.073 288.542 18.167 18.167 367.310 115.470 289.980 109.423 97.552 106.883 108.857 113.873 122.447 23.945 106.895 369.452 100.772 129.298 23.910 372.717 8.670 108.330 101.088 21.587 129.237 111.480 25.057 115.932 51.365 292.967 97.492 293.398 18.280 16.967 369.098 295.213 106.660 0.000 136.693 127.302 110.225 369.013 24.505 373.337 13.227 23.675 52.855 353.615 122.367 115.155 131.100 114.517 100.425 110.498 6.757 124.183 113.047 110.572 368.283 112.357 290.958 24.215 104.663 23.573 294.765 109.120 107.850 115.172 122.592 117.370 104.825 117.315 111.888 114.395 108.063 125.638 7.795 114.918 118.435 121.705 108.335 144.967 93.208 121.538 293.523 377.838 371.188 122.342 23.660 118.612 375.012 98.338 111.657
35.912 409.212 138.807 138.807 487.980 39.650 410.650 38.592 46.493 46.612 35.257 39.938 26.773 144.130 49.150 490.122 44.890 17.555 144.095 493.387 131.670 46.147 43.130 145.692 11.925 46.087 145.727 45.667 170.523 413.637 49.317 414.068 137.922 137.978 489.768 415.883 42.127 135.925 0.000 16.980 41.668 489.683 144.690 494.007 138.168 145.177 172.013 474.285 21.348 41.255 18.423 37.617 41.648 37.417 134.337 20.567 37.940 42.375 488.953 42.707 411.628 147.362 39.663 143.758 415.435 45.978 41.432 41.278 28.638 44.935 46.537 36.010 40.202 35.192 41.267 17.942 134.022 36.622 45.795 22.090 39.325 37.505 47.778 20.415 414.193 498.508 491.858 44.710 143.845 33.602 495.682 50.642 41.667
25.932 399.232 128.827 128.827 478.000 35.792 400.670 38.105 37.362 45.908 25.277 35.255 17.075 134.150 48.447 480.142 38.428 11.655 134.115 483.407 121.690 45.443 33.150 135.712 9.737 46.023 135.747 45.603 160.543 403.657 39.337 404.088 127.942 127.998 479.788 405.903 41.423 125.945 20.678 0.000 40.965 479.703 134.710 484.027 128.188 135.197 162.033 464.305 11.330 41.192 13.457 32.897 31.668 36.935 124.357 13.073 37.505 37.802 478.973 42.643 401.648 137.382 35.172 133.778 405.455 45.275 40.728 41.215 21.145 44.872 45.833 31.457 35.648 31.695 39.180 6.187 124.042 31.902 45.732 12.203 38.838 37.350 41.500 10.292 404.213 488.528 481.878 44.647 133.865 28.882 485.702 40.662 41.603
39.735 399.727 129.322 129.322 478.495 19.492 401.165 13.325 51.362 11.418 39.080 19.972 29.942 134.645 14.650 480.637 52.585 36.083 134.610 483.902 122.185 10.608 47.307 136.207 38.338 11.070 136.242 15.952 161.038 404.152 48.357 404.583 128.437 128.493 480.283 406.398 12.663 126.440 35.198 39.888 0.000 480.198 135.205 484.522 128.683 135.692 162.528 464.800 34.173 10.542 36.960 19.055 40.602 9.888 124.852 32.737 8.100 21.152 479.468 7.690 402.143 137.877 49.805 134.273 405.950 10.388 9.902 10.558 23.130 15.030 12.007 19.628 23.438 46.328 18.643 38.225 124.537 17.998 15.890 32.915 13.132 42.408 52.147 34.412 404.708 489.023 482.373 20.315 134.360 17.020 486.197 49.682 5.277
451.707 78.052 349.617 349.617 8.213 468.103 84.840 462.057 450.185 459.517 461.490 466.507 475.080 350.947 459.528 8.857 453.527 481.932 350.912 11.492 365.270 460.963 453.722 353.178 482.632 464.113 346.602 468.565 351.440 84.427 450.125 82.453 356.937 356.003 11.867 82.288 459.293 368.350 489.327 479.935 462.858 0.000 350.740 10.805 358.510 350.427 355.665 24.845 475.000 467.788 483.733 467.150 453.058 463.132 367.215 476.817 465.680 463.205 12.682 464.990 84.225 349.397 457.610 349.630 79.473 461.753 460.483 467.805 475.225 470.003 457.458 469.948 464.522 467.790 460.697 478.272 366.297 467.552 471.068 474.338 460.968 497.600 446.603 474.172 80.347 15.163 11.158 474.975 354.067 471.245 12.480 450.972 464.290
108.548 271.245 4.772 4.772 350.013 124.945 272.683 118.898 107.027 116.358 118.332 123.348 131.922 4.562 116.370 352.155 110.368 138.773 4.527 355.420 22.112 117.805 110.563 11.560 139.473 120.955 7.760 125.407 35.872 275.670 106.967 276.102 11.280 12.655 351.802 277.917 116.135 25.002 146.168 136.777 119.700 351.717 0.000 356.040 15.162 8.808 38.620 336.318 131.842 124.630 140.575 123.992 109.900 119.973 23.867 133.658 122.522 120.047 350.987 121.832 273.662 10.993 114.452 4.507 277.468 118.595 117.325 124.647 132.067 126.845 114.300 126.790 121.363 124.632 117.538 135.113 22.948 124.393 127.910 131.180 117.810 154.442 103.445 131.013 276.227 360.542 353.892 131.817 8.410 128.087 357.715 107.813 121.132
455.985 82.330 353.895 353.895 5.630 472.382 89.118 466.335 454.463 463.795 465.768 470.785 479.358 355.225 463.807 7.348 457.805 486.210 355.190 8.908 369.548 465.242 458.000 357.457 486.910 468.392 350.880 472.843 355.718 88.705 454.403 86.732 361.215 360.282 9.868 86.567 463.572 372.628 493.605 484.213 467.137 10.738 355.018 0.000 362.788 354.705 359.943 29.123 479.278 472.067 488.012 471.428 457.337 467.410 371.493 481.095 469.958 467.483 10.683 469.268 88.503 353.675 461.888 353.908 83.752 466.032 464.762 472.083 479.503 474.282 461.737 474.227 468.800 472.068 464.975 482.550 370.575 471.830 475.347 478.617 465.247 501.878 450.882 478.450 84.625 9.857 8.575 479.253 358.345 475.523 5.745 455.250 468.568
102.225 278.875 8.500 8.500 357.643 118.622 280.313 112.575 100.703 110.035 112.008 117.025 125.598 14.278 110.047 359.785 104.045 132.450 14.243 363.050 11.683 111.482 104.240 12.375 133.150 114.632 15.390 119.083 42.713 283.300 100.643 283.732 10.072 7.695 359.432 285.547 109.812 13.180 139.845 130.453 113.377 359.347 14.838 363.670 0.000 14.505 44.203 343.948 125.518 118.307 134.252 117.668 103.577 113.650 12.663 127.335 116.198 113.723 358.617 115.508 281.292 14.983 108.128 13.907 285.098 112.272 111.002 118.323 125.743 120.522 107.977 120.467 115.040 118.308 111.215 128.790 11.745 118.070 121.587 124.857 111.487 148.118 97.122 124.690 283.857 368.172 361.522 125.493 13.993 121.763 365.345 101.490 114.808
108.227 270.718 6.137 6.137 349.487 124.623 272.157 118.577 106.705 116.037 118.010 123.027 131.600 9.045 116.048 351.628 110.047 138.452 9.010 354.893 21.310 117.483 110.242 7.252 139.152 120.633 7.233 125.085 35.345 275.143 106.645 275.575 13.687 12.050 351.275 277.390 115.813 23.830 145.847 136.455 119.378 351.190 8.918 355.513 14.182 0.000 39.570 335.792 131.520 124.308 140.253 123.670 109.578 119.652 22.887 133.337 122.200 119.725 350.460 121.510 273.135 6.685 114.130 8.613 276.942 118.273 117.003 124.325 131.745 126.523 113.978 126.468 121.042 124.310 117.217 134.792 21.968 124.072 127.588 130.858 117.488 154.120 103.123 130.692 275.700 360.015 353.365 131.495 11.150 127.765 357.188 107.492 120.810
135.305 276.332 34.323 34.323 355.100 151.702 277.770 145.655 133.783 143.115 145.088 150.105 158.678 38.215 143.127 357.242 137.125 165.530 38.180 360.507 48.620 144.562 137.320 40.628 166.230 147.712 34.052 152.163 8.025 280.757 133.723 281.188 40.662 42.037 356.888 283.003 142.892 53.072 172.925 163.533 146.457 356.803 38.190 361.127 44.543 37.877 0.000 341.405 158.598 151.387 167.332 150.748 136.657 146.730 51.602 160.415 149.278 146.803 356.073 148.588 278.748 38.802 141.208 37.080 282.555 145.352 144.082 151.403 158.823 153.602 141.057 153.547 148.120 151.388 144.295 161.870 50.683 151.150 154.667 157.937 144.567 181.198 130.202 157.770 281.313 365.628 358.978 158.573 36.747 154.843 362.802 134.570 147.888
436.063 62.408 333.973 333.973 23.087 452.460 69.197 446.413 434.542 443.873 445.847 450.863 459.437 335.303 443.885 25.228 437.883 466.288 335.268 28.493 349.627 445.320 438.078 337.535 466.988 448.470 330.958 452.922 335.797 68.783 434.482 66.810 341.293 340.360 24.875 66.645 443.650 352.707 473.683 464.292 447.215 24.790 335.097 29.113 342.867 334.783 340.022 0.000 459.357 452.145 468.090 451.507 437.415 447.488 351.572 461.173 450.037 447.562 24.060 449.347 68.582 333.753 441.967 333.987 63.830 446.110 444.840 452.162 459.582 454.360 441.815 454.305 448.878 452.147 445.053 462.628 350.653 451.908 455.425 458.695 445.325 481.957 430.960 458.528 64.703 33.615 26.965 459.332 338.423 455.602 30.788 435.328 448.647
21.573 394.873 124.468 124.468 473.642 28.878 396.312 31.192 33.003 38.995 20.918 28.342 10.465 129.792 41.533 475.783 34.070 11.257 129.757 479.048 117.332 38.530 28.792 131.353 13.537 39.338 131.388 44.202 156.185 399.298 34.978 399.730 123.583 123.640 475.430 401.545 34.510 121.587 23.313 9.770 34.052 475.345 130.352 479.668 123.830 130.838 157.675 459.947 0.000 39.727 13.058 25.983 27.310 30.022 119.998 7.617 30.592 30.888 474.615 35.958 397.290 133.023 30.813 129.420 401.097 38.362 33.815 39.743 14.232 43.470 38.920 24.543 28.735 27.337 32.267 8.107 119.683 24.988 44.330 5.593 31.925 36.060 37.142 4.920 399.855 484.170 477.520 43.245 129.507 21.968 481.343 36.303 35.083
45.500 401.265 130.860 130.860 480.033 25.600 402.703 19.048 57.283 18.253 44.845 26.080 35.707 136.183 21.485 482.175 58.350 36.255 136.148 485.440 123.723 14.228 53.072 137.745 38.510 12.145 137.780 11.337 162.577 405.690 55.192 406.122 129.975 130.032 481.822 407.937 19.498 127.978 35.370 42.615 10.682 481.737 136.743 486.060 130.222 137.230 164.067 466.338 39.938 0.000 37.132 24.960 47.437 15.653 126.390 38.502 13.000 27.947 481.007 8.765 403.682 139.415 55.570 135.812 407.488 13.853 16.737 5.943 28.895 10.415 18.842 25.393 29.827 52.093 25.478 42.817 126.075 23.763 11.275 38.680 19.240 42.580 58.982 40.177 406.247 490.562 483.912 15.968 135.898 22.785 487.735 56.517 10.387
29.160 402.460 132.055 132.055 481.228 33.213 403.898 32.155 40.590 40.175 28.505 33.502 18.580 137.378 42.713 483.370 41.657 4.787 137.343 486.635 124.918 39.710 36.378 138.940 11.505 39.650 138.975 39.230 163.772 406.885 42.565 407.317 131.170 131.227 483.017 409.132 35.690 129.173 16.463 13.012 35.232 482.932 137.938 487.255 131.417 138.425 165.262 467.533 13.220 34.818 0.000 31.180 34.897 30.980 127.585 12.373 31.503 35.938 482.202 36.270 404.877 140.610 38.400 137.007 408.683 39.542 34.995 34.842 20.445 38.498 40.100 29.573 33.765 34.923 34.830 11.348 127.270 30.185 39.358 15.432 32.888 32.415 44.728 13.520 407.442 491.757 485.107 38.273 137.093 27.165 488.930 43.890 35.230
31.870 397.518 127.113 127.113 476.287 6.983 398.957 10.112 40.628 17.545 31.215 5.957 22.077 132.437 20.273 478.428 44.550 30.155 132.402 481.693 119.977 17.080 39.442 133.998 33.355 20.760 134.033 30.270 158.830 401.943 37.623 402.375 126.228 126.285 478.075 404.190 13.250 124.232 32.847 32.023 19.185 477.990 132.997 482.313 126.475 133.483 160.320 462.592 26.308 24.860 31.957 0.000 29.868 13.508 122.643 24.872 15.725 8.503 477.260 21.092 399.935 135.668 41.940 132.065 403.742 18.012 12.365 24.877 15.265 29.348 17.660 5.867 9.703 38.463 9.882 30.360 122.328 4.265 30.208 25.050 10.055 40.057 41.413 26.547 402.500 486.815 480.165 34.633 132.152 7.592 483.988 38.948 20.217
10.055 370.665 100.260 100.260 449.433 33.175 372.103 34.635 16.075 37.948 19.838 29.672 29.172 105.583 39.798 451.575 19.417 36.023 105.548 454.840 93.123 39.395 19.612 107.145 37.793 43.075 107.180 53.397 131.977 375.090 10.770 375.522 99.375 99.432 451.222 377.337 34.763 97.378 43.418 34.027 41.290 451.137 106.143 455.460 99.622 106.630 133.467 435.738 29.092 47.987 37.825 31.372 0.000 37.645 95.790 30.908 40.475 26.150 450.407 43.422 373.082 108.815 23.500 105.212 376.888 40.327 36.725 48.003 29.317 52.475 35.480 32.455 25.910 28.108 26.762 32.363 95.475 31.773 53.335 28.430 34.535 55.793 16.178 28.263 375.647 459.962 453.312 57.760 105.298 35.467 457.135 12.095 42.722
35.922 400.623 130.218 130.218 479.392 13.737 402.062 6.968 47.597 13.008 35.267 14.217 26.128 135.542 15.547 481.533 48.772 32.270 135.507 484.798 123.082 12.543 43.493 137.103 34.525 15.267 137.138 21.065 161.935 405.048 44.592 405.480 129.333 129.390 481.180 407.295 8.523 127.337 31.385 36.075 9.980 481.095 136.102 485.418 129.580 136.588 163.425 465.697 30.360 15.655 33.147 13.300 36.837 0.000 125.748 28.923 6.520 16.083 480.365 11.887 403.040 138.773 45.992 135.170 406.847 13.475 7.828 15.672 19.317 20.143 12.933 15.815 17.963 42.515 14.878 34.412 125.433 13.702 21.003 29.102 7.147 38.595 48.382 30.598 405.605 489.920 483.270 25.428 135.257 13.207 487.093 45.917 11.012
97.408 287.302 16.927 16.927 366.070 113.805 288.740 107.758 95.887 105.218 107.192 112.208 120.782 22.705 105.230 368.212 99.107 127.633 22.670 371.477 7.227 106.665 99.423 20.347 127.572 109.815 23.817 114.267 49.922 291.727 95.827 292.158 17.040 15.727 367.858 293.973 104.995 6.823 135.028 125.637 108.560 367.773 23.265 372.097 11.987 22.435 51.412 352.375 120.702 113.490 129.435 112.852 98.760 108.833 0.000 122.518 111.382 108.907 367.043 110.692 289.718 22.975 102.998 22.333 293.525 107.455 106.185 113.507 120.927 115.705 103.160 115.650 110.223 112.730 106.398 123.973 4.237 113.253 116.770 120.040 106.670 143.302 91.543 119.873 292.283 376.598 369.948 120.677 22.420 116.947 373.772 96.673 109.992
24.565 397.865 127.460 127.460 476.633 27.937 399.303 30.250 35.995 38.053 23.910 27.400 11.425 132.783 40.592 478.775 37.062 10.367 132.748 482.040 120.323 37.588 31.783 134.345 13.567 38.397 134.380 41.855 159.177 402.290 37.970 402.722 126.575 126.632 478.422 404.537 33.568 124.578 21.338 12.235 33.110 478.337 133.343 482.660 126.822 133.830 160.667 462.938 7.708 37.443 12.168 25.042 30.302 29.080 122.990 0.000 29.650 29.947 477.607 35.017 400.282 136.015 33.805 132.412 404.088 37.420 32.873 37.467 13.290 41.123 37.978 23.602 27.793 30.077 31.325 10.572 122.675 24.047 41.983 8.843 30.983 33.713 40.133 9.310 402.847 487.162 480.512 40.898 132.498 21.027 484.335 39.295 34.142
36.223 402.572 132.167 132.167 481.340 16.323 404.010 9.772 48.007 14.263 35.568 16.803 26.430 137.490 17.495 483.482 49.073 32.572 137.455 486.747 125.030 13.258 43.795 139.052 34.827 13.952 139.087 18.335 163.883 406.997 47.408 407.428 131.282 131.338 483.128 409.243 11.340 129.285 31.687 36.377 8.208 483.043 138.050 487.367 131.528 138.537 165.373 467.645 30.662 12.925 33.448 15.683 39.653 6.377 127.697 29.225 0.000 18.670 482.313 10.572 404.988 140.722 46.293 137.118 408.795 13.038 9.035 12.942 19.618 17.413 14.852 16.117 20.550 42.817 17.562 34.713 127.382 14.487 18.273 29.403 9.963 38.897 51.198 30.900 407.553 491.868 485.218 22.698 137.205 13.508 489.042 48.733 8.282
27.332 392.220 121.815 121.815 470.988 10.372 393.658 13.500 35.330 17.572 36.158 7.925 27.033 127.138 19.422 473.130 39.252 35.112 127.103 476.395 114.678 19.018 38.100 128.700 38.312 22.698 128.735 33.020 153.532 396.645 32.325 397.077 120.930 120.987 472.777 398.892 14.387 118.933 37.548 36.980 20.913 472.692 127.698 477.015 121.177 128.185 155.022 457.293 31.265 27.610 36.913 8.568 24.570 16.897 117.345 29.828 19.503 0.000 471.962 23.045 394.637 130.370 41.470 126.767 398.443 19.950 15.753 27.627 20.222 32.098 15.103 11.367 5.785 43.420 5.873 35.317 117.030 8.970 32.958 30.007 13.443 44.758 36.115 31.503 397.202 481.517 474.867 37.383 126.853 12.663 478.690 33.650 22.345
450.957 77.302 348.867 348.867 2.027 467.353 84.090 461.307 449.435 458.767 460.740 465.757 474.330 350.197 458.778 7.978 452.777 481.182 350.162 9.847 364.520 460.213 452.972 352.428 481.882 463.363 345.852 467.815 350.690 83.677 449.375 81.703 356.187 355.253 3.815 81.538 458.543 367.600 488.577 479.185 462.108 12.797 349.990 10.660 357.760 349.677 354.915 24.095 474.250 467.038 482.983 466.400 452.308 462.382 366.465 476.067 464.930 462.455 0.000 464.240 83.475 348.647 456.860 348.880 78.723 461.003 459.733 467.055 474.475 469.253 456.708 469.198 463.772 467.040 459.947 477.522 365.547 466.802 470.318 473.588 460.218 496.850 445.853 473.422 79.597 15.198 7.747 474.225 353.317 470.495 12.335 450.222 463.540
41.790 398.192 127.787 127.787 476.960 21.772 399.630 15.485 53.573 13.698 41.135 22.252 31.997 133.110 16.930 479.102 54.640 38.037 133.075 482.367 120.650 9.058 49.362 134.672 40.292 6.788 134.707 14.385 159.503 402.617 50.637 403.048 126.902 126.958 478.748 404.863 14.943 124.905 37.152 41.943 7.750 478.663 133.670 482.987 127.148 134.157 160.993 463.265 36.228 8.975 38.913 21.250 42.882 11.943 123.317 34.792 10.622 23.432 477.933 0.000 400.608 136.342 51.860 132.738 404.415 8.683 12.152 8.992 25.185 13.463 14.287 21.683 25.718 48.383 20.923 40.280 123.002 20.053 14.323 34.970 15.412 44.362 54.427 36.467 403.173 487.488 480.838 18.748 132.825 19.075 484.662 51.962 8.258
374.852 3.857 272.762 272.762 82.625 391.248 6.843 385.202 373.330 382.662 384.635 389.652 398.225 274.092 382.673 84.767 376.672 405.077 274.057 88.032 288.415 384.108 376.867 276.323 405.777 387.258 269.747 391.710 274.585 9.813 373.270 10.012 280.082 279.148 84.413 10.528 382.438 291.495 412.472 403.080 386.003 84.328 273.885 88.652 281.655 273.572 278.810 68.930 398.145 390.933 406.878 390.295 376.203 386.277 290.360 399.962 388.825 386.350 83.598 388.135 0.000 272.542 380.755 272.775 10.080 384.898 383.628 390.950 398.370 393.148 380.603 393.093 387.667 390.935 383.842 401.417 289.442 390.697 394.213 397.483 384.113 420.745 369.748 397.317 8.838 93.153 86.503 398.120 277.212 394.390 90.327 374.117 387.435
110.387 269.238 8.362 8.362 348.007 126.783 270.677 120.737 108.865 118.197 120.170 125.187 133.760 11.270 118.208 350.148 112.207 140.612 11.235 353.413 21.607 119.643 112.402 6.938 141.312 122.793 9.458 127.245 33.865 273.663 108.805 274.095 15.912 14.275 349.795 275.910 117.973 24.045 148.007 138.615 121.538 349.710 11.143 354.033 14.625 6.587 38.090 334.312 133.680 126.468 142.413 125.830 111.738 121.812 23.262 135.497 124.360 121.885 348.980 123.670 271.655 0.000 116.290 10.838 275.462 120.433 119.163 126.485 133.905 128.683 116.138 128.628 123.202 126.470 119.377 136.952 22.343 126.232 129.748 133.018 119.648 156.280 105.283 132.852 274.220 358.535 351.885 133.655 13.375 129.925 355.708 109.652 122.970
11.717 377.423 107.018 107.018 456.192 46.343 378.862 48.657 10.407 53.065 16.597 44.788 30.413 112.342 54.915 458.333 9.398 37.265 112.307 461.598 99.882 54.512 7.948 113.903 36.497 56.803 113.938 62.602 138.735 381.848 22.842 382.280 106.133 106.190 457.980 384.095 49.880 104.120 44.660 35.268 51.517 457.895 112.902 462.218 106.380 113.388 140.225 442.497 30.333 57.192 39.067 43.448 22.653 47.487 102.532 32.150 48.057 41.267 457.165 53.423 379.840 115.573 0.000 111.970 383.647 55.443 51.280 57.208 31.697 61.680 50.597 42.008 41.027 14.600 41.878 33.605 102.233 42.453 62.540 29.672 49.390 57.035 13.760 29.505 382.405 466.720 460.070 64.220 112.057 39.433 463.893 22.532 52.548
107.575 270.237 3.798 3.798 349.005 123.972 271.675 117.925 106.053 115.385 117.358 122.375 130.948 4.317 115.397 351.147 109.395 137.800 4.282 354.412 21.138 116.832 109.590 11.203 138.500 119.982 6.752 124.433 34.863 274.662 105.993 275.093 10.307 11.682 350.793 276.908 115.162 24.028 145.195 135.803 118.727 350.708 4.468 355.032 14.188 8.452 37.647 335.310 130.868 123.657 139.602 123.018 108.927 119.000 22.893 132.685 121.548 119.073 349.978 120.858 272.653 10.637 113.478 0.000 276.460 117.622 116.352 123.673 131.093 125.872 113.327 125.817 120.390 123.658 116.565 134.140 21.975 123.420 126.937 130.207 116.837 153.468 102.472 130.040 275.218 359.533 352.883 130.843 7.437 127.113 356.707 106.840 120.158
378.925 3.757 276.835 276.835 77.705 395.322 10.545 389.275 377.403 386.735 388.708 393.725 402.298 278.165 386.747 79.847 380.745 409.150 278.130 83.112 292.488 388.182 380.940 280.397 409.850 391.332 273.820 395.783 278.658 10.162 377.343 11.507 284.155 283.222 79.493 8.037 386.512 295.568 416.545 407.153 390.077 79.408 277.958 83.732 285.728 277.645 282.883 64.010 402.218 395.007 410.952 394.368 380.277 390.350 294.433 404.035 392.898 390.423 78.678 392.208 9.930 276.615 384.828 276.848 0.000 388.972 387.702 395.023 402.443 397.222 384.677 397.167 391.740 395.008 387.915 405.490 293.515 394.770 398.287 401.557 388.187 424.818 373.822 401.390 6.077 88.233 81.583 402.193 281.285 398.463 85.407 378.190 391.508
42.468 398.615 128.210 128.210 477.383 18.360 400.053 12.193 50.467 10.523 43.460 18.840 34.322 133.533 13.222 479.525 54.388 40.463 133.498 482.790 121.073 5.055 51.687 135.095 42.718 7.058 135.130 19.367 159.927 403.040 47.462 403.472 127.325 127.382 479.172 405.287 11.768 125.328 39.578 44.268 10.322 479.087 134.093 483.410 127.572 134.580 161.417 463.688 38.553 13.957 41.340 17.923 39.707 13.462 123.740 37.117 12.947 20.257 478.357 8.502 401.032 136.765 54.185 133.162 404.838 0.000 9.442 13.973 27.510 18.445 11.112 20.722 22.543 50.708 17.748 42.605 123.425 18.325 19.305 37.295 12.000 46.788 51.252 38.792 403.597 487.912 481.262 23.730 133.248 21.400 485.085 48.787 11.753
38.747 397.363 126.958 126.958 476.132 12.655 398.802 6.488 46.745 9.055 38.897 13.135 29.758 132.282 12.287 478.273 50.667 35.900 132.247 481.538 119.822 8.590 47.123 133.843 38.155 12.270 133.878 22.018 158.675 401.788 43.740 402.220 126.073 126.130 477.920 404.035 7.672 124.077 35.015 39.705 9.912 477.835 132.842 482.158 126.320 133.328 160.165 462.437 33.990 16.608 36.777 12.218 35.985 7.757 122.488 32.553 9.090 15.002 477.105 12.043 399.780 135.513 49.622 131.910 403.587 9.522 0.000 16.625 22.947 21.097 9.643 15.017 16.882 46.145 13.893 38.042 122.173 12.620 21.957 32.732 6.295 42.225 47.530 34.228 402.345 486.660 480.010 26.382 131.997 16.313 483.833 45.065 11.343
45.437 401.202 130.797 130.797 479.970 25.537 402.640 18.985 57.220 18.190 44.782 26.017 35.643 136.120 21.422 482.112 58.287 36.377 136.085 485.377 123.660 14.165 53.008 137.682 38.632 12.082 137.717 9.343 162.513 405.627 55.128 406.058 129.912 129.968 481.758 407.873 19.435 127.915 35.492 42.737 10.618 481.673 136.680 485.997 130.158 137.167 164.003 466.275 39.875 6.013 37.253 24.897 47.373 15.590 126.327 38.438 12.937 27.883 480.943 8.702 403.618 139.352 55.507 135.748 407.425 13.790 16.673 0.000 28.832 8.422 18.778 25.330 29.763 52.030 25.415 42.938 126.012 23.700 9.282 38.617 19.177 42.702 58.918 40.113 406.183 490.498 483.848 14.263 135.835 22.722 487.672 56.453 10.323
19.927 393.227 122.822 122.822 471.995 18.092 394.665 20.405 31.710 28.208 19.272 17.555 10.133 128.145 30.747 474.137 32.777 18.212 128.110 477.402 115.685 27.743 27.498 129.707 21.412 28.552 129.742 34.350 154.538 397.652 33.332 398.083 121.937 121.993 473.783 399.898 23.723 119.940 25.182 20.080 23.265 473.698 128.705 478.022 122.183 129.192 156.028 458.300 14.365 28.940 20.013 15.197 25.663 19.235 118.352 12.928 19.805 20.102 472.968 25.172 395.643 131.377 29.997 127.773 399.450 27.575 23.028 28.957 0.000 33.428 28.133 13.757 17.948 26.520 21.480 18.417 118.037 14.202 34.288 13.107 21.138 37.557 35.495 14.603 398.208 482.523 475.873 38.713 127.860 11.182 479.697 34.657 24.297
50.008 403.383 132.978 132.978 482.152 30.108 404.822 23.557 61.792 22.762 49.353 30.588 40.215 138.302 25.993 484.293 62.858 39.412 138.267 487.558 125.842 18.737 57.580 139.863 41.667 16.653 139.898 6.093 164.695 407.808 59.700 408.240 132.093 132.150 483.940 410.055 24.007 130.097 38.527 45.772 15.190 483.855 138.862 488.178 132.340 139.348 166.185 468.457 44.097 10.585 40.288 29.468 51.945 20.162 128.508 41.665 17.508 32.455 483.125 13.273 405.800 141.533 60.078 137.930 409.607 18.362 21.245 8.653 33.403 0.000 23.350 29.902 34.335 56.602 29.987 45.973 128.193 28.272 5.532 43.188 23.748 45.737 63.490 44.685 408.365 492.680 486.030 11.612 138.017 27.293 489.853 61.025 14.895
37.557 395.442 125.037 125.037 474.210 18.213 396.880 12.098 45.555 8.817 44.313 18.647 35.175 130.360 10.365 476.352 49.477 41.317 130.325 479.617 117.900 10.263 48.325 131.922 43.572 13.943 131.957 24.265 156.753 399.867 42.550 400.298 124.152 124.208 475.998 402.113 8.652 122.155 40.432 45.122 12.158 475.913 130.920 480.237 124.398 131.407 158.243 460.515 39.407 18.855 42.193 17.777 34.795 13.173 120.567 37.970 14.980 15.345 475.183 14.290 397.858 133.592 51.695 129.988 401.665 11.195 9.783 18.872 28.363 23.343 0.000 20.575 17.632 51.562 12.837 43.458 120.252 18.178 24.203 38.148 11.010 47.642 46.340 39.645 400.423 484.738 478.088 28.628 130.075 21.872 481.912 43.875 13.590
30.282 398.650 128.245 128.245 477.418 9.187 400.088 12.805 41.760 20.238 29.627 8.650 20.488 133.568 22.967 479.560 43.132 28.567 133.533 482.825 121.108 19.773 37.853 135.130 31.767 23.453 135.165 30.712 159.962 403.075 38.755 403.507 127.360 127.417 479.207 405.322 15.943 125.363 33.288 30.435 19.627 479.122 134.128 483.445 127.607 134.615 161.452 463.723 24.720 25.302 30.368 5.748 31.000 15.597 123.775 23.283 16.167 11.197 478.392 21.533 401.067 136.800 40.352 133.197 404.873 20.705 15.058 25.318 13.677 29.790 20.353 0.000 10.090 36.875 12.575 28.772 123.460 5.297 30.650 23.462 12.748 40.498 42.545 24.958 403.632 487.947 481.297 35.075 133.283 7.060 485.120 40.080 20.658
27.090 391.978 121.573 121.573 470.747 11.568 393.417 14.697 35.088 19.613 33.970 7.317 24.832 126.897 21.463 472.888 39.010 32.910 126.862 476.153 114.437 21.060 37.858 128.458 36.110 24.740 128.493 35.062 153.290 396.403 32.083 396.835 120.688 120.745 472.535 398.650 16.428 118.692 37.660 34.778 22.955 472.450 127.457 476.773 120.935 127.943 154.780 457.052 29.063 29.652 34.712 9.765 24.328 18.093 117.103 27.627 20.700 5.770 471.720 25.087 394.395 130.128 41.228 126.525 398.202 21.992 16.950 29.668 18.020 34.140 17.145 10.100 0.000 41.218 8.153 33.115 116.788 10.167 35.000 27.805 14.640 44.870 35.873 29.302 396.960 481.275 474.625 39.425 126.612 13.180 478.448 33.408 24.387
8.713 382.287 111.882 111.882 461.055 34.960 383.725 37.273 20.465 45.077 6.308 34.423 20.507 117.205 47.615 463.197 21.532 27.358 117.170 466.462 104.745 44.612 16.253 118.767 29.128 45.420 118.802 51.218 143.598 386.712 24.990 387.143 110.997 111.053 462.843 388.958 40.592 109.000 34.753 25.362 40.133 462.758 117.765 467.082 111.243 118.252 145.088 447.360 20.427 45.808 29.160 32.065 18.325 36.103 107.412 22.243 36.673 36.938 462.028 42.040 384.703 120.437 19.623 116.833 388.510 44.443 39.897 45.825 20.313 50.297 45.002 30.625 34.817 0.000 37.550 23.698 107.097 31.070 51.157 19.765 38.007 47.128 24.282 19.598 387.268 471.583 464.933 54.313 116.920 28.050 468.757 24.915 41.165
28.077 392.965 122.560 122.560 471.733 11.612 394.403 12.407 36.075 15.720 36.903 9.312 28.420 127.883 17.570 473.875 39.997 36.498 127.848 477.140 115.423 17.167 38.845 129.445 39.698 20.847 129.480 31.168 154.277 397.390 33.070 397.822 121.675 121.732 473.522 399.637 12.535 119.678 37.413 38.367 19.062 473.437 128.443 477.760 121.922 128.930 155.767 458.038 32.652 25.758 38.300 9.955 25.315 15.417 118.090 31.215 18.247 5.865 472.707 21.193 395.382 131.115 42.215 127.512 399.188 18.098 14.497 25.775 21.608 30.247 13.252 12.753 8.152 44.807 0.000 36.703 117.775 10.357 31.107 31.393 12.307 44.623 36.860 32.890 397.947 482.262 475.612 35.532 127.598 14.050 479.435 34.395 20.493
24.235 397.535 127.130 127.130 476.303 34.097 398.973 36.410 35.665 44.213 23.580 33.560 15.378 132.453 46.752 478.445 36.732 10.925 132.418 481.710 119.993 43.748 31.453 134.015 10.705 44.557 134.050 45.948 158.847 401.960 37.640 402.392 126.245 126.302 478.092 404.207 39.728 124.248 21.647 6.142 39.270 478.007 133.013 482.330 126.492 133.500 160.337 462.608 9.633 41.537 12.727 31.202 29.972 35.240 122.660 11.617 35.810 36.107 477.277 41.177 399.952 135.685 33.475 132.082 403.758 43.580 39.033 41.560 19.450 45.217 44.138 29.762 33.953 29.998 37.485 0.000 122.345 30.207 46.077 10.507 37.143 38.318 39.803 8.595 402.517 486.832 480.182 44.992 132.168 27.187 484.005 38.965 40.302
97.997 287.363 16.988 16.988 366.132 114.393 288.802 108.347 96.475 105.807 107.780 112.797 121.370 22.568 105.818 368.273 99.695 128.222 22.533 371.538 6.373 107.253 100.012 20.408 128.160 110.403 23.878 114.855 49.068 291.788 96.415 292.220 16.360 15.788 367.920 294.035 105.583 7.743 135.617 126.225 109.148 367.835 23.128 372.158 12.048 22.497 50.558 352.437 121.290 114.078 130.023 113.440 99.348 109.422 4.165 123.107 111.970 109.495 367.105 111.280 289.780 23.037 103.587 22.197 293.587 108.043 106.773 114.095 121.515 116.293 103.748 116.238 110.812 113.318 106.987 124.562 0.000 113.842 117.358 120.628 107.258 143.890 92.132 120.462 292.345 376.660 370.010 121.265 22.283 117.535 373.833 97.262 110.580
30.857 397.915 127.510 127.510 476.683 6.890 399.353 10.508 41.025 17.942 30.202 6.353 21.063 132.833 20.670 478.825 43.707 29.142 132.798 482.090 120.373 17.477 38.428 134.395 32.342 21.157 134.430 29.052 159.227 402.340 38.020 402.772 126.625 126.682 478.472 404.587 13.647 124.628 31.628 31.010 17.967 478.387 133.393 482.710 126.872 133.880 160.717 462.988 25.295 23.642 30.943 4.278 30.265 13.905 123.040 23.858 14.507 8.900 477.657 19.873 400.332 136.065 40.927 132.462 404.138 18.408 12.762 23.658 14.252 28.130 18.057 5.402 10.100 37.450 10.278 29.347 122.725 0.000 28.990 24.037 10.452 38.838 41.810 25.533 402.897 487.212 480.562 33.415 132.548 6.693 484.385 39.345 18.998
50.818 403.985 133.580 133.580 482.753 30.918 405.423 24.367 62.602 23.572 50.163 31.398 41.025 138.903 26.803 484.895 63.668 40.222 138.868 488.160 126.443 19.547 58.390 140.465 42.477 17.463 140.500 5.298 165.297 408.410 60.510 408.842 132.695 132.752 484.542 410.657 24.817 130.698 39.337 46.582 16.000 484.457 139.463 488.780 132.942 139.950 166.787 469.058 44.907 11.395 41.098 30.278 52.755 20.972 129.110 42.475 18.318 33.265 483.727 14.083 406.402 142.135 60.888 138.532 410.208 19.172 22.055 9.463 34.213 5.598 24.160 30.712 35.145 57.412 30.797 46.783 128.795 29.082 0.000 43.998 24.558 46.547 64.300 45.495 408.967 493.282 486.632 10.817 138.618 28.103 490.455 61.835 15.705
20.348 393.648 123.243 123.243 472.417 27.853 395.087 30.167 31.778 37.970 19.693 27.317 9.135 128.567 40.508 474.558 32.845 13.503 128.532 477.823 116.107 37.505 27.567 130.128 15.273 38.313 130.163 43.785 154.960 398.073 33.753 398.505 122.358 122.415 474.205 400.320 33.485 120.362 23.268 11.507 33.027 474.120 129.127 478.443 122.605 129.613 156.450 458.722 5.505 38.702 15.305 24.958 26.085 28.997 118.773 8.965 29.567 29.863 473.390 34.933 396.065 131.798 29.588 128.195 399.872 37.337 32.790 38.718 13.207 43.053 37.895 23.518 27.710 26.112 31.242 9.843 118.458 23.963 43.913 0.000 30.900 35.643 35.917 5.743 398.630 482.945 476.295 42.828 128.282 20.943 480.118 35.078 34.058
36.607 398.453 128.048 128.048 477.222 10.403 399.892 4.388 44.605 11.535 37.025 10.883 27.887 133.372 13.377 479.363 48.527 34.028 133.337 482.628 120.912 11.070 45.252 134.933 36.283 14.750 134.968 24.650 159.765 402.878 41.600 403.310 127.163 127.220 479.010 405.125 6.353 125.167 33.143 37.833 13.205 478.925 133.932 483.248 127.410 134.418 161.255 463.527 32.118 19.240 34.905 9.967 33.845 7.275 123.578 30.682 10.105 12.750 478.195 15.337 400.870 136.603 47.750 133.000 404.677 12.002 6.355 19.257 21.075 23.728 10.763 12.765 14.630 44.273 11.642 36.170 123.263 10.368 24.588 30.860 0.000 40.353 45.390 32.357 403.435 487.750 481.100 29.013 133.087 14.062 484.923 42.925 14.597
52.047 425.347 154.942 154.942 504.115 44.147 426.785 43.088 63.477 51.108 51.392 44.490 38.723 160.265 53.647 506.257 64.543 28.758 160.230 509.522 147.805 50.643 59.265 161.827 31.498 50.638 161.862 50.218 186.658 429.772 65.452 430.203 154.057 154.113 505.903 432.018 46.623 152.060 31.652 35.603 46.165 505.818 160.825 510.142 154.303 161.312 188.148 490.420 37.192 45.807 29.635 42.168 57.783 41.913 150.472 36.032 42.437 46.872 505.088 47.258 427.763 163.497 61.287 159.893 431.570 50.475 45.928 45.830 40.048 49.487 51.033 40.562 44.753 57.443 45.763 35.320 150.157 41.173 50.347 38.068 43.822 0.000 67.615 37.492 430.328 514.643 507.993 49.262 159.980 38.153 511.817 66.777 46.163
12.880 367.082 96.677 96.677 445.850 42.635 368.520 44.095 9.958 47.408 22.663 39.132 36.705 102.000 49.258 447.992 10.563 43.557 101.965 451.257 89.540 48.855 13.495 103.562 42.597 52.535 103.597 62.857 128.393 371.507 14.768 371.938 95.792 95.848 447.638 373.753 44.223 93.360 50.952 41.560 50.750 447.553 102.560 451.877 96.038 103.047 129.883 432.155 36.625 57.447 45.358 40.832 16.658 47.105 91.772 38.442 49.935 35.610 446.823 52.882 369.498 105.232 14.455 101.628 373.305 49.787 46.185 57.463 36.512 61.935 44.940 41.915 35.370 24.508 36.222 39.897 91.892 41.233 62.795 35.963 43.995 63.327 0.000 35.797 372.063 456.378 449.728 67.220 101.715 44.248 453.552 14.458 52.182
19.815 393.115 122.710 122.710 471.883 29.677 394.553 31.990 31.245 39.793 19.160 29.140 10.958 128.033 42.332 474.025 32.312 11.382 127.998 477.290 115.573 39.328 27.033 129.595 13.152 40.137 129.630 45.467 154.427 397.540 33.220 397.972 121.825 121.882 473.672 399.787 35.308 119.828 23.438 9.385 34.850 473.587 128.593 477.910 122.072 129.080 155.917 458.188 4.450 40.525 13.183 26.782 25.552 30.820 118.240 8.882 31.390 31.687 472.857 36.757 395.532 131.265 29.055 127.662 399.338 39.160 34.613 40.542 15.030 44.735 39.718 25.342 29.533 25.578 33.065 7.722 117.925 25.787 45.595 6.087 32.723 37.325 35.383 0.000 398.097 482.412 475.762 44.510 127.748 22.767 479.585 34.545 35.882
377.683 2.515 275.593 275.593 78.595 394.080 9.303 388.033 376.162 385.493 387.467 392.483 401.057 276.923 385.505 80.737 379.503 407.908 276.888 84.002 291.247 386.940 379.698 279.155 408.608 390.090 272.578 394.542 277.417 7.758 376.102 10.140 282.913 281.980 80.383 6.007 385.270 294.327 415.303 405.912 388.835 80.298 276.717 84.622 284.487 276.403 281.642 64.900 400.977 393.765 409.710 393.127 379.035 389.108 293.192 402.793 391.657 389.182 79.568 390.967 8.688 275.373 383.587 275.607 6.077 387.730 386.460 393.782 401.202 395.980 383.435 395.925 390.498 393.767 386.673 404.248 292.273 393.528 397.045 400.315 386.945 423.577 372.580 400.148 0.000 89.123 82.473 400.952 280.043 397.222 86.297 376.948 390.267
460.543 86.888 358.453 358.453 10.188 476.940 93.677 470.893 459.022 468.353 470.327 475.343 483.917 359.783 468.365 11.803 462.363 490.768 359.748 10.313 374.107 469.800 462.558 362.015 491.468 472.950 355.438 477.402 360.277 93.263 458.962 91.290 365.773 364.840 14.427 91.125 468.130 377.187 498.163 488.772 471.695 15.190 359.577 9.678 367.347 359.263 364.502 33.682 483.837 476.625 492.570 475.987 461.895 471.968 376.052 485.653 474.517 472.042 15.242 473.827 93.062 358.233 466.447 358.467 88.310 470.590 469.320 476.642 484.062 478.840 466.295 478.785 473.358 476.627 469.533 487.108 375.133 476.388 479.905 483.175 469.805 506.437 455.440 483.008 89.183 0.000 12.978 483.812 362.903 480.082 10.117 459.808 473.127
453.977 80.322 351.887 351.887 2.857 470.373 87.110 464.327 452.455 461.787 463.760 468.777 477.350 353.217 461.798 5.897 455.797 484.202 353.182 7.685 367.540 463.233 455.992 355.448 484.902 466.383 348.872 470.835 353.710 86.697 452.395 84.723 359.207 358.273 7.095 84.558 461.563 370.620 491.597 482.205 465.128 11.228 353.010 8.578 360.780 352.697 357.935 27.115 477.270 470.058 486.003 469.420 455.328 465.402 369.485 479.087 467.950 465.475 7.910 467.260 86.495 351.667 459.880 351.900 81.743 464.023 462.753 470.075 477.495 472.273 459.728 472.218 466.792 470.060 462.967 480.542 368.567 469.822 473.338 476.608 463.238 499.870 448.873 476.442 82.617 12.775 0.000 477.245 356.337 473.515 10.253 453.242 466.560
54.987 408.493 138.088 138.088 487.262 35.087 409.932 28.535 66.770 27.740 54.332 35.567 43.768 143.412 30.972 489.403 67.837 38.965 143.377 492.668 130.952 23.657 62.558 144.973 41.220 21.573 145.008 9.807 169.805 412.918 64.678 413.350 137.203 137.260 489.050 415.165 28.985 135.207 38.080 45.325 20.168 488.965 143.972 493.288 137.450 144.458 171.295 473.567 43.650 15.857 39.842 34.447 56.923 25.140 133.618 41.218 22.487 37.433 488.235 18.193 410.910 146.643 65.057 143.040 414.717 23.282 26.223 14.270 38.382 12.000 28.328 34.880 39.313 61.580 34.965 45.527 133.303 33.250 11.285 43.113 28.727 45.290 68.468 44.610 413.475 497.790 491.140 0.000 143.127 32.272 494.963 66.003 19.873
107.600 274.750 3.993 3.993 353.518 123.997 276.188 117.950 106.078 115.410 117.383 122.400 130.973 7.885 115.422 355.660 109.420 137.825 7.850 358.925 21.163 116.857 109.615 12.912 138.525 120.007 11.265 124.458 35.012 279.175 106.018 279.607 10.332 11.707 355.307 281.422 115.187 24.053 145.220 135.828 118.752 355.222 8.445 359.545 14.213 11.225 36.502 339.823 130.893 123.682 139.627 123.043 108.952 119.025 22.918 132.710 121.573 119.098 354.492 120.883 277.167 13.410 113.503 7.513 280.973 117.647 116.377 123.698 131.118 125.897 113.352 125.842 120.415 123.683 116.590 134.165 22.000 123.445 126.962 130.232 116.862 153.493 102.497 130.065 279.732 364.047 357.397 130.868 0.000 127.138 361.220 106.865 120.183
27.718 401.018 130.613 130.613 479.787 10.477 402.457 14.095 39.502 21.528 27.063 9.940 17.925 135.937 24.257 481.928 40.568 26.003 135.902 485.193 123.477 21.063 35.290 137.498 29.203 22.327 137.533 28.125 162.330 405.443 41.123 405.875 129.728 129.785 481.575 407.690 17.233 127.732 30.702 27.872 17.040 481.490 136.497 485.813 129.975 136.983 163.820 466.092 22.157 22.715 27.805 7.507 33.455 13.010 126.143 20.720 13.580 12.487 480.760 18.947 403.435 139.168 37.788 135.565 407.242 21.350 16.348 22.732 11.113 27.203 21.643 6.958 13.203 34.312 13.865 26.208 125.828 6.587 28.063 20.898 14.038 37.912 43.287 22.395 406.000 490.315 483.665 32.488 135.652 0.000 487.488 42.448 18.072
457.528 83.873 355.438 355.438 7.173 473.925 90.662 467.878 456.007 465.338 467.312 472.328 480.902 356.768 465.350 8.892 459.348 487.753 356.733 10.452 371.092 466.785 459.543 359.000 488.453 469.935 352.423 474.387 357.262 90.248 455.947 88.275 362.758 361.825 11.412 88.110 465.115 374.172 495.148 485.757 468.680 12.282 356.562 5.668 364.332 356.248 361.487 30.667 480.822 473.610 489.555 472.972 458.880 468.953 373.037 482.638 471.502 469.027 12.227 470.812 90.047 355.218 463.432 355.452 85.295 467.575 466.305 473.627 481.047 475.825 463.280 475.770 470.343 473.612 466.518 484.093 372.118 473.373 476.890 480.160 466.790 503.422 452.425 479.993 86.168 10.102 10.118 480.797 359.888 477.067 0.000 456.793 470.112
13.272 370.753 100.348 100.348 449.522 40.348 372.192 41.808 14.998 45.122 23.055 36.845 36.325 105.672 46.972 451.663 18.340 43.177 105.637 454.928 93.212 46.568 18.535 107.233 44.947 50.248 107.268 60.570 132.065 375.178 11.168 375.610 99.463 99.520 451.310 377.425 41.937 97.467 50.572 41.180 48.463 451.225 106.232 455.548 99.710 106.718 133.555 435.827 36.245 55.160 44.978 38.545 14.303 44.818 95.878 38.062 47.648 33.323 450.495 50.595 373.170 108.903 22.423 105.300 376.977 47.500 43.898 55.177 36.470 59.648 42.653 39.628 33.083 31.325 33.935 39.517 95.563 38.947 60.508 35.583 41.708 62.947 15.102 35.417 375.735 460.050 453.400 64.933 105.387 42.640 457.223 0.000 49.895
40.863 401.027 130.622 130.622 479.795 20.792 402.465 14.412 52.647 12.718 40.208 21.272 31.070 135.945 15.950 481.937 53.713 36.317 135.910 485.202 123.485 11.908 48.435 137.507 38.572 11.498 137.542 15.662 162.338 405.452 49.657 405.883 129.737 129.793 481.583 407.698 13.963 127.740 35.432 41.017 5.147 481.498 136.505 485.822 129.983 136.992 163.828 466.100 35.302 10.252 37.193 20.323 41.902 11.017 126.152 33.865 8.363 22.452 480.768 8.118 403.443 139.177 50.933 135.573 407.250 11.688 11.202 10.268 24.258 14.740 13.307 20.757 24.738 47.457 19.943 39.353 125.837 19.127 15.600 34.043 14.432 42.642 53.447 35.540 406.008 490.323 483.673 20.025 135.660 18.148 487.497 50.982 0.000
0.0000 90.3480 23.2426 23.2426 109.5314 6.7909 89.7275 7.5009 1.3530 8.1478 1.5880 6.4816 4.1280 23.8178 8.0483 109.6472 2.2082 5.7565 23.8089 110.3849 20.6997 8.7330 1.2125 24.2658 5.9759 9.6946 24.1557 11.9780 29.1128 90.5632 2.2075 90.5604 22.2744 22.1068 109.2936 90.8938 7.5547 21.6795 8.2663 5.2794 9.2465 109.5824 23.8294 110.4756 22.3579 24.0068 29.5401 105.6810 4.5350 10.3973 5.9761 6.6952 1.9713 8.3094 21.2986 5.0147 8.3780 5.4184 109.1302 9.7477 89.9636 24.5734 1.9937 23.7612 90.9350 8.9685 8.0695 10.6585 4.5499 11.6739 7.5165 6.8462 5.5940 2.3317 5.6994 5.0301 20.8684 7.1636 11.8969 4.2742 7.4318 9.0055 2.7131 4.3025 90.7502 111.5908 110.1231 12.3726 23.7572 6.4120 110.7244 2.0432 9.3814
90.5715 0.0000 67.8331 67.8331 19.2643 92.6209 0.8187 91.8203 89.6230 92.2340 92.1595 92.8063 94.9310 67.4657 91.5466 19.3801 90.2651 96.5595 67.4567 20.1178 70.7847 92.8192 90.5425 67.9536 99.1415 92.3682 66.4090 96.1813 67.5505 0.8840 89.1841 1.0823 68.8662 68.6306 19.0265 0.6267 92.4681 71.6271 99.0693 96.0824 93.3263 19.3154 67.2852 20.2085 69.3091 67.3173 68.6314 15.4139 95.3380 95.7603 96.7791 92.9901 90.1613 92.1592 71.3609 95.8177 93.9257 91.7862 18.8631 93.8275 0.7077 66.8210 91.4191 67.1895 0.6680 91.7195 92.7470 96.0215 95.3574 95.8082 90.6295 93.6131 93.6328 95.3370 91.4860 95.8331 71.1730 93.1407 96.6971 95.0772 91.6219 98.2315 90.1231 95.1055 0.4831 21.3237 19.8560 97.2704 68.2725 93.8912 20.4573 89.1702 93.5414
23.1766 67.6930 0.0000 0.0000 86.8764 25.2260 67.0725 24.4255 22.2281 24.8392 24.7646 25.4114 27.5361 0.8776 24.1518 86.9922 22.8703 29.1646 0.8687 87.7299 3.3899 25.4243 23.1476 1.7754 31.7467 24.9733 1.5007 28.7864 5.8086 67.9082 21.7892 67.9054 1.1581 1.2358 86.6386 68.2388 25.0733 4.2322 31.6744 28.6875 25.9314 86.9274 0.8892 87.8206 1.9142 1.3518 6.2359 83.0260 27.9431 28.3654 29.3842 25.5952 22.7665 24.7643 3.9661 28.4228 26.5309 24.3914 86.4752 26.4326 67.3087 1.9184 24.0242 0.8210 68.2801 24.3247 25.3521 28.6266 27.9625 28.4134 23.2346 26.2182 26.2380 27.9422 24.0912 28.4383 3.7782 25.7458 29.3022 27.6823 24.2271 30.8367 22.7283 27.7106 68.0952 88.9358 87.4681 29.8756 0.8898 26.4963 88.0694 21.7754 26.1466
23.1766 67.6930 0.0000 0.0000 86.8764 25.2260 67.0725 24.4255 22.2281 24.8392 24.7646 25.4114 27.5361 0.8776 24.1518 86.9922 22.8703 29.1646 0.8687 87.7299 3.3899 25.4243 23.1476 1.7754 31.7467 24.9733 1.5007 28.7864 5.8086 67.9082 21.7892 67.9054 1.1581 1.2358 86.6386 68.2388 25.0733 4.2322 31.6744 28.6875 25.9314 86.9274 0.8892 87.8206 1.9142 1.3518 6.2359 83.0260 27.9431 28.3654 29.3842 25.5952 22.7665 24.7643 3.9661 28.4228 26.5309 24.3914 86.4752 26.4326 67.3087 1.9184 24.0242 0.8210 68.2801 24.3247 25.3521 28.6266 27.9625 28.4134 23.2346 26.2182 26.2380 27.9422 24.0912 28.4383 3.7782 25.7458 29.3022 27.6823 24.2271 30.8367 22.7283 27.7106 68.0952 88.9358 87.4681 29.8756 0.8898 26.4963 88.0694 21.7754 26.1466
109.3682 19.2734 86.6299 86.6299 0.0000 111.4177 20.0112 110.6171 108.4198 111.0308 110.9562 111.6031 113.7278 86.2624 110.3434 0.3807 109.0619 115.3562 86.2535 0.6098 89.5815 111.6160 109.3392 86.7504 117.9383 111.1650 85.2058 114.9780 86.3473 19.9447 107.9809 19.3175 87.6630 87.4274 0.2378 19.2631 111.2649 90.4239 117.8661 114.8791 112.1231 1.7141 86.0819 0.9625 88.1058 86.1140 87.4282 5.2516 114.1347 114.5570 115.5759 111.7869 108.9581 110.9560 90.1577 114.6144 112.7225 110.5830 0.4012 112.6243 19.9002 85.6178 110.2159 85.9863 18.6221 110.5163 111.5438 114.8183 114.1541 114.6050 109.4262 112.4099 112.4296 114.1338 110.2828 114.6299 89.9698 111.9374 115.4938 113.8739 110.4187 117.0283 108.9199 113.9023 19.1329 2.0089 0.4217 116.0672 87.0693 112.6880 1.2112 107.9670 112.3382
6.8471 95.3664 28.2610 28.2610 114.5498 0.0000 94.7459 1.0455 7.3759 2.5993 6.7731 0.7082 4.1424 28.8363 2.7392 114.6656 8.2311 5.3677 28.8273 115.4034 25.7181 2.7913 8.0893 29.2843 6.1644 3.7530 29.1741 6.1033 34.1312 95.5817 6.7757 95.5789 27.2928 27.1253 114.3121 95.9122 1.7868 26.6980 6.9598 5.7115 3.2985 114.6009 28.8478 115.4941 27.3764 29.0252 34.5586 110.6995 4.9830 4.5226 5.5873 0.5148 5.6463 1.9102 26.3170 4.4702 2.5033 1.3880 114.1486 3.7996 94.9821 29.5919 8.7988 28.7796 95.9535 3.0269 1.6557 4.7838 3.1827 5.7992 2.6321 1.0469 1.4967 8.6866 1.5865 5.4622 25.8868 0.5204 6.0222 4.7214 1.0692 6.4521 8.0845 4.9978 95.7686 116.6092 115.1415 6.5893 28.7756 1.2709 115.7429 6.8897 3.5067
89.9497 0.8187 67.2114 67.2114 20.0021 91.9992 0.0000 91.1986 89.0013 91.6123 91.5377 92.1846 94.3093 66.8439 90.9249 20.1179 89.6434 95.9377 66.8350 20.8557 70.1630 92.1975 89.9207 67.3319 98.5198 91.7465 65.7873 95.5595 66.9288 1.3814 88.5624 1.5057 68.2445 68.0089 19.7643 1.3645 91.8464 71.0054 98.4476 95.4606 92.7046 20.0532 66.6634 20.9463 68.6873 66.6955 68.0097 16.1518 94.7162 95.1385 96.1574 92.3684 89.5396 91.5375 70.7392 95.1959 93.3040 91.1645 19.6009 93.2058 0.4617 66.1993 90.7973 66.5678 1.4058 91.0978 92.1253 95.3998 94.7356 95.1865 90.0078 92.9914 93.0111 94.7153 90.8643 95.2114 70.5513 92.5189 96.0753 94.4554 91.0002 97.6098 89.5014 94.4838 1.2209 22.0615 20.5938 96.6487 67.6508 93.2695 21.1951 88.5485 92.9197
7.5638 95.3468 28.2413 28.2413 114.5302 1.0455 94.7263 0.0000 8.0927 1.7213 7.6304 1.6146 4.9997 28.8166 1.8608 114.6459 8.9478 7.1123 28.8076 115.3837 25.6984 1.9133 8.9466 29.2646 7.6883 2.8750 29.1545 5.0966 34.1116 95.5620 7.4925 95.5592 27.2732 27.1056 114.2924 95.8926 0.9084 26.6783 7.0654 6.5688 2.4204 114.5812 28.8282 115.4744 27.3567 29.0056 34.5389 110.6798 5.8404 3.5159 7.1298 1.4212 6.3631 0.9061 26.2973 5.3275 1.4966 2.1542 114.1289 2.8662 94.9624 29.5722 9.6561 28.7599 95.9338 2.1489 0.7777 3.7771 4.0400 4.7925 1.7537 2.0442 2.4031 9.5439 1.8817 6.3195 25.8672 1.5718 5.0155 5.5787 0.2202 6.5577 8.8013 5.8551 95.7490 116.5896 115.1219 5.5826 28.7560 2.3223 115.7232 7.6064 2.5000
1.3572 89.3710 22.2656 22.2656 108.5544 7.3136 88.7505 8.0236 0.0000 8.6705 2.6422 7.0043 5.5645 22.8408 8.5710 108.6702 0.8997 7.1930 22.8319 109.4079 19.7227 9.2557 1.0021 23.2889 8.9904 10.2173 23.1787 12.7593 28.1358 89.5862 2.0458 89.5834 21.2974 21.1298 108.3166 89.9168 8.0774 20.7025 9.7028 6.7158 9.7628 108.6054 22.8524 109.4986 21.3809 23.0298 28.5631 104.7040 5.9715 11.1786 7.4126 7.2179 2.4941 8.8467 20.3216 6.4511 9.7036 5.9411 108.1532 10.2640 88.9866 23.5964 1.7743 22.7842 89.9580 9.4912 8.5922 11.4399 5.8755 12.4553 8.0393 7.6943 6.1167 4.2533 6.2221 6.4666 19.8914 7.3685 12.6782 5.7106 7.9546 10.4419 1.5329 5.7390 89.7732 110.6138 109.1461 13.8091 22.7802 7.7376 109.7474 1.6741 9.9779
8.2108 94.3313 27.2259 27.2259 113.5147 2.5993 93.7108 1.7213 8.7396 0.0000 9.2052 3.1685 6.5745 27.8012 0.1592 113.6305 9.5948 8.6871 27.7922 114.3682 24.6830 1.1643 9.5695 28.2492 9.2631 2.1260 28.1390 4.6680 33.0961 94.5466 8.1394 94.5438 26.2577 26.0901 113.2769 94.8771 1.1790 25.6629 8.6402 8.1436 1.6714 113.5658 27.8127 114.4589 26.3413 27.9901 33.5234 109.6644 7.4151 3.0873 8.7046 2.9750 7.0100 2.0602 25.2819 6.9023 2.2709 2.9071 113.1135 2.1726 93.9469 28.5567 10.3507 27.7445 94.9183 1.3999 1.0921 3.3485 5.6148 4.3639 0.7355 3.5981 3.4536 11.1187 2.6069 7.8943 24.8517 3.1256 4.5869 7.1535 1.6864 8.1325 9.4482 7.4299 94.7335 115.5741 114.1064 5.1540 27.7405 3.8762 114.7077 8.2534 1.8866
1.5880 91.9360 24.8306 24.8306 111.1194 6.4774 91.3155 7.3347 2.6422 8.9095 0.0000 6.7200 2.9214 25.4058 9.0489 111.2352 2.8330 4.5499 25.3969 111.9729 22.2877 9.1015 1.6401 25.8539 4.7693 9.4238 25.7437 10.7714 30.7008 92.1512 3.7955 92.1484 23.8624 23.6948 110.8816 92.4818 8.0965 23.2675 7.0597 4.0728 8.0399 111.1704 25.4174 112.0636 23.9460 25.5948 31.1281 107.2690 3.3284 9.1907 4.7695 6.1626 3.3932 7.1028 22.8866 3.8081 7.1714 6.8403 110.7182 8.5411 91.5516 26.1614 2.4213 25.3492 92.5231 9.1318 7.9659 9.4519 3.3433 10.4673 8.9419 5.6396 6.6159 0.7437 7.1213 3.8236 22.4564 5.9570 10.6903 3.0676 7.5010 7.7989 4.3011 3.0959 92.3382 113.1788 111.7111 11.1660 25.3452 5.2054 112.3124 3.6312 8.1748
6.5377 95.0571 27.9517 27.9517 114.2405 0.7082 94.4366 1.6146 7.0665 3.1685 7.0158 0.0000 4.3851 28.5269 3.3083 114.3563 7.9217 5.6103 28.5180 115.0940 25.4087 3.3605 8.3319 28.9749 6.4071 4.3221 28.8648 6.6724 33.8219 95.2723 6.4663 95.2695 26.9835 26.8159 114.0027 95.6029 2.3559 26.3886 7.5643 5.9541 3.8676 114.2915 28.5385 115.1847 27.0670 28.7159 34.2492 110.3901 5.2257 5.0917 5.8300 0.6125 5.3369 2.4793 26.0076 4.7128 3.0724 1.1085 113.8393 4.3688 94.6727 29.2825 9.0415 28.4702 95.6441 3.5961 2.2249 5.3530 3.4253 6.3684 3.2012 1.2355 0.9059 8.9292 1.3796 5.7049 25.5775 0.7631 6.5913 4.9640 1.6383 7.0566 7.7751 5.2405 95.4593 116.2999 114.8322 7.1585 28.4663 1.5136 115.4335 6.5803 4.0758
4.7503 95.1332 28.0278 28.0278 114.3166 4.1424 94.5127 4.9997 6.0232 6.5745 3.6803 4.3851 0.0000 28.6030 6.7140 114.4324 6.2141 2.1822 28.5941 115.1701 25.4849 6.7666 5.0211 29.0511 2.9790 7.0889 28.9409 8.4365 33.8980 95.3484 6.5425 95.3456 27.0596 26.8921 114.0788 95.6790 5.7616 26.4648 4.5364 2.0562 5.7050 114.3676 28.6146 115.2608 27.1432 28.7920 34.3253 110.4662 1.0646 6.8558 2.4019 3.8277 5.4611 4.7679 26.0838 1.2847 4.8365 5.0650 113.9154 6.2062 94.7488 29.3586 5.5446 28.5464 95.7203 6.7969 5.6309 7.1170 1.0084 8.1324 6.6069 3.3047 4.2810 5.4482 5.3361 1.8070 25.6536 3.6221 8.3554 0.8029 5.1661 5.2755 7.4634 1.0794 95.5354 116.3760 114.9083 8.6427 28.5424 2.8705 115.5096 6.6564 5.8399
24.0240 67.3283 0.8776 0.8776 86.5118 26.0734 66.7079 25.2729 23.0756 25.6866 25.6120 26.2588 28.3835 0.0000 24.9992 86.6275 23.7177 30.0120 0.0090 87.3653 4.2373 26.2717 23.9950 1.8845 32.5941 25.8208 1.1361 29.6338 8.0354 67.5436 22.6366 67.5408 1.7333 2.0832 86.2740 67.8742 25.9207 5.0797 32.5218 29.5349 26.7788 86.5628 0.2296 87.4560 2.7616 1.2482 6.4858 82.6614 28.7905 29.2128 30.2316 26.4426 23.6139 25.6117 4.8135 29.2702 27.3783 25.2388 86.1105 27.2800 66.9440 1.8148 24.8716 0.2761 67.9154 25.1721 26.1995 29.4741 28.8099 29.2608 24.0820 27.0656 27.0854 28.7896 24.9386 29.2857 4.6256 26.5932 30.1496 28.5297 25.0745 31.6841 23.5757 28.5580 67.7306 88.5712 87.1035 30.7230 1.1396 27.3437 87.7048 22.6228 26.9940
8.1112 93.6439 26.5385 26.5385 112.8273 2.7391 93.0234 1.8608 8.6401 0.1592 9.3447 3.3082 6.7140 27.1137 0.0000 112.9431 9.4952 8.8265 27.1048 113.6808 23.9956 1.4305 9.4700 27.5617 9.4026 1.7467 27.4516 4.9341 32.4087 93.8591 8.0399 93.8563 25.5703 25.4027 112.5895 94.1897 1.0794 24.9754 8.7797 8.2830 1.9376 112.8784 27.1253 113.7715 25.6538 27.3027 32.8360 108.9769 7.5546 3.3534 8.8440 3.1148 6.9105 2.1997 24.5945 7.0418 2.5370 2.8075 112.4261 2.4388 93.2595 27.8693 10.2512 27.0571 94.2309 1.0003 1.3583 3.6147 5.7542 4.6301 0.6083 3.7378 3.3541 11.2581 2.5073 8.0338 24.1643 3.2653 4.8530 7.2929 1.6624 8.2720 9.3487 7.5694 94.0461 114.8867 113.4190 5.4202 27.0531 4.0159 114.0203 8.1538 2.1527
109.4840 19.3892 86.7457 86.7457 0.3807 111.5334 20.1270 110.7329 108.5356 111.1466 111.0720 111.7188 113.8435 86.3782 110.4592 0.0000 109.1777 115.4720 86.3692 0.7358 89.6973 111.7317 109.4550 86.8661 118.0541 111.2808 85.3216 115.0938 86.4631 20.0605 108.0966 19.4333 87.7787 87.5432 0.6185 19.3788 111.3807 90.5396 117.9818 114.9949 112.2389 1.3401 86.1977 0.8253 88.2216 86.2298 87.5440 5.3674 114.2505 114.6728 115.6916 111.9026 109.0739 111.0717 90.2735 114.7302 112.8383 110.6988 0.7819 112.7400 20.0160 85.7335 110.3316 86.1021 18.7378 110.6321 111.6595 114.9341 114.2699 114.7208 109.5420 112.5257 112.5454 114.2496 110.3986 114.7457 90.0856 112.0532 115.6096 113.9897 110.5345 117.1441 109.0357 114.0180 19.2486 1.9049 0.6292 116.1830 87.1851 112.8037 1.0741 108.0828 112.4540
2.3669 90.0580 22.9526 22.9526 109.2414 7.9941 89.4375 8.7040 0.7250 9.3510 2.7945 7.6847 5.7168 23.5279 9.2514 109.3572 0.0000 7.3453 23.5189 110.0950 20.4097 9.9361 1.1544 23.9759 8.5391 10.8978 23.8657 13.4559 28.8228 90.2733 2.7328 90.2705 21.9844 21.8169 109.0036 90.6038 8.7579 21.3896 9.8551 7.9007 10.7244 109.2925 23.5394 110.1856 22.0680 23.7168 29.2502 105.3911 6.1238 11.8753 7.5649 7.8984 3.1745 9.7874 21.0086 6.6035 9.8560 6.6216 108.8402 11.2256 89.6737 24.2835 1.4513 23.4712 90.6451 10.1717 9.2727 12.1365 6.0279 13.1519 8.7197 8.3241 6.7972 4.1241 6.9026 6.6190 20.5784 8.6415 13.3749 5.8630 8.6350 10.5943 1.5059 5.8913 90.4602 111.3008 109.8331 13.9614 23.4672 7.8899 110.4344 2.3611 10.8593
5.8345 96.2174 29.1120 29.1120 115.4009 6.0693 95.5970 6.3359 7.1075 7.9107 4.7645 6.6699 2.1393 29.6873 8.0502 115.5166 7.2983 0.0000 29.6783 116.2544 26.5691 8.1027 6.1054 30.1353 1.4574 8.2614 30.0252 8.2861 34.9822 96.4327 7.6267 96.4299 28.1439 27.9763 115.1631 96.7633 7.0977 27.5490 2.4954 1.2677 7.0411 115.4519 29.6989 116.3451 28.2274 29.8763 35.4096 111.5505 1.4448 6.7704 0.2196 6.3013 6.5454 6.1312 27.1680 1.3806 5.9669 7.2750 114.9996 7.3786 95.8331 30.4429 6.6289 29.6306 96.8045 8.1330 6.9671 7.0485 2.2696 7.9734 7.9431 5.7783 6.7546 6.5166 7.0025 1.0185 26.7379 6.0957 8.1964 1.8763 6.5022 4.5259 8.5476 1.4173 96.6197 117.4603 115.9926 7.4837 29.6267 5.3441 116.5939 7.7407 6.7216
24.0150 67.3194 0.8687 0.8687 86.5028 26.0645 66.6989 25.2639 23.0666 25.6776 25.6031 26.2499 28.3746 0.0090 24.9902 86.6186 23.7087 30.0031 0.0000 87.3563 4.2283 26.2628 23.9860 1.8755 32.5851 25.8118 1.1271 29.6248 8.0264 67.5346 22.6277 67.5318 1.7244 2.0742 86.2650 67.8652 25.9117 5.0707 32.5129 29.5259 26.7699 86.5538 0.2207 87.4470 2.7526 1.2392 6.4769 82.6524 28.7816 29.2038 30.2227 26.4337 23.6049 25.6028 4.8045 29.2612 27.3693 25.2298 86.1016 27.2711 66.9350 1.8058 24.8627 0.2671 67.9064 25.1631 26.1906 29.4651 28.8009 29.2518 24.0731 27.0567 27.0764 28.7806 24.9296 29.2767 4.6166 26.5842 30.1406 28.5207 25.0655 31.6751 23.5667 28.5491 67.7216 88.5622 87.0945 30.7140 1.1307 27.3348 87.6958 22.6138 26.9850
110.2218 20.1270 87.4834 87.4834 0.6098 112.2712 20.8648 111.4706 109.2733 111.8844 111.8098 112.4566 114.5813 87.1160 111.1969 0.7358 109.9154 116.2098 87.1070 0.0000 90.4350 112.4695 110.1928 87.6039 118.7918 112.0185 86.0593 115.8316 87.2008 20.7982 108.8344 20.1711 88.5165 88.2809 0.8476 20.1166 112.1185 91.2774 118.7196 115.7327 112.9766 1.9243 86.9355 1.1726 88.9593 86.9676 88.2817 6.1051 114.9883 115.4106 116.4294 112.6404 109.8116 111.8095 91.0112 115.4680 113.5761 111.4366 1.0110 113.4778 20.7537 86.4713 111.0694 86.8398 19.4756 111.3699 112.3973 115.6718 115.0077 115.4586 110.2798 113.2634 113.2831 114.9873 111.1364 115.4834 90.8233 112.7910 116.3474 114.7275 111.2722 117.8818 109.7735 114.7558 19.9864 1.5929 0.8583 116.9208 87.9228 113.5415 1.4214 108.8206 113.1917
20.9162 70.5854 3.4799 3.4799 89.7688 22.9656 69.9649 22.1650 19.9677 22.5787 22.5042 23.1510 25.2757 4.0552 21.8913 89.8846 20.6098 26.9042 4.0462 90.6223 0.0000 23.1639 20.8872 3.9751 29.4862 22.7129 4.3931 26.5259 9.4033 70.8006 19.5288 70.7978 2.5118 2.3442 89.5310 71.1312 22.8128 1.2966 29.4140 26.4270 23.6710 89.8198 4.0668 90.7130 1.7436 4.2442 9.8306 85.9184 25.6827 26.1050 27.1238 23.3348 20.5060 22.5039 0.9177 26.1623 24.2704 22.1309 89.3675 24.1722 70.2010 4.5935 21.7638 3.9985 71.1724 22.0642 23.0917 26.3662 25.7021 26.1529 20.9742 23.9578 23.9775 25.6817 21.8307 26.1778 0.7297 23.4853 27.0417 25.4218 21.9666 28.5762 20.4678 25.4502 70.9876 91.8282 90.3605 27.6151 3.9946 24.2359 90.9618 19.5149 23.8861
8.7959 94.9164 27.8110 27.8110 114.0999 2.7913 94.2960 1.9133 9.3248 1.1643 9.3972 3.3605 6.7666 28.3863 1.4305 114.2156 10.1799 8.8791 28.3773 114.9534 25.2681 0.0000 10.7134 28.8343 9.4551 1.2666 28.7242 3.8990 33.6812 95.1317 8.7246 95.1289 26.8429 26.6753 113.8621 95.4623 1.7641 26.2480 8.8322 8.3356 1.7527 114.1509 28.3979 115.0441 26.9264 28.5753 34.1086 110.2495 7.6072 2.3184 8.8966 3.1671 7.5951 2.2522 25.8670 7.0943 2.3522 3.4922 113.6986 1.2899 94.5321 29.1419 11.4230 28.3296 95.5035 0.4115 1.2842 2.5796 5.8068 3.5950 1.3207 3.7901 4.0388 11.3107 3.1920 8.0863 25.4369 3.3176 3.8180 7.3455 1.8784 8.3245 10.0334 7.6220 95.3187 116.1593 114.6916 4.3851 28.3257 4.0682 115.2929 8.8385 1.9679
1.2125 90.2904 23.1850 23.1850 109.4739 8.0075 89.6700 8.8648 1.0021 9.2644 1.6401 7.5981 4.5624 23.7603 9.1648 109.5896 1.1929 6.1909 23.7513 110.3274 20.6421 9.8495 0.0000 24.2083 6.4103 10.9539 24.0982 12.3015 29.0552 90.5057 2.9653 90.5029 22.2169 22.0493 109.2361 90.8362 8.6712 21.6220 8.7007 5.7138 9.5700 109.5249 23.7719 110.4181 22.3004 23.9493 29.4826 105.6235 4.9694 10.7208 6.4105 7.6927 3.0879 8.6329 21.2410 5.4490 8.7015 6.5349 109.0726 10.0712 89.9061 24.5159 1.1184 23.7036 90.8775 10.0851 9.4960 10.9821 4.8735 11.9975 8.6331 7.1697 6.7106 3.5975 6.8160 5.4645 20.8109 7.4871 12.2204 4.7085 8.5484 9.4399 2.4523 4.7369 90.6926 111.5332 110.0656 12.8070 23.6997 6.7355 110.6669 2.5936 9.7049
24.4611 67.4704 1.7784 1.7784 86.6539 26.5105 66.8500 25.7099 23.5126 26.1236 26.0491 26.6959 28.8206 1.6718 25.4362 86.7696 24.1547 30.4491 1.6629 87.5074 4.1260 26.7088 24.4321 0.0000 33.0311 26.2578 1.6093 30.0708 8.1775 67.6857 23.0737 67.6829 2.7034 2.3402 86.4161 68.0163 26.3577 4.5995 32.9589 29.9719 27.2159 86.7049 1.5850 87.5981 2.3860 0.9419 9.2584 82.8035 29.2276 29.6499 30.6687 26.8797 24.0509 26.0488 4.4402 29.7072 27.8153 25.6758 86.2526 27.7171 67.0861 0.9003 25.3087 1.7703 68.0575 25.6091 26.6366 29.9111 29.2470 29.6978 24.5191 27.5027 27.5224 29.2266 25.3756 29.7227 4.2523 27.0302 30.5866 28.9667 25.5115 32.1211 24.0127 28.9951 67.8727 88.7133 87.2456 31.1600 2.3205 27.7808 87.8469 23.0598 27.4310
6.1773 96.5602 29.4548 29.4548 115.7436 6.8584 95.9397 7.1250 7.4502 8.6998 5.1072 6.1874 2.6804 30.0300 8.8393 115.8594 7.6410 1.3536 30.0211 116.5971 26.9118 8.8918 6.4481 30.4780 0.0000 9.0505 30.3679 9.0752 35.3250 96.7754 7.9694 96.7726 28.4866 28.3190 115.5058 97.1060 7.8868 27.8917 2.1996 1.1644 7.8302 115.7946 30.0416 116.6878 28.5701 30.2190 35.7523 111.8932 1.9859 7.5595 1.5732 5.6299 6.8881 6.9203 27.5107 1.9217 6.7560 6.8672 115.3424 8.1677 96.1758 30.7856 7.4517 29.9734 97.1472 8.9221 7.7562 7.8376 2.8107 8.7625 8.7322 5.1069 6.0832 6.8926 7.7916 1.1982 27.0806 5.4243 8.9855 2.2190 7.2913 3.8943 8.8904 1.7600 96.9624 117.8030 116.3353 8.2728 29.9694 4.6727 116.9366 8.0834 7.5107
10.7896 96.9656 29.8602 29.8602 116.1490 3.7530 96.3451 2.8749 10.2864 2.1260 9.7196 4.3221 7.0889 30.4354 1.7421 116.2648 11.1416 8.9864 30.4265 117.0025 27.3172 1.2666 11.0357 30.8834 9.5625 0.0000 30.7733 3.5325 35.7304 97.1808 9.6862 97.1780 28.8920 28.7244 115.9112 97.5114 2.7257 28.2971 8.9396 8.6579 1.8175 116.2000 30.4470 117.0932 28.9755 30.6244 36.1577 112.2986 7.9295 1.9518 9.0039 4.1287 8.5568 2.9654 27.9162 7.4166 2.6669 4.4538 115.7478 0.9005 96.5812 31.1910 11.7453 30.3788 97.5526 0.9079 2.2458 2.2130 6.1291 3.2284 2.2823 4.7517 5.0004 11.6330 4.1536 8.4087 27.4860 4.2792 3.4514 7.6678 2.8400 8.4319 10.9950 7.9443 97.3678 118.2084 116.7407 4.0186 30.3748 4.3282 117.3420 9.8002 1.8940
24.2417 66.2569 1.5034 1.5034 85.4403 26.2912 65.6364 25.4906 23.2933 25.9043 25.8297 26.4765 28.6013 1.1359 25.2169 85.5561 23.9354 30.2297 1.1270 86.2938 4.4550 26.4895 24.2127 1.6239 32.8118 26.0385 0.0000 29.8515 6.9639 66.4721 22.8544 66.4693 2.5365 2.3009 85.2025 66.8027 26.1384 5.2974 32.7396 29.7526 26.9966 85.4913 0.9554 86.3845 2.9793 0.9875 8.0448 81.5899 29.0082 29.4305 30.4494 26.6604 23.8316 25.8295 5.0312 29.4879 27.5960 25.4565 85.0391 27.4978 65.8725 1.5541 25.0894 0.8598 66.8439 25.3898 26.4173 29.6918 29.0276 29.4785 24.2997 27.2834 27.3031 29.0073 25.1563 29.5034 4.8433 26.8109 30.3673 28.7474 25.2922 31.9018 23.7934 28.7758 66.6591 87.4997 86.0320 30.9407 1.9428 27.5615 86.6333 22.8405 27.2117
12.1372 98.5172 31.4118 31.4118 117.7006 6.1033 97.8968 5.0966 13.3854 4.6680 11.0672 6.6724 8.4365 31.9871 4.9341 117.8164 13.5762 8.9852 31.9781 118.5542 28.8689 3.8126 12.3833 32.4351 9.5613 3.4461 32.3249 0.0000 37.2820 98.7325 12.2282 98.7297 30.4436 30.2761 117.4629 99.0630 5.2677 29.8488 8.9384 10.3981 3.1078 117.7517 31.9986 118.6449 30.5272 32.1760 37.7094 113.8503 10.1791 1.7222 9.0027 6.3237 11.0988 4.3130 29.4678 9.3089 3.6774 7.2120 117.2994 2.5633 98.1329 32.7427 13.0929 31.9304 99.1043 3.7282 4.5707 1.5201 7.4767 0.7025 4.8243 6.4146 7.4609 12.9806 6.6956 10.0037 29.0376 6.0664 0.5158 9.0154 5.1903 8.4307 13.5370 9.2919 98.9194 119.7600 118.2923 1.0892 31.9264 5.6758 118.8936 12.3422 2.9045
29.1878 67.4086 7.0820 7.0820 86.5920 31.2372 66.7881 30.4366 28.2393 30.8503 30.7758 31.4226 33.5473 6.7145 30.1629 86.7078 28.8814 35.1758 6.7055 87.4455 9.4010 31.4355 29.1588 7.2024 37.7578 30.9845 5.6579 34.7976 0.0000 67.6238 27.8004 67.6211 6.5893 7.8795 86.3542 67.9544 31.0844 10.8760 37.6856 34.6987 31.9426 86.6431 6.5340 87.5362 8.5579 6.5661 1.1359 82.7416 33.9543 34.3766 35.3954 31.6064 28.7776 30.7755 10.0829 34.4340 32.5420 30.4025 86.1908 32.4438 67.0243 7.3861 30.0354 6.4384 67.9957 30.3358 31.3633 34.6378 33.9737 34.4245 29.2458 32.2294 32.2491 33.9533 30.1023 34.4494 9.8950 31.7569 35.3133 33.6935 30.2382 36.8478 28.7394 33.7218 67.8108 88.6514 87.1837 35.8867 5.7256 32.5075 87.7850 27.7865 32.1577
90.7886 0.8840 68.0503 68.0503 19.9356 92.8381 1.3814 92.0375 89.8402 92.4512 92.3766 93.0234 95.1481 67.6828 91.7638 20.0514 90.4823 96.7766 67.6738 20.7891 71.0019 93.0364 90.7596 68.1707 99.3587 92.5854 66.6262 96.3984 67.7677 0.0000 89.4012 1.6449 69.0833 68.8478 19.6978 0.7111 92.6853 71.8443 99.2864 96.2995 93.5435 19.9866 67.5023 20.8798 69.5262 67.5344 68.8486 16.0852 95.5551 95.9774 96.9963 93.2072 90.3785 92.3763 71.5781 96.0348 94.1429 92.0034 19.5343 94.0447 1.2704 67.0382 91.6362 67.4067 1.3233 91.9367 92.9642 96.2387 95.5745 96.0254 90.8466 93.8303 93.8500 95.5542 91.7032 96.0503 71.3902 93.3578 96.9142 95.2943 91.8391 98.4487 90.3403 95.3227 0.8129 21.9950 20.5273 97.4876 68.4897 94.1084 21.1286 89.3874 93.7586
2.1886 88.9648 21.8594 21.8594 108.1482 6.8269 88.3443 7.5369 2.0785 8.1838 3.7766 6.5176 6.1209 22.4346 8.0843 108.2640 2.7206 7.7494 22.4257 109.0017 19.3165 8.7690 2.9980 22.8827 7.9689 9.7306 22.7725 12.2726 27.7296 89.1800 0.0000 89.1772 20.8912 20.7236 107.9104 89.5106 7.5907 20.2963 10.2592 7.2723 9.2761 108.1992 22.4462 109.0924 20.9747 22.6236 28.1569 104.2978 6.5279 10.6919 7.9690 6.7312 1.3513 8.3600 19.9154 7.0076 8.9531 5.4544 107.7470 9.7773 88.5804 23.1902 3.8746 22.3780 89.5518 9.0045 8.1055 10.9531 6.5473 11.9685 7.5525 7.2076 5.6300 4.5203 5.7354 7.0231 19.4852 6.8818 12.1915 6.2671 7.4678 10.9984 2.1599 6.2955 89.3670 110.2076 108.7399 12.7586 22.3740 7.6323 109.3412 0.4880 9.4912
90.3338 1.0823 67.5954 67.5954 19.3084 92.3832 1.4735 91.5826 89.3853 91.9964 91.9218 92.5686 94.6933 67.2280 91.3090 19.4242 90.0275 96.3218 67.2190 20.1619 70.5471 92.5815 90.3048 67.7159 98.9038 92.1305 66.1714 95.9436 67.3129 1.6449 88.9464 0.0000 68.6285 68.3929 19.0706 1.4744 92.2305 71.3894 98.8316 95.8447 93.0886 19.3595 67.0475 20.2526 69.0714 67.0796 68.3938 15.4580 95.1003 95.5226 96.5414 92.7524 89.9237 91.9215 71.1233 95.5800 93.6881 91.5486 18.9072 93.5898 1.2407 66.5833 91.1814 66.9519 1.5248 91.4819 92.5093 95.7838 95.1197 95.5706 90.3918 93.3754 93.3951 95.0993 91.2484 95.5955 70.9353 92.9030 96.4594 94.8395 91.3843 97.9939 89.8855 94.8678 1.3308 21.3678 19.9001 97.0328 68.0348 93.6535 20.5014 88.9326 93.3038
22.4114 68.7650 1.1942 1.1942 87.9484 24.4608 68.1445 23.6602 21.4629 24.0740 23.9994 24.6462 26.7709 1.7694 23.3865 88.0642 22.1050 28.3994 1.7605 88.8019 2.6246 24.6591 22.3824 2.7087 30.9814 24.2081 2.5727 28.0212 6.6276 68.9802 21.0240 68.9774 0.0000 0.7604 87.7106 69.3108 24.3080 3.5368 30.9092 27.9223 25.1662 87.9994 1.7810 88.8926 1.4388 2.2971 7.0550 84.0980 27.1779 27.6002 28.6190 24.8300 22.0013 23.9991 3.1579 27.6576 25.7656 23.6262 87.5472 25.6674 68.3806 2.8637 23.2590 1.7128 69.3521 23.5594 24.5869 27.8614 27.1973 27.6482 22.4694 25.4530 25.4727 27.1769 23.3260 27.6730 2.9700 24.9806 28.5370 26.9171 23.4618 30.0714 21.9631 26.9454 69.1672 90.0078 88.5401 29.1104 1.7088 25.7311 89.1414 21.0102 25.3813
22.2043 68.4808 1.2358 1.2358 87.6642 24.2537 67.8604 23.4532 21.2559 23.8669 23.7923 24.4391 26.5639 2.0344 23.1795 87.7800 21.8980 28.1923 2.0254 88.5178 2.5114 24.4521 22.1753 2.3402 30.7744 24.0011 2.2886 27.8141 6.8926 68.6961 20.8170 68.6933 0.7604 0.0000 87.4265 69.0266 24.1010 3.1249 30.7021 27.7152 24.9592 87.7153 2.0460 88.6085 1.0013 2.1397 7.3199 83.8139 26.9708 27.3931 28.4120 24.6229 21.7942 23.7920 2.8255 27.4505 25.5586 23.4191 87.2630 25.4603 68.0965 2.7063 23.0519 1.9777 69.0679 23.3524 24.3799 27.6544 26.9902 27.4411 22.2623 25.2460 25.2657 26.9699 23.1189 27.4660 2.6376 24.7735 28.3299 26.7100 23.2548 29.8644 21.7560 26.7384 68.8830 89.7236 88.2559 28.9033 1.9738 25.5241 88.8573 20.8031 25.1743
109.1305 19.0356 86.3921 86.3921 0.2378 111.1799 19.7735 110.3793 108.1820 110.7930 110.7185 111.3653 113.4900 86.0247 110.1056 0.6185 108.8241 115.1185 86.0157 0.8476 89.3437 111.3782 109.1015 86.5126 117.7005 110.9272 84.9680 114.7403 86.1095 19.7069 107.7431 19.0797 87.4252 87.1896 0.0000 19.0253 111.0271 90.1861 117.6283 114.6414 111.8853 1.8969 85.8442 1.2002 87.8680 85.8763 87.1904 5.0138 113.8970 114.3193 115.3381 111.5491 108.7203 110.7182 89.9199 114.3767 112.4847 110.3452 0.1635 112.3865 19.6624 85.3800 109.9781 85.7485 18.3843 110.2785 111.3060 114.5805 113.9164 114.3672 109.1885 112.1721 112.1918 113.8960 110.0450 114.3921 89.7320 111.6997 115.2561 113.6362 110.1809 116.7905 108.6821 113.6645 18.8951 2.2467 0.6595 115.8295 86.8315 112.4502 1.4490 107.7292 112.1004
91.1173 0.6267 68.3789 68.3789 19.2539 93.1667 1.3645 92.3661 90.1688 92.7799 92.7053 93.3521 95.4768 68.0115 92.0924 19.3697 90.8109 97.1053 68.0025 20.1075 71.3305 93.3650 91.0883 68.4994 99.6873 92.9140 66.9549 96.7271 68.0963 0.7111 89.7299 1.4744 69.4120 69.1764 19.0162 0.0000 93.0140 72.1729 99.6151 96.6282 93.8721 19.3050 67.8310 20.1982 69.8549 67.8631 69.1772 15.4036 95.8838 96.3061 97.3249 93.5359 90.7072 92.7050 71.9068 96.3635 94.4716 92.3321 18.8527 94.3733 1.2535 67.3668 91.9649 67.7354 0.6383 92.2654 93.2928 96.5673 95.9032 96.3541 91.1753 94.1589 94.1786 95.8828 92.0319 96.3789 71.7188 93.6865 97.2429 95.6230 92.1677 98.7773 90.6690 95.6513 0.2462 21.3133 19.8457 97.8163 68.8183 94.4370 20.4470 89.7161 94.0873
7.6177 94.5654 27.4600 27.4600 113.7488 1.7867 93.9449 0.9084 8.1465 1.1790 8.3923 2.3558 5.7616 28.0352 1.0794 113.8646 9.0017 7.8741 28.0263 114.6023 24.9171 1.7641 8.9764 28.4833 8.4502 2.7257 28.3731 5.2677 33.3302 94.7807 7.5463 94.7779 26.4918 26.3242 113.5110 95.1112 0.0000 25.8970 7.8273 7.3306 2.2712 113.7999 28.0468 114.6930 26.5754 28.2242 33.7575 109.8985 6.6022 3.6871 7.8916 2.1624 6.4169 1.2472 25.5160 6.0893 1.8403 2.3139 113.3476 2.7724 94.1811 28.7908 10.4180 27.9786 95.1524 1.9997 0.9928 3.9483 4.8018 4.9637 0.9723 2.7854 2.8605 10.3057 2.0137 7.0814 25.0858 2.3129 5.1867 6.3405 0.7100 7.3196 8.8551 6.6170 94.9676 115.8082 114.3405 5.7538 27.9746 3.0635 114.9418 7.6603 2.4864
21.6975 71.4219 4.1769 4.1769 90.6054 23.7469 70.8015 22.9463 20.7490 23.3600 23.2855 23.9323 26.0570 4.9755 22.6726 90.7211 22.2390 27.6855 4.9665 91.4589 1.2966 23.9452 21.6685 4.3932 29.7284 23.4942 5.2297 27.3072 10.4641 71.6372 20.3101 71.6344 3.3611 3.0842 90.3676 71.9678 23.5941 0.0000 30.1953 27.2084 24.4523 90.6564 4.9871 91.5496 2.2806 4.8665 10.8914 86.7550 26.4640 26.8863 27.9051 24.1161 21.2873 23.2852 0.7636 26.9436 25.0517 22.9122 90.2041 24.9535 71.0376 5.0174 23.2173 4.9188 72.0090 22.8455 23.8730 27.1475 26.4834 26.9342 21.7555 24.7391 24.7588 25.9239 22.6120 26.9591 1.0710 24.2666 27.8230 26.2031 22.7479 29.3575 20.7100 26.2315 71.8242 92.6648 91.1971 28.3964 4.9149 25.0172 91.7984 20.2962 24.6674
8.2107 98.5936 31.4882 31.4882 117.7770 8.1761 97.9731 8.4427 10.3438 10.0175 7.1407 8.7767 4.5980 32.0635 10.1570 117.8928 9.9286 3.1562 32.0545 118.6306 28.9453 10.2095 8.4815 32.5115 2.0389 10.3682 32.4013 10.3929 37.3584 98.8089 10.0029 98.8061 30.5200 30.3525 117.5392 99.1394 9.2046 29.9252 0.0000 3.0820 9.1479 117.8281 32.0750 118.7212 30.6036 32.2524 37.7858 113.9267 4.0896 8.8772 3.1785 8.4081 8.9215 8.2380 29.5442 3.8393 8.0737 9.3818 117.3758 9.4854 98.2093 32.8191 8.2688 32.0068 99.1807 10.2399 9.0739 9.1553 4.7283 10.0802 10.0499 7.8851 8.8614 7.7097 9.1093 3.1158 29.1140 8.2025 10.3032 4.2524 8.6090 5.1978 10.9078 3.8285 98.9958 119.8364 118.3687 9.5905 32.0028 7.4509 118.9700 10.1169 8.8285
5.5380 95.9209 28.8155 28.8155 115.1044 5.7809 95.3005 6.6382 6.8110 8.2130 4.4680 6.0236 2.1629 29.3908 8.3525 115.2201 7.0018 1.2401 29.3818 115.9579 26.2726 8.4051 5.8089 29.8388 1.1038 9.8507 29.7287 9.8754 34.6857 96.1362 7.3302 96.1334 27.8474 27.6798 114.8666 96.4667 7.4001 27.2525 2.4191 0.0000 7.3435 115.1554 29.4024 116.0486 27.9309 29.5798 35.1131 111.2540 1.3533 8.3597 1.4597 5.4662 6.2489 6.4064 26.8715 1.7579 6.4750 6.7035 114.7031 8.9680 95.5366 30.1464 6.3324 29.3341 96.5080 8.4354 7.2694 8.6379 2.6469 9.5628 8.2454 4.9432 5.9195 6.2201 6.9746 0.3166 26.4414 5.2606 9.7858 1.5798 6.8046 4.6946 8.2511 1.1208 96.3231 117.1637 115.6961 9.0731 29.3302 4.5090 116.2974 7.4442 8.3110
9.4057 95.4236 28.3181 28.3181 114.6070 3.2985 94.8031 2.4204 9.8319 1.6714 8.3356 3.8676 5.7050 28.8934 1.9376 114.7227 10.8447 7.8175 28.8844 115.4605 25.7752 1.7527 9.6518 29.3414 8.3935 1.8175 29.2313 3.1190 34.1884 95.6388 9.2317 95.6360 27.3500 27.1824 114.3692 95.9694 2.2712 26.7551 7.7707 7.2740 0.0000 114.6580 28.9050 115.5512 27.4335 29.0824 34.6157 110.7566 6.5456 1.5383 7.8350 3.6742 8.1023 1.5815 26.3741 6.0327 1.0466 3.9993 114.2057 0.9348 95.0392 29.6490 10.3614 28.8367 96.0106 1.6808 1.5742 1.7996 4.7452 2.8150 1.8278 3.6831 4.5459 10.2491 3.6991 7.0248 25.9440 3.3348 3.0379 6.2839 2.3855 7.2630 10.5405 6.5604 95.8258 116.6664 115.1987 3.6051 28.8328 2.9442 115.8000 9.3456 0.3376
109.4002 19.3054 86.6618 86.6618 1.7141 111.4496 20.0432 110.6490 108.4517 111.0628 110.9882 111.6350 113.7597 86.2944 110.3754 1.3401 109.0939 115.3882 86.2854 1.9243 89.6134 111.6479 109.3712 86.7823 117.9702 111.1969 85.2378 115.0100 86.3793 19.9766 108.0128 19.3495 87.6949 87.4593 1.8969 19.2950 111.2969 90.4558 117.8980 114.9111 112.1550 0.0000 86.1139 1.6879 88.1378 86.1460 87.4602 5.2835 114.1667 114.5890 115.6078 111.8188 108.9901 110.9879 90.1897 114.6464 112.7545 110.6150 2.0604 112.6562 19.9322 85.6497 110.2478 86.0183 18.6540 110.5483 111.5757 114.8502 114.1861 114.6370 109.4582 112.4418 112.4615 114.1658 110.3148 114.6619 90.0017 111.9694 115.5258 113.9059 110.4507 117.0603 108.9519 113.9342 19.1648 2.7675 1.9626 116.0992 87.1012 112.7199 1.9367 107.9990 112.3702
24.0356 67.1478 0.8892 0.8892 86.3313 26.0850 66.5274 25.2844 23.0871 25.6982 25.6236 26.2704 28.3951 0.2296 25.0107 86.4470 23.7293 30.0236 0.2207 87.1848 4.2489 26.2833 24.0066 1.7112 32.6056 25.8323 0.9556 29.6454 7.8549 67.3631 22.6482 67.3603 1.7449 2.0948 86.0935 67.6937 25.9323 5.0912 32.5334 29.5465 26.7904 86.3823 0.0000 87.2755 2.7732 1.0749 6.4974 82.4809 28.8021 29.2244 30.2432 26.4542 23.6255 25.6233 4.8251 29.2818 27.3899 25.2504 85.9300 27.2916 66.7635 1.6415 24.8832 0.2070 67.7349 25.1837 26.2111 29.4856 28.8215 29.2724 24.0936 27.0772 27.0969 28.8012 24.9502 29.2973 4.6371 26.6048 30.1612 28.5413 25.0861 31.6957 23.5873 28.5696 67.5501 88.3907 86.9230 30.7346 1.1512 27.3553 87.5243 22.6344 27.0056
110.3125 20.2176 87.5741 87.5741 0.9625 112.3619 20.9555 111.5613 109.3640 111.9750 111.9005 112.5473 114.6720 87.2067 111.2876 0.8259 110.0061 116.3005 87.1977 1.1726 90.5257 112.5602 110.2835 87.6946 118.8825 112.1092 86.1500 115.9222 87.2915 20.8889 108.9251 20.2617 88.6072 88.3716 1.2002 20.2073 112.2091 91.3681 118.8103 115.8234 113.0673 1.6879 87.0262 0.0000 89.0500 87.0583 88.3724 6.1958 115.0790 115.5013 116.5201 112.7311 109.9023 111.9002 91.1019 115.5586 113.6667 111.5272 1.3637 113.5685 20.8444 86.5620 111.1601 86.9305 19.5663 111.4605 112.4880 115.7625 115.0984 115.5492 110.3705 113.3541 113.3738 115.0780 111.2270 115.5741 90.9140 112.8816 116.4380 114.8181 111.3629 117.9725 109.8641 114.8465 20.0771 1.1744 1.2109 117.0114 88.0135 113.6322 0.1731 108.9112 113.2824
22.5745 69.1592 1.9142 1.9142 88.3427 24.6240 68.5388 23.8234 21.6261 24.2371 24.1625 24.8094 26.9341 2.7128 23.5497 88.4584 22.2682 28.5626 2.7038 89.1962 1.9198 24.8223 22.5455 2.2374 31.1446 24.3713 2.9670 28.1843 7.5710 69.3745 21.1872 69.3717 1.4388 1.0013 88.1049 69.7051 24.4712 2.3275 31.0724 28.0854 25.3294 88.3937 2.7244 89.2869 0.0000 2.7170 7.9984 84.4923 27.3410 27.7633 28.7822 24.9932 22.1644 24.1623 2.1627 27.8207 25.9288 23.7893 87.9414 25.8306 68.7749 2.8541 23.4222 2.6561 69.7463 23.7226 24.7501 28.0246 27.3604 27.8113 22.6326 25.6162 25.6359 27.3401 23.4891 27.8362 1.9748 25.1437 28.7001 27.0802 23.6250 30.2346 22.1262 27.1086 69.5615 90.4021 88.9344 29.2735 2.6522 25.8943 89.5357 21.1733 25.5445
24.0930 67.1652 1.3546 1.3546 86.3486 26.1424 66.5447 25.3418 23.1445 25.7556 25.6810 26.3278 28.4525 1.0355 25.0681 86.4644 23.7867 30.0810 1.0265 87.2022 4.3478 26.3407 24.0640 0.9419 32.6630 25.8897 0.9729 29.7028 7.8722 67.3805 22.7056 67.3777 2.2927 1.9594 86.1108 67.7110 25.9896 4.8996 32.5908 29.6039 26.8478 86.3997 0.9487 87.2928 2.6203 0.0000 8.9531 82.4983 28.8595 29.2818 30.3006 26.5116 23.6829 25.6807 4.6722 29.3392 27.4473 25.3078 85.9474 27.3490 66.7809 0.8722 24.9406 1.1340 67.7523 25.2410 26.2685 29.5430 28.8789 29.3298 24.1510 27.1346 27.1543 28.8585 25.0076 29.3546 4.4843 26.6622 30.2186 28.5987 25.1434 31.7530 23.6447 28.6270 67.5674 88.4080 86.9403 30.7920 1.8967 27.4127 87.5416 22.6918 27.0629
29.6174 68.4895 6.2359 6.2359 87.6729 31.6668 67.8690 30.8662 28.6689 31.2800 31.2054 31.8522 33.9769 6.4858 30.5925 87.7887 29.3110 35.6054 6.4769 88.5264 9.8306 31.8651 29.5884 8.2833 38.1874 31.4141 6.7388 35.2272 1.1359 68.7047 28.2300 68.7019 7.0189 7.3687 87.4351 69.0353 31.5140 10.8914 38.1152 35.1283 32.3722 87.7239 7.6149 88.6171 8.0471 7.6470 0.0000 83.8225 34.3839 34.8062 35.8250 32.0360 29.2073 31.2051 10.5125 34.8636 32.9717 30.8322 87.2717 32.8734 68.1051 8.4670 30.4650 7.5193 69.0766 30.7654 31.7929 35.0674 34.4033 34.8542 29.6754 32.6590 32.6787 34.3829 30.5320 34.8790 10.3246 32.1866 35.7430 34.1231 30.6678 37.2774 29.1691 34.1514 68.8917 89.7323 88.2646 36.3164 6.1553 32.9371 88.8659 28.2162 32.5873
105.5179 15.4231 82.7795 82.7795 5.2516 107.5673 16.1609 106.7667 104.5694 107.1805 107.1059 107.7527 109.8774 82.4121 106.4930 5.3674 105.2115 111.5059 82.4031 6.1051 85.7311 107.7656 105.4889 82.9000 114.0879 107.3146 81.3554 111.1277 82.4969 16.0943 104.1305 15.4672 83.8126 83.5770 5.0138 15.4127 107.4145 86.5735 114.0157 111.0288 108.2727 5.3026 82.2316 6.1958 84.2554 82.2637 83.5778 0.0000 110.2844 110.7067 111.7255 107.9365 105.1077 107.1056 86.3073 110.7641 108.8721 106.7327 4.8504 108.7739 16.0499 81.7674 106.3655 82.1359 14.7717 106.6659 107.6934 110.9679 110.3038 110.7547 105.5759 108.5595 108.5792 110.2834 106.4325 110.7795 86.1194 108.0871 111.6435 110.0236 106.5683 113.1779 105.0695 110.0519 15.2825 7.3110 5.8433 112.2169 83.2189 108.8376 6.4446 104.1167 108.4878
4.7659 95.1488 28.0434 28.0434 114.3322 4.7305 94.5283 5.5878 6.0388 7.1626 3.6958 4.9732 1.0468 28.6186 7.3021 114.4480 6.2297 1.4323 28.6097 115.1857 25.5005 7.3546 5.0367 29.0667 1.8113 7.6770 28.9565 9.8996 33.9136 95.3640 6.5581 95.3612 27.0752 26.9076 114.0944 95.6946 6.3497 26.4803 3.0126 1.1148 6.2930 114.3832 28.6302 115.2764 27.1588 28.8076 34.3409 110.4818 0.0000 7.4439 1.6519 4.4157 5.4767 5.3560 26.0994 1.0181 5.4246 5.6530 113.9310 6.7942 94.7644 29.3742 5.5602 28.5620 95.7358 7.3850 6.2190 7.7051 1.5965 9.5869 7.1950 3.8927 4.8690 5.4480 5.9241 0.8655 25.6692 4.2101 9.8099 0.4637 5.7541 5.7301 7.4790 0.2342 95.5510 116.3916 114.9239 9.0972 28.5580 3.4585 115.5252 6.6720 6.4280
10.5565 98.1558 31.0504 31.0504 117.3392 4.5226 97.5353 3.5159 11.8047 3.0873 9.4865 5.0917 6.8558 31.6257 3.3534 117.4550 11.9955 7.4988 31.6167 118.1928 28.5075 2.2319 10.8026 32.0737 8.0748 1.8654 31.9635 1.7222 36.9206 98.3711 10.6475 98.3683 30.0822 29.9147 117.1014 98.7016 3.6871 29.4874 7.4520 8.9117 1.5271 117.3903 31.6372 118.2834 30.1658 31.8146 37.3480 113.4889 7.6964 0.0000 7.5163 4.7430 9.5181 2.7323 29.1064 7.1835 2.0967 5.6313 116.9380 0.9826 97.7715 32.3812 11.5122 31.5690 98.7429 2.1475 2.9900 0.4027 5.8960 1.4181 3.2436 4.8339 5.8802 11.3999 5.1149 8.5173 28.6762 4.4857 1.6411 7.4347 3.6096 6.9443 11.9563 7.7112 98.5580 119.3986 117.9309 2.2879 31.5650 4.0951 118.5322 10.7615 1.3238
6.0542 96.4371 29.3317 29.3317 115.6205 5.9963 95.8166 6.2629 7.3271 7.8377 4.9841 6.5969 2.3589 29.9069 7.9772 115.7363 7.5179 0.2196 29.8980 116.4740 26.7887 8.0297 6.3250 30.3549 1.4594 8.1884 30.2448 8.2131 35.2019 96.6523 7.8463 96.6495 28.3635 28.1959 115.3827 96.9829 7.0247 27.7686 2.4434 1.4874 6.9681 115.6715 29.9185 116.5647 28.4470 30.0959 35.6292 111.7701 1.6644 6.6974 0.0000 6.2283 6.7650 6.0582 27.3876 1.6002 5.8939 7.2020 115.2193 7.3056 96.0527 30.6625 6.8485 29.8502 97.0241 8.0600 6.8941 6.9755 2.4892 7.9004 7.8701 5.7053 6.6816 6.7362 6.9295 1.2381 26.9575 6.0227 8.1234 2.0959 6.4292 3.6230 8.7673 1.6369 96.8393 117.6799 116.2122 7.4107 29.8463 5.2711 116.8135 7.9603 6.6486
7.5297 95.2707 28.1653 28.1653 114.4541 0.5148 94.6502 1.4212 7.2802 2.9750 6.4597 0.6125 3.8290 28.7406 3.1149 114.5699 8.1354 5.0542 28.7316 115.3077 25.6224 3.1671 7.7758 29.1886 5.8510 4.1287 29.0784 6.3237 34.0355 95.4860 6.6800 95.4832 27.1971 27.0296 114.2163 95.8165 2.1625 26.6023 7.0359 5.3980 3.5921 114.5052 28.7521 115.3983 27.2807 28.9295 34.4629 110.6038 4.6696 4.7430 5.2738 0.0000 5.5506 2.2859 26.2213 4.1567 2.7237 1.2923 114.0529 4.0933 94.8864 29.4961 8.4854 28.6839 95.8578 3.4026 2.0314 5.0042 2.8692 6.0196 3.0078 0.6357 1.4010 8.3731 1.5634 5.1488 25.7911 0.2544 6.2426 4.4079 1.4449 6.5282 7.9888 4.6844 95.6729 116.5135 115.0458 6.8097 28.6799 1.0379 115.6471 6.7940 3.7271
2.0137 89.8300 22.7246 22.7246 109.0134 6.0686 89.2095 6.7786 2.9437 7.4255 3.6017 5.7593 5.3976 23.2999 7.3260 109.1292 3.5859 7.0261 23.2909 109.8670 20.1817 8.0107 3.8632 23.7479 7.2455 8.9723 23.6377 11.5143 28.5948 90.0453 1.2393 90.0425 21.7564 21.5889 108.7756 90.3758 6.8324 21.1616 9.5359 6.5489 8.5178 109.0645 23.3114 109.9576 21.8400 23.4888 29.0222 105.1631 5.8046 9.9336 7.2457 5.9729 0.0000 7.6017 20.7806 6.2842 8.1948 4.6961 108.6122 9.0190 89.4457 24.0555 4.7398 23.2432 90.4171 8.2463 7.3473 10.1949 5.8239 11.2103 6.7943 6.4493 4.8718 4.3454 4.9771 6.2997 20.3504 6.1235 11.4333 5.5437 6.7096 10.2750 3.0252 5.5721 90.2322 111.0728 109.6051 12.0004 23.2392 6.8741 110.2064 1.3533 8.7329
8.4711 95.6856 28.5802 28.5802 114.8691 1.9102 95.0652 0.9061 8.9158 2.0602 7.4010 2.4793 4.7704 29.1555 2.1997 114.9848 9.9101 6.8829 29.1465 115.7226 26.0373 2.2522 8.7172 29.6035 7.4589 2.9654 29.4934 4.3130 34.4504 95.9009 8.3156 95.8981 27.6121 27.4445 114.6313 96.2314 1.2472 27.0172 6.8360 6.3394 1.5815 114.9201 29.1671 115.8133 27.6956 29.3445 34.8778 111.0187 5.6110 2.7323 6.9004 2.2859 7.1862 0.0000 26.6362 5.0981 0.7130 3.0189 114.4678 2.0827 95.3013 29.9111 9.4268 29.0988 96.2727 2.4878 1.1166 2.9936 3.8106 4.0090 2.0926 2.7485 3.2679 9.3145 2.7830 6.0901 26.2061 2.4365 4.2319 5.3493 0.9973 6.3283 9.6244 5.6257 96.0878 116.9284 115.4608 4.7991 29.0949 2.0096 116.0621 8.4296 1.7164
21.3165 71.1064 3.8614 3.8614 90.2898 23.3659 70.4859 22.5653 20.3680 22.9790 22.9045 23.5513 25.6760 4.6600 22.2916 90.4056 21.8581 27.3045 4.6510 91.1434 0.9177 23.5642 21.2875 4.0776 29.3474 23.1132 4.9141 26.9263 10.0852 71.3217 19.9291 71.3189 3.0456 2.7687 90.0521 71.6522 23.2131 0.7636 29.8143 26.8274 24.0713 90.3409 4.6716 91.2341 1.9651 4.5510 10.5125 86.4395 26.0830 26.5053 27.5241 23.7351 20.9063 22.9042 0.0000 26.5627 24.6707 22.5312 89.8886 24.5725 70.7221 4.7019 22.8363 4.6033 71.6935 22.4645 23.4920 26.7665 26.1024 26.5532 21.3745 24.3581 24.3778 25.5429 22.2310 26.5781 0.2136 23.8856 27.4421 25.8222 22.3669 28.9765 20.3290 25.8505 71.5086 92.3492 90.8815 28.0155 4.5993 24.6362 91.4828 19.9153 24.2864
5.4474 95.8303 28.7249 28.7249 115.0137 4.4702 95.2099 5.3275 6.7203 6.9023 4.3774 4.7128 1.2058 29.3002 7.0418 115.1295 6.9112 1.3446 29.2912 115.8673 26.1820 7.0943 5.7183 29.7482 2.1414 7.4166 29.6380 9.0294 34.5951 96.0456 7.2396 96.0428 27.7567 27.5892 114.7760 96.3761 6.0893 27.1619 4.1208 1.6884 6.0327 115.0648 29.3118 115.9580 27.8403 29.4892 35.0225 111.1634 1.0181 7.5138 1.5642 4.1554 6.1583 5.0956 26.7809 0.0000 5.1642 5.3927 114.6125 6.5339 95.4460 30.0558 6.2418 29.2435 96.4174 7.1246 5.9587 7.7919 1.3361 8.7168 6.9347 3.6324 4.6087 6.3348 5.6638 1.4392 26.3508 3.9498 8.9398 1.0632 5.4938 4.8600 8.1605 1.2456 96.2325 117.0731 115.6054 8.2271 29.2395 3.1982 116.2068 7.3536 6.1676
8.5372 96.0230 28.9176 28.9176 115.2064 2.5033 95.4025 1.4966 9.7854 2.2709 7.4672 3.0724 4.8365 29.4928 2.5370 115.3222 9.9762 6.9490 29.4839 116.0599 26.3747 2.3522 8.7833 29.9409 7.5251 2.6669 29.8307 3.6774 34.7878 96.2383 8.9087 96.2355 27.9494 27.7819 114.9686 96.5688 1.8403 27.3546 6.9022 6.4055 0.9977 115.2575 29.5044 116.1506 28.0330 29.6818 35.2151 111.3561 5.6771 2.0967 6.9665 2.7237 7.7793 0.7130 26.9736 5.1642 0.0000 3.6120 114.8052 1.7842 95.6387 30.2484 9.4929 29.4362 96.6101 2.2802 1.3683 2.3579 3.8767 3.3733 2.4272 2.8146 3.8610 9.3806 3.3395 6.1563 26.5434 2.4664 3.5963 5.4154 1.5904 6.3945 10.2175 5.6919 96.4252 117.2658 115.7981 4.1634 29.4322 2.0758 116.3994 9.0227 1.0808
5.4746 93.9939 26.8885 26.8885 113.1773 1.3880 93.3734 2.2945 6.0034 2.9245 6.9005 1.1085 5.0650 27.4638 2.8250 113.2931 6.8586 6.2902 27.4548 114.0309 24.3456 3.5097 6.8333 27.9118 7.0869 4.4713 27.8016 7.0133 32.7587 94.2092 5.4032 94.2064 25.9203 25.7528 112.9395 94.5397 2.3314 25.3255 8.2441 6.6340 4.0168 113.2284 27.4753 114.1215 26.0039 27.6527 33.1861 109.3270 5.9056 5.4326 6.5098 1.2923 4.2738 3.1592 24.9445 5.3927 3.7523 0.0000 112.7761 4.5179 93.6096 28.2193 7.6145 27.4071 94.5810 3.7452 2.9047 5.6938 4.1052 6.7092 2.2932 1.9154 0.5752 9.6091 0.4518 6.3847 24.5143 1.4429 6.9322 5.6439 2.3182 7.7364 6.7120 5.9204 94.3961 115.2367 113.7690 7.4993 27.4031 2.1935 114.3703 5.5172 4.2319
108.9670 18.8722 86.2287 86.2287 0.4012 111.0164 19.6100 110.2159 108.0185 110.6296 110.5550 111.2018 113.3265 85.8612 109.9422 0.7819 108.6607 114.9550 85.8522 1.0110 89.1803 111.2147 108.9380 86.3491 117.5370 110.7637 84.8046 114.5768 85.9461 19.5435 107.5796 18.9163 87.2617 87.0262 0.1635 18.8618 110.8637 90.0226 117.4648 114.4779 111.7218 2.0604 85.6807 1.3637 87.7046 85.7128 87.0270 4.8504 113.7335 114.1558 115.1746 111.3856 108.5569 110.5547 89.7565 114.2132 112.3213 110.1818 0.0000 112.2230 19.4990 85.2165 109.8146 85.5851 18.2208 110.1151 111.1425 114.4170 113.7529 114.2038 109.0250 112.0086 112.0284 113.7326 109.8816 114.2287 89.5685 111.5362 115.0926 113.4727 110.0175 116.6271 108.5187 113.5010 18.7316 2.4102 0.8230 115.6660 86.6680 112.2867 1.6125 107.5658 111.9370
9.8896 97.6627 30.5573 30.5573 116.8462 3.7823 97.0423 2.8489 11.1377 2.1553 8.8195 4.3515 6.1888 31.1326 2.4215 116.9619 11.3286 8.1037 31.1236 117.6997 28.0144 1.2726 10.1357 31.5806 8.6797 0.9005 31.4705 2.6498 36.4275 97.8780 9.7155 97.8752 29.5892 29.4216 116.6084 98.2085 2.7551 28.9943 8.0568 7.7579 0.9348 116.8972 31.1442 117.7904 29.6727 31.3216 36.8549 112.9958 7.0295 1.0691 8.1212 4.0760 8.5861 2.0654 28.6133 6.5166 1.6721 4.4832 116.4449 0.0000 97.2784 31.8882 10.8452 31.0759 98.2498 1.1882 2.0440 1.3303 5.2291 2.3457 2.3117 4.1670 5.0297 10.7330 4.1830 7.5086 28.1832 3.8187 2.5687 6.7678 2.8694 7.5491 11.0243 7.0442 98.0649 118.9055 117.4379 3.1358 31.0720 3.4281 118.0392 9.8295 1.0113
90.1256 0.7077 67.3873 67.3873 19.8911 92.1750 0.4617 91.3745 89.1771 91.7882 91.7136 92.3604 94.4851 67.0198 91.1008 20.0069 89.8193 96.1136 67.0108 20.7446 70.3389 92.3733 90.0966 67.5077 98.6957 91.9223 65.9632 95.7354 67.1047 1.2704 88.7382 1.2407 68.4203 68.1848 19.6533 1.2535 92.0223 71.1812 98.6234 95.6365 92.8804 19.9421 66.8393 20.8353 68.8632 66.8714 68.1856 16.0407 94.8921 95.3144 96.3332 92.5442 89.7155 91.7133 70.9151 95.3718 93.4799 91.3404 19.4899 93.3816 0.0000 66.3751 90.9732 66.7437 1.2947 91.2737 92.3011 95.5756 94.9115 95.3624 90.1836 93.1672 93.1870 94.8912 91.0402 95.3873 70.7272 92.6948 96.2512 94.6313 91.1761 97.7857 89.6773 94.6596 1.1099 21.9505 20.4828 96.8246 67.8267 93.4453 21.0841 88.7244 93.0956
24.7274 66.5701 1.9213 1.9213 85.7536 26.7768 65.9497 25.9763 23.7789 26.3900 26.3154 26.9622 29.0869 1.6021 25.7026 85.8693 24.4211 30.7154 1.5931 86.6071 4.5309 26.9751 24.6984 0.8880 33.2974 26.5241 1.5395 30.3372 7.2772 66.7854 23.3400 66.7826 2.8593 2.5260 85.5158 67.1159 26.6241 5.0213 33.2252 30.2383 27.4822 85.8046 1.5153 86.6978 2.8034 0.8722 8.3581 81.9032 29.4939 29.9162 30.9350 27.1460 24.3173 26.3151 4.8623 29.9736 28.0817 25.9422 85.3523 27.9834 66.1858 0.0000 25.5750 1.7006 67.1572 25.8755 26.9029 30.1774 29.5133 29.9642 24.7854 27.7690 27.7887 29.4930 25.6420 29.9891 4.6743 27.2966 30.8530 29.2331 25.7779 32.3875 24.2791 29.2614 66.9723 87.8129 86.3453 31.4264 2.4633 28.0471 86.9466 23.3262 27.6974
1.9937 91.1671 24.0616 24.0616 110.3505 8.8262 90.5466 9.6835 1.7743 10.0456 2.4213 8.3793 5.0709 24.6369 9.9460 110.4662 1.4513 6.6993 24.6279 111.2040 21.5187 10.6307 1.1184 25.0849 8.0525 11.7727 24.9748 13.1203 29.9318 91.3823 3.8419 91.3795 23.0935 22.9259 110.1127 91.7129 9.4524 23.3545 9.2092 6.2222 10.3888 110.4015 24.6485 111.2947 23.1770 24.8259 30.3592 106.5001 5.4778 11.5396 6.9190 8.5114 3.8691 9.4517 22.9735 5.9575 9.5203 7.3161 109.9492 10.8899 90.7827 25.3925 0.0000 24.5802 91.7541 10.8663 10.3147 11.8008 5.6922 12.8162 9.4143 7.9885 7.4918 2.4790 7.5971 5.9730 21.6875 8.3058 13.0392 5.2170 9.8498 9.9483 2.4841 5.2454 91.5693 112.4099 110.9422 13.3154 24.5763 7.5542 111.5435 3.4702 10.5237
23.9673 67.0522 0.8210 0.8210 86.2356 26.0168 66.4318 25.2162 23.0189 25.6299 25.5553 26.2021 28.3269 0.2761 24.9425 86.3514 23.6610 29.9553 0.2671 87.0892 4.1806 26.2151 23.9383 1.7256 32.5374 25.7641 0.8600 29.5771 7.7593 67.2675 22.5800 67.2647 1.6766 2.0265 85.9979 67.5980 25.8640 5.0230 32.4652 29.4782 26.7222 86.2867 0.2070 87.1799 2.7049 1.0893 6.4292 82.3853 28.7338 29.1561 30.1750 26.3860 23.5572 25.5551 4.7568 29.2135 27.3216 25.1821 85.8344 27.2234 66.6679 1.6559 24.8150 0.0000 67.6393 25.1154 26.1429 29.4174 28.7532 29.2041 24.0254 27.0090 27.0287 28.7329 24.8819 29.2290 4.5689 26.5365 30.0929 28.4730 25.0178 31.6274 23.5190 28.5014 67.4544 88.2950 86.8273 30.6663 1.0830 27.2871 87.4287 22.5661 26.9373
91.1585 0.6680 68.4202 68.4202 18.6129 93.2080 1.4058 92.4074 90.2101 92.8211 92.7465 93.3933 95.5181 68.0527 92.1337 18.7287 90.8522 97.1465 68.0438 19.4665 71.3718 93.4063 91.1295 68.5407 99.7286 92.9553 66.9961 96.7683 68.1376 1.3233 89.7712 1.5248 69.4533 69.2177 18.3752 0.6383 93.0552 72.2142 99.6563 96.6694 93.9134 18.6640 67.8722 19.5572 69.8961 67.9043 69.2185 14.7626 95.9250 96.3473 97.3662 93.5772 90.7484 92.7463 71.9480 96.4047 94.5128 92.3733 18.2117 94.4146 1.2947 67.4081 92.0061 67.7766 0.0000 92.3066 93.3341 96.6086 95.9444 96.3953 91.2165 94.2002 94.2199 95.9241 92.0731 96.4202 71.7601 93.7277 97.2841 95.6642 92.2090 98.8186 90.7102 95.6926 0.5119 20.6723 19.2046 97.8575 68.8596 94.4783 19.8060 89.7573 94.1285
9.0157 93.8253 26.7199 26.7199 113.0087 3.0111 93.2049 2.1331 9.5445 1.3841 9.4253 3.5803 6.7947 27.2952 1.0003 113.1245 10.3997 8.9072 27.2862 113.8623 24.1770 0.4115 10.7415 27.7432 9.4832 0.9079 27.6331 3.8146 32.5901 94.0406 8.9443 94.0378 25.7517 25.5842 112.7710 94.3711 1.9839 25.1569 8.8604 8.3637 1.6785 113.0598 27.3068 113.9530 25.8353 27.4842 33.0175 109.1584 7.6353 2.2339 8.9247 3.3868 7.8149 2.4720 24.7759 7.1224 2.2780 3.7120 112.6075 1.2055 93.4410 28.0508 11.4511 27.2385 94.4124 0.0000 1.5039 2.4952 5.8349 3.5106 1.5405 4.0099 4.2585 11.3388 3.4118 8.1145 24.3458 3.5374 3.7335 7.3736 2.0982 8.3527 10.2531 7.6501 94.2275 115.0681 113.6005 4.3007 27.2346 4.0339 114.2018 9.0583 1.8937
8.1325 94.8442 27.7388 27.7388 114.0277 1.6557 94.2238 0.7777 8.6613 1.0921 8.2616 2.2249 5.6309 28.3141 1.3583 114.1434 9.5165 7.7435 28.3051 114.8812 25.1959 1.2842 9.5777 28.7621 8.3195 2.2458 28.6520 4.6107 33.6090 95.0595 8.0611 95.0567 26.7707 26.6031 113.7899 95.3901 0.9928 26.1758 7.6966 7.1999 1.6142 114.0787 28.3257 114.9719 26.8542 28.5031 34.0364 110.1773 6.4715 3.0300 7.7609 2.0314 6.9317 1.1166 25.7948 5.9587 1.3683 2.7644 113.6264 2.1153 94.4599 29.0697 10.2873 28.2574 95.4313 1.5197 0.0000 3.2912 4.6712 4.3066 1.2485 2.6544 3.0134 10.1750 2.4919 6.9507 25.3647 2.1820 4.5296 6.2098 0.7428 7.1889 9.3699 6.4863 95.2465 116.0871 114.6194 5.0967 28.2535 2.9325 115.2207 8.1751 1.8293
10.7938 98.3931 31.2877 31.2877 117.5765 4.7599 97.7726 3.7532 12.0420 3.3246 9.7238 5.3290 7.0931 31.8630 3.5907 117.6923 12.2328 7.7473 31.8540 118.4300 28.7448 2.4692 11.0399 32.3110 8.3234 2.1027 32.2008 1.5201 37.1579 98.6084 10.8848 98.6056 30.3195 30.1520 117.3387 98.9389 3.9243 29.7247 7.7005 9.1602 1.7644 117.6276 31.8745 118.5207 30.4031 32.0519 37.5853 113.7262 7.9337 0.3788 7.7648 4.9802 9.7554 2.9696 29.3437 7.4208 2.3340 5.8686 117.1753 1.2199 98.0088 32.6185 11.7495 31.8063 98.9802 2.3848 3.2273 0.0000 6.1333 1.2160 3.4809 5.0712 6.1175 11.6372 5.3522 8.7658 28.9135 4.7230 1.4390 7.6720 3.8469 7.1928 12.1936 7.9485 98.7953 119.6359 118.1682 2.1861 31.8023 4.3324 118.7695 10.9988 1.5611
4.7091 95.0920 27.9866 27.9866 114.2755 3.1827 94.4716 4.0400 5.9573 5.6148 3.6391 3.4253 1.0084 28.5619 5.7543 114.3912 6.1482 2.2336 28.5529 115.1290 25.4437 5.8068 4.9552 29.0099 3.0304 6.1291 28.8998 7.4767 33.8568 95.3073 6.5013 95.3045 27.0185 26.8509 114.0377 95.6378 4.8018 26.4236 4.5731 2.5774 4.7452 114.3265 28.5735 115.2197 27.1020 28.7509 34.2842 110.4251 1.8490 5.8960 2.4533 2.8679 5.4200 3.8081 26.0426 1.3361 3.8767 4.1052 113.8742 5.2464 94.7077 29.3175 5.6648 28.5052 95.6791 5.8371 4.6712 6.1572 0.0000 7.1726 5.6472 2.3449 3.3212 5.5525 4.3763 2.3282 25.6125 2.6623 7.3956 1.5873 4.2063 5.3123 7.4222 1.8638 95.4942 116.3348 114.8672 7.9627 28.5013 1.9107 115.4685 6.6153 4.8801
11.8331 98.1834 31.0780 31.0780 117.3669 5.7992 97.5630 4.7925 13.0813 4.3639 10.7631 6.3684 8.1324 31.6533 4.6301 117.4826 13.2722 8.6726 31.6443 118.2204 28.5351 3.5085 12.0792 32.1013 9.2486 3.1420 31.9912 0.7025 36.9482 98.3987 11.9241 98.3959 30.1098 29.9423 117.1291 98.7292 4.9637 29.5150 8.6257 10.0855 2.8037 117.4179 31.6649 118.3111 30.1934 31.8423 37.3756 113.5165 9.8664 1.4181 8.6900 6.0196 10.7947 4.0090 29.1340 8.9963 3.3733 6.9079 116.9656 2.2593 97.7991 32.4089 12.7888 31.5966 98.7705 3.4241 4.2666 1.2160 7.1726 0.0000 4.5202 6.1106 7.1569 12.6765 6.3916 9.6911 28.7039 5.7623 0.5288 8.7113 4.8863 8.1180 13.2329 8.9878 98.5856 119.4262 117.9586 1.5671 31.5927 5.3717 118.5599 12.0381 2.6004
7.5795 94.0943 26.9889 26.9889 113.2777 2.6320 93.4738 1.7537 8.1083 0.7355 9.2376 3.2958 6.6069 27.5641 0.6083 113.3935 8.9635 8.7195 27.5552 114.1312 24.4460 1.3207 8.9382 28.0122 9.2955 2.2823 27.9020 4.8243 32.8591 94.3096 7.5081 94.3068 26.0207 25.8531 113.0399 94.6401 0.9723 25.4259 8.6726 8.1759 1.8278 113.3288 27.5757 114.2219 26.1043 27.7531 33.2864 109.4274 7.4475 3.2436 8.7369 3.0077 6.3787 2.0926 25.0449 6.9347 2.4272 2.2758 112.8765 2.3290 93.7099 28.3197 9.7194 27.5075 94.6813 1.5562 1.2485 3.5048 5.6472 4.5202 0.0000 3.6307 2.8223 11.1510 1.9756 7.9267 24.6147 3.1583 4.7432 7.1858 1.5553 8.1649 8.8169 7.4623 94.4965 115.3371 113.8694 5.3103 27.5035 3.9088 114.4707 7.6221 2.0429
7.0054 95.7471 28.6417 28.6417 114.9305 1.0469 95.1266 2.0442 7.7566 3.5981 5.9353 1.2355 3.3047 29.2170 3.7379 115.0463 8.4444 4.5299 29.2080 115.7841 26.0988 3.7901 7.2515 29.6650 5.3266 4.7517 29.5548 6.4146 34.5119 95.9624 7.1564 95.9596 27.6735 27.5060 114.6927 96.2929 2.7855 27.0787 7.1269 4.8737 3.6831 114.9816 29.2285 115.8747 27.7571 29.4059 34.9393 111.0802 4.1453 4.8339 4.7495 0.6357 6.0270 2.7460 26.6977 3.6324 2.8146 1.9154 114.5293 4.1843 95.3628 29.9725 7.9611 29.1603 96.3342 4.0256 2.6544 5.0952 2.3449 6.1106 3.6308 0.0000 1.5960 7.8488 2.1864 4.6245 26.2675 0.5266 6.3335 3.8836 2.0679 6.6192 8.4652 4.1601 96.1493 116.9899 115.5222 6.9007 29.1563 0.9001 116.1235 7.2704 3.8180
5.6502 94.1695 27.0641 27.0641 113.3529 1.4967 93.5491 2.4031 6.1790 3.5714 6.9116 0.9059 4.2810 27.6394 3.4718 113.4687 7.0342 5.5062 27.6304 114.2065 24.5212 4.1565 7.0089 28.0874 6.3029 5.1182 27.9773 7.6602 32.9343 94.3848 5.5788 94.3820 26.0959 25.9284 113.1152 94.7153 2.9783 25.5011 8.0773 5.8500 4.6636 113.4040 27.6510 114.2972 26.1795 27.8284 33.3617 109.5026 5.1216 6.0795 5.7258 1.4010 4.4494 3.2679 25.1201 4.6087 3.8610 0.5752 112.9517 5.1648 93.7852 28.3950 7.7901 27.5827 94.7566 4.3921 3.0134 6.3407 3.3212 7.3561 2.9401 1.5960 0.0000 8.8251 0.9984 5.6007 24.6900 1.5516 7.5791 4.8599 2.4269 7.5696 6.8876 5.1364 94.5717 115.4123 113.9446 8.1462 27.5787 2.3327 114.5460 5.6928 4.8788
2.1737 92.5217 25.4163 25.4163 111.7051 6.8684 91.9012 7.7257 3.0583 9.3005 0.7503 7.1111 3.3125 25.9915 9.4400 111.8209 3.2491 4.9410 25.9826 112.5586 22.8733 9.4926 2.0562 26.4395 5.1604 9.8149 26.3294 11.1625 31.2865 92.7369 4.3811 92.7341 24.4481 24.2805 111.4673 93.0675 8.4876 23.8532 7.4508 4.4639 8.4310 111.7561 26.0031 112.6493 24.5316 26.1805 31.7138 107.8547 3.7195 9.5818 5.1606 6.5537 3.7843 7.4939 23.4723 4.1992 7.5625 7.2314 111.3039 8.9322 92.1373 26.7471 2.8374 25.9349 93.1087 9.5229 8.3569 9.8430 3.7344 10.8584 9.3329 6.0307 7.0070 0.0000 7.5124 4.2146 23.0421 6.3481 11.0814 3.4587 7.8921 8.1900 4.8868 3.4870 92.9239 113.7645 112.2968 11.5571 25.9309 5.5965 112.8981 4.2169 8.5659
5.7556 94.2749 27.1695 27.1695 113.4583 1.5880 93.6544 2.0723 6.2844 2.7192 7.1815 1.3787 5.3351 27.7448 2.6197 113.5741 7.1396 6.5603 27.7358 114.3119 24.6266 3.3044 7.1143 28.1928 7.3571 4.2660 28.0826 6.8080 33.0397 94.4902 5.6842 94.4874 26.2013 26.0338 113.2205 94.8207 2.1261 25.6065 8.0839 6.9041 3.8115 113.5094 27.7563 114.4025 26.2849 27.9337 33.4671 109.6080 6.1757 5.2273 6.7799 1.5625 4.5548 2.8954 25.2255 5.6628 3.4885 0.4518 113.0571 4.3127 93.8906 28.5003 7.8955 27.6881 94.8620 3.5399 2.6409 5.4885 4.3753 6.5039 2.0879 2.1855 0.9984 9.8792 0.0000 6.6549 24.7953 1.7130 6.7269 5.9140 2.0032 7.5762 6.9930 6.1905 94.6771 115.5177 114.0500 7.2940 27.6841 2.4636 114.6513 5.7982 4.0266
5.2209 95.6038 28.4984 28.4984 114.7872 5.7642 94.9833 6.6215 6.4938 8.1963 4.1508 6.0069 1.8457 29.0736 8.3358 114.9030 6.6846 1.2001 29.0647 115.6407 25.9555 8.3883 5.4917 29.5216 1.1376 8.7107 29.4115 9.4862 34.3686 95.8190 7.0130 95.8162 27.5302 27.3626 114.5494 96.1496 7.3834 26.9353 2.4529 0.3166 7.3267 114.8382 29.0852 115.7314 27.6137 29.2626 34.7959 110.9368 1.0361 7.9705 1.4197 5.4494 5.9317 6.3897 26.5544 1.4489 6.4583 6.6867 114.3860 7.8279 95.2194 29.8292 6.0152 29.0170 96.1908 8.4187 7.2527 8.2486 2.6302 9.1735 8.2287 4.9265 5.9027 5.9029 6.9578 0.0000 26.1242 5.2438 9.3965 1.2626 6.7878 4.7284 7.9340 0.8036 96.0060 116.8466 115.3789 8.6838 29.0130 4.4922 115.9802 7.1270 7.4617
21.4202 71.1468 3.9017 3.9017 90.3302 23.4696 70.5263 22.6690 20.4717 23.0827 23.0082 23.6550 25.7797 4.4641 22.3953 90.4460 21.9617 27.4082 4.4551 91.1837 0.7297 23.6679 21.3912 4.1180 29.4511 23.2169 4.9545 27.0299 9.8972 71.3620 20.0328 71.3592 2.9206 2.8090 90.0924 71.6926 23.3168 1.0710 29.9180 26.9311 24.1750 90.3812 4.4756 91.2744 2.0054 4.5913 10.3246 86.4798 26.1867 26.6090 27.6278 23.8388 21.0100 23.0079 0.2136 26.6664 24.7744 22.6349 89.9290 24.6762 70.7624 4.7423 22.9400 4.4074 71.7338 22.5682 23.5957 26.8702 26.2061 26.6569 21.4782 24.4618 24.4815 25.6466 22.3347 26.6818 0.0000 23.9893 27.5457 25.9258 22.4706 29.0802 20.4327 25.9542 71.5490 92.3896 90.9219 28.1191 4.4034 24.7399 91.5232 20.0189 24.3901
7.3228 95.4213 28.3159 28.3159 114.6047 0.5204 94.8008 1.5718 7.4307 3.1256 6.2527 0.7631 3.6221 28.8911 3.2655 114.7204 8.7618 4.8473 28.8822 115.4582 25.7729 3.3176 7.5689 29.3391 5.6440 4.2792 29.2290 6.0664 34.1861 95.6365 6.8305 95.6337 27.3477 27.1801 114.3669 95.9671 2.3130 26.7528 6.7786 5.1911 3.3348 114.6557 28.9027 115.5489 27.4312 29.0801 34.6134 110.7543 4.4627 4.4857 5.0669 0.2544 5.7011 2.4365 26.3718 3.9498 2.4664 1.4429 114.2034 3.8360 95.0369 29.6467 8.2785 28.8344 96.0083 3.5532 2.1820 4.7469 2.6623 5.7623 3.1584 0.5266 1.5516 8.1662 1.7140 4.9418 25.9417 0.0000 5.9853 4.2010 1.5955 6.2709 8.1393 4.4775 95.8235 116.6641 115.1964 6.5524 28.8305 0.7506 115.7977 6.9445 3.4698
12.0561 99.0330 31.9276 31.9276 118.2164 6.0222 98.4126 5.0155 13.3043 4.5869 10.9861 6.5913 8.3554 32.5029 4.8530 118.3322 13.4952 8.8955 32.4939 119.0700 29.3847 3.7315 12.3022 32.9509 9.4716 3.3650 32.8407 0.5158 37.7978 99.2483 12.1471 99.2455 30.9594 30.7919 117.9786 99.5788 5.1867 30.3646 8.8487 10.3085 3.0267 118.2675 32.5144 119.1606 31.0430 32.6918 38.2252 114.3661 10.0894 1.6411 8.9130 6.2426 11.0177 4.2319 29.9836 9.2193 3.5963 7.1309 117.8152 2.4822 98.6487 33.2584 13.0118 32.4462 99.6201 3.6471 4.4896 1.4390 7.3956 0.5288 4.7432 6.3335 7.3799 12.8995 6.6146 9.9141 29.5534 5.9853 0.0000 8.9343 5.1093 8.3410 13.4559 9.2108 99.4352 120.2758 118.8081 1.3804 32.4422 5.5947 119.4094 12.2611 2.8234
4.4127 94.7956 27.6902 27.6902 113.9791 4.7214 94.1752 5.5787 5.6857 7.1535 3.3427 4.9640 0.8029 28.2655 7.2929 114.0948 5.8765 1.8256 28.2565 114.8326 25.1473 7.3455 4.6836 28.7135 2.0451 7.6678 28.6034 9.8306 33.5604 95.0109 6.2049 95.0081 26.7221 26.5545 113.7413 95.3414 6.3405 26.1272 4.9220 1.3485 6.2839 114.0301 28.2771 114.9233 26.8056 28.4545 33.9878 110.1287 0.3569 7.4347 2.0453 4.4066 5.1236 5.3468 25.7462 1.0632 5.4154 5.6439 113.5778 6.7851 94.4113 29.0211 5.2071 28.2088 95.3827 7.3758 6.2098 7.6959 1.5873 9.5179 7.1858 3.8836 4.8599 5.0948 5.9150 1.0993 25.3161 4.2010 9.7409 0.0000 5.7450 5.6611 7.1258 0.3717 95.1978 116.0384 114.5708 9.0282 28.2049 3.4494 115.1721 6.3189 6.4188
7.4948 95.1484 28.0430 28.0430 114.3318 1.0692 94.5279 0.2202 8.0236 1.6864 7.7967 1.6383 5.1661 28.6182 1.6624 114.4476 8.8788 7.2786 28.6093 115.1853 25.5000 1.8784 9.1129 29.0662 7.8546 2.8400 28.9561 5.1903 33.9132 95.3636 7.4234 95.3608 27.0748 26.9072 114.0940 95.6942 0.7100 26.4799 7.2317 6.7351 2.3855 114.3828 28.6298 115.2760 27.1583 28.8072 34.3405 110.4814 6.0067 3.6096 7.2961 1.4449 6.2940 0.9973 26.0990 5.4938 1.5904 2.1779 113.9306 2.8867 94.7640 29.3738 9.8225 28.5616 95.7354 2.1140 0.7428 3.8709 4.2063 4.8863 1.5553 2.0679 2.4269 9.7102 1.9054 6.4858 25.6688 1.5955 5.1093 5.7450 0.0000 6.7240 8.7322 6.0214 95.5506 116.3912 114.9235 5.6764 28.5576 2.3460 115.5248 7.5374 2.5937
10.0901 100.4730 33.3676 33.3676 119.6565 6.8549 99.8526 7.1215 11.3631 8.6963 9.0201 7.4666 5.7011 33.9429 8.8358 119.7722 11.5539 3.5689 33.9339 120.5100 30.8247 8.8883 10.3610 34.3909 4.2502 9.0581 34.2808 9.0828 39.2378 100.6883 11.8823 100.6855 32.3995 32.2319 119.4187 101.0188 7.8833 31.8046 3.8982 5.0871 7.8267 119.7075 33.9545 120.6007 32.4830 34.1319 39.6652 115.8061 5.0137 7.5671 3.5864 7.0980 10.8010 6.9168 31.4236 4.6484 6.7525 8.0606 119.2552 8.1753 100.0887 34.6985 10.8845 33.8862 101.0601 8.9186 7.7527 7.8452 6.3385 8.7701 8.7287 6.5750 7.5513 10.7880 7.7881 4.5874 30.9935 6.8924 8.9931 6.1235 7.2878 0.0000 12.8032 4.9862 100.8752 121.7159 120.2482 8.2804 33.8823 6.1408 120.8495 11.9963 7.5072
2.7099 89.9809 22.8755 22.8755 109.1644 8.0148 89.3605 8.7248 1.5262 9.3717 4.2979 7.7055 6.8379 23.4508 9.2722 109.2801 1.5290 8.4664 23.4418 110.0179 20.3326 9.9569 2.4457 23.8988 9.4321 10.9185 23.7886 13.4605 28.7457 90.1962 2.1525 90.1934 21.9073 21.7398 108.9266 90.5267 8.7786 20.8704 10.9762 7.9892 10.4640 109.2154 23.4624 110.1086 21.9909 23.6398 29.1731 105.3140 7.2449 11.8798 8.6860 7.9191 2.8440 9.5479 20.4894 7.7245 10.1410 6.6423 108.7631 10.9652 89.5966 24.2064 2.5073 23.3941 90.5680 10.1924 9.2934 12.1410 7.2598 13.1564 8.7404 8.3955 6.8179 5.0171 6.9233 7.7400 20.5014 8.0697 13.3794 6.9840 8.6557 11.7153 0.0000 7.0124 90.3831 111.2237 109.7561 13.9465 23.3901 9.1218 110.3574 1.7808 10.6791
4.4764 94.8593 27.7539 27.7539 114.0427 5.0198 94.2388 5.8771 5.7493 7.4519 3.4064 5.2624 1.1013 28.3292 7.5913 114.1585 5.9402 1.4854 28.3202 114.8963 25.2110 7.6439 4.7472 28.7772 1.7049 7.9662 28.6670 10.1568 33.6241 95.0746 6.2686 95.0718 26.7857 26.6182 113.8050 95.4051 6.6389 26.1909 3.0657 1.0083 6.5823 114.0938 28.3408 114.9870 26.8693 28.5182 34.0515 110.1924 0.2639 7.7331 1.7051 4.7050 5.1873 5.6452 25.8099 1.2753 5.7138 5.9423 113.6415 7.0835 94.4750 29.0848 5.2708 28.2725 95.4464 7.6742 6.5082 7.9943 1.8857 9.8441 7.4842 4.1820 5.1583 5.1585 6.2134 0.7591 25.3798 4.4994 10.0671 0.5182 6.0434 5.9874 7.1895 0.0000 95.2615 116.1021 114.6344 9.3545 28.2685 3.7478 115.2358 6.3826 6.7172
90.9737 0.4831 68.2353 68.2353 19.1238 93.0231 1.2209 92.2225 90.0252 92.6363 92.5617 93.2085 95.3332 67.8679 91.9488 19.2395 90.6673 96.9617 67.8589 19.9773 71.1869 93.2214 90.9447 68.3558 99.5437 92.7704 66.8113 96.5835 67.9527 0.8129 89.5863 1.3308 69.2684 69.0328 18.8860 0.2462 92.8704 72.0293 99.4715 96.4846 93.7285 19.1748 67.6874 20.0680 69.7113 67.7195 69.0336 15.2734 95.7402 96.1625 97.1813 93.3923 90.5636 92.5614 71.7632 96.2199 94.3280 92.1885 18.7225 94.2297 1.1099 67.2232 91.8213 67.5918 0.5119 92.1218 93.1492 96.4237 95.7596 96.2105 91.0317 94.0153 94.0350 95.7392 91.8883 96.2353 71.5752 93.5429 97.0993 95.4794 92.0241 98.6337 90.5254 95.5077 0.0000 21.1831 19.7155 97.6727 68.6747 94.2934 20.3168 89.5725 93.9437
111.3589 21.2641 88.6206 88.6206 2.0089 113.4084 22.0019 112.6078 110.4105 113.0215 112.9469 113.5938 115.7185 88.2531 112.3341 1.9049 111.0526 117.3469 88.2442 1.5929 91.5722 113.6067 111.3299 88.7411 119.9290 113.1557 87.1965 116.9687 88.3380 21.9354 109.9716 21.3082 89.6537 89.4181 2.2467 21.2538 113.2556 92.4146 119.8568 116.8698 114.1138 2.7675 88.0726 1.1744 90.0965 88.1047 89.4189 7.2423 116.1254 116.5477 117.5666 113.7776 110.9488 112.9467 92.1484 116.6051 114.7132 112.5737 2.4102 114.6150 21.8909 87.6085 112.2066 87.9770 20.6127 112.5070 113.5345 116.8090 116.1448 116.5957 111.4170 114.4006 114.4203 116.1245 112.2735 116.6206 91.9605 113.9281 117.4845 115.8646 112.4094 119.0190 110.9106 115.8930 21.1236 0.0000 2.2289 118.0579 89.0600 114.6787 1.1876 109.9577 114.3289
109.9599 19.8651 87.2216 87.2216 0.4217 112.0094 20.6029 111.2088 109.0115 111.6225 111.5480 112.1948 114.3195 86.8541 110.9351 0.6292 109.6536 115.9480 86.8452 0.8360 90.1732 112.2077 109.9310 87.3421 118.5300 111.7567 85.7975 115.5697 86.9390 20.5364 108.5726 19.9092 88.2547 88.0191 0.6595 19.8548 111.8566 91.0156 118.4578 115.4708 112.7148 1.9626 86.6736 1.2109 88.6975 86.7057 88.0199 5.8433 114.7265 115.1488 116.1676 112.3786 109.5498 111.5477 90.7494 115.2061 113.3142 111.1747 0.8230 113.2160 20.4919 86.2095 110.8076 86.5780 19.2138 111.1080 112.1355 115.4100 114.7459 115.1967 110.0180 113.0016 113.0213 114.7255 110.8745 115.2216 90.5615 112.5291 116.0855 114.4656 111.0104 117.6200 109.5116 114.4940 19.7246 2.2289 0.0000 116.6589 87.6610 113.2797 1.4597 108.5587 112.9299
12.6232 99.6475 32.5421 32.5421 118.8309 6.5893 99.0270 5.5826 13.8714 5.1540 11.5532 7.1585 8.8853 33.1173 5.4202 118.9467 14.0623 8.1829 33.1084 119.6844 29.9992 4.2999 12.8693 33.5654 8.7589 3.9334 33.4552 1.1303 38.4123 99.8627 12.7142 99.8599 31.5739 31.4063 118.5931 100.1933 5.7538 30.9790 8.1360 9.5958 3.5938 118.8820 33.1289 119.7751 31.6575 33.3063 38.8396 114.9805 9.3767 2.3009 8.2004 6.8097 11.5848 4.7991 30.5981 8.5066 4.1634 7.6980 118.4297 3.0507 99.2631 33.8729 13.5789 33.0607 100.2345 4.2155 5.0567 2.1861 7.9627 1.6082 5.3103 6.9007 7.9470 13.4666 7.1817 9.2014 30.1679 6.5524 1.4215 9.3077 5.6764 7.6283 14.0230 9.5842 100.0497 120.8903 119.4226 0.0000 33.0567 6.1618 120.0239 12.8282 3.3905
23.9634 68.1352 0.8898 0.8898 87.3186 26.0128 67.5147 25.2122 23.0149 25.6260 25.5514 26.1982 28.3229 1.1396 24.9385 87.4344 23.6570 29.9514 1.1307 88.1721 4.1766 26.2111 23.9344 2.3205 32.5334 25.7601 1.9429 29.5732 5.7279 68.3504 22.5760 68.3476 1.6727 2.0225 87.0808 68.6810 25.8600 5.0190 32.4612 29.4743 26.7182 87.3697 1.1512 88.2628 2.7010 1.8969 6.1553 83.4682 28.7299 29.1522 30.1710 26.3820 23.5533 25.5511 4.7528 29.2096 27.3177 25.1782 86.9174 27.2194 67.7508 2.4635 24.8110 1.0830 68.7223 25.1114 26.1389 29.4134 28.7493 29.2002 24.0214 27.0050 27.0247 28.7289 24.8780 29.2250 4.5649 26.5326 30.0890 28.4691 25.0138 31.6234 23.5151 28.4974 68.5374 89.3780 87.9103 30.6624 0.0000 27.2831 88.5116 22.5622 26.9333
6.5712 96.9541 29.8487 29.8487 116.1375 1.2709 96.3336 2.3223 7.8194 3.8762 5.5011 1.5136 2.8705 30.4239 4.0160 116.2533 8.0102 4.0957 30.4150 116.9910 27.3057 4.0682 6.8173 30.8719 4.8924 4.5252 30.7618 5.8728 35.7189 97.1693 8.3633 97.1665 28.8805 28.7129 115.8997 97.4999 3.0636 28.2856 6.5851 4.4395 3.1413 116.1885 30.4355 117.0817 28.9640 30.6129 36.1462 112.2871 3.7111 4.2921 4.3153 1.0379 7.2820 2.2042 27.9046 3.1982 2.2728 2.1935 115.7363 3.6425 96.5697 31.1795 7.5269 30.3672 97.5411 4.2332 2.9325 4.5533 1.9107 5.5687 3.9089 0.9001 2.3148 7.4146 2.4645 4.1902 27.4745 0.7506 5.7917 3.4494 2.3460 6.0774 9.2843 3.7258 97.3563 118.1969 116.7292 6.3588 30.3633 0.0000 117.3305 8.4773 3.2762
110.5612 20.4664 87.8229 87.8229 1.2112 112.6107 21.2042 111.8101 109.6128 112.2238 112.1493 112.7961 114.9208 87.4554 111.5364 1.0747 110.2549 116.5493 87.4465 1.4214 90.7745 112.8090 110.5322 87.9434 119.1313 112.3580 86.3988 116.1710 87.5403 21.1377 109.1739 20.5105 88.8560 88.6204 1.4490 20.4561 112.4579 91.6169 119.0591 116.0721 113.3161 1.9367 87.2749 0.1731 89.2988 87.3070 88.6212 6.4446 115.3278 115.7501 116.7689 112.9799 110.1511 112.1490 91.3507 115.8074 113.9155 111.7760 1.6125 113.8173 21.0932 86.8108 111.4089 87.1793 19.8151 111.7093 112.7368 116.0113 115.3471 115.7980 110.6193 113.6029 113.6226 115.3268 111.4758 115.8229 91.1628 113.1304 116.6868 115.0669 111.6117 118.2213 110.1129 115.0953 20.3259 1.1876 1.4597 117.2602 88.2623 113.8810 0.0000 109.1600 113.5312
2.0243 88.9509 21.8455 21.8455 108.1344 6.9472 88.3305 7.6572 1.7068 8.3041 3.6123 6.6379 6.2412 22.4208 8.2046 108.2501 2.3489 7.8697 22.4118 108.9879 19.3026 8.8893 2.6263 22.8688 8.0892 9.8509 22.7587 12.3929 27.7157 89.1662 0.4944 89.1634 20.8774 20.7098 107.8966 89.4967 7.7110 20.2825 10.3795 7.3926 9.3964 108.1854 22.4324 109.0786 20.9609 22.6098 28.1431 104.2840 6.6482 10.8122 8.0894 6.8515 1.4716 8.4803 19.9015 7.1279 9.0734 5.5747 107.7331 9.8976 88.5666 23.1764 3.5029 22.3641 89.5380 9.1248 8.2258 11.0734 6.6676 12.0888 7.6728 7.3279 5.7503 4.3560 5.8557 7.1434 19.4714 7.0021 12.3118 6.3874 7.5881 11.1187 1.7882 6.4158 89.3531 110.1937 108.7261 12.8789 22.3602 7.7526 109.3274 0.0000 9.6115
9.5406 95.6387 28.5333 28.5333 114.8221 3.5136 95.0182 2.5000 10.7888 1.8866 8.4706 4.0827 5.8399 29.1085 2.1527 114.9379 10.9796 7.4491 29.0996 115.6756 25.9904 1.9679 9.7867 29.5566 8.0252 1.8940 29.4464 2.9045 34.4035 95.8539 9.4468 95.8512 27.5651 27.3975 114.5843 96.1845 2.4864 26.9702 7.4023 7.4089 0.3264 114.8732 29.1201 115.7663 27.6487 29.2975 34.8308 110.9717 6.6805 1.3238 7.4666 3.7271 8.3174 1.7164 26.5893 6.1676 1.0808 4.2144 114.4209 1.0113 95.2543 29.8641 10.4963 29.0519 96.2257 1.8959 1.7893 1.5850 4.8801 2.6004 2.0429 3.8180 4.7610 10.3840 3.9142 7.1597 26.1591 3.4698 2.8234 6.4188 2.6006 6.8946 10.7556 6.6953 96.0409 116.8815 115.4138 3.3905 29.0479 3.0792 116.0151 9.5608 0.0000
0.000 1062.857 255.707 255.707 1269.263 73.703 1057.935 81.103 20.153 92.573 22.502 66.773 55.032 267.032 92.188 1273.533 26.240 68.895 266.925 1279.565 230.247 99.920 19.635 272.355 72.690 111.467 271.570 135.872 323.122 1067.363 30.912 1063.930 248.910 247.005 1269.552 1071.067 83.813 236.158 102.405 64.125 104.808 1272.115 267.028 1282.053 249.775 269.738 327.922 1223.818 55.125 117.028 71.438 67.428 26.617 89.053 230.940 62.758 94.693 58.883 1267.593 110.817 1059.683 276.393 27.373 266.590 1072.987 102.492 88.970 119.955 57.092 129.822 86.073 62.638 60.617 29.965 62.448 61.612 232.263 69.490 134.858 52.323 81.963 110.207 33.578 53.350 1070.663 1289.228 1277.312 135.255 266.510 68.523 1281.245 25.617 105.240
1062.857 0.000 812.015 812.015 215.338 1114.970 12.722 1106.832 1056.765 1103.153 1083.617 1109.525 1116.175 809.542 1102.768 219.608 1061.723 1130.038 809.435 225.640 849.623 1108.087 1067.820 809.025 1133.833 1118.070 797.725 1143.115 809.298 13.305 1045.328 15.493 825.705 824.413 215.627 10.203 1101.700 858.260 1156.470 1125.268 1117.752 218.190 806.938 228.128 832.703 805.015 822.178 169.893 1116.268 1130.548 1132.582 1115.507 1059.893 1111.223 854.913 1123.902 1117.735 1101.550 213.668 1119.787 10.463 801.368 1077.388 807.448 10.840 1109.525 1106.770 1133.593 1118.235 1137.572 1096.653 1115.168 1103.283 1091.080 1103.645 1122.755 853.978 1118.118 1141.255 1113.467 1104.628 1171.350 1056.633 1114.493 8.517 235.303 223.387 1152.600 820.450 1123.382 227.320 1046.740 1119.002
255.707 812.015 0.000 0.000 1018.422 307.730 807.093 299.592 249.615 295.913 276.467 302.375 309.025 12.970 295.528 1022.692 254.573 322.888 12.863 1028.723 42.503 300.847 260.670 23.123 326.683 310.830 20.837 335.875 70.307 816.522 238.178 813.088 15.345 17.525 1018.710 820.225 294.460 52.105 349.320 318.118 310.512 1021.273 12.967 1031.212 25.928 19.068 75.677 972.977 309.118 323.308 325.432 308.357 252.743 303.983 48.688 316.752 310.495 294.400 1016.752 312.547 808.842 25.723 270.238 12.835 822.145 302.285 299.530 326.353 311.085 330.332 289.413 308.018 296.133 283.930 296.405 315.605 47.022 310.968 334.015 306.317 297.388 364.200 249.483 307.343 819.822 1038.387 1026.470 345.360 13.695 316.232 1030.403 239.590 311.762
255.707 812.015 0.000 0.000 1018.422 307.730 807.093 299.592 249.615 295.913 276.467 302.375 309.025 12.970 295.528 1022.692 254.573 322.888 12.863 1028.723 42.503 300.847 260.670 23.123 326.683 310.830 20.837 335.875 70.307 816.522 238.178 813.088 15.345 17.525 1018.710 820.225 294.460 52.105 349.320 318.118 310.512 1021.273 12.967 1031.212 25.928 19.068 75.677 972.977 309.118 323.308 325.432 308.357 252.743 303.983 48.688 316.752 310.495 294.400 1016.752 312.547 808.842 25.723 270.238 12.835 822.145 302.285 299.530 326.353 311.085 330.332 289.413 308.018 296.133 283.930 296.405 315.605 47.022 310.968 334.015 306.317 297.388 364.200 249.483 307.343 819.822 1038.387 1026.470 345.360 13.695 316.232 1030.403 239.590 311.762
1269.263 215.338 1018.422 1018.422 0.000 1321.377 226.700 1313.238 1263.172 1309.560 1290.023 1315.932 1322.582 1015.948 1309.175 7.355 1268.130 1336.445 1015.842 10.302 1056.030 1314.493 1274.227 1015.432 1340.240 1324.477 1004.132 1349.522 1015.705 221.787 1251.735 211.547 1032.112 1030.820 5.847 214.765 1308.107 1064.667 1362.877 1331.675 1324.158 23.017 1013.345 14.508 1039.110 1011.422 1028.585 65.557 1322.675 1336.955 1338.988 1321.913 1266.300 1317.630 1061.320 1330.308 1324.142 1307.957 7.805 1326.193 222.928 1007.775 1283.795 1013.855 210.640 1315.932 1313.177 1340.000 1324.642 1343.978 1303.060 1321.575 1309.690 1297.487 1310.052 1329.162 1060.385 1324.525 1347.662 1319.873 1311.035 1377.757 1263.040 1320.900 214.460 26.692 8.048 1359.007 1026.857 1329.788 16.582 1253.147 1325.408
70.703 1111.970 304.730 304.730 1318.377 0.000 1107.048 14.643 86.122 33.960 60.348 17.318 47.247 316.055 34.745 1322.647 89.578 64.197 315.948 1328.678 279.508 36.300 76.112 321.617 72.828 48.102 320.738 73.888 353.668 1116.477 81.057 1113.043 297.933 296.173 1318.665 1120.180 23.382 289.772 102.538 66.895 41.325 1321.228 316.052 1331.167 299.037 318.907 358.208 1272.932 56.538 55.045 66.740 10.188 66.720 23.883 284.080 54.643 31.577 22.965 1316.707 46.642 1108.797 325.562 83.850 315.613 1122.100 39.047 22.510 57.972 39.965 67.838 32.500 15.033 24.613 67.558 20.045 64.173 281.525 8.907 72.875 54.082 15.943 80.117 97.495 56.713 1119.777 1338.342 1326.425 74.198 315.533 17.165 1330.358 83.377 42.053
1054.935 9.722 804.093 804.093 223.700 1107.048 0.000 1098.910 1048.843 1095.232 1075.695 1101.603 1108.253 801.620 1094.847 227.970 1053.802 1122.117 801.513 234.002 841.702 1100.165 1059.898 801.103 1125.912 1110.148 789.803 1135.193 801.377 16.562 1037.407 19.887 817.783 816.492 223.988 17.940 1093.778 850.338 1148.548 1117.347 1109.830 226.552 799.017 236.490 824.782 797.093 814.257 178.255 1108.347 1122.627 1124.660 1107.585 1051.972 1103.302 846.992 1115.980 1109.813 1093.628 222.030 1111.865 7.845 793.447 1069.467 799.527 19.852 1101.603 1098.848 1125.672 1110.313 1129.650 1088.732 1107.247 1095.362 1083.158 1095.723 1114.833 846.057 1110.197 1133.333 1105.545 1096.707 1163.428 1048.712 1106.572 17.528 243.665 231.748 1144.678 812.528 1115.460 235.682 1038.818 1111.080
78.103 1103.832 296.592 296.592 1310.238 14.643 1098.910 0.000 90.333 23.058 67.748 21.682 58.223 307.917 24.792 1314.508 96.420 74.735 307.810 1320.540 271.370 25.260 83.512 313.478 83.367 37.062 312.600 62.695 345.530 1108.338 85.268 1104.905 289.795 288.035 1310.527 1112.042 13.428 281.633 113.077 77.433 30.197 1313.090 307.913 1323.028 290.898 310.768 350.070 1264.793 67.515 43.852 76.555 21.807 70.932 13.165 275.942 65.182 20.383 27.177 1308.568 35.602 1100.658 317.423 91.250 307.475 1113.962 28.007 11.470 46.778 50.168 56.645 22.547 26.652 28.825 74.958 24.257 74.712 273.387 20.525 61.682 65.058 5.717 82.290 101.707 67.690 1111.638 1330.203 1318.287 63.005 307.395 28.165 1322.220 87.588 30.628
17.153 1053.765 246.615 246.615 1260.172 86.122 1048.843 90.333 0.000 99.857 34.205 74.142 69.088 257.940 99.472 1264.442 9.620 82.952 257.833 1270.473 221.155 107.203 15.043 263.263 86.747 118.750 262.478 148.623 314.030 1058.272 26.125 1054.838 239.818 237.913 1260.460 1061.975 91.097 227.067 103.020 78.182 113.937 1263.023 257.937 1272.962 240.683 260.647 318.830 1214.727 69.182 129.465 85.495 80.123 28.413 99.725 221.848 76.815 106.883 66.167 1258.502 118.902 1050.592 267.302 23.938 257.498 1063.895 109.775 96.780 132.510 71.148 142.572 93.357 77.090 67.900 39.187 69.732 75.668 223.172 82.735 147.610 66.380 90.030 124.263 19.945 67.407 1061.572 1280.137 1268.220 149.312 257.418 82.975 1272.153 20.830 115.153
89.573 1100.153 292.913 292.913 1306.560 33.960 1095.232 23.058 99.857 0.000 86.967 40.763 77.442 304.238 4.907 1310.830 105.943 94.392 304.132 1316.862 267.692 13.620 102.730 309.800 103.023 23.935 308.922 55.240 341.852 1104.660 94.792 1101.227 286.117 284.357 1306.848 1108.363 16.182 277.955 132.733 97.090 23.088 1309.412 304.235 1319.350 287.220 307.090 346.392 1261.115 86.733 36.082 95.437 41.123 80.455 27.210 272.263 84.838 29.987 37.732 1304.890 25.320 1096.980 313.745 110.468 303.797 1110.283 15.058 15.982 39.127 70.145 49.188 9.800 45.968 43.000 94.177 33.630 94.368 269.708 39.842 54.227 84.277 21.358 101.172 111.230 86.908 1107.960 1326.525 1314.608 60.112 303.717 47.780 1318.542 97.112 24.535
19.502 1080.617 273.467 273.467 1287.023 60.348 1075.695 67.748 34.205 86.967 0.000 54.995 39.805 284.792 87.050 1291.293 35.628 53.668 284.685 1297.325 248.007 89.405 22.162 290.115 57.463 101.207 289.330 120.645 340.882 1085.123 48.672 1081.690 266.670 264.765 1287.312 1088.827 75.687 253.918 85.348 48.898 91.453 1289.875 284.788 1299.813 267.535 287.498 345.682 1241.578 39.898 101.802 56.212 54.073 44.150 75.698 248.700 47.532 81.338 62.593 1285.353 97.462 1077.443 294.153 29.900 284.350 1090.747 92.152 75.615 104.728 41.865 114.595 84.805 49.283 56.312 11.902 66.447 46.385 250.023 56.135 119.632 37.097 68.608 94.980 50.222 38.123 1088.423 1306.988 1295.072 120.028 284.270 55.168 1299.005 43.377 91.885
63.773 1106.525 299.375 299.375 1312.932 17.318 1101.603 21.682 74.142 40.763 54.995 0.000 45.615 310.700 40.605 1317.202 80.228 62.565 310.593 1323.233 273.915 43.338 70.758 316.023 71.197 55.140 315.238 80.927 357.448 1111.032 69.077 1107.598 292.578 290.673 1313.220 1114.735 29.242 279.827 100.907 65.263 48.363 1315.783 310.697 1325.722 293.443 313.407 361.988 1267.487 54.907 62.083 65.108 13.648 54.740 30.922 274.608 53.012 38.615 15.912 1311.262 53.680 1103.352 320.062 78.497 310.258 1116.655 46.085 29.548 65.010 39.840 74.877 38.360 15.603 11.187 62.205 18.802 62.542 275.932 16.260 79.913 52.450 22.405 87.102 85.515 55.082 1114.332 1332.897 1320.980 81.237 310.178 23.780 1324.913 71.397 49.092
52.032 1113.175 306.025 306.025 1319.582 47.247 1108.253 58.223 69.088 77.442 39.805 45.615 0.000 317.350 77.525 1323.852 70.512 27.245 317.243 1329.883 280.565 79.880 57.045 322.673 35.153 86.270 321.888 99.448 373.440 1117.682 78.508 1114.248 299.228 297.323 1319.870 1121.385 66.162 286.477 64.943 26.663 70.703 1322.433 317.347 1332.372 300.093 320.057 378.240 1274.137 14.972 80.605 29.788 42.363 68.672 58.170 281.258 17.692 60.588 53.727 1317.912 76.712 1110.002 326.712 64.783 316.908 1123.305 82.627 66.090 83.532 14.558 93.398 75.280 36.178 47.445 45.662 57.580 24.095 282.582 42.205 98.435 12.515 59.083 66.133 83.897 15.147 1120.982 1339.547 1327.630 97.565 316.828 34.790 1331.563 75.935 71.135
264.032 806.542 9.970 9.970 1012.948 316.055 801.620 307.917 257.940 304.238 284.792 310.700 317.350 0.000 303.853 1017.218 262.898 331.213 3.107 1023.250 50.828 309.172 268.995 19.605 335.008 319.155 15.497 344.200 73.127 811.048 246.503 807.615 23.502 26.690 1013.237 814.752 302.785 60.523 357.645 326.443 318.837 1015.800 5.603 1025.738 35.160 14.453 78.497 967.503 317.443 331.633 333.757 316.682 261.068 312.308 57.107 325.077 318.820 302.725 1011.278 320.872 803.368 21.108 278.563 6.305 816.672 310.610 307.855 334.678 319.410 338.657 297.738 316.343 304.458 292.255 304.730 323.930 55.440 319.293 342.340 314.642 305.713 372.525 257.808 315.668 814.348 1032.913 1020.997 353.685 16.515 324.557 1024.930 247.915 320.087
89.188 1099.768 292.528 292.528 1306.175 34.745 1094.847 24.792 99.472 4.907 87.050 40.605 77.525 303.853 0.000 1310.445 105.558 94.475 303.747 1316.477 267.307 12.953 102.813 309.415 103.107 23.268 308.537 54.573 341.467 1104.275 94.407 1100.842 285.732 283.972 1306.463 1107.978 15.797 277.570 132.817 97.173 24.858 1309.027 303.850 1318.965 286.835 306.705 346.007 1260.730 86.817 35.415 97.018 41.908 80.070 28.980 271.878 84.922 31.757 37.347 1304.505 24.653 1096.595 313.360 110.552 303.412 1109.898 14.392 17.752 38.460 70.930 48.522 9.415 46.753 42.615 94.260 33.245 94.452 269.323 40.627 53.560 84.360 22.612 102.942 110.845 86.992 1107.575 1326.140 1314.223 59.445 303.332 48.565 1318.157 96.727 26.305
1270.533 216.608 1019.692 1019.692 4.355 1322.647 227.970 1314.508 1264.442 1310.830 1291.293 1317.202 1323.852 1017.218 1310.445 0.000 1269.400 1337.715 1017.112 10.533 1057.300 1315.763 1275.497 1016.702 1341.510 1325.747 1005.402 1350.792 1016.975 223.057 1253.005 212.817 1033.382 1032.090 10.202 216.035 1309.377 1065.937 1364.147 1332.945 1325.428 18.883 1014.615 12.628 1040.380 1012.692 1029.855 66.827 1323.945 1338.225 1340.258 1323.183 1267.570 1318.900 1062.590 1331.578 1325.412 1309.227 12.160 1327.463 224.198 1009.045 1285.065 1015.125 211.910 1317.202 1314.447 1341.270 1325.912 1345.248 1304.330 1322.845 1310.960 1298.757 1311.322 1330.432 1061.655 1325.795 1348.932 1321.143 1312.305 1379.027 1264.310 1322.170 215.730 24.812 10.523 1360.277 1028.127 1331.058 14.702 1254.417 1326.678
23.240 1058.723 251.573 251.573 1265.130 89.578 1053.802 96.420 9.620 105.943 35.628 80.228 70.512 262.898 105.558 1269.400 0.000 84.375 262.792 1275.432 226.113 113.290 16.502 268.222 88.170 124.837 267.437 151.352 318.988 1063.230 32.212 1059.797 244.777 242.872 1265.418 1066.933 97.183 232.025 98.748 79.605 120.023 1267.982 262.895 1277.920 245.642 265.605 323.788 1219.685 70.605 132.508 86.918 83.303 34.500 104.928 226.807 78.238 110.568 72.253 1263.460 124.988 1055.550 272.260 19.667 262.457 1068.853 115.862 102.867 135.435 72.572 145.302 99.443 78.513 73.987 40.610 75.818 77.092 228.130 85.365 150.338 67.803 96.117 125.687 19.520 68.830 1066.530 1285.095 1273.178 150.735 262.377 84.398 1277.112 26.917 121.115
65.895 1127.038 319.888 319.888 1333.445 64.197 1122.117 74.735 82.952 94.392 53.668 62.565 27.245 331.213 94.475 1337.715 84.375 0.000 331.107 1343.747 294.428 96.830 70.908 336.537 16.900 97.530 335.752 102.115 387.303 1131.545 93.083 1128.112 313.092 311.187 1333.733 1135.248 83.112 300.340 46.008 16.765 80.732 1336.297 331.210 1346.235 313.957 333.920 392.103 1288.000 16.770 84.713 5.543 59.313 83.247 73.068 295.122 17.687 73.425 70.677 1331.775 86.928 1123.865 340.575 78.097 330.772 1137.168 97.265 82.860 87.640 28.128 97.492 92.230 53.128 64.395 59.525 74.530 14.758 296.445 58.625 101.102 20.520 76.033 45.265 97.760 18.975 1134.845 1353.410 1341.493 91.405 330.692 50.525 1345.427 89.798 77.935
263.925 806.435 9.863 9.863 1012.842 315.948 801.513 307.810 257.833 304.132 284.685 310.593 317.243 3.107 303.747 1017.112 262.792 331.107 0.000 1023.143 50.722 309.065 268.888 19.498 334.902 319.048 15.390 344.093 73.020 810.942 246.397 807.508 23.395 26.583 1013.130 814.645 302.678 60.417 357.538 326.337 318.730 1015.693 5.497 1025.632 35.053 14.347 78.390 967.397 317.337 331.527 333.650 316.575 260.962 312.202 57.000 324.970 318.713 302.618 1011.172 320.765 803.262 21.002 278.457 6.198 816.565 310.503 307.748 334.572 319.303 338.550 297.632 316.237 304.352 292.148 304.623 323.823 55.333 319.187 342.233 314.535 305.607 372.418 257.702 315.562 814.242 1032.807 1020.890 353.578 16.408 324.450 1024.823 247.808 319.980
1276.565 222.640 1025.723 1025.723 7.302 1328.678 234.002 1320.540 1270.473 1316.862 1297.325 1323.233 1329.883 1023.250 1316.477 10.533 1275.432 1343.747 1023.143 0.000 1063.332 1321.795 1281.528 1022.733 1347.542 1331.778 1011.433 1356.823 1023.007 229.088 1259.037 218.848 1039.413 1038.122 13.148 222.067 1315.408 1071.968 1370.178 1338.977 1331.460 24.758 1020.647 14.812 1046.412 1018.723 1035.887 72.858 1329.977 1344.257 1346.290 1329.215 1273.602 1324.932 1068.622 1337.610 1331.443 1315.258 15.107 1333.495 230.230 1015.077 1291.097 1021.157 217.942 1323.233 1320.478 1347.302 1331.943 1351.280 1310.362 1328.877 1316.992 1304.788 1317.353 1336.463 1067.687 1331.827 1354.963 1327.175 1318.337 1385.058 1270.342 1328.202 221.762 20.753 13.012 1366.308 1034.158 1337.090 16.693 1260.448 1332.710
227.247 846.623 39.503 39.503 1053.030 279.508 841.702 271.370 221.155 267.692 248.007 273.915 280.565 50.828 267.307 1057.300 226.113 294.428 50.722 1063.332 0.000 272.625 232.210 50.323 298.223 282.608 55.337 307.653 106.918 851.130 209.718 847.697 32.707 30.690 1053.318 854.833 266.238 18.417 320.860 289.658 282.290 1055.882 50.825 1065.820 23.897 53.423 112.288 1007.585 280.658 295.087 296.972 279.897 224.283 275.762 12.385 288.292 282.273 265.940 1051.360 284.325 843.450 56.903 241.778 50.387 856.753 274.063 271.308 298.132 282.625 302.110 261.192 279.558 267.673 255.470 268.183 287.145 9.830 282.508 305.793 277.857 269.167 335.740 221.023 278.883 854.430 1072.995 1061.078 317.138 50.307 287.772 1065.012 211.130 283.540
96.920 1105.087 297.847 297.847 1311.493 36.300 1100.165 25.260 107.203 13.620 89.405 43.338 79.880 309.172 12.953 1315.763 113.290 96.830 309.065 1321.795 272.625 0.000 105.168 314.733 105.462 17.877 313.855 47.787 346.785 1109.593 102.138 1106.160 291.050 289.290 1311.782 1113.297 22.645 282.888 134.802 99.528 21.925 1314.345 309.168 1324.283 292.153 312.023 351.325 1266.048 89.172 28.628 96.743 43.463 87.802 28.855 277.197 87.277 29.630 45.078 1309.823 17.867 1101.913 318.678 112.907 308.730 1115.217 7.927 17.730 31.673 72.307 41.735 17.033 48.308 49.567 96.615 40.977 96.807 274.642 42.182 46.773 86.715 24.987 102.430 118.577 89.347 1112.893 1331.458 1319.542 52.658 308.650 50.120 1323.475 104.458 24.165
16.635 1064.820 257.670 257.670 1271.227 76.112 1059.898 83.512 15.043 102.730 22.162 70.758 57.045 268.995 102.813 1275.497 16.502 70.908 268.888 1281.528 232.210 105.168 0.000 274.318 74.703 116.970 273.533 137.885 325.085 1069.327 37.180 1065.893 250.873 248.968 1271.515 1073.030 91.450 238.122 93.552 66.138 107.217 1274.078 268.992 1284.017 251.738 271.702 329.885 1225.782 57.138 119.042 73.452 69.837 39.468 91.462 232.903 64.772 97.102 71.168 1269.557 113.225 1061.647 278.357 14.470 268.553 1074.950 107.915 91.378 121.968 59.105 131.835 98.358 65.047 72.075 27.143 74.733 63.625 234.227 71.898 136.872 54.337 84.372 112.220 31.095 55.363 1072.627 1291.192 1279.275 137.268 268.473 70.932 1283.208 31.885 107.648
269.355 806.025 20.123 20.123 1012.432 321.617 801.103 313.478 263.263 309.800 290.115 316.023 322.673 19.605 309.415 1016.702 268.222 336.537 19.498 1022.733 50.323 314.733 274.318 0.000 340.332 324.717 18.012 349.762 76.853 810.532 251.827 807.098 33.530 29.947 1012.720 814.235 308.347 55.148 362.968 331.767 324.398 1015.283 18.187 1025.222 29.820 11.812 85.650 966.987 322.767 337.195 339.080 322.005 266.392 317.870 51.802 330.400 324.382 308.048 1010.762 326.433 802.852 10.657 283.887 19.583 816.155 316.172 313.417 340.240 324.733 344.218 303.300 321.667 309.782 297.578 310.292 329.253 51.702 324.617 347.902 319.965 311.275 377.848 263.132 320.992 813.832 1032.397 1020.480 359.247 29.793 329.880 1024.413 253.238 325.648
69.690 1130.833 323.683 323.683 1337.240 72.828 1125.912 83.367 86.747 103.023 57.463 71.197 35.153 335.008 103.107 1341.510 88.170 16.900 334.902 1347.542 298.223 105.462 74.703 340.332 0.000 106.592 339.547 110.575 391.098 1135.340 96.878 1131.907 316.887 314.982 1337.528 1139.043 91.743 304.135 33.723 12.660 89.793 1340.092 335.005 1350.030 317.752 337.715 395.898 1291.795 23.348 93.173 16.113 67.945 87.042 82.130 298.917 26.645 82.487 79.308 1335.570 95.990 1127.660 344.370 80.842 334.567 1140.963 106.327 91.492 96.100 36.760 105.952 100.862 61.760 73.027 63.320 83.162 15.493 300.240 67.257 109.562 26.932 84.665 45.337 101.555 23.065 1138.640 1357.205 1345.288 99.865 334.487 59.157 1349.222 93.593 86.997
108.467 1115.070 307.830 307.830 1321.477 48.102 1110.148 37.062 118.750 23.935 101.207 55.140 86.270 319.155 23.268 1325.747 124.837 97.530 319.048 1331.778 282.608 17.877 116.970 324.717 106.592 0.000 323.838 41.822 356.768 1119.577 113.685 1116.143 301.033 299.273 1321.765 1123.280 34.353 292.872 135.455 104.703 23.192 1324.328 319.152 1334.267 302.137 322.007 361.308 1276.032 94.852 24.328 97.397 55.265 99.348 36.835 287.180 92.452 32.435 56.625 1319.807 13.780 1111.897 328.662 124.708 318.713 1125.200 13.410 29.532 26.105 77.438 35.008 28.580 60.110 61.275 108.417 52.523 101.982 284.625 53.983 39.938 93.105 36.695 103.222 130.123 95.737 1122.877 1341.442 1329.525 48.358 318.633 55.435 1333.458 116.005 25.452
268.570 794.725 17.837 17.837 1001.132 320.738 789.803 312.600 262.478 308.922 289.330 315.238 321.888 15.497 308.537 1005.402 267.437 335.752 15.390 1011.433 55.337 313.855 273.533 18.012 339.547 323.838 0.000 348.883 62.082 799.232 251.042 795.798 31.505 30.127 1001.420 802.935 307.468 64.775 362.183 330.982 323.520 1003.983 12.893 1013.922 38.417 10.530 70.878 955.687 321.982 336.317 338.295 321.220 265.607 316.992 61.358 329.615 323.503 307.263 999.462 325.555 791.552 19.442 283.102 13.403 804.855 315.293 312.538 339.362 323.948 343.340 302.422 320.882 308.997 296.793 309.413 328.468 59.692 323.832 347.023 319.180 310.397 377.063 262.347 320.207 802.532 1021.097 1009.180 358.368 26.405 329.095 1013.113 252.453 324.770
132.872 1140.115 332.875 332.875 1346.522 73.888 1135.193 62.695 148.623 55.240 120.645 80.927 99.448 344.200 54.573 1350.792 151.352 102.115 344.093 1356.823 307.653 47.787 137.885 349.762 110.575 41.822 348.883 0.000 381.813 1144.622 143.558 1141.188 326.078 324.318 1346.810 1148.325 63.588 317.917 137.867 115.388 38.638 1349.373 344.197 1359.312 327.182 347.052 386.353 1301.077 105.865 23.305 101.982 77.395 129.222 53.562 312.225 103.465 46.153 86.498 1344.852 32.920 1136.942 353.707 145.623 343.758 1150.245 46.673 56.737 20.972 88.193 11.137 58.652 78.655 88.222 126.502 82.397 112.995 309.670 74.455 8.783 104.915 63.733 104.272 159.997 106.763 1147.922 1366.487 1354.570 16.050 343.678 72.065 1358.503 145.878 37.375
320.122 806.298 67.307 67.307 1012.705 353.668 801.377 345.530 314.030 341.852 340.882 357.448 373.440 73.127 341.467 1016.975 318.988 387.303 73.020 1023.007 106.918 346.785 325.085 76.853 391.098 356.768 62.082 381.813 0.000 810.805 302.593 807.372 79.592 82.935 1012.993 814.508 340.398 116.613 413.735 382.533 356.450 1015.557 71.005 1025.495 91.437 69.372 16.593 967.260 373.533 369.247 389.847 360.832 317.158 349.922 113.197 381.167 356.433 346.445 1011.035 358.485 803.125 72.002 334.653 71.515 816.428 348.223 345.468 372.292 375.500 376.270 335.352 365.677 353.107 348.345 342.343 380.020 111.530 359.550 379.953 370.732 343.327 423.022 313.898 371.758 814.105 1032.670 1020.753 391.298 69.308 367.488 1024.687 304.005 357.700
1064.363 10.305 813.522 813.522 218.787 1116.477 16.562 1108.338 1058.272 1104.660 1085.123 1111.032 1117.682 811.048 1104.275 223.057 1063.230 1131.545 810.942 229.088 851.130 1109.593 1069.327 810.532 1135.340 1119.577 799.232 1144.622 810.805 0.000 1046.835 22.330 827.212 825.920 219.075 10.555 1103.207 859.767 1157.977 1126.775 1119.258 221.638 808.445 231.577 834.210 806.522 823.685 173.342 1117.775 1132.055 1134.088 1117.013 1061.400 1112.730 856.420 1125.408 1119.242 1103.057 217.117 1121.293 17.135 802.875 1078.895 808.955 17.138 1111.032 1108.277 1135.100 1119.742 1139.078 1098.160 1116.675 1104.790 1092.587 1105.152 1124.262 855.485 1119.625 1142.762 1114.973 1106.135 1172.857 1058.140 1116.000 11.627 238.752 226.835 1154.107 821.957 1124.888 230.768 1048.247 1120.508
27.912 1042.328 235.178 235.178 1248.735 81.057 1037.407 85.268 26.125 94.792 48.672 69.077 78.508 246.503 94.407 1253.005 32.212 93.083 246.397 1259.037 209.718 102.138 37.180 251.827 96.878 113.685 251.042 143.558 302.593 1046.835 0.000 1043.402 228.382 226.477 1249.023 1050.538 86.032 215.630 125.830 88.313 108.872 1251.587 246.500 1261.525 229.247 249.210 307.393 1203.290 79.313 124.400 95.627 75.058 19.445 94.660 210.412 86.947 101.818 61.102 1247.065 113.837 1039.155 255.865 46.748 246.062 1052.458 104.710 91.715 127.445 80.353 137.507 88.292 74.720 62.835 56.135 64.667 85.800 211.735 77.670 142.545 76.512 84.965 134.395 28.767 77.538 1050.135 1268.700 1256.783 144.440 245.982 82.933 1260.717 9.110 110.088
1060.930 12.493 810.088 810.088 208.547 1113.043 19.887 1104.905 1054.838 1101.227 1081.690 1107.598 1114.248 807.615 1100.842 212.817 1059.797 1128.112 807.508 218.848 847.697 1106.160 1065.893 807.098 1131.907 1116.143 795.798 1141.188 807.372 22.330 1043.402 0.000 823.778 822.487 208.835 19.902 1099.773 856.333 1154.543 1123.342 1115.825 211.398 805.012 221.337 830.777 803.088 820.252 163.102 1114.342 1128.622 1130.655 1113.580 1057.967 1109.297 852.987 1121.975 1115.808 1099.623 206.877 1117.860 15.493 799.442 1075.462 805.522 18.955 1107.598 1104.843 1131.667 1116.308 1135.645 1094.727 1113.242 1101.357 1089.153 1101.718 1120.828 852.052 1116.192 1139.328 1111.540 1102.702 1169.423 1054.707 1112.567 18.215 228.512 216.595 1150.673 818.523 1121.455 220.528 1044.813 1117.075
245.910 822.705 12.345 12.345 1029.112 297.933 817.783 289.795 239.818 286.117 266.670 292.578 299.228 23.502 285.732 1033.382 244.777 313.092 23.395 1039.413 32.707 291.050 250.873 33.530 316.887 301.033 31.505 326.078 79.592 827.212 228.382 823.778 0.000 11.597 1029.400 830.915 284.663 42.402 339.523 308.322 300.715 1031.963 23.498 1041.902 20.218 29.737 84.962 983.667 299.322 313.512 315.635 298.560 242.947 294.187 38.985 306.955 300.698 284.603 1027.442 302.750 819.532 36.392 260.442 23.060 832.835 292.488 289.733 316.557 301.288 320.535 279.617 298.222 286.337 274.133 286.608 305.808 37.318 301.172 324.218 296.520 287.592 354.403 239.687 297.547 830.512 1049.077 1037.160 335.563 22.980 306.435 1041.093 229.793 301.965
244.005 821.413 14.525 14.525 1027.820 296.173 816.492 288.035 237.913 284.357 264.765 290.673 297.323 26.690 283.972 1032.090 242.872 311.187 26.583 1038.122 30.690 289.290 248.968 29.947 314.982 299.273 30.127 324.318 82.935 825.920 226.477 822.487 11.597 0.000 1028.108 829.623 282.903 39.353 337.618 306.417 298.955 1030.672 26.687 1040.610 14.570 26.438 88.305 982.375 297.417 311.752 313.730 296.655 241.042 292.427 35.937 305.050 298.938 282.698 1026.150 300.990 818.240 33.093 258.537 26.403 831.543 290.728 287.973 314.797 299.383 318.775 277.857 296.317 284.432 272.228 284.848 303.903 34.270 299.267 322.458 294.615 285.832 352.498 237.782 295.642 829.220 1047.785 1035.868 333.803 26.323 304.530 1039.802 227.888 300.205
1266.552 212.627 1015.710 1015.710 2.847 1318.665 223.988 1310.527 1260.460 1306.848 1287.312 1313.220 1319.870 1013.237 1306.463 10.202 1265.418 1333.733 1013.130 13.148 1053.318 1311.782 1271.515 1012.720 1337.528 1321.765 1001.420 1346.810 1012.993 219.075 1249.023 208.835 1029.400 1028.108 0.000 212.053 1305.395 1061.955 1360.165 1328.963 1321.447 25.533 1010.633 17.355 1036.398 1008.710 1025.873 62.845 1319.963 1334.243 1336.277 1319.202 1263.588 1314.918 1058.608 1327.597 1321.430 1305.245 4.958 1323.482 220.217 1005.063 1281.083 1011.143 207.928 1313.220 1310.465 1337.288 1321.930 1341.267 1300.348 1318.863 1306.978 1294.775 1307.340 1326.450 1057.673 1321.813 1344.950 1317.162 1308.323 1375.045 1260.328 1318.188 211.748 29.538 10.895 1356.295 1024.145 1327.077 19.428 1250.435 1322.697
1068.067 7.203 817.225 817.225 211.765 1120.180 17.940 1112.042 1061.975 1108.363 1088.827 1114.735 1121.385 814.752 1107.978 216.035 1066.933 1135.248 814.645 222.067 854.833 1113.297 1073.030 814.235 1139.043 1123.280 802.935 1148.325 814.508 10.555 1050.538 19.902 830.915 829.623 212.053 0.000 1106.910 863.470 1161.680 1130.478 1122.962 214.617 812.148 224.555 837.913 810.225 827.388 166.320 1121.478 1135.758 1137.792 1120.717 1065.103 1116.433 860.123 1129.112 1122.945 1106.760 210.095 1124.997 16.957 806.578 1082.598 812.658 10.117 1114.735 1111.980 1138.803 1123.445 1142.782 1101.863 1120.378 1108.493 1096.290 1108.855 1127.965 859.188 1123.328 1146.465 1118.677 1109.838 1176.560 1061.843 1119.703 5.707 231.730 219.813 1157.810 825.660 1128.592 223.747 1051.950 1124.212
80.813 1098.700 291.460 291.460 1305.107 23.382 1093.778 13.428 91.097 16.182 75.687 29.242 66.162 302.785 15.797 1309.377 97.183 83.112 302.678 1315.408 266.238 22.645 91.450 308.347 91.743 34.353 307.468 63.588 340.398 1103.207 86.032 1099.773 284.663 282.903 1305.395 1106.910 0.000 276.502 121.453 85.810 28.902 1307.958 302.782 1317.897 285.767 305.637 344.938 1259.662 75.453 44.430 85.655 30.545 71.695 17.820 270.810 73.558 24.193 28.972 1303.437 33.983 1095.527 312.292 99.188 302.343 1108.830 25.378 12.157 47.475 59.567 57.537 13.552 35.390 31.355 82.897 24.870 83.088 268.255 29.263 62.575 72.997 11.248 91.758 102.470 75.628 1106.507 1325.072 1313.155 66.605 302.263 37.202 1317.088 88.352 30.118
233.158 855.260 49.105 49.105 1061.667 289.772 850.338 281.633 227.067 277.955 253.918 279.827 286.477 60.523 277.570 1065.937 232.025 300.340 60.417 1071.968 18.417 282.888 238.122 55.148 304.135 292.872 64.775 317.917 116.613 859.767 215.630 856.333 42.402 39.353 1061.955 863.470 276.502 0.000 326.772 295.570 292.553 1064.518 60.520 1074.457 29.528 59.995 121.983 1016.222 286.570 305.350 302.883 285.808 230.195 286.025 12.072 294.203 292.537 271.852 1059.997 294.588 852.087 61.728 247.690 60.082 865.390 284.327 281.572 308.395 288.537 312.373 271.455 285.470 273.585 261.382 275.417 293.057 14.097 288.420 316.057 283.768 279.430 341.652 226.935 284.795 863.067 1081.632 1069.715 327.402 60.002 293.683 1073.648 217.042 293.803
99.405 1153.470 346.320 346.320 1359.877 102.538 1148.548 113.077 103.020 132.733 85.348 100.907 64.943 357.645 132.817 1364.147 98.748 46.008 357.538 1370.178 320.860 134.802 93.552 362.968 33.723 135.455 362.183 137.867 413.735 1157.977 125.830 1154.543 339.523 337.618 1360.165 1161.680 121.453 326.772 0.000 42.008 118.657 1362.728 357.642 1372.667 340.388 360.352 418.535 1314.432 53.265 120.465 45.222 97.655 116.757 110.993 321.553 56.345 111.350 109.018 1358.207 124.853 1150.297 367.007 82.798 357.203 1163.600 135.190 121.095 123.392 66.470 133.243 130.572 91.470 102.737 91.205 112.872 44.850 322.877 96.967 136.853 56.722 114.375 71.838 110.953 52.797 1161.277 1379.842 1367.925 127.157 357.123 88.867 1371.858 120.535 115.860
61.125 1122.268 315.118 315.118 1328.675 66.895 1117.347 77.433 78.182 97.090 48.898 65.263 26.663 326.443 97.173 1332.945 79.605 16.765 326.337 1338.977 289.658 99.528 66.138 331.767 12.660 104.703 330.982 115.388 382.533 1126.775 88.313 1123.342 308.322 306.417 1328.963 1130.478 85.810 295.570 42.008 0.000 88.745 1331.527 326.440 1341.465 309.187 329.150 387.333 1283.230 15.012 96.873 17.752 62.012 78.477 76.603 290.352 21.338 79.022 73.375 1327.005 95.145 1119.095 335.805 73.327 326.002 1132.398 101.593 85.558 99.800 30.827 109.667 94.928 55.827 67.093 54.755 77.228 6.570 291.675 61.323 114.375 18.442 78.732 53.840 92.990 14.517 1130.075 1348.640 1336.723 104.678 325.922 53.223 1340.657 85.028 88.350
101.808 1114.752 307.512 307.512 1321.158 41.325 1109.830 30.197 113.937 23.088 91.453 48.363 70.703 318.837 24.858 1325.428 120.023 80.732 318.730 1331.460 282.290 21.925 107.217 324.398 89.793 23.192 323.520 38.638 356.450 1119.258 108.872 1115.825 300.715 298.955 1321.447 1122.962 28.902 292.553 118.657 88.745 0.000 1324.010 318.833 1333.948 301.818 321.688 360.990 1275.713 78.893 19.795 80.598 45.198 94.535 21.365 286.862 76.493 13.930 51.812 1319.488 12.470 1111.578 328.343 114.955 318.395 1124.882 21.035 21.815 22.722 61.222 32.588 24.098 46.458 55.483 97.547 47.710 86.023 284.307 42.258 37.625 77.538 30.377 86.423 125.310 79.792 1122.558 1341.123 1329.207 42.132 318.315 39.868 1333.140 111.192 5.958
1269.115 215.190 1018.273 1018.273 20.017 1321.228 226.552 1313.090 1263.023 1309.412 1289.875 1315.783 1322.433 1015.800 1309.027 18.883 1267.982 1336.297 1015.693 24.758 1055.882 1314.345 1274.078 1015.283 1340.092 1324.328 1003.983 1349.373 1015.557 221.638 1251.587 211.398 1031.963 1030.672 25.533 214.617 1307.958 1064.518 1362.728 1331.527 1324.010 0.000 1013.197 17.470 1038.962 1011.273 1028.437 65.408 1322.527 1336.807 1338.840 1321.765 1266.152 1317.482 1061.172 1330.160 1323.993 1307.808 27.492 1326.045 222.780 1007.627 1283.647 1013.707 210.492 1315.783 1313.028 1339.852 1324.493 1343.830 1302.912 1321.427 1309.542 1297.338 1309.903 1329.013 1060.237 1324.377 1347.513 1319.725 1310.887 1377.608 1262.892 1320.752 214.312 30.010 26.185 1358.858 1026.708 1329.640 16.437 1252.998 1325.260
264.028 803.938 9.967 9.967 1010.345 316.052 799.017 307.913 257.937 304.235 284.788 310.697 317.347 5.603 303.850 1014.615 262.895 331.210 5.497 1020.647 50.825 309.168 268.992 18.187 335.005 319.152 12.893 344.197 71.005 808.445 246.500 805.012 23.498 26.687 1010.633 812.148 302.782 60.520 357.642 326.440 318.833 1013.197 0.000 1023.135 35.157 13.035 78.493 964.900 317.440 331.630 333.753 316.678 261.065 312.305 57.103 325.073 318.817 302.722 1008.675 320.868 800.765 19.690 278.560 5.207 814.068 310.607 307.852 334.675 319.407 338.653 297.735 316.340 304.455 292.252 304.727 323.927 55.437 319.290 342.337 314.638 305.710 372.522 257.805 315.665 811.745 1030.310 1018.393 353.682 16.512 324.553 1022.327 247.912 320.083
1279.053 225.128 1028.212 1028.212 11.508 1331.167 236.490 1323.028 1272.962 1319.350 1299.813 1325.722 1332.372 1025.738 1318.965 12.628 1277.920 1346.235 1025.632 14.812 1065.820 1324.283 1284.017 1025.222 1350.030 1334.267 1013.922 1359.312 1025.495 231.577 1261.525 221.337 1041.902 1040.610 17.355 224.555 1317.897 1074.457 1372.667 1341.465 1333.948 17.470 1023.135 0.000 1048.900 1021.212 1038.375 75.347 1332.465 1346.745 1348.778 1331.703 1276.090 1327.420 1071.110 1340.098 1333.932 1317.747 19.313 1335.983 232.718 1017.565 1293.585 1023.645 220.430 1325.722 1322.967 1349.790 1334.432 1353.768 1312.850 1331.365 1319.480 1307.277 1319.842 1338.952 1070.175 1334.315 1357.452 1329.663 1320.825 1387.547 1272.830 1330.690 224.250 17.067 17.487 1368.797 1036.647 1339.578 5.073 1262.937 1335.198
246.775 829.703 22.928 22.928 1036.110 299.037 824.782 290.898 240.683 287.220 267.535 293.443 300.093 35.160 286.835 1040.380 245.642 313.957 35.053 1046.412 23.897 292.153 251.738 29.820 317.752 302.137 38.417 327.182 91.437 834.210 229.247 830.777 20.218 14.570 1036.398 837.913 285.767 29.528 340.388 309.187 301.818 1038.962 35.157 1048.900 0.000 34.328 96.807 990.665 300.187 314.615 316.500 299.425 243.812 295.290 26.182 307.820 301.802 285.468 1034.440 303.853 826.530 36.400 261.307 34.905 839.833 293.592 290.837 317.660 302.153 321.638 280.720 299.087 287.202 274.998 287.712 306.673 25.275 302.037 325.322 297.385 288.695 355.268 240.552 298.412 837.510 1056.075 1044.158 336.667 34.825 307.300 1048.092 230.658 303.068
266.738 802.015 16.068 16.068 1008.422 318.907 797.093 310.768 260.647 307.090 287.498 313.407 320.057 14.453 306.705 1012.692 265.605 333.920 14.347 1018.723 53.423 312.023 271.702 11.812 337.715 322.007 10.530 347.052 69.372 806.522 249.210 803.088 29.737 26.438 1008.710 810.225 305.637 59.995 360.352 329.150 321.688 1011.273 13.035 1021.212 34.328 0.000 78.168 962.977 320.150 334.485 336.463 319.388 263.775 315.160 56.648 327.783 321.672 305.432 1006.752 323.723 798.842 13.242 281.270 14.432 812.145 313.462 310.707 337.530 322.117 341.508 300.590 319.050 307.165 294.962 307.582 326.637 56.198 322.000 345.192 317.348 308.565 375.232 260.515 318.375 809.822 1028.387 1016.470 356.537 25.040 327.263 1020.403 250.622 322.938
324.922 819.178 72.677 72.677 1025.585 358.208 814.257 350.070 318.830 346.392 345.682 361.988 378.240 78.497 346.007 1029.855 323.788 392.103 78.390 1035.887 112.288 351.325 329.885 85.650 395.898 361.308 70.878 386.353 16.593 823.685 307.393 820.252 84.962 88.305 1025.873 827.388 344.938 121.983 418.535 387.333 360.990 1028.437 78.493 1038.375 96.807 78.168 0.000 980.140 378.333 373.787 394.647 365.372 321.958 354.462 118.567 385.967 360.973 350.985 1023.915 363.025 816.005 80.798 339.453 77.992 829.308 352.763 350.008 376.832 380.300 380.810 339.892 370.217 357.647 353.145 346.883 384.820 116.900 364.090 384.493 375.532 347.867 427.562 318.698 376.558 826.985 1045.550 1033.633 395.838 74.678 372.028 1037.567 308.805 362.240
1220.818 166.893 969.977 969.977 62.557 1272.932 178.255 1264.793 1214.727 1261.115 1241.578 1267.487 1274.137 967.503 1260.730 66.827 1219.685 1288.000 967.397 72.858 1007.585 1266.048 1225.782 966.987 1291.795 1276.032 955.687 1301.077 967.260 173.342 1203.290 163.102 983.667 982.375 62.845 166.320 1259.662 1016.222 1314.432 1283.230 1275.713 65.408 964.900 75.347 990.665 962.977 980.140 0.000 1274.230 1288.510 1290.543 1273.468 1217.855 1269.185 1012.875 1281.863 1275.697 1259.512 60.887 1277.748 174.483 959.330 1235.350 965.410 162.195 1267.487 1264.732 1291.555 1276.197 1295.533 1254.615 1273.130 1261.245 1249.042 1261.607 1280.717 1011.940 1276.080 1299.217 1271.428 1262.590 1329.312 1214.595 1272.455 166.015 82.522 70.605 1310.562 978.412 1281.343 74.538 1204.702 1276.963
52.125 1113.268 306.118 306.118 1319.675 56.538 1108.347 67.515 69.182 86.733 39.898 54.907 14.972 317.443 86.817 1323.945 70.605 16.770 317.337 1329.977 280.658 89.172 57.138 322.767 23.348 94.852 321.982 105.865 373.533 1117.775 79.313 1114.342 299.322 297.417 1319.963 1121.478 75.453 286.570 53.265 15.012 78.893 1322.527 317.440 1332.465 300.187 320.150 378.333 1274.230 0.000 87.022 19.313 51.655 69.477 66.752 281.352 12.455 69.170 63.018 1318.005 85.293 1110.095 326.805 64.327 317.002 1123.398 91.742 75.382 89.948 20.975 99.815 84.572 45.470 56.737 45.755 66.872 12.290 282.675 51.472 104.852 6.750 68.375 58.082 83.990 5.638 1121.075 1339.640 1327.723 103.255 316.922 43.372 1331.657 76.028 78.498
114.028 1127.548 320.308 320.308 1333.955 55.045 1122.627 43.852 129.465 36.082 101.802 62.083 80.605 331.633 35.415 1338.225 132.508 84.713 331.527 1344.257 295.087 28.628 119.042 337.195 93.173 24.328 336.317 23.305 369.247 1132.055 124.400 1128.622 313.512 311.752 1334.243 1135.758 44.430 305.350 120.465 96.873 19.795 1336.807 331.630 1346.745 314.615 334.485 373.787 1288.510 87.022 0.000 84.580 58.552 110.063 34.718 299.658 84.622 27.310 67.340 1332.285 13.762 1124.375 341.140 126.780 331.192 1137.678 27.515 37.578 7.192 69.350 17.253 39.493 59.812 69.378 107.658 63.238 94.152 297.103 55.612 22.292 86.072 44.890 86.870 140.838 87.920 1135.355 1353.920 1342.003 28.855 331.112 53.222 1345.937 126.720 18.532
68.438 1129.582 322.432 322.432 1335.988 66.740 1124.660 76.555 85.495 95.437 56.212 65.108 29.788 333.757 97.018 1340.258 86.918 5.543 333.650 1346.290 296.972 96.743 73.452 339.080 16.113 97.397 338.295 101.982 389.847 1134.088 95.627 1130.655 315.635 313.730 1336.277 1137.792 85.655 302.883 45.222 17.752 80.598 1338.840 333.753 1348.778 316.500 336.463 394.647 1290.543 19.313 84.580 0.000 61.857 85.790 72.935 297.665 19.158 73.292 73.220 1334.318 86.795 1126.408 343.118 80.640 333.315 1139.712 97.132 83.037 87.507 30.672 97.358 94.773 55.672 66.938 62.068 77.073 17.300 298.988 61.168 100.968 23.063 78.577 45.132 100.303 21.518 1137.388 1355.953 1344.037 91.272 333.235 53.068 1347.970 92.342 77.802
64.428 1112.507 305.357 305.357 1318.913 10.188 1107.585 21.807 80.123 41.123 54.073 13.648 42.363 316.682 41.908 1323.183 83.303 59.313 316.575 1329.215 279.897 43.463 69.837 322.005 67.945 55.265 321.220 77.395 360.832 1117.013 75.058 1113.580 298.560 296.655 1319.202 1120.717 30.545 285.808 97.655 62.012 45.198 1321.765 316.678 1331.703 299.425 319.388 365.372 1273.468 51.655 58.552 61.857 0.000 60.722 28.025 280.590 49.760 35.083 24.042 1317.243 51.207 1109.333 326.043 77.575 316.240 1122.637 46.210 29.673 61.478 36.295 71.345 39.663 10.225 19.230 61.283 26.932 59.290 281.913 5.975 76.382 49.198 23.107 81.478 91.497 51.830 1120.313 1338.878 1326.962 77.705 316.160 13.495 1330.895 77.378 45.630
23.617 1056.893 249.743 249.743 1263.300 66.720 1051.972 70.932 28.413 80.455 44.150 54.740 68.672 261.068 80.070 1267.570 34.500 83.247 260.962 1273.602 224.283 87.802 39.468 266.392 87.042 99.348 265.607 129.222 317.158 1061.400 19.445 1057.967 242.947 241.042 1263.588 1065.103 71.695 230.195 116.757 78.477 94.535 1266.152 261.065 1276.090 243.812 263.775 321.958 1217.855 69.477 110.063 85.790 60.722 0.000 80.323 224.977 77.110 87.482 46.765 1261.630 99.500 1053.720 270.430 47.747 260.627 1067.023 90.373 77.378 113.108 70.517 123.170 73.955 60.383 48.498 51.613 50.330 75.963 226.300 63.333 128.208 66.675 70.628 124.558 37.560 67.702 1064.700 1283.265 1271.348 130.103 260.547 68.597 1275.282 21.765 95.752
86.053 1108.223 300.983 300.983 1314.630 23.883 1103.302 13.165 99.725 27.210 75.698 30.922 58.170 312.308 28.980 1318.900 104.928 73.068 312.202 1324.932 275.762 28.855 91.462 317.870 82.130 36.835 316.992 53.562 349.922 1112.730 94.660 1109.297 294.187 292.427 1314.918 1116.433 17.820 286.025 110.993 76.603 21.365 1317.482 312.305 1327.420 295.290 315.160 354.462 1269.185 66.752 34.718 72.935 28.025 80.323 0.000 280.333 64.352 11.250 36.568 1312.960 27.277 1105.050 321.815 99.200 311.867 1118.353 31.602 14.810 37.645 49.338 47.512 26.938 30.277 38.217 82.908 33.648 73.882 277.778 25.103 52.548 65.005 14.428 78.670 111.098 67.637 1116.030 1334.595 1322.678 53.872 311.787 27.335 1326.612 96.980 21.797
227.940 851.913 45.688 45.688 1058.320 284.080 846.992 275.942 221.848 272.263 248.700 274.608 281.258 57.107 271.878 1062.590 226.807 295.122 57.000 1068.622 12.385 277.197 232.903 51.802 298.917 287.180 61.358 312.225 113.197 856.420 210.412 852.987 38.985 35.937 1058.608 860.123 270.810 12.072 321.553 290.352 286.862 1061.172 57.103 1071.110 26.182 56.648 118.567 1012.875 281.352 299.658 297.665 280.590 224.977 280.333 0.000 288.985 286.845 266.633 1056.650 288.897 848.740 58.382 242.472 56.665 862.043 278.635 275.880 302.703 283.318 306.682 265.763 280.252 268.367 256.163 270.198 287.838 5.555 283.202 310.365 278.550 273.738 336.433 221.717 279.577 859.720 1078.285 1066.368 321.710 56.585 288.465 1070.302 211.823 288.112
59.758 1120.902 313.752 313.752 1327.308 54.643 1115.980 65.182 76.815 84.838 47.532 53.012 17.692 325.077 84.922 1331.578 78.238 17.687 324.970 1337.610 288.292 87.277 64.772 330.400 26.645 92.452 329.615 103.465 381.167 1125.408 86.947 1121.975 306.955 305.050 1327.597 1129.112 73.558 294.203 56.345 21.338 76.493 1330.160 325.073 1340.098 307.820 327.783 385.967 1281.863 12.455 84.622 19.158 49.760 77.110 64.352 288.985 0.000 66.770 61.123 1325.638 82.893 1117.728 334.438 71.960 324.635 1131.032 89.342 73.307 87.548 18.575 97.415 82.677 43.575 54.842 53.388 64.977 18.617 290.308 49.072 102.452 14.383 66.480 56.368 91.623 15.072 1128.708 1347.273 1335.357 96.825 324.555 40.972 1339.290 83.662 76.098
91.693 1114.735 307.495 307.495 1321.142 31.577 1109.813 20.383 106.883 29.987 81.338 38.615 60.588 318.820 31.757 1325.412 110.568 73.425 318.713 1331.443 282.273 29.630 97.102 324.382 82.487 32.435 323.503 46.153 356.433 1119.242 101.818 1115.808 300.698 298.938 1321.430 1122.945 24.193 292.537 111.350 79.022 13.930 1323.993 318.817 1333.932 301.802 321.672 360.973 1275.697 69.170 27.310 73.292 35.083 87.482 11.250 286.845 66.770 0.000 44.262 1319.472 22.758 1111.562 328.327 104.840 318.378 1124.865 29.440 18.448 30.237 51.757 40.103 30.997 36.343 45.910 87.432 40.657 76.300 284.290 32.143 45.140 67.423 21.422 78.487 118.257 70.055 1122.542 1341.107 1329.190 46.463 318.298 29.753 1333.123 104.138 14.252
55.883 1098.550 291.400 291.400 1304.957 22.965 1093.628 27.177 66.167 37.732 62.593 15.912 53.727 302.725 37.347 1309.227 72.253 70.677 302.618 1315.258 265.940 45.078 71.168 308.048 79.308 56.625 307.263 86.498 346.445 1103.057 61.102 1099.623 284.603 282.698 1305.245 1106.760 28.972 271.852 109.018 73.375 51.812 1307.808 302.722 1317.747 285.468 305.432 350.985 1259.512 63.018 67.340 73.220 24.042 46.765 36.568 266.633 61.123 44.262 0.000 1303.287 56.777 1095.377 312.087 78.907 302.283 1108.680 47.650 34.655 70.385 48.873 80.447 31.232 25.997 9.875 69.803 7.583 70.653 267.957 26.653 85.485 60.562 27.097 94.765 77.540 63.193 1106.357 1324.922 1313.005 86.883 302.203 34.173 1316.938 63.422 53.028
1264.593 210.668 1013.752 1013.752 4.805 1316.707 222.030 1308.568 1258.502 1304.890 1285.353 1311.262 1317.912 1011.278 1304.505 12.160 1263.460 1331.775 1011.172 15.107 1051.360 1309.823 1269.557 1010.762 1335.570 1319.807 999.462 1344.852 1011.035 217.117 1247.065 206.877 1027.442 1026.150 4.958 210.095 1303.437 1059.997 1358.207 1327.005 1319.488 27.492 1008.675 19.313 1034.440 1006.752 1023.915 60.887 1318.005 1332.285 1334.318 1317.243 1261.630 1312.960 1056.650 1325.638 1319.472 1303.287 0.000 1321.523 218.258 1003.105 1279.125 1009.185 205.970 1311.262 1308.507 1335.330 1319.972 1339.308 1298.390 1316.905 1305.020 1292.817 1305.382 1324.492 1055.715 1319.855 1342.992 1315.203 1306.365 1373.087 1258.370 1316.230 209.790 31.497 12.853 1354.337 1022.187 1325.118 21.387 1248.477 1320.738
107.817 1116.787 309.547 309.547 1323.193 46.642 1111.865 35.602 118.902 25.320 97.462 53.680 76.712 320.872 24.653 1327.463 124.988 86.928 320.765 1333.495 284.325 17.867 113.225 326.433 95.990 13.780 325.555 32.920 358.485 1121.293 113.837 1117.860 302.750 300.990 1323.482 1124.997 33.983 294.588 124.853 95.145 12.470 1326.045 320.868 1335.983 303.853 323.723 363.025 1277.748 85.293 13.762 86.795 51.207 99.500 27.277 288.897 82.893 22.758 56.777 1321.523 0.000 1113.613 330.378 120.963 320.430 1126.917 16.753 27.132 16.807 67.880 26.868 28.732 52.467 60.800 103.555 52.675 92.423 286.342 48.267 31.907 83.547 35.693 92.620 130.275 86.178 1124.593 1343.158 1331.242 37.792 320.350 45.877 1335.175 116.157 14.730
1056.683 7.463 805.842 805.842 219.928 1108.797 7.845 1100.658 1050.592 1096.980 1077.443 1103.352 1110.002 803.368 1096.595 224.198 1055.550 1123.865 803.262 230.230 843.450 1101.913 1061.647 802.852 1127.660 1111.897 791.552 1136.942 803.125 17.135 1039.155 15.493 819.532 818.240 220.217 16.957 1095.527 852.087 1150.297 1119.095 1111.578 222.780 800.765 232.718 826.530 798.842 816.005 174.483 1110.095 1124.375 1126.408 1109.333 1053.720 1105.050 848.740 1117.728 1111.562 1095.377 218.258 1113.613 0.000 795.195 1071.215 801.275 17.593 1103.352 1100.597 1127.420 1112.062 1131.398 1090.480 1108.995 1097.110 1084.907 1097.472 1116.582 847.805 1111.945 1135.082 1107.293 1098.455 1165.177 1050.460 1108.320 15.270 239.893 227.977 1146.427 814.277 1117.208 231.910 1040.567 1112.828
273.393 798.368 22.723 22.723 1004.775 325.562 793.447 317.423 267.302 313.745 294.153 320.062 326.712 21.108 313.360 1009.045 272.260 340.575 21.002 1015.077 56.903 318.678 278.357 10.657 344.370 328.662 19.442 353.707 72.002 802.875 255.865 799.442 36.392 33.093 1005.063 806.578 312.292 61.728 367.007 335.805 328.343 1007.627 19.690 1017.565 36.400 13.242 80.798 959.330 326.805 341.140 343.118 326.043 270.430 321.815 58.382 334.438 328.327 312.087 1003.105 330.378 795.195 0.000 287.925 21.087 808.498 320.117 317.362 344.185 328.772 348.163 307.245 325.705 313.820 301.617 314.237 333.292 58.282 328.655 351.847 324.003 315.220 381.887 267.170 325.030 806.175 1024.740 1012.823 363.192 31.695 333.918 1016.757 257.277 329.593
24.373 1074.388 267.238 267.238 1280.795 83.850 1069.467 91.250 23.938 110.468 29.900 78.497 64.783 278.563 110.552 1285.065 19.667 78.097 278.457 1291.097 241.778 112.907 14.470 283.887 80.842 124.708 283.102 145.623 334.653 1078.895 46.748 1075.462 260.442 258.537 1281.083 1082.598 99.188 247.690 82.798 73.327 114.955 1283.647 278.560 1293.585 261.307 281.270 339.453 1235.350 64.327 126.780 80.640 77.575 47.747 99.200 242.472 71.960 104.840 78.907 1279.125 120.963 1071.215 287.925 0.000 278.122 1084.518 115.653 99.117 129.707 66.843 139.573 106.097 72.785 79.813 34.882 82.472 70.813 243.795 79.637 144.610 61.525 92.110 119.408 31.872 62.552 1082.195 1300.760 1288.843 145.007 278.042 78.670 1292.777 41.453 115.387
263.590 804.448 9.835 9.835 1010.855 315.613 799.527 307.475 257.498 303.797 284.350 310.258 316.908 6.305 303.412 1015.125 262.457 330.772 6.198 1021.157 50.387 308.730 268.553 19.583 334.567 318.713 13.403 343.758 71.515 808.955 246.062 805.522 23.060 26.403 1011.143 812.658 302.343 60.082 357.203 326.002 318.395 1013.707 5.207 1023.645 34.905 14.432 77.992 965.410 317.002 331.192 333.315 316.240 260.627 311.867 56.665 324.635 318.378 302.283 1009.185 320.430 801.275 21.087 278.122 0.000 814.578 310.168 307.413 334.237 318.968 338.215 297.297 315.902 304.017 291.813 304.288 323.488 54.998 318.852 341.898 314.200 305.272 372.083 257.367 315.227 812.255 1030.820 1018.903 353.243 16.010 324.115 1022.837 247.473 319.645
1069.987 7.840 819.145 819.145 207.640 1122.100 19.852 1113.962 1063.895 1110.283 1090.747 1116.655 1123.305 816.672 1109.898 211.910 1068.853 1137.168 816.565 217.942 856.753 1115.217 1074.950 816.155 1140.963 1125.200 804.855 1150.245 816.428 17.138 1052.458 18.955 832.835 831.543 207.928 10.117 1108.830 865.390 1163.600 1132.398 1124.882 210.492 814.068 220.430 839.833 812.145 829.308 162.195 1123.398 1137.678 1139.712 1122.637 1067.023 1118.353 862.043 1131.032 1124.865 1108.680 205.970 1126.917 17.593 808.498 1084.518 814.578 0.000 1116.655 1113.900 1140.723 1125.365 1144.702 1103.783 1122.298 1110.413 1098.210 1110.775 1129.885 861.108 1125.248 1148.385 1120.597 1111.758 1178.480 1063.763 1121.623 9.127 227.605 215.688 1159.730 827.580 1130.512 219.622 1053.870 1126.132
99.492 1106.525 299.285 299.285 1312.932 39.047 1101.603 28.007 109.775 15.058 92.152 46.085 82.627 310.610 14.392 1317.202 115.862 97.265 310.503 1323.233 274.063 7.927 107.915 316.172 106.327 13.410 315.293 46.673 348.223 1111.032 104.710 1107.598 292.488 290.728 1313.220 1114.735 25.378 284.327 135.190 101.593 21.035 1315.783 310.607 1325.722 293.592 313.462 352.763 1267.487 91.742 27.515 97.132 46.210 90.373 31.602 278.635 89.342 29.440 47.650 1311.262 16.753 1103.352 320.117 115.653 310.168 1116.655 0.000 20.477 30.560 74.328 40.622 19.605 51.055 52.300 99.362 43.548 98.872 276.080 44.928 45.660 89.462 27.720 102.818 121.148 92.093 1114.332 1332.897 1320.980 51.545 310.088 52.325 1324.913 107.030 23.623
85.970 1103.770 296.530 296.530 1310.177 22.510 1098.848 11.470 96.780 15.982 75.615 29.548 66.090 307.855 17.752 1314.447 102.867 82.860 307.748 1320.478 271.308 17.730 91.378 313.417 91.492 29.532 312.538 56.737 345.468 1108.277 91.715 1104.843 289.733 287.973 1310.465 1111.980 12.157 281.572 121.095 85.558 21.815 1313.028 307.852 1322.967 290.837 310.707 350.008 1264.732 75.382 37.578 83.037 29.673 77.378 14.810 275.880 73.307 18.448 34.655 1308.507 27.132 1100.597 317.362 99.117 307.413 1113.900 20.477 0.000 40.623 58.293 50.685 16.393 34.518 36.668 82.825 30.553 82.837 273.325 28.392 55.723 72.925 11.562 88.772 108.153 75.557 1111.577 1330.142 1318.225 59.455 307.333 36.290 1322.158 94.035 23.032
116.955 1130.593 323.353 323.353 1337.000 57.972 1125.672 46.778 132.510 39.127 104.728 65.010 83.532 334.678 38.460 1341.270 135.435 87.640 334.572 1347.302 298.132 31.673 121.968 340.240 96.100 26.105 339.362 20.972 372.292 1135.100 127.445 1131.667 316.557 314.797 1337.288 1138.803 47.475 308.395 123.392 99.800 22.722 1339.852 334.675 1349.790 317.660 337.530 376.832 1291.555 89.948 7.192 87.507 61.478 113.108 37.645 302.703 87.548 30.237 70.385 1335.330 16.807 1127.420 344.185 129.707 334.237 1140.723 30.560 40.623 0.000 72.277 14.895 42.538 62.738 72.305 110.585 66.283 97.078 300.148 58.538 19.958 88.998 47.817 89.797 143.883 90.847 1138.400 1356.965 1345.048 27.768 334.157 56.148 1348.982 129.765 21.458
54.092 1115.235 308.085 308.085 1321.642 39.965 1110.313 50.168 71.148 70.145 41.865 39.840 14.558 319.410 70.930 1325.912 72.572 28.128 319.303 1331.943 282.625 72.307 59.105 324.733 36.760 77.438 323.948 88.193 375.500 1119.742 80.353 1116.308 301.288 299.383 1321.930 1123.445 59.567 288.537 66.470 30.827 61.222 1324.493 319.407 1334.432 302.153 322.117 380.300 1276.197 20.975 69.350 30.672 36.295 70.517 49.338 283.318 18.575 51.757 48.873 1319.972 67.880 1112.062 328.772 66.843 318.968 1125.365 74.328 58.293 72.277 0.000 82.143 68.685 30.403 42.592 47.722 52.727 28.105 284.642 34.058 87.180 20.025 52.128 59.572 85.957 21.873 1123.042 1341.607 1329.690 86.310 318.888 25.958 1333.623 77.995 60.827
126.822 1134.572 327.332 327.332 1340.978 67.838 1129.650 56.645 142.572 49.188 114.595 74.877 93.398 338.657 48.522 1345.248 145.302 97.492 338.550 1351.280 302.110 41.735 131.835 344.218 105.952 35.008 343.340 11.137 376.270 1139.078 137.507 1135.645 320.535 318.775 1341.267 1142.782 57.537 312.373 133.243 109.667 32.588 1343.830 338.653 1353.768 321.638 341.508 380.810 1295.533 99.815 17.253 97.358 71.345 123.170 47.512 306.682 97.415 40.103 80.447 1339.308 26.868 1131.398 348.163 139.573 338.215 1144.702 40.622 50.685 14.895 82.143 0.000 52.600 72.605 82.172 120.452 76.345 106.945 304.127 68.405 9.307 98.865 57.683 99.648 153.945 100.713 1142.378 1360.943 1349.027 20.572 338.135 66.015 1352.960 139.827 31.325
83.073 1093.653 286.413 286.413 1300.060 32.500 1088.732 22.547 93.357 9.800 84.805 38.360 75.280 297.738 9.415 1304.330 99.443 92.230 297.632 1310.362 261.192 17.033 98.358 303.300 100.862 28.580 302.422 58.652 335.352 1098.160 88.292 1094.727 279.617 277.857 1300.348 1101.863 13.552 271.455 130.572 94.928 24.098 1302.912 297.735 1312.850 280.720 300.590 339.892 1254.615 84.572 39.493 94.773 39.663 73.955 26.938 265.763 82.677 30.997 31.232 1298.390 28.732 1090.480 307.245 106.097 297.297 1103.783 19.605 16.393 42.538 68.685 52.600 0.000 44.508 37.893 92.015 27.130 92.207 263.208 38.382 57.638 82.115 20.367 100.877 104.730 84.747 1101.460 1320.025 1308.108 62.032 297.217 46.320 1312.042 90.612 25.545
59.638 1112.168 305.018 305.018 1318.575 15.033 1107.247 26.652 77.090 45.968 49.283 15.603 36.178 316.343 46.753 1322.845 78.513 53.128 316.237 1328.877 279.558 48.308 65.047 321.667 61.760 60.110 320.882 78.655 365.677 1116.675 74.720 1113.242 298.222 296.317 1318.863 1120.378 35.390 285.470 91.470 55.827 46.458 1321.427 316.340 1331.365 299.087 319.050 370.217 1273.130 45.470 59.812 55.672 10.225 60.383 30.277 280.252 43.575 36.343 25.997 1316.905 52.467 1108.995 325.705 72.785 315.902 1122.298 51.055 34.518 62.738 30.403 72.605 44.508 0.000 21.185 56.493 28.887 53.105 281.575 10.820 77.642 43.013 27.952 77.665 91.158 45.645 1119.975 1338.540 1326.623 78.965 315.822 13.657 1330.557 77.040 46.890
57.617 1100.283 293.133 293.133 1306.690 24.613 1095.362 28.825 67.900 43.000 56.312 11.187 47.445 304.458 42.615 1310.960 73.987 64.395 304.352 1316.992 267.673 49.567 72.075 309.782 73.027 61.275 308.997 88.222 353.107 1104.790 62.835 1101.357 286.337 284.432 1306.978 1108.493 31.355 273.585 102.737 67.093 55.483 1309.542 304.455 1319.480 287.202 307.165 357.647 1261.245 56.737 69.378 66.938 19.230 48.498 38.217 268.367 54.842 45.910 9.875 1305.020 60.800 1097.110 313.820 79.813 304.017 1110.413 52.300 36.668 72.305 42.592 82.172 37.893 21.185 0.000 63.522 13.783 64.372 269.690 21.842 87.208 54.280 28.793 89.853 79.273 56.912 1108.090 1326.655 1314.738 88.532 303.937 29.362 1318.672 65.155 56.233
26.965 1088.080 280.930 280.930 1294.487 67.558 1083.158 74.958 39.187 94.177 11.902 62.205 45.662 292.255 94.260 1298.757 40.610 59.525 292.148 1304.788 255.470 96.615 27.143 297.578 63.320 108.417 296.793 126.502 348.345 1092.587 56.135 1089.153 274.133 272.228 1294.775 1096.290 82.897 261.382 91.205 54.755 97.547 1297.338 292.252 1307.277 274.998 294.962 353.145 1249.042 45.755 107.658 62.068 61.283 51.613 82.908 256.163 53.388 87.432 69.803 1292.817 103.555 1084.907 301.617 34.882 291.813 1098.210 99.362 82.825 110.585 47.722 120.452 92.015 56.493 63.522 0.000 73.657 52.242 257.487 63.345 125.488 42.953 75.818 100.837 55.203 43.980 1095.887 1314.452 1302.535 125.885 291.733 61.633 1306.468 50.840 97.978
59.448 1100.645 293.405 293.405 1307.052 20.045 1095.723 24.257 69.732 33.630 66.447 18.802 57.580 304.730 33.245 1311.322 75.818 74.530 304.623 1317.353 268.183 40.977 74.733 310.292 83.162 52.523 309.413 82.397 342.343 1105.152 64.667 1101.718 286.608 284.848 1307.340 1108.855 24.870 275.417 112.872 77.228 47.710 1309.903 304.727 1319.842 287.712 307.582 346.883 1261.607 66.872 63.238 77.073 26.932 50.330 33.648 270.198 64.977 40.657 7.583 1305.382 52.675 1097.472 314.237 82.472 304.288 1110.775 43.548 30.553 66.283 52.727 76.345 27.130 28.887 13.783 73.657 0.000 74.507 270.200 25.927 81.383 64.415 23.803 91.845 81.105 67.047 1108.452 1327.017 1315.100 83.278 304.208 33.865 1319.033 66.987 48.927
58.612 1119.755 312.605 312.605 1326.162 64.173 1114.833 74.712 75.668 94.368 46.385 62.542 24.095 323.930 94.452 1330.432 77.092 14.758 323.823 1336.463 287.145 96.807 63.625 329.253 15.493 101.982 328.468 112.995 380.020 1124.262 85.800 1120.828 305.808 303.903 1326.450 1127.965 83.088 293.057 44.850 6.570 86.023 1329.013 323.927 1338.952 306.673 326.637 384.820 1280.717 12.290 94.152 17.300 59.290 75.963 73.882 287.838 18.617 76.300 70.653 1324.492 92.423 1116.582 333.292 70.813 323.488 1129.885 98.872 82.837 97.078 28.105 106.945 92.207 53.105 64.372 52.242 74.507 0.000 289.162 58.602 111.982 15.873 76.010 56.062 90.477 12.003 1127.562 1346.127 1334.210 103.163 323.408 50.502 1338.143 82.515 85.628
229.263 850.978 44.022 44.022 1057.385 281.525 846.057 273.387 223.172 269.708 250.023 275.932 282.582 55.440 269.323 1061.655 228.130 296.445 55.333 1067.687 9.830 274.642 234.227 51.702 300.240 284.625 59.692 309.670 111.530 855.485 211.735 852.052 37.318 34.270 1057.673 859.188 268.255 14.097 322.877 291.675 284.307 1060.237 55.437 1070.175 25.275 56.198 116.900 1011.940 282.675 297.103 298.988 281.913 226.300 277.778 5.555 290.308 284.290 267.957 1055.715 286.342 847.805 58.282 243.795 54.998 861.108 276.080 273.325 300.148 284.642 304.127 263.208 281.575 269.690 257.487 270.200 289.162 0.000 284.525 307.810 279.873 271.183 337.757 223.040 280.900 858.785 1077.350 1065.433 319.155 54.918 289.788 1069.367 213.147 285.557
66.490 1115.118 307.968 307.968 1321.525 8.907 1110.197 20.525 82.735 39.842 56.135 16.260 42.205 319.293 40.627 1325.795 85.365 58.625 319.187 1331.827 282.508 42.182 71.898 324.617 67.257 53.983 323.832 74.455 359.550 1119.625 77.670 1116.192 301.172 299.267 1321.813 1123.328 29.263 288.420 96.967 61.323 42.258 1324.377 319.290 1334.315 302.037 322.000 364.090 1276.080 51.472 55.612 61.168 5.975 63.333 25.103 283.202 49.072 32.143 26.653 1319.855 48.267 1111.945 328.655 79.637 318.852 1125.248 44.928 28.392 58.538 34.058 68.405 38.382 10.820 21.842 63.345 25.927 58.602 284.525 0.000 73.442 49.040 21.825 78.575 94.108 51.672 1122.925 1341.490 1329.573 74.765 318.772 11.258 1333.507 79.990 42.690
131.858 1138.255 331.015 331.015 1344.662 72.875 1133.333 61.682 147.610 54.227 119.632 79.913 98.435 342.340 53.560 1348.932 150.338 101.102 342.233 1354.963 305.793 46.773 136.872 347.902 109.562 39.938 347.023 8.783 379.953 1142.762 142.545 1139.328 324.218 322.458 1344.950 1146.465 62.575 316.057 136.853 114.375 37.625 1347.513 342.337 1357.452 325.322 345.192 384.493 1299.217 104.852 22.292 100.968 76.382 128.208 52.548 310.365 102.452 45.140 85.485 1342.992 31.907 1135.082 351.847 144.610 341.898 1148.385 45.660 55.723 19.958 87.180 9.307 57.638 77.642 87.208 125.488 81.383 111.982 307.810 73.442 0.000 103.902 62.720 103.258 158.983 105.750 1146.062 1364.627 1352.710 18.260 341.818 71.052 1356.643 144.865 36.362
49.323 1110.467 303.317 303.317 1316.873 54.082 1105.545 65.058 66.380 84.277 37.097 52.450 12.515 314.642 84.360 1321.143 67.803 20.520 314.535 1327.175 277.857 86.715 54.337 319.965 26.932 93.105 319.180 104.915 370.732 1114.973 76.512 1111.540 296.520 294.615 1317.162 1118.677 72.997 283.768 56.722 18.442 77.538 1319.725 314.638 1329.663 297.385 317.348 375.532 1271.428 6.750 86.072 23.063 49.198 66.675 65.005 278.550 14.383 67.423 60.562 1315.203 83.547 1107.293 324.003 61.525 314.200 1120.597 89.462 72.925 88.998 20.025 98.865 82.115 43.013 54.280 42.953 64.415 15.873 279.873 49.040 103.902 0.000 65.918 61.832 81.188 6.925 1118.273 1336.838 1324.922 103.032 314.120 41.625 1328.855 73.227 77.548
78.963 1101.628 294.388 294.388 1308.035 15.943 1096.707 5.717 90.030 21.358 68.608 22.405 59.083 305.713 22.612 1312.305 96.117 76.033 305.607 1318.337 269.167 24.987 84.372 311.275 84.665 36.695 310.397 63.733 343.327 1106.135 84.965 1102.702 287.592 285.832 1308.323 1109.838 11.248 279.430 114.375 78.732 30.377 1310.887 305.710 1320.825 288.695 308.565 347.867 1262.590 68.375 44.890 78.577 23.107 70.628 14.428 273.738 66.480 21.422 27.097 1306.365 35.693 1098.455 315.220 92.110 305.272 1111.758 27.720 11.562 47.817 52.128 57.683 20.367 27.952 28.793 75.818 23.803 76.010 271.183 21.825 62.720 65.918 0.000 84.850 101.403 68.550 1109.435 1328.000 1316.083 64.043 305.192 29.763 1320.017 87.285 31.283
107.207 1168.350 361.200 361.200 1374.757 80.117 1163.428 82.290 124.263 101.172 94.980 87.102 66.133 372.525 102.942 1379.027 125.687 45.265 372.418 1385.058 335.740 102.430 112.220 377.848 45.337 103.222 377.063 104.272 423.022 1172.857 134.395 1169.423 354.403 352.498 1375.045 1176.560 91.758 341.652 71.838 53.840 86.423 1377.608 372.522 1387.547 355.268 375.232 427.562 1329.312 58.082 86.870 45.132 81.478 124.558 78.670 336.433 56.368 78.487 94.765 1373.087 92.620 1165.177 381.887 119.408 372.083 1178.480 102.818 88.772 89.797 59.572 99.648 100.877 77.665 89.853 100.837 91.845 56.062 337.757 78.575 103.258 61.832 84.850 0.000 139.072 60.287 1176.157 1394.722 1382.805 93.562 372.003 71.952 1386.738 131.110 83.627
30.578 1053.633 246.483 246.483 1260.040 97.495 1048.712 101.707 19.945 111.230 50.222 85.515 83.897 257.808 110.845 1264.310 19.520 97.760 257.702 1270.342 221.023 118.577 31.095 263.132 101.555 130.123 262.347 159.997 313.898 1058.140 28.767 1054.707 239.687 237.782 1260.328 1061.843 102.470 226.935 110.953 92.990 125.310 1262.892 257.805 1272.830 240.552 260.515 318.698 1214.595 83.990 140.838 100.303 91.497 37.560 111.098 221.717 91.623 118.257 77.540 1258.370 130.275 1050.460 267.170 31.872 257.367 1063.763 121.148 108.153 143.883 85.957 153.945 104.730 91.158 79.273 55.203 81.105 90.477 223.040 94.108 158.983 81.188 101.403 139.072 0.000 82.215 1061.440 1280.005 1268.088 160.878 257.287 97.225 1272.022 25.840 126.527
50.350 1111.493 304.343 304.343 1317.900 56.713 1106.572 67.690 67.407 86.908 38.123 55.082 15.147 315.668 86.992 1322.170 68.830 18.975 315.562 1328.202 278.883 89.347 55.363 320.992 23.065 95.737 320.207 106.763 371.758 1116.000 77.538 1112.567 297.547 295.642 1318.188 1119.703 75.628 284.795 52.797 14.517 79.792 1320.752 315.665 1330.690 298.412 318.375 376.558 1272.455 5.638 87.920 21.518 51.830 67.702 67.637 279.577 15.072 70.055 63.193 1316.230 86.178 1108.320 325.030 62.552 315.227 1121.623 92.093 75.557 90.847 21.873 100.713 84.747 45.645 56.912 43.980 67.047 12.003 280.900 51.672 105.750 6.925 68.550 60.287 82.215 0.000 1119.300 1337.865 1325.948 104.880 315.147 44.257 1329.882 74.253 79.397
1067.663 5.517 816.822 816.822 211.460 1119.777 17.528 1111.638 1061.572 1107.960 1088.423 1114.332 1120.982 814.348 1107.575 215.730 1066.530 1134.845 814.242 221.762 854.430 1112.893 1072.627 813.832 1138.640 1122.877 802.532 1147.922 814.105 11.627 1050.135 18.215 830.512 829.220 211.748 5.707 1106.507 863.067 1161.277 1130.075 1122.558 214.312 811.745 224.250 837.510 809.822 826.985 166.015 1121.075 1135.355 1137.388 1120.313 1064.700 1116.030 859.720 1128.708 1122.542 1106.357 209.790 1124.593 15.270 806.175 1082.195 812.255 9.127 1114.332 1111.577 1138.400 1123.042 1142.378 1101.460 1119.975 1108.090 1095.887 1108.452 1127.562 858.785 1122.925 1146.062 1118.273 1109.435 1176.157 1061.440 1119.300 0.000 231.425 219.508 1157.407 825.257 1128.188 223.442 1051.547 1123.808
1286.228 232.303 1035.387 1035.387 23.692 1338.342 243.665 1330.203 1280.137 1326.525 1306.988 1332.897 1339.547 1032.913 1326.140 24.812 1285.095 1353.410 1032.807 20.753 1072.995 1331.458 1291.192 1032.397 1357.205 1341.442 1021.097 1366.487 1032.670 238.752 1268.700 228.512 1049.077 1047.785 29.538 231.730 1325.072 1081.632 1379.842 1348.640 1341.123 30.010 1030.310 17.067 1056.075 1028.387 1045.550 82.522 1339.640 1353.920 1355.953 1338.878 1283.265 1334.595 1078.285 1347.273 1341.107 1324.922 31.497 1343.158 239.893 1024.740 1300.760 1030.820 227.605 1332.897 1330.142 1356.965 1341.607 1360.943 1320.025 1338.540 1326.655 1314.452 1327.017 1346.127 1077.350 1341.490 1364.627 1336.838 1328.000 1394.722 1280.005 1337.865 231.425 0.000 29.448 1375.972 1043.822 1346.753 17.230 1270.112 1342.373
1274.312 220.387 1023.470 1023.470 5.048 1326.425 231.748 1318.287 1268.220 1314.608 1295.072 1320.980 1327.630 1020.997 1314.223 10.523 1273.178 1341.493 1020.890 13.012 1061.078 1319.542 1279.275 1020.480 1345.288 1329.525 1009.180 1354.570 1020.753 226.835 1256.783 216.595 1037.160 1035.868 10.895 219.813 1313.155 1069.715 1367.925 1336.723 1329.207 26.185 1018.393 17.487 1044.158 1016.470 1033.633 70.605 1327.723 1342.003 1344.037 1326.962 1271.348 1322.678 1066.368 1335.357 1329.190 1313.005 12.853 1331.242 227.977 1012.823 1288.843 1018.903 215.688 1320.980 1318.225 1345.048 1329.690 1349.027 1308.108 1326.623 1314.738 1302.535 1315.100 1334.210 1065.433 1329.573 1352.710 1324.922 1316.083 1382.805 1268.088 1325.948 219.508 29.448 0.000 1364.055 1031.905 1334.837 19.560 1258.195 1330.457
132.255 1149.600 342.360 342.360 1356.007 74.198 1144.678 63.005 149.312 60.112 120.028 81.237 97.565 353.685 59.445 1360.277 150.735 91.405 353.578 1366.308 317.138 52.658 137.268 359.247 99.865 48.358 358.368 16.050 391.298 1154.107 144.440 1150.673 335.563 333.803 1356.295 1157.810 66.605 327.402 127.157 104.678 42.132 1358.858 353.682 1368.797 336.667 356.537 395.838 1310.562 103.255 28.855 91.272 77.705 130.103 53.872 321.710 96.825 46.463 86.883 1354.337 37.792 1146.427 363.192 145.007 353.243 1159.730 51.545 59.455 27.768 86.310 20.572 62.032 78.965 88.532 125.885 83.278 103.163 319.155 74.765 18.260 103.032 64.043 93.562 160.878 104.880 1157.407 1375.972 1364.055 0.000 353.163 72.375 1367.988 146.760 39.487
263.510 817.450 10.695 10.695 1023.857 315.533 812.528 307.395 257.418 303.717 284.270 310.178 316.828 16.515 303.332 1028.127 262.377 330.692 16.408 1034.158 50.307 308.650 268.473 29.793 334.487 318.633 26.405 343.678 69.308 821.957 245.982 818.523 22.980 26.323 1024.145 825.660 302.263 60.002 357.123 325.922 318.315 1026.708 16.512 1036.647 34.825 25.040 74.678 978.412 316.922 331.112 333.235 316.160 260.547 311.787 56.585 324.555 318.298 302.203 1022.187 320.350 814.277 31.695 278.042 16.010 827.580 310.088 307.333 334.157 318.888 338.135 297.217 315.822 303.937 291.733 304.208 323.408 54.918 318.772 341.818 314.120 305.192 372.003 257.287 315.147 825.257 1043.822 1031.905 353.163 0.000 324.035 1035.838 247.393 319.565
65.523 1120.382 313.232 313.232 1326.788 17.165 1115.460 28.165 82.975 47.780 55.168 23.780 34.790 324.557 48.565 1331.058 84.398 50.525 324.450 1337.090 287.772 50.120 70.932 329.880 59.157 55.435 329.095 72.065 367.488 1124.888 82.933 1121.455 306.435 304.530 1327.077 1128.592 37.202 293.683 88.867 53.223 39.868 1329.640 324.553 1339.578 307.300 327.263 372.028 1281.343 43.372 53.222 53.068 13.495 68.597 27.335 288.465 40.972 29.753 34.173 1325.118 45.877 1117.208 333.918 78.670 324.115 1130.512 52.325 36.290 56.148 25.958 66.015 46.320 13.657 29.362 61.633 33.865 50.502 289.788 11.258 71.052 41.625 29.763 71.952 97.225 44.257 1128.188 1346.753 1334.837 72.375 324.035 0.000 1338.770 85.253 40.300
1278.245 224.320 1027.403 1027.403 13.582 1330.358 235.682 1322.220 1272.153 1318.542 1299.005 1324.913 1331.563 1024.930 1318.157 14.702 1277.112 1345.427 1024.823 16.693 1065.012 1323.475 1283.208 1024.413 1349.222 1333.458 1013.113 1358.503 1024.687 230.768 1260.717 220.528 1041.093 1039.802 19.428 223.747 1317.088 1073.648 1371.858 1340.657 1333.140 16.437 1022.327 5.073 1048.092 1020.403 1037.567 74.538 1331.657 1345.937 1347.970 1330.895 1275.282 1326.612 1070.302 1339.290 1333.123 1316.938 21.387 1335.175 231.910 1016.757 1292.777 1022.837 219.622 1324.913 1322.158 1348.982 1333.623 1352.960 1312.042 1330.557 1318.672 1306.468 1319.033 1338.143 1069.367 1333.507 1356.643 1328.855 1320.017 1386.738 1272.022 1329.882 223.442 17.230 19.560 1367.988 1035.838 1338.770 0.000 1262.128 1334.390
22.617 1043.740 236.590 236.590 1250.147 83.377 1038.818 87.588 20.830 97.112 43.377 71.397 75.935 247.915 96.727 1254.417 26.917 89.798 247.808 1260.448 211.130 104.458 31.885 253.238 93.593 116.005 252.453 145.878 304.005 1048.247 9.110 1044.813 229.793 227.888 1250.435 1051.950 88.352 217.042 120.535 85.028 111.192 1252.998 247.912 1262.937 230.658 250.622 308.805 1204.702 76.028 126.720 92.342 77.378 21.765 96.980 211.823 83.662 104.138 63.422 1248.477 116.157 1040.567 257.277 41.453 247.473 1053.870 107.030 94.035 129.765 77.995 139.827 90.612 77.040 65.155 50.840 66.987 82.515 213.147 79.990 144.865 73.227 87.285 131.110 25.840 74.253 1051.547 1270.112 1258.195 146.760 247.393 85.253 1262.128 0.000 112.408
102.240 1116.002 308.762 308.762 1322.408 42.053 1111.080 30.628 115.153 24.535 91.885 49.092 71.135 320.087 26.305 1326.678 121.115 77.935 319.980 1332.710 283.540 24.165 107.648 325.648 86.997 25.452 324.770 37.375 357.700 1120.508 110.088 1117.075 301.965 300.205 1322.697 1124.212 30.118 293.803 115.860 88.350 5.958 1325.260 320.083 1335.198 303.068 322.938 362.240 1276.963 78.498 18.532 77.802 45.630 95.752 21.797 288.112 76.098 14.252 53.028 1320.738 14.730 1112.828 329.593 115.387 319.645 1126.132 23.623 23.032 21.458 60.827 31.325 25.545 46.890 56.233 97.978 48.927 85.628 285.557 42.690 36.362 77.548 31.283 83.627 126.527 79.397 1123.808 1342.373 1330.457 39.487 319.565 40.300 1334.390 112.408 0.000
0.0000 88.5873 21.3341 21.3341 105.8155 5.9019 87.9269 6.5208 1.4314 7.4816 1.6268 5.3094 4.3422 22.0300 7.4493 105.9211 1.9399 5.4994 22.0210 106.4253 18.9631 8.0945 1.3861 22.4731 5.8144 9.0561 22.3987 11.0985 26.6744 88.7140 2.3076 88.4288 20.5175 20.3600 105.5890 89.0226 6.7499 19.4616 8.2960 5.1007 8.5001 105.8037 22.0293 106.6339 20.5931 22.2578 27.0772 101.7743 4.3493 9.5236 5.7116 5.3784 1.9719 7.1812 19.0257 4.9869 7.6548 4.6683 105.4256 9.0028 88.0755 22.8136 2.0362 21.9897 89.1819 8.3066 7.1782 9.7684 4.5136 10.5929 6.9385 4.9779 4.8130 2.2503 4.9662 4.8908 19.1319 5.5501 11.0138 4.1154 6.5924 8.9496 2.5516 4.2007 88.9888 107.2199 106.2373 11.0453 21.9857 5.4684 106.5662 1.8879 8.5359
88.5873 0.0000 67.6740 67.6740 17.9725 92.5539 0.8112 91.8739 87.6555 91.5915 90.0688 92.2183 92.7869 67.2173 91.5593 18.0780 88.0699 93.9442 67.2084 18.5822 70.5542 92.0022 88.5749 67.1866 94.2591 92.9251 66.2391 95.0156 67.2121 0.8610 86.8493 1.0442 68.5661 68.4492 17.7459 0.6019 91.4596 71.2947 95.9754 93.5454 92.8033 17.9606 66.9999 18.7908 69.1448 66.8475 68.2886 13.9313 92.7940 93.8769 94.1563 92.7038 88.0906 92.2399 71.0146 93.4316 92.7802 91.5699 17.5825 92.9784 0.6229 66.5469 89.3751 67.0424 0.6540 92.1198 91.8825 94.1317 92.9583 94.5530 91.0485 92.6754 91.7147 90.6923 91.6089 93.3356 70.9184 92.9215 94.8605 92.5601 91.6900 97.3944 87.6457 92.6454 0.4609 19.3768 18.3942 95.8073 68.1246 93.3609 18.7231 86.9924 92.9125
21.3341 67.6740 0.0000 0.0000 84.9022 25.2932 67.0136 24.6131 20.4022 24.3308 22.8156 24.9651 25.5337 0.8323 24.2986 85.0078 20.8167 26.6909 0.8233 85.5120 3.2975 24.7415 21.3217 1.6800 27.0059 25.6644 1.4888 27.7549 5.5784 67.8007 19.5961 67.5155 1.0301 1.2123 84.6757 68.1093 24.1989 4.1014 28.7222 26.2922 25.5426 84.8904 0.8316 85.7206 1.9155 1.3416 6.0655 80.8610 25.5408 26.6162 26.9031 25.4506 20.8374 24.9792 3.8153 26.1784 25.5195 24.3167 84.5122 25.7177 67.1622 1.8974 22.1219 0.8210 68.2686 24.8590 24.6217 26.8710 25.7051 27.2923 23.7878 25.4222 24.4615 23.4391 24.3482 26.0823 3.6755 25.6683 27.5998 25.3069 24.4293 30.1411 20.3924 25.3922 68.0755 86.3066 85.3239 28.5466 0.8898 26.1077 85.6529 19.7392 25.6518
21.3341 67.6740 0.0000 0.0000 84.9022 25.2932 67.0136 24.6131 20.4022 24.3308 22.8156 24.9651 25.5337 0.8323 24.2986 85.0078 20.8167 26.6909 0.8233 85.5120 3.2975 24.7415 21.3217 1.6800 27.0059 25.6644 1.4888 27.7549 5.5784 67.8007 19.5961 67.5155 1.0301 1.2123 84.6757 68.1093 24.1989 4.1014 28.7222 26.2922 25.5426 84.8904 0.8316 85.7206 1.9155 1.3416 6.0655 80.8610 25.5408 26.6162 26.9031 25.4506 20.8374 24.9792 3.8153 26.1784 25.5195 24.3167 84.5122 25.7177 67.1622 1.8974 22.1219 0.8210 68.2686 24.8590 24.6217 26.8710 25.7051 27.2923 23.7878 25.4222 24.4615 23.4391 24.3482 26.0823 3.6755 25.6683 27.5998 25.3069 24.4293 30.1411 20.3924 25.3922 68.0755 86.3066 85.3239 28.5466 0.8898 26.1077 85.6529 19.7392 25.6518
105.8155 17.9725 84.9022 84.9022 0.0000 109.7821 18.6701 109.1021 104.8837 108.8198 107.2970 109.4465 110.0152 84.4455 108.7875 0.3640 105.2981 111.1724 84.4366 0.6098 87.7825 109.2304 105.8031 84.4148 111.4874 110.1533 83.4673 112.2438 84.4403 18.2608 104.0775 17.4048 85.7943 85.6775 0.2378 17.6742 108.6879 88.5230 113.2036 110.7736 110.0316 1.6711 84.2281 0.9622 86.3730 84.0757 85.5168 5.2208 110.0222 111.1051 111.3846 109.9321 105.3188 109.4681 88.2428 110.6598 110.0084 108.7981 0.4012 110.2066 18.3552 83.7751 106.6034 84.2706 17.3301 109.3480 109.1107 111.3599 110.1865 111.7812 108.2767 109.9036 108.9429 107.9205 108.8371 110.5638 88.1466 110.1497 112.0888 109.7883 108.9183 114.6226 104.8739 109.8736 17.6487 1.9787 0.4217 113.0356 85.3528 110.5891 1.1353 104.2206 110.1407
5.9019 92.5539 25.2932 25.2932 109.7821 0.0000 91.8935 0.9725 6.9428 2.5864 4.7896 1.1961 3.6953 25.9891 2.6512 109.8877 7.2256 5.1102 25.9801 110.3919 22.9401 2.7820 6.1013 26.4501 5.8303 3.7679 26.3708 5.9185 29.1428 92.6806 6.3717 92.3954 24.4766 24.3321 109.5556 92.9892 1.7019 23.7979 8.3112 5.3361 3.1980 109.7703 25.9884 110.6005 24.5701 26.2299 29.5197 105.7410 4.4710 4.3436 5.3224 0.5999 5.3184 1.7437 23.3225 4.3128 2.3832 1.6663 109.3922 3.6459 92.0421 26.7858 6.7514 25.9488 93.1485 3.0112 1.6298 4.5883 3.0878 5.4129 2.4639 1.0046 1.8015 5.3918 1.4223 5.1085 23.1089 0.4928 5.8337 4.2657 1.0810 6.4390 7.8927 4.4858 92.9554 111.1865 110.2039 5.9430 25.9448 1.1823 110.5328 6.7120 3.2609
87.9269 0.8112 67.0136 67.0136 18.6701 91.8935 0.0000 91.2135 86.9951 90.9311 89.4084 91.5579 92.1265 66.5569 90.8989 18.7756 87.4095 93.2838 66.5480 19.2799 69.8938 91.3418 87.9145 66.5262 93.5987 92.2647 65.5787 94.3552 66.5517 1.1334 86.1889 1.4077 67.9057 67.7888 18.4436 1.2469 90.7992 70.6343 95.3150 92.8850 92.1429 18.6583 66.3395 19.4885 68.4844 66.1871 67.6282 14.6289 92.1336 93.2165 93.4959 92.0434 87.4302 91.5795 70.3542 92.7712 92.1198 90.9095 18.2801 92.3180 0.4050 65.8865 88.7147 66.3820 1.4058 91.4593 91.2221 93.4713 92.2979 93.8926 90.3881 92.0150 91.0543 90.0319 90.9485 92.6751 70.2580 92.2611 94.2001 91.8997 91.0296 96.7340 86.9853 91.9850 1.2127 20.0744 19.0918 95.1469 67.4642 92.7005 19.4207 86.3320 92.2521
6.5208 91.8739 24.6132 24.6132 109.1021 0.9725 91.2135 0.0000 7.2945 1.6760 5.4085 1.5604 4.6123 25.3090 1.8200 109.2076 7.8030 5.9889 25.3000 109.7119 22.2600 1.8600 6.7203 25.7700 6.7090 2.8459 25.6908 4.9834 28.4627 92.0006 6.7234 91.7154 23.7965 23.6521 108.8756 92.3092 0.8707 23.1178 9.1899 6.2148 2.2710 109.0903 25.3084 109.9205 23.8901 25.5499 28.8396 105.0609 5.3880 3.4085 6.1432 1.5706 5.6700 0.8486 22.6424 5.1914 1.4481 2.0180 108.7121 2.7239 91.3621 26.1057 7.3704 25.2687 92.4685 2.0892 0.7078 3.6532 3.9379 4.4778 1.6327 1.9753 2.1532 6.0108 1.7740 5.9871 22.4288 1.4635 4.8987 5.1827 0.2268 6.6207 8.2444 5.4028 92.2754 110.5064 109.5238 5.0079 25.2648 2.0988 109.8527 7.0637 2.3068
1.4314 87.6555 20.4022 20.4022 104.8837 6.9428 86.9951 7.2945 0.0000 8.0904 2.5985 5.9255 5.5103 21.0981 8.0582 104.9892 0.5531 6.6675 21.0891 105.4935 18.0313 8.7034 1.0021 21.5412 6.9825 9.6650 21.4668 12.1585 25.7425 87.7822 1.9087 87.4970 19.5856 19.4281 104.6572 88.0908 7.3588 18.5297 8.3462 6.2688 9.2618 104.8719 21.0975 105.7021 19.6613 21.3260 26.1454 100.8425 5.5174 10.5597 6.8797 6.4111 2.1228 8.0783 18.0938 6.1550 8.6732 5.2771 104.4937 9.6801 87.1436 21.8818 1.7459 21.0578 88.2501 8.9154 7.8332 10.8144 5.6817 11.6553 7.5474 6.1794 5.4219 3.0146 5.5751 6.0589 18.2000 6.6287 12.0737 5.2834 7.2696 10.1177 1.4139 5.3688 88.0569 106.2880 105.3054 12.2134 21.0539 6.6699 105.6343 1.4890 9.3656
7.4816 91.5915 24.3308 24.3308 108.8198 2.5864 90.9311 1.6760 8.0904 0.0000 7.0139 3.1543 6.2177 25.0267 0.1592 108.9253 8.5989 7.6325 25.0177 109.4295 21.9777 0.8867 8.3257 25.4877 8.3527 1.7481 25.4084 4.3602 28.1804 91.7182 7.5193 91.4330 23.5142 23.3697 108.5932 92.0268 1.1009 22.8355 10.8336 7.8585 1.6712 108.8080 25.0261 109.6381 23.6077 25.2676 28.5573 104.7786 6.9933 2.7614 7.7208 3.1845 6.4660 2.0217 22.3601 6.8351 2.2510 2.9002 108.4298 1.8629 91.0797 25.8234 8.9758 24.9864 92.1861 1.0043 1.0817 3.0162 5.6097 3.8570 0.5678 3.5892 3.3412 7.6162 2.5578 7.6308 22.1465 3.0774 4.2755 6.7881 1.5338 8.1983 9.0403 7.0082 91.9930 110.2241 109.2415 4.7652 24.9824 3.7400 109.5704 7.8596 1.7942
1.6268 90.0688 22.8156 22.8156 107.2970 4.7896 89.4084 5.4085 2.5985 7.0139 0.0000 4.3422 3.0724 23.5115 7.0204 107.4026 2.7207 4.2296 23.5025 107.9068 20.4446 7.2180 1.5964 23.9546 4.5446 8.2039 23.8802 9.8287 28.1559 90.1955 3.7892 89.9103 21.9990 21.8415 107.0705 90.5041 6.0710 20.9431 6.8745 3.8308 7.3878 107.2852 23.5108 108.1154 22.0747 23.7393 28.5587 103.2559 3.0794 8.2538 4.4418 4.2661 3.4349 6.0689 20.5072 3.7170 6.5425 4.9764 106.9071 7.8905 89.5570 24.2951 2.2465 23.4712 90.6634 7.4472 6.0659 8.4985 3.2437 9.3231 6.8331 3.8656 4.4521 0.7437 5.2987 3.6210 20.6134 4.4378 9.7439 2.8455 5.4801 7.6798 3.9382 2.9309 90.4703 108.7014 107.7188 9.7754 23.4672 4.3561 108.0477 3.3694 7.4236
5.3094 92.2183 24.9651 24.9651 109.4465 1.1961 91.5579 1.5604 5.9255 3.1543 4.3422 0.0000 3.5586 25.6610 3.1410 109.5521 6.4341 4.9735 25.6520 110.0563 22.5941 3.3699 5.6540 26.1041 5.6937 4.3558 26.0297 6.5064 29.4584 92.3450 5.3544 92.0598 24.1484 23.9910 109.2200 92.6536 2.1917 23.0926 8.1746 5.1994 3.7859 109.4347 25.6603 110.2649 24.2241 25.8888 29.8353 105.4053 4.3343 4.9315 5.1857 0.8890 4.3011 2.3316 22.6567 4.1761 2.9711 1.0772 109.0565 4.2338 91.7065 26.4446 6.3041 25.6207 92.8129 3.5991 2.2178 5.1762 3.0764 6.0008 2.9537 1.0524 0.6832 4.9445 1.3190 4.9718 22.7629 1.1067 6.4217 4.1291 1.6205 7.0219 6.8754 4.3491 92.6198 110.8509 109.8682 6.5309 25.6167 1.7344 110.1972 5.6947 3.8488
4.3422 92.7869 25.5337 25.5337 110.0152 3.6953 92.1265 4.6123 5.5103 6.2177 3.0724 3.5586 0.0000 26.2296 6.2241 110.1207 5.6325 2.0240 26.2206 110.6250 23.1627 6.4217 4.5082 26.6727 2.6833 6.9580 26.5983 8.0599 30.8740 92.9137 6.1545 92.6284 24.7171 24.5596 109.7886 93.2222 5.2748 23.6612 5.1718 1.9765 5.6565 110.0034 26.2290 110.8335 24.7928 26.4574 31.2769 105.9740 0.9996 6.4851 2.2362 3.2877 5.4799 4.6089 23.2253 1.2266 4.8111 4.2354 109.6252 6.1591 92.2751 27.0133 5.1583 26.1893 93.3815 6.6510 5.2696 6.7298 0.9648 7.5544 6.0368 2.7710 3.7111 3.5618 4.5577 1.7605 23.3315 3.2743 7.9752 0.7944 4.6838 5.2709 6.7512 1.0145 93.1884 111.4195 110.4369 7.8799 26.1854 2.6557 110.7658 6.0875 5.6922
22.0300 67.2173 0.8323 0.8323 84.4455 25.9891 66.5569 25.3090 21.0981 25.0267 23.5115 25.6610 26.2296 0.0000 24.9944 84.5511 21.5125 27.3868 0.0090 85.0553 3.9934 25.4373 22.0176 1.3868 27.7018 26.3602 1.0348 28.4507 5.8140 67.3440 20.2919 67.0588 1.7112 1.9775 84.2190 67.6526 24.8948 4.8050 29.4180 26.9881 26.2385 84.4337 0.2174 85.2639 2.6861 0.9566 6.3011 80.4044 26.2367 27.3121 27.5990 26.1465 21.5332 25.6751 4.5189 26.8742 26.2154 25.0126 84.0556 26.4136 66.7055 1.5125 22.8178 0.2761 67.8119 25.5549 25.3176 27.5668 26.4010 27.9882 24.4836 26.1180 25.1573 24.1349 25.0441 26.7782 4.3791 26.3641 28.2957 26.0027 25.1252 30.8370 21.0883 26.0881 67.6188 85.8499 84.8673 29.2425 1.1253 26.8035 85.1962 20.4350 26.3476
7.4493 91.5593 24.2986 24.2986 108.7875 2.6512 90.8989 1.8200 8.0582 0.1592 7.0204 3.1410 6.2241 24.9944 0.0000 108.8931 8.5667 7.6390 24.9855 109.3973 21.9455 0.8309 8.3321 25.4554 8.3592 1.6923 25.3762 4.3045 28.1482 91.6860 7.4871 91.4008 23.4819 23.3375 108.5610 91.9946 1.0687 22.8032 10.8401 7.8649 1.8187 108.7757 24.9938 109.6059 23.5755 25.2353 28.5251 104.7463 6.9998 2.7057 7.8512 3.2493 6.4337 2.1691 22.3278 6.8416 2.3985 2.8680 108.3975 1.8071 91.0475 25.7911 8.9822 24.9542 92.1539 0.9485 1.2292 2.9604 5.6745 3.8012 0.5355 3.6540 3.3089 7.6226 2.5256 7.6373 22.1142 3.1422 4.2197 6.7946 1.6381 8.3458 9.0081 7.0146 91.9608 110.1919 109.2092 4.7095 24.9502 3.8048 109.5382 7.8274 1.9416
105.9211 18.0780 85.0078 85.0078 0.3640 109.8877 18.7756 109.2076 104.9892 108.9253 107.4026 109.5521 110.1207 84.5511 108.8931 0.0000 105.4036 111.2779 84.5421 0.6292 87.8880 109.3360 105.9087 84.5204 111.5929 110.2589 83.5729 112.3494 84.5459 18.3664 104.1831 17.5103 85.8999 85.7830 0.6018 17.7798 108.7934 88.6285 113.3092 110.8792 110.1371 1.3258 84.3337 0.8049 86.4786 84.1813 85.6224 5.3263 110.1278 111.2107 111.4901 110.0376 105.4244 109.5737 88.3483 110.7654 110.1140 108.9037 0.7652 110.3122 18.4608 83.8807 106.7089 84.3761 17.4356 109.4535 109.2162 111.4654 110.2921 111.8868 108.3823 110.0092 109.0485 108.0261 108.9427 110.6693 88.2522 110.2553 112.1943 109.8939 109.0238 114.7281 104.9794 109.9792 17.7542 1.8214 0.6286 113.1411 85.4584 110.6947 0.9781 104.3262 110.2463
1.9399 88.0699 20.8167 20.8167 105.2981 7.2256 87.4095 7.8030 0.5531 8.5990 2.7207 6.4341 5.6325 21.5125 8.5667 105.4036 0.0000 6.7897 21.5035 105.9079 18.4457 9.2119 1.1271 21.9556 7.1047 10.1735 21.8812 12.3888 26.1569 88.1966 2.4173 87.9114 20.0000 19.8426 105.0716 88.5052 7.8673 18.9441 7.9884 6.3909 9.7704 105.2863 21.5119 106.1165 20.0757 21.7404 26.5598 101.2569 5.6396 10.8139 7.0019 6.7021 2.6313 8.5050 18.5082 6.2771 8.9785 5.7857 104.9081 10.1886 87.5581 22.2962 1.3882 21.4722 88.6645 9.4240 8.3417 11.0586 5.8039 11.8832 8.0559 6.3016 5.9304 3.1367 6.0836 6.1811 18.6144 6.8738 12.3040 5.4056 7.7781 10.2399 1.3784 5.4910 88.4714 106.7024 105.7198 12.3356 21.4683 6.7921 106.0487 1.9975 9.8596
5.4994 93.9442 26.6909 26.6909 111.1724 5.1102 93.2838 5.9889 6.6675 7.6326 4.2296 4.9735 2.0240 27.3868 7.6390 111.2779 6.7897 0.0000 27.3778 111.7822 24.3200 7.8366 5.6654 27.8299 1.1609 7.8904 27.7555 8.2835 32.0312 94.0709 7.3726 93.7857 25.8743 25.7168 110.9459 94.3795 6.6897 24.8184 3.5918 1.1497 6.4951 111.1606 27.3862 111.9908 25.9500 27.6146 32.4341 107.1312 1.1501 6.8265 0.2122 4.7026 6.6979 5.8525 24.3825 1.2260 5.8837 5.6503 110.7824 7.0130 93.4323 28.1705 6.2258 27.3465 94.5387 7.8713 6.6682 7.0712 2.0977 7.8967 7.4517 4.1859 5.1260 4.7190 5.9726 0.9821 24.4887 4.6459 8.1988 1.4634 6.0987 3.5295 7.9084 1.3341 94.3456 112.5767 111.5941 7.3882 27.3426 3.9697 111.9230 7.2447 6.2617
22.0210 67.2084 0.8233 0.8233 84.4366 25.9801 66.5480 25.3000 21.0891 25.0177 23.5025 25.6520 26.2206 0.0090 24.9855 84.5421 21.5035 27.3778 0.0000 85.0464 3.9844 25.4284 22.0086 1.3778 27.6928 26.3513 1.0258 28.4418 5.8050 67.3351 20.2830 67.0499 1.7023 1.9686 84.2101 67.6437 24.8858 4.7961 29.4091 26.9791 26.2295 84.4248 0.2085 85.2549 2.6772 0.9477 6.2921 80.3954 26.2277 27.3031 27.5900 26.1375 21.5243 25.6661 4.5100 26.8653 26.2064 25.0036 84.0466 26.4046 66.6966 1.5035 22.8088 0.2671 67.8029 25.5459 25.3086 27.5579 26.3920 27.9792 24.4747 26.1091 25.1484 24.1260 25.0351 26.7692 4.3701 26.3552 28.2867 25.9938 25.1162 30.8280 21.0793 26.0791 67.6098 85.8409 84.8583 29.2335 1.1164 26.7946 85.1872 20.4261 26.3387
106.4253 18.5822 85.5120 85.5120 0.6098 110.3919 19.2799 109.7119 105.4935 109.4295 107.9068 110.0563 110.6250 85.0553 109.3973 0.6292 105.9079 111.7822 85.0464 0.0000 88.3922 109.8402 106.4129 85.0246 112.0971 110.7631 84.0771 112.8536 85.0501 18.8706 104.6873 18.0145 86.4041 86.2872 0.8476 18.2840 109.2976 89.1327 113.8134 111.3834 110.6413 1.8159 84.8379 0.9871 86.9828 84.6855 86.1266 5.8306 110.6320 111.7149 111.9943 110.5419 105.9286 110.0779 88.8526 111.2696 110.6182 109.4079 1.0110 110.8164 18.9650 84.3849 107.2131 84.8804 17.9399 109.9578 109.7205 111.9697 110.7963 112.3910 108.8865 110.5134 109.5527 108.5303 109.4469 111.1736 88.7564 110.7595 112.6985 110.3981 109.5280 115.2324 105.4837 110.4834 18.2585 1.4830 0.8360 113.6453 85.9626 111.1989 1.1441 104.8304 110.7505
18.9631 70.5542 3.2975 3.2975 87.7825 22.9401 69.8938 22.2600 18.0313 21.9777 20.4446 22.5941 23.1627 3.9934 21.9455 87.8880 18.4457 24.3199 3.9844 88.3922 0.0000 22.3884 18.9507 3.9482 24.6349 23.3113 4.3656 25.4018 8.6378 70.6809 17.2251 70.3957 2.4809 2.3117 87.5559 70.9895 21.8458 1.2877 26.3512 23.9212 23.1895 87.7707 3.9928 88.6008 1.7436 4.2095 9.1249 83.7413 23.1698 24.2631 24.5321 23.0796 18.4664 22.6261 0.7843 23.8074 23.1664 21.9457 87.3925 23.3646 70.0424 4.4978 19.7509 3.9531 71.1488 22.5059 22.2686 24.5178 23.3341 24.9392 21.4347 23.0512 22.0905 21.0681 21.9951 23.7113 0.5707 23.2973 25.2467 22.9359 22.0762 27.7702 18.0215 23.0212 70.9557 89.1868 88.2042 26.1935 3.9492 23.7367 88.5331 17.3682 23.2987
8.0945 92.0022 24.7415 24.7415 109.2304 2.7820 91.3418 1.8600 8.7034 0.8867 7.2180 3.3699 6.4217 25.4373 0.8309 109.3360 9.2119 7.8366 25.4284 109.8402 22.3884 0.0000 8.5297 25.8983 8.5568 1.2419 25.8191 3.7376 28.5910 92.1289 8.1323 91.8437 23.9248 23.7804 109.0039 92.4375 1.6402 23.2461 11.0078 8.0626 1.5799 109.2186 25.4367 110.0488 24.0184 25.6782 28.9680 105.1892 7.1974 2.1388 7.8280 3.3801 7.0789 2.1600 22.7707 7.0392 2.2242 3.5132 108.8404 1.2403 91.4904 26.2340 9.1799 25.3971 92.5968 0.4110 1.2307 2.3935 5.7876 3.2344 1.1714 3.7847 3.8891 7.8203 3.1708 7.8349 22.5571 3.2730 3.6529 6.9922 1.8367 8.3015 9.6533 7.2123 92.4037 110.6348 109.6521 4.1426 25.3931 3.9355 109.9811 8.4726 1.7666
1.3861 88.5749 21.3217 21.3217 105.8031 6.1013 87.9145 6.7203 1.0021 8.3257 1.5964 5.6540 4.5082 22.0176 8.3321 105.9087 1.1271 5.6654 22.0086 106.4129 18.9507 8.5297 0.0000 22.4607 5.9804 9.5157 22.3863 11.2645 26.6620 88.7016 2.8282 88.4164 20.5051 20.3476 105.5766 89.0102 7.3828 19.4492 7.5587 5.2667 8.6996 105.7913 22.0169 106.6215 20.5808 22.2454 27.0648 101.7620 4.5153 9.6896 5.8776 5.5779 3.0423 7.3807 19.0133 5.1529 7.8542 5.6921 105.4132 9.2022 88.0631 22.8012 0.9585 21.9773 89.1695 8.7590 7.3776 9.9343 4.6796 10.7589 7.9623 5.1773 5.7639 2.0125 5.9900 5.0568 19.1195 5.7495 11.1798 4.2813 6.7918 9.1156 2.3446 4.3667 88.9764 107.2075 106.2249 11.2113 21.9733 5.6678 106.5538 2.4084 8.7354
22.4731 67.1866 1.6800 1.6800 84.4148 26.4501 66.5262 25.7700 21.5412 25.4877 23.9546 26.1041 26.6727 1.3868 25.4554 84.5204 21.9556 27.8299 1.3778 85.0246 3.9482 25.8983 22.4607 0.0000 28.1449 26.8212 1.2534 28.9117 6.1627 67.3133 20.7350 67.0281 2.5429 2.2489 84.1883 67.6219 25.3558 4.3489 29.8611 27.4312 26.6995 84.4030 1.2683 85.2332 2.2374 0.7357 6.8980 80.3737 26.6798 27.7731 28.0421 26.5896 21.9763 26.1360 4.0688 27.3174 26.6763 25.4557 84.0249 26.8746 66.6748 0.6397 23.2609 1.3849 67.7812 26.0159 25.7786 28.0278 26.8441 28.4492 24.9446 26.5611 25.6004 24.5780 25.5051 27.2213 4.0631 26.8072 28.7567 26.4458 25.5862 31.2801 21.5314 26.5312 67.5881 85.8192 84.8366 29.7035 2.2283 27.2466 85.1655 20.8781 26.8086
5.8144 94.2591 27.0059 27.0059 111.4874 5.8303 93.5987 6.7090 6.9825 8.3527 4.5446 5.6937 2.6833 27.7018 8.3592 111.5929 7.1047 1.1609 27.6928 112.0971 24.6349 8.5568 5.9804 28.1449 0.0000 8.6488 28.0705 8.9918 32.3462 94.3858 7.6876 94.1006 26.1893 26.0318 111.2608 94.6944 7.4098 25.1334 2.5655 0.8061 7.2535 111.4755 27.7011 112.3057 26.2650 27.9296 32.7491 107.4462 1.6983 7.5348 1.0950 5.4227 7.0129 6.6109 24.6975 1.9734 6.6421 6.3704 111.0974 7.7714 93.7473 28.4854 6.4978 27.6615 94.8537 8.6297 7.3883 7.7795 2.8179 8.6050 8.1718 4.9061 5.8461 5.0340 6.6927 1.0428 24.8037 5.3661 8.9071 1.9969 6.8189 3.5344 8.2234 1.6741 94.6606 112.8917 111.9091 8.0965 27.6575 4.6898 112.2380 7.5597 7.0202
9.0561 92.9251 25.6644 25.6644 110.1533 3.7679 92.2647 2.8459 9.6650 1.7481 8.2039 4.3558 6.9580 26.3602 1.6923 110.2589 10.1735 7.8904 26.3513 110.7631 23.3113 1.2419 9.5157 26.8212 8.6488 0.0000 26.7420 3.1930 29.5140 93.0518 9.0939 92.7666 24.8477 24.7033 109.9268 93.3604 2.6158 24.1690 11.0593 8.4979 1.6871 110.1415 26.3596 110.9717 24.9413 26.6011 29.8909 106.1121 7.6749 1.7813 7.8795 4.3660 8.0405 2.8272 23.6936 7.4745 2.4597 4.4748 109.7633 0.9005 92.4133 27.1569 10.1658 26.3200 93.5197 0.8694 2.2166 1.8804 6.2210 2.6238 2.1330 4.7707 4.8647 8.8062 4.1324 8.2702 23.4800 4.2589 3.0356 7.5284 2.8123 8.3645 10.6149 7.7485 93.3266 111.5577 110.5750 3.7851 26.3160 4.3819 110.9040 9.4342 1.8754
22.3987 66.2391 1.4888 1.4888 83.4673 26.3708 65.5787 25.6908 21.4668 25.4084 23.8802 26.0297 26.5983 1.0348 25.3762 83.5729 21.8812 27.7555 1.0258 84.0771 4.3656 25.8191 22.3863 1.2534 28.0705 26.7420 0.0000 28.8325 4.9295 66.3658 20.6606 66.0806 2.3763 2.2606 83.2408 66.6744 25.2765 5.1557 29.7867 27.3568 26.6202 83.4555 0.8173 84.2857 2.9562 0.6286 5.6648 79.4261 26.6054 27.6938 27.9677 26.5152 21.9020 26.0568 4.8696 27.2430 26.5971 25.3813 83.0773 26.7953 65.7273 1.3729 23.1865 0.8598 66.8337 25.9366 25.6993 27.9486 26.7697 28.3699 24.8654 26.4867 25.5261 24.5037 25.4258 27.1469 4.7298 26.7329 28.6774 26.3714 25.5069 31.2057 21.4570 26.4568 66.6406 84.8717 83.8890 29.6242 1.9420 27.1723 84.2179 20.8037 26.7294
11.0985 95.0156 27.7549 27.7549 112.2438 5.9185 94.3552 4.9834 12.1585 4.3602 9.8287 6.5064 8.0599 28.4507 4.3045 112.3494 12.3888 8.2835 28.4418 112.8536 25.4018 3.7376 11.2645 28.9117 8.9918 3.1930 28.8325 0.0000 31.6045 95.1423 11.5874 94.8571 26.9382 26.7938 112.0173 95.4509 5.0557 26.2595 11.2705 9.3924 2.9722 112.2320 28.4501 113.0622 27.0318 28.6916 31.9814 108.2026 8.5958 1.6949 8.2727 6.2148 10.5340 4.2211 25.7841 8.3954 3.6058 6.9683 111.8538 2.4973 94.5038 29.2474 11.9146 28.4105 95.6102 3.6449 4.4845 1.4990 7.1204 0.6795 4.6453 6.3205 7.1118 10.3180 6.6259 9.1911 25.5705 5.9697 0.4831 8.5164 5.0696 8.4636 13.1084 8.6709 95.4171 113.6482 112.6655 1.0892 28.4065 5.7704 112.9945 11.9277 2.8724
26.6744 67.2121 5.5784 5.5784 84.4403 29.1428 66.5517 28.4627 25.7425 28.1804 28.1559 29.4583 30.8740 5.8140 28.1482 84.5459 26.1569 32.0312 5.8050 85.0501 8.6378 28.5910 26.6620 6.1627 32.3462 29.5139 4.9295 31.6045 0.0000 67.3388 24.9363 67.0536 6.3557 6.6351 84.2138 67.6474 28.0485 9.4494 34.0625 31.6325 29.3922 84.4285 5.6800 85.2587 7.3408 5.5379 1.1359 80.3991 30.8811 30.4658 32.2434 29.7409 26.1777 28.8288 9.1634 31.5187 29.3691 28.5402 84.0503 29.5673 66.7003 5.7575 27.4622 5.7225 67.8067 28.7086 28.4713 30.7205 31.0454 31.1419 27.6373 30.1456 29.0964 28.7794 28.1978 31.4226 9.0235 29.6338 31.4494 30.6471 28.2789 34.9334 25.7327 30.7325 67.6136 85.8447 84.8620 32.3962 5.4977 30.2963 85.1909 25.0795 29.5014
88.7140 0.8610 67.8007 67.8007 18.2608 92.6806 1.1334 92.0006 87.7822 91.7182 90.1955 92.3450 92.9137 67.3440 91.6860 18.3664 88.1966 94.0709 67.3351 18.8706 70.6809 92.1289 88.7016 67.3133 94.3858 93.0518 66.3658 95.1423 67.3388 0.0000 86.9760 1.6131 68.6928 68.5759 18.0343 0.6312 91.5863 71.4214 96.1021 93.6721 92.9300 18.2490 67.1266 19.0792 69.2715 66.9742 68.4153 14.2196 92.9207 94.0036 94.2830 92.8306 88.2173 92.3666 71.1413 93.5583 92.9069 91.6966 17.8708 93.1051 1.1805 66.6736 89.5018 67.1691 1.1807 92.2465 92.0092 94.2584 93.0850 94.6797 91.1752 92.8021 91.8414 90.8190 91.7356 93.4623 71.0451 93.0482 94.9872 92.6868 91.8167 97.5211 87.7724 92.7721 0.7203 19.6652 18.6825 95.9340 68.2513 93.4876 19.0115 87.1191 93.0392
2.3076 86.8493 19.5961 19.5961 104.0775 6.3717 86.1889 6.7234 1.9087 7.5193 3.7892 5.3544 6.1545 20.2919 7.4871 104.1831 2.4173 7.3726 20.2830 104.6873 17.2251 8.1323 2.8282 20.7350 7.6876 9.0939 20.6606 11.5874 24.9363 86.9760 0.0000 86.6908 18.7794 18.6220 103.8510 87.2846 6.7877 17.7236 10.2287 6.9739 8.6907 104.0657 20.2913 104.8959 18.8551 20.5198 25.3392 100.0363 6.2225 9.9886 7.5848 5.8400 1.2267 7.5072 17.2876 6.8601 8.1021 4.7060 103.6875 9.1089 86.3375 21.0756 3.6284 20.2516 87.4439 8.3443 7.2621 10.2433 6.3078 11.0841 6.9763 5.8115 4.8508 4.4126 5.0040 6.7640 17.3938 6.0576 11.5026 5.9885 6.6985 10.8228 2.1274 6.0739 87.2508 105.4818 104.4992 11.6619 20.2477 6.4970 104.8281 0.4880 8.7945
88.4288 1.0442 67.5155 67.5155 17.4048 92.3954 1.4077 91.7154 87.4970 91.4330 89.9103 92.0598 92.6284 67.0588 91.4008 17.5103 87.9114 93.7857 67.0499 18.0145 70.3957 91.8437 88.4164 67.0281 94.1006 92.7666 66.0806 94.8571 67.0536 1.6131 86.6908 0.0000 68.4076 68.2907 17.1782 1.4127 91.3011 71.1362 95.8169 93.3869 92.6448 17.3930 66.8414 18.2231 68.9863 66.6890 68.1301 13.3636 92.6355 93.7184 93.9978 92.5453 87.9321 92.0814 70.8561 93.2731 92.6217 91.4114 17.0148 92.8199 1.0442 66.3884 89.2166 66.8839 1.3327 91.9613 91.7240 93.9732 92.7998 94.3945 90.8900 92.5169 91.5562 90.5338 91.4504 93.1771 70.7599 92.7630 94.7020 92.4016 91.5315 97.2359 87.4872 92.4869 1.2717 18.8091 17.8265 95.6488 67.9661 93.2024 18.1554 86.8339 92.7540
20.5175 68.5661 1.0301 1.0301 85.7943 24.4766 67.9057 23.7965 19.5856 23.5142 21.9990 24.1484 24.7171 1.7112 23.4819 85.8999 20.0000 25.8743 1.7023 86.4041 2.4809 23.9248 20.5051 2.5429 26.1893 24.8477 2.3763 26.9382 6.3557 68.6928 18.7794 68.4076 0.0000 0.7176 85.5678 69.0014 23.3823 3.2925 27.9055 25.4755 24.7260 85.7825 1.7106 86.6127 1.4387 2.2291 6.8427 81.7531 24.7241 25.7996 26.0865 24.6340 20.0207 24.1625 3.0064 25.3617 24.7028 23.5000 85.4043 24.9011 68.0543 2.7849 21.3053 1.6710 69.1607 24.0424 23.8051 26.0543 24.8884 26.4757 22.9711 24.6055 23.6448 22.6224 23.5316 25.2657 2.8666 24.8516 26.7832 24.4902 23.6127 29.3245 19.5758 24.5756 68.9676 87.1987 86.2160 27.7300 1.6670 25.2910 86.5450 18.9225 24.8351
20.3600 68.4492 1.2123 1.2123 85.6775 24.3321 67.7888 23.6521 19.4281 23.3697 21.8415 23.9910 24.5596 1.9775 23.3375 85.7830 19.8426 25.7168 1.9686 86.2872 2.3117 23.7804 20.3476 2.2489 26.0318 24.7033 2.2606 26.7938 6.6351 68.5759 18.6220 68.2907 0.7176 0.0000 85.4509 68.8845 23.2379 3.0369 27.7481 25.3181 24.5815 85.6657 1.9769 86.4958 0.9672 1.9564 7.1222 81.6363 24.5667 25.6551 25.9290 24.4765 19.8633 24.0181 2.7508 25.2043 24.5584 23.3426 85.2875 24.7566 67.9374 2.5122 21.1478 1.9504 69.0438 23.8980 23.6607 25.9099 24.7310 26.3312 22.8267 24.4481 23.4874 22.4650 23.3871 25.1082 2.6110 24.6942 26.6387 24.3328 23.4682 29.1670 19.4183 24.4181 68.8507 87.0818 86.0992 27.5855 1.9465 25.1336 86.4281 18.7651 24.6907
105.5890 17.7459 84.6757 84.6757 0.2378 109.5556 18.4436 108.8756 104.6571 108.5932 107.0705 109.2200 109.7886 84.2190 108.5610 0.6018 105.0716 110.9459 84.2101 0.8476 87.5559 109.0039 105.5766 84.1883 111.2608 109.9268 83.2408 112.0173 84.2138 18.0343 103.8510 17.1782 85.5678 85.4509 0.0000 17.4477 108.4613 88.2964 112.9771 110.5471 109.8050 1.8816 84.0016 1.2000 86.1465 83.8492 85.2903 4.9942 109.7957 110.8786 111.1580 109.7055 105.0923 109.2416 88.0163 110.4333 109.7819 108.5716 0.1635 109.9801 18.1287 83.5486 106.3768 84.0441 17.1036 109.1214 108.8841 111.1334 109.9600 111.5547 108.0502 109.6771 108.7164 107.6940 108.6106 110.3372 87.9201 109.9232 111.8622 109.5618 108.6917 114.3961 104.6473 109.6471 17.4222 2.2165 0.6595 112.8090 85.1263 110.3626 1.3731 103.9941 109.9142
89.0226 0.6019 68.1093 68.1093 17.6742 92.9892 1.2469 92.3092 88.0908 92.0268 90.5041 92.6536 93.2222 67.6526 91.9946 17.7798 88.5052 94.3795 67.6437 18.2840 70.9895 92.4375 89.0102 67.6219 94.6944 93.3604 66.6744 95.4509 67.6474 0.6312 87.2846 1.4127 69.0014 68.8845 17.4477 0.0000 91.8949 71.7300 96.4107 93.9807 93.2386 17.6624 67.4352 18.4926 69.5801 67.2828 68.7239 13.6330 93.2293 94.3122 94.5916 93.1391 88.5259 92.6752 71.4499 93.8669 93.2155 92.0052 17.2842 93.4137 1.1654 66.9822 89.8104 67.4777 0.5941 92.5551 92.3178 94.5670 93.3936 94.9883 91.4838 93.1107 92.1500 91.1276 92.0442 93.7708 71.3537 93.3568 95.2958 92.9954 92.1253 97.8297 88.0810 93.0807 0.2261 19.0786 18.0959 96.2426 68.5599 93.7962 18.4249 87.4277 93.3478
6.7499 91.4597 24.1989 24.1989 108.6879 1.7019 90.7992 0.8707 7.3588 1.1009 6.0710 2.1917 5.2748 24.8948 1.0687 108.7934 7.8673 6.6897 24.8858 109.2977 21.8458 1.6402 7.3828 25.3558 7.4098 2.6158 25.2765 5.0557 28.0485 91.5864 6.7877 91.3012 23.3823 23.2379 108.4613 91.8949 0.0000 22.7036 9.8907 6.9156 2.1590 108.6761 24.8942 109.5062 23.4759 25.1357 28.4254 104.6467 6.0504 3.4569 6.9018 2.2999 5.7343 1.2367 22.2282 5.8922 1.7654 2.1686 108.2979 2.5872 90.9478 25.6915 8.0329 24.8545 92.0542 1.8662 0.7639 3.7116 4.7251 4.5525 0.8813 2.7046 2.3682 6.6733 1.8262 6.6879 22.0146 2.1929 4.9710 5.8452 0.6888 7.4112 8.3087 6.0653 91.8611 110.0922 109.1096 5.3100 24.8506 2.8554 109.4385 7.1280 2.2628
19.4616 71.2947 4.1014 4.1014 88.5230 23.7979 70.6343 23.1178 18.5297 22.8355 20.9431 23.0926 23.6612 4.8050 22.8032 88.6285 18.9441 24.8184 4.7961 89.1327 1.2877 23.2461 19.4492 4.3489 25.1334 24.1690 5.1557 26.2595 9.4494 71.4214 17.7236 71.1362 3.2925 3.0369 88.2964 71.7300 22.7036 0.0000 26.8497 24.4197 24.0473 88.5112 4.8044 89.3413 2.2142 4.7526 9.9365 84.4818 23.6683 25.1209 25.0306 23.5781 18.9649 23.4839 0.7577 24.3059 24.0241 22.4442 88.1330 24.2224 70.7829 4.8986 20.2494 4.7647 71.8893 23.3637 23.1264 25.3756 23.8326 25.7970 22.2924 23.5497 22.5890 21.5666 22.7422 24.2098 0.9270 23.7958 26.1045 23.4343 22.9340 28.2686 18.5199 23.5197 71.6962 89.9273 88.9447 27.0513 4.7608 24.2352 89.2736 17.8667 24.1564
8.2960 95.9754 28.7222 28.7222 113.2036 8.3112 95.3150 9.1899 8.3462 10.8336 6.8745 8.1746 5.1718 29.4180 10.8401 113.3092 7.9884 3.5918 29.4091 113.8134 26.3512 11.0078 7.5587 29.8611 2.5655 11.0593 29.7867 11.2705 34.0625 96.1021 10.2287 95.8169 27.9055 27.7481 112.9771 96.4107 9.8907 26.8497 0.0000 3.2562 9.6640 113.1918 29.4174 114.0220 27.9812 29.6459 34.4653 109.1624 4.1964 9.8135 3.5259 7.9036 9.4945 9.0214 26.4137 4.4533 9.0526 8.8513 112.8136 10.1819 95.4636 30.2017 6.6601 29.3778 96.5700 11.0401 9.8652 10.0582 5.2988 10.8837 10.6527 7.3870 8.3270 7.3639 9.1736 3.4935 26.5199 7.8470 11.1857 4.4854 9.2998 5.7473 9.0064 4.1573 96.3769 114.6080 113.6253 10.3752 29.3738 7.1707 113.9542 9.8089 9.4306
5.1007 93.5454 26.2922 26.2922 110.7736 5.3361 92.8850 6.2148 6.2688 7.8585 3.8308 5.1994 1.9765 26.9881 7.8649 110.8792 6.3909 1.1497 26.9791 111.3834 23.9212 8.0626 5.2667 27.4312 0.8061 8.4979 27.3568 9.3924 31.6325 93.6721 6.9739 93.3869 25.4755 25.3181 110.5471 93.9807 6.9156 24.4197 3.2562 0.0000 7.1640 110.7618 26.9874 111.5920 25.5512 27.2159 32.0353 106.7324 1.0032 7.8439 1.2323 4.9285 6.2992 6.1488 23.9838 1.5320 6.3510 5.8762 110.3836 7.6990 93.0336 27.7717 5.8270 26.9478 94.1400 8.2362 6.8941 8.0886 2.3236 8.9132 7.6776 4.4118 5.3519 4.3202 6.1985 0.2982 24.0900 4.8718 9.3077 1.2901 6.3247 4.2443 7.5096 0.9620 93.9469 112.1780 111.1954 8.4972 26.9438 4.1956 111.5243 6.8459 7.1309
8.5001 92.8033 25.5426 25.5426 110.0316 3.1980 92.1429 2.2710 9.2618 1.6712 7.3878 3.7859 5.6565 26.2385 1.8187 110.1371 9.7704 6.4951 26.2295 110.6413 23.1895 1.5799 8.6996 26.6995 7.2535 1.6871 26.6202 2.9722 29.3922 92.9300 8.6907 92.6448 24.7260 24.5815 109.8050 93.2386 2.1590 24.0473 9.6640 7.1640 0.0000 110.0197 26.2378 110.8499 24.8195 26.4793 29.7691 105.9904 6.3411 1.3973 6.4843 3.5249 7.6374 1.5311 23.5719 6.1406 0.9135 4.0716 109.6416 0.7914 92.2915 27.0352 9.3497 26.1982 93.3979 1.5057 1.5682 1.6420 4.8657 2.4666 1.7548 3.6305 4.3767 7.8968 3.7292 6.9363 23.3583 3.2798 2.8874 6.2269 2.2833 6.9692 10.2117 6.4161 93.2048 111.4359 110.4533 3.2680 26.1942 3.0804 110.7822 9.0310 0.2469
105.8037 17.9606 84.8904 84.8904 1.6711 109.7703 18.6583 109.0903 104.8719 108.8079 107.2852 109.4347 110.0034 84.4337 108.7757 1.3258 105.2863 111.1606 84.4248 1.8159 87.7707 109.2186 105.7913 84.4030 111.4755 110.1415 83.4555 112.2320 84.4285 18.2490 104.0657 17.3930 85.7825 85.6657 1.8816 17.6624 108.6761 88.5112 113.1918 110.7618 110.0197 0.0000 84.2163 1.2074 86.3612 84.0639 85.5050 5.2090 110.0104 111.0933 111.3727 109.9203 105.3070 109.4563 88.2310 110.6480 109.9966 108.7863 2.0450 110.1948 18.3434 83.7633 106.5915 84.2588 17.3183 109.3362 109.0989 111.3481 110.1747 111.7694 108.2649 109.8918 108.9311 107.9087 108.8253 110.5520 88.1348 110.1379 112.0770 109.7765 108.9064 114.6108 104.8621 109.8618 17.6369 2.2539 1.9357 113.0237 85.3410 110.5773 1.1214 104.2088 110.1289
22.0293 66.9999 0.8316 0.8316 84.2281 25.9884 66.3395 25.3084 21.0975 25.0261 23.5108 25.6603 26.2290 0.2174 24.9938 84.3337 21.5119 27.3862 0.2085 84.8379 3.9928 25.4367 22.0169 1.2683 27.7011 26.3596 0.8173 28.4501 5.6800 67.1266 20.2913 66.8414 1.7106 1.9769 84.0016 67.4352 24.8942 4.8044 29.4174 26.9874 26.2378 84.2163 0.0000 85.0465 2.6855 0.8382 6.3004 80.1869 26.2360 27.3115 27.5984 26.1459 21.5326 25.6744 4.5183 26.8736 26.2147 25.0119 83.8381 26.4129 66.4881 1.3940 22.8171 0.1842 67.5945 25.5543 25.3170 27.5662 26.4003 27.9875 24.4830 26.1174 25.1567 24.1343 25.0434 26.7776 4.3785 26.3635 28.2951 26.0021 25.1246 30.8364 21.0877 26.0875 67.4014 85.6325 84.6498 29.2419 1.1247 26.8029 84.9788 20.4344 26.3470
106.6339 18.7908 85.7206 85.7206 0.9622 110.6005 19.4885 109.9205 105.7021 109.6381 108.1154 110.2649 110.8335 85.2639 109.6059 0.8049 106.1165 111.9908 85.2549 0.9871 88.6008 110.0488 106.6215 85.2332 112.3057 110.9717 84.2857 113.0622 85.2587 19.0792 104.8959 18.2231 86.6127 86.4958 1.2000 18.4926 109.5062 89.3413 114.0220 111.5920 110.8499 1.2074 85.0465 0.0000 87.1914 84.8941 86.3352 6.0391 110.8406 111.9235 112.2029 110.7504 106.1372 110.2865 89.0612 111.4782 110.8268 109.6165 1.3634 111.0250 19.1736 84.5935 107.4217 85.0890 18.1485 110.1664 109.9291 112.1783 111.0049 112.5996 109.0951 110.7220 109.7613 108.7389 109.6555 111.3821 88.9650 110.9681 112.9071 110.6067 109.7366 115.4410 105.6923 110.6920 18.4671 1.1744 1.2109 113.8539 86.1712 111.4075 0.1731 105.0390 110.9591
20.5931 69.1448 1.9155 1.9155 86.3730 24.5701 68.4844 23.8901 19.6613 23.6077 22.0747 24.2241 24.7928 2.6861 23.5755 86.4786 20.0757 25.9500 2.6772 86.9828 1.7436 24.0184 20.5808 2.2374 26.2650 24.9413 2.9562 27.0318 7.3408 69.2715 18.8551 68.9863 1.4387 0.9672 86.1465 69.5801 23.4759 2.2142 27.9812 25.5512 24.8195 86.3612 2.6855 87.1914 0.0000 2.6157 7.8279 82.3318 24.7998 25.8931 26.1622 24.7097 20.0964 24.2561 1.9341 25.4374 24.7964 23.5757 85.9830 24.9946 68.6330 2.7870 21.3810 2.6561 69.7394 24.1360 23.8987 26.1479 24.9641 26.5692 23.0647 24.6812 23.7205 22.6981 23.6251 25.3414 1.8585 24.9273 26.8768 24.5659 23.7062 29.4002 19.6515 24.6513 69.5463 87.7774 86.7947 27.8235 2.6522 25.3667 87.1237 18.9982 24.9287
22.2578 66.8475 1.3416 1.3416 84.0757 26.2299 66.1871 25.5499 21.3260 25.2675 23.7393 25.8888 26.4574 0.9566 25.2353 84.1813 21.7404 27.6146 0.9477 84.6855 4.2095 25.6782 22.2454 0.7357 27.9296 26.6011 0.6286 28.6916 5.5379 66.9742 20.5198 66.6890 2.2291 1.9564 83.8492 67.2828 25.1357 4.7526 29.6459 27.2159 26.4793 84.0639 0.8382 84.8941 2.6157 0.0000 6.2732 80.0346 26.4645 27.5530 27.8268 26.3743 21.7611 25.9159 4.4724 27.1021 26.4562 25.2404 83.6858 26.6544 66.3357 0.8552 23.0456 0.9548 67.4421 25.7958 25.5585 27.8077 26.6288 28.2290 24.7245 26.3459 25.3852 24.3628 25.2849 27.0060 4.4407 26.5920 28.5366 26.2306 25.3661 31.0649 21.3162 26.3159 67.2490 85.4801 84.4975 29.4834 1.8371 27.0314 84.8264 20.6629 26.5885
27.0772 68.2886 6.0655 6.0655 85.5168 29.5197 67.6282 28.8396 26.1454 28.5573 28.5587 29.8353 31.2769 6.3011 28.5251 85.6224 26.5598 32.4341 6.2921 86.1266 9.1249 28.9680 27.0648 6.8980 32.7491 29.8909 5.6648 31.9814 1.1359 68.4153 25.3392 68.1301 6.8427 7.1222 85.2903 68.7239 28.4254 9.9365 34.4653 32.0353 29.7691 85.5050 6.3004 86.3352 7.8279 6.2732 0.0000 81.4756 31.2839 30.8427 32.6463 30.1178 26.5805 29.2057 9.6504 31.9215 29.7460 28.9171 85.1268 29.9442 67.7768 6.4928 27.8651 6.2587 68.8832 29.0855 28.8482 31.0975 31.4482 31.5188 28.0143 30.5225 29.4734 29.1822 28.5747 31.8255 9.5106 30.0107 31.8263 31.0500 28.6558 35.3104 26.1356 31.1354 68.6901 86.9212 85.9385 32.7731 5.9848 30.6733 86.2674 25.4823 29.8783
101.7743 13.9313 80.8610 80.8610 5.2208 105.7410 14.6289 105.0609 100.8425 104.7786 103.2559 105.4053 105.9740 80.4044 104.7463 5.3263 101.2569 107.1312 80.3954 5.8306 83.7413 105.1892 101.7620 80.3737 107.4462 106.1121 79.4261 108.2026 80.3991 14.2196 100.0363 13.3636 81.7531 81.6363 4.9942 13.6330 104.6467 84.4818 109.1624 106.7324 105.9904 5.2090 80.1869 6.0391 82.3318 80.0346 81.4756 0.0000 105.9810 107.0640 107.3434 105.8909 101.2776 105.4269 84.2016 106.6186 105.9672 104.7569 4.8308 106.1655 14.3141 79.7339 102.5622 80.2294 13.2889 105.3068 105.0695 107.3187 106.1454 107.7401 104.2355 105.8624 104.9017 103.8793 104.7960 106.5226 84.1054 106.1085 108.0476 105.7471 104.8771 110.5814 100.8327 105.8325 13.6075 6.6251 5.6425 108.9944 81.3116 106.5479 5.9714 100.1794 106.0995
4.3493 92.7940 25.5408 25.5408 110.0222 4.4710 92.1336 5.3880 5.5174 6.9933 3.0794 4.3343 0.9996 26.2367 6.9998 110.1278 5.6396 1.1501 26.2277 110.6320 23.1698 7.1974 4.5153 26.6798 1.6983 7.6749 26.6054 8.5958 30.8811 92.9207 6.2225 92.6355 24.7241 24.5667 109.7957 93.2293 6.0504 23.6683 4.1964 1.0032 6.3411 110.0104 26.2360 110.8406 24.7998 26.4645 31.2839 105.9810 0.0000 7.0209 1.3623 4.0634 5.5478 5.3259 23.2324 0.7895 5.5281 5.0111 109.6322 6.8761 92.2822 27.0203 5.0756 26.1964 93.3886 7.4133 6.0453 7.2657 1.5007 8.0902 6.8125 3.5467 4.4868 3.5688 5.3333 0.7756 23.3386 4.0489 8.5111 0.3132 5.4595 4.6004 6.7582 0.2202 93.1955 111.4266 110.4439 8.3786 26.1924 3.3727 110.7729 6.0946 6.3080
9.5236 93.8769 26.6162 26.6162 111.1052 4.3436 93.2165 3.4085 10.5597 2.7614 8.2538 4.9315 6.4851 27.3121 2.7057 111.2107 10.8139 6.8265 27.3031 111.7149 24.2631 2.1388 9.6896 27.7731 7.5348 1.7813 27.6938 1.6949 30.4658 94.0036 9.9886 93.7184 25.7996 25.6551 110.8786 94.3122 3.4569 25.1209 9.8135 7.8439 1.3973 111.0934 27.3115 111.9235 25.8931 27.5530 30.8427 107.0640 7.0209 0.0000 6.8156 4.6399 8.9352 2.6462 24.6455 6.8205 2.0309 5.3695 110.7152 0.8985 93.3651 28.1088 10.3397 27.2718 94.4715 2.0461 2.8857 0.3508 5.5455 1.1917 3.0465 4.7456 5.5369 8.7432 5.0271 7.6162 24.4319 4.3949 1.6102 6.9415 3.4947 7.0066 11.5096 7.0960 94.2784 112.5095 111.5269 2.1594 27.2678 4.1955 111.8558 10.3289 1.2975
5.7116 94.1563 26.9031 26.9031 111.3846 5.3224 93.4959 6.1432 6.8797 7.7208 4.4418 5.1857 2.2362 27.5990 7.8512 111.4901 7.0019 0.2122 27.5900 111.9943 24.5321 7.8280 5.8776 28.0421 1.0950 7.8795 27.9677 8.2727 32.2434 94.2830 7.5848 93.9978 26.0865 25.9290 111.1580 94.5916 6.9018 25.0306 3.5259 1.2323 6.4843 111.3727 27.5984 112.2029 26.1622 27.8268 32.6463 107.3434 1.3623 6.8156 0.0000 4.9148 6.9101 5.8417 24.5947 1.3484 5.8728 5.8625 110.9946 7.0022 93.6445 28.3826 6.4379 27.5587 94.7509 7.8604 6.6854 7.0604 2.3099 7.8859 7.6639 4.3981 5.3382 4.9312 6.1847 1.1939 24.7009 4.8581 8.1879 1.6756 6.3109 3.5186 8.1206 1.5463 94.5578 112.7889 111.8063 7.3774 27.5547 4.1819 112.1352 7.4569 6.2509
5.3784 92.7039 25.4506 25.4506 109.9321 0.5999 92.0434 1.5706 6.4111 3.1845 4.2661 0.8890 3.2877 26.1465 3.2493 110.0376 6.7021 4.7026 26.1375 110.5419 23.0796 3.3801 5.5779 26.5896 5.4227 4.3660 26.5152 6.2148 29.7409 92.8306 5.8400 92.5454 24.6340 24.4765 109.7055 93.1392 2.2999 23.5781 7.9036 4.9285 3.5249 109.9203 26.1459 110.7504 24.7097 26.3743 30.1178 105.8909 4.0634 4.6399 4.9148 0.0000 4.7866 2.0870 23.1422 3.9052 2.6795 1.7561 109.5421 4.0275 92.1920 26.9302 6.2280 26.1062 93.2984 3.6093 2.2279 4.8847 2.7814 5.7092 3.0620 0.6037 1.3547 4.8684 1.9979 4.7009 23.2484 0.2481 6.1301 3.8581 1.6791 6.5516 7.3610 4.0782 93.1053 111.3364 110.3538 6.2394 26.1023 0.8759 110.6827 6.1803 3.5606
1.9719 88.0906 20.8374 20.8374 105.3188 5.3184 87.4302 5.6700 2.1228 6.4660 3.4349 4.3011 5.4799 21.5332 6.4337 105.4244 2.6313 6.6979 21.5243 105.9286 18.4664 7.0789 3.0423 21.9763 7.0129 8.0405 21.9020 10.5340 26.1777 88.2173 1.2267 87.9321 20.0207 19.8633 105.0923 88.5259 5.7343 18.9649 9.4945 6.2992 7.6374 105.3070 21.5326 106.1372 20.0964 21.7611 26.5805 101.2776 5.5478 8.9352 6.9101 4.7866 0.0000 6.4539 18.5289 6.1854 7.0487 3.6527 104.9288 8.0556 87.5788 22.3169 3.7380 21.4930 88.6852 7.2910 6.2087 9.1900 5.6331 10.0308 5.9229 4.7581 3.7975 4.0584 3.9506 6.0893 18.6351 5.0043 10.4493 5.3138 5.6451 10.1481 2.8867 5.3992 88.4921 106.7232 105.7405 10.6085 21.4890 5.4436 106.0694 1.5670 7.7412
7.1812 92.2399 24.9792 24.9792 109.4681 1.7437 91.5795 0.8486 8.0783 2.0217 6.0689 2.3316 4.6089 25.6751 2.1691 109.5737 8.5050 5.8525 25.6661 110.0779 22.6261 2.1600 7.3807 26.1360 6.6109 2.8272 26.0568 4.2211 28.8288 92.3666 7.5072 92.0814 24.1625 24.0181 109.2416 92.6752 1.2367 23.4839 9.0214 6.1488 1.5311 109.4563 25.6744 110.2865 24.2561 25.9159 29.2057 105.4270 5.3259 2.6462 5.8417 2.0870 6.4539 0.0000 23.0084 5.1255 0.6858 2.8018 109.0781 2.0283 91.7281 26.4717 8.0308 25.6348 92.8345 2.3893 0.9863 2.8909 3.8720 3.7155 1.9988 2.2753 2.9371 6.6712 2.5578 5.9212 22.7948 1.8431 4.1364 5.1793 0.9539 6.3192 9.0282 5.3994 92.6414 110.8725 109.8899 4.2456 25.6308 2.0328 110.2188 7.8475 1.5669
19.0257 71.0146 3.8153 3.8153 88.2428 23.3225 70.3542 22.6424 18.0938 22.3601 20.5072 22.6567 23.2253 4.5189 22.3278 88.3483 18.5082 24.3825 4.5100 88.8526 0.7843 22.7707 19.0133 4.0688 24.6975 23.6936 4.8696 25.7841 9.1634 71.1413 17.2876 70.8561 3.0064 2.7508 88.0163 71.4499 22.2282 0.7577 26.4137 23.9838 23.5719 88.2310 4.5183 89.0612 1.9341 4.4724 9.6504 84.2016 23.2324 24.6455 24.5947 23.1422 18.5289 23.0084 0.0000 23.8700 23.5487 22.0083 87.8528 23.7470 70.5028 4.6184 19.8135 4.4787 71.6092 22.8883 22.6510 24.9002 23.3967 25.3216 21.8170 23.1137 22.1530 21.1306 22.3062 23.7739 0.2136 23.3598 25.6291 22.9984 22.4586 27.8327 18.0840 23.0838 71.4161 89.6471 88.6645 26.5759 4.4747 23.7992 88.9934 17.4307 23.6810
4.9869 93.4316 26.1784 26.1784 110.6598 4.3128 92.7712 5.1914 6.1550 6.8351 3.7170 4.1761 1.2266 26.8742 6.8416 110.7654 6.2771 1.2260 26.8653 111.2696 23.8074 7.0392 5.1529 27.3174 1.9734 7.4745 27.2430 8.3954 31.5187 93.5583 6.8601 93.2731 25.3617 25.2043 110.4333 93.8669 5.8922 24.3059 4.4533 1.5320 6.1406 110.6480 26.8736 111.4782 25.4374 27.1021 31.9215 106.6186 0.7895 6.8205 1.3484 3.9052 6.1854 5.1255 23.8700 0.0000 5.3277 4.8529 110.2698 6.6757 92.9198 27.6579 5.7132 26.8340 94.0262 7.2129 5.8707 7.0653 1.3003 7.8898 6.6543 3.3885 4.3286 4.2064 5.1751 1.3044 23.9762 3.8485 8.3107 0.9508 5.3013 4.4561 7.3958 1.0082 93.8331 112.0642 111.0815 7.8392 26.8300 3.1723 111.4105 6.7321 6.1076
7.6548 92.7802 25.5195 25.5195 110.0084 2.3832 92.1198 1.4481 8.6732 2.2510 6.5425 2.9711 4.8111 26.2154 2.3985 110.1140 8.9785 5.8837 26.2064 110.6182 23.1664 2.2242 7.8542 26.6763 6.6421 2.4597 26.5971 3.6058 29.3691 92.9069 8.1021 92.6217 24.7028 24.5584 109.7819 93.2155 1.7654 24.0241 9.0526 6.3510 0.9135 109.9966 26.2147 110.8268 24.7964 26.4562 29.7460 105.9672 5.5281 2.0309 5.8728 2.6795 7.0487 0.6858 23.5487 5.3277 0.0000 3.4413 109.6184 1.6510 92.2684 27.0120 8.5043 26.1751 93.3748 2.2081 1.2890 2.2756 4.0742 3.1002 2.3346 2.7852 3.5765 7.0515 3.1406 6.1234 23.3351 2.4344 3.5211 5.3816 1.5343 6.3049 9.6231 5.6016 93.1817 111.4128 110.4301 3.6303 26.1711 2.2351 110.7591 8.4424 0.9400
4.6683 91.5699 24.3167 24.3167 108.7981 1.6663 90.9095 2.0180 5.2771 2.9002 4.9764 1.0772 4.2354 25.0126 2.8680 108.9037 5.7857 5.6503 25.0036 109.4079 21.9457 3.5132 5.6921 25.4557 6.3704 4.4748 25.3813 6.9683 28.5402 91.6966 4.7060 91.4114 23.5000 23.3426 108.5716 92.0052 2.1686 22.4442 8.8513 5.8762 4.0716 108.7863 25.0119 109.6165 23.5757 25.2404 28.9171 104.7569 5.0111 5.3695 5.8625 1.7561 3.6527 2.8018 22.0083 4.8529 3.4413 0.0000 108.4081 4.4899 91.0581 25.7962 6.3422 24.9723 92.1645 3.7253 2.6430 5.6242 3.8302 6.4651 2.3572 1.9195 0.5739 5.5787 0.3828 5.6486 22.1145 1.9737 6.8836 4.8058 2.0120 7.6609 6.2270 5.0259 91.9714 110.2025 109.2199 7.0011 24.9683 2.6015 109.5488 5.0464 4.1754
105.4256 17.5825 84.5122 84.5122 0.4012 109.3922 18.2801 108.7121 104.4937 108.4298 106.9071 109.0565 109.6252 84.0556 108.3975 0.7652 104.9081 110.7824 84.0466 1.0110 87.3925 108.8404 105.4132 84.0249 111.0974 109.7633 83.0773 111.8538 84.0503 17.8708 103.6875 17.0148 85.4043 85.2875 0.1635 17.2842 108.2979 88.1330 112.8136 110.3836 109.6416 2.0450 83.8381 1.3634 85.9830 83.6858 85.1268 4.8308 109.6322 110.7152 110.9946 109.5421 104.9288 109.0781 87.8528 110.2698 109.6184 108.4081 0.0000 109.8166 17.9652 83.3851 106.2134 83.8806 16.9401 108.9580 108.7207 110.9699 109.7966 111.3913 107.8867 109.5136 108.5529 107.5305 108.4472 110.1738 87.7566 109.7597 111.6988 109.3983 108.5283 114.2326 104.4839 109.4837 17.2587 2.3799 0.8230 112.6456 84.9628 110.1991 1.5366 103.8306 109.7507
9.0028 92.9784 25.7177 25.7177 110.2066 3.6459 92.3180 2.7239 9.6800 1.8629 7.8905 4.2338 6.1591 26.4136 1.8071 110.3122 10.1886 7.0130 26.4046 110.8164 23.3646 1.2403 9.2022 26.8746 7.7714 0.9005 26.7953 2.4973 29.5673 93.1051 9.1089 92.8199 24.9011 24.7566 109.9801 93.4137 2.5872 24.2224 10.1819 7.6990 0.7914 110.1948 26.4129 111.0250 24.9946 26.6544 29.9442 106.1655 6.8761 0.8985 7.0022 4.0275 8.0556 2.0283 23.7470 6.6757 1.6510 4.4899 109.8167 0.0000 92.4666 27.2103 9.8523 26.3733 93.5730 1.1476 2.0161 1.1533 5.4222 1.9941 2.1480 4.1332 4.8246 8.3995 4.1474 7.4714 23.5333 3.7824 2.4126 6.7295 2.7312 7.4871 10.6300 6.9496 93.3799 111.6110 110.6284 2.9023 26.3693 3.5830 110.9573 9.4493 0.9797
88.0755 0.6229 67.1622 67.1622 18.3552 92.0421 0.4050 91.3621 87.1436 91.0797 89.5570 91.7065 92.2751 66.7055 91.0475 18.4608 87.5581 93.4323 66.6966 18.9650 70.0424 91.4904 88.0631 66.6748 93.7473 92.4133 65.7273 94.5038 66.7003 1.1805 86.3375 1.0442 68.0543 67.9374 18.1287 1.1654 90.9478 70.7829 95.4636 93.0336 92.2915 18.3434 66.4881 19.1736 68.6330 66.3357 67.7768 14.3141 92.2822 93.3651 93.6445 92.1920 87.5788 91.7281 70.5028 92.9198 92.2684 91.0581 17.9652 92.4666 0.0000 66.0351 88.8633 66.5306 1.2175 91.6079 91.3706 93.6199 92.4465 94.0412 90.5367 92.1636 91.2029 90.1805 91.0971 92.8237 70.4066 92.4097 94.3487 92.0483 91.1782 96.8826 87.1338 92.1336 1.0244 19.7596 18.7770 95.2955 67.6128 92.8491 19.1059 86.4806 92.4007
22.8136 66.5469 1.8974 1.8974 83.7751 26.7858 65.8865 26.1057 21.8818 25.8234 24.2951 26.4446 27.0133 1.5125 25.7911 83.8807 22.2962 28.1705 1.5035 84.3849 4.4978 26.2340 22.8012 0.6397 28.4854 27.1569 1.3729 29.2474 5.7575 66.6736 21.0756 66.3884 2.7849 2.5122 83.5486 66.9822 25.6915 4.8986 30.2017 27.7717 27.0352 83.7633 1.3940 84.5935 2.7870 0.8552 6.4928 79.7339 27.0203 28.1088 28.3826 26.9302 22.3169 26.4717 4.6184 27.6579 27.0120 25.7962 83.3851 27.2103 66.0351 0.0000 23.6014 1.5106 67.1415 26.3516 26.1143 28.3635 27.1846 28.7849 25.2803 26.9017 25.9410 24.9186 25.8408 27.5619 4.6127 27.1478 29.0924 26.7864 25.9219 31.6207 21.8720 26.8717 66.9484 85.1795 84.1968 30.0392 2.3929 27.5872 84.5258 21.2187 27.1443
2.0362 89.3751 22.1219 22.1219 106.6034 6.7514 88.7147 7.3704 1.7459 8.9758 2.2465 6.3041 5.1583 22.8178 8.9822 106.7089 1.3882 6.2258 22.8088 107.2131 19.7509 9.1799 0.9585 23.2609 6.4978 10.1658 23.1865 11.9146 27.4622 89.5018 3.6284 89.2166 21.3053 21.1478 106.3768 89.8104 8.0329 20.2494 6.6601 5.8270 9.3497 106.5915 22.8172 107.4217 21.3810 23.0456 27.8651 102.5622 5.0756 10.3397 6.4379 6.2280 3.7380 8.0308 19.8135 5.7132 8.5043 6.3422 106.2134 9.8523 88.8633 23.6014 0.0000 22.7775 89.9697 9.4091 8.0277 10.5844 5.3297 11.4090 8.6124 5.8275 6.4140 2.6626 6.6401 5.6172 19.9197 6.3996 11.8299 4.8417 7.4420 9.6760 2.4061 4.9270 89.7766 108.0077 107.0251 11.8614 22.7735 6.3179 107.3540 3.2086 9.3855
21.9897 67.0424 0.8210 0.8210 84.2706 25.9488 66.3820 25.2687 21.0578 24.9864 23.4712 25.6207 26.1893 0.2761 24.9542 84.3761 21.4722 27.3465 0.2671 84.8804 3.9531 25.3971 21.9773 1.3849 27.6615 26.3200 0.8598 28.4105 5.7225 67.1691 20.2516 66.8839 1.6710 1.9504 84.0441 67.4777 24.8545 4.7647 29.3778 26.9478 26.1982 84.2588 0.1842 85.0890 2.6561 0.9548 6.2587 80.2294 26.1964 27.2718 27.5587 26.1062 21.4930 25.6348 4.4787 26.8340 26.1751 24.9723 83.8806 26.3733 66.5306 1.5106 22.7775 0.0000 67.6370 25.5146 25.2773 27.5265 26.3607 27.9479 24.4434 26.0778 25.1171 24.0947 25.0038 26.7379 4.3388 26.3239 28.2554 25.9624 25.0849 30.7967 21.0480 26.0478 67.4439 85.6749 84.6923 29.2022 1.0830 26.7633 85.0212 20.3948 26.3074
89.1819 0.6540 68.2686 68.2686 17.3301 93.1485 1.4058 92.4684 88.2501 92.1861 90.6634 92.8129 93.3815 67.8119 92.1539 17.4356 88.6645 94.5387 67.8029 17.9399 71.1488 92.5968 89.1695 67.7812 94.8537 93.5197 66.8337 95.6102 67.8067 1.1807 87.4439 1.3327 69.1607 69.0438 17.1036 0.5941 92.0542 71.8893 96.5700 94.1400 93.3979 17.3183 67.5945 18.1485 69.7394 67.4421 68.8832 13.2889 93.3886 94.4715 94.7509 93.2984 88.6852 92.8345 71.6092 94.0262 93.3748 92.1645 16.9401 93.5730 1.2175 67.1415 89.9697 67.6370 0.0000 92.7143 92.4770 94.7263 93.5529 95.1476 91.6431 93.2700 92.3093 91.2869 92.2035 93.9301 71.5130 93.5161 95.4551 93.1547 92.2846 97.9889 88.2403 93.2400 0.5114 18.7344 17.7518 96.4019 68.7192 93.9555 18.0807 87.5870 93.5071
8.3066 92.1198 24.8590 24.8590 109.3480 3.0112 91.4594 2.0892 8.9154 1.0043 7.4472 3.5991 6.6510 25.5549 0.9485 109.4535 9.4240 7.8713 25.5459 109.9578 22.5059 0.4110 8.7590 26.0159 8.6297 0.8694 25.9366 3.6449 28.7086 92.2465 8.3443 91.9613 24.0424 23.8980 109.1215 92.5551 1.8662 23.3637 11.0401 8.2362 1.5057 109.3362 25.5543 110.1664 24.1360 25.7958 29.0855 105.3068 7.4133 2.0461 7.8604 3.6093 7.2910 2.3893 22.8883 7.2129 2.2081 3.7253 108.9580 1.1476 91.6079 26.3516 9.4091 25.5146 92.7143 0.0000 1.4599 2.3009 5.9594 3.1417 1.3834 4.0140 4.1151 8.0495 3.3828 8.0086 22.6747 3.5022 3.5602 7.2214 2.0627 8.3339 9.8653 7.4415 92.5213 110.7523 109.7697 4.0499 25.5107 4.1203 110.0986 8.6847 1.7213
7.1782 91.8825 24.6217 24.6217 109.1107 1.6298 91.2221 0.7078 7.8332 1.0817 6.0659 2.2178 5.2696 25.3176 1.2292 109.2162 8.3417 6.6682 25.3086 109.7205 22.2686 1.2307 7.3776 25.7786 7.3883 2.2166 25.6993 4.4845 28.4713 92.0092 7.2621 91.7240 23.8051 23.6607 108.8842 92.3178 0.7639 23.1264 9.8652 6.8941 1.5682 109.0989 25.3170 109.9291 23.8987 25.5585 28.8482 105.0695 6.0453 2.8857 6.6854 2.2279 6.2087 0.9863 22.6510 5.8707 1.2890 2.6430 108.7207 2.0161 91.3707 26.1143 8.0277 25.2773 92.4770 1.4599 0.0000 3.1405 4.6172 3.9813 1.1179 2.6326 2.8085 6.6681 2.3006 6.6664 22.4374 2.1209 4.3998 5.8401 0.7151 7.1630 8.7831 6.0601 92.2839 110.5150 109.5324 4.7141 25.2734 2.7781 109.8613 7.6024 1.6719
9.7684 94.1317 26.8710 26.8710 111.3599 4.5883 93.4713 3.6532 10.8144 3.0162 8.4985 5.1762 6.7298 27.5668 2.9604 111.4655 11.0586 7.0712 27.5579 111.9697 24.5178 2.3935 9.9343 28.0278 7.7795 1.8804 27.9486 1.4990 30.7205 94.2584 10.2433 93.9732 26.0543 25.9099 111.1334 94.5670 3.7116 25.3756 10.0582 8.0886 1.6420 111.3481 27.5662 112.1783 26.1479 27.8077 31.0975 107.3187 7.2657 0.3508 7.0604 4.8847 9.1900 2.8909 24.9002 7.0653 2.2756 5.6242 110.9699 1.1533 93.6199 28.3635 10.5844 27.5266 94.7263 2.3009 3.1405 0.0000 5.7903 0.9938 3.3013 4.9903 5.7817 8.9879 5.2818 7.8609 24.6866 4.6396 1.4143 7.1863 3.7394 7.2514 11.7643 7.3407 94.5332 112.7642 111.7816 2.0687 27.5226 4.4402 112.1105 10.5836 1.5423
4.5136 92.9583 25.7051 25.7051 110.1865 3.0878 92.2979 3.9379 5.6817 5.6097 3.2437 3.0764 0.9648 26.4010 5.6745 110.2921 5.8039 2.0977 26.3920 110.7963 23.3341 5.7876 4.6796 26.8441 2.8179 6.2210 26.7697 7.1204 31.0454 93.0850 6.3078 92.7998 24.8884 24.7310 109.9600 93.3936 4.7251 23.8326 5.2988 2.3236 4.8657 110.1747 26.4003 111.0049 24.9641 26.6288 31.4482 106.1454 1.5007 5.5455 2.3099 2.7814 5.6331 3.8720 23.3967 1.3003 4.0742 3.8302 109.7966 5.4222 92.4465 27.1846 5.3297 26.3607 93.5529 5.9594 4.6172 5.7903 0.0000 6.6148 5.4872 2.2888 3.3059 3.7331 4.1524 2.0960 23.5029 2.5950 7.0357 1.4213 4.1043 4.7234 6.9226 1.5758 93.3598 111.5909 110.6083 6.9404 26.3567 1.9188 110.9372 6.2589 4.8326
10.5929 94.5530 27.2923 27.2923 111.7812 5.4129 93.8926 4.4778 11.6553 3.8570 9.3231 6.0008 7.5544 27.9882 3.8012 111.8868 11.8832 7.8967 27.9792 112.3910 24.9392 3.2344 10.7589 28.4492 8.6050 2.6238 28.3699 0.6795 31.1419 94.6797 11.0841 94.3945 26.4757 26.3312 111.5547 94.9883 4.5525 25.7970 10.8837 8.9132 2.4666 111.7694 27.9875 112.5996 26.5692 28.2290 31.5188 107.7401 8.0902 1.1917 7.8859 5.7092 10.0308 3.7155 25.3216 7.8898 3.1002 6.4651 111.3913 1.9941 94.0412 28.7849 11.4090 27.9479 95.1476 3.1417 3.9813 0.9938 6.6148 0.0000 4.1421 5.8149 6.6062 9.8125 6.1227 8.6855 25.1080 5.4642 0.5265 8.0109 4.5640 8.0769 12.6052 8.1653 94.9545 113.1856 112.2030 1.4664 27.9439 5.2648 112.5319 11.4245 2.3668
6.9385 91.0485 23.7878 23.7878 108.2767 2.4639 90.3881 1.6327 7.5474 0.5678 6.8331 2.9537 6.0368 24.4836 0.5355 108.3823 8.0559 7.4517 24.4747 108.8865 21.4347 1.1714 7.9623 24.9446 8.1718 2.1330 24.8654 4.6453 27.6373 91.1752 6.9763 90.8900 22.9711 22.8267 108.0502 91.4838 0.8813 22.2924 10.6527 7.6776 1.7548 108.2649 24.4830 109.0951 23.0647 24.7245 28.0143 104.2355 6.8125 3.0465 7.6639 3.0620 5.9229 1.9988 21.8170 6.6543 2.3346 2.3572 107.8867 2.1480 90.5367 25.2803 8.6124 24.4434 91.6431 1.3834 1.1179 3.3013 5.4872 4.1421 0.0000 3.4667 2.9134 7.4353 2.0148 7.4500 21.6034 2.9549 4.5606 6.6072 1.4508 8.1732 8.4973 6.8273 91.4500 109.6811 108.6984 4.9250 24.4394 3.6174 109.0274 7.3166 1.8778
4.9779 92.6754 25.4222 25.4222 109.9036 1.0046 92.0150 1.9753 6.1794 3.5892 3.8656 1.0524 2.7710 26.1180 3.6540 110.0092 6.3016 4.1859 26.1091 110.5134 23.0512 3.7847 5.1773 26.5611 4.9061 4.7707 26.4867 6.3205 30.1456 92.8021 5.8115 92.5169 24.6055 24.4481 109.6771 93.1107 2.7046 23.5497 7.3870 4.4118 3.6305 109.8918 26.1174 110.7220 24.6812 26.3459 30.5225 105.8624 3.5467 4.7456 4.3981 0.6037 4.7581 2.2753 23.1137 3.3885 2.7852 1.9195 109.5136 4.1332 92.1636 26.9017 5.8275 26.0778 93.2700 4.0140 2.6326 4.9903 2.2888 5.8149 3.4667 0.0000 1.5181 4.4679 2.1612 4.1842 23.2199 0.6528 6.2358 3.3415 2.0838 6.2343 7.3325 3.5616 93.0769 111.3080 110.3253 6.3450 26.0738 0.8894 110.6542 6.1518 3.6663
4.8131 91.7147 24.4615 24.4615 108.9429 1.8015 91.0543 2.1532 5.4219 3.3412 4.4521 0.6832 3.7111 25.1573 3.3089 109.0485 5.9304 5.1260 25.1484 109.5527 22.0905 3.8891 5.7639 25.6004 5.8461 4.8647 25.5261 7.1118 29.0965 91.8414 4.8508 91.5562 23.6448 23.4874 108.7164 92.1500 2.3682 22.5890 8.3270 5.3519 4.3767 108.9311 25.1567 109.7613 23.7205 25.3852 29.4734 104.9017 4.4868 5.5369 5.3382 1.3547 3.7974 2.9371 22.1530 4.3286 3.5765 0.5739 108.5529 4.8246 91.2029 25.9410 6.4140 25.1171 92.3093 4.1151 2.8085 5.7817 3.3059 6.6062 2.9134 1.5181 0.0000 5.0544 0.9003 5.1243 22.2592 1.5724 7.0271 4.2815 2.1540 7.2513 6.3718 4.5016 92.1162 110.3473 109.3646 7.1364 25.1131 2.2001 109.6936 5.1911 4.4412
2.2503 90.6923 23.4391 23.4391 107.9205 5.3918 90.0319 6.0108 3.0146 7.6162 0.7437 4.9445 3.5618 24.1349 7.6226 108.0261 3.1367 4.7190 24.1260 108.5303 21.0681 7.8203 2.0125 24.5780 5.0340 8.8062 24.5037 10.3180 28.7794 90.8190 4.4126 90.5338 22.6224 22.4650 107.6940 91.1276 6.6733 21.5666 7.3639 4.3202 7.8968 107.9087 24.1343 108.7389 22.6981 24.3628 29.1822 103.8793 3.5688 8.7432 4.9312 4.8684 4.0584 6.6712 21.1306 4.2064 7.0515 5.5787 107.5305 8.3995 90.1805 24.9186 2.6626 24.0947 91.2869 8.0495 6.6681 8.9879 3.7331 9.8125 7.4353 4.4679 5.0544 0.0000 5.9010 4.1104 21.2368 5.0400 10.2333 3.3349 6.0824 8.1692 4.3543 3.4203 91.0938 109.3249 108.3422 10.2648 24.0907 4.8961 108.6711 3.9928 7.9326
4.9662 91.6089 24.3482 24.3482 108.8371 1.4223 90.9485 1.7740 5.5751 2.5578 5.2987 1.3190 4.5577 25.0441 2.5256 108.9427 6.0836 5.9726 25.0351 109.4469 21.9951 3.1708 5.9900 25.5051 6.6927 4.1324 25.4258 6.6259 28.1978 91.7356 5.0040 91.4504 23.5316 23.3871 108.6106 92.0442 1.8262 22.7421 9.1736 6.1985 3.7292 108.8253 25.0434 109.6555 23.6251 25.2849 28.5747 104.7960 5.3333 5.0271 6.1847 1.9979 3.9506 2.5578 22.3062 5.1751 3.1406 0.3828 108.4472 4.1474 91.0971 25.8408 6.6401 25.0038 92.2035 3.3828 2.3006 5.2818 4.1524 6.1227 2.0148 2.1612 0.9003 5.9010 0.0000 5.9708 22.1639 1.9133 6.5411 5.1281 1.7370 7.4169 6.5250 5.3482 92.0104 110.2415 109.2589 6.7004 24.9998 2.5758 109.5878 5.3443 3.8330
4.8908 93.3356 26.0823 26.0823 110.5638 5.1085 92.6752 5.9871 6.0589 7.6308 3.6210 4.9718 1.7605 26.7782 7.6373 110.6693 6.1811 0.9821 26.7692 111.1736 23.7113 7.8349 5.0568 27.2213 1.0428 8.2702 27.1469 9.1911 31.4226 93.4623 6.7640 93.1771 25.2657 25.1082 110.3372 93.7709 6.6879 24.2098 3.4935 0.2982 6.9363 110.5520 26.7776 111.3821 25.3414 27.0060 31.8255 106.5226 0.7756 7.6162 1.1939 4.7009 6.0893 5.9212 23.7739 1.3044 6.1234 5.6486 110.1738 7.4714 92.8237 27.5619 5.6172 26.7379 93.9301 8.0086 6.6664 7.8609 2.0960 8.6855 7.4500 4.1842 5.1243 4.1104 5.9708 0.0000 23.8801 4.6442 9.1064 1.0741 6.0970 4.4286 7.2998 0.7521 93.7370 111.9681 110.9855 8.3703 26.7340 3.9680 111.3144 6.6361 6.9033
19.1319 70.9184 3.6755 3.6755 88.1466 23.1089 70.2580 22.4288 18.2000 22.1465 20.6134 22.7629 23.3315 4.3791 22.1142 88.2522 18.6144 24.4887 4.3701 88.7564 0.5707 22.5571 19.1195 4.0631 24.8037 23.4800 4.7298 25.5705 9.0235 71.0451 17.3938 70.7599 2.8666 2.6110 87.9201 71.3537 22.0146 0.9270 26.5199 24.0900 23.3583 88.1348 4.3785 88.9650 1.8585 4.4407 9.5106 84.1054 23.3386 24.4319 24.7009 23.2484 18.6351 22.7948 0.2136 23.9762 23.3351 22.1145 87.7566 23.5333 70.4066 4.6127 19.9197 4.3388 71.5130 22.6747 22.4374 24.6866 23.5029 25.1080 21.6034 23.2199 22.2592 21.2368 22.1639 23.8801 0.0000 23.4660 25.4155 23.1046 22.2450 27.9389 18.1902 23.1900 71.3199 89.5510 88.5683 26.3623 4.3348 23.9054 88.8972 17.5369 23.4674
5.5501 92.9215 25.6683 25.6683 110.1497 0.4928 92.2611 1.4635 6.6287 3.0774 4.4378 1.1067 3.2743 26.3641 3.1422 110.2553 6.8738 4.6459 26.3552 110.7595 23.2973 3.2730 5.7495 26.8072 5.3661 4.2589 26.7329 5.9697 29.6338 93.0482 6.0576 92.7630 24.8516 24.6942 109.9232 93.3568 2.1929 23.7958 7.8470 4.8718 3.2798 110.1379 26.3635 110.9681 24.9273 26.5920 30.0107 106.1085 4.0489 4.3949 4.8581 0.2481 5.0043 1.8431 23.3598 3.8485 2.4344 1.9737 109.7597 3.7824 92.4097 27.1478 6.3996 26.3239 93.5161 3.5022 2.1209 4.6396 2.5950 5.4642 2.9549 0.6528 1.5724 5.0400 1.9133 4.6442 23.4660 0.0000 5.8850 3.8448 1.5720 6.3111 7.5786 4.0648 93.3230 111.5541 110.5714 5.9943 26.3199 0.6894 110.9004 6.3979 3.3156
11.0138 94.8606 27.5998 27.5998 112.0888 5.8337 94.2001 4.8987 12.0737 4.2755 9.7439 6.4217 7.9752 28.2957 4.2197 112.1943 12.3040 8.1988 28.2867 112.6986 25.2467 3.6529 11.1798 28.7567 8.9071 3.0356 28.6774 0.4831 31.4494 94.9873 11.5026 94.7021 26.7832 26.6388 111.8622 95.2958 4.9710 26.1045 11.1857 9.3077 2.8874 112.0770 28.2951 112.9071 26.8768 28.5366 31.8263 108.0476 8.5111 1.6102 8.1879 6.1301 10.4493 4.1364 25.6291 8.3107 3.5211 6.8836 111.6988 2.4126 94.3487 29.0924 11.8299 28.2554 95.4551 3.5602 4.3998 1.4143 7.0357 0.5265 4.5606 6.2358 7.0271 10.2333 6.5411 9.1064 25.4155 5.8850 0.0000 8.4317 4.9849 8.3789 13.0237 8.5861 95.2620 113.4931 112.5105 1.2738 28.2515 5.6856 112.8394 11.8430 2.7877
4.1154 92.5601 25.3069 25.3069 109.7883 4.2657 91.8997 5.1827 5.2834 6.7881 2.8455 4.1291 0.7944 26.0027 6.7946 109.8939 5.4056 1.4634 25.9937 110.3981 22.9359 6.9922 4.2813 26.4458 1.9969 7.5284 26.3714 8.5164 30.6471 92.6868 5.9885 92.4016 24.4902 24.3328 109.5618 92.9954 5.8452 23.4343 4.4854 1.2901 6.2269 109.7765 26.0021 110.6067 24.5659 26.2306 31.0500 105.7471 0.3132 6.9415 1.6756 3.8581 5.3138 5.1793 22.9984 0.9508 5.3816 4.8058 109.3983 6.7295 92.0483 26.7864 4.8417 25.9624 93.1547 7.2214 5.8401 7.1863 1.4213 8.0109 6.6072 3.3415 4.2815 3.3349 5.1281 1.0741 23.1046 3.8448 8.4317 0.0000 5.2543 4.9136 6.5243 0.3281 92.9616 111.1926 110.2100 8.3364 25.9585 3.2261 110.5389 5.8606 6.2286
6.5924 91.6900 24.4293 24.4293 108.9183 1.0810 91.0296 0.2268 7.2696 1.5338 5.4801 1.6205 4.6838 25.1252 1.6381 109.0238 7.7781 6.0987 25.1162 109.5280 22.0762 1.8367 6.7918 25.5862 6.8189 2.8123 25.5069 5.0696 28.2789 91.8167 6.6985 91.5315 23.6127 23.4682 108.6917 92.1253 0.6888 22.9340 9.2998 6.3247 2.2833 108.9065 25.1246 109.7366 23.7063 25.3661 28.6558 104.8771 5.4595 3.4947 6.3109 1.6791 5.6451 0.9539 22.4586 5.3013 1.5343 2.0120 108.5283 2.7312 91.1782 25.9219 7.4420 25.0849 92.2846 2.0627 0.7151 3.7394 4.1043 4.5640 1.4508 2.0838 2.1540 6.0824 1.7370 6.0970 22.2450 1.5720 4.9849 5.2543 0.0000 6.8346 8.2195 5.4744 92.0915 110.3226 109.3400 5.0941 25.0810 2.2346 109.6689 7.0388 2.3610
8.9496 97.3944 30.1411 30.1411 114.6226 6.4390 96.7340 6.6207 10.1177 8.1983 7.6798 7.0219 5.2709 30.8370 8.3458 114.7281 10.2399 3.5295 30.8280 115.2324 27.7702 8.3015 9.1156 31.2801 3.5344 8.3645 31.2057 8.4636 34.9335 97.5211 10.8228 97.2359 29.3245 29.1670 114.3961 97.8297 7.4112 28.2686 5.7473 4.2443 6.9692 114.6108 30.8364 115.4410 29.4002 31.0649 35.3104 110.5814 4.6004 7.0066 3.5186 6.5516 10.1481 6.3192 27.8327 4.4561 6.3049 7.6609 114.2326 7.4871 96.8826 31.6207 9.6760 30.7967 97.9890 8.3339 7.1630 7.2514 4.7234 8.0769 8.1732 6.2343 7.2513 8.1692 7.4169 4.4286 27.9389 6.3111 8.3789 4.9136 6.8346 0.0000 11.3586 4.7844 97.7958 116.0269 115.0443 7.5684 30.7928 5.7577 115.3732 10.6949 6.7358
2.5516 87.6457 20.3924 20.3924 104.8739 7.8927 86.9853 8.2444 1.4139 9.0403 3.9382 6.8754 6.7512 21.0883 9.0081 104.9794 1.3784 7.9084 21.0793 105.4837 18.0215 9.6533 2.3446 21.5314 8.2234 10.6149 21.4570 13.1084 25.7327 87.7724 2.1274 87.4872 19.5758 19.4183 104.6474 88.0810 8.3087 18.5199 9.0064 7.5096 10.2117 104.8621 21.0877 105.6923 19.6515 21.3162 26.1356 100.8327 6.7582 11.5096 8.1206 7.3610 2.8867 9.0282 18.0840 7.3958 9.6231 6.2270 104.4839 10.6300 87.1338 21.8720 2.4061 21.0480 88.2403 9.8653 8.7831 11.7643 6.9226 12.6052 8.4973 7.3325 6.3718 4.3543 6.5250 7.2998 18.1902 7.5786 13.0237 6.5243 8.2195 11.3586 0.0000 6.6097 88.0472 106.2782 105.2956 13.1829 21.0441 7.8630 105.6245 1.9076 10.3155
4.2007 92.6454 25.3922 25.3922 109.8736 4.4858 91.9850 5.4028 5.3688 7.0082 2.9309 4.3491 1.0145 26.0881 7.0146 109.9792 5.4910 1.3341 26.0791 110.4834 23.0212 7.2123 4.3667 26.5312 1.6741 7.7485 26.4568 8.6709 30.7325 92.7721 6.0739 92.4869 24.5756 24.4181 109.6471 93.0807 6.0653 23.5197 4.1573 0.9620 6.4161 109.8618 26.0874 110.6920 24.6513 26.3159 31.1354 105.8325 0.2202 7.0960 1.5463 4.0782 5.3992 5.3994 23.0838 1.0082 5.6016 5.0259 109.4837 6.9496 92.1336 26.8717 4.9270 26.0478 93.2400 7.4415 6.0601 7.3407 1.5758 8.1653 6.8273 3.5616 4.5016 3.4203 5.3482 0.7521 23.1900 4.0648 8.5861 0.3281 5.4744 4.7844 6.6097 0.0000 93.0469 111.2780 110.2954 8.4909 26.0438 3.4462 110.6243 5.9460 6.3831
88.9888 0.4609 68.0755 68.0755 17.6487 92.9554 1.2127 92.2753 88.0569 91.9930 90.4703 92.6198 93.1884 67.6188 91.9608 17.7542 88.4714 94.3456 67.6098 18.2585 70.9557 92.4037 88.9764 67.5881 94.6606 93.3266 66.6406 95.4171 67.6136 0.7203 87.2508 1.2717 68.9676 68.8507 17.4222 0.2261 91.8611 71.6962 96.3769 93.9469 93.2048 17.6369 67.4014 18.4671 69.5463 67.2490 68.6901 13.6075 93.1955 94.2784 94.5578 93.1053 88.4921 92.6414 71.4161 93.8331 93.1817 91.9714 17.2587 93.3799 1.0244 66.9484 89.7766 67.4439 0.5114 92.5212 92.2839 94.5332 93.3598 94.9545 91.4500 93.0769 92.1162 91.0938 92.0104 93.7370 71.3199 93.3230 95.2620 92.9616 92.0915 97.7958 88.0471 93.0469 0.0000 19.0530 18.0704 96.2088 68.5261 93.7624 18.3993 87.3939 93.3140
107.2199 19.3768 86.3066 86.3066 1.9787 111.1865 20.0744 110.5064 106.2880 110.2241 108.7014 110.8509 111.4195 85.8499 110.1919 1.8214 106.7024 112.5767 85.8409 1.4830 89.1868 110.6347 107.2075 85.8192 112.8917 111.5576 84.8717 113.6482 85.8447 19.6652 105.4818 18.8091 87.1987 87.0818 2.2165 19.0786 110.0922 89.9273 114.6080 112.1780 111.4359 2.2539 85.6325 1.1744 87.7774 85.4801 86.9212 6.6251 111.4266 112.5095 112.7889 111.3364 106.7232 110.8725 89.6471 112.0642 111.4128 110.2025 2.3799 111.6110 19.7596 85.1795 108.0077 85.6749 18.7344 110.7523 110.5150 112.7642 111.5909 113.1856 109.6810 111.3079 110.3473 109.3249 110.2415 111.9681 89.5510 111.5541 113.4931 111.1926 110.3226 116.0269 106.2782 111.2780 19.0530 0.0000 2.2088 114.4399 86.7572 111.9935 1.1876 105.6250 111.5451
106.2373 18.3942 85.3239 85.3239 0.4217 110.2039 19.0918 109.5238 105.3054 109.2415 107.7188 109.8682 110.4369 84.8673 109.2092 0.6286 105.7198 111.5941 84.8583 0.8360 88.2042 109.6521 106.2249 84.8366 111.9091 110.5750 83.8890 112.6655 84.8620 18.6825 104.4992 17.8265 86.2160 86.0992 0.6595 18.0959 109.1096 88.9447 113.6253 111.1954 110.4533 1.9357 84.6498 1.2109 86.7947 84.4975 85.9385 5.6425 110.4439 111.5269 111.8063 110.3538 105.7405 109.8899 88.6645 111.0815 110.4301 109.2199 0.8230 110.6284 18.7770 84.1968 107.0251 84.6923 17.7518 109.7697 109.5324 111.7816 110.6083 112.2030 108.6984 110.3253 109.3646 108.3422 109.2589 110.9855 88.5683 110.5714 112.5105 110.2100 109.3400 115.0443 105.2956 110.2954 18.0704 2.2088 0.0000 113.4573 85.7745 111.0108 1.3841 104.6423 110.5624
11.0453 95.8073 28.5466 28.5466 113.0356 5.9430 95.1469 5.0079 12.2134 4.7652 9.7754 6.5309 7.8799 29.2425 4.7095 113.1411 12.3356 7.3882 29.2335 113.6454 26.1935 4.1426 11.2113 29.7035 8.0965 3.7851 29.6242 1.0892 32.3962 95.9341 11.6619 95.6488 27.7300 27.5855 112.8090 96.2426 5.3100 27.0513 10.3752 8.4972 3.2680 113.0238 29.2419 113.8539 27.8235 29.4834 32.7731 108.9944 8.3786 2.1594 7.3774 6.2394 10.6085 4.2456 26.5759 7.8392 3.6303 7.0011 112.6456 2.9023 95.2955 30.0392 11.8614 29.2022 96.4019 4.0499 4.7141 2.0687 6.9404 1.4664 4.9250 6.3450 7.1364 10.2648 6.7004 8.3703 26.3623 5.9943 1.2738 8.3364 5.0941 7.5684 13.1829 8.4909 96.2088 114.4399 113.4573 0.0000 29.1983 5.7949 113.7862 12.0022 3.0472
21.9857 68.1246 0.8898 0.8898 85.3528 25.9448 67.4642 25.2648 21.0539 24.9824 23.4672 25.6167 26.1854 1.1253 24.9502 85.4584 21.4683 27.3426 1.1164 85.9626 3.9492 25.3931 21.9733 2.2283 27.6575 26.3160 1.9420 28.4065 5.4977 68.2513 20.2477 67.9661 1.6670 1.9465 85.1263 68.5599 24.8506 4.7608 29.3738 26.9438 26.1942 85.3410 1.1247 86.1712 2.6522 1.8371 5.9848 81.3116 26.1924 27.2678 27.5547 26.1023 21.4890 25.6308 4.4747 26.8300 26.1711 24.9683 84.9628 26.3693 67.6128 2.3929 22.7735 1.0830 68.7192 25.5107 25.2734 27.5226 26.3567 27.9439 24.4394 26.0738 25.1131 24.0907 24.9998 26.7340 4.3348 26.3199 28.2515 25.9585 25.0810 30.7928 21.0441 26.0438 68.5261 86.7572 85.7745 29.1983 0.0000 26.7593 86.1034 20.3908 26.3034
5.4684 93.3609 26.1077 26.1077 110.5891 1.1823 92.7005 2.0988 6.6699 3.7400 4.3561 1.7344 2.6557 26.8035 3.8048 110.6947 6.7921 3.9697 26.7946 111.1989 23.7367 3.9355 5.6678 27.2466 4.6898 4.3819 27.1723 5.7704 30.2963 93.4876 6.4970 93.2024 25.2910 25.1336 110.3626 93.7962 2.8554 24.2352 7.1707 4.1956 3.0804 110.5773 26.8029 111.4075 25.3667 27.0314 30.6733 106.5479 3.3727 4.1955 4.1819 0.8759 5.4436 2.0328 23.7992 3.1723 2.2351 2.6015 110.1991 3.5830 92.8491 27.5872 6.3179 26.7633 93.9555 4.1203 2.7781 4.4402 1.9188 5.2648 3.6174 0.8894 2.2001 4.8961 2.5758 3.9680 23.9054 0.6894 5.6856 3.2261 2.2346 5.7577 7.8630 3.4462 93.7624 111.9935 111.0108 5.7949 26.7593 0.0000 111.3397 6.8373 3.1162
106.5662 18.7231 85.6529 85.6529 1.1353 110.5328 19.4207 109.8527 105.6343 109.5704 108.0477 110.1972 110.7658 85.1962 109.5382 0.9781 106.0487 111.9230 85.1872 1.1441 88.5331 109.9810 106.5538 85.1655 112.2380 110.9039 84.2179 112.9945 85.1909 19.0115 104.8281 18.1554 86.5450 86.4281 1.3731 18.4249 109.4385 89.2736 113.9542 111.5243 110.7822 1.1214 84.9788 0.1731 87.1237 84.8264 86.2674 5.9714 110.7729 111.8558 112.1352 110.6827 106.0694 110.2188 88.9934 111.4105 110.7591 109.5488 1.5366 110.9573 19.1059 84.5258 107.3540 85.0212 18.0807 110.0986 109.8613 112.1105 110.9372 112.5319 109.0273 110.6542 109.6936 108.6711 109.5878 111.3144 88.8972 110.9004 112.8394 110.5389 109.6689 115.3732 105.6245 110.6243 18.3993 1.1876 1.3841 113.7862 86.1034 111.3397 0.0000 104.9712 110.8914
1.8879 86.9924 19.7392 19.7392 104.2206 6.7120 86.3320 7.0637 1.4890 7.8596 3.3694 5.6947 6.0875 20.4350 7.8274 104.3262 1.9975 7.2447 20.4261 104.8304 17.3682 8.4726 2.4084 20.8781 7.5597 9.4342 20.8037 11.9277 25.0795 87.1191 0.4880 86.8339 18.9225 18.7651 103.9941 87.4277 7.1280 17.8667 9.8089 6.8459 9.0310 104.2088 20.4344 105.0390 18.9982 20.6629 25.4823 100.1794 6.0946 10.3289 7.4569 6.1803 1.5670 7.8475 17.4307 6.7321 8.4424 5.0464 103.8306 9.4493 86.4806 21.2187 3.2086 20.3948 87.5870 8.6847 7.6024 10.5836 6.2589 11.4245 7.3166 6.1518 5.1911 3.9928 5.3443 6.6361 17.5369 6.3979 11.8430 5.8606 7.0388 10.6949 1.9076 5.9460 87.3939 105.6250 104.6423 12.0022 20.3908 6.8373 104.9712 0.0000 9.1348
8.5359 92.9125 25.6518 25.6518 110.1407 3.2609 92.2521 2.3068 9.3656 1.7942 7.4236 3.8488 5.6922 26.3476 1.9416 110.2463 9.8596 6.2617 26.3387 110.7505 23.2987 1.7666 8.7354 26.8086 7.0202 1.8754 26.7294 2.8724 29.5014 93.0392 8.7945 92.7540 24.8351 24.6907 109.9142 93.3478 2.2628 24.1564 9.4306 7.1309 0.2469 110.1289 26.3470 110.9591 24.9287 26.5885 29.8783 106.0995 6.3080 1.2975 6.2509 3.5606 7.7412 1.5669 23.6810 6.1076 0.9400 4.1754 109.7507 0.9797 92.4007 27.1443 9.3855 26.3074 93.5071 1.7213 1.6719 1.5423 4.8326 2.3668 1.8778 3.6663 4.4412 7.9326 3.8330 6.9033 23.4674 3.3156 2.7877 6.2286 2.3610 6.7358 10.3155 6.3831 93.3140 111.5451 110.5624 3.0472 26.3034 3.1162 110.8914 9.1348 0.0000
