gen_scarce_yugovostok_5
71 12 5
G0 30 360 480 3 0
G1 30 0 120 3 0
G2 20 0 120 3 1
G3 30 0 120 3 0
G4 20 360 480 3 1
G5 80 0 640 1 2
G6 30 0 120 3 0
G7 80 0 640 1 5
G8 80 0 640 1 5
G9 30 360 480 3 0
G10 70 120 240 2 1
G11 20 0 120 3 1
G12 30 120 240 3 0
G13 70 600 650 2 1
G14 70 120 240 2 1
G15 70 120 240 2 1
G16 30 360 480 3 0
G17 30 600 690 3 0
G18 30 360 480 3 0
G19 20 240 360 3 1
G20 30 0 120 3 0
G21 70 600 650 2 1
G22 30 120 240 3 0
G23 70 0 120 2 1
G24 70 360 480 2 1
G25 70 480 600 2 1
G26 70 240 360 2 1
G27 30 120 240 3 0
G28 70 360 480 2 1
G29 30 360 480 3 0
G30 70 0 120 2 1
G31 70 600 650 2 1
G32 30 480 600 3 0
G33 30 120 240 3 0
G34 80 0 640 1 2
G35 30 240 360 3 0
G36 80 0 640 1 5
G37 20 240 360 3 1
G38 80 0 640 1 2
G39 30 0 120 3 0
G40 70 240 360 2 1
G41 30 360 480 3 0
G42 70 120 240 2 1
G43 30 480 600 3 0
G44 30 120 240 3 0
G45 30 0 120 3 0
G46 30 240 360 3 0
G47 70 120 240 2 1
G48 70 240 360 2 1
G49 70 120 240 2 1
G50 30 0 120 3 0
G51 30 240 360 3 0
G52 30 240 360 3 0
G53 20 120 240 3 1
G54 70 480 600 2 1
G55 30 0 120 3 0
G56 70 0 120 2 1
G57 20 0 120 3 1
G58 30 120 240 3 0
G59 30 0 120 3 0
G60 30 0 120 3 0
G61 30 240 360 3 0
G62 20 360 480 3 1
G63 80 0 640 1 5
G64 70 120 240 2 1
G65 30 0 120 3 0
G66 30 120 240 3 0
G67 30 120 240 3 0
G68 30 600 690 3 0
G69 30 0 120 3 0
G70 30 360 480 3 0
1 0 63
2 0 63
3 0 63
4 0 63
0 1 1
0 0 9
0 1 1
0 1 3
0 0 9
0 1 3
0 2 1
0 2 7
0.000 109.096 109.096 30.140 88.384 112.579 21.689 18.426 113.638 19.125 14.597 22.043 114.762 113.037 42.059 111.902 16.255 28.566 30.502 19.684 15.231 22.641 14.214 5.832 91.697 12.900 8.345 9.550 31.848 15.667 112.747 15.000 116.322 19.960 113.645 111.304 15.062 42.501 20.869 92.048 20.463 13.798 113.208 20.372 19.446 105.155 20.743 15.959 22.637 10.938 5.228 27.139 111.724 91.424 12.055 12.296 113.780 9.995 93.419 18.914 6.907 20.288 27.383 33.370 6.840 114.326 120.288 13.459 32.603 29.566 16.340 23.386 28.267 18.387 28.537 112.663
109.469 0.000 0.000 93.375 31.512 9.710 119.929 123.791 6.635 121.523 119.962 122.880 9.502 8.280 99.111 8.897 120.969 95.652 96.494 119.435 120.596 120.879 119.579 114.412 35.671 113.137 113.076 114.831 97.840 121.031 6.924 115.236 23.772 118.200 8.890 10.066 120.427 99.553 119.108 33.938 118.702 114.035 7.674 120.278 120.281 14.217 126.108 121.324 120.876 115.315 114.376 125.377 11.169 35.816 117.420 117.661 7.791 113.436 35.488 121.977 115.487 125.653 125.623 96.211 115.419 5.230 22.186 120.197 94.973 127.805 121.705 121.626 126.507 121.513 126.775 8.007
109.469 0.000 0.000 93.375 31.512 9.710 119.929 123.791 6.635 121.523 119.962 122.880 9.502 8.280 99.111 8.897 120.969 95.652 96.494 119.435 120.596 120.879 119.579 114.412 35.671 113.137 113.076 114.831 97.840 121.031 6.924 115.236 23.772 118.200 8.890 10.066 120.427 99.553 119.108 33.938 118.702 114.035 7.674 120.278 120.281 14.217 126.108 121.324 120.876 115.315 114.376 125.377 11.169 35.816 117.420 117.661 7.791 113.436 35.488 121.977 115.487 125.653 125.623 96.211 115.419 5.230 22.186 120.197 94.973 127.805 121.705 121.626 126.507 121.513 126.775 8.007
30.680 93.678 93.678 0.000 72.966 97.161 41.140 45.004 98.220 42.735 41.172 44.091 99.344 97.619 23.893 96.484 42.180 11.896 12.739 40.646 41.807 42.092 40.792 35.624 76.279 34.347 34.286 36.041 14.067 42.242 97.329 36.447 100.904 39.411 98.227 95.886 41.638 24.335 40.318 76.630 39.914 35.247 97.790 41.488 41.494 89.737 47.319 42.535 42.086 36.528 35.586 46.590 96.306 76.006 38.631 38.871 98.362 34.647 78.002 43.188 36.698 46.864 46.834 13.070 36.632 98.908 104.870 41.409 12.442 49.015 42.917 42.837 47.718 42.723 47.987 97.245
89.287 31.873 31.873 73.193 0.000 35.358 99.747 103.609 36.417 101.340 99.779 102.698 37.539 35.814 78.928 34.679 100.787 75.469 76.311 99.253 100.413 100.697 99.397 94.229 7.331 92.954 92.893 94.648 77.657 100.849 35.524 95.054 39.099 98.018 36.424 34.081 100.245 79.370 98.925 7.570 98.519 93.852 35.986 100.095 100.099 27.932 105.926 101.142 100.693 95.133 94.193 105.195 34.501 7.174 97.238 97.478 36.558 93.253 8.311 101.794 95.305 105.471 105.441 76.028 95.237 37.104 43.067 100.014 74.791 107.622 101.522 101.443 106.325 101.330 106.592 35.442
107.748 4.780 4.780 91.654 29.792 0.000 118.208 122.072 9.323 119.803 118.240 121.159 10.444 9.138 97.391 8.712 119.248 93.930 94.774 117.714 118.876 119.159 117.859 112.692 33.951 111.415 111.356 113.111 96.120 119.312 8.429 113.515 22.052 116.479 9.748 8.345 118.707 97.833 117.388 32.218 116.982 112.315 8.891 118.558 118.562 12.497 124.388 119.604 119.156 113.596 112.656 123.658 9.514 34.097 115.699 115.939 9.463 111.714 33.766 120.255 113.767 123.933 123.902 94.489 113.700 10.009 19.862 118.477 93.253 126.085 119.985 119.904 124.786 119.793 125.055 8.766
15.769 115.518 115.518 36.562 94.806 119.001 0.000 19.070 120.060 12.696 18.478 10.457 121.184 119.459 41.949 118.324 12.605 34.988 36.924 10.633 22.180 6.703 18.098 20.713 98.119 18.348 19.375 21.130 38.270 22.615 119.169 20.448 122.744 11.244 120.067 117.726 20.298 40.785 7.552 98.470 11.894 19.248 119.630 9.384 8.358 111.577 19.937 18.312 6.699 21.617 20.675 14.454 118.145 97.846 17.990 19.244 120.202 19.736 99.841 13.148 21.787 21.228 14.698 39.792 21.721 120.748 126.710 21.445 39.025 16.879 23.288 12.358 15.582 12.104 15.851 119.085
12.294 118.303 118.303 39.347 97.591 121.785 20.684 0.000 122.845 17.662 13.132 20.136 123.967 122.243 50.767 121.107 17.604 37.773 39.707 18.595 10.002 21.636 12.751 17.461 100.904 20.388 20.096 21.844 41.053 12.283 121.952 19.651 125.527 19.047 122.852 120.509 9.206 49.603 19.115 101.255 20.977 20.851 122.413 18.465 17.538 114.360 13.294 12.965 21.631 22.336 17.522 24.907 120.930 100.631 15.849 11.783 122.985 20.454 102.626 18.581 18.536 9.563 25.153 42.577 18.468 123.531 129.495 16.063 41.809 27.175 11.919 23.168 22.930 16.872 24.978 121.870
108.827 1.700 1.700 92.733 30.871 9.069 119.287 123.151 0.000 120.882 119.319 122.238 9.921 8.117 98.470 8.169 120.327 95.009 95.853 118.793 119.955 120.239 118.939 113.771 35.030 112.494 112.435 114.190 97.199 120.391 7.259 114.594 23.131 117.558 8.727 9.424 119.786 98.912 118.467 33.297 118.061 113.394 7.721 119.637 119.641 13.576 125.467 120.683 120.235 114.674 113.735 124.737 10.441 35.176 116.778 117.018 8.293 112.793 34.845 121.334 114.846 125.012 124.981 95.568 114.778 6.931 21.545 119.556 94.332 127.164 121.064 120.983 125.865 120.872 126.134 7.746
13.940 115.538 115.538 36.582 94.826 119.020 11.886 16.654 120.080 0.000 16.063 12.218 121.203 119.478 41.968 118.343 9.573 35.008 36.944 9.469 18.445 12.836 15.682 19.108 98.138 18.368 19.395 21.150 38.289 18.880 119.188 20.467 122.763 10.248 120.086 117.745 17.883 40.805 10.317 98.490 12.179 19.267 119.650 10.547 9.619 111.596 17.522 15.897 12.832 21.636 19.167 17.480 118.165 97.866 14.253 15.508 120.222 19.755 99.861 8.926 20.181 18.812 17.724 39.811 20.115 120.768 126.729 17.710 39.044 19.907 19.553 15.248 18.608 6.827 18.878 119.105
11.596 117.605 117.605 38.649 96.893 121.087 20.089 12.505 122.147 17.067 0.000 19.541 123.270 121.545 50.171 120.410 17.008 37.075 39.011 18.000 10.658 21.039 5.568 16.762 100.206 20.405 19.398 21.146 40.356 11.964 121.255 19.668 124.830 18.451 122.153 119.812 8.773 49.008 18.520 100.556 20.382 20.869 121.717 17.870 16.943 113.663 13.242 8.458 21.036 21.637 16.824 24.312 120.232 99.933 15.150 7.908 122.289 19.758 101.928 17.984 17.837 14.766 24.556 41.878 17.770 122.835 128.796 15.365 41.111 26.580 12.637 22.572 22.333 16.275 24.383 121.172
16.770 118.511 118.511 39.555 97.799 121.994 10.476 18.657 123.053 12.076 18.065 0.000 124.175 122.451 44.940 121.315 12.404 37.981 39.915 13.086 21.273 11.426 17.684 21.936 101.112 21.341 22.368 24.123 41.261 21.709 122.160 23.441 125.735 13.537 123.059 120.717 19.885 43.776 10.603 101.463 14.434 22.241 122.621 9.810 8.497 114.568 19.524 17.899 11.422 24.608 21.997 12.901 121.138 100.839 17.084 18.338 123.193 22.728 102.834 12.908 23.012 20.814 13.147 42.785 22.944 123.739 129.702 20.539 42.018 15.329 22.384 11.471 14.031 11.198 14.299 122.078
109.776 4.416 4.416 93.682 31.820 10.018 120.236 124.099 9.884 121.831 120.268 123.187 0.000 9.547 99.419 9.599 121.276 95.958 96.802 119.742 120.904 121.188 119.888 114.720 35.979 113.443 113.384 115.139 98.148 121.340 8.220 115.543 24.080 118.507 10.157 10.373 120.735 99.861 119.416 34.246 119.010 114.343 8.591 120.586 120.590 14.525 126.416 121.632 121.184 115.624 114.684 125.685 11.695 36.125 117.727 117.967 7.902 113.742 35.794 122.283 115.795 125.961 125.930 96.517 115.728 9.645 22.494 120.505 95.281 128.113 122.013 121.932 126.814 121.821 127.083 9.176
108.284 3.247 3.247 92.190 30.326 8.943 118.744 122.607 8.029 120.339 118.776 121.695 9.638 0.000 97.927 7.304 119.784 94.466 95.308 118.249 119.410 119.695 118.395 113.228 34.487 111.951 111.890 113.645 96.654 119.846 7.779 114.051 22.586 117.015 5.608 9.299 119.241 98.369 117.922 32.752 117.518 112.851 8.241 119.092 119.097 13.031 124.922 120.138 119.690 114.131 113.190 124.193 9.573 34.631 116.234 116.475 8.813 112.250 34.302 120.791 114.301 124.467 124.438 95.025 114.235 8.477 21.419 119.013 93.787 126.619 120.521 120.440 125.322 120.327 125.591 6.580
37.687 94.822 94.822 18.931 74.110 98.305 42.261 49.300 99.364 43.854 48.180 45.212 100.488 98.763 0.000 97.628 43.301 21.207 22.050 41.767 48.814 43.211 47.799 42.631 77.423 41.355 41.293 43.048 23.395 49.249 98.473 43.454 102.048 40.532 99.371 97.030 48.645 6.222 41.439 77.774 41.033 42.254 98.934 42.609 42.613 90.881 50.166 48.541 43.207 43.535 42.593 49.359 97.450 77.150 45.638 45.879 99.506 41.654 79.145 44.308 43.705 51.458 49.603 21.766 43.639 100.052 106.014 48.416 20.529 51.784 49.924 45.605 50.487 43.844 50.756 98.389
107.142 3.767 3.767 91.048 29.185 8.640 117.602 121.464 8.077 119.196 117.635 120.553 9.687 7.155 96.784 0.000 118.642 93.325 94.167 117.108 118.269 118.552 117.252 112.085 33.344 110.810 110.749 112.503 95.513 118.705 7.827 112.909 21.445 115.873 7.765 8.839 118.100 97.226 116.781 31.611 116.375 111.708 8.289 117.951 117.954 11.890 123.781 118.997 118.549 112.988 112.049 123.050 8.432 33.489 115.093 115.334 8.861 111.109 33.161 119.650 113.160 123.326 123.296 93.884 113.092 8.998 20.960 117.870 92.646 125.478 119.378 119.299 124.180 119.185 124.448 6.784
11.118 115.605 115.605 36.650 94.894 119.088 12.722 16.849 120.148 9.494 14.987 12.413 121.269 119.546 42.128 118.409 0.000 35.076 37.010 9.437 15.621 13.674 14.604 16.284 98.206 18.436 18.919 20.668 38.355 16.056 119.254 20.535 122.829 11.247 120.154 117.811 15.452 40.965 11.153 98.557 13.014 19.335 119.716 10.742 9.814 111.662 17.717 16.092 13.668 21.159 16.345 17.675 118.233 97.933 11.431 12.686 120.288 19.278 99.929 9.284 17.359 19.008 17.919 39.879 17.291 120.834 126.797 14.887 39.112 20.102 16.730 15.443 18.803 8.757 19.072 119.173
24.668 90.916 90.916 7.218 70.204 94.398 35.127 38.991 95.458 36.723 35.160 38.078 96.581 94.856 21.130 93.721 36.168 0.000 7.578 34.633 35.794 36.079 34.779 29.612 73.516 28.335 28.274 30.029 8.922 36.230 94.566 30.435 98.141 33.398 95.464 93.123 35.625 21.572 34.306 73.868 33.902 29.235 95.028 35.476 35.481 86.974 41.306 36.522 36.074 30.515 29.574 40.577 93.543 73.243 32.618 32.859 95.600 28.634 75.239 37.175 30.685 40.851 40.822 10.447 30.619 96.146 102.107 35.397 9.680 43.003 36.905 36.824 41.706 36.711 41.975 94.483
26.620 91.754 91.754 7.917 71.042 95.237 37.080 40.942 96.296 38.674 37.113 40.031 97.420 95.695 21.969 94.560 38.120 7.635 0.000 36.586 37.747 38.030 36.730 31.563 74.355 30.288 30.227 31.982 7.197 38.182 95.405 32.387 98.980 35.351 96.303 93.962 37.578 22.411 36.259 74.706 35.853 31.186 95.866 37.428 37.432 87.813 43.259 38.475 38.027 32.466 31.527 42.528 94.382 74.082 34.571 34.812 96.438 30.587 76.078 39.128 32.638 42.804 42.774 10.821 32.570 96.984 102.946 37.348 10.518 44.956 38.856 38.777 43.658 38.663 43.926 95.321
14.421 114.170 114.170 35.214 93.460 117.654 10.613 17.217 118.714 9.430 16.626 13.129 119.835 118.110 40.601 116.976 9.436 33.642 35.576 0.000 19.187 11.565 16.245 19.365 96.771 17.002 18.029 19.784 36.922 19.622 117.820 19.101 121.395 8.670 118.720 116.377 18.446 39.437 9.046 97.122 10.906 17.900 118.282 10.216 10.532 110.228 18.084 16.459 11.561 20.268 19.329 17.900 116.797 96.498 14.997 16.252 118.854 18.387 98.493 9.884 20.440 19.375 18.146 38.445 20.372 119.400 125.363 18.452 37.678 20.327 20.297 15.845 19.030 10.369 19.297 117.739
9.728 115.736 115.736 36.781 95.026 119.221 23.977 12.017 120.280 20.353 11.673 23.271 121.402 119.677 48.700 118.542 17.484 35.208 37.143 20.912 0.000 24.929 11.292 14.896 98.337 19.541 17.529 19.278 38.488 9.394 119.387 19.511 122.962 22.339 120.287 117.944 9.515 49.142 22.410 98.688 24.270 20.440 119.849 21.601 20.674 111.795 16.654 13.037 24.925 19.771 14.955 28.534 118.364 98.064 13.284 9.949 120.421 17.889 100.060 20.142 15.969 14.126 28.780 40.012 15.903 120.966 126.930 13.498 39.245 30.961 10.067 26.303 26.912 19.616 28.962 119.305
16.672 116.422 116.422 37.466 95.710 119.904 6.719 19.973 120.964 13.600 19.382 11.361 122.087 120.362 42.852 119.227 13.508 35.892 37.828 11.536 23.083 0.000 19.001 21.617 99.023 19.252 20.279 22.034 39.173 23.518 120.072 21.351 123.647 12.147 120.970 118.629 21.202 41.689 8.455 99.374 12.797 20.151 120.534 10.287 9.261 112.480 20.840 19.215 6.927 22.520 21.579 14.702 119.049 98.749 18.893 20.148 121.106 20.639 100.745 14.052 22.690 22.131 14.948 40.695 22.624 121.652 127.613 22.349 39.928 17.129 24.192 11.964 15.832 13.008 16.099 119.989
11.170 117.178 117.178 38.223 96.466 120.661 19.661 12.079 121.721 16.639 5.624 19.114 122.842 121.119 49.743 119.982 16.580 36.648 38.583 17.574 10.230 20.613 0.000 16.336 99.779 19.979 18.971 20.720 39.928 11.536 120.827 19.242 124.402 18.023 121.727 119.384 8.345 48.580 18.094 100.130 19.954 20.441 121.289 17.444 16.515 113.235 12.816 8.032 20.609 21.211 16.397 23.885 119.806 99.506 14.724 7.480 121.861 19.330 101.502 17.558 17.411 14.338 24.130 41.452 17.343 122.407 128.370 14.938 40.685 26.154 12.211 22.144 21.907 15.849 23.957 120.745
0.777 109.873 109.873 30.918 89.163 113.358 22.468 18.657 114.417 19.355 14.825 22.273 115.539 113.814 42.837 112.679 16.486 29.345 31.280 19.914 15.461 23.418 14.444 0.000 92.474 13.678 9.124 10.327 32.625 15.897 113.524 15.777 117.099 20.739 114.424 112.081 15.292 43.279 21.410 92.825 21.241 14.577 113.986 20.603 19.674 105.932 20.973 16.189 23.415 11.717 6.005 27.536 112.501 92.201 12.284 12.524 114.558 10.772 94.197 19.144 6.075 20.518 27.780 34.149 6.008 115.103 121.067 13.688 33.382 29.963 16.570 24.165 28.664 18.617 28.933 113.442
87.458 30.969 30.969 71.364 2.428 34.452 97.917 101.781 35.511 99.513 97.950 100.869 36.633 34.909 77.101 33.773 98.958 73.640 74.482 97.424 98.584 98.869 97.569 92.402 0.000 91.125 91.064 92.819 75.828 99.020 34.618 93.224 38.193 96.189 35.517 33.175 98.415 77.543 97.096 7.067 96.692 92.025 35.079 98.266 98.271 27.026 104.096 99.312 98.864 93.305 92.364 103.367 33.596 5.698 95.409 95.649 35.651 91.424 7.694 99.965 93.475 103.641 103.612 74.199 93.409 36.197 42.160 98.187 72.961 105.793 99.695 99.614 104.495 99.501 104.765 34.536
15.603 116.497 116.497 37.541 95.787 119.981 28.215 19.855 121.041 28.290 18.542 30.763 122.163 120.437 49.460 119.302 25.830 35.969 37.903 27.721 18.123 29.167 18.160 20.769 99.098 0.000 22.442 24.197 39.248 17.750 120.148 12.290 123.723 26.486 121.047 118.705 18.910 49.285 27.395 99.449 26.989 13.492 120.609 28.565 28.166 112.556 24.204 19.904 29.163 24.682 20.830 33.665 119.124 98.825 21.630 16.241 121.181 22.801 100.820 28.488 21.844 20.132 33.909 40.772 21.776 121.727 127.690 23.034 40.005 36.092 17.386 29.912 33.557 27.499 35.062 120.066
3.292 109.167 109.167 30.212 88.456 112.650 21.761 21.718 113.710 22.416 17.887 24.712 114.833 113.108 42.131 111.973 19.547 28.638 30.574 21.267 18.523 22.713 17.506 9.124 91.769 12.972 0.000 8.514 31.919 18.958 112.818 15.071 116.393 20.032 113.716 111.375 18.354 42.573 20.941 92.120 20.535 13.870 113.280 22.111 22.114 105.226 24.035 19.251 22.709 7.594 8.064 27.211 111.795 91.495 15.345 15.586 113.852 7.977 93.491 22.206 10.197 23.580 27.455 33.441 10.131 114.398 120.359 16.749 32.674 29.638 19.632 23.457 28.339 21.679 28.608 112.735
4.442 110.923 110.923 31.967 90.211 114.405 23.516 22.869 115.465 23.567 19.037 26.467 116.588 114.863 43.886 113.728 20.697 30.393 32.329 23.022 19.673 24.468 18.657 10.274 93.523 14.727 8.371 0.000 33.674 20.109 114.573 16.826 118.148 21.787 115.471 113.130 19.504 44.328 22.696 93.874 22.290 15.625 115.035 23.866 23.870 106.981 25.185 20.401 24.464 8.517 9.215 28.965 113.550 93.251 16.496 16.736 115.607 8.851 95.246 23.356 11.348 24.730 29.210 35.196 11.282 116.153 122.114 17.900 34.429 31.393 20.782 25.212 30.094 22.829 30.363 114.490
27.963 92.161 92.161 8.966 71.451 95.645 38.423 42.287 96.705 40.018 38.456 41.374 97.827 96.101 22.377 94.966 39.463 8.695 7.083 37.929 39.090 39.375 38.075 32.907 74.762 31.631 31.569 33.324 0.000 39.525 95.812 33.730 99.387 36.694 96.711 94.369 38.921 22.819 37.601 75.113 37.197 32.530 96.273 38.771 38.777 88.220 44.602 39.818 39.369 33.811 32.869 43.873 94.788 74.489 35.914 36.154 96.845 31.930 76.484 40.471 33.981 44.147 44.117 9.612 33.915 97.391 103.354 38.692 10.925 46.298 40.200 40.120 45.001 40.006 45.270 95.730
10.643 116.652 116.652 37.696 95.940 120.135 24.893 13.635 121.194 21.267 12.007 24.185 122.316 120.592 49.613 119.456 18.399 36.122 38.056 21.826 9.411 25.843 11.626 15.809 99.253 20.454 18.445 20.193 39.402 0.000 120.301 20.425 123.876 23.255 121.201 118.858 11.561 50.055 23.324 99.604 25.185 21.354 120.762 22.515 21.588 112.709 17.983 13.369 25.839 20.684 15.871 29.223 119.279 98.980 14.197 10.282 121.334 18.803 100.975 21.058 16.885 13.912 29.469 40.926 16.817 121.880 127.844 14.412 40.159 31.491 9.853 27.217 27.246 20.531 29.294 120.219
107.916 1.863 1.863 91.822 29.959 8.156 118.376 122.238 7.383 119.969 118.408 121.327 8.103 7.844 97.557 7.896 119.416 94.098 94.941 117.882 119.042 119.326 118.026 112.858 34.117 111.583 111.522 113.277 96.286 119.478 0.000 113.683 22.218 116.647 8.454 8.513 118.874 97.999 117.554 32.385 117.148 112.481 6.121 118.724 118.728 12.663 124.555 119.770 119.322 113.762 112.822 123.824 9.833 34.263 115.867 116.107 6.391 111.882 33.934 120.423 113.934 124.099 124.070 94.657 113.866 7.093 20.633 118.643 93.419 126.251 120.151 120.072 124.954 119.959 125.221 7.473
10.755 109.892 109.892 30.936 89.180 113.374 21.610 19.892 114.434 23.204 18.578 24.561 115.556 113.832 42.853 112.696 20.983 29.362 31.296 21.116 18.160 22.560 18.198 15.923 92.493 7.648 15.836 17.590 32.642 17.788 113.541 0.000 117.116 19.881 114.441 112.098 18.946 42.678 20.788 92.844 20.383 6.200 114.002 21.959 21.962 105.949 24.240 19.941 22.557 18.075 15.982 27.058 112.519 92.220 16.782 16.278 114.574 16.196 94.215 23.642 16.996 20.168 27.304 34.165 16.930 115.120 121.084 18.186 33.398 29.486 17.424 23.307 28.188 23.116 28.456 113.459
111.381 18.321 18.321 95.287 33.426 21.805 121.841 125.705 22.865 123.437 121.874 124.792 23.986 22.261 101.025 21.127 122.881 97.564 98.408 121.347 122.510 122.793 121.493 116.326 37.585 115.049 114.989 116.744 99.753 122.945 21.971 117.148 0.000 120.112 22.871 20.529 122.341 101.466 121.021 35.852 120.616 115.948 22.433 122.191 122.195 16.131 128.022 123.238 122.789 117.229 116.289 127.291 20.948 37.730 119.332 119.573 23.005 115.348 37.400 123.889 117.401 127.567 127.535 98.123 117.333 23.551 21.507 122.111 96.887 129.718 123.619 123.538 128.419 123.426 128.689 21.890
13.322 113.071 113.071 34.116 92.361 116.556 12.055 19.297 117.615 11.347 18.706 15.166 118.737 117.012 39.502 115.877 11.412 32.543 34.478 8.585 21.163 13.005 18.325 18.267 95.672 15.903 16.930 18.685 35.823 21.598 116.722 18.003 120.297 0.000 117.622 115.279 20.526 38.339 11.389 96.023 11.032 16.801 117.184 12.559 12.611 109.130 20.164 18.539 13.002 19.170 18.230 19.161 115.699 95.399 16.973 18.227 117.755 17.289 97.395 11.799 19.342 21.455 19.407 37.347 19.274 118.302 124.265 20.428 36.580 21.588 22.273 17.106 20.291 12.284 20.558 116.640
108.892 3.857 3.857 92.798 30.936 9.553 119.352 123.216 8.637 120.947 119.384 122.303 10.248 5.608 98.535 7.912 120.392 95.074 95.918 118.858 120.020 120.303 119.003 113.836 35.095 112.559 112.500 114.255 97.264 120.456 8.389 114.659 23.196 117.623 0.000 9.907 119.851 98.977 118.532 33.362 118.126 113.459 8.851 119.702 119.706 13.641 125.532 120.748 120.300 114.740 113.800 124.802 10.183 35.241 116.843 117.083 9.423 112.858 34.910 121.399 114.911 125.077 125.046 95.633 114.844 9.086 22.027 119.621 94.397 127.229 121.129 121.048 125.930 120.937 126.199 7.188
106.262 4.793 4.793 90.168 28.305 8.276 116.722 120.586 9.335 118.317 116.755 119.673 10.457 9.151 95.905 8.699 117.762 92.445 93.287 116.228 117.389 117.674 116.374 111.206 32.465 109.930 109.868 111.623 94.632 117.824 8.442 112.029 20.565 114.993 9.761 0.000 117.220 96.347 115.900 30.731 115.496 110.829 8.904 117.070 117.076 11.010 122.901 118.117 117.668 112.110 111.168 122.172 9.024 32.609 114.213 114.453 9.476 110.228 32.281 118.770 112.280 122.446 122.416 93.003 112.214 10.022 18.589 116.991 91.766 124.597 118.499 118.419 123.300 118.305 123.569 8.779
10.306 116.315 116.315 37.359 95.605 119.799 23.438 10.373 120.859 20.415 10.802 22.891 121.981 120.255 49.278 119.120 18.062 35.787 37.721 21.350 7.869 24.389 10.421 15.474 98.916 20.119 18.108 19.856 39.066 10.365 119.966 20.089 123.541 21.800 120.865 118.523 0.000 49.720 21.870 99.267 23.730 21.019 120.427 21.220 20.292 112.374 15.010 12.166 24.386 20.349 15.534 27.662 118.942 98.643 13.862 9.078 120.999 18.468 100.638 20.721 16.548 12.634 27.906 40.590 16.482 121.545 127.508 14.077 39.823 29.930 11.038 25.921 25.683 19.625 27.733 119.884
38.263 95.398 95.398 19.507 74.688 98.882 41.039 48.078 99.942 42.632 47.487 43.990 101.064 99.338 6.163 98.203 42.079 21.783 22.625 40.545 49.391 41.989 47.104 43.207 77.999 41.729 41.871 43.626 23.971 49.827 99.049 43.828 102.624 39.310 99.948 97.606 49.222 0.000 40.217 78.350 39.811 42.629 99.510 41.387 41.391 91.456 48.944 47.319 41.985 44.111 43.171 48.137 98.025 77.726 46.214 46.454 100.082 42.229 79.721 43.086 44.282 50.236 48.381 22.342 44.215 100.628 106.591 48.992 21.104 50.562 50.500 44.384 49.265 42.622 49.534 98.967
15.161 114.910 114.910 35.954 94.198 118.392 7.454 17.548 119.452 11.172 16.956 10.698 120.574 118.850 41.339 117.714 11.081 34.380 36.314 9.111 20.661 8.406 16.574 20.103 97.511 17.740 18.767 20.522 37.660 21.270 118.559 19.840 122.134 9.722 119.459 117.116 18.776 40.175 0.000 97.862 10.372 18.640 119.020 7.860 8.201 110.967 18.413 16.788 8.402 21.007 20.067 14.741 117.537 97.238 16.644 17.899 119.592 19.127 99.233 11.626 21.178 19.706 14.987 39.184 21.111 120.138 126.102 20.099 38.416 17.168 21.943 12.686 15.871 10.983 16.138 118.477
87.727 29.305 29.305 71.633 2.574 32.788 98.187 102.049 33.847 99.780 98.219 101.138 34.969 33.245 77.368 32.109 99.227 73.909 74.752 97.693 98.853 99.137 97.837 92.669 7.139 91.394 91.333 93.088 76.097 99.289 32.954 93.494 36.529 96.458 33.853 31.511 98.684 77.810 97.365 0.000 96.959 92.292 33.415 98.535 98.539 25.362 104.366 99.581 99.133 93.573 92.633 103.635 31.932 7.837 95.678 95.918 33.987 91.693 6.550 100.234 93.745 103.910 103.881 74.468 93.677 34.533 40.496 98.454 73.231 106.062 99.962 99.883 104.765 99.770 105.032 32.872
14.320 114.069 114.069 35.113 93.357 117.551 9.749 16.434 118.611 10.596 15.842 12.218 119.734 118.009 40.499 116.874 10.506 33.539 35.475 8.533 19.547 10.700 15.461 19.264 96.669 16.899 17.926 19.681 36.820 20.694 117.719 18.998 121.294 9.144 118.617 116.276 17.662 39.336 8.181 97.020 0.000 17.799 118.181 9.351 9.619 110.127 17.301 15.676 10.697 20.167 19.226 17.035 116.696 96.397 16.067 16.797 118.753 18.286 98.392 11.049 20.337 18.591 17.281 38.342 20.271 119.299 125.260 19.524 37.575 19.462 21.367 14.980 18.165 10.824 18.433 117.636
11.028 108.690 108.690 29.735 87.980 112.175 20.409 21.091 113.234 22.004 19.778 23.360 114.356 112.631 41.654 111.496 21.449 28.162 30.096 19.915 19.361 21.361 19.398 15.972 91.291 7.408 14.636 16.391 31.442 18.988 112.341 6.200 115.916 18.680 113.241 110.898 20.148 41.478 19.589 91.642 19.183 0.000 112.802 20.759 20.763 104.749 25.440 21.142 21.357 16.876 15.936 25.859 111.318 91.018 17.983 17.477 113.374 14.994 93.014 22.456 17.047 21.370 26.103 32.966 16.980 113.921 119.884 19.387 32.199 28.286 18.624 22.105 26.987 21.994 27.256 112.259
108.231 2.467 2.467 92.138 30.274 8.474 118.692 122.555 7.700 120.287 118.724 121.642 8.614 8.162 97.875 8.214 119.731 94.414 95.256 118.198 119.358 119.643 118.343 113.176 34.435 111.899 111.838 113.593 96.602 119.794 6.118 113.999 22.534 116.963 8.770 8.829 119.189 98.317 117.870 32.700 117.466 112.799 0.000 119.040 119.045 12.979 124.870 120.086 119.638 114.079 113.138 124.141 10.151 34.579 116.183 116.423 6.902 112.198 34.250 120.739 114.249 124.415 124.385 94.973 114.183 7.697 20.948 118.961 93.735 126.567 120.469 120.388 125.270 120.275 125.539 7.788
15.386 115.872 115.872 36.916 95.160 119.355 9.361 17.272 120.414 10.691 16.681 9.963 121.536 119.812 42.301 118.676 11.019 35.342 37.276 10.073 19.889 10.313 16.300 20.552 98.473 18.702 19.729 21.484 38.622 20.324 119.521 20.801 123.096 10.684 120.421 118.078 18.501 41.137 7.792 98.824 11.334 19.602 119.982 0.000 7.366 111.929 18.139 16.514 10.308 21.969 20.613 15.227 118.499 98.200 15.699 16.953 120.554 20.089 100.195 11.523 21.627 19.430 15.472 40.145 21.559 121.100 127.064 19.154 39.379 17.653 20.999 12.995 16.355 9.814 16.625 119.439
14.317 116.363 116.363 37.407 95.651 119.846 8.328 16.203 120.905 9.624 15.612 8.523 122.029 120.303 42.794 119.169 9.950 35.833 37.769 10.633 18.822 9.280 15.231 19.485 98.964 19.193 20.220 21.975 39.115 19.257 120.014 21.293 123.589 11.084 120.912 118.571 17.432 41.630 8.256 99.315 12.088 20.093 120.475 7.357 0.000 112.422 17.071 15.446 9.274 22.462 19.544 12.861 118.991 98.691 14.630 15.885 121.047 20.581 100.687 10.456 20.558 18.361 13.106 40.637 20.492 121.593 127.555 18.087 39.870 15.287 19.931 10.629 13.989 8.747 14.259 119.930
100.252 8.941 8.941 84.158 22.295 12.426 110.712 114.574 13.485 112.306 110.745 113.663 14.607 12.882 89.894 11.747 111.752 86.435 87.277 110.218 111.379 111.662 110.362 105.195 26.454 103.920 103.859 105.614 88.623 111.815 12.592 106.019 16.167 108.983 13.492 11.149 111.210 90.336 109.891 24.721 109.485 104.818 13.054 111.060 111.064 0.000 116.891 112.107 111.659 106.098 105.159 116.160 11.569 26.599 108.203 108.444 13.626 104.219 26.271 112.760 106.270 116.436 116.406 86.994 106.202 14.171 23.269 110.980 85.756 118.588 112.488 112.409 117.290 112.296 117.558 12.510
17.599 123.608 123.608 44.652 102.898 127.092 21.566 13.096 128.152 18.543 12.956 21.019 129.274 127.548 51.648 126.413 18.485 43.080 45.014 19.478 16.661 22.518 12.575 22.767 106.209 26.408 25.401 27.149 46.360 17.968 127.259 25.673 130.834 19.928 128.158 125.816 14.776 50.484 19.998 106.560 21.858 26.872 127.720 19.348 18.420 119.666 0.000 10.827 22.514 27.642 22.827 25.790 126.235 105.936 21.155 13.912 128.292 25.761 107.931 19.462 23.841 15.357 26.034 47.883 23.775 128.838 134.801 21.370 47.116 28.058 18.641 24.049 23.811 17.753 25.861 127.177
12.918 118.927 118.927 39.971 98.215 122.409 19.881 13.827 123.469 16.859 8.273 19.333 124.591 122.867 49.963 121.731 16.800 38.397 40.331 17.792 11.978 20.831 7.893 18.084 101.528 21.727 20.720 22.468 41.677 13.285 122.576 20.990 126.151 18.243 123.476 121.133 10.093 48.800 18.312 101.879 20.174 22.190 123.037 17.662 16.735 114.984 11.929 0.000 20.828 22.959 18.146 24.104 121.554 101.255 16.473 9.229 123.609 21.078 103.250 17.776 19.160 15.582 24.348 43.201 19.092 124.155 130.119 16.687 42.434 26.372 13.960 22.364 22.125 16.067 24.175 122.494
16.767 116.516 116.516 37.561 95.806 120.001 6.814 20.070 121.060 13.694 19.478 11.457 122.182 120.457 42.947 119.322 13.603 35.988 37.922 11.633 23.178 6.950 19.096 21.712 99.117 19.348 20.375 22.130 39.268 23.613 120.167 21.448 123.742 12.244 121.067 118.724 21.298 41.784 8.552 99.468 12.894 20.246 120.628 10.382 9.358 112.575 20.935 19.310 0.000 22.615 21.675 14.370 119.144 98.844 18.988 20.242 121.201 20.734 100.840 14.148 22.787 22.228 14.616 40.792 22.719 121.747 127.710 22.443 40.025 16.797 24.288 11.633 15.500 13.103 15.768 120.085
5.828 111.198 111.198 32.243 90.487 114.681 23.791 23.817 115.741 24.568 19.986 26.743 116.862 115.139 44.160 114.002 21.699 30.669 32.603 23.297 20.622 24.743 19.605 11.660 93.799 15.001 7.538 8.373 33.948 21.058 114.847 17.100 118.422 22.062 115.747 113.404 20.453 44.602 22.970 94.150 22.566 15.901 115.309 24.140 24.145 107.255 26.134 21.350 24.738 0.000 10.600 29.241 113.826 93.526 17.445 17.685 115.881 8.026 95.522 24.357 12.735 25.679 29.486 35.472 12.667 116.427 122.390 19.287 34.705 31.667 21.731 25.488 30.370 23.831 30.639 114.766
0.227 108.869 108.869 29.913 88.157 112.351 21.462 18.654 113.411 19.352 14.824 22.271 114.534 112.809 41.832 111.674 16.483 28.339 30.275 19.911 15.459 22.413 14.442 6.059 91.470 12.673 8.117 9.323 31.620 15.894 112.519 14.772 116.094 19.733 113.417 111.076 15.290 42.274 20.642 91.820 20.236 13.571 112.981 20.600 19.673 104.927 20.971 16.187 22.410 10.711 0.000 26.912 111.496 91.197 12.283 12.523 113.553 9.767 93.192 19.141 7.135 20.516 27.156 33.142 7.067 114.099 120.060 13.687 32.375 29.339 16.567 23.158 28.040 18.615 28.309 112.436
21.216 120.965 120.965 42.009 100.253 124.448 14.454 23.954 125.507 17.373 23.363 12.732 126.631 124.906 48.605 123.771 17.701 40.435 42.371 17.785 26.571 14.536 22.982 26.160 103.566 23.795 24.822 26.577 43.717 27.006 124.616 25.895 128.191 18.396 125.514 123.173 25.183 47.441 14.704 103.917 19.047 24.695 125.077 15.107 12.751 117.024 24.821 23.196 14.116 27.064 26.122 0.000 123.593 103.293 22.381 23.636 125.649 25.183 105.288 18.205 27.234 26.112 8.315 45.239 27.168 126.195 132.157 25.836 44.472 9.749 27.681 12.666 8.451 16.496 8.721 124.532
106.886 5.990 5.990 90.792 28.929 9.397 117.346 121.210 10.300 118.941 117.378 120.297 11.734 9.378 96.529 8.244 118.386 93.069 93.911 116.852 118.013 118.298 116.998 111.830 33.089 110.553 110.492 112.247 95.256 118.448 9.719 112.653 21.189 115.617 9.988 9.091 117.844 96.971 116.524 31.355 116.120 111.453 10.181 117.694 117.700 11.634 123.525 118.741 118.292 112.734 111.792 122.796 0.000 33.233 114.837 115.078 10.753 110.853 32.904 119.394 112.904 123.070 123.040 93.627 112.838 11.221 21.211 117.615 92.390 125.221 119.123 119.042 123.924 118.929 124.193 9.007
87.113 31.737 31.737 71.019 1.960 35.221 97.573 101.437 36.281 99.168 97.606 100.524 37.403 35.677 76.756 34.543 98.613 73.296 74.138 97.079 98.240 98.525 97.225 92.057 5.770 90.781 90.719 92.474 75.483 98.675 35.388 92.880 38.962 95.844 36.287 33.945 98.071 77.198 96.751 7.837 96.347 91.680 35.849 97.921 97.927 27.796 103.752 98.968 98.519 92.961 92.019 103.023 34.364 0.000 95.064 95.305 36.421 91.080 6.995 99.620 93.131 103.297 103.267 73.855 93.065 36.967 42.930 97.842 72.617 105.448 99.350 99.270 104.151 99.156 104.420 35.306
6.106 112.115 112.115 33.159 91.403 115.598 18.003 13.106 116.657 14.377 9.274 17.295 117.779 116.055 45.076 114.919 11.509 31.585 33.519 14.936 9.910 18.953 8.893 11.273 94.716 15.917 13.908 15.656 34.865 10.346 115.764 16.252 119.339 16.365 116.663 114.321 9.741 45.518 16.434 95.067 18.295 16.817 116.225 15.625 14.698 108.172 15.422 10.638 18.949 16.148 11.334 22.559 114.742 94.443 0.000 6.973 116.797 14.266 96.438 14.168 12.348 14.967 22.803 36.389 12.280 117.343 123.306 9.875 35.621 24.985 11.019 20.327 23.688 13.641 23.957 115.682
8.688 114.696 114.696 35.741 93.986 118.181 22.937 12.355 119.240 19.313 10.957 22.232 120.362 118.637 47.660 117.502 16.444 34.168 36.103 19.872 9.160 23.889 10.574 13.856 97.297 17.497 16.489 18.238 37.448 9.596 118.347 16.761 121.922 21.299 119.247 116.904 8.991 48.102 21.370 97.648 23.230 17.961 118.809 20.561 19.634 110.755 16.992 12.319 23.885 18.731 13.915 27.494 117.324 97.024 12.244 0.000 119.380 16.849 99.020 19.102 14.929 14.094 27.740 38.972 14.863 119.927 125.890 12.458 38.205 29.921 10.269 25.263 26.194 18.576 28.244 118.265
108.806 2.587 2.587 92.712 30.849 9.047 119.266 123.128 8.273 120.860 119.299 122.217 7.928 8.735 98.448 8.787 120.306 94.989 95.831 118.772 119.933 120.216 118.916 113.749 35.008 112.474 112.413 114.167 97.177 120.369 6.391 114.573 23.109 117.537 9.345 9.403 119.764 98.890 118.445 33.275 118.039 113.372 6.761 119.615 119.618 13.554 125.445 120.661 120.213 114.652 113.713 124.714 10.724 35.154 116.757 116.998 0.000 112.773 34.825 121.314 114.824 124.990 124.960 95.548 114.756 7.817 21.523 119.534 94.310 127.142 121.042 120.963 125.844 120.849 126.112 8.363
4.830 109.885 109.885 30.930 89.174 113.368 22.479 22.505 114.427 23.255 18.673 25.430 115.549 113.826 42.847 112.689 20.386 29.355 31.290 21.985 19.309 23.430 18.293 10.662 92.486 13.688 7.908 8.786 32.635 19.745 113.534 15.787 117.109 20.750 114.434 112.091 19.140 43.289 21.657 92.837 21.253 14.588 113.996 22.827 22.832 105.942 24.821 20.037 23.425 8.023 9.602 27.928 112.513 92.213 16.132 16.372 114.568 0.000 94.209 23.044 11.737 24.366 28.172 34.159 11.669 115.114 121.077 18.289 33.392 30.354 20.418 24.175 29.056 22.518 29.326 113.453
89.190 30.768 30.768 73.096 3.087 34.253 99.650 103.514 35.312 101.245 99.683 102.601 36.434 34.709 78.834 33.574 100.690 75.373 76.217 99.156 100.319 100.602 99.302 94.135 7.652 92.858 92.798 94.553 77.562 100.754 34.419 94.957 37.994 97.921 35.319 32.976 100.150 79.275 98.830 6.465 98.424 93.758 34.880 100.000 100.004 26.827 105.831 101.047 100.598 95.038 94.098 105.100 33.396 7.139 97.141 97.382 35.453 93.157 0.000 101.698 95.210 105.376 105.344 75.932 95.142 35.998 41.962 99.919 74.696 107.527 101.427 101.347 106.228 101.235 106.498 34.337
14.105 117.082 117.082 38.126 96.372 120.566 13.300 17.669 121.626 9.160 17.077 13.232 122.748 121.022 43.513 119.888 9.739 36.554 38.488 10.015 18.608 14.252 16.696 19.271 99.683 19.914 20.941 22.696 39.834 19.044 120.733 22.013 124.308 11.825 121.632 119.290 18.439 42.349 11.731 100.034 13.593 20.812 121.194 11.561 10.633 113.141 18.536 16.911 14.247 23.180 19.333 18.494 119.709 99.410 14.418 15.673 121.766 21.299 101.405 0.000 20.346 19.826 18.738 41.357 20.279 122.312 128.275 17.874 40.590 20.921 19.719 16.262 19.622 9.576 19.892 120.651
1.853 110.948 110.948 31.993 90.237 114.431 23.542 19.553 115.491 20.252 15.722 23.170 116.614 114.889 43.912 113.754 17.383 30.419 32.355 20.811 16.358 24.494 15.341 6.075 93.549 14.753 10.197 11.402 33.700 16.794 114.599 16.852 118.174 21.813 115.497 113.156 16.189 44.354 22.307 93.901 22.316 15.651 115.061 21.500 20.571 107.007 21.870 17.086 24.490 12.791 7.080 28.432 113.576 93.276 13.181 13.421 115.633 11.847 95.272 20.041 0.000 21.415 28.677 35.222 6.264 116.179 122.140 14.585 34.455 30.860 17.467 25.238 29.561 19.514 29.830 114.516
15.362 121.371 121.371 42.415 100.659 124.853 22.605 8.328 125.913 19.582 15.280 22.056 127.035 125.311 52.687 124.175 19.524 40.841 42.775 20.516 13.070 23.555 14.899 20.529 103.972 20.779 23.164 24.912 44.121 14.155 125.020 20.044 128.595 20.967 125.919 123.577 12.414 51.523 21.036 104.323 22.897 21.244 125.481 20.386 19.459 117.428 14.513 15.114 23.551 25.404 20.590 26.827 123.998 103.699 18.916 14.993 126.053 23.522 105.694 20.500 21.604 0.000 27.071 45.645 21.536 126.599 132.562 19.131 44.878 29.096 13.791 25.088 24.848 18.790 26.898 124.938
21.599 121.349 121.349 42.393 100.637 124.831 14.837 24.338 125.891 17.757 23.746 13.116 127.014 125.289 48.988 124.154 18.084 40.819 42.755 18.169 26.954 14.919 23.365 26.544 103.950 24.179 25.206 26.961 44.100 27.390 124.999 26.278 128.574 18.780 125.897 123.556 25.566 47.825 15.088 104.301 19.430 25.079 125.461 15.491 13.134 117.407 25.205 23.580 14.499 27.447 26.506 8.311 123.976 103.677 22.764 24.019 126.033 25.566 105.672 18.589 27.617 26.495 0.000 45.622 27.551 126.579 132.540 26.220 44.855 10.229 28.065 13.050 8.930 16.879 9.199 124.916
29.390 91.537 91.537 8.808 70.827 95.021 39.850 43.714 96.081 41.446 39.883 42.801 97.203 95.477 21.753 94.343 40.890 10.607 10.840 39.356 40.519 40.802 39.502 34.335 74.138 33.058 32.998 34.753 9.521 40.954 95.188 35.157 98.763 38.121 96.087 93.745 40.350 22.195 39.030 74.489 38.624 33.957 95.649 40.200 40.204 87.596 46.031 41.247 40.798 35.238 34.298 45.300 94.164 73.865 37.341 37.582 96.221 33.357 75.860 41.898 35.410 45.576 45.544 0.000 35.342 96.767 102.730 40.120 8.972 47.727 41.628 41.547 46.428 41.435 46.698 95.106
1.798 110.894 110.894 31.938 90.184 114.378 23.489 19.677 115.438 20.375 15.846 23.294 116.559 114.834 43.857 113.700 17.506 30.366 32.300 20.934 16.482 24.439 15.465 6.021 93.495 14.698 10.144 11.348 33.645 16.917 114.544 16.797 118.120 21.760 115.444 113.102 16.313 44.299 22.430 93.846 22.261 15.598 115.006 21.623 20.695 106.953 21.994 17.210 24.435 12.738 7.025 28.556 113.521 93.222 13.304 13.545 115.578 11.793 95.217 20.164 6.300 21.539 28.800 35.169 0.000 116.124 122.087 14.708 34.402 30.983 17.590 25.185 29.684 19.638 29.954 114.463
109.698 0.230 0.230 93.604 31.742 9.940 120.158 124.022 6.865 121.753 120.190 123.109 9.732 8.510 99.341 9.127 121.198 95.880 96.724 119.664 120.826 121.109 119.809 114.642 35.901 113.365 113.306 115.061 98.070 121.262 7.154 115.465 24.002 118.429 9.118 10.295 120.657 99.783 119.338 34.168 118.932 114.265 7.903 120.508 120.512 14.447 126.338 121.554 121.106 115.546 114.606 125.608 11.399 36.047 117.649 117.889 8.020 113.664 35.716 122.205 115.717 125.883 125.852 96.439 115.650 0.000 22.416 120.427 95.203 128.035 121.935 121.854 126.736 121.743 127.005 8.237
115.531 17.118 17.118 99.437 37.574 20.051 125.991 129.855 21.662 127.586 126.023 128.942 22.784 21.478 105.174 21.025 127.031 101.713 102.556 125.497 126.658 126.943 125.643 120.475 41.734 119.198 119.137 120.892 103.901 127.093 20.769 121.298 21.627 124.262 22.086 18.659 126.489 105.616 125.169 40.000 124.765 120.098 21.230 126.339 126.345 23.337 132.170 127.386 126.937 121.379 120.437 131.441 21.350 41.878 123.482 123.723 21.803 119.498 41.550 128.038 121.549 131.715 131.685 102.273 121.483 22.349 0.000 126.260 101.035 133.866 127.768 127.688 132.569 127.574 132.838 21.104
8.242 114.251 114.251 35.295 93.539 117.733 22.492 18.169 118.793 18.867 14.338 21.786 119.916 118.191 47.214 117.056 15.998 33.721 35.657 19.426 14.974 23.443 13.957 13.408 96.852 18.055 16.044 17.792 37.002 15.409 117.901 17.593 121.476 20.854 118.799 116.458 14.805 47.656 20.922 97.203 22.784 18.793 118.363 20.115 19.187 110.309 20.486 15.702 23.438 18.283 13.470 27.048 116.878 96.578 11.796 12.037 118.935 16.404 98.574 18.657 14.483 20.031 27.292 38.524 14.416 119.481 125.442 0.000 37.757 29.475 16.083 24.816 28.176 18.130 28.446 117.818
28.740 90.250 90.250 8.285 69.540 93.734 39.200 43.064 94.794 40.796 39.233 42.151 95.916 94.190 20.466 93.056 40.240 9.957 10.801 38.706 39.869 40.152 38.852 33.684 72.851 32.408 32.348 34.103 11.366 40.304 93.901 34.507 97.476 37.471 94.800 92.458 39.700 20.908 38.380 73.202 37.974 33.307 94.362 39.550 39.554 86.309 45.381 40.597 40.148 34.588 33.648 44.650 92.877 72.578 36.691 36.932 94.934 32.707 74.573 41.248 34.760 44.926 44.894 8.792 34.692 95.480 101.443 39.470 0.000 47.077 40.977 40.897 45.778 40.785 46.047 93.819
23.751 123.500 123.500 44.544 102.788 126.983 16.989 26.489 128.042 19.908 25.898 15.267 129.166 127.441 51.140 126.306 20.236 42.970 44.906 20.321 29.106 17.071 25.517 28.695 106.101 26.330 27.357 29.112 46.252 29.541 127.151 28.430 130.726 20.931 128.049 125.708 27.718 49.976 17.239 106.452 21.582 27.230 127.612 17.642 15.286 119.559 27.356 25.731 16.651 29.599 28.657 9.715 126.127 105.828 24.916 26.171 128.184 27.718 107.823 20.740 29.769 28.647 10.054 47.774 29.703 128.730 134.692 28.371 47.007 0.000 30.216 15.201 9.180 19.031 9.449 127.067
11.317 117.325 117.325 38.370 96.613 120.808 24.730 13.272 121.867 21.708 12.680 24.182 122.991 121.266 50.288 120.131 19.072 36.795 38.731 22.501 10.086 25.680 12.300 16.483 99.926 21.129 19.118 20.867 40.077 9.713 120.976 21.098 124.551 23.092 121.874 119.533 11.663 50.730 23.161 100.277 25.023 22.027 121.437 22.511 21.584 113.384 17.620 14.044 25.677 21.358 16.544 28.953 119.953 99.653 14.871 10.957 122.009 19.478 101.648 21.731 17.558 13.550 29.197 41.599 17.490 122.555 128.517 15.085 40.832 31.221 0.000 27.213 26.974 20.916 29.024 120.892
17.738 117.487 117.487 38.532 96.776 120.970 11.236 20.609 122.030 14.029 20.018 10.144 123.153 121.428 45.127 120.293 14.356 36.958 38.894 14.616 23.226 10.951 19.635 22.683 100.088 20.318 21.345 23.100 40.239 23.662 121.138 22.417 124.713 15.227 122.036 119.695 21.838 43.964 11.535 100.440 15.877 21.218 121.600 11.763 9.404 113.546 21.475 19.850 10.532 23.586 22.645 11.279 120.115 99.816 19.036 20.291 122.172 21.705 101.811 14.861 23.756 22.767 11.523 41.761 23.690 122.718 128.679 22.492 40.994 13.706 24.335 0.000 12.407 13.151 12.677 121.055
22.389 122.138 122.138 43.182 101.426 125.620 15.524 22.416 126.680 18.445 21.825 13.804 127.802 126.078 49.776 124.942 18.771 41.608 43.542 18.855 25.530 15.708 21.442 27.331 104.739 24.968 25.995 27.750 44.888 26.836 125.787 27.068 129.362 19.466 126.687 124.344 23.645 48.612 15.774 105.090 20.116 25.868 126.248 16.177 13.821 118.195 23.282 21.657 15.287 28.235 27.295 8.351 124.765 104.466 23.451 22.780 126.820 26.355 106.461 19.277 28.407 24.574 8.692 46.412 28.339 127.366 133.329 26.908 45.645 9.247 27.510 13.837 0.000 17.567 7.050 125.705
13.309 115.703 115.703 36.747 94.991 119.185 12.050 15.781 120.245 6.694 15.189 11.344 121.367 119.643 42.132 118.507 8.943 35.173 37.107 9.962 17.814 13.002 14.809 18.477 98.304 18.533 19.560 21.315 38.453 18.250 119.352 20.633 122.927 10.412 120.252 117.909 17.009 40.968 10.482 98.655 12.342 19.433 119.813 9.674 8.747 111.760 16.648 15.023 12.998 21.800 18.537 16.606 118.330 98.031 13.623 14.877 120.385 19.920 100.026 9.449 19.551 17.939 16.852 39.977 19.485 120.931 126.895 17.080 39.210 19.034 18.923 14.376 17.736 0.000 18.004 119.270
22.603 122.352 122.352 43.397 101.641 125.835 15.839 24.269 126.895 18.761 23.677 14.120 128.016 126.293 49.990 125.156 19.088 41.822 43.757 19.173 27.382 15.923 23.295 27.546 104.953 25.183 26.210 27.965 45.102 28.394 126.001 27.282 129.576 19.784 126.901 124.558 25.497 48.827 16.092 105.304 20.434 26.082 126.463 16.495 14.136 118.409 25.134 23.509 15.501 28.449 27.510 8.566 124.980 104.680 23.768 24.633 127.035 26.570 106.676 19.593 28.621 26.427 8.906 46.626 28.553 127.581 133.544 27.223 45.859 9.462 29.067 14.052 6.853 17.883 0.000 125.919
107.845 3.019 3.019 91.751 29.890 8.506 118.305 122.169 7.591 119.901 118.338 121.256 9.202 6.657 97.489 6.865 119.345 94.028 94.872 117.811 118.974 119.257 117.957 112.790 34.049 111.513 111.453 113.208 96.217 119.409 7.343 113.612 22.150 116.576 7.266 8.861 118.805 97.931 117.485 32.316 117.080 112.413 7.804 118.655 118.659 12.595 124.486 119.702 119.253 113.693 112.753 123.755 9.137 34.194 115.796 116.037 8.376 111.812 33.864 120.353 113.865 124.031 123.999 94.587 113.797 8.247 20.981 118.575 93.351 126.182 120.083 120.002 124.883 119.890 125.153 0.000
0.0000 107.8807 107.8807 21.3635 90.1678 106.7675 10.3209 7.3597 107.3445 7.1850 4.8572 9.0583 107.7905 106.8012 30.6063 106.3150 6.0968 19.1998 20.2666 7.9147 4.8040 10.6280 4.7857 0.3105 89.6623 5.4057 1.2684 1.7255 20.9535 4.9516 107.4557 5.9124 106.6942 8.4346 106.9180 106.1392 5.1024 30.6588 9.9072 90.0308 8.8765 5.2983 107.4233 8.5571 8.4558 101.6666 7.3942 5.4570 10.7266 1.7489 0.1153 14.6628 105.9147 89.5662 3.4462 3.8515 107.7808 1.8324 90.5716 7.0720 0.6556 8.1185 14.5858 21.7664 0.5632 107.9252 109.0183 3.4484 21.3998 15.3628 5.1591 12.5002 15.5442 7.1342 15.3322 106.6300
108.0361 0.0000 0.0000 87.5189 21.4910 1.8670 112.2445 113.7853 0.3096 112.3021 111.2828 113.6168 1.4224 1.0107 86.8439 1.3830 112.7898 87.9590 88.1510 111.3263 111.2296 112.5516 111.2113 107.9987 21.7084 108.6277 106.9568 107.6442 88.8379 111.3772 0.5088 109.1344 9.9270 110.3582 1.1274 2.4259 111.5280 86.8965 111.8307 20.6158 110.8001 108.5203 0.6849 112.1221 113.0144 6.2141 113.8198 111.8826 112.6501 107.4451 107.7291 116.5864 2.1155 23.8465 109.8718 110.2771 0.8339 106.9597 21.4779 112.4513 108.3437 114.5441 116.5094 86.9656 108.2513 0.0444 10.0897 110.5007 86.4341 117.2864 111.5847 114.4238 117.4677 113.1184 117.2558 0.8835
108.0361 0.0000 0.0000 87.5189 21.4910 1.8670 112.2445 113.7853 0.3096 112.3021 111.2828 113.6168 1.4224 1.0107 86.8439 1.3830 112.7898 87.9590 88.1510 111.3263 111.2296 112.5516 111.2113 107.9987 21.7084 108.6277 106.9568 107.6442 88.8379 111.3772 0.5088 109.1344 9.9270 110.3582 1.1274 2.4259 111.5280 86.8965 111.8307 20.6158 110.8001 108.5203 0.6849 112.1221 113.0144 6.2141 113.8198 111.8826 112.6501 107.4451 107.7291 116.5864 2.1155 23.8465 109.8718 110.2771 0.8339 106.9597 21.4779 112.4513 108.3437 114.5441 116.5094 86.9656 108.2513 0.0444 10.0897 110.5007 86.4341 117.2864 111.5847 114.4238 117.4677 113.1184 117.2558 0.8835
22.8229 87.5675 87.5675 0.0000 69.8546 86.4544 27.0314 28.5722 87.0313 27.0889 26.0697 28.4037 87.4773 86.4880 9.7677 86.0018 27.5767 2.5867 2.7788 26.1131 26.0165 27.3384 25.9981 22.7855 69.3491 23.4145 21.7436 22.4310 3.1482 26.1640 87.1426 23.9212 86.3810 25.1450 86.6048 85.8260 26.3149 9.8203 26.6176 69.7176 25.5869 23.3071 87.1101 26.9090 27.8012 81.3534 28.6067 26.6694 27.4370 22.2319 22.5160 31.3732 85.6015 69.2530 24.6587 25.0640 87.4676 21.7465 70.2584 27.2382 23.1305 29.3310 31.2962 2.4328 23.0382 87.6120 88.7051 25.2876 2.0662 32.0733 26.3715 29.2106 32.2546 27.9052 32.0426 86.3168
90.2132 21.8574 21.8574 69.6960 0.0000 20.7442 94.4216 95.9624 21.3211 94.4791 93.4599 95.7939 21.7671 20.7779 69.0210 20.2917 94.9669 70.1360 70.3281 93.5033 93.4067 94.7286 93.3883 90.1757 0.5823 90.8047 89.1338 89.8212 71.0150 93.5542 21.4324 91.3114 20.6709 92.5352 20.8946 20.1158 93.7051 69.0735 94.0078 0.8752 92.9771 90.6973 21.3999 94.2992 95.1914 15.6432 95.9969 94.0596 94.8272 89.6221 89.9062 98.7634 19.8913 0.6017 92.0489 92.4542 21.7574 89.1367 1.1476 94.6284 90.5207 96.7212 98.6864 69.1426 90.4284 21.9018 22.9949 92.6778 68.6112 99.4635 93.7617 96.6008 99.6448 95.2954 99.4328 20.6066
106.9229 1.8670 1.8670 86.4058 20.3778 0.0000 111.1314 112.6721 1.3308 111.1889 110.1696 112.5037 1.7768 1.4502 85.7307 1.3377 111.6767 86.8458 87.0378 110.2131 110.1165 111.4384 110.0981 106.8855 20.5952 107.5145 105.8436 106.5310 87.7248 110.2640 1.4420 108.0212 8.8138 109.2450 1.5670 1.3127 110.4149 85.7833 110.7176 19.5026 109.6869 107.4071 1.4096 111.0090 111.9012 5.1009 112.7066 110.7694 111.5370 106.3319 106.6160 115.4732 1.3155 22.7334 108.7587 109.1640 1.7671 105.8465 20.3647 111.3382 107.2305 113.4310 115.3962 85.8524 107.1382 1.9114 8.2841 109.3876 85.3210 116.1733 110.4715 113.3106 116.3546 112.0052 116.1426 1.2790
9.7244 112.8366 112.8366 26.3193 95.1237 111.7234 0.0000 8.7566 112.3003 3.6238 8.7893 2.4700 112.7463 111.7570 28.0898 111.2709 4.3819 24.1557 25.2224 2.8145 9.5186 0.4292 8.7178 9.6870 94.6182 10.1312 8.6451 9.3325 25.9094 9.6662 112.4116 10.6379 111.6501 3.0594 111.8738 111.0950 9.8292 27.7271 1.1290 94.9867 2.9304 10.0238 112.3791 1.9718 1.8266 106.6224 8.9618 8.4473 0.5278 9.1334 9.4175 4.3209 110.8705 94.5220 7.6991 8.5661 112.7366 8.6480 95.5274 3.7730 10.0320 11.0259 4.2438 26.7223 9.9396 112.8810 113.9741 9.4390 26.3557 5.0209 9.8736 2.9052 5.2022 3.6231 4.9902 111.5858
6.6633 113.6347 113.6347 27.1175 95.9218 112.5215 8.6543 0.0000 113.0985 6.1151 4.1161 7.5210 113.5445 112.5552 32.9028 112.0690 5.6514 24.9538 26.0206 7.0536 2.3181 8.9614 4.0446 6.6259 95.4163 10.0682 8.2535 8.3888 26.7075 3.0164 113.2097 9.3942 112.4482 7.2985 112.6720 111.8932 2.0961 32.5400 7.6789 95.7848 7.8206 10.0083 113.1773 7.0198 6.9186 107.4206 2.1367 3.7741 9.0599 8.7418 6.7786 8.8033 111.6687 95.3201 5.7497 3.4686 113.5348 8.2564 96.3256 6.5536 6.9709 2.1298 8.7263 27.5204 6.8785 113.6791 114.7723 5.8448 27.1538 9.3082 2.8183 9.2037 8.1030 5.8276 8.6561 112.3840
107.4999 0.3096 0.3096 86.9827 20.9548 1.3308 111.7083 113.2491 0.0000 111.7659 110.7466 113.0806 1.4229 0.7694 86.3077 0.8115 112.2536 87.4227 87.6148 110.7901 110.6934 112.0153 110.6751 107.4624 21.1722 108.0914 106.4206 107.1080 88.3017 110.8410 0.6736 108.5982 9.3908 109.8219 0.8861 1.8897 110.9918 86.3602 111.2945 20.0795 110.2639 107.9840 0.6412 111.5859 112.4782 5.6779 113.2836 111.3464 112.1139 106.9089 107.1929 116.0502 1.5441 23.3103 109.3356 109.7409 0.9987 106.4234 20.9417 111.9151 107.8075 114.0079 115.9732 86.4294 107.7151 0.3541 9.5534 109.9645 85.8979 116.7502 111.0484 113.8876 116.9315 112.5821 116.7195 0.5982
7.1602 112.1941 112.1941 25.6768 94.4812 111.0809 3.1989 6.1792 111.6579 0.0000 6.2119 2.5692 112.1038 111.1146 27.4473 110.6284 1.6432 23.5132 24.5800 1.2085 6.4212 3.5059 6.1404 7.1227 93.9757 9.4887 8.0026 8.6900 25.2669 6.5688 111.7691 9.9954 111.0076 1.8430 111.2313 110.4526 7.2518 27.0846 2.2234 94.3442 2.3651 9.3813 111.7366 2.0680 1.9668 105.9800 6.3844 5.8699 3.6045 8.4909 7.2754 5.4536 110.2281 93.8795 4.6017 5.4687 112.0941 8.0055 94.8849 0.7637 7.4677 8.4485 5.3766 26.0798 7.3754 112.2385 113.3316 6.3416 25.7132 6.1536 6.7762 4.2519 6.3349 0.3095 6.1229 110.9433
5.8216 112.7930 112.7930 26.2757 95.0801 111.6798 8.7756 3.7079 112.2568 6.2364 0.0000 7.6423 112.7027 111.7135 33.0241 111.2273 5.7728 24.1121 25.1789 7.1749 1.9938 9.0827 0.1063 5.7841 94.5746 9.0518 7.4118 7.5471 25.8658 2.4385 112.3680 8.3778 111.6065 7.4198 111.8302 111.0515 1.3991 32.6613 7.8002 94.9431 7.9419 8.9919 112.3356 7.1411 7.0399 106.5789 2.8962 0.9589 9.1813 7.9001 5.9369 8.9246 110.8270 94.4784 4.9080 1.3006 112.6931 7.4147 95.4838 6.6749 6.1292 4.8086 8.8476 26.6787 6.0368 112.8374 113.9305 5.0030 26.3121 9.4295 2.6459 9.3250 8.2243 5.9489 8.7774 111.5422
9.0335 114.4276 114.4276 27.9103 96.7147 113.3144 2.4700 7.6232 113.8914 2.5692 7.6558 0.0000 114.3373 113.3481 29.6809 112.8619 3.5165 25.7467 26.8135 3.6249 8.2945 2.7770 7.5843 8.9960 96.2092 11.7222 10.2362 10.9236 27.5004 8.4421 114.0026 12.2290 113.2411 3.8698 113.4648 112.6861 8.6958 29.3181 2.1445 96.5777 3.5614 11.6149 113.9702 1.6409 1.2257 108.2135 7.8283 7.3139 2.8756 10.7245 9.1487 2.7060 112.4616 96.1130 6.4750 7.3420 114.3277 10.2390 97.1185 3.1249 9.3410 9.8924 2.6290 28.3133 9.2487 114.4720 115.5652 8.2149 27.9467 3.4060 8.6495 2.2850 3.5873 2.3989 3.3754 113.1769
107.9459 1.4224 1.4224 87.4287 21.4007 1.7768 112.1543 113.6951 1.4229 112.2118 111.1926 113.5266 0.0000 1.5786 86.7537 1.6207 112.6996 87.8687 88.0608 111.2360 111.1394 112.4613 111.1210 107.9084 21.6181 108.5374 106.8665 107.5539 88.7477 111.2870 0.9974 109.0441 9.8368 110.2679 1.6953 2.3357 111.4378 86.8062 111.7405 20.5255 110.7098 108.4300 0.9932 112.0319 112.9241 6.1239 113.7296 111.7923 112.5599 107.3548 107.6389 116.4961 2.3384 23.7563 109.7816 110.1869 0.7787 106.8694 21.3877 112.3611 108.2534 114.4539 116.4191 86.8753 108.1611 1.4668 9.9994 110.4105 86.3439 117.1962 111.4944 114.3335 117.3775 113.0281 117.1655 1.4074
106.9566 1.0107 1.0107 86.4394 20.4115 1.4502 111.1650 112.7058 0.7694 111.2226 110.2033 112.5373 1.5786 0.0000 85.7644 0.6671 111.7103 86.8794 87.0715 110.2468 110.1501 111.4720 110.1318 106.9191 20.6289 107.5481 105.8773 106.5647 87.7584 110.2977 1.2439 108.0549 8.8475 109.2786 0.1168 2.0092 110.4485 85.8170 110.7512 19.5363 109.7206 107.4408 1.2114 111.0426 111.9349 5.1346 112.7403 110.8031 111.5706 106.3656 106.6496 115.5069 1.3996 22.7670 108.7923 109.1976 1.5689 105.8801 20.3984 111.3718 107.2642 113.4646 115.4299 85.8861 107.1718 1.0551 9.6729 109.4212 85.3546 116.2069 110.5051 113.3443 116.3882 112.0388 116.1762 0.3720
30.6877 88.2402 88.2402 9.6602 70.5273 87.1270 28.7265 33.7272 87.7040 28.7840 33.9344 30.0988 88.1500 87.1607 0.0000 86.6745 29.2718 10.1002 10.2923 27.8082 33.8812 29.0335 33.8628 30.6502 70.0218 31.2792 29.6083 30.2957 10.9792 34.0288 87.8152 31.7859 87.0537 26.8401 87.2775 86.4987 34.1796 0.3627 28.3127 70.3903 27.2820 31.1718 87.7828 28.6041 29.4964 82.0261 33.9323 33.4179 29.1321 30.0967 30.3807 33.3003 86.2742 69.9257 32.5234 32.9287 88.1403 29.6112 70.9311 28.9333 30.9952 35.9965 33.2232 9.1068 30.9029 88.2847 89.3778 33.1523 8.5754 34.0003 34.2362 31.1377 34.1816 29.6003 33.9696 86.9895
106.4704 1.3830 1.3830 85.9533 19.9253 1.3377 110.6788 112.2196 0.8115 110.7364 109.7171 112.0511 1.6207 0.6671 85.2782 0.0000 111.2242 86.3933 86.5853 109.7606 109.6639 110.9859 109.6456 106.4330 20.1427 107.0620 105.3911 106.0785 87.2722 109.8115 1.2860 107.5687 8.3613 108.7925 0.7838 1.6330 109.9624 85.3308 110.2651 19.0501 109.2344 106.9546 1.2536 110.5565 111.4487 4.6484 112.2541 110.3169 111.0845 105.8794 106.1634 115.0207 0.9134 22.2809 108.3061 108.7114 1.6111 105.3940 19.9122 110.8856 106.7780 112.9784 114.9437 85.3999 106.6856 1.4274 9.2968 108.9350 84.8684 115.7207 110.0190 112.8581 115.9021 111.5527 115.6901 0.4958
6.0720 112.1664 112.1664 25.6491 94.4535 111.0532 4.3819 7.1265 111.6301 1.6432 5.3862 3.5165 112.0761 111.0869 28.2294 110.6007 0.0000 23.4855 24.5522 1.9666 5.3330 4.6890 5.3147 6.0346 93.9480 9.4610 7.6622 7.7975 25.2392 5.4806 111.7414 9.9677 110.9799 3.0261 111.2036 110.4248 5.6314 27.8667 3.4065 94.3165 3.5482 9.3536 111.7089 3.0153 2.9140 105.9522 7.3317 6.8172 4.7876 8.1505 6.1873 6.4008 110.2003 93.8518 3.5135 4.3805 112.0664 7.6651 94.8572 1.5302 6.3796 9.3958 6.3238 26.0521 6.2872 112.2108 113.3039 5.2535 25.6855 7.1009 5.6881 5.1991 7.2822 1.5924 7.0702 110.9156
20.4462 87.8921 87.8921 2.3545 70.1792 86.7789 24.6546 26.1954 87.3559 24.7122 23.6929 26.0269 87.8019 86.8126 10.0923 86.3264 25.1999 0.0000 1.2576 23.7364 23.6397 24.9616 23.6214 20.4087 69.6737 21.0377 19.3669 20.0543 2.0303 23.7873 87.4671 21.5445 86.7056 22.7682 86.9294 86.1506 23.9381 10.1448 24.2408 70.0422 23.2102 20.9303 87.4347 24.5322 25.4245 81.6780 26.2299 24.2927 25.0602 19.8552 20.1392 28.9965 85.9261 69.5776 22.2819 22.6872 87.7922 19.3697 70.5830 24.8614 20.7538 26.9542 28.9195 2.7574 20.6614 87.9365 89.0297 22.9108 2.3908 29.6965 23.9947 26.8339 29.8778 25.5284 29.6658 86.6414
21.5107 88.0842 88.0842 2.5466 70.3714 86.9711 25.7191 27.2599 87.5480 25.7767 24.7574 27.0915 87.9940 87.0047 10.2844 86.5186 26.2645 1.0757 0.0000 24.8009 24.7042 26.0262 24.6859 21.4733 69.8658 22.1023 20.4314 21.1188 0.8914 24.8518 87.6593 22.6090 86.8978 23.8328 87.1215 86.3427 25.0027 10.3370 25.3054 70.2344 24.2747 21.9949 87.6268 25.5968 26.4890 81.8701 27.2944 25.3572 26.1248 20.9197 21.2037 30.0610 86.1182 69.7697 23.3464 23.7517 87.9843 20.4343 70.7751 25.9259 21.8183 28.0188 29.9840 1.8988 21.7259 88.1287 89.2218 23.9754 2.5830 30.7610 25.0593 27.8984 30.9424 26.5930 30.7304 86.8335
8.4005 111.5126 111.5126 24.9953 93.7997 110.3994 2.8145 7.2350 110.9764 1.3376 7.2677 3.6066 111.4223 110.4331 26.7658 109.9469 1.9666 22.8317 23.8985 0.0000 7.1509 3.1215 7.1961 8.3630 93.2942 8.8072 7.3211 8.0085 24.5854 7.2985 111.0876 9.3139 110.3261 0.9331 110.5498 109.7711 8.3076 26.4031 1.8390 93.6627 1.9807 8.6998 111.0552 2.1304 3.0042 105.2985 7.4402 6.9257 3.2201 7.8094 8.0935 6.2564 109.5466 93.1980 5.3314 6.1984 111.4127 7.3240 94.2034 1.4868 8.7080 9.5043 6.1794 25.3983 8.6157 111.5570 112.6501 7.0713 25.0317 6.9565 7.5059 5.0548 7.1378 2.0369 6.9258 110.2618
4.7876 111.7590 111.7590 25.2417 94.0461 110.6458 10.6193 3.0095 111.2227 7.6127 2.2909 9.4860 111.6687 110.6794 34.4845 110.1933 6.5245 23.0781 24.1448 8.3424 0.0000 10.9263 2.2193 4.7501 93.5406 9.2839 6.3778 6.5130 24.8318 0.8712 111.3340 8.1837 110.5725 9.2634 110.7962 110.0174 1.3579 34.5371 9.6438 93.9091 9.7855 9.1766 111.3015 8.9848 8.8835 105.5448 3.5633 2.8906 11.0249 6.8661 4.9028 12.3703 109.7929 93.4444 3.8739 1.7542 111.6590 6.3806 94.4498 7.4997 5.0952 4.1471 12.2933 25.6447 5.0028 111.8034 112.8965 3.9690 25.2781 13.0703 1.0786 11.1686 10.1560 7.5619 10.7091 110.5082
10.0315 113.1436 113.1436 26.6263 95.4307 112.0304 0.4292 9.0636 112.6074 3.9308 9.0963 2.7770 113.0533 112.0641 28.3969 111.5779 4.6890 24.4627 25.5295 3.1215 9.8256 0.0000 9.0248 9.9940 94.9252 10.4382 8.9522 9.6395 26.2164 9.9732 112.7186 10.9450 111.9571 3.3664 112.1808 111.4021 10.1363 28.0341 1.4361 95.2937 3.2375 10.3308 112.6862 2.2789 2.1336 106.9295 9.2688 8.7543 0.4742 9.4405 9.7245 3.5487 111.1776 94.8290 8.0061 8.8731 113.0437 8.9550 95.8344 4.0801 10.3391 11.3329 3.4717 27.0293 10.2467 113.1880 114.2811 9.7461 26.6627 4.2488 10.1807 2.2333 4.4301 3.9301 4.2181 111.8929
5.7501 112.7214 112.7214 26.2042 95.0086 111.6083 8.7041 3.6364 112.1852 6.1649 0.1063 7.5708 112.6312 111.6419 32.9525 111.1557 5.7012 24.0406 25.1073 7.1034 1.9223 9.0111 0.0000 5.7126 94.5030 8.9803 7.3403 7.4755 25.7942 2.3669 112.2965 8.3063 111.5350 7.3482 111.7587 110.9799 1.3276 32.5898 7.7286 94.8716 7.8703 8.9204 112.2640 7.0696 6.9684 106.5073 2.8246 0.8874 9.1097 7.8286 5.8653 8.8531 110.7554 94.4069 4.8364 1.2290 112.6215 7.3431 95.4123 6.6034 6.0576 4.7370 8.7761 26.6071 5.9653 112.7659 113.8590 4.9315 26.2405 9.3579 2.5744 9.2535 8.1528 5.8774 8.7059 111.4707
0.3105 108.1913 108.1913 21.6740 90.4784 107.0781 10.6315 7.3223 107.6550 7.1475 4.8198 9.0208 108.1010 107.1117 30.9168 106.6256 6.0594 19.5104 20.5771 7.8772 4.7666 10.9385 4.7482 0.0000 89.9729 5.7162 1.5790 2.0360 21.2641 4.9142 107.7663 6.2230 107.0048 8.7451 107.2285 106.4497 5.0650 30.9694 9.1786 90.3414 9.1870 5.6089 107.7338 8.5196 8.4184 101.9771 7.3568 5.4195 11.0371 2.0594 0.4258 11.9051 106.2252 89.8767 3.4088 3.8141 108.0913 2.1430 90.8821 7.0345 0.3450 8.0811 11.8281 22.0770 0.2527 108.2357 109.3288 3.4110 21.7104 12.6052 5.1216 12.8107 12.7865 7.0967 12.5745 106.9405
89.7076 22.0748 22.0748 69.1905 0.5823 20.9616 93.9161 95.4568 21.5386 93.9736 92.9543 95.2884 21.9845 20.9953 68.5155 20.5091 94.4614 69.6305 69.8226 92.9978 92.9012 94.2231 92.8828 89.6702 0.0000 90.2992 88.6283 89.3157 70.5095 93.0487 21.6498 90.8059 20.8883 92.0297 21.1120 20.3333 93.1996 68.5680 93.5023 1.0970 92.4716 90.1918 21.6174 93.7937 94.6859 15.8607 95.4913 93.5541 94.3217 89.1166 89.4007 98.2579 20.1088 0.3352 91.5434 91.9487 21.9749 88.6312 1.3406 94.1229 90.0152 96.2157 98.1809 68.6371 89.9229 22.1192 23.2124 92.1723 68.1057 98.9580 93.2562 96.0953 99.1393 94.7899 98.9273 20.8241
8.8985 115.4355 115.4355 28.9182 97.7226 114.3223 17.5633 10.3270 114.8993 15.0100 8.7293 16.4159 115.3452 114.3560 38.1611 113.8698 12.0061 26.7546 27.8214 16.6451 8.3179 17.8704 8.6577 8.8611 97.2171 0.0000 12.5342 13.2216 28.5083 8.2029 115.0105 3.5137 114.2490 15.6770 114.4727 113.6940 9.3737 36.8906 17.1496 97.5856 16.1189 4.1278 114.9781 17.4410 15.8135 109.2214 10.8809 9.3291 17.9690 13.0225 9.0138 21.9052 113.4695 97.1209 9.3555 7.7236 115.3356 12.5370 98.1264 12.9813 9.2061 10.5348 21.8282 29.3212 9.1137 115.4799 116.5731 9.3578 28.9546 22.6052 8.0049 19.7426 16.9979 14.7225 22.5746 114.1848
1.2495 107.5218 107.5218 21.0045 89.8089 106.4086 9.9620 8.6092 106.9856 8.4345 6.1067 11.3343 107.4315 106.4423 30.2473 105.9561 7.3463 18.8409 19.9077 9.0437 6.0536 10.2690 6.0352 1.5601 89.3034 5.0468 0.0000 0.9804 20.5946 6.2011 107.0968 5.5535 106.3353 8.0756 106.5590 105.7802 6.3520 30.2999 9.5482 89.6719 8.5175 4.9394 107.0643 9.8396 10.7319 101.3077 8.6438 6.7065 10.3676 0.4805 1.1343 14.3038 105.5557 89.2072 4.6958 5.1011 107.4219 0.5737 90.2126 8.3215 1.9051 9.3681 14.2268 21.4075 1.8127 107.5662 108.6593 4.6980 21.0409 15.0039 6.4086 12.1413 15.1852 8.3837 14.9732 106.2710
1.7066 108.2092 108.2092 21.6919 90.4963 107.0960 10.6494 9.0663 107.6729 8.8915 6.5638 12.0217 108.1189 107.1297 30.9347 106.6435 7.8034 19.5283 20.5951 9.7311 6.5106 10.9564 6.4922 2.0171 89.9908 5.7342 0.9804 0.0000 21.2820 6.6582 107.7842 6.2409 107.0227 8.7630 107.2464 106.4676 6.8090 30.9873 10.2356 90.3593 9.2049 5.6268 107.7517 10.5270 11.4193 101.9951 9.1008 7.1636 11.0550 0.8829 1.5913 14.9912 106.2431 89.8946 5.1528 5.5581 108.1092 1.0836 90.9000 8.7786 2.3621 9.8251 14.9142 22.0949 2.2698 108.2536 109.3467 5.1550 21.7283 15.6913 6.8656 12.8286 15.8726 8.8407 15.6606 106.9584
22.1977 88.4477 88.4477 3.2834 70.7348 87.3345 26.4061 27.9469 87.9114 26.4636 25.4444 27.7784 88.3574 87.3682 10.6479 86.8820 26.9514 2.0113 0.8914 25.4878 25.3912 26.7131 25.3728 22.1602 70.2293 22.7892 21.1183 21.8057 0.0000 25.5388 88.0227 23.2959 87.2612 24.5197 87.4849 86.7062 25.6896 10.7004 25.9923 70.5978 24.9616 22.6818 87.9902 26.2837 27.1759 82.2336 27.9814 26.0441 26.8117 21.6066 21.8907 30.7479 86.4816 70.1331 24.0334 24.4387 88.3478 21.1212 71.1385 26.6129 22.5052 28.7057 30.6709 1.9314 22.4129 88.4921 89.5852 24.6623 2.9464 31.4480 25.7462 28.5853 31.6293 27.2799 31.4173 87.1969
4.9196 111.8910 111.8910 25.3737 94.1781 110.7778 10.7513 3.8244 111.3547 7.7447 2.4385 9.6180 111.8007 110.8115 34.6165 110.3253 6.6565 23.2101 24.2768 8.4744 0.8712 11.0583 2.3669 4.8821 93.6726 9.4160 6.5098 6.6450 24.9638 0.0000 111.4660 8.3157 110.7045 9.3954 110.9282 110.1494 2.2156 34.6691 9.7758 94.0411 9.9175 9.3086 111.4335 9.1168 9.0155 105.6769 4.3782 3.0382 11.1569 6.9981 5.0348 11.0039 109.9249 93.5764 4.0059 1.9018 111.7910 6.5126 94.5818 7.6317 5.2272 4.0322 10.9269 25.7767 5.1348 111.9354 113.0285 4.1010 25.4101 11.5088 0.9637 11.3006 10.3036 7.6939 10.8567 110.6402
107.6111 0.5088 0.5088 87.0940 21.0660 1.4420 111.8195 113.3603 0.6736 111.8771 110.8578 113.1919 0.9974 1.2439 86.4189 1.2860 112.3649 87.5340 87.7260 110.9013 110.8046 112.1266 110.7863 107.5737 21.2834 108.2027 106.5318 107.2192 88.4130 110.9522 0.0000 108.7094 9.5020 109.9332 1.3606 2.0009 111.1031 86.4715 111.4058 20.1908 110.3751 108.0953 0.2599 111.6972 112.5894 5.7891 113.3948 111.4576 112.2252 107.0201 107.3042 116.1614 2.0037 23.4216 109.4469 109.8521 0.4089 106.5347 21.0529 112.0264 107.9187 114.1192 116.0844 86.5406 107.8264 0.5533 9.6647 110.0758 86.0092 116.8615 111.1597 113.9988 117.0428 112.6934 116.8308 1.0726
5.7963 109.4136 109.4136 22.8964 91.7007 108.3004 11.5414 9.3353 108.8774 11.5990 7.7375 12.9138 109.3234 108.3341 32.1392 107.8479 8.9039 20.7327 21.7995 10.6232 7.3261 11.8485 7.6660 5.7589 91.1952 1.1934 6.5123 7.1997 22.4864 7.2112 108.9886 0.0000 108.2271 9.6551 108.4509 107.6721 8.3820 30.8687 11.1277 91.5637 10.0970 0.6141 108.9562 11.4191 12.3113 103.1995 9.8891 8.3373 11.9471 7.0006 5.9116 15.8833 107.4476 91.0991 6.2533 6.7319 109.3137 6.5151 92.1045 9.8791 6.1039 9.5431 15.8063 23.2993 6.0115 109.4580 110.5512 6.2556 22.9327 16.5834 7.0131 13.7207 16.7647 9.9413 16.5527 108.1629
106.8496 9.9270 9.9270 86.3324 20.3045 8.8138 111.0580 112.5988 9.3908 111.1156 110.0963 112.4304 9.8368 8.8475 85.6574 8.3613 111.6034 86.7725 86.9645 110.1398 110.0431 111.3651 110.0248 106.8122 20.5219 107.4412 105.7703 106.4577 87.6514 110.1907 9.5020 107.9479 0.0000 109.1717 8.9643 8.1855 110.3416 85.7100 110.6443 19.4293 109.6136 107.3338 9.4696 110.9356 111.8279 5.0276 112.6333 110.6961 111.4637 106.2586 106.5426 115.3999 7.9610 22.6601 108.6853 109.0906 9.8271 105.7732 20.2914 111.2648 107.1572 113.3576 115.3229 85.7791 107.0648 9.9715 6.9126 109.3142 85.2477 116.0999 110.3982 113.2373 116.2813 111.9319 116.0693 8.6763
7.5273 110.6394 110.6394 24.1221 92.9265 109.5262 3.3367 8.3330 110.1032 1.9285 8.3657 4.9277 110.5491 109.5599 25.8926 109.0737 2.6866 21.9585 23.0253 0.8952 7.8709 3.6437 8.2941 7.4898 92.4210 7.9340 6.4479 7.1353 23.7122 8.0185 110.2144 8.4407 109.4529 0.0000 109.6766 108.8979 9.4056 25.5299 2.7668 92.7895 1.8878 7.8266 110.1820 3.0582 4.1022 104.4253 8.5381 8.0237 3.7423 6.9362 7.2203 6.7786 108.6734 92.3248 6.0514 6.9184 110.5395 6.4508 93.3302 2.0777 7.8348 10.6023 6.7016 24.5251 7.7425 110.6838 111.7769 7.7913 24.1585 7.4787 8.2259 5.5770 7.6600 2.6278 7.4480 109.3886
107.0734 1.1274 1.1274 86.5562 20.5282 1.5670 111.2818 112.8226 0.8861 111.3393 110.3201 112.6541 1.6953 0.1168 85.8812 0.7838 111.8271 86.9962 87.1883 110.3635 110.2669 111.5888 110.2485 107.0359 20.7456 107.6649 105.9940 106.6814 87.8752 110.4145 1.3606 108.1716 8.9643 109.3954 0.0000 2.1259 110.5653 85.9337 110.8680 19.6530 109.8373 107.5575 1.3282 111.1594 112.0516 5.2514 112.8571 110.9198 111.6874 106.4823 106.7664 115.6236 1.5163 22.8838 108.9091 109.3144 1.6857 105.9969 20.5152 111.4886 107.3809 113.5814 115.5466 86.0028 107.2886 1.1719 9.7896 109.5380 85.4714 116.3237 110.6219 113.4610 116.5050 112.1556 116.2930 0.4887
106.2946 2.4259 2.4259 85.7774 19.7494 1.3127 110.5030 112.0438 1.8897 110.5606 109.5413 111.8753 2.3357 2.0092 85.1024 1.6330 111.0483 86.2174 86.4095 109.5848 109.4881 110.8100 109.4698 106.2571 19.9669 106.8861 105.2153 105.9027 87.0964 109.6357 2.0009 107.3929 8.1855 108.6166 2.1259 0.0000 109.7865 85.1549 110.0892 18.8742 109.0586 106.7787 1.9685 110.3806 111.2729 4.4726 112.0783 110.1411 110.9086 105.7036 105.9876 114.8449 1.6499 22.1050 108.1303 108.5356 2.3260 105.2181 19.7364 110.7098 106.6022 112.8026 114.7679 85.2241 106.5098 2.4704 7.9075 108.7592 84.6926 115.5449 109.8431 112.6823 115.7262 111.3768 115.5142 1.8379
5.0914 112.0628 112.0628 25.5455 94.3499 110.9496 9.9641 2.6507 111.5266 7.4249 2.2510 8.8308 111.9725 110.9833 34.7883 110.4971 6.8283 23.3819 24.4487 8.3634 0.7462 10.2711 2.1794 5.0539 93.8444 9.5878 6.6816 6.8169 25.1356 1.5397 111.6378 8.4875 110.8763 8.6082 111.1000 110.3213 0.0000 34.8409 8.9886 94.2129 9.1303 9.4804 111.6054 8.3296 8.2284 105.8487 3.2045 2.8507 10.3697 7.1699 5.2067 10.1131 110.0968 93.7482 4.1778 1.7143 111.9629 6.6845 94.7536 7.8035 5.3990 3.7513 10.0361 25.9485 5.3066 112.1072 113.2003 4.2728 25.5819 10.6179 1.7471 10.5134 9.4128 7.1374 9.9658 110.8120
30.7402 88.2928 88.2928 9.7128 70.5799 87.1796 28.3637 33.3644 87.7565 28.4213 33.3971 29.7360 88.2025 87.2133 0.3627 86.7271 28.9091 10.1528 10.3448 27.4455 33.9337 28.6708 33.3256 30.7028 70.0744 31.2805 29.6609 30.3483 11.0318 34.0813 87.8678 31.7872 87.1063 26.4774 87.3300 86.5512 34.2321 0.0000 27.9500 70.4429 26.9193 31.1731 87.8353 28.2413 29.1336 82.0787 33.5696 33.0551 28.7694 30.1492 30.4332 32.9375 86.3267 69.9782 32.5759 32.9812 88.1928 29.6638 70.9836 28.5705 31.0478 35.6337 32.8605 9.1594 30.9554 88.3372 89.4303 33.2048 8.6280 33.6376 34.2888 30.7749 33.8189 29.2376 33.6069 87.0420
9.2966 112.4088 112.4088 25.8915 94.6959 111.2956 1.1290 7.7811 111.8725 2.6483 7.8138 2.1445 112.3185 111.3293 27.6620 110.8431 3.4065 23.7279 24.7946 1.8390 9.4485 1.4361 7.7423 9.2592 94.1904 9.7034 8.2173 8.9047 25.4816 8.7383 111.9838 10.2101 111.2223 2.0839 111.4460 110.6672 8.8538 27.2993 0.0000 94.5589 1.9550 9.5960 111.9513 0.9964 1.5421 106.1947 7.9863 7.4718 1.5347 8.7056 8.9897 4.5710 110.4427 94.0942 6.7712 7.6383 112.3088 8.2202 95.0996 2.7976 9.6042 10.0504 4.4940 26.2945 9.5119 112.4532 113.5463 8.5112 25.9279 5.2710 8.9458 3.3693 5.4523 2.5562 5.2403 111.1580
90.0953 20.9822 20.9822 69.5782 0.8752 19.8690 94.3037 95.8445 20.4459 94.3613 93.3420 95.6761 20.8919 19.9027 68.9031 19.4165 94.8491 70.0182 70.2102 93.3855 93.2888 94.6108 93.2705 90.0579 1.0970 90.6869 89.0160 89.7034 70.8972 93.4364 20.5572 91.1936 19.7957 92.4174 20.0194 19.2406 93.5873 68.9557 93.8900 0.0000 92.8593 90.5795 20.5247 94.1814 95.0736 14.7680 95.8790 93.9418 94.7094 89.5043 89.7884 98.6456 19.0161 1.4322 91.9311 92.3363 20.8822 89.0189 0.8621 94.5106 90.4029 96.6034 98.5686 69.0248 90.3106 21.0266 22.1197 92.5600 68.4934 99.3457 93.6439 96.4830 99.5270 95.1776 99.3150 19.7314
8.3460 111.4581 111.4581 24.9408 93.7452 110.3449 2.4849 6.9311 110.9219 1.9808 6.9638 3.2946 111.3678 110.3786 26.7114 109.8924 2.7390 22.7772 23.8440 1.1715 8.5984 2.7920 6.8922 8.3085 93.2397 8.7527 7.2667 7.9540 24.5309 8.0708 111.0331 9.2595 110.2716 1.4164 110.4953 109.7166 8.0037 26.3486 1.5095 93.6082 0.0000 8.6453 111.0007 1.8009 2.6921 105.2440 7.1363 6.6218 2.8906 7.7550 8.0390 5.9269 109.4921 93.1435 6.1037 7.9052 111.3582 7.2695 94.1489 2.1300 8.6536 9.2004 5.8499 25.3438 8.5612 111.5025 112.5956 7.8437 24.9772 6.6269 8.2783 4.7252 6.8082 2.2524 6.5962 110.2074
6.9775 108.7995 108.7995 22.2822 91.0866 107.6863 10.9273 9.9494 108.2633 10.9849 8.3517 12.2997 108.7092 107.7200 31.5251 107.2338 11.4727 20.1186 21.1854 10.0091 7.9402 11.2344 8.2801 6.9400 90.5811 1.6861 5.8982 6.5856 21.8723 7.8253 108.3745 0.6141 107.6130 9.0410 107.8367 107.0580 8.9961 30.2546 10.5136 90.9496 9.4829 0.0000 108.3421 10.8050 11.6972 102.5854 10.5032 8.9514 11.3330 6.3865 6.6705 15.2692 106.8335 90.4849 6.8675 7.3460 108.6996 5.9010 91.4904 11.1341 7.2851 10.1572 15.1922 22.6852 7.1927 108.8439 109.9371 6.8697 22.3186 15.9692 7.6272 13.1066 16.1506 11.8012 15.9386 107.5488
107.5787 0.6849 0.6849 87.0615 21.0335 1.4096 111.7871 113.3279 0.6412 111.8447 110.8254 113.1594 0.9932 1.2114 86.3865 1.2536 112.3324 87.5015 87.6936 110.8689 110.7722 112.0941 110.7539 107.5412 21.2510 108.1702 106.4994 107.1868 88.3805 110.9198 0.2599 108.6769 9.4696 109.9007 1.3282 1.9685 111.0706 86.4390 111.3733 20.1583 110.3426 108.0628 0.0000 111.6647 112.5570 5.7567 113.3624 111.4252 112.1927 106.9877 107.2717 116.1290 1.9712 23.3891 109.4144 109.8197 0.4047 106.5022 21.0205 111.9939 107.8863 114.0867 116.0519 86.5082 107.7939 0.7293 9.6322 110.0433 85.9767 116.8290 111.1272 113.9664 117.0103 112.6609 116.7983 1.0402
8.5323 112.7002 112.7002 26.1829 94.9873 111.5870 1.9718 7.1220 112.1639 2.0680 7.1546 1.6409 112.6099 111.6206 27.9534 111.1345 3.0153 24.0193 25.0860 2.1304 7.7933 2.2789 7.0831 8.4948 94.4818 9.9948 8.5087 9.1961 25.7730 7.9409 112.2752 10.5015 111.5137 2.3753 111.7374 110.9586 8.1946 27.5907 0.9964 94.8503 2.2464 9.8874 112.2427 0.0000 1.0385 106.4860 7.3271 6.8127 2.3775 8.9970 8.6475 4.5253 110.7341 94.3856 5.9738 6.8408 112.6002 8.5116 95.3910 2.6237 8.8398 9.3912 4.4483 26.5859 8.7475 112.7446 113.8377 7.7137 26.2193 5.2253 8.1483 3.3236 5.4066 1.8977 5.1946 111.4494
8.4310 113.7842 113.7842 27.2669 96.0713 112.6710 1.8266 7.0207 113.2480 1.9668 7.0534 1.2257 113.6940 112.7047 29.0375 112.2185 2.9140 25.1033 26.1701 3.0225 7.6920 2.1336 6.9819 8.3936 95.5658 11.0788 9.5928 10.2802 26.8570 7.8396 113.3592 11.5856 112.5977 3.2673 112.8215 112.0427 8.0933 28.6747 1.5421 95.9343 2.9589 10.9715 113.3268 1.0385 0.0000 107.5701 7.2259 6.7114 2.2322 10.0811 8.5463 3.4868 111.8182 95.4696 5.8725 6.7395 113.6843 9.5956 96.4751 2.5225 8.7386 9.2900 3.4098 27.6699 8.6462 113.8286 114.9218 7.6125 27.3033 4.1868 8.0471 2.2851 4.3681 1.7965 4.1561 112.5335
101.8220 6.2141 6.2141 81.3048 15.2769 5.1009 106.0304 107.5712 5.6779 106.0880 105.0687 107.4027 6.1239 5.1346 80.6298 4.6484 106.5757 81.7448 81.9369 105.1122 105.0155 106.3374 104.9972 101.7845 15.4943 102.4135 100.7427 101.4301 82.6238 105.1631 5.7891 102.9203 5.0276 104.1440 5.2514 4.4726 105.3139 80.6823 105.6166 14.4016 104.5860 102.3061 5.7567 105.9080 106.8003 0.0000 107.6057 105.6685 106.4360 101.2310 101.5150 110.3723 4.2481 17.6324 103.6577 104.0630 6.1142 100.7455 15.2638 106.2372 102.1296 108.3300 110.2953 80.7515 102.0372 6.2586 12.1363 104.2866 80.2200 111.0723 105.3705 108.2097 111.2536 106.9042 111.0416 4.9634
7.7968 114.7682 114.7682 28.2509 97.0553 113.6550 8.2733 3.1210 114.2320 5.7341 2.3344 7.1400 114.6779 113.6887 32.5218 113.2025 5.2704 26.0873 27.1541 6.6726 3.9690 8.5804 2.2628 7.7594 96.5498 11.0270 9.3870 9.5223 27.8410 4.4137 114.3432 10.3530 113.5817 6.9175 113.8054 113.0267 3.3743 32.1590 7.2979 96.9183 7.4396 10.9671 114.3108 6.6388 6.5376 108.5541 0.0000 1.3681 8.6789 9.8753 7.9121 8.4223 112.8022 96.4536 6.8832 3.2758 114.6683 9.3899 97.4591 6.1726 8.1044 4.2216 8.3453 28.6539 8.0120 114.8126 115.9058 6.9783 28.2873 8.9272 4.6211 8.8227 7.7220 5.4466 8.2751 113.5175
6.4214 113.3927 113.3927 26.8755 95.6799 112.2796 8.4337 4.3077 112.8565 5.8944 0.9589 7.3004 113.3025 112.3132 32.6821 111.8271 5.4308 24.7119 25.7786 6.8329 2.5936 8.7407 0.8874 6.3839 95.1744 9.6516 8.0116 8.1468 26.4656 3.0382 112.9678 8.9776 112.2063 7.0778 112.4300 111.6512 1.9989 32.3193 7.4582 95.5429 7.5999 9.5917 112.9353 6.7992 6.6979 107.1786 1.5547 0.0000 8.8393 8.4999 6.5366 8.5826 111.4267 95.0782 5.5077 1.9004 113.2928 8.0144 96.0836 6.3329 6.7289 5.3735 8.5056 27.2785 6.6366 113.4372 114.5303 5.6028 26.9119 9.0875 3.2457 8.9830 7.8823 5.6069 8.4354 112.1420
10.1301 113.2422 113.2422 26.7249 95.5293 112.1290 0.5278 9.1622 112.7060 4.0294 9.1949 2.8756 113.1519 112.1627 28.4955 111.6765 4.7876 24.5613 25.6281 3.2201 9.9242 0.3561 9.1234 10.0926 95.0238 10.5368 9.0507 9.7381 26.3150 10.0718 112.8172 11.0435 112.0557 3.4650 112.2794 111.5007 10.2349 28.1327 1.5347 95.3923 3.3361 10.4294 112.7848 2.3775 2.2322 107.0281 9.3674 8.8529 0.0000 9.5390 9.8231 3.8652 111.2762 94.9276 8.1047 8.9717 113.1423 9.0536 95.9330 4.1787 10.4376 11.4315 3.7882 27.1279 10.3453 113.2866 114.3797 9.8447 26.7613 4.5653 10.2793 2.5497 4.7466 4.0287 4.5346 111.9915
1.7300 107.8271 107.8271 21.3098 90.1142 106.7139 10.2673 9.2239 107.2909 9.0536 6.7214 11.6396 107.7368 106.7476 30.5526 106.2614 7.9655 19.1462 20.2130 9.3490 6.6682 10.5743 6.6499 2.0406 89.6087 5.3521 0.4805 0.8829 20.8999 6.8158 107.4021 5.8588 106.6406 8.3809 106.8643 106.0855 6.9666 30.6052 9.8535 89.9772 8.8228 5.2447 107.3696 10.1449 11.0372 101.6129 9.2584 7.3212 10.6729 0.0000 1.6148 14.6091 105.8610 89.5125 5.3104 5.7157 107.7271 0.5707 90.5179 8.9406 2.3856 9.9827 14.5321 21.7128 2.2932 107.8715 108.9646 5.1785 21.3462 15.3092 7.0232 12.4465 15.4905 9.0028 15.2785 106.5763
0.1153 107.7655 107.7655 21.2482 90.0526 106.6523 10.2057 7.4750 107.2292 7.3002 4.9725 9.1735 107.6752 106.6859 30.4910 106.1998 6.2121 19.0846 20.1513 8.0299 4.9193 10.5127 4.9009 0.4258 89.5471 5.2904 1.1532 1.6102 20.8383 5.0669 107.3405 5.7972 106.5790 8.3193 106.8027 106.0239 5.2177 30.5436 9.7919 89.9156 8.7612 5.1831 107.3080 8.6723 8.5711 101.5513 7.5095 5.5723 10.6113 1.6336 0.0000 14.5475 105.7994 89.4509 3.5615 3.9668 107.6655 1.7172 90.4563 7.1873 0.7708 8.2338 14.4705 21.6512 0.6785 107.8099 108.9030 3.5637 21.2846 15.2476 5.2743 12.3849 15.4289 7.2494 15.2169 106.5147
14.1860 117.2981 117.2981 30.7808 99.5852 116.1849 4.3209 10.5075 116.7619 5.4536 10.5402 2.7060 117.2078 116.2186 32.8146 115.7324 6.4008 28.6172 29.6840 6.2564 11.1788 3.4623 10.4686 14.1485 99.0797 14.5927 13.1066 13.7940 30.3709 11.3264 116.8731 15.0994 116.1116 6.5013 116.3353 115.5566 11.5801 32.4519 4.5710 99.4482 6.3724 14.4853 116.8407 4.5253 3.4868 111.0840 10.7127 10.1982 3.7788 13.5949 13.8790 0.0000 115.3321 98.9835 9.3593 10.2263 117.1982 13.1095 99.9889 6.0093 14.4935 12.7768 0.6987 31.1838 14.4012 117.3425 118.4356 11.0992 30.8172 1.0901 11.5338 2.8072 1.2714 5.2833 1.0594 116.0474
106.0701 2.1155 2.1155 85.5529 19.5249 1.3155 110.2785 111.8193 1.5441 110.3361 109.3168 111.6508 2.3384 1.3996 84.8779 0.9134 110.8238 85.9929 86.1850 109.3603 109.2636 110.5855 109.2453 106.0326 19.7424 106.6616 104.9908 105.6782 86.8719 109.4112 2.0037 107.1684 7.9610 108.3921 1.5163 1.6499 109.5620 84.9304 109.8647 18.6497 108.8341 106.5542 1.9712 110.1561 111.0484 4.2481 111.8538 109.9166 110.6841 105.4791 105.7631 114.6204 0.0000 21.8805 107.9058 108.3111 2.3287 104.9936 19.5119 110.4853 106.3777 112.5781 114.5434 84.9996 106.2853 2.1600 9.3136 108.5347 84.4681 115.3204 109.6186 112.4578 115.5017 111.1523 115.2897 1.2284
89.6115 22.4100 22.4100 69.0943 0.6017 21.2968 93.8199 95.3607 21.8738 93.8775 92.8582 95.1922 22.3197 21.3305 68.4193 20.8443 94.3652 69.5343 69.7264 92.9016 92.8050 94.1269 92.7866 89.5740 0.3352 90.2030 88.5322 89.2196 70.4133 92.9526 21.9850 90.7097 21.2235 91.9335 21.4472 20.6685 93.1034 68.4718 93.4061 1.4322 92.3754 90.0956 21.9526 93.6975 94.5898 16.1959 95.3952 93.4580 94.2255 89.0205 89.3045 98.1617 20.4440 0.0000 91.4472 91.8525 22.3101 88.5350 1.0054 94.0267 89.9191 96.1195 98.0847 68.5410 89.8267 22.4544 23.5475 92.0761 68.0095 98.8618 93.1600 95.9992 99.0431 94.6937 98.8311 21.1593
3.0413 110.0127 110.0127 23.4955 92.2998 108.8995 7.7295 4.5476 109.4765 4.7229 2.0451 6.5962 109.9225 108.9332 32.7383 108.4470 3.6347 21.3318 22.3986 5.4526 1.9919 8.0365 1.9736 3.0039 91.7943 7.5377 4.6315 4.7668 23.0855 2.1395 109.5877 5.9355 108.8262 6.3736 109.0500 108.2712 2.2903 32.7908 6.7540 92.1628 6.8957 7.4303 109.5553 6.0950 5.9938 103.7986 4.5821 2.6449 8.1351 5.1198 3.1566 9.4805 108.0467 91.6982 0.0000 1.0394 109.9128 4.6344 92.7036 4.6099 3.3489 5.3064 9.4035 23.8984 3.2565 110.0571 111.1503 2.2228 23.5318 10.1806 2.3469 8.2788 10.3619 4.6721 10.1499 108.7620
4.5210 111.4924 111.4924 24.9751 93.7795 110.3792 10.3527 4.0454 110.9562 7.3461 1.9481 9.2194 111.4021 110.4129 34.2180 109.9267 6.2580 22.8115 23.8783 8.0758 1.4897 10.6597 1.8766 4.4836 93.2740 7.7512 6.1112 6.2465 24.5652 1.6373 111.0674 7.0772 110.3059 8.9968 110.5296 109.7509 1.7881 34.2705 9.3772 93.6425 9.5189 7.6914 111.0350 8.7182 8.6170 105.2783 4.5992 2.5479 10.7583 6.5995 4.6363 12.1037 109.5264 93.1778 3.6074 0.0000 111.3925 6.1141 94.1833 7.2331 4.8286 5.5963 12.0267 25.3781 4.7362 111.5368 112.6300 3.7025 25.0115 12.8038 1.8447 10.9021 9.8133 7.2953 10.3664 110.2417
107.9362 0.8339 0.8339 87.4190 21.3910 1.7671 112.1446 113.6854 0.9987 112.2022 111.1829 113.5169 0.7787 1.5689 86.7440 1.6111 112.6899 87.8590 88.0511 111.2264 111.1297 112.4516 111.1114 107.8987 21.6085 108.5277 106.8569 107.5443 88.7380 111.2773 0.4089 109.0345 9.8271 110.2582 1.6857 2.3260 111.4281 86.7965 111.7308 20.5158 110.7002 108.4203 0.4047 112.0222 112.9145 6.1142 113.7199 111.7827 112.5502 107.3452 107.6292 116.4865 2.3287 23.7466 109.7719 110.1772 0.0000 106.8597 21.3780 112.3514 108.2438 114.4442 116.4095 86.8657 108.1514 0.8783 9.9897 110.4008 86.3342 117.1865 111.4847 114.3239 117.3678 113.0184 117.1558 1.3977
1.8136 107.6164 107.6164 21.0992 89.9035 106.5032 10.0566 9.0132 107.0802 8.8429 6.5107 11.4289 107.5262 106.5369 30.3420 106.0507 7.7548 18.9355 20.0023 9.1384 6.4576 10.3637 6.4392 2.1241 89.3980 5.1414 0.5737 1.0836 20.6892 6.6051 107.1914 5.6481 106.4299 8.1703 106.6537 105.8749 6.7560 30.3945 9.6429 89.7665 8.6122 5.0340 107.1590 9.9342 10.8265 101.4023 9.0477 7.1105 10.4623 0.5707 1.6983 14.3985 105.6504 89.3018 5.0998 5.5051 107.5165 0.0000 90.3073 8.7300 2.4691 9.7721 14.3215 21.5021 2.3768 107.6608 108.7540 5.2620 21.1355 15.0985 6.8126 12.2359 15.2799 8.7922 15.0679 106.3657
90.9575 21.8443 21.8443 70.4403 1.1476 20.7311 95.1659 96.7067 21.3081 95.2235 94.2042 96.5382 21.7541 20.7648 69.7653 20.2786 95.7112 70.8803 71.0724 94.2476 94.1510 95.4729 94.1327 90.9200 1.3694 91.5490 89.8782 90.5656 71.7593 94.2986 21.4193 92.0557 20.6578 93.2795 20.8816 20.1028 94.4494 69.8178 94.7521 0.8621 93.7214 91.4416 21.3869 95.0435 95.9358 15.6302 96.7412 94.8040 95.5715 90.3665 90.6505 99.5078 19.8783 1.0054 92.7932 93.1985 21.7444 89.8810 0.0000 95.3727 91.2651 97.4655 99.4307 69.8870 91.1727 21.8887 22.9819 93.4221 69.3555 100.2078 94.5060 97.3452 100.3891 96.0397 100.1771 20.5936
7.0472 112.7887 112.7887 26.2715 95.0758 111.6755 3.7730 6.7349 112.2525 0.7637 6.7676 3.1249 112.6985 111.7092 28.0420 111.2230 1.5302 24.1078 25.1746 1.3577 6.3082 4.0801 6.6961 7.0097 94.5703 10.0834 8.5973 9.2847 25.8615 6.4558 112.3637 10.5901 111.6022 2.4172 111.8260 111.0472 6.6066 27.6792 2.7976 94.9388 2.9393 9.9760 112.3313 2.6237 2.5225 106.5746 6.9401 6.4256 4.1787 9.0856 7.1625 6.0093 110.8227 94.4741 4.4887 5.3557 112.6888 8.6001 95.4796 0.0000 7.3548 9.0042 5.9323 26.6744 7.2624 112.8331 113.9263 6.2286 26.3078 6.7093 6.6632 4.8076 6.8906 1.2008 6.6786 111.5380
0.6556 108.5363 108.5363 22.0190 90.8234 107.4231 10.9765 7.3951 108.0001 7.2204 4.8926 9.0937 108.4460 107.4568 31.2618 106.9706 6.1322 19.8554 20.9222 7.9501 4.8395 11.2835 4.8211 0.3450 90.3179 6.0613 1.9240 2.3810 21.6091 4.9870 108.1113 6.5680 107.3498 9.0901 107.5735 106.7948 5.1379 31.3144 9.2515 90.6864 9.5321 5.9539 108.0789 8.5925 8.4913 102.3222 7.4296 5.4924 11.3821 2.4045 0.7708 11.9780 106.5703 90.2217 3.4817 3.8870 108.4364 2.4880 91.2271 7.1074 0.0000 8.1540 11.9010 22.4220 0.2573 108.5807 109.6739 3.4839 22.0554 12.6781 5.1945 13.1558 12.8594 7.1696 12.6474 107.2856
8.0653 115.0367 115.0367 28.5194 97.3238 113.9235 10.4847 1.6599 114.5004 7.9454 5.5958 9.3514 114.9464 113.9572 34.7331 113.4710 7.4818 26.3558 27.4226 8.8839 3.7201 10.7917 5.5243 8.0278 96.8183 10.5682 9.6555 9.7907 28.1095 3.8647 114.6117 9.8942 113.8502 9.1288 114.0739 113.2951 3.5375 34.3704 9.5092 97.1868 9.6509 10.5083 114.5792 8.8502 8.7489 108.8226 3.9421 5.2538 10.8903 10.1438 8.1806 10.6336 113.0706 96.7221 7.1516 4.9099 114.9367 9.6584 97.7275 8.3839 8.3729 0.0000 10.5566 28.9224 8.2805 115.0811 116.1742 7.2467 28.5558 11.1385 3.6667 11.0340 9.9333 7.6580 10.4864 113.7859
14.1090 117.2211 117.2211 30.7038 99.5082 116.1079 4.2438 10.4305 116.6849 5.3766 10.4632 2.6290 117.1308 116.1416 32.7376 115.6554 6.3238 28.5402 29.6070 6.1794 11.1018 3.3853 10.3916 14.0715 99.0027 14.5157 13.0296 13.7170 30.2939 11.2494 116.7961 15.0224 116.0346 6.4243 116.2583 115.4796 11.5031 32.3749 4.4940 99.3712 6.2954 14.4083 116.7636 4.4483 3.4098 111.0070 10.6357 10.1212 3.7018 13.5179 13.8020 0.6987 115.2551 98.9065 9.2823 10.1493 117.1212 13.0325 99.9119 5.9322 14.4165 12.6998 0.0000 31.1068 14.3242 117.2655 118.3586 11.0222 30.7402 1.1750 11.4568 2.7302 1.3564 5.2063 1.1444 115.9703
23.0064 86.8966 86.8966 2.5696 69.1837 85.7834 27.2148 28.7556 86.3603 27.2724 26.2531 28.5871 86.8063 85.8170 9.0967 85.3309 27.7601 2.7702 1.8934 26.2965 26.1999 27.5218 26.1815 22.9689 68.6782 23.5979 21.9270 22.6144 1.9005 26.3475 86.4716 24.1046 85.7101 25.3284 85.9338 85.1550 26.4983 9.1493 26.8010 69.0467 25.7703 23.4905 86.4391 27.0924 27.9847 80.6824 28.7901 26.8528 27.6204 22.4153 22.6994 31.5566 84.9305 68.5820 24.8421 25.2474 86.7966 21.9299 69.5874 27.4216 23.3139 29.5144 31.4796 0.0000 23.2216 86.9410 88.0341 25.4710 1.0057 32.2567 26.5549 29.3940 32.4380 28.0886 32.2260 85.6458
0.5632 108.4439 108.4439 21.9267 90.7310 107.3307 10.8841 7.5749 107.9077 7.4002 5.0724 9.2735 108.3537 107.3644 31.1695 106.8782 6.3120 19.7631 20.8298 8.1299 5.0192 11.1912 5.0009 0.2527 90.2255 5.9689 1.8316 2.2887 21.5167 5.1668 108.0190 6.4756 107.2574 8.9978 107.4812 106.7024 5.3177 31.2220 9.4313 90.5940 9.4397 5.8615 107.9865 8.7723 8.6710 102.2298 7.6094 5.6722 11.2898 2.3121 0.6785 12.1578 106.4779 90.1294 3.6614 4.0667 108.3440 2.3957 91.1348 7.2872 0.3026 8.3337 12.0808 22.3296 0.0000 108.4884 109.5815 3.6637 21.9630 12.8578 5.3743 13.0634 13.0392 7.3494 12.8272 107.1932
108.0805 0.0444 0.0444 87.5634 21.5354 1.9114 112.2890 113.8298 0.3541 112.3465 111.3273 113.6613 1.4668 1.0551 86.8884 1.4274 112.8343 88.0034 88.1954 111.3707 111.2741 112.5960 111.2557 108.0431 21.7528 108.6721 107.0012 107.6886 88.8824 111.4216 0.5533 109.1788 9.9715 110.4026 1.1719 2.4704 111.5725 86.9409 111.8752 20.6602 110.8445 108.5647 0.7293 112.1666 113.0588 6.2586 113.8643 111.9270 112.6946 107.4895 107.7736 116.6308 2.1600 23.8910 109.9163 110.3216 0.8783 107.0041 21.5223 112.4958 108.3881 114.5886 116.5538 87.0100 108.2958 0.0000 10.1341 110.5452 86.4786 117.3309 111.6291 114.4682 117.5122 113.1628 117.3002 0.9280
109.1737 10.0897 10.0897 88.6565 22.6285 8.2841 113.3821 114.9229 9.5534 113.4397 112.4204 114.7544 9.9994 9.6729 87.9815 9.2968 113.9274 89.0965 89.2886 112.4638 112.3672 113.6891 112.3488 109.1362 22.8460 109.7652 108.0944 108.7817 89.9755 112.5148 9.6647 110.2719 6.9126 111.4957 9.7896 7.9075 112.6656 88.0340 112.9683 21.7533 111.9376 109.6578 9.6322 113.2597 114.1520 12.1363 114.9574 113.0202 113.7877 108.5827 108.8667 117.7239 9.3136 24.9841 111.0094 111.4147 9.9897 108.0972 22.6155 113.5889 109.4812 115.6817 117.6469 88.1031 109.3889 10.1341 0.0000 111.6383 87.5717 118.4240 112.7222 115.5614 118.6053 114.2559 118.3933 9.5017
4.0383 111.0097 111.0097 24.4924 93.2968 109.8965 9.8700 7.0382 110.4735 6.8634 4.5357 8.7367 110.9194 109.9302 33.7353 109.4440 5.7753 22.3288 23.3956 7.5931 4.4825 10.1770 4.4641 4.0009 92.7913 8.5347 5.6285 5.7638 24.0825 4.6301 110.5847 5.7888 109.8232 8.5141 110.0469 109.2682 4.7809 33.7878 8.8945 93.1598 9.0362 6.4029 110.5523 8.2355 8.1343 104.7956 7.0727 5.1354 10.2756 6.1168 4.1536 11.6210 109.0437 92.6951 3.1247 3.5300 110.9098 5.6314 93.7006 6.7504 4.3459 7.7970 11.5440 24.8954 4.2535 111.0541 112.1473 0.0000 24.5288 12.3211 4.8375 10.4194 12.5024 6.8126 12.2904 109.7590
22.6396 86.3651 86.3651 2.2028 68.6522 85.2519 26.8480 28.3888 85.8289 26.9056 25.8863 28.2203 86.2749 85.2856 8.5653 84.7994 27.3933 2.4034 2.5954 25.9298 25.8331 27.1550 25.8148 22.6021 68.1467 23.2311 21.5603 22.2477 2.4567 25.9807 85.9401 23.7379 85.1786 24.9616 85.4024 84.6236 26.1315 8.6178 26.4342 68.5152 25.4036 23.1237 85.9077 26.7256 27.6179 80.1510 28.4233 26.4861 27.2536 22.0486 22.3326 31.1899 84.3991 68.0506 24.4753 24.8806 86.2652 21.5631 69.0560 27.0548 22.9472 29.1476 31.1129 1.0057 22.8548 86.4095 87.5027 25.1042 0.0000 31.8899 26.1881 29.0273 32.0712 27.7218 31.8592 85.1144
14.8860 117.9981 117.9981 31.4809 100.2852 116.8850 5.0209 11.2075 117.4619 6.1536 11.2402 3.4060 117.9079 116.9186 33.5147 116.4324 7.1009 29.3173 30.3840 6.9565 11.8788 4.1623 11.1687 14.8486 99.7797 15.2928 13.8067 14.4941 31.0709 12.0264 117.5732 15.7995 116.8116 7.2013 117.0354 116.2566 12.2802 33.1519 5.2710 100.1482 7.0724 15.1854 117.5407 5.2253 4.1868 111.7840 11.4127 10.8982 4.4788 14.2950 14.5790 1.0901 116.0321 99.6836 10.0593 10.9263 117.8982 13.8096 100.6890 6.7093 15.1936 13.4768 1.1750 31.8838 15.1012 118.0426 119.1357 11.7993 31.5172 0.0000 12.2339 3.5073 1.2052 5.9833 0.9932 116.7474
5.1270 112.0984 112.0984 25.5812 94.3855 110.9852 10.8485 3.6263 111.5622 8.3093 2.6459 9.7152 112.0082 111.0189 34.8240 110.5327 6.8640 23.4175 24.4843 8.6818 1.0786 11.1555 2.5744 5.0896 93.8800 9.6234 6.7172 6.8525 25.1712 0.9637 111.6734 8.5231 110.9119 9.4926 111.1357 110.3569 2.4716 34.8765 9.8730 94.2485 10.0147 9.5160 111.6410 9.2140 9.1128 105.8843 4.1802 3.2457 11.2541 7.2055 5.2423 10.9975 110.1324 93.7838 4.2134 2.1092 111.9985 6.7201 94.7893 7.8391 5.4346 3.8341 10.9205 25.9841 5.3422 112.1428 113.2360 4.3085 25.6175 11.5023 0.0000 11.3978 10.2972 8.0218 10.8502 110.8477
12.4898 115.6019 115.6019 29.0846 97.8890 114.4887 2.4721 8.8727 115.0657 3.8188 8.9054 1.8519 115.5116 114.5224 31.1184 114.0362 4.7660 26.9210 27.9878 4.6216 9.5440 1.8001 8.8338 12.4523 97.3835 12.8965 11.4104 12.0978 28.6747 9.6916 115.1769 13.4032 114.4154 4.8665 114.6391 113.8604 9.9453 30.7557 2.9362 97.7520 4.7376 12.7891 115.1445 2.8905 1.8520 109.3878 9.0779 8.5634 2.1166 11.8987 12.1828 2.3267 113.6359 97.2873 7.7245 8.5915 115.5020 11.4133 98.2927 4.3745 12.7973 11.1420 2.2497 29.4876 12.7050 115.6463 116.7394 9.4644 29.1210 3.0268 9.8990 0.0000 3.2081 3.6485 2.9961 114.3511
15.0673 118.1795 118.1795 31.6622 100.4666 117.0663 5.0684 8.2096 117.6432 6.2011 8.2422 3.4535 118.0892 117.0999 33.6960 116.6138 7.1484 29.4986 30.5653 7.0040 9.8769 4.3437 8.1707 15.0299 99.9611 15.4741 13.9880 14.6754 31.2523 10.3215 117.7545 15.9808 116.9930 7.2489 117.2167 116.4379 9.2822 33.3332 5.3185 100.3296 7.1199 15.3667 117.7220 5.2728 4.2343 111.9653 8.4147 7.9003 4.6601 14.4763 14.7604 1.2714 116.2134 99.8649 10.1069 9.1837 118.0795 13.9909 100.8703 6.7568 15.3749 10.4788 1.3564 32.0652 15.2825 118.2239 119.3170 11.8468 31.6986 1.2052 10.5290 3.6886 0.0000 6.0308 0.5531 116.9287
7.0025 112.5274 112.5274 26.0102 94.8145 111.4142 3.5322 6.0089 111.9912 0.3095 6.0416 2.3989 112.4372 111.4479 27.7807 110.9617 1.4855 23.8465 24.9133 1.9315 6.2635 3.8393 5.9701 6.9650 94.3090 9.8220 8.3360 9.0234 25.6002 6.4111 112.1024 10.3288 111.3409 2.1764 111.5647 110.7859 7.0816 27.4179 2.5568 94.6775 2.6985 9.7147 112.0700 1.8977 1.7965 106.3133 6.2141 5.6996 3.9379 8.8243 7.1178 5.2833 110.5614 94.2128 4.4440 5.3110 112.4275 8.3388 95.2183 1.0940 7.3101 8.2782 5.2063 26.4131 7.2177 112.5718 113.6650 6.1839 26.0465 5.9833 6.6185 4.0816 6.1646 0.0000 5.9526 111.2767
14.8553 117.9675 117.9675 31.4502 100.2546 116.8543 4.9902 8.7626 117.4312 6.1229 8.7953 3.3754 117.8772 116.8879 33.4840 116.4018 7.0702 29.2866 30.3533 6.9258 10.4300 4.1317 8.7238 14.8179 99.7491 15.2621 13.7760 14.4634 31.0403 11.9958 117.5425 15.7688 116.7810 7.1707 117.0047 116.2259 9.8353 33.1212 5.2403 100.1176 7.0417 15.1547 117.5100 5.1946 4.1561 111.7533 8.9678 8.4533 4.4481 14.2643 14.5484 1.0594 116.0014 99.6529 10.0287 9.7367 117.8675 13.7789 100.6583 6.6786 15.1629 11.0319 1.1444 31.8532 15.0706 118.0119 119.1050 11.7686 31.4866 0.9932 12.2032 3.4766 0.5531 5.9526 0.0000 116.7167
106.7854 0.8835 0.8835 86.2682 20.2402 1.2790 110.9938 112.5346 0.5982 111.0514 110.0321 112.3661 1.4074 0.3720 85.5932 0.4958 111.5391 86.7082 86.9003 110.0755 109.9789 111.3008 109.9606 106.7479 20.4577 107.3769 105.7061 106.3935 87.5872 110.1265 1.0726 107.8836 8.6763 109.1074 0.4887 1.8379 110.2773 85.6457 110.5800 19.3650 109.5493 107.2695 1.0402 110.8714 111.7637 4.9634 112.5691 110.6319 111.3994 106.1944 106.4784 115.3356 1.2284 22.5958 108.6211 109.0264 1.3977 105.7089 20.2272 111.2006 107.0930 113.2934 115.2586 85.7149 107.0006 0.9280 9.5017 109.2500 85.1834 116.0357 110.3339 113.1731 116.2170 111.8676 116.0050 0.0000
0.000 197.508 197.508 76.090 173.890 199.023 45.963 37.079 199.793 36.555 29.572 42.175 200.387 199.068 97.475 198.420 33.290 72.599 75.800 38.744 29.412 46.884 29.357 8.330 176.216 31.217 19.608 20.177 77.861 29.855 199.941 32.672 198.926 40.304 199.224 198.186 30.307 97.545 44.722 176.708 41.630 30.895 199.898 40.671 40.367 192.222 37.183 31.371 47.180 20.247 5.982 58.988 197.886 176.088 25.339 26.554 200.374 20.497 177.429 36.216 12.930 39.355 58.757 80.299 11.352 200.567 202.024 25.345 79.199 61.088 30.477 52.501 61.633 36.403 60.997 198.840
197.715 0.000 0.000 170.359 76.473 20.601 206.326 208.380 6.710 206.403 205.044 208.156 19.267 12.520 172.459 14.807 207.053 173.945 174.201 205.102 204.973 206.735 204.948 200.665 80.125 201.504 199.276 200.192 175.117 205.170 9.515 202.179 14.417 203.811 13.920 22.278 205.371 172.529 205.774 76.847 204.400 201.360 10.908 206.163 207.353 33.642 208.426 205.843 206.867 199.927 200.305 212.115 17.135 86.539 203.162 203.703 12.710 199.280 79.434 206.602 201.125 209.392 212.013 172.621 201.002 3.532 45.269 204.001 171.912 213.049 205.446 209.232 213.290 207.491 213.008 10.182
197.715 0.000 0.000 170.359 76.473 20.601 206.326 208.380 6.710 206.403 205.044 208.156 19.267 12.520 172.459 14.807 207.053 173.945 174.201 205.102 204.973 206.735 204.948 200.665 80.125 201.504 199.276 200.192 175.117 205.170 9.515 202.179 14.417 203.811 13.920 22.278 205.371 172.529 205.774 76.847 204.400 201.360 10.908 206.163 207.353 33.642 208.426 205.843 206.867 199.927 200.305 212.115 17.135 86.539 203.162 203.703 12.710 199.280 79.434 206.602 201.125 209.392 212.013 172.621 201.002 3.532 45.269 204.001 171.912 213.049 205.446 209.232 213.290 207.491 213.008 10.182
80.469 170.423 170.423 0.000 146.806 171.939 92.709 94.763 172.708 92.785 91.426 94.538 173.303 171.984 44.303 171.336 93.436 22.760 23.336 91.484 91.355 93.118 91.331 83.356 149.132 85.243 80.231 82.293 24.445 91.552 172.857 86.764 171.841 90.193 172.140 171.101 91.753 44.461 92.157 149.623 90.783 84.921 172.813 92.545 93.735 165.138 94.809 92.226 93.249 81.696 82.548 98.498 170.802 149.004 88.976 90.085 173.290 80.240 150.345 92.984 84.392 95.775 98.395 22.298 84.115 173.483 174.940 90.383 21.199 99.431 91.829 95.614 99.673 93.874 99.390 171.756
173.951 77.572 77.572 146.595 0.000 77.233 182.562 184.617 78.963 182.639 181.280 184.392 80.301 77.334 148.695 75.875 183.289 150.181 150.437 181.338 181.209 182.971 181.184 176.901 8.428 177.740 175.512 176.428 151.353 181.406 79.297 178.415 77.013 180.047 77.684 75.347 181.607 148.765 182.010 12.510 180.636 177.596 79.200 182.399 183.589 61.930 184.663 182.079 183.103 176.163 176.542 188.351 74.674 8.995 179.399 179.939 80.272 175.516 10.448 182.838 177.361 185.628 188.249 148.857 177.238 80.705 83.985 180.237 148.148 189.285 181.682 185.468 189.526 183.727 189.244 76.820
196.231 17.601 17.601 168.874 73.133 0.000 204.842 206.896 18.547 204.919 203.559 206.672 6.140 19.351 170.974 18.743 205.569 172.461 172.717 203.617 203.489 205.251 203.464 199.181 76.786 200.019 197.791 198.708 173.633 203.685 18.835 200.695 31.485 202.327 19.701 18.938 203.887 171.044 204.290 73.508 202.916 199.876 16.265 204.679 205.868 30.303 206.942 204.359 205.383 198.443 198.821 210.631 18.947 83.200 201.678 202.219 15.975 197.795 76.094 205.118 199.641 207.908 210.528 171.137 199.518 20.734 39.852 202.517 170.428 211.564 203.962 207.747 211.806 206.007 211.523 19.180
41.173 204.115 204.115 88.759 180.498 205.631 0.000 41.270 206.400 25.871 41.368 22.410 206.995 205.676 94.120 205.028 28.146 87.467 90.297 23.444 43.556 8.158 41.153 44.061 182.824 45.394 40.935 42.998 91.213 43.999 206.549 46.914 205.533 24.178 205.832 204.793 44.488 93.636 16.200 183.316 23.791 45.071 206.505 20.915 20.480 198.830 41.885 40.342 8.692 42.400 43.252 27.963 204.494 182.696 38.097 40.698 206.982 40.944 184.037 26.319 45.096 48.078 27.731 92.296 44.819 207.175 208.632 43.317 91.808 30.063 44.621 23.716 30.607 25.869 29.971 205.448
31.990 205.180 205.180 89.823 181.562 206.695 40.963 0.000 207.465 33.345 27.348 37.563 208.059 206.740 100.537 206.092 31.954 89.861 91.361 36.161 21.954 41.884 27.134 34.878 183.888 45.205 39.761 40.166 92.277 24.049 207.613 43.183 206.598 36.895 206.896 205.858 21.288 100.053 38.037 184.380 38.462 45.025 207.570 36.059 35.756 199.894 20.198 26.322 42.180 41.225 35.336 41.410 205.558 183.760 32.249 25.406 208.046 39.769 185.101 34.661 35.913 21.389 41.179 93.361 35.636 208.239 209.696 32.534 92.872 42.925 23.455 42.611 39.309 32.483 40.968 206.512
197.000 3.710 3.710 169.644 74.864 18.547 205.611 207.665 0.000 205.688 204.329 207.441 18.057 9.777 171.744 12.063 206.338 173.230 173.486 204.387 204.258 206.020 204.233 199.950 78.517 200.789 198.561 199.477 174.402 204.455 10.618 201.464 17.122 203.096 11.177 20.669 204.656 171.814 205.059 75.239 203.685 200.645 10.250 205.448 206.638 32.034 207.711 205.129 206.152 199.212 199.591 211.400 14.392 84.931 202.447 202.988 12.387 198.565 77.825 205.887 200.410 208.677 211.298 171.906 200.287 7.242 43.660 203.286 171.197 212.334 204.731 208.517 212.575 206.776 212.293 7.438
33.481 203.259 203.259 87.902 179.642 204.775 24.597 33.538 205.544 0.000 33.636 22.708 206.138 204.819 93.263 204.171 19.972 85.540 88.740 20.828 34.264 25.518 33.421 36.368 181.968 43.466 39.008 41.070 90.356 34.706 205.692 44.986 204.677 20.529 204.975 203.937 36.755 92.779 21.670 182.459 19.132 43.144 205.649 20.048 20.900 197.973 34.153 32.610 25.813 40.473 36.826 31.361 203.637 181.839 28.805 31.406 206.125 39.017 183.180 12.840 37.403 40.346 31.130 91.440 37.126 206.318 207.775 34.025 90.951 33.461 35.329 27.756 34.005 5.978 33.369 204.591
29.465 204.057 204.057 88.701 180.440 205.573 41.327 26.124 206.342 33.709 0.000 37.927 206.937 205.618 100.699 204.970 32.318 87.336 90.239 36.525 20.981 42.248 4.517 32.352 182.766 42.155 37.235 37.641 91.154 22.316 206.491 40.133 205.475 37.259 205.774 204.735 14.852 100.215 38.401 183.257 38.826 41.976 206.447 36.423 36.120 198.772 21.840 11.203 42.544 38.700 32.811 41.774 204.436 182.638 29.724 18.877 206.924 37.244 183.978 35.025 33.388 29.426 41.543 92.238 33.110 207.117 208.574 30.009 91.749 43.288 22.938 42.975 39.673 32.847 41.332 205.390
39.100 206.237 206.237 90.880 182.620 207.753 22.410 37.870 208.522 22.708 37.967 0.000 209.116 207.797 96.241 207.149 25.550 90.996 92.418 25.875 39.883 23.331 37.753 41.988 184.946 50.167 45.709 47.771 93.334 40.326 208.670 51.687 207.655 26.609 207.953 206.915 41.087 95.757 21.433 185.437 25.684 49.845 208.627 19.923 13.783 200.951 38.485 36.942 23.627 47.174 42.446 23.118 206.615 184.817 34.425 37.026 209.104 45.717 186.158 24.375 43.023 44.677 22.887 94.418 42.746 209.296 210.754 39.645 93.929 25.218 40.948 21.855 25.762 22.197 25.126 207.569
197.595 16.267 16.267 170.238 76.202 6.140 206.206 208.260 18.057 206.282 204.923 208.035 0.000 19.736 172.338 20.692 206.933 173.825 174.081 204.981 204.853 206.615 204.828 200.545 79.854 201.383 199.155 200.072 174.997 205.049 16.975 202.059 29.625 203.691 20.086 22.007 205.250 172.408 205.654 76.577 204.280 201.240 15.775 206.043 207.232 33.372 208.306 205.723 206.747 199.806 200.185 211.995 22.015 86.269 203.042 203.583 14.378 199.159 79.163 206.481 201.005 209.272 211.892 172.500 200.881 19.400 44.998 203.881 171.792 212.928 205.326 209.111 213.170 207.371 212.887 18.793
196.275 9.520 9.520 168.919 73.234 19.351 204.887 206.941 9.777 204.963 203.604 206.716 19.736 0.000 171.019 10.245 205.614 172.506 172.762 203.662 203.533 205.296 203.509 199.225 76.887 200.064 197.836 198.753 173.678 203.730 17.395 200.740 20.127 202.371 4.400 21.028 203.931 171.089 204.335 73.609 202.961 199.921 17.027 204.723 205.913 30.404 206.987 204.404 205.427 198.487 198.866 210.676 12.573 83.301 201.723 202.263 18.883 197.840 76.195 205.162 199.686 207.953 210.573 171.181 199.562 13.052 44.019 202.562 170.473 211.609 204.007 207.792 211.851 206.052 211.568 7.107
94.584 171.320 171.320 40.981 147.703 172.836 94.969 101.636 173.605 95.045 101.913 96.798 174.200 172.881 0.000 172.233 95.696 45.301 45.877 93.744 101.842 95.378 101.817 97.534 150.029 98.372 96.144 97.061 47.938 102.038 173.754 99.048 172.738 92.453 173.037 171.998 102.239 7.342 94.417 150.520 93.043 98.229 173.710 94.805 95.995 166.035 101.910 101.224 95.509 96.796 97.174 101.067 171.699 149.901 100.031 100.572 174.187 96.148 151.241 95.244 97.994 104.662 100.964 42.320 97.871 174.380 175.837 100.870 40.726 102.000 102.315 98.184 102.242 96.134 101.959 172.653
195.627 11.807 11.807 168.271 71.776 18.743 204.238 206.293 12.063 204.315 202.956 206.068 20.692 10.245 170.371 0.000 204.966 171.858 172.114 203.014 202.885 204.648 202.861 198.577 75.428 199.416 197.188 198.105 173.030 203.082 18.763 200.092 23.845 201.723 11.645 19.899 203.283 170.441 203.687 72.150 202.313 199.273 18.395 204.075 205.265 28.945 206.339 203.756 204.779 197.839 198.218 210.028 6.485 81.843 201.075 201.615 20.030 197.192 74.737 204.514 199.037 207.305 209.925 170.533 198.914 15.338 42.890 201.913 169.825 210.961 203.359 207.144 211.203 205.404 210.920 9.128
30.216 203.222 203.222 87.865 179.605 204.738 28.146 36.380 205.507 19.972 31.159 25.550 206.101 204.783 94.306 204.134 0.000 85.456 88.657 20.900 30.999 29.067 30.944 33.104 181.931 43.383 37.987 38.392 90.319 31.442 205.655 44.903 204.640 24.078 204.938 203.900 31.894 93.822 25.220 182.422 25.645 43.061 205.612 24.046 23.742 197.936 36.995 35.452 29.363 39.451 33.562 34.202 203.600 181.802 25.541 28.142 206.089 37.995 183.143 14.945 34.139 43.187 33.971 91.403 33.862 206.281 207.739 30.761 90.914 36.303 32.064 30.597 36.847 18.490 36.211 204.554
73.339 170.856 170.856 19.063 147.239 172.372 88.964 91.594 173.141 89.137 86.079 91.369 173.736 172.417 45.277 171.769 90.267 0.000 15.053 86.209 85.919 89.885 85.864 76.226 149.565 78.113 73.101 75.163 21.091 86.362 173.289 79.633 172.274 83.305 172.573 171.534 86.814 45.434 87.722 150.056 84.631 77.791 173.246 88.597 90.566 165.571 91.640 87.878 90.080 74.566 75.418 95.329 171.235 149.437 81.846 83.062 173.723 73.109 150.777 89.584 77.261 92.606 95.226 23.272 76.984 173.915 175.373 83.732 22.172 96.262 86.984 92.445 96.504 90.705 96.221 172.189
76.532 171.112 171.112 19.640 147.495 172.628 90.959 93.013 173.397 91.036 89.272 92.789 173.992 172.673 45.853 172.025 91.686 15.053 0.000 89.403 89.113 91.368 89.058 79.420 149.821 81.307 76.294 78.356 11.408 89.555 173.546 82.827 172.530 86.498 172.829 171.790 90.004 46.011 90.407 150.313 87.824 80.985 173.502 90.796 91.985 165.827 93.059 90.476 91.500 77.759 78.611 96.748 171.491 149.693 85.039 86.255 173.979 76.303 151.033 91.235 80.455 94.025 96.645 20.696 80.178 174.172 175.629 86.926 22.749 97.681 90.079 93.865 97.923 92.124 97.641 172.445
37.201 202.350 202.350 86.986 178.733 203.866 23.444 36.705 204.635 20.828 36.803 25.820 205.230 203.911 92.354 203.263 20.900 83.495 86.695 0.000 36.453 24.364 36.588 40.089 181.059 41.422 36.963 39.025 88.756 36.895 204.783 42.942 203.768 12.947 204.066 203.028 39.923 91.871 20.517 181.550 12.947 41.099 204.740 21.391 24.013 197.065 37.321 35.777 24.660 38.428 39.281 33.769 202.729 180.931 30.994 33.595 205.217 36.972 182.271 19.460 41.124 43.513 33.538 90.531 40.847 205.409 206.867 36.214 90.042 35.870 37.518 30.164 36.413 20.583 35.777 203.682
26.363 202.679 202.679 87.322 179.061 204.194 46.858 24.029 204.964 37.838 21.873 43.458 205.558 204.239 102.646 203.591 34.573 84.234 87.434 40.027 0.000 47.779 21.658 29.250 181.387 42.852 34.133 34.539 89.495 10.908 205.112 39.551 204.097 42.790 204.395 203.357 12.250 102.716 43.931 181.879 44.356 42.530 205.069 41.954 41.651 197.393 20.720 20.885 48.075 35.598 29.708 52.111 203.057 181.259 25.617 20.070 205.545 34.142 182.600 37.499 30.286 27.441 51.880 90.860 30.008 205.738 207.195 26.907 90.371 54.211 9.798 48.506 45.468 37.686 47.127 204.011
42.094 204.525 204.525 89.168 180.908 206.041 8.158 42.191 206.810 26.792 42.289 23.331 207.404 206.085 94.529 205.437 29.067 88.388 90.706 24.364 44.477 0.000 42.074 44.982 183.234 46.315 41.857 43.918 91.622 44.920 206.958 47.835 205.943 25.099 206.241 205.203 45.409 94.045 19.793 183.725 24.712 45.992 206.915 21.837 21.401 199.239 42.806 41.263 7.267 43.322 44.174 25.646 204.903 183.105 39.018 41.619 207.392 41.865 184.446 27.240 46.017 48.999 25.415 92.706 45.740 207.584 209.041 44.238 92.217 27.746 45.542 21.700 28.290 26.790 27.654 205.857
29.250 203.962 203.962 88.606 180.345 205.478 41.112 25.909 206.247 33.495 4.517 37.712 206.842 205.523 100.603 204.874 32.104 87.122 90.143 36.310 20.767 42.033 0.000 32.138 182.671 41.941 37.021 37.427 91.059 22.101 206.395 39.919 205.380 37.045 205.678 204.640 13.947 100.120 38.186 183.162 38.611 41.761 206.352 36.209 35.905 198.676 21.093 10.457 42.329 38.486 32.596 41.559 204.341 182.543 29.433 17.627 206.829 37.029 183.883 34.810 33.173 29.211 41.328 92.143 32.896 207.021 208.479 29.794 91.654 43.074 22.723 42.761 39.458 32.632 41.118 205.294
5.330 197.922 197.922 77.022 174.305 199.437 46.895 36.967 200.207 36.442 29.459 42.062 200.801 199.482 97.889 198.834 33.178 73.531 76.731 38.632 29.300 47.816 29.245 0.000 176.631 32.149 19.737 21.108 78.792 29.743 200.355 33.293 199.340 41.235 199.638 198.600 30.195 97.959 42.536 177.122 42.561 31.827 200.312 40.559 40.255 192.636 37.070 31.259 48.111 21.178 8.708 50.715 198.300 176.502 25.226 26.442 200.788 21.429 177.843 36.103 10.293 39.243 50.484 81.231 9.187 200.981 202.438 25.233 80.131 52.816 30.365 53.432 53.360 36.290 52.724 199.254
173.277 78.224 78.224 145.921 5.428 77.885 181.888 183.942 79.616 181.965 180.606 183.718 80.954 77.986 148.021 76.527 182.615 149.507 149.763 180.664 180.535 182.297 180.510 176.227 0.000 177.066 174.838 175.754 150.679 180.732 79.949 177.741 77.665 179.373 78.336 76.000 180.933 148.091 181.336 15.705 179.962 176.922 79.852 181.725 182.915 62.582 183.988 181.405 182.429 175.489 175.868 187.677 75.326 6.958 178.725 179.265 80.925 174.842 15.657 182.164 176.687 184.954 187.575 148.183 176.564 81.358 84.637 179.563 147.474 188.611 181.008 184.794 188.852 183.053 188.570 77.472
38.696 207.581 207.581 92.224 183.963 209.096 67.690 45.981 209.866 60.030 41.188 64.248 210.460 209.141 107.548 208.493 51.018 92.339 93.762 64.935 39.954 68.611 40.973 41.583 186.289 0.000 48.633 45.695 94.678 39.609 210.014 24.015 208.999 62.031 209.297 208.259 43.121 105.854 66.449 186.781 63.357 20.285 209.971 67.323 62.441 202.295 47.643 42.987 68.907 47.570 42.041 80.716 207.959 186.161 43.066 38.171 210.447 52.611 187.502 53.944 42.618 46.604 80.485 95.762 42.341 210.640 212.097 43.073 95.273 82.816 39.015 74.228 65.994 59.168 82.724 208.913
16.608 197.029 197.029 75.013 173.412 198.545 44.886 40.828 199.314 40.303 33.320 49.003 199.909 198.590 96.996 197.941 37.039 71.523 74.723 42.131 33.161 45.807 33.106 19.680 175.738 30.140 0.000 9.352 76.784 33.603 199.462 31.657 198.447 39.227 198.745 197.707 34.056 97.067 43.645 176.229 40.553 29.818 199.419 44.519 47.196 191.744 40.931 35.120 46.103 9.430 16.863 57.911 197.408 175.610 29.087 30.303 199.896 9.245 176.950 39.965 20.715 43.104 57.680 79.222 20.438 200.088 201.546 29.094 78.123 60.012 34.226 51.424 60.556 40.151 59.920 198.361
17.120 197.946 197.946 77.076 174.328 199.461 46.948 42.199 200.231 41.675 34.691 51.065 200.825 199.506 97.913 198.858 38.410 73.585 76.785 44.193 34.532 47.869 34.477 21.051 176.654 32.203 9.352 0.000 78.846 34.975 200.379 31.133 199.364 41.289 199.662 198.623 35.427 97.983 45.707 177.146 42.615 28.653 200.336 46.581 49.258 192.660 42.302 36.491 48.165 5.132 19.774 59.974 198.324 176.526 30.458 31.674 200.812 13.898 177.867 41.336 22.086 44.475 59.743 81.285 21.809 201.005 202.462 30.465 80.185 62.074 35.597 53.486 62.618 41.522 61.982 199.278
78.593 171.597 171.597 21.850 147.980 173.113 91.875 93.929 173.882 91.951 90.593 93.705 174.477 173.158 46.944 172.509 92.602 21.034 11.408 90.650 90.522 92.284 90.497 81.481 150.306 83.368 78.355 80.417 0.000 90.718 174.030 84.888 173.015 88.559 173.313 172.275 90.919 47.101 91.323 150.797 89.885 83.045 173.987 91.712 92.901 166.311 93.975 91.392 92.416 79.820 80.672 97.664 171.975 150.177 87.100 88.316 174.464 78.364 151.518 92.151 82.516 94.941 97.561 20.794 82.239 174.656 176.114 88.987 23.839 98.597 90.995 94.780 98.839 93.040 98.556 172.929
26.759 202.855 202.855 87.498 179.237 204.370 47.254 26.473 205.140 38.234 22.316 43.854 205.734 204.415 102.822 203.767 34.970 84.630 87.830 40.423 10.908 48.175 22.101 29.646 181.563 43.248 34.529 34.935 89.891 0.000 205.288 39.947 204.273 43.186 204.571 203.533 16.945 102.892 44.327 182.055 44.752 42.926 205.245 42.350 42.046 197.569 27.507 24.115 48.471 35.994 30.104 48.012 203.233 181.435 20.273 14.827 205.721 34.538 182.776 37.895 30.682 27.097 47.781 91.036 30.404 205.914 207.371 27.303 90.547 49.526 6.112 48.902 45.911 38.082 47.570 204.187
197.148 6.515 6.515 169.792 75.198 18.835 205.759 207.814 10.618 205.836 204.477 207.589 16.975 17.395 171.892 18.763 206.487 173.379 173.635 204.535 204.406 206.169 204.382 200.098 78.850 200.937 198.709 199.626 174.551 204.603 0.000 201.613 16.888 203.244 18.795 21.003 204.804 171.962 205.208 75.572 203.833 200.794 5.892 205.596 206.786 32.367 207.860 205.277 206.300 199.360 199.739 211.549 21.011 85.265 202.596 203.136 7.693 198.713 78.159 206.035 200.558 208.826 211.446 172.054 200.435 10.047 43.994 203.434 171.346 212.482 204.880 208.665 212.724 206.925 212.441 15.012
29.389 199.551 199.551 80.689 175.934 201.067 49.624 43.006 201.837 49.797 38.212 53.741 202.431 201.112 99.519 200.464 41.712 77.198 80.398 46.870 36.978 50.545 37.998 32.277 178.260 18.580 31.657 31.133 82.459 36.634 201.985 0.000 200.969 43.965 201.268 200.229 40.146 97.825 48.383 178.752 45.291 10.520 201.942 49.257 51.934 194.266 44.667 40.012 50.841 32.860 30.060 62.650 199.930 178.132 33.760 35.196 202.418 34.545 179.473 44.637 28.453 43.629 62.419 84.898 31.312 202.611 204.068 33.767 83.798 64.750 36.039 56.162 65.294 44.824 64.658 200.884
196.133 11.417 11.417 168.777 72.913 31.485 204.744 206.798 17.122 204.821 203.462 206.574 29.625 20.127 170.877 23.845 205.471 172.363 172.619 203.520 203.391 205.153 203.366 199.083 76.566 199.922 197.694 198.610 173.535 203.588 16.888 200.597 0.000 202.229 21.527 39.203 203.789 170.947 204.192 73.288 202.818 199.778 18.540 204.581 205.771 30.083 206.844 204.261 205.285 198.345 198.723 210.533 26.173 82.980 201.580 202.121 20.342 197.698 75.874 205.020 199.543 207.810 210.431 171.039 199.420 14.948 35.738 202.419 170.330 211.467 203.864 207.650 211.708 205.909 211.426 18.905
34.582 201.186 201.186 84.366 177.569 202.702 25.010 39.999 203.471 20.785 40.097 29.783 204.065 202.747 91.190 202.098 23.060 80.876 84.076 12.947 38.613 25.931 39.882 37.469 179.895 38.802 34.344 36.406 86.137 39.055 203.619 40.322 202.604 0.000 202.902 201.864 43.217 90.707 23.300 180.386 13.400 38.480 203.576 24.175 27.307 195.900 40.614 39.071 26.227 35.809 36.661 35.336 201.565 179.766 33.154 35.755 204.053 34.352 181.107 21.233 38.504 46.807 35.105 88.575 38.227 204.245 205.703 38.374 87.475 37.436 39.678 31.731 37.980 22.883 37.344 202.518
196.431 10.920 10.920 169.075 73.585 19.701 205.042 207.097 11.177 205.119 203.760 206.872 20.086 4.400 171.175 11.645 205.769 172.662 172.918 203.818 203.689 205.452 203.665 199.381 77.237 200.220 197.992 198.909 173.834 203.886 18.795 200.895 21.527 202.527 0.000 21.378 204.087 171.245 204.491 73.959 203.116 200.077 18.427 204.879 206.069 30.754 207.143 204.560 205.583 198.643 199.022 210.831 13.973 83.651 201.879 202.419 20.283 197.996 76.546 205.318 199.841 208.109 210.729 171.337 199.718 14.452 44.369 202.717 170.629 211.765 204.163 207.948 212.007 206.207 211.724 8.507
195.393 19.278 19.278 168.037 71.248 18.938 204.004 206.058 20.669 204.081 202.722 205.834 22.007 21.028 170.137 19.899 204.731 171.623 171.879 202.780 202.651 204.413 202.626 198.343 74.901 199.181 196.954 197.870 172.795 202.848 21.003 199.857 39.203 201.489 21.378 0.000 203.049 170.207 203.452 71.623 202.078 199.038 20.905 203.841 205.031 28.418 206.104 203.521 204.545 197.605 197.983 209.793 19.950 81.315 200.840 201.381 21.978 196.957 74.209 204.280 198.803 207.070 209.691 170.299 198.680 22.411 38.722 201.679 169.590 210.727 203.124 206.910 210.968 205.169 210.686 20.514
27.274 203.084 203.084 87.727 179.467 204.599 44.892 22.952 205.369 37.275 14.852 41.492 205.963 204.644 103.051 203.996 35.485 85.146 88.346 40.090 12.250 45.813 13.947 30.162 181.793 43.763 35.045 35.451 90.181 16.945 205.517 40.463 204.502 40.825 204.800 203.762 0.000 103.121 41.966 182.284 42.391 43.441 205.474 39.989 39.685 197.798 16.672 13.563 46.109 36.510 30.620 45.339 203.462 181.664 26.302 18.647 205.951 35.053 183.005 38.410 31.197 26.254 45.108 91.265 30.920 206.143 207.600 27.818 90.776 46.854 18.422 46.540 43.238 36.412 44.897 204.416
94.654 171.390 171.390 41.138 147.773 172.906 94.485 101.153 173.675 94.562 101.196 96.315 174.270 172.951 7.342 172.303 95.212 45.458 46.034 93.261 101.912 94.894 101.101 97.604 150.099 98.374 96.215 97.131 48.095 102.108 173.824 99.050 172.808 91.970 173.107 172.068 102.309 0.000 93.933 150.591 92.559 98.231 173.780 94.322 95.511 166.105 101.426 100.740 95.026 96.866 97.244 100.583 171.769 149.971 100.101 100.642 174.257 96.218 151.311 94.761 98.064 104.178 100.481 42.478 97.941 174.450 175.907 100.940 40.884 101.517 102.385 97.700 101.759 95.650 101.476 172.723
39.890 203.545 203.545 88.189 179.928 205.061 16.200 38.343 205.830 22.945 38.441 21.433 206.425 205.106 93.549 204.457 25.220 86.184 89.384 20.517 43.346 19.793 38.227 42.778 182.254 44.110 39.652 41.714 90.642 41.215 205.978 45.630 204.963 21.252 205.261 204.223 41.561 93.066 0.000 182.745 17.603 43.788 205.935 15.068 18.168 198.260 38.959 37.415 19.604 41.117 41.969 28.713 203.924 182.126 35.314 37.915 206.412 39.661 183.466 23.393 43.813 45.151 28.482 91.726 43.536 206.604 208.062 40.534 91.237 30.813 41.837 25.108 31.357 22.669 30.721 204.877
173.794 74.947 74.947 146.438 9.510 74.607 182.405 184.459 76.338 182.482 181.123 184.235 77.676 74.708 148.537 73.249 183.132 150.024 150.280 181.181 181.052 182.814 181.027 176.744 15.705 177.583 175.355 176.271 151.196 181.249 76.672 178.258 74.387 179.890 75.058 72.722 181.450 148.608 181.853 0.000 180.479 177.439 76.574 182.242 183.431 59.304 184.505 181.922 182.946 176.006 176.385 188.194 72.048 18.113 179.241 179.782 77.647 175.359 13.295 182.681 177.204 185.471 188.091 148.700 177.081 78.080 81.359 180.080 147.991 189.128 181.525 185.311 189.369 183.570 189.087 74.194
37.038 202.277 202.277 86.822 178.660 203.793 22.455 35.793 204.563 19.132 35.891 24.884 205.157 203.838 92.282 203.190 23.217 83.332 86.532 12.947 40.795 23.376 35.677 39.925 180.986 41.258 36.800 38.862 88.593 39.212 204.711 42.778 203.695 13.400 203.994 202.955 39.011 91.798 17.603 181.478 0.000 40.936 204.668 18.268 23.076 196.992 36.409 34.865 23.672 38.265 39.117 32.781 202.656 180.858 33.311 38.716 205.144 36.808 182.199 21.390 40.961 42.601 32.550 90.458 40.684 205.337 206.794 38.531 89.932 34.881 39.835 29.176 35.425 18.887 34.789 203.610
32.933 198.733 198.733 78.847 175.115 200.248 47.782 44.848 201.018 47.955 40.055 51.899 201.612 200.293 98.700 199.645 49.418 75.356 78.556 45.027 38.821 48.703 39.840 35.820 177.441 20.285 31.592 28.653 80.617 38.476 201.166 10.520 200.151 42.123 200.449 199.411 41.988 97.006 46.541 177.933 43.449 0.000 201.123 47.415 50.092 193.447 46.510 41.854 48.999 30.528 33.322 60.808 199.111 177.313 35.602 37.038 201.599 32.703 178.654 48.402 35.890 45.472 60.577 83.056 36.578 201.792 203.249 35.609 81.956 62.908 37.882 54.320 63.452 50.404 62.816 200.065
197.105 7.908 7.908 169.749 75.100 16.265 205.716 207.771 10.250 205.793 204.434 207.546 15.775 17.027 171.849 18.395 206.443 173.335 173.591 204.492 204.363 206.125 204.339 200.055 78.753 200.894 198.666 199.582 174.507 204.560 5.892 201.569 18.540 203.201 18.427 20.905 204.761 171.919 205.164 75.475 203.790 200.750 0.000 205.553 206.743 32.270 207.817 205.234 206.257 199.317 199.696 211.505 20.914 85.167 202.553 203.093 7.605 198.670 78.061 205.992 200.515 208.782 211.403 172.011 200.392 11.440 43.897 203.391 171.302 212.439 204.836 208.622 212.680 206.881 212.398 14.643
37.597 203.934 203.934 88.577 180.316 205.449 20.915 36.366 206.219 20.048 36.464 19.923 206.813 205.494 93.938 204.846 24.046 87.058 90.115 21.391 38.380 21.837 36.249 40.484 182.642 44.984 40.526 42.588 91.031 38.823 206.367 46.504 205.352 22.126 205.650 204.611 39.584 93.454 15.068 183.134 18.268 44.662 206.324 0.000 15.038 198.648 36.981 35.438 22.133 41.991 40.943 28.576 204.312 182.514 32.921 35.522 206.800 40.535 183.855 22.871 41.519 43.174 28.345 92.115 41.242 206.993 208.450 38.141 91.626 30.676 39.445 24.971 31.220 19.803 30.584 205.266
37.293 205.379 205.379 90.023 181.762 206.895 20.480 36.062 207.664 20.900 36.160 13.783 208.259 206.940 95.383 206.291 23.742 90.138 91.560 24.068 38.076 21.401 35.946 40.181 184.088 48.236 43.778 45.841 92.476 38.519 207.812 49.757 206.797 24.802 207.095 206.057 39.280 94.900 18.168 184.579 23.877 47.915 207.769 15.038 0.000 200.093 36.678 35.134 21.697 45.243 40.639 25.460 205.758 183.959 32.617 35.218 208.246 43.787 185.300 22.567 41.216 42.870 25.229 93.560 40.939 208.438 209.896 37.837 93.071 27.560 39.141 21.855 28.104 20.389 27.468 206.711
189.429 30.642 30.642 162.073 57.831 30.303 198.041 200.095 32.034 198.117 196.758 199.870 33.372 30.404 164.173 28.945 198.768 165.660 165.916 196.816 196.687 198.450 196.663 192.379 61.483 193.218 190.990 191.907 166.832 196.884 32.367 193.894 30.083 195.525 30.754 28.418 197.085 164.243 197.489 58.205 196.115 193.075 32.270 197.877 199.067 0.000 200.141 197.558 198.581 191.641 192.020 203.830 27.744 67.897 194.877 195.417 33.343 190.994 60.791 198.316 192.839 201.107 203.727 164.335 192.716 33.776 51.409 195.715 163.627 204.763 197.161 200.946 205.005 199.206 204.722 29.890
35.390 206.691 206.691 91.335 183.074 208.207 39.820 20.198 208.976 32.202 21.840 36.420 209.571 208.252 100.029 207.603 30.811 91.450 92.872 35.018 20.720 40.741 21.093 38.278 185.400 48.081 43.161 43.567 93.788 27.507 209.124 46.059 208.109 35.752 208.407 207.369 16.672 99.545 36.894 185.891 37.319 47.901 209.081 34.916 34.613 201.405 0.000 15.817 41.037 44.626 38.736 40.267 207.070 185.271 35.650 24.827 209.558 43.170 186.612 33.518 39.313 27.665 40.036 94.872 39.036 209.750 211.208 35.935 94.383 41.782 26.892 41.468 38.166 31.340 39.825 208.023
31.264 204.857 204.857 89.501 181.240 206.373 40.301 27.923 207.142 32.683 11.203 36.901 207.737 206.418 100.243 205.769 31.292 89.136 91.038 35.499 20.885 41.222 10.457 34.152 183.566 43.955 39.035 39.440 91.954 24.115 207.290 41.933 206.275 36.233 206.573 205.535 13.563 99.759 37.375 184.057 37.800 43.775 207.247 35.398 35.094 199.571 15.817 0.000 41.518 40.500 34.610 40.748 205.236 183.438 31.523 20.701 207.724 39.043 184.778 33.999 35.187 31.120 40.517 93.038 34.910 207.916 209.374 31.808 92.549 42.263 24.737 41.949 38.647 31.821 40.306 206.189
42.390 204.656 204.656 89.300 181.039 206.172 8.692 42.487 206.941 27.088 42.585 23.627 207.536 206.217 94.661 205.569 29.363 88.684 90.837 24.660 44.773 7.267 42.370 45.278 183.365 46.610 42.152 44.214 91.753 45.215 207.090 48.130 206.074 25.395 206.373 205.334 45.705 94.177 19.604 183.856 25.008 46.288 207.046 22.133 21.697 199.371 43.102 41.559 0.000 43.617 44.469 26.596 205.035 183.237 39.314 41.915 207.523 42.161 184.577 27.536 46.313 49.294 26.365 92.837 46.036 207.715 209.173 44.534 92.348 28.696 45.838 22.015 29.240 27.086 28.604 205.989
17.190 197.436 197.436 75.929 173.819 198.952 45.802 42.672 199.721 42.161 35.164 49.919 200.316 198.997 97.403 198.349 38.897 72.439 75.639 43.047 35.005 46.723 34.950 21.122 176.145 31.056 9.430 5.132 77.700 35.447 199.869 32.576 198.854 40.143 199.152 198.114 35.900 97.474 44.561 176.636 41.468 30.528 199.826 45.435 48.112 192.151 42.775 36.964 47.019 0.000 19.844 58.827 197.815 176.017 30.931 32.147 200.303 11.970 177.357 41.822 22.157 44.948 58.596 80.138 21.880 200.495 201.953 30.535 79.039 60.928 36.070 52.340 61.471 42.008 60.835 198.768
2.982 197.354 197.354 75.745 173.737 198.870 45.617 37.425 199.639 36.901 29.918 42.520 200.234 198.915 97.321 198.266 33.636 72.254 75.454 39.090 29.758 46.538 29.703 8.708 176.063 30.871 16.863 19.831 77.515 30.201 199.787 30.060 198.772 39.958 199.070 198.032 30.653 97.391 44.376 176.554 41.284 30.549 199.744 41.017 40.713 192.068 37.529 31.717 46.834 19.901 0.000 58.642 197.733 175.935 25.684 26.900 200.221 20.152 177.275 36.562 12.668 39.701 58.411 79.954 11.562 200.413 201.871 25.691 78.854 60.743 30.823 52.155 61.287 36.748 60.651 198.686
54.558 210.064 210.064 94.708 186.447 211.580 27.963 46.523 212.349 31.361 46.621 23.118 212.944 211.625 100.419 210.977 34.202 94.823 96.245 33.769 48.536 25.387 46.406 57.445 188.773 58.778 54.320 56.382 97.161 48.979 212.497 60.298 211.482 34.504 211.780 210.742 49.740 99.936 28.713 189.264 34.117 58.456 212.454 28.576 25.460 204.779 47.138 45.595 26.336 55.785 56.637 0.000 210.443 188.645 43.078 45.679 212.931 54.329 189.985 33.028 58.480 53.330 8.617 98.245 58.204 213.123 214.581 48.298 97.756 15.840 49.601 23.422 14.083 30.850 12.018 211.397
195.093 14.135 14.135 167.737 70.575 18.947 203.705 205.759 14.392 203.781 202.422 205.534 22.015 12.573 169.837 6.485 204.432 171.324 171.580 202.480 202.351 204.114 202.327 198.043 74.227 198.882 196.654 197.571 172.496 202.548 21.011 199.558 26.173 201.189 13.973 19.950 202.749 169.907 203.153 70.949 201.779 198.739 20.914 203.541 204.731 27.744 205.805 203.222 204.245 197.305 197.684 209.494 0.000 80.642 200.541 201.081 21.986 196.658 73.536 203.980 198.504 206.771 209.391 169.999 198.380 17.667 42.941 201.380 169.291 210.427 202.825 206.610 210.669 204.870 210.386 11.457
173.149 79.230 79.230 145.792 5.995 78.890 181.760 183.814 80.621 181.837 180.478 183.590 81.959 78.992 147.892 77.533 182.487 149.379 149.635 180.535 180.407 182.169 180.382 176.099 6.958 176.937 174.710 175.626 150.551 180.603 80.955 177.613 78.671 179.245 79.342 77.006 180.805 147.962 181.208 18.113 179.834 176.794 80.858 181.597 182.786 63.588 183.860 181.277 182.301 175.361 175.739 187.549 76.332 0.000 178.596 179.137 81.930 174.713 14.007 182.036 176.559 184.826 187.446 148.055 176.436 82.363 85.642 179.435 147.346 188.482 180.880 184.666 188.724 182.925 188.441 78.478
21.124 200.350 200.350 82.486 176.733 201.866 38.189 28.643 202.635 29.169 21.135 34.789 203.230 201.911 100.318 201.263 25.904 78.995 82.196 31.358 20.976 39.109 20.921 24.012 179.059 37.613 28.895 29.300 84.257 20.273 202.784 32.806 201.768 34.121 202.067 201.028 21.871 100.388 35.262 179.550 35.687 37.291 202.740 33.285 32.981 195.065 28.746 22.935 39.405 30.359 24.470 43.441 200.729 178.931 0.000 17.817 203.217 28.903 180.271 28.830 25.047 30.919 43.210 86.695 24.770 203.409 204.867 21.668 85.595 45.542 22.041 39.836 46.086 29.016 45.450 201.683
25.563 202.323 202.323 86.925 178.706 203.839 46.058 27.136 204.608 37.038 18.877 42.658 205.203 203.884 102.291 203.236 33.774 83.434 86.635 39.227 20.070 46.979 17.627 28.451 181.032 38.254 33.334 33.739 88.696 14.827 204.757 36.232 203.741 41.990 204.039 203.001 18.647 102.361 43.132 181.523 43.557 38.074 204.713 41.155 40.851 197.038 28.798 22.644 47.275 34.799 28.909 51.311 202.702 180.904 17.817 0.000 205.190 33.342 182.244 36.699 29.486 31.789 51.080 90.504 29.209 205.382 206.840 26.108 90.015 53.411 17.503 47.706 44.440 36.886 46.099 203.656
197.582 9.710 9.710 170.225 76.173 15.975 206.193 208.247 12.387 206.270 204.911 208.023 14.378 18.883 172.325 20.030 206.920 173.812 174.068 204.969 204.840 206.602 204.815 200.532 79.826 201.370 199.143 200.059 174.984 205.036 7.693 202.046 20.342 203.678 20.283 21.978 205.237 172.395 205.641 76.547 204.267 201.227 7.605 206.030 207.219 33.343 208.293 205.710 206.734 199.794 200.172 211.982 21.986 86.240 203.029 203.570 0.000 199.146 79.134 206.469 200.992 209.259 211.879 172.488 200.869 13.242 44.969 203.868 171.779 212.915 205.313 209.099 213.157 207.358 212.874 16.280
17.441 197.155 197.155 75.298 173.538 198.671 45.170 42.040 199.440 41.529 34.532 49.287 200.035 198.716 97.123 198.068 38.264 71.806 75.007 42.415 34.373 46.091 34.318 21.372 175.864 30.424 9.245 13.898 77.068 34.815 199.589 31.944 198.573 39.511 198.872 197.833 35.268 97.193 43.929 176.355 40.837 30.102 199.545 44.803 47.479 191.870 42.143 36.331 46.387 11.970 20.095 58.196 197.534 175.736 30.299 31.515 200.022 0.000 177.076 41.190 22.407 44.316 57.965 79.506 22.130 200.214 201.672 30.786 78.406 60.295 35.438 51.708 60.840 41.377 60.204 198.488
174.943 77.533 77.533 147.587 7.448 77.193 183.555 185.609 78.924 183.631 182.272 185.384 80.262 77.294 149.687 75.836 184.282 151.174 151.430 182.330 182.201 183.964 182.177 177.893 15.657 178.732 176.504 177.421 152.346 182.398 79.258 179.408 76.973 181.039 77.645 75.308 182.599 149.757 183.003 13.295 181.629 178.589 79.161 183.391 184.581 61.891 185.655 183.072 184.095 177.155 177.534 189.344 74.635 14.007 180.391 180.931 80.233 176.508 0.000 183.830 178.353 186.621 189.241 149.849 178.230 80.666 83.946 181.229 149.141 190.277 182.675 186.460 190.519 184.720 190.236 76.781
33.142 204.052 204.052 88.695 180.434 205.567 26.319 35.205 206.337 12.840 35.303 24.375 206.931 205.612 94.056 204.964 14.945 87.323 90.233 19.073 33.925 27.240 35.088 36.029 182.760 45.250 40.792 42.854 91.149 34.367 206.485 46.770 205.470 22.252 205.768 204.730 34.820 93.572 23.393 183.252 23.818 44.928 206.442 22.871 22.567 198.766 35.820 34.277 27.536 42.257 36.487 33.028 204.430 182.632 28.466 31.067 206.918 40.800 183.973 0.000 37.064 42.013 32.797 92.233 36.787 207.111 208.568 33.686 91.744 35.128 34.990 29.423 35.672 13.122 35.036 205.384
9.930 198.382 198.382 78.057 174.765 199.897 47.929 37.185 200.667 36.661 29.678 42.281 201.261 199.942 98.349 199.294 33.397 74.566 77.767 38.850 29.518 48.850 29.463 10.293 177.091 33.184 20.772 22.143 79.827 29.961 200.815 28.453 199.800 42.270 200.098 199.060 30.414 98.419 42.755 177.582 43.596 32.862 200.772 40.778 40.474 193.096 37.289 31.477 49.146 22.213 12.668 50.934 198.760 176.962 25.445 26.661 201.249 22.464 178.303 36.322 0.000 39.462 50.703 82.266 6.083 201.441 202.899 25.452 81.166 53.034 30.584 54.467 53.578 36.509 52.942 199.714
36.196 207.049 207.049 91.693 183.432 208.565 46.454 19.980 209.334 38.836 31.787 43.054 209.929 208.610 102.977 207.961 37.445 91.808 93.230 41.652 26.160 47.375 31.573 39.083 185.758 46.705 43.966 44.372 94.146 26.594 209.482 44.683 208.467 42.386 208.765 207.727 25.613 102.494 43.528 186.249 43.953 46.525 209.439 41.551 41.247 201.763 26.826 30.761 47.671 45.431 39.542 46.901 207.427 185.629 36.455 29.730 209.916 43.975 186.970 40.152 40.119 0.000 46.670 95.230 39.841 210.108 211.566 36.740 94.741 48.416 26.000 48.102 44.800 37.974 46.459 208.381
54.327 209.961 209.961 94.605 186.344 211.477 27.731 46.291 212.247 31.130 46.390 22.887 212.841 211.522 100.317 210.874 33.971 94.720 96.143 33.538 48.305 25.156 46.175 57.215 188.670 58.547 54.089 56.151 97.059 48.748 212.395 60.067 211.379 34.273 211.678 210.639 49.509 99.833 28.482 189.162 33.886 58.225 212.351 28.345 25.229 204.676 46.907 45.364 26.105 55.554 56.406 8.617 210.340 188.542 42.847 45.448 212.828 54.098 189.883 32.797 58.249 53.099 0.000 98.142 57.973 213.021 214.478 48.067 97.654 16.760 49.370 22.255 18.673 30.619 16.230 211.294
81.019 169.529 169.529 19.709 145.912 171.045 92.953 95.007 171.814 93.030 91.671 94.783 172.408 171.089 42.290 170.441 93.680 23.311 20.680 91.729 91.600 93.362 91.575 83.907 148.238 85.794 80.781 82.843 20.701 91.797 171.962 87.314 170.947 90.438 171.245 170.207 91.998 42.448 92.401 148.729 91.027 85.472 171.919 92.790 93.980 164.243 95.053 92.470 93.494 82.246 83.098 98.742 169.907 148.109 89.526 90.330 172.395 80.790 149.450 93.229 84.942 96.019 98.639 0.000 84.665 172.588 174.045 90.628 14.260 99.676 92.073 95.859 99.917 94.118 99.635 170.861
8.352 198.259 198.259 77.780 174.641 199.774 47.652 37.725 200.544 37.201 30.217 42.820 201.138 199.819 98.226 199.171 33.936 74.289 77.489 39.390 30.058 48.574 30.003 9.187 176.967 32.907 20.495 21.866 79.550 30.500 200.692 31.312 199.677 41.993 199.975 198.937 30.953 98.296 43.294 177.459 43.319 32.585 200.649 41.317 41.013 192.973 37.828 32.017 48.869 21.936 11.562 51.473 198.637 176.839 25.984 27.200 201.125 22.187 178.180 36.862 6.083 40.001 51.242 81.989 0.000 201.318 202.775 25.991 80.889 53.573 31.123 54.190 54.118 37.048 53.482 199.591
197.774 0.532 0.532 170.418 76.606 20.734 206.385 208.440 7.242 206.462 205.103 208.215 19.400 13.052 172.518 15.338 207.112 174.005 174.261 205.161 205.032 206.795 205.008 200.724 80.258 201.563 199.335 200.251 175.177 205.229 10.047 202.238 14.948 203.870 14.452 22.411 205.430 172.588 205.834 76.981 204.459 201.420 11.440 206.222 207.412 33.776 208.486 205.903 206.926 199.986 200.365 212.174 17.667 86.673 203.222 203.762 13.242 199.339 79.567 206.661 201.184 209.451 212.072 172.680 201.061 0.000 45.402 204.060 171.971 213.108 205.505 209.291 213.350 207.550 213.067 10.713
199.232 42.269 42.269 171.875 79.885 39.852 207.843 209.897 43.660 207.920 206.561 209.673 44.998 44.019 173.975 42.890 208.570 175.462 175.718 206.618 206.490 208.252 206.465 202.182 83.538 203.020 200.793 201.709 176.634 206.686 43.994 203.696 35.738 205.328 44.369 38.722 206.887 174.045 207.291 80.260 205.917 202.877 43.897 207.680 208.869 51.409 209.943 207.360 208.384 201.444 201.822 213.632 42.941 89.952 204.679 205.220 44.969 200.796 82.847 208.119 202.642 210.909 213.529 174.137 202.519 45.402 0.000 205.518 173.429 214.565 206.963 210.749 214.807 209.008 214.524 43.505
24.115 201.680 201.680 85.477 178.062 203.195 44.610 36.115 203.965 35.590 28.607 41.210 204.559 203.240 101.647 202.592 32.326 81.986 85.187 37.779 28.447 45.531 28.392 27.003 180.388 40.604 31.886 32.291 87.247 28.890 204.113 32.366 203.098 40.542 203.396 202.358 29.343 101.717 41.684 180.880 42.109 34.209 204.070 39.706 39.403 196.394 36.218 30.406 45.827 33.350 27.461 49.863 202.058 180.260 24.374 25.590 204.546 31.894 181.601 35.251 26.582 38.391 49.632 89.686 27.761 204.739 206.196 0.000 88.586 51.963 29.513 46.258 52.507 35.438 51.871 203.012
79.919 168.820 168.820 18.608 145.203 170.336 92.464 94.518 171.105 92.541 91.182 94.294 171.700 170.381 40.696 169.733 93.191 22.210 22.786 91.240 91.111 92.873 91.086 82.806 147.529 84.693 79.681 81.743 22.370 91.308 171.253 86.214 170.238 89.885 170.537 169.498 91.509 40.853 91.912 148.020 90.538 84.371 171.210 92.301 93.491 163.535 94.564 91.981 93.005 81.146 81.998 98.253 169.199 147.401 88.426 89.642 171.687 79.689 148.741 92.740 83.842 95.530 98.151 14.260 83.564 171.879 173.337 90.139 0.000 99.187 91.584 95.370 99.428 93.629 99.146 170.153
56.658 210.997 210.997 95.641 187.380 212.513 30.063 48.622 213.283 33.461 48.721 25.218 213.877 212.558 101.353 211.910 36.303 95.756 97.179 35.870 50.636 27.487 48.506 59.546 189.706 60.878 56.420 58.482 98.095 51.079 213.431 62.398 212.415 36.604 212.714 211.675 51.841 100.869 30.813 190.198 36.217 60.556 213.388 30.676 27.560 205.712 49.238 47.695 28.436 57.885 58.737 15.840 211.376 189.578 45.178 47.779 213.864 56.429 190.919 35.128 60.581 55.430 16.760 99.178 60.304 214.057 215.514 50.398 98.690 0.000 51.702 25.522 17.445 32.950 14.875 212.330
27.381 203.131 203.131 87.775 179.514 204.647 47.545 25.879 205.416 39.928 22.938 44.146 206.011 204.692 103.099 204.044 35.592 85.253 88.453 41.045 9.798 48.467 22.723 30.269 181.840 43.870 35.152 35.558 90.228 6.112 205.565 40.569 204.549 43.478 204.848 203.809 18.422 103.169 44.619 182.331 45.044 43.548 205.521 42.642 42.338 197.846 26.892 24.737 48.762 36.617 30.727 47.992 203.510 181.712 22.950 17.503 205.998 35.160 183.052 38.517 31.304 26.502 47.761 91.312 31.027 206.190 207.648 27.925 90.823 49.507 0.000 49.193 45.892 39.065 47.551 204.464
49.469 207.803 207.803 92.446 184.185 209.318 22.416 41.618 210.088 26.456 41.716 20.556 210.682 209.363 98.158 208.715 29.298 92.561 93.984 28.865 43.632 20.400 41.501 52.357 186.511 53.689 49.231 51.293 94.900 44.075 210.236 55.210 209.221 29.599 209.519 208.481 44.836 97.674 23.809 187.003 29.213 53.367 210.193 23.672 20.556 202.517 42.234 40.690 21.350 50.696 51.548 21.980 208.181 186.383 38.174 40.775 210.669 49.240 187.724 28.123 53.392 48.426 21.749 95.983 53.115 210.862 212.319 43.393 95.495 24.080 44.697 0.000 24.624 25.946 23.988 209.135
57.202 211.239 211.239 95.883 187.622 212.755 30.205 39.629 213.524 33.603 39.727 25.361 214.119 212.800 101.595 212.152 36.445 95.998 97.420 36.012 44.631 28.031 39.512 60.090 189.948 61.422 56.964 59.026 98.336 45.965 213.673 62.942 212.657 36.747 212.956 211.917 42.847 101.111 30.956 190.439 36.360 61.100 213.629 30.818 27.703 205.954 40.244 38.701 28.980 58.429 59.281 14.083 211.618 189.820 45.321 42.551 214.106 56.973 191.160 35.270 61.125 46.436 18.673 99.420 60.848 214.299 215.756 50.540 98.931 17.445 46.587 26.066 0.000 33.092 8.200 212.572
33.008 203.703 203.703 88.347 180.086 205.219 25.597 33.027 205.988 5.978 33.125 22.197 206.583 205.264 93.708 204.616 18.490 86.539 89.740 20.583 33.790 26.518 32.910 35.895 182.412 44.466 40.008 42.070 90.800 34.233 206.137 45.986 205.121 21.529 205.420 204.381 36.245 93.224 22.670 182.903 18.887 44.144 206.093 19.803 20.389 198.418 33.642 32.099 26.814 41.473 36.353 30.850 204.082 182.284 28.332 30.933 206.570 40.016 183.624 13.122 36.930 39.835 30.619 91.884 36.653 206.762 208.220 33.552 91.395 32.950 34.856 27.245 33.494 0.000 32.858 205.036
56.566 210.957 210.957 95.600 187.339 212.472 29.971 41.288 213.242 33.369 41.386 25.126 213.836 212.517 101.312 211.869 36.211 95.715 97.138 35.777 46.290 27.395 41.171 59.454 189.665 60.786 56.328 58.390 98.054 50.987 213.390 62.306 212.375 36.512 212.673 211.635 44.506 100.828 30.721 190.157 36.125 60.464 213.347 30.584 27.468 205.671 41.903 40.360 28.344 57.793 58.645 12.018 211.335 189.537 45.086 44.210 213.823 56.337 190.878 35.036 60.489 48.096 16.230 99.138 60.212 214.016 215.473 50.306 98.649 14.875 51.610 25.430 8.200 32.858 0.000 212.289
196.047 7.182 7.182 168.691 72.721 19.180 204.658 206.713 7.438 204.735 203.376 206.488 18.793 7.107 170.791 9.128 205.385 172.278 172.534 203.434 203.305 205.068 203.281 198.997 76.373 199.836 197.608 198.525 173.450 203.502 15.012 200.511 18.905 202.143 8.507 20.514 203.703 170.861 204.107 73.095 202.732 199.693 14.643 204.495 205.685 29.890 206.759 204.176 205.199 198.259 198.638 210.447 11.457 82.787 201.495 202.035 16.280 197.612 75.682 204.934 199.457 207.725 210.345 170.953 199.334 10.713 43.505 202.333 170.245 211.381 203.779 207.564 211.623 205.823 211.340 0.000
0.0000 107.8807 107.8807 21.3635 90.1678 106.7675 10.3209 7.3597 107.3445 7.1850 4.8572 9.0583 107.7905 106.8012 30.6063 106.3150 6.0968 19.1998 20.2666 7.9147 4.8040 10.6280 4.7857 0.4448 89.6623 5.4057 1.3864 1.7255 20.9535 4.9516 107.4557 2.4748 106.6942 8.4346 106.9180 106.1392 5.1024 30.6588 9.9072 90.0308 8.8765 5.2983 107.4233 8.5571 8.4558 101.6666 7.3942 5.4570 10.7266 1.7489 0.2485 14.6628 105.9147 89.5662 3.4462 3.8515 107.7808 1.8324 90.5716 7.0720 0.8292 8.1185 14.5858 21.7664 0.6974 107.9252 109.0183 3.4484 21.3998 15.3628 5.1591 12.5002 15.5442 7.1342 15.3322 106.6300
108.0361 0.0000 0.0000 87.5189 21.4910 1.8670 112.2445 113.7853 0.3096 112.3021 111.2828 113.6168 1.4224 0.7948 86.8439 0.9853 112.7898 87.9590 88.1510 111.3263 111.2296 112.5516 111.2113 107.9987 21.7084 108.6277 106.9568 107.6442 88.8379 111.3772 0.5445 109.1344 0.9530 110.3582 0.9116 2.4259 111.5280 86.8965 111.8307 20.6158 110.8001 108.5203 0.6609 112.1221 113.0144 6.2141 113.8198 111.8826 112.6501 107.4451 107.7291 116.5864 1.1800 23.8465 109.8718 110.2771 0.8116 106.9597 21.4779 112.4513 108.3437 114.5441 116.5094 86.9656 108.2513 0.0444 10.0897 110.5007 86.4341 117.2864 111.5847 114.4238 117.4677 113.1184 117.2558 0.5993
108.0361 0.0000 0.0000 87.5189 21.4910 1.8670 112.2445 113.7853 0.3096 112.3021 111.2828 113.6168 1.4224 0.7948 86.8439 0.9853 112.7898 87.9590 88.1510 111.3263 111.2296 112.5516 111.2113 107.9987 21.7084 108.6277 106.9568 107.6442 88.8379 111.3772 0.5445 109.1344 0.9530 110.3582 0.9116 2.4259 111.5280 86.8965 111.8307 20.6158 110.8001 108.5203 0.6609 112.1221 113.0144 6.2141 113.8198 111.8826 112.6501 107.4451 107.7291 116.5864 1.1800 23.8465 109.8718 110.2771 0.8116 106.9597 21.4779 112.4513 108.3437 114.5441 116.5094 86.9656 108.2513 0.0444 10.0897 110.5007 86.4341 117.2864 111.5847 114.4238 117.4677 113.1184 117.2558 0.5993
22.8229 87.5675 87.5675 0.0000 69.8546 86.4544 27.0314 28.5722 87.0313 27.0889 26.0697 28.4037 87.4773 86.4880 9.7677 86.0018 27.5767 2.5867 2.7788 26.1131 26.0165 27.3384 25.9981 22.7855 69.3491 23.4145 21.7436 22.4310 3.1482 26.1640 87.1426 23.9212 86.3810 25.1450 86.6048 85.8260 26.3149 9.8203 26.6176 69.7176 25.5869 23.3071 87.1101 26.9090 27.8012 81.3534 28.6067 26.6694 27.4370 22.2319 22.5160 31.3732 85.6015 69.2530 24.6587 25.0640 87.4676 21.7465 70.2584 27.2382 23.1305 29.3310 31.2962 2.4328 23.0382 87.6120 88.7051 25.2876 2.0662 32.0733 26.3715 29.2106 32.2546 27.9052 32.0426 86.3168
90.2132 21.8574 21.8574 69.6960 0.0000 20.7442 94.4216 95.9624 21.3211 94.4791 93.4599 95.7939 21.7671 20.7779 69.0210 20.2917 94.9669 70.1360 70.3281 93.5033 93.4067 94.7286 93.3883 90.1757 0.4538 90.8047 89.1338 89.8212 71.0150 93.5542 21.4324 91.3114 20.6709 92.5352 20.8946 20.1158 93.7051 69.0735 94.0078 0.7939 92.9771 90.6973 21.3999 94.2992 95.1914 15.6432 95.9969 94.0596 94.8272 89.6221 89.9062 98.7634 19.8913 0.5009 92.0489 92.4542 21.7574 89.1367 0.6221 94.6284 90.5207 96.7212 98.6864 69.1426 90.4284 21.9018 22.9949 92.6778 68.6112 99.4635 93.7617 96.6008 99.6448 95.2954 99.4328 20.6066
106.9229 1.8670 1.8670 86.4058 20.3778 0.0000 111.1314 112.6721 1.2986 111.1889 110.1696 112.5037 0.2623 1.4502 85.7307 1.3158 111.6767 86.8458 87.0378 110.2131 110.1165 111.4384 110.0981 106.8855 20.5952 107.5145 105.8436 106.5310 87.7248 110.2640 1.3223 108.0212 2.3790 109.2450 1.5670 1.3127 110.4149 85.7833 110.7176 19.5026 109.6869 107.4071 1.1074 111.0090 111.9012 5.1009 112.7066 110.7694 111.5370 106.3319 106.6160 115.4732 1.3155 22.7334 108.7587 109.1640 1.0830 105.8465 20.3647 111.3382 107.2305 113.4310 115.3962 85.8524 107.1382 1.9114 8.2841 109.3876 85.3210 116.1733 110.4715 113.3106 116.3546 112.0052 116.1426 1.3513
9.7244 112.8366 112.8366 26.3193 95.1237 111.7234 0.0000 8.7566 112.3003 3.6238 8.7893 2.4700 112.7463 111.7570 28.0898 111.2709 4.3819 24.1557 25.2224 2.8145 9.5186 0.4279 8.7178 9.6870 94.6182 10.1312 8.6451 9.3325 25.9094 9.6662 112.4116 10.6379 111.6501 3.0594 111.8738 111.0950 9.8292 27.7271 1.1033 94.9867 2.9304 10.0238 112.3791 1.9718 1.8266 106.6224 8.9618 8.4473 0.4755 9.1334 9.4175 4.3209 110.8705 94.5220 7.6991 8.5661 112.7366 8.6480 95.5274 3.7730 10.0320 11.0259 4.2438 26.7223 9.9396 112.8810 113.9741 9.4390 26.3557 5.0209 9.8736 2.9052 5.2022 3.6231 4.9902 111.5858
6.6633 113.6347 113.6347 27.1175 95.9218 112.5215 8.6543 0.0000 113.0985 6.1151 4.1161 7.5210 113.5445 112.5552 32.9028 112.0690 5.6514 24.9538 26.0206 7.0536 2.3181 8.9614 4.0446 6.6259 95.4163 10.0682 8.2535 8.3888 26.7075 3.0164 113.2097 9.3942 112.4482 7.2985 112.6720 111.8932 2.0961 32.5400 7.6789 95.7848 7.8206 10.0083 113.1773 7.0198 6.9186 107.4206 1.4362 3.7741 9.0599 8.7418 6.7786 8.8033 111.6687 95.3201 5.7497 3.4686 113.5348 8.2564 96.3256 6.5536 6.9709 2.1298 8.7263 27.5204 6.8785 113.6791 114.7723 5.8448 27.1538 9.3082 2.8183 9.2037 8.1030 5.8276 8.6561 112.3840
107.4999 0.3096 0.3096 86.9827 20.9548 1.2986 111.7083 113.2491 0.0000 111.7659 110.7466 113.0806 1.2577 0.5662 86.3077 0.7567 112.2536 87.4227 87.6148 110.7901 110.6934 112.0153 110.6751 107.4624 21.1722 108.0914 106.4206 107.1080 88.3017 110.8410 0.6357 108.5982 1.1785 109.8219 0.6830 1.8897 110.9918 86.3602 111.2945 20.0795 110.2639 107.9840 0.6052 111.5859 112.4782 5.6779 113.2836 111.3464 112.1139 106.9089 107.1929 116.0502 0.9515 23.3103 109.3356 109.7409 0.7837 106.4234 20.9417 111.9151 107.8075 114.0079 115.9732 86.4294 107.7151 0.3541 9.5534 109.9645 85.8979 116.7502 111.0484 113.8876 116.9315 112.5821 116.7195 0.3708
7.1602 112.1941 112.1941 25.6768 94.4812 111.0809 3.1989 6.1792 111.6579 0.0000 6.2119 2.5692 112.1038 111.1146 27.4473 110.6284 1.4179 23.5132 24.5800 1.4888 6.4212 3.5059 6.1404 7.1227 93.9757 9.4887 8.0026 8.6900 25.2669 6.5688 111.7691 9.9954 111.0076 1.8430 111.2313 110.4526 7.2518 27.0846 2.2234 94.3442 1.3469 9.3813 111.7366 1.4210 1.9668 105.9800 6.3844 5.8699 3.6045 8.4909 7.2754 5.4536 110.2281 93.8795 4.6017 5.4687 112.0941 8.0055 94.8849 0.8211 7.4677 8.4485 5.3766 26.0798 7.3754 112.2385 113.3316 6.3416 25.7132 6.1536 6.7762 4.2519 6.3349 0.2491 6.1229 110.9433
5.8216 112.7930 112.7930 26.2757 95.0801 111.6798 8.7756 3.7079 112.2568 6.2364 0.0000 7.6423 112.7027 111.7135 33.0241 111.2273 5.7728 24.1121 25.1789 7.1749 1.9938 9.0827 0.1268 5.7841 94.5746 9.0518 7.4118 7.5471 25.8658 2.4385 112.3680 8.3778 111.6065 7.4198 111.8302 111.0515 0.9895 32.6613 7.8002 94.9431 7.9419 8.9919 112.3356 7.1411 7.0399 106.5789 1.5725 0.6848 9.1813 7.9001 5.9369 8.9246 110.8270 94.4784 4.9080 1.3256 112.6931 7.4147 95.4838 6.6749 6.1292 4.8086 8.8476 26.6787 6.0368 112.8374 113.9305 5.0030 26.3121 9.4295 2.6459 9.3250 8.2243 5.9489 8.7774 111.5422
9.0335 114.4276 114.4276 27.9103 96.7147 113.3144 2.4700 7.6232 113.8914 2.5692 7.6558 0.0000 114.3373 113.3481 29.6809 112.8619 3.5165 25.7467 26.8135 3.6249 8.2945 2.7770 7.5843 8.9960 96.2092 11.7222 10.2362 10.9236 27.5004 8.4421 114.0026 12.2290 113.2411 3.8698 113.4648 112.6861 8.6958 29.3181 2.1445 96.5777 3.5614 11.6149 113.9702 1.6409 0.9000 108.2135 7.8283 7.3139 2.8756 10.7245 9.1487 2.7060 112.4616 96.1130 6.4750 7.3420 114.3277 10.2390 97.1185 3.1249 9.3410 9.8924 2.6290 28.3133 9.2487 114.4720 115.5652 8.2149 27.9467 3.4060 8.6495 2.2850 3.5873 2.3989 3.3754 113.1769
107.9459 1.4224 1.4224 87.4287 21.4007 0.2623 112.1543 113.6951 1.2577 112.2118 111.1926 113.5266 0.0000 1.5786 86.7537 1.4786 112.6996 87.8687 88.0608 111.2360 111.1394 112.4613 111.1210 107.9084 21.6181 108.5374 106.8665 107.5539 88.7477 111.2870 1.1670 109.0441 2.2237 110.2679 1.6953 2.3357 111.4378 86.8062 111.7405 20.5255 110.7098 108.4300 1.0666 112.0319 112.9241 6.1239 113.7296 111.7923 112.5599 107.3548 107.6389 116.4961 2.3384 23.7563 109.7816 110.1869 0.9496 106.8694 21.3877 112.3611 108.2534 114.4539 116.4191 86.8753 108.1611 1.4668 9.9994 110.4105 86.3439 117.1962 111.4944 114.3335 117.3775 113.0281 117.1655 1.3199
106.9566 0.7948 0.7948 86.4394 20.4115 1.4502 111.1650 112.7058 0.5662 111.2226 110.2033 112.5373 1.5786 0.0000 85.7644 0.6049 111.7103 86.8794 87.0715 110.2468 110.1501 111.4720 110.1318 106.9191 20.6289 107.5481 105.8773 106.5647 87.7584 110.2977 1.2019 108.0549 1.4294 109.2786 0.1168 2.0092 110.4485 85.8170 110.7512 19.5363 109.7206 107.4408 1.1714 111.0426 111.9349 5.1346 112.7403 110.8031 111.5706 106.3656 106.6496 115.5069 0.7997 22.7670 108.7923 109.1976 1.3271 105.8801 20.3984 111.3718 107.2642 113.4646 115.4299 85.8861 107.1718 0.8392 9.6729 109.4212 85.3546 116.2069 110.5051 113.3443 116.3882 112.0388 116.1762 0.3432
30.6877 88.2402 88.2402 9.6602 70.5273 87.1270 28.7265 33.7272 87.7040 28.7840 33.9344 30.0988 88.1500 87.1607 0.0000 86.6745 29.2718 10.1002 10.2923 27.8082 33.8812 29.0335 33.8628 30.6502 70.0218 31.2792 29.6083 30.2957 10.9792 34.0288 87.8152 31.7859 87.0537 26.8401 87.2775 86.4987 34.1796 0.3627 28.3127 70.3903 27.2820 31.1718 87.7828 28.6041 29.4964 82.0261 33.9323 33.4179 29.1321 30.0967 30.3807 33.3003 86.2742 69.9257 32.5234 32.9287 88.1403 29.6112 70.9311 28.9333 30.9952 35.9965 33.2232 9.1068 30.9029 88.2847 89.3778 33.1523 8.5754 34.0003 34.2362 31.1377 34.1816 29.6003 33.9696 86.9895
106.4704 0.9853 0.9853 85.9533 19.9253 1.3158 110.6788 112.2196 0.7567 110.7364 109.7171 112.0511 1.4786 0.6049 85.2782 0.0000 111.2242 86.3933 86.5853 109.7606 109.6639 110.9859 109.6456 106.4330 20.1427 107.0620 105.3911 106.0785 87.2722 109.8115 1.3159 107.5687 1.7396 108.7925 0.7217 1.6330 109.9624 85.3308 110.2651 19.0501 109.2344 106.9546 1.2854 110.5565 111.4487 4.6484 112.2541 110.3169 111.0845 105.8794 106.1634 115.0207 0.2910 22.2809 108.3061 108.7114 1.4225 105.3940 19.9122 110.8856 106.7780 112.9784 114.9437 85.3999 106.6856 1.0297 9.2968 108.9350 84.8684 115.7207 110.0190 112.8581 115.9021 111.5527 115.6901 0.5115
6.0720 112.1664 112.1664 25.6491 94.4535 111.0532 4.3819 7.1265 111.6301 1.4179 5.3862 3.5165 112.0761 111.0869 28.2294 110.6007 0.0000 23.4855 24.5522 1.9666 5.3330 4.6890 5.3147 6.0346 93.9480 9.4610 7.6622 7.7975 25.2392 5.4806 111.7414 9.9677 110.9799 3.0261 111.2036 110.4248 5.6314 27.8667 3.4065 94.3165 3.5482 9.3536 111.7089 3.0153 2.9140 105.9522 7.3317 6.8172 4.7876 8.1505 6.1873 6.4008 110.2003 93.8518 3.5135 4.3805 112.0664 7.6651 94.8572 0.9974 6.3796 9.3958 6.3238 26.0521 6.2872 112.2108 113.3039 5.2535 25.6855 7.1009 5.6881 5.1991 7.2822 1.2942 7.0702 110.9156
20.4462 87.8921 87.8921 2.3545 70.1792 86.7789 24.6546 26.1954 87.3559 24.7122 23.6929 26.0269 87.8019 86.8126 10.0923 86.3264 25.1999 0.0000 1.0069 23.7364 23.6397 24.9616 23.6214 20.4087 69.6737 21.0377 19.3669 20.0543 2.0303 23.7873 87.4671 21.5445 86.7056 22.7682 86.9294 86.1506 23.9381 10.1448 24.2408 70.0422 23.2102 20.9303 87.4347 24.5322 25.4245 81.6780 26.2299 24.2927 25.0602 19.8552 20.1392 28.9965 85.9261 69.5776 22.2819 22.6872 87.7922 19.3697 70.5830 24.8614 20.7538 26.9542 28.9195 2.7574 20.6614 87.9365 89.0297 22.9108 2.3908 29.6965 23.9947 26.8339 29.8778 25.5284 29.6658 86.6414
21.5107 88.0842 88.0842 2.5466 70.3714 86.9711 25.7191 27.2599 87.5480 25.7767 24.7574 27.0915 87.9940 87.0047 10.2844 86.5186 26.2645 1.0069 0.0000 24.8009 24.7042 26.0262 24.6859 21.4733 69.8658 22.1023 20.4314 21.1188 0.7025 24.8518 87.6593 22.6090 86.8978 23.8328 87.1215 86.3427 25.0027 10.3370 25.3054 70.2344 24.2747 21.9949 87.6268 25.5968 26.4890 81.8701 27.2944 25.3572 26.1248 20.9197 21.2037 30.0610 86.1182 69.7697 23.3464 23.7517 87.9843 20.4343 70.7751 25.9259 21.8183 28.0188 29.9840 1.8988 21.7259 88.1287 89.2218 23.9754 2.5830 30.7610 25.0593 27.8984 30.9424 26.5930 30.7304 86.8335
8.4005 111.5126 111.5126 24.9953 93.7997 110.3994 2.8145 7.2350 110.9764 1.4888 7.2677 3.6066 111.4223 110.4331 26.7658 109.9469 1.9666 22.8317 23.8985 0.0000 7.1509 3.1215 7.1961 8.3630 93.2942 8.8072 7.3211 8.0085 24.5854 7.2985 111.0876 9.3139 110.3261 0.8302 110.5498 109.7711 8.3076 26.4031 1.8390 93.6627 0.8309 8.6998 111.0552 2.1304 3.0042 105.2985 7.4402 6.9257 3.2201 7.8094 8.0935 6.2564 109.5466 93.1980 5.3314 6.1984 111.4127 7.3240 94.2034 1.4868 8.7080 9.5043 6.1794 25.3983 8.6157 111.5570 112.6501 7.0713 25.0317 6.9565 7.5059 5.0548 7.1378 1.4685 6.9258 110.2618
4.7876 111.7590 111.7590 25.2417 94.0461 110.6458 10.6193 3.0095 111.2227 7.6127 2.2909 9.4860 111.6687 110.6794 34.4845 110.1933 6.5245 23.0781 24.1448 8.3424 0.0000 10.9263 2.2193 4.7501 93.5406 9.2839 6.3778 6.5130 24.8318 0.6601 111.3340 8.1837 110.5725 9.2634 110.7962 110.0174 0.7726 34.5371 9.6438 93.9091 9.7855 9.1766 111.3015 8.9848 8.8835 105.5448 1.4794 1.4939 11.0249 6.8661 4.9028 12.3703 109.7929 93.4444 1.8874 1.4246 111.6590 6.3806 94.4498 7.4997 5.0952 4.1471 12.2933 25.6447 5.0028 111.8034 112.8965 3.9690 25.2781 13.0703 0.5677 11.1686 10.1560 7.5619 10.7091 110.5082
10.0315 113.1436 113.1436 26.6263 95.4307 112.0304 0.4279 9.0636 112.6074 3.9308 9.0963 2.7770 113.0533 112.0641 28.3969 111.5779 4.6890 24.4627 25.5295 3.1215 9.8256 0.0000 9.0248 9.9940 94.9252 10.4382 8.9522 9.6395 26.2164 9.9732 112.7186 10.9450 111.9571 3.3664 112.1808 111.4021 10.1363 28.0341 1.4027 95.2937 3.2375 10.3308 112.6862 2.2789 2.1336 106.9295 9.2688 8.7543 0.3561 9.4405 9.7245 3.5487 111.1776 94.8290 8.0061 8.8731 113.0437 8.9550 95.8344 4.0801 10.3391 11.3329 3.4717 27.0293 10.2467 113.1880 114.2811 9.7461 26.6627 4.2488 10.1807 2.2333 4.4301 3.9301 4.2181 111.8929
5.7501 112.7214 112.7214 26.2042 95.0086 111.6083 8.7041 3.6364 112.1852 6.1649 0.1268 7.5708 112.6312 111.6419 32.9525 111.1557 5.7012 24.0406 25.1073 7.1034 1.9223 9.0111 0.0000 5.7126 94.5030 8.9803 7.3403 7.4755 25.7942 2.3669 112.2965 8.3063 111.5350 7.3482 111.7587 110.9799 0.9131 32.5898 7.7286 94.8716 7.8703 8.9204 112.2640 7.0696 6.9684 106.5073 1.5100 0.6222 9.1097 7.8286 5.8653 8.8531 110.7554 94.4069 2.2067 1.2210 112.6215 7.3431 95.4123 6.6034 6.0576 4.7370 8.7761 26.6071 5.9653 112.7659 113.8590 4.9315 26.2405 9.3579 2.5744 9.2535 8.1528 5.8774 8.7059 111.4707
0.4448 108.1913 108.1913 21.6740 90.4784 107.0781 10.6315 7.3223 107.6550 7.1475 4.8198 9.0208 108.1010 107.1117 30.9168 106.6256 6.0594 19.5104 20.5771 7.8772 4.7666 10.9385 4.7482 0.0000 89.9729 5.7162 1.5790 2.0360 21.2641 4.9142 107.7663 2.5235 107.0048 8.7451 107.2285 106.4497 5.0650 30.9694 9.1786 90.3414 9.1870 5.6089 107.7338 8.5196 8.4184 101.9771 7.3568 5.4195 11.0371 2.0594 0.4765 11.9051 106.2252 89.8767 3.4088 3.8141 108.0913 2.1430 90.8821 7.0345 0.6097 8.0811 11.8281 22.0770 0.5173 108.2357 109.3288 3.4110 21.7104 12.6052 5.1216 12.8107 12.7865 7.0967 12.5745 106.9405
89.7076 22.0748 22.0748 69.1905 0.4538 20.9616 93.9161 95.4568 21.5386 93.9736 92.9543 95.2884 21.9845 20.9953 68.5155 20.5091 94.4614 69.6305 69.8226 92.9978 92.9012 94.2231 92.8828 89.6702 0.0000 90.2992 88.6283 89.3157 70.5095 93.0487 21.6498 90.8059 20.8883 92.0297 21.1120 20.3333 93.1996 68.5680 93.5023 1.0618 92.4716 90.1918 21.6174 93.7937 94.6859 15.8607 95.4913 93.5541 94.3217 89.1166 89.4007 98.2579 20.1088 0.3302 91.5434 91.9487 21.9749 88.6312 1.0575 94.1229 90.0152 96.2157 98.1809 68.6371 89.9229 22.1192 23.2124 92.1723 68.1057 98.9580 93.2562 96.0953 99.1393 94.7899 98.9273 20.8241
8.8985 115.4355 115.4355 28.9182 97.7226 114.3223 17.5633 10.3270 114.8993 15.0100 8.7293 16.4159 115.3452 114.3560 38.1611 113.8698 12.0061 26.7546 27.8214 16.6451 8.3179 17.8704 8.6577 8.8611 97.2171 0.0000 3.8126 3.5670 28.5083 8.2029 115.0105 1.7553 114.2490 15.6770 114.4727 113.6940 9.3737 36.8906 17.1496 97.5856 16.1189 1.4437 114.9781 17.4410 15.8135 109.2214 10.8809 9.3291 17.9690 3.7234 9.0138 21.9052 113.4695 97.1209 9.3555 7.7236 115.3356 12.5370 98.1264 12.9813 9.2061 10.5348 21.8282 29.3212 9.1137 115.4799 116.5731 9.3578 28.9546 22.6052 8.0049 19.7426 16.9979 14.7225 22.5746 114.1848
1.3864 107.5218 107.5218 21.0045 89.8089 106.4086 9.9620 8.6092 106.9856 8.4345 6.1067 11.3343 107.4315 106.4423 30.2473 105.9561 7.3463 18.8409 19.9077 9.0437 6.0536 10.2690 6.0352 1.5601 89.3034 5.0468 0.0000 0.5306 20.5946 6.2011 107.0968 2.3917 106.3353 8.0756 106.5590 105.7802 6.3520 30.2999 9.5482 89.6719 8.5175 4.9394 107.0643 9.8396 10.7319 101.3077 8.6438 6.7065 10.3676 0.5370 1.1576 14.3038 105.5557 89.2072 4.6958 5.1011 107.4219 0.5217 90.2126 8.3215 1.9051 9.3681 14.2268 21.4075 1.8127 107.5662 108.6593 4.6980 21.0409 15.0039 6.4086 12.1413 15.1852 8.3837 14.9732 106.2710
1.7066 108.2092 108.2092 21.6919 90.4963 107.0960 10.6494 9.0663 107.6729 8.8915 6.5638 12.0217 108.1189 107.1297 30.9347 106.6435 7.8034 19.5283 20.5951 9.7311 6.5106 10.9564 6.4922 2.0171 89.9908 5.7342 0.5306 0.0000 21.2820 6.6582 107.7842 2.3507 107.0227 8.7630 107.2464 106.4676 6.8090 30.9873 10.2356 90.3593 9.2049 2.1432 107.7517 10.5270 11.4193 101.9951 9.1008 7.1636 11.0550 0.1779 1.5913 14.9912 106.2431 89.8946 5.1528 5.5581 108.1092 0.9096 90.9000 8.7786 2.3621 9.8251 14.9142 22.0949 2.2698 108.2536 109.3467 5.1550 21.7283 15.6913 6.8656 12.8286 15.8726 8.8407 15.6606 106.9584
22.1977 88.4477 88.4477 3.2834 70.7348 87.3345 26.4061 27.9469 87.9114 26.4636 25.4444 27.7784 88.3574 87.3682 10.6479 86.8820 26.9514 2.0113 0.7025 25.4878 25.3912 26.7131 25.3728 22.1602 70.2293 22.7892 21.1183 21.8057 0.0000 25.5388 88.0227 23.2959 87.2612 24.5197 87.4849 86.7062 25.6896 10.7004 25.9923 70.5978 24.9616 22.6818 87.9902 26.2837 27.1759 82.2336 27.9814 26.0441 26.8117 21.6066 21.8907 30.7479 86.4816 70.1331 24.0334 24.4387 88.3478 21.1212 71.1385 26.6129 22.5052 28.7057 30.6709 1.9314 22.4129 88.4921 89.5852 24.6623 2.9464 31.4480 25.7462 28.5853 31.6293 27.2799 31.4173 87.1969
4.9196 111.8910 111.8910 25.3737 94.1781 110.7778 10.7513 3.8244 111.3547 7.7447 2.4385 9.6180 111.8007 110.8115 34.6165 110.3253 6.6565 23.2101 24.2768 8.4744 0.6601 11.0583 2.3669 4.8821 93.6726 9.4160 6.5098 6.6450 24.9638 0.0000 111.4660 8.3157 110.7045 9.3954 110.9282 110.1494 1.1646 34.6691 9.7758 94.0411 9.9175 9.3086 111.4335 9.1168 9.0155 105.6769 2.0456 3.0382 11.1569 6.9981 5.0348 11.0039 109.9249 93.5764 1.4415 0.9875 111.7910 6.5126 94.5818 7.6317 5.2272 4.0322 10.9269 25.7767 5.1348 111.9354 113.0285 4.1010 25.4101 11.5088 0.2597 11.3006 10.3036 7.6939 10.8567 110.6402
107.6111 0.5445 0.5445 87.0940 21.0660 1.3223 111.8195 113.3603 0.6357 111.8771 110.8578 113.1919 1.1670 1.2019 86.4189 1.3159 112.3649 87.5340 87.7260 110.9013 110.8046 112.1266 110.7863 107.5737 21.2834 108.2027 106.5318 107.2192 88.4130 110.9522 0.0000 108.7094 1.1602 109.9332 1.3187 2.0009 111.1031 86.4715 111.4058 20.1908 110.3751 108.0953 0.2416 111.6972 112.5894 5.7891 113.3948 111.4576 112.2252 107.0201 107.3042 116.1614 2.0037 23.4216 109.4469 109.8521 0.3923 106.5347 21.0529 112.0264 107.9187 114.1192 116.0844 86.5406 107.8264 0.5889 9.6647 110.0758 86.0092 116.8615 111.1597 113.9988 117.0428 112.6934 116.8308 1.0027
5.7963 109.4136 109.4136 22.8964 91.7007 108.3004 11.5414 9.3353 108.8774 11.5990 7.7375 12.9138 109.3234 108.3341 32.1392 107.8479 8.9039 20.7327 21.7995 10.6232 7.3261 11.8485 7.6660 5.7589 91.1952 1.1934 2.3917 2.3507 22.4864 7.2112 108.9886 0.0000 108.2271 9.6551 108.4509 107.6721 8.3820 30.8687 11.1277 91.5637 10.0970 0.6270 108.9562 11.4191 12.3113 103.1995 9.8891 8.3373 11.9471 2.4916 2.2570 15.8833 107.4476 91.0991 6.2533 6.7319 109.3137 6.5151 92.1045 9.8791 2.1189 9.5431 15.8063 23.2993 2.3577 109.4580 110.5512 6.2556 22.9327 16.5834 7.0131 13.7207 16.7647 9.9413 16.5527 108.1629
106.8496 0.9530 0.9530 86.3324 20.3045 2.3790 111.0580 112.5988 1.1785 111.1156 110.0963 112.4304 2.2237 1.4294 85.6574 1.7396 111.6034 86.7725 86.9645 110.1398 110.0431 111.3651 110.0248 106.8122 20.5219 107.4412 105.7703 106.4577 87.6514 110.1907 1.1602 107.9479 0.0000 109.1717 1.5462 3.0209 110.3416 85.7100 110.6443 19.4293 109.6136 107.3338 1.2981 110.9356 111.8279 5.0276 112.6333 110.6961 111.4637 106.2586 106.5426 115.3999 1.9344 22.6601 108.6853 109.0906 1.4488 105.7732 20.2914 111.2648 107.1572 113.3576 115.3229 85.7791 107.0648 0.9974 6.9126 109.3142 85.2477 116.0999 110.3982 113.2373 116.2813 111.9319 116.0693 1.3275
7.5273 110.6394 110.6394 24.1221 92.9265 109.5262 3.3367 8.3330 110.1032 1.9285 8.3657 4.9277 110.5491 109.5599 25.8926 109.0737 2.6866 21.9585 23.0253 0.8302 7.8709 3.6437 8.2941 7.4898 92.4210 7.9340 6.4479 7.1353 23.7122 8.0185 110.2144 8.4407 109.4529 0.0000 109.6766 108.8979 9.4056 25.5299 2.7668 92.7895 0.8680 7.8266 110.1820 3.0582 4.1022 104.4253 8.5381 8.0237 3.7423 6.9362 7.2203 6.7786 108.6734 92.3248 6.0514 6.9184 110.5395 6.4508 93.3302 2.0777 7.8348 10.6023 6.7016 24.5251 7.7425 110.6838 111.7769 7.7913 24.1585 7.4787 8.2259 5.5770 7.6600 2.6278 7.4480 109.3886
107.0734 0.9116 0.9116 86.5562 20.5282 1.5670 111.2818 112.8226 0.6830 111.3393 110.3201 112.6541 1.6953 0.1168 85.8812 0.7217 111.8271 86.9962 87.1883 110.3635 110.2669 111.5888 110.2485 107.0359 20.7456 107.6649 105.9940 106.6814 87.8752 110.4145 1.3187 108.1716 1.5462 109.3954 0.0000 2.1259 110.5653 85.9337 110.8680 19.6530 109.8373 107.5575 1.2882 111.1594 112.0516 5.2514 112.8571 110.9198 111.6874 106.4823 106.7664 115.6236 0.9164 22.8838 108.9091 109.3144 1.4438 105.9969 20.5152 111.4886 107.3809 113.5814 115.5466 86.0028 107.2886 0.9560 9.7896 109.5380 85.4714 116.3237 110.6219 113.4610 116.5050 112.1556 116.2930 0.4600
106.2946 2.4259 2.4259 85.7774 19.7494 1.3127 110.5030 112.0438 1.8897 110.5606 109.5413 111.8753 2.3357 2.0092 85.1024 1.6330 111.0483 86.2174 86.4095 109.5848 109.4881 110.8100 109.4698 106.2571 19.9669 106.8861 105.2153 105.9027 87.0964 109.6357 2.0009 107.3929 3.0209 108.6166 2.1259 0.0000 109.7865 85.1549 110.0892 18.8742 109.0586 106.7787 1.9685 110.3806 111.2729 4.4726 112.0783 110.1411 110.9086 105.7036 105.9876 114.8449 1.6499 22.1050 108.1303 108.5356 2.3260 105.2181 19.7364 110.7098 106.6022 112.8026 114.7679 85.2241 106.5098 2.4704 7.9075 108.7592 84.6926 115.5449 109.8431 112.6823 115.7262 111.3768 115.5142 1.8379
5.0914 112.0628 112.0628 25.5455 94.3499 110.9496 9.9641 2.6507 111.5266 7.4249 0.9895 8.8308 111.9725 110.9833 34.7883 110.4971 6.8283 23.3819 24.4487 8.3634 0.7726 10.2711 0.9131 5.0539 93.8444 9.5878 6.6816 6.8169 25.1356 1.1646 111.6378 8.4875 110.8763 8.6082 111.1000 110.3213 0.0000 34.8409 8.9886 94.2129 9.1303 9.4804 111.6054 8.3296 8.2284 105.8487 1.1411 0.8823 10.3697 7.1699 5.2067 10.1131 110.0968 93.7482 1.9449 1.3067 111.9629 6.6845 94.7536 7.8035 5.3990 3.7513 10.0361 25.9485 5.3066 112.1072 113.2003 4.2728 25.5819 10.6179 1.2875 10.5134 9.4128 7.1374 9.9658 110.8120
30.7402 88.2928 88.2928 9.7128 70.5799 87.1796 28.3637 33.3644 87.7565 28.4213 33.3971 29.7360 88.2025 87.2133 0.3627 86.7271 28.9091 10.1528 10.3448 27.4455 33.9337 28.6708 33.3256 30.7028 70.0744 31.2805 29.6609 30.3483 11.0318 34.0813 87.8678 31.7872 87.1063 26.4774 87.3300 86.5512 34.2321 0.0000 27.9500 70.4429 26.9193 31.1731 87.8353 28.2413 29.1336 82.0787 33.5696 33.0551 28.7694 30.1492 30.4332 32.9375 86.3267 69.9782 32.5759 32.9812 88.1928 29.6638 70.9836 28.5705 31.0478 35.6337 32.8605 9.1594 30.9554 88.3372 89.4303 33.2048 8.6280 33.6376 34.2888 30.7749 33.8189 29.2376 33.6069 87.0420
9.2966 112.4088 112.4088 25.8915 94.6959 111.2956 1.1033 7.7811 111.8725 2.6483 7.8138 2.1445 112.3185 111.3293 27.6620 110.8431 3.4065 23.7279 24.7946 1.8390 9.4485 1.4027 7.7423 9.2592 94.1904 9.7034 8.2173 8.9047 25.4816 8.7383 111.9838 10.2101 111.2223 2.0839 111.4460 110.6672 8.8538 27.2993 0.0000 94.5589 1.2194 9.5960 111.9513 1.0074 1.2662 106.1947 7.9863 7.4718 1.5347 8.7056 8.9897 4.5710 110.4427 94.0942 6.7712 7.6383 112.3088 8.2202 95.0996 2.7976 9.6042 10.0504 4.4940 26.2945 9.5119 112.4532 113.5463 8.5112 25.9279 5.2710 8.9458 3.3693 5.4523 2.5562 5.2403 111.1580
90.0953 20.9822 20.9822 69.5782 0.7939 19.8690 94.3037 95.8445 20.4459 94.3613 93.3420 95.6761 20.8919 19.9027 68.9031 19.4165 94.8491 70.0182 70.2102 93.3855 93.2888 94.6108 93.2705 90.0579 1.0618 90.6869 89.0160 89.7034 70.8972 93.4364 20.5572 91.1936 19.7957 92.4174 20.0194 19.2406 93.5873 68.9557 93.8900 0.0000 92.8593 90.5795 20.5247 94.1814 95.0736 14.7680 95.8790 93.9418 94.7094 89.5043 89.7884 98.6456 19.0161 1.2621 91.9311 92.3363 20.8822 89.0189 0.8588 94.5106 90.4029 96.6034 98.5686 69.0248 90.3106 21.0266 22.1197 92.5600 68.4934 99.3457 93.6439 96.4830 99.5270 95.1776 99.3150 19.7314
8.3460 111.4581 111.4581 24.9408 93.7452 110.3449 2.4849 6.9311 110.9219 1.3469 6.9638 3.2946 111.3678 110.3786 26.7114 109.8924 2.7390 22.7772 23.8440 0.8309 8.5984 2.7920 6.8922 8.3085 93.2397 8.7527 7.2667 7.9540 24.5309 8.0708 111.0331 9.2595 110.2716 0.8680 110.4953 109.7166 8.0037 26.3486 1.2194 93.6082 0.0000 8.6453 111.0007 1.2743 2.6921 105.2440 7.1363 6.6218 2.8906 7.7550 8.0390 5.9269 109.4921 93.1435 6.1037 7.9052 111.3582 7.2695 94.1489 2.1300 8.6536 9.2004 5.8499 25.3438 8.5612 111.5025 112.5956 7.8437 24.9772 6.6269 8.2783 4.7252 6.8082 1.3265 6.5962 110.2074
6.9775 108.7995 108.7995 22.2822 91.0866 107.6863 10.9273 9.9494 108.2633 10.9849 8.3517 12.2997 108.7092 107.7200 31.5251 107.2338 11.4727 20.1186 21.1854 10.0091 7.9402 11.2344 8.2801 6.9400 90.5811 1.4437 2.3887 2.1432 21.8723 7.8253 108.3745 0.6270 107.6130 9.0410 107.8367 107.0580 8.9961 30.2546 10.5136 90.9496 9.4829 0.0000 108.3421 10.8050 11.6972 102.5854 10.5032 8.9514 11.3330 2.2996 2.5316 15.2692 106.8335 90.4849 6.8675 7.3460 108.6996 5.9010 91.4904 11.1341 2.7419 10.1572 15.1922 22.6852 7.1927 108.8439 109.9371 6.8697 22.3186 15.9692 7.6272 13.1066 16.1506 11.8012 15.9386 107.5488
107.5787 0.6609 0.6609 87.0615 21.0335 1.1074 111.7871 113.3279 0.6052 111.8447 110.8254 113.1594 1.0666 1.1714 86.3865 1.2854 112.3324 87.5015 87.6936 110.8689 110.7722 112.0941 110.7539 107.5412 21.2510 108.1702 106.4994 107.1868 88.3805 110.9198 0.2416 108.6769 1.2981 109.9007 1.2882 1.9685 111.0706 86.4390 111.3733 20.1583 110.3426 108.0628 0.0000 111.6647 112.5570 5.7567 113.3624 111.4252 112.1927 106.9877 107.2717 116.1290 1.9712 23.3891 109.4144 109.8197 0.3849 106.5022 21.0205 111.9939 107.8863 114.0867 116.0519 86.5082 107.7939 0.7053 9.6322 110.0433 85.9767 116.8290 111.1272 113.9664 117.0103 112.6609 116.7983 0.9722
8.5323 112.7002 112.7002 26.1829 94.9873 111.5870 1.9718 7.1220 112.1639 1.4210 7.1546 1.6409 112.6099 111.6206 27.9534 111.1345 3.0153 24.0193 25.0860 2.1304 7.7933 2.2789 7.0831 8.4948 94.4818 9.9948 8.5087 9.1961 25.7730 7.9409 112.2752 10.5015 111.5137 2.3753 111.7374 110.9586 8.1946 27.5907 1.0074 94.8503 1.2743 9.8874 112.2427 0.0000 1.0025 106.4860 7.3271 6.8127 2.3775 8.9970 8.6475 4.5253 110.7341 94.3856 5.9738 6.8408 112.6002 8.5116 95.3910 2.6237 8.8398 9.3912 4.4483 26.5859 8.7475 112.7446 113.8377 7.7137 26.2193 5.2253 8.1483 3.3236 5.4066 1.4006 5.1946 111.4494
8.4310 113.7842 113.7842 27.2669 96.0713 112.6710 1.8266 7.0207 113.2480 1.9668 7.0534 0.9000 113.6940 112.7047 29.0375 112.2185 2.9140 25.1033 26.1701 3.0225 7.6920 2.1336 6.9819 8.3936 95.5658 11.0788 9.5928 10.2802 26.8570 7.8396 113.3592 11.5856 112.5977 3.2673 112.8215 112.0427 8.0933 28.6747 1.2662 95.9343 2.9589 10.9715 113.3268 1.0025 0.0000 107.5701 7.2259 6.7114 2.2322 10.0811 8.5463 3.4868 111.8182 95.4696 5.8725 6.7395 113.6843 9.5956 96.4751 2.5225 8.7386 9.2900 3.4098 27.6699 8.6462 113.8286 114.9218 7.6125 27.3033 4.1868 8.0471 2.2851 4.3681 1.7965 4.1561 112.5335
101.8220 6.2141 6.2141 81.3048 15.2769 5.1009 106.0304 107.5712 5.6779 106.0880 105.0687 107.4027 6.1239 5.1346 80.6298 4.6484 106.5757 81.7448 81.9369 105.1122 105.0155 106.3374 104.9972 101.7845 15.4943 102.4135 100.7427 101.4301 82.6238 105.1631 5.7891 102.9203 5.0276 104.1440 5.2514 4.4726 105.3139 80.6823 105.6166 14.4016 104.5860 102.3061 5.7567 105.9080 106.8003 0.0000 107.6057 105.6685 106.4360 101.2310 101.5150 110.3723 4.2481 17.6324 103.6577 104.0630 6.1142 100.7455 15.2638 106.2372 102.1296 108.3300 110.2953 80.7515 102.0372 6.2586 12.1363 104.2866 80.2200 111.0723 105.3705 108.2097 111.2536 106.9042 111.0416 4.9634
7.7968 114.7682 114.7682 28.2509 97.0553 113.6550 8.2733 1.4362 114.2320 5.7341 1.5725 7.1400 114.6779 113.6887 32.5218 113.2025 5.2704 26.0873 27.1541 6.6726 1.4794 8.5804 1.5100 7.7594 96.5498 11.0270 9.3870 9.5223 27.8410 2.0456 114.3432 10.3530 113.5817 6.9175 113.8054 113.0267 1.1411 32.1590 7.2979 96.9183 7.4396 10.9671 114.3108 6.6388 6.5376 108.5541 0.0000 1.0702 8.6789 9.8753 7.9121 8.4223 112.8022 96.4536 6.8832 3.2758 114.6683 9.3899 97.4591 6.1726 8.1044 4.2216 8.3453 28.6539 8.0120 114.8126 115.9058 6.9783 28.2873 8.9272 1.9943 8.8227 7.7220 5.4466 8.2751 113.5175
6.4214 113.3927 113.3927 26.8755 95.6799 112.2796 8.4337 4.3077 112.8565 5.8944 0.6848 7.3004 113.3025 112.3132 32.6821 111.8271 5.4308 24.7119 25.7786 6.8329 1.4939 8.7407 0.6222 6.3839 95.1744 9.6516 8.0116 8.1468 26.4656 3.0382 112.9678 8.9776 112.2063 7.0778 112.4300 111.6512 0.8823 32.3193 7.4582 95.5429 7.5999 9.5917 112.9353 6.7992 6.6979 107.1786 1.0702 0.0000 8.8393 8.4999 6.5366 8.5826 111.4267 95.0782 5.5077 1.9004 113.2928 8.0144 96.0836 6.3329 6.7289 5.3735 8.5056 27.2785 6.6366 113.4372 114.5303 5.6028 26.9119 9.0875 3.2457 8.9830 7.8823 5.6069 8.4354 112.1420
10.1301 113.2422 113.2422 26.7249 95.5293 112.1290 0.4755 9.1622 112.7060 4.0294 9.1949 2.8756 113.1519 112.1627 28.4955 111.6765 4.7876 24.5613 25.6281 3.2201 9.9242 0.3561 9.1234 10.0926 95.0238 10.5368 9.0507 9.7381 26.3150 10.0718 112.8172 11.0435 112.0557 3.4650 112.2794 111.5007 10.2349 28.1327 1.5347 95.3923 3.3361 10.4294 112.7848 2.3775 2.2322 107.0281 9.3674 8.8529 0.0000 9.5390 9.8231 3.8652 111.2762 94.9276 8.1047 8.9717 113.1423 9.0536 95.9330 4.1787 10.4376 11.4315 3.7882 27.1279 10.3453 113.2866 114.3797 9.8447 26.7613 4.5653 10.2793 1.5874 4.7466 4.0287 4.5346 111.9915
1.7300 107.8271 107.8271 21.3098 90.1142 106.7139 10.2673 9.2239 107.2909 9.0536 6.7214 11.6396 107.7368 106.7476 30.5526 106.2614 7.9655 19.1462 20.2130 9.3490 6.6682 10.5743 6.6499 2.0406 89.6087 5.3521 0.5370 0.1779 20.8999 6.8158 107.4021 5.8588 106.6406 8.3809 106.8643 106.0855 6.9666 30.6052 9.8535 89.9772 8.8228 2.2996 107.3696 10.1449 11.0372 101.6129 9.2584 7.3212 10.6729 0.0000 1.6148 14.6091 105.8610 89.5125 5.3104 5.7157 107.7271 0.7487 90.5179 8.9406 2.3856 9.9827 14.5321 21.7128 2.2932 107.8715 108.9646 5.1785 21.3462 15.3092 7.0232 12.4465 15.4905 9.0028 15.2785 106.5763
0.2485 107.7655 107.7655 21.2482 90.0526 106.6523 10.2057 7.4750 107.2292 7.3002 4.9725 9.1735 107.6752 106.6859 30.4910 106.1998 6.2121 19.0846 20.1513 8.0299 4.9193 10.5127 4.9009 0.4765 89.5471 5.2904 1.1576 1.6102 20.8383 5.0669 107.3405 2.2570 106.5790 8.3193 106.8027 106.0239 5.2177 30.5436 9.7919 89.9156 8.7612 5.1831 107.3080 8.6723 8.5711 101.5513 7.5095 5.5723 10.6113 1.6336 0.0000 14.5475 105.7994 89.4509 3.5615 3.9668 107.6655 1.7172 90.4563 7.1873 0.8076 8.2338 14.4705 21.6512 0.7152 107.8099 108.9030 3.5637 21.2846 15.2476 5.2743 12.3849 15.4289 7.2494 15.2169 106.5147
14.1860 117.2981 117.2981 30.7808 99.5852 116.1849 4.3209 10.5075 116.7619 5.4536 10.5402 2.7060 117.2078 116.2186 32.8146 115.7324 6.4008 28.6172 29.6840 6.2564 11.1788 3.4623 10.4686 14.1485 99.0797 14.5927 13.1066 13.7940 30.3709 11.3264 116.8731 15.0994 116.1116 6.5013 116.3353 115.5566 11.5801 32.4519 4.5710 99.4482 6.3724 14.4853 116.8407 4.5253 3.4868 111.0840 10.7127 10.1982 3.7788 13.5949 13.8790 0.0000 115.3321 98.9835 9.3593 10.2263 117.1982 13.1095 99.9889 6.0093 14.4935 12.7768 0.4689 31.1838 14.4012 117.3425 118.4356 11.0992 30.8172 1.0719 11.5338 2.8072 0.9254 5.2833 0.7537 116.0474
106.0701 1.1800 1.1800 85.5529 19.5249 1.3155 110.2785 111.8193 0.9515 110.3361 109.3168 111.6508 2.3384 0.7997 84.8779 0.2910 110.8238 85.9929 86.1850 109.3603 109.2636 110.5855 109.2453 106.0326 19.7424 106.6616 104.9908 105.6782 86.8719 109.4112 2.0037 107.1684 1.9344 108.3921 0.9164 1.6499 109.5620 84.9304 109.8647 18.6497 108.8341 106.5542 1.9712 110.1561 111.0484 4.2481 111.8538 109.9166 110.6841 105.4791 105.7631 114.6204 0.0000 21.8805 107.9058 108.3111 2.3287 104.9936 19.5119 110.4853 106.3777 112.5781 114.5434 84.9996 106.2853 1.2245 9.3136 108.5347 84.4681 115.3204 109.6186 112.4578 115.5017 111.1523 115.2897 0.7062
89.6115 22.4100 22.4100 69.0943 0.5009 21.2968 93.8199 95.3607 21.8738 93.8775 92.8582 95.1922 22.3197 21.3305 68.4193 20.8443 94.3652 69.5343 69.7264 92.9016 92.8050 94.1269 92.7866 89.5740 0.3302 90.2030 88.5322 89.2196 70.4133 92.9526 21.9850 90.7097 21.2235 91.9335 21.4472 20.6685 93.1034 68.4718 93.4061 1.2621 92.3754 90.0956 21.9526 93.6975 94.5898 16.1959 95.3952 93.4580 94.2255 89.0205 89.3045 98.1617 20.4440 0.0000 91.4472 91.8525 22.3101 88.5350 0.9196 94.0267 89.9191 96.1195 98.0847 68.5410 89.8267 22.4544 23.5475 92.0761 68.0095 98.8618 93.1600 95.9992 99.0431 94.6937 98.8311 21.1593
3.0413 110.0127 110.0127 23.4955 92.2998 108.8995 7.7295 4.5476 109.4765 4.7229 2.0451 6.5962 109.9225 108.9332 32.7383 108.4470 3.6347 21.3318 22.3986 5.4526 1.9919 8.0365 1.9736 3.0039 91.7943 7.5377 4.6315 4.7668 23.0855 1.4415 109.5877 5.9355 108.8262 6.3736 109.0500 108.2712 2.2903 32.7908 6.7540 92.1628 6.8957 7.4303 109.5553 6.0950 5.9938 103.7986 4.5821 2.6449 8.1351 5.1198 3.1566 9.4805 108.0467 91.6982 0.0000 1.2367 109.9128 4.6344 92.7036 4.6099 3.3489 5.3064 9.4035 23.8984 3.2565 110.0571 111.1503 2.2228 23.5318 10.1806 2.3469 8.2788 10.3619 4.6721 10.1499 108.7620
4.5210 111.4924 111.4924 24.9751 93.7795 110.3792 10.3527 4.0454 110.9562 7.3461 1.3256 9.2194 111.4021 110.4129 34.2180 109.9267 6.2580 22.8115 23.8783 8.0758 1.4246 10.6597 1.2210 4.4836 93.2740 7.7512 6.1112 6.2465 24.5652 0.9875 111.0674 7.0772 110.3059 8.9968 110.5296 109.7509 1.3067 34.2705 9.3772 93.6425 9.5189 7.6914 111.0350 8.7182 8.6170 105.2783 4.5992 2.5479 10.7583 6.5995 4.6363 12.1037 109.5264 93.1778 1.2367 0.0000 111.3925 6.1141 94.1833 7.2331 4.8286 5.5963 12.0267 25.3781 4.7362 111.5368 112.6300 3.7025 25.0115 12.8038 1.2109 10.9021 9.8133 7.2953 10.3664 110.2417
107.9362 0.8116 0.8116 87.4190 21.3910 1.0830 112.1446 113.6854 0.7837 112.2022 111.1829 113.5169 0.9496 1.3271 86.7440 1.4225 112.6899 87.8590 88.0511 111.2264 111.1297 112.4516 111.1114 107.8987 21.6085 108.5277 106.8569 107.5443 88.7380 111.2773 0.3923 109.0345 1.4488 110.2582 1.4438 2.3260 111.4281 86.7965 111.7308 20.5158 110.7002 108.4203 0.3849 112.0222 112.9145 6.1142 113.7199 111.7827 112.5502 107.3452 107.6292 116.4865 2.3287 23.7466 109.7719 110.1772 0.0000 106.8597 21.3780 112.3514 108.2438 114.4442 116.4095 86.8657 108.1514 0.8560 9.9897 110.4008 86.3342 117.1865 111.4847 114.3239 117.3678 113.0184 117.1558 1.1094
1.8136 107.6164 107.6164 21.0992 89.9035 106.5032 10.0566 9.0132 107.0802 8.8429 6.5107 11.4289 107.5262 106.5369 30.3420 106.0507 7.7548 18.9355 20.0023 9.1384 6.4576 10.3637 6.4392 2.1241 89.3980 5.1414 0.5217 0.9096 20.6892 6.6051 107.1914 5.6481 106.4299 8.1703 106.6537 105.8749 6.7560 30.3945 9.6429 89.7665 8.6122 5.0340 107.1590 9.9342 10.8265 101.4023 9.0477 7.1105 10.4623 0.7487 1.6983 14.3985 105.6504 89.3018 5.0998 5.5051 107.5165 0.0000 90.3073 8.7300 2.4691 9.7721 14.3215 21.5021 2.3768 107.6608 108.7540 5.2620 21.1355 15.0985 6.8126 12.2359 15.2799 8.7922 15.0679 106.3657
90.9575 21.8443 21.8443 70.4403 0.6221 20.7311 95.1659 96.7067 21.3081 95.2235 94.2042 96.5382 21.7541 20.7648 69.7653 20.2786 95.7112 70.8803 71.0724 94.2476 94.1510 95.4729 94.1327 90.9200 1.0575 91.5490 89.8782 90.5656 71.7593 94.2986 21.4193 92.0557 20.6578 93.2795 20.8816 20.1028 94.4494 69.8178 94.7521 0.8588 93.7214 91.4416 21.3869 95.0435 95.9358 15.6302 96.7412 94.8040 95.5715 90.3665 90.6505 99.5078 19.8783 0.9196 92.7932 93.1985 21.7444 89.8810 0.0000 95.3727 91.2651 97.4655 99.4307 69.8870 91.1727 21.8887 22.9819 93.4221 69.3555 100.2078 94.5060 97.3452 100.3891 96.0397 100.1771 20.5936
7.0472 112.7887 112.7887 26.2715 95.0758 111.6755 3.7730 6.7349 112.2525 0.8211 6.7676 3.1249 112.6985 111.7092 28.0420 111.2230 0.9974 24.1078 25.1746 1.3577 6.3082 4.0801 6.6961 7.0097 94.5703 10.0834 8.5973 9.2847 25.8615 6.4558 112.3637 10.5901 111.6022 2.4172 111.8260 111.0472 6.6066 27.6792 2.7976 94.9388 2.9393 9.9760 112.3313 2.6237 2.5225 106.5746 6.9401 6.4256 4.1787 9.0856 7.1625 6.0093 110.8227 94.4741 4.4887 5.3557 112.6888 8.6001 95.4796 0.0000 7.3548 9.0042 5.9323 26.6744 7.2624 112.8331 113.9263 6.2286 26.3078 6.7093 6.6632 4.8076 6.8906 0.8450 6.6786 111.5380
0.8292 108.5363 108.5363 22.0190 90.8234 107.4231 10.9765 7.3951 108.0001 7.2204 4.8926 9.0937 108.4460 107.4568 31.2618 106.9706 6.1322 19.8554 20.9222 7.9501 4.8395 11.2835 4.8211 0.6097 90.3179 6.0613 1.9240 2.3810 21.6091 4.9870 108.1113 2.1189 107.3498 9.0901 107.5735 106.7948 5.1379 31.3144 9.2515 90.6864 9.5321 5.9539 108.0789 8.5925 8.4913 102.3222 7.4296 5.4924 11.3821 2.4045 0.8076 11.9780 106.5703 90.2217 3.4817 3.8870 108.4364 2.4880 91.2271 7.1074 0.0000 8.1540 11.9010 22.4220 0.2573 108.5807 109.6739 3.4839 22.0554 12.6781 5.1945 13.1558 12.8594 7.1696 12.6474 107.2856
8.0653 115.0367 115.0367 28.5194 97.3238 113.9235 10.4847 1.6599 114.5004 7.9454 5.5958 9.3514 114.9464 113.9572 34.7331 113.4710 7.4818 26.3558 27.4226 8.8839 3.7201 10.7917 5.5243 8.0278 96.8183 10.5682 9.6555 9.7907 28.1095 3.8647 114.6117 9.8942 113.8502 9.1288 114.0739 113.2951 3.5375 34.3704 9.5092 97.1868 9.6509 10.5083 114.5792 8.8502 8.7489 108.8226 3.9421 5.2538 10.8903 10.1438 8.1806 10.6336 113.0706 96.7221 7.1516 4.9099 114.9367 9.6584 97.7275 8.3839 8.3729 0.0000 10.5566 28.9224 8.2805 115.0811 116.1742 7.2467 28.5558 11.1385 3.6667 11.0340 9.9333 7.6580 10.4864 113.7859
14.1090 117.2211 117.2211 30.7038 99.5082 116.1079 4.2438 10.4305 116.6849 5.3766 10.4632 2.6290 117.1308 116.1416 32.7376 115.6554 6.3238 28.5402 29.6070 6.1794 11.1018 3.3853 10.3916 14.0715 99.0027 14.5157 13.0296 13.7170 30.2939 11.2494 116.7961 15.0224 116.0346 6.4243 116.2583 115.4796 11.5031 32.3749 4.4940 99.3712 6.2954 14.4083 116.7636 4.4483 3.4098 111.0070 10.6357 10.1212 3.7018 13.5179 13.8020 0.4689 115.2551 98.9065 9.2823 10.1493 117.1212 13.0325 99.9119 5.9322 14.4165 12.6998 0.0000 31.1068 14.3242 117.2655 118.3586 11.0222 30.7402 1.1488 11.4568 1.5585 1.3084 5.2063 1.1050 115.9703
23.0064 86.8966 86.8966 2.5696 69.1837 85.7834 27.2148 28.7556 86.3603 27.2724 26.2531 28.5871 86.8063 85.8170 9.0967 85.3309 27.7601 2.7702 1.8934 26.2965 26.1999 27.5218 26.1815 22.9689 68.6782 23.5979 21.9270 22.6144 1.9005 26.3475 86.4716 24.1046 85.7101 25.3284 85.9338 85.1550 26.4983 9.1493 26.8010 69.0467 25.7703 23.4905 86.4391 27.0924 27.9847 80.6824 28.7901 26.8528 27.6204 22.4153 22.6994 31.5566 84.9305 68.5820 24.8421 25.2474 86.7966 21.9299 69.5874 27.4216 23.3139 29.5144 31.4796 0.0000 23.2216 86.9410 88.0341 25.4710 0.9397 32.2567 26.5549 29.3940 32.4380 28.0886 32.2260 85.6458
0.6974 108.4439 108.4439 21.9267 90.7310 107.3307 10.8841 7.5749 107.9077 7.4002 5.0724 9.2735 108.3537 107.3644 31.1695 106.8782 6.3120 19.7631 20.8298 8.1299 5.0192 11.1912 5.0009 0.5173 90.2255 5.9689 1.8316 2.2887 21.5167 5.1668 108.0190 2.3577 107.2574 8.9978 107.4812 106.7024 5.3177 31.2220 9.4313 90.5940 9.4397 5.8615 107.9865 8.7723 8.6710 102.2298 7.6094 5.6722 11.2898 2.3121 0.7152 12.1578 106.4779 90.1294 3.6614 4.0667 108.3440 2.3957 91.1348 7.2872 0.2573 8.3337 12.0808 22.3296 0.0000 108.4884 109.5815 3.6637 21.9630 12.8578 5.3743 13.0634 13.0392 7.3494 12.8272 107.1932
108.0805 0.0444 0.0444 87.5634 21.5354 1.9114 112.2890 113.8298 0.3541 112.3465 111.3273 113.6613 1.4668 0.8392 86.8884 1.0297 112.8343 88.0034 88.1954 111.3707 111.2741 112.5960 111.2557 108.0431 21.7528 108.6721 107.0012 107.6886 88.8824 111.4216 0.5889 109.1788 0.9974 110.4026 0.9560 2.4704 111.5725 86.9409 111.8752 20.6602 110.8445 108.5647 0.7053 112.1666 113.0588 6.2586 113.8643 111.9270 112.6946 107.4895 107.7736 116.6308 1.2245 23.8910 109.9163 110.3216 0.8560 107.0041 21.5223 112.4958 108.3881 114.5886 116.5538 87.0100 108.2958 0.0000 10.1341 110.5452 86.4786 117.3309 111.6291 114.4682 117.5122 113.1628 117.3002 0.6438
109.1737 10.0897 10.0897 88.6565 22.6285 8.2841 113.3821 114.9229 9.5534 113.4397 112.4204 114.7544 9.9994 9.6729 87.9815 9.2968 113.9274 89.0965 89.2886 112.4638 112.3672 113.6891 112.3488 109.1362 22.8460 109.7652 108.0944 108.7817 89.9755 112.5148 9.6647 110.2719 6.9126 111.4957 9.7896 7.9075 112.6656 88.0340 112.9683 21.7533 111.9376 109.6578 9.6322 113.2597 114.1520 12.1363 114.9574 113.0202 113.7877 108.5827 108.8667 117.7239 9.3136 24.9841 111.0094 111.4147 9.9897 108.0972 22.6155 113.5889 109.4812 115.6817 117.6469 88.1031 109.3889 10.1341 0.0000 111.6383 87.5717 118.4240 112.7222 115.5614 118.6053 114.2559 118.3933 9.5017
4.0383 111.0097 111.0097 24.4924 93.2968 109.8965 9.8700 7.0382 110.4735 6.8634 4.5357 8.7367 110.9194 109.9302 33.7353 109.4440 5.7753 22.3288 23.3956 7.5931 4.4825 10.1770 4.4641 4.0009 92.7913 8.5347 5.6285 5.7638 24.0825 4.6301 110.5847 5.7888 109.8232 8.5141 110.0469 109.2682 4.7809 33.7878 8.8945 93.1598 9.0362 6.4029 110.5523 8.2355 8.1343 104.7956 7.0727 5.1354 10.2756 6.1168 4.1536 11.6210 109.0437 92.6951 3.1247 3.5300 110.9098 5.6314 93.7006 6.7504 1.9684 7.7970 11.5440 24.8954 4.2535 111.0541 112.1473 0.0000 24.5288 12.3211 4.8375 10.4194 12.5024 6.8126 12.2904 109.7590
22.6396 86.3651 86.3651 2.2028 68.6522 85.2519 26.8480 28.3888 85.8289 26.9056 25.8863 28.2203 86.2749 85.2856 8.5653 84.7994 27.3933 2.4034 2.5954 25.9298 25.8331 27.1550 25.8148 22.6021 68.1467 23.2311 21.5603 22.2477 2.4567 25.9807 85.9401 23.7379 85.1786 24.9616 85.4024 84.6236 26.1315 8.6178 26.4342 68.5152 25.4036 23.1237 85.9077 26.7256 27.6179 80.1510 28.4233 26.4861 27.2536 22.0486 22.3326 31.1899 84.3991 68.0506 24.4753 24.8806 86.2652 21.5631 69.0560 27.0548 22.9472 29.1476 31.1129 0.9397 22.8548 86.4095 87.5027 25.1042 0.0000 31.8899 26.1881 29.0273 32.0712 27.7218 31.8592 85.1144
14.8860 117.9981 117.9981 31.4809 100.2852 116.8850 5.0209 11.2075 117.4619 6.1536 11.2402 3.4060 117.9079 116.9186 33.5147 116.4324 7.1009 29.3173 30.3840 6.9565 11.8788 4.1623 11.1687 14.8486 99.7797 15.2928 13.8067 14.4941 31.0709 12.0264 117.5732 15.7995 116.8116 7.2013 117.0354 116.2566 12.2802 33.1519 5.2710 100.1482 7.0724 15.1854 117.5407 5.2253 4.1868 111.7840 11.4127 10.8982 4.4788 14.2950 14.5790 1.0719 116.0321 99.6836 10.0593 10.9263 117.8982 13.8096 100.6890 6.7093 15.1936 13.4768 1.1488 31.8838 15.1012 118.0426 119.1357 11.7993 31.5172 0.0000 12.2339 3.5073 1.2052 5.9833 0.9910 116.7474
5.1270 112.0984 112.0984 25.5812 94.3855 110.9852 10.8485 3.6263 111.5622 8.3093 2.6459 9.7152 112.0082 111.0189 34.8240 110.5327 6.8640 23.4175 24.4843 8.6818 0.5677 11.1555 2.5744 5.0896 93.8800 9.6234 6.7172 6.8525 25.1712 0.2597 111.6734 8.5231 110.9119 9.4926 111.1357 110.3569 1.2875 34.8765 9.8730 94.2485 10.0147 9.5160 111.6410 9.2140 9.1128 105.8843 1.9943 3.2457 11.2541 7.2055 5.2423 10.9975 110.1324 93.7838 1.6649 1.2109 111.9985 6.7201 94.7893 7.8391 5.4346 3.8341 10.9205 25.9841 5.3422 112.1428 113.2360 4.3085 25.6175 11.5023 0.0000 11.3978 10.2972 8.0218 10.8502 110.8477
12.4898 115.6019 115.6019 29.0846 97.8890 114.4887 2.4721 8.8727 115.0657 3.8188 8.9054 1.8519 115.5116 114.5224 31.1184 114.0362 4.7660 26.9210 27.9878 4.6216 9.5440 1.8001 8.8338 12.4523 97.3835 12.8965 11.4104 12.0978 28.6747 9.6916 115.1769 13.4032 114.4154 4.8665 114.6391 113.8604 9.9453 30.7557 2.9362 97.7520 4.7376 12.7891 115.1445 2.8905 1.8520 109.3878 9.0779 8.5634 2.1166 11.8987 12.1828 2.3267 113.6359 97.2873 7.7245 8.5915 115.5020 11.4133 98.2927 4.3745 12.7973 11.1420 2.2497 29.4876 12.7050 115.6463 116.7394 9.4644 29.1210 3.0268 9.8990 0.0000 3.2081 3.6485 2.9961 114.3511
15.0673 118.1795 118.1795 31.6622 100.4666 117.0663 5.0684 8.2096 117.6432 6.2011 8.2422 3.4535 118.0892 117.0999 33.6960 116.6138 7.1484 29.4986 30.5653 7.0040 9.8769 4.3437 8.1707 15.0299 99.9611 15.4741 13.9880 14.6754 31.2523 10.3215 117.7545 15.9808 116.9930 7.2489 117.2167 116.4379 9.2822 33.3332 5.3185 100.3296 7.1199 15.3667 117.7220 5.2728 4.2343 111.9653 8.4147 7.9003 4.6601 14.4763 14.7604 0.9254 116.2134 99.8649 10.1069 9.1837 118.0795 13.9909 100.8703 6.7568 15.3749 10.4788 1.3084 32.0652 15.2825 118.2239 119.3170 11.8468 31.6986 1.2052 10.5290 3.6886 0.0000 6.0308 0.4342 116.9287
7.0025 112.5274 112.5274 26.0102 94.8145 111.4142 3.5322 6.0089 111.9912 0.2491 6.0416 2.3989 112.4372 111.4479 27.7807 110.9617 1.2942 23.8465 24.9133 1.4685 6.2635 3.8393 5.9701 6.9650 94.3090 9.8220 8.3360 9.0234 25.6002 6.4111 112.1024 10.3288 111.3409 2.1764 111.5647 110.7859 7.0816 27.4179 2.5568 94.6775 1.3265 9.7147 112.0700 1.4006 1.7965 106.3133 6.2141 5.6996 3.9379 8.8243 7.1178 5.2833 110.5614 94.2128 4.4440 5.3110 112.4275 8.3388 95.2183 0.8450 7.3101 8.2782 5.2063 26.4131 7.2177 112.5718 113.6650 6.1839 26.0465 5.9833 6.6185 4.0816 6.1646 0.0000 5.9526 111.2767
14.8553 117.9675 117.9675 31.4502 100.2546 116.8543 4.9902 8.7626 117.4312 6.1229 8.7953 3.3754 117.8772 116.8879 33.4840 116.4018 7.0702 29.2866 30.3533 6.9258 10.4300 4.1317 8.7238 14.8179 99.7491 15.2621 13.7760 14.4634 31.0403 11.9958 117.5425 15.7688 116.7810 7.1707 117.0047 116.2259 9.8353 33.1212 5.2403 100.1176 7.0417 15.1547 117.5100 5.1946 4.1561 111.7533 8.9678 8.4533 4.4481 14.2643 14.5484 0.7537 116.0014 99.6529 10.0287 9.7367 117.8675 13.7789 100.6583 6.6786 15.1629 11.0319 1.1050 31.8532 15.0706 118.0119 119.1050 11.7686 31.4866 0.9910 12.2032 3.4766 0.4342 5.9526 0.0000 116.7167
106.7854 0.5993 0.5993 86.2682 20.2402 1.3513 110.9938 112.5346 0.3708 111.0514 110.0321 112.3661 1.3199 0.3432 85.5932 0.5115 111.5391 86.7082 86.9003 110.0755 109.9789 111.3008 109.9606 106.7479 20.4577 107.3769 105.7061 106.3935 87.5872 110.1265 1.0027 107.8836 1.3275 109.1074 0.4600 1.8379 110.2773 85.6457 110.5800 19.3650 109.5493 107.2695 0.9722 110.8714 111.7637 4.9634 112.5691 110.6319 111.3994 106.1944 106.4784 115.3356 0.7062 22.5958 108.6211 109.0264 1.1094 105.7089 20.2272 111.2006 107.0930 113.2934 115.2586 85.7149 107.0006 0.6438 9.5017 109.2500 85.1834 116.0357 110.3339 113.1731 116.2170 111.8676 116.0050 0.0000
0.000 454.957 454.957 109.317 373.437 461.117 41.925 37.500 456.468 34.520 24.453 42.992 460.675 455.752 136.437 454.265 29.883 100.365 102.513 33.590 25.495 43.423 24.713 6.115 375.998 27.043 9.502 14.070 104.805 25.375 458.778 18.178 466.850 32.870 456.220 453.193 25.573 134.900 40.055 377.458 36.313 19.340 458.418 39.168 41.275 435.723 32.350 28.280 43.633 15.608 5.170 53.190 453.962 375.548 17.448 22.093 459.093 11.882 374.290 33.175 5.713 38.215 53.407 109.380 5.362 458.133 464.643 19.865 109.325 56.293 26.842 49.553 55.368 33.478 56.335 455.812
455.560 0.000 0.000 359.030 85.058 12.362 463.625 492.280 4.363 472.978 479.562 469.910 9.995 7.455 357.880 8.515 476.947 361.280 361.340 469.500 480.603 465.123 479.822 461.675 88.473 452.598 453.743 452.693 362.557 480.483 5.660 456.967 13.623 466.510 7.923 12.175 480.682 358.043 464.748 84.312 466.802 456.577 6.323 467.313 468.415 28.688 487.458 483.388 464.222 455.445 458.548 475.497 10.033 90.280 472.557 477.202 6.708 452.578 87.567 474.868 461.273 491.313 474.080 356.577 460.922 3.177 32.938 469.240 354.685 471.785 481.950 466.970 475.640 472.855 475.108 7.275
455.560 0.000 0.000 359.030 85.058 12.362 463.625 492.280 4.363 472.978 479.562 469.910 9.995 7.455 357.880 8.515 476.947 361.280 361.340 469.500 480.603 465.123 479.822 461.675 88.473 452.598 453.743 452.693 362.557 480.483 5.660 456.967 13.623 466.510 7.923 12.175 480.682 358.043 464.748 84.312 466.802 456.577 6.323 467.313 468.415 28.688 487.458 483.388 464.222 455.445 458.548 475.497 10.033 90.280 472.557 477.202 6.708 452.578 87.567 474.868 461.273 491.313 474.080 356.577 460.922 3.177 32.938 469.240 354.685 471.785 481.950 466.970 475.640 472.855 475.108 7.275
111.717 360.250 360.250 0.000 278.730 366.410 119.782 148.437 361.762 129.135 135.718 126.067 365.968 361.045 33.690 359.558 133.103 17.437 17.307 125.657 136.760 121.280 135.978 117.832 281.292 108.755 109.900 108.850 19.347 136.640 364.072 113.123 372.143 122.667 361.513 358.487 136.838 32.153 120.905 282.752 122.958 112.733 363.712 123.470 124.572 341.017 143.615 139.545 120.378 111.602 114.705 131.653 359.255 280.842 128.713 133.358 364.387 108.735 279.583 131.025 117.430 147.470 130.237 16.573 117.078 363.427 369.937 125.397 14.947 127.942 138.107 123.127 131.797 129.012 131.265 361.105
375.617 85.010 85.010 279.087 0.000 91.170 383.682 412.337 86.522 393.035 399.618 389.967 90.728 85.805 277.937 84.318 397.003 281.337 281.397 389.557 400.660 385.180 399.878 381.732 5.863 372.655 373.800 372.750 282.613 400.540 88.832 377.023 96.903 386.567 86.273 83.247 400.738 278.100 384.805 7.512 386.858 376.633 88.472 387.370 388.472 65.777 407.515 403.445 384.278 375.502 378.605 395.553 84.015 6.768 392.613 397.258 89.147 372.635 7.152 394.925 381.330 411.370 394.137 276.633 380.978 88.187 94.697 389.297 274.742 391.842 402.007 387.027 395.697 392.912 395.165 85.865
458.593 9.108 9.108 362.063 88.092 0.000 466.658 495.313 12.095 476.012 482.595 472.943 5.230 12.573 360.913 13.407 479.980 364.313 364.373 472.533 483.637 468.157 482.855 464.708 91.507 455.632 456.777 455.727 365.590 483.517 10.462 460.000 21.072 469.543 13.042 12.902 483.715 361.077 467.782 87.345 469.835 459.610 10.560 470.347 471.448 31.722 490.492 486.422 467.255 458.478 461.582 478.530 14.925 93.313 475.590 480.235 9.487 455.612 90.600 477.902 464.307 494.347 477.113 359.610 463.955 12.285 33.978 472.273 357.718 474.818 484.983 470.003 478.673 475.888 478.142 12.633
40.390 478.137 478.137 132.497 396.617 484.297 0.000 39.618 479.648 17.303 34.815 13.120 483.855 478.932 159.617 477.445 22.662 123.545 125.693 15.417 39.938 5.137 35.075 45.870 399.178 60.648 40.052 45.658 127.985 41.147 481.958 52.572 490.030 17.093 479.400 476.373 37.098 158.080 7.775 400.638 13.938 52.945 481.598 11.712 11.625 458.903 39.593 38.642 5.347 46.158 43.487 19.157 477.142 398.728 35.090 36.925 482.273 39.893 397.470 19.710 45.468 44.182 19.373 132.560 45.117 481.313 487.823 43.478 132.505 22.260 41.665 13.833 22.603 17.180 22.302 478.992
30.242 484.925 484.925 139.285 403.405 491.085 39.108 0.000 486.437 28.772 17.813 33.087 490.643 485.720 166.405 484.233 26.103 130.333 132.482 33.525 13.713 39.622 17.870 34.697 405.967 51.870 37.590 43.035 134.773 16.907 488.747 40.723 496.818 34.993 486.188 483.162 13.540 164.868 35.193 407.427 34.357 44.542 488.387 31.538 33.645 465.692 12.573 18.482 40.817 43.697 35.090 37.215 483.930 405.517 22.613 20.897 489.062 38.157 404.258 29.562 32.900 11.525 38.880 139.348 33.992 488.102 494.612 29.712 139.293 41.577 16.248 39.073 36.600 28.553 38.968 485.780
454.197 1.488 1.488 357.667 83.695 12.277 462.262 490.917 0.000 471.615 478.198 468.547 9.910 6.318 356.517 7.152 475.583 359.917 359.977 468.137 479.240 463.760 478.458 460.312 87.110 451.235 452.380 451.330 361.193 479.120 6.300 455.603 14.543 465.147 6.787 10.812 479.318 356.680 463.385 82.948 465.438 455.213 6.022 465.950 467.052 27.325 486.095 482.025 462.858 454.082 457.185 474.133 8.670 88.917 471.193 475.838 7.043 451.215 86.203 473.505 459.910 489.950 472.717 355.213 459.558 4.665 33.578 467.877 353.322 470.422 480.587 465.607 474.277 471.492 473.745 6.200
30.827 482.235 482.235 136.595 400.715 488.395 17.297 29.935 483.747 0.000 22.463 14.837 487.953 483.030 163.715 481.543 10.310 127.643 129.792 9.055 27.587 18.795 22.723 35.282 403.277 56.160 35.625 41.232 132.083 28.795 486.057 44.883 494.128 12.253 483.498 480.472 24.747 162.178 13.382 404.737 11.938 48.518 485.697 11.013 13.120 463.002 29.910 26.290 19.005 41.732 35.675 25.035 481.240 402.827 22.738 24.573 486.372 35.467 401.568 6.703 33.838 34.498 25.252 136.658 34.700 485.412 491.922 31.127 136.603 28.138 29.313 21.398 28.482 4.292 28.180 483.090
23.533 478.217 478.217 132.577 396.697 484.377 34.903 20.250 479.728 22.685 0.000 31.157 483.935 479.012 159.697 477.525 18.048 123.625 125.773 25.672 12.242 35.417 4.052 27.988 399.258 47.230 30.882 36.327 128.065 14.343 482.038 36.083 490.110 28.870 479.480 476.453 9.402 158.160 30.988 400.718 30.262 39.902 481.678 27.333 29.440 458.983 12.793 7.618 36.612 36.988 28.382 36.380 477.222 398.808 15.905 10.240 482.353 31.448 397.550 21.340 26.192 23.882 38.045 132.640 27.283 481.393 487.903 23.003 132.585 40.742 14.862 37.718 35.765 21.643 38.133 479.072
39.197 484.252 484.252 138.612 402.732 490.412 13.087 33.830 485.763 14.685 30.833 0.000 489.970 485.047 165.732 483.560 18.680 129.660 131.808 18.432 35.957 13.020 31.093 43.652 405.293 64.530 45.050 50.657 134.100 37.165 488.073 53.253 496.145 20.108 485.515 482.488 33.117 164.195 12.290 406.753 17.000 57.072 487.713 10.672 9.492 465.018 33.805 34.360 14.612 51.157 44.045 14.012 483.257 404.843 31.108 32.943 488.388 44.892 403.585 17.265 42.208 38.393 14.228 138.675 43.070 487.428 493.938 39.497 138.620 17.115 37.683 12.682 17.458 14.467 17.157 485.107
458.222 6.878 6.878 361.692 87.720 5.367 466.287 494.942 9.865 475.640 482.223 472.572 0.000 10.343 360.542 11.177 479.608 363.942 364.002 472.162 483.265 467.785 482.483 464.337 91.135 455.260 456.405 455.355 365.218 483.145 8.232 459.628 18.842 469.172 10.812 13.433 483.343 360.705 467.410 86.973 469.463 459.238 8.330 469.975 471.077 31.350 490.120 486.050 466.883 458.107 461.210 478.158 12.695 92.942 475.218 479.863 7.257 455.240 90.228 477.530 463.935 493.975 476.742 359.238 463.583 10.055 31.867 471.902 357.347 474.447 484.612 469.632 478.302 475.517 477.770 10.403
453.508 4.357 4.357 356.978 83.007 12.783 461.573 490.228 6.210 470.927 477.510 467.858 10.417 0.000 355.828 6.213 474.895 359.228 359.288 467.448 478.552 463.072 477.770 459.623 86.422 450.547 451.692 450.642 360.505 478.432 8.220 454.915 15.390 464.458 3.468 11.318 478.630 355.992 462.697 82.260 464.750 454.525 8.225 465.262 466.363 26.637 485.407 481.337 462.170 453.393 456.497 473.445 7.732 88.228 470.505 475.150 8.900 450.527 85.515 472.817 459.222 489.262 472.028 354.525 458.870 7.533 35.362 467.188 352.633 469.733 479.898 464.918 473.588 470.803 473.057 5.230
135.420 355.970 355.970 30.955 274.450 362.130 143.485 172.140 357.482 152.838 159.422 149.770 361.688 356.765 0.000 355.278 156.807 43.132 43.192 149.360 160.463 144.983 159.682 141.535 277.012 132.458 133.603 132.553 44.408 160.343 359.792 136.827 367.863 146.370 357.233 354.207 160.542 4.577 144.608 278.472 146.662 136.437 359.432 147.173 148.275 336.737 167.318 163.248 144.082 135.305 138.408 155.357 354.975 276.562 152.417 157.062 360.107 132.438 275.303 154.728 141.133 171.173 153.940 38.428 140.782 359.147 365.657 149.100 36.537 151.645 161.810 146.830 155.500 152.715 154.968 356.825
452.075 5.585 5.585 355.545 81.573 13.670 460.140 488.795 7.097 469.493 476.077 466.425 11.303 6.148 354.395 0.000 473.462 357.795 357.855 466.015 477.118 461.638 476.337 458.190 84.988 449.113 450.258 449.208 359.072 476.998 9.472 453.482 17.247 463.025 6.617 10.125 477.197 354.558 461.263 80.827 463.317 453.092 9.112 463.828 464.930 25.203 483.973 479.903 460.737 451.960 455.063 472.012 4.518 86.795 469.072 473.717 9.787 449.093 84.082 471.383 457.788 487.828 470.595 353.092 457.437 8.762 36.248 465.755 351.200 468.300 478.465 463.485 472.155 469.370 471.623 6.440
26.240 480.923 480.923 135.283 399.403 487.083 22.438 30.252 482.435 10.220 17.877 18.692 486.642 481.718 162.403 480.232 0.000 126.332 128.480 12.715 23.000 22.952 18.137 30.695 401.965 51.573 33.588 39.033 130.772 24.208 484.745 40.297 492.817 15.540 482.187 479.160 20.160 160.867 18.523 403.425 17.523 44.115 484.385 14.868 16.975 461.690 26.198 21.703 24.147 39.695 31.088 28.890 479.928 401.515 18.152 19.987 485.060 34.155 400.257 8.672 29.252 34.815 29.107 135.347 30.113 484.100 490.610 26.540 135.292 31.993 24.727 25.253 32.337 9.178 32.035 481.778
99.232 358.828 358.828 13.863 277.308 364.988 107.297 135.952 360.340 116.650 123.233 113.582 364.547 359.623 43.025 358.137 120.618 0.000 7.735 113.172 124.275 108.795 123.493 105.347 279.870 96.270 97.415 96.365 11.253 124.155 362.650 100.638 370.722 110.182 360.092 357.065 124.353 41.488 108.420 281.330 110.473 100.248 362.290 110.985 112.087 339.595 131.130 127.060 107.893 99.117 102.220 119.168 357.833 279.420 116.228 120.873 362.965 96.250 278.162 118.540 104.945 134.985 117.752 14.695 104.593 362.005 368.515 112.912 13.197 115.457 125.622 110.642 119.312 116.527 118.780 359.683
102.018 359.142 359.142 13.987 277.622 365.302 110.083 138.738 360.653 119.437 126.020 116.368 364.860 359.937 43.148 358.450 123.405 7.655 0.000 115.958 127.062 111.582 126.280 108.133 280.183 99.057 100.202 99.152 6.583 126.942 362.963 103.425 371.035 112.968 360.405 357.378 127.140 41.612 111.207 281.643 113.260 103.035 362.603 113.772 114.873 339.908 133.917 129.847 110.680 101.903 105.007 121.955 358.147 279.733 119.015 123.660 363.278 99.037 278.475 121.327 107.732 137.772 120.538 10.883 107.380 362.318 368.828 115.698 11.957 118.243 128.408 113.428 122.098 119.313 121.567 359.997
31.195 477.467 477.467 131.827 395.947 483.627 15.328 34.577 478.978 8.975 25.622 18.555 483.185 478.262 158.947 476.775 12.632 122.875 125.023 0.000 30.745 16.827 25.882 36.675 398.508 51.453 30.857 36.463 127.315 31.953 481.288 43.377 489.360 7.485 478.730 475.703 27.905 157.410 11.413 399.968 9.970 43.750 480.928 11.873 16.957 458.233 33.943 29.448 17.037 36.963 34.292 28.753 476.472 398.058 25.897 27.732 481.603 30.698 396.800 9.592 36.273 39.140 28.970 131.890 35.922 480.643 487.153 34.285 131.835 31.857 32.472 24.982 32.200 9.522 31.898 478.322
22.047 476.730 476.730 131.090 395.210 482.890 40.352 17.808 478.242 28.133 13.373 36.605 482.448 477.525 158.210 476.038 23.497 122.138 124.287 31.120 0.000 40.865 13.430 26.502 397.772 46.550 29.395 34.840 126.578 7.667 480.552 35.273 488.623 34.318 477.993 474.967 7.832 156.673 36.437 399.232 35.710 39.092 480.192 32.782 34.888 457.497 12.658 15.203 42.060 35.502 26.895 43.403 475.735 397.322 14.418 13.075 480.867 29.962 396.063 26.788 24.705 19.457 45.068 131.153 25.797 479.907 486.417 21.517 131.098 47.765 8.113 43.167 42.788 27.092 45.157 477.585
41.833 479.580 479.580 133.940 398.060 485.740 5.233 40.093 481.092 18.747 35.290 13.058 485.298 480.375 161.060 478.888 23.137 124.988 127.137 16.860 40.413 0.000 35.550 47.313 400.622 62.092 41.495 47.102 129.428 41.622 483.402 54.015 491.473 18.537 480.843 477.817 37.573 159.523 9.218 402.082 15.382 54.388 483.042 13.155 11.367 460.347 40.068 39.117 4.823 47.602 44.930 17.663 478.585 400.172 35.565 37.400 483.717 41.337 398.913 21.153 46.665 44.657 17.880 134.003 46.560 482.757 489.267 43.953 133.948 20.767 42.140 12.340 21.110 18.623 20.808 480.435
23.782 478.465 478.465 132.825 396.945 484.625 35.152 20.537 479.977 22.933 4.142 31.405 484.183 479.260 159.945 477.773 18.297 123.873 126.022 25.920 12.525 35.665 0.000 28.237 399.507 47.478 31.130 36.575 128.313 14.592 482.287 36.332 490.358 29.118 479.728 476.702 9.685 158.408 31.237 400.967 30.510 40.150 481.927 27.582 29.688 459.232 13.080 7.905 36.860 37.237 28.630 36.628 477.470 399.057 16.153 10.488 482.602 31.697 397.798 21.588 26.440 24.168 38.293 132.888 27.532 481.642 488.152 23.252 132.833 40.990 15.110 37.967 36.013 21.892 38.382 479.320
3.043 458.000 458.000 112.360 376.480 464.160 44.647 39.002 459.512 36.022 25.955 44.493 463.718 458.795 139.480 457.308 31.385 103.408 105.557 36.312 26.997 46.145 26.215 0.000 379.042 30.087 12.545 17.113 107.848 26.877 461.822 20.190 469.893 35.592 459.263 456.237 27.075 137.943 42.777 380.502 39.035 22.383 461.462 40.670 42.777 438.767 33.852 29.782 46.355 18.652 7.892 54.692 457.005 378.592 18.950 23.595 462.137 14.925 377.333 34.677 7.132 39.717 54.908 112.423 6.780 461.177 467.687 21.367 112.368 57.795 28.343 51.055 56.870 34.980 57.837 458.855
375.117 85.435 85.435 278.587 2.850 91.595 383.182 411.837 86.947 392.535 399.118 389.467 91.153 86.230 277.437 84.743 396.503 280.837 280.897 389.057 400.160 384.680 399.378 381.232 0.000 372.155 373.300 372.250 282.113 400.040 89.257 376.523 97.328 386.067 86.698 83.672 400.238 277.600 384.305 7.937 386.358 376.133 88.897 386.870 387.972 66.202 407.015 402.945 383.778 375.002 378.105 395.053 84.440 5.978 392.113 396.758 89.572 372.135 8.543 394.425 380.830 410.870 393.637 276.133 380.478 88.612 95.122 388.797 274.242 391.342 401.507 386.527 395.197 392.412 394.665 86.290
21.952 458.802 458.802 113.162 377.282 464.962 57.087 45.928 460.313 50.247 38.570 58.718 464.520 459.597 140.282 458.110 45.610 104.210 106.358 48.752 37.192 58.585 38.830 26.598 379.843 0.000 22.270 21.750 108.650 36.838 462.623 9.255 470.695 48.032 460.065 457.038 39.665 138.745 55.217 381.303 51.475 11.485 462.263 54.895 57.002 439.568 45.342 42.397 58.795 24.503 24.940 68.917 457.807 379.393 33.175 36.210 462.938 22.792 378.135 48.902 22.300 44.962 69.133 113.225 23.747 461.978 468.488 23.992 113.170 72.020 35.737 65.280 69.485 49.205 71.853 459.657
6.768 451.053 451.053 105.413 369.533 457.213 39.133 42.965 452.565 35.667 29.918 44.405 456.772 451.848 132.533 450.362 35.412 96.462 98.610 30.798 30.960 40.632 30.178 12.883 372.095 25.050 0.000 9.033 100.902 30.840 454.875 16.973 462.947 30.078 452.317 449.290 31.038 130.997 37.263 373.555 33.522 17.347 454.515 37.780 42.807 431.820 37.815 33.745 40.842 9.107 9.702 52.980 450.058 371.645 22.913 27.558 455.190 5.630 370.387 35.837 12.482 43.680 53.197 105.477 12.130 454.230 460.740 26.633 105.422 56.083 32.307 48.547 56.427 36.597 56.125 451.908
11.140 450.005 450.005 104.365 368.485 456.165 44.568 48.255 451.517 41.102 35.208 49.840 455.723 450.800 131.485 449.313 40.847 95.413 97.562 36.233 36.250 46.067 35.468 17.255 371.047 24.445 8.697 0.000 99.853 36.130 453.827 16.368 461.898 35.513 451.268 448.242 36.328 129.948 42.698 372.507 38.957 16.742 453.467 43.215 48.242 430.772 43.105 39.035 46.277 5.810 14.073 58.415 449.010 370.597 28.203 32.848 454.142 9.895 369.338 41.272 16.853 48.970 58.632 104.428 16.502 453.182 459.692 28.068 104.373 61.518 37.597 53.982 61.862 42.032 61.560 450.860
104.552 360.478 360.478 16.385 278.958 366.638 112.617 141.272 361.990 121.970 128.553 118.902 366.197 361.273 45.547 359.787 125.938 11.302 6.732 118.492 129.595 114.115 128.813 110.667 281.520 101.590 102.735 101.685 0.000 129.475 364.300 105.958 372.372 115.502 361.742 358.715 129.673 44.010 113.740 282.980 115.793 105.568 363.940 116.305 117.407 341.245 136.450 132.380 113.213 104.437 107.540 124.488 359.483 281.070 121.548 126.193 364.615 101.570 279.812 123.860 110.265 140.305 123.072 10.910 109.913 363.655 370.165 118.232 13.127 120.777 130.942 115.962 124.632 121.847 124.100 361.333
22.190 476.873 476.873 131.233 395.353 483.033 40.953 20.160 478.385 28.735 14.290 37.207 482.592 477.668 158.353 476.182 24.098 122.282 124.430 31.722 7.598 41.467 14.550 26.645 397.915 46.693 29.538 34.983 126.722 0.000 480.695 35.417 488.767 34.920 478.137 475.110 9.990 156.817 37.038 399.375 36.312 39.235 480.335 33.383 35.490 457.640 15.667 17.827 42.662 35.645 27.038 45.820 475.878 397.465 14.562 13.497 481.010 30.105 396.207 27.390 24.848 19.193 47.485 131.297 25.940 480.050 486.560 21.660 131.242 50.182 5.768 43.768 45.205 27.693 47.573 477.728
456.408 2.545 2.545 359.878 85.907 10.598 464.473 493.128 6.358 473.827 480.410 470.758 8.232 8.340 358.728 9.438 477.795 362.128 362.188 470.348 481.452 465.972 480.670 462.523 89.322 453.447 454.592 453.542 363.405 481.332 0.000 457.815 14.508 467.358 8.808 11.578 481.530 358.892 465.597 85.160 467.650 457.425 4.560 468.162 469.263 29.537 488.307 484.237 465.070 456.293 459.397 476.345 10.957 91.128 473.405 478.050 4.945 453.427 88.415 475.717 462.122 492.162 474.928 357.425 461.770 5.722 30.900 470.088 355.533 472.633 482.798 467.818 476.488 473.703 475.957 8.665
15.637 453.898 453.898 108.258 372.378 460.058 51.785 41.882 455.410 46.200 34.523 54.672 459.617 454.693 135.378 453.207 41.563 99.307 101.455 43.450 33.145 53.283 34.783 20.268 374.940 16.803 16.968 16.448 103.747 32.792 457.720 0.000 465.792 42.730 455.162 452.135 35.618 133.842 49.915 376.400 46.173 6.818 457.360 50.432 52.955 434.665 41.295 38.350 53.493 19.202 18.913 64.870 452.903 374.490 29.128 32.163 458.035 17.490 373.232 44.855 15.970 40.915 65.087 108.322 17.417 457.075 463.585 17.662 108.267 67.973 31.690 61.198 65.438 45.158 67.807 454.753
464.660 10.575 10.575 368.130 94.158 21.140 472.725 501.380 14.483 482.078 488.662 479.010 18.773 15.577 366.980 17.365 486.047 370.380 370.440 478.600 489.703 474.223 488.922 470.775 97.573 461.698 462.843 461.793 371.657 489.583 14.438 466.067 0.000 475.610 16.045 21.982 489.782 367.143 473.848 93.412 475.902 465.677 15.102 476.413 477.515 37.788 496.558 492.488 473.322 464.545 467.648 484.597 18.883 99.380 481.657 486.302 15.487 461.678 96.667 483.968 470.373 500.413 483.180 365.677 470.022 13.752 41.717 478.340 363.785 480.885 491.050 476.070 484.740 481.955 484.208 16.382
30.487 476.758 476.758 131.118 395.238 482.918 18.058 38.760 478.270 12.168 28.698 22.738 482.477 477.553 158.238 476.067 15.395 122.167 124.315 7.300 33.822 19.557 28.958 35.967 397.800 50.745 30.148 35.755 126.607 35.030 480.580 42.668 488.652 0.000 478.022 474.995 30.982 156.702 15.597 399.260 10.678 43.042 480.220 16.030 21.140 457.525 37.020 32.525 19.767 36.255 33.583 31.905 475.763 397.350 28.973 30.808 480.895 29.990 396.092 12.668 35.565 43.323 32.122 131.182 35.213 479.935 486.445 37.362 131.127 35.008 35.548 27.472 35.352 13.098 35.050 477.613
453.977 4.825 4.825 357.447 83.475 13.252 462.042 490.697 6.678 471.395 477.978 468.327 10.885 3.468 356.297 6.682 475.363 359.697 359.757 467.917 479.020 463.540 478.238 460.092 86.890 451.015 452.160 451.110 360.973 478.900 8.688 455.383 15.858 464.927 0.000 11.787 479.098 356.460 463.165 82.728 465.218 454.993 8.693 465.730 466.832 27.105 485.875 481.805 462.638 453.862 456.965 473.913 8.200 88.697 470.973 475.618 9.368 450.995 85.983 473.285 459.690 489.730 472.497 354.993 459.338 8.002 35.830 467.657 353.102 470.202 480.367 465.387 474.057 471.272 473.525 5.698
450.680 9.200 9.200 354.150 80.178 12.482 458.745 487.400 10.712 468.098 474.682 465.030 13.005 11.190 353.000 9.943 472.067 356.400 356.460 464.620 475.723 460.243 474.942 456.795 83.593 447.718 448.863 447.813 357.677 475.603 11.572 452.087 21.917 461.630 11.658 0.000 475.802 353.163 459.868 79.432 461.922 451.697 11.212 462.433 463.535 23.808 482.578 478.508 459.342 450.565 453.668 470.617 11.462 85.400 467.677 472.322 11.887 447.698 82.687 469.988 456.393 486.433 469.200 351.697 456.042 12.377 34.898 464.360 349.805 466.905 477.070 462.090 470.760 467.975 470.228 11.250
23.430 478.113 478.113 132.473 396.593 484.273 37.107 16.067 479.625 24.888 9.287 33.360 483.832 478.908 159.593 477.422 20.252 123.522 125.670 27.875 6.722 37.620 9.343 27.885 399.155 47.933 30.778 36.223 127.962 9.915 481.935 36.657 490.007 31.073 479.377 476.350 0.000 158.057 33.192 400.615 32.465 40.475 481.575 29.537 31.643 458.880 10.917 11.117 38.815 36.885 28.278 40.840 477.118 398.705 15.802 11.565 482.250 31.345 397.447 23.543 26.088 19.698 42.505 132.537 27.180 481.290 487.800 22.900 132.482 45.202 10.433 39.922 40.225 23.847 42.593 478.968
133.843 356.253 356.253 29.378 274.733 362.413 141.908 170.563 357.765 151.262 157.845 148.193 361.972 357.048 4.537 355.562 155.230 42.188 42.058 147.783 158.887 143.407 158.105 139.958 277.295 130.882 132.027 130.977 44.098 158.767 360.075 135.250 368.147 144.793 357.517 354.490 158.965 0.000 143.032 278.755 145.085 134.860 359.715 145.597 146.698 337.020 165.742 161.672 142.505 133.728 136.832 153.780 355.258 276.845 150.840 155.485 360.390 130.862 275.587 153.152 139.557 169.597 152.363 38.712 139.205 359.430 365.940 147.523 36.820 150.068 160.233 145.253 153.923 151.138 153.392 357.108
38.492 479.018 479.018 133.378 397.498 485.178 7.670 35.737 480.530 13.422 30.933 12.403 484.737 479.813 160.498 478.327 18.780 124.427 126.575 11.535 36.057 9.168 31.193 43.752 400.060 58.750 38.153 43.760 128.867 37.265 482.840 50.673 490.912 13.212 480.282 477.255 33.217 158.962 0.000 401.520 10.103 51.047 482.480 7.830 9.298 459.785 35.712 34.760 9.378 44.260 41.588 21.757 478.023 399.610 31.208 33.043 483.155 37.995 398.352 15.828 42.308 40.300 21.973 133.442 43.170 482.195 488.705 39.597 133.387 24.860 37.783 17.323 25.203 13.298 24.902 479.873
376.723 81.322 81.322 280.193 4.708 87.482 384.788 413.443 82.833 394.142 400.725 391.073 87.040 82.117 279.043 80.630 398.110 282.443 282.503 390.663 401.767 386.287 400.985 382.838 7.888 373.762 374.907 373.857 283.720 401.647 85.143 378.130 93.215 387.673 82.585 79.558 401.845 279.207 385.912 0.000 387.965 377.740 84.783 388.477 389.578 62.088 408.622 404.552 385.385 376.608 379.712 396.660 80.327 9.930 393.720 398.365 85.458 373.742 7.217 396.032 382.437 412.477 395.243 277.740 382.085 84.498 91.008 390.403 275.848 392.948 403.113 388.133 396.803 394.018 396.272 82.177
34.955 481.227 481.227 135.587 399.707 487.387 13.468 33.022 482.738 10.082 27.990 16.695 486.945 482.022 162.707 480.535 15.528 126.635 128.783 8.195 33.113 14.967 28.250 40.435 402.268 55.213 34.617 40.223 131.075 34.322 485.048 47.137 493.120 9.872 482.490 479.463 30.273 161.170 9.553 403.728 0.000 47.510 484.688 10.060 15.097 461.993 32.997 31.817 15.177 40.723 38.052 26.893 480.232 401.818 28.265 30.100 485.363 34.458 400.560 12.488 39.365 37.585 27.110 135.650 39.682 484.403 490.913 36.653 135.595 29.997 34.840 23.113 30.340 9.958 30.038 482.082
16.945 453.443 453.443 107.803 371.923 459.603 51.728 45.702 454.955 48.262 38.343 57.000 459.162 454.238 134.923 452.752 45.383 98.852 101.000 43.393 36.965 53.227 38.603 23.060 374.485 19.028 16.912 16.392 103.292 36.612 457.265 6.820 465.337 42.673 454.707 451.680 39.438 133.387 49.858 375.945 46.117 0.000 456.905 50.375 55.402 434.210 45.115 42.170 53.437 19.145 19.933 65.575 452.448 374.035 32.948 35.983 457.580 17.433 372.777 48.432 19.723 44.735 65.792 107.867 21.170 456.620 463.130 21.482 107.812 68.678 35.510 61.142 69.022 48.978 68.720 454.298
455.965 3.133 3.133 359.435 85.463 10.763 464.030 492.685 5.953 473.383 479.967 470.315 8.397 8.162 358.285 8.995 477.352 361.685 361.745 469.905 481.008 465.528 480.227 462.080 88.878 453.003 454.148 453.098 362.962 480.888 4.488 457.372 15.097 466.915 8.630 11.135 481.087 358.448 465.153 84.717 467.207 456.982 0.000 467.718 468.820 29.093 487.863 483.793 464.627 455.850 458.953 475.902 10.513 90.685 472.962 477.607 5.110 452.983 87.972 475.273 461.678 491.718 474.485 356.982 461.327 6.310 31.340 469.645 355.090 472.190 482.355 467.375 476.045 473.260 475.513 8.222
35.538 482.437 482.437 136.797 400.917 488.597 11.782 31.978 483.948 11.027 27.175 10.793 488.155 483.232 163.917 481.745 15.022 127.845 129.993 12.150 32.298 13.280 27.435 39.993 403.478 59.295 38.698 44.305 132.285 33.507 486.258 49.595 494.330 13.827 483.700 480.673 29.458 162.380 7.867 404.938 10.485 51.592 485.898 0.000 9.077 463.203 31.953 31.002 13.490 44.805 40.387 20.992 481.442 403.028 27.450 29.285 486.573 38.540 401.770 13.607 38.550 36.542 21.208 136.860 39.412 485.613 492.123 35.838 136.805 24.095 34.025 17.355 24.438 10.808 24.137 483.292
37.498 482.752 482.752 137.112 401.232 488.912 11.587 33.938 484.263 12.987 29.135 9.652 488.470 483.547 164.232 482.060 16.982 128.160 130.308 16.875 34.258 11.325 29.395 41.953 403.793 62.832 43.493 49.100 132.600 35.467 486.573 51.555 494.645 18.552 484.015 480.988 31.418 162.695 9.233 405.253 15.443 55.373 486.213 8.973 0.000 463.518 33.913 32.962 12.917 49.600 42.347 18.263 481.757 403.343 29.410 31.245 486.888 43.335 402.085 15.567 40.510 38.502 18.480 137.175 41.372 485.928 492.438 37.798 137.120 21.367 35.985 13.627 21.710 12.768 21.408 483.607
433.407 25.630 25.630 336.877 62.905 31.790 441.472 470.127 27.142 450.825 457.408 447.757 31.348 26.425 335.727 24.938 454.793 339.127 339.187 447.347 458.450 442.970 457.668 439.522 66.320 430.445 431.590 430.540 340.403 458.330 29.452 434.813 37.523 444.357 26.893 23.867 458.528 335.890 442.595 62.158 444.648 434.423 29.092 445.160 446.262 0.000 465.305 461.235 442.068 433.292 436.395 453.343 24.635 68.127 450.403 455.048 29.767 430.425 65.413 452.715 439.120 469.160 451.927 334.423 438.768 28.807 41.925 447.087 332.532 449.632 459.797 444.817 453.487 450.702 452.955 26.485
28.950 483.633 483.633 137.993 402.113 489.793 37.947 14.502 485.145 27.610 12.328 31.925 489.352 484.428 165.113 482.942 24.942 129.042 131.190 32.363 12.422 38.460 12.385 33.405 404.675 53.453 36.298 41.743 133.482 15.615 487.455 42.177 495.527 33.832 484.897 481.870 10.975 163.577 34.032 406.135 33.195 45.995 487.095 30.377 32.483 464.400 0.000 11.127 39.655 42.405 33.798 36.053 482.638 404.225 21.322 18.332 487.770 36.865 402.967 28.400 31.608 18.133 37.718 138.057 32.700 486.810 493.320 28.420 138.002 40.415 16.133 37.912 35.438 27.392 37.807 484.488
27.413 482.097 482.097 136.457 400.577 488.257 38.783 19.452 483.608 26.565 7.773 33.462 487.815 482.892 163.577 481.405 21.928 127.505 129.653 29.552 14.035 39.297 7.830 31.868 403.138 51.110 34.762 40.207 131.945 17.228 485.918 39.963 493.990 32.750 483.360 480.333 11.195 162.040 34.868 404.598 34.142 43.782 485.558 31.213 33.320 462.863 11.582 0.000 40.492 40.868 32.262 37.590 481.102 402.688 19.785 14.120 486.233 35.328 401.430 25.220 30.072 23.637 39.255 136.520 31.163 485.273 491.783 26.883 136.465 41.952 17.747 39.448 36.975 25.523 39.343 482.952
42.150 478.480 478.480 132.840 396.960 484.640 5.550 41.378 479.992 19.063 36.575 14.647 484.198 479.275 159.960 477.788 24.422 123.888 126.037 17.177 41.698 4.808 36.835 47.630 399.522 62.408 41.812 47.418 128.328 42.907 482.302 54.332 490.373 18.853 479.743 476.717 38.858 158.423 9.535 400.982 15.698 54.705 481.942 13.472 12.955 459.247 41.353 40.402 0.000 47.918 45.247 18.998 477.485 399.072 36.850 38.685 482.617 41.653 397.813 21.470 47.228 45.942 19.215 132.903 46.877 481.657 488.167 45.238 132.848 21.950 43.425 13.675 22.445 18.940 22.143 479.335
12.548 452.708 452.708 107.068 371.188 458.868 44.913 48.745 454.220 41.447 35.698 50.185 458.427 453.503 134.188 452.017 41.192 98.117 100.265 36.578 36.740 46.412 35.958 18.663 373.750 27.203 8.780 5.950 102.557 36.620 456.530 19.127 464.602 35.858 453.972 450.945 36.818 132.652 43.043 375.210 39.302 19.500 456.170 43.560 48.587 433.475 43.595 39.525 46.622 0.000 15.482 58.760 451.713 373.300 28.693 33.338 456.845 10.010 372.042 41.617 18.262 49.460 58.977 107.132 17.910 455.885 462.395 30.827 107.077 61.863 38.087 54.327 62.207 42.377 61.905 453.563
2.098 455.555 455.555 109.915 374.035 461.715 42.052 39.350 457.067 36.370 26.303 44.842 461.273 456.350 137.035 454.863 31.733 100.963 103.112 33.717 27.345 43.550 26.563 7.965 376.597 27.642 9.933 14.502 105.403 27.225 459.377 18.777 467.448 32.997 456.818 453.792 27.423 135.498 40.182 378.057 36.440 19.938 459.017 40.698 43.125 436.322 34.200 30.130 43.760 16.040 0.000 55.040 454.560 376.147 19.298 23.943 459.692 12.313 374.888 35.025 7.563 40.065 55.257 109.978 7.212 458.732 465.242 21.715 109.923 58.143 28.692 51.403 57.218 35.328 58.185 456.410
49.500 486.093 486.093 140.453 404.573 492.253 19.075 37.477 487.605 24.988 36.688 14.075 491.812 486.888 167.573 485.402 28.983 131.502 133.650 28.735 44.255 17.498 36.948 53.955 407.135 74.457 53.860 59.467 135.942 46.322 489.915 63.557 497.987 30.412 487.357 484.330 41.415 166.037 21.820 408.595 27.303 66.753 489.555 20.975 18.270 466.860 37.452 38.007 18.812 59.967 54.348 0.000 485.098 406.685 41.412 42.218 490.230 53.702 405.427 27.568 52.512 42.040 6.210 140.517 53.373 489.270 495.780 49.800 140.462 7.780 46.840 14.097 7.455 24.770 6.707 486.948
451.647 7.172 7.172 355.117 81.145 15.257 459.712 488.367 8.683 469.065 475.648 465.997 12.890 7.735 353.967 4.587 473.033 357.367 357.427 465.587 476.690 461.210 475.908 457.762 84.560 448.685 449.830 448.780 358.643 476.570 11.058 453.053 18.833 462.597 8.203 11.712 476.768 354.130 460.835 80.398 462.888 452.663 10.698 463.400 464.502 24.775 483.545 479.475 460.308 451.532 454.635 471.583 0.000 86.367 468.643 473.288 11.373 448.665 83.653 470.955 457.360 487.400 470.167 352.663 457.008 10.348 37.835 465.327 350.772 467.872 478.037 463.057 471.727 468.942 471.195 8.027
374.752 87.255 87.255 278.222 3.655 93.415 382.817 411.472 88.767 392.170 398.753 389.102 92.973 88.050 277.072 86.563 396.138 280.472 280.532 388.692 399.795 384.315 399.013 380.867 5.950 371.790 372.935 371.885 281.748 399.675 91.077 376.158 99.148 385.702 88.518 85.492 399.873 277.235 383.940 9.757 385.993 375.768 90.717 386.505 387.607 68.022 406.650 402.580 383.413 374.637 377.740 394.688 86.260 0.000 391.748 396.393 91.392 371.770 8.207 394.060 380.465 410.505 393.272 275.768 380.113 90.432 96.942 388.432 273.877 390.977 401.142 386.162 394.832 392.047 394.300 88.110
14.942 469.625 469.625 123.985 388.105 475.785 34.970 25.070 471.137 22.752 12.023 31.223 475.343 470.420 151.105 468.933 18.115 115.033 117.182 25.738 13.065 35.483 12.283 19.397 390.667 39.745 22.290 27.735 119.473 12.945 473.447 28.468 481.518 28.937 470.888 467.862 13.143 149.568 31.055 392.127 30.328 32.287 473.087 27.400 29.507 450.392 19.920 15.850 36.678 28.397 19.790 41.422 468.630 390.217 0.000 9.663 473.762 22.857 388.958 21.407 17.900 25.785 41.638 124.048 18.815 472.802 479.312 14.712 123.993 44.525 14.412 37.785 42.938 21.710 44.567 470.480
21.073 475.757 475.757 130.117 394.237 481.917 36.818 23.483 477.268 24.600 10.268 33.072 481.475 476.552 157.237 475.065 19.963 121.165 123.313 27.587 12.033 37.332 10.528 25.528 396.798 44.770 28.422 33.867 125.605 12.862 479.578 33.623 487.650 30.785 477.020 473.993 11.612 155.700 32.903 398.258 32.177 37.442 479.218 29.248 31.355 456.523 18.333 14.095 38.527 34.528 25.922 41.798 474.762 396.348 13.445 0.000 479.893 28.988 395.090 23.255 23.732 24.753 43.463 130.180 24.823 478.933 485.443 20.543 130.125 46.160 13.380 39.633 41.183 23.558 43.552 476.612
456.712 3.520 3.520 360.182 86.210 9.688 464.777 493.432 7.117 474.130 480.713 471.062 7.322 8.908 359.032 9.742 478.098 362.432 362.492 470.652 481.755 466.275 480.973 462.827 89.625 453.750 454.895 453.845 363.708 481.635 4.873 458.118 15.483 467.662 9.377 11.882 481.833 359.195 465.900 85.463 467.953 457.728 4.972 468.465 469.567 29.840 488.610 484.540 465.373 456.597 459.700 476.648 11.260 91.432 473.708 478.353 0.000 453.730 88.718 476.020 462.425 492.465 475.232 357.728 462.073 6.697 30.265 470.392 355.837 472.937 483.102 468.122 476.792 474.007 476.260 8.968
9.008 449.975 449.975 104.335 368.455 456.135 39.118 43.182 451.487 35.652 30.135 44.390 455.693 450.770 131.455 449.283 35.397 95.383 97.532 30.783 31.177 40.617 30.395 15.123 371.017 25.580 5.487 9.845 99.823 31.057 453.797 17.503 461.868 30.063 451.238 448.212 31.255 129.918 37.248 372.477 33.507 17.877 453.437 37.765 42.792 430.742 38.032 33.962 40.827 9.997 11.942 52.965 448.980 370.567 23.130 27.775 454.112 0.000 369.308 35.822 14.722 43.897 53.182 104.398 14.370 453.152 459.662 28.873 104.343 56.068 32.523 48.532 56.412 36.582 56.110 450.830
373.475 84.487 84.487 276.945 4.252 90.647 381.540 410.195 85.998 390.893 397.477 387.825 90.205 85.282 275.795 83.795 394.862 279.195 279.255 387.415 398.518 383.038 397.737 379.590 8.623 370.513 371.658 370.608 280.472 398.398 88.308 374.882 96.380 384.425 85.750 82.723 398.597 275.958 382.663 6.988 384.717 374.492 87.948 385.228 386.330 65.253 405.373 401.303 382.137 373.360 376.463 393.412 83.492 8.227 390.472 395.117 88.623 370.493 0.000 392.783 379.188 409.228 391.995 274.492 378.837 87.663 94.173 387.155 272.600 389.700 399.865 384.885 393.555 390.770 393.023 85.342
29.758 482.498 482.498 136.858 400.978 488.658 19.830 32.670 484.010 6.905 21.395 17.572 488.217 483.293 163.978 481.807 8.503 127.907 130.055 9.663 26.518 21.328 21.655 34.213 403.540 55.092 35.888 41.495 132.347 27.727 486.320 43.815 494.392 12.862 483.762 480.735 23.678 162.442 15.915 405.000 14.472 47.633 485.960 13.748 15.855 463.265 29.717 25.222 21.538 41.995 34.607 27.770 481.503 403.090 21.670 23.505 486.635 35.730 401.832 0.000 32.770 37.233 27.987 136.922 33.632 485.675 492.185 30.058 136.867 30.873 28.245 24.133 31.217 7.982 30.915 483.353
2.667 457.623 457.623 111.983 376.103 463.783 44.270 37.808 459.135 34.930 24.762 43.402 463.342 458.418 139.103 456.932 30.293 103.032 105.180 35.935 25.803 45.768 25.022 7.298 378.665 29.710 12.168 16.737 107.472 25.683 461.445 16.058 469.517 35.215 458.887 455.860 25.882 137.567 42.400 380.125 38.658 19.787 461.085 39.578 41.685 438.390 32.658 28.588 45.978 18.275 7.515 53.600 456.628 378.215 17.858 22.402 461.760 14.548 376.957 33.585 0.000 38.523 53.817 112.047 4.447 460.800 467.310 18.573 111.992 56.703 27.150 49.963 55.677 33.888 56.745 458.478
36.080 490.763 490.763 145.123 409.243 496.923 44.505 9.862 492.275 34.168 23.820 38.483 496.482 491.558 172.243 490.072 31.555 136.172 138.320 38.922 18.752 45.018 23.877 40.535 411.805 53.328 43.428 48.873 140.612 20.518 494.585 42.182 502.657 40.390 492.027 489.000 19.547 170.707 40.590 413.265 39.753 46.000 494.225 36.935 39.042 471.530 18.463 24.372 46.213 49.535 40.928 42.667 489.768 411.355 28.452 26.903 494.900 43.995 410.097 35.013 38.738 0.000 44.332 145.187 39.830 493.940 500.450 35.550 145.132 47.028 19.417 44.525 42.052 33.950 44.420 491.618
49.647 484.883 484.883 139.243 403.363 491.043 19.222 39.142 486.395 25.135 38.353 14.222 490.602 485.678 166.363 484.192 29.130 130.292 132.440 28.882 45.920 17.645 38.613 54.102 405.925 74.603 54.007 59.613 134.732 47.615 488.705 63.703 496.777 30.558 486.147 483.120 43.080 164.827 21.967 407.385 27.450 66.900 488.345 21.122 18.417 465.650 39.117 39.672 18.958 60.113 54.495 6.050 483.888 405.475 41.558 43.393 489.020 53.848 404.217 27.715 52.658 43.705 0.000 139.307 53.520 488.060 494.570 49.947 139.252 8.350 48.133 14.243 8.923 24.917 8.392 485.738
109.012 354.210 354.210 13.542 272.690 360.370 117.077 145.732 355.722 126.430 133.013 123.362 359.928 355.005 40.040 353.518 130.398 14.818 10.827 122.952 134.055 118.575 133.273 115.127 275.252 106.050 107.195 106.145 11.628 133.935 358.032 110.418 366.103 119.962 355.473 352.447 134.133 40.203 118.200 276.712 120.253 110.028 357.672 120.765 121.867 334.977 140.910 136.840 117.673 108.897 112.000 128.948 353.215 274.802 126.008 130.653 358.347 106.030 273.543 128.320 114.725 144.765 127.532 0.000 114.373 357.387 363.897 122.692 7.783 125.237 135.402 120.422 129.092 126.307 128.560 355.065
2.337 457.293 457.293 111.653 375.773 463.453 43.940 38.583 458.805 35.603 25.537 44.075 463.012 458.088 138.773 456.602 30.967 102.702 104.850 35.605 26.578 45.438 25.797 6.968 378.335 29.380 11.838 16.407 107.142 26.458 461.115 17.403 469.187 34.885 458.557 455.530 26.657 137.237 42.070 379.795 38.328 21.132 460.755 40.252 42.358 438.060 33.433 29.363 45.648 17.945 7.185 54.273 456.298 377.885 18.532 23.177 461.430 14.218 376.627 34.258 4.345 39.298 54.490 111.717 0.000 460.470 466.980 19.617 111.662 57.377 27.925 50.637 56.452 34.562 57.418 458.148
455.737 0.177 0.177 359.207 85.235 12.538 463.802 492.457 4.540 473.155 479.738 470.087 10.172 7.632 358.057 8.692 477.123 361.457 361.517 469.677 480.780 465.300 479.998 461.852 88.650 452.775 453.920 452.870 362.733 480.660 5.837 457.143 13.800 466.687 8.100 12.352 480.858 358.220 464.925 84.488 466.978 456.753 6.500 467.490 468.592 28.865 487.635 483.565 464.398 455.622 458.725 475.673 10.210 90.457 472.733 477.378 6.885 452.755 87.743 475.045 461.450 491.490 474.257 356.753 461.098 0.000 33.115 469.417 354.862 471.962 482.127 467.147 475.817 473.032 475.285 7.452
462.368 29.988 29.988 365.838 91.867 34.223 470.433 499.088 33.802 479.787 486.370 476.718 31.857 35.450 364.688 36.283 483.755 368.088 368.148 476.308 487.412 471.932 486.630 468.483 95.282 459.407 460.552 459.502 369.365 487.292 31.052 463.775 41.952 473.318 35.918 35.038 487.490 364.852 471.557 91.120 473.610 463.385 31.440 474.122 475.223 42.132 494.267 490.197 471.030 462.253 465.357 482.305 37.802 97.088 479.365 484.010 30.367 459.387 94.375 481.677 468.082 498.122 480.888 363.385 467.730 33.165 0.000 476.048 361.493 478.593 488.758 473.778 482.448 479.663 481.917 35.510
16.660 466.952 466.952 121.312 385.432 473.112 45.127 34.412 468.463 32.908 21.365 41.380 472.670 467.747 148.432 466.260 28.272 112.360 114.508 35.895 22.407 45.640 21.625 21.115 387.993 31.513 26.162 28.545 116.800 22.287 470.773 17.790 478.845 39.093 468.215 465.188 22.485 146.895 41.212 389.453 40.485 21.608 470.413 37.557 39.663 447.718 29.262 25.192 46.835 31.298 21.508 51.578 465.957 387.543 15.363 19.005 471.088 26.945 386.285 31.563 18.227 35.127 51.795 121.375 19.318 470.128 476.638 0.000 121.320 54.682 23.753 47.942 52.280 31.867 54.648 467.807
107.942 352.568 352.568 11.915 271.048 358.728 116.007 144.662 354.080 125.360 131.943 122.292 358.287 353.363 38.398 351.877 129.328 13.662 11.965 121.882 132.985 117.505 132.203 114.057 273.610 104.980 106.125 105.075 13.125 132.865 356.390 109.348 364.462 118.892 353.832 350.805 133.063 38.562 117.130 275.070 119.183 108.958 356.030 119.695 120.797 333.335 139.840 135.770 116.603 107.827 110.930 127.878 351.573 273.160 124.938 129.583 356.705 104.960 271.902 127.250 113.655 143.695 126.462 7.613 113.303 355.745 362.255 121.622 0.000 124.167 134.332 119.352 128.022 125.237 127.490 353.423
52.617 482.392 482.392 136.752 400.872 488.552 22.192 41.902 483.903 28.105 41.113 17.192 488.110 483.187 163.872 481.700 32.100 127.800 129.948 31.852 48.680 20.615 41.373 57.072 403.433 77.573 56.977 62.583 132.240 50.585 486.213 66.673 494.285 33.528 483.655 480.628 45.840 162.335 24.937 404.893 30.420 69.870 485.853 24.092 21.387 463.158 41.877 42.432 21.928 63.083 57.465 7.765 481.397 402.983 44.528 46.363 486.528 56.818 401.725 30.685 55.628 46.465 8.248 136.815 56.490 485.568 492.078 52.917 136.760 0.000 51.103 17.213 7.908 27.887 7.377 483.247
23.330 478.013 478.013 132.373 396.493 484.173 41.558 19.142 479.525 29.340 14.895 37.812 483.732 478.808 159.493 477.322 24.703 123.422 125.570 32.327 8.122 42.072 15.155 27.785 399.055 47.833 30.678 36.123 127.862 5.815 481.835 36.557 489.907 35.525 479.277 476.250 10.595 157.957 37.643 400.515 36.917 40.375 481.475 33.988 36.095 458.780 16.272 18.432 43.267 36.785 28.178 46.013 477.018 398.605 15.702 14.282 482.150 31.245 397.347 27.995 25.988 18.175 47.678 132.437 27.080 481.190 487.700 22.800 132.382 50.375 0.000 44.373 45.398 28.298 47.767 478.868
44.155 478.273 478.273 132.633 396.753 484.433 12.270 38.247 479.785 19.643 35.792 10.853 483.992 479.068 159.753 477.582 23.638 123.682 125.830 23.272 40.915 10.693 36.052 48.610 399.315 68.267 47.670 53.277 128.122 42.123 482.095 58.212 490.167 24.948 479.537 476.510 38.075 158.217 15.630 400.775 21.557 60.563 481.735 15.630 11.868 459.040 38.222 38.777 12.007 53.777 49.003 12.600 477.278 398.865 36.067 37.902 482.410 47.512 397.607 22.223 47.167 42.810 12.817 132.697 48.028 481.450 487.960 44.455 132.642 15.703 42.642 0.000 16.022 19.425 15.745 479.128
52.923 486.290 486.290 140.650 404.770 492.450 22.440 36.993 487.802 28.412 36.205 17.498 492.008 487.085 167.770 485.598 32.407 131.698 133.847 32.158 43.772 20.863 36.465 57.378 407.332 77.880 57.283 62.890 136.138 45.838 490.112 66.980 498.183 33.835 487.553 484.527 40.932 166.233 25.243 408.792 30.727 70.177 489.752 24.398 21.693 467.057 36.968 37.523 22.177 63.390 57.772 7.285 485.295 406.882 44.835 41.735 490.427 57.125 405.623 30.992 55.935 41.557 8.757 140.713 56.797 489.467 495.977 53.223 140.658 7.977 46.357 17.298 0.000 28.193 5.368 487.145
29.842 483.238 483.238 137.598 401.718 489.398 17.250 29.558 484.750 4.200 21.478 14.460 488.957 484.033 164.718 482.547 9.325 128.647 130.795 9.565 26.602 18.720 21.738 34.297 404.280 55.175 36.628 42.235 133.087 27.810 487.060 43.898 495.132 12.453 484.502 481.475 23.762 163.182 13.335 405.740 11.892 47.717 486.700 10.637 12.743 464.005 29.533 25.305 18.958 42.735 34.690 24.658 482.243 403.830 21.753 23.588 487.375 36.470 402.572 7.780 32.853 34.122 24.875 137.662 33.715 486.415 492.925 30.142 137.607 27.762 28.328 21.022 28.105 0.000 27.803 484.093
52.540 485.705 485.705 140.065 404.185 491.865 22.115 39.397 487.217 28.028 38.608 17.115 491.423 486.500 167.185 485.013 32.023 131.113 133.262 31.775 46.175 20.538 38.868 56.995 406.747 77.497 56.900 62.507 135.553 48.242 489.527 66.597 497.598 33.452 486.968 483.942 43.335 165.648 24.860 408.207 30.343 69.793 489.167 24.015 21.310 466.472 39.372 39.927 21.852 63.007 57.388 6.485 484.710 406.297 44.452 44.138 489.842 56.742 405.038 30.608 55.552 43.960 8.172 140.128 56.413 488.882 495.392 52.840 140.073 7.392 48.760 17.137 5.403 27.810 0.000 486.560
453.570 4.292 4.292 357.040 83.068 12.845 461.635 490.290 6.210 470.988 477.572 467.920 10.478 5.368 355.890 6.525 474.957 359.290 359.350 467.510 478.613 463.133 477.832 459.685 86.483 450.608 451.753 450.703 360.567 478.493 8.647 454.977 16.377 464.520 5.837 11.380 478.692 356.053 462.758 82.322 464.812 454.587 8.287 465.323 466.425 26.698 485.468 481.398 462.232 453.455 456.558 473.507 8.043 88.290 470.567 475.212 8.962 450.588 85.577 472.878 459.283 489.323 472.090 354.587 458.932 7.468 35.423 467.250 352.695 469.795 479.960 464.980 473.650 470.865 473.118 0.000
0.0000 110.4605 110.4605 24.0201 90.2501 110.1866 8.4942 7.3597 110.1508 7.1850 4.8572 9.0825 111.1455 110.0064 29.5477 109.6131 6.0968 21.8094 22.3444 6.3573 4.8381 8.8013 4.8062 0.3245 90.2344 5.5462 1.2684 1.9011 22.8061 4.2895 110.7027 2.6665 111.1411 6.0180 110.1231 109.3443 4.9131 29.1849 7.9910 90.5053 6.8023 3.1002 110.6284 8.1958 8.5894 104.9471 5.9987 5.3995 8.8999 1.8054 0.3535 11.6105 109.0254 89.9192 2.9651 3.8612 110.7811 1.7926 89.7961 6.7948 0.6556 8.0110 11.6006 24.1164 0.5632 110.5049 112.2234 3.4632 23.8958 12.3776 5.1591 10.7409 12.3694 6.9292 12.3469 109.8064
110.2973 0.0000 0.0000 88.2612 20.8291 1.9253 112.3063 120.1407 0.3096 113.0056 115.3861 113.7944 1.6079 1.0107 87.9495 1.2141 115.2147 88.5575 88.7799 112.3781 115.3669 112.6134 115.3350 110.6219 21.0844 110.3816 109.4749 108.7540 88.9220 114.8184 0.5482 111.2192 0.9530 111.4952 1.1274 2.1632 115.4420 88.0021 112.5565 19.9983 111.6661 110.6401 0.6825 111.8908 113.2856 6.1637 116.5275 115.9283 111.1429 109.0300 110.2718 116.5976 1.5051 21.2749 113.4940 114.3901 0.8339 109.1951 20.8496 113.5189 110.9529 120.1320 115.3809 87.5944 110.8605 0.0444 6.7978 112.3391 87.0630 115.5954 115.6879 114.6038 116.7127 112.9852 116.5007 0.5993
110.2973 0.0000 0.0000 88.2612 20.8291 1.9253 112.3063 120.1407 0.3096 113.0056 115.3861 113.7944 1.6079 1.0107 87.9495 1.2141 115.2147 88.5575 88.7799 112.3781 115.3669 112.6134 115.3350 110.6219 21.0844 110.3816 109.4749 108.7540 88.9220 114.8184 0.5482 111.2192 0.9530 111.4952 1.1274 2.1632 115.4420 88.0021 112.5565 19.9983 111.6661 110.6401 0.6825 111.8908 113.2856 6.1637 116.5275 115.9283 111.1429 109.0300 110.2718 116.5976 1.5051 21.2749 113.4940 114.3901 0.8339 109.1951 20.8496 113.5189 110.9529 120.1320 115.3809 87.5944 110.8605 0.0444 6.7978 112.3391 87.0630 115.5954 115.6879 114.6038 116.7127 112.9852 116.5007 0.5993
24.2263 88.5106 88.5106 0.0000 68.3002 88.2367 26.2353 34.0697 88.2009 26.9345 29.3150 27.7233 89.1956 88.0564 5.5385 87.6632 29.1436 2.4864 2.7088 26.3070 29.2958 26.5423 29.2639 24.5508 68.2845 24.3105 23.4039 22.6829 3.0343 28.7473 88.7528 25.1481 89.1911 25.4241 88.1732 87.3944 29.3709 5.1758 26.4854 68.5554 25.5950 24.5690 88.6785 25.8197 27.2145 82.9971 30.4565 29.8572 25.0718 22.9589 24.2007 30.5265 87.0755 67.9693 27.4229 28.3190 88.8312 23.1241 67.8462 27.4478 24.8818 34.0609 29.3098 2.4984 24.7895 88.5550 90.2735 26.2680 2.0487 29.5243 29.6168 28.5327 30.6416 26.9141 30.4296 87.8565
90.4755 20.8200 20.8200 68.4394 0.0000 20.5462 92.4845 100.3189 20.5104 93.1837 95.5642 93.9726 21.5051 20.3659 68.1277 19.9726 95.3928 68.7356 68.9580 92.5563 95.5451 92.7915 95.5132 90.8000 0.5915 90.5597 89.6531 88.9322 69.1001 94.9965 21.0622 91.3973 21.5006 91.6733 20.4826 19.7039 95.6201 68.1802 92.7346 0.8648 91.8443 90.8182 20.9880 92.0689 93.4637 15.3066 96.7057 96.1065 91.3210 89.2081 90.4499 96.7757 19.3850 0.6017 93.6721 94.5682 21.1406 89.3733 0.8167 93.6970 91.1310 100.3102 95.5591 67.7726 91.0387 20.8645 22.5830 92.5172 67.2412 95.7735 95.8661 94.7820 96.8908 93.1634 96.6788 20.1659
110.0235 1.9253 1.9253 87.9874 20.5553 0.0000 112.0325 119.8669 1.9259 112.7317 115.1122 113.5206 0.3174 2.0815 87.6757 2.2166 114.9408 88.2836 88.5060 112.1043 115.0931 112.3395 115.0612 110.3480 20.8106 110.1077 109.2011 108.4802 88.6481 114.5445 1.4844 110.9454 2.5411 111.2213 2.1983 2.0553 115.1681 87.7283 112.2826 19.7244 111.3923 110.3662 1.4961 111.6169 113.0117 5.8898 116.2537 115.6545 110.8690 108.7561 109.9979 116.3237 2.5076 21.0011 113.2201 114.1162 1.2816 108.9213 20.5757 113.2450 110.6790 119.8582 115.1071 87.3206 110.5867 1.9698 7.0036 112.0652 86.7892 115.3215 115.4141 114.3300 116.4388 112.7114 116.2268 1.8816
8.5572 114.7902 114.7902 28.3498 94.5798 114.5164 0.0000 8.5894 114.4806 3.2115 6.6834 2.3670 115.4753 114.3361 33.8774 113.9428 4.5276 26.1392 26.6741 2.8145 7.6555 0.4292 6.6324 9.0280 94.5641 12.6278 7.8605 8.7235 27.1359 8.0562 115.0324 10.4374 115.4708 3.1234 114.4529 113.6741 7.0475 33.5147 1.1290 94.8350 2.5045 10.1817 114.9582 2.0192 1.8582 109.2768 8.6201 7.2257 0.5278 8.3975 8.4272 3.7165 113.3552 94.2490 7.4646 6.8849 115.1108 7.8700 94.1259 3.7313 9.3590 9.6900 3.7065 28.4461 9.2667 114.8347 116.5532 9.2407 28.2255 4.4836 8.2398 2.4681 4.5668 3.1911 4.4529 114.1362
6.6489 117.1444 117.1444 30.7039 96.9340 116.8705 8.4865 0.0000 116.8347 6.0317 2.8760 6.9903 117.8294 116.6902 36.2315 116.2969 5.6514 28.4933 29.0282 7.0506 2.1331 8.6340 2.8135 6.5799 96.9182 10.5062 7.6396 8.4657 29.4900 2.7831 117.3865 9.0514 117.8249 7.3596 116.8070 116.0282 2.0961 35.8688 7.5110 97.1891 6.9209 9.6785 117.3123 6.6129 7.0066 111.6309 1.8125 2.9048 8.8921 8.1766 6.9065 8.1864 115.7093 96.6031 3.6618 3.4139 117.4649 7.8253 96.4800 6.3494 6.6317 2.0505 8.5225 30.8002 6.8163 117.1888 118.9073 5.4998 30.5796 9.3082 2.7559 8.1629 8.1030 5.8887 8.5372 116.4903
109.9877 0.3096 0.3096 87.9516 20.5195 1.9259 111.9967 119.8311 0.0000 112.6959 115.0764 113.4848 1.6085 0.7694 87.6399 0.9044 114.9050 88.2478 88.4702 112.0685 115.0573 112.3037 115.0254 110.3122 20.7748 110.0720 109.1653 108.4444 88.6123 114.5087 0.6804 110.9096 1.1785 111.1855 0.8861 1.8535 115.1323 87.6924 112.2468 19.6886 111.3565 110.3305 0.6057 111.5811 112.9760 5.8540 116.2179 115.6187 110.8332 108.7203 109.9621 116.2879 1.1955 20.9653 113.1843 114.0804 0.7939 108.8855 20.5399 113.2092 110.6432 119.8224 115.0713 87.2848 110.5509 0.3541 6.9300 112.0294 86.7534 115.2857 115.3783 114.2942 116.4030 112.6756 116.1910 0.3708
7.3442 116.1269 116.1269 29.6865 95.9165 115.8530 3.1814 6.1971 115.8172 0.0000 3.7991 2.5934 116.8119 115.6727 35.2141 115.2795 1.6432 27.4758 28.0108 1.2567 4.7711 3.4884 3.7480 7.2751 95.9008 11.4043 6.7983 7.6613 28.4725 5.1718 116.3691 9.9537 116.8075 1.9453 115.7895 115.0107 4.1631 34.8513 2.2059 96.1717 1.4793 9.1195 116.2948 1.7068 2.1004 110.6135 6.2278 4.3413 3.5870 7.3353 7.6017 5.1215 114.6918 95.5856 4.5802 4.0005 116.4475 6.8078 95.4625 0.7637 7.3022 7.2977 5.1115 29.7828 7.3157 116.1713 117.8898 6.3563 29.5622 5.8886 5.3554 4.2519 5.9718 0.2491 5.8579 115.4728
5.4795 115.9749 115.9749 29.5345 95.7645 115.7011 6.6834 3.4358 115.6653 3.7991 0.0000 5.6966 116.6600 115.5208 35.0621 115.1275 2.7109 27.3238 27.8588 4.4412 1.7267 6.8310 0.1268 5.4105 95.7488 9.4899 6.4702 7.2963 28.3206 2.4623 116.2171 8.0351 116.6555 5.1299 115.6375 114.8588 1.1186 34.6994 5.7080 96.0197 5.1015 8.6621 116.1429 4.8099 5.2035 110.4615 1.9941 0.7201 7.0891 7.0071 5.7370 7.9548 114.5399 95.4337 2.4923 1.3103 116.2955 6.6558 95.3105 3.4089 5.4622 4.3094 8.2908 29.6308 5.6469 116.0193 117.7379 4.3303 29.4102 9.0765 2.6459 7.3550 7.8713 3.5433 8.3055 115.3208
9.2610 116.2783 116.2783 29.8379 96.0679 116.0045 2.3670 6.7932 115.9687 2.6128 5.7159 0.0000 116.9634 115.8242 35.3655 115.4309 3.5601 27.6272 28.1622 3.4890 6.6880 2.3015 5.6649 9.1920 96.0522 13.3212 9.0072 9.8702 28.6240 7.0887 116.5205 11.8706 116.9589 3.7979 115.9409 115.1622 6.0800 35.0028 2.1881 96.3231 3.1907 12.4977 116.4463 1.6675 1.2552 110.7649 6.8239 6.7182 2.6598 9.5441 9.5186 2.5483 114.8433 95.7371 6.4971 5.9174 116.5989 9.0167 95.6139 3.1685 9.2191 7.8938 2.5384 29.9342 9.2325 116.3227 118.0413 8.2732 29.7136 3.3154 7.2723 2.1820 3.3986 2.4698 3.2847 115.6242
110.9824 1.6079 1.6079 88.9463 21.5142 0.3174 112.9914 120.8258 1.6085 113.6906 116.0711 114.4795 0.0000 1.7641 88.6346 1.8992 115.8997 89.2425 89.4649 113.0632 116.0520 113.2984 116.0201 111.3069 21.7695 111.0667 110.1600 109.4391 89.6070 115.5034 1.1670 111.9043 2.2237 112.1802 1.8809 2.0932 116.1270 88.6872 113.2415 20.6833 112.3512 111.3252 1.1787 112.5758 113.9707 6.8487 117.2126 116.6134 111.8279 109.7150 110.9568 117.2826 2.1902 21.9600 114.1790 115.0751 0.9642 109.8802 21.5346 114.2039 111.6380 120.8171 116.0660 88.2795 111.5456 1.6523 6.4400 113.0241 87.7481 116.2804 116.3730 115.2889 117.3977 113.6703 117.1857 1.5642
109.8432 1.0107 1.0107 87.8071 20.3750 2.0815 111.8522 119.6866 0.7694 112.5515 114.9319 113.3403 1.7641 0.0000 87.4954 0.6835 114.7605 88.1033 88.3258 111.9240 114.9128 112.1592 114.8809 110.1677 20.6303 109.9275 109.0208 108.2999 88.4678 114.3642 1.2216 110.7651 1.4294 111.0410 0.1168 2.0091 114.9879 87.5480 112.1023 19.5441 111.2120 110.1860 1.2114 111.4366 112.8315 5.7095 116.0734 115.4742 110.6887 108.5758 109.8176 116.1434 0.9746 20.8208 113.0398 113.9359 1.3641 108.7410 20.3954 113.0647 110.4988 119.6779 114.9268 87.1403 110.4064 1.0551 7.4038 111.8849 86.6089 115.1412 115.2338 114.1497 116.2585 112.5311 116.0465 0.3432
29.6249 88.1943 88.1943 5.5385 67.9839 87.9204 31.6339 39.4683 87.8846 32.3332 34.7137 33.1220 88.8793 87.7401 0.0000 87.3468 34.5423 8.7536 8.9760 31.7057 34.6945 31.9410 34.6626 29.9495 67.9681 29.7092 28.8025 28.0816 9.1181 34.1460 88.4364 30.5468 88.8748 30.8228 87.8569 87.0781 34.7696 0.3627 31.8841 68.2390 30.9937 29.9677 88.3622 31.2184 32.6132 82.6808 35.8551 35.2559 30.4705 28.3576 29.5994 35.9252 86.7592 67.6530 32.8216 33.7177 88.5149 28.5228 67.5299 32.8465 30.2805 39.4596 34.7085 7.7906 30.1881 88.2387 89.9572 31.6667 7.2592 34.9230 35.0155 33.9314 36.0403 32.3128 35.8283 87.5402
109.4499 1.2141 1.2141 87.4138 19.9817 2.2166 111.4589 119.2933 0.9044 112.1582 114.5387 112.9470 1.8992 0.6835 87.1021 0.0000 114.3673 87.7101 87.9325 111.5307 114.5195 111.7660 114.4876 109.7745 20.2370 109.5342 108.6275 107.9066 88.0746 113.9710 1.4207 110.3718 1.8182 110.6478 0.8003 1.6226 114.5946 87.1547 111.7090 19.1509 110.8187 109.7927 1.3465 111.0434 112.4382 5.3163 115.6801 115.0809 110.2955 108.1826 109.4244 115.7501 0.2910 20.4275 112.6465 113.5426 1.4991 108.3477 20.0022 112.6715 110.1055 119.2846 114.5335 86.7470 110.0131 1.2585 7.5388 111.4916 86.2156 114.7480 114.8405 113.7564 115.8652 112.1378 115.6532 0.5600
6.2560 116.7514 116.7514 30.3110 96.5410 116.4776 4.5276 6.3475 116.4418 1.6432 2.7109 3.5407 117.4365 116.2973 35.8386 115.9040 0.0000 28.1004 28.6353 1.9472 3.6830 4.6751 2.6599 6.1870 96.5253 10.3162 7.2467 8.0728 29.0971 4.0837 116.9936 8.8656 117.4320 2.4995 116.4141 115.6353 3.0749 35.4759 3.5521 96.7962 2.6605 9.4926 116.9194 2.6540 3.0477 111.2380 4.0227 3.2532 4.9332 7.7837 6.5135 6.0688 115.3164 96.2102 3.4920 2.9124 117.0720 7.4324 96.0871 1.1154 6.2140 7.4482 6.0588 30.4073 6.2275 116.7959 118.5144 5.2682 30.1867 6.8358 4.2672 5.1991 6.9190 1.3874 6.8052 116.0974
21.9069 88.8044 88.8044 2.4477 68.5940 88.5305 23.9159 31.7503 88.4947 24.6151 26.9956 25.4040 89.4894 88.3502 7.5385 87.9570 26.8242 0.0000 1.0813 23.9877 26.9765 24.2229 26.9446 22.2314 68.5783 21.9912 21.0845 20.3636 1.7785 26.4279 89.0466 22.8288 89.4849 23.1047 88.4670 87.6882 27.0516 7.1758 24.1660 68.8492 23.2757 22.2497 88.9723 23.5003 24.8952 83.2909 28.1371 27.5379 22.7524 20.6395 21.8813 28.2071 87.3693 68.2631 25.1035 25.9996 89.1250 20.8047 68.1400 25.1284 22.5625 31.7416 26.9905 2.7483 22.4701 88.8488 90.5673 23.9486 2.2397 27.2049 27.2975 26.2134 28.3222 24.5948 28.1102 88.1503
22.6182 89.0167 89.0167 2.6600 68.8063 88.7429 24.6272 32.4616 88.7071 25.3264 27.7069 26.1153 89.7018 88.5626 7.7509 88.1693 27.5355 1.0813 0.0000 24.6989 27.6878 24.9342 27.6559 22.9427 68.7906 22.7024 21.7958 21.0749 0.7025 27.1392 89.2589 23.5400 89.6973 23.8160 88.6794 87.9006 27.7628 7.3882 24.8773 69.0615 23.9869 22.9609 89.1847 24.2116 25.6064 83.5033 28.8484 28.2492 23.4637 21.3508 22.5926 28.9184 87.5817 68.4755 25.8148 26.7109 89.3373 21.5160 68.3524 25.8397 23.2737 32.4529 27.7017 1.8988 23.1814 89.0612 90.7797 24.6599 2.0907 27.9162 28.0088 26.9247 29.0335 25.3061 28.8215 88.3627
6.4135 115.0454 115.0454 28.6050 94.8350 114.7715 2.8145 7.2529 114.7357 1.0749 4.4412 3.4696 115.7304 114.5912 34.1326 114.1980 1.9472 26.3943 26.9293 0.0000 5.4133 3.1215 4.3902 6.8843 94.8192 10.4841 5.7168 6.5798 27.3910 5.8140 115.2875 8.2937 115.7259 0.8638 114.7080 113.9292 4.8053 33.7698 1.8390 95.0901 1.1124 8.0380 115.2133 1.8567 2.9639 109.5319 5.7530 4.9835 3.2201 6.2537 6.2835 5.9977 113.6103 94.5041 5.2223 4.6427 115.3660 5.7263 94.3810 1.3159 7.2153 8.3535 5.9877 28.7012 7.1229 115.0898 116.8083 6.9985 28.4806 6.7648 5.9976 5.0548 6.8480 1.3996 6.7341 114.3913
4.9849 115.4804 115.4804 29.0399 95.2700 115.2065 7.8981 3.0228 115.1707 5.0137 1.7831 6.9112 116.1654 115.0262 34.5675 114.6329 3.9256 26.8293 27.3643 5.6559 0.0000 8.0457 1.7206 4.9159 95.2542 8.8838 5.9756 6.8017 27.8260 0.9084 115.7225 7.4332 116.1609 6.3445 115.1430 114.3642 0.7805 34.2048 6.9226 95.5251 6.3161 8.0602 115.6483 6.0246 6.4182 109.9669 1.6618 1.8334 8.3037 6.5126 5.2425 8.9836 114.0453 94.9391 1.9978 1.6552 115.8010 6.1613 94.8160 4.6235 4.9677 3.4526 9.3197 29.1362 5.1523 115.5248 117.2433 3.8358 28.9156 10.1053 0.8079 8.5697 8.9001 4.7580 9.3343 114.8263
8.8643 115.0973 115.0973 28.6569 94.8869 114.8234 0.4292 8.7369 114.7876 3.5185 6.8310 2.3015 115.7823 114.6431 34.1845 114.2499 4.6751 26.4462 26.9812 3.1215 7.8031 0.0000 6.7799 9.3350 94.8712 12.9348 8.1675 9.0305 27.4429 8.2038 115.3395 10.7445 115.7778 3.4305 114.7599 113.9811 7.1950 33.8217 1.4361 95.1421 2.8115 10.4887 115.2652 2.3262 1.7927 109.5838 8.7676 7.3732 0.3561 8.7045 8.7343 3.3381 113.6622 94.5560 7.6121 7.0325 115.4179 8.1770 94.4329 4.0383 10.3341 9.8376 3.3281 28.7532 9.5737 115.1417 116.8602 9.3883 28.5326 4.1052 8.3873 2.0897 4.1884 3.4981 4.0745 114.4432
5.4284 115.9239 115.9239 29.4835 95.7135 115.6500 6.6324 3.3732 115.6142 3.7480 0.1268 5.6455 116.6089 115.4697 35.0111 115.0764 2.6599 27.2728 27.8078 4.3902 1.9561 6.7799 0.0000 5.3594 95.6977 9.4388 6.4191 7.2452 28.2695 2.4113 116.1660 7.9840 116.6044 5.0788 115.5865 114.8077 1.3480 34.6483 5.6569 95.9686 5.0504 8.6111 116.0918 4.7589 5.1525 110.4104 1.9315 0.6575 7.0380 6.9561 5.6860 7.9037 114.4888 95.3826 2.4413 1.2592 116.2445 6.6048 95.2595 3.3578 5.4112 4.2469 8.2398 29.5797 5.5958 115.9683 117.6868 4.2793 29.3591 9.0254 2.5949 7.3040 7.8203 3.4923 8.2544 115.2698
0.3245 110.7850 110.7850 24.3446 90.5746 110.5112 8.7229 7.2907 110.4754 7.1159 4.7882 9.0134 111.4701 110.3309 29.8722 109.9376 6.0278 22.1340 22.6689 6.5860 4.7690 9.0299 4.7372 0.0000 90.5589 5.8708 1.5930 2.2256 23.1307 4.2205 111.0272 2.9553 111.4656 6.2466 110.4476 109.6689 4.8441 29.5095 8.2196 90.8298 7.0309 3.4247 110.9530 8.1268 8.5204 105.2716 5.9297 5.3304 9.1285 2.1299 0.5821 11.5415 109.3500 90.2438 2.8961 3.7922 111.1056 2.1171 90.1207 6.7258 0.6097 7.9420 11.5315 24.4409 0.5173 110.8295 112.5480 3.3941 24.2203 12.3086 5.0900 10.6719 12.3004 6.8602 12.2779 110.1310
90.4598 21.0753 21.0753 68.4237 0.5915 20.8015 92.4688 100.3032 20.7657 93.1680 95.5485 93.9568 21.7604 20.6212 68.1120 20.2279 95.3771 68.7199 68.9423 92.5405 95.5293 92.7758 95.4974 90.7843 0.0000 90.5440 89.6374 88.9164 69.0844 94.9808 21.3175 91.3816 21.7559 91.6576 20.7379 19.9592 95.6044 68.1645 92.7189 1.1201 91.8285 90.8025 21.2433 92.0532 93.4480 15.5619 96.6900 96.0907 91.3053 89.1924 90.4342 96.7600 19.6403 0.4522 93.6564 94.5525 21.3959 89.3576 1.1624 93.6813 91.1153 100.2944 95.5433 67.7569 91.0229 21.1198 22.8383 92.5015 67.2254 95.7578 95.8503 94.7662 96.8751 93.1476 96.6631 20.4213
4.1696 112.1934 112.1934 25.7529 91.9830 111.9195 11.4505 10.3697 111.8837 11.0507 8.7719 12.9483 112.8784 111.7392 31.2805 111.3459 9.9626 23.5423 24.0772 9.3136 8.0898 11.7575 8.7209 4.4542 91.9672 0.0000 3.9521 3.3711 24.5390 8.2694 112.4355 1.5128 112.8739 8.9743 111.8560 111.0772 8.8500 30.9178 10.9472 92.2381 9.7586 1.2546 112.3613 12.0616 12.4552 106.6799 9.7773 9.3142 11.8561 3.5424 4.1440 15.4763 110.7583 91.6521 6.8309 7.7759 112.5140 4.1701 91.5290 10.6606 3.8445 10.3610 15.4664 25.8492 4.1019 112.2378 113.9563 4.7194 25.6286 16.2434 8.0475 14.6067 16.2841 10.7950 16.7183 111.5393
1.2495 109.6423 109.6423 23.2019 89.4319 109.3684 7.7914 8.5370 109.3326 6.7360 6.0345 8.9187 110.3273 109.1881 28.7295 108.7949 6.7472 20.9912 21.5262 5.6545 6.0154 8.0985 5.9835 1.5741 89.4161 5.0603 0.0000 0.5306 21.9879 5.4668 109.8844 2.8700 110.3228 5.3152 109.3049 108.5261 6.0904 28.3667 7.2881 89.6870 6.0995 2.6143 109.8102 7.3638 8.4130 104.1288 7.1760 6.5768 8.1970 0.5370 1.1359 11.1663 108.2072 89.1010 4.1424 5.0385 109.9629 0.5338 88.9779 7.0367 1.9051 9.1883 11.1563 23.2981 1.8127 109.6867 111.4052 4.7127 23.0775 11.9334 6.3364 10.0317 12.0166 6.9694 11.9027 108.9882
1.8822 108.9213 108.9213 22.4809 88.7109 108.6475 8.6544 9.3631 108.6117 7.5990 6.8606 9.7817 109.6064 108.4672 28.0085 108.0739 7.6102 20.2703 20.8052 6.5175 6.8415 8.9615 6.8096 2.2067 88.6952 4.4793 0.5306 0.0000 21.2670 6.2929 109.1635 2.2889 109.6019 6.1782 108.5840 107.8052 6.9166 27.6458 8.1511 88.9661 6.9625 2.0332 109.0893 8.2268 9.2760 103.4079 8.0021 7.4029 9.0600 0.1779 1.7685 12.0293 107.4863 88.3801 4.9685 5.8646 109.2419 1.1522 88.2570 7.8997 2.5377 10.0144 12.0193 22.5772 2.4454 108.9658 110.6843 4.5549 22.3566 12.7964 7.1625 10.8947 12.8796 7.8324 12.7657 108.2673
23.0227 89.1544 89.1544 3.0343 68.9440 88.8806 25.0317 32.8661 88.8448 25.7310 28.1115 26.5198 89.8395 88.7003 8.1252 88.3070 27.9401 1.7804 0.7025 25.1035 28.0923 25.3388 28.0604 23.3473 68.9283 23.1070 22.2003 21.4794 0.0000 27.5438 89.3966 23.9446 89.8350 24.2206 88.8170 88.0383 28.1674 7.7624 25.2819 69.1992 24.3915 23.3655 89.3223 24.6162 26.0110 83.6410 29.2529 28.6537 23.8683 21.7554 22.9972 29.3230 87.7194 68.6132 26.2194 27.1155 89.4750 21.9206 68.4900 26.2443 23.6783 32.8574 28.1063 1.7528 23.5859 89.1988 90.9173 25.0645 2.2226 28.3208 28.4133 27.3292 29.4381 25.7106 29.2261 88.5003
4.4344 114.9299 114.9299 28.4895 94.7195 114.6560 8.0562 3.8482 114.6202 5.1718 2.4623 7.0693 115.6149 114.4757 34.0171 114.0824 4.0837 26.2788 26.8138 5.8140 0.6451 8.2038 2.4113 4.3654 94.7037 8.3333 5.4251 6.2512 27.2755 0.0000 115.1720 6.8827 115.6104 6.5026 114.5925 113.8137 1.3845 33.6543 7.0807 94.9746 6.4742 7.5097 115.0978 6.1827 6.5763 109.4164 2.3118 2.5477 8.4618 5.9621 4.6920 10.0579 113.4948 94.3886 1.4473 1.2605 115.2505 5.6108 94.2655 4.7816 4.4172 3.8395 10.3940 28.5857 4.6018 114.9743 116.6928 3.2853 28.3651 11.1797 0.2597 8.7278 9.9745 4.9161 10.4086 114.2758
110.5371 0.5482 0.5482 88.5010 21.0689 1.4844 112.5461 120.3805 0.6804 113.2453 115.6258 114.0341 1.1670 1.2216 88.1893 1.4182 115.4544 88.7972 89.0196 112.6178 115.6066 112.8531 115.5747 110.8616 21.3242 110.6213 109.7147 108.9937 89.1617 115.0581 0.0000 111.4589 1.1639 111.7349 1.3384 2.0403 115.6817 88.2418 112.7962 20.2380 111.9058 110.8798 0.2416 112.1305 113.5253 6.4034 116.7673 116.1680 111.3826 109.2697 110.5115 116.8373 1.7093 21.5147 113.7337 114.6298 0.3930 109.4349 21.0893 113.7586 111.1926 120.3717 115.6206 87.8342 111.1003 0.5926 6.2812 112.5788 87.3027 115.8351 115.9276 114.8436 116.9524 113.2249 116.7404 1.0832
3.0012 111.4338 111.4338 24.9934 91.2234 111.1600 10.3805 9.3353 111.1242 10.0164 7.7375 11.9139 112.1189 110.9797 30.5210 110.5864 8.9282 22.7827 23.3177 8.2437 7.0554 10.6876 7.6865 2.9553 91.2077 1.9700 2.8822 2.3011 23.7795 7.2351 111.6760 0.0000 112.1144 7.9043 111.0964 110.3177 7.8156 30.1583 9.8773 91.4786 8.6886 0.6270 111.6017 9.9530 11.4208 105.9204 8.7429 8.2798 10.7862 2.4724 2.6451 14.4419 109.9987 90.8926 5.7965 6.7415 111.7544 3.1001 90.7694 9.6262 2.3456 9.3266 14.4320 25.0897 2.6030 111.4782 113.1967 3.2205 24.8691 15.2090 7.0131 12.6208 15.2497 9.7606 15.6839 110.7797
110.9779 0.9530 0.9530 88.9418 21.5097 2.5411 112.9869 120.8213 1.1785 113.6862 116.0666 114.4750 2.2237 1.4294 88.6301 1.8182 115.8952 89.2380 89.4605 113.0587 116.0475 113.2940 116.0156 111.3024 21.7650 111.0622 110.1555 109.4346 89.6025 115.4989 1.1639 111.8998 0.0000 112.1757 1.5462 3.0417 116.1226 88.6827 113.2370 20.6789 112.3467 111.3207 1.2982 112.5714 113.9662 6.8442 117.2081 116.6089 111.8235 109.7105 110.9523 117.2781 2.1093 21.9555 114.1745 115.0706 1.4496 109.8757 21.5301 114.1994 111.6335 120.8126 116.0615 88.2750 111.5411 0.9974 7.4136 113.0196 87.7436 116.2760 116.3685 115.2844 117.3932 113.6658 117.1812 1.4779
6.0742 114.7060 114.7060 28.2656 94.4956 114.4322 3.3489 8.1493 114.3964 1.9453 5.1299 4.3660 115.3911 114.2519 33.7932 113.8586 2.4995 26.0550 26.5899 0.8638 6.1019 3.6559 5.0788 6.5450 94.4799 10.1447 5.3775 6.2405 27.0517 6.5026 114.9482 7.9544 115.3866 0.0000 114.3687 113.5899 5.4939 33.4305 2.7354 94.7508 0.8910 7.6987 114.8740 2.2216 3.8603 109.1926 6.4417 5.6721 3.7545 5.9144 5.9442 6.7238 113.2710 94.1648 5.9110 5.3313 115.0266 5.3870 94.0417 2.0045 6.8760 9.2499 6.7138 28.3619 6.7836 114.7505 116.4690 7.6871 28.1413 7.4909 6.6862 5.5892 7.5741 2.1787 7.4602 114.0520
109.9599 1.1274 1.1274 87.9239 20.4918 2.1983 111.9690 119.8034 0.8861 112.6682 115.0487 113.4570 1.8809 0.1168 87.6122 0.8003 114.8773 88.2201 88.4425 112.0407 115.0295 112.2760 114.9976 110.2845 20.7471 110.0442 109.1376 108.4166 88.5846 114.4810 1.3384 110.8818 1.5462 111.1578 0.0000 2.1259 115.1046 87.6647 112.2191 19.6609 111.3287 110.3027 1.3282 111.5534 112.9482 5.8263 116.1902 115.5909 110.8055 108.6926 109.9344 116.2602 1.0913 20.9376 113.1566 114.0527 1.4808 108.8578 20.5122 113.1815 110.6155 119.7946 115.0435 87.2571 110.5231 1.1719 7.5205 112.0017 86.7256 115.2580 115.3505 114.2664 116.3753 112.6478 116.1633 0.4600
109.1812 2.1632 2.1632 87.1451 19.7130 1.9826 111.1902 119.0246 1.8535 111.8894 114.2699 112.6783 2.0204 2.0091 86.8334 1.6226 114.0985 87.4413 87.6637 111.2620 114.2508 111.4972 114.2189 109.5057 19.9683 109.2655 108.3588 107.6379 87.8058 113.7022 2.0427 110.1031 3.0417 110.3790 2.1259 0.0000 114.3258 86.8859 111.4403 18.8821 110.5500 109.5240 1.9685 110.7746 112.1695 5.0475 115.4114 114.8122 110.0267 107.9138 109.1556 115.4814 1.9136 20.1588 112.3778 113.2739 2.1211 108.0790 19.7334 112.4027 109.8367 119.0159 114.2648 86.4783 109.7444 2.2076 7.8373 111.2229 85.9469 114.4792 114.5718 113.4877 115.5965 111.8691 115.3845 1.8092
5.0624 115.5578 115.5578 29.1174 95.3474 115.2839 7.0475 2.6507 115.2481 4.1631 1.1541 6.0606 116.2428 115.1036 34.6450 114.7104 3.0749 26.9067 27.4417 4.8053 0.7595 7.1950 1.0916 4.9933 95.3317 8.9612 6.0530 6.8791 27.9034 1.4095 115.8000 7.5106 116.2383 5.4939 115.2204 114.4416 0.0000 34.2822 6.0720 95.6026 5.4655 8.1376 115.7257 5.1739 5.5676 110.0443 1.2896 1.2044 7.4531 6.5900 5.3199 8.3691 114.1227 95.0165 2.0752 1.4719 115.8784 6.2387 94.8934 3.7729 5.0451 3.5243 8.7051 29.2137 5.2298 115.6022 117.3207 3.9132 28.9931 9.4908 1.5931 7.7190 8.2856 3.9073 8.7198 114.9037
29.2622 88.2468 88.2468 5.1758 68.0364 87.9730 31.2712 39.1056 87.9372 31.9704 34.3509 32.7593 88.9319 87.7927 0.3627 87.3994 34.1795 7.2145 7.4369 31.3430 34.3318 31.5782 34.2999 29.5867 68.0207 29.3465 28.4398 27.7189 7.7624 33.7832 88.4890 30.1841 88.9274 30.4600 87.9094 87.1307 34.4068 0.0000 31.5213 68.2916 30.6310 29.6050 88.4148 30.8556 32.2505 82.7334 35.4924 34.8932 30.1077 27.9948 29.2366 35.5624 86.8118 67.7056 32.4588 33.3549 88.5674 28.1600 67.5824 32.4837 29.9178 39.0969 34.3458 7.8432 29.8254 88.2912 90.0097 31.3039 7.3117 34.5602 34.6528 33.5687 35.6775 31.9501 35.4655 87.5927
8.0539 115.0404 115.0404 28.5999 94.8300 114.7665 1.1290 7.6139 114.7307 2.2360 5.7080 2.1687 115.7254 114.5862 34.1275 114.1929 3.5521 26.3893 26.9243 1.8390 6.6801 1.4361 5.6569 9.1841 94.8142 12.1245 7.3572 8.2202 27.3860 7.0807 115.2825 9.9342 115.7209 2.1480 114.7030 113.9242 6.0720 33.7648 0.0000 95.0851 1.5408 9.6784 115.2083 1.0437 1.2785 109.5269 7.6446 6.2502 1.5347 7.8942 7.9240 4.5039 113.6053 94.4991 6.4891 5.9095 115.3610 7.3667 94.3760 2.7558 9.2111 8.7146 4.4940 28.6962 9.2246 115.0848 116.8033 8.2653 28.4756 5.2710 7.2643 3.3693 5.3542 2.2156 5.2403 114.3863
90.7288 19.9892 19.9892 68.6927 0.8648 19.7153 92.7378 100.5722 19.6795 93.4370 95.8175 94.2258 20.6742 19.5350 68.3810 19.1418 95.6461 68.9889 69.2113 92.8095 95.7983 93.0448 95.7664 91.0533 1.1129 90.8130 89.9064 89.1854 69.3534 95.2498 20.2313 91.6506 20.6697 91.9266 19.6518 18.8730 95.8734 68.4335 92.9879 0.0000 92.0975 91.0715 20.1571 92.3222 93.7170 14.4757 96.9590 96.3597 91.5743 89.4614 90.7032 97.0290 18.5541 1.3106 93.9254 94.8215 20.3098 89.6266 0.8852 93.9503 91.3843 100.5634 95.8123 68.0259 91.2920 20.0336 21.7521 92.7705 67.4944 96.0268 96.1193 95.0353 97.1441 93.4166 96.9321 19.3351
7.1623 115.7941 115.7941 29.3537 95.5837 115.5203 2.4877 6.9489 115.4845 1.4040 4.9803 3.1428 116.4792 115.3400 34.8813 114.9467 2.5551 27.1431 27.6780 1.0070 5.9524 2.7948 4.9292 7.6331 95.5680 11.2328 6.4656 7.3286 28.1398 6.3530 116.0363 9.0425 116.4747 1.3160 115.4568 114.6780 5.3443 34.5186 1.5123 95.8389 0.0000 8.7868 115.9621 1.5258 2.6371 110.2807 6.9797 5.5225 2.8934 7.0025 7.0323 5.6709 114.3591 95.2529 5.7614 5.1818 116.1147 6.4751 95.1298 1.9238 8.4834 8.0496 5.6610 29.4500 7.8717 115.8386 117.5571 7.5376 29.2294 6.4380 6.5366 4.7448 6.5212 1.3836 6.4073 115.1401
3.2568 111.0079 111.0079 24.5675 90.7975 110.7341 10.2651 9.9623 110.6983 9.2097 8.3646 11.3924 111.6930 110.5538 30.0951 110.1605 9.5553 22.3568 22.8918 8.1282 7.6825 10.5721 8.3135 3.5813 90.7818 1.7060 2.7667 2.1857 23.3536 7.8621 111.2501 0.6270 111.6885 7.7889 110.6706 109.8918 8.4426 29.7324 9.7618 91.0527 8.5732 0.0000 111.1759 9.8375 10.8867 105.4945 9.3699 8.9068 10.6707 2.3570 3.2312 13.6400 109.5729 90.4667 6.4236 7.3686 111.3285 2.9847 90.3436 9.5104 2.9070 9.9536 13.6300 24.6638 3.1643 111.0524 112.7709 3.8476 24.4432 14.4071 7.6402 12.5053 14.4903 10.3877 14.3764 110.3539
110.4653 0.6835 0.6835 88.4292 20.9971 1.4961 112.4743 120.3087 0.6057 113.1735 115.5540 113.9624 1.1787 1.2114 88.1175 1.3465 115.3826 88.7254 88.9478 112.5461 115.5349 112.7813 115.5030 110.7898 21.2524 110.5495 109.6429 108.9220 89.0899 114.9863 0.2416 111.3871 1.2992 111.6631 1.3282 1.9685 115.6099 88.1700 112.7244 20.1662 111.8341 110.8080 0.0000 112.0587 113.4535 6.3316 116.6955 116.0963 111.3108 109.1979 110.4397 116.7655 1.6375 21.4429 113.6619 114.5580 0.4047 109.3631 21.0175 113.6868 111.1208 120.3000 115.5489 87.7624 111.0285 0.7279 6.3686 112.5070 87.2310 115.7633 115.8559 114.7718 116.8806 113.1532 116.6686 1.0115
8.3550 115.7742 115.7742 29.3338 95.5638 115.5003 1.9895 6.7158 115.4645 1.7068 4.8099 1.6481 116.4592 115.3200 34.8614 114.9268 2.6540 27.1231 27.6581 1.8731 5.7820 2.2966 4.7589 8.2860 95.5481 12.2002 7.4329 8.2959 28.1198 6.1827 116.0164 10.9646 116.4547 2.1821 115.4368 114.6580 5.1739 34.4986 1.0141 95.8190 1.5749 9.7541 115.9421 0.0000 1.1551 110.2607 6.7466 5.3522 2.3951 7.9699 8.6126 4.1762 114.3391 95.2329 5.5910 5.0114 116.0948 7.4424 95.1098 2.2625 8.3130 7.8165 4.1662 29.4301 8.3265 115.8186 117.5371 7.3672 29.2095 4.9433 6.3663 3.3066 5.0265 1.5638 4.9126 115.1201
8.7486 115.7695 115.7695 29.3291 95.5591 115.4957 1.8582 7.1095 115.4598 2.1004 5.2035 1.2359 116.4545 115.3154 34.8567 114.9221 3.0477 27.1184 27.6534 2.9639 6.1756 1.7927 5.1525 8.6796 95.5434 12.8088 8.4821 9.3451 28.1151 6.5763 116.0117 11.3582 116.4501 3.2729 115.4321 114.6533 5.5676 34.4939 1.2785 95.8143 2.6657 11.9853 115.9374 1.1551 0.0000 110.2561 7.1402 5.7458 2.1510 9.0191 9.0062 3.3863 114.3345 95.2282 5.9847 5.4050 116.0901 8.4916 95.1051 2.6561 8.7067 8.2101 3.3763 29.4254 8.7201 115.8139 117.5324 7.7608 29.2048 4.1534 6.7599 2.3167 4.2366 1.9574 4.1227 115.1154
104.7839 6.1637 6.1637 82.7478 15.3157 5.8898 106.7929 114.6273 5.8540 107.4922 109.8726 108.2810 6.8487 5.7095 82.4361 5.3163 109.7012 83.0440 83.2665 106.8647 109.8535 107.1000 109.8216 105.1084 15.5710 104.8682 103.9615 103.2406 83.4085 109.3049 6.4059 105.7058 6.8442 105.9817 5.8263 5.0475 109.9286 82.4887 107.0430 14.4848 106.1527 105.1267 6.3316 106.3773 107.7722 0.0000 111.0141 110.4149 105.6294 103.5165 104.7583 111.0841 4.7286 15.7615 107.9805 108.8766 6.4843 103.6817 15.3361 108.0054 105.4395 114.6186 109.8675 82.0810 105.3471 6.2081 9.5436 106.8256 81.5496 110.0819 110.1745 109.0904 111.1992 107.4718 110.9872 5.5096
6.0767 116.5722 116.5722 30.1318 96.3618 116.2983 7.7532 2.3044 116.2625 5.2985 1.7585 6.2570 117.2572 116.1180 35.6594 115.7247 4.9182 27.9211 28.4561 6.3174 1.5609 7.9008 1.6960 6.0077 96.3460 9.9756 7.0674 7.8935 28.9178 2.2109 116.8143 8.5250 117.2527 6.6263 116.2348 115.4560 1.3256 35.2966 6.7778 96.6169 6.1877 9.1520 116.7401 5.8797 6.2733 111.0587 0.0000 1.1462 8.1588 7.6044 6.3343 7.4532 115.1371 96.0309 3.0896 2.6433 116.8928 7.2531 95.9078 5.6162 6.0595 3.1781 7.7893 30.2280 6.2441 116.6166 118.3351 4.9276 30.0074 8.5749 2.3945 7.4297 7.3698 5.1555 7.8039 115.9181
6.0217 116.5172 116.5172 30.0768 96.3068 116.2433 7.2257 3.3184 116.2075 4.3413 0.7201 6.4891 117.2022 116.0630 35.6044 115.6697 3.2532 27.8661 28.4011 4.9835 1.7860 7.3732 0.6575 5.9527 96.2910 10.0321 7.0124 7.8385 28.8628 2.4360 116.7593 8.5773 117.1977 5.6721 116.1798 115.4010 1.1780 35.2416 6.2502 96.5619 5.6437 9.2044 116.6851 5.3522 5.7458 111.0037 1.3817 0.0000 7.6313 7.5494 6.2793 7.6853 115.0821 95.9759 3.0346 1.8525 116.8378 7.1981 95.8528 3.9511 6.0045 4.4498 8.0213 30.1730 6.1891 116.5616 118.2801 4.8726 29.9524 8.8070 2.6196 7.6617 7.6018 4.0855 8.0360 115.8631
8.9629 113.6268 113.6268 27.1864 93.4164 113.3529 0.5278 8.9950 113.3171 3.6171 7.0891 2.6598 114.3118 113.1726 32.7140 112.7794 4.9332 24.9757 25.5107 3.2201 8.0612 0.3561 7.0380 9.4336 93.4007 13.0334 8.2661 9.1291 25.9724 8.4618 113.8690 10.8431 114.3073 3.5291 113.2894 112.5106 7.4531 32.3512 1.5347 93.6716 2.9101 10.5873 113.7947 2.4248 2.1510 108.1133 9.0257 7.6313 0.0000 8.8031 8.8329 3.7982 112.1917 93.0855 7.8702 7.2906 113.9474 8.2756 92.9624 4.1369 9.7647 10.0956 3.7882 27.2827 9.6723 113.6712 115.3897 9.6463 27.0621 3.9683 8.6454 2.5497 4.6485 3.5967 4.5346 112.9727
1.7865 109.1973 109.1973 22.7569 88.9869 108.9235 8.3284 9.0740 108.8876 7.2730 6.5715 9.4557 109.8824 108.7432 28.2845 108.3499 7.2841 20.5462 21.0812 6.1915 6.5523 8.6354 6.5204 2.1110 88.9712 4.6506 0.5370 0.1779 21.5429 6.0038 109.4395 2.4603 109.8779 5.8522 108.8599 108.0811 6.6274 27.9218 7.8251 89.2421 6.6365 2.2045 109.3652 7.9008 8.9500 103.6839 7.7130 7.1137 8.7340 0.0000 1.6728 11.7033 107.7622 88.6561 4.6794 5.5755 109.5179 0.7792 88.5329 7.5737 2.4421 9.7253 11.6933 22.8532 2.3497 109.2417 110.9602 4.7262 22.6326 12.4704 6.8733 10.5686 12.5536 7.5064 12.4397 108.5432
0.1473 110.3785 110.3785 23.9381 90.1681 110.1047 8.1606 7.6172 110.0689 7.4425 5.1147 9.3400 111.0636 109.9244 29.4657 109.5311 6.3543 21.7274 22.2624 6.0238 5.0956 8.4677 5.0637 0.5821 90.1524 5.4643 1.1484 1.7810 22.7242 4.5471 110.6207 2.5845 111.0591 5.6844 110.0411 109.2624 5.1707 29.1030 7.6574 90.4233 6.4687 3.0182 110.5465 7.7331 8.8470 104.8651 6.2562 5.6570 8.5663 1.6853 0.0000 11.8681 108.9435 89.8373 3.2226 4.1187 110.6991 1.6725 89.7141 7.0523 0.9131 8.2685 11.8581 24.0344 0.8207 110.4229 112.1415 3.7207 23.8138 12.6352 5.4166 10.9984 12.6269 7.1867 12.6045 109.7244
11.7697 119.3202 119.3202 32.8798 99.1098 119.0463 3.6301 8.2121 119.0105 5.1215 8.2343 2.5483 120.0052 118.8660 38.4074 118.4727 6.0688 30.6691 31.2041 5.9977 9.8823 3.2517 8.1832 11.7007 99.0940 16.0027 11.2354 12.0984 31.6658 10.3374 119.5623 14.3793 120.0007 6.3066 118.9828 118.2040 9.2742 38.0446 4.5039 99.3649 5.6994 13.5566 119.4881 4.1762 3.3863 113.8067 8.2428 8.1371 3.7117 11.7723 12.0273 0.0000 117.8851 98.7789 9.0057 9.1854 119.6408 11.2449 98.6558 5.6772 11.7277 9.3128 0.4884 32.9760 11.7412 119.3646 121.0831 10.7819 32.7554 1.0901 10.5210 2.2004 0.9657 4.9785 0.7537 118.6661
108.8623 1.5051 1.5051 86.8262 19.3941 2.5076 110.8713 118.7057 1.1955 111.5705 113.9510 112.3594 2.1902 0.7997 86.5145 0.2910 113.7796 87.1224 87.3448 110.9431 113.9319 111.1783 113.9000 109.1868 19.6494 108.9465 108.0399 107.3190 87.4869 113.3833 1.7117 109.7841 1.9344 110.0601 0.9164 1.9136 114.0069 86.5670 111.1214 18.5632 110.2311 109.2050 1.6375 110.4557 111.8505 4.7286 115.0925 114.4933 109.7078 107.5949 108.8367 115.1625 0.0000 19.8399 112.0589 112.9550 1.7902 107.7601 19.4145 112.0838 109.5178 118.6970 113.9459 86.1594 109.4255 1.5496 7.8299 110.9040 85.6280 114.1603 114.2529 113.1688 115.2776 111.5502 115.0656 0.8511
90.1446 21.2658 21.2658 68.1086 0.6017 20.9920 92.1536 99.9880 20.9562 92.8529 95.2334 93.6417 21.9509 20.8117 67.7968 20.4184 95.0620 68.4048 68.6272 92.2254 95.2142 92.4607 95.1823 90.4692 0.4522 90.2289 89.3222 88.6013 68.7693 94.6657 21.5080 91.0665 21.9464 91.3425 20.9284 20.1497 95.2893 67.8494 92.4038 1.3106 91.5134 90.4874 21.4338 91.7381 93.1329 15.7524 96.3748 95.7756 90.9902 88.8773 90.1191 96.4449 19.8308 0.0000 93.3413 94.2373 21.5864 89.0424 0.9558 93.3662 90.8002 99.9793 95.2282 67.4418 90.7078 21.3103 23.0288 92.1864 66.9103 95.4427 95.5352 94.4511 96.5600 92.8325 96.3480 20.6117
3.3307 113.8261 113.8261 27.3857 93.6157 113.5523 7.4646 4.5099 113.5165 4.5802 2.0074 6.4777 114.5112 113.3720 32.9133 112.9787 3.4920 25.1750 25.7100 5.2223 1.9882 7.6121 1.9563 3.2617 93.6000 7.2238 4.3214 5.1475 26.1718 1.4397 114.0683 5.7732 114.5067 5.9110 113.4887 112.7100 2.0633 32.5506 6.4891 93.8709 5.8826 6.4002 113.9941 5.5910 5.9847 108.3127 3.1488 2.5496 7.8702 4.8583 3.5882 9.0057 112.3911 93.2849 0.0000 1.0113 114.1467 4.5071 93.1618 4.1900 3.3077 5.1611 8.9958 27.4820 3.3022 113.8706 115.5891 2.1758 27.2614 9.7728 2.3092 8.1361 9.5195 4.3244 9.7422 113.1721
4.4835 114.9789 114.9789 28.5385 94.7685 114.7051 6.8849 3.9684 114.6692 4.0005 1.3103 5.8980 115.6640 114.5248 34.0661 114.1315 2.9124 26.3278 26.8628 4.6427 1.5575 7.0325 1.2592 4.4145 94.7528 8.4938 5.4742 6.3003 27.3245 1.6949 115.2211 7.0391 115.6595 5.3313 114.6415 113.8627 1.5503 33.7034 5.9095 95.0237 5.3030 7.6661 115.1468 5.0114 5.4050 109.4655 2.6074 1.8525 7.2906 6.0111 4.7410 8.9059 113.5439 94.4377 1.4963 0.0000 115.2995 5.6598 94.3145 3.6104 4.4662 4.7305 9.2419 28.6348 4.6509 115.0233 116.7418 3.3343 28.4142 10.0276 1.8785 7.5565 8.8224 3.7448 9.2566 114.3248
110.6179 0.8339 0.8339 88.5818 21.1497 1.2816 112.6270 120.4613 0.7939 113.3262 115.7067 114.1150 0.9642 1.3641 88.2701 1.4991 115.5353 88.8781 89.1005 112.6987 115.6875 112.9340 115.6556 110.9425 21.4050 110.7022 109.7955 109.0746 89.2426 115.1390 0.3930 111.5398 1.4496 111.8158 1.4808 2.1211 115.7626 88.3227 112.8771 20.3189 111.9867 110.9607 0.4047 112.2114 113.6062 6.4843 116.8481 116.2489 111.4635 109.3506 110.5924 116.9182 1.7902 21.5955 113.8146 114.7107 0.0000 109.5158 21.1702 113.8395 111.2735 120.4526 115.7015 87.9151 111.1811 0.8783 6.1541 112.6597 87.3836 115.9160 116.0085 114.9244 117.0333 113.3058 116.8213 1.1641
1.7737 109.3625 109.3625 22.9221 89.1521 109.0886 7.7863 8.7368 109.0528 6.7310 6.2343 8.9137 110.0475 108.9084 28.4497 108.5151 6.7421 20.7114 21.2464 5.6495 6.2152 8.0934 6.1833 2.0982 89.1364 5.2783 0.5338 1.1522 21.7081 5.6666 109.6047 3.0879 110.0431 5.3101 109.0251 108.2463 6.2902 28.0869 7.2831 89.4073 6.0944 2.8322 109.5304 7.3588 8.4080 103.8491 7.3758 6.7766 8.1920 0.7792 1.6600 11.1612 107.9274 88.8212 4.3422 5.2383 109.6831 0.0000 88.6981 7.0316 2.4293 9.3881 11.1513 23.0184 2.3369 109.4069 111.1254 5.2369 22.7978 11.9283 6.5362 10.0266 12.0115 6.9644 11.8977 108.7084
90.0215 20.8405 20.8405 67.9854 0.8256 20.5666 92.0305 99.8649 20.5308 92.7298 95.1102 93.5186 21.5255 20.3863 67.6737 19.9930 94.9388 68.2816 68.5041 92.1023 95.0911 92.3376 95.0592 90.3460 1.1713 90.1058 89.1991 88.4782 68.6461 94.5425 21.0826 90.9434 21.5210 91.2193 20.5031 19.7243 95.1662 67.7263 92.2806 0.8852 91.3903 90.3643 21.0084 91.6149 93.0098 15.3270 96.2517 95.6525 90.8671 88.7541 89.9959 96.3217 19.4054 0.9647 93.2181 94.1142 21.1611 88.9193 0.0000 93.2430 90.6771 99.8562 95.1051 67.3186 90.5847 20.8849 22.6034 92.0632 66.7872 95.3196 95.4121 94.3280 96.4368 92.7094 96.2248 20.1864
6.9540 116.4096 116.4096 29.9692 96.1993 116.1358 3.7313 6.7528 116.1000 0.7637 3.4089 3.1491 117.0947 115.9555 35.4968 115.5622 1.1154 27.7586 28.2936 1.3159 4.3810 4.0383 3.3578 6.8850 96.1835 11.0142 7.0811 7.9441 28.7553 4.7816 116.6518 9.5635 117.0902 2.0045 116.0723 115.2935 3.7729 35.1341 2.7558 96.4544 2.0292 10.1906 116.5776 2.2625 2.6561 110.8962 4.7207 3.9511 4.1369 7.6180 7.2115 5.6772 114.9746 95.8684 4.1900 3.6104 116.7302 7.0906 95.7453 0.0000 6.9120 7.8534 5.6672 30.0655 6.9255 116.4541 118.1726 5.9662 29.8449 6.4443 4.9652 4.8076 6.5275 1.0084 6.4136 115.7556
0.6556 111.1161 111.1161 24.6756 90.9057 110.8422 9.0539 7.5060 110.8064 7.2204 5.0035 9.1179 111.8011 110.6619 30.2032 110.2686 6.1322 22.4650 23.0000 6.9170 4.9843 9.3609 4.9524 0.6097 90.8899 6.2018 1.9240 2.5566 23.4617 4.4358 111.3582 2.3456 111.7966 6.5777 110.7787 109.9999 5.0594 29.8405 8.5506 91.1608 7.3620 2.9070 111.2840 8.2312 8.6249 105.6026 6.1450 5.5457 9.4595 2.4610 0.9131 11.6460 109.6810 90.5748 3.0005 4.0075 111.4367 2.4481 90.4517 6.8302 0.0000 8.1573 11.6360 24.7719 0.2573 111.1605 112.8790 3.3514 24.5513 12.4131 5.3053 10.7763 12.5157 6.9646 12.3824 110.4620
8.2061 118.7015 118.7015 32.2611 98.4911 118.4277 9.7107 1.6368 118.3919 7.2559 4.3174 8.2145 119.3866 118.2474 37.7887 117.8541 6.8868 30.0504 30.5854 8.2748 3.4442 9.8582 4.2548 8.1371 98.4754 11.0062 9.1968 10.0229 31.0472 3.8826 118.9437 9.5514 119.3821 8.5838 118.3641 117.5854 3.5375 37.4260 8.7352 98.7463 8.1452 10.1785 118.8694 7.8371 8.2308 113.1881 3.1964 4.2887 10.1163 9.7337 8.4636 9.4218 117.2665 98.1603 5.2189 4.8553 119.0221 9.3824 98.0371 7.5847 8.1888 0.0000 9.7579 32.3574 8.3735 118.7459 120.4644 7.0569 32.1368 10.5435 3.6607 9.3982 9.3383 7.1130 9.7725 118.0474
11.7598 118.1427 118.1427 31.7023 97.9323 117.8689 3.6201 8.5482 117.8331 5.1115 8.5703 2.5384 118.8278 117.6886 37.2299 117.2953 6.0588 29.4917 30.0266 5.9877 10.2183 3.2417 8.5193 11.6908 97.9166 15.9927 11.2254 12.0884 30.4884 9.5874 118.3849 14.3693 118.8233 6.2967 117.8054 117.0266 9.6103 36.8672 4.4940 98.1875 5.6895 13.5466 118.3107 4.1662 3.3763 112.6293 8.5789 8.4732 3.7018 11.7624 12.0173 0.6316 116.7077 97.6015 8.9958 8.4161 118.4633 11.2349 97.4784 5.6672 11.7178 9.6489 0.0000 31.7986 11.7313 118.1872 119.9057 10.7719 31.5780 1.1750 9.7710 2.1904 1.3564 4.9685 1.1444 117.4887
24.3761 87.4980 87.4980 2.4984 67.2876 87.2241 26.3851 34.2195 87.1883 27.0843 29.4648 27.8731 88.1830 87.0438 8.7656 86.6505 29.2934 2.8392 1.8934 26.4568 29.4456 26.6921 29.4137 24.7006 67.2718 24.4603 23.5537 22.8327 1.9037 28.8971 87.7401 25.2979 88.1785 25.5739 87.1606 86.3818 29.5207 8.8182 26.6352 67.5427 25.7448 24.7188 87.6659 25.9695 27.3643 81.9845 30.6063 30.0070 25.2216 23.1087 24.3505 30.6763 86.0629 66.9567 27.5727 28.4688 87.8186 23.2739 66.8336 27.5976 25.0316 34.2107 29.4596 0.0000 24.9393 87.5424 89.2609 26.4178 1.0057 29.6741 29.7666 28.6825 30.7914 27.0639 30.5794 86.8439
0.5632 111.0237 111.0237 24.5833 90.8133 110.7499 8.9615 7.5749 110.7140 7.4002 5.0724 9.2977 111.7087 110.5696 30.1109 110.1763 6.3120 22.3726 22.9076 6.8246 5.0533 9.2686 5.0214 0.5173 90.7976 6.1094 1.8316 2.4643 23.3693 4.5047 111.2659 2.6030 111.7043 6.4853 110.6863 109.9075 5.1284 29.7481 8.4582 91.0685 7.2696 3.1643 111.1916 8.4110 8.8047 105.5103 6.2139 5.6147 9.3671 2.3686 0.8207 11.8257 109.5886 90.4824 3.1803 4.0764 111.3443 2.3558 90.3593 7.0100 0.2573 8.2262 11.8158 24.6796 0.0000 111.0681 112.7866 3.5360 24.4590 12.5928 5.3743 10.9561 12.5846 7.1444 12.5622 110.3696
110.3418 0.0444 0.0444 88.3057 20.8736 1.9698 112.3508 120.1852 0.3541 113.0500 115.4305 113.8389 1.6523 1.0551 87.9940 1.2585 115.2591 88.6019 88.8243 112.4225 115.4113 112.6578 115.3795 110.6663 21.1289 110.4260 109.5194 108.7984 88.9664 114.8628 0.5926 111.2636 0.9974 111.5396 1.1719 2.2076 115.4864 88.0465 112.6009 20.0427 111.7105 110.6845 0.7269 111.9352 113.3300 6.2081 116.5720 115.9727 111.1873 109.0744 110.3162 116.6420 1.5496 21.3194 113.5384 114.4345 0.8783 109.2396 20.8940 113.5633 110.9973 120.1764 115.4253 87.6389 110.9050 0.0000 6.8423 112.3835 87.1074 115.6398 115.7323 114.6483 116.7571 113.0296 116.5451 0.6438
112.0603 6.7978 6.7978 90.0242 22.5921 6.7574 114.0693 121.9037 6.9300 114.7685 117.1490 115.5574 6.4400 7.4038 89.7125 7.5388 116.9776 90.3204 90.5428 114.1410 117.1298 114.3763 117.0980 112.3848 22.8474 112.1445 111.2379 110.5169 90.6849 116.5813 6.2812 112.9821 7.4136 113.2581 7.5205 7.8373 117.2049 89.7650 114.3194 21.7612 113.4290 112.4030 6.3686 113.6537 115.0485 9.5436 118.2905 117.6912 112.9058 110.7929 112.0347 118.3605 7.8299 23.0379 115.2569 116.1530 6.1541 110.9581 22.6125 115.2818 112.7158 121.8949 117.1438 89.3574 112.6235 6.8423 0.0000 114.1020 88.8259 117.3583 117.4508 116.3668 118.4756 114.7481 118.2636 7.2039
3.4435 112.4753 112.4753 26.0349 92.2649 112.2015 9.2698 6.3607 112.1657 6.3854 3.8582 8.2829 113.1604 112.0212 31.5625 111.6279 5.2972 23.8243 24.3592 7.0275 3.8391 9.4173 3.8072 3.3745 92.2492 5.1783 4.7119 4.5239 24.8210 3.2905 112.7175 3.2222 113.1559 7.7162 112.1380 111.3592 3.9141 31.1998 8.2943 92.5201 7.6878 3.8493 112.6433 7.3962 7.7899 106.9619 4.9997 4.4005 9.6754 4.6952 3.7010 10.8110 111.0403 91.9341 2.1300 2.8622 112.7959 5.4134 91.8110 5.9952 3.3380 7.0120 10.8010 26.1312 3.5226 112.5198 114.2383 0.0000 25.9106 11.5780 4.1600 9.9413 11.3704 6.1296 11.8045 111.8213
23.9699 87.2976 87.2976 2.0487 67.0872 87.0238 25.9789 33.8133 86.9880 26.6782 29.0587 27.4670 87.9827 86.8435 8.5653 86.4502 28.8873 2.2301 2.0685 26.0507 29.0395 26.2860 29.0076 24.2945 67.0715 24.0542 23.1475 22.4266 2.2004 28.4910 87.5398 24.8918 87.9782 25.1678 86.9602 86.1815 29.1146 8.6178 26.2290 67.3424 25.3387 24.3127 87.4656 25.5634 26.9582 81.7842 30.2001 29.6009 24.8155 22.7026 23.9444 30.2701 85.8626 66.7564 27.1666 28.0627 87.6182 22.8677 66.6332 27.1915 24.6255 33.8046 29.0535 1.0057 24.5331 87.3420 89.0605 26.0117 0.0000 29.2680 29.3605 28.2764 30.3852 26.6578 30.1732 86.6435
12.5368 118.3180 118.3180 31.8776 98.1076 118.0441 4.3972 9.3339 118.0083 5.8886 9.3560 3.3154 119.0030 117.8638 37.4052 117.4706 6.8358 29.6669 30.2019 6.7648 11.0040 4.0187 9.3049 12.4678 98.0919 16.7698 12.0025 12.8655 30.6636 10.3645 118.5602 15.1464 118.9985 7.0737 117.9806 117.2018 10.3959 37.0424 5.2710 98.3628 6.4665 14.3237 118.4859 4.9433 4.1534 112.8045 9.3646 9.2589 4.4788 12.5394 12.7944 1.0901 116.8829 97.7767 9.7728 9.1932 118.6386 12.0120 97.6536 6.4443 12.4948 10.4345 1.1750 31.9739 12.5083 118.3624 120.0809 11.5490 31.7533 0.0000 10.5481 2.9675 1.2052 5.7456 0.9932 117.6639
5.3110 115.8064 115.8064 29.3660 95.5961 115.5326 8.2398 3.6263 115.4968 5.3554 2.6459 7.2529 116.4915 115.3523 34.8936 114.9590 4.2672 27.1554 27.6903 5.9976 0.8079 8.3873 2.5949 5.2420 95.5803 9.2099 6.3017 7.1278 28.1521 0.2791 116.0486 7.7593 116.4870 6.6862 115.4691 114.6903 1.5681 34.5309 7.2643 95.8512 6.6578 8.3863 115.9744 6.3663 6.7599 110.2930 2.4954 2.7312 8.6454 6.8387 5.5686 10.3806 114.3714 95.2652 2.3239 1.9968 116.1270 6.4874 95.1421 4.9652 5.2938 3.6176 10.7167 29.4623 5.4784 115.8509 117.5694 4.1619 29.2417 11.5023 0.0000 8.9113 10.2972 5.0996 10.7313 115.1524
10.4670 117.4083 117.4083 30.9679 97.1979 117.1345 2.0349 8.1800 117.0986 3.8188 6.9219 1.7489 118.0934 116.9542 36.4955 116.5609 4.7660 28.7572 29.2922 4.6216 7.8940 1.6565 6.8708 10.3980 97.1822 14.4349 9.6676 10.5306 29.7539 8.2946 117.6505 13.0766 118.0889 4.9306 117.0709 116.2921 7.2859 36.1327 2.9362 97.4531 4.3116 11.9888 117.5762 2.8735 1.8836 111.8949 8.2108 8.1050 2.1166 10.2046 10.7245 2.2597 115.9733 96.8671 7.7030 7.1234 117.7289 9.6771 96.7439 4.3745 10.4250 9.2807 2.2497 31.0642 10.4385 117.4527 119.1712 9.4792 30.8436 3.0268 8.4782 0.0000 3.1125 3.6758 2.9961 116.7542
12.6200 119.4353 119.4353 32.9948 99.2249 119.1614 4.4817 8.1287 119.1256 5.9718 8.1508 3.3986 120.1203 118.9811 38.5224 118.5878 6.9190 30.7842 31.3192 6.8480 9.7988 4.1032 8.0998 12.5510 99.2091 16.8530 12.0857 12.9487 31.7809 10.2540 119.6774 15.2296 120.1158 7.1569 119.0979 118.3191 9.1907 38.1597 5.3542 99.4800 6.5497 14.4069 119.6032 5.0265 4.2366 113.9218 8.1594 8.0537 4.5633 12.6226 12.8776 0.9657 118.0002 98.8940 9.8560 9.1019 119.7559 12.0952 98.7709 6.5275 12.5780 9.2293 1.3564 33.0911 12.5915 119.4797 121.1982 11.6322 32.8705 1.2052 10.4376 3.0507 0.0000 5.8288 0.4342 118.7812
7.0884 116.3603 116.3603 29.9199 96.1499 116.0864 3.1610 6.0541 116.0506 0.2491 3.5433 2.4504 117.0453 115.9061 35.4475 115.5129 1.3874 27.7092 28.2442 1.3996 4.5154 3.5849 3.4923 7.0194 96.1342 11.1486 7.0317 7.8947 28.7059 4.9161 116.6025 9.6980 117.0409 1.8868 116.0229 115.2441 3.9073 35.0847 2.1855 96.4051 1.4589 10.3250 116.5282 1.5638 1.9574 110.8469 6.0848 4.0855 3.5666 7.5687 7.3459 4.9785 114.9252 95.8190 4.3244 3.7448 116.6809 7.0412 95.6959 1.0084 7.0464 7.1547 4.9685 30.0162 7.0599 116.4047 118.1232 6.1006 29.7956 5.7456 5.0996 4.1089 5.8288 0.0000 5.7149 115.7062
12.5062 119.2233 119.2233 32.7828 99.0129 118.9494 4.3665 8.6818 118.9136 5.8579 8.7039 3.2847 119.9083 118.7691 38.3105 118.3758 6.8052 30.5722 31.1072 6.7341 10.3519 3.9881 8.6528 12.4371 98.9971 16.7391 11.9718 12.8348 31.5689 10.8071 119.4654 15.1157 119.9038 7.0431 118.8859 118.1071 9.7438 37.9477 5.2403 99.2680 6.4359 14.2930 119.3912 4.9126 4.1227 113.7098 8.7125 8.6068 4.4481 12.5088 12.7637 0.7537 117.7882 98.6820 9.7422 9.6550 119.5439 11.9813 98.5589 6.4136 12.4642 9.7824 1.1444 32.8791 12.4776 119.2677 120.9862 11.5183 32.6585 0.9932 10.9906 2.9368 0.5531 5.7149 0.0000 118.5692
109.6432 0.5993 0.5993 87.6072 20.1751 1.8816 111.6523 119.4867 0.3708 112.3515 114.7320 113.1403 1.5642 0.3432 87.2955 0.5600 114.5606 87.9034 88.1258 111.7240 114.7128 111.9593 114.6809 109.9678 20.4304 109.7275 108.8209 108.0999 88.2679 114.1643 1.0857 110.5651 1.4565 110.8411 0.4600 1.8092 114.7879 87.3480 111.9024 19.3442 111.0120 109.9860 1.0115 111.2367 112.6315 5.5096 115.8735 115.2742 110.4888 108.3759 109.6177 115.9435 0.8511 20.6209 112.8399 113.7360 1.1641 108.5411 20.1955 112.8648 110.2988 119.4779 114.7268 86.9404 110.2064 0.6438 7.2039 111.6850 86.4089 114.9413 115.0338 113.9497 116.0586 112.3311 115.8466 0.0000
0.000 1277.473 1277.473 266.655 1061.443 1279.870 96.908 79.112 1277.730 72.062 61.395 102.803 1281.818 1275.912 328.015 1269.823 62.367 243.388 249.615 69.257 57.928 100.663 60.612 8.330 1064.290 49.753 19.608 23.913 254.258 52.585 1284.510 32.672 1289.512 65.772 1277.312 1270.123 58.613 323.673 87.203 1067.597 75.575 35.933 1284.142 86.368 95.940 1217.448 71.588 67.307 100.972 25.128 5.982 131.282 1266.338 1060.728 36.762 50.128 1285.777 25.582 1058.948 67.747 12.930 95.737 128.943 271.202 11.352 1281.005 1301.895 36.512 267.888 138.823 55.262 118.535 136.412 74.332 139.858 1274.795
1277.473 0.000 0.000 1035.212 228.110 22.108 1320.850 1354.872 6.710 1336.982 1337.155 1339.453 21.618 12.520 1031.973 14.807 1333.808 1041.612 1043.377 1327.592 1333.688 1322.418 1336.372 1283.200 232.140 1280.253 1266.963 1260.688 1043.455 1328.345 9.515 1279.680 14.417 1321.658 13.920 28.792 1334.373 1032.547 1319.812 224.098 1321.738 1275.767 10.908 1325.453 1333.563 73.822 1347.348 1343.067 1322.208 1262.743 1277.728 1356.450 17.135 235.902 1312.522 1325.888 12.710 1264.960 233.743 1335.823 1287.160 1371.497 1351.377 1024.852 1286.053 3.532 83.740 1304.432 1022.628 1353.837 1331.022 1339.655 1364.625 1336.737 1362.082 10.182
1277.473 0.000 0.000 1035.212 228.110 22.108 1320.850 1354.872 6.710 1336.982 1337.155 1339.453 21.618 12.520 1031.973 14.807 1333.808 1041.612 1043.377 1327.592 1333.688 1322.418 1336.372 1283.200 232.140 1280.253 1266.963 1260.688 1043.455 1328.345 9.515 1279.680 14.417 1321.658 13.920 28.792 1334.373 1032.547 1319.812 224.098 1321.738 1275.767 10.908 1325.453 1333.563 73.822 1347.348 1343.067 1322.208 1262.743 1277.728 1356.450 17.135 235.902 1312.522 1325.888 12.710 1264.960 233.743 1335.823 1287.160 1371.497 1351.377 1024.852 1286.053 3.532 83.740 1304.432 1022.628 1353.837 1331.022 1339.655 1364.625 1336.737 1362.082 10.182
266.655 1035.212 1035.212 0.000 819.182 1037.608 309.942 344.053 1035.468 326.073 326.337 328.545 1039.557 1033.650 68.123 1027.562 322.990 31.295 34.875 316.773 322.870 311.510 325.553 272.382 822.028 269.435 256.145 249.870 37.907 317.527 1042.248 268.862 1047.250 310.750 1035.050 1027.862 323.555 63.782 308.903 825.335 310.830 264.948 1041.880 314.545 322.655 975.187 336.530 332.248 311.300 251.925 266.910 345.542 1024.077 818.467 301.703 315.070 1043.515 254.142 816.687 325.005 276.342 360.678 340.468 32.058 275.235 1038.743 1059.633 293.613 27.452 342.928 320.203 328.747 353.717 325.828 351.173 1032.533
1061.443 228.110 228.110 819.182 0.000 230.507 1104.820 1138.842 228.367 1120.952 1121.125 1123.423 232.455 226.548 815.943 220.460 1117.778 825.582 827.347 1111.562 1117.658 1106.388 1120.342 1067.170 8.428 1064.223 1050.933 1044.658 827.425 1112.315 235.147 1063.650 240.148 1105.628 227.948 220.760 1118.343 816.517 1103.782 12.510 1105.708 1059.737 234.778 1109.423 1117.533 168.085 1131.318 1127.037 1106.178 1046.713 1061.698 1140.420 216.975 8.995 1096.492 1109.858 236.413 1048.930 10.448 1119.793 1071.130 1155.467 1135.347 808.822 1070.023 231.642 252.532 1088.402 806.598 1137.807 1114.992 1123.625 1148.595 1120.707 1146.052 225.432
1276.870 19.108 19.108 1034.608 227.507 0.000 1320.247 1354.268 18.547 1336.378 1336.552 1338.850 6.140 21.563 1031.370 18.743 1333.205 1041.008 1042.773 1326.988 1333.085 1321.815 1335.768 1282.597 231.537 1279.650 1266.360 1260.085 1042.852 1327.742 18.835 1279.077 31.485 1321.055 22.963 21.115 1333.770 1031.943 1319.208 223.495 1321.135 1275.163 16.265 1324.850 1332.960 73.218 1346.745 1342.463 1321.605 1262.140 1277.125 1355.847 22.228 235.298 1311.918 1325.285 15.975 1264.357 233.140 1335.220 1286.557 1370.893 1350.773 1024.248 1285.450 22.640 82.478 1303.828 1022.025 1353.233 1330.418 1339.052 1364.022 1336.133 1361.478 19.180
93.908 1317.850 1317.850 306.942 1101.820 1320.247 0.000 103.463 1318.107 41.147 82.555 29.110 1322.195 1316.288 349.565 1310.200 54.485 283.820 290.140 36.780 92.178 8.158 81.772 97.888 1104.667 133.792 93.752 100.103 294.783 89.652 1324.887 116.710 1329.888 38.718 1317.688 1310.500 85.388 345.223 16.200 1107.973 29.625 119.972 1324.518 26.288 24.383 1257.825 94.157 88.467 8.692 100.182 96.278 45.720 1306.715 1101.105 78.158 81.570 1326.153 92.895 1099.325 47.475 99.368 120.287 43.133 311.727 99.922 1321.382 1342.272 95.952 308.320 48.538 92.328 26.247 55.520 40.902 54.050 1315.172
76.112 1351.872 1351.872 341.053 1135.842 1354.268 103.463 0.000 1352.128 72.358 36.420 80.728 1356.217 1350.310 402.413 1344.222 61.035 317.787 324.013 77.602 27.263 104.435 35.673 78.063 1138.688 116.880 94.007 98.312 328.657 34.643 1358.908 99.873 1363.910 85.408 1351.710 1344.522 27.952 398.072 92.272 1141.995 84.677 107.310 1358.540 80.835 83.838 1291.847 20.198 31.827 108.295 99.527 80.380 100.083 1340.737 1135.127 46.800 41.253 1360.175 96.697 1133.347 69.217 77.873 21.790 102.490 345.600 78.822 1355.403 1376.293 66.343 342.287 112.445 33.502 99.520 99.260 70.877 103.733 1349.193
1274.730 3.710 3.710 1032.468 225.367 18.547 1318.107 1352.128 0.000 1334.238 1334.412 1336.710 18.057 9.777 1029.230 12.063 1331.065 1038.868 1040.633 1324.848 1330.945 1319.675 1333.628 1280.457 229.397 1277.510 1264.220 1257.945 1040.712 1325.602 10.618 1276.937 17.122 1318.915 11.177 25.178 1331.630 1029.803 1317.068 221.355 1318.995 1273.023 10.250 1322.710 1330.820 71.078 1344.605 1340.323 1319.465 1260.000 1274.985 1353.707 14.392 233.158 1309.778 1323.145 12.387 1262.217 231.000 1333.080 1284.417 1368.753 1348.633 1022.108 1283.310 7.242 84.832 1301.688 1019.885 1351.093 1328.278 1336.912 1361.882 1333.993 1359.338 7.438
69.062 1333.982 1333.982 323.073 1117.952 1336.378 41.147 72.358 1334.238 0.000 46.357 34.280 1338.327 1332.420 365.697 1326.332 19.972 299.952 306.272 20.828 56.880 44.260 45.573 71.013 1120.798 113.950 78.345 84.697 310.915 54.668 1341.018 93.218 1346.020 24.058 1333.820 1326.632 49.190 361.355 29.360 1124.105 19.132 100.655 1340.650 20.048 27.322 1273.957 60.970 52.268 45.995 84.775 72.797 63.797 1322.847 1117.237 48.377 46.587 1342.285 77.488 1115.457 12.840 71.218 88.983 61.458 327.858 71.772 1337.513 1358.403 67.802 324.452 70.237 57.345 49.917 69.853 5.978 72.373 1331.303
58.395 1334.155 1334.155 323.337 1118.125 1336.552 82.555 36.420 1334.412 46.357 0.000 68.223 1338.500 1332.593 384.697 1326.505 35.033 300.070 306.297 51.600 22.835 85.843 4.517 60.347 1120.972 102.888 76.238 80.595 310.940 25.213 1341.192 82.157 1346.193 59.407 1333.993 1326.805 14.852 380.355 70.600 1124.278 59.257 89.593 1340.823 61.342 65.843 1274.130 21.840 11.203 87.410 81.810 62.663 96.492 1323.020 1117.410 30.722 18.877 1342.458 78.268 1115.630 43.215 60.157 53.045 94.363 327.883 61.105 1337.687 1358.577 50.265 324.570 104.243 27.558 88.327 95.668 44.875 100.142 1331.477
99.803 1336.453 1336.453 325.545 1120.423 1338.850 29.110 80.728 1336.710 34.280 68.223 0.000 1340.798 1334.892 368.168 1328.803 46.033 302.423 308.743 42.935 78.747 27.485 67.440 101.755 1123.270 144.297 104.648 111.000 313.387 77.652 1343.490 123.565 1348.492 46.165 1336.292 1329.103 71.057 363.827 27.672 1126.577 36.755 130.868 1343.122 21.997 13.783 1276.428 71.422 67.335 31.743 111.078 103.633 32.903 1325.318 1119.708 72.618 69.707 1344.757 103.792 1117.928 41.048 101.565 97.552 30.565 330.330 102.513 1339.985 1360.875 92.475 326.923 40.445 80.328 23.103 40.207 32.570 41.480 1333.775
1278.818 18.618 18.618 1036.557 229.455 6.140 1322.195 1356.217 18.057 1338.327 1338.500 1340.798 0.000 21.253 1033.318 20.692 1335.153 1042.957 1044.722 1328.937 1335.033 1323.763 1337.717 1284.545 233.485 1281.598 1268.308 1262.033 1044.800 1329.690 16.975 1281.025 29.625 1323.003 22.653 23.063 1335.718 1033.892 1321.157 225.443 1323.083 1277.112 15.775 1326.798 1334.908 75.167 1348.693 1344.412 1323.553 1264.088 1279.073 1357.795 24.177 237.247 1313.867 1327.233 14.378 1266.305 235.088 1337.168 1288.505 1372.842 1352.722 1026.197 1287.398 22.150 79.518 1305.777 1023.973 1355.182 1332.367 1341.000 1365.970 1338.082 1363.427 18.793
1272.912 9.520 9.520 1030.650 223.548 21.563 1316.288 1350.310 9.777 1332.420 1332.593 1334.892 21.253 0.000 1027.412 10.245 1329.247 1037.050 1038.815 1323.030 1329.127 1317.857 1331.810 1278.638 227.578 1275.692 1262.402 1256.127 1038.893 1323.783 17.395 1275.118 20.127 1317.097 4.400 26.830 1329.812 1027.985 1315.250 219.537 1317.177 1271.205 17.027 1320.892 1329.002 69.260 1342.787 1338.505 1317.647 1258.182 1273.167 1351.888 12.573 231.340 1307.960 1321.327 18.883 1260.398 229.182 1331.262 1282.598 1366.935 1346.815 1020.290 1281.492 13.052 91.040 1299.870 1018.067 1349.275 1326.460 1335.093 1360.063 1332.175 1357.520 7.107
325.015 1028.973 1028.973 65.123 812.943 1031.370 349.565 402.413 1029.230 365.697 384.697 368.168 1033.318 1027.412 0.000 1021.323 377.752 90.225 93.805 358.997 381.230 351.133 383.913 330.742 815.790 327.795 314.505 308.230 96.837 375.887 1036.010 327.222 1041.012 350.373 1028.812 1021.623 381.915 7.342 348.527 819.097 350.453 323.308 1035.642 354.168 362.278 968.948 394.890 390.608 350.923 310.285 325.270 385.165 1017.838 812.228 360.063 373.430 1037.277 312.502 810.448 372.025 334.702 419.038 380.092 86.893 333.595 1032.505 1053.395 351.973 81.258 382.552 378.563 368.370 393.340 365.452 390.797 1026.295
1266.823 11.807 11.807 1024.562 217.460 18.743 1310.200 1344.222 12.063 1326.332 1326.505 1328.803 20.692 10.245 1021.323 0.000 1323.158 1030.962 1032.727 1316.942 1323.038 1311.768 1325.722 1272.550 221.490 1269.603 1256.313 1250.038 1032.805 1317.695 18.763 1269.030 23.845 1311.008 11.645 22.335 1323.723 1021.897 1309.162 213.448 1311.088 1265.117 18.395 1314.803 1322.913 63.172 1336.698 1332.417 1311.558 1252.093 1267.078 1345.800 6.485 225.252 1301.872 1315.238 20.030 1254.310 223.093 1325.173 1276.510 1360.847 1340.727 1014.202 1275.403 15.338 92.187 1293.782 1011.978 1343.187 1320.372 1329.005 1353.975 1326.087 1351.432 9.128
59.367 1330.808 1330.808 319.990 1114.778 1333.205 54.485 61.035 1331.065 19.972 35.033 46.033 1335.153 1329.247 377.752 1323.158 0.000 296.723 302.950 23.530 45.557 57.777 34.250 61.318 1117.625 104.255 73.368 79.720 307.593 43.345 1337.845 83.523 1342.847 32.102 1330.647 1323.458 37.867 373.410 42.530 1120.932 31.187 90.960 1337.477 34.957 39.458 1270.783 49.647 40.945 59.340 79.798 63.102 74.512 1319.673 1114.063 37.053 35.263 1339.112 72.512 1112.283 14.945 61.523 77.660 72.173 324.537 62.077 1334.340 1355.230 56.910 321.223 82.053 46.022 62.053 79.642 18.490 83.088 1328.130
240.388 1038.612 1038.612 28.295 822.582 1041.008 283.820 317.787 1038.868 299.952 300.070 302.423 1042.957 1037.050 90.225 1030.962 296.723 0.000 15.053 290.507 296.603 285.388 299.287 246.115 825.428 243.168 229.878 223.603 22.453 291.260 1045.648 242.595 1050.650 284.628 1038.450 1031.262 297.288 85.883 282.782 828.735 284.708 238.682 1045.280 288.423 296.533 978.587 310.263 305.982 285.178 225.658 240.643 319.420 1027.477 821.867 275.437 288.803 1046.915 227.875 820.087 298.738 250.075 334.412 314.347 32.957 248.968 1042.143 1063.033 267.347 28.478 316.807 293.937 302.625 327.595 299.707 325.052 1035.933
246.615 1040.377 1040.377 31.875 824.347 1042.773 290.140 324.013 1040.633 306.272 306.297 308.743 1044.722 1038.815 93.805 1032.727 302.950 15.053 0.000 296.733 302.830 291.708 305.513 252.342 827.193 249.395 236.105 229.830 11.408 297.487 1047.413 248.822 1052.415 290.948 1040.215 1033.027 303.515 89.463 289.102 830.500 291.028 244.908 1047.045 294.743 302.853 980.352 316.490 312.208 291.498 231.885 246.870 325.740 1029.242 823.632 281.663 295.030 1048.680 234.102 821.852 304.965 256.302 340.638 320.667 24.875 255.195 1043.908 1064.798 273.573 27.692 323.127 300.163 308.945 333.915 306.027 331.372 1037.698
66.257 1324.592 1324.592 313.773 1108.562 1326.988 36.780 77.602 1324.848 20.828 51.600 42.935 1328.937 1323.030 358.997 1316.942 23.530 290.507 296.733 0.000 61.223 40.197 50.817 68.208 1111.408 107.192 67.152 73.503 301.377 58.697 1331.628 90.110 1336.630 12.947 1324.430 1317.242 54.433 354.655 24.758 1114.715 12.947 93.372 1331.260 24.352 35.977 1264.567 66.213 57.512 41.635 73.582 69.678 72.452 1313.457 1107.847 47.203 50.615 1332.895 66.295 1106.067 23.632 68.413 94.227 70.113 318.320 68.967 1328.123 1349.013 64.997 315.007 77.875 61.373 57.555 78.508 20.583 81.028 1321.913
54.928 1330.688 1330.688 319.870 1114.658 1333.085 92.178 27.263 1330.945 56.880 22.835 78.747 1335.033 1329.127 381.230 1323.038 45.557 296.603 302.830 61.223 0.000 95.470 21.930 56.880 1117.505 99.422 72.823 77.128 307.473 10.908 1337.725 78.690 1342.727 69.030 1330.527 1323.338 12.250 376.888 80.223 1120.812 68.880 86.127 1337.357 71.865 76.367 1270.663 20.720 20.885 97.033 78.343 59.197 107.225 1319.553 1113.943 25.617 20.070 1338.992 75.513 1112.163 53.567 56.690 42.482 104.887 324.417 57.638 1334.220 1355.110 45.160 321.103 114.767 9.798 98.850 106.730 55.398 111.203 1328.010
97.663 1319.418 1319.418 308.510 1103.388 1321.815 8.158 104.435 1319.675 44.260 85.843 27.485 1323.763 1317.857 351.133 1311.768 57.777 285.388 291.708 40.197 95.470 0.000 85.060 101.643 1106.235 137.547 97.507 103.858 296.352 92.943 1326.455 120.465 1331.457 42.312 1319.257 1312.068 88.677 346.792 19.793 1109.542 33.218 123.727 1326.087 29.385 23.758 1259.393 95.128 91.042 7.267 103.937 100.033 41.102 1308.283 1102.673 81.450 84.862 1327.722 96.650 1100.893 50.767 102.660 121.258 38.515 313.295 103.213 1322.950 1343.840 99.243 309.888 43.920 95.620 22.107 50.902 44.015 49.432 1316.740
57.612 1333.372 1333.372 322.553 1117.342 1335.768 81.772 35.673 1333.628 45.573 4.517 67.440 1337.717 1331.810 383.913 1325.722 34.250 299.287 305.513 50.817 21.930 85.060 0.000 59.563 1120.188 102.105 75.455 79.812 310.157 23.925 1340.408 81.373 1345.410 58.623 1333.210 1326.022 13.947 379.572 69.817 1123.495 58.473 88.810 1340.040 60.558 65.060 1273.347 21.093 10.457 86.627 81.027 61.880 95.842 1322.237 1116.627 29.433 17.627 1341.675 77.485 1114.847 42.432 59.373 52.298 93.580 327.100 60.322 1336.903 1357.793 48.977 323.787 103.460 26.602 87.543 95.018 44.092 99.492 1330.693
5.330 1280.200 1280.200 269.382 1064.170 1282.597 97.888 78.063 1280.457 71.013 60.347 101.755 1284.545 1278.638 330.742 1272.550 61.318 246.115 252.342 68.208 56.880 101.643 59.563 0.000 1067.017 51.790 22.335 26.640 256.985 51.537 1287.237 33.293 1292.238 66.752 1280.038 1272.850 57.565 326.400 87.208 1070.323 75.865 37.970 1286.868 85.320 94.892 1220.175 70.540 66.258 101.952 27.855 8.708 130.233 1269.065 1063.455 35.713 49.080 1288.503 28.308 1061.675 66.698 10.293 94.688 127.895 273.928 9.187 1283.732 1304.622 31.422 270.615 137.775 54.213 117.487 135.363 73.283 138.810 1277.522
1061.290 229.140 229.140 819.028 5.428 231.537 1104.667 1138.688 229.397 1120.798 1120.972 1123.270 233.485 227.578 815.790 221.490 1117.625 825.428 827.193 1111.408 1117.505 1106.235 1120.188 1067.017 0.000 1064.070 1050.780 1044.505 827.272 1112.162 236.177 1063.497 241.178 1105.475 228.978 221.790 1118.190 816.363 1103.628 15.705 1105.555 1059.583 235.808 1109.270 1117.380 169.115 1131.165 1126.883 1106.025 1046.560 1061.545 1140.267 218.005 6.958 1096.338 1109.705 237.443 1048.777 15.657 1119.640 1070.977 1155.313 1135.193 808.668 1069.870 232.672 253.562 1088.248 806.445 1137.653 1114.838 1123.472 1148.442 1120.553 1145.898 226.462
46.753 1277.253 1277.253 266.435 1061.223 1279.650 133.792 116.880 1277.510 113.950 102.888 144.297 1281.598 1275.692 327.795 1269.603 104.255 243.168 249.395 107.192 99.422 137.547 102.105 51.790 1064.070 0.000 48.633 45.695 254.038 94.078 1284.290 24.015 1289.292 102.655 1277.092 1269.903 100.107 323.453 124.087 1067.377 112.458 20.285 1283.922 126.640 137.695 1217.228 113.082 108.800 137.855 47.570 47.142 172.775 1266.118 1060.508 78.255 91.622 1285.557 53.887 1058.728 109.635 49.185 122.287 170.437 270.982 52.043 1280.785 1301.675 61.828 267.668 176.698 96.755 155.740 177.905 116.220 181.352 1274.575
16.608 1263.963 1263.963 253.145 1047.933 1266.360 93.752 94.007 1264.220 78.345 76.238 104.648 1268.308 1262.402 314.505 1256.313 73.368 229.878 236.105 67.152 72.823 97.507 75.455 22.335 1050.780 48.633 0.000 9.352 240.748 67.480 1271.000 31.657 1276.002 62.615 1263.802 1256.613 73.508 310.163 84.047 1054.087 72.418 31.592 1270.632 86.600 97.655 1203.938 86.483 82.150 97.815 9.430 16.863 133.840 1252.828 1047.218 51.612 65.023 1272.267 9.245 1045.438 75.383 26.295 110.632 131.253 257.692 25.188 1267.495 1288.385 49.877 254.378 136.658 70.157 115.700 140.222 80.615 142.170 1261.285
20.913 1257.688 1257.688 246.870 1041.658 1260.085 100.103 98.312 1257.945 84.697 80.595 111.000 1262.033 1256.127 308.230 1250.038 79.720 223.603 229.830 73.503 77.128 103.858 79.812 26.640 1044.505 45.695 9.352 0.000 234.473 71.785 1264.725 31.133 1269.727 68.967 1257.527 1250.338 77.813 303.888 90.398 1047.812 78.770 28.653 1264.357 92.952 104.007 1197.663 90.788 86.507 104.167 5.132 21.168 140.192 1246.553 1040.943 55.962 69.328 1265.992 13.898 1039.163 81.735 30.600 114.937 137.605 251.417 29.493 1261.220 1282.110 52.177 248.103 143.010 74.462 122.052 146.573 86.967 148.522 1255.010
251.258 1040.455 1040.455 34.907 824.425 1042.852 294.783 328.657 1040.712 310.915 310.940 313.387 1044.800 1038.893 96.837 1032.805 307.593 22.453 11.408 301.377 307.473 296.352 310.157 256.985 827.272 254.038 240.748 234.473 0.000 302.130 1047.492 253.465 1052.493 295.592 1040.293 1033.105 308.158 92.495 293.745 830.578 295.672 249.552 1047.123 299.387 307.497 980.430 321.133 316.852 296.142 236.528 251.513 330.383 1029.320 823.710 286.307 299.673 1048.758 238.745 821.930 309.608 260.945 345.282 325.310 24.003 259.838 1043.987 1064.877 278.217 29.260 327.770 304.807 313.588 338.558 310.670 336.015 1037.777
49.585 1325.345 1325.345 314.527 1109.315 1327.742 89.652 34.643 1325.602 54.668 25.213 77.652 1329.690 1323.783 375.887 1317.695 43.345 291.260 297.487 58.697 10.908 92.943 23.925 51.537 1112.162 94.078 67.480 71.785 302.130 0.000 1332.382 73.347 1337.383 66.503 1325.183 1317.995 16.945 371.545 77.697 1115.468 66.353 80.783 1332.013 69.653 74.155 1265.320 27.507 26.498 94.507 73.000 53.853 106.130 1314.210 1108.600 20.273 14.827 1333.648 70.170 1106.820 51.040 51.347 48.538 103.792 319.073 52.295 1328.877 1349.767 39.817 315.760 113.672 6.112 96.750 110.432 53.187 114.707 1322.667
1281.510 6.515 6.515 1039.248 232.147 18.835 1324.887 1358.908 10.618 1341.018 1341.192 1343.490 16.975 17.395 1036.010 18.763 1337.845 1045.648 1047.413 1331.628 1337.725 1326.455 1340.408 1287.237 236.177 1284.290 1271.000 1264.725 1047.492 1332.382 0.000 1283.717 16.888 1325.695 18.795 27.458 1338.410 1036.583 1323.848 228.135 1325.775 1279.803 5.892 1329.490 1337.600 71.188 1351.385 1347.103 1326.245 1266.780 1281.765 1360.487 21.963 239.938 1316.558 1329.925 7.693 1268.997 237.780 1339.860 1291.197 1375.533 1355.413 1028.888 1290.090 10.047 77.595 1308.468 1026.665 1357.873 1335.058 1343.692 1368.662 1340.773 1366.118 15.012
29.672 1276.680 1276.680 265.862 1060.650 1279.077 116.710 99.873 1276.937 93.218 82.157 123.565 1281.025 1275.118 327.222 1269.030 83.523 242.595 248.822 90.110 78.690 120.465 81.373 33.293 1063.497 24.015 31.657 31.133 253.465 73.347 1283.717 0.000 1288.718 85.573 1276.518 1269.330 79.375 322.880 107.005 1066.803 95.377 10.520 1283.348 107.525 117.097 1216.655 92.350 88.068 120.773 32.860 30.060 152.043 1265.545 1059.935 57.523 70.890 1284.983 37.630 1058.155 88.903 28.453 105.600 149.705 270.408 31.312 1280.212 1301.102 41.650 267.095 159.585 76.023 138.658 157.173 95.488 160.620 1274.002
1286.512 11.417 11.417 1044.250 237.148 31.485 1329.888 1363.910 17.122 1346.020 1346.193 1348.492 29.625 20.127 1041.012 23.845 1342.847 1050.650 1052.415 1336.630 1342.727 1331.457 1345.410 1292.238 241.178 1289.292 1276.002 1269.727 1052.493 1337.383 16.888 1288.718 0.000 1330.697 21.527 39.203 1343.412 1041.585 1328.850 233.137 1330.777 1284.805 18.540 1334.492 1342.602 82.860 1356.387 1352.105 1331.247 1271.782 1286.767 1365.488 26.173 244.940 1321.560 1334.927 20.342 1273.998 242.782 1344.862 1296.198 1380.535 1360.415 1033.890 1295.092 14.948 91.152 1313.470 1031.667 1362.875 1340.060 1348.693 1373.663 1345.775 1371.120 18.905
62.772 1318.658 1318.658 307.750 1102.628 1321.055 38.718 85.408 1318.915 24.058 59.407 46.165 1323.003 1317.097 350.373 1311.008 32.102 284.628 290.948 12.947 69.030 42.312 58.623 66.752 1105.475 102.655 62.615 68.967 295.592 66.503 1325.695 85.573 1330.697 0.000 1318.497 1311.308 62.240 346.032 26.457 1108.782 13.400 88.835 1325.327 27.582 39.207 1258.633 74.020 65.318 43.400 69.045 65.142 75.682 1307.523 1101.913 54.352 58.422 1326.962 61.758 1100.133 30.387 71.352 102.033 73.343 312.535 69.773 1322.190 1343.080 72.145 309.128 80.930 69.180 60.610 81.738 23.813 84.258 1315.980
1274.312 10.920 10.920 1032.050 224.948 22.963 1317.688 1351.710 11.177 1333.820 1333.993 1336.292 22.653 4.400 1028.812 11.645 1330.647 1038.450 1040.215 1324.430 1330.527 1319.257 1333.210 1280.038 228.978 1277.092 1263.802 1257.527 1040.293 1325.183 18.795 1276.518 21.527 1318.497 0.000 28.230 1331.212 1029.385 1316.650 220.937 1318.577 1272.605 18.427 1322.292 1330.402 70.660 1344.187 1339.905 1319.047 1259.582 1274.567 1353.288 13.973 232.740 1309.360 1322.727 20.283 1261.798 230.582 1332.662 1283.998 1368.335 1348.215 1021.690 1282.892 14.452 92.440 1301.270 1019.467 1350.675 1327.860 1336.493 1361.463 1333.575 1358.920 8.507
1267.123 25.792 25.792 1024.862 217.760 21.115 1310.500 1344.522 25.178 1326.632 1326.805 1329.103 23.063 26.830 1021.623 22.335 1323.458 1031.262 1033.027 1317.242 1323.338 1312.068 1326.022 1272.850 221.790 1269.903 1256.613 1250.338 1033.105 1317.995 27.458 1269.330 39.203 1311.308 28.230 0.000 1324.023 1022.197 1309.462 213.748 1311.388 1265.417 26.535 1315.103 1323.213 63.472 1336.998 1332.717 1311.858 1252.393 1267.378 1346.100 23.857 225.552 1302.172 1315.538 27.942 1254.610 223.393 1325.473 1276.810 1361.147 1341.027 1014.502 1275.703 29.323 96.362 1294.082 1012.278 1343.487 1320.672 1329.305 1354.275 1326.387 1351.732 24.638
55.613 1331.373 1331.373 320.555 1115.343 1333.770 85.388 27.952 1331.630 49.190 14.852 71.057 1335.718 1329.812 381.915 1323.723 37.867 297.288 303.515 54.433 12.250 88.677 13.947 57.565 1118.190 100.107 73.508 77.813 308.158 16.945 1338.410 79.375 1343.412 62.240 1331.212 1324.023 0.000 377.573 73.433 1121.497 62.090 86.812 1338.042 64.175 68.677 1271.348 16.672 13.563 90.243 79.028 59.882 99.535 1320.238 1114.628 26.302 18.647 1339.677 76.198 1112.848 46.048 57.375 44.577 97.197 325.102 58.323 1334.905 1355.795 45.845 321.788 107.077 18.422 91.160 101.307 47.708 105.780 1328.695
320.673 1029.547 1029.547 60.782 813.517 1031.943 345.223 398.072 1029.803 361.355 380.355 363.827 1033.892 1027.985 7.342 1021.897 373.410 85.883 89.463 354.655 376.888 346.792 379.572 326.400 816.363 323.453 310.163 303.888 92.495 371.545 1036.583 322.880 1041.585 346.032 1029.385 1022.197 377.573 0.000 344.185 819.670 346.112 318.967 1036.215 349.827 357.937 969.522 390.548 386.267 346.582 305.943 320.928 380.823 1018.412 812.802 355.722 369.088 1037.850 308.160 811.022 367.683 330.360 414.697 375.750 82.552 329.253 1033.078 1053.968 347.632 76.917 378.210 374.222 364.028 388.998 361.110 386.455 1026.868
84.203 1316.812 1316.812 305.903 1100.782 1319.208 16.200 92.272 1317.068 29.360 70.600 27.672 1321.157 1315.250 348.527 1309.162 42.530 282.782 289.102 24.758 80.223 19.793 69.817 87.208 1103.628 124.087 84.047 90.398 293.745 77.697 1323.848 107.005 1328.850 26.457 1316.650 1309.462 73.433 344.185 0.000 1106.935 17.603 110.267 1323.480 15.068 18.168 1256.787 82.965 76.512 21.055 90.477 86.573 55.027 1305.677 1100.067 66.203 69.615 1325.115 83.190 1098.287 35.688 87.413 109.095 52.440 310.688 87.967 1320.343 1341.233 83.997 307.282 57.845 80.373 37.525 63.245 29.115 63.357 1314.133
1064.597 221.098 221.098 822.335 9.510 223.495 1107.973 1141.995 221.355 1124.105 1124.278 1126.577 225.443 219.537 819.097 213.448 1120.932 828.735 830.500 1114.715 1120.812 1109.542 1123.495 1070.323 15.705 1067.377 1054.087 1047.812 830.578 1115.468 228.135 1066.803 233.137 1108.782 220.937 213.748 1121.497 819.670 1106.935 0.000 1108.862 1062.890 227.767 1112.577 1120.687 161.073 1134.472 1130.190 1109.332 1049.867 1064.852 1143.573 209.963 18.113 1099.645 1113.012 229.402 1052.083 13.295 1122.947 1074.283 1158.620 1138.500 811.975 1073.177 224.630 245.520 1091.555 809.752 1140.960 1118.145 1126.778 1151.748 1123.860 1149.205 218.420
72.575 1318.738 1318.738 307.830 1102.708 1321.135 29.625 84.677 1318.995 19.132 59.257 36.755 1323.083 1317.177 350.453 1311.088 31.187 284.708 291.028 12.947 68.880 33.218 58.473 75.865 1105.555 112.458 72.418 78.770 295.672 66.353 1325.775 95.377 1330.777 13.400 1318.577 1311.388 62.090 346.112 17.603 1108.862 0.000 98.638 1325.407 18.268 29.797 1258.713 73.870 65.168 34.480 78.848 74.945 66.272 1307.603 1101.993 54.860 58.272 1327.042 71.562 1100.213 25.460 76.070 101.500 63.933 312.615 76.623 1322.270 1343.160 72.653 309.208 71.262 69.030 50.942 72.328 18.887 74.848 1316.060
32.933 1272.767 1272.767 261.948 1056.737 1275.163 119.972 107.310 1273.023 100.655 89.593 130.868 1277.112 1271.205 323.308 1265.117 90.960 238.682 244.908 93.372 86.127 123.727 88.810 37.970 1059.583 20.285 31.592 28.653 249.552 80.783 1279.803 10.520 1284.805 88.835 1272.605 1265.417 86.812 318.967 110.267 1062.890 98.638 0.000 1279.435 112.820 123.875 1212.742 99.787 95.505 124.035 30.528 33.322 159.480 1261.632 1056.022 64.960 78.327 1281.070 36.845 1054.242 96.340 35.890 113.120 157.142 266.495 38.748 1276.298 1297.188 49.170 263.182 162.878 83.460 141.920 164.610 102.925 168.057 1270.088
1281.142 7.908 7.908 1038.880 231.778 16.265 1324.518 1358.540 10.250 1340.650 1340.823 1343.122 15.775 17.027 1035.642 18.395 1337.477 1045.280 1047.045 1331.260 1337.357 1326.087 1340.040 1286.868 235.808 1283.922 1270.632 1264.357 1047.123 1332.013 5.892 1283.348 18.540 1325.327 18.427 26.535 1338.042 1036.215 1323.480 227.767 1325.407 1279.435 0.000 1329.122 1337.232 74.028 1351.017 1346.735 1325.877 1266.412 1281.397 1360.118 21.595 239.570 1316.190 1329.557 7.605 1268.628 237.412 1339.492 1290.828 1375.165 1355.045 1028.520 1289.722 11.440 78.642 1308.100 1026.297 1357.505 1334.690 1343.323 1368.293 1340.405 1365.750 14.643
83.368 1322.453 1322.453 311.545 1106.423 1324.850 26.288 80.835 1322.710 20.048 61.342 21.997 1326.798 1320.892 354.168 1314.803 34.957 288.423 294.743 24.352 71.865 29.385 60.558 85.320 1109.270 126.640 86.600 92.952 299.387 69.653 1329.490 107.525 1334.492 27.582 1322.292 1315.103 64.175 349.827 15.068 1112.577 18.268 112.820 1329.122 0.000 15.038 1262.428 71.528 67.253 31.120 93.030 87.103 51.513 1311.318 1105.708 63.362 61.572 1330.757 85.743 1103.928 27.147 85.525 97.658 49.175 316.330 86.078 1325.985 1346.875 82.108 312.923 57.857 72.330 37.537 57.570 19.803 60.090 1319.775
92.940 1330.563 1330.563 319.655 1114.533 1332.960 24.383 83.838 1330.820 27.322 65.843 13.783 1334.908 1329.002 362.278 1322.913 39.458 296.533 302.853 35.977 76.367 23.758 65.060 94.892 1117.380 137.695 97.655 104.007 307.497 74.155 1337.600 117.097 1342.602 39.207 1330.402 1323.213 68.677 357.937 18.168 1120.687 29.797 123.875 1337.232 15.038 0.000 1270.538 74.532 70.445 28.017 104.085 96.675 42.140 1319.428 1113.818 67.863 66.073 1338.867 96.798 1112.038 34.090 95.097 100.662 39.802 324.440 95.650 1334.095 1354.985 87.720 321.033 46.113 76.832 25.793 49.357 25.612 50.717 1327.885
1214.448 70.822 70.822 972.187 165.085 73.218 1257.825 1291.847 71.078 1273.957 1274.130 1276.428 75.167 69.260 968.948 63.172 1270.783 978.587 980.352 1264.567 1270.663 1259.393 1273.347 1220.175 169.115 1217.228 1203.938 1197.663 980.430 1265.320 71.188 1216.655 82.860 1258.633 70.660 63.472 1271.348 969.522 1256.787 161.073 1258.713 1212.742 74.028 1262.428 1270.538 0.000 1284.323 1280.042 1259.183 1199.718 1214.703 1293.425 59.687 172.877 1249.497 1262.863 75.830 1201.935 170.718 1272.798 1224.135 1308.472 1288.352 961.827 1223.028 74.353 98.878 1241.407 959.603 1290.812 1267.997 1276.630 1301.600 1273.712 1299.057 68.143
68.588 1344.348 1344.348 333.530 1128.318 1346.745 94.157 20.198 1344.605 60.970 21.840 71.422 1348.693 1342.787 394.890 1336.698 49.647 310.263 316.490 66.213 20.720 95.128 21.093 70.540 1131.165 113.082 86.483 90.788 321.133 27.507 1351.385 92.350 1356.387 74.020 1344.187 1336.998 16.672 390.548 82.965 1134.472 73.870 99.787 1351.017 71.528 74.532 1284.323 0.000 15.817 98.988 92.003 72.857 93.335 1333.213 1127.603 39.277 32.202 1352.652 89.173 1125.823 57.828 70.350 36.823 95.742 338.077 71.298 1347.880 1368.770 58.820 334.763 105.697 26.892 91.525 92.512 59.488 96.985 1341.670
64.307 1340.067 1340.067 329.248 1124.037 1342.463 88.467 31.827 1340.323 52.268 11.203 67.335 1344.412 1338.505 390.608 1332.417 40.945 305.982 312.208 57.512 20.885 91.042 10.457 66.258 1126.883 108.800 82.150 86.507 316.852 26.498 1347.103 88.068 1352.105 65.318 1339.905 1332.717 13.563 386.267 76.512 1130.190 65.168 95.505 1346.735 67.253 70.445 1280.042 15.817 0.000 93.322 87.722 68.575 91.567 1328.932 1123.322 35.647 23.840 1348.370 84.180 1121.542 49.127 66.068 48.452 92.828 333.795 67.017 1343.598 1364.488 55.190 330.482 102.708 27.057 87.438 90.743 50.787 95.217 1337.388
97.972 1319.208 1319.208 308.300 1103.178 1321.605 8.692 108.295 1319.465 45.995 87.410 31.743 1323.553 1317.647 350.923 1311.558 59.340 285.178 291.498 41.635 97.033 7.267 86.627 101.952 1106.025 137.855 97.815 104.167 296.142 94.507 1326.245 120.773 1331.247 43.400 1319.047 1311.858 90.243 346.582 21.055 1109.332 34.480 124.035 1325.877 31.120 28.017 1259.183 98.988 93.322 0.000 104.245 100.342 45.360 1308.073 1102.463 83.013 86.425 1327.512 96.958 1100.683 52.330 104.223 125.118 41.260 313.085 104.777 1322.740 1343.630 100.807 309.678 45.638 97.183 22.015 55.160 45.750 53.278 1316.530
22.128 1259.743 1259.743 248.925 1043.713 1262.140 100.182 99.527 1260.000 84.775 81.810 111.078 1264.088 1258.182 310.285 1252.093 79.798 225.658 231.885 73.582 78.343 103.937 81.027 27.855 1046.560 47.570 9.430 5.132 236.528 73.000 1266.780 32.860 1271.782 69.045 1259.582 1252.393 79.028 305.943 90.477 1049.867 78.848 30.528 1266.412 93.030 104.085 1199.718 92.003 87.722 104.245 0.000 22.383 140.270 1248.608 1042.998 57.177 70.543 1268.047 11.970 1041.218 81.813 31.815 116.152 137.683 253.472 30.708 1263.275 1284.165 53.392 250.158 143.088 75.677 122.130 146.652 87.045 148.600 1257.065
2.982 1274.728 1274.728 263.910 1058.698 1277.125 96.278 80.380 1274.985 72.797 62.663 103.633 1279.073 1273.167 325.270 1267.078 63.102 240.643 246.870 69.678 59.197 100.033 61.880 8.708 1061.545 47.142 16.863 21.168 251.513 53.853 1281.765 30.060 1286.767 65.142 1274.567 1267.378 59.882 320.928 86.573 1064.852 74.945 33.322 1281.397 87.103 96.675 1214.703 72.857 68.575 100.342 22.383 0.000 132.550 1263.593 1057.983 38.030 51.397 1283.032 22.837 1056.203 68.482 12.668 97.005 130.212 268.457 11.562 1278.260 1299.150 36.250 265.143 139.185 56.530 118.227 137.680 75.067 141.127 1272.050
128.282 1353.450 1353.450 342.542 1137.420 1355.847 45.720 100.083 1353.707 63.797 96.492 32.903 1357.795 1351.888 385.165 1345.800 74.512 319.420 325.740 72.452 107.225 41.102 95.842 130.233 1140.267 172.775 133.840 140.192 330.383 106.130 1360.487 152.043 1365.488 75.682 1353.288 1346.100 99.535 380.823 55.027 1143.573 66.272 159.480 1360.118 51.513 42.140 1293.425 93.335 91.567 45.360 140.270 132.550 0.000 1342.315 1136.705 101.097 98.185 1361.753 132.983 1134.925 70.565 130.043 116.803 8.617 347.327 130.992 1356.982 1377.872 120.953 343.920 15.840 108.807 26.677 14.083 62.087 12.018 1350.772
1263.338 14.135 14.135 1021.077 213.975 22.228 1306.715 1340.737 14.392 1322.847 1323.020 1325.318 24.177 12.573 1017.838 6.485 1319.673 1027.477 1029.242 1313.457 1319.553 1308.283 1322.237 1269.065 218.005 1266.118 1252.828 1246.553 1029.320 1314.210 21.963 1265.545 26.173 1307.523 13.973 23.857 1320.238 1018.412 1305.677 209.963 1307.603 1261.632 21.595 1311.318 1319.428 59.687 1333.213 1328.932 1308.073 1248.608 1263.593 1342.315 0.000 221.767 1298.387 1311.753 23.230 1250.825 219.608 1321.688 1273.025 1357.362 1337.242 1010.717 1271.918 17.667 95.387 1290.297 1008.493 1339.702 1316.887 1325.520 1350.490 1322.602 1347.947 11.457
1057.728 232.902 232.902 815.467 5.995 235.298 1101.105 1135.127 233.158 1117.237 1117.410 1119.708 237.247 231.340 812.228 225.252 1114.063 821.867 823.632 1107.847 1113.943 1102.673 1116.627 1063.455 6.958 1060.508 1047.218 1040.943 823.710 1108.600 239.938 1059.935 244.940 1101.913 232.740 225.552 1114.628 812.802 1100.067 18.113 1101.993 1056.022 239.570 1105.708 1113.818 172.877 1127.603 1123.322 1102.463 1042.998 1057.983 1136.705 221.767 0.000 1092.777 1106.143 241.205 1045.215 14.007 1116.078 1067.415 1151.752 1131.632 805.107 1066.308 236.433 257.323 1084.687 802.883 1134.092 1111.277 1119.910 1144.880 1116.992 1142.337 230.223
33.762 1309.522 1309.522 298.703 1093.492 1311.918 78.158 46.800 1309.778 48.377 30.722 72.618 1313.867 1307.960 360.063 1301.872 37.053 275.437 281.663 47.203 25.617 81.450 29.433 35.713 1096.338 78.255 51.612 55.962 286.307 20.273 1316.558 57.523 1321.560 54.352 1309.360 1302.172 26.302 355.722 66.203 1099.645 54.860 64.960 1316.190 63.362 67.863 1249.497 39.277 35.647 83.013 57.177 38.030 101.097 1298.387 1092.777 0.000 17.817 1317.825 53.642 1090.997 44.748 35.523 63.425 98.758 303.250 36.472 1313.053 1333.943 26.433 299.937 108.638 22.950 90.458 106.227 46.895 109.673 1306.843
47.128 1322.888 1322.888 312.070 1106.858 1325.285 81.570 41.253 1323.145 46.587 18.877 69.707 1327.233 1321.327 373.430 1315.238 35.263 288.803 295.030 50.615 20.070 84.862 17.627 49.080 1109.705 91.622 65.023 69.328 299.673 14.827 1329.925 70.890 1334.927 58.422 1322.727 1315.538 18.647 369.088 69.615 1113.012 58.272 78.327 1329.557 61.572 66.073 1262.863 32.202 23.840 86.425 70.543 51.397 98.185 1311.753 1106.143 17.817 0.000 1331.192 67.713 1104.363 42.958 48.890 57.878 95.847 316.617 49.838 1326.420 1347.310 37.360 313.303 105.727 17.503 88.668 102.487 45.105 106.762 1320.210
1282.777 9.710 9.710 1040.515 233.413 15.975 1326.153 1360.175 12.387 1342.285 1342.458 1344.757 14.378 18.883 1037.277 20.030 1339.112 1046.915 1048.680 1332.895 1338.992 1327.722 1341.675 1288.503 237.443 1285.557 1272.267 1265.992 1048.758 1333.648 7.693 1284.983 20.342 1326.962 20.283 27.942 1339.677 1037.850 1325.115 229.402 1327.042 1281.070 7.605 1330.757 1338.867 75.830 1352.652 1348.370 1327.512 1268.047 1283.032 1361.753 23.230 241.205 1317.825 1331.192 0.000 1270.263 239.047 1341.127 1292.463 1376.800 1356.680 1030.155 1291.357 13.242 76.080 1309.735 1027.932 1359.140 1336.325 1344.958 1369.928 1342.040 1367.385 16.280
22.582 1261.960 1261.960 251.142 1045.930 1264.357 92.895 96.697 1262.217 77.488 78.268 103.792 1266.305 1260.398 312.502 1254.310 72.512 227.875 234.102 66.295 75.513 96.650 77.485 28.308 1048.777 53.887 9.245 13.898 238.745 70.170 1268.997 37.630 1273.998 61.758 1261.798 1254.610 76.198 308.160 83.190 1052.083 71.562 36.845 1268.628 85.743 96.798 1201.935 89.173 84.180 96.958 11.970 22.837 132.983 1250.825 1045.215 53.642 67.713 1270.263 0.000 1043.435 74.527 32.268 113.322 130.397 255.688 31.162 1265.492 1286.382 55.850 252.375 135.802 72.847 114.843 139.365 79.758 141.313 1259.282
1055.948 230.743 230.743 813.687 7.448 233.140 1099.325 1133.347 231.000 1115.457 1115.630 1117.928 235.088 229.182 810.448 223.093 1112.283 820.087 821.852 1106.067 1112.163 1100.893 1114.847 1061.675 15.657 1058.728 1045.438 1039.163 821.930 1106.820 237.780 1058.155 242.782 1100.133 230.582 223.393 1112.848 811.022 1098.287 13.295 1100.213 1054.242 237.412 1103.928 1112.038 170.718 1125.823 1121.542 1100.683 1041.218 1056.203 1134.925 219.608 14.007 1090.997 1104.363 239.047 1043.435 0.000 1114.298 1065.635 1149.972 1129.852 803.327 1064.528 234.275 255.165 1082.907 801.103 1132.312 1109.497 1118.130 1143.100 1115.212 1140.557 228.065
64.747 1332.823 1332.823 322.005 1116.793 1335.220 47.475 69.217 1333.080 12.840 43.215 41.048 1337.168 1331.262 372.025 1325.173 14.945 298.738 304.965 23.632 53.567 50.767 42.432 66.698 1119.640 109.635 75.383 81.735 309.608 51.040 1339.860 88.903 1344.862 30.387 1332.662 1325.473 46.048 367.683 35.688 1122.947 25.460 96.340 1339.492 27.147 34.090 1272.798 57.828 49.127 52.330 81.813 68.482 70.565 1321.688 1116.078 44.748 42.958 1341.127 74.527 1114.298 0.000 66.903 85.842 68.227 326.552 67.457 1336.355 1357.245 63.487 323.238 77.005 53.717 56.685 76.622 13.122 79.142 1330.145
9.930 1284.160 1284.160 273.342 1068.130 1286.557 99.368 77.873 1284.417 71.218 60.157 101.565 1288.505 1282.598 334.702 1276.510 61.523 250.075 256.302 68.413 56.690 102.660 59.373 10.293 1070.977 49.185 26.295 30.600 260.945 51.347 1291.197 28.453 1296.198 71.352 1283.998 1276.810 57.375 330.360 87.413 1074.283 76.070 35.890 1290.828 85.525 95.097 1224.135 70.350 66.068 104.223 31.815 12.668 130.043 1273.025 1067.415 35.523 48.890 1292.463 32.268 1065.635 66.903 0.000 94.498 127.705 277.888 6.083 1287.692 1308.582 26.582 274.575 137.585 54.023 117.692 135.173 73.488 138.620 1281.482
92.737 1368.497 1368.497 357.678 1152.467 1370.893 120.287 21.790 1368.753 88.983 53.045 97.552 1372.842 1366.935 419.038 1360.847 77.660 334.412 340.638 94.227 42.482 121.258 52.298 94.688 1155.313 122.287 110.632 114.937 345.282 48.538 1375.533 105.600 1380.535 102.033 1368.335 1361.147 44.577 414.697 109.095 1158.620 101.500 113.120 1375.165 97.658 100.662 1308.472 36.823 48.452 125.118 116.152 97.005 116.803 1357.362 1151.752 63.425 57.878 1376.800 113.322 1149.972 85.842 94.498 0.000 119.210 362.225 95.447 1372.028 1392.918 82.968 358.912 129.165 45.972 116.240 115.980 87.502 120.453 1365.818
125.943 1348.377 1348.377 337.468 1132.347 1350.773 43.133 102.490 1348.633 61.458 94.363 30.565 1352.722 1346.815 380.092 1340.727 72.173 314.347 320.667 70.113 104.887 38.515 93.580 127.895 1135.193 170.437 131.253 137.605 325.310 103.792 1355.413 149.705 1360.415 73.343 1348.215 1341.027 97.197 375.750 52.440 1138.500 63.933 157.142 1355.045 49.175 39.802 1288.352 95.742 92.828 41.260 137.683 130.212 8.617 1337.242 1131.632 98.758 95.847 1356.680 130.397 1129.852 68.227 127.705 119.210 0.000 342.253 128.653 1351.908 1372.798 118.615 338.847 16.760 106.468 22.255 18.673 59.748 16.230 1345.698
268.202 1021.852 1021.852 29.058 805.822 1024.248 311.727 345.600 1022.108 327.858 327.883 330.330 1026.197 1020.290 86.893 1014.202 324.537 32.957 24.875 318.320 324.417 313.295 327.100 273.928 808.668 270.982 257.692 251.417 24.003 319.073 1028.888 270.408 1033.890 312.535 1021.690 1014.502 325.102 82.552 310.688 811.975 312.615 266.495 1028.520 316.330 324.440 961.827 338.077 333.795 313.085 253.472 268.457 347.327 1010.717 805.107 303.250 316.617 1030.155 255.688 803.327 326.552 277.888 362.225 342.253 0.000 276.782 1025.383 1046.273 295.160 14.260 344.713 321.750 330.532 355.502 327.613 352.958 1019.173
8.352 1283.053 1283.053 272.235 1067.023 1285.450 99.922 78.822 1283.310 71.772 61.105 102.513 1287.398 1281.492 333.595 1275.403 62.077 248.968 255.195 68.967 57.638 103.213 60.322 9.187 1069.870 52.043 25.188 29.493 259.838 52.295 1290.090 31.312 1295.092 69.773 1282.892 1275.703 58.323 329.253 87.967 1073.177 76.623 38.748 1289.722 86.078 95.650 1223.028 71.298 67.017 104.777 30.708 11.562 130.992 1271.918 1066.308 36.472 49.838 1291.357 31.162 1064.528 67.457 6.083 95.447 128.653 276.782 0.000 1286.585 1307.475 29.440 273.468 138.533 54.972 118.245 136.122 74.042 139.568 1280.375
1278.005 0.532 0.532 1035.743 228.642 22.640 1321.382 1355.403 7.242 1337.513 1337.687 1339.985 22.150 13.052 1032.505 15.338 1334.340 1042.143 1043.908 1328.123 1334.220 1322.950 1336.903 1283.732 232.672 1280.785 1267.495 1261.220 1043.987 1328.877 10.047 1280.212 14.948 1322.190 14.452 29.323 1334.905 1033.078 1320.343 224.630 1322.270 1276.298 11.440 1325.985 1334.095 74.353 1347.880 1343.598 1322.740 1263.275 1278.260 1356.982 17.667 236.433 1313.053 1326.420 13.242 1265.492 234.275 1336.355 1287.692 1372.028 1351.908 1025.383 1286.585 0.000 84.272 1304.963 1023.160 1354.368 1331.553 1340.187 1365.157 1337.268 1362.613 10.713
1298.895 80.740 80.740 1056.633 249.532 82.478 1342.272 1376.293 84.832 1358.403 1358.577 1360.875 79.518 91.040 1053.395 92.187 1355.230 1063.033 1064.798 1349.013 1355.110 1343.840 1357.793 1304.622 253.562 1301.675 1288.385 1282.110 1064.877 1349.767 77.595 1301.102 91.152 1343.080 92.440 96.362 1355.795 1053.968 1341.233 245.520 1343.160 1297.188 78.642 1346.875 1354.985 98.878 1368.770 1364.488 1343.630 1284.165 1299.150 1377.872 95.387 257.323 1333.943 1347.310 76.080 1286.382 255.165 1357.245 1308.582 1392.918 1372.798 1046.273 1307.475 84.272 0.000 1325.853 1044.050 1375.258 1352.443 1361.077 1386.047 1358.158 1383.503 88.532
33.512 1301.432 1301.432 290.613 1085.402 1303.828 95.952 66.343 1301.688 67.802 50.265 92.475 1305.777 1299.870 351.973 1293.782 56.910 267.347 273.573 64.997 45.160 99.243 48.977 31.422 1088.248 61.828 49.877 52.177 278.217 39.817 1308.468 41.650 1313.470 72.145 1301.270 1294.082 45.845 347.632 83.997 1091.555 72.653 49.170 1308.100 82.108 87.720 1241.407 58.820 55.190 100.807 53.392 36.250 120.953 1290.297 1084.687 26.433 37.360 1309.735 55.850 1082.907 63.487 26.582 82.968 118.615 295.160 29.440 1304.963 1325.853 0.000 291.847 128.495 42.493 110.315 126.083 66.752 129.530 1298.753
264.888 1019.628 1019.628 24.452 803.598 1022.025 308.320 342.287 1019.885 324.452 324.570 326.923 1023.973 1018.067 81.258 1011.978 321.223 28.478 27.692 315.007 321.103 309.888 323.787 270.615 806.445 267.668 254.378 248.103 29.260 315.760 1026.665 267.095 1031.667 309.128 1019.467 1012.278 321.788 76.917 307.282 809.752 309.208 263.182 1026.297 312.923 321.033 959.603 334.763 330.482 309.678 250.158 265.143 343.920 1008.493 802.883 299.937 313.303 1027.932 252.375 801.103 323.238 274.575 358.912 338.847 14.260 273.468 1023.160 1044.050 291.847 0.000 341.307 318.437 327.125 352.095 324.207 349.552 1016.950
135.823 1350.837 1350.837 339.928 1134.807 1353.233 48.538 112.445 1351.093 70.237 104.243 40.445 1355.182 1349.275 382.552 1343.187 82.053 316.807 323.127 77.875 114.767 43.920 103.460 137.775 1137.653 176.698 136.658 143.010 327.770 113.672 1357.873 159.585 1362.875 80.930 1350.675 1343.487 107.077 378.210 57.845 1140.960 71.262 162.878 1357.505 57.857 46.113 1290.812 105.697 102.708 45.638 143.088 139.185 15.840 1339.702 1134.092 108.638 105.727 1359.140 135.802 1132.312 77.005 137.585 129.165 16.760 344.713 138.533 1354.368 1375.258 128.495 341.307 0.000 116.348 26.633 17.445 68.527 14.875 1348.158
52.262 1328.022 1328.022 317.203 1111.992 1330.418 92.328 33.502 1328.278 57.345 27.558 80.328 1332.367 1326.460 378.563 1320.372 46.022 293.937 300.163 61.373 9.798 95.620 26.602 54.213 1114.838 96.755 70.157 74.462 304.807 6.112 1335.058 76.023 1340.060 69.180 1327.860 1320.672 18.422 374.222 80.373 1118.145 69.030 83.460 1334.690 72.330 76.832 1267.997 26.892 27.057 97.183 75.677 56.530 108.807 1316.887 1111.277 22.950 17.503 1336.325 72.847 1109.497 53.717 54.023 45.972 106.468 321.750 54.972 1331.553 1352.443 42.493 318.437 116.348 0.000 99.427 112.902 55.863 117.375 1325.343
115.535 1336.655 1336.655 325.747 1120.625 1339.052 26.247 99.520 1336.912 49.917 88.327 23.103 1341.000 1335.093 368.370 1329.005 62.053 302.625 308.945 57.555 98.850 22.107 87.543 117.487 1123.472 155.740 115.700 122.052 313.588 96.750 1343.692 138.658 1348.693 60.610 1336.493 1329.305 91.160 364.028 37.525 1126.778 50.942 141.920 1343.323 37.537 25.793 1276.630 91.525 87.438 22.015 122.130 118.227 26.677 1325.520 1119.910 90.458 88.668 1344.958 114.843 1118.130 56.685 117.692 116.240 22.255 330.532 118.245 1340.187 1361.077 110.315 327.125 26.633 99.427 0.000 36.817 48.207 34.273 1333.977
133.412 1361.625 1361.625 350.717 1145.595 1364.022 55.520 99.260 1361.882 69.853 95.668 40.207 1365.970 1360.063 393.340 1353.975 79.642 327.595 333.915 78.508 106.730 50.902 95.018 135.363 1148.442 177.905 140.222 146.573 338.558 110.432 1368.662 157.173 1373.663 81.738 1361.463 1354.275 101.307 388.998 63.245 1151.748 72.328 164.610 1368.293 57.570 49.357 1301.600 92.512 90.743 55.160 146.652 137.680 14.083 1350.490 1144.880 106.227 102.487 1369.928 139.365 1143.100 76.622 135.173 115.980 18.673 355.502 136.122 1365.157 1386.047 126.083 352.095 17.445 112.902 36.817 0.000 68.143 8.200 1358.947
71.332 1333.737 1333.737 322.828 1117.707 1336.133 40.902 70.877 1333.993 5.978 44.875 32.570 1338.082 1332.175 365.452 1326.087 18.490 299.707 306.027 20.583 55.398 44.015 44.092 73.283 1120.553 116.220 80.615 86.967 310.670 53.187 1340.773 95.488 1345.775 23.813 1333.575 1326.387 47.708 361.110 29.115 1123.860 18.887 102.925 1340.405 19.803 25.612 1273.712 59.488 50.787 45.750 87.045 75.067 62.087 1322.602 1116.992 46.895 45.105 1342.040 79.758 1115.212 13.122 73.488 87.502 59.748 327.613 74.042 1337.268 1358.158 66.752 324.207 68.527 55.863 48.207 68.143 0.000 70.663 1331.058
136.858 1359.082 1359.082 348.173 1143.052 1361.478 54.050 103.733 1359.338 72.373 100.142 41.480 1363.427 1357.520 390.797 1351.432 83.088 325.052 331.372 81.028 111.203 49.432 99.492 138.810 1145.898 181.352 142.170 148.522 336.015 114.707 1366.118 160.620 1371.120 84.258 1358.920 1351.732 105.780 386.455 63.357 1149.205 74.848 168.057 1365.750 60.090 50.717 1299.057 96.985 95.217 53.278 148.600 141.127 12.018 1347.947 1142.337 109.673 106.762 1367.385 141.313 1140.557 79.142 138.620 120.453 16.230 352.958 139.568 1362.613 1383.503 129.530 349.552 14.875 117.375 34.273 8.200 70.663 0.000 1356.403
1271.795 7.182 7.182 1029.533 222.432 19.180 1315.172 1349.193 7.438 1331.303 1331.477 1333.775 18.793 7.107 1026.295 9.128 1328.130 1035.933 1037.698 1321.913 1328.010 1316.740 1330.693 1277.522 226.462 1274.575 1261.285 1255.010 1037.777 1322.667 15.012 1274.002 18.905 1315.980 8.507 24.638 1328.695 1026.868 1314.133 218.420 1316.060 1270.088 14.643 1319.775 1327.885 68.143 1341.670 1337.388 1316.530 1257.065 1272.050 1350.772 11.457 230.223 1306.843 1320.210 16.280 1259.282 228.065 1330.145 1281.482 1365.818 1345.698 1019.173 1280.375 10.713 88.532 1298.753 1016.950 1348.158 1325.343 1333.977 1358.947 1331.058 1356.403 0.000
0.0000 106.5009 106.5009 22.2486 88.4704 106.4514 7.8432 6.3501 106.2723 5.7646 4.8734 8.3343 106.6142 106.1205 27.0848 105.6119 4.9540 20.0583 20.5781 5.5311 4.5833 8.1565 4.8077 0.4448 88.4571 3.9045 1.3864 1.7458 20.9559 4.1374 106.8373 2.4748 107.2552 5.2437 106.2373 105.6371 4.6407 26.7220 7.0329 88.7324 6.0618 2.7494 106.8068 6.9569 7.7593 101.2424 5.7230 5.3665 8.1832 1.8471 0.2485 10.7145 105.3208 88.1602 2.8172 3.9325 106.9439 1.8853 88.0114 5.4043 0.8292 7.7387 10.5196 22.3787 0.6974 106.5453 108.2947 2.7976 22.1033 11.3447 4.3608 9.6447 11.1427 5.9541 11.4313 106.0271
106.5009 0.0000 0.0000 86.3010 19.0381 1.5960 109.7614 112.7083 0.3096 111.0847 111.2317 111.3135 1.5551 0.7948 85.7988 0.9853 110.8890 86.5784 86.7288 110.4367 110.9415 109.8891 111.1660 106.7289 19.1254 106.4853 105.3737 104.8497 86.7557 110.4957 0.5445 106.2637 0.9530 109.8057 0.9116 2.1520 110.9990 85.8470 109.6508 18.4533 109.8121 105.9369 0.6609 110.1210 110.7982 5.9087 112.0813 111.7248 109.8748 105.0210 106.2720 112.8223 1.1800 19.4384 109.1755 110.2908 0.8116 105.2062 19.2580 111.0932 107.0599 114.0969 112.3990 85.2011 106.9676 0.0444 6.7420 108.3211 85.0112 112.6044 110.7191 111.4213 113.5047 111.0643 113.2927 0.5993
106.5009 0.0000 0.0000 86.3010 19.0381 1.5960 109.7614 112.7083 0.3096 111.0847 111.2317 111.3135 1.5551 0.7948 85.7988 0.9853 110.8890 86.5784 86.7288 110.4367 110.9415 109.8891 111.1660 106.7289 19.1254 106.4853 105.3737 104.8497 86.7557 110.4957 0.5445 106.2637 0.9530 109.8057 0.9116 2.1520 110.9990 85.8470 109.6508 18.4533 109.8121 105.9369 0.6609 110.1210 110.7982 5.9087 112.0813 111.7248 109.8748 105.0210 106.2720 112.8223 1.1800 19.4384 109.1755 110.2908 0.8116 105.2062 19.2580 111.0932 107.0599 114.0969 112.3990 85.2011 106.9676 0.0444 6.7420 108.3211 85.0112 112.6044 110.7191 111.4213 113.5047 111.0643 113.2927 0.5993
22.2486 86.3010 86.3010 0.0000 68.2705 86.2515 25.5016 28.4561 86.0724 26.8250 26.9794 27.0537 86.4143 85.9207 5.4373 85.4120 26.6367 2.3614 2.6617 26.1844 26.6893 25.6293 26.9137 22.4766 68.2572 22.2330 21.1215 20.5974 2.9131 26.2434 86.6374 22.0114 87.0554 25.5460 86.0374 85.4372 26.7468 5.0746 25.3910 68.5326 25.5523 21.6847 86.6070 25.8613 26.5384 81.0426 27.8290 27.4725 25.6151 20.7687 22.0198 28.5625 85.1210 67.9603 24.9232 26.0385 86.7440 20.9539 67.8115 26.8409 22.8077 29.8447 28.1393 2.4180 22.7153 86.3455 88.0949 24.0688 2.0362 28.3446 26.4668 27.1615 29.2450 26.8046 29.0330 85.8272
88.4704 19.0381 19.0381 68.2705 0.0000 18.9886 91.7309 94.6778 18.8096 93.0542 93.2012 93.2830 19.1514 18.6578 67.7683 18.1491 92.8585 68.5479 68.6982 92.4061 92.9110 91.8586 93.1355 88.6984 0.4538 88.4548 87.3432 86.8191 68.7252 92.4651 19.3746 88.2332 19.7925 91.7752 18.7745 18.1743 92.9685 67.8164 91.6203 0.7939 91.7815 87.9064 19.3441 92.0905 92.7677 13.7797 94.0508 93.6942 91.8443 86.9905 88.2415 94.7917 17.8581 0.5009 91.1450 92.2603 19.4812 87.1757 0.6221 93.0627 89.0294 96.0664 94.3685 67.1705 88.9371 19.0826 20.8320 90.2906 66.9807 94.5738 92.6886 93.3908 95.4742 93.0338 95.2622 18.5643
106.4514 1.5960 1.5960 86.2515 18.9886 0.0000 109.7119 112.6588 1.2986 111.0352 111.1822 111.2640 0.2623 1.5507 85.7493 1.3158 110.8395 86.5289 86.6793 110.3872 110.8920 109.8396 111.1165 106.6794 19.0759 106.4358 105.3242 104.8002 86.7062 110.4462 1.3223 106.2142 2.3790 109.7562 1.6675 1.5126 110.9495 85.7975 109.6013 18.4038 109.7626 105.8874 1.1074 110.0715 110.7487 5.8592 112.0318 111.6753 109.8253 104.9715 106.2225 112.7728 1.6068 19.3889 109.1260 110.2413 1.0830 105.1567 19.2085 111.0437 107.0104 114.0474 112.3495 85.1516 106.9181 1.6404 6.6343 108.2716 84.9617 112.5549 110.6696 111.3718 113.4552 111.0148 113.2432 1.3513
7.8432 109.7614 109.7614 25.5016 91.7309 109.7119 0.0000 8.3921 109.5328 3.1868 6.6455 2.1798 109.8747 109.3810 28.8212 108.8724 4.3010 23.3244 23.8490 2.8225 7.4495 0.4279 6.5798 7.9256 91.7176 10.9252 7.5792 8.1098 24.2268 7.2385 110.0978 9.4955 110.5157 2.9835 109.4978 108.8976 6.8815 28.4584 1.1033 91.9929 2.2246 9.7700 110.0674 1.9451 1.7860 104.5030 7.6139 7.1385 0.4755 8.1162 7.7910 3.5671 108.5814 91.4207 6.2793 6.5632 110.2044 7.5074 91.2719 3.7149 8.0487 9.7968 3.3515 25.6496 8.0944 109.8058 111.5552 7.7207 25.3693 3.7533 7.4620 1.9382 4.3823 3.1664 4.2608 109.2876
6.3501 112.7083 112.7083 28.4561 94.6778 112.6588 8.3921 0.0000 112.4798 5.7916 2.7890 6.4958 112.8216 112.3280 33.2923 111.8193 4.8451 26.2658 26.7855 6.2280 2.0254 8.4716 2.7265 6.2627 94.6646 9.4897 7.5939 7.9532 27.1634 2.6408 113.0448 8.0780 113.4627 6.8771 112.4447 111.8445 2.0819 32.9295 7.4570 94.9399 6.8219 8.7010 113.0143 6.5019 6.7512 107.4499 1.4362 2.4070 8.7956 8.0546 6.4560 8.1151 111.5283 94.3677 3.6542 3.1915 113.1514 7.8185 94.2188 5.5289 6.2474 1.5698 8.3157 28.5862 6.3266 112.7528 114.5022 5.2418 28.3107 9.1448 2.5451 8.0613 8.0469 5.6679 8.4201 112.2345
106.2723 0.3096 0.3096 86.0724 18.8096 1.2986 109.5328 112.4798 0.0000 110.8561 111.0031 111.0849 1.2577 0.5662 85.5702 0.7567 110.6604 86.3498 86.5002 110.2081 110.7129 109.6605 110.9374 106.5003 18.8968 106.2567 105.1452 104.6211 86.5271 110.2671 0.6357 106.0351 1.1785 109.5772 0.6830 1.8502 110.7704 85.6184 109.4222 18.2247 109.5835 105.7084 0.6052 109.8924 110.5696 5.6801 111.8527 111.4962 109.6462 104.7924 106.0435 112.5937 0.9515 19.2098 108.9469 110.0622 0.7837 104.9776 19.0294 110.8646 106.8314 113.8684 112.1705 84.9725 106.7390 0.3541 6.8323 108.0925 84.7826 112.3758 110.4905 111.1927 113.2762 110.8358 113.0642 0.3708
5.7646 111.0847 111.0847 26.8250 93.0542 111.0352 3.1868 5.7916 110.8561 0.0000 3.6222 2.6129 111.1980 110.7044 30.1445 110.1957 1.4179 24.6477 25.1723 1.4888 4.5010 3.4436 3.5566 5.6772 93.0409 9.2605 6.2608 6.7914 25.5501 4.3163 111.4211 7.5260 111.8391 1.7574 110.8211 110.2209 3.8583 29.7818 2.2015 93.3163 1.3469 8.1490 111.3907 1.4210 2.0324 105.8263 4.8419 4.1153 3.5886 6.7977 5.8254 5.0791 109.9047 92.7441 3.7896 3.6409 111.5277 6.1889 92.5952 0.8211 5.6954 7.1802 4.8842 26.9729 5.7411 111.1292 112.8786 5.3674 26.6927 5.5658 4.5397 3.9177 5.5850 0.2491 5.7959 110.6109
4.8734 111.2317 111.2317 26.9794 93.2012 111.1822 6.6455 2.7890 111.0031 3.6222 0.0000 5.4499 111.3450 110.8513 31.8156 110.3427 2.6757 24.7891 25.3089 4.0586 1.6570 6.9214 0.1268 4.7860 93.1879 8.3358 6.1119 6.4766 25.6867 1.8557 111.5681 6.6013 111.9860 4.7078 110.9681 110.3679 0.9895 31.4528 5.6457 93.4632 4.6982 7.2243 111.5376 4.8736 5.2509 105.9732 1.5725 0.6848 7.0512 6.5779 4.9793 7.8115 110.0516 92.8910 2.3146 1.3256 111.6747 6.2810 92.7422 3.3596 4.7707 4.1776 7.6351 27.1095 4.8499 111.2761 113.0255 3.9022 26.8341 8.4602 2.0516 7.1294 7.7434 3.4985 8.1165 110.7579
8.3343 111.3135 111.3135 27.0537 93.2830 111.2640 2.1798 6.4958 111.0849 2.6129 5.4499 0.0000 111.4268 110.9331 30.3733 110.4245 3.5952 24.8764 25.4010 3.3316 6.3286 2.0444 5.3842 8.2470 93.2697 11.7967 8.4854 9.0160 25.7789 6.2376 111.6499 10.0623 112.0678 3.6002 111.0499 110.4497 5.6859 30.0105 2.0592 93.5450 2.8145 10.6762 111.6194 1.5830 0.9000 106.0551 5.7177 5.3754 2.3997 9.0223 8.4006 2.4987 110.1334 92.9728 5.8161 5.5735 111.7565 8.4135 92.8240 3.1778 8.2316 7.9006 2.3038 27.2017 8.3108 111.3579 113.1073 7.4295 26.9214 3.1289 6.4610 1.6796 3.1087 2.4699 3.2155 110.8397
106.6142 1.5551 1.5551 86.4143 19.1514 0.2623 109.8747 112.8216 1.2577 111.1980 111.3450 111.4268 0.0000 1.5255 85.9121 1.4786 111.0023 86.6917 86.8420 110.5499 111.0548 110.0024 111.2793 106.8422 19.2387 106.5986 105.4870 104.9629 86.8690 110.6089 1.1670 106.3770 2.2237 109.9190 1.6423 1.6754 111.1123 85.9602 109.7641 18.5666 109.9254 106.0502 1.0666 110.2343 110.9115 6.0220 112.1946 111.8380 109.9881 105.1343 106.3853 112.9356 1.7696 19.5516 109.2888 110.4041 0.9496 105.3195 19.3713 111.2065 107.1732 114.2102 112.5123 85.3143 107.0809 1.5995 6.3873 108.4344 85.1245 112.7177 110.8324 111.5346 113.6180 111.1776 113.4060 1.3199
106.1205 0.7948 0.7948 85.9207 18.6578 1.5507 109.3810 112.3280 0.5662 110.7043 110.8513 110.9331 1.5255 0.0000 85.4184 0.6049 110.5086 86.1980 86.3484 110.0563 110.5611 109.5087 110.7856 106.3485 18.7450 106.1049 104.9934 104.4693 86.3753 110.1153 1.2019 105.8833 1.4294 109.4254 0.1168 1.9893 110.6186 85.4666 109.2704 18.0729 109.4317 105.5566 1.1714 109.7406 110.4178 5.5283 111.7009 111.3444 109.4945 104.6406 105.8917 112.4419 0.7997 19.0580 108.7951 109.9104 1.3271 104.8258 18.8776 110.7128 106.6796 113.7166 112.0187 84.8207 106.5872 0.8392 7.3511 107.9407 84.6308 112.2240 110.3387 111.0409 113.1244 110.6840 112.9124 0.3432
27.0848 85.7988 85.7988 5.4373 67.7683 85.7493 28.8212 33.2923 85.5702 30.1445 31.8156 30.3733 85.9121 85.4184 0.0000 84.9098 31.1513 7.2818 7.5821 29.5860 31.5254 28.9489 31.7499 27.3128 67.7550 27.0692 25.9577 25.4336 7.8335 31.0796 86.1352 26.8476 86.5531 28.8655 85.5352 84.9350 31.5829 0.3627 28.7106 68.0303 28.8718 26.5209 86.1047 29.1808 29.8580 80.5404 32.6652 32.3087 28.9346 25.6049 26.8560 31.8820 84.6188 67.4581 29.7594 30.8747 86.2418 25.7901 67.3093 30.6726 27.6438 34.6809 31.4588 7.0011 27.5515 85.8432 87.5926 28.9050 6.5309 31.6641 31.3030 30.4811 32.5645 30.1241 32.3525 85.3250
105.6119 0.9853 0.9853 85.4120 18.1491 1.3158 108.8724 111.8193 0.7567 110.1957 110.3427 110.4245 1.4786 0.6049 84.9098 0.0000 110.0000 85.6894 85.8398 109.5477 110.0525 109.0001 110.2770 105.8399 18.2364 105.5963 104.4847 103.9607 85.8667 109.6067 1.3159 105.3747 1.7396 108.9167 0.7217 1.6142 110.1100 84.9580 108.7618 17.5643 108.9231 105.0479 1.2854 109.2320 109.9092 5.0197 111.1923 110.8358 108.9858 104.1320 105.3830 111.9333 0.2910 18.5494 108.2865 109.4018 1.4225 104.3172 18.3690 110.2042 106.1709 113.2079 111.5100 84.3121 106.0786 1.0297 7.4465 107.4321 84.1222 111.7154 109.8301 110.5323 112.6157 110.1753 112.4037 0.5115
4.9540 110.8890 110.8890 26.6367 92.8585 110.8395 4.3010 4.8451 110.6604 1.4179 2.6757 3.5952 111.0023 110.5086 31.1513 110.0000 0.0000 24.4464 24.9662 1.7141 3.5545 4.5753 2.6100 4.8666 92.8452 8.4498 5.8098 6.3405 25.3440 3.3697 111.2254 6.7154 111.6433 2.4295 110.6254 110.0252 2.9118 30.7885 3.3012 93.1205 2.3537 7.3384 111.1949 2.6693 3.0466 105.6306 3.8954 3.1688 4.7067 6.3468 5.0148 5.9754 109.7090 92.5483 2.8431 2.6944 111.3320 5.7380 92.3995 0.9974 4.8847 6.2337 5.7805 26.7668 4.9305 110.9334 112.6828 4.4565 26.4914 6.6055 3.5931 4.9319 6.4035 1.2942 6.6922 110.4152
20.0583 86.5784 86.5784 2.3614 68.5479 86.5289 23.3244 26.2658 86.3498 24.6477 24.7891 24.8764 86.6917 86.1980 7.2818 85.6894 24.4464 0.0000 1.0069 23.9941 24.4989 23.4520 24.7234 20.2863 68.5346 20.0427 18.9312 18.4071 1.6250 24.0531 86.9148 19.8211 87.3327 23.3687 86.3148 85.7146 24.5564 6.9191 23.2137 68.8099 23.3750 19.4944 86.8843 23.6840 24.3611 81.3200 25.6387 25.2822 23.4378 18.5784 19.8295 26.3852 85.3983 68.2377 22.7329 23.8482 87.0214 18.7636 68.0889 24.6506 20.6174 27.6544 25.9620 2.4998 20.5250 86.6228 88.3722 21.8785 2.1260 26.1673 24.2765 24.9843 27.0677 24.6273 26.8557 86.1046
20.5781 86.7288 86.7288 2.6617 68.6982 86.6793 23.8490 26.7855 86.5002 25.1723 25.3089 25.4010 86.8420 86.3484 7.5821 85.8398 24.9662 1.0069 0.0000 24.5138 25.0187 23.9767 25.2432 20.8061 68.6850 20.5625 19.4509 18.9268 0.7025 24.5728 87.0652 20.3409 87.4831 23.8933 86.4651 85.8649 25.0762 7.2194 23.7384 68.9603 23.8996 20.0141 87.0347 24.2086 24.8857 81.4703 26.1585 25.8019 23.9624 19.0981 20.3492 26.9098 85.5487 68.3881 23.2527 24.3680 87.1718 19.2834 68.2393 25.1704 21.1371 28.1741 26.4866 1.8247 21.0447 86.7732 88.5226 22.3983 2.0611 26.6919 24.7963 25.5089 27.5923 25.1519 27.3803 86.2549
5.5311 110.4367 110.4367 26.1844 92.4061 110.3872 2.8225 6.2280 110.2081 1.4888 4.0586 3.3316 110.5499 110.0563 29.5860 109.5477 1.7141 23.9941 24.5138 0.0000 4.8627 3.1073 3.9930 5.4437 92.3929 8.7035 5.3575 5.8881 24.8917 4.6517 110.7731 7.2738 111.1910 0.8302 110.1730 109.5729 4.2947 29.2233 1.8173 92.6682 0.8309 7.5483 110.7426 1.7828 2.7511 105.1782 5.2783 4.5517 3.2283 5.8945 5.5693 5.7978 109.2566 92.0960 3.6925 3.9764 110.8797 5.2856 91.9472 1.7226 5.4619 7.6166 5.6029 26.3145 5.5076 110.4811 112.2305 5.1339 26.0391 6.2030 4.8752 4.5549 6.3038 1.4685 6.5146 109.9628
4.5833 110.9415 110.9415 26.6893 92.9110 110.8920 7.4495 2.0254 110.7129 4.5010 1.6570 6.3286 111.0548 110.5611 31.5254 110.0525 3.5545 24.4989 25.0187 4.8627 0.0000 7.7238 1.5806 4.4959 92.8977 8.0456 5.8271 6.1864 25.3966 0.6601 111.2779 6.3112 111.6959 5.5118 110.6779 110.0777 0.7726 31.1627 6.4497 93.1730 5.5022 6.9342 111.2475 5.7524 6.1296 105.6831 1.4794 1.4939 7.8552 6.2877 4.6892 8.7088 109.7615 92.6008 1.8874 1.4246 111.3845 6.0517 92.4520 4.2232 4.4806 3.2967 8.5138 26.8194 4.5597 110.9860 112.7354 3.4750 26.5439 9.3389 0.5677 8.0082 8.6700 4.3773 9.0432 110.4677
8.1565 109.8891 109.8891 25.6293 91.8586 109.8396 0.4279 8.4716 109.6605 3.4436 6.9214 2.0444 110.0024 109.5087 28.9489 109.0001 4.5753 23.4520 23.9767 3.1073 7.7238 0.0000 6.8557 8.2389 91.8453 11.2385 7.8925 8.4232 24.3545 7.5129 110.2255 9.8088 110.6434 3.2829 109.6255 109.0253 7.1574 28.5861 1.4027 92.1206 2.5240 10.0834 110.1951 2.2036 1.7341 104.6307 7.6935 7.3511 0.3561 8.4295 8.1043 3.1816 108.7091 91.5484 6.5537 6.8376 110.3321 7.8207 91.3996 3.9893 8.3231 9.8763 2.9660 25.7773 8.3688 109.9335 111.6829 7.9951 25.4970 3.3678 7.7363 1.5949 3.9968 3.4232 3.8754 109.4153
4.8077 111.1660 111.1660 26.9137 93.1355 111.1165 6.5798 2.7265 110.9374 3.5566 0.1268 5.3842 111.2793 110.7856 31.7499 110.2770 2.6100 24.7234 25.2432 3.9930 1.5806 6.8557 0.0000 4.7204 93.1222 8.2701 6.0463 6.4109 25.6210 1.7478 111.5024 6.5357 111.9203 4.6421 110.9024 110.3022 0.9131 31.3872 5.5800 93.3975 4.6325 7.1587 111.4719 4.8079 5.1852 105.9076 1.5100 0.6222 6.9855 6.5122 4.9136 7.7571 109.9860 92.8253 2.2067 1.2210 111.6090 6.2153 92.6765 3.2939 4.7050 4.1151 7.5694 27.0438 4.7842 111.2104 112.9599 3.7944 26.7684 8.3945 1.9712 7.0638 7.6889 3.4329 8.0621 110.6922
0.4448 106.7289 106.7289 22.4766 88.6984 106.6794 7.9256 6.2627 106.5003 5.6772 4.7860 8.2470 106.8422 106.3485 27.3128 105.8399 4.8666 20.2863 20.8061 5.4437 4.4959 8.2389 4.7204 0.0000 88.6851 4.0749 1.6145 1.9738 21.1839 4.0500 107.0653 2.5235 107.4832 5.3261 106.4653 105.8651 4.5534 26.9501 7.0308 88.9604 6.0832 2.9197 107.0349 6.8696 7.6720 101.4705 5.6356 5.2791 8.2656 2.0751 0.4765 10.6271 105.5489 88.3882 2.7298 3.8452 107.1719 2.1133 88.2394 5.3169 0.6097 7.6513 10.4322 22.6067 0.5173 106.7733 108.5228 2.3731 22.3313 11.2573 4.2734 9.5573 11.0553 5.8667 11.3439 106.2551
88.4571 19.1254 19.1254 68.2572 0.4538 19.0759 91.7176 94.6646 18.8968 93.0409 93.1879 93.2697 19.2387 18.7450 67.7550 18.2364 92.8452 68.5346 68.6850 92.3929 92.8977 91.8453 93.1222 88.6851 0.0000 88.4415 87.3299 86.8059 68.7119 92.4519 19.4618 88.2199 19.8797 91.7620 18.8618 18.2616 92.9552 67.8032 91.6070 1.0618 91.7683 87.8932 19.4313 92.0772 92.7544 13.8670 94.0375 93.6810 91.8310 86.9772 88.2283 94.7785 17.9453 0.3302 91.1317 92.2470 19.5684 87.1624 1.0575 93.0494 89.0161 96.0532 94.3553 67.1573 88.9238 19.1698 20.9192 90.2773 66.9674 94.5606 92.6753 93.3775 95.4610 93.0206 95.2490 18.6516
3.9045 106.4853 106.4853 22.2330 88.4548 106.4358 10.9252 9.4897 106.2567 9.2605 8.3358 11.7967 106.5986 106.1049 27.0692 105.5963 8.4498 20.0427 20.5625 8.7035 8.0456 11.2385 8.2701 4.0749 88.4415 0.0000 3.8126 3.5670 20.9403 7.5998 106.8217 1.7553 107.2396 8.3257 106.2217 105.6215 8.1031 26.7065 10.1149 88.7168 9.1438 1.4437 106.7912 10.3272 11.2507 101.2268 9.1854 8.8289 11.2652 3.7234 3.6867 14.1769 105.3052 88.1446 6.2796 7.3949 106.9283 4.2512 87.9958 8.9001 3.8533 9.9404 13.9820 22.3631 4.0921 106.5297 108.2791 4.9083 22.0877 14.4569 7.8232 12.7548 14.6050 9.4499 14.8937 106.0115
1.3864 105.3737 105.3737 21.1215 87.3432 105.3242 7.5792 7.5939 105.1452 6.2608 6.1119 8.4854 105.4870 104.9934 25.9577 104.4847 5.8098 18.9312 19.4509 5.3575 5.8271 7.8925 6.0463 1.6145 87.3299 3.8126 0.0000 0.5306 19.8288 5.3812 105.7102 2.3917 106.1281 4.9798 105.1101 104.5099 5.8846 25.5949 6.7689 87.6053 5.7978 2.3887 105.6797 6.9812 7.9048 100.1153 6.9669 6.6050 7.9192 0.5370 1.1576 10.9247 104.1937 87.0331 4.0572 5.1764 105.8167 0.5217 86.8842 6.0140 1.9455 8.9825 10.7091 21.2516 1.8531 105.4182 107.1676 3.9139 20.9761 11.1109 5.6047 9.4088 11.4575 6.4502 11.6184 104.8999
1.7458 104.8497 104.8497 20.5974 86.8191 104.8002 8.1098 7.9532 104.6211 6.7914 6.4766 9.0160 104.9629 104.4693 25.4336 103.9607 6.3405 18.4071 18.9268 5.8881 6.1864 8.4232 6.4109 1.9738 86.8059 3.5670 0.5306 0.0000 19.3047 5.7405 105.1861 2.3507 105.6040 5.5104 104.5860 103.9858 6.2439 25.0708 7.2996 87.0812 6.3285 2.1432 105.1556 7.5118 8.4354 99.5912 7.3262 6.9696 8.4499 0.1779 1.5169 11.4553 103.6696 86.5090 4.4204 5.5357 105.2927 0.9096 86.3602 6.5447 2.3048 9.3418 11.2397 20.7275 2.2124 104.8941 106.6435 4.0989 20.4521 11.6415 5.9640 9.9394 11.9882 6.9809 12.1491 104.3758
20.9559 86.7557 86.7557 2.9131 68.7252 86.7062 24.2268 27.1634 86.5271 25.5501 25.6867 25.7789 86.8690 86.3754 7.8335 85.8667 25.3440 1.6250 0.7025 24.8917 25.3966 24.3545 25.6210 21.1839 68.7119 20.9403 19.8288 19.3047 0.0000 24.9507 87.0921 20.7187 87.5101 24.2712 86.4921 85.8919 25.4540 7.4708 24.1162 68.9872 24.2775 20.3920 87.0617 24.5864 25.2636 81.4973 26.5363 26.1798 24.3402 19.4760 20.7271 27.2877 85.5757 68.4150 23.6305 24.7458 87.1987 19.6612 68.2662 25.5482 21.5150 28.5520 26.8645 1.7528 21.4226 86.8002 88.5496 22.7761 2.1930 27.0698 25.1741 25.8867 27.9702 25.5298 27.7582 86.2819
4.1374 110.4957 110.4957 26.2434 92.4651 110.4462 7.2385 2.6408 110.2671 4.3163 1.8557 6.2376 110.6089 110.1153 31.0796 109.6067 3.3697 24.0531 24.5728 4.6517 0.6601 7.5129 1.7478 4.0500 92.4519 7.5998 5.3812 5.7405 24.9507 0.0000 110.8321 5.8653 111.2500 5.3009 110.2320 109.6318 1.1646 30.7168 6.2388 92.7272 5.2912 6.4883 110.8016 5.5676 5.9449 105.2372 2.0456 1.9625 7.6443 5.8419 4.2433 8.6177 109.3156 92.1550 1.4415 0.9875 110.9387 5.6058 92.0062 4.0123 4.0347 3.8020 8.4228 26.3735 4.1139 110.5401 112.2895 3.0292 26.0981 9.2479 0.2597 7.8302 8.9558 4.1925 9.3345 110.0218
106.8373 0.5445 0.5445 86.6374 19.3746 1.3223 110.0978 113.0448 0.6357 111.4211 111.5681 111.6499 1.1670 1.2019 86.1352 1.3159 111.2254 86.9148 87.0652 110.7731 111.2779 110.2255 111.5024 107.0653 19.4618 106.8217 105.7102 105.1861 87.0921 110.8321 0.0000 106.6001 1.1602 110.1422 1.3187 2.0402 111.3354 86.1834 109.9872 18.7897 110.1485 106.2734 0.2416 110.4574 111.1346 5.6826 112.4177 112.0612 110.2112 105.3574 106.6085 113.1587 1.5832 19.7748 109.5119 110.6272 0.3923 105.5426 19.5944 111.4296 107.3964 114.4334 112.7355 85.5375 107.3040 0.5889 6.2285 108.6575 85.3476 112.9408 111.0555 111.7577 113.8412 111.4008 113.6292 1.0027
2.4748 106.2637 106.2637 22.0114 88.2332 106.2142 9.4955 8.0780 106.0351 7.5260 6.6013 10.0623 106.3770 105.8833 26.8476 105.3747 6.7154 19.8211 20.3409 7.2738 6.3112 9.8088 6.5357 2.5235 88.2199 1.7553 2.3917 2.3507 20.7187 5.8653 106.6001 0.0000 107.0180 6.8960 106.0001 105.3999 6.3687 26.4849 8.6852 88.4952 7.7141 0.6270 106.5697 8.7184 9.5208 101.0053 7.4510 7.0944 9.8355 2.4916 2.2570 12.4424 105.0837 87.9230 4.5451 5.6605 106.7067 2.8905 87.7742 7.1657 2.1189 8.5556 12.2475 22.1415 2.3577 106.3081 108.0576 3.2205 21.8661 13.0726 6.0888 11.3251 12.8706 7.7155 13.1592 105.7899
107.2552 0.9530 0.9530 87.0554 19.7925 2.3790 110.5157 113.4627 1.1785 111.8391 111.9860 112.0678 2.2237 1.4294 86.5531 1.7396 111.6433 87.3327 87.4831 111.1910 111.6959 110.6434 111.9203 107.4832 19.8797 107.2396 106.1281 105.6040 87.5101 111.2500 1.1602 107.0180 0.0000 110.5601 1.5462 3.0209 111.7534 86.6013 110.4051 19.2076 110.5664 106.6913 1.2981 110.8754 111.5525 6.6630 112.8356 112.4791 110.6292 105.7753 107.0264 113.5766 1.9344 20.1927 109.9298 111.0451 1.4488 105.9605 20.0123 111.8475 107.8143 114.8513 113.1534 85.9554 107.7219 0.9974 7.3609 109.0754 85.7655 113.3587 111.4734 112.1756 114.2591 111.8187 114.0471 1.3275
5.2437 109.8057 109.8057 25.5460 91.7752 109.7562 2.9835 6.8771 109.5772 1.7574 4.7078 3.6002 109.9190 109.4254 28.8655 108.9167 2.4295 23.3687 23.8933 0.8302 5.5118 3.2829 4.6421 5.3261 91.7620 8.3257 4.9798 5.5104 24.2712 5.3009 110.1422 6.8960 110.5601 0.0000 109.5421 108.9419 4.9438 28.5028 1.9587 92.0373 0.8680 7.1706 110.1117 2.0514 3.0197 104.5473 5.9274 5.2009 3.3746 5.5167 5.1915 6.0664 108.6257 91.4651 4.2864 4.6255 110.2488 4.9079 91.3162 2.2855 5.7106 8.2657 5.8715 25.6940 5.5788 109.8502 111.5996 5.7278 25.4137 6.4569 5.5243 4.8088 6.5723 1.7370 6.7832 109.3319
106.2373 0.9116 0.9116 86.0374 18.7745 1.6675 109.4978 112.4447 0.6830 110.8211 110.9681 111.0499 1.6423 0.1168 85.5352 0.7217 110.6254 86.3148 86.4651 110.1730 110.6779 109.6255 110.9024 106.4653 18.8618 106.2217 105.1101 104.5860 86.4921 110.2320 1.3187 106.0001 1.5462 109.5421 0.0000 2.1061 110.7354 85.5833 109.3872 18.1897 109.5484 105.6733 1.2882 109.8574 110.5346 5.6451 111.8177 111.4611 109.6112 104.7573 106.0084 112.5586 0.9164 19.1747 108.9119 110.0272 1.4438 104.9426 18.9944 110.8296 106.7963 113.8333 112.1354 84.9374 106.7039 0.9560 7.4679 108.0575 84.7476 112.3408 110.4555 111.1577 113.2411 110.8007 113.0291 0.4600
105.6371 2.1520 2.1520 85.4372 18.1743 1.5126 108.8976 111.8445 1.8502 110.2209 110.3679 110.4497 1.6754 1.9893 84.9350 1.6142 110.0252 85.7146 85.8649 109.5729 110.0777 109.0253 110.3022 105.8651 18.2616 105.6215 104.5099 103.9858 85.8919 109.6318 2.0402 105.3999 3.0209 108.9419 2.1061 0.0000 110.1352 84.9831 108.7870 17.5895 108.9482 105.0731 1.9634 109.2572 109.9344 5.0449 111.2175 110.8609 109.0110 104.1572 105.4082 111.9584 1.7414 18.5745 108.3117 109.4270 2.0809 104.3424 18.3942 110.2294 106.1961 113.2331 111.5352 84.3372 106.1037 2.1964 7.7930 107.4573 84.1474 111.7406 109.8553 110.5575 112.6409 110.2005 112.4289 1.8056
4.6407 110.9990 110.9990 26.7468 92.9685 110.9495 6.8815 2.0819 110.7704 3.8583 0.9895 5.6859 111.1123 110.6186 31.5829 110.1100 2.9118 24.5564 25.0762 4.2947 0.7726 7.1574 0.9131 4.5534 92.9552 8.1031 5.8846 6.2439 25.4540 1.1646 111.3354 6.3687 111.7534 4.9438 110.7354 110.1352 0.0000 31.2202 5.8818 93.2305 4.9342 6.9917 111.3050 5.1097 5.4869 105.7406 1.1411 0.8823 7.2873 6.3452 4.7467 8.0661 109.8190 92.6583 1.9449 1.3067 111.4420 6.1092 92.5095 3.5956 4.5381 3.4705 7.8712 26.8768 4.6172 111.0435 112.7929 3.5325 26.6014 8.6962 1.2875 7.3655 8.2149 3.7346 8.5881 110.5252
26.7220 85.8470 85.8470 5.0746 67.8164 85.7975 28.4584 32.9295 85.6184 29.7818 31.4528 30.0105 85.9602 85.4666 0.3627 84.9580 30.7885 6.9191 7.2194 29.2233 31.1627 28.5861 31.3872 26.9501 67.8032 26.7065 25.5949 25.0708 7.4708 30.7168 86.1834 26.4849 86.6013 28.5028 85.5833 84.9831 31.2202 0.0000 28.3478 68.0785 28.5091 26.1581 86.1529 28.8181 29.4952 80.5885 32.3025 31.9459 28.5719 25.2421 26.4932 31.5193 84.6669 67.5063 29.3967 30.5120 86.2900 25.4274 67.3575 30.3099 27.2811 34.3181 31.0961 6.6384 27.1887 85.8914 87.6408 28.5422 6.1681 31.3014 30.9403 30.1183 32.2018 29.7614 31.9898 85.3731
7.0329 109.6508 109.6508 25.3910 91.6203 109.6013 1.1033 7.4570 109.4222 2.2015 5.6457 2.0592 109.7641 109.2704 28.7106 108.7618 3.3012 23.2137 23.7384 1.8173 6.4497 1.4027 5.5800 7.0308 91.6070 10.1149 6.7689 7.2996 24.1162 6.2388 109.9872 8.6852 110.4051 1.9587 109.3872 108.7870 5.8818 28.3478 0.0000 91.8823 1.2194 8.9598 109.9567 1.0074 1.2662 104.3924 6.6789 6.1388 1.5091 7.3059 6.9807 4.3435 108.4708 91.3101 5.2796 5.5635 110.0938 6.6971 91.1613 2.7296 7.0489 8.8617 4.1278 25.5390 7.0946 109.6952 111.4446 6.7209 25.2587 4.5296 6.4622 2.8815 5.0313 2.1811 5.0372 109.1770
88.7324 18.4533 18.4533 68.5326 0.7939 18.4038 91.9929 94.9399 18.2247 93.3162 93.4632 93.5450 18.5666 18.0729 68.0303 17.5643 93.1205 68.8099 68.9603 92.6682 93.1730 92.1206 93.3975 88.9604 1.0618 88.7168 87.6053 87.0812 68.9872 92.7272 18.7897 88.4952 19.2076 92.0373 18.1897 17.5895 93.2305 68.0785 91.8823 0.0000 92.0436 88.1685 18.7592 92.3525 93.0297 13.1948 94.3128 93.9563 92.1063 87.2525 88.5036 95.0538 17.2732 1.2621 91.4070 92.5223 18.8963 87.4377 0.8588 93.3247 89.2915 96.3285 94.6306 67.4326 89.1991 18.4977 20.2471 90.5526 67.2427 94.8359 92.9506 93.6528 95.7363 93.2959 95.5243 17.9795
6.0618 109.8121 109.8121 25.5523 91.7816 109.7626 2.2246 6.8219 109.5835 1.3469 4.6982 2.8145 109.9254 109.4317 28.8718 108.9231 2.3537 23.3750 23.8996 0.8309 5.5022 2.5240 4.6325 6.0832 91.7683 9.1438 5.7978 6.3285 24.2775 5.2912 110.1485 7.7141 110.5664 0.8680 109.5484 108.9483 4.9342 28.5091 1.2194 92.0436 0.0000 7.9886 110.1180 1.2743 2.2341 104.5536 5.9178 5.1912 2.6304 6.3348 6.0096 5.2808 108.6320 91.4714 4.3320 4.6159 110.2551 5.7260 91.3226 1.8750 6.1014 8.2267 5.0859 25.7003 6.1471 109.8565 111.6059 5.7734 25.4200 5.6502 5.5147 4.0022 5.7867 1.3265 5.9976 109.3382
2.7494 105.9369 105.9369 21.6847 87.9064 105.8874 9.7700 8.7010 105.7084 8.1490 7.2243 10.6762 106.0502 105.5566 26.5209 105.0480 7.3384 19.4944 20.0141 7.5483 6.9342 10.0834 7.1587 2.9197 87.8932 1.4437 2.3887 2.1432 20.3920 6.4883 106.2734 0.6270 106.6913 7.1706 105.6733 105.0731 6.9917 26.1581 8.9598 88.1685 7.9886 0.0000 106.2429 9.1720 10.0956 100.6785 8.0740 7.7174 10.1100 2.2996 2.5316 13.0654 104.7569 87.5963 5.1681 6.2835 106.3800 2.8273 87.4474 7.7887 2.7419 9.1827 12.8705 21.8148 2.9807 105.9814 107.7308 3.8476 21.5393 13.3017 6.7118 11.5996 13.4936 8.3385 13.7822 105.4631
106.8068 0.6609 0.6609 86.6070 19.3441 1.1074 110.0674 113.0143 0.6052 111.3907 111.5376 111.6194 1.0666 1.1714 86.1047 1.2854 111.1949 86.8843 87.0347 110.7426 111.2475 110.1950 111.4719 107.0349 19.4313 106.7912 105.6797 105.1556 87.0617 110.8016 0.2416 106.5696 1.2981 110.1117 1.2882 1.9634 111.3050 86.1529 109.9567 18.7592 110.1180 106.2429 0.0000 110.4270 111.1041 5.9198 112.3872 112.0307 110.1808 105.3269 106.5780 113.1282 1.5528 19.7443 109.4814 110.5968 0.3849 105.5121 19.5639 111.3991 107.3659 114.4029 112.7050 85.5070 107.2735 0.7053 6.3158 108.6270 85.3172 112.9103 111.0250 111.7273 113.8107 111.3703 113.5987 0.9722
6.9569 110.1210 110.1210 25.8613 92.0905 110.0715 1.9451 6.5019 109.8924 1.4210 4.8736 1.5830 110.2343 109.7406 29.1808 109.2320 2.6693 23.6840 24.2086 1.7828 5.7524 2.2036 4.8079 6.8696 92.0772 10.3272 6.9812 7.5118 24.5864 5.5676 110.4574 8.7184 110.8754 2.0514 109.8574 109.2572 5.1097 28.8181 1.0074 92.3525 1.2743 9.1720 110.4270 0.0000 1.0025 104.8626 5.7238 5.3667 2.3487 7.5182 7.0178 4.0493 108.9410 91.7803 5.0410 4.8923 110.5640 6.9093 91.6315 2.0134 6.8877 7.9066 3.8544 26.0092 6.9334 110.1655 111.9149 6.5597 25.7289 4.5305 5.7910 2.8825 4.5552 1.4006 4.7661 109.6472
7.7593 110.7982 110.7982 26.5384 92.7677 110.7487 1.7860 6.7512 110.5696 2.0324 5.2509 0.9000 110.9115 110.4178 29.8580 109.9092 3.0466 24.3611 24.8857 2.7511 6.1296 1.7341 5.1852 7.6720 92.7544 11.2507 7.9048 8.4354 25.2636 5.9449 111.1346 9.5208 111.5525 3.0197 110.5346 109.9344 5.4869 29.4952 1.2662 93.0297 2.2341 10.0956 111.1041 1.0025 0.0000 105.5398 5.9731 5.6307 2.0893 8.4417 7.8202 3.2695 109.6181 92.4575 5.4182 5.2695 111.2412 7.8329 92.3087 2.5973 7.6901 8.1559 3.0746 26.6864 7.7358 110.8426 112.5920 7.0317 26.4061 3.5503 6.1683 1.9022 3.8722 1.8894 3.9863 110.3244
101.2424 5.9087 5.9087 81.0426 13.7797 5.8592 104.5030 107.4499 5.6801 105.8263 105.9732 106.0551 6.0220 5.5283 80.5404 5.0197 105.6306 81.3200 81.4703 105.1782 105.6831 104.6307 105.9076 101.4705 13.8670 101.2268 100.1153 99.5912 81.4973 105.2372 5.6826 101.0053 6.6630 104.5473 5.6451 5.0449 105.7406 80.5885 104.3924 13.1948 104.5536 100.6785 5.9198 104.8626 105.5397 0.0000 106.8229 106.4663 104.6164 99.7625 101.0136 107.5638 4.7286 14.1799 103.9170 105.0324 6.0706 99.9478 13.9996 105.8348 101.8015 108.8385 107.1406 79.9426 101.7091 5.9531 8.0078 103.0626 79.7528 107.3459 105.4607 106.1629 108.2463 105.8059 108.0343 5.4348
5.7230 112.0813 112.0813 27.8290 94.0508 112.0318 7.6139 1.4362 111.8527 4.8419 1.5725 5.7177 112.1946 111.7009 32.6652 111.1923 3.8954 25.6387 26.1585 5.2783 1.4794 7.6935 1.5100 5.6356 94.0375 9.1854 6.9669 7.3262 26.5363 2.0456 112.4177 7.4510 112.8356 5.9274 111.8177 111.2175 1.1411 32.3025 6.6789 94.3128 5.9178 8.0740 112.3872 5.7238 5.9731 106.8229 0.0000 1.0702 8.0175 7.4275 5.8289 7.5501 110.9012 93.7406 3.0271 2.4378 112.5243 7.1914 93.5918 4.5793 5.6203 2.8248 7.7508 27.9591 5.6995 112.1257 113.8751 4.6148 27.6837 8.5799 1.9943 7.3973 7.4820 4.7182 7.8551 111.6075
5.3665 111.7248 111.7248 27.4725 93.6942 111.6753 7.1385 2.4070 111.4962 4.1153 0.6848 5.3754 111.8380 111.3444 32.3087 110.8358 3.1688 25.2822 25.8019 4.5517 1.4939 7.3511 0.6222 5.2791 93.6810 8.8289 6.6050 6.9696 26.1798 1.9625 112.0612 7.0944 112.4791 5.2009 111.4611 110.8609 0.8823 31.9459 6.1388 93.9563 5.1912 7.7174 112.0307 5.3667 5.6307 106.4663 1.0702 0.0000 7.5443 7.0710 5.4724 7.4008 110.5447 93.3841 2.7250 1.7393 112.1678 6.7740 93.2353 3.8527 5.2638 3.7956 7.5066 27.6026 5.3430 111.7692 113.5186 4.3127 27.3272 8.3316 2.0088 7.0550 7.3326 3.9916 7.7058 111.2509
8.1832 109.8748 109.8748 25.6151 91.8443 109.8253 0.4755 8.7956 109.6463 3.5886 7.0512 2.3997 109.9881 109.4945 28.9346 108.9858 4.7067 23.4378 23.9624 3.2283 7.8552 0.3561 6.9855 8.2656 91.8311 11.2652 7.9192 8.4499 24.3402 7.6443 110.2113 9.8355 110.6292 3.3746 109.6112 109.0110 7.2873 28.5719 1.5091 92.1064 2.6304 10.1100 110.1808 2.3487 2.0893 104.6164 8.0175 7.5443 0.0000 8.4562 8.1310 3.5369 108.6948 91.5342 6.6851 6.9690 110.3179 7.8474 91.3853 4.1207 8.4544 10.2003 3.1450 25.7630 8.5001 109.9193 111.6687 8.1265 25.4828 3.5113 7.8677 1.5874 4.3520 3.5682 4.1488 109.4010
1.8471 105.0210 105.0210 20.7687 86.9905 104.9715 8.1162 8.0546 104.7924 6.7977 6.5779 9.0223 105.1343 104.6406 25.6049 104.1320 6.3468 18.5784 19.0981 5.8945 6.2877 8.4295 6.5122 2.0751 86.9772 3.7234 0.5370 0.1779 19.4760 5.8419 105.3574 2.4916 105.7753 5.5167 104.7573 104.1572 6.3452 25.2421 7.3059 87.2525 6.3348 2.2996 105.3269 7.5182 8.4417 99.7625 7.4275 7.0710 8.4562 0.0000 1.6183 11.4617 103.8409 86.6803 4.5217 5.6370 105.4640 0.7487 86.5315 6.5510 2.4061 9.4432 11.2460 20.8988 2.3138 105.0654 106.8148 4.2002 20.6234 11.6478 6.0653 9.9457 11.9945 6.9872 12.1554 104.5471
0.2485 106.2720 106.2720 22.0198 88.2415 106.2225 7.7910 6.4560 106.0435 5.8254 4.9793 8.4006 106.3853 105.8917 26.8560 105.3830 5.0148 19.8295 20.3492 5.5693 4.6892 8.1043 4.9136 0.4765 88.2283 3.6867 1.1576 1.5169 20.7271 4.2433 106.6085 2.2570 107.0264 5.1915 106.0084 105.4082 4.7467 26.4932 6.9807 88.5036 6.0096 2.5316 106.5780 7.0178 7.8202 101.0136 5.8289 5.4724 8.1310 1.6183 0.0000 10.8204 105.0920 87.9314 2.9231 4.0384 106.7150 1.6564 87.7825 5.4651 0.8076 7.8446 10.6255 22.1499 0.7152 106.3165 108.0659 2.7760 21.8744 11.3226 4.4667 9.6205 11.2486 6.0149 11.5372 105.7982
10.7145 112.8223 112.8223 28.5625 94.7917 112.7728 3.5671 8.1151 112.5937 5.0791 7.8115 2.4987 112.9356 112.4419 31.8820 111.9333 5.9754 26.3852 26.9098 5.7978 8.7088 3.1816 7.7571 10.6271 94.7785 14.1769 10.9247 11.4554 27.2877 8.6177 113.1587 12.4424 113.5766 6.0664 112.5586 111.9585 8.0661 31.5193 4.3435 95.0538 5.2808 13.0654 113.1282 4.0493 3.2695 107.5638 7.5501 7.4008 3.5369 11.4617 10.8204 0.0000 111.6422 94.4816 8.1962 7.9537 113.2653 10.8529 94.3328 5.6441 10.6118 9.5113 0.4689 28.7105 10.6910 112.8667 114.6161 9.8096 28.4302 1.0719 8.8411 1.9278 0.9254 4.9361 0.7537 112.3484
105.3208 1.1800 1.1800 85.1210 17.8581 1.6068 108.5814 111.5283 0.9515 109.9047 110.0516 110.1334 1.7696 0.7997 84.6188 0.2910 109.7090 85.3983 85.5487 109.2566 109.7615 108.7090 109.9860 105.5489 17.9453 105.3052 104.1937 103.6696 85.5757 109.3156 1.5832 105.0837 1.9344 108.6257 0.9164 1.7414 109.8190 84.6669 108.4707 17.2732 108.6320 104.7569 1.5528 108.9410 109.6181 4.7286 110.9012 110.5447 108.6948 103.8409 105.0920 111.6422 0.0000 18.2583 107.9954 109.1108 1.6898 104.0261 18.0779 109.9131 105.8799 112.9169 111.2190 84.0210 105.7875 1.2245 7.7139 107.1410 83.8312 111.4243 109.5390 110.2413 112.3247 109.8843 112.1127 0.7062
88.1602 19.4384 19.4384 67.9603 0.5009 19.3889 91.4207 94.3677 19.2098 92.7440 92.8910 92.9728 19.5516 19.0580 67.4581 18.5494 92.5483 68.2377 68.3881 92.0960 92.6008 91.5484 92.8253 88.3882 0.3302 88.1446 87.0331 86.5090 68.4150 92.1550 19.7748 87.9230 20.1927 91.4651 19.1747 18.5745 92.6583 67.5063 91.3101 1.2621 91.4714 87.5963 19.7443 91.7803 92.4575 14.1799 93.7406 93.3841 91.5341 86.6803 87.9314 94.4816 18.2583 0.0000 90.8348 91.9501 19.8814 86.8655 0.9196 92.7525 88.7193 95.7563 94.0584 66.8604 88.6269 19.4828 21.2322 89.9804 66.6705 94.2637 92.3784 93.0806 95.1641 92.7237 94.9521 18.9645
2.8172 109.1755 109.1755 24.9232 91.1450 109.1260 6.2793 3.6542 108.9469 3.7896 2.3146 5.8161 109.2888 108.7951 29.7594 108.2865 2.8431 22.7329 23.2527 3.6925 1.8874 6.5537 2.2067 2.7298 91.1317 6.2796 4.0572 4.4204 23.6305 1.4415 109.5119 4.5451 109.9298 4.2864 108.9119 108.3117 1.9449 29.3967 5.2796 91.4070 4.3320 5.1681 109.4814 5.0410 5.4182 103.9170 3.0271 2.7250 6.6851 4.5217 2.9231 8.1962 107.9954 90.8348 0.0000 1.2367 109.6185 4.2262 90.6860 3.4856 2.7145 5.0428 8.0013 25.0533 2.7937 109.2199 110.9693 1.9123 24.7779 8.8264 1.6649 7.3036 8.6244 3.6659 8.9130 108.7016
3.9325 110.2908 110.2908 26.0385 92.2603 110.2413 6.5632 3.1915 110.0622 3.6409 1.3256 5.5735 110.4041 109.9104 30.8747 109.4018 2.6944 23.8482 24.3680 3.9764 1.4246 6.8376 1.2210 3.8452 92.2470 7.3949 5.1764 5.5357 24.7458 0.9875 110.6272 5.6605 111.0451 4.6255 110.0272 109.4270 1.3067 30.5120 5.5635 92.5223 4.6159 6.2835 110.5968 4.8923 5.2695 105.0324 2.4378 1.7393 6.9690 5.6370 4.0384 7.9537 109.1108 91.9501 1.2367 0.0000 110.7338 5.4009 91.8013 3.3369 3.8298 4.5801 7.7588 26.1686 3.9090 110.3352 112.0847 2.8243 25.8932 8.5839 1.2109 7.1549 8.2918 3.5172 8.6705 109.8170
106.9439 0.8116 0.8116 86.7440 19.4811 1.0830 110.2044 113.1514 0.7837 111.5277 111.6747 111.7565 0.9496 1.3271 86.2418 1.4225 111.3320 87.0214 87.1718 110.8797 111.3845 110.3321 111.6090 107.1719 19.5684 106.9283 105.8167 105.2927 87.1987 110.9387 0.3923 106.7067 1.4488 110.2488 1.4438 2.0809 111.4420 86.2900 110.0938 18.8963 110.2551 106.3800 0.3849 110.5640 111.2412 6.0706 112.5243 112.1678 110.3178 105.4640 106.7150 113.2653 1.6898 19.8814 109.6185 110.7338 0.0000 105.6492 19.7010 111.5362 107.5029 114.5399 112.8421 85.6441 107.4106 0.8560 6.1015 108.7641 85.4542 113.0474 111.1621 111.8643 113.9478 111.5074 113.7358 1.1094
1.8853 105.2062 105.2062 20.9539 87.1757 105.1567 7.5074 7.8185 104.9776 6.1889 6.2810 8.4135 105.3195 104.8258 25.7901 104.3172 5.7380 18.7636 19.2834 5.2856 6.0517 7.8207 6.2153 2.1133 87.1624 4.2512 0.5217 0.9096 19.6612 5.6058 105.5426 2.8905 105.9605 4.9079 104.9426 104.3424 6.1092 25.4274 6.6971 87.4377 5.7260 2.8273 105.5121 6.9093 7.8329 99.9478 7.1914 6.7740 7.8474 0.7487 1.6564 10.8529 104.0261 86.8655 4.2262 5.4009 105.6492 0.0000 86.7167 5.9422 2.4443 9.2071 10.6372 21.0840 2.3520 105.2506 107.0000 4.4128 20.8086 11.0390 5.8292 9.3369 11.3857 6.3784 11.5466 104.7323
88.0114 19.2580 19.2580 67.8115 0.6221 19.2085 91.2719 94.2188 19.0294 92.5952 92.7422 92.8240 19.3713 18.8776 67.3093 18.3690 92.3995 68.0889 68.2393 91.9472 92.4520 91.3996 92.6765 88.2394 1.0575 87.9958 86.8842 86.3602 68.2662 92.0062 19.5944 87.7742 20.0123 91.3162 18.9944 18.3942 92.5095 67.3575 91.1613 0.8588 91.3226 87.4474 19.5639 91.6315 92.3087 13.9996 93.5918 93.2353 91.3853 86.5315 87.7825 94.3328 18.0779 0.9196 90.6860 91.8013 19.7010 86.7167 0.0000 92.6037 88.5704 95.6074 93.9095 66.7116 88.4781 19.3024 21.0518 89.8316 66.5217 94.1149 92.2296 92.9318 95.0152 92.5748 94.8032 18.7842
5.4043 111.0932 111.0932 26.8409 93.0627 111.0437 3.7149 5.5289 110.8646 0.8211 3.3596 3.1778 111.2065 110.7128 30.6726 110.2042 0.9974 24.6506 25.1704 1.7226 4.2232 3.9893 3.2939 5.3169 93.0494 8.9001 6.0140 6.5447 25.5482 4.0123 111.4296 7.1657 111.8475 2.2855 110.8296 110.2294 3.5956 30.3099 2.7296 93.3247 1.8750 7.7887 111.3991 2.0134 2.5973 105.8348 4.5793 3.8527 4.1207 6.5510 5.4651 5.6441 109.9131 92.7525 3.4856 3.3369 111.5362 5.9422 92.6037 0.0000 5.3351 6.9175 5.4491 26.9710 5.3808 111.1376 112.8870 5.0071 26.6956 6.1308 4.2357 4.4827 6.1500 0.8450 6.3609 110.6194
0.8292 107.0599 107.0599 22.8077 89.0294 107.0104 8.0487 6.2474 106.8314 5.6954 4.7707 8.2316 107.1732 106.6796 27.6438 106.1709 4.8847 20.6174 21.1371 5.4619 4.4806 8.3231 4.7050 0.6097 89.0161 3.8533 1.9455 2.3048 21.5150 4.0347 107.3964 2.1189 107.8143 5.7106 106.7963 106.1961 4.5381 27.2811 7.0489 89.2915 6.1014 2.7419 107.3659 6.8877 7.6901 101.8015 5.6203 5.2638 8.4544 2.4061 0.8076 10.6118 105.8799 88.7193 2.7145 3.8298 107.5029 2.4443 88.5704 5.3351 0.0000 7.6360 10.4169 22.9378 0.2573 107.1044 108.8538 1.9684 22.6623 11.2420 4.2581 9.5755 11.0400 5.8849 11.3286 106.5861
7.7387 114.0969 114.0969 29.8447 96.0664 114.0474 9.7968 1.5698 113.8684 7.1802 4.1776 7.9006 114.2102 113.7166 34.6809 113.2079 6.2337 27.6544 28.1741 7.6166 3.2967 9.8763 4.1151 7.6513 96.0532 9.9404 8.9825 9.3418 28.5520 3.8020 114.4334 8.5556 114.8513 8.2657 113.8333 113.2331 3.4705 34.3181 8.8617 96.3285 8.2267 9.1827 114.4029 7.9066 8.1559 108.8385 2.8248 3.7956 10.2003 9.4432 7.8446 9.5113 112.9169 95.7563 5.0428 4.5801 114.5399 9.2071 95.6074 6.9175 7.6360 0.0000 9.7120 29.9748 7.7152 114.1414 115.8908 6.6305 29.6993 10.5411 3.5876 9.4576 9.4432 7.0565 9.8163 113.6231
10.5196 112.3990 112.3990 28.1393 94.3685 112.3495 3.3515 8.3157 112.1705 4.8842 7.6351 2.3038 112.5123 112.0187 31.4588 111.5100 5.7805 25.9620 26.4866 5.6029 8.5138 2.9660 7.5694 10.4322 94.3553 13.9820 10.7091 11.2397 26.8645 8.4228 112.7355 12.2475 113.1534 5.8715 112.1354 111.5352 7.8712 31.0961 4.1278 94.6306 5.0859 12.8705 112.7050 3.8543 3.0746 107.1406 7.7508 7.5066 3.1450 11.2460 10.6255 0.4689 111.2190 94.0584 8.0013 7.7588 112.8421 10.6372 93.9095 5.4491 10.4169 9.7120 0.0000 28.2873 10.4961 112.4435 114.1929 9.6147 28.0070 1.1488 8.6462 1.5585 1.3084 4.7412 1.1050 111.9252
22.3787 85.2011 85.2011 2.4180 67.1705 85.1516 25.6496 28.5862 84.9725 26.9729 27.1095 27.2017 85.3143 84.8207 7.0011 84.3121 26.7668 2.4998 1.8247 26.3145 26.8194 25.7773 27.0438 22.6067 67.1573 22.3631 21.2516 20.7275 1.7528 26.3735 85.5375 22.1415 85.9554 25.6940 84.9374 84.3372 26.8769 6.6384 25.5390 67.4326 25.7003 21.8148 85.5070 26.0092 26.6864 79.9426 27.9591 27.6026 25.7630 20.8988 22.1499 28.7105 84.0210 66.8604 25.0533 26.1686 85.6441 21.0840 66.7116 26.9710 22.9378 29.9748 28.2873 0.0000 22.8454 85.2455 86.9949 24.1989 0.9397 28.4926 26.5969 27.3095 29.3930 26.9526 29.1810 84.7272
0.6974 106.9676 106.9676 22.7153 88.9371 106.9181 8.0944 6.3266 106.7390 5.7411 4.8499 8.3108 107.0809 106.5872 27.5515 106.0786 4.9305 20.5250 21.0447 5.5076 4.5597 8.3688 4.7842 0.5173 88.9238 4.0921 1.8531 2.2124 21.4226 4.1139 107.3040 2.3577 107.7219 5.5788 106.7039 106.1037 4.6172 27.1887 7.0946 89.1991 6.1471 2.9807 107.2735 6.9334 7.7358 101.7091 5.6995 5.3430 8.5001 2.3138 0.7152 10.6910 105.7875 88.6269 2.7937 3.9090 107.4106 2.3520 88.4781 5.3808 0.2573 7.7152 10.4961 22.8454 0.0000 107.0120 108.7614 2.2072 22.5700 11.3211 4.3373 9.6212 11.1191 5.9306 11.4078 106.4937
106.5453 0.0444 0.0444 86.3455 19.0826 1.6404 109.8058 112.7528 0.3541 111.1292 111.2761 111.3579 1.5995 0.8392 85.8432 1.0297 110.9334 86.6228 86.7732 110.4811 110.9860 109.9335 111.2104 106.7733 19.1698 106.5297 105.4182 104.8941 86.8002 110.5401 0.5889 106.3081 0.9974 109.8502 0.9560 2.1964 111.0434 85.8914 109.6952 18.4977 109.8565 105.9814 0.7053 110.1654 110.8426 5.9531 112.1257 111.7692 109.9193 105.0654 106.3165 112.8667 1.2245 19.4828 109.2199 110.3352 0.8560 105.2506 19.3024 111.1376 107.1044 114.1414 112.4435 85.2455 107.0120 0.0000 6.7864 108.3655 85.0556 112.6488 110.7635 111.4657 113.5492 111.1088 113.3372 0.6438
108.2947 6.7420 6.7420 88.0949 20.8320 6.6343 111.5552 114.5022 6.8323 112.8786 113.0255 113.1073 6.3873 7.3511 87.5926 7.4465 112.6828 88.3722 88.5226 112.2305 112.7354 111.6829 112.9599 108.5228 20.9192 108.2791 107.1676 106.6435 88.5496 112.2895 6.2285 108.0576 7.3609 111.5996 7.4679 7.7930 112.7929 87.6408 111.4446 20.2471 111.6059 107.7308 6.3158 111.9149 112.5920 8.0078 113.8751 113.5186 111.6687 106.8148 108.0659 114.6161 7.7139 21.2322 110.9693 112.0847 6.1015 107.0000 21.0518 112.8870 108.8538 115.8908 114.1929 86.9949 108.7614 6.7864 0.0000 110.1149 86.8051 114.3982 112.5129 113.2151 115.2986 112.8582 115.0866 7.1414
2.7976 108.3211 108.3211 24.0688 90.2906 108.2716 7.7207 5.2418 108.0925 5.3674 3.9022 7.4295 108.4344 107.9407 28.9050 107.4321 4.4565 21.8785 22.3983 5.1339 3.4750 7.9951 3.7944 2.3731 90.2773 4.9083 3.9139 4.0989 22.7761 3.0292 108.6575 3.2205 109.0754 5.7278 108.0575 107.4573 3.5325 28.5422 6.7209 90.5526 5.7734 3.8476 108.6270 6.5597 7.0317 103.0626 4.6148 4.3127 8.1265 4.2002 2.7760 9.8096 107.1410 89.9804 1.9123 2.8243 108.7641 4.4128 89.8316 5.0071 1.9684 6.6305 9.6147 24.1989 2.2072 108.3655 110.1149 0.0000 23.9235 10.4398 3.2526 8.9170 10.2378 5.2793 10.5264 107.8472
22.1033 85.0112 85.0112 2.0362 66.9807 84.9617 25.3693 28.3107 84.7826 26.6927 26.8341 26.9214 85.1245 84.6308 6.5309 84.1222 26.4914 2.1260 2.0611 26.0391 26.5439 25.4970 26.7684 22.3313 66.9674 22.0877 20.9761 20.4521 2.1930 26.0981 85.3476 21.8661 85.7655 25.4137 84.7476 84.1474 26.6014 6.1681 25.2587 67.2427 25.4200 21.5393 85.3172 25.7289 26.4061 79.7528 27.6837 27.3272 25.4828 20.6234 21.8744 28.4302 83.8312 66.6705 24.7779 25.8932 85.4542 20.8086 66.5217 26.6956 22.6623 29.6993 28.0070 0.9397 22.5700 85.0556 86.8051 23.9235 0.0000 28.2123 26.3215 27.0292 29.1127 26.6723 28.9007 84.5374
11.3447 112.6044 112.6044 28.3446 94.5738 112.5549 3.7533 9.1448 112.3758 5.5658 8.4602 3.1289 112.7177 112.2240 31.6641 111.7154 6.6055 26.1673 26.6919 6.2030 9.3389 3.3678 8.3945 11.2573 94.5606 14.4569 11.1109 11.6415 27.0698 9.2479 112.9408 13.0726 113.3587 6.4569 112.3408 111.7406 8.6962 31.3014 4.5296 94.8359 5.6502 13.3017 112.9103 4.5305 3.5503 107.3459 8.5799 8.3316 3.5113 11.6478 11.3226 1.0719 111.4243 94.2637 8.8264 8.5839 113.0474 11.0390 94.1149 6.1308 11.2420 10.5411 1.1488 28.4926 11.3211 112.6488 114.3982 10.4398 28.2123 0.0000 9.4713 1.9248 1.2052 5.4228 0.9910 112.1305
4.3608 110.7191 110.7191 26.4668 92.6886 110.6696 7.4620 2.5451 110.4905 4.5397 2.0516 6.4610 110.8324 110.3387 31.3030 109.8301 3.5931 24.2765 24.7963 4.8752 0.5677 7.7363 1.9712 4.2734 92.6753 7.8232 5.6047 5.9640 25.1741 0.2597 111.0555 6.0888 111.4734 5.5243 110.4555 109.8553 1.2875 30.9403 6.4622 92.9506 5.5147 6.7118 111.0250 5.7910 6.1683 105.4607 1.9943 2.0088 7.8677 6.0653 4.4667 8.8411 109.5390 92.3784 1.6649 1.2109 111.1621 5.8292 92.2296 4.2357 4.2581 3.5876 8.6462 26.5969 4.3373 110.7635 112.5129 3.2526 26.3215 9.4713 0.0000 8.0537 9.1849 4.4160 9.5581 110.2453
9.6447 111.4213 111.4213 27.1616 93.3908 111.3718 1.9382 8.0613 111.1927 3.9177 7.1294 1.6796 111.5346 111.0409 30.4811 110.5323 4.9319 24.9843 25.5089 4.5549 8.0082 1.5949 7.0638 9.5573 93.3775 12.7547 9.4088 9.9394 25.8867 7.8302 111.7577 11.3250 112.1756 4.8088 111.1577 110.5575 7.3655 30.1183 2.8815 93.6528 4.0022 11.5996 111.7273 2.8825 1.9022 106.1629 7.3973 7.0550 1.5874 9.9457 9.6205 1.9278 110.2413 93.0806 7.3036 7.1549 111.8643 9.3369 92.9318 4.4827 9.5755 9.4576 1.5585 27.3095 9.6212 111.4657 113.2152 8.9170 27.0292 1.9248 8.0537 0.0000 2.7743 3.7747 2.5623 110.9475
11.1427 113.5047 113.5047 29.2450 95.4742 113.4552 4.3823 8.0469 113.2762 5.5850 7.7434 3.1087 113.6180 113.1244 32.5645 112.6157 6.4035 27.0677 27.5923 6.3038 8.6700 3.9968 7.6889 11.0553 95.4610 14.6050 11.4575 11.9882 27.9702 8.9558 113.8412 12.8706 114.2591 6.5723 113.2411 112.6409 8.2149 32.2018 5.0313 95.7363 5.7867 13.4936 113.8107 4.5552 3.8722 108.2463 7.4820 7.3326 4.3520 11.9945 11.2486 0.9254 112.3247 95.1641 8.6244 8.2918 113.9478 11.3857 95.0152 6.1500 11.0400 9.4432 1.3084 29.3930 11.1191 113.5492 115.2986 10.2378 29.1127 1.2052 9.1849 2.7743 0.0000 5.4420 0.4342 113.0309
5.9541 111.0644 111.0644 26.8046 93.0338 111.0149 3.1664 5.6679 110.8358 0.2491 3.4985 2.4699 111.1776 110.6840 30.1241 110.1754 1.2942 24.6273 25.1519 1.4685 4.3773 3.4232 3.4329 5.8667 93.0206 9.4499 6.4502 6.9809 25.5298 4.1925 111.4008 7.7155 111.8187 1.7370 110.8007 110.2005 3.7346 29.7614 2.1811 93.2959 1.3265 8.3385 111.3703 1.4006 1.8894 105.8059 4.7182 3.9916 3.5682 6.9872 6.0149 4.9361 109.8843 92.7237 3.6659 3.5172 111.5074 6.3784 92.5748 0.8450 5.8849 7.0565 4.7412 26.9526 5.9306 111.1088 112.8582 5.2793 26.6723 5.4228 4.4160 3.7747 5.4420 0.0000 5.6529 110.5905
11.4313 113.2927 113.2927 29.0330 95.2622 113.2432 4.2608 8.4201 113.0642 5.7959 8.1165 3.2155 113.4060 112.9124 32.3525 112.4037 6.6922 26.8557 27.3803 6.5146 9.0432 3.8754 8.0621 11.3439 95.2490 14.8937 11.6184 12.1491 27.7582 9.3345 113.6292 13.1592 114.0471 6.7832 113.0291 112.4289 8.5881 31.9898 5.0372 95.5243 5.9976 13.7822 113.5987 4.7661 3.9863 108.0343 7.8551 7.7058 4.1488 12.1554 11.5372 0.7537 112.1127 94.9521 8.9130 8.6705 113.7358 11.5466 94.8032 6.3609 11.3286 9.8163 1.1050 29.1810 11.4078 113.3372 115.0866 10.5264 28.9007 0.9910 9.5581 2.5623 0.4342 5.6529 0.0000 112.8189
106.0271 0.5993 0.5993 85.8272 18.5643 1.3513 109.2876 112.2345 0.3708 110.6109 110.7579 110.8396 1.3199 0.3432 85.3250 0.5115 110.4152 86.1046 86.2549 109.9628 110.4677 109.4153 110.6922 106.2551 18.6516 106.0115 104.8999 104.3758 86.2819 110.0218 1.0027 105.7899 1.3275 109.3319 0.4600 1.8056 110.5252 85.3731 109.1770 17.9795 109.3382 105.4631 0.9722 109.6472 110.3243 5.4348 111.6075 111.2509 109.4010 104.5471 105.7982 112.3484 0.7062 18.9645 108.7016 109.8170 1.1094 104.7323 18.7842 110.6194 106.5861 113.6231 111.9252 84.7272 106.4937 0.6438 7.1414 107.8472 84.5374 112.1305 110.2453 110.9475 113.0309 110.5905 112.8189 0.0000
