gen_walk_yugocentr_7
50 11 1
G0 30 0 120 3 0
G1 30 240 360 3 0
G2 30 0 120 3 0
G3 70 600 650 2 1
G4 70 0 120 2 1
G5 20 480 600 3 1
G6 70 120 240 2 1
G7 30 120 240 3 0
G8 80 480 600 1 2
G9 70 480 600 2 1
G10 80 360 480 1 2
G11 30 120 240 3 0
G12 30 600 690 3 0
G13 30 0 120 3 0
G14 30 360 480 3 0
G15 70 0 120 2 1
G16 80 600 640 1 2
G17 70 0 120 2 1
G18 70 240 360 2 1
G19 30 360 480 3 0
G20 30 240 360 3 0
G21 70 0 120 2 1
G22 30 120 240 3 0
G23 70 480 600 2 1
G24 20 600 700 3 1
G25 30 120 240 3 0
G26 30 240 360 3 0
G27 70 480 600 2 1
G28 30 480 600 3 0
G29 30 0 120 3 0
G30 30 120 240 3 0
G31 70 360 480 2 1
G32 70 120 240 2 1
G33 30 120 240 3 0
G34 20 480 600 3 1
G35 30 480 600 3 0
G36 20 360 480 3 1
G37 30 0 120 3 0
G38 70 360 480 2 1
G39 30 120 240 3 0
G40 70 360 480 2 1
G41 70 0 120 2 1
G42 80 240 360 1 2
G43 70 360 480 2 1
G44 30 600 690 3 0
G45 30 360 480 3 0
G46 70 480 600 2 1
G47 80 0 640 1 2
G48 70 600 650 2 1
G49 30 480 600 3 0
0 1 2
0 1 3
0 3 3
0 3 3
0 1 3
0 1 3
0 1 3
0 3 7
0 1 2
0 1 3
0 3 7
0.000 13.941 28.355 17.081 21.767 18.130 18.972 27.291 20.187 8.790 18.139 22.351 14.707 16.992 18.295 20.701 14.350 21.032 22.479 16.323 16.346 19.306 15.855 23.171 20.291 10.853 19.859 21.467 15.641 10.479 25.416 19.976 11.964 17.255 22.156 14.954 10.928 17.613 10.879 27.155 13.974 27.005 9.697 16.843 20.360 14.607 16.834 28.799 10.567 19.452 17.454
10.773 0.000 21.926 12.875 15.378 14.204 10.690 20.863 13.811 16.106 9.855 15.976 17.515 22.351 24.279 13.870 16.229 14.200 16.098 10.444 12.157 18.979 10.477 16.797 13.862 18.328 25.218 20.203 11.877 12.458 18.159 12.735 12.323 22.612 15.781 15.107 16.859 22.970 13.914 20.726 14.282 20.773 17.172 20.630 13.931 8.643 22.192 21.540 18.042 12.211 22.813
22.331 23.008 0.000 22.268 18.490 21.442 24.288 8.023 18.471 27.902 23.577 17.321 34.046 31.520 33.461 23.947 32.761 24.276 15.507 22.026 27.064 23.951 23.454 20.102 15.862 32.296 34.386 23.261 23.399 28.989 14.039 27.344 27.935 31.783 19.086 31.640 32.371 32.140 30.445 7.724 24.623 13.411 31.140 29.800 18.013 24.988 31.361 11.435 32.010 20.609 31.982
13.396 13.008 22.192 0.000 19.472 10.018 15.482 21.129 17.905 18.374 14.649 20.070 19.784 26.576 27.038 18.095 18.666 18.425 18.858 8.055 11.998 14.793 9.008 20.890 17.275 20.596 29.443 24.296 8.335 14.941 17.162 19.127 14.948 26.837 19.875 17.542 19.557 27.195 16.613 20.993 10.509 18.914 19.440 24.855 16.678 11.204 26.418 20.544 20.310 14.364 27.038
15.993 17.005 16.060 19.947 0.000 19.118 19.807 14.997 8.363 21.562 18.972 8.013 28.045 26.310 27.122 17.828 26.759 18.159 9.368 19.706 22.687 24.405 20.645 10.554 9.521 25.956 29.176 13.960 21.078 22.988 19.843 21.344 21.595 26.571 9.537 25.637 26.031 26.928 24.444 14.861 23.255 17.198 24.802 24.588 11.569 18.985 26.151 17.655 25.670 14.269 26.771
16.176 14.454 20.747 9.983 17.210 0.000 13.681 19.684 15.643 21.155 12.972 17.808 22.563 24.318 27.464 15.838 21.445 16.167 17.412 9.741 14.779 15.097 11.169 18.628 15.721 23.375 27.185 22.034 11.114 17.721 15.234 19.235 17.727 24.581 17.613 20.323 22.338 24.938 19.394 19.547 12.670 17.848 22.221 22.598 14.416 13.304 24.159 18.615 23.090 12.102 24.779
15.752 10.772 23.612 15.290 18.355 14.630 0.000 22.143 16.788 21.085 9.309 18.953 22.494 25.328 27.256 16.847 21.208 17.177 19.075 12.858 15.442 21.462 12.891 19.775 16.839 23.307 28.195 23.180 15.209 17.437 17.613 15.712 17.302 25.589 18.758 20.087 21.838 25.947 18.893 22.411 18.191 20.227 22.151 23.607 16.795 11.231 25.170 20.994 23.021 14.481 25.790
22.942 23.548 7.934 22.810 19.101 21.985 24.829 0.000 18.991 28.513 24.119 18.848 34.588 32.969 34.072 24.490 33.304 24.819 16.118 22.567 27.604 24.620 23.996 20.622 16.473 32.907 35.836 23.781 23.941 29.531 14.581 27.887 28.546 33.232 19.605 32.180 32.983 33.590 30.987 7.688 25.290 14.078 31.751 31.250 18.624 25.530 32.811 9.469 32.621 20.795 33.431
14.989 16.002 16.550 17.366 8.117 16.535 18.188 15.487 0.000 20.558 17.477 8.003 27.041 23.727 26.119 15.247 25.757 15.575 9.858 17.122 21.683 23.366 18.550 8.825 8.519 24.952 26.593 12.231 18.497 21.985 19.239 20.340 20.591 23.989 7.808 24.634 25.029 24.347 23.441 15.351 20.672 17.688 23.798 22.007 10.567 17.983 23.568 18.146 24.666 11.838 24.188
6.152 16.200 28.105 19.339 21.519 20.388 21.230 27.041 19.937 0.000 20.396 22.102 13.996 18.728 19.111 20.453 13.639 20.782 22.229 18.581 18.605 21.565 18.113 22.923 20.041 10.142 21.595 21.218 17.899 12.738 26.909 22.234 14.367 18.991 21.907 14.650 10.079 19.348 10.028 26.905 16.232 29.242 8.987 18.529 20.110 16.865 18.569 29.700 9.855 21.436 19.189
14.979 9.998 22.677 14.516 17.581 13.697 9.228 21.208 16.015 20.311 0.000 18.179 21.721 24.555 26.482 16.073 20.435 16.404 18.302 12.085 14.668 20.529 12.117 19.001 16.066 22.533 27.421 22.407 14.435 16.664 16.678 14.938 16.528 24.816 17.984 19.313 21.064 25.173 18.120 21.478 17.418 19.294 21.377 22.833 15.862 10.457 24.396 20.061 22.247 13.548 25.016
14.686 15.699 16.873 17.983 7.743 17.152 18.501 15.809 6.397 20.255 17.666 0.000 26.739 24.344 25.816 15.864 25.453 16.193 10.181 17.740 21.380 23.984 19.167 7.886 8.215 24.649 27.211 11.292 19.114 21.682 19.856 20.037 20.288 24.607 6.869 24.331 24.725 24.964 23.138 15.673 21.289 18.010 23.495 22.624 10.262 17.679 24.185 18.468 24.363 12.456 24.805
11.930 20.193 34.038 23.522 27.451 24.646 25.224 32.973 25.869 13.719 24.389 28.033 0.000 24.507 25.043 26.385 11.536 26.714 28.162 22.764 22.598 24.942 22.105 28.855 25.973 9.203 27.373 27.149 22.082 17.424 31.667 26.226 20.145 24.769 27.838 11.977 8.773 25.127 12.858 32.837 20.688 33.541 13.082 24.357 26.043 20.857 24.348 35.049 11.348 25.703 24.968
12.756 24.389 30.282 27.529 23.697 27.770 28.452 29.219 22.114 18.325 27.617 24.279 25.205 0.000 15.871 15.702 24.847 17.450 24.406 26.771 26.795 29.755 26.303 23.129 22.218 21.350 14.403 22.658 26.089 20.928 28.640 29.989 22.481 11.799 23.353 25.401 21.425 12.157 21.376 29.082 24.422 31.256 20.194 11.744 22.287 25.055 10.222 31.878 21.064 22.914 11.998
12.441 24.402 29.969 27.715 23.382 27.902 29.248 28.904 21.800 18.010 28.413 23.964 26.181 15.218 0.000 19.163 25.823 20.912 24.093 26.957 26.706 30.860 26.213 24.786 21.904 22.404 18.084 22.345 26.427 22.033 28.773 30.437 22.166 15.481 23.769 26.506 22.481 15.838 22.430 28.768 25.527 31.107 21.250 14.867 21.974 25.068 15.059 31.563 22.118 23.300 15.680
15.945 19.414 25.030 22.364 18.445 21.533 22.216 23.967 16.863 21.514 21.383 19.027 28.241 15.429 19.059 0.000 27.884 11.214 19.154 22.121 25.095 27.919 23.054 16.892 16.966 24.387 18.295 20.298 23.495 23.964 22.404 23.753 23.870 15.690 17.119 28.046 24.464 16.047 24.413 23.831 25.670 25.020 23.233 13.707 17.035 21.396 15.270 25.787 24.101 16.678 15.890
11.587 16.378 31.602 19.707 25.055 20.830 21.409 30.538 23.489 13.379 20.574 25.653 9.680 24.165 25.393 23.547 0.000 23.876 25.774 18.949 18.783 21.127 18.290 26.473 23.538 11.520 27.031 27.499 18.267 14.213 27.851 22.411 17.422 24.426 25.458 8.302 11.088 24.783 9.875 30.402 16.873 29.726 12.739 24.015 23.607 17.042 24.006 31.234 13.665 21.887 24.626
14.892 16.040 21.656 18.988 15.069 18.159 18.841 20.591 13.486 20.461 18.007 15.651 27.078 14.772 18.403 8.852 25.793 0.000 15.780 18.745 21.721 24.543 19.680 15.179 13.590 23.730 17.639 18.585 20.119 22.021 19.030 20.376 20.493 15.033 15.404 24.672 23.807 15.391 23.477 20.454 22.294 21.644 22.576 13.051 13.661 18.020 14.614 22.411 23.444 13.303 15.234
13.679 14.691 15.409 17.916 9.836 17.086 17.493 14.344 9.976 19.248 16.658 10.638 25.731 24.542 24.808 16.060 24.445 16.391 0.000 17.672 20.372 22.540 18.332 12.167 7.207 23.642 27.408 15.573 19.047 20.674 18.962 19.030 19.280 24.803 11.152 23.324 23.717 25.160 22.130 14.208 21.221 16.547 22.488 22.683 9.359 16.671 24.383 17.003 23.356 11.955 25.003
14.044 10.431 20.623 8.052 17.903 10.867 12.907 19.560 16.336 19.225 12.072 18.501 20.633 25.007 27.685 16.527 19.514 16.856 17.289 0.000 11.890 15.643 6.907 19.322 15.705 21.445 27.873 22.728 9.183 15.790 15.592 16.550 15.595 25.270 18.306 18.393 20.262 25.627 17.318 19.424 11.360 18.208 20.291 23.287 15.110 9.043 24.848 18.975 21.159 12.796 25.468
13.881 12.651 25.735 12.355 21.328 13.394 15.146 24.672 19.762 19.348 14.312 21.926 20.756 27.568 27.523 19.820 19.472 20.149 22.047 11.598 0.000 18.169 10.854 22.748 19.811 21.569 30.435 26.004 11.067 15.699 20.704 18.685 15.433 27.831 21.731 18.348 20.099 28.188 17.155 24.535 14.048 22.290 20.414 26.580 19.881 9.839 27.409 24.087 21.283 17.906 28.030
17.618 20.002 24.032 16.459 25.348 14.240 21.819 23.664 23.781 21.110 21.110 25.946 22.713 29.329 30.632 23.807 21.595 24.136 24.542 15.702 18.654 0.000 16.654 26.766 22.957 23.330 32.196 30.172 15.234 17.675 18.260 26.037 20.883 29.592 25.751 20.473 22.293 29.950 19.348 23.528 13.444 19.361 22.176 29.180 22.554 17.860 29.171 23.116 23.044 20.240 29.791
12.821 10.541 22.128 9.273 19.303 10.327 13.014 21.064 17.736 18.286 12.180 19.901 19.694 26.274 26.460 17.795 18.410 18.123 18.793 7.126 11.422 15.104 0.000 20.721 17.210 20.506 29.141 24.127 8.000 14.637 17.096 16.658 14.370 26.537 19.706 17.288 19.037 26.895 16.093 20.928 10.983 19.225 19.352 24.555 16.613 9.134 26.116 20.479 20.220 14.299 26.736
16.182 18.277 19.452 20.561 10.321 19.732 21.078 18.387 8.975 21.753 20.245 10.207 29.316 22.442 24.171 16.522 28.032 15.273 12.758 20.318 23.958 26.563 21.747 0.000 10.794 26.147 25.309 8.669 21.692 23.580 22.436 22.615 21.786 22.703 7.253 26.909 26.223 23.061 25.716 18.251 23.867 20.590 24.991 20.721 12.842 20.258 22.284 21.046 25.861 15.033 22.904
11.730 12.744 16.345 16.414 9.589 15.585 15.546 15.280 9.729 17.301 14.711 10.391 23.782 22.593 22.859 14.113 22.498 14.442 10.256 16.171 18.425 22.416 16.384 11.920 0.000 21.695 25.459 15.326 17.545 18.725 18.289 17.081 17.333 22.855 10.905 21.376 21.770 23.213 20.181 15.144 19.720 17.483 20.539 20.734 8.558 14.724 22.436 17.939 21.409 10.008 23.054
8.316 18.309 31.146 21.504 24.559 22.553 23.340 30.081 22.976 10.106 22.507 25.141 10.222 20.892 22.151 23.492 10.274 23.821 25.270 20.746 20.714 23.678 20.223 25.963 23.080 0.000 23.759 24.257 20.063 14.902 29.785 24.344 16.531 21.155 24.946 10.713 6.498 21.513 11.595 29.944 18.396 31.426 9.631 20.743 23.151 18.975 20.734 32.739 8.181 23.820 21.354
17.573 28.751 34.367 31.699 27.780 30.870 31.553 33.304 26.199 23.144 30.718 28.364 30.022 16.540 20.688 18.802 29.665 20.551 28.491 31.458 31.614 34.572 31.121 26.229 26.303 26.168 0.000 26.131 30.906 25.745 31.741 33.089 27.299 10.060 26.454 30.220 26.245 8.994 26.194 33.167 29.241 34.357 25.014 13.142 26.372 29.873 16.382 35.124 25.882 26.014 11.175
13.722 18.332 22.777 22.121 13.648 21.292 22.637 21.714 12.302 19.291 21.803 13.532 27.461 21.813 21.709 15.705 26.567 16.034 16.085 21.878 22.494 27.676 22.001 8.731 14.120 23.685 24.679 0.000 22.215 21.117 22.163 24.172 19.323 22.076 10.580 25.445 23.762 22.433 23.711 21.578 24.620 23.915 22.530 19.583 15.364 18.979 21.656 24.373 23.399 16.690 22.274
11.755 11.847 22.657 9.277 19.934 10.646 14.870 21.592 18.368 17.220 14.035 20.532 18.628 25.440 25.394 18.559 17.343 18.888 19.322 8.519 10.356 15.422 9.472 21.354 17.737 19.440 28.306 23.876 0.000 13.571 17.626 17.880 13.304 25.703 20.337 16.222 17.971 26.060 15.027 21.455 11.191 19.543 18.286 24.812 17.142 9.560 25.283 21.007 19.154 14.828 25.901
8.794 11.855 27.081 15.270 20.532 16.307 16.886 26.017 18.966 12.287 16.053 21.130 15.608 20.506 21.809 19.024 14.324 19.355 21.253 14.512 14.260 17.554 13.769 21.952 19.017 14.507 23.373 21.283 13.888 0.000 23.330 17.889 10.711 20.769 20.935 13.200 13.623 21.127 12.007 25.881 12.221 25.205 13.353 20.357 19.086 12.521 20.349 26.713 14.221 17.366 20.968
18.430 16.992 14.405 16.254 20.054 15.429 18.273 12.937 19.944 24.000 17.562 19.800 28.032 26.414 29.560 17.932 26.746 18.263 17.071 16.011 21.049 18.348 17.438 21.575 17.425 28.394 29.280 24.734 17.385 22.975 0.000 21.331 22.840 26.675 20.558 25.625 27.376 27.032 24.431 13.206 19.020 9.823 27.239 24.692 19.577 18.972 26.255 11.789 28.107 17.548 26.875
16.377 16.518 25.154 21.363 18.607 20.532 19.320 24.091 17.041 21.948 18.485 19.205 27.558 25.579 27.507 17.099 26.272 17.428 19.326 20.126 22.199 26.918 20.158 20.025 17.090 26.342 28.446 23.431 21.920 22.501 21.403 0.000 21.981 25.842 19.010 25.150 26.418 26.199 23.957 23.954 24.325 24.019 25.186 23.859 17.159 18.498 25.420 24.786 26.056 15.439 26.040
8.532 9.485 24.711 12.797 18.163 13.836 14.516 23.646 16.596 14.103 13.681 18.761 17.359 22.277 22.173 16.654 16.073 16.983 18.881 12.040 11.789 18.611 11.296 19.582 16.645 16.449 25.143 19.508 11.509 10.638 20.960 15.520 0.000 22.540 18.566 14.952 16.525 22.897 13.758 23.509 14.126 22.732 15.293 20.643 16.716 10.151 22.118 24.341 16.163 14.994 22.738
13.962 25.140 30.756 28.088 24.168 27.259 27.941 29.691 22.586 19.531 27.107 24.751 26.411 12.927 17.077 15.189 26.053 16.938 24.880 27.845 28.001 30.961 27.510 22.618 22.690 22.557 9.195 22.520 27.295 22.134 28.130 29.476 23.688 0.000 22.843 26.609 22.632 6.947 22.582 29.554 25.628 30.744 21.402 9.530 22.761 26.262 12.770 31.511 22.271 22.403 7.681
16.166 17.178 18.354 19.462 9.222 18.633 19.980 17.289 7.877 21.735 19.147 9.108 28.218 24.347 25.973 17.343 26.934 17.177 11.660 19.219 22.859 25.465 20.648 7.064 9.696 26.129 27.213 10.470 20.593 23.161 21.337 21.517 21.767 24.608 0.000 25.810 26.206 24.965 24.617 17.152 22.768 19.491 24.975 22.625 11.743 19.160 24.188 19.947 25.843 13.935 24.808
13.628 16.739 31.485 18.107 25.416 19.476 21.770 30.422 23.850 15.420 20.935 26.014 11.426 26.206 27.434 23.909 10.365 24.237 26.135 17.347 19.144 20.102 18.302 26.836 23.899 13.265 29.072 28.355 16.665 14.575 26.454 22.774 17.783 26.467 25.820 0.000 12.835 26.824 12.094 30.285 15.319 28.351 14.780 26.056 23.970 17.405 26.047 29.837 15.410 22.248 26.667
8.158 16.813 30.957 20.227 24.370 21.266 21.844 29.892 22.788 9.947 21.009 24.952 9.793 20.734 21.962 23.304 9.845 23.633 25.081 19.469 19.218 22.479 18.725 25.774 22.892 6.642 23.600 24.068 18.812 13.652 28.287 22.846 16.372 20.997 24.757 10.285 0.000 21.354 10.570 29.756 17.146 30.162 9.309 20.584 22.962 17.477 20.577 31.670 7.577 22.322 21.195
14.255 25.432 31.048 28.381 24.461 27.551 28.234 29.983 22.879 19.824 27.399 25.043 26.704 13.220 17.370 15.482 26.346 17.230 25.172 28.137 28.293 31.254 27.802 22.910 22.983 22.849 8.045 22.813 27.588 22.427 28.422 29.769 23.980 6.739 23.135 26.901 22.924 0.000 22.875 29.847 25.921 31.036 21.695 9.823 23.053 26.554 13.063 31.803 22.563 22.696 7.973
8.287 13.947 29.171 17.360 22.624 18.399 18.978 28.107 21.058 9.960 18.143 23.222 9.975 20.864 22.166 21.116 9.618 21.445 23.343 16.602 16.352 19.775 15.859 24.042 21.107 11.815 23.730 25.338 16.072 11.782 25.420 19.980 14.990 21.127 23.027 10.629 10.506 21.484 0.000 27.971 14.442 27.295 10.896 20.714 21.176 14.611 20.707 28.803 11.764 19.456 21.325
21.277 21.578 8.527 20.838 17.434 20.012 22.858 9.228 17.324 26.846 22.147 17.181 32.616 30.997 32.407 22.518 31.331 22.846 14.451 20.596 25.634 22.648 22.024 18.956 14.806 31.241 33.864 22.114 21.969 27.559 12.609 25.914 26.879 31.260 17.939 30.210 31.316 31.618 29.015 0.000 23.320 12.107 30.086 29.278 16.957 23.558 30.840 10.431 30.954 19.128 31.459
13.634 15.552 24.574 11.841 22.134 11.028 18.510 24.155 20.568 17.126 17.675 22.732 18.966 25.348 26.649 20.763 17.681 21.091 21.884 11.081 14.061 12.205 12.036 23.554 20.301 19.348 28.214 26.960 10.399 13.693 18.802 21.585 16.901 25.609 22.537 16.560 18.309 25.966 15.365 24.019 0.000 19.902 18.192 25.198 19.342 13.265 25.189 23.541 19.062 17.028 25.809
20.069 18.633 12.462 17.893 18.111 17.068 19.914 10.993 18.000 25.640 19.203 17.857 29.671 28.053 31.199 19.573 28.387 19.902 15.127 17.652 22.689 19.716 19.079 19.632 15.482 30.034 30.919 22.791 19.024 24.614 9.664 22.970 24.480 28.316 18.615 27.265 29.015 28.673 26.070 11.262 20.388 0.000 28.878 26.333 17.633 20.613 27.896 9.845 29.748 19.187 28.514
7.310 17.359 28.669 20.499 22.082 21.546 22.390 27.604 20.500 9.101 21.555 22.664 14.096 19.605 19.674 21.016 13.739 21.345 22.793 19.739 19.764 22.723 19.271 23.486 20.604 10.405 22.472 21.780 19.057 13.896 27.473 23.392 15.526 19.868 22.469 14.750 10.506 20.226 11.387 27.468 17.392 29.807 0.000 19.092 20.674 18.023 19.447 30.263 10.119 22.000 20.067
12.080 23.710 28.735 27.013 22.150 26.184 26.866 27.672 20.568 17.649 26.031 22.732 25.062 12.248 15.195 14.116 24.704 15.864 22.859 26.596 26.343 29.612 25.852 21.543 20.672 21.207 12.043 19.826 25.946 20.785 27.055 28.403 21.805 9.439 21.767 25.258 21.283 9.797 21.233 27.536 24.279 29.670 20.051 0.000 20.740 24.357 12.089 30.331 20.921 21.328 8.725
14.163 13.623 16.658 13.797 11.698 12.966 14.620 15.595 11.838 19.733 13.909 12.498 24.663 23.603 25.293 15.123 23.378 15.452 12.445 13.554 18.591 19.798 14.981 14.029 9.286 24.127 26.470 17.434 14.928 19.605 15.670 17.961 19.472 23.866 13.012 22.255 24.006 24.223 21.062 15.459 17.103 17.796 22.973 21.883 0.000 15.604 23.444 18.254 23.841 8.273 24.064
11.164 8.718 23.944 11.533 17.395 12.570 11.214 22.879 15.829 16.498 10.379 17.993 17.906 24.367 24.805 15.888 16.622 16.216 18.114 9.385 10.256 17.346 9.073 18.815 15.878 18.719 27.234 22.221 10.243 12.849 18.683 14.753 12.715 24.630 17.799 15.500 17.250 24.988 14.305 22.742 13.225 21.298 17.564 22.648 15.949 0.000 24.210 22.065 18.433 14.227 24.829
13.464 25.098 30.991 28.238 24.405 28.478 29.161 29.928 22.823 19.034 28.326 24.988 25.913 12.430 16.579 16.410 25.556 18.159 25.115 27.480 27.503 30.463 27.012 23.837 22.927 22.059 14.117 23.366 26.797 21.636 29.349 30.697 23.190 11.513 24.062 26.109 22.134 11.870 22.085 29.791 25.131 31.965 20.903 11.972 22.996 25.764 0.000 32.586 21.773 23.622 11.712
20.488 20.890 10.074 20.151 16.645 19.326 22.170 7.141 16.535 26.057 21.461 16.392 31.930 30.311 31.618 21.831 30.645 22.160 13.662 19.908 24.946 22.858 21.337 18.166 14.018 30.451 33.178 21.325 21.283 26.872 11.922 25.228 26.090 30.574 17.151 29.522 30.528 30.931 28.329 9.455 23.457 12.641 29.297 28.591 16.170 22.871 30.152 0.000 30.165 18.341 30.773
7.777 16.431 30.575 19.846 23.989 20.883 21.462 29.512 22.407 9.566 20.629 24.572 12.573 20.353 21.582 22.923 12.449 23.252 24.699 19.088 18.836 22.098 18.345 25.393 22.511 9.423 23.220 23.688 18.432 13.271 27.906 22.466 15.992 20.616 24.377 13.064 7.779 20.973 10.190 29.375 16.765 29.781 8.929 20.203 22.580 17.096 20.194 31.289 0.000 21.942 20.814
11.930 11.158 17.932 13.649 11.386 12.819 13.960 16.869 9.819 17.500 13.125 11.984 22.196 21.137 23.060 12.657 20.912 12.986 12.104 13.407 16.839 19.651 14.798 12.804 9.869 21.893 24.003 16.210 14.780 17.139 15.524 15.495 17.005 21.399 11.789 19.790 21.540 21.757 18.595 16.733 16.956 18.139 20.739 19.417 9.937 13.138 20.980 18.906 21.608 0.000 21.598
13.745 24.922 30.538 27.871 23.951 27.041 27.724 29.475 22.371 19.316 26.889 24.535 26.194 12.712 16.860 14.974 25.836 16.722 24.663 27.629 27.785 30.744 27.292 22.401 22.475 22.339 10.138 22.303 27.078 21.917 27.913 29.261 23.470 7.532 22.625 26.391 22.416 7.890 22.365 29.339 25.413 30.528 21.185 9.050 22.543 26.044 12.553 31.295 22.053 22.186 0.000
0.0000 4.5919 12.6405 5.9881 8.8685 6.8046 6.2070 12.4447 8.8208 1.7234 5.8679 9.8193 4.4345 5.1924 5.4932 9.2372 4.1118 9.6245 9.3188 5.9362 4.5833 6.7334 5.4627 10.3439 8.7657 3.1387 7.0904 8.3321 5.2048 2.3228 12.2951 6.0867 2.4152 6.0756 9.8482 5.1576 2.9632 6.3694 2.8422 12.3131 4.2736 11.6694 2.0439 6.0525 8.4260 4.5750 5.3082 14.2904 2.9877 7.7005 6.5972
4.3468 0.0000 8.5565 2.6392 4.8349 4.6208 1.7247 8.3608 4.7968 5.9621 1.3855 5.7953 6.2639 9.2944 7.9803 5.2770 5.5079 5.6643 5.2852 1.8255 2.3346 6.5125 1.8586 6.3199 4.6818 7.3774 11.1924 7.5035 3.1271 2.8674 6.8072 1.9750 2.0195 10.1776 5.8242 5.3833 6.0779 10.4713 4.4269 8.2292 4.4993 8.1135 6.2827 9.2356 4.3421 1.3280 9.4101 8.8024 7.2264 3.5889 10.6991
11.6164 10.6410 0.0000 9.0263 5.5046 8.6588 9.6211 0.6966 5.9639 12.4638 9.2739 5.0042 16.4515 12.9181 12.1655 11.8921 15.6954 12.2794 4.4184 8.9886 10.3329 8.8513 9.5944 6.4763 4.9185 14.6041 14.8161 8.3634 9.5644 13.0550 3.9634 11.0078 10.5919 13.8013 5.9807 15.5709 14.4287 14.0951 14.6145 0.5782 9.5267 3.4655 13.5094 12.8594 5.8472 11.1321 13.0339 2.5833 14.4531 7.5218 14.3229
5.4467 2.7334 8.5616 0.0000 6.4457 2.1973 3.8282 8.3658 6.4076 6.9320 3.4891 7.4062 7.2432 12.1105 8.3855 8.0931 6.4872 8.4804 7.0085 0.9831 1.6832 4.0889 0.9432 7.9307 6.1695 8.3473 14.0085 9.1143 0.9147 4.4488 6.4887 4.3961 3.1193 12.9937 7.4351 6.3626 7.1547 13.2874 5.5037 8.2343 2.1219 7.0269 7.2526 12.0518 5.2472 2.2323 12.2262 8.4839 8.1963 4.4499 13.5153
7.9727 5.4817 4.7583 7.1220 0.0000 6.7545 6.0431 4.5626 0.9940 8.8201 5.7039 0.6430 11.2922 9.9248 8.5219 5.9074 10.5362 6.2947 0.8704 7.0843 7.3629 9.3323 6.7386 1.8391 1.2749 10.9605 11.8228 3.0226 7.6601 7.8957 6.8707 5.8485 6.9482 10.8080 1.3434 10.4116 10.7850 11.1017 9.4552 4.4310 8.8673 5.7419 9.8658 9.8661 2.2036 5.9728 10.0406 6.2643 10.8095 3.8782 11.3296
7.2799 4.0258 7.9153 2.2097 5.4984 0.0000 3.6240 7.7196 5.4603 8.7653 3.2768 6.4589 9.0764 10.7009 9.6762 6.6835 8.3204 7.0708 6.3622 2.1721 3.5164 4.4036 2.7779 6.9834 5.3453 10.1806 12.5989 8.1670 2.7479 6.2821 5.8880 5.7992 4.9525 11.5841 6.4878 8.1959 8.9880 11.8778 7.3369 7.5880 3.3033 7.1943 9.0858 10.6422 4.2999 3.6890 10.8166 7.8833 10.0295 3.5026 12.1056
5.9645 1.7272 9.0480 3.7366 5.6882 4.0065 0.0000 8.8329 5.6501 7.5798 0.9863 6.6486 7.8816 10.1477 8.8336 6.1303 7.1255 6.5176 6.1385 2.9229 2.8703 7.1893 2.9560 7.1732 5.5351 8.9951 12.0457 8.3568 3.9088 4.4851 6.4079 2.8283 3.6371 11.0309 6.6775 7.0010 7.6956 11.3246 6.0446 8.7207 5.3271 7.7142 7.9004 10.0889 4.8198 2.1902 10.2634 8.4032 8.8441 4.0225 11.5524
12.9043 10.5723 0.6865 8.9576 6.7925 8.5902 9.5524 0.0000 7.2768 13.7517 9.2052 6.5279 16.3828 15.8408 13.4534 11.8234 15.6268 12.2107 5.7063 8.9200 10.2643 8.8973 9.5257 7.7892 6.2064 15.8921 17.7389 9.6763 9.4958 12.9864 3.8947 10.9392 11.8798 16.7240 7.2935 15.5023 15.7166 17.0178 14.5458 0.6230 9.5727 3.5115 14.7973 15.7821 7.1351 11.0634 15.9566 1.8837 15.7410 8.1763 17.2456
8.0427 5.5517 5.5768 6.2317 0.9306 5.8643 6.0430 5.3810 0.0000 8.8901 5.6958 1.0705 11.3622 9.0345 8.5919 5.0171 10.6062 5.4044 1.6889 6.1941 7.4329 9.0470 6.7998 1.5951 1.3449 11.0305 10.9326 2.7786 6.7699 7.9657 8.0546 5.9186 7.0182 9.9177 1.0994 10.4816 10.8550 10.2115 9.5252 5.2494 7.9771 6.5604 9.9358 8.9758 2.2736 6.0428 9.1503 7.0828 10.8795 3.2146 10.4393
2.8368 5.8618 12.8271 7.2581 9.0551 8.0745 7.4770 12.6314 9.0075 0.0000 7.1378 10.0060 3.8218 6.3895 6.1686 9.4239 3.4991 9.8112 9.5054 7.2061 5.8532 8.0033 6.7326 10.5306 8.9524 2.5260 8.2875 8.5188 6.4747 3.5927 13.5734 7.3566 3.8352 7.2727 10.0349 4.4738 2.3505 7.5664 2.2295 12.4998 5.5435 13.8107 1.4312 7.4446 8.6127 5.8450 6.5052 14.3331 2.3750 9.1393 7.7942
5.6228 1.3855 8.6983 3.3949 5.3465 3.6568 0.9837 8.4831 5.3084 7.2381 0.0000 6.3069 7.5399 9.8060 8.4919 5.7886 6.7838 6.1759 5.7968 2.5812 2.5286 6.8395 2.6143 6.8315 5.1934 8.6534 11.7040 8.0150 3.5671 4.1434 6.0582 2.4866 3.2954 10.6892 6.3358 6.6593 7.3539 10.9829 5.7029 8.3709 4.9854 7.3644 7.5587 9.7472 4.4700 1.8485 9.9217 8.0534 8.5024 3.6727 11.2107
7.9705 5.4795 5.5390 6.7544 0.8071 6.3870 6.0409 5.3433 0.6264 8.8179 5.7017 0.0000 11.2900 9.5572 8.5196 5.5398 10.5339 5.9272 1.6511 6.7168 7.3606 9.5698 7.3226 1.1389 1.2726 10.9583 11.4553 2.3224 7.2926 7.8935 8.5773 5.8463 6.9460 10.4404 0.6432 10.4094 10.7828 10.7342 9.4530 5.2117 8.4998 6.5226 9.8635 9.4985 2.2014 5.9706 9.6730 7.0450 10.8073 3.7373 10.9620
5.6166 8.0633 16.2107 9.4521 12.4387 10.3409 9.6784 16.0150 12.3910 3.9213 9.3392 13.3896 0.0000 9.1693 9.5522 12.8075 2.6426 13.1948 12.8890 9.4002 8.0547 9.3864 8.9340 13.9142 12.3360 1.6130 11.0674 11.9024 8.6688 5.6067 15.7665 9.5580 6.6150 10.0525 13.4185 3.2963 1.5708 10.3463 3.5416 15.8834 7.8445 15.1705 3.4085 10.0295 11.9963 8.0464 9.2851 17.7617 2.6025 11.1719 10.5741
5.6882 9.3692 12.1410 10.7654 8.3690 12.4662 11.8245 11.9453 8.3214 6.5356 11.4854 9.3199 9.2118 0.0000 2.9010 4.6762 8.8891 5.3426 8.8193 10.7135 9.3606 11.5107 10.2400 8.9171 8.2663 7.9160 3.4150 7.4742 9.9821 7.1001 14.3155 11.6300 7.3435 2.4002 9.0285 9.9349 7.7405 2.6939 7.6195 11.8137 9.0509 15.6218 6.8213 2.5215 7.9266 9.3523 1.1175 13.6470 7.7650 9.6596 2.9217
4.9007 7.7742 11.3536 9.1244 7.5816 10.2506 10.5854 11.1578 7.5339 5.7481 10.2462 8.5324 9.4717 2.7585 0.0000 5.7733 9.1491 6.4398 8.0319 9.0724 7.7656 11.4832 8.6449 9.0570 7.4788 7.8885 4.6566 6.6867 8.5581 7.0726 12.0999 9.2689 6.5560 3.6417 8.5613 9.9074 7.7130 3.9355 7.5920 11.0262 9.0234 12.3372 6.7938 3.2755 7.1392 7.7573 2.8743 12.8596 7.7375 7.6658 4.1633
8.4327 8.3755 10.9976 9.9460 7.2256 9.5786 8.9369 10.8019 7.1779 9.2801 8.5977 8.1765 11.9563 4.5796 5.6456 0.0000 11.6337 2.4550 7.6759 9.9084 10.2567 13.1579 9.6324 6.0295 7.1229 10.6605 6.4777 7.2130 10.4842 9.8447 11.4279 8.7423 9.7952 5.4628 6.1409 13.3054 10.4851 5.7566 10.3640 10.6703 11.6914 12.7341 9.5658 4.5209 6.7832 8.8666 4.6954 13.4231 10.5095 6.7720 5.9844
5.2445 5.5014 13.5777 6.8903 9.8561 7.7791 7.1166 13.3819 9.8180 3.5230 6.7774 10.8165 1.0358 8.7972 8.8007 10.2981 0.0000 10.6855 10.3064 6.8384 5.4928 6.8246 6.3722 11.3411 9.7029 2.2205 10.6953 11.1509 6.1069 3.9092 13.2047 6.9962 4.8951 9.6804 10.8454 1.1268 2.1782 9.9742 1.6103 13.2504 5.2827 12.6087 3.0364 9.6574 9.3633 5.4846 8.9130 15.1999 3.2100 8.6100 10.2020
9.1357 6.6915 9.3136 8.2620 5.5416 7.8946 7.2529 9.1179 5.4939 9.9831 6.9137 6.4925 12.5020 4.7148 5.7808 1.7769 11.7460 0.0000 5.9919 8.2244 8.5727 11.4739 7.9484 4.5356 5.4389 10.7957 6.6129 5.7191 8.8002 9.1055 9.7439 7.0583 8.1112 5.5980 4.6470 11.6214 10.6203 5.8918 10.6650 8.9863 10.0074 11.0501 9.7010 4.6561 5.0992 7.1826 4.8306 11.7391 10.6447 5.0880 6.1196
7.5380 5.0469 4.6944 6.2907 1.4262 5.9232 5.6083 4.4987 1.9636 8.3854 5.2692 1.9188 10.8575 10.3954 8.0871 6.3780 10.1014 6.7654 0.0000 6.2530 6.9281 8.8105 6.3039 2.8087 0.8401 10.5257 12.2935 3.9922 6.8288 7.4610 7.4983 5.4138 6.5135 11.2786 2.3130 9.9769 10.3503 11.5724 9.0204 4.3671 8.0360 5.6781 9.4310 8.6070 1.7688 5.5381 10.5112 6.2004 10.3747 3.4434 11.8002
6.0458 1.8255 8.0144 0.8889 5.8986 2.7097 2.9203 7.8187 5.8605 7.4444 2.5812 6.8590 7.7556 11.5633 8.9846 7.5459 6.9996 7.9332 6.4614 0.0000 1.6895 4.6013 0.6809 7.3836 5.6223 8.8597 13.4614 8.5671 1.4271 4.9612 5.9415 3.4882 3.7184 12.4465 6.8879 6.8750 7.7769 12.7403 6.1258 7.6871 2.6343 7.2478 7.7650 11.5046 4.7000 1.5920 11.6791 7.9367 8.7087 3.9027 12.9681
4.6652 2.1994 9.4125 1.8859 6.5540 2.8134 3.0362 9.2168 6.5159 6.2805 2.6971 7.5144 6.5823 9.7586 7.6040 6.9961 5.8262 7.3834 7.0043 1.8340 0.0000 4.7051 1.4065 8.0390 6.4009 7.6958 11.6566 7.6006 1.3197 3.1858 7.3396 3.6941 2.3378 10.6418 7.5433 5.7017 6.3963 10.9355 4.7452 9.0852 2.7380 7.6430 6.6010 10.9548 6.0612 0.9731 9.8743 9.3348 7.5447 5.3008 11.1633
8.1187 6.9645 8.8132 4.6765 9.1710 3.8676 7.2965 9.1741 9.1329 7.8555 6.9493 10.1314 7.7905 11.3335 11.6344 10.9671 7.0344 11.3544 9.8654 4.6246 4.8228 0.0000 4.5847 10.6560 9.0263 9.2707 13.2316 11.8395 4.1742 5.3723 6.2986 8.4593 6.3581 12.2167 10.1603 6.9099 8.0782 12.5105 6.4271 9.0425 2.8676 6.7802 8.1760 12.1937 7.9724 5.3719 11.4493 8.8732 9.1197 7.1751 12.7383
5.4784 1.8586 8.6202 1.1972 6.3812 2.5600 2.9535 8.4244 6.3431 7.0937 2.6143 7.3416 7.3955 10.8406 8.4172 6.8232 6.6394 7.2106 7.0671 0.6809 1.7149 4.4517 0.0000 7.8662 6.2281 8.5090 12.7387 9.0497 1.0664 3.9990 6.5473 3.5213 3.1510 11.7238 7.3705 6.5149 7.2095 12.0176 5.5584 8.2929 2.4846 7.3896 7.4142 10.7819 5.3058 1.0650 10.9564 8.5425 8.3579 4.5085 12.2454
8.2108 6.4896 6.5491 7.7646 1.8172 7.3971 7.0510 6.3534 1.6366 9.0582 6.7118 1.9571 12.3001 8.5476 7.5824 5.6096 11.5441 5.0779 2.6612 7.7269 8.3708 10.5799 8.3327 0.0000 2.2827 11.1986 10.4456 1.2165 8.3027 8.0769 9.5874 6.8564 7.1863 9.4308 0.6770 11.4195 11.0231 9.7245 10.4631 6.2218 9.5099 7.5327 10.1039 8.4889 3.2115 6.9807 8.6633 8.0551 11.0476 4.7475 9.9524
6.7311 4.2400 5.1128 5.5756 1.3973 5.2082 4.8014 4.9170 1.9347 7.5785 4.4623 1.8899 10.0505 9.5885 7.2802 5.5711 9.2945 5.9584 1.8374 5.5380 6.1212 8.3910 5.4970 2.7798 0.0000 9.7188 11.4866 3.9634 6.1138 6.6541 7.3985 4.6069 5.7065 10.4717 2.2842 9.1700 9.5434 10.7655 8.2135 4.7854 7.3210 6.0964 8.6241 7.8001 1.0591 4.7312 9.7043 6.6187 9.5678 2.6365 10.9933
4.2527 6.6996 14.4749 8.6740 10.7029 9.4904 8.3148 14.2791 10.6552 2.5312 7.9756 11.6537 2.1912 7.8054 7.8164 11.0716 2.1895 11.4590 11.1532 8.6220 6.6910 8.9333 7.5704 12.1783 10.6001 0.0000 9.7034 10.1666 7.8906 5.0086 14.4029 8.1944 5.2511 8.6886 11.6826 2.8432 0.6263 8.9823 3.0885 14.1475 6.9594 14.3552 2.0445 8.6655 10.2605 6.6828 7.9211 15.9808 1.3084 9.8082 9.2101
7.7385 12.9212 15.5433 14.4917 11.7713 14.1243 13.4826 15.3476 11.7236 8.5859 13.1434 12.7222 11.2621 3.5890 4.9513 6.3342 10.9394 7.0007 12.2216 14.4541 11.4109 13.5610 12.2903 10.5752 11.6686 9.9663 0.0000 8.8849 12.0324 9.1504 15.9736 13.2880 9.3938 1.4199 10.6866 11.9852 9.7908 1.0080 9.6698 15.2160 11.1012 17.2798 8.8716 2.8737 11.3289 11.4026 3.7048 17.9688 9.8153 11.3177 2.1114
7.1306 6.2536 7.7543 8.1475 3.0223 7.7800 8.1148 7.5586 2.8417 7.9780 7.7757 3.1623 11.7016 7.3695 6.5021 5.4798 10.4685 5.8671 3.8664 8.1098 7.2952 11.3594 8.1746 1.2381 3.4879 10.1184 9.2675 0.0000 8.0878 6.9966 9.6293 7.9203 6.1061 8.2527 1.8821 10.3440 9.9429 8.5465 9.8218 7.4270 9.4600 8.7379 9.0236 7.0221 4.6686 6.2887 7.4853 9.2603 9.9673 5.1952 8.7743
4.7452 2.9483 8.8409 1.3143 6.7250 2.3645 3.5939 8.6451 6.6869 6.3604 3.2547 7.6855 6.6622 9.8385 7.6839 8.3724 5.9062 8.7597 7.2878 1.2624 0.9816 4.2561 1.2225 8.2100 6.4488 7.7757 11.7366 7.6805 0.0000 3.2657 6.7680 4.4431 2.4178 10.7217 7.7144 5.7816 6.4763 11.0155 4.8252 8.5136 1.7961 7.1941 6.6810 8.9599 5.5265 1.5308 9.9543 8.7632 7.6247 4.7292 11.2433
3.8036 2.7163 10.7926 4.0665 7.0710 4.9940 4.3315 10.5969 7.0329 3.5404 3.9923 8.0314 4.7174 7.0185 7.3193 7.5131 3.9614 7.9004 7.5213 4.0146 2.7078 5.4126 3.5871 8.5560 6.9179 4.9557 8.9165 6.7143 3.8839 0.0000 10.4196 4.2111 1.4515 7.9017 8.0603 3.8368 4.0448 8.1955 2.8804 10.4653 2.9528 9.8236 3.8610 7.8786 6.5782 2.6995 7.1343 12.4148 4.8047 5.8249 8.4233
11.1618 7.4671 3.7395 5.8524 7.0089 5.4850 6.4472 3.5244 7.4931 12.0092 6.1000 6.7443 13.2776 12.7356 11.7109 8.7182 12.5216 9.1055 5.9227 5.8148 7.1591 6.1761 6.4205 8.0056 6.4228 14.1495 14.6336 9.8927 6.3906 9.8811 0.0000 7.8340 9.0332 13.6188 7.5099 12.3970 13.0917 13.9126 11.4406 3.4122 6.8515 1.8329 13.0548 12.6769 7.3515 7.9582 12.8514 3.0947 13.9985 6.6447 14.1404
7.4515 4.1699 8.5769 6.7220 4.8553 6.3545 4.7313 8.3811 4.8172 8.2989 4.3922 5.8157 9.9804 9.3147 8.0006 5.2973 9.2244 5.6847 5.3056 5.3937 6.0511 9.9339 5.4268 6.3403 4.7021 10.4393 11.2128 7.5238 6.8437 6.5839 8.2039 0.0000 6.4270 10.1979 5.8446 9.0998 10.2638 10.4917 8.1434 8.2496 8.2158 9.5101 9.3445 9.2560 4.3625 4.6610 9.4305 10.1991 10.2883 3.6092 10.7195
3.2514 1.5365 9.6128 2.8867 5.8912 3.8142 3.1517 9.4170 5.8531 4.0988 2.8125 6.8516 5.4573 7.0576 6.1902 6.3332 4.7012 6.7206 6.3415 2.8348 1.5279 5.7058 2.4073 7.3762 5.7380 5.3574 8.9556 5.8237 2.3205 1.5587 9.2398 3.0313 0.0000 7.9408 6.8805 4.5767 5.1819 8.2345 3.6203 9.2855 3.6927 8.6438 4.2626 6.6343 5.3984 1.5197 7.1733 11.2350 5.2063 4.6451 8.4623
6.5474 11.7302 14.3523 13.3007 10.5803 12.9332 12.2915 14.1565 10.5326 7.3948 11.9524 11.5311 10.0711 2.3980 3.7603 5.1432 9.7484 5.8096 11.0306 13.2631 10.2199 12.3700 11.0992 9.3841 10.4775 8.7753 1.2437 7.6938 10.8413 7.9594 14.7826 12.0970 8.2027 0.0000 9.4955 10.7942 8.5998 0.5226 8.4788 14.0249 9.9102 16.0888 7.6805 1.6826 10.1379 10.2116 2.5138 16.7778 8.6242 10.1266 1.1764
8.4849 5.9939 6.0535 7.2689 1.3215 6.9014 6.5553 5.8577 1.1409 9.3323 6.2161 1.4614 11.8044 8.9712 8.2264 6.0543 11.0484 5.5015 2.1656 7.2312 7.8751 10.0842 7.8370 0.6770 1.7871 11.4727 10.8692 1.8605 7.8070 8.4079 9.0917 6.3608 7.4604 9.8544 0.0000 10.9238 11.2972 10.1481 9.9674 5.7261 9.0142 7.0371 10.3780 8.9124 2.7158 6.4850 9.0869 7.5594 11.3217 4.2518 10.3759
6.2026 5.4134 14.1541 6.6275 9.7680 7.5446 7.0285 13.9584 9.7299 4.4811 6.6894 10.7285 2.9139 9.7553 9.7588 10.2101 1.3425 10.5974 10.2183 6.5756 5.4048 6.8547 6.5357 11.2531 9.6149 4.0986 11.6534 10.0698 5.8442 3.8212 12.0812 6.9082 4.8071 10.6385 10.7574 0.0000 4.0563 10.9323 2.5683 13.8268 5.0136 12.4094 3.9945 10.6155 9.2752 5.3965 9.8711 14.0764 5.0880 8.5220 11.1601
4.0458 6.0733 14.2605 7.4235 10.4885 8.3510 7.6885 14.0648 10.4409 2.3505 7.3493 11.4394 2.1489 7.5985 7.6020 10.8573 2.1472 11.2446 10.9388 7.3716 6.0647 8.4465 6.9441 11.9640 10.3858 0.6263 9.4966 9.9522 6.9179 4.0359 13.7766 7.5681 5.0442 8.4817 11.4683 2.8009 0.0000 8.7755 2.5748 13.9332 5.9867 13.1806 1.8377 8.4587 10.0461 6.0565 7.7143 15.7718 1.0317 9.1819 9.0033
6.8412 12.0239 14.6460 13.5944 10.8740 13.2270 12.5853 14.4503 10.8264 7.6886 12.2462 11.8249 10.3648 2.6917 4.0541 5.4369 10.0422 6.1034 11.3244 13.5568 10.5137 12.6637 11.3930 9.6779 10.7713 9.0690 0.8318 7.9876 11.1351 8.2531 15.0763 12.3908 8.4965 0.5226 9.7893 11.0880 8.8936 0.0000 8.7725 14.3187 10.2039 16.3826 7.9743 1.9764 10.4316 10.5054 2.8075 17.0715 8.9180 10.4204 1.4701
3.9510 4.4223 12.4985 5.7725 8.7769 6.6999 6.0374 12.3028 8.7388 2.2295 5.6982 9.7373 1.9329 7.5037 7.8045 9.2190 1.6103 9.6063 9.2272 5.7205 4.4137 6.6633 5.2930 10.2619 8.6238 3.1177 9.4017 10.6434 5.2062 2.8300 12.1255 5.9170 3.8159 8.3869 9.7662 2.5849 2.5748 8.6806 0.0000 12.1712 4.2035 11.5295 2.5118 8.3638 8.2841 4.4054 7.6195 14.1207 3.4555 7.5309 8.9085
11.7467 10.0436 0.6952 8.4289 5.6349 8.0614 9.0237 1.4934 6.1192 12.5941 8.6765 5.3704 15.8541 15.3120 12.2958 11.2946 15.0980 11.6820 4.5487 8.3912 9.7355 8.3686 8.9970 6.6316 5.0488 14.7345 17.2101 8.5187 8.9670 12.4576 3.3660 10.4104 10.7222 16.1952 6.1360 14.9735 14.5590 16.4890 14.0171 0.0000 9.0439 2.9828 13.6397 15.2533 5.9775 10.5347 15.4278 2.2780 14.5834 7.0187 16.7168
6.3945 4.8812 9.5663 2.7718 7.9718 2.6685 5.5651 10.1027 7.9337 6.1313 5.2259 8.9323 6.5400 9.6094 9.9102 9.1569 5.7840 9.5442 8.7453 2.7199 2.9145 2.5973 2.6800 9.4569 7.9063 7.5466 11.5075 10.6404 1.9884 3.6481 7.0517 6.3760 4.6340 10.4926 8.9612 5.6594 6.3541 10.7864 4.7030 9.9711 0.0000 7.5333 6.4519 10.4696 6.7733 3.4637 9.7252 10.3567 7.3956 5.9760 11.0142
12.3183 8.6237 2.8687 7.0090 6.1380 6.6415 7.6038 2.6535 6.6223 13.1657 7.2566 5.8735 14.4342 13.8922 12.8675 9.8748 13.6782 10.2621 5.0518 6.9713 8.3157 7.1568 7.5771 7.1348 5.5519 15.3061 15.7902 9.0218 7.5471 11.0377 1.9461 8.9905 10.1898 14.7754 6.6391 13.5536 14.2482 15.0691 12.5972 2.5414 7.8322 0.0000 14.2114 13.8334 6.4807 9.1148 14.0079 2.2238 15.1551 7.8013 15.2969
3.1538 6.1789 12.7609 7.5751 8.9889 8.3916 7.7941 12.5651 8.9412 1.4324 7.4549 9.9397 3.4394 6.3409 6.1024 9.3576 3.1167 9.7449 9.4392 7.5232 6.1703 8.3204 7.0497 10.4643 8.8861 2.1436 8.2389 8.4525 6.7918 3.9098 13.5072 7.6737 4.1523 7.2241 9.9686 4.0914 2.2294 7.5178 2.5466 12.4335 5.8606 13.7445 0.0000 7.3784 8.5464 6.1620 6.4567 14.2668 1.9925 9.0731 7.7457
5.9270 8.9801 11.6096 12.6575 7.8376 12.2901 11.6484 11.4138 7.7899 6.7744 11.3092 8.7884 9.9616 2.5849 3.1398 4.5000 9.6389 5.1665 8.2879 10.0987 8.7918 12.2605 9.6712 8.7410 7.7348 8.6658 2.5157 6.6885 10.7318 7.8499 14.1394 11.4538 7.5823 1.5008 8.8524 10.6847 8.4903 1.7946 8.3693 11.2822 9.8007 15.4456 7.5710 0.0000 7.3952 9.0152 2.7006 13.1156 8.5147 9.4835 1.5055
7.5501 4.6119 5.2634 4.3937 2.2576 4.0262 4.2050 5.0677 2.7950 8.3975 3.8578 2.7502 10.4225 9.9579 8.0992 5.9405 9.6664 6.3278 2.6976 4.3561 5.7004 7.2090 4.9618 3.6401 1.6715 10.5379 11.8559 4.8236 4.9318 7.0260 6.2165 4.9788 6.1780 10.8411 3.1444 9.5419 10.2365 11.1349 8.5854 4.9361 6.1390 6.2470 9.4431 9.8992 0.0000 5.1031 10.0737 6.7694 10.3868 1.4663 11.3627
4.3281 1.3508 9.4271 2.4227 5.7054 3.3502 2.1877 9.2313 5.6674 5.9434 1.8485 6.6659 6.2452 10.1649 7.2669 6.1475 5.4891 6.5348 6.1558 1.5804 0.8047 5.2418 1.0528 7.1905 5.5523 7.3587 12.0630 8.3740 1.8565 2.8487 7.2702 2.8456 2.0007 11.0481 6.6948 5.3646 6.0592 11.3419 4.4081 9.0997 3.2747 8.5765 6.2639 10.1062 5.2127 0.0000 10.2807 9.2654 7.2076 4.4594 11.5697
6.3345 10.0155 12.7874 11.4118 9.0154 13.1125 12.4709 12.5916 8.9677 7.1819 12.1317 9.9662 9.8581 2.1851 3.5474 5.3225 9.5355 5.9889 9.4657 11.3599 10.0070 12.1570 10.8863 9.5634 8.9126 8.5623 3.2455 8.1205 10.6284 7.7465 14.9619 12.2763 7.9898 2.2307 9.6749 10.5813 8.3869 2.5245 8.2658 12.4600 9.6972 16.2681 7.4676 2.4273 8.5730 9.9987 0.0000 14.2933 8.4113 10.3059 2.7523
11.6345 9.7966 1.2672 8.1819 5.5228 7.8145 8.7768 0.5807 6.0070 12.4819 8.4296 5.2582 15.6072 15.0651 12.1837 11.0477 14.8511 11.4351 4.4365 8.1443 9.4886 8.9423 8.7501 6.5195 4.9367 14.6223 16.9632 8.4066 8.7201 12.2107 3.1190 10.1635 10.6100 15.9483 6.0238 14.7266 14.4468 16.2421 13.7701 1.8156 9.9273 3.7397 13.5276 15.0064 5.8654 10.2878 15.1809 0.0000 14.4713 6.9066 16.4699
3.8108 5.8383 14.0255 7.1885 10.2535 8.1160 7.4534 13.8298 10.2058 2.1155 7.1143 11.2044 2.7655 7.3635 7.3670 10.6223 2.8537 11.0096 10.7038 7.1366 5.8297 8.2115 6.7091 11.7290 10.1508 1.2429 9.2616 9.7172 6.6829 3.8009 13.5415 7.3331 4.8092 8.2467 11.2333 3.4175 0.6166 8.5405 2.3398 13.6982 5.7517 12.9456 1.6027 8.2237 9.8111 5.8214 7.4793 15.5368 0.0000 8.9469 8.7683
6.6840 3.2618 6.2608 4.3129 2.5392 3.9455 3.8232 6.0650 2.5011 7.5314 3.4841 3.4996 9.0723 8.6078 7.2332 4.5904 8.3163 4.9777 2.9895 4.2753 5.1430 7.1282 4.5187 4.0242 2.3860 9.6718 10.5058 5.2077 4.8511 5.6759 6.1358 3.6287 4.8279 9.4910 3.5285 8.1918 8.8864 9.7847 7.2353 5.9334 6.0583 7.4420 8.5771 8.5491 2.0464 3.7529 8.7236 8.1310 9.5208 0.0000 10.0126
6.8801 12.0628 14.6850 13.6334 10.9130 13.2659 12.6242 14.4892 10.8653 7.7275 12.2851 11.8638 10.4037 2.7307 4.0930 5.4758 10.0811 6.1423 11.3633 13.5957 10.5526 12.7026 11.4319 9.7168 10.8102 9.1079 2.0221 8.0265 11.1740 8.2921 15.1152 12.4297 8.5354 1.0072 9.8282 11.1269 8.9325 1.3010 8.8114 14.3576 10.2428 16.4215 8.0132 1.4262 10.4705 10.5443 2.8464 17.1105 8.9569 10.4593 0.0000
0.000 28.776 52.921 32.964 41.605 35.414 33.621 52.334 41.462 18.883 32.604 44.458 28.303 30.577 31.480 42.712 27.335 43.873 42.956 32.809 28.750 35.200 31.388 46.032 41.297 24.416 36.271 39.996 30.614 21.968 51.885 33.260 22.246 33.227 44.545 30.473 23.890 34.108 23.527 51.939 27.821 50.008 21.132 33.158 40.278 28.725 30.925 57.871 23.963 38.102 34.792
25.040 0.000 40.669 22.918 29.505 28.862 18.382 40.082 29.390 32.886 19.997 32.386 33.792 42.883 38.941 30.831 31.524 31.993 30.856 20.477 18.838 34.538 20.576 33.960 29.045 37.132 48.577 37.511 24.381 23.602 35.422 11.805 18.205 45.533 32.473 31.150 33.234 46.414 28.281 39.688 28.498 39.340 33.848 42.707 28.026 13.860 43.230 41.407 36.679 25.767 47.097
46.849 46.923 0.000 42.079 31.514 40.976 43.863 10.713 32.892 52.391 42.822 30.013 64.354 53.754 51.496 50.676 62.086 51.838 28.255 41.966 45.999 41.554 43.783 34.429 29.755 58.812 59.448 40.090 43.693 54.165 26.890 48.023 46.776 56.404 32.942 61.713 58.286 57.285 58.843 9.548 43.580 25.397 55.528 53.578 32.542 48.396 54.102 17.527 58.359 37.565 57.969
28.340 23.200 40.685 0.000 34.337 14.898 26.485 40.097 34.223 35.796 25.467 37.219 36.730 51.331 40.157 39.279 34.462 40.441 36.026 11.748 16.310 27.267 11.650 38.792 33.509 40.042 57.026 42.343 11.657 28.346 34.466 28.188 24.358 53.981 37.305 34.088 36.464 54.862 31.511 39.703 21.366 36.081 36.758 51.155 30.742 20.680 51.679 40.452 39.589 28.350 55.546
35.918 31.445 29.275 36.366 0.000 35.264 33.129 28.688 13.307 41.460 32.112 10.612 48.877 44.774 40.566 32.722 46.609 33.884 13.077 36.253 37.089 42.997 35.216 20.517 12.598 47.882 50.468 24.068 37.980 38.687 35.612 32.546 35.845 47.424 18.300 46.235 47.355 48.305 43.366 28.293 41.602 32.226 44.597 44.598 21.611 32.918 45.122 33.793 47.428 26.635 48.989
33.840 27.077 38.746 14.898 31.495 0.000 25.872 38.159 31.381 41.296 24.830 34.377 42.229 47.103 44.029 35.050 39.961 36.212 34.087 13.603 25.549 28.211 19.442 35.950 31.036 45.542 52.797 39.501 22.683 33.846 32.664 32.398 29.857 49.752 34.463 39.588 41.964 50.633 37.011 37.764 24.910 36.583 42.257 46.927 27.900 26.067 47.450 38.650 45.088 25.508 51.317
29.893 18.382 42.144 26.210 32.065 26.877 0.000 41.499 31.950 37.739 15.715 34.946 38.645 45.443 41.501 33.391 36.377 34.553 33.416 21.060 22.985 36.568 21.640 36.520 31.605 41.985 51.137 40.070 26.726 28.455 34.224 22.590 25.911 48.093 35.032 36.003 38.087 48.974 33.134 41.162 30.981 38.143 38.701 45.267 29.459 21.428 45.790 40.210 41.532 27.067 49.657
50.713 46.717 10.713 41.873 35.377 40.771 43.657 0.000 36.830 56.255 42.616 34.584 64.148 62.522 55.360 50.470 61.880 51.632 32.119 41.760 45.793 41.692 43.577 38.368 33.619 62.676 68.217 44.029 43.487 53.959 26.684 47.818 50.639 65.172 36.880 61.507 62.150 66.053 58.637 10.417 43.718 25.535 59.392 62.346 36.405 48.190 62.870 9.813 62.223 39.529 66.737
36.128 31.655 31.730 33.695 13.307 32.593 33.129 31.143 0.000 41.670 32.087 9.930 49.087 42.103 40.776 30.051 46.819 31.213 20.067 33.582 37.299 42.141 35.399 19.785 15.500 48.092 47.798 23.336 35.310 38.897 39.164 32.756 36.055 44.753 16.035 46.445 47.565 45.635 43.576 30.748 38.931 34.681 44.807 41.927 21.821 33.128 42.451 36.248 47.639 24.644 46.318
15.883 32.585 53.481 36.774 42.165 39.224 37.431 52.894 42.023 0.000 36.413 45.018 26.465 34.169 33.506 43.272 25.497 44.434 43.516 36.618 32.560 39.010 35.198 46.592 41.857 22.578 39.862 40.556 34.424 25.778 55.720 37.070 26.506 36.818 45.105 28.421 22.051 37.699 21.688 52.499 31.631 56.432 11.885 37.334 40.838 32.535 34.516 57.999 22.125 42.418 38.383
28.868 19.997 41.095 25.185 31.040 25.970 15.715 40.449 30.925 36.714 0.000 33.921 37.620 44.418 40.476 32.366 35.351 33.528 32.390 22.744 22.586 35.519 22.843 35.495 30.580 40.960 50.112 39.045 25.701 27.430 33.175 19.472 24.886 47.068 34.007 34.978 37.062 47.949 32.109 40.113 29.956 37.093 37.676 44.242 28.410 20.546 44.765 39.160 40.507 26.018 48.632
35.912 31.438 31.617 35.263 10.612 34.161 33.123 31.030 9.930 41.454 32.105 0.000 48.870 43.672 40.559 31.619 46.602 32.782 17.553 35.150 37.082 43.709 36.968 16.513 17.777 47.875 49.366 21.967 36.878 38.680 40.732 32.539 35.838 46.321 10.752 46.228 47.348 47.203 43.359 30.635 40.499 34.568 44.591 43.495 21.604 32.912 44.019 36.135 47.422 26.212 47.886
28.850 39.190 63.632 43.356 52.316 46.023 44.035 63.045 52.173 26.764 43.018 55.169 0.000 42.508 43.657 53.422 13.162 54.584 53.667 43.201 39.164 43.159 41.802 56.743 52.008 19.839 48.202 50.707 41.006 31.820 62.300 43.674 34.845 45.157 55.255 22.170 19.712 46.039 23.670 62.650 38.534 60.511 25.226 45.088 50.989 39.139 42.855 68.285 22.807 48.516 46.722
29.065 43.108 51.423 47.296 40.107 52.399 50.474 50.836 39.964 34.607 49.456 42.960 42.635 0.000 23.703 29.029 41.667 31.028 41.458 47.141 43.082 49.532 45.720 41.751 39.799 38.748 18.643 37.423 44.946 36.300 57.947 49.890 37.031 22.201 42.085 44.805 38.221 21.318 37.858 50.441 42.153 61.865 35.464 22.564 38.780 43.057 6.858 55.941 38.295 43.979 23.765
26.702 38.323 49.061 42.373 37.745 45.752 46.756 48.473 37.602 32.244 45.739 40.597 43.415 23.276 0.000 32.320 42.447 34.319 39.096 42.217 38.297 49.450 40.935 42.171 37.436 38.665 28.970 35.060 40.674 36.218 51.300 42.807 34.668 25.925 40.684 44.722 38.139 26.806 37.776 48.079 42.070 52.012 35.381 24.826 36.418 38.272 23.623 53.579 38.212 37.997 27.490
37.298 40.127 47.993 44.838 36.677 43.736 41.811 47.406 36.534 42.840 40.793 39.529 50.869 28.739 31.937 0.000 49.901 20.207 38.028 44.725 45.770 54.474 43.897 33.088 36.369 46.982 34.433 36.639 46.453 44.534 49.284 41.227 44.386 31.388 33.423 54.916 46.455 32.270 46.092 47.011 50.074 53.202 43.697 28.563 35.350 41.600 29.086 55.269 46.528 35.316 32.953
27.734 31.504 55.733 35.671 44.568 38.337 36.350 55.146 44.454 25.569 35.332 47.450 13.162 41.392 41.402 45.894 0.000 47.056 45.919 35.515 31.478 35.474 34.117 49.023 44.109 21.662 47.086 48.453 33.321 26.728 54.614 35.989 29.685 44.041 47.536 18.218 21.535 44.923 19.831 54.751 30.848 52.826 24.109 43.972 43.090 31.454 41.739 60.600 24.630 40.830 45.606
39.407 35.075 42.941 39.786 31.625 38.684 36.759 42.354 31.482 44.949 35.741 34.477 52.506 29.144 32.342 20.207 50.238 0.000 32.976 39.673 40.718 49.422 38.845 28.607 31.317 47.387 34.839 32.157 41.401 42.316 44.232 36.175 39.334 31.794 28.941 49.864 46.861 32.675 46.995 41.959 45.022 48.150 44.103 28.968 30.298 36.548 29.492 50.217 46.934 30.264 33.359
34.614 30.141 29.083 33.872 13.077 32.770 31.825 28.496 20.891 40.156 30.808 17.553 47.572 46.186 39.261 34.134 45.304 35.296 0.000 33.759 35.784 41.431 33.912 23.426 12.178 46.577 51.880 26.977 35.486 37.383 37.495 31.241 34.540 48.836 21.939 44.931 46.051 49.717 42.061 28.101 39.108 32.034 43.293 40.821 20.306 31.614 46.534 33.601 46.124 25.330 50.401
30.137 20.477 39.043 11.748 32.696 13.603 21.060 38.456 32.581 37.333 22.744 35.577 38.267 49.690 41.954 37.638 35.999 38.800 34.384 0.000 19.897 28.804 10.505 37.151 31.867 41.579 55.384 40.701 17.755 29.884 32.825 25.465 26.155 52.340 35.664 35.625 38.331 53.221 33.377 38.061 22.903 36.743 38.295 49.514 29.100 20.262 50.037 38.810 41.126 26.708 53.904
25.996 18.838 43.237 16.310 34.662 23.440 22.985 42.650 34.548 33.841 23.091 37.543 34.747 44.276 37.812 35.988 32.479 37.150 36.013 19.897 0.000 29.115 14.533 39.117 34.203 38.087 49.970 37.802 14.440 24.557 37.019 26.070 18.320 46.925 37.630 32.105 34.189 47.806 29.236 42.256 23.214 37.929 34.803 47.864 33.184 8.203 44.623 43.004 37.634 30.902 48.490
36.356 35.894 41.440 29.029 42.513 26.603 36.889 42.522 42.399 38.566 35.848 45.394 38.371 49.001 49.903 47.901 36.103 49.063 44.596 28.874 29.468 0.000 28.754 46.968 42.079 42.812 54.695 50.518 27.523 31.117 33.896 40.378 34.074 51.650 45.481 35.730 39.235 52.532 34.281 42.127 23.603 35.341 39.528 51.581 38.917 31.116 49.348 41.620 42.359 36.525 53.215
28.435 20.576 40.861 11.650 34.144 19.442 21.640 40.273 34.029 36.281 22.843 37.025 37.187 47.522 40.252 35.470 34.918 36.632 36.201 10.505 14.533 28.355 0.000 38.599 33.684 40.527 53.216 42.149 15.733 26.997 34.642 25.564 24.453 50.171 37.111 34.545 36.629 51.053 31.675 39.879 22.454 37.169 37.243 47.346 30.917 15.022 47.869 40.627 40.074 28.526 51.736
36.632 34.469 34.647 38.294 20.452 37.191 36.153 34.060 19.910 42.175 35.135 16.513 51.900 40.643 37.747 31.829 49.632 30.234 22.984 38.181 40.112 46.740 39.998 0.000 21.848 48.596 46.337 16.993 39.908 39.231 43.762 35.569 36.559 43.292 10.812 49.258 48.069 44.174 46.389 33.665 43.530 37.598 45.312 40.467 24.634 35.942 40.990 39.165 48.143 29.242 44.857
32.193 27.720 30.338 31.727 12.598 30.625 29.404 29.751 15.500 37.736 28.387 17.777 45.151 43.766 36.841 31.713 42.883 32.875 12.178 31.614 33.364 40.173 31.491 23.339 0.000 44.156 49.460 26.890 33.341 34.962 37.195 28.821 32.119 46.415 21.853 42.510 43.630 47.296 39.641 29.356 36.963 33.289 40.872 38.400 15.603 29.194 44.113 34.856 43.703 22.910 47.980
24.758 35.099 58.425 41.022 47.109 43.471 39.944 57.837 46.966 22.594 38.927 49.961 21.574 38.416 38.449 48.215 21.569 49.377 48.460 40.866 35.073 41.800 37.711 51.535 46.800 0.000 44.110 45.500 38.672 30.026 58.209 39.583 30.753 41.066 50.048 23.530 9.528 41.947 24.265 57.443 35.878 58.066 21.134 40.996 45.782 35.048 38.763 62.942 9.457 44.425 42.630
35.216 53.764 61.630 58.475 50.314 57.373 55.448 61.043 50.171 40.758 54.430 53.167 48.786 18.643 29.854 34.003 47.818 36.002 51.665 58.362 49.233 55.683 51.871 46.726 50.006 44.899 0.000 41.655 51.097 42.451 62.921 54.864 43.181 11.920 47.060 50.956 44.372 11.598 44.009 60.648 48.304 66.839 41.615 21.128 48.987 49.208 16.822 68.906 44.446 48.953 20.640
33.392 33.761 38.263 39.443 24.067 38.340 39.344 37.676 23.525 38.934 38.327 24.487 50.105 37.108 34.506 31.439 46.406 32.601 26.599 39.329 36.886 49.078 39.524 16.993 25.464 45.355 42.802 0.000 39.263 35.990 43.888 38.761 33.318 39.758 20.646 46.032 44.829 40.639 44.465 37.281 43.380 41.214 42.071 36.066 29.006 33.866 37.456 42.781 44.902 30.586 41.323
26.236 23.845 41.523 11.657 35.175 22.093 25.782 40.935 35.061 34.081 24.764 38.056 34.987 44.516 38.052 40.117 32.719 41.279 36.863 17.755 14.440 27.768 15.733 39.630 34.346 38.327 50.210 38.041 0.000 24.797 35.304 28.329 22.253 47.165 38.143 32.345 34.429 48.047 29.476 40.541 20.388 36.582 35.043 41.880 31.580 19.623 44.863 41.290 37.874 29.188 48.730
23.411 23.149 47.378 27.200 36.213 29.982 27.995 46.791 36.099 25.621 26.977 39.094 29.152 36.056 36.958 37.539 26.884 38.701 37.564 27.044 23.123 31.238 25.761 40.668 35.754 29.867 41.749 35.143 26.652 0.000 46.259 27.633 18.182 38.705 39.181 26.510 27.134 39.587 23.641 46.396 23.858 44.471 26.583 38.636 34.735 23.099 36.403 52.244 29.414 32.475 40.270
45.485 37.401 26.218 32.557 36.027 31.455 34.342 25.573 37.479 51.028 33.300 35.233 54.833 53.207 50.133 41.155 52.565 42.316 32.768 32.444 36.477 33.528 34.262 39.017 34.268 57.448 58.901 44.678 34.172 44.643 0.000 38.502 42.100 55.856 37.530 52.191 54.275 56.738 49.322 25.237 35.554 19.905 54.164 53.031 37.054 38.875 53.554 24.284 56.995 34.934 57.421
34.355 11.805 40.731 35.166 29.566 34.063 22.590 40.143 29.452 39.897 19.472 32.447 44.941 42.944 39.002 30.892 42.673 32.054 30.917 29.502 26.070 44.802 29.092 34.021 29.106 46.318 48.638 37.571 35.531 34.752 39.612 0.000 22.008 45.594 32.534 42.299 45.791 46.475 39.430 39.749 39.647 43.530 43.034 42.768 28.087 20.930 43.291 45.597 45.865 25.828 47.158
21.754 18.205 43.838 23.660 32.674 26.443 24.455 43.251 32.559 27.296 23.438 35.555 31.372 36.173 33.571 34.000 29.104 35.162 34.024 23.504 18.320 32.117 22.222 37.129 32.214 31.072 41.867 32.471 21.962 18.182 42.719 22.008 0.000 38.822 35.641 28.730 30.546 39.704 25.861 42.857 26.078 40.931 27.788 34.903 31.195 16.822 36.520 48.705 30.619 28.935 40.387
31.642 50.191 58.057 54.902 46.741 53.800 51.874 57.469 46.598 37.184 50.857 49.593 45.213 22.194 26.281 30.430 44.245 32.429 48.092 54.789 45.660 52.110 48.298 43.152 46.432 41.326 11.920 38.081 47.524 38.878 59.348 51.291 39.608 0.000 43.486 47.383 40.799 8.467 40.436 57.075 44.731 63.266 38.041 16.318 45.414 45.635 22.541 65.333 40.873 45.380 12.997
37.455 32.982 33.160 36.807 18.300 35.704 34.666 32.573 16.035 42.997 33.648 10.752 50.413 41.914 39.679 33.163 48.145 31.505 21.497 36.694 38.625 45.253 38.511 10.812 20.361 49.418 47.608 20.581 38.421 40.224 42.275 34.082 37.381 44.563 0.000 47.771 48.892 45.444 44.902 32.178 42.043 36.111 46.134 41.737 23.147 34.455 42.261 37.678 48.965 27.755 46.128
30.608 31.240 57.462 34.883 44.304 37.634 36.085 56.875 44.190 28.443 35.068 47.186 22.170 44.266 44.276 45.630 18.218 46.792 45.655 34.727 31.214 35.564 34.607 48.759 43.845 27.296 49.960 45.209 32.533 26.464 51.244 35.725 29.421 46.915 47.272 0.000 27.169 47.797 22.705 56.480 30.041 52.228 26.983 46.846 42.826 31.189 44.613 57.229 30.264 40.566 48.480
24.137 33.220 57.782 37.270 46.466 40.053 38.066 57.194 46.323 22.051 37.048 49.318 21.447 37.795 37.806 47.572 21.442 48.734 47.816 37.115 33.194 40.340 35.832 50.892 46.157 9.528 43.490 44.857 35.754 27.108 56.330 37.704 30.133 40.445 49.405 23.403 0.000 41.326 22.724 56.800 32.960 54.542 20.750 40.376 45.138 33.169 38.143 62.315 7.323 42.546 42.010
32.524 51.072 58.938 55.783 47.622 54.681 52.756 58.351 47.479 38.066 51.739 50.475 46.094 21.318 27.162 31.311 45.127 33.310 48.973 55.670 46.541 52.991 49.179 44.034 47.314 42.207 11.598 38.963 48.405 39.759 60.229 52.172 40.489 8.467 44.368 48.264 41.681 0.000 41.318 57.956 45.612 64.148 38.923 19.847 46.295 46.516 19.497 66.215 41.754 46.261 15.083
23.853 28.267 52.495 32.318 41.331 35.100 33.112 51.908 41.216 21.688 32.095 44.212 20.799 37.511 38.413 42.657 19.831 43.819 42.682 32.162 28.241 34.990 30.879 45.786 40.871 24.353 43.205 46.930 30.619 23.490 51.377 32.751 26.448 40.161 44.299 22.755 22.724 41.042 0.000 51.514 27.611 49.589 22.535 40.091 39.852 28.216 37.858 57.362 25.366 37.593 41.725
47.240 45.131 9.548 40.287 31.905 39.184 42.071 10.417 33.358 52.782 41.029 31.111 62.562 60.936 51.887 48.884 60.294 50.046 28.646 40.174 44.207 40.106 41.991 34.895 30.146 59.204 66.630 40.556 41.901 52.373 25.098 46.231 47.167 63.586 33.408 59.920 58.677 64.467 57.051 0.000 42.132 23.948 55.919 60.760 32.933 46.604 61.283 16.160 58.750 36.056 65.150
31.183 29.644 43.699 23.315 38.915 23.005 31.695 45.308 38.801 33.394 30.678 41.797 34.620 43.828 44.731 42.471 32.352 43.633 41.236 23.160 23.743 22.792 23.040 43.371 38.719 37.640 49.523 46.921 20.965 25.944 36.155 34.128 28.902 46.478 41.884 31.978 34.062 47.359 29.109 44.913 0.000 37.600 34.356 46.409 35.320 25.391 44.176 46.070 37.187 32.928 48.043
48.955 40.871 23.606 36.027 33.414 34.925 37.811 22.960 34.867 54.497 36.770 32.620 58.303 56.677 53.602 44.624 56.035 45.786 30.155 35.914 39.947 36.470 37.731 36.404 31.656 60.918 62.371 42.065 37.641 48.113 19.905 41.972 45.569 59.326 34.917 55.661 57.745 60.207 52.792 22.624 38.497 0.000 57.634 56.500 34.442 42.344 57.024 21.671 60.465 38.404 60.891
21.461 33.537 53.283 37.725 41.967 40.175 38.382 52.695 41.824 11.885 37.365 44.819 25.318 34.023 33.307 43.073 24.350 44.235 43.318 37.570 33.511 39.961 36.149 46.393 41.658 21.431 39.717 40.358 35.375 26.729 55.522 38.021 27.457 36.672 44.906 27.274 20.750 37.553 22.640 52.300 32.582 56.233 0.000 37.135 40.639 33.486 34.370 57.800 17.192 42.219 38.237
29.781 41.940 49.829 52.973 38.513 51.870 49.945 49.241 38.370 35.323 48.928 41.365 44.885 22.755 24.419 28.500 43.917 30.500 39.864 45.296 41.375 51.782 44.014 41.223 38.204 40.997 21.128 35.066 47.195 38.550 57.418 49.361 37.747 16.318 41.557 47.054 40.471 19.847 40.108 48.847 44.402 61.337 37.713 0.000 37.186 42.046 23.102 54.347 40.544 43.450 18.668
34.650 28.836 30.790 28.181 21.773 27.079 27.615 30.203 23.385 40.193 26.573 23.251 46.267 44.874 39.298 32.822 43.999 33.983 23.093 28.068 32.101 36.627 29.885 25.920 15.603 46.614 50.568 29.471 29.795 36.078 33.649 29.936 33.534 47.523 24.433 43.626 45.709 48.405 40.756 29.808 33.417 33.741 43.329 44.698 0.000 30.309 45.221 35.308 46.160 17.090 49.088
24.984 13.860 43.281 20.680 32.116 25.051 21.428 42.694 32.002 32.830 20.546 34.998 33.736 45.495 36.801 33.442 31.467 34.604 33.467 20.262 8.203 30.725 15.022 36.572 31.657 37.076 51.189 40.122 19.623 23.546 36.811 20.930 16.822 48.144 35.084 31.094 33.178 49.026 28.224 42.299 24.824 40.730 33.792 45.319 30.638 0.000 45.842 42.796 36.623 28.378 49.709
31.004 45.046 53.362 49.235 42.046 54.337 52.413 52.775 41.903 36.546 51.395 44.899 44.574 6.858 25.642 30.968 43.607 32.967 43.397 49.080 45.021 51.471 47.659 43.690 41.738 40.687 16.822 39.361 46.885 38.240 59.886 51.829 38.969 21.692 44.025 46.744 40.161 19.497 39.797 52.380 44.092 63.804 37.403 22.282 40.719 44.996 0.000 57.880 40.234 45.918 23.257
46.903 44.390 17.527 39.546 31.568 38.444 41.330 9.813 33.021 52.446 40.289 30.775 61.822 60.195 51.551 48.143 59.553 49.305 28.309 39.433 43.466 41.827 41.250 34.559 29.810 58.867 65.890 40.220 41.160 51.632 24.357 45.491 46.830 62.845 33.071 59.180 58.340 63.726 56.310 16.160 44.782 26.219 55.583 60.019 32.596 45.863 60.543 0.000 58.414 35.720 64.410
23.432 32.515 57.076 36.566 45.761 39.348 37.360 56.489 45.617 21.346 36.343 48.613 23.296 37.091 37.101 46.867 23.561 48.029 47.111 36.410 32.489 39.635 35.127 50.187 45.452 9.457 42.785 44.152 35.049 26.403 55.624 36.999 29.428 39.740 48.700 25.252 7.323 40.621 22.019 56.095 32.255 53.837 17.192 39.671 44.433 32.464 37.438 61.610 0.000 41.841 41.305
32.052 24.785 33.782 27.939 22.618 26.837 26.470 33.195 22.503 37.594 25.452 25.499 42.217 40.823 36.700 28.771 39.949 29.933 23.968 27.826 30.429 36.385 28.556 27.073 22.158 44.015 46.517 30.623 29.553 32.028 33.407 25.886 29.484 43.473 25.585 39.575 41.659 44.354 36.706 32.800 33.175 37.326 40.731 40.647 17.090 26.259 41.171 39.393 43.562 0.000 45.038
32.640 51.188 59.055 55.900 47.739 54.798 52.873 58.468 47.596 38.183 51.855 50.591 46.211 23.192 27.279 31.427 45.243 33.427 49.090 55.787 46.658 53.108 49.296 44.150 47.431 42.324 20.640 39.080 48.522 39.876 60.346 52.289 40.606 12.997 44.485 48.381 41.797 15.083 41.434 58.073 45.728 64.265 39.040 18.668 46.412 46.633 23.539 66.331 41.871 46.378 0.000
0.0000 4.5919 12.6405 5.9881 8.8685 6.8046 6.2070 12.4447 8.8208 1.3235 5.8679 9.8193 4.4345 5.1924 5.4932 9.2372 4.1118 9.6245 9.3188 5.9362 4.5833 6.7334 5.4627 10.3439 8.7657 3.1387 7.0904 8.3321 5.2048 2.3228 12.2951 6.0867 2.4152 6.0756 9.8482 5.1576 2.9632 6.3694 2.8422 12.3131 4.2736 11.6694 2.0439 6.0525 8.4260 4.5750 5.3082 14.2904 2.9877 7.7005 6.5972
4.3468 0.0000 8.5565 2.6392 4.8349 4.6208 1.2820 8.3608 4.7968 5.9621 1.4171 5.7953 6.2639 9.2944 7.9803 5.2770 5.5079 5.6643 5.2852 1.8255 1.3230 6.5125 1.8586 6.3199 4.6818 7.3774 11.1924 7.5035 3.1271 2.8674 6.8072 0.7351 1.2694 10.1776 5.8242 5.3833 6.0779 10.4713 4.4269 8.2292 4.4993 8.1135 6.2827 9.2356 4.3421 0.9070 9.4101 8.8024 7.2264 3.5889 10.6991
11.6164 10.6410 0.0000 9.0263 5.5046 8.6588 9.6211 0.6447 5.9639 12.4638 9.2739 5.0042 16.4515 12.9181 12.1655 11.8921 15.6954 12.2794 4.4184 8.9886 10.3329 8.8513 9.5944 6.4763 4.9185 14.6041 14.8161 8.3634 9.5644 13.0550 3.9634 11.0078 10.5919 13.8013 5.9807 15.5709 14.4287 14.0951 14.6145 0.5475 9.5267 3.4655 13.5094 12.8594 5.8472 11.1321 13.0339 1.2140 14.4531 7.5218 14.3229
5.4467 2.7334 8.5616 0.0000 6.4457 0.9936 3.8282 8.3658 6.4076 6.9320 3.4891 7.4062 7.2432 12.1105 8.3855 8.0931 6.4872 8.4804 7.0085 0.7306 1.1120 4.0889 0.7224 7.9307 6.1695 8.3473 14.0085 9.1143 0.7227 4.4488 6.4887 4.3961 3.1193 12.9937 7.4351 6.3626 7.1547 13.2874 5.5037 8.2343 2.1219 7.0269 7.2526 12.0518 5.2472 1.4776 12.2262 8.4839 8.1963 4.4499 13.5153
7.9727 5.4817 4.7583 7.1220 0.0000 6.7545 6.0431 4.5626 0.8606 8.8201 5.7039 0.6357 11.2922 9.9248 8.5219 5.9074 10.5362 6.2947 0.8417 7.0843 7.3629 9.3323 6.7386 1.8391 0.7990 10.9605 11.8228 3.0226 7.6601 7.8957 6.8707 5.8485 6.9482 10.8080 1.2754 10.4116 10.7850 11.1017 9.4552 4.4310 8.8673 5.7419 9.8658 9.8661 2.2036 5.9728 10.0406 6.2643 10.8095 3.8782 11.3296
7.2799 4.0258 7.9153 0.9936 5.4984 0.0000 3.6240 7.7196 5.4603 8.7653 3.2768 6.4589 9.0764 10.7009 9.6762 6.6835 8.3204 7.0708 6.3622 0.8855 3.5164 4.4036 1.3735 6.9834 5.3453 10.1806 12.5989 8.1670 1.6429 6.2821 5.8880 5.7992 4.9525 11.5841 6.4878 8.1959 8.9880 11.8778 7.3369 7.5880 3.3033 7.1943 9.0858 10.6422 4.2999 3.6890 10.8166 7.8833 10.0295 3.5026 12.1056
5.9645 1.2820 9.0480 3.7366 5.6882 1.9960 0.0000 8.8329 5.6501 7.5798 1.0624 6.6486 7.8816 10.1477 8.8336 6.1303 7.1255 6.5176 6.1385 1.5093 1.6636 7.1893 1.5575 7.1732 5.5351 8.9951 12.0457 8.3568 3.9088 4.4851 6.4079 1.6334 3.6371 11.0309 6.6775 7.0010 7.6956 11.3246 6.0446 8.7207 5.3271 7.7142 7.9004 10.0889 4.8198 1.5388 10.2634 8.4032 8.8441 4.0225 11.5524
12.9043 10.5723 0.6447 8.9576 6.7925 8.5902 9.5524 0.0000 7.2768 13.7517 9.2052 6.5279 16.3828 15.8408 13.4534 11.8234 15.6268 12.2107 5.7063 8.9200 10.2643 8.8973 9.5257 7.7892 6.2064 15.8921 17.7389 9.6763 9.4958 12.9864 3.8947 10.9392 11.8798 16.7240 7.2935 15.5023 15.7166 17.0178 14.5458 0.6192 9.5727 3.5115 14.7973 15.7821 7.1351 11.0634 15.9566 0.5693 15.7410 8.1763 17.2456
8.0427 5.5517 5.5768 6.2317 0.8606 5.8643 6.0430 5.3810 0.0000 8.8901 5.6958 0.5783 11.3622 9.0345 8.5919 5.0171 10.6062 5.4044 1.6889 6.1941 7.4329 9.0470 6.7998 1.5951 1.0414 11.0305 10.9326 2.7786 6.7699 7.9657 8.0546 5.9186 7.0182 9.9177 1.0882 10.4816 10.8550 10.2115 9.5252 5.2494 7.9771 6.5604 9.9358 8.9758 2.2736 6.0428 9.1503 7.0828 10.8795 3.2146 10.4393
1.3235 5.8618 12.8271 7.2581 9.0551 8.0745 7.4770 12.6314 9.0075 0.0000 7.1378 10.0060 3.8218 6.3895 6.1686 9.4239 3.4991 9.8112 9.5054 7.2061 5.8532 8.0033 6.7326 10.5306 8.9524 2.5260 8.2875 8.5188 6.4747 3.5927 13.5734 7.3566 3.8352 7.2727 10.0349 4.4738 2.3505 7.5664 2.2295 12.4998 5.5435 13.8107 0.7419 7.4446 8.6127 5.8450 6.5052 14.3331 2.3750 9.1393 7.7942
5.6228 1.4171 8.6983 3.3949 5.3465 3.6568 1.0624 8.4831 5.3084 7.2381 0.0000 6.3069 7.5399 9.8060 8.4919 5.7886 6.7838 6.1759 5.7968 2.5812 2.5286 6.8395 2.6143 6.8315 5.1934 8.6534 11.7040 8.0150 3.5671 4.1434 6.0582 1.3730 3.2954 10.6892 6.3358 6.6593 7.3539 10.9829 5.7029 8.3709 4.9854 7.3644 7.5587 9.7472 4.4700 1.8485 9.9217 8.0534 8.5024 3.6727 11.2107
7.9705 5.4795 5.5390 6.7544 0.6357 6.3870 6.0409 5.3433 0.5783 8.8179 5.7017 0.0000 11.2900 9.5572 8.5196 5.5398 10.5339 5.9272 1.2153 6.7168 7.3606 9.5698 7.3226 1.1288 1.2231 10.9583 11.4553 2.3224 7.2926 7.8935 8.5773 5.8463 6.9460 10.4404 0.6475 10.4094 10.7828 10.7342 9.4530 5.2117 8.4998 6.5226 9.8635 9.4985 2.2014 5.9706 9.6730 7.0450 10.8073 3.7373 10.9620
5.6166 8.0633 16.2107 9.4521 12.4387 10.3409 9.6784 16.0150 12.3910 3.9213 9.3392 13.3896 0.0000 9.1693 9.5522 12.8075 0.8490 13.1948 12.8890 9.4002 8.0547 9.3864 8.9340 13.9142 12.3360 1.6130 11.0674 11.9024 8.6688 5.6067 15.7665 9.5580 6.6150 10.0525 13.4185 1.6013 1.5708 10.3463 1.7251 15.8834 7.8445 15.1705 3.4085 10.0295 11.9963 8.0464 9.2851 17.7617 2.6025 11.1719 10.5741
5.6882 9.3692 12.1410 10.7654 8.3690 12.4662 11.8245 11.9453 8.3214 6.5356 11.4854 9.3199 9.2118 0.0000 2.9010 4.6762 8.8891 5.3426 8.8193 10.7135 9.3606 11.5107 10.2400 8.9171 8.2663 7.9160 1.3010 7.4742 9.9821 7.1001 14.3155 11.6300 7.3435 2.4002 9.0285 9.9349 7.7405 1.5237 7.6195 11.8137 9.0509 15.6218 6.8213 2.5215 7.9266 9.3523 0.3223 13.6470 7.7650 9.6596 2.9217
4.9007 7.7742 11.3536 9.1244 7.5816 10.2506 10.5854 11.1578 7.5339 5.7481 10.2462 8.5324 9.4717 2.7585 0.0000 5.7733 9.1491 6.4398 8.0319 9.0724 7.7656 11.4832 8.6449 9.0570 7.4788 7.8885 4.6566 6.6867 8.5581 7.0726 12.0999 9.2689 6.5560 3.6417 8.5613 9.9074 7.7130 3.9355 7.5920 11.0262 9.0234 12.3372 6.7938 3.2755 7.1392 7.7573 2.8743 12.8596 7.7375 7.6658 4.1633
8.4327 8.3755 10.9976 9.9460 7.2256 9.5786 8.9369 10.8019 7.1779 9.2801 8.5977 8.1765 11.9563 4.5796 5.6456 0.0000 11.6337 1.4360 7.6759 9.9084 10.2567 13.1579 9.6324 6.0295 7.1229 10.6605 6.4777 7.2130 10.4842 9.8447 11.4279 8.7423 9.7952 5.4628 6.1409 13.3054 10.4851 5.7566 10.3640 10.6703 11.6914 12.7341 9.5658 4.5209 6.7832 8.8666 4.6954 13.4231 10.5095 6.7720 5.9844
5.2445 5.5014 13.5777 6.8903 9.8561 7.7791 7.1166 13.3819 9.8180 3.5230 6.7774 10.8165 0.8490 8.7972 8.8007 10.2981 0.0000 10.6855 10.3064 6.8384 5.4928 6.8246 6.3722 11.3411 9.7029 2.2205 10.6953 11.1509 6.1069 3.9092 13.2047 6.9962 4.8951 9.6804 10.8454 1.2715 2.1782 9.9742 1.6103 13.2504 5.2827 12.6087 3.0364 9.6574 9.3633 5.4846 8.9130 15.1999 3.2100 8.6100 10.2020
9.1357 6.6915 9.3136 8.2620 5.5416 7.8946 7.2529 9.1179 5.4939 9.9831 6.9137 6.4925 12.5020 4.7148 5.7808 1.4360 11.7460 0.0000 5.9919 8.2244 8.5727 11.4739 7.9484 4.5356 5.4389 10.7957 6.6129 5.7191 8.8002 9.1055 9.7439 7.0583 8.1112 5.5980 4.6470 11.6214 10.6203 5.8918 10.6650 8.9863 10.0074 11.0501 9.7010 4.6561 5.0992 7.1826 4.8306 11.7391 10.6447 5.0880 6.1196
7.5380 5.0469 4.6944 6.2907 0.8417 5.9232 5.6083 4.4987 1.9636 8.3854 5.2692 1.2153 10.8575 10.3954 8.0871 6.3780 10.1014 6.7654 0.0000 6.2530 6.9281 8.8105 6.3039 2.8087 0.7659 10.5257 12.2935 3.9922 6.8288 7.4610 7.4983 5.4138 6.5135 11.2786 2.3130 9.9769 10.3503 11.5724 9.0204 4.3671 8.0360 5.6781 9.4310 8.6070 1.7688 5.5381 10.5112 6.2004 10.3747 3.4434 11.8002
6.0458 1.8255 8.0144 0.7306 5.8986 0.8855 1.5093 7.8187 5.8605 7.4444 2.5812 6.8590 7.7556 11.5633 8.9846 7.5459 6.9996 7.9332 6.4614 0.0000 1.4083 4.6013 0.6269 7.3836 5.6223 8.8597 13.4614 8.5671 1.2294 4.9612 5.9415 3.4882 3.7184 12.4465 6.8879 6.8750 7.7769 12.7403 6.1258 7.6871 2.6343 7.2478 7.7650 11.5046 4.7000 1.4419 11.6791 7.9367 8.7087 3.9027 12.9681
4.6652 1.3230 9.4125 1.1120 6.5540 2.8134 1.6636 9.2168 6.5159 6.2805 2.6971 7.5144 6.5823 9.7586 7.6040 6.9961 5.8262 7.3834 7.0043 1.4083 0.0000 4.7051 0.9601 8.0390 6.4009 7.6958 11.6566 7.6006 0.9553 3.1858 7.3396 1.9238 1.2795 10.6418 7.5433 5.7017 6.3963 10.9355 4.7452 9.0852 2.7380 7.6430 6.6010 10.9548 6.0612 0.4348 9.8743 9.3348 7.5447 5.3008 11.1633
8.1187 6.9645 8.8132 4.6765 9.1710 3.8676 7.2965 9.1741 9.1329 7.8555 6.9493 10.1314 7.7905 11.3335 11.6344 10.9671 7.0344 11.3544 9.8654 4.6246 4.8228 0.0000 4.5847 10.6560 9.0263 9.2707 13.2316 11.8395 4.1742 5.3723 6.2986 8.4593 6.3581 12.2167 10.1603 6.9099 8.0782 12.5105 6.4271 9.0425 2.8676 6.7802 8.1760 12.1937 7.9724 5.3719 11.4493 8.8732 9.1197 7.1751 12.7383
5.4784 1.8586 8.6202 0.7224 6.3812 1.3735 1.5575 8.4244 6.3431 7.0937 2.6143 7.3416 7.3955 10.8406 8.4172 6.8232 6.6394 7.2106 7.0671 0.6269 0.9601 4.4517 0.0000 7.8662 6.2281 8.5090 12.7387 9.0497 1.0605 3.9990 6.5473 3.5213 3.1510 11.7238 7.3705 6.5149 7.2095 12.0176 5.5584 8.2929 2.4846 7.3896 7.4142 10.7819 5.3058 0.9984 10.9564 8.5425 8.3579 4.5085 12.2454
8.2108 6.4896 6.5491 7.7646 1.8172 7.3971 7.0510 6.3534 1.6366 9.0582 6.7118 1.1288 12.3001 8.5476 7.5824 5.6096 11.5441 5.0779 2.6612 7.7269 8.3708 10.5799 8.3327 0.0000 2.2827 11.1986 10.4456 1.1674 8.3027 8.0769 9.5874 6.8564 7.1863 9.4308 0.6525 11.4195 11.0231 9.7245 10.4631 6.2218 9.5099 7.5327 10.1039 8.4889 3.2115 6.9807 8.6633 8.0551 11.0476 4.7475 9.9524
6.7311 4.2400 5.1128 5.5756 0.7990 5.2082 4.8014 4.9170 1.0414 7.5785 4.4623 1.2231 10.0505 9.5885 7.2802 5.5711 9.2945 5.9584 0.7659 5.5380 6.1212 8.3910 5.4970 2.7798 0.0000 9.7188 11.4866 3.9634 6.1138 6.6541 7.3985 4.6069 5.7065 10.4717 2.2842 9.1700 9.5434 10.7655 8.2135 4.7854 7.3210 6.0964 8.6241 7.8001 1.0522 4.7312 9.7043 6.6187 9.5678 2.6365 10.9933
4.2527 6.6996 14.4749 8.6740 10.7029 9.4904 8.3148 14.2791 10.6552 2.5312 7.9756 11.6537 2.1912 7.8054 7.8164 11.0716 2.1895 11.4590 11.1532 8.6220 6.6910 8.9333 7.5704 12.1783 10.6001 0.0000 9.7034 10.1666 7.8906 5.0086 14.4029 8.1944 5.2511 8.6886 11.6826 2.8432 0.5455 8.9823 3.0885 14.1475 6.9594 14.3552 2.0445 8.6655 10.2605 6.6828 7.9211 15.9808 0.5391 9.8082 9.2101
7.7385 12.9212 15.5433 14.4917 11.7713 14.1243 13.4826 15.3476 11.7236 8.5859 13.1434 12.7222 11.2621 1.3010 4.9513 6.3342 10.9394 7.0007 12.2216 14.4541 11.4109 13.5610 12.2903 10.5752 11.6686 9.9663 0.0000 8.8849 12.0324 9.1504 15.9736 13.2880 9.3938 0.7452 10.6866 11.9852 9.7908 0.7179 9.6698 15.2160 11.1012 17.2798 8.8716 1.5131 11.3289 11.4026 1.1543 17.9688 9.8153 11.3177 1.4735
7.1306 6.2536 7.7543 8.1475 3.0223 7.7800 8.1148 7.5586 2.8417 7.9780 7.7757 3.1623 11.7016 7.3695 6.5021 5.4798 10.4685 5.8671 3.8664 8.1098 7.2952 11.3594 8.1746 1.1674 3.4879 10.1184 9.2675 0.0000 8.0878 6.9966 9.6293 7.9203 6.1061 8.2527 1.8821 10.3440 9.9429 8.5465 9.8218 7.4270 9.4600 8.7379 9.0236 7.0221 4.6686 6.2887 7.4853 9.2603 9.9673 5.1952 8.7743
4.7452 2.9483 8.8409 0.7227 6.7250 2.3645 3.5939 8.6451 6.6869 6.3604 3.2547 7.6855 6.6622 9.8385 7.6839 8.3724 5.9062 8.7597 7.2878 1.2294 0.9553 4.2561 1.0605 8.2100 6.4488 7.7757 11.7366 7.6805 0.0000 3.2657 6.7680 4.4431 2.4178 10.7217 7.7144 5.7816 6.4763 11.0155 4.8252 8.5136 1.7961 7.1941 6.6810 8.9599 5.5265 1.3884 9.9543 8.7632 7.6247 4.7292 11.2433
3.8036 2.7163 10.7926 4.0665 7.0710 4.9940 4.3315 10.5969 7.0329 3.5404 3.9923 8.0314 4.7174 7.0185 7.3193 7.5131 3.9614 7.9004 7.5213 4.0146 2.7078 5.4126 3.5871 8.5560 6.9179 4.9557 8.9165 6.7143 3.8839 0.0000 10.4196 4.2111 1.2676 7.9017 8.0603 3.8368 4.0448 8.1955 2.8804 10.4653 2.9528 9.8236 3.8610 7.8786 6.5782 2.6995 7.1343 12.4148 4.8047 5.8249 8.4233
11.1618 7.4671 3.7395 5.8524 7.0089 5.4850 6.4472 3.5244 7.4931 12.0092 6.1000 6.7443 13.2776 12.7356 11.7109 8.7182 12.5216 9.1055 5.9227 5.8148 7.1591 6.1761 6.4205 8.0056 6.4228 14.1495 14.6336 9.8927 6.3906 9.8811 0.0000 7.8340 9.0332 13.6188 7.5099 12.3970 13.0917 13.9126 11.4406 3.4122 6.8515 1.4114 13.0548 12.6769 7.3515 7.9582 12.8514 3.0947 13.9985 6.6447 14.1404
7.4515 0.7351 8.5769 6.7220 4.8553 6.3545 1.6334 8.3811 4.8172 8.2989 1.3730 5.8157 9.9804 9.3147 8.0006 5.2973 9.2244 5.6847 5.3056 2.2113 1.9238 9.9339 2.1772 6.3403 4.7021 10.4393 11.2128 7.5238 6.8437 6.5839 8.2039 0.0000 1.5872 10.1979 5.8446 9.0998 10.2638 10.4917 8.1434 8.2496 8.2158 9.5101 9.3445 9.2560 4.3625 1.4973 9.4305 10.1991 10.2883 3.6092 10.7195
3.2514 1.2694 9.6128 2.8867 5.8912 3.8142 3.1517 9.4170 5.8531 4.0988 2.8125 6.8516 5.4573 7.0576 6.1902 6.3332 4.7012 6.7206 6.3415 2.8348 1.2795 5.7058 2.4073 7.3762 5.7380 5.3574 8.9556 5.8237 2.3205 1.2676 9.2398 1.5872 0.0000 7.9408 6.8805 4.5767 5.1819 8.2345 3.6203 9.2855 3.6927 8.6438 4.2626 6.6343 5.3984 1.1543 7.1733 11.2350 5.2063 4.6451 8.4623
6.5474 11.7302 14.3523 13.3007 10.5803 12.9332 12.2915 14.1565 10.5326 7.3948 11.9524 11.5311 10.0711 2.3980 3.7603 5.1432 9.7484 5.8096 11.0306 13.2631 10.2199 12.3700 11.0992 9.3841 10.4775 8.7753 0.7452 7.6938 10.8413 7.9594 14.7826 12.0970 8.2027 0.0000 9.4955 10.7942 8.5998 0.4567 8.4788 14.0249 9.9102 16.0888 7.6805 1.1115 10.1379 10.2116 2.5138 16.7778 8.6242 10.1266 0.8348
8.4849 5.9939 6.0535 7.2689 1.2754 6.9014 6.5553 5.8577 1.0882 9.3323 6.2161 0.6475 11.8044 8.9712 8.2264 6.0543 11.0484 5.5015 2.1656 7.2312 7.8751 10.0842 7.8370 0.6525 1.7871 11.4727 10.8692 1.8605 7.8070 8.4079 9.0917 6.3608 7.4604 9.8544 0.0000 10.9238 11.2972 10.1481 9.9674 5.7261 9.0142 7.0371 10.3780 8.9124 2.7158 6.4850 9.0869 7.5594 11.3217 4.2518 10.3759
6.2026 5.4134 14.1541 6.6275 9.7680 7.5446 7.0285 13.9584 9.7299 4.4811 6.6894 10.7285 1.6013 9.7553 9.7588 10.2101 1.2715 10.5974 10.2183 6.5756 5.4048 6.8547 6.5357 11.2531 9.6149 4.0986 11.6534 10.0698 5.8442 3.8212 12.0812 6.9082 4.8071 10.6385 10.7574 0.0000 4.0563 10.9323 2.5683 13.8268 5.0136 12.4094 3.9945 10.6155 9.2752 5.3965 9.8711 14.0764 5.0880 8.5220 11.1601
4.0458 6.0733 14.2605 7.4235 10.4885 8.3510 7.6885 14.0648 10.4409 2.3505 7.3493 11.4394 2.1489 7.5985 7.6020 10.8573 2.1472 11.2446 10.9388 7.3716 6.0647 8.4465 6.9441 11.9640 10.3858 0.5455 9.4966 9.9522 6.9179 4.0359 13.7766 7.5681 5.0442 8.4817 11.4683 2.8009 0.0000 8.7755 2.5748 13.9332 5.9867 13.1806 1.4801 8.4587 10.0461 6.0565 7.7143 15.7718 0.3586 9.1819 9.0033
6.8412 12.0239 14.6460 13.5944 10.8740 13.2270 12.5853 14.4503 10.8264 7.6886 12.2462 11.8249 10.3648 1.5237 4.0541 5.4369 10.0422 6.1034 11.3244 13.5568 10.5137 12.6637 11.3930 9.6779 10.7713 9.0690 0.7179 7.9876 11.1351 8.2531 15.0763 12.3908 8.4965 0.4567 9.7893 11.0880 8.8936 0.0000 8.7725 14.3187 10.2039 16.3826 7.9743 1.4059 10.4316 10.5054 1.3771 17.0715 8.9180 10.4204 1.0091
3.9510 4.4223 12.4985 5.7725 8.7769 6.6999 6.0374 12.3028 8.7388 2.2295 5.6982 9.7373 1.9329 7.5037 7.8045 9.2190 1.6103 9.6063 9.2272 5.7205 4.4137 6.6633 5.2930 10.2619 8.6238 3.1177 9.4017 10.6434 5.2062 2.8300 12.1255 5.9170 3.8159 8.3869 9.7662 2.5849 2.5748 8.6806 0.0000 12.1712 4.2035 11.5295 2.5118 8.3638 8.2841 4.4054 7.6195 14.1207 3.4555 7.5309 8.9085
11.7467 10.0436 0.5475 8.4289 5.6349 8.0614 9.0237 0.6192 6.1192 12.5941 8.6765 5.3704 15.8541 15.3120 12.2958 11.2946 15.0980 11.6820 4.5487 8.3912 9.7355 8.3686 8.9970 6.6316 5.0488 14.7345 17.2101 8.5187 8.9670 12.4576 3.3660 10.4104 10.7222 16.1952 6.1360 14.9735 14.5590 16.4890 14.0171 0.0000 9.0439 2.9828 13.6397 15.2533 5.9775 10.5347 15.4278 1.0986 14.5834 7.0187 16.7168
6.3945 4.8812 9.5663 2.7718 7.9718 2.6685 5.5651 10.1027 7.9337 6.1313 5.2259 8.9323 6.5400 9.6094 9.9102 9.1569 5.7840 9.5442 8.7453 2.7199 2.9145 2.5973 2.6800 9.4569 7.9063 7.5466 11.5075 10.6404 1.9884 3.6481 7.0517 6.3760 4.6340 10.4926 8.9612 5.6594 6.3541 10.7864 4.7030 9.9711 0.0000 7.5333 6.4519 10.4696 6.7733 3.4637 9.7252 10.3567 7.3956 5.9760 11.0142
12.3183 8.6237 2.8687 7.0090 6.1380 6.6415 7.6038 2.6535 6.6223 13.1657 7.2566 5.8735 14.4342 13.8922 12.8675 9.8748 13.6782 10.2621 5.0518 6.9713 8.3157 7.1568 7.5771 7.1348 5.5519 15.3061 15.7902 9.0218 7.5471 11.0377 1.4114 8.9905 10.1898 14.7754 6.6391 13.5536 14.2482 15.0691 12.5972 2.5414 7.8322 0.0000 14.2114 13.8334 6.4807 9.1148 14.0079 2.2238 15.1551 7.8013 15.2969
3.1538 6.1789 12.7609 7.5751 8.9889 8.3916 7.7941 12.5651 8.9412 0.7419 7.4549 9.9397 3.4394 6.3409 6.1024 9.3576 3.1167 9.7449 9.4392 7.5232 6.1703 8.3204 7.0497 10.4643 8.8861 2.1436 8.2389 8.4525 6.7918 3.9098 13.5072 7.6737 4.1523 7.2241 9.9686 4.0914 1.4801 7.5178 2.5466 12.4335 5.8606 13.7445 0.0000 7.3784 8.5464 6.1620 6.4567 14.2668 1.1851 9.0731 7.7457
5.9270 8.9801 11.6096 12.6575 7.8376 12.2901 11.6484 11.4138 7.7899 6.7744 11.3092 8.7884 9.9616 2.5849 3.1398 4.5000 9.6389 5.1665 8.2879 10.0987 8.7918 12.2605 9.6712 8.7410 7.7348 8.6658 1.5131 6.6885 10.7318 7.8499 14.1394 11.4538 7.5823 1.1115 8.8524 10.6847 8.4903 1.4059 8.3693 11.2822 9.8007 15.4456 7.5710 0.0000 7.3952 9.0152 2.7006 13.1156 8.5147 9.4835 1.3087
7.5501 4.6119 5.2634 4.3937 2.2576 4.0262 4.2050 5.0677 2.7950 8.3975 3.8578 2.7502 10.4225 9.9579 8.0992 5.9405 9.6664 6.3278 2.6976 4.3561 5.7004 7.2090 4.9618 3.6401 1.0522 10.5379 11.8559 4.8236 4.9318 7.0260 6.2165 4.9788 6.1780 10.8411 3.1444 9.5419 10.2365 11.1349 8.5854 4.9361 6.1390 6.2470 9.4431 9.8992 0.0000 5.1031 10.0737 6.7694 10.3868 1.1761 11.3627
4.3281 0.9070 9.4271 1.4776 5.7054 3.3502 1.5388 9.2313 5.6674 5.9434 1.8485 6.6659 6.2452 10.1649 7.2669 6.1475 5.4891 6.5348 6.1558 1.4419 0.4348 5.2418 0.9984 7.1905 5.5523 7.3587 12.0630 8.3740 1.3884 2.8487 7.2702 1.4973 1.1543 11.0481 6.6948 5.3646 6.0592 11.3419 4.4081 9.0997 3.2747 8.5765 6.2639 10.1062 5.2127 0.0000 10.2807 9.2654 7.2076 4.4594 11.5697
6.3345 10.0155 12.7874 11.4118 9.0154 13.1125 12.4709 12.5916 8.9677 7.1819 12.1317 9.9662 9.8581 0.3223 3.5474 5.3225 9.5355 5.9889 9.4657 11.3599 10.0070 12.1570 10.8863 9.5634 8.9126 8.5623 1.1543 8.1205 10.6284 7.7465 14.9619 12.2763 7.9898 2.2307 9.6749 10.5813 8.3869 1.3771 8.2658 12.4600 9.6972 16.2681 7.4676 2.4273 8.5730 9.9987 0.0000 14.2933 8.4113 10.3059 2.7523
11.6345 9.7966 1.2140 8.1819 5.5228 7.8145 8.7768 0.5693 6.0070 12.4819 8.4296 5.2582 15.6072 15.0651 12.1837 11.0477 14.8511 11.4351 4.4365 8.1443 9.4886 8.9423 8.7501 6.5195 4.9367 14.6223 16.9632 8.4066 8.7201 12.2107 3.1190 10.1635 10.6100 15.9483 6.0238 14.7266 14.4468 16.2421 13.7701 1.0986 9.9273 3.7397 13.5276 15.0064 5.8654 10.2878 15.1809 0.0000 14.4713 6.9066 16.4699
3.8108 5.8383 14.0255 7.1885 10.2535 8.1160 7.4534 13.8298 10.2058 2.1155 7.1143 11.2044 2.7655 7.3635 7.3670 10.6223 2.8537 11.0096 10.7038 7.1366 5.8297 8.2115 6.7091 11.7290 10.1508 0.5391 9.2616 9.7172 6.6829 3.8009 13.5415 7.3331 4.8092 8.2467 11.2333 3.4175 0.3586 8.5405 2.3398 13.6982 5.7517 12.9456 1.1851 8.2237 9.8111 5.8214 7.4793 15.5368 0.0000 8.9469 8.7683
6.6840 3.2618 6.2608 4.3129 2.5392 3.9455 3.8232 6.0650 2.5011 7.5314 3.4841 3.4996 9.0723 8.6078 7.2332 4.5904 8.3163 4.9777 2.9895 4.2753 5.1430 7.1282 4.5187 4.0242 2.3860 9.6718 10.5058 5.2077 4.8511 5.6759 6.1358 3.6287 4.8279 9.4910 3.5285 8.1918 8.8864 9.7847 7.2353 5.9334 6.0583 7.4420 8.5771 8.5491 1.1761 3.7529 8.7236 8.1310 9.5208 0.0000 10.0126
6.8801 12.0628 14.6850 13.6334 10.9130 13.2659 12.6242 14.4892 10.8653 7.7275 12.2851 11.8638 10.4037 2.7307 4.0930 5.4758 10.0811 6.1423 11.3633 13.5957 10.5526 12.7026 11.4319 9.7168 10.8102 9.1079 1.4735 8.0265 11.1740 8.2921 15.1152 12.4297 8.5354 0.8348 9.8282 11.1269 8.9325 1.0091 8.8114 14.3576 10.2428 16.4215 8.0132 1.3087 10.4705 10.5443 2.8464 17.1105 8.9569 10.4593 0.0000
0.000 18.950 54.128 23.977 38.038 27.965 25.235 53.328 36.918 9.308 25.278 39.923 23.005 32.250 17.432 40.087 20.880 39.165 39.455 24.248 19.425 34.277 22.443 40.302 37.587 16.555 29.880 37.288 21.422 14.737 45.028 21.592 14.118 29.748 41.260 24.972 15.558 30.888 15.090 52.215 22.757 46.988 11.978 30.232 35.655 18.395 30.763 55.740 15.478 31.073 31.543
17.150 0.000 40.728 14.550 24.638 15.817 9.863 39.928 23.518 23.263 9.797 26.523 30.663 40.357 31.387 46.638 27.010 41.165 26.055 10.898 10.880 29.682 11.083 29.482 24.187 30.510 36.643 26.468 14.320 15.195 37.945 8.192 10.163 36.678 27.860 26.772 28.872 37.818 22.313 38.815 21.207 39.905 25.933 32.897 22.255 7.612 38.870 42.502 29.292 17.673 38.318
52.850 44.402 0.000 41.398 26.195 38.290 42.658 6.632 28.362 59.587 41.682 26.912 68.840 66.443 62.078 48.802 64.165 41.847 21.992 41.107 45.300 40.698 43.610 30.908 24.633 68.653 63.677 37.802 41.640 53.657 21.467 43.093 48.625 63.712 28.897 63.182 67.048 64.852 60.490 6.155 43.008 17.165 63.668 59.930 27.637 46.145 64.957 12.538 67.468 31.965 65.352
21.162 14.145 39.683 0.000 31.473 9.165 14.902 38.883 30.843 27.275 16.332 33.848 34.300 47.937 35.398 54.328 29.625 50.553 31.618 6.738 10.850 20.902 7.352 37.197 30.375 34.522 44.333 35.857 6.980 19.207 29.165 16.958 14.175 44.368 35.185 28.642 32.508 45.508 25.950 37.770 12.215 31.125 29.945 40.587 24.170 11.137 46.450 39.877 32.928 22.635 46.008
35.152 27.448 25.325 32.288 0.000 29.792 29.728 24.525 7.685 41.888 29.190 7.320 52.875 48.937 43.625 34.852 49.222 27.950 9.670 31.997 32.565 43.272 32.722 11.547 9.855 50.955 45.223 18.440 34.435 37.407 33.832 25.978 32.375 45.258 9.535 48.983 49.958 46.398 44.525 23.412 39.670 28.905 45.970 41.477 12.918 29.297 47.450 27.098 49.878 17.943 46.898
25.670 16.412 36.532 9.163 28.293 0.000 17.168 35.732 27.663 31.783 18.398 30.668 38.808 51.822 39.907 56.518 34.133 49.098 28.467 9.050 15.358 20.088 11.508 34.017 27.203 39.030 48.108 36.370 11.488 23.715 28.352 19.225 18.683 48.143 32.005 33.150 37.017 49.283 30.458 34.618 15.488 30.312 34.453 44.362 20.990 15.518 50.335 38.305 37.437 19.455 49.783
23.360 9.925 39.308 15.192 27.902 16.458 0.000 38.508 26.782 29.473 8.177 29.787 36.873 43.430 37.597 49.712 33.220 44.428 29.318 11.540 12.900 30.433 11.725 32.745 27.450 36.720 39.717 29.732 15.018 21.405 38.697 10.833 16.373 39.752 31.123 32.982 35.082 40.892 28.523 37.395 21.958 40.387 32.143 35.970 21.647 11.763 41.943 41.082 35.502 20.112 41.392
53.028 44.580 6.512 41.577 26.373 38.468 42.837 0.000 28.540 59.765 41.860 27.090 69.087 67.375 62.257 49.733 64.412 42.832 22.170 41.285 45.547 40.945 43.788 31.087 24.812 68.832 63.855 37.980 41.887 53.903 21.645 43.272 48.872 63.890 29.075 63.428 67.295 65.030 60.737 6.142 43.255 17.343 63.847 60.108 27.815 46.323 65.888 8.907 67.715 32.143 65.530
31.162 23.458 28.372 30.400 7.483 27.903 25.738 27.572 0.000 37.898 25.200 6.705 48.885 44.947 39.635 33.358 45.232 26.457 12.528 28.547 28.575 42.748 28.732 10.053 10.402 46.965 41.233 16.947 32.015 33.417 36.878 21.988 28.385 41.268 8.042 44.993 45.968 42.408 40.535 26.458 37.782 31.952 41.980 37.487 13.465 25.307 43.460 30.145 45.888 15.810 42.908
6.798 23.077 57.063 28.103 41.040 32.092 29.362 56.263 39.850 0.000 29.405 42.855 20.237 35.132 20.313 42.968 18.112 42.047 42.390 28.375 23.552 34.818 26.570 42.885 40.522 14.000 32.762 39.872 25.548 17.882 49.155 25.718 18.245 32.630 44.192 22.203 12.790 33.770 12.697 55.150 25.902 51.115 7.748 33.113 38.590 22.522 33.645 58.837 12.923 35.200 34.425
23.468 9.913 38.185 16.778 27.362 18.045 8.170 37.385 26.242 29.582 0.000 29.247 36.982 42.890 37.578 49.172 33.328 43.888 28.605 13.127 14.487 32.020 13.312 32.205 26.737 36.828 39.177 29.192 16.605 21.513 37.612 10.293 16.482 39.212 30.583 33.090 35.190 40.352 28.632 36.272 23.545 39.263 32.252 35.430 20.523 11.657 41.403 39.958 35.610 18.988 40.852
33.882 26.178 27.713 33.120 7.570 30.623 28.458 26.913 6.415 40.618 27.920 0.000 51.605 47.667 42.355 32.108 47.952 25.207 13.040 31.267 31.295 44.555 31.452 8.803 11.138 49.685 43.953 15.697 34.735 36.137 36.220 24.708 31.105 43.988 6.792 47.713 48.688 45.128 43.255 25.800 40.502 31.293 44.700 40.207 14.202 28.027 46.180 29.487 48.608 18.530 45.628
20.875 30.295 65.473 35.477 49.383 39.365 36.580 64.673 48.263 20.653 36.623 51.268 0.000 49.208 34.390 57.045 8.843 56.123 50.800 35.748 30.925 37.547 33.943 54.227 48.932 12.102 46.838 51.213 32.117 25.277 56.528 32.937 27.153 46.707 52.605 11.883 11.570 47.847 12.307 63.560 29.292 58.488 18.145 47.190 47.000 29.895 47.722 67.240 14.587 42.418 48.502
28.177 39.852 62.025 48.488 46.002 51.573 46.137 61.225 44.812 35.473 46.087 47.817 49.170 0.000 22.858 30.400 47.045 29.478 47.352 46.655 43.537 60.335 44.490 45.707 45.483 42.720 16.812 42.693 46.977 40.795 69.920 39.962 39.760 17.227 47.012 51.137 41.723 15.490 41.148 60.112 48.815 65.605 38.143 20.403 43.552 40.475 6.117 63.798 41.643 44.697 20.108
12.920 30.488 56.425 35.515 40.402 39.503 36.773 55.625 39.212 20.217 36.817 42.217 33.913 22.223 0.000 30.248 31.788 29.327 41.752 35.787 30.963 45.078 33.982 40.107 39.883 27.463 19.853 37.093 32.960 25.538 56.567 33.130 25.657 19.722 42.752 35.880 26.467 20.862 25.892 54.512 33.558 58.527 22.887 20.393 37.952 29.933 20.737 58.198 26.387 39.097 21.517
32.375 42.848 48.782 51.485 36.292 54.358 48.188 49.318 35.137 39.672 47.650 33.780 53.368 28.173 27.160 0.000 51.243 13.277 39.335 49.652 46.533 64.533 47.487 30.280 39.860 46.918 25.780 37.173 49.973 44.993 58.625 42.958 42.757 25.672 30.810 55.335 45.922 26.812 45.347 48.205 53.013 53.698 42.342 22.153 41.120 43.472 26.687 51.892 45.842 42.265 27.455
18.817 27.152 62.330 32.333 46.240 36.222 33.437 61.530 45.120 18.595 33.480 48.125 8.802 47.150 32.332 54.987 0.000 54.065 47.657 32.605 27.782 33.372 30.800 51.083 45.788 13.015 44.780 48.070 28.973 22.133 53.385 29.793 24.010 44.648 49.462 8.502 12.483 45.788 10.248 60.417 26.148 55.345 16.087 45.132 43.857 26.752 45.663 64.097 15.500 39.275 46.443
33.327 42.103 41.237 50.843 28.747 48.608 44.383 41.773 27.592 40.623 43.845 26.235 54.320 29.125 28.112 11.483 52.195 0.000 31.790 47.192 47.220 63.453 47.377 22.735 32.315 47.870 26.732 29.628 50.660 45.945 51.080 40.083 43.708 26.623 23.265 56.287 46.873 27.763 46.298 40.660 53.965 46.153 43.293 23.105 35.370 43.952 27.638 44.347 46.793 36.515 28.407
36.720 28.433 23.973 30.877 10.065 28.380 29.557 23.173 13.423 43.457 28.580 12.608 53.860 51.260 45.948 37.740 50.207 30.838 0.000 30.585 33.550 40.952 33.088 16.892 8.503 52.523 47.547 23.785 33.023 38.392 32.480 26.963 33.360 47.582 14.880 49.968 51.527 48.722 45.510 22.060 38.258 27.553 47.538 43.800 11.507 30.282 49.773 25.747 51.447 16.532 49.222
23.050 10.848 37.948 7.230 29.738 8.497 11.605 37.148 29.108 29.163 13.035 32.113 36.568 46.258 37.287 52.540 31.988 47.257 29.883 0.000 10.622 23.265 5.945 35.462 28.640 36.410 42.545 32.560 9.343 21.095 31.528 13.662 16.063 42.580 33.450 31.005 34.777 43.720 28.218 36.035 14.578 33.488 31.833 38.798 22.435 9.955 44.772 39.722 35.197 20.900 44.220
18.690 10.723 44.423 11.318 30.685 15.307 12.590 43.958 29.565 24.803 14.020 32.570 32.380 45.465 32.927 51.857 28.727 47.212 32.102 10.607 0.000 24.107 8.442 35.528 30.233 32.050 41.862 32.515 8.763 16.735 32.370 13.617 11.703 41.897 33.907 28.027 30.588 43.037 24.030 42.845 15.632 34.330 27.473 38.115 27.490 6.738 43.978 43.082 30.973 23.720 43.537
31.592 29.807 40.928 21.703 41.143 19.172 30.932 41.370 40.513 35.758 32.362 43.518 38.030 59.810 44.992 67.647 33.142 61.948 40.510 23.048 24.435 0.000 22.793 46.867 39.267 39.623 57.440 49.220 20.637 29.507 28.875 32.700 27.760 57.308 44.855 32.047 36.952 58.448 30.393 39.520 15.807 30.835 36.870 54.172 33.840 25.992 58.323 39.587 37.372 32.305 59.103
21.185 11.117 40.535 8.067 30.998 11.083 11.873 39.735 29.878 27.298 13.303 32.883 34.698 46.527 35.422 52.808 30.925 47.525 32.415 6.165 8.603 22.305 0.000 35.842 30.547 34.545 42.813 32.828 7.717 19.230 30.568 13.930 14.198 42.848 34.220 29.942 32.907 43.988 26.348 38.622 13.830 32.528 29.968 39.067 25.022 7.992 45.040 41.280 33.327 23.487 44.488
32.860 29.812 31.695 37.088 11.538 34.592 32.092 30.895 10.383 39.597 31.553 9.027 53.283 43.500 38.188 28.697 50.683 21.795 17.022 34.900 34.928 48.523 35.085 0.000 15.107 48.663 39.787 10.168 38.368 35.913 40.202 27.792 31.790 39.822 6.057 50.445 47.667 40.962 44.933 29.782 44.470 35.275 43.678 36.040 18.170 31.660 42.013 33.468 47.587 22.498 41.462
34.593 26.307 25.197 28.750 8.968 26.253 27.430 24.397 10.903 41.330 26.453 11.417 51.733 49.133 43.822 38.070 48.080 31.168 8.533 28.458 31.423 39.733 30.962 14.765 0.000 50.397 45.420 21.658 30.897 36.265 33.703 24.837 31.233 45.455 12.753 47.842 49.400 46.595 43.383 23.283 36.132 28.777 45.412 41.673 9.380 28.155 47.647 26.970 49.320 14.405 47.095
14.428 30.707 65.222 35.733 49.198 39.722 36.992 64.422 48.008 14.207 37.035 51.013 13.315 42.762 27.943 50.598 12.498 49.677 50.548 36.005 31.182 38.973 34.200 51.043 48.680 0.000 40.392 48.030 33.178 23.802 56.785 33.348 25.875 40.260 52.350 15.538 5.895 41.400 15.683 63.308 30.718 58.745 10.902 40.743 46.748 30.152 41.275 66.995 7.588 42.830 42.055
25.528 36.932 57.742 45.568 41.718 48.653 43.217 56.942 40.367 32.825 43.167 43.372 46.522 17.425 20.210 26.438 44.397 25.517 43.068 43.735 40.617 57.687 41.570 40.128 41.200 40.072 0.000 37.115 44.057 38.147 65.637 37.042 36.840 7.785 42.773 48.488 39.075 7.030 38.500 55.828 46.167 61.322 35.495 11.165 39.268 37.555 14.208 59.515 38.995 40.135 11.503
30.668 27.620 38.355 36.360 18.198 36.222 29.900 37.555 17.043 37.405 29.362 15.687 51.092 41.308 35.997 35.357 48.492 28.455 23.682 32.708 32.737 51.067 32.893 10.072 21.767 46.472 37.595 0.000 36.177 33.722 46.862 25.600 29.598 37.630 12.717 48.253 45.475 38.770 42.742 36.442 43.063 41.935 41.487 33.848 22.983 29.468 39.822 40.128 45.395 24.128 39.270
18.497 13.557 41.413 8.203 33.328 12.087 14.775 40.738 32.398 24.610 16.205 35.403 32.112 45.272 32.733 51.663 27.620 50.045 33.473 8.593 8.185 21.097 8.338 38.362 32.230 31.857 41.668 35.348 0.000 16.542 29.360 16.450 11.510 41.703 36.740 26.637 30.320 42.843 23.762 39.625 11.138 31.320 27.280 37.922 26.025 9.742 43.785 40.072 30.740 24.490 43.343
12.890 15.102 50.280 20.128 34.190 24.117 21.387 49.480 33.070 17.363 21.430 36.075 24.587 41.108 26.290 48.945 22.222 48.023 35.607 20.400 15.577 29.452 18.595 36.392 33.738 23.762 38.738 33.378 17.573 0.000 41.180 17.743 10.270 38.607 37.412 21.983 21.090 39.747 16.237 48.367 17.932 43.140 20.272 35.208 31.807 14.547 39.622 51.892 21.510 27.225 40.402
43.788 37.870 20.668 30.745 33.118 28.415 36.127 19.868 35.285 49.902 35.150 33.835 57.017 70.563 58.025 56.478 52.342 49.577 28.915 32.090 33.477 28.875 31.835 37.832 31.557 57.148 66.960 44.725 29.817 41.833 0.000 38.250 36.802 66.995 35.820 51.358 55.225 68.135 48.667 18.565 31.185 11.115 52.572 63.213 33.913 35.033 69.077 17.937 55.645 33.257 68.635
19.900 7.987 38.225 17.513 22.135 18.780 10.888 37.425 21.015 26.013 10.350 24.020 33.413 37.123 31.812 43.405 29.760 38.662 23.552 13.862 13.890 32.692 14.047 26.978 21.683 33.260 33.410 23.965 17.330 17.945 40.908 0.000 12.913 33.445 25.357 29.522 31.622 34.585 25.063 36.312 24.217 41.805 28.683 29.663 19.752 10.622 35.637 39.998 32.042 15.170 35.085
12.763 10.022 45.200 15.048 29.110 19.037 16.307 44.400 27.990 18.877 16.350 30.995 27.867 38.645 27.000 44.927 24.213 44.005 30.527 15.320 10.497 27.837 13.515 32.368 28.658 26.123 34.932 29.355 12.493 10.613 36.100 12.663 0.000 34.967 32.332 23.975 24.487 36.107 19.517 43.287 19.362 38.060 21.547 31.185 26.727 9.467 37.158 46.812 24.907 22.145 36.607
26.297 37.010 57.820 45.647 41.797 48.732 43.295 57.020 40.445 33.593 43.245 43.450 47.290 17.330 20.978 26.335 45.165 25.413 43.147 43.813 40.695 58.455 41.648 40.207 41.278 40.840 7.973 37.193 44.135 38.915 65.715 37.120 36.918 0.000 42.852 49.257 39.843 5.537 39.268 55.907 46.935 61.400 36.263 10.205 39.347 37.633 14.113 59.593 39.763 40.213 7.268
35.470 28.108 29.657 35.050 9.500 32.553 30.388 28.857 8.345 42.207 29.850 6.988 53.535 46.110 40.798 29.190 49.882 22.288 14.983 33.197 33.225 46.485 33.382 5.885 13.068 51.273 42.397 12.778 36.665 38.067 38.163 26.638 33.035 42.432 0.000 49.643 50.277 43.572 45.185 27.743 42.432 33.237 46.288 38.650 16.132 29.957 44.623 31.430 50.197 20.460 44.072
23.205 27.552 62.730 30.478 46.640 34.362 33.837 61.930 45.520 22.983 33.880 48.525 13.775 51.538 36.720 59.375 10.040 58.453 48.057 30.868 28.047 30.608 30.315 51.483 46.188 17.988 49.168 48.470 27.562 22.533 51.635 30.193 24.410 49.037 49.862 0.000 17.457 50.177 14.637 60.817 24.453 53.595 20.475 49.520 44.257 27.152 50.052 62.347 20.473 39.675 50.832
13.337 28.827 64.005 33.955 47.915 37.897 35.112 63.205 46.795 13.008 35.155 49.800 12.873 41.670 26.852 49.507 12.057 48.585 49.332 34.227 29.403 36.078 32.422 50.218 47.463 5.978 39.300 47.205 30.648 20.907 55.007 31.468 24.097 39.168 51.137 15.097 0.000 40.308 13.957 62.092 27.823 56.967 10.607 39.652 45.532 28.373 40.183 65.718 6.017 40.950 40.963
27.290 38.060 58.870 46.697 42.847 49.782 44.345 58.070 41.495 34.587 44.295 44.500 48.283 15.520 21.972 27.385 46.158 26.463 44.197 44.863 41.745 59.448 42.698 41.257 42.328 41.833 7.130 38.243 45.185 39.908 66.765 38.170 37.968 5.323 43.902 50.250 40.837 0.000 40.262 56.957 47.928 62.450 37.257 11.538 40.397 38.683 12.303 60.643 40.757 41.263 9.062
12.798 22.300 57.478 27.482 41.388 31.370 28.585 56.678 40.268 12.653 28.628 43.273 12.107 41.017 26.198 48.853 9.982 47.932 42.805 27.753 22.930 29.552 25.948 46.232 40.937 15.000 38.647 43.218 24.122 17.177 48.533 24.942 19.158 38.515 44.610 14.073 13.847 39.655 0.000 55.565 21.297 50.493 13.765 38.998 39.005 21.900 39.530 59.245 14.267 34.423 40.310
50.230 41.782 6.315 38.778 23.575 35.670 40.038 7.363 25.742 56.967 39.062 24.292 66.485 64.577 59.458 46.935 61.810 40.033 19.372 38.487 42.945 38.343 40.990 28.288 22.013 66.033 61.057 35.182 39.285 51.302 18.847 40.473 46.270 61.092 26.277 60.827 64.693 62.232 58.135 0.000 40.653 14.545 61.048 57.310 25.017 43.525 63.090 11.897 64.957 29.345 62.732
21.365 20.652 43.100 13.293 38.418 14.218 21.567 43.542 37.788 25.838 22.997 40.793 29.803 49.583 34.765 57.420 25.128 56.498 38.563 13.683 15.230 15.417 13.428 44.142 37.320 30.683 47.213 42.443 10.377 19.280 31.047 23.545 18.605 47.082 42.130 24.145 28.012 48.222 21.453 41.692 0.000 33.007 27.930 45.017 31.115 16.787 48.097 41.758 28.432 29.580 48.877
48.222 42.562 15.123 35.178 27.573 32.848 40.818 14.323 29.740 54.335 39.842 28.290 61.450 68.575 62.458 50.933 56.775 44.032 23.370 36.523 37.910 33.308 36.268 32.287 26.012 61.582 65.055 39.180 34.250 46.267 12.232 42.942 41.235 65.090 30.275 55.792 59.658 66.230 53.100 13.020 35.618 0.000 57.005 61.308 29.015 39.467 67.088 12.540 60.078 33.343 66.730
9.755 26.033 58.592 31.060 42.568 35.048 32.318 57.792 41.378 7.718 32.362 44.383 18.942 37.212 22.393 45.048 16.817 44.127 43.918 31.332 26.508 36.327 29.527 44.413 42.050 11.277 34.842 41.400 28.505 19.835 52.112 28.675 21.202 34.710 45.720 20.908 10.585 35.850 14.205 56.678 27.855 54.072 0.000 34.950 40.118 25.478 35.725 60.365 10.087 38.157 36.505
25.482 33.163 53.973 41.800 37.950 44.885 39.448 53.173 36.598 32.218 39.398 39.603 46.572 20.980 20.363 24.478 44.447 23.557 39.300 39.967 36.848 55.740 37.802 36.360 37.432 40.122 11.282 33.347 40.288 37.195 61.868 33.273 33.072 9.938 39.005 48.538 39.125 11.518 38.550 52.060 46.217 57.553 35.545 0.000 35.500 33.787 19.493 55.747 39.045 36.367 10.553
32.518 23.138 25.580 23.278 14.303 20.782 21.958 24.780 14.267 39.255 20.982 16.752 48.565 47.058 41.747 43.405 44.912 36.503 13.687 22.987 28.255 34.125 25.490 20.100 12.443 48.322 43.345 26.387 25.425 33.097 32.143 21.668 28.065 43.380 18.088 44.673 46.773 44.520 40.215 23.667 30.660 29.160 43.337 39.598 0.000 24.987 45.572 27.353 47.193 10.233 45.020
16.492 7.605 42.860 11.833 27.567 14.918 11.885 42.060 26.447 22.605 11.728 29.452 30.182 43.095 30.728 49.377 26.528 44.093 28.983 10.000 6.882 25.142 7.835 32.410 27.115 29.852 39.382 29.397 9.798 14.537 33.405 10.498 9.505 39.417 30.788 26.290 28.390 40.557 21.832 40.947 16.667 35.365 25.275 35.635 25.183 0.000 41.608 44.117 28.775 20.602 41.057
26.632 38.307 60.480 46.943 44.457 50.028 44.592 59.680 43.267 33.928 44.542 46.272 47.625 6.217 21.313 28.855 45.500 27.933 45.807 45.110 41.992 58.790 42.945 44.162 43.938 41.175 14.340 41.148 45.432 39.250 68.375 38.417 38.215 14.110 45.467 49.592 40.178 12.373 39.603 58.567 47.270 64.060 36.598 18.858 42.007 38.930 0.000 62.253 40.098 43.152 16.992
51.902 43.453 9.697 40.450 25.247 37.342 41.710 6.185 27.413 58.638 40.733 25.963 67.993 66.248 61.130 48.607 63.318 41.705 21.043 40.158 44.453 39.852 42.662 29.960 23.685 67.705 62.728 36.853 40.793 52.810 18.250 42.145 47.778 62.763 27.948 62.335 66.202 63.903 59.643 9.327 42.162 14.423 62.720 58.982 26.688 45.197 64.762 0.000 66.622 31.017 64.403
13.143 28.788 63.967 33.917 47.877 37.858 35.073 63.167 46.757 12.922 35.117 49.762 15.387 41.477 26.658 49.313 14.570 48.392 49.293 34.188 29.365 36.040 32.383 50.180 47.425 7.260 39.107 47.167 30.610 20.868 54.968 31.430 24.058 38.975 51.098 17.610 5.513 40.115 13.918 62.053 27.785 56.928 9.617 39.458 45.493 28.335 39.990 65.680 0.000 40.912 40.770
26.503 16.517 30.047 21.980 14.920 19.483 18.797 29.247 13.800 33.240 18.258 16.805 41.943 41.043 35.732 41.613 38.290 35.235 16.337 21.605 21.633 34.328 21.790 20.153 14.468 41.790 37.330 21.390 24.127 26.475 32.613 15.047 21.443 37.365 18.142 38.052 40.152 38.505 33.593 28.133 29.362 33.627 37.213 33.583 9.818 18.365 39.557 31.820 40.572 0.000 39.005
27.273 38.008 58.818 46.645 42.795 49.730 44.293 58.018 41.443 34.570 44.243 44.448 48.267 20.197 21.955 27.312 46.142 26.390 44.145 44.812 41.693 59.432 42.647 41.205 42.277 41.817 11.013 38.192 45.133 39.892 66.713 38.118 37.917 6.730 43.850 50.233 40.820 8.617 40.245 56.905 47.912 62.398 37.240 10.002 40.345 38.632 16.980 60.592 40.740 41.212 0.000
0.0000 3.6333 11.7373 4.3984 7.9320 5.4702 4.8099 11.5415 7.9499 1.2868 4.9880 8.4756 4.2540 5.6232 3.1812 7.5962 4.1118 8.3945 8.4164 4.9003 3.6223 6.7601 4.5041 8.3911 7.7948 3.1446 5.8022 7.4734 4.0840 2.3862 9.8850 4.1171 2.4152 6.0756 8.9773 4.9781 2.9258 6.3694 2.7196 11.1843 4.2736 10.4330 1.9796 6.0675 7.5292 3.5156 5.6814 12.5294 2.6337 6.5442 6.5058
3.6369 0.0000 8.5842 2.6288 4.7789 2.7249 1.2862 8.3884 4.7968 4.6009 1.4485 5.3226 6.0419 7.2283 6.4953 8.8585 5.5079 6.3810 5.2634 1.8255 1.6090 6.1723 1.8586 5.7474 4.6418 6.4587 7.3682 4.8297 2.4566 2.5352 8.2664 0.9641 1.4972 7.4329 5.8242 5.3725 6.0779 7.7266 4.4269 8.0312 4.1189 8.8144 5.2937 6.4240 4.3761 1.0356 7.2865 8.9683 5.8788 3.3912 7.8400
11.9028 9.0072 0.0000 8.6601 4.9090 8.0117 8.6212 0.6966 5.9281 12.7531 8.2375 5.2732 15.2560 13.3876 12.8065 9.9884 14.4911 8.2229 4.3222 8.4564 9.8411 8.8514 9.0622 6.4751 4.6548 14.8965 13.5220 7.6651 9.1948 11.7954 4.1851 8.6897 10.7574 13.5866 5.9794 13.9135 15.2920 13.8804 13.6410 0.5782 9.5398 2.8120 13.4894 12.5777 5.6248 9.4636 13.4458 1.2773 15.0929 6.4284 13.9937
4.6170 2.4968 8.3447 0.0000 6.1167 0.9942 2.3530 8.1490 6.2045 5.5809 2.6104 6.7303 6.9776 9.4296 7.4753 11.2129 6.2127 8.5852 6.2922 0.7662 1.5609 4.0772 0.8042 7.7276 5.8849 7.4388 9.7227 7.0338 0.9147 3.5152 6.1713 2.9919 2.4772 9.7873 7.2319 5.6352 7.0137 10.0811 5.3626 7.7917 2.0238 6.7193 6.2737 8.7784 4.4434 1.6347 9.4878 8.8157 6.8145 4.1794 10.1944
8.2678 5.7671 4.6645 6.4967 0.0000 5.8389 6.3285 4.4688 0.9617 9.1182 6.0680 0.6511 11.3556 9.5018 8.9262 6.8465 10.8215 5.2831 0.9273 6.2931 6.8092 8.9960 7.0240 1.8413 1.0317 11.2616 9.6417 3.0313 7.0453 7.8488 6.7094 5.1623 6.8108 9.7063 1.3457 10.6862 11.0427 10.0001 9.7406 4.1115 8.1545 5.6481 9.8544 8.6975 2.0010 6.2357 9.5600 5.0487 10.7506 3.0782 10.1135
5.4910 2.5167 7.6143 0.9942 5.3863 0.0000 2.3729 7.4185 5.4741 6.4549 3.2403 5.9998 7.8516 9.3631 8.3493 8.3870 7.0867 7.7102 5.5617 1.0364 2.4349 3.7304 1.3919 6.9972 5.0355 8.3128 9.5030 6.9912 1.7887 4.3892 5.8244 3.0118 3.3512 9.5676 6.5015 6.5092 7.8877 9.8614 6.2366 7.0613 2.6358 6.3724 7.1477 8.5587 3.7130 2.3160 9.4213 7.9984 7.6885 3.4489 9.9747
4.8135 1.2862 8.3065 2.4653 5.6322 2.5614 0.0000 8.1107 5.6501 5.7775 1.0650 6.1759 7.2185 7.9923 7.6719 9.6225 6.6845 7.2343 6.1167 1.6619 1.7273 6.0215 1.6951 6.6007 5.4951 7.6354 8.1322 5.6829 2.3207 3.7118 8.1156 1.6410 2.6738 8.1968 6.6775 6.5492 7.2546 8.4906 5.6035 7.7535 3.9682 7.1891 6.4703 7.1880 4.2329 1.7267 8.0505 8.6907 7.0554 3.9688 8.6040
11.9884 9.0928 0.6865 8.7457 4.9946 8.0973 8.7068 0.0000 6.0137 12.8387 8.3231 5.3588 15.3008 13.8895 12.8921 10.4903 14.5359 8.9269 4.4078 8.5420 9.8859 8.8962 9.1478 6.5607 4.7404 14.9822 13.6076 7.7507 9.2396 11.8402 4.2707 8.7753 10.8022 13.6722 6.0650 13.9583 15.3368 13.9660 13.6858 0.6230 9.5846 2.8976 13.5750 12.6633 5.7104 9.5492 13.9477 0.5807 15.1376 6.5140 14.0793
7.3753 4.8746 5.5004 6.2213 0.9303 5.5635 5.4359 5.3046 0.0000 8.2256 5.1755 0.5950 10.4631 8.6093 8.0337 6.5975 9.9290 5.0341 1.7377 6.0983 5.9167 9.0353 6.1315 1.5923 1.1998 10.3691 8.7492 2.7823 6.7642 6.9563 7.5453 4.2698 5.9183 8.8138 1.0966 9.7937 10.1502 9.1076 8.8480 4.9474 7.8790 6.4840 8.9619 7.8049 2.1691 5.3432 8.6675 5.8846 9.8581 2.6879 9.2210
1.3133 4.5905 12.4415 5.3555 8.6136 6.4274 5.7671 12.2458 8.5759 0.0000 5.9452 9.1017 3.5780 6.3575 3.9154 8.3304 3.4359 9.1288 9.1207 5.8574 4.5794 7.3069 5.4612 9.0276 8.4991 2.4687 6.5364 8.1099 5.0411 3.0546 10.8422 5.0743 3.3723 6.8098 9.6034 4.3022 2.2499 7.1036 2.2324 11.8885 4.9420 11.3902 0.7672 6.8017 8.2335 4.4727 6.4157 12.8257 1.9577 7.5014 7.2401
4.9916 1.4485 7.9202 2.7201 5.3692 2.8162 1.0624 7.7245 5.3871 5.9556 0.0000 5.9129 7.3966 7.7294 7.1537 9.3595 6.8626 6.9713 5.7908 1.9167 1.9821 6.2763 1.9499 6.3377 5.1692 7.8135 7.8692 5.4200 2.5755 3.8899 5.5298 1.3781 2.8519 7.9339 6.4146 6.7273 7.4327 8.2276 5.7816 7.3673 4.2230 6.8029 6.6484 6.9250 3.8466 1.9048 7.7875 8.3044 7.2335 3.5826 8.3410
7.9011 5.4003 5.0423 6.7471 0.8126 6.0892 5.9617 4.8465 0.5950 8.7514 5.7013 0.0000 10.9888 9.1351 8.5595 6.1471 10.4548 4.5838 1.8054 6.6241 6.4425 9.2057 6.6572 1.1419 1.2415 10.8948 9.2750 2.3319 7.2900 7.4821 7.0872 4.7956 6.4441 9.3396 0.6463 10.3195 10.6760 9.6334 9.3738 4.4893 8.4048 6.0259 9.4877 8.3307 2.2107 5.8690 9.1932 5.4265 10.3839 3.2136 9.7467
4.3250 5.8815 13.9855 6.6466 10.1802 7.7076 7.0581 13.7897 10.1981 3.6671 7.2362 10.7238 0.0000 9.3692 6.9272 11.3422 0.8523 12.1405 10.6646 7.1485 5.8705 7.4575 6.7523 11.1486 10.0430 1.6842 9.5481 10.2309 5.9634 4.3608 12.1332 6.3653 4.9855 9.8215 11.2255 1.4952 1.6360 10.1153 1.7320 13.4325 5.5064 12.6812 3.1132 9.8134 9.7774 5.7638 9.4274 14.7776 1.9946 8.7924 10.2518
5.3840 7.0793 12.4769 8.8619 8.6490 9.7191 8.2560 12.2812 8.6113 6.4000 7.4527 9.1371 9.3672 0.0000 3.0641 4.4011 9.2250 5.1994 9.1561 8.8197 7.9149 11.8733 8.2921 8.7590 8.5345 8.2579 2.0666 7.8413 8.7624 7.4994 12.6508 6.1782 7.1813 2.2098 9.2390 10.0913 8.0390 1.7979 7.8328 11.9240 9.3868 13.4606 7.0928 2.7544 8.2689 7.3414 0.3223 12.8611 7.7469 8.2624 2.9015
2.8207 6.2645 11.9497 7.0296 8.1217 8.1014 7.4412 11.7540 8.0841 3.8367 7.6193 8.6099 6.8039 3.0558 0.0000 5.0288 6.6617 5.8271 8.6289 7.5315 6.2535 9.3100 7.1353 8.2317 8.0073 5.6946 3.2348 7.3140 6.7152 4.9361 12.5162 6.7483 5.0464 3.5082 8.8758 7.5280 5.4757 3.8019 5.2695 11.3967 6.8235 13.0642 4.5295 3.5001 7.7416 6.1468 3.1140 12.3339 5.1836 7.7352 3.9384
7.2513 8.6482 10.1272 10.4307 7.3784 8.1311 6.7517 10.4471 7.1608 8.2674 6.4913 6.7007 11.2345 4.4692 5.1768 0.0000 11.0924 2.1962 7.9257 10.3885 9.4837 13.7407 9.8609 6.1243 7.8073 10.1252 4.9220 7.3143 10.3312 9.3668 12.6877 7.7470 8.7501 4.9216 6.2357 11.9587 9.9064 5.2153 9.7001 10.0899 11.2542 11.6265 8.9602 3.9946 5.2620 8.9102 4.5274 11.0270 9.6142 5.2555 5.3938
4.2256 5.5431 13.6471 6.3082 9.8418 7.3692 6.7198 13.4513 9.8597 3.5677 6.8979 10.3854 0.8552 9.2698 6.8277 11.2427 0.0000 12.0411 10.3262 6.8101 5.5321 6.5755 6.4139 10.8102 9.7047 2.2265 9.4487 9.8925 5.6250 4.0224 11.7948 6.0269 4.6471 9.7221 10.8871 1.1160 2.1782 10.0159 1.6326 13.0941 5.1680 12.3428 3.0138 9.7140 9.4390 5.4254 9.3280 14.4392 2.5369 8.4540 10.1524
7.9431 6.2934 8.2947 8.3205 5.5460 7.7504 6.8548 8.6146 5.3283 8.9592 6.5943 4.8683 11.9263 5.1610 5.8686 1.7618 11.7842 0.0000 6.0932 7.5171 7.3355 11.2223 7.5503 4.2919 5.9749 10.8170 5.6138 5.4818 8.1830 10.0586 10.8553 5.7571 9.4419 5.6134 4.4033 12.6505 10.5982 5.9071 10.3919 8.2574 11.9460 9.7940 9.6520 4.6864 4.8813 6.7620 5.2192 9.1945 10.3060 4.8748 6.0856
8.0287 5.4203 4.6140 6.2464 1.0348 5.5885 6.0680 4.4183 1.9372 8.8790 5.6843 1.2357 11.0088 9.5079 8.9323 7.2711 10.4747 5.7077 0.0000 6.0427 6.4624 8.7365 6.6485 2.3687 0.7806 11.0224 9.6478 3.5587 6.7949 7.5020 6.6589 4.8155 6.4640 9.7124 1.8730 10.3394 10.8035 10.0062 9.3938 4.0610 7.9041 5.5976 9.6152 8.7036 1.7506 5.8889 9.5661 4.9982 10.5114 2.8278 10.1196
5.1068 1.8058 8.0144 0.8785 5.7864 0.9746 1.6619 7.8187 5.8742 6.0707 1.9193 6.4000 7.4598 8.6521 7.9651 10.2823 6.5960 7.8941 5.9619 0.0000 1.5730 4.4605 0.6809 7.3973 5.5547 7.9286 8.7920 6.3428 1.2980 4.0050 6.5546 2.3008 2.9670 8.8566 6.9017 6.0185 7.4958 9.1504 5.8448 7.4615 2.4071 7.1026 6.7635 7.8478 4.1131 1.6050 8.7103 8.3986 7.2966 3.8491 9.2638
3.5822 1.6090 9.6501 1.2984 6.1104 2.3702 1.6659 9.2143 6.1283 4.5461 1.9232 6.6541 5.9872 8.3948 6.4405 10.1781 5.4531 7.7125 6.5949 1.5614 0.0000 4.6909 1.0338 7.0788 5.9733 6.4040 8.6879 6.1611 0.9839 2.4804 6.7850 2.1192 1.4424 8.7525 7.1557 5.0315 6.0232 9.0463 4.3721 8.8571 2.6375 7.3330 5.2389 7.7436 5.0911 0.6756 8.4530 9.4294 5.8930 4.7227 9.1596
6.8153 6.1391 8.7680 3.6790 8.7260 3.6985 6.0008 8.8648 8.8138 7.6144 6.2582 9.3396 7.7100 11.8595 9.4175 13.8325 6.6881 11.0499 8.5432 4.4675 4.6632 0.0000 4.4193 10.3369 8.1360 8.3955 12.0385 10.3310 3.9365 5.5389 5.9029 6.6492 5.5795 12.3119 9.8412 6.3828 7.9567 12.6056 6.3057 8.3336 2.5816 6.4509 7.8295 11.8808 7.0527 5.2148 11.9177 8.5473 7.7576 6.7887 12.7421
4.5586 1.8389 8.6202 0.8043 6.3252 1.5803 1.6951 8.4244 6.3431 5.5225 1.9525 6.8688 6.9635 8.6853 7.4169 10.3154 6.2402 7.9273 6.8096 0.6809 1.0459 4.4400 0.0000 7.2936 6.1881 7.3804 8.8252 6.3759 1.0664 3.4568 6.5341 2.3340 2.4188 8.8898 7.3705 5.6627 6.9996 9.1836 5.3485 8.0672 2.3866 7.0821 6.2153 7.8809 4.7189 1.0650 8.7435 9.1785 6.8004 4.4548 9.2969
7.7124 5.6174 6.2566 7.7542 1.8197 7.0963 6.1788 6.0609 1.6020 8.5627 5.9184 1.1419 10.9074 8.4434 7.8678 5.5707 11.0504 4.0073 3.0198 6.8412 6.6596 10.2128 6.8744 0.0000 2.2485 10.7062 8.5833 1.2229 7.5071 7.4595 8.3015 5.0812 6.6879 8.6479 0.6770 10.9151 10.4873 8.9417 9.2923 5.7036 9.4119 7.2402 9.2990 7.6390 3.2178 6.0861 8.5016 6.6408 10.1952 4.2207 9.0551
7.4498 4.8415 4.7075 5.6675 0.7901 5.0097 5.4892 4.5118 1.3592 8.3002 5.1055 1.2415 10.4300 8.9291 8.3535 7.2440 9.8959 5.6806 0.7806 5.4639 5.8836 8.1668 6.0697 2.2388 0.0000 10.4436 9.0690 3.4288 6.2161 6.9232 6.7524 4.2367 5.8852 9.1336 1.7431 9.7606 10.2247 9.4274 8.8150 4.1546 7.3253 5.6912 9.0364 8.1248 1.1718 5.3101 8.9873 5.0917 9.9326 2.2490 9.5408
3.1980 6.4752 14.4237 7.2402 10.5957 8.3121 7.6518 14.2280 10.5581 2.5400 7.8299 11.0839 1.9270 8.2422 5.8001 10.2151 2.1407 11.0135 11.1029 7.7421 6.4641 8.2815 7.3459 11.0098 10.4813 0.0000 8.4211 10.0921 6.9258 4.5439 12.7269 6.9590 5.2570 8.6945 11.5856 2.7836 0.6323 8.9883 2.8389 13.8707 6.3304 13.2749 1.7072 8.6864 10.2157 6.3574 8.3003 14.8079 0.5482 9.3861 9.1248
5.5493 7.3744 12.5574 9.1569 8.7294 10.0141 8.5510 12.3616 8.5950 6.5654 7.7477 9.1207 9.5325 1.5208 3.2295 4.4693 9.3904 5.2676 9.2365 9.1147 8.2099 12.0387 8.5871 8.5852 8.6150 8.4232 0.0000 7.6675 9.0574 7.6648 12.7312 6.4732 7.4763 0.7643 9.2292 10.2567 8.2044 0.7179 7.9981 12.0044 9.5522 13.5410 7.2582 1.6346 8.3493 7.6364 1.1985 12.9415 7.9122 7.9515 1.8533
6.8169 4.7219 7.4682 6.7490 3.0313 6.9570 5.2833 7.2725 2.8137 7.6672 5.0229 2.3536 10.0119 7.5479 6.9723 6.7823 10.1549 5.2190 4.2314 5.9457 5.7641 10.4288 5.9789 1.2445 3.4602 9.8106 7.6878 0.0000 6.6116 6.5640 9.5131 4.1857 5.7924 7.7524 1.8886 10.0196 9.5918 8.0462 8.3968 6.9153 8.2739 8.4518 8.4035 6.7435 4.0878 5.1906 7.6061 7.8524 9.2997 4.0813 8.1595
4.0352 2.4550 9.0809 0.9161 6.6129 1.8010 2.3552 8.6451 6.9742 4.9992 2.6125 7.5000 5.9284 8.8479 6.8936 10.6312 5.3525 8.5584 6.7883 1.2624 0.9792 4.1218 1.2141 7.9248 6.3811 6.8570 9.1409 7.0071 0.0000 2.9335 6.2158 2.9652 1.8955 9.2056 8.0017 4.7750 5.9645 9.4993 4.3134 8.2879 1.6643 6.7638 5.6920 8.1967 4.9396 1.5308 8.9060 8.8602 5.7653 4.6755 9.6127
2.4658 2.5507 10.6547 3.3158 6.8494 4.3876 3.7274 10.4589 6.8673 2.8684 3.9055 7.3930 3.8552 7.5100 5.0680 9.4830 4.0148 10.2813 7.3338 3.8177 2.5397 5.4927 3.4215 7.4897 6.7123 4.3505 7.6890 6.5720 3.0014 0.0000 8.8024 3.0345 1.3326 7.9624 7.8947 3.8794 3.9117 8.2561 2.2402 10.1017 3.0062 9.3504 3.5612 7.2770 6.4466 2.4330 7.5682 11.4468 3.7126 5.4616 8.3926
9.9408 5.7213 3.9897 5.9005 6.5868 5.9199 5.3352 3.7939 7.6059 10.9047 4.9515 6.9510 12.2997 14.7534 12.7991 12.0824 11.5347 10.5191 6.0000 6.6890 6.8847 5.8951 6.6408 8.1529 6.3325 12.7626 15.0465 9.3428 6.2385 8.8390 0.0000 5.6509 7.8010 15.1111 7.6572 10.9572 12.3357 15.4049 10.6846 3.4367 6.5834 1.7655 11.5976 14.1023 4.9665 7.4363 14.8116 3.4707 12.1365 4.6428 15.5183
4.1603 0.9768 7.9406 3.1042 4.1353 3.2003 1.6385 7.7448 4.1532 5.1243 1.3781 4.6789 6.5653 6.4230 5.8474 8.0531 6.0313 5.7374 4.6197 2.3008 2.1192 6.6825 2.3340 5.1037 3.9982 6.9822 6.5629 4.1860 2.9667 3.0586 6.2291 0.0000 2.0206 6.6275 5.1806 5.8960 6.6014 6.9213 4.9503 7.3876 4.6291 8.9242 5.8171 5.6186 3.7325 1.5458 6.4812 8.3247 6.4022 2.7475 7.0346
2.5415 1.5365 9.6405 2.3016 5.8352 3.3734 2.7132 9.4447 5.8531 3.5055 2.8913 6.3788 5.2353 7.3098 5.3999 8.9399 4.7012 9.7382 6.3196 2.8035 1.5255 5.6942 2.4073 6.7181 5.6981 5.3633 7.4496 5.8004 1.9872 1.4397 7.7882 2.0203 0.0000 7.5143 6.8805 4.5659 4.9441 7.8080 3.6203 9.0875 3.6408 8.3362 4.1983 6.5054 5.4324 1.4188 7.3679 10.4326 4.7449 4.4474 7.9214
5.9073 7.4390 12.6220 9.2215 8.7940 10.0788 8.6156 12.4262 8.6596 6.9234 7.8123 9.1854 9.8905 2.1615 3.5875 4.5322 9.7484 5.3306 9.3012 9.1794 8.2745 12.3967 8.6517 8.6498 8.6796 8.7812 0.7643 7.7321 9.1220 8.0228 12.7959 6.5378 7.5409 0.0000 9.2939 10.6147 8.5624 0.4743 8.3561 12.0690 9.9102 13.6056 7.6162 1.4513 8.4139 7.7011 1.8392 13.0062 8.2702 8.0162 0.9088
8.3565 5.9117 5.7609 7.2585 1.3240 6.6006 6.4731 5.5652 1.1064 9.2068 6.2127 0.6463 11.5002 9.0874 8.5118 5.6821 10.9662 4.1188 2.5241 7.1355 6.9539 9.7171 7.1686 0.6770 1.7529 11.3502 9.2273 1.8669 7.8014 7.9935 7.8058 5.3070 6.9555 9.2920 0.0000 10.8309 11.1313 9.5857 9.8852 5.2079 8.9162 6.7445 9.9430 8.2831 2.7221 6.3804 9.1456 6.1451 10.8392 3.7250 9.6991
5.1350 5.4774 13.5813 6.0798 9.7760 6.9647 6.6540 13.3855 9.7939 4.4770 6.8321 10.3197 1.5021 10.1792 7.7371 12.1521 1.4064 12.9505 10.2605 6.4261 5.1969 6.1352 5.8968 10.7445 9.6389 2.8734 10.3581 9.8268 5.6946 3.9566 11.3795 5.9612 4.5813 10.6315 10.8213 0.0000 2.8251 10.9253 2.5420 13.0283 4.7635 11.9275 3.9232 10.6234 9.3732 5.3596 10.2373 14.0239 3.1838 8.3883 11.0618
2.9852 6.0733 14.1773 6.8200 10.3720 7.8994 7.2500 13.9815 10.3899 2.3534 7.4281 10.9156 1.9336 8.0294 5.5873 10.0023 2.1472 10.8007 10.8564 7.3219 6.0439 7.6493 6.9257 10.9939 10.2348 0.6323 8.2083 10.0762 6.1552 3.9116 12.3066 6.5571 4.8368 8.4817 11.4173 2.7901 0.0000 8.7755 2.5748 13.6243 5.6982 12.8547 1.7734 8.4736 9.9692 5.9372 8.0876 14.9510 0.3586 8.9842 8.9120
5.9323 7.7328 12.9158 9.5153 9.0878 10.3725 8.9094 12.7200 8.9534 6.9484 8.1061 9.4791 9.9155 1.7979 3.6125 4.8260 9.7734 5.6243 9.5949 9.4731 8.5683 12.4217 8.9455 8.9436 8.9733 8.8062 0.7179 8.0259 9.4158 8.0478 13.0896 6.8316 7.8347 0.5226 9.5876 10.6397 8.5874 0.0000 8.3812 12.3628 9.9352 13.8994 7.6412 1.5738 8.7077 7.9948 1.4756 13.2999 8.2953 8.3099 1.3788
2.7903 4.4223 12.5262 5.1873 8.7209 6.2484 5.5989 12.3304 8.7388 2.2324 5.7770 9.2646 1.7330 7.8345 5.3925 9.8075 1.5909 10.6058 9.2054 5.6892 4.4112 5.9982 5.2930 9.6894 8.5838 2.7710 8.0135 8.7717 4.5041 2.2579 10.6739 4.9061 3.5262 8.2869 9.7662 2.4572 2.5748 8.5807 0.0000 11.9732 4.0471 11.2220 2.4475 8.2788 8.3181 4.3045 7.8927 13.3183 2.3756 7.3332 8.7171
11.2840 8.3884 0.6434 8.0412 4.2901 7.3928 8.0024 0.8577 5.3092 12.1343 7.6187 4.6544 14.6372 13.1850 12.1876 9.7858 13.8722 8.2224 3.7034 7.8376 9.2222 8.2326 8.4433 5.8562 4.0359 14.2777 12.9031 7.0462 8.5760 11.1765 3.5663 8.0708 10.1385 12.9678 5.3605 13.2947 14.6732 13.2615 13.0221 0.0000 8.9210 2.1932 12.8705 11.9589 5.0059 8.8447 13.2432 1.8976 13.7667 5.8095 13.3749
4.5426 4.0582 9.4355 2.0404 7.7372 2.5964 3.9200 9.5323 7.8250 4.9452 4.1774 8.3508 5.8284 9.5868 7.1448 11.5598 5.0635 12.3581 7.9127 2.3867 2.5725 2.6240 2.3385 9.3481 7.5054 6.3032 9.7658 8.6104 1.6553 3.2662 6.5704 4.5684 3.4987 10.0391 8.8525 4.4859 5.8644 10.3329 4.2134 9.0011 0.0000 7.1184 5.7372 9.8000 6.0639 3.1241 9.6450 9.2148 5.6653 5.7999 10.4694
11.1835 6.9640 2.7371 7.1433 5.3342 7.1627 6.5780 2.5413 6.3532 12.1475 6.1943 5.6984 13.5424 14.2290 14.0419 10.8298 12.7775 9.2665 4.7474 7.9318 8.1275 7.1378 7.8835 6.9002 5.0799 14.0053 13.9471 8.0902 7.4812 10.0818 2.0474 6.8936 9.0438 14.0118 6.4046 12.1999 13.5784 14.3055 11.9274 2.1841 7.8262 0.0000 12.8403 13.0029 6.0499 8.6791 14.2872 2.2238 13.3793 6.8535 14.4189
2.0940 5.3712 12.7602 6.1363 8.9322 7.2081 6.5479 12.5644 8.8946 0.7605 6.7260 9.4203 3.2597 6.7710 4.3290 8.7440 3.1175 9.5423 9.4393 6.6382 5.3602 7.6219 6.2420 9.3462 8.8178 1.7422 6.9500 8.4285 5.8219 3.5777 11.6229 5.8550 4.1531 7.2234 9.9220 3.9838 1.5853 7.5171 2.5474 12.2072 5.4651 12.1709 0.0000 7.2716 8.5521 5.2535 6.8292 13.1443 1.2026 8.2821 7.6536
5.9430 6.4301 11.6131 8.2127 7.7851 9.0699 7.6067 11.4174 7.6507 6.7933 6.8035 8.1765 9.7960 2.7893 3.7382 3.9040 9.6538 4.7023 8.2923 8.1705 7.2657 11.8002 7.6429 7.6409 7.6707 8.6867 1.6346 6.7232 8.1132 7.3037 11.7870 5.5289 6.5320 1.4265 8.2850 10.5201 8.4678 1.5620 8.2616 11.0601 9.8156 12.5967 7.5216 0.0000 7.4051 6.6922 2.8475 11.9973 8.1757 7.0073 1.5162
7.2535 4.6181 4.7089 4.3894 2.2648 3.7316 4.2111 4.5132 2.3664 8.1038 3.8274 2.7161 10.2066 8.7327 8.1571 8.7187 9.6725 7.1553 2.0171 4.1857 5.6602 7.0287 4.7915 3.7135 1.6099 10.2472 8.8726 4.5560 4.9380 6.6998 4.7608 4.0133 5.6618 8.9373 3.2178 9.5372 10.2426 9.2310 8.5916 4.1559 6.0471 5.6925 8.8400 7.9284 0.0000 5.0867 8.7909 5.0931 10.0434 1.4226 9.3444
3.5242 1.0356 9.1463 1.6226 5.5369 2.4739 1.7267 8.9506 5.5548 4.4882 1.9048 6.0806 5.9292 7.8970 6.3826 9.5272 5.3951 7.1390 6.0214 1.5745 0.6756 5.1059 1.0528 6.5054 5.3998 6.3460 8.0369 5.5877 1.3989 2.4224 7.1999 1.5458 1.3845 8.1016 6.5823 5.2598 5.9652 8.3953 4.3142 8.5933 3.0525 7.7480 5.1810 7.0927 5.1341 0.0000 7.9552 9.8443 5.8350 4.1492 8.5087
5.4421 7.1375 12.5351 8.9201 8.7071 9.7773 8.3141 12.3394 8.6695 6.4582 7.5109 9.1953 9.4253 0.3223 3.1223 4.4593 9.2832 5.2576 9.2143 8.8779 7.9731 11.9315 8.3503 8.8171 8.5927 8.3160 1.1985 7.8994 8.8206 7.5576 12.7090 6.2363 7.2394 1.8875 9.2972 10.1495 8.0972 1.4756 7.8910 11.9821 9.4450 13.5187 7.1510 2.8125 8.3270 7.3996 0.0000 12.9193 7.8051 8.3206 2.5792
11.6899 8.7943 1.2672 8.4472 4.6961 7.7988 8.4083 0.5807 5.7152 12.5402 8.0246 5.0603 14.9168 13.5910 12.5936 10.1918 14.1519 8.6284 4.1093 8.2435 9.5019 8.5122 8.8493 6.2622 4.4419 14.6837 13.3091 7.4522 8.8557 11.4562 3.4951 8.4768 10.4182 13.3737 5.7665 13.5744 14.9529 13.6675 13.3018 1.2037 9.2006 2.2312 13.2765 12.3649 5.4119 9.2507 13.6492 0.0000 14.7537 6.2155 13.7809
2.6833 5.8742 13.9781 6.6209 10.1728 7.7002 7.0508 13.7823 10.1907 2.0254 7.2289 10.7165 2.4229 7.7275 5.2855 9.7005 2.6365 10.4988 10.6573 7.1227 5.8447 7.4501 6.7265 10.7947 10.0357 0.5482 7.9065 9.8770 5.9560 3.7124 12.1075 6.3580 4.6376 8.1799 11.2181 3.2794 0.4893 8.4736 2.3756 13.4251 5.4990 12.6555 1.1925 8.1717 9.7700 5.7380 7.7857 14.7519 0.0000 8.7851 8.6101
6.0509 3.2618 5.7794 4.2419 2.4832 3.5841 3.8232 5.5836 2.5011 6.9012 3.5628 3.0268 8.8504 7.5302 6.9545 5.2893 8.3163 4.7372 2.9676 4.4856 4.3040 7.0559 4.5187 4.0242 2.3460 9.2672 7.6700 3.4494 4.7905 5.3436 5.0969 2.6571 4.3056 7.7347 3.5285 8.1810 8.8864 8.0284 7.2353 5.2264 5.8996 6.7630 8.1021 6.7258 1.4208 3.7305 7.5883 6.1636 8.6872 0.0000 8.1418
6.2400 7.7700 12.9530 9.5525 9.1250 10.4098 8.9466 12.7572 8.9906 7.2560 8.1433 9.5164 10.2232 2.9321 3.9201 4.8649 10.0811 5.6632 9.6322 9.5103 8.6055 12.7294 8.9827 8.9808 9.0106 9.1139 1.7757 8.0631 9.4530 8.3554 13.1269 6.8688 7.8719 0.8308 9.6248 10.9473 8.8950 1.3010 8.6888 12.4000 10.2428 13.9366 7.9489 1.4433 8.7449 8.0320 2.6098 13.3371 8.6029 8.3471 0.0000
0.000 46.327 133.055 56.182 92.277 67.167 60.455 134.087 90.377 18.883 62.375 96.672 51.560 58.837 39.040 84.620 50.955 95.323 94.683 61.628 45.707 81.710 56.360 95.158 85.505 39.580 69.757 84.850 52.618 26.412 110.532 50.130 31.937 72.248 98.747 60.030 37.812 74.867 34.200 127.432 54.472 116.275 25.873 67.478 87.173 44.940 60.827 135.837 35.058 76.468 77.935
43.327 0.000 97.307 29.467 60.373 31.170 18.382 97.480 59.407 57.838 19.997 65.425 72.880 80.928 73.713 69.625 68.385 71.755 62.182 23.078 18.838 69.115 22.560 65.543 53.003 75.947 85.188 55.235 29.748 32.572 68.153 11.805 18.205 86.772 69.132 67.252 72.483 90.298 53.533 91.743 47.687 73.897 64.828 75.462 50.032 13.860 82.047 97.038 70.032 37.148 90.583
130.055 97.307 0.000 92.740 55.122 84.282 93.025 10.713 63.398 143.132 88.333 58.390 165.365 144.778 137.753 105.530 160.618 101.122 50.517 88.303 101.922 108.457 93.140 71.840 54.675 166.107 147.980 83.343 98.757 125.930 47.187 94.193 111.563 148.563 66.078 155.493 162.743 152.092 146.575 9.548 110.598 35.175 151.825 137.253 55.490 101.787 145.897 17.527 160.098 67.607 152.375
53.182 29.467 92.740 0.000 76.102 14.898 29.128 92.913 76.418 67.693 32.177 81.258 78.480 101.867 84.225 91.438 73.733 93.568 75.853 11.748 16.310 45.048 11.650 87.357 68.342 84.945 106.127 77.048 11.657 42.197 61.803 36.098 29.133 108.618 87.382 67.952 81.482 111.237 59.690 87.177 24.147 67.547 74.683 99.393 55.752 20.680 102.985 90.688 79.030 51.285 114.232
89.277 60.373 55.122 76.102 0.000 67.900 65.283 56.637 13.307 102.353 62.060 10.612 126.288 102.457 95.432 63.135 122.028 65.077 13.077 71.655 71.022 105.860 74.000 24.062 12.598 125.328 105.585 35.565 81.740 85.938 68.018 54.125 71.572 106.168 18.300 120.895 121.965 109.697 106.900 49.982 94.217 57.133 111.047 94.858 24.005 66.315 103.575 58.387 119.320 32.675 109.980
64.167 31.170 84.282 14.898 67.900 0.000 26.877 84.455 68.217 78.678 29.925 73.057 89.507 105.615 95.210 89.925 84.760 92.055 67.652 13.603 26.492 45.308 19.442 84.942 60.140 95.972 109.875 75.535 22.683 53.182 53.297 36.800 40.118 111.458 79.180 78.978 92.508 114.985 70.717 78.718 30.382 59.040 85.668 100.148 47.550 29.195 106.733 82.182 90.057 43.083 115.270
57.455 18.382 93.025 29.128 65.283 26.877 0.000 93.198 64.317 71.967 15.715 70.335 87.008 91.405 84.380 75.715 82.513 77.845 67.092 21.060 22.985 67.097 21.640 71.633 57.913 90.075 95.665 61.325 30.770 46.700 63.872 22.590 32.333 97.248 75.222 79.933 86.612 100.775 67.662 87.462 47.348 69.615 78.957 85.938 49.358 21.428 92.523 92.757 84.160 40.490 101.060
131.087 97.480 10.713 92.913 56.637 84.455 93.198 0.000 64.913 144.163 88.507 59.707 165.538 145.810 138.785 106.562 160.792 104.755 51.548 88.477 102.095 106.690 93.313 73.157 55.707 167.138 149.012 84.660 98.930 126.103 45.420 95.225 111.737 149.595 67.395 155.667 163.775 153.123 146.748 10.417 110.772 33.408 152.857 138.285 56.522 101.960 146.928 9.813 161.130 68.638 153.407
87.377 59.407 63.398 76.418 13.307 68.217 64.317 64.913 0.000 100.453 61.093 9.930 125.012 99.908 92.883 60.587 120.800 62.717 21.222 71.972 70.055 106.217 73.033 21.797 15.500 123.540 103.037 33.300 80.773 84.662 71.088 52.848 70.295 103.620 16.035 119.928 120.177 107.148 105.623 58.258 94.533 60.203 109.147 92.310 26.105 65.348 101.027 66.663 117.532 31.708 107.432
15.883 57.838 143.132 67.693 102.353 78.678 71.967 144.163 100.453 0.000 73.887 106.748 43.245 61.002 41.205 94.697 42.640 105.400 104.760 73.140 57.218 86.445 67.872 105.235 95.582 29.972 75.773 94.927 62.777 32.288 122.043 61.642 43.448 80.130 108.823 52.697 29.008 79.320 28.725 137.508 60.200 127.787 11.885 77.555 97.250 56.452 62.992 145.913 25.450 86.750 85.838
59.375 19.997 88.333 32.177 62.060 29.925 15.715 88.507 61.093 73.887 0.000 67.112 88.928 88.278 81.253 72.492 84.433 74.622 63.868 24.108 26.033 70.145 24.688 68.410 54.690 91.995 92.538 58.102 33.818 48.620 59.180 19.472 34.253 94.122 71.998 82.982 88.532 97.648 69.582 82.770 50.397 64.923 80.877 82.812 44.667 24.477 89.397 88.065 86.080 35.798 97.933
93.672 65.425 58.390 81.258 10.612 73.057 70.335 59.707 9.930 106.748 67.112 0.000 131.257 106.203 99.178 66.882 127.045 57.780 17.553 76.812 76.073 111.017 79.052 16.513 17.777 129.835 109.332 28.017 86.792 90.907 73.357 59.093 76.540 109.915 10.752 125.947 126.472 113.443 111.868 53.052 99.373 62.472 115.442 98.605 29.208 71.367 107.322 61.457 123.827 37.727 113.727
48.560 72.880 165.365 78.480 126.288 89.507 87.008 165.538 125.012 43.245 88.928 131.257 0.000 99.382 79.585 128.250 13.162 135.637 128.097 84.185 71.760 81.962 80.247 129.942 118.918 23.043 114.153 119.633 70.537 44.263 134.433 76.725 58.532 118.510 133.530 22.170 22.470 117.700 23.670 159.802 65.408 140.177 36.882 114.138 115.947 70.993 101.372 163.318 26.793 103.063 124.218
55.837 80.928 144.778 101.867 102.457 105.615 91.405 145.810 99.908 61.002 88.278 106.203 99.382 0.000 30.388 54.847 98.777 64.715 105.740 98.467 90.360 133.922 95.967 101.217 96.562 84.128 18.643 90.900 100.122 79.038 136.435 72.910 79.277 25.550 104.805 108.833 85.633 21.318 84.232 139.155 107.098 137.788 69.730 32.662 98.897 85.160 6.858 147.560 82.880 88.440 33.312
36.040 73.713 137.753 84.225 95.432 95.210 84.380 138.785 92.883 41.205 81.253 99.178 79.585 30.388 0.000 58.977 78.980 69.680 98.715 89.672 73.750 114.125 84.403 94.192 89.537 67.605 40.125 83.875 80.662 59.242 129.410 65.885 59.817 42.617 97.780 89.037 65.837 45.235 64.435 132.130 87.302 130.763 49.933 42.373 91.872 72.823 31.828 140.535 63.083 81.415 48.303
81.620 69.625 105.530 91.438 63.135 89.925 75.715 106.562 60.587 94.697 72.492 66.882 128.250 54.847 58.977 0.000 126.488 20.207 66.418 84.108 81.453 130.145 84.432 63.817 57.240 119.300 50.332 53.508 92.172 89.467 103.975 63.028 79.113 50.992 67.405 130.147 117.532 54.520 108.862 99.907 109.658 98.568 103.390 40.165 59.677 76.747 53.235 108.312 114.778 51.802 54.803
47.955 68.385 160.618 73.733 122.028 84.760 82.513 160.792 120.800 42.640 84.433 127.045 13.162 98.777 78.980 126.488 0.000 133.110 123.837 79.438 67.265 74.430 75.500 126.898 114.658 28.195 113.548 116.590 65.790 42.502 129.687 72.513 55.862 117.905 130.487 18.218 27.622 117.095 21.762 155.055 60.662 135.430 36.528 113.533 111.687 66.498 100.767 158.572 30.625 98.803 123.613
92.323 71.755 101.122 93.568 65.077 92.055 77.845 104.755 62.717 105.400 74.622 57.780 135.637 64.715 69.680 20.207 133.110 0.000 67.862 86.238 83.583 132.275 86.562 50.820 59.182 130.003 59.880 54.957 94.302 96.853 105.678 65.158 82.605 60.540 52.078 132.277 128.235 64.068 116.248 98.100 111.788 100.510 114.093 49.713 61.618 78.877 63.103 106.505 125.482 53.932 64.352
91.683 62.182 50.517 75.853 13.077 67.652 67.092 51.548 21.222 104.760 63.868 17.553 128.097 105.740 98.715 66.418 123.837 67.862 0.000 71.407 72.830 103.845 75.808 31.003 12.178 127.735 108.868 42.507 81.860 87.747 64.472 55.933 73.380 109.452 25.242 122.703 124.372 112.980 108.708 44.893 93.968 53.587 113.453 98.142 23.542 68.123 106.858 53.298 121.727 34.483 113.263
58.628 23.078 88.303 11.748 71.655 13.603 21.060 88.477 71.972 73.140 24.108 76.812 84.185 98.467 89.672 84.108 79.438 86.238 71.407 0.000 19.897 49.617 10.505 80.027 63.895 90.650 102.727 69.718 17.755 47.643 57.372 29.502 33.863 104.310 82.935 74.492 87.187 107.837 65.395 82.740 30.728 63.115 80.130 93.000 51.305 20.262 99.585 86.257 84.735 46.838 108.122
42.707 18.838 101.922 16.310 71.022 26.492 22.985 102.095 70.055 57.218 26.033 76.073 71.760 90.360 73.750 81.453 67.265 83.583 72.830 19.897 0.000 56.887 14.533 77.372 63.652 75.097 94.620 67.063 14.440 31.722 70.990 26.070 18.320 97.112 80.960 63.180 71.633 99.730 52.683 96.358 33.220 76.733 64.208 87.887 59.677 8.203 91.478 99.875 69.182 47.797 102.725
78.710 69.115 108.457 45.048 105.860 45.308 67.097 106.690 106.217 86.445 70.145 111.017 81.962 133.922 114.125 130.145 74.430 132.275 103.845 49.617 56.887 0.000 53.128 122.902 97.728 93.977 146.247 115.755 48.355 66.285 70.772 75.538 68.602 148.738 117.140 68.093 90.478 151.357 68.128 102.533 31.827 79.563 87.633 139.037 85.202 62.090 135.912 102.767 88.062 82.008 154.158
53.360 22.560 93.140 11.650 74.000 19.442 21.640 93.313 73.033 67.872 24.688 79.052 80.247 95.967 84.403 84.432 75.500 86.562 75.808 10.505 14.533 53.128 0.000 80.350 66.630 85.750 100.227 70.042 15.733 42.375 62.208 29.092 28.715 102.718 83.938 70.727 82.287 105.337 61.457 87.577 29.870 67.952 74.862 92.590 56.142 15.022 97.085 91.093 79.835 49.463 107.712
92.158 65.543 71.840 87.357 24.062 84.942 71.633 73.157 21.797 105.235 68.410 16.513 129.942 101.217 94.192 63.817 126.898 50.820 31.003 80.027 77.372 122.902 80.350 0.000 29.662 128.322 104.345 16.993 88.090 90.760 85.242 58.947 76.393 104.928 10.812 126.065 124.958 108.457 110.553 66.502 105.577 74.357 113.928 93.618 41.093 72.665 102.335 74.907 122.313 48.458 108.740
82.505 53.003 54.675 68.342 12.598 60.140 57.913 55.707 15.500 95.582 54.690 17.777 118.918 96.562 89.537 57.240 114.658 59.182 12.178 63.895 63.652 97.728 66.630 29.662 0.000 118.557 99.690 41.165 74.348 78.568 61.022 46.755 64.202 100.273 23.900 113.525 115.193 103.802 99.530 49.052 86.457 50.137 104.275 88.963 15.603 58.945 97.680 57.457 112.548 25.305 104.085
36.580 75.947 166.107 84.945 125.328 95.972 90.075 167.138 123.540 29.972 91.995 129.835 23.043 84.128 67.605 119.300 28.195 130.003 127.735 90.650 75.097 93.977 85.750 128.322 118.557 0.000 98.582 118.013 77.002 47.687 140.152 79.750 61.557 103.257 131.910 38.053 9.528 101.257 32.992 160.483 71.873 145.895 21.713 102.158 118.972 74.330 86.118 168.888 9.457 106.088 110.087
66.757 85.188 147.980 106.127 105.585 109.875 95.665 149.012 103.037 75.773 92.538 109.332 114.153 18.643 40.125 50.332 113.548 59.880 108.868 102.727 94.620 146.247 100.227 104.345 99.690 98.582 0.000 94.028 104.735 84.040 140.695 77.170 83.890 11.920 107.332 123.605 100.405 11.598 99.003 142.357 119.008 141.018 84.502 21.128 102.127 89.420 16.822 150.762 97.652 91.862 20.640
81.850 55.235 83.343 77.048 35.565 75.535 61.325 84.660 33.300 94.927 58.102 28.017 119.633 90.900 83.875 53.508 116.590 54.957 42.507 69.718 67.063 115.755 70.042 16.993 41.165 118.013 94.028 0.000 77.782 80.452 89.215 48.638 66.085 94.612 22.778 115.757 114.650 98.140 100.245 78.005 95.268 84.047 103.620 83.302 45.155 62.357 92.018 86.410 112.005 38.150 98.423
49.618 29.748 98.757 11.657 81.740 22.683 30.770 98.930 80.773 62.777 33.818 86.792 70.537 100.122 80.662 92.172 65.790 94.302 81.860 17.755 14.440 48.355 15.733 88.090 74.348 77.002 104.735 77.782 0.000 38.633 67.825 36.832 25.570 107.227 91.678 60.707 73.538 109.845 51.747 93.193 22.712 73.568 68.858 98.738 61.758 19.623 101.282 96.710 71.087 57.292 112.913
23.412 32.572 125.930 42.197 85.938 53.182 46.700 126.103 84.662 32.288 48.620 90.907 44.263 79.038 59.242 89.467 42.502 96.853 87.747 47.643 31.722 66.285 42.375 90.760 78.568 47.687 84.040 80.452 38.633 0.000 96.777 36.375 18.182 86.532 94.348 48.350 44.223 89.150 24.875 120.367 39.047 102.520 38.385 81.500 75.597 30.955 80.587 125.662 41.772 62.713 92.218
107.532 68.153 47.187 61.803 68.018 53.297 63.872 45.420 71.088 122.043 59.180 73.357 134.433 136.435 129.410 103.975 129.687 105.678 64.472 57.372 70.990 70.772 62.208 85.242 61.022 140.152 140.695 89.215 67.825 96.777 0.000 67.628 82.410 142.278 79.480 124.562 136.688 145.805 115.643 41.263 79.170 19.905 129.033 130.968 52.828 71.962 137.553 41.055 134.237 55.767 146.090
47.130 11.805 94.193 36.098 54.125 36.800 22.590 95.225 52.848 61.642 19.472 59.093 76.725 72.910 65.885 63.028 72.513 65.158 55.933 29.502 26.070 75.538 29.092 58.947 46.755 79.750 77.170 48.638 36.832 36.375 67.628 0.000 22.008 78.753 62.535 71.837 76.287 82.280 57.337 88.570 54.318 73.372 68.632 67.443 43.783 20.930 74.028 96.513 73.835 30.900 82.565
28.937 18.205 111.563 29.133 71.572 40.118 32.333 111.737 70.295 43.448 34.253 76.540 58.532 79.277 59.817 79.113 55.862 82.605 73.380 33.863 18.320 68.602 28.715 76.393 64.202 61.557 83.890 66.085 25.570 18.182 82.410 22.008 0.000 86.382 79.982 55.185 58.093 89.000 39.143 106.000 43.063 88.153 50.438 79.152 61.230 16.822 80.437 111.295 55.642 48.347 92.068
69.248 86.772 148.563 108.618 106.168 111.458 97.248 149.595 103.620 80.130 94.122 109.915 118.510 25.550 42.617 50.992 117.905 60.540 109.452 104.310 97.112 148.738 102.718 104.928 100.273 103.257 11.920 94.612 107.227 86.532 142.278 78.753 86.382 0.000 107.992 127.378 104.762 8.467 101.548 142.940 121.500 141.602 88.858 16.318 102.710 91.912 22.652 151.345 102.008 92.445 12.997
95.747 69.132 66.078 87.382 18.300 79.180 75.222 67.395 16.035 108.823 71.998 10.752 133.530 104.805 97.780 67.405 130.487 52.078 25.242 82.935 80.960 117.140 83.938 10.812 23.900 131.910 107.332 22.778 91.678 94.348 79.480 62.535 79.982 107.992 0.000 129.653 128.547 111.520 114.142 60.740 105.497 68.595 117.517 97.165 35.332 76.253 105.923 69.145 125.902 43.850 111.803
57.030 67.252 155.493 67.952 120.895 78.978 79.933 155.667 119.928 52.697 82.982 125.947 22.170 108.833 89.037 130.147 18.218 132.277 122.703 74.492 63.180 68.093 70.727 126.065 113.525 38.053 123.605 115.757 60.707 48.350 124.562 71.837 55.185 127.378 129.653 0.000 37.480 127.152 29.515 149.930 54.560 130.305 46.585 122.608 110.553 65.365 110.823 153.447 41.090 97.670 133.065
34.812 72.483 162.743 81.482 121.965 92.508 86.612 163.775 120.177 29.008 88.532 126.472 22.470 85.633 65.837 117.532 27.622 128.235 124.372 87.187 71.633 90.478 82.287 124.958 115.193 9.528 100.405 114.650 73.538 44.223 136.688 76.287 58.093 104.762 128.547 37.480 0.000 103.952 29.425 157.120 68.410 142.432 20.750 100.390 115.508 70.867 87.623 165.525 7.323 102.625 110.470
71.867 90.298 152.092 111.237 109.697 114.985 100.775 153.123 107.148 79.320 97.648 113.443 117.700 21.318 45.235 54.520 117.095 64.068 112.980 107.837 99.730 151.357 105.337 108.457 103.802 101.257 11.598 98.140 109.845 89.150 145.805 82.280 89.000 8.467 111.520 127.152 103.952 0.000 102.550 146.468 124.118 145.130 88.048 19.847 106.238 94.530 19.497 154.873 101.198 95.973 15.083
31.200 53.533 146.575 59.690 106.900 70.717 67.662 146.748 105.623 28.725 69.582 111.868 23.670 84.232 64.435 108.862 21.762 116.248 108.708 65.395 52.683 68.128 61.457 110.553 99.530 32.992 99.003 100.245 51.747 24.875 115.643 57.337 39.143 101.548 114.142 29.515 29.425 102.550 0.000 141.012 46.618 121.387 27.572 96.778 96.558 51.917 86.222 144.528 27.077 83.675 107.235
124.432 91.743 9.548 87.177 49.982 78.718 87.462 10.417 58.258 137.508 82.770 53.052 159.802 139.155 132.130 99.907 155.055 98.100 44.893 82.740 96.358 102.533 87.577 66.502 49.052 160.483 142.357 78.005 93.193 120.367 41.263 88.570 106.000 142.940 60.740 149.930 157.120 146.468 141.012 0.000 105.035 29.252 146.202 131.630 49.867 96.223 140.273 16.160 154.475 61.983 146.752
51.472 47.687 110.598 24.147 94.217 30.382 47.348 110.772 94.533 60.200 50.397 99.373 65.408 107.098 87.302 109.658 60.662 111.788 93.968 30.728 33.220 31.827 29.870 105.577 86.457 71.873 119.008 95.268 22.712 39.047 79.170 54.318 43.063 121.500 105.497 54.560 68.410 124.118 46.618 105.035 0.000 85.405 65.442 116.337 73.867 38.277 109.088 108.547 65.958 69.400 127.187
113.275 73.897 35.175 67.547 57.133 59.040 69.615 33.408 60.203 127.787 64.923 62.472 140.177 137.788 130.763 98.568 135.430 100.510 53.587 63.115 76.733 79.563 67.952 74.357 50.137 145.895 141.018 84.047 73.568 102.520 19.905 73.372 88.153 141.602 68.595 130.305 142.432 145.130 121.387 29.252 85.405 0.000 134.777 130.292 41.943 77.705 138.907 29.117 139.980 53.610 145.413
22.873 64.828 151.825 74.683 111.047 85.668 78.957 152.857 109.147 11.885 80.877 115.442 36.882 69.730 49.933 103.390 36.528 114.093 113.453 80.130 64.208 87.633 74.862 113.928 104.275 21.713 84.502 103.620 68.858 38.385 129.033 68.632 50.438 88.858 117.517 46.585 20.750 88.048 27.572 146.202 65.442 134.777 0.000 86.248 105.943 63.442 71.720 154.607 17.192 94.970 94.567
64.478 75.462 137.253 99.393 94.858 100.148 85.938 138.285 92.310 77.555 82.812 98.605 114.138 32.662 42.373 40.165 113.533 49.713 98.142 93.000 87.887 139.037 92.590 93.618 88.963 102.158 21.128 83.302 98.738 81.500 130.968 67.443 79.152 16.318 97.165 122.608 100.390 19.847 96.778 131.630 116.337 130.292 86.248 0.000 91.400 82.687 28.803 140.035 97.637 81.135 18.668
84.173 50.032 55.490 55.752 24.005 47.550 49.358 56.522 26.105 97.250 44.667 29.208 115.947 98.897 91.872 59.677 111.687 61.618 23.542 51.305 59.677 85.202 56.142 41.093 15.603 118.972 102.127 45.155 61.758 75.597 52.828 43.783 61.230 102.710 35.332 110.553 115.508 106.238 96.558 49.867 73.867 41.943 105.943 91.400 0.000 55.973 100.015 57.827 113.057 17.090 106.522
41.940 13.860 101.787 20.680 66.315 29.195 21.428 101.960 65.348 56.452 24.477 71.367 70.993 85.160 72.823 76.747 66.498 78.877 68.123 20.262 8.203 62.090 15.022 72.665 58.945 74.330 89.420 62.357 19.623 30.955 71.962 20.930 16.822 91.912 76.253 65.365 70.867 94.530 51.917 96.223 38.277 77.705 63.442 82.687 55.973 0.000 86.278 100.847 68.415 43.090 97.525
57.827 82.047 145.897 102.985 103.575 106.733 92.523 146.928 101.027 62.992 89.397 107.322 101.372 6.858 31.828 53.235 100.767 63.103 106.858 99.585 91.478 135.912 97.085 102.335 97.680 86.118 16.822 92.018 101.282 80.587 137.553 74.028 80.437 22.652 105.923 110.823 87.623 19.497 86.222 140.273 109.088 138.907 71.720 28.803 100.015 86.278 0.000 148.678 84.870 89.558 30.723
132.837 97.038 17.527 90.688 58.387 82.182 92.757 9.813 66.663 145.913 88.065 61.457 163.318 147.560 140.535 108.312 158.572 106.505 53.298 86.257 99.875 102.767 91.093 74.907 57.457 168.888 150.762 86.410 96.710 125.662 41.055 96.513 111.295 151.345 69.145 153.447 165.525 154.873 144.528 16.160 108.547 29.117 154.607 140.035 57.827 100.847 148.678 0.000 162.880 69.943 155.157
32.058 70.032 160.098 79.030 119.320 90.057 84.160 161.130 117.532 25.450 86.080 123.827 26.793 82.880 63.083 114.778 30.625 125.482 121.727 84.735 69.182 88.062 79.835 122.313 112.548 9.457 97.652 112.005 71.087 41.772 134.237 73.835 55.642 102.008 125.902 41.090 7.323 101.198 27.077 154.475 65.958 139.980 17.192 97.637 113.057 68.415 84.870 162.880 0.000 100.173 107.717
73.468 37.148 67.607 51.285 32.675 43.083 40.490 68.638 31.708 86.750 35.798 37.727 103.063 88.440 81.415 51.802 98.803 53.932 34.483 46.838 47.797 82.008 49.463 48.458 25.305 106.088 91.862 38.150 57.292 62.713 55.767 30.900 48.347 92.445 43.850 97.670 102.625 95.973 83.675 61.983 69.400 53.610 94.970 81.135 17.090 43.090 89.558 69.943 100.173 0.000 96.257
74.935 90.583 152.375 114.232 109.980 115.270 101.060 153.407 107.432 85.838 97.933 113.727 124.218 33.312 48.303 54.803 123.613 64.352 113.263 108.122 102.725 154.158 107.712 108.740 104.085 110.087 20.640 98.423 112.913 92.218 146.090 82.565 92.068 12.997 111.803 133.065 110.470 15.083 107.235 146.752 127.187 145.413 94.567 18.668 106.522 97.525 30.723 155.157 107.717 96.257 0.000
0.0000 3.6170 10.8520 4.4379 7.4488 5.3543 4.7942 10.9407 7.2917 1.3235 4.9576 7.8168 4.0436 4.6646 3.0093 6.8082 3.9934 7.7059 7.6501 4.8928 3.5627 6.5647 4.4470 7.6909 6.8842 3.0481 5.5755 6.8305 4.1402 1.9527 8.9670 3.9348 2.4159 5.7843 7.9902 4.7599 2.8949 6.0021 2.6029 10.3848 4.2893 9.4576 1.9072 5.3844 7.0242 3.4988 4.8307 11.0862 2.6706 6.1333 6.2596
3.6170 0.0000 7.8586 2.2115 4.7900 2.3540 1.2820 7.8755 4.7087 4.5782 1.4171 5.2111 5.8329 6.5109 5.8565 5.5593 5.4581 5.7395 4.9394 1.6776 1.3230 5.5239 1.6345 5.2200 4.1735 6.0805 6.8673 4.3596 2.2315 2.4688 5.4264 0.7351 1.2694 6.9995 5.5193 5.3629 5.7890 7.2939 4.2149 7.3938 3.7296 5.9170 5.1618 6.0556 3.9257 0.9070 6.6027 7.8483 5.5897 2.8506 7.3188
10.8520 7.8586 0.0000 7.4736 4.3520 6.7678 7.5040 0.6447 5.0426 11.6932 7.1122 4.6250 13.5366 11.8348 11.2474 8.5563 13.1407 8.1937 3.9672 7.1085 8.2460 8.7983 7.5129 5.7461 4.3129 13.6083 12.1038 6.7055 7.9781 10.2508 3.6881 7.6102 9.0515 12.1533 5.2647 12.7099 13.3173 12.4477 11.9691 0.5475 8.9649 2.6873 12.4187 11.2093 4.3800 8.2351 11.9266 1.2140 13.1070 5.3824 12.4726
4.4379 2.2115 7.4736 0.0000 6.1016 0.9936 2.1830 7.4906 6.1272 5.3990 2.4378 6.5266 6.2997 8.2583 6.7688 7.3831 5.9038 7.5632 6.0772 0.7306 1.1120 3.5093 0.7224 7.0438 5.4519 6.8321 8.6148 6.1833 0.7227 3.2733 4.8982 2.7626 2.1829 8.8235 7.0382 5.4148 6.5406 9.0414 4.7322 7.0089 1.7622 5.3888 5.9827 8.0526 4.4011 1.4776 8.3501 7.3200 6.3413 4.0280 9.2924
7.4488 4.7900 4.3520 6.1016 0.0000 5.4178 5.2021 4.4809 0.8606 8.2899 4.9330 0.6357 10.2807 8.3030 7.7156 5.0175 9.9365 5.1771 0.8417 5.7308 5.6797 8.5891 5.9294 1.7568 0.7990 10.2050 8.5649 2.7162 6.5723 6.9244 5.4300 4.2681 5.7251 8.6145 1.2754 9.8414 9.9141 8.9089 8.6705 3.9250 7.6150 4.5200 9.0155 7.6705 1.7548 5.2863 8.3949 4.6264 9.7037 2.4789 8.9338
5.3543 2.3540 6.7678 0.9936 5.4178 0.0000 1.9960 6.7847 5.4434 6.3154 2.2508 5.8428 7.2198 8.5737 7.6852 7.2586 6.8239 7.4388 5.3934 0.8855 1.9616 3.5341 1.3735 6.8357 4.7681 7.7522 8.9302 6.0589 1.6429 4.1897 4.1883 2.8217 3.0993 9.0623 6.3544 6.3350 7.4608 9.3568 5.6523 6.3030 2.2870 4.6789 6.8991 8.1184 3.7173 2.1881 8.6655 6.6101 7.2615 3.3442 9.3816
4.7942 1.2820 7.5040 2.1830 5.2021 1.9960 0.0000 7.5209 5.1208 5.7554 1.0624 5.6232 7.0101 7.3854 6.7980 6.0703 6.6353 6.2505 5.3516 1.5093 1.6636 5.3557 1.5575 5.7310 4.5857 7.2577 7.7419 4.8706 2.3138 3.6460 5.0718 1.6334 2.4466 7.8740 6.0303 6.3996 6.9663 8.1684 5.3921 7.0392 3.7010 5.5624 6.3390 6.9301 3.8676 1.5388 7.4772 7.4936 6.7670 3.1307 8.1933
10.9407 7.8755 0.6447 7.4906 4.4809 6.7847 7.5209 0.0000 5.1715 11.7819 7.1292 4.7371 13.5535 11.9234 11.3361 8.6450 13.1577 8.4995 4.0559 7.1255 8.2629 8.6504 7.5299 5.8582 4.4016 13.6970 12.1924 6.8175 7.9951 10.2678 3.5402 7.6989 9.0685 12.2419 5.3768 12.7269 13.4060 12.5364 11.9860 0.6192 8.9819 2.5395 12.5074 11.2980 4.4686 8.2521 12.0153 0.5693 13.1956 5.4711 12.5612
7.2917 4.7087 5.0426 6.1272 0.8606 5.4434 5.1208 5.1715 0.0000 8.1329 4.8517 0.5783 10.1733 8.0909 7.5035 4.8054 9.8329 4.9855 1.5196 5.7564 5.5984 8.6182 5.8481 1.5696 1.0414 10.0566 8.3528 2.5290 6.4910 6.8170 5.6865 4.1607 5.6177 8.4023 1.0882 9.7601 9.7657 8.6968 8.5631 4.6156 7.6406 4.7765 8.8584 7.4584 1.9297 5.2050 8.1827 5.3170 9.5553 2.3976 8.7216
1.3235 4.5782 11.6932 5.3990 8.2899 6.3154 5.7554 11.7819 8.1329 0.0000 5.9187 8.6580 3.3552 4.8448 3.1895 7.6493 3.3049 8.5470 8.4912 5.8540 4.5238 6.9572 5.4082 8.5321 7.7254 2.2520 6.0776 7.6717 4.9893 2.4457 9.9281 4.8959 3.3770 6.4416 8.8314 4.1446 2.1694 6.3685 2.1404 11.2260 4.7668 10.4187 0.7419 6.2256 7.8653 4.4600 5.0109 11.9274 1.8744 6.9891 6.9188
4.9576 1.4171 7.1122 2.4378 4.9330 2.2508 1.0624 7.1292 4.8517 5.9187 0.0000 5.3541 7.1734 7.1242 6.5368 5.8012 6.7986 5.9813 5.0824 1.7641 1.9184 5.6105 1.8123 5.4619 4.3166 7.4211 7.4807 4.6015 2.5686 3.8093 4.6801 1.3730 2.6100 7.6129 5.7612 6.6544 7.1296 7.9073 5.5554 6.6475 3.9558 5.1707 6.5024 6.6689 3.4759 1.7936 7.2160 7.1019 6.9303 2.7389 7.9322
7.8168 5.2111 4.6250 6.5266 0.6357 5.8428 5.6232 4.7371 0.5783 8.6580 5.3541 0.0000 10.6934 8.6160 8.0286 5.3305 10.3530 4.5731 1.2153 6.1558 6.1008 9.0141 6.3505 1.1288 1.2231 10.5817 8.8779 2.0882 6.9934 7.3371 5.8676 4.6808 6.1378 8.9274 0.6475 10.2625 10.2908 9.2219 9.0832 4.1812 8.0400 4.9576 9.3835 7.9835 2.1780 5.7074 8.7078 4.8826 10.0804 2.9000 9.2467
4.0436 5.8329 13.5366 6.2997 10.2807 7.2198 7.0101 13.5535 10.1733 3.3552 7.1734 10.6934 0.0000 8.0418 6.3865 10.4433 0.8490 11.0611 10.4301 6.7736 5.7400 6.5877 6.4447 10.5842 9.6642 1.6525 9.2746 9.7237 5.6367 3.4326 10.9560 6.1428 4.6239 9.6387 10.8834 1.6013 1.6039 9.5656 1.7251 13.0718 5.1984 11.4466 2.8071 9.2725 9.4164 5.6761 8.2080 13.3778 1.9626 8.3413 10.1158
4.6646 6.5109 11.8348 8.2583 8.3030 8.5737 7.3854 11.9234 8.0909 4.8448 7.1242 8.6160 8.0418 0.0000 2.2880 4.2998 7.9916 5.1275 8.5771 7.9733 7.2989 10.9261 7.7675 8.2008 7.8112 6.7559 1.3010 7.3396 8.1073 6.3488 11.1336 5.8411 6.3694 1.8774 8.5000 8.8313 6.8931 1.5237 6.7850 11.3675 8.6855 11.2548 5.5737 2.4761 8.0069 6.8644 0.3223 12.0690 6.6687 7.1348 2.5254
3.0093 5.8565 11.2474 6.7688 7.7156 7.6852 6.7980 11.3361 7.5035 3.1895 6.5368 8.0286 6.3865 2.2880 0.0000 4.6670 6.3363 5.5647 7.9897 7.2238 5.8936 9.2708 6.7779 7.6134 7.2239 5.3910 3.1012 6.7523 6.4711 4.6936 10.5462 5.2537 4.7332 3.3100 7.9127 7.1760 5.2378 3.5278 5.1298 10.7802 7.0302 10.6674 3.9184 3.2883 7.4195 5.8192 2.4084 11.4816 5.0134 6.5474 3.7853
6.8082 5.5593 8.5563 7.3831 5.0175 7.2586 6.0703 8.6450 4.8054 7.6493 5.8012 5.3305 10.4433 4.2998 4.6670 0.0000 10.3046 1.4360 5.2916 6.7720 6.5479 10.6183 6.7976 5.0753 4.5257 9.7006 3.9472 4.2149 7.4405 7.2181 8.4192 5.0086 6.3541 4.0031 5.3746 10.6107 9.5475 4.2976 8.8332 8.0891 8.9011 7.9788 8.3749 3.0995 4.7309 6.1545 4.1881 8.7905 9.3231 4.0728 4.3224
3.9934 5.4581 13.1407 5.9038 9.9365 6.8239 6.6353 13.1577 9.8329 3.3049 6.7986 10.3530 0.8490 7.9916 6.3363 10.3046 0.0000 10.8610 10.0860 6.3777 5.3652 5.9583 6.0488 10.3416 9.3201 2.1059 9.2244 9.4811 5.2409 3.2940 10.5601 5.8024 4.4129 9.5884 10.6408 1.2715 2.0573 9.5153 1.5665 12.6760 4.8025 11.0507 2.7953 9.2222 9.0722 5.3013 8.1577 12.9819 2.3062 7.9972 10.0656
7.7059 5.7395 8.1937 7.5632 5.1771 7.4388 6.2505 8.4995 4.9855 8.5470 5.9813 4.5731 11.0611 5.1275 5.5647 1.4360 10.8610 0.0000 5.4142 6.9521 6.7280 10.7985 6.9777 3.9912 4.6853 10.5983 4.7457 4.3338 7.6206 7.8359 8.5589 5.1888 6.6458 4.8016 4.0968 10.7909 10.4452 5.0960 9.4510 7.9436 9.0813 8.1383 9.2726 3.8979 4.8905 6.3347 5.0158 8.6450 10.2208 4.2529 5.1209
7.6501 4.9394 3.9672 6.0772 0.8417 5.3934 5.3516 4.0559 1.5196 8.4912 5.0824 1.2153 10.4301 8.5771 7.9897 5.2916 10.0860 5.4142 0.0000 5.7065 5.8292 8.4207 6.0789 2.3364 0.7659 10.4063 8.8390 3.2957 6.5760 7.0739 5.1352 4.4175 5.8746 8.8886 1.8550 9.9908 10.1154 9.1830 8.8200 3.5000 7.5906 4.2253 9.2168 7.9446 1.7151 5.4358 8.6689 4.2014 9.9050 2.6284 9.2079
4.8928 1.6776 7.1085 0.7306 5.7308 0.8855 1.5093 7.1255 5.7564 5.8540 1.7641 6.1558 6.7736 7.9733 7.2238 6.7720 6.3777 6.9521 5.7065 0.0000 1.4083 3.8948 0.6269 6.4327 5.0811 7.3060 8.3298 5.5723 1.2294 3.7283 4.5280 2.2113 2.5783 8.4620 6.6674 5.9613 7.0145 8.7564 5.2061 6.6438 2.3167 5.0186 6.4376 7.5180 4.0303 1.4419 8.0652 6.9498 6.8152 3.6573 8.7813
3.5627 1.3230 8.2460 1.1120 5.6797 1.9616 1.6636 8.2629 5.5984 4.5238 1.9184 6.1008 5.7400 7.2989 5.8936 6.5479 5.3652 6.7280 5.8292 1.4083 0.0000 4.4984 0.9601 6.2086 5.0633 6.0099 7.6554 5.3482 0.9553 2.3981 5.6654 1.9238 1.2795 7.8641 6.5079 5.0114 5.7184 8.0820 4.1442 7.7812 2.5238 6.1560 5.1075 7.0932 4.7235 0.4348 7.3907 8.0872 5.5191 3.7404 8.3330
6.5647 5.5239 8.7983 3.5093 8.5891 3.5341 5.3557 8.6504 8.6182 6.9572 5.6105 9.0141 6.5877 10.9261 9.2708 10.6183 5.9583 10.7985 8.4207 3.8948 4.4984 0.0000 4.1840 10.0070 7.9045 7.5817 11.9566 9.4186 3.7888 5.2785 5.6514 6.0577 5.4798 12.1654 9.5257 5.4292 7.3003 12.3832 5.4319 8.3040 2.4023 6.3854 7.0611 11.3644 6.8648 4.9332 11.0922 8.3220 7.0909 6.5993 12.6276
4.4470 1.6345 7.5129 0.7224 5.9294 1.3735 1.5575 7.5299 5.8481 5.4082 1.8123 6.3505 6.4447 7.7675 6.7779 6.7976 6.0488 6.9777 6.0789 0.6269 0.9601 4.1840 0.0000 6.4583 5.3130 6.8943 8.1240 5.5979 1.0605 3.2825 4.9324 2.1772 2.1484 8.3328 6.7576 5.6503 6.6028 8.5506 4.8772 7.0482 2.2404 5.4230 5.9918 7.4838 4.4348 0.9984 7.8594 7.3542 6.4035 3.8806 8.7471
7.6909 5.2200 5.7461 7.0438 1.7568 6.8357 5.7310 5.8582 1.5696 8.5321 5.4619 1.1288 10.5842 8.2008 7.6134 5.0753 10.3416 3.9912 2.3364 6.4327 6.2086 10.0070 6.4583 0.0000 2.2161 10.4558 8.4627 1.1674 7.1012 7.3256 6.8605 4.6693 6.1263 8.5122 0.6525 10.2714 10.1649 8.8066 8.9740 5.3023 8.5618 5.9506 9.2576 7.5683 3.1709 5.8152 8.2926 6.0037 9.9545 3.7956 8.8315
6.8842 4.1735 4.3129 5.4519 0.7990 4.7681 4.5857 4.4016 1.0414 7.7254 4.3166 1.2231 9.6642 7.8112 7.2239 4.5257 9.3201 4.6853 0.7659 5.0811 5.0633 7.9045 5.3130 2.2161 0.0000 9.6404 8.0731 3.1754 5.9507 6.3080 4.8446 3.6517 5.1087 8.1227 1.7347 9.2250 9.3495 8.4171 8.0541 3.8457 6.9652 3.9347 8.4509 7.1787 1.0522 4.6699 7.9031 4.5471 9.1391 1.8625 8.4420
3.0481 6.0805 13.6083 6.8321 10.2050 7.7522 7.2577 13.6970 10.0566 2.2520 7.4211 10.5817 1.6525 6.7559 5.3910 9.7006 2.1059 10.5983 10.4063 7.3060 6.0099 7.5817 6.8943 10.4558 9.6404 0.0000 7.9552 9.5954 6.1692 3.7215 11.4305 6.3983 4.8794 8.3528 10.7551 2.9300 0.5455 8.1780 2.5007 13.1411 5.7308 11.9211 1.5626 8.2769 9.6719 5.9461 6.9220 13.8425 0.5391 8.5968 8.9237
5.5755 6.8673 12.1038 8.6148 8.5649 8.9302 7.7419 12.1924 8.3528 6.0776 7.4807 8.8779 9.2746 1.3010 3.1012 3.9472 9.2244 4.7457 8.8390 8.3298 7.6554 11.9566 8.1240 8.4627 8.0731 7.9552 0.0000 7.6016 8.4935 6.7673 11.4901 6.1976 6.7556 0.7452 8.7066 10.0641 8.1259 0.7179 8.0179 11.6365 9.6812 11.5262 6.8065 1.5131 8.2783 7.2209 1.1543 12.3379 7.9016 7.4210 1.4735
6.8305 4.3596 6.7055 6.1833 2.7162 6.0589 4.8706 6.8175 2.5290 7.6717 4.6015 2.0882 9.7237 7.3396 6.7523 4.2149 9.4811 4.3338 3.2957 5.5723 5.3482 9.4186 5.5979 1.1674 3.1754 9.5954 7.6016 0.0000 6.2407 6.4652 7.1884 3.8089 5.2659 7.6511 1.6505 9.4110 9.3045 7.9455 8.1136 6.2616 7.7014 6.7678 8.3972 6.7071 3.5199 4.9548 7.4315 6.9631 9.0941 2.9351 7.9704
4.1402 2.2315 7.9781 0.7227 6.5723 1.6429 2.3138 7.9951 6.4910 4.9893 2.5686 6.9934 5.6367 8.1073 6.4711 7.4405 5.2409 7.6206 6.5760 1.2294 0.9553 3.7888 1.0605 7.1012 5.9507 6.1692 8.4935 6.2407 0.0000 2.9756 5.3976 2.8200 1.8852 8.7022 7.4004 4.8138 5.8777 8.9201 4.0693 7.5134 1.6462 5.8882 5.4910 7.9995 4.8999 1.3884 8.2058 7.8194 5.6784 4.5268 9.1776
1.9527 2.4688 10.2508 3.2733 6.9244 4.1897 3.6460 10.2678 6.8170 2.4457 3.8093 7.3371 3.4326 6.3488 4.6936 7.2181 3.2940 7.8359 7.0739 3.7283 2.3981 5.2785 3.2825 7.3256 6.3080 3.7215 6.7673 6.4652 2.9756 0.0000 7.8187 2.7865 1.2676 6.9760 7.6249 3.7864 3.4301 7.1938 1.8225 9.7861 3.0031 8.3093 2.9485 6.5545 6.0601 2.3343 6.4796 10.2405 3.2308 4.9851 7.4513
8.9670 5.4264 3.6881 4.8982 5.4300 4.1883 5.0718 3.5402 5.6865 9.9281 4.6801 5.8676 10.9560 11.1336 10.5462 8.4192 10.5601 8.5589 5.1352 4.5280 5.6654 5.6514 4.9324 6.8605 4.8446 11.4305 11.4901 7.1884 5.3976 7.8187 0.0000 5.3823 6.6194 11.6223 6.3791 10.1294 11.1390 11.9167 9.3885 3.1938 6.3594 1.4114 10.5118 10.6783 4.1623 5.7470 11.2254 3.1747 10.9397 4.3954 11.9416
3.9348 0.7351 7.6102 2.7626 4.2681 2.8217 1.6334 7.6989 4.1607 4.8959 1.3730 4.6808 6.1428 5.8411 5.2537 5.0086 5.8024 5.1888 4.4175 2.2113 1.9238 6.0577 2.1772 4.6693 3.6517 6.3983 6.1976 3.8089 2.8200 2.7865 5.3823 0.0000 1.5872 6.3297 4.9686 5.7458 6.1068 6.6242 4.5326 7.1430 4.2807 5.8729 5.4796 5.3858 3.4038 1.4973 5.9329 7.8042 5.9075 2.3287 6.6490
2.4159 1.2694 9.0515 2.1829 5.7251 3.0993 2.4466 9.0685 5.6177 3.3770 2.6100 6.1378 4.6239 6.3694 4.7332 6.3541 4.4129 6.6458 5.8746 2.5783 1.2795 5.4798 2.1484 6.1263 5.1087 4.8794 6.7556 5.2659 1.8852 1.2676 6.6194 1.5872 0.0000 6.9644 6.4256 4.3562 4.5879 7.1822 3.0138 8.5868 3.3465 7.1100 3.9607 6.3627 4.8608 1.1543 6.4679 9.0412 4.3886 3.7857 7.4397
5.7843 6.9995 12.1533 8.8235 8.6145 9.0623 7.8740 12.2419 8.4023 6.4416 7.6129 8.9274 9.6387 1.8774 3.3100 4.0031 9.5884 4.8016 8.8886 8.4620 7.8641 12.1654 8.3328 8.5122 8.1227 8.3528 0.7452 7.6511 8.7022 6.9760 11.6223 6.3297 6.9644 0.0000 8.7625 10.3885 8.4899 0.4567 8.2315 11.6860 9.8900 11.5757 7.1705 1.1115 8.3279 7.4297 1.6410 12.3875 8.2656 7.4705 0.8348
7.9902 5.5193 5.2647 7.0382 1.2754 6.3544 6.0303 5.3768 1.0882 8.8314 5.7612 0.6475 10.8834 8.5000 7.9127 5.3746 10.6408 4.0968 1.8550 6.6674 6.5079 9.5257 6.7576 0.6525 1.7347 10.7551 8.7066 1.6505 7.4004 7.6249 6.3791 4.9686 6.4256 8.7625 0.0000 10.5707 10.4641 9.0569 9.2733 4.8209 8.5516 5.4692 9.5569 7.8589 2.6895 6.1145 8.5919 5.5223 10.2538 3.4116 9.0818
4.7599 5.3629 12.7099 5.4148 9.8414 6.3350 6.3996 12.7269 9.7601 4.1446 6.6544 10.2625 1.6013 8.8313 7.1760 10.6107 1.2715 10.7909 9.9908 5.9613 5.0114 5.4292 5.6503 10.2714 9.2250 2.9300 10.0641 9.4110 4.8138 3.7864 10.1294 5.7458 4.3562 10.3885 10.5707 0.0000 2.8814 10.3550 2.2139 12.2452 4.2947 10.6200 3.6350 9.9887 8.9771 5.2062 8.9974 12.5512 3.1808 7.9020 10.8638
2.8949 5.7890 13.3173 6.5406 9.9141 7.4608 6.9663 13.4060 9.7657 2.1694 7.1296 10.2908 1.6039 6.8931 5.2378 9.5475 2.0573 10.4452 10.1154 7.0145 5.7184 7.3003 6.6028 10.1649 9.3495 0.5455 8.1259 9.3045 5.8777 3.4301 11.1390 6.1068 4.5879 8.4899 10.4641 2.8814 0.0000 8.4168 2.2060 12.8501 5.4393 11.6296 1.4801 8.1237 9.3804 5.6546 7.0592 13.5515 0.3586 8.3054 8.9671
6.0021 7.2939 12.4477 9.0414 8.9089 9.3568 8.1684 12.5364 8.6968 6.3685 7.9073 9.2219 9.5656 1.5237 3.5278 4.2976 9.5153 5.0960 9.1830 8.7564 8.0820 12.3832 8.5506 8.8066 8.4171 8.1780 0.7179 7.9455 8.9201 7.1938 11.9167 6.6242 7.1822 0.4567 9.0569 10.3550 8.4168 0.0000 8.3088 11.9805 10.1078 11.8702 7.0974 1.4059 8.6223 7.6475 1.3771 12.6819 8.1925 7.7649 1.0091
2.6029 4.2149 11.9691 4.7322 8.6705 5.6523 5.3921 11.9860 8.5631 2.1404 5.5554 9.0832 1.7251 6.7850 5.1298 8.8332 1.5665 9.4510 8.8200 5.2061 4.1442 5.4319 4.8772 8.9740 8.0541 2.5007 8.0179 8.1136 4.0693 1.8225 9.3885 4.5326 3.0138 8.2315 9.2733 2.2139 2.2060 8.3088 0.0000 11.5043 3.6309 9.8791 2.0527 7.8317 7.8062 4.0804 6.9512 11.8103 2.0099 6.7312 8.7069
10.3848 7.3938 0.5475 7.0089 3.9250 6.3030 7.0392 0.6192 4.6156 11.2260 6.6475 4.1812 13.0718 11.3675 10.7802 8.0891 12.6760 7.9436 3.5000 6.6438 7.7812 8.3040 7.0482 5.3023 3.8457 13.1411 11.6365 6.2616 7.5134 9.7861 3.1938 7.1430 8.5868 11.6860 4.8209 12.2452 12.8501 11.9805 11.5043 0.0000 8.5002 2.1931 11.9515 10.7421 3.9127 7.7704 11.4594 1.0986 12.6397 4.9152 12.0054
4.2893 3.7296 8.9649 1.7622 7.6150 2.2870 3.7010 8.9819 7.6406 4.7668 3.9558 8.0400 5.1984 8.6855 7.0302 8.9011 4.8025 9.0813 7.5906 2.3167 2.5238 2.4023 2.2404 8.5618 6.9652 5.7308 9.6812 7.7014 1.6462 3.0031 6.3594 4.2807 3.3465 9.8900 8.5516 4.2947 5.4393 10.1078 3.6309 8.5002 0.0000 6.8801 5.1976 9.4699 5.9145 2.9468 8.8516 8.8113 5.2400 5.5414 10.3653
9.4576 5.9170 2.6873 5.3888 4.5200 4.6789 5.5624 2.5395 4.7765 10.4187 5.1707 4.9576 11.4466 11.2548 10.6674 7.9788 11.0507 8.1383 4.2253 5.0186 6.1560 6.3854 5.4230 5.9506 3.9347 11.9211 11.5262 6.7678 5.8882 8.3093 1.4114 5.8729 7.1100 11.5757 5.4692 10.6200 11.6296 11.8702 9.8791 2.1931 6.8801 0.0000 11.0024 10.6318 3.2524 6.2376 11.3466 2.1771 11.4303 4.2267 11.8950
1.9072 5.1618 12.4187 5.9827 9.0155 6.8991 6.3390 12.5074 8.8584 0.7419 6.5024 9.3835 2.8071 5.5737 3.9184 8.3749 2.7953 9.2726 9.2168 6.4376 5.1075 7.0611 5.9918 9.2576 8.4509 1.5626 6.8065 8.3972 5.4910 2.9485 10.5118 5.4796 3.9607 7.1705 9.5569 3.6350 1.4801 7.0974 2.0527 11.9515 5.1976 11.0024 0.0000 6.9511 8.5909 5.0436 5.7398 12.6529 1.1851 7.6781 7.6477
5.3844 6.0556 11.2093 8.0526 7.6705 8.1184 6.9301 11.2980 7.4584 6.2256 6.6689 7.9835 9.2725 2.4761 3.2883 3.0995 9.2222 3.8979 7.9446 7.5180 7.0932 11.3644 7.4838 7.5683 7.1787 8.2769 1.5131 6.7071 7.9995 6.5545 10.6783 5.3858 6.3627 1.1115 7.8589 9.9887 8.1237 1.4059 7.8317 10.7421 9.4699 10.6318 6.9511 0.0000 7.3839 6.6587 2.1538 11.4435 7.8994 6.5265 1.3087
7.0242 3.9257 4.3800 4.4011 1.7548 3.7173 3.8676 4.4686 1.9297 7.8653 3.4759 2.1780 9.4164 8.0069 7.4195 4.7309 9.0722 4.8905 1.7151 4.0303 4.7235 6.8647 4.4348 3.1709 1.0522 9.6719 8.2783 3.5199 4.8999 6.0601 4.1623 3.4038 4.8608 8.3279 2.6895 8.9771 9.3804 8.6223 7.8062 3.9127 5.9145 3.2524 8.5909 7.3839 0.0000 4.4221 8.0987 4.5771 9.1811 1.1761 8.6472
3.4988 0.9070 8.2351 1.4776 5.2863 2.1881 1.5388 8.2521 5.2050 4.4600 1.7936 5.7074 5.6761 6.8644 5.8192 6.1545 5.3013 6.3347 5.4358 1.4419 0.4348 4.9332 0.9984 5.8152 4.6699 5.9461 7.2209 4.9548 1.3884 2.3343 5.7470 1.4973 1.1543 7.4297 6.1145 5.2062 5.6546 7.6475 4.0804 7.7704 2.9468 6.2376 5.0436 6.6587 4.4221 0.0000 6.9563 8.1688 5.4553 3.3470 7.8985
4.8307 6.6027 11.9266 8.3501 8.3949 8.6655 7.4772 12.0153 8.1827 5.0109 7.2160 8.7078 8.2080 0.3223 2.4084 4.1881 8.1577 5.0158 8.6689 8.0652 7.3907 11.0922 7.8594 8.2926 7.9031 6.9220 1.1543 7.4315 8.2058 6.4796 11.2254 5.9329 6.4679 1.6410 8.5919 8.9974 7.0592 1.3771 6.9512 11.4594 8.8516 11.3466 5.7398 2.1538 8.0987 6.9563 0.0000 12.1608 6.8349 7.2266 2.3153
11.0862 7.8483 1.2140 7.3200 4.6264 6.6101 7.4936 0.5693 5.3170 11.9274 7.1019 4.8826 13.3778 12.0690 11.4816 8.7905 12.9819 8.6450 4.2014 6.9498 8.0872 8.3220 7.3542 6.0037 4.5471 13.8425 12.3379 6.9631 7.8194 10.2405 3.1747 7.8042 9.0412 12.3875 5.5223 12.5512 13.5515 12.6819 11.8103 1.0986 8.8113 2.1771 12.6529 11.4435 4.5771 8.1688 12.1608 0.0000 13.3412 5.5795 12.7068
2.6706 5.5897 13.1070 6.3413 9.7037 7.2615 6.7670 13.1956 9.5553 1.8744 6.9303 10.0804 1.9626 6.6687 5.0134 9.3231 2.3062 10.2208 9.9050 6.8152 5.5191 7.0909 6.4035 9.9545 9.1391 0.5391 7.9016 9.0941 5.6784 3.2308 10.9397 5.9075 4.3886 8.2656 10.2538 3.1808 0.3586 8.1925 2.0099 12.6397 5.2400 11.4303 1.1851 7.8994 9.1811 5.4553 6.8349 13.3412 0.0000 8.1061 8.7428
6.1333 2.8506 5.3824 4.0280 2.4789 3.3442 3.1307 5.4711 2.3976 6.9891 2.7389 2.9000 8.3413 7.1348 6.5474 4.0728 7.9972 4.2529 2.6284 3.6573 3.7404 6.5993 3.8806 3.7956 1.8625 8.5968 7.4210 2.9351 4.5268 4.9851 4.3954 2.3287 3.7857 7.4705 3.4116 7.9020 8.3054 7.7649 6.7312 4.9152 5.5414 4.2267 7.6781 6.5265 1.1761 3.3470 7.2266 5.5795 8.1061 0.0000 7.7898
6.2596 7.3188 12.4726 9.2924 8.9338 9.3816 8.1933 12.5612 8.7216 6.9188 7.9322 9.2467 10.1158 2.5254 3.7853 4.3224 10.0656 5.1209 9.2079 8.7813 8.3330 12.6276 8.7471 8.8315 8.4420 8.9237 1.4735 7.9704 9.1776 7.4513 11.9416 6.6490 7.4397 0.8348 9.0818 10.8638 8.9671 1.0091 8.7069 12.0054 10.3653 11.8950 7.6477 1.3087 8.6472 7.8985 2.3153 12.7068 8.7428 7.7898 0.0000
