gen_walk_vostok_3
69 12 1
G0 20 240 360 3 1
G1 70 0 120 2 1
G2 20 0 120 3 1
G3 80 0 640 1 2
G4 70 0 120 2 1
G5 70 0 120 2 1
G6 70 120 240 2 1
G7 30 600 690 3 0
G8 70 0 120 2 1
G9 70 240 360 2 1
G10 20 600 700 3 1
G11 20 0 120 3 1
G12 20 120 240 3 1
G13 30 480 600 3 0
G14 70 120 240 2 1
G15 20 240 360 3 1
G16 30 480 600 3 0
G17 30 120 240 3 0
G18 30 240 360 3 0
G19 30 480 600 3 0
G20 30 120 240 3 0
G21 70 480 600 2 1
G22 70 120 240 2 1
G23 70 0 120 2 1
G24 70 480 600 2 1
G25 80 120 240 1 2
G26 70 240 360 2 1
G27 70 120 240 2 1
G28 80 0 640 1 2
G29 20 0 120 3 1
G30 20 120 240 3 1
G31 80 360 480 1 2
G32 70 120 240 2 1
G33 30 360 480 3 0
G34 20 0 120 3 1
G35 30 120 240 3 0
G36 30 120 240 3 0
G37 70 240 360 2 1
G38 80 360 480 1 2
G39 80 0 640 1 2
G40 30 240 360 3 0
G41 30 360 480 3 0
G42 70 240 360 2 1
G43 70 120 240 2 1
G44 70 240 360 2 1
G45 70 0 120 2 1
G46 70 120 240 2 1
G47 30 240 360 3 0
G48 30 120 240 3 0
G49 30 240 360 3 0
G50 30 600 690 3 0
G51 20 360 480 3 1
G52 30 480 600 3 0
G53 20 480 600 3 1
G54 30 360 480 3 0
G55 70 480 600 2 1
G56 70 120 240 2 1
G57 30 240 360 3 0
G58 70 480 600 2 1
G59 70 480 600 2 1
G60 70 0 120 2 1
G61 20 480 600 3 1
G62 80 0 640 1 2
G63 80 0 120 1 2
G64 70 120 240 2 1
G65 30 480 600 3 0
G66 20 120 240 3 1
G67 20 120 240 3 1
G68 30 240 360 3 0
0 1 3
0 1 3
0 1 7
0 1 3
0 1 3
0 1 5
0 1 7
0 1 3
0 3 7
0 3 3
0 1 7
0 1 3
0.000 8.926 21.623 16.329 16.414 16.843 25.348 13.831 9.849 24.510 23.009 17.554 20.047 16.801 18.900 14.958 17.480 25.816 9.177 17.708 17.867 17.601 9.755 17.987 10.892 19.244 21.878 15.637 7.181 10.584 18.026 13.073 11.491 13.961 17.216 15.270 18.669 19.160 16.697 17.341 16.547 19.072 7.099 26.324 9.416 17.535 11.887 18.277 16.791 17.795 21.136 11.795 15.617 8.425 21.900 11.233 26.927 19.667 11.737 25.029 19.362 11.673 10.948 17.268 24.543 17.509 18.640 16.574 8.839 14.912
2.999 0.000 20.453 15.160 15.244 15.673 24.178 12.819 8.679 23.340 21.839 16.384 18.878 15.631 17.730 15.422 16.310 24.646 11.822 16.538 16.697 18.065 8.744 16.817 9.879 18.074 20.708 14.467 10.161 10.798 16.856 13.537 10.479 12.950 16.046 14.259 17.500 17.990 15.527 16.171 15.377 17.903 9.433 25.154 6.209 16.365 12.352 17.266 17.255 16.782 19.966 10.782 18.595 11.071 20.730 11.997 25.757 18.497 10.724 23.859 18.192 10.768 9.936 16.098 23.373 16.339 17.470 15.562 11.484 15.377
17.579 22.924 0.000 13.506 14.347 17.285 10.187 23.681 20.987 10.294 7.850 16.531 13.772 14.691 13.967 27.403 15.680 19.918 26.756 15.907 15.800 29.001 19.284 20.880 23.226 12.316 9.390 16.355 22.976 25.247 16.226 27.809 25.036 21.504 14.980 18.848 21.562 13.447 13.875 19.830 18.920 18.264 24.003 19.995 23.415 14.159 27.965 24.016 28.708 23.534 10.144 22.294 28.004 26.004 16.843 27.156 20.438 14.910 23.794 20.363 22.255 24.487 21.744 12.498 9.384 17.951 14.824 25.696 26.418 28.435
11.093 16.440 14.532 0.000 8.904 16.242 18.256 17.197 14.503 18.361 15.917 16.953 16.743 16.202 16.938 21.644 14.993 24.198 20.271 15.221 10.359 24.288 12.800 15.777 16.742 11.055 15.000 12.557 16.492 18.763 15.539 21.324 18.550 15.019 16.616 12.362 16.459 16.418 5.368 15.829 15.946 17.578 17.519 24.276 16.930 15.046 21.480 20.541 23.477 20.058 13.684 15.809 21.519 19.518 20.489 20.672 24.718 17.178 17.308 24.178 17.152 18.003 15.260 9.079 17.451 16.540 17.795 21.595 19.933 22.573
14.544 19.892 14.715 10.473 0.000 19.694 18.439 20.648 17.954 18.546 16.102 19.686 16.928 17.847 17.122 23.880 18.445 24.383 23.723 18.672 8.689 25.478 16.252 19.229 20.193 11.240 15.183 16.008 19.944 22.215 18.991 24.682 22.001 18.471 18.134 15.813 19.911 16.602 10.841 19.280 19.398 21.029 20.971 24.461 20.382 17.314 24.932 20.493 25.185 20.011 13.869 19.261 24.971 22.970 20.674 24.123 24.903 18.065 20.760 24.361 20.604 21.454 18.711 9.264 17.636 19.992 17.978 25.046 23.385 24.912
11.684 18.069 17.785 19.257 19.469 0.000 21.113 21.926 17.799 21.220 19.173 9.780 11.061 7.815 9.911 25.141 13.960 16.911 20.863 13.454 20.922 27.785 18.900 11.136 20.035 18.068 17.255 13.300 17.437 20.902 13.758 23.256 20.635 19.748 8.228 17.093 11.819 14.503 19.625 8.582 7.421 11.520 18.120 17.419 18.559 15.214 22.072 27.421 26.974 26.938 16.983 20.539 24.210 20.110 12.991 21.715 18.022 11.366 20.880 16.124 12.511 20.922 19.989 18.250 20.707 6.700 9.651 25.718 20.525 25.095
19.468 24.815 9.917 16.216 17.944 20.882 0.000 25.570 22.878 7.587 10.061 20.128 17.370 18.289 17.564 27.923 18.442 18.880 28.644 18.669 19.398 29.521 21.175 23.642 25.115 15.913 10.443 19.118 24.867 27.136 18.988 28.725 26.924 23.392 18.576 20.736 24.325 16.210 16.586 23.694 22.518 21.026 25.894 18.958 25.303 16.921 28.989 24.536 29.228 24.054 13.463 24.184 29.892 27.893 16.707 29.046 19.400 18.507 25.683 20.227 25.017 26.376 23.633 16.096 9.183 21.546 18.420 27.461 28.306 28.955
8.886 12.661 24.003 18.575 19.641 21.669 24.052 0.000 14.675 22.514 25.094 19.634 20.142 19.514 19.803 13.470 17.434 29.859 14.250 17.662 21.094 16.112 12.459 22.065 13.775 22.469 22.026 15.591 16.047 11.506 17.980 13.128 10.737 9.949 19.118 11.951 22.748 19.114 18.943 22.117 21.371 20.019 15.319 30.177 12.611 17.489 13.508 14.663 15.303 14.181 22.361 8.734 24.483 14.793 25.368 12.475 30.619 19.621 9.758 29.072 23.441 10.190 7.886 20.493 25.940 22.333 20.294 11.185 15.053 14.377
5.697 10.749 20.489 15.196 15.280 15.670 24.214 15.654 0.000 23.378 21.877 16.382 18.875 15.630 17.727 18.906 16.346 24.643 14.873 16.574 16.735 21.549 8.754 16.901 11.088 18.111 20.938 14.503 11.988 13.632 16.892 17.318 13.313 12.986 16.044 14.295 17.584 18.026 15.565 16.170 15.374 17.900 12.131 25.153 11.237 16.401 16.132 20.099 20.739 19.616 20.002 13.616 18.761 14.122 20.727 15.777 25.755 18.533 13.558 23.857 18.277 13.602 12.770 16.134 23.411 16.336 17.467 18.396 14.536 19.157
19.409 24.756 11.478 16.158 18.042 22.443 8.956 25.511 22.819 0.000 11.623 21.689 18.932 19.850 19.127 27.864 20.005 18.514 28.586 20.232 19.495 29.462 21.116 24.093 25.056 17.476 12.004 20.681 24.808 27.078 20.551 28.666 26.866 23.334 20.139 20.678 24.776 17.773 16.527 24.145 24.080 22.589 25.835 18.591 25.245 18.484 28.930 24.478 29.170 23.996 15.026 24.126 29.834 27.835 17.931 28.988 19.034 20.070 25.625 19.544 25.468 26.317 23.574 17.658 10.746 23.109 19.983 28.066 28.248 28.897
18.932 24.279 7.674 14.861 15.702 18.640 10.271 25.036 22.342 10.378 0.000 17.886 15.127 16.046 15.322 28.758 17.034 19.462 28.110 17.262 17.155 30.354 20.639 22.234 24.581 13.671 9.361 17.710 24.331 26.602 17.580 29.163 26.389 22.858 16.333 20.201 22.917 14.802 15.228 21.185 20.275 19.618 25.358 19.541 24.769 15.513 29.319 25.371 30.061 24.887 11.497 23.649 29.358 27.357 16.479 28.511 19.983 16.264 25.147 19.999 23.610 25.842 23.099 13.853 8.168 19.304 16.177 27.051 27.772 29.788
12.619 19.004 15.924 17.269 17.354 9.895 19.079 19.433 18.732 19.186 17.311 0.000 9.199 6.947 8.051 23.880 11.074 17.633 21.796 10.568 18.809 26.524 19.306 14.994 20.968 16.206 15.221 10.807 18.370 21.555 11.896 23.560 20.786 17.255 6.362 14.598 15.677 12.641 17.639 12.440 8.686 8.439 19.053 17.733 19.492 13.353 23.005 25.075 25.713 24.591 15.123 18.046 25.143 21.045 12.881 22.650 18.175 9.157 19.544 16.847 16.371 20.239 17.496 16.388 18.845 10.311 7.791 23.831 21.458 24.809
15.675 22.060 13.992 15.462 16.303 11.523 17.320 22.416 21.790 17.425 15.378 10.769 0.000 8.930 7.448 26.863 9.914 16.411 24.854 9.781 17.757 29.508 21.241 16.625 24.026 14.273 13.460 13.791 21.428 24.539 9.352 26.544 23.769 20.239 9.219 17.581 17.307 10.710 15.832 14.070 13.160 11.962 22.111 16.612 22.550 11.419 26.063 25.813 28.696 25.329 13.190 21.029 28.201 24.101 11.757 25.706 17.054 7.752 22.528 15.625 18.000 23.222 20.479 14.455 16.912 12.189 9.062 26.814 24.516 27.793
13.745 20.129 14.971 16.443 17.034 9.888 18.299 19.111 19.079 18.406 16.358 6.966 8.246 0.000 7.097 23.560 11.145 16.681 22.923 10.639 18.488 26.203 18.985 14.988 22.095 15.253 14.441 10.486 19.498 21.234 10.944 23.239 20.466 16.934 5.413 14.278 15.670 11.688 16.811 12.433 9.515 8.705 20.180 16.781 20.620 12.400 23.620 24.754 25.393 24.270 14.169 17.724 26.271 22.170 11.926 22.586 17.223 8.552 19.225 15.894 16.365 19.918 17.175 15.435 17.892 10.554 6.837 23.509 22.585 24.490
15.444 21.829 14.601 16.072 16.912 11.041 17.928 21.748 21.558 18.035 15.988 9.602 7.565 8.448 0.000 26.197 9.547 16.502 24.621 9.043 18.367 28.839 21.623 16.141 23.794 14.883 14.070 13.122 21.195 23.872 8.994 25.875 23.103 19.570 8.051 16.914 16.824 11.318 16.440 13.587 12.677 11.223 21.878 16.602 22.319 12.029 25.830 26.421 28.030 25.939 13.798 20.362 27.968 23.870 11.750 25.224 17.044 6.453 21.861 15.716 17.516 22.554 19.811 15.065 17.522 11.705 8.631 26.147 24.283 27.126
9.780 14.181 28.907 23.477 23.905 24.334 28.955 15.859 17.340 27.416 30.294 25.043 27.304 24.292 26.389 0.000 24.595 33.305 12.215 24.822 25.358 8.204 17.347 25.478 18.539 26.733 29.187 22.752 16.963 14.962 25.141 8.839 15.280 18.211 24.705 19.111 26.160 26.274 23.846 24.832 24.036 26.563 16.879 33.814 15.390 24.649 9.104 11.143 6.833 10.659 28.266 15.053 24.868 12.758 29.391 10.226 34.416 26.782 14.584 32.518 26.853 14.269 14.207 24.757 30.792 24.998 26.129 16.089 13.018 9.949
13.295 19.680 16.424 16.417 16.501 10.105 18.225 18.578 18.546 18.332 17.434 7.630 9.121 7.512 7.844 23.027 0.000 17.854 22.472 7.229 17.954 25.670 18.452 15.205 21.644 16.707 14.367 9.953 19.047 20.701 9.832 22.706 19.933 16.401 7.115 13.745 15.888 13.142 16.785 12.651 11.184 8.016 19.729 18.234 20.168 13.245 23.087 24.221 24.860 23.737 14.702 17.191 25.820 21.721 13.381 22.053 18.676 7.617 18.692 17.068 16.580 19.384 16.642 16.889 18.282 10.769 8.292 22.976 22.134 23.957
19.965 26.350 19.219 22.865 23.704 16.002 19.059 28.065 26.079 19.199 19.255 15.917 15.299 14.952 15.612 32.512 18.556 0.000 29.144 18.425 25.159 35.156 27.181 20.973 28.316 21.675 17.034 19.439 25.718 29.183 17.996 31.537 28.916 25.887 14.367 23.230 21.656 18.654 23.233 18.419 14.793 17.658 26.401 7.877 26.840 19.365 30.353 33.375 34.345 32.891 17.211 26.678 32.491 28.391 8.803 29.996 6.540 16.436 28.176 9.612 22.202 28.871 26.128 21.857 19.255 16.418 15.992 32.463 28.806 33.376
4.177 11.078 25.566 20.272 20.357 20.786 29.290 14.226 13.792 28.455 26.953 21.497 23.990 20.746 22.843 12.250 21.423 29.759 0.000 21.650 21.812 14.893 13.700 21.930 14.835 23.187 25.822 19.579 11.360 11.795 21.969 10.365 13.550 16.619 21.159 17.522 22.612 23.103 20.642 21.285 20.489 23.015 11.276 30.268 12.287 21.478 9.180 15.614 14.083 15.131 25.079 13.420 19.265 7.155 25.843 8.526 30.870 23.610 12.852 28.972 23.307 12.537 12.573 21.211 28.487 21.451 22.582 17.617 7.415 12.205
13.907 20.292 17.038 17.029 17.113 10.717 18.838 19.192 19.160 18.945 18.048 8.244 9.735 8.124 8.458 23.639 6.044 18.468 23.086 0.000 18.568 26.284 19.066 15.819 22.258 17.320 14.980 10.567 19.660 21.315 9.966 23.320 20.545 17.015 7.727 14.357 16.501 13.756 17.398 13.264 11.796 8.630 20.343 18.848 20.782 13.857 23.701 24.834 25.472 24.351 15.316 17.805 26.433 22.333 13.993 22.667 19.290 8.230 19.304 17.681 17.194 19.998 17.255 17.502 18.894 11.383 8.904 23.590 22.748 24.569
16.192 21.539 16.362 12.120 8.747 21.341 20.087 22.294 19.602 20.193 17.749 21.332 18.575 19.492 18.770 25.527 20.090 26.030 25.368 20.318 0.000 27.123 17.899 20.876 21.839 12.887 16.830 17.655 21.591 23.860 20.636 26.329 23.649 20.116 19.781 17.461 21.558 18.250 12.488 20.928 21.045 22.676 22.618 26.108 22.027 18.959 26.577 22.141 26.831 21.657 15.514 20.908 26.616 24.617 22.320 25.770 26.550 19.712 22.407 26.008 22.251 23.100 20.357 10.911 19.283 21.637 19.625 26.693 25.030 26.558
11.323 15.722 28.296 22.866 24.750 25.875 28.344 15.248 18.881 26.805 29.683 26.184 26.693 25.835 26.353 7.006 23.984 34.848 13.758 24.211 26.203 0.000 18.215 27.019 19.530 26.901 28.576 22.141 18.504 15.820 24.530 9.858 16.226 17.600 25.667 18.501 27.702 25.663 23.235 26.375 25.579 26.570 18.422 35.358 16.931 24.038 10.122 10.532 8.838 10.048 27.655 14.442 26.411 14.302 30.932 11.769 35.960 26.171 14.221 34.062 28.396 15.296 13.596 24.925 30.181 26.541 26.844 15.478 14.562 10.087
4.840 9.706 18.465 13.173 13.258 16.466 22.190 13.158 8.890 21.354 19.852 16.522 17.032 16.404 16.691 16.410 14.324 25.439 14.018 14.551 14.711 19.053 0.000 17.697 8.942 16.086 18.914 12.479 12.003 10.963 14.870 15.966 10.817 10.495 16.007 11.803 18.380 16.002 13.541 16.964 16.170 16.908 11.275 25.947 10.196 14.377 14.864 17.604 18.243 17.120 17.978 11.120 19.556 13.265 21.523 14.282 26.550 16.509 11.062 24.652 19.072 11.106 10.274 14.110 21.387 17.132 17.184 15.901 13.680 17.216
11.859 18.243 21.696 18.009 18.094 11.207 23.431 22.274 17.971 23.538 22.641 14.838 16.119 12.874 14.971 25.315 18.867 21.969 21.036 18.514 19.547 27.958 19.072 0.000 20.207 20.922 19.573 15.630 17.610 21.075 18.816 23.430 20.808 20.097 13.287 17.441 6.771 18.855 18.377 10.346 12.479 16.579 18.293 22.479 18.732 18.920 22.245 27.243 27.148 26.759 19.908 20.889 22.247 20.284 18.049 21.890 23.080 16.424 21.052 21.182 10.087 21.097 20.265 18.946 23.489 11.055 14.711 25.891 20.697 25.270
4.924 9.325 22.416 17.122 17.207 17.708 26.141 12.725 10.713 25.303 23.802 18.419 20.912 17.666 19.764 15.976 18.273 26.680 13.948 18.501 18.660 18.620 9.879 18.852 0.000 20.037 22.742 16.430 12.088 10.703 18.819 15.533 10.385 14.272 18.081 15.579 19.534 19.953 17.490 18.205 17.411 19.937 11.360 27.188 8.867 18.328 14.604 17.171 17.809 16.687 21.929 10.688 20.522 13.197 22.764 13.849 27.792 20.460 10.629 25.894 20.227 10.672 9.840 18.061 25.336 18.373 19.504 15.468 13.610 16.782
17.056 22.403 12.927 12.985 11.341 18.653 16.652 23.158 20.466 16.758 14.315 17.899 15.140 16.059 15.335 26.615 17.047 22.596 26.233 17.275 12.796 28.212 18.763 21.740 22.703 0.000 13.395 17.723 22.455 24.725 17.593 27.286 24.513 20.981 16.346 18.325 22.423 14.815 13.353 21.792 20.288 19.632 23.482 22.674 22.892 15.526 27.442 23.229 27.919 22.745 12.081 21.773 27.481 25.482 18.887 26.635 23.116 16.278 23.271 22.573 23.116 23.964 21.221 9.494 15.849 19.317 16.190 26.681 25.895 27.646
17.234 23.619 9.202 14.217 15.058 17.399 10.174 23.974 21.699 10.281 9.235 16.645 13.888 14.806 14.083 28.114 14.672 16.678 26.411 14.899 16.512 29.710 19.995 19.872 23.937 13.027 0.000 15.348 22.986 25.959 15.218 28.101 25.328 21.796 15.095 19.140 20.555 12.440 14.585 19.924 19.036 17.256 23.668 16.756 24.107 13.151 27.620 24.728 29.418 24.244 9.693 22.586 28.715 25.660 13.135 27.265 17.198 15.026 24.087 16.657 21.247 24.779 22.037 13.210 10.230 18.065 14.938 26.407 26.073 29.145
12.580 17.568 17.422 12.128 12.212 15.196 19.840 14.291 16.651 19.946 18.809 13.589 14.097 13.470 13.758 18.738 11.389 23.814 19.541 11.617 13.667 21.383 14.165 14.731 18.107 15.043 15.981 0.000 18.718 16.414 11.936 18.419 15.644 12.114 13.073 9.456 15.413 13.069 12.497 14.783 14.899 13.974 19.014 24.132 17.519 11.444 18.800 19.933 20.571 19.450 16.317 12.904 23.743 20.084 19.323 17.766 24.574 13.576 14.403 23.027 16.106 15.097 12.354 13.066 19.895 15.494 14.250 18.689 20.344 19.668
2.180 11.106 22.203 16.911 16.995 17.385 25.927 16.011 11.425 25.091 23.590 18.095 20.590 17.343 19.440 17.138 18.061 26.356 11.357 18.289 18.449 19.781 11.936 18.615 13.070 19.824 22.651 16.216 0.000 12.764 18.607 15.253 13.671 16.141 17.757 17.450 19.297 19.739 17.279 17.883 17.087 19.615 8.800 26.866 11.595 18.114 14.067 20.457 18.971 19.973 21.715 13.974 15.234 10.606 22.442 13.414 27.468 20.246 13.915 25.570 19.992 13.853 13.128 17.848 25.124 18.049 19.180 18.754 11.019 17.093
6.646 10.963 24.409 19.115 19.200 20.327 27.876 12.267 13.333 26.337 25.796 21.038 22.975 20.285 22.384 14.240 20.266 29.300 13.441 20.493 20.655 16.885 10.944 21.471 12.258 22.030 24.858 18.422 13.827 0.000 20.812 13.723 10.118 14.246 20.700 15.146 22.154 21.945 19.485 20.825 20.031 22.557 13.745 29.808 11.270 20.321 13.649 16.700 16.073 16.216 23.922 10.230 21.582 12.690 25.384 12.615 30.411 22.453 9.420 28.513 22.846 9.105 9.384 20.054 27.330 20.993 22.124 15.010 13.103 14.974
15.837 22.221 16.843 18.315 19.043 12.647 20.171 21.120 21.088 20.278 18.230 10.171 9.384 10.053 9.043 25.569 7.973 19.264 25.014 8.201 20.496 28.212 20.994 17.746 24.185 17.125 16.313 12.494 21.588 23.243 0.000 25.247 22.475 18.943 9.657 16.287 18.429 13.561 18.683 15.192 13.726 10.558 22.271 19.462 22.710 14.272 25.628 26.762 27.402 26.278 16.041 19.733 28.361 24.262 14.610 24.595 19.904 9.335 21.233 18.477 19.122 21.926 19.183 17.307 19.764 13.311 10.833 25.518 24.675 26.498
7.989 12.388 27.321 22.027 22.112 22.541 29.352 13.200 15.547 27.812 28.708 23.252 24.689 22.501 24.348 8.812 21.981 31.514 10.424 22.208 23.567 11.454 15.556 23.685 16.748 24.942 26.571 20.136 15.170 13.171 22.527 0.000 13.489 15.595 22.914 16.496 24.367 23.659 22.397 23.040 22.245 24.565 15.088 32.023 13.597 22.034 6.319 11.539 10.645 11.055 26.834 12.303 23.076 10.967 27.598 8.435 32.625 24.166 12.082 30.727 25.062 12.478 11.457 22.966 30.242 23.207 24.338 16.486 11.227 8.517
7.251 11.028 24.292 18.998 19.083 20.035 26.902 11.295 13.040 25.364 25.679 20.746 22.365 19.993 22.026 14.364 19.657 29.007 13.548 19.885 20.538 17.008 10.827 21.178 12.141 21.913 24.249 17.814 14.415 9.914 20.203 13.531 0.000 13.272 20.408 14.174 21.861 21.337 19.368 20.532 19.738 22.242 13.687 29.515 10.977 19.712 12.806 15.741 16.197 15.257 23.805 9.258 22.849 14.091 25.091 11.773 30.119 21.844 8.591 28.221 22.554 6.374 8.410 19.937 27.213 20.700 21.831 14.038 14.351 15.097
9.194 14.246 21.276 16.683 16.768 19.235 23.012 9.807 13.264 23.118 22.221 16.761 17.269 16.642 16.930 16.242 14.562 26.986 17.044 14.789 18.221 18.887 10.779 19.192 14.720 19.596 19.153 12.718 16.355 13.918 15.107 15.923 13.148 0.000 16.245 9.078 19.875 16.241 17.051 19.244 19.361 17.146 15.628 27.304 14.734 14.616 16.303 17.437 18.075 16.953 19.489 10.408 23.931 17.588 22.495 15.270 27.746 16.748 11.907 26.199 20.568 12.601 9.858 17.620 23.067 19.901 17.422 15.994 17.848 17.172
13.413 19.798 16.072 16.535 16.619 10.989 18.345 18.698 18.666 18.451 17.458 6.551 9.346 8.354 8.198 23.145 10.730 17.782 22.592 10.226 18.074 25.790 18.572 16.053 21.764 16.353 14.486 10.073 19.166 20.821 12.043 22.826 20.051 16.521 0.000 13.863 16.735 12.790 16.904 13.535 10.048 8.292 19.849 17.880 20.288 13.363 23.207 24.340 24.978 23.857 14.822 17.311 25.939 21.839 13.027 22.173 18.322 8.816 18.810 16.995 17.428 19.504 16.761 16.535 18.400 11.653 7.938 23.096 22.254 24.075
10.578 15.566 19.505 14.912 14.997 17.464 21.241 12.289 14.649 21.348 20.450 14.990 15.500 14.871 15.160 16.736 12.791 25.215 17.538 13.018 16.450 19.381 12.163 17.422 16.105 17.827 17.383 10.948 17.740 14.412 13.337 16.417 13.642 10.112 14.474 0.000 18.104 14.471 15.280 17.474 17.590 15.377 17.012 25.534 15.517 12.846 16.797 17.931 18.569 17.447 17.718 10.902 25.315 18.082 20.726 15.764 25.976 14.978 12.401 24.428 18.797 13.095 10.352 15.851 21.298 18.130 15.651 16.687 18.342 17.666
13.026 19.410 22.566 18.878 18.962 12.713 24.301 23.144 19.140 24.406 23.509 16.345 17.626 14.380 16.476 26.482 19.736 22.905 22.203 19.963 20.415 29.125 20.240 7.509 21.376 21.792 20.441 16.498 18.777 22.242 20.282 24.598 21.975 20.967 14.793 18.309 0.000 19.725 19.245 11.851 13.986 18.084 19.460 23.415 19.901 19.790 23.412 28.111 28.316 27.629 20.778 21.757 23.753 21.451 18.985 23.057 24.016 17.931 22.221 22.118 11.594 22.264 21.207 19.816 24.357 12.562 16.216 27.058 21.865 26.437
14.114 20.499 13.992 15.462 16.303 13.187 17.086 21.510 19.443 17.191 15.378 10.713 11.223 10.594 10.883 25.959 8.514 20.938 23.291 8.741 17.757 28.602 20.304 16.752 22.463 14.273 13.226 12.885 19.866 23.330 9.060 25.637 22.865 19.333 10.197 16.677 17.434 0.000 15.832 15.734 14.266 11.100 20.548 21.302 20.987 6.631 24.500 25.813 27.792 25.329 13.190 20.123 26.639 22.540 16.449 24.145 21.744 10.700 21.623 20.151 18.127 22.316 19.573 14.455 16.912 13.853 11.374 25.908 22.953 26.888
11.462 16.808 14.899 5.368 9.273 16.612 18.624 17.564 14.871 18.731 16.287 17.321 17.112 16.570 17.307 22.013 15.361 24.568 20.639 15.588 10.727 24.656 13.168 16.145 17.110 11.425 15.367 12.926 16.860 19.131 15.907 21.692 18.919 15.387 16.983 12.731 16.827 16.787 0.000 16.197 16.314 17.945 17.887 24.646 17.298 15.416 21.848 20.909 23.846 20.427 14.052 16.177 21.887 19.888 20.857 21.039 25.088 17.548 17.678 24.546 17.522 18.370 15.628 9.449 17.821 16.908 18.163 21.962 20.301 22.943
12.041 18.425 19.811 19.543 19.628 8.175 23.139 23.330 18.153 23.245 21.198 11.806 13.086 9.840 11.938 25.497 15.985 18.936 21.218 15.481 21.081 28.140 19.255 10.399 20.389 20.093 19.280 15.326 17.792 21.257 15.784 23.612 20.990 21.631 10.255 18.975 11.081 16.528 19.911 0.000 9.446 13.545 18.474 19.446 18.914 17.239 22.427 27.776 27.330 27.292 19.010 21.293 23.934 20.466 15.017 22.072 20.047 13.392 21.234 18.150 11.776 21.279 20.447 20.275 22.732 8.023 11.678 26.073 20.880 25.452
11.132 17.516 16.671 18.143 18.735 6.463 19.999 20.812 17.246 20.106 18.059 8.666 9.947 6.700 8.799 24.588 12.846 15.796 20.310 12.341 20.188 27.233 18.347 11.562 19.482 16.953 16.141 12.186 16.885 20.349 12.644 22.703 20.083 18.634 7.115 15.979 12.245 13.389 18.511 9.008 0.000 10.405 17.567 16.306 18.007 14.100 21.519 26.454 26.421 25.972 15.871 19.426 23.658 19.557 11.877 21.163 16.908 10.252 20.327 15.010 12.939 20.370 18.875 17.136 19.593 7.128 8.539 25.166 19.972 24.543
13.498 19.882 17.646 17.574 17.658 11.971 19.382 19.736 17.848 19.489 18.591 8.510 10.986 9.377 9.710 24.184 11.399 19.720 22.676 10.893 19.111 26.827 18.709 16.137 21.042 17.928 15.524 11.110 19.251 21.858 12.582 23.863 21.090 17.558 8.981 14.902 16.820 14.806 17.942 14.516 12.063 0.000 19.933 20.099 20.372 14.402 23.885 25.378 26.017 24.894 15.859 18.348 26.024 21.923 15.247 23.210 20.541 9.482 19.849 18.933 17.513 20.541 17.799 18.111 19.439 12.635 10.157 24.133 22.338 25.114
1.920 10.304 23.001 17.708 17.792 18.221 26.726 15.209 11.227 25.888 24.387 18.932 21.425 18.179 20.278 16.878 18.858 27.194 11.097 19.086 19.245 19.521 11.133 19.365 12.270 20.622 23.256 17.015 8.607 12.504 19.404 14.993 12.869 15.339 18.594 16.648 20.047 20.538 18.075 18.719 17.925 20.450 0.000 27.702 10.794 18.913 13.808 19.655 18.711 19.173 22.514 13.173 17.042 10.346 23.278 13.154 28.305 21.045 13.115 26.407 20.740 13.158 12.325 18.646 25.921 18.887 20.018 17.952 10.759 16.833
19.386 25.770 18.640 22.284 23.125 15.422 18.478 27.484 25.498 18.617 18.673 15.338 14.717 14.370 15.032 31.932 17.977 7.954 28.562 17.844 24.578 34.575 26.599 20.392 27.734 21.094 16.453 18.858 25.137 28.602 17.415 30.957 28.335 25.306 13.785 22.650 21.075 18.074 22.651 17.837 14.213 17.077 25.820 0.000 26.259 18.784 29.771 32.794 33.765 32.310 16.631 26.096 31.910 27.811 8.221 29.417 6.524 15.855 27.597 7.155 21.620 28.290 25.547 21.276 18.673 15.838 15.410 31.881 28.224 32.797
4.221 6.222 21.675 16.382 16.466 16.895 25.400 13.200 9.901 24.562 23.061 17.606 20.099 16.853 18.952 16.453 17.532 25.868 13.044 17.759 17.919 19.096 9.966 18.039 11.101 19.296 21.930 15.689 11.383 11.179 18.078 14.759 10.860 14.171 17.268 15.481 18.721 19.212 16.749 17.393 16.599 19.125 10.655 26.376 0.000 17.587 13.573 17.646 18.286 17.164 21.188 11.165 19.817 12.293 21.952 13.219 26.979 19.719 11.106 25.081 19.414 11.149 10.317 17.320 24.595 17.561 18.692 15.943 12.706 16.599
15.671 22.056 12.361 13.831 14.672 15.097 15.455 22.411 21.312 15.560 13.746 12.622 11.656 12.504 11.851 26.860 10.424 19.668 24.848 10.651 16.125 29.164 19.609 18.309 23.551 12.641 11.595 13.785 21.423 24.535 10.970 26.538 23.766 20.233 12.107 17.578 18.992 8.191 14.200 17.642 16.176 13.008 22.105 19.746 22.546 0.000 26.057 24.182 28.693 23.698 11.559 21.025 28.196 24.097 15.403 25.703 20.188 12.609 22.524 19.270 19.686 23.217 20.474 12.823 15.280 15.761 12.706 25.861 24.510 27.789
7.478 11.877 26.810 21.517 21.601 22.030 29.424 13.654 15.036 27.887 28.196 22.741 25.141 21.988 24.087 8.247 22.433 31.003 9.911 22.661 23.054 10.892 15.045 23.174 16.236 24.431 27.025 20.590 14.659 12.660 22.979 6.362 12.978 16.047 22.403 16.950 23.857 24.113 21.884 22.528 21.734 24.259 14.577 31.511 13.086 22.488 0.000 11.613 10.080 11.130 26.323 12.848 22.566 10.456 27.087 7.922 32.114 24.620 12.280 30.216 24.549 11.965 12.000 22.455 29.730 22.696 23.827 16.560 10.716 8.202
11.683 16.083 31.016 25.674 25.806 26.236 31.152 17.860 19.242 29.613 32.401 26.947 29.346 26.194 28.292 11.432 26.639 35.208 14.117 26.866 27.260 11.340 19.251 27.380 20.441 28.637 31.230 24.795 18.864 16.865 27.185 10.742 17.184 20.253 26.609 21.155 28.062 28.318 26.043 26.733 25.939 28.465 18.783 35.716 17.291 26.693 11.006 0.000 11.048 5.874 30.463 17.054 26.771 14.662 31.293 12.128 36.320 28.825 16.486 34.422 28.755 16.171 16.206 26.661 32.989 26.901 28.032 18.286 14.922 12.582
10.565 14.965 27.074 21.644 23.528 25.117 27.122 14.026 18.123 25.583 28.461 24.962 25.471 24.842 25.131 5.784 22.762 34.090 12.999 22.989 24.981 6.372 16.992 26.262 18.308 25.679 27.354 20.919 17.746 14.598 23.308 8.636 15.004 16.378 24.445 17.279 26.944 24.442 22.013 25.615 24.821 25.348 17.665 34.598 16.174 22.817 8.900 9.309 0.000 8.826 26.433 13.220 25.653 13.544 30.174 11.010 35.202 24.949 12.999 33.304 27.637 14.074 12.374 23.703 28.959 25.783 25.622 14.256 13.804 8.865
10.809 15.209 30.142 24.802 24.933 25.362 30.279 16.986 18.368 28.741 31.529 26.073 28.474 25.322 27.419 10.560 25.765 34.335 13.245 25.992 26.388 10.466 18.377 26.506 19.569 27.763 30.357 23.922 17.991 15.992 26.311 9.869 16.310 19.381 25.735 20.282 27.188 27.445 25.170 25.861 25.066 27.591 17.909 34.844 16.418 25.820 10.132 14.084 10.174 0.000 29.590 16.180 25.898 13.788 30.419 11.256 35.446 27.952 15.612 33.548 27.883 15.299 15.332 25.787 32.115 26.028 27.159 17.412 14.048 11.708
16.881 22.676 10.177 13.258 14.097 15.924 13.901 23.431 20.739 14.006 11.562 15.170 12.413 13.330 12.608 27.155 13.992 18.721 26.057 14.220 15.552 28.751 19.036 19.518 22.976 12.068 9.833 14.994 22.632 24.998 14.538 27.559 24.786 21.254 13.619 18.598 20.201 11.760 13.626 18.471 17.561 16.576 23.314 18.800 23.165 12.471 27.266 23.768 28.459 23.285 0.000 22.046 27.754 25.306 15.179 26.908 19.242 13.550 23.545 18.699 20.895 24.237 21.494 12.250 13.096 16.590 13.463 25.446 25.719 28.186
7.215 10.990 24.256 18.962 19.047 19.998 24.977 9.368 13.004 23.438 25.391 19.931 20.440 19.811 20.099 12.621 17.731 28.969 13.368 17.958 20.500 15.264 10.789 21.142 12.104 21.877 22.322 15.888 14.377 9.836 18.277 12.163 9.066 11.347 19.414 12.248 21.825 19.410 19.330 20.496 19.700 20.317 13.649 29.479 10.941 17.785 12.627 13.814 14.454 13.330 22.658 0.000 22.813 13.912 25.055 11.594 30.081 19.918 7.825 28.183 22.518 8.519 5.776 19.901 26.238 20.662 20.591 12.111 14.171 13.414
5.496 11.881 18.673 13.381 13.466 16.170 22.398 16.687 11.611 21.562 20.061 16.730 17.239 16.128 16.899 18.845 14.532 25.141 14.675 14.759 14.919 21.488 9.641 17.314 13.583 16.294 19.122 12.687 12.660 14.604 15.078 16.960 14.447 13.278 16.215 14.201 17.996 16.210 13.749 16.668 15.872 17.116 11.932 25.651 12.371 14.585 15.774 21.233 20.678 20.750 18.186 14.750 0.000 13.922 21.227 15.420 26.252 16.717 14.691 24.354 18.689 14.734 13.902 14.318 21.595 16.834 17.392 19.530 14.337 18.800
4.446 11.347 25.835 20.541 20.626 21.055 29.560 13.987 14.061 28.706 27.221 21.766 24.259 21.013 23.112 11.779 21.692 30.028 8.584 21.920 22.079 14.422 13.967 22.199 15.104 23.456 26.090 19.849 11.627 12.063 22.238 9.895 13.311 16.382 21.428 17.282 22.882 23.372 20.909 21.553 20.759 23.285 11.546 30.536 12.556 21.747 8.709 15.144 13.613 14.662 25.348 13.181 19.534 0.000 26.112 8.246 31.139 23.879 12.614 29.241 23.574 12.300 12.335 21.480 28.755 21.721 22.852 17.379 8.246 11.734
18.236 24.621 15.637 19.062 19.902 14.273 15.475 26.336 24.351 16.567 15.670 14.188 13.570 13.223 13.883 30.783 16.827 9.950 27.415 16.696 21.357 33.427 24.841 19.244 26.587 17.873 13.232 17.710 23.989 27.454 16.267 29.808 27.187 24.158 12.637 21.501 19.927 16.105 19.430 16.690 13.064 15.929 24.672 9.853 25.111 16.814 28.624 29.573 32.616 29.089 13.408 24.949 30.762 26.662 0.000 28.267 10.295 14.707 26.447 9.385 20.473 27.142 24.399 18.055 16.518 14.689 14.263 30.734 27.077 31.647
5.379 9.410 24.341 19.049 19.134 19.563 28.066 12.527 12.569 26.597 25.729 20.272 22.767 19.521 21.618 13.788 20.200 28.534 12.173 20.427 20.587 16.431 12.440 20.707 13.756 21.962 24.598 18.355 12.562 10.060 20.746 12.157 10.378 14.506 19.934 15.407 21.389 21.878 19.417 20.061 19.265 21.792 12.479 29.044 10.619 20.253 11.432 16.011 15.621 15.527 23.854 10.490 20.317 11.425 24.620 0.000 29.645 22.385 9.680 27.747 22.082 9.365 9.644 19.986 27.262 20.227 21.358 15.270 11.838 14.126
20.966 27.351 19.335 22.761 23.600 17.003 18.348 29.066 27.081 18.488 19.369 16.918 16.300 15.953 16.613 33.513 19.557 6.430 30.145 19.426 25.055 36.157 28.182 21.974 29.316 21.571 16.930 20.440 26.719 30.184 18.997 32.538 29.917 26.888 15.367 24.231 22.657 19.655 23.129 19.420 15.794 18.659 27.402 8.338 27.841 20.366 31.354 33.271 35.346 32.788 17.107 27.678 33.492 29.392 9.803 30.997 0.000 17.437 29.177 8.072 23.203 29.872 27.129 21.753 18.543 17.419 16.992 33.463 29.807 34.377
15.278 21.662 15.114 16.586 17.425 10.873 18.442 21.582 21.390 18.549 16.501 9.436 7.659 8.280 6.382 26.030 9.807 17.535 24.454 9.303 18.880 28.673 21.455 15.975 23.626 15.396 14.584 12.956 21.029 23.704 9.254 25.709 22.936 19.404 7.883 16.748 16.657 11.832 16.953 13.420 12.510 11.175 21.712 17.733 22.151 12.543 25.663 26.935 27.863 26.453 14.312 20.194 27.802 23.703 12.881 25.056 18.175 0.000 21.695 16.748 17.350 22.387 19.645 15.578 18.035 11.539 9.060 25.979 24.117 26.960
7.352 11.127 24.392 19.099 19.183 20.135 25.576 9.969 13.141 24.038 25.778 20.531 21.039 20.093 20.700 12.433 18.332 29.106 12.852 18.559 20.636 15.078 10.925 21.279 12.241 22.013 22.923 16.488 14.513 9.219 18.878 11.916 8.592 11.946 20.015 12.848 21.961 20.011 19.466 20.633 19.837 20.916 13.785 29.616 11.078 18.386 12.111 14.415 14.266 13.931 23.259 7.967 22.927 13.395 25.192 11.078 30.217 20.518 0.000 28.319 22.654 7.902 7.119 20.037 26.837 20.799 21.192 12.712 13.655 13.167
18.499 24.884 16.696 20.122 20.961 14.536 15.709 26.597 24.613 15.849 16.730 14.451 13.831 13.485 14.146 31.046 17.090 10.339 27.676 16.957 22.416 33.688 25.713 19.505 26.849 18.932 14.291 17.971 24.250 27.715 16.528 30.071 27.448 24.419 12.900 21.764 20.188 17.164 20.489 16.951 13.327 16.190 24.933 10.242 25.374 17.874 28.885 30.632 32.879 30.148 14.468 25.211 31.023 26.924 7.336 28.530 10.684 14.968 26.710 0.000 20.734 27.403 24.660 19.114 15.904 14.952 14.525 30.996 27.338 31.910
12.721 19.105 22.260 18.572 18.657 12.738 23.996 22.839 18.835 24.101 23.204 16.368 17.649 14.403 16.501 26.177 19.430 22.599 21.897 19.657 20.110 28.820 19.934 10.417 21.071 21.487 20.136 16.193 18.472 21.936 19.976 24.292 21.670 20.661 14.818 18.004 11.100 19.420 18.940 11.874 14.009 18.108 19.154 23.109 19.595 19.485 23.106 27.806 28.010 27.324 20.473 21.451 21.306 21.146 18.680 22.752 23.711 17.954 21.916 21.813 0.000 21.959 20.902 19.511 24.052 12.585 16.241 26.753 21.559 26.131
7.592 11.367 24.633 19.339 19.424 20.375 26.414 10.805 13.381 24.874 26.018 21.085 21.877 20.334 21.536 13.571 19.167 29.346 12.452 19.395 20.877 16.215 11.166 21.519 12.482 22.254 23.759 17.324 14.754 8.818 19.713 12.433 6.329 12.783 20.747 13.684 22.202 20.847 19.707 20.873 20.077 21.753 14.026 29.856 11.318 19.222 11.711 15.251 15.404 14.767 24.094 8.767 22.527 12.995 25.432 10.677 30.458 21.354 7.957 28.560 22.895 0.000 7.921 20.278 27.552 21.039 22.027 13.548 13.255 14.304
6.439 10.216 23.480 18.186 18.270 19.222 24.201 8.592 12.228 22.663 24.614 19.154 19.664 19.036 19.323 11.845 16.956 28.195 12.592 17.184 19.725 14.487 10.014 20.366 11.328 21.101 21.546 15.111 13.602 9.060 17.502 11.387 8.292 10.570 18.640 11.471 21.049 18.634 18.555 19.720 18.926 19.541 12.874 28.703 10.165 17.009 11.851 13.038 13.678 12.556 21.883 5.848 22.037 13.135 24.279 10.817 29.306 19.141 7.050 27.408 21.741 7.743 0.000 19.125 25.462 19.888 19.816 11.335 13.395 12.637
15.252 20.597 12.959 11.179 9.267 18.683 16.683 21.354 18.660 16.788 14.344 17.928 15.170 16.089 15.365 24.539 17.077 22.625 24.428 17.305 10.720 26.135 16.957 19.934 20.899 9.482 13.427 16.716 20.649 22.921 17.623 25.341 22.709 19.176 16.378 16.521 20.617 14.845 11.548 19.986 20.103 19.661 21.676 22.703 21.088 15.556 25.605 21.152 25.843 20.669 12.111 19.967 25.677 23.677 18.916 24.829 23.145 16.307 21.467 22.605 21.311 22.160 19.417 0.000 15.878 19.348 16.222 25.752 24.091 25.570
20.586 25.933 9.326 16.514 17.354 20.292 9.375 26.688 23.996 9.481 8.165 19.538 16.781 17.698 16.976 29.219 18.107 18.793 29.762 18.334 18.809 30.815 22.293 23.307 26.233 15.325 10.323 18.783 25.985 28.254 18.653 30.021 28.043 24.510 17.987 21.855 23.989 15.875 16.882 22.839 21.929 20.691 27.012 18.871 26.421 16.586 30.285 25.832 30.523 25.349 13.151 25.302 31.010 29.011 16.371 30.164 19.313 17.918 26.801 19.892 24.682 27.494 24.751 15.507 0.000 20.958 17.831 28.325 29.424 30.250
11.054 17.438 18.264 18.754 18.838 6.628 21.592 22.345 17.168 21.699 19.651 10.258 11.539 8.293 10.391 24.510 14.438 17.389 20.232 13.934 20.292 27.155 18.269 11.045 19.404 18.546 17.733 13.779 16.807 20.271 14.237 22.625 20.005 20.227 8.708 17.571 11.727 14.981 19.122 8.491 7.899 11.998 17.489 17.899 17.928 15.693 21.441 26.791 26.343 26.307 17.463 20.308 23.580 19.479 13.470 21.085 18.501 11.845 20.249 16.602 12.420 20.292 19.460 18.728 21.185 0.000 10.131 25.088 19.894 24.465
14.661 21.046 14.867 16.339 17.178 10.258 18.195 21.776 20.776 18.302 16.254 9.631 8.142 7.665 6.993 26.225 11.400 16.769 23.840 11.036 18.633 28.868 21.650 15.358 23.012 15.149 14.337 13.151 20.414 23.879 10.840 25.904 23.131 19.599 8.078 16.943 16.041 11.585 16.707 12.804 11.894 11.370 21.097 16.869 21.536 12.296 25.049 26.688 28.058 26.206 14.065 20.389 27.187 23.087 12.016 24.692 17.311 8.448 21.890 15.982 16.735 22.582 19.840 15.331 17.788 10.924 0.000 26.174 23.502 27.155
15.639 20.986 17.818 12.388 14.272 20.788 17.866 21.741 19.049 16.327 19.205 21.500 20.142 20.747 20.337 18.835 19.538 27.691 23.209 19.765 15.725 20.431 17.346 20.323 21.286 16.423 18.286 17.103 21.038 23.308 20.084 19.635 23.096 19.564 21.162 16.908 21.006 19.817 12.757 20.375 20.492 22.124 22.065 27.770 21.475 19.593 19.901 15.448 20.139 14.965 17.177 20.356 26.064 23.753 23.889 21.220 28.212 21.280 21.855 27.669 21.699 22.547 19.804 14.447 19.703 21.085 21.194 0.000 24.012 19.866
3.913 10.814 25.302 20.008 20.093 20.522 29.027 15.105 13.528 28.189 26.688 21.233 23.727 20.480 22.579 13.129 21.159 29.495 7.349 21.387 21.546 15.773 13.434 21.666 14.571 22.923 25.557 19.316 11.094 11.530 21.705 11.244 13.632 17.500 20.895 18.400 22.349 22.839 20.376 21.020 20.226 22.752 11.012 30.003 12.023 21.214 10.060 16.495 14.962 16.011 24.815 13.745 19.001 6.892 25.579 9.404 30.606 23.346 12.934 28.708 23.041 12.621 12.898 20.947 28.222 21.188 22.319 18.497 0.000 13.083
9.897 14.298 29.229 23.937 24.022 24.451 29.664 14.408 17.457 28.124 30.616 25.160 25.895 24.409 25.556 8.487 23.187 33.422 12.332 23.415 25.475 11.130 17.282 25.595 18.598 26.850 27.779 21.344 17.080 14.889 23.733 7.964 15.293 16.801 24.822 17.704 26.277 24.867 24.305 24.949 24.153 25.771 16.996 33.931 15.507 23.242 8.228 11.851 10.320 11.367 28.114 13.511 24.985 12.875 29.508 10.343 34.533 25.374 13.290 32.635 26.970 14.364 12.663 24.874 31.501 25.115 26.047 16.797 13.135 0.000
0.0000 1.6386 9.5854 6.8795 6.7508 7.1325 11.3960 4.8678 2.1645 13.6365 10.0720 7.2246 8.6468 7.2645 8.1865 5.8132 7.3944 11.4523 2.3409 7.3658 7.6305 6.7822 2.7618 7.8397 2.2115 7.8085 10.2779 6.0167 0.8786 2.4914 7.3602 4.7815 2.9058 4.7784 7.4629 6.0377 7.9785 7.5836 6.9503 6.5268 6.9469 7.4750 0.5051 11.3551 1.8015 7.2228 4.1388 8.0089 6.4209 8.1287 8.6450 3.6857 5.5714 2.0390 10.3127 3.7086 11.8091 8.1599 3.4960 11.2417 8.5937 3.0933 3.4974 7.1380 10.7029 7.3816 7.9036 6.1538 2.0101 5.1550
1.5852 0.0000 8.8650 6.1591 6.0304 6.4121 10.6756 4.1145 1.4441 12.9161 9.3516 6.5042 7.9264 6.5441 7.4661 5.8810 6.6740 10.7319 3.4371 6.6454 6.9101 6.8500 2.0084 7.1193 1.4582 7.0881 9.5575 5.2963 2.3707 2.4506 6.6398 4.8493 2.1524 4.0250 6.7425 5.2844 7.2581 6.8632 6.2299 5.8064 6.2265 6.7546 1.7866 10.6347 0.2318 6.5024 4.2065 7.2555 6.4887 7.3753 7.9246 2.9324 7.0634 3.1351 9.5923 3.6918 11.0888 7.4395 2.7426 10.5213 7.8733 2.7961 2.7440 6.4176 9.9825 6.6612 7.1832 5.4004 3.1063 5.2228
10.1428 9.8344 0.0000 3.8640 4.2526 6.4641 2.0429 9.8202 8.1705 2.3172 0.7188 6.0748 4.3411 5.1275 4.6131 14.7341 5.4292 6.9469 12.4837 5.4006 5.1323 16.0102 8.3333 9.6883 9.7702 3.1530 1.6823 5.9677 9.4044 10.8732 5.3950 12.2139 9.9680 8.3232 5.4303 7.2560 9.8271 4.0803 3.9347 7.3671 7.4682 6.2272 9.5566 7.1445 9.9972 4.3671 13.3518 13.1044 16.4296 13.2242 1.9117 8.9642 13.8701 12.1817 5.5293 12.0702 7.3769 4.7863 9.5332 7.1201 10.4422 9.9451 8.9200 3.3463 1.3498 6.7131 4.8582 12.3483 12.1529 14.7949
6.6515 6.3431 4.3899 0.0000 1.2856 6.1649 6.2005 6.3290 4.6792 6.4748 4.8765 6.2570 5.4641 6.2968 5.7362 9.1423 5.1873 9.2545 8.9925 5.1587 2.1652 10.1113 4.8420 6.2279 6.2789 2.0590 4.7879 3.7477 5.9132 7.3820 5.1531 8.7227 6.4767 4.8320 6.4952 3.7647 6.3667 5.2033 0.0708 5.9234 5.9793 5.9854 6.0654 9.4521 6.5060 5.0157 9.8606 11.2578 9.7500 11.3776 3.4440 5.4730 10.3789 8.6905 7.8318 8.5789 9.6845 5.9529 6.0420 8.7944 6.9818 6.4539 5.4287 1.3885 5.5074 6.5403 5.9812 8.3488 8.6616 8.5667
8.4482 8.1398 4.4334 2.1694 0.0000 7.9616 6.2440 8.1257 6.4759 6.5183 4.9200 7.2413 5.5076 6.2940 5.7796 12.8831 6.9840 9.2980 10.7892 6.9554 1.4063 14.1592 6.6387 8.0246 8.0756 2.1025 4.8314 5.5444 7.7099 9.1787 6.9498 13.6156 8.2734 6.6287 6.5968 5.5614 8.1634 5.2468 2.2402 7.7201 7.7760 7.7821 7.8621 9.4956 8.3027 5.5336 11.6572 11.2535 14.5786 11.3732 3.4875 7.2696 12.1756 10.4872 7.8753 10.3756 9.7280 5.9528 7.8387 8.8379 8.7785 8.2506 7.2254 1.4320 5.5509 8.3370 6.0247 10.1455 10.4583 12.9439
6.8509 6.8322 6.6390 7.1226 7.7488 0.0000 8.5112 9.5834 6.7452 8.7855 7.1255 2.1665 2.7059 1.3236 2.2457 11.7344 2.9969 5.4780 9.1919 2.8593 8.6285 12.7034 7.9553 3.1439 7.4051 6.4116 6.4729 4.2454 6.6804 8.3934 3.8778 10.7027 8.0993 8.0864 1.5220 7.0192 3.2828 4.5333 7.1933 1.1923 1.0282 2.7398 7.0523 5.3807 6.9950 4.8201 10.0600 13.2024 12.3421 13.3222 5.3212 8.7274 10.5675 8.8899 4.3384 9.5452 5.8348 2.5584 8.6895 5.2674 3.8979 8.7430 8.6832 6.6049 7.7565 0.5383 1.9628 11.3473 8.8610 11.0762
11.9655 11.6571 2.0103 5.6942 6.0307 8.2421 0.0000 11.6430 9.9932 0.7976 1.9609 7.8528 6.1191 6.9055 6.3912 15.1880 6.8419 6.5596 14.3065 6.8133 6.9103 16.4641 10.1560 11.1010 11.5929 4.9310 2.7551 7.3804 11.2272 12.6960 6.8077 15.9205 11.7907 10.1460 7.2083 9.0787 11.2398 5.4930 5.7650 10.7965 9.2462 7.6399 11.3794 6.7572 11.8200 5.7798 16.1019 13.5584 16.8835 13.6781 4.2655 10.7870 15.6929 14.0045 5.2667 13.8930 6.9896 6.5643 11.3560 6.8574 11.8549 11.7679 10.7427 5.1243 1.2680 8.4911 6.6362 13.3498 13.9756 15.2488
5.1062 3.7649 10.8332 8.0736 7.2412 9.9331 10.7607 0.0000 4.9650 10.1648 10.9400 8.0773 7.9238 8.3453 7.8303 4.2126 7.2226 13.4127 4.2651 7.1939 8.1208 5.1816 4.1177 9.7391 4.0755 8.2988 10.1559 5.8449 5.8916 3.0077 7.1883 3.7702 2.3988 2.1871 8.2123 3.9242 9.8779 7.4118 8.1444 9.4346 9.7474 8.0206 5.3076 14.1522 3.5003 7.0509 4.2657 5.0773 4.8203 5.1971 10.1067 1.7211 10.5844 4.9476 11.0065 3.6265 14.3847 7.9881 1.9640 13.2021 10.4931 2.3759 1.5328 7.6283 11.8730 10.1821 8.5544 2.5890 4.7304 3.6143
2.8230 2.1212 7.9653 5.2594 5.1308 5.8678 9.7760 5.3504 0.0000 12.0164 8.4519 5.9598 7.3820 5.9997 6.9218 7.6268 5.7743 10.1876 5.1639 5.7457 6.0104 8.5958 1.5123 6.4976 1.9271 6.1884 8.7077 4.3966 3.0103 3.6865 5.7401 6.6763 3.3883 3.5385 6.1981 4.7979 6.6365 5.9636 5.3302 5.2620 5.6822 6.2102 3.0244 10.0903 2.2840 5.6027 6.0336 8.4914 8.2344 8.6112 7.0249 4.1683 6.8974 4.8619 9.0480 5.5188 10.5444 6.5399 3.9785 9.9769 7.2516 4.0320 3.9799 5.5179 9.0828 6.1168 6.6389 6.6363 4.8331 7.0499
11.9727 11.6643 2.8301 5.7014 6.6143 9.0620 0.8780 11.6502 10.0004 0.0000 2.7808 8.6727 6.9390 7.7254 7.2110 15.1952 7.6618 6.4823 14.3137 7.6332 7.4940 16.4714 10.1632 11.5491 11.6002 5.7509 3.5750 8.2003 11.2344 12.7032 7.6275 15.9277 11.7980 10.1532 8.0282 9.0859 11.6879 6.3129 5.7722 11.2446 10.0661 8.4598 11.3866 6.6800 11.8272 6.5997 16.1091 13.5656 16.8907 13.6854 5.0854 10.7942 15.7001 14.0117 5.7284 13.9002 6.9124 7.3842 11.3632 6.9161 12.3031 11.7751 10.7499 5.9442 2.0879 9.3110 7.4561 13.7110 13.9828 15.2560
10.6293 10.3209 0.7188 4.3505 4.7392 6.9506 1.9935 10.3068 8.6570 2.2678 0.0000 6.5613 4.8276 5.6141 5.0997 15.2206 5.9158 6.1808 12.9703 5.8872 5.6188 16.4968 8.8198 10.1749 10.2567 3.6396 1.1045 6.4543 9.8910 11.3598 5.8815 12.7005 10.4546 8.8098 5.9169 7.7425 10.3137 4.5669 4.4213 7.8537 7.9547 6.7138 10.0432 6.3785 10.4838 4.8537 13.8384 13.5910 16.9162 13.7108 2.3983 9.4508 14.3567 12.6683 4.4763 12.5568 6.6109 5.2728 10.0198 6.0671 10.9288 10.4317 9.4065 3.8328 0.8337 7.1997 5.3448 12.8349 12.6394 15.2815
7.1003 7.0815 5.6591 6.3449 6.2163 1.7524 8.0151 8.1198 6.9946 8.2894 6.1456 0.0000 1.7260 0.7959 1.2658 10.9331 1.5135 5.6329 9.4412 1.3759 7.0959 11.9021 8.0251 4.6071 7.6544 5.4317 5.9768 2.7817 6.9297 8.8765 2.8979 10.5135 8.2676 6.6228 0.5190 5.5556 4.7460 3.5534 6.4157 2.6555 1.1229 1.1613 7.3017 6.1361 7.2444 3.8402 10.3093 11.7978 11.5408 11.9176 4.3413 7.2638 10.8169 9.1393 3.8051 9.7945 6.3685 1.2729 7.8328 5.4223 5.3611 8.2447 7.2195 5.6249 6.7766 1.7984 0.9829 10.1396 9.1104 10.3576
9.5133 9.4946 4.5048 4.9884 5.3771 2.9229 6.3771 9.6084 9.4076 6.6513 4.9914 2.5336 0.0000 1.5863 0.7071 12.4217 2.0068 4.9954 11.8543 1.2178 6.2567 13.3907 9.4577 5.7776 10.0675 4.2775 4.3387 4.2703 9.3428 10.3651 1.4172 12.0021 9.7561 8.1114 1.8891 7.0441 5.9164 2.3992 5.0592 3.8259 3.9270 1.8586 9.7147 5.4986 9.6574 2.6860 12.7223 14.2289 13.0294 14.3487 3.1871 8.7523 13.2299 11.5523 3.1676 12.2076 5.7310 0.6905 9.3214 4.7848 6.5315 9.7333 8.7081 4.4707 5.6223 3.1719 1.3170 11.6282 11.5234 11.8461
7.0237 7.0049 5.3153 5.7989 6.3563 2.2685 7.1876 8.2598 7.4723 7.4619 5.8019 0.8429 1.3823 0.0000 0.9221 11.0732 1.6733 5.2892 9.3647 1.5357 7.2359 12.0422 8.1651 5.1232 7.5778 5.0880 5.1492 2.9217 6.8532 9.0165 2.5542 10.6535 8.4076 6.7628 0.1984 5.6956 5.2620 3.2097 5.8697 3.1715 1.4847 1.4162 7.2251 5.7924 7.1678 3.4965 11.1491 11.9378 11.6808 12.0576 3.9976 7.4038 10.7403 9.0627 3.4614 10.5098 6.0248 1.2348 7.9728 5.0785 5.8772 8.3847 7.3596 5.2812 6.4329 2.5175 0.6392 10.2796 9.0338 10.4976
8.5966 8.5778 4.9038 5.3874 5.7761 2.6371 6.7761 9.2289 8.4908 7.0504 5.3904 1.8120 0.7071 1.3005 0.0000 12.0422 1.0613 5.1745 10.9375 0.9237 6.6557 13.0112 9.1342 5.4918 9.1507 4.6765 4.7377 3.8908 8.4260 9.9856 1.1873 11.6226 9.3767 7.7319 1.1675 6.6646 5.6306 2.7982 5.4582 3.5401 3.6412 1.5644 8.7980 5.6777 8.7406 3.0850 11.8056 14.6279 12.6499 14.7477 3.5861 8.3729 12.3132 10.6355 3.3467 11.4789 5.9101 0.3127 8.9419 4.9639 6.2457 9.3538 8.3286 4.8697 6.0214 2.8861 1.1468 11.2487 10.6067 11.4666
5.6248 5.2121 15.3168 12.5573 11.1521 11.5338 15.2443 4.8986 6.5733 14.6485 15.8034 11.6259 11.6266 11.6658 12.5879 0.0000 10.9254 15.8537 3.5186 10.8967 12.0318 0.8719 6.6419 12.2410 6.5873 12.2098 13.8587 9.5477 6.5034 4.9290 10.8911 2.0573 4.9034 6.5624 11.8642 7.6270 12.3799 11.1146 12.6281 10.9281 11.3482 11.8763 6.1299 15.7564 5.4439 10.7537 2.2387 2.9404 0.6077 3.0602 14.6183 4.3697 10.4023 4.2011 14.7140 2.8800 16.2105 11.6909 4.9802 15.6430 12.9950 4.7129 4.1814 11.5393 15.7927 11.7829 12.3049 7.0726 3.9839 1.1984
7.9731 7.9544 6.0739 5.9327 5.8040 2.5253 7.6029 7.7075 6.9200 7.8771 6.3487 0.9206 1.3770 1.1887 0.9992 10.5209 0.0000 6.2560 10.3141 0.4555 6.6836 11.4899 7.6129 5.3800 8.5273 5.8466 5.5645 2.3694 7.8026 8.4643 1.1668 10.1012 7.8553 6.2105 1.0557 5.1433 5.5188 3.9683 6.0034 3.4283 1.9546 0.8639 8.1745 6.5509 8.1172 3.9620 10.5968 11.3855 11.1286 11.5053 5.5153 6.8515 11.6897 10.0121 4.2200 9.9575 6.7833 0.8314 7.4206 6.0454 6.1339 7.8324 6.8073 6.0398 7.2816 2.7743 1.3977 9.7273 9.9832 9.9453
11.4657 11.4469 6.9853 8.5879 8.9766 5.7642 6.5888 12.9604 11.3599 6.6525 6.2110 5.5435 4.9571 5.0321 5.2292 15.7738 6.7186 0.0000 13.8066 5.9296 9.8562 16.7428 12.5700 8.3705 12.0198 7.8770 5.7208 7.6224 11.2951 13.0081 6.1290 15.3174 12.7140 11.4634 4.8991 10.3962 8.5094 6.7492 8.6587 6.4189 5.1347 6.1168 11.6671 0.7917 11.6097 7.0360 14.6747 17.8284 16.3815 17.9482 5.6716 12.1044 15.1823 13.5046 1.7900 14.1599 0.4203 5.4023 12.6735 1.2555 8.8017 13.0853 12.0602 8.0702 6.5752 5.8102 4.9514 14.9802 13.4758 15.6909
2.3409 3.1674 11.8688 9.1629 9.0343 9.4159 13.6795 4.2576 4.4479 15.9199 12.3554 9.5080 10.9302 9.5479 10.4700 3.7070 9.6778 13.7358 0.0000 9.6492 9.9139 4.6760 5.0452 10.1231 4.4949 10.0919 12.5613 8.3001 3.2196 3.0063 9.6436 2.6752 3.6258 5.9475 9.7463 7.0122 10.2620 9.8671 9.2337 8.8102 9.2303 9.7584 2.8460 13.6385 3.3992 9.5062 2.0325 5.9036 4.3147 6.0234 10.9284 3.8360 7.1185 0.9172 12.5961 1.6024 14.0926 10.4434 3.7026 13.5251 10.8771 3.4353 3.6477 9.4214 12.9863 9.6650 10.1871 6.2416 0.7001 3.0488
8.1327 8.1140 6.2335 6.0923 5.9636 2.6848 7.7625 7.8671 7.0796 8.0367 6.5083 1.0802 1.5366 1.3483 1.1588 10.6805 0.2255 6.4156 10.4737 0.0000 6.8432 11.6495 7.7725 5.5396 8.6869 6.0062 5.7241 2.5290 7.9622 8.6238 1.1508 10.2608 8.0149 6.3701 1.2153 5.3029 5.6784 4.1279 6.1630 3.5879 2.1142 1.0235 8.3341 6.7105 8.2768 4.1216 10.7564 11.5451 11.2882 11.6649 5.6749 7.0111 11.8493 10.1717 4.3796 10.1171 6.9429 0.9910 7.5802 6.2050 6.2935 7.9920 6.9669 6.1994 7.4412 2.9339 1.5573 9.8869 10.1428 10.1049
9.3279 9.0195 5.3130 3.0491 1.4063 8.8412 7.1237 9.0053 7.3556 7.3980 5.7996 8.1209 6.3872 7.1737 6.6593 13.7627 7.8637 10.1776 11.6688 7.8351 0.0000 15.0389 7.5184 8.9042 8.9553 2.9821 5.7111 6.4240 8.5895 10.0583 7.8294 14.4952 9.1531 7.5083 7.4765 6.4411 9.0431 6.1265 3.1198 8.5998 8.6556 8.6617 8.7417 10.3752 9.1823 6.4133 12.5369 12.1331 15.4582 12.2529 4.3671 8.1493 13.0552 11.3668 8.7550 11.2553 10.6076 6.8324 8.7183 9.7175 9.6582 9.1302 8.1051 2.3117 6.4306 9.2167 6.9043 11.0251 11.3380 13.8235
6.0475 5.6349 14.9519 12.1923 13.1052 11.9566 14.8794 4.5336 6.9960 14.2835 15.4384 11.4151 11.2617 12.0885 11.1682 0.5018 10.5604 16.2764 3.9413 10.5318 13.9849 0.0000 6.4013 12.6638 6.3591 13.8786 13.4937 9.1827 6.9262 4.4092 10.5262 2.1687 4.3651 6.1975 11.5502 7.2621 12.8026 10.7496 12.2631 11.3509 11.7710 11.3584 6.5526 16.1791 5.8666 10.3888 2.3501 2.5755 0.9054 2.6953 14.2533 4.0047 10.8251 4.6238 15.1368 3.3027 16.6332 11.3259 3.7107 16.0658 13.4177 4.1931 3.8164 13.2082 15.4277 12.2056 11.8923 6.7077 4.4067 1.4970
2.8507 1.7931 7.3539 4.6479 4.5193 6.6119 9.1645 4.2038 1.5473 11.4050 7.8404 6.0176 5.8641 6.2857 5.7706 6.4802 5.1629 10.9317 5.1917 5.1342 5.3989 7.4492 0.0000 7.2417 1.4369 5.5769 8.0962 3.7852 3.6362 2.5399 5.1286 5.7226 2.2418 2.6645 6.1527 3.9238 7.3806 5.3521 4.7187 6.0061 6.4263 5.9609 3.0521 10.8344 1.9559 4.9912 5.1620 7.3449 7.0879 7.4646 6.4135 3.0217 7.6415 4.8897 9.7921 5.2215 11.2885 5.9284 2.8320 10.7210 7.9957 2.8854 2.8334 4.9065 8.4714 6.8609 6.4947 5.4898 4.8608 5.5667
6.9221 6.9034 9.4899 6.9796 6.8510 3.1563 10.9243 9.3505 6.8164 11.1985 9.6701 5.0336 5.5730 4.1907 5.1127 11.8056 7.7187 8.3450 9.2631 5.7263 7.7306 12.7746 8.0265 0.0000 7.4763 7.9086 8.8859 5.9545 6.7516 8.4646 6.7449 10.7739 8.1705 7.8534 4.3891 6.7862 0.4928 8.0946 7.0504 2.3791 3.8952 5.6069 7.1235 8.2478 7.0662 7.5471 10.1311 16.0347 12.4133 16.1545 8.8367 8.4944 9.2060 8.9611 7.2054 9.6164 8.7019 5.4255 8.7607 8.1344 2.4993 8.8142 8.7621 7.2381 10.6030 2.9960 4.8298 11.4185 8.9322 11.1474
2.1380 0.8643 9.0299 6.3240 6.1953 6.9649 10.8405 3.6529 1.9968 13.0810 9.5165 7.0569 8.4791 7.0968 8.0189 5.9293 6.8389 11.2847 3.8638 6.8103 7.0749 6.8983 1.9680 7.6720 0.0000 7.2530 10.1102 5.4612 2.9234 1.9891 6.8046 5.1717 1.6909 4.3405 7.2952 5.5998 7.8109 7.0281 6.3947 6.3591 6.7793 7.3073 2.3394 11.1874 0.8788 6.6673 4.6111 6.7940 6.5370 6.9138 8.0895 2.4708 7.6162 3.5618 10.1450 4.6707 11.6415 7.6044 2.2811 11.0740 8.4260 2.3345 2.2825 6.5825 10.1474 7.2139 7.7360 4.9389 3.5329 5.0158
9.4436 9.1352 3.3577 3.1648 2.1264 6.5549 5.1683 9.1210 7.4713 5.4426 3.8443 6.1656 4.4319 5.2183 4.7039 13.8141 5.5200 8.2223 11.7845 5.4914 3.0060 15.0902 7.6341 9.0200 9.0710 0.0000 3.7557 6.0585 8.7053 10.1740 5.4858 11.5147 9.2688 7.6240 5.5211 6.5568 9.1588 4.1711 3.2356 8.7155 7.5590 6.3180 8.8574 8.4199 9.2980 4.4579 12.6526 12.1845 15.5096 12.3042 2.4118 8.2650 13.1710 11.4826 6.7996 11.3710 8.6523 4.8771 8.8341 7.7622 9.7739 9.2459 8.2208 1.2200 4.4752 6.8039 4.9490 12.3992 11.4537 13.8749
10.4063 10.3875 1.8095 4.4727 4.8614 5.8365 2.5190 10.5013 8.7792 2.7933 1.0352 5.4472 3.7135 4.5000 3.9856 15.3428 4.6247 5.5690 12.7472 4.5961 5.7410 16.6190 8.9420 8.8838 10.3789 3.7618 0.0000 5.1632 10.2357 11.4819 4.5905 12.8950 10.6491 9.0043 4.8028 7.9371 9.0226 3.2758 4.5435 8.5793 6.8406 5.4227 10.6077 5.7667 10.5503 3.5626 13.6153 13.7132 17.0383 13.8330 2.0484 9.6453 14.4789 12.4452 3.5182 13.1005 5.9991 4.1587 10.2143 5.1089 9.6377 10.6262 9.6011 3.9550 2.1978 6.0856 4.2307 12.9571 12.4164 15.4036
7.4479 6.8536 6.2707 3.5648 3.4361 5.3414 7.3738 5.3397 6.1541 7.6481 6.7573 3.2569 3.1035 3.5250 3.0099 8.1530 2.4022 8.5923 8.2282 2.3736 4.3158 9.1220 5.2450 5.4044 6.6819 4.4938 5.3355 0.0000 6.4151 6.0964 2.3679 7.7334 5.4874 3.8427 3.3920 2.7754 5.5433 2.5914 3.6356 5.1000 5.1558 3.2002 7.6493 9.3319 6.5890 2.2306 8.2289 9.0177 8.7607 9.1375 5.2863 4.4836 10.8808 8.9107 6.1861 7.5896 9.5643 3.1677 5.0527 8.3817 6.1584 5.4646 4.4394 3.8233 7.0526 5.7169 3.7340 7.3595 8.6936 7.5774
0.8786 2.5173 9.1773 6.4714 6.3427 7.0798 10.9879 5.7465 2.9505 13.2284 9.6639 7.1718 8.5940 7.2117 8.1338 6.6919 6.9863 11.3996 3.2196 6.9577 7.2224 7.6609 3.6404 7.7096 3.0902 7.4004 9.9196 5.6086 0.0000 3.3701 6.9521 5.6601 3.7844 5.6570 7.4101 6.9164 7.8484 7.1756 6.5422 6.4740 6.8941 7.4222 0.7277 11.3023 2.6801 6.8147 5.0174 8.8875 7.2995 9.0073 8.2369 4.5643 4.9893 2.9176 10.2599 4.5873 11.7564 7.7518 4.3746 11.1889 8.4636 3.9720 4.3760 6.7299 10.2948 7.3288 7.8509 7.0324 2.8887 6.0337
2.7815 2.4158 9.8938 7.1879 7.0592 8.3552 12.5515 3.0938 3.3872 11.9556 10.3804 8.4473 8.4041 8.4872 9.4093 3.9682 7.7028 12.6750 3.5486 7.6742 7.9388 4.9372 2.5399 9.0624 2.4977 8.1169 10.6361 6.3251 3.6601 0.0000 7.6686 3.7457 1.2829 4.2521 8.6856 5.3167 9.2013 7.8920 7.2587 7.7495 8.1696 8.6977 3.2866 12.5778 1.9225 7.5312 3.8907 5.8442 4.5758 5.9639 8.9534 1.9117 7.5590 3.2467 11.5354 3.2514 13.0319 8.4683 1.3598 12.4644 9.8164 1.0925 1.7234 7.4464 11.0113 8.6043 9.1263 4.3798 3.2178 3.5897
9.1251 9.1063 5.6946 6.1782 6.9559 3.6772 7.5668 8.8595 8.0719 7.8411 6.1811 2.0726 1.2747 2.3406 1.1812 11.6728 1.2179 6.1851 11.4660 1.1892 7.8356 12.6418 8.7648 6.5319 9.6792 5.4672 5.5285 3.5214 8.9545 9.6162 0.0000 11.2532 9.0072 7.3625 2.2076 6.2952 6.6708 3.5889 6.2489 4.5802 3.1065 2.0159 9.3265 6.6883 9.2691 3.8757 11.7487 12.5375 12.2805 12.6572 4.3768 8.0034 12.8417 11.1641 4.3574 11.1094 6.9207 1.0803 8.5725 5.9745 7.2859 8.9844 7.9592 5.6604 6.8121 3.9262 2.5497 10.8793 11.1352 11.0972
4.7436 4.3309 13.1055 10.3996 10.2709 10.6526 16.0098 3.7628 5.6921 15.4139 13.5921 10.7447 10.5169 10.7846 10.4234 1.8469 9.8157 14.9724 2.6373 9.7870 11.1506 2.8159 5.7607 11.3598 5.7061 11.3286 12.7490 8.4380 5.6222 4.0478 9.7814 0.0000 4.0222 5.4527 10.9830 6.5174 11.4986 10.0049 10.4704 10.0469 10.4670 10.6137 5.2487 14.8752 4.5627 9.6440 0.7371 3.7059 2.4546 3.8257 12.1651 3.3412 9.5211 3.3198 13.8328 1.9988 15.3293 10.5812 3.0471 14.7618 12.1138 3.8317 3.1529 10.6581 14.2230 10.9017 11.4237 7.8381 3.1027 1.0243
3.2302 1.8889 9.5956 6.8897 6.7610 8.0571 11.9425 2.4848 3.0890 11.3466 10.0822 8.1491 8.7073 8.1890 8.6138 3.9143 8.0061 12.3769 3.6258 7.9774 7.6407 4.8833 2.2418 8.7642 2.1995 7.8187 10.9394 6.6284 4.0156 1.2829 7.9718 3.3776 0.0000 3.6431 8.3874 4.7077 8.9031 8.1953 6.9605 7.4513 7.8715 8.8041 3.4316 12.2796 1.6244 7.8344 3.6265 5.6259 4.5220 5.7457 8.6552 1.3027 8.7084 4.3083 11.2373 2.9873 12.7337 8.7716 0.7556 12.1662 9.5182 0.2174 1.1144 7.1482 10.7131 8.3061 8.8282 3.7708 4.0912 3.5359
4.8866 4.1848 8.8245 5.4344 5.3057 7.7465 10.2588 2.1871 3.5928 10.5330 9.0046 6.1418 5.9884 6.4099 5.8949 5.7580 5.2871 11.4772 5.8332 5.2585 6.1853 6.7270 2.6837 7.8037 4.1206 6.3634 8.2204 3.9094 5.6721 3.7014 5.2529 5.3384 3.0925 0.0000 6.2769 1.9888 7.9425 5.4763 5.5051 7.4992 7.5551 6.0851 5.0880 12.2168 4.3477 5.1155 5.8339 6.6227 6.3657 6.7425 8.1712 2.0887 9.6871 6.5157 9.0710 5.1947 12.4492 6.0526 2.6577 11.2666 8.5576 3.0696 2.0444 5.6929 9.9375 7.9955 6.6190 4.7760 6.2986 5.1825
8.3270 8.3082 5.5752 6.2865 6.1579 2.5283 7.9567 8.0614 7.2739 8.2310 6.0617 0.6445 1.6421 1.0871 1.1819 10.8747 1.4748 5.5490 10.6679 1.3372 7.0375 11.8437 7.9667 6.8045 8.8811 5.3478 5.9184 2.7233 8.1564 8.8181 2.8140 10.4551 8.2092 6.5644 0.0000 5.4972 6.9434 3.4695 6.3573 3.4314 1.5954 1.2178 8.5284 6.0522 8.4711 4.3159 10.9506 11.7394 11.4824 11.8592 5.8692 7.2054 12.0436 10.3660 3.7212 10.3114 6.2846 1.2342 7.7744 5.3384 7.5585 8.1863 7.1611 5.5410 7.6355 2.7773 0.8990 10.0812 10.3371 10.2992
6.1165 5.5222 8.2628 4.8727 4.7441 7.1848 9.6971 4.0083 4.8227 9.9714 8.4429 5.5802 5.4267 5.8483 5.3332 6.8216 4.7255 10.9156 6.8968 4.6969 5.6237 7.7906 3.9136 7.2420 5.3505 5.8017 7.6588 3.3478 6.9020 4.7650 4.6912 6.4020 4.1560 2.5113 5.7153 0.0000 7.3809 4.9147 4.9435 6.9376 6.9934 5.5235 6.3179 11.6552 5.2576 4.5539 6.8975 7.6863 7.4293 7.8061 7.6096 3.1522 10.9170 7.5793 8.5094 6.2582 11.8876 5.4910 3.7213 10.7050 7.9960 4.1332 3.1080 5.1313 9.3759 7.4339 6.0573 6.0281 7.3622 6.2460
7.7796 7.7608 10.6081 8.0977 7.9691 3.3824 12.0424 10.4686 7.6739 12.3167 10.7882 5.2597 5.7991 4.4168 5.3389 12.6631 8.8368 8.6285 10.1205 8.8082 8.8487 13.6321 8.8840 0.4416 8.3337 9.0267 10.0040 7.0726 7.6090 9.3221 8.8026 11.6313 9.0280 8.9716 4.6153 7.9043 0.0000 9.2127 8.1685 2.6053 4.1214 5.8330 7.9810 8.5312 7.9237 8.6652 10.9886 17.1528 13.2707 17.2726 9.9549 9.6125 9.4322 9.8186 7.4888 10.4738 8.9853 5.6517 9.6182 8.4178 2.7254 9.6716 9.5683 8.3563 11.7211 3.2222 5.0560 12.2760 9.7897 12.0049
7.9113 7.8925 4.1128 4.5964 4.9851 3.9312 6.0499 8.6468 6.8451 6.3242 4.5994 2.3266 2.1731 2.5946 2.0796 11.4601 1.4718 7.6620 10.2522 1.4432 5.8647 12.4291 7.5946 6.3888 8.4654 3.8855 4.0116 3.3087 7.7407 9.4538 1.4376 11.0405 8.7945 7.1497 2.4616 6.0825 6.5277 0.0000 4.6672 4.8342 3.3605 2.2698 8.1127 7.5867 8.0554 0.4495 11.1203 13.8369 12.0678 13.9567 2.7950 7.7907 11.6279 9.9503 5.2558 10.6055 7.8191 2.2373 8.3598 7.4513 7.1428 8.7716 7.7465 4.0787 5.2303 4.1802 2.8037 10.6666 9.9214 10.8845
6.7223 6.4139 4.4607 0.0708 1.3564 6.2357 6.2713 6.3997 4.7500 6.5456 4.9473 6.3277 5.5349 6.3676 5.8069 9.2131 5.2581 9.3252 9.0632 5.2295 2.2360 10.1821 4.9128 6.2987 6.3497 2.1298 4.8587 3.8185 5.9840 7.4527 5.2239 8.7935 6.5475 4.9027 6.5660 3.8355 6.4375 5.2741 0.0000 5.9942 6.0501 6.0561 6.1361 9.5229 6.5767 5.0865 9.9313 11.3286 9.8208 11.4483 3.5147 5.5437 10.4497 8.7613 7.9026 8.6497 9.7553 6.0236 6.1128 8.8651 7.0526 6.5246 5.4995 1.4593 5.5782 6.6111 6.0520 8.4195 8.7324 8.6375
6.7166 6.6978 7.5566 7.4538 7.3251 1.2068 9.4288 9.9270 6.6108 9.7031 8.0431 3.0841 3.6235 2.2412 3.1633 11.6000 3.9145 6.3956 9.0575 3.7769 8.2047 12.5690 7.8209 2.3668 7.2707 7.3292 7.3905 5.1629 6.5460 8.2590 4.7954 10.5683 7.9649 8.3276 2.4396 7.2604 2.5056 5.4509 7.5246 0.0000 1.9457 3.6574 6.9180 6.2983 6.8606 5.7377 9.9256 13.0680 12.2077 13.1878 6.2388 8.7449 9.8275 8.7555 5.2560 9.4108 6.7524 3.4760 8.5551 6.1850 3.1207 8.6086 8.5566 7.5224 8.6741 1.0466 2.8804 11.2129 8.7267 10.9418
6.5826 6.5639 6.2202 6.7038 7.2611 0.6231 8.0924 9.1647 6.4769 8.3667 6.7068 1.7477 2.2872 0.9049 1.8269 11.4661 2.5781 5.0592 8.9236 2.4405 8.1408 12.4351 7.6870 3.4778 7.1368 5.9929 6.0541 3.8266 6.4121 8.1251 3.4591 10.4344 7.8310 7.6677 1.1033 6.6004 3.6167 4.1146 6.7746 1.5262 0.0000 2.3211 6.7840 4.9620 6.7267 4.4014 9.7916 12.8427 12.0738 12.9625 4.9024 8.3087 10.2992 8.6216 3.9196 9.2769 5.4161 2.1397 8.4212 4.8486 4.2318 8.4747 8.2644 6.1861 7.3377 0.8722 1.5440 11.0790 8.5927 10.8079
7.5780 7.5593 6.2457 6.0098 5.8811 2.9100 7.6800 7.7846 6.1600 7.9543 6.4258 1.1613 1.7617 1.5734 1.3839 10.5980 1.4568 6.6408 9.9190 1.3192 6.7607 11.5670 6.9095 6.0555 7.3243 6.0183 5.6416 2.4466 7.4075 8.5414 2.2419 10.1783 7.9324 6.2876 1.4404 5.2204 6.1944 4.8503 6.0805 3.8131 2.1953 0.0000 7.7794 6.9357 7.7221 4.0392 10.7870 11.4626 11.2057 11.5824 5.5925 6.9286 11.2946 9.6170 4.6047 10.0346 7.1681 1.2162 7.4977 6.4302 6.8095 7.9095 6.8844 6.2115 7.3587 3.1590 1.7825 9.8044 9.5881 10.0224
0.4968 1.8908 9.8376 7.1317 7.0031 7.3848 11.6483 5.1200 2.4167 13.8887 10.3242 7.4768 8.8990 7.5167 8.4388 6.3101 7.6466 11.7046 2.8378 7.6180 7.8827 7.2791 3.0140 8.0919 2.4637 8.0607 10.5301 6.2689 1.1444 2.9883 7.6124 5.2783 3.1580 5.0306 7.7151 6.2899 8.2308 7.8359 7.2025 6.7790 7.1991 7.7272 0.0000 11.6073 2.0537 7.4750 4.6356 8.2611 6.9177 8.3809 8.8972 3.9379 5.8372 2.5358 10.5649 4.2055 12.0614 8.4121 3.7482 11.4939 8.8459 3.8016 3.7496 7.3902 10.9551 7.6338 8.1559 6.4060 2.5069 5.6519
11.0806 11.0618 6.6002 8.2028 8.5915 5.3791 6.2037 12.5753 10.9748 6.2674 5.8259 5.1584 4.5720 4.6469 4.8441 15.3887 6.3335 0.7293 13.4215 5.5445 9.4711 16.3577 12.1849 7.9854 11.6347 7.4919 5.3357 7.2372 10.9100 12.6230 5.7439 14.9323 12.3289 11.0783 4.5139 10.0111 8.1242 6.3641 8.2736 6.0337 4.7496 5.7317 11.2820 0.0000 11.2246 6.6509 14.2896 17.4433 15.9964 17.5631 5.2865 11.7193 14.7972 13.1195 1.4048 13.7748 0.3509 5.0172 12.2884 0.3704 8.4165 12.7002 11.6751 7.6851 6.1901 5.4251 4.5663 14.5951 13.0907 15.3058
1.8170 0.2318 9.0968 6.3909 6.2622 6.6439 10.9074 3.5864 1.6759 13.1479 9.5833 6.7360 8.1581 6.7758 7.6979 5.8628 6.9058 10.9637 3.6689 6.8772 7.1418 6.8318 2.2402 7.3511 1.6899 7.3198 9.7893 5.5281 2.6025 1.9225 6.8715 5.0810 1.6244 4.2568 6.9743 5.5161 7.4899 7.0950 6.4616 6.0382 6.4583 6.9863 2.0184 10.8664 0.0000 6.7342 4.4383 6.7275 6.4705 6.8472 8.1564 2.4043 7.2952 3.3669 9.8241 3.9235 11.3205 7.6713 2.2146 10.7531 8.1050 2.2680 2.2160 6.6494 10.2143 6.8929 7.4150 4.8724 3.3380 5.4546
9.9012 9.8825 3.6633 4.1469 4.5356 5.0631 5.6005 9.9962 8.4534 5.8747 4.1499 3.4585 3.0337 3.7266 3.3057 12.8096 2.6038 7.3608 12.2422 2.5752 5.4152 16.2932 8.6162 8.3787 10.0531 3.4360 3.5621 4.6582 9.7307 10.7530 2.5695 12.3900 10.1440 8.4992 3.5936 7.4320 8.5176 1.2549 4.2177 5.9662 4.4925 3.4018 10.1026 7.5585 10.0453 0.0000 13.1102 13.3874 13.4173 13.5072 2.3456 9.1402 13.6178 11.9402 5.4014 12.5954 7.7909 3.3693 9.7093 7.0186 9.1327 10.1211 9.0960 3.6292 4.7809 5.3122 3.5508 12.6313 11.9113 12.2340
4.3376 3.9250 12.6995 9.9936 9.8650 10.2467 16.3024 4.2480 5.2861 15.7065 13.1861 10.3387 11.0021 10.3786 11.3007 1.8019 10.3009 14.5665 2.2314 10.2723 10.7446 2.7709 5.3547 10.9538 5.3002 10.9226 13.2342 8.9232 5.2163 3.6418 10.2666 0.7702 3.6162 5.9379 10.5770 7.0026 11.0927 10.4901 10.0644 9.6409 10.0611 10.5891 4.8427 14.4692 4.1567 10.1293 0.0000 3.9985 2.4096 4.1183 11.7592 3.8264 9.1151 2.9139 13.4269 1.5928 14.9233 11.0664 3.6930 14.3559 11.7078 3.4257 3.6381 10.2522 13.8171 10.4957 11.0178 8.1307 2.6968 1.1437
7.2026 6.7900 15.5646 15.2607 12.7300 13.1117 17.9477 7.1131 8.1511 17.3519 16.0511 13.2038 13.8671 13.2436 14.1657 3.7242 13.1659 17.4315 5.0964 13.1373 13.6096 3.2097 8.2197 13.8189 8.1652 13.7876 16.0992 11.7882 8.0813 6.5068 13.1316 3.6352 6.4812 8.8029 13.4420 9.8676 13.9577 13.3551 15.3315 12.5059 12.9261 13.4541 7.7077 17.3342 7.0217 12.9943 3.8166 0.0000 3.6291 0.4237 17.3217 6.6914 11.9801 5.7789 16.2919 4.4578 17.7883 13.9314 6.5580 17.2209 14.5728 6.2908 6.5031 13.1172 18.4961 13.3607 13.8828 9.7760 5.5618 4.0087
5.8838 5.4712 14.7091 11.9496 12.8625 11.7929 14.6367 4.2909 6.8324 14.0408 15.1957 11.1724 11.0189 11.4405 10.9254 0.2591 10.3177 16.1127 3.7776 10.2891 13.7421 0.2642 6.1586 12.5001 6.1164 13.6359 13.2510 8.9400 6.7625 4.1665 10.2834 1.9260 4.1224 5.9547 11.3075 7.0194 12.6389 10.5069 12.0204 11.1872 11.6073 11.1157 6.3890 16.0154 5.7030 10.1461 2.1074 2.3328 0.0000 2.4525 14.0106 3.7620 10.6614 4.4601 14.9731 3.1390 16.4695 11.0832 3.4679 15.9021 13.2540 3.9504 3.5737 12.9654 15.1850 12.0419 11.6495 6.4650 4.2430 1.2543
6.7789 6.3663 15.1409 14.8370 12.3063 12.6880 17.5241 6.6894 7.7275 16.9282 15.6274 12.7801 13.4435 12.8199 13.7420 3.3006 12.7422 17.0078 4.6727 12.7136 13.1859 2.7860 7.7960 13.3952 7.7415 13.3640 15.6755 11.3645 7.6576 6.0832 12.7080 3.2115 6.0575 8.3793 13.0184 9.4439 13.5340 12.9314 14.9078 12.0823 12.5024 13.0305 7.2841 16.9105 6.5981 12.5706 3.3929 5.3743 3.2054 0.0000 16.8980 6.2677 11.5565 5.3552 15.8682 4.0341 17.3646 13.5077 6.1344 16.7972 14.1491 5.8671 6.0794 12.6935 18.0724 12.9370 13.4591 9.3524 5.1381 3.5850
9.9498 9.2067 1.9161 3.2363 3.6250 5.2031 3.7267 9.1926 7.5428 4.0010 2.4027 4.8138 3.0801 3.8666 3.3522 14.1064 3.9679 6.3955 12.2908 3.9393 4.5046 15.3826 7.7056 8.4273 9.1425 2.5254 2.1333 4.7068 9.7793 10.2456 3.9337 11.5863 9.3403 7.6956 4.1694 6.6283 8.5662 2.6190 3.3071 6.1062 6.2072 4.7660 10.1512 6.5931 9.3695 2.9059 13.1588 12.4768 15.8019 12.5966 0.0000 8.3365 13.2425 11.9888 4.3446 11.4425 6.8255 3.5253 8.9056 5.9354 9.1813 9.3175 8.2923 2.7186 3.0336 5.4522 3.5972 11.7207 11.9599 14.1672
3.9437 2.6024 10.3091 7.6032 7.4746 8.7706 11.2801 1.8224 3.8026 10.6842 11.0611 8.1983 8.0449 8.4664 7.9514 4.0988 7.3436 13.0904 3.8360 7.3150 8.3542 5.0678 2.9553 9.4778 2.9131 8.5322 10.2769 5.9659 4.7292 1.8453 7.3094 3.3412 1.2363 2.9807 8.3334 4.0453 9.6166 7.5328 7.6740 8.1649 8.5850 8.1416 4.1451 12.9931 2.3379 7.1720 3.8367 4.9635 4.7065 5.0832 10.2277 0.0000 9.4219 4.5185 11.9508 3.1975 13.4472 8.1091 0.8016 12.8798 10.2317 1.2135 0.1883 7.8618 11.9940 9.0196 8.6754 3.1084 4.3014 3.1853
3.2080 3.1893 8.6638 5.9579 5.8293 6.3176 10.4745 7.1923 3.1023 12.7150 9.1504 7.3276 7.1741 6.4496 7.0806 8.0908 6.4729 10.6374 5.5490 6.4442 6.7089 9.0598 3.3227 7.0248 4.7596 6.8869 9.4062 5.0952 3.9935 4.7498 6.4386 7.0590 4.4564 5.0274 7.4626 5.6698 7.1636 6.6621 6.0287 5.7119 6.1320 7.2709 3.4094 10.5402 3.3521 6.3012 6.4163 9.5595 8.6985 9.6793 7.7235 5.2363 0.0000 5.2470 9.4978 5.9015 10.9942 7.2384 5.0466 10.4268 7.7787 5.1001 5.0480 6.2165 9.7814 6.5667 7.8047 7.7044 5.2181 7.4326
2.4970 3.3234 12.0249 9.3190 9.1903 9.5720 13.8355 4.3133 4.6040 13.8731 12.5114 9.6641 11.0862 9.7039 10.6260 3.8298 9.8339 13.8918 1.5007 9.8052 10.0699 4.7988 5.2012 10.2792 4.6510 10.2479 12.7174 8.4562 3.3756 3.1623 9.7996 2.7980 3.6815 6.0032 9.9023 7.0678 10.4180 10.0231 9.3897 8.9662 9.3864 9.9144 3.0021 13.7945 3.5552 9.6623 2.1553 6.0264 4.4375 6.1462 11.0845 3.8917 7.2745 0.0000 12.7522 1.6093 14.2486 10.5994 3.7583 13.6812 11.0331 3.4910 3.7033 9.5775 13.1424 9.8210 10.3431 6.2973 1.1699 3.1716
10.8943 10.8755 5.1892 6.7980 7.1866 5.1928 5.1893 12.3890 10.7885 5.9433 4.4149 4.9721 4.3857 4.4607 4.6578 15.2024 6.1472 2.1333 13.2352 5.3582 8.0663 16.1714 11.2673 7.7991 11.4484 6.0870 3.9309 7.0510 10.7237 12.4367 5.5576 14.7460 12.1426 10.8920 4.3277 9.8248 7.9380 4.9919 6.8687 5.8475 4.5633 5.5454 11.0957 2.3310 11.0383 5.2787 14.1033 16.0384 15.8101 16.1582 3.8817 11.5330 14.6109 12.9332 0.0000 13.5885 2.5634 4.8309 12.1021 1.7674 8.2303 12.5139 11.4888 6.2803 5.3478 5.2388 4.3800 14.4088 12.9044 15.1195
2.7411 2.3783 11.1529 8.4470 8.3183 8.7000 12.9635 3.8647 3.7394 12.7265 11.6394 8.7921 10.2142 8.8319 9.7540 4.4188 8.9619 13.0198 3.5032 8.9332 9.1979 5.3878 3.7700 9.4072 3.7278 9.3759 11.8454 7.5842 3.6197 2.0795 8.9276 3.2550 2.0539 5.0230 9.0303 6.0877 9.5460 9.1511 8.5177 8.0943 8.5144 9.0424 3.2462 12.9225 2.6100 8.7903 3.5039 6.2948 5.0265 6.4145 10.2125 2.6826 7.5186 3.2063 11.8802 0.0000 13.3766 9.7274 2.1307 12.8092 10.1611 1.8634 2.4943 8.7055 12.2704 8.9490 9.4711 5.1507 3.1774 3.4276
11.7806 11.7618 6.2012 7.8100 8.1987 6.0792 5.9603 13.2754 11.6749 6.0240 5.4269 5.8585 5.2721 5.3470 5.5442 16.0887 7.0335 0.3785 14.1216 6.2445 9.0783 17.0577 12.8850 8.6855 12.3347 7.0991 4.9429 7.9373 11.6101 13.3231 6.4440 15.6323 13.0290 11.7784 5.2140 10.7112 8.8243 7.0641 7.8808 6.7338 5.4496 6.4318 11.9820 0.7380 11.9247 7.3509 14.9896 17.0505 16.6964 17.1703 4.8937 12.4194 15.4972 13.8196 2.1049 14.4748 0.0000 5.7173 12.9884 0.8352 9.1166 13.4003 12.3751 7.2923 5.9467 6.1252 5.2663 15.2952 13.7907 16.0059
8.4288 8.4100 4.9741 5.4576 5.8463 2.4693 6.8463 9.0611 8.3231 7.1206 5.4606 1.6442 0.6905 1.1327 0.3127 11.8745 1.0447 5.4646 10.7698 0.9071 6.7260 12.8435 8.9665 5.3240 8.9829 4.7467 4.8080 3.7231 8.2583 9.8179 1.1708 11.4548 9.2089 7.5641 0.9997 6.4969 5.4629 2.8684 5.5284 3.3724 3.4734 2.2175 8.6302 5.9678 8.5729 3.1552 11.6378 14.6981 12.4822 14.8179 3.6563 8.2051 12.1454 10.4678 3.6368 11.3111 6.2002 0.0000 8.7742 5.2540 6.0780 9.1860 8.1609 4.9399 6.0916 2.7184 1.3418 11.0809 10.4389 11.2989
3.8204 2.4791 10.1858 7.4799 7.3512 8.6473 11.3467 1.8890 3.6792 10.7508 10.6724 8.2649 8.1115 8.7792 8.0180 3.2599 7.4102 12.9671 3.7027 7.3816 8.2309 4.2289 2.8320 9.3544 2.7897 8.4089 10.3435 6.0325 4.6059 1.3598 7.3760 3.0374 0.7556 3.0473 8.4000 4.1119 9.4933 7.5995 7.5507 8.0415 8.4617 8.2082 4.0218 12.8698 2.2146 7.2386 3.7034 5.0301 3.8675 5.1498 10.2944 0.8016 8.4282 4.3852 11.8275 3.0641 13.3239 8.1757 0.0000 12.7564 10.1084 0.7279 0.6133 7.7384 12.0606 8.8963 8.7421 3.1750 4.1680 2.8814
10.8838 10.8650 5.4325 7.0412 7.4299 5.1823 5.1915 12.3785 10.7780 5.2552 4.6581 4.9616 4.3752 4.4501 4.6473 15.1919 6.1367 2.1355 13.2247 5.3477 8.3096 16.1609 11.9881 7.7886 11.4379 6.3303 4.1742 7.0405 10.7132 12.4262 5.5471 14.7355 12.1321 10.8815 4.3171 9.8143 7.9275 5.2352 7.1120 5.8370 4.5528 5.5349 11.0852 2.3332 11.0278 5.5220 14.0928 16.2817 15.7996 16.4015 4.1250 11.5225 14.6004 12.9227 1.2081 13.5780 2.5656 4.8204 12.0916 0.0000 8.2198 12.5034 11.4783 6.5235 5.1779 5.2283 4.3695 14.3983 12.8939 15.1090
7.7901 7.7713 10.6186 8.1082 7.9796 3.9109 12.0529 10.4791 7.6844 12.3272 10.7987 5.7882 6.3276 4.9453 5.8674 12.6736 8.8474 8.6390 10.1310 8.8187 8.8592 13.6426 8.8945 2.5252 8.3442 9.0372 10.0145 7.0831 7.6195 9.3326 8.8131 11.6418 9.0385 8.9821 5.1438 7.9148 2.6640 9.2232 8.1790 3.1338 4.6499 6.3615 7.9915 8.5417 7.9342 8.6757 10.9991 17.1633 13.2812 17.2831 9.9654 9.6231 8.5154 9.8291 7.4994 10.4843 8.9958 6.1802 9.6287 8.4283 0.0000 9.6821 9.5788 8.3668 11.7316 3.7507 5.5845 12.2865 9.8002 12.0154
3.8738 2.5326 10.2393 7.5334 7.4047 8.7007 11.9196 2.4620 3.7327 11.3238 10.7258 8.7928 8.6844 8.8327 8.5909 3.7521 7.9832 13.0205 3.4354 7.9546 8.2843 4.7211 2.8854 9.4079 2.8432 8.4623 10.9165 6.6055 4.6593 1.0925 7.9489 3.1872 0.2174 3.6202 9.0311 4.6849 9.5467 8.1724 7.6041 8.0950 8.5151 8.7812 4.0752 12.9233 2.2680 7.8116 3.4361 5.6030 4.3598 5.7228 10.8673 1.2799 8.1609 4.1179 11.8809 2.7968 13.3773 8.7487 0.7280 12.8099 10.1618 0.0000 1.0915 7.7919 11.3568 8.9498 9.3150 3.7479 3.9008 3.3737
3.7554 2.4141 10.1208 7.4149 7.2863 8.5823 11.0917 1.6341 3.6143 10.4959 10.8727 8.0100 7.8565 8.2781 7.7630 3.9105 7.1553 12.9021 3.6477 7.1267 8.1659 4.8795 2.7670 9.2895 2.7247 8.3439 10.0886 5.7776 4.5409 1.6570 7.1210 3.1529 1.0480 2.7923 8.1451 3.8570 9.4283 7.3445 7.4857 7.9765 8.3967 7.9533 3.9568 12.8048 2.1496 6.9837 3.6484 4.7751 4.5182 4.8949 10.0394 0.1883 9.2336 4.3302 11.7625 3.0091 13.2589 7.9208 0.6133 12.6915 10.0434 1.0251 0.0000 7.6734 11.8057 8.8313 8.4871 2.9200 4.1131 2.9969
8.7133 8.4049 3.5760 2.4345 1.4313 6.7732 5.3867 8.3907 6.7410 5.6609 4.0626 6.3839 4.6502 5.4366 4.9223 13.1190 5.7383 8.4406 11.0542 5.7097 2.3109 14.3952 6.9038 8.2896 8.3407 1.2451 3.9741 5.8094 7.9749 9.4437 5.7041 13.8515 8.5385 6.8937 5.7394 5.8265 8.4285 4.3894 2.5052 7.9852 8.0410 6.5364 8.1271 8.6382 8.5677 4.6763 14.0329 11.4894 14.8145 11.6092 2.6301 7.5347 12.4406 10.7522 7.0180 10.6407 8.8706 5.0954 8.1037 7.9805 9.0436 8.5156 7.4905 0.0000 4.6935 7.0223 5.1673 10.4105 10.7234 13.1798
11.2603 10.9519 1.3498 4.9815 5.3702 7.5816 1.3134 10.9377 9.2880 1.5876 0.8337 7.1923 5.4586 6.2450 5.7307 15.6105 6.3036 6.2905 13.6012 6.2750 6.2498 16.8866 9.4508 10.5627 10.8877 4.2705 1.4126 6.8421 10.5219 11.9907 6.2693 16.3430 11.0855 9.4407 6.5478 8.3735 10.7015 4.9547 5.0523 8.4847 8.5857 7.1016 10.6741 6.4882 11.1147 5.2415 16.5244 13.9808 17.3060 14.1006 3.0292 10.0817 14.9876 13.2993 4.7283 13.1877 6.7206 5.9038 10.6508 6.3191 11.3166 11.0626 10.0375 4.4638 0.0000 7.8306 5.9757 13.5356 13.2704 15.6713
6.3268 6.3081 6.8880 7.3534 7.2247 0.5383 8.7603 9.5373 6.2211 9.0345 7.3746 2.4156 2.9550 1.5727 2.4947 11.2103 3.2459 5.7270 8.6678 3.1083 8.1044 12.1793 7.4312 2.9837 6.8810 6.6607 6.7219 4.4944 6.1563 7.8693 4.1269 10.1786 7.5752 8.3355 1.7711 7.2682 3.1225 4.7824 7.4242 1.0320 1.2772 2.9889 6.5282 5.6298 6.4709 5.0692 9.5359 12.6783 11.8180 12.7981 5.5702 8.3552 10.0434 8.3658 4.5874 9.0211 6.0839 2.8075 8.1654 5.5164 3.7376 8.2189 8.1668 6.8539 8.0055 0.0000 2.2118 10.8232 8.3369 10.5521
8.0595 8.0407 4.9657 5.4493 5.8379 2.1000 6.8379 9.0232 7.9537 7.1122 5.4522 1.6063 1.0326 0.7634 0.5724 11.8366 2.7941 5.2363 10.4004 1.4961 6.7176 12.8056 8.9286 4.9547 8.6136 4.7383 4.7996 3.6851 7.8889 9.6020 2.2045 11.4169 9.1710 7.5262 0.9618 6.4590 5.0935 2.8600 5.5200 3.0030 3.1041 2.1796 8.2609 5.7395 8.2035 3.1468 11.2685 14.6897 12.4443 14.8095 3.6479 8.1672 11.7761 10.0985 3.4085 10.7537 5.9719 0.8851 8.7363 5.0257 5.7087 9.1481 8.1230 4.9315 6.0832 2.3490 0.0000 11.0430 10.0696 11.2610
11.7560 11.4476 8.2442 5.4847 6.3975 11.2693 8.1717 11.4334 9.7837 7.5758 8.7308 11.3614 9.5657 11.4013 9.8378 9.2386 10.2918 13.3561 12.4015 10.2632 7.2772 10.5148 9.9465 11.3323 11.3834 7.1709 8.6422 8.8521 11.0176 12.4864 10.2575 9.9712 11.5812 9.9364 11.5997 8.8692 11.4712 9.3050 5.5554 11.0279 11.0837 11.0898 11.1698 13.5538 11.6104 10.1202 10.1526 7.6090 10.9342 7.7288 7.5456 10.5774 15.4833 13.0840 11.9335 11.7629 13.7862 10.0109 11.1464 12.8960 12.0863 11.5583 10.5332 6.5005 8.7200 11.6448 10.0829 0.0000 12.8669 9.2995
2.0101 2.8366 11.5380 8.8321 8.7034 9.0851 13.3486 4.7230 4.1171 15.5891 12.0246 9.1772 10.5993 9.2171 10.1391 4.1724 9.3470 13.4049 0.7001 9.3184 9.5830 5.1414 4.7143 9.7923 4.1641 9.7611 12.2305 7.9693 2.8887 2.6754 9.3128 3.1406 3.4678 6.4129 9.4155 7.4775 9.9311 9.5362 8.9029 8.4794 8.8995 9.4276 2.5152 13.3077 3.0683 9.1754 2.4979 6.3690 4.7800 6.4887 10.5976 4.0965 6.7876 0.5864 12.2653 2.0678 13.7617 10.1125 3.5446 13.1943 10.5462 3.2773 3.9082 9.0906 12.6555 9.3342 9.8562 6.7070 0.0000 3.5142
5.2051 4.7925 13.5670 10.8611 10.7325 11.1142 15.5042 3.6191 6.1536 14.9084 14.0536 11.2063 10.3732 11.2461 10.2797 1.0037 9.6719 15.4340 3.0989 9.6433 11.6121 1.9727 5.5941 11.8213 5.5518 11.7901 12.6053 8.2942 6.0838 3.6020 9.6377 1.0172 3.5578 5.3090 11.4445 6.3736 11.9602 9.8612 10.9319 10.5084 10.9286 10.4700 5.7102 15.3367 5.0242 9.5003 1.1986 3.2003 1.6114 3.3201 12.5561 3.1975 9.9826 3.7814 14.2944 2.4603 15.7908 10.4375 2.9034 15.2234 12.5753 3.3859 3.0091 11.1197 16.0526 11.3632 11.0038 7.3325 3.5643 0.0000
0.000 15.882 43.756 35.639 35.252 36.398 49.188 29.603 21.493 55.910 45.216 36.674 40.940 36.794 39.559 32.440 37.183 49.357 22.023 37.097 37.892 35.347 23.285 38.519 21.634 38.425 45.834 33.050 13.602 22.474 37.081 29.345 23.717 29.335 37.389 33.113 38.936 37.751 35.851 34.580 35.841 37.425 8.728 49.065 18.657 36.668 27.416 39.027 34.263 39.386 40.935 26.057 31.714 21.117 45.938 26.126 50.427 39.480 25.488 48.725 40.781 24.280 25.492 36.414 47.109 37.145 38.711 33.461 21.030 30.465
12.882 0.000 41.595 33.477 33.091 34.236 47.027 27.343 15.078 53.748 43.055 34.513 38.779 34.632 37.398 32.643 35.022 47.196 25.311 34.936 35.730 35.550 21.025 36.358 12.540 36.264 43.672 30.889 20.318 22.352 34.919 29.548 21.457 27.075 35.227 30.853 36.774 35.590 33.690 32.419 33.679 35.264 16.528 46.904 5.775 34.507 27.620 36.766 34.466 37.126 38.774 23.797 35.063 24.405 43.777 26.075 48.266 37.319 23.228 46.564 38.620 23.388 23.232 34.253 44.947 34.984 36.550 31.201 24.319 30.668
42.428 44.503 0.000 26.592 27.758 34.392 21.129 44.461 39.511 21.952 8.268 33.224 28.023 30.383 28.839 59.202 31.288 35.841 52.451 31.202 30.397 63.031 40.000 44.065 44.311 24.459 16.242 32.903 43.213 47.620 31.185 51.642 44.904 39.970 31.291 36.768 44.481 27.241 26.804 37.101 37.405 33.682 43.670 36.434 44.992 28.101 55.055 54.313 64.289 54.673 20.735 41.893 56.610 51.545 31.588 51.211 37.131 29.359 43.600 36.360 46.327 44.835 41.760 25.039 15.143 35.139 29.575 52.045 51.459 59.385
31.954 34.029 28.170 0.000 18.380 33.495 33.602 33.987 29.038 34.424 29.630 33.771 31.392 33.890 32.209 42.427 30.562 42.764 41.977 30.476 21.496 45.334 29.526 33.684 33.837 21.177 29.364 26.243 32.740 37.146 30.459 41.168 34.430 29.496 34.486 26.294 34.100 30.610 3.848 32.770 32.938 32.956 33.196 43.356 34.518 30.047 44.582 48.773 44.250 49.133 25.332 31.419 46.137 41.072 38.495 40.737 44.053 32.859 33.126 41.383 35.945 34.362 31.286 19.215 31.522 34.621 32.944 40.046 40.985 40.700
37.345 39.419 28.300 18.380 0.000 38.885 33.732 39.377 34.428 34.555 29.760 36.724 31.523 33.882 32.339 53.649 35.952 42.894 47.368 35.866 19.522 57.478 34.668 39.074 39.227 21.308 29.494 27.750 38.130 42.536 35.849 55.847 39.820 34.886 34.790 31.684 39.490 30.740 19.228 38.160 38.328 38.346 38.586 43.487 39.908 31.601 49.972 48.761 58.736 49.120 25.462 36.809 51.527 46.462 38.626 46.127 44.184 32.858 38.516 41.514 41.335 39.752 36.676 19.897 31.653 40.011 33.074 45.437 46.375 53.832
32.553 35.497 34.917 36.368 38.246 0.000 40.534 43.750 35.236 41.356 36.377 19.328 23.118 18.263 21.737 50.203 23.991 31.434 42.576 23.578 40.886 53.110 38.866 24.432 37.215 34.235 34.419 27.736 35.041 40.180 26.633 47.108 39.298 39.259 20.518 36.058 24.848 28.600 36.580 17.030 11.000 23.219 36.157 31.142 35.985 29.460 45.180 54.607 52.026 54.967 30.964 41.182 46.703 41.670 28.015 43.636 32.504 22.675 41.069 30.802 26.694 41.229 41.050 34.815 38.269 9.225 20.888 49.042 41.583 48.229
47.897 49.971 21.031 32.083 33.092 39.726 0.000 49.929 44.980 10.108 20.883 38.558 33.357 35.716 34.174 60.564 35.526 34.679 57.919 35.440 35.731 64.392 45.468 48.303 49.779 29.793 23.265 37.141 48.682 53.088 35.423 62.761 50.372 45.438 36.625 42.236 48.719 31.479 32.295 47.389 42.739 37.920 49.138 35.272 50.460 32.339 63.306 55.675 65.651 56.034 27.797 47.361 62.079 57.014 30.800 56.679 35.969 34.693 49.068 35.572 50.565 50.304 47.228 30.373 16.615 40.473 34.909 55.049 56.927 60.746
27.319 26.295 47.500 39.221 36.724 44.799 47.282 0.000 29.895 45.494 47.820 39.232 38.771 40.036 38.491 27.638 36.668 55.238 27.795 36.582 39.362 30.545 27.353 44.217 27.227 39.896 45.468 32.535 32.675 24.023 36.565 26.311 22.196 21.561 39.637 26.773 44.634 37.235 39.433 43.304 44.242 39.062 30.923 57.457 25.501 36.153 27.797 30.232 29.461 30.591 45.320 18.637 46.753 29.843 48.020 25.880 58.154 38.964 17.903 54.606 46.479 22.128 16.522 37.885 50.619 45.546 40.663 22.767 29.191 25.843
20.469 15.078 38.896 30.778 30.392 32.603 44.328 31.051 0.000 51.049 40.356 32.879 37.146 32.999 35.765 37.880 32.323 45.563 30.492 32.237 33.031 40.787 19.537 34.493 18.020 33.565 41.123 28.190 24.031 26.059 32.220 35.029 25.165 25.616 33.594 29.394 34.909 32.891 30.991 30.786 32.047 33.631 23.482 45.271 16.727 31.808 33.101 40.474 39.703 40.834 36.075 27.505 30.930 29.586 42.144 31.556 46.633 34.620 26.935 44.931 36.755 27.096 26.940 31.554 42.248 33.350 34.917 34.909 29.499 36.150
47.918 49.993 23.490 32.104 34.843 42.186 10.108 49.951 45.001 0.000 23.342 41.018 35.817 38.176 36.633 60.586 37.985 34.447 57.941 37.900 37.482 64.414 45.490 49.647 49.801 32.253 25.725 39.601 48.703 53.110 37.883 62.783 50.394 45.460 39.085 42.258 50.064 33.939 32.317 48.734 45.198 40.379 49.160 35.040 50.482 34.799 63.327 55.697 65.672 56.056 30.256 47.383 62.100 57.035 32.185 56.701 35.737 37.153 49.090 35.748 51.909 50.325 47.250 32.833 21.212 42.933 37.368 56.133 56.948 60.768
43.888 45.963 8.268 28.052 29.218 35.852 20.980 45.920 40.971 21.803 0.000 34.684 29.483 31.842 30.299 60.662 32.747 33.542 53.911 32.662 31.856 64.490 41.459 45.525 45.770 25.919 14.530 34.363 44.673 49.079 32.644 53.101 46.364 41.429 32.751 38.227 45.941 28.701 28.264 38.561 38.864 35.141 45.130 34.136 46.451 29.561 56.515 55.773 65.749 56.132 22.195 43.352 58.070 53.005 28.429 52.670 34.833 30.818 45.059 33.201 47.786 46.295 43.219 26.498 11.238 36.599 31.034 53.505 52.918 60.844
33.301 36.245 31.977 34.035 33.649 19.328 39.045 39.359 35.984 39.868 33.437 0.000 19.672 8.568 13.745 47.799 14.253 31.899 43.324 15.282 36.288 50.706 39.075 28.821 37.963 31.295 32.930 23.345 35.789 41.630 22.503 46.541 39.803 34.868 8.803 31.667 29.238 25.660 34.247 22.966 13.012 15.320 36.905 33.408 36.733 26.521 45.928 50.393 49.622 50.753 28.024 36.791 47.451 42.418 26.415 44.383 34.105 13.242 38.498 31.267 31.083 39.734 36.659 31.875 35.330 17.618 13.550 45.419 42.331 46.073
40.540 43.484 28.514 29.965 31.131 23.769 34.131 43.825 43.223 34.954 29.974 19.672 0.000 19.532 10.132 52.265 16.192 29.986 50.563 16.425 33.770 55.172 43.373 32.333 45.203 27.832 28.016 27.811 43.028 46.095 18.293 51.006 44.268 39.334 18.347 36.132 32.749 22.198 30.178 26.478 26.781 20.958 44.144 31.496 43.972 23.058 53.167 57.687 54.088 58.046 24.561 41.257 54.690 49.657 24.503 51.623 32.193 11.098 42.964 29.354 34.595 44.200 41.124 28.412 31.867 24.516 14.252 49.885 49.570 50.538
33.071 36.015 30.946 32.397 34.069 18.263 36.563 39.779 37.417 37.386 32.406 8.568 19.532 0.000 14.088 48.220 16.620 30.868 43.094 17.648 36.708 51.127 39.495 30.370 37.733 30.264 30.448 23.765 35.560 42.050 22.663 46.960 40.223 35.288 5.425 32.087 30.786 24.629 32.609 24.514 12.732 18.412 36.675 32.377 36.503 25.489 48.447 50.813 50.042 51.173 26.993 37.211 47.221 42.188 25.384 46.529 33.074 14.787 38.918 30.236 32.632 40.154 37.079 30.844 34.299 19.905 10.672 45.839 42.101 46.493
37.790 40.733 29.711 31.162 32.328 22.911 35.328 42.687 40.472 36.151 31.171 13.745 10.132 14.088 0.000 51.127 13.257 30.523 47.812 13.812 34.967 54.034 42.403 31.475 42.452 29.029 29.213 26.672 40.278 44.957 17.242 49.868 43.130 38.196 12.903 34.994 31.892 23.395 31.375 25.620 23.098 18.023 41.394 32.033 41.222 24.255 50.417 58.884 52.950 59.243 25.758 40.119 51.940 46.907 25.040 49.437 32.730 6.810 41.826 29.892 33.737 43.061 39.986 29.609 33.064 23.658 8.837 48.746 46.820 49.400
28.874 30.636 60.950 52.672 48.456 49.601 60.733 29.696 34.720 58.946 62.410 49.878 49.880 49.997 52.764 0.000 47.776 62.561 25.556 47.690 51.095 8.623 34.926 51.723 34.762 51.629 56.576 43.643 34.510 29.787 47.673 21.172 29.710 34.687 50.593 37.881 52.140 48.344 52.884 47.784 49.045 50.629 33.390 62.269 31.332 47.261 21.597 10.092 5.378 12.583 58.855 28.109 46.207 27.603 59.142 23.640 63.631 50.073 29.941 61.929 53.985 29.139 27.544 49.618 62.378 50.349 51.915 36.218 26.952 13.472
35.919 38.863 33.222 32.798 32.412 22.576 37.809 38.123 35.760 38.631 34.046 14.253 16.192 16.620 13.257 46.563 0.000 33.768 45.942 4.845 35.051 49.470 37.839 31.140 40.582 32.540 31.694 22.108 38.408 40.393 12.167 45.304 38.566 33.631 14.195 30.430 31.556 19.845 33.010 25.285 20.864 8.585 39.523 34.653 39.352 22.668 46.790 49.157 48.386 49.516 31.546 35.554 50.069 45.036 27.660 44.873 35.350 9.957 37.262 33.136 33.402 38.497 35.422 32.835 36.845 23.323 15.682 44.182 44.950 44.836
46.397 49.341 35.956 40.764 41.930 32.293 34.766 53.881 49.080 34.957 33.633 31.631 29.871 30.096 30.688 62.321 35.156 0.000 56.420 32.789 44.569 65.228 52.710 40.111 51.059 38.631 32.162 37.867 48.885 54.024 33.387 60.952 53.142 49.390 29.697 46.189 40.528 35.248 40.976 34.257 30.404 33.350 50.001 8.603 49.829 36.108 59.024 68.485 64.145 68.845 32.015 51.313 60.547 55.514 16.038 57.480 6.932 31.207 53.020 12.608 41.405 54.256 51.181 39.211 34.726 32.431 29.854 59.941 55.427 62.073
19.023 24.502 50.606 42.489 42.103 43.248 56.038 27.773 28.344 62.760 52.066 43.524 47.791 43.644 46.410 26.121 44.033 56.207 0.000 43.948 44.742 29.028 30.136 45.369 28.485 45.276 52.684 39.900 24.659 24.019 43.931 23.026 25.877 32.843 44.239 36.037 45.786 44.601 42.701 41.431 42.691 44.275 23.538 55.916 25.198 43.519 20.610 32.711 27.944 33.070 47.785 26.508 36.355 17.742 52.788 18.520 57.278 46.330 26.108 55.575 47.631 25.306 25.943 43.264 53.959 43.995 45.561 33.725 11.082 24.146
36.398 39.342 33.701 33.277 32.891 23.054 38.288 38.601 36.239 39.110 34.525 15.282 16.425 17.648 13.812 47.041 4.845 34.247 46.421 0.000 35.530 49.948 38.317 31.619 41.061 33.019 32.172 22.587 38.887 40.871 11.175 45.782 39.045 34.110 15.223 30.909 32.035 19.328 33.489 25.764 21.343 9.613 40.002 35.132 39.830 22.152 47.269 49.635 48.865 49.995 32.025 36.033 50.548 45.515 28.139 45.351 35.829 10.832 37.741 33.615 33.880 38.976 35.901 32.318 37.324 23.802 16.557 44.661 45.428 45.315
39.984 42.059 30.939 24.147 19.522 41.524 36.371 42.016 37.067 37.194 32.399 39.363 34.162 36.521 34.978 56.288 38.591 45.533 50.006 38.505 0.000 60.117 32.410 41.713 41.866 23.946 32.133 31.603 40.768 45.175 38.488 58.486 42.459 22.598 37.429 19.948 42.129 33.380 24.359 40.799 40.967 40.985 41.225 46.126 42.547 34.240 52.611 51.399 61.375 51.759 28.101 38.418 54.166 49.100 41.265 48.766 46.823 35.497 41.155 44.152 43.975 42.391 39.315 21.935 34.292 42.650 35.713 45.073 49.014 56.471
30.143 31.905 59.856 51.577 54.316 50.870 59.638 28.601 35.988 57.850 61.315 49.245 48.785 51.266 48.505 8.623 46.681 63.829 26.824 46.595 56.955 0.000 34.204 52.991 34.077 56.636 55.481 42.548 35.779 28.228 46.579 21.506 28.095 33.593 49.651 36.786 53.408 47.249 51.789 49.053 50.313 49.075 34.658 63.537 32.600 46.166 22.050 11.505 7.808 10.535 57.760 27.014 47.475 28.871 60.410 24.908 64.900 48.978 26.132 63.197 55.253 27.579 26.449 54.625 61.283 51.617 50.677 35.123 28.220 18.972
20.552 20.379 37.062 28.944 28.558 34.836 42.493 27.611 19.642 49.215 38.521 33.053 32.592 33.857 32.312 34.441 30.489 47.795 30.575 30.403 31.197 37.348 0.000 36.725 19.311 31.731 39.289 26.356 25.909 22.620 30.386 32.168 21.725 22.993 33.458 26.205 37.142 31.056 29.156 33.018 34.279 32.883 24.156 47.503 20.868 29.974 30.486 37.035 36.264 37.394 34.241 24.065 37.924 29.669 44.376 30.665 48.866 32.785 23.496 47.163 38.987 23.656 23.500 29.720 40.414 35.583 34.484 31.469 29.582 31.700
32.766 35.710 43.470 35.939 35.553 24.469 47.773 43.052 35.449 48.596 44.010 30.101 31.719 27.572 30.338 50.417 38.156 40.035 42.789 32.179 38.192 53.324 39.080 0.000 37.429 38.726 41.658 32.864 35.255 40.394 35.235 47.322 39.511 38.560 28.167 35.359 5.847 39.284 36.151 22.137 26.686 31.821 36.370 39.743 36.199 37.641 45.393 63.104 52.240 63.463 41.510 40.483 42.618 41.883 36.616 43.849 41.106 31.277 41.282 39.403 8.705 41.443 41.286 36.714 46.809 23.988 29.489 49.255 41.797 48.442
18.414 12.540 42.090 33.972 33.586 35.895 47.521 25.959 18.020 54.243 43.550 36.171 40.437 36.290 39.057 32.788 35.517 48.854 26.591 35.431 36.225 35.695 20.904 38.016 0.000 36.759 45.331 31.384 23.770 20.527 35.414 30.515 20.122 28.021 36.886 31.799 38.433 36.084 34.184 34.077 35.338 36.922 22.018 48.562 10.920 35.002 28.833 35.382 34.611 35.741 39.269 22.412 37.849 25.685 45.435 29.012 49.925 37.813 21.843 48.222 40.278 22.003 21.848 34.747 45.442 36.642 38.208 29.817 25.599 30.047
40.331 42.406 25.073 24.494 21.379 34.665 30.505 42.363 37.414 31.328 26.533 33.497 28.296 30.655 29.112 56.442 31.560 39.667 50.353 31.474 24.018 60.271 37.902 42.060 42.213 0.000 26.267 25.790 41.116 45.522 31.457 49.544 42.806 37.872 31.563 34.670 42.476 27.513 24.707 41.147 37.677 33.954 41.572 40.260 42.894 28.374 52.958 51.553 61.529 51.913 22.235 39.795 54.513 49.448 35.399 49.113 40.957 29.631 41.502 38.287 44.322 42.738 39.662 14.843 28.426 35.412 29.847 52.198 49.361 56.625
43.219 46.162 16.242 28.418 29.584 32.509 22.557 46.504 41.338 23.380 14.530 31.342 26.140 28.500 26.957 61.028 28.874 31.707 53.242 28.788 32.223 64.857 41.826 41.651 46.137 26.285 0.000 30.490 45.707 49.446 28.771 53.685 46.947 42.013 29.408 38.811 42.068 24.827 28.630 40.738 35.522 31.268 46.823 32.300 46.651 25.688 55.846 56.140 66.115 56.499 21.145 43.936 58.437 52.336 25.555 54.301 32.997 27.476 45.643 30.327 43.913 46.879 43.803 26.865 18.742 33.257 27.692 53.871 52.249 61.211
34.344 35.561 33.812 25.694 25.308 31.024 37.121 31.019 33.462 37.944 35.272 24.771 24.311 25.575 24.030 39.459 22.207 40.777 39.685 22.121 27.947 42.366 30.735 31.213 35.046 25.790 31.006 0.000 34.245 33.289 22.104 38.200 31.462 26.528 25.176 23.326 31.630 21.202 25.907 30.300 30.467 24.601 37.948 42.996 34.767 20.885 39.687 42.053 41.282 42.412 30.859 28.451 47.642 41.732 33.558 37.769 43.693 24.503 30.158 40.145 33.475 31.394 28.318 15.290 36.158 32.151 26.202 37.078 41.081 37.732
10.602 20.318 42.532 34.414 34.028 36.239 47.964 32.239 23.852 54.685 43.992 36.515 40.782 36.635 39.401 35.076 35.959 49.199 24.659 35.873 36.667 37.983 25.921 38.129 24.271 37.201 44.759 31.826 0.000 25.110 35.856 31.980 26.353 31.971 37.230 35.749 38.545 36.527 34.627 34.422 35.682 37.267 11.478 48.907 23.040 35.444 30.052 41.662 36.898 42.022 39.711 28.693 29.968 23.753 45.780 28.762 50.269 38.255 28.124 48.567 40.391 26.916 28.128 35.190 45.884 36.986 38.553 36.097 23.666 33.101
20.345 22.247 44.681 36.564 36.178 40.066 52.654 24.281 25.162 50.867 46.141 40.342 40.212 40.462 43.228 26.905 38.108 53.025 25.646 38.023 38.816 29.812 22.620 42.187 20.527 39.351 46.908 33.975 25.980 0.000 38.006 26.237 10.802 27.756 41.057 30.950 42.604 38.676 36.776 38.248 39.509 41.093 24.860 52.733 20.380 37.594 26.672 32.533 28.727 32.892 41.860 20.735 37.677 24.740 49.606 24.397 54.096 40.405 16.777 52.393 44.449 9.657 20.720 37.339 48.034 40.813 42.379 28.139 24.653 25.769
39.375 42.319 32.084 33.535 35.868 26.032 37.700 41.579 39.216 38.523 33.543 21.218 18.293 22.022 17.242 50.018 12.167 33.555 49.398 11.175 38.507 52.925 41.294 34.596 44.038 31.402 31.586 25.564 41.864 43.849 0.000 48.760 42.022 37.087 21.623 33.886 35.012 19.872 33.747 28.741 24.319 15.872 42.980 35.065 42.807 22.695 50.246 52.612 51.842 52.972 28.130 39.010 53.525 48.492 28.072 48.328 35.762 15.670 40.718 32.924 36.858 41.953 38.878 31.981 35.436 26.779 22.649 47.638 48.406 48.292
26.231 27.993 54.316 46.199 45.813 46.958 63.029 26.288 32.076 61.242 55.776 47.234 46.551 47.354 46.270 20.541 44.447 59.917 22.912 44.361 48.452 23.448 32.282 49.079 32.118 48.986 53.247 40.314 31.867 27.143 44.344 0.000 27.067 31.358 47.949 34.552 49.496 45.015 46.411 45.141 46.401 46.841 30.746 59.626 28.688 43.932 12.060 26.118 21.807 26.477 51.495 25.024 43.563 24.959 56.498 20.996 60.988 46.744 24.141 59.285 51.341 26.495 24.459 46.974 57.669 47.705 49.271 38.514 24.308 14.035
21.691 20.667 43.787 35.669 35.283 39.171 50.828 22.454 24.267 49.040 45.247 39.447 41.122 39.567 40.841 26.743 39.018 52.131 25.877 38.932 37.922 29.650 21.725 41.293 20.122 38.456 47.818 34.885 27.047 10.802 38.915 25.133 0.000 25.929 40.162 29.123 41.709 39.586 35.882 37.354 38.614 41.412 25.295 51.839 19.873 38.503 25.880 31.878 28.566 32.237 40.966 16.703 41.125 26.787 48.712 23.962 53.201 41.315 11.523 51.499 43.555 5.603 14.383 36.445 47.139 39.918 41.485 26.312 27.274 25.608
26.660 27.554 41.474 31.303 30.917 38.240 45.776 21.561 25.778 46.599 42.014 33.425 32.965 34.230 32.685 32.274 30.861 49.432 32.500 30.775 22.598 35.181 23.051 38.411 27.362 34.090 39.661 26.728 32.016 26.104 30.759 31.015 24.277 0.000 33.831 6.997 38.828 31.429 31.515 37.498 37.665 33.255 30.264 51.650 28.043 30.346 32.502 34.868 34.097 35.227 39.514 21.266 44.061 34.547 42.213 30.584 52.348 33.158 22.973 48.800 40.673 24.209 21.133 32.079 44.812 38.986 34.857 28.463 33.896 30.547
36.981 39.925 31.726 33.860 33.474 20.518 38.870 39.184 36.822 39.693 33.185 8.803 18.347 5.425 12.903 47.624 14.195 31.647 47.004 15.223 36.112 50.531 38.900 35.413 41.643 31.043 32.755 23.170 39.469 41.454 22.445 46.365 39.628 34.693 0.000 31.492 35.830 25.409 34.072 25.294 14.987 17.190 40.585 33.157 40.413 27.948 47.852 50.218 49.447 50.578 32.608 36.616 51.131 46.098 26.164 45.934 33.854 12.457 38.323 31.015 37.675 39.559 36.483 31.623 37.907 22.160 9.487 45.244 46.011 45.898
30.349 31.567 39.788 29.618 29.232 36.554 44.091 27.025 29.468 44.914 40.329 31.741 31.280 32.545 31.000 35.465 29.177 47.747 35.690 29.091 19.948 38.372 26.205 36.726 31.052 32.405 37.976 25.043 35.706 29.295 29.074 34.206 27.468 6.997 32.146 0.000 37.143 29.744 29.831 35.813 35.980 31.570 33.954 49.966 30.773 28.662 35.692 38.059 37.288 38.418 37.829 24.457 47.751 37.738 40.528 33.775 50.663 31.473 26.164 47.115 38.988 27.400 24.324 30.394 43.128 37.302 33.172 30.777 37.087 33.738
35.339 38.282 46.824 39.293 38.907 25.147 51.127 46.406 38.022 51.950 47.365 30.779 32.397 28.250 31.017 52.989 41.510 40.886 45.361 41.425 41.546 55.896 41.652 5.847 40.001 42.080 45.012 36.218 37.827 42.966 41.408 49.894 42.084 41.915 28.846 38.713 0.000 42.638 39.505 22.816 27.364 32.499 38.943 40.594 38.771 40.996 47.966 66.458 54.812 66.818 44.865 43.838 43.297 44.456 37.466 46.421 41.956 31.955 43.855 40.253 7.093 44.015 43.705 40.069 50.163 24.667 30.168 51.828 44.369 51.015
35.734 38.678 27.338 28.789 29.955 26.794 33.150 40.940 35.535 33.973 28.798 21.980 21.519 22.784 21.239 49.380 19.845 37.986 45.757 19.328 32.594 52.287 37.784 34.166 40.396 26.657 27.035 21.202 38.222 43.361 19.872 48.121 41.383 36.449 22.385 33.247 34.583 0.000 29.002 29.503 25.081 20.705 39.338 37.760 39.166 8.272 48.361 56.511 51.203 56.870 23.385 38.372 49.884 44.851 30.767 46.816 38.457 21.712 40.079 37.354 36.428 41.315 38.240 23.508 30.691 27.541 23.411 47.000 44.764 47.653
32.167 34.242 28.382 3.848 19.228 33.707 33.814 34.199 29.250 34.637 29.842 33.983 31.605 34.103 32.421 42.639 30.774 42.976 42.190 30.689 21.708 45.546 29.738 33.896 34.049 21.389 29.576 26.456 32.952 37.358 30.672 41.380 34.643 29.708 34.698 26.507 34.312 30.822 0.000 32.983 33.150 33.168 33.408 43.569 34.730 30.260 44.794 48.986 44.462 49.345 25.544 31.631 46.349 41.284 38.708 40.949 44.266 33.071 33.338 41.595 36.158 34.574 31.498 20.063 31.735 34.833 33.156 40.258 41.197 40.912
32.150 35.093 37.670 37.361 36.975 17.030 43.286 44.781 34.832 44.109 39.129 24.252 25.870 21.724 24.490 49.800 26.743 34.187 42.172 26.331 39.614 52.707 38.463 22.100 36.812 36.988 37.171 30.489 34.638 39.777 29.386 46.705 38.895 39.983 22.319 36.781 22.517 31.353 37.574 0.000 20.837 25.972 35.754 33.895 35.582 32.213 44.777 54.204 51.623 54.563 33.716 41.235 44.483 41.266 30.768 43.232 35.257 25.428 40.665 33.555 24.362 40.826 40.670 37.567 41.022 14.787 23.641 48.639 41.180 47.825
31.748 34.692 33.661 35.111 36.783 11.000 39.277 42.494 34.431 40.100 35.120 13.012 21.862 12.732 20.481 49.398 22.734 30.178 41.771 22.322 39.422 52.305 38.061 25.433 36.410 32.979 33.162 26.480 34.236 39.375 25.377 46.303 38.493 38.003 14.987 34.801 25.850 27.344 35.324 19.579 0.000 21.963 35.352 29.886 35.180 28.204 44.375 53.528 51.221 53.888 29.707 39.926 45.898 40.865 26.759 42.831 31.248 21.419 40.264 29.546 27.695 40.424 39.793 33.558 37.013 10.710 20.233 48.237 40.778 47.424
34.734 37.678 33.737 33.029 32.643 23.730 38.040 38.354 33.480 38.863 34.277 15.320 20.958 18.412 18.023 46.794 8.585 34.922 44.757 9.613 35.282 49.701 35.728 33.166 36.973 33.055 31.925 22.340 37.222 40.624 15.872 45.535 38.797 33.863 17.190 30.661 33.583 20.705 33.241 26.439 21.586 0.000 38.338 35.807 38.166 23.528 47.361 49.388 48.617 49.747 31.777 35.786 48.884 43.851 28.814 45.104 36.504 14.723 37.493 34.291 35.428 38.728 35.653 33.634 37.076 24.477 19.962 44.413 43.764 45.067
5.728 16.528 44.513 36.395 36.009 37.154 49.945 30.360 22.250 56.666 45.973 37.430 41.697 37.550 40.316 33.930 37.940 50.114 23.513 37.854 38.648 36.837 24.042 39.276 22.391 39.182 46.590 33.807 11.478 23.965 37.837 30.835 24.474 30.092 38.145 33.870 39.692 38.508 36.608 35.337 36.597 38.182 0.000 49.822 19.303 37.425 28.907 39.783 35.753 40.143 41.692 26.814 32.512 22.607 46.695 27.616 51.184 40.236 26.245 49.482 41.538 26.405 26.249 37.171 47.865 37.901 39.468 34.218 22.521 31.956
45.242 48.185 34.801 39.608 40.775 31.137 33.611 52.726 47.924 33.802 32.478 30.475 28.716 28.941 29.532 61.166 34.000 8.603 55.264 31.634 43.413 64.073 51.555 38.956 49.904 37.476 31.007 36.712 47.730 52.869 32.232 59.797 51.987 48.235 28.542 45.033 39.373 34.092 39.821 33.101 29.249 32.195 48.846 0.000 48.674 34.953 57.869 67.330 62.989 67.689 30.860 50.158 59.392 54.358 12.138 56.324 7.113 30.052 51.865 7.962 40.249 53.101 50.025 38.055 33.570 31.275 28.699 58.785 54.272 60.917
15.657 5.775 42.290 34.173 33.787 34.932 47.722 25.759 16.727 54.444 43.750 35.208 39.474 35.327 38.094 32.588 35.717 47.891 26.007 35.632 36.425 35.495 21.721 37.053 10.920 36.959 44.368 31.584 22.807 20.380 35.614 30.243 19.873 27.770 35.923 31.548 37.470 36.285 34.385 33.115 34.375 35.959 19.303 47.599 0.000 35.203 28.315 35.182 34.412 35.542 39.469 22.213 36.886 25.101 44.472 26.770 48.962 38.014 21.644 47.259 39.315 21.804 21.648 34.948 45.643 35.679 37.245 29.617 25.014 31.364
41.704 44.648 25.990 27.441 28.607 30.189 31.802 44.989 40.360 32.624 27.450 25.375 24.101 26.180 24.917 53.429 22.668 37.082 51.727 22.152 31.246 63.880 40.849 40.136 45.159 25.308 25.686 20.885 44.192 47.259 22.695 52.170 45.432 40.498 25.781 37.296 40.553 8.272 27.653 32.899 28.477 23.528 45.308 37.675 45.136 0.000 54.331 55.162 55.252 55.522 22.037 42.421 55.853 50.821 31.204 52.786 38.373 25.108 44.128 36.056 42.398 45.363 42.288 22.472 29.343 30.937 25.652 52.894 50.734 51.702
25.013 26.775 53.099 44.981 44.595 45.740 63.907 27.744 30.858 62.120 54.558 46.016 48.006 46.136 48.902 20.406 45.903 58.700 20.610 45.817 47.234 23.313 31.064 47.861 30.901 47.768 54.703 41.770 30.649 25.925 45.800 12.060 25.849 32.814 46.731 36.008 48.278 46.470 45.193 43.923 45.183 46.767 29.528 58.408 27.470 45.388 0.000 26.995 21.652 27.317 50.278 26.479 42.345 23.742 55.281 19.778 59.770 48.199 26.079 58.068 50.123 25.277 25.914 45.757 56.451 46.487 48.053 39.392 23.090 16.897
33.608 35.370 61.694 60.782 53.190 54.335 68.843 36.339 39.453 67.056 63.153 54.611 56.601 54.731 57.497 10.092 54.498 67.294 30.289 54.412 55.829 11.505 39.659 56.457 39.496 56.363 63.298 50.365 39.244 34.520 54.395 25.906 34.444 41.409 55.326 44.603 56.873 55.065 60.995 52.518 53.778 55.362 38.123 67.003 36.065 53.983 26.450 0.000 9.297 8.887 66.965 35.074 50.940 32.337 63.876 28.373 68.365 56.794 34.674 66.663 58.718 33.872 34.509 54.352 70.488 55.082 56.648 44.328 31.685 20.460
29.651 31.414 59.127 50.849 53.588 50.379 58.910 27.873 35.497 57.122 60.587 48.517 48.057 49.322 47.776 5.378 45.953 63.338 26.333 45.867 56.226 7.808 33.476 52.500 33.349 55.908 54.753 41.820 35.288 27.500 45.850 20.778 27.367 32.864 48.922 36.058 52.917 46.521 51.061 48.562 49.822 48.347 34.167 63.046 32.109 45.438 21.322 9.297 0.000 11.768 57.032 26.286 46.984 28.380 59.919 24.417 64.408 48.250 25.404 62.706 54.762 26.851 25.721 53.896 60.555 51.126 49.948 34.395 27.729 15.727
32.337 34.099 60.423 59.511 51.919 53.064 67.572 35.068 38.183 65.785 61.882 53.340 55.331 53.460 56.226 12.583 53.227 66.023 29.018 53.141 54.558 10.535 38.388 55.186 38.224 55.092 62.026 49.093 37.973 33.250 53.124 24.634 33.172 40.138 54.055 43.332 55.602 53.794 59.723 51.247 52.507 54.092 36.852 65.731 34.794 52.712 25.179 8.887 11.768 0.000 65.694 33.803 49.669 31.066 62.605 27.102 67.094 55.523 33.403 65.392 57.447 32.601 33.238 53.081 69.217 53.811 55.377 43.057 30.414 22.932
41.849 42.620 20.748 24.709 25.875 30.609 26.180 42.578 37.628 27.003 22.208 29.441 24.240 26.600 25.057 57.319 26.904 34.187 51.872 26.818 28.514 61.148 38.117 40.282 42.428 22.576 21.400 29.120 44.338 45.737 26.801 49.759 43.021 38.087 27.508 34.885 40.699 22.857 24.921 33.319 33.622 29.298 45.454 34.779 43.109 23.577 54.476 52.430 62.406 52.790 0.000 40.009 54.727 50.966 28.034 49.328 35.477 25.576 41.717 32.806 42.544 42.953 39.877 23.156 24.101 31.357 25.792 50.162 50.880 57.502
23.831 22.807 45.927 37.810 37.424 41.312 48.840 18.637 26.408 47.053 48.183 39.595 39.135 40.399 38.854 27.296 37.031 54.271 26.508 36.945 38.418 30.203 23.866 43.433 23.739 40.597 45.831 32.898 29.188 20.536 36.928 25.024 16.703 22.618 40.000 26.615 43.850 37.598 38.022 39.495 40.755 39.425 27.435 53.979 22.014 36.516 26.510 29.890 29.120 30.250 45.683 0.000 43.266 28.556 50.852 24.593 55.342 39.327 11.660 53.639 45.695 16.987 5.320 38.585 50.982 42.059 41.026 24.325 27.904 24.556
21.624 24.568 40.991 32.874 32.488 33.953 46.424 36.577 24.307 53.145 42.451 36.983 36.522 34.349 36.242 39.272 34.419 46.912 31.647 34.333 35.127 42.179 24.968 36.074 29.279 35.661 43.219 30.286 26.980 29.249 34.316 36.177 28.369 30.082 37.388 32.009 36.491 34.986 33.086 32.136 33.396 36.813 25.228 46.621 25.056 33.904 34.249 43.678 41.096 44.038 38.171 30.709 0.000 30.741 43.493 32.705 47.983 36.715 30.140 46.280 38.336 30.300 30.144 33.649 44.344 34.700 38.414 38.113 30.654 37.298
19.491 24.970 51.075 42.957 42.571 43.716 56.507 27.940 28.812 56.619 52.534 43.992 48.259 44.112 46.878 26.489 44.502 56.675 17.742 44.416 45.210 29.396 30.604 45.838 28.953 45.744 53.152 40.369 25.127 24.487 44.399 23.394 26.044 33.010 44.707 36.203 46.254 45.069 43.169 41.899 43.159 44.743 24.006 56.383 25.666 43.987 21.466 33.079 28.312 33.439 48.253 26.675 36.823 0.000 53.257 11.908 57.746 46.798 26.275 56.044 48.099 25.473 26.110 43.733 54.427 44.463 46.029 33.892 10.532 24.515
44.683 47.627 30.568 35.394 36.560 30.578 30.568 52.167 47.366 32.830 28.245 29.916 28.157 28.382 28.973 60.607 33.442 16.038 54.706 31.075 39.199 63.514 48.802 38.397 49.345 33.261 26.793 36.153 47.171 52.310 31.673 59.238 51.428 47.676 27.983 44.474 38.814 29.976 35.606 32.543 28.690 31.636 48.287 12.138 48.115 30.836 57.310 63.115 62.430 63.475 26.645 49.599 58.833 53.800 0.000 55.765 15.197 29.493 51.306 9.262 39.691 52.542 49.466 33.841 31.043 30.716 28.140 58.226 53.713 60.359
20.223 22.135 48.459 40.341 39.955 41.100 53.890 26.594 26.218 53.180 49.918 41.376 45.643 41.496 44.262 28.256 41.886 54.059 18.520 41.800 42.594 31.163 26.310 43.222 26.183 43.128 50.536 37.753 25.859 21.239 41.783 24.765 21.162 30.069 42.091 33.263 43.638 42.453 40.553 39.283 40.543 42.127 24.739 53.767 22.830 41.371 21.810 33.884 30.080 34.244 45.638 23.048 37.556 11.908 50.641 0.000 55.130 44.182 21.392 53.428 45.483 20.590 22.483 41.117 51.811 41.847 43.413 30.452 19.277 25.283
47.342 50.285 33.604 38.430 39.596 33.238 32.881 54.826 50.025 33.072 31.281 32.575 30.816 31.041 31.633 63.266 36.100 6.932 57.365 33.734 42.235 66.173 53.655 41.056 52.004 36.297 29.829 38.812 49.830 54.969 34.332 61.897 54.087 50.335 30.642 47.134 41.473 36.192 38.642 35.201 31.349 34.295 50.946 7.113 50.774 37.053 59.969 66.151 65.089 66.511 29.681 52.258 61.492 56.459 15.197 58.424 0.000 32.152 53.965 10.717 42.350 55.201 52.125 36.877 32.840 33.376 30.799 60.886 56.372 63.018
37.286 40.230 29.922 31.373 32.539 22.408 35.539 42.183 39.969 36.362 31.382 13.242 11.098 14.787 6.810 50.623 9.957 31.394 47.309 10.832 35.178 53.531 41.900 30.972 41.949 29.240 29.424 26.169 39.775 44.454 15.670 49.364 42.627 37.692 12.457 34.491 31.389 23.605 31.585 25.117 22.595 14.723 40.891 32.903 40.719 24.466 49.913 59.094 52.447 59.454 25.969 39.615 51.436 46.403 25.910 48.933 33.601 0.000 41.323 30.762 33.234 42.558 39.483 29.820 33.275 23.155 11.640 48.243 46.317 48.897
23.461 22.437 45.557 37.440 37.054 40.942 49.040 17.903 26.038 47.252 47.017 39.795 39.334 41.338 39.054 24.780 37.231 53.901 26.108 37.145 39.693 27.687 23.496 43.063 23.369 40.227 46.031 33.098 28.818 16.777 37.128 24.112 11.523 24.142 40.200 27.336 43.480 37.799 37.652 39.124 40.385 39.625 27.065 53.609 21.644 36.716 26.110 30.090 26.602 30.449 45.883 11.660 40.285 27.343 50.483 24.192 54.972 39.527 0.000 53.269 45.325 10.723 9.340 38.215 51.182 41.689 41.226 24.525 27.504 23.644
44.651 47.595 31.297 36.124 37.290 30.547 30.575 52.136 47.334 30.766 28.974 29.885 28.126 28.350 28.942 60.576 33.410 12.608 54.674 31.043 39.929 63.483 50.964 38.366 49.314 33.991 27.523 36.121 47.140 52.279 31.641 59.206 51.396 47.645 27.951 44.443 38.782 30.706 36.336 32.511 28.658 31.605 48.256 7.962 48.083 31.566 57.278 63.845 62.399 64.204 27.375 49.568 58.801 53.768 9.262 55.734 10.717 29.461 51.275 0.000 39.659 52.510 49.435 34.570 30.534 30.685 28.108 58.195 53.682 60.327
35.370 38.314 46.856 39.325 38.939 26.733 51.159 46.437 38.053 51.982 47.396 32.365 33.983 29.836 32.602 53.021 41.542 40.917 45.393 41.456 41.578 55.928 41.684 8.705 40.033 42.112 45.043 36.249 37.858 42.998 41.439 49.925 42.115 41.946 30.431 38.744 7.093 42.670 39.537 24.401 28.950 34.084 38.974 40.625 38.803 41.027 47.997 66.490 54.844 66.849 44.896 43.869 40.546 44.487 37.498 46.453 41.987 33.541 43.886 40.285 0.000 44.046 43.736 40.100 50.195 26.252 31.753 51.859 44.401 51.046
23.621 22.598 45.718 37.600 37.214 41.102 50.759 22.386 26.198 48.971 47.177 41.378 41.053 41.498 40.773 26.256 38.950 54.061 25.306 38.864 39.853 29.163 23.656 43.224 22.380 40.387 47.749 34.816 28.978 9.657 38.847 24.562 5.603 25.861 42.093 29.055 43.640 39.517 37.812 39.285 40.545 41.344 27.226 53.770 21.804 38.435 25.308 31.809 28.079 32.168 47.602 16.987 39.483 25.642 50.643 23.390 55.132 41.246 10.723 53.430 45.485 0.000 14.667 38.376 49.070 41.849 42.945 26.244 26.702 25.121
23.266 22.242 45.362 37.245 36.859 40.747 48.275 16.522 25.843 46.488 47.618 39.030 38.569 39.834 38.289 26.732 36.466 53.706 25.943 36.380 39.498 29.639 23.301 42.868 23.174 40.032 45.266 32.333 28.623 20.720 36.363 24.459 14.383 23.377 39.435 26.571 43.285 37.034 37.457 38.929 40.190 38.860 26.870 53.414 21.449 35.951 25.945 29.325 28.555 29.685 45.118 5.320 42.701 27.991 50.288 24.027 54.777 38.762 9.340 53.075 45.130 14.667 0.000 38.020 50.417 41.494 40.461 23.760 27.339 23.991
38.140 40.215 25.728 19.215 19.897 35.320 31.160 40.172 35.223 31.983 27.188 34.152 28.951 31.310 29.767 54.357 32.215 40.322 48.163 32.129 21.933 58.186 35.711 39.869 40.022 14.843 26.922 15.290 38.925 43.331 32.112 56.554 40.616 35.681 32.218 32.480 40.285 23.508 20.063 38.956 39.123 33.695 39.381 40.915 40.703 22.472 57.099 49.468 59.444 49.828 22.890 37.604 52.322 47.257 36.054 46.922 41.612 30.286 39.311 38.942 42.131 40.547 37.471 0.000 29.081 36.067 30.502 46.231 47.170 54.539
45.781 47.856 15.143 29.944 31.111 37.745 16.615 47.813 42.864 19.763 11.238 36.577 31.376 33.735 32.192 61.831 33.911 33.872 55.804 33.825 33.749 65.660 43.352 46.688 47.663 27.812 18.742 35.526 46.566 50.972 33.808 64.029 48.256 43.322 34.643 40.120 47.105 29.864 30.157 40.454 40.757 36.305 47.022 34.465 48.344 30.724 64.573 56.942 66.918 57.302 24.088 45.245 59.963 54.898 29.185 54.563 35.162 32.711 46.952 33.957 48.950 48.188 45.112 28.391 0.000 38.492 32.927 55.607 54.811 62.014
30.980 33.924 35.664 37.060 36.674 9.225 41.281 43.612 33.663 42.103 37.124 17.618 23.865 19.905 22.484 48.631 24.738 32.181 41.003 24.325 39.313 51.538 37.294 23.951 35.643 34.982 35.166 28.483 33.469 38.608 27.381 45.536 37.726 40.007 20.313 36.805 24.367 29.347 37.273 14.787 10.710 23.967 34.585 31.889 34.413 30.208 43.608 53.035 50.454 53.394 31.711 40.066 45.130 40.097 28.762 42.063 33.252 23.422 39.496 31.549 26.213 39.657 39.500 35.562 39.017 0.000 21.635 47.470 40.011 46.656
36.178 39.122 29.897 31.348 32.514 21.300 35.514 42.070 38.861 36.337 31.357 13.550 14.252 10.672 8.837 50.510 15.682 30.709 46.201 16.557 35.153 53.417 41.786 29.864 40.841 29.215 29.399 26.055 38.667 43.806 21.613 49.251 42.513 37.579 9.487 34.377 30.280 23.580 31.560 24.009 20.233 19.962 39.783 32.218 39.611 24.440 48.805 59.069 52.333 59.428 25.944 39.502 50.328 45.295 25.226 47.261 32.916 11.640 41.209 30.077 32.126 42.444 39.369 29.794 33.250 22.047 0.000 48.129 45.209 48.783
47.268 49.343 39.733 31.454 34.193 48.808 39.515 24.158 44.351 37.727 41.192 49.084 43.697 49.204 44.513 42.716 45.875 55.068 52.205 45.790 36.832 46.544 44.840 48.997 49.150 36.513 40.927 41.556 48.053 47.872 45.772 44.914 43.383 28.463 49.799 30.777 49.414 42.915 31.666 48.084 48.251 48.269 48.509 55.661 49.831 45.361 45.458 37.827 47.803 38.186 37.637 35.157 61.450 53.880 50.801 50.289 56.359 45.033 34.975 53.688 51.259 42.490 34.718 34.502 41.160 49.934 45.249 0.000 53.601 42.898
18.030 23.510 49.614 41.496 41.110 42.255 55.046 29.169 27.351 61.767 51.074 42.532 46.798 42.651 45.417 27.517 43.041 55.215 11.082 42.955 43.749 30.424 29.143 44.377 27.492 44.283 51.691 38.908 23.666 23.026 42.938 24.422 25.403 34.239 43.246 37.433 44.793 43.609 41.709 40.438 41.698 43.283 22.546 54.923 24.205 42.526 22.494 34.107 29.340 34.466 46.793 27.289 35.363 10.532 51.796 19.277 56.285 45.337 25.634 54.583 46.639 24.832 26.725 42.272 52.966 43.003 44.569 35.121 0.000 25.543
27.615 29.378 55.701 47.583 47.197 48.343 61.513 25.857 33.461 59.725 57.161 48.619 46.120 48.738 45.839 13.472 44.016 61.302 24.297 43.930 49.836 18.972 31.782 50.464 31.655 50.370 52.816 39.883 33.251 25.806 43.913 14.035 25.673 30.927 49.334 34.121 50.881 44.584 47.796 46.525 47.786 46.410 32.131 61.010 30.073 43.501 16.897 20.460 15.727 22.932 52.668 24.593 44.948 26.344 57.883 22.381 62.372 46.312 23.710 60.670 52.726 25.158 24.027 48.359 63.158 49.090 48.011 36.998 25.693 0.000
0.0000 1.0721 9.5854 6.8795 6.7508 7.1325 11.3960 4.8678 2.1645 13.6365 10.0720 7.2246 8.6468 7.2645 8.1865 5.8132 7.3944 11.4523 2.3409 7.3658 7.6305 6.7822 2.7618 7.8397 2.2115 7.8085 10.2779 6.0167 0.8746 2.4914 7.3602 4.7815 2.9058 4.7784 7.4629 6.0377 7.9785 7.5836 6.9503 6.5268 6.9469 7.4750 0.4752 11.3551 1.3038 7.2228 4.1388 8.0089 6.4209 8.1287 8.6450 3.6857 5.5714 2.0390 10.3127 3.7086 11.8091 8.1599 3.4960 11.2417 8.5937 3.0933 3.4974 7.1380 10.7029 7.3816 7.9036 6.1538 2.0101 5.1550
1.0721 0.0000 8.8650 6.1591 6.0304 6.4121 10.6756 4.1145 1.0088 12.9161 9.3516 6.5042 7.9264 6.5441 7.4661 5.8810 6.6740 10.7319 3.4371 6.6454 6.9101 6.8500 2.0084 7.1193 0.7963 7.0881 9.5575 5.2963 1.4455 2.4506 6.6398 4.8493 2.1524 4.0250 6.7425 5.2844 7.2581 6.8632 6.2299 5.8064 6.2265 6.7546 1.1286 10.6347 0.2318 6.5024 4.2065 7.2555 6.4887 7.3753 7.9246 2.9324 2.6660 3.1351 9.5923 3.6918 11.0888 7.4395 2.7426 10.5213 7.8733 2.7961 2.7440 6.4176 9.9825 6.6612 7.1832 5.4004 3.1063 5.2228
10.1428 9.8344 0.0000 3.8640 4.2526 6.4641 2.0429 9.8202 8.1705 2.3172 0.4402 6.0748 4.3411 5.1275 4.6131 14.7341 5.4292 6.9469 12.4837 5.4006 5.1323 16.0102 8.3333 9.6883 9.7702 3.1530 1.1061 5.9677 9.4044 10.8732 5.3950 12.2139 9.9680 8.3232 5.4303 7.2560 9.8271 4.0803 3.9347 7.3671 7.4682 6.2272 9.5566 7.1445 9.9972 4.3671 13.3518 13.1044 16.4296 13.2242 1.9117 8.9642 13.8701 12.1817 5.5293 12.0702 7.3769 4.7863 9.5332 7.1201 10.4422 9.9451 8.9200 3.3463 1.0134 6.7131 4.8582 12.3483 12.1529 14.7949
6.6515 6.3431 4.3899 0.0000 1.2851 6.1649 6.2005 6.3290 4.6792 6.4748 4.8765 6.2570 5.4641 6.2968 5.7362 9.1423 5.1873 9.2545 8.9925 5.1587 2.1652 10.1113 4.8420 6.2279 6.2789 2.0590 4.7879 3.7477 5.9132 7.3820 5.1531 8.7227 6.4767 4.8320 6.4952 3.7647 6.3667 5.2033 0.0708 5.9234 5.9793 5.9854 6.0654 9.4521 6.5060 5.0157 9.8606 11.2578 9.7500 11.3776 3.4440 5.4730 10.3789 8.6905 7.8318 8.5789 9.6845 5.9529 6.0420 8.7944 6.9818 6.4539 5.4287 1.3542 5.5074 6.5403 5.9812 8.3488 8.6616 8.5667
8.4482 8.1398 4.4334 1.2851 0.0000 7.9616 6.2440 8.1257 6.4759 6.5183 4.9200 7.2413 5.5076 6.2940 5.7796 12.8831 6.9840 9.2980 10.7892 6.9554 1.3807 14.1592 2.6442 8.0246 8.0756 2.1025 4.8314 2.0680 7.7099 9.1787 6.9498 13.6156 8.2734 6.6287 6.5968 5.5614 8.1634 5.2468 1.3558 7.7201 7.7760 7.7821 7.8621 9.4956 8.3027 5.5336 11.6572 11.2535 14.5786 11.3732 3.4875 7.2696 12.1756 10.4872 7.8753 10.3756 9.7280 5.9528 7.8387 8.8379 8.7785 8.2506 7.2254 1.4124 5.5509 8.3370 6.0247 10.1455 10.4583 12.9439
6.8509 6.8322 6.6390 7.1226 7.7488 0.0000 8.5112 9.5834 6.7452 8.7855 7.1255 1.3635 2.7059 1.2742 2.2457 11.7344 2.9969 5.4780 9.1919 2.8593 8.6285 12.7034 7.9553 3.1439 7.4051 6.4116 6.4729 4.2454 6.6804 8.3934 3.8778 10.7027 8.0993 8.0864 1.4627 7.0192 3.2828 4.5333 7.1933 1.1709 0.6681 2.7398 7.0523 5.3807 6.9950 4.8201 10.0600 13.2024 12.3421 13.3222 5.3212 8.7274 10.5675 8.8899 4.3384 9.5452 5.8348 2.5584 8.6895 5.2674 3.8979 8.7430 8.6832 6.6049 7.7565 0.5199 1.9628 11.3473 8.8610 11.0762
11.9655 11.6571 2.0103 5.6942 6.0307 8.2421 0.0000 11.6430 9.9932 0.5934 1.9609 7.8528 6.1191 6.9055 6.3912 15.1880 6.8419 6.5596 14.3065 6.8133 6.9103 16.4641 10.1560 11.1010 11.5929 4.9310 2.7551 7.3804 11.2272 12.6960 6.8077 15.9205 11.7907 10.1460 7.2083 9.0787 11.2398 5.4930 5.7650 10.7965 9.2462 7.6399 11.3794 6.7572 11.8200 5.7798 16.1019 13.5584 16.8835 13.6781 4.2655 10.7870 15.6929 14.0045 5.2667 13.8930 6.9896 6.5643 11.3560 6.8574 11.8549 11.7679 10.7427 5.1243 1.1366 8.4911 6.6362 13.3498 13.9756 15.2488
5.1062 3.7649 10.8332 8.0736 7.2412 9.9331 10.7607 0.0000 4.9650 10.1648 10.9400 8.0773 7.9238 8.3453 7.8303 4.2126 7.2226 13.4127 4.2651 7.1939 8.1208 5.1816 4.1177 9.7391 4.0755 8.2988 10.1559 5.8449 5.8916 3.0077 7.1883 3.7702 2.3988 2.1871 8.2123 3.9242 9.8779 7.4118 8.1444 9.4346 9.7474 8.0206 5.3076 14.1522 3.5003 7.0509 4.2657 5.0773 4.8203 5.1971 10.1067 1.3059 10.5844 4.9476 11.0065 3.6265 14.3847 7.9881 1.2448 13.2021 10.4931 2.3759 1.1291 7.6283 11.8730 10.1821 8.5544 2.5890 4.7304 3.6143
2.8230 1.0088 7.9653 5.2594 5.1308 5.8678 9.7760 5.3504 0.0000 12.0164 8.4519 5.9598 7.3820 5.9997 6.9218 7.6268 5.7743 10.1876 5.1639 5.7457 6.0104 8.5958 1.5123 6.4976 1.2542 6.1884 8.7077 4.3966 3.0103 3.6865 5.7401 6.6763 3.3883 3.5385 6.1981 4.7979 6.6365 5.9636 5.3302 5.2620 5.6822 6.2102 1.7098 10.0903 1.1464 5.6027 6.0336 8.4914 8.2344 8.6112 7.0249 4.1683 2.3285 4.8619 9.0480 5.5188 10.5444 6.5399 3.9785 9.9769 7.2516 4.0320 3.9799 5.5179 9.0828 6.1168 6.6389 6.6363 4.8331 7.0499
11.9727 11.6643 2.8301 5.7014 6.6143 9.0620 0.5934 11.6502 10.0004 0.0000 2.7808 8.6727 6.9390 7.7254 7.2110 15.1952 7.6618 6.4823 14.3137 7.6332 7.4940 16.4714 10.1632 11.5491 11.6002 5.7509 3.5750 8.2003 11.2344 12.7032 7.6275 15.9277 11.7980 10.1532 8.0282 9.0859 11.6879 6.3129 5.7722 11.2446 10.0661 8.4598 11.3866 6.6800 11.8272 6.5997 16.1091 13.5656 16.8907 13.6854 5.0854 10.7942 15.7001 14.0117 5.7284 13.9002 6.9124 7.3842 11.3632 6.9161 12.3031 11.7751 10.7499 5.9442 1.5204 9.3110 7.4561 13.7110 13.9828 15.2560
10.6293 10.3209 0.4402 4.3505 4.7392 6.9506 1.9935 10.3068 8.6570 2.2678 0.0000 6.5613 4.8276 5.6141 5.0997 15.2206 5.9158 6.1808 12.9703 5.8872 5.6188 16.4968 8.8198 10.1749 10.2567 3.6396 0.9631 6.4543 9.8910 11.3598 5.8815 12.7005 10.4546 8.8098 5.9169 7.7425 10.3137 4.5669 4.4213 7.8537 7.9547 6.7138 10.0432 6.3785 10.4838 4.8537 13.8384 13.5910 16.9162 13.7108 2.3983 9.4508 14.3567 12.6683 4.4763 12.5568 6.6109 5.2728 10.0198 6.0671 10.9288 10.4317 9.4065 3.8328 0.6873 7.1997 5.3448 12.8349 12.6394 15.2815
7.1003 7.0815 5.6591 6.3449 6.2163 1.3635 8.0151 8.1198 6.9946 8.2894 6.1456 0.0000 1.3914 0.4652 0.8966 10.9331 0.9402 5.6329 9.4412 1.0262 7.0959 11.9021 8.0251 4.6071 7.6544 5.4317 5.9768 2.7817 6.9297 8.8765 1.6295 10.5135 8.2676 6.6228 0.4844 5.5556 4.7460 3.5534 6.4157 2.6555 0.8364 1.0296 7.3017 6.1361 7.2444 3.8402 10.3093 11.7978 11.5408 11.9176 4.3413 7.2638 10.8169 9.1393 3.8051 9.7945 6.3685 0.8552 7.8328 5.4223 5.3611 8.2447 7.2195 5.6249 6.7766 1.2203 0.8805 10.1396 9.1104 10.3576
9.5133 9.4946 4.5048 4.9884 5.3771 2.9229 6.3771 9.6084 9.4076 6.6513 4.9914 1.3914 0.0000 1.3804 0.5953 12.4217 1.1012 4.9954 11.8543 1.1210 6.2567 13.3907 9.4577 5.7776 10.0675 4.2775 4.3387 4.2703 9.3428 10.3651 1.2747 12.0021 9.7561 8.1114 1.2816 7.0441 5.9164 2.3992 5.0592 3.8259 3.9270 1.4995 9.7147 5.4986 9.6574 2.6860 12.7223 14.2289 13.0294 14.3487 3.1871 8.7523 13.2299 11.5523 3.1676 12.2076 5.7310 0.6758 9.3214 4.7848 6.5315 9.7333 8.7081 4.4707 5.6223 3.1719 0.9399 11.6282 11.5234 11.8461
7.0237 7.0049 5.3153 5.7989 6.3563 1.2742 7.1876 8.2598 7.4723 7.4619 5.8019 0.4652 1.3804 0.0000 0.9257 11.0732 1.1385 5.2892 9.3647 1.2244 7.2359 12.0422 8.1651 5.1232 7.5778 5.0880 5.1492 2.9217 6.8532 9.0165 2.5542 10.6535 8.4076 6.7628 0.2027 5.6956 5.2620 3.2097 5.8697 3.1715 0.8124 1.2885 7.2251 5.7924 7.1678 3.4965 11.1491 11.9378 11.6808 12.0576 3.9976 7.4038 10.7403 9.0627 3.4614 10.5098 6.0248 0.9850 7.9728 5.0785 5.8772 8.3847 7.3596 5.2812 6.4329 1.4109 0.6407 10.2796 9.0338 10.4976
8.5966 8.5778 4.9038 5.3874 5.7761 2.6371 6.7761 9.2289 8.4908 7.0504 5.3904 0.8966 0.5953 0.9257 0.0000 12.0422 0.8567 5.1745 10.9375 0.9035 6.6557 13.0112 9.1342 5.4918 9.1507 4.6765 4.7377 3.8908 8.4260 9.9856 1.1877 11.6226 9.3767 7.7319 0.8268 6.6646 5.6306 2.7982 5.4582 3.5401 1.6775 1.2550 8.7980 5.6777 8.7406 3.0850 11.8056 14.6279 12.6499 14.7477 3.5861 8.3729 12.3132 10.6355 3.3467 11.4789 5.9101 0.3180 8.9419 4.9639 6.2457 9.3538 8.3286 4.8697 6.0214 2.8861 0.4880 11.2487 10.6067 11.4666
5.6248 5.2121 15.3168 12.5573 11.1521 11.5338 15.2443 4.8986 6.5733 14.6485 15.8034 11.6259 11.6266 11.6658 12.5879 0.0000 10.9254 15.8537 3.5186 10.8967 12.0318 0.4691 6.6419 12.2410 6.5873 12.2098 13.8587 9.5477 6.5034 4.9290 10.8911 2.0573 4.9034 6.5624 11.8642 7.6270 12.3799 11.1146 12.6281 10.9281 11.3482 11.8763 6.1299 15.7564 5.4439 10.7537 1.5535 0.5921 0.1985 0.7998 14.6183 4.3697 10.4023 4.2011 14.7140 2.8800 16.2105 11.6909 4.9802 15.6430 12.9950 4.7129 4.1814 11.5393 15.7927 11.7829 12.3049 7.0726 3.9839 0.8746
7.9731 7.9544 6.0739 5.9327 5.8040 2.5253 7.6029 7.7075 6.9200 7.8771 6.3487 0.9402 1.1012 1.1385 0.8567 10.5209 0.0000 6.2560 10.3141 0.1541 6.6836 11.4899 7.6129 5.3800 8.5273 5.8466 5.5645 2.3694 7.8026 8.4643 0.7659 10.1012 7.8553 6.2105 0.9357 5.1433 5.5188 1.4075 6.0034 3.4283 1.9546 0.4665 8.1745 6.5509 8.1172 1.6431 10.5968 11.3855 11.1286 11.5053 5.5153 6.8515 11.6897 10.0121 4.2200 9.9575 6.7833 0.5813 7.4206 6.0454 6.1339 7.8324 6.8073 2.4931 7.2816 2.7743 1.0594 9.7273 9.9832 9.9453
11.4657 11.4469 6.9853 8.5879 8.9766 5.7642 6.5888 12.9604 11.3599 6.6525 6.2110 5.5435 4.9571 5.0321 5.2292 15.7738 6.7186 0.0000 13.8066 5.9296 9.8562 16.7428 12.5700 8.3705 12.0198 7.8770 5.7208 7.6224 11.2951 13.0081 6.1290 15.3174 12.7140 11.4634 4.8991 10.3962 8.5094 6.7492 8.6587 6.4189 5.1347 6.1168 11.6671 0.4681 11.6097 7.0360 14.6747 17.8284 16.3815 17.9482 5.6716 12.1044 15.1823 13.5046 1.0887 14.1599 0.3285 5.4023 12.6735 0.8022 8.8017 13.0853 12.0602 8.0702 6.5752 5.8102 4.9514 14.9802 13.4758 15.6909
2.3409 3.1674 11.8688 9.1629 9.0343 9.4159 13.6795 4.2576 4.4479 15.9199 12.3554 9.5080 10.9302 9.5479 10.4700 3.7070 9.6778 13.7358 0.0000 9.6492 9.9139 4.6760 5.0452 10.1231 4.4949 10.0919 12.5613 8.3001 3.2196 3.0063 9.6436 2.6752 3.6258 5.9475 9.7463 7.0122 10.2620 9.8671 9.2337 8.8102 9.2303 9.7584 2.8460 13.6385 3.3992 9.5062 1.4287 5.9036 4.3147 6.0234 10.9284 3.8360 7.1185 1.2317 12.5961 1.2950 14.0926 10.4434 3.7026 13.5251 10.8771 3.4353 3.6477 9.4214 12.9863 9.6650 10.1871 6.2416 0.6759 3.0488
8.1327 8.1140 6.2335 6.0923 5.9636 2.6848 7.7625 7.8671 7.0796 8.0367 6.5083 1.0262 1.1210 1.2244 0.9035 10.6805 0.1541 6.4156 10.4737 0.0000 6.8432 11.6495 7.7725 5.5396 8.6869 6.0062 5.7241 2.5290 7.9622 8.6238 0.6832 10.2608 8.0149 6.3701 1.0217 5.3029 5.6784 1.3642 6.1630 3.5879 2.1142 0.5525 8.3341 6.7105 8.2768 1.5999 10.7564 11.5451 11.2882 11.6649 5.6749 7.0111 11.8493 10.1717 4.3796 10.1171 6.9429 0.6546 7.5802 6.2050 6.2935 7.9920 6.9669 2.4499 7.4412 2.9339 1.1328 9.8869 10.1428 10.1049
9.3279 9.0195 5.3130 3.0491 1.3807 8.8412 7.1237 9.0053 7.3556 7.3980 5.7996 8.1209 6.3872 7.1737 6.6593 13.7627 7.8637 10.1776 11.6688 7.8351 0.0000 15.0389 2.4557 8.9042 8.9553 2.9821 5.7111 2.3872 8.5895 10.0583 7.8294 14.4952 9.1531 1.6375 7.4765 1.4160 9.0431 6.1265 3.1198 8.5998 8.6556 8.6617 8.7417 10.3752 9.1823 6.4133 12.5369 12.1331 15.4582 12.2529 4.3671 2.9536 13.0552 11.3668 8.7550 11.2553 10.6076 6.8324 8.7183 9.7175 9.6582 9.1302 8.1051 2.3117 6.4306 9.2167 6.9043 3.4802 11.3380 13.8235
6.0475 5.6349 14.9519 12.1923 13.1052 11.9566 14.8794 4.5336 6.9960 14.2835 15.4384 11.4151 11.2617 12.0885 11.1682 0.4691 10.5604 16.2764 3.9413 10.5318 13.9849 0.0000 6.4013 12.6638 6.3591 13.8786 13.4937 9.1827 6.9262 4.4092 10.5262 2.1687 4.3651 6.1975 11.5502 7.2621 12.8026 10.7496 12.2631 11.3509 11.7710 11.3584 6.5526 16.1791 5.8666 10.3888 2.3501 0.7105 0.4012 0.6294 14.2533 4.0047 10.8251 4.6238 15.1368 3.3027 16.6332 11.3259 3.7107 16.0658 13.4177 4.1931 3.8164 13.2082 15.4277 12.2056 11.8923 6.7077 4.4067 1.3335
2.8507 1.7931 7.3539 4.6479 4.5193 6.6119 9.1645 4.2038 1.5473 11.4050 7.8404 6.0176 5.8641 6.2857 5.7706 6.4802 5.1629 10.9317 5.1917 5.1342 5.3989 7.4492 0.0000 7.2417 1.4369 5.5769 8.0962 3.7852 3.6362 2.5399 5.1286 5.7226 2.2418 2.6645 6.1527 1.9383 7.3806 5.3521 4.7187 6.0061 6.4263 5.9609 3.0521 10.8344 1.9559 4.9912 5.1620 7.3449 7.0879 7.4646 6.4135 3.0217 7.6415 4.8897 9.7921 5.2215 11.2885 5.9284 2.8320 10.7210 7.9957 2.8854 2.8334 4.9065 8.4714 6.8609 6.4947 5.4898 4.8608 5.5667
6.9221 6.9034 9.4899 6.9796 6.8510 3.1563 10.9243 9.3505 6.8164 11.1985 9.6701 5.0336 5.5730 4.1907 5.1127 11.8056 7.7187 8.3450 9.2631 5.7263 7.7306 12.7746 8.0265 0.0000 7.4763 7.9086 8.8859 5.9545 6.7516 8.4646 6.7449 10.7739 8.1705 7.8534 4.3891 6.7862 0.2377 8.0946 7.0504 2.3791 3.8952 5.6069 7.1235 8.2478 7.0662 7.5471 10.1311 16.0347 12.4133 16.1545 8.8367 8.4944 9.2060 8.9611 7.2054 9.6164 8.7019 5.4255 8.7607 8.1344 0.4764 8.8142 8.7621 7.2381 10.6030 2.9960 4.8298 11.4185 8.9322 11.1474
2.1380 0.7963 9.0299 6.3240 6.1953 6.9649 10.8405 3.6529 1.2542 13.0810 9.5165 7.0569 8.4791 7.0968 8.0189 5.9293 6.8389 11.2847 3.8638 6.8103 7.0749 6.8983 1.9680 7.6720 0.0000 7.2530 10.1102 5.4612 2.9234 1.4614 6.8046 5.1717 1.4271 4.3405 7.2952 5.5998 7.8109 7.0281 6.3947 6.3591 6.7793 7.3073 2.3394 11.1874 0.6609 6.6673 4.6111 6.7940 6.5370 6.9138 8.0895 2.4708 7.6162 3.5618 10.1450 4.6707 11.6415 7.6044 2.2811 11.0740 8.4260 2.3345 2.2825 6.5825 10.1474 7.2139 7.7360 4.9389 3.5329 5.0158
9.4436 9.1352 3.3577 3.1648 2.1264 6.5549 5.1683 9.1210 7.4713 5.4426 3.8443 6.1656 4.4319 5.2183 4.7039 13.8141 5.5200 8.2223 11.7845 5.4914 3.0060 15.0902 7.6341 9.0200 9.0710 0.0000 3.7557 1.9032 8.7053 10.1740 5.4858 11.5147 9.2688 7.6240 5.5211 6.5568 9.1588 4.1711 3.2356 8.7155 7.5590 6.3180 8.8574 8.4199 9.2980 4.4579 12.6526 12.1845 15.5096 12.3042 2.4118 8.2650 13.1710 11.4826 6.7996 11.3710 8.6523 4.8771 8.8341 7.7622 9.7739 9.2459 8.2208 0.9890 4.4752 6.8039 4.9490 12.3992 11.4537 13.8749
10.4063 10.3875 1.1061 4.4727 4.8614 5.8365 2.5190 10.5013 8.7792 2.7933 0.9631 5.4472 3.7135 4.5000 3.9856 15.3428 4.6247 5.5690 12.7472 4.5961 5.7410 16.6190 8.9420 8.8838 10.3789 3.7618 0.0000 5.1632 10.2357 11.4819 4.5905 12.8950 10.6491 9.0043 4.8028 7.9371 9.0226 3.2758 4.5435 8.5793 6.8406 5.4227 10.6077 5.7667 10.5503 3.5626 13.6153 13.7132 17.0383 13.8330 2.0484 9.6453 14.4789 12.4452 3.5182 13.1005 5.9991 4.1587 10.2143 5.1089 9.6377 10.6262 9.6011 3.9550 1.3142 6.0856 4.2307 12.9571 12.4164 15.4036
7.4479 6.8536 6.2707 3.5648 3.4361 5.3414 7.3738 5.3397 6.1541 7.6481 6.7573 3.2569 3.1035 3.5250 3.0099 8.1530 2.4022 8.5923 8.2282 2.3736 4.3158 9.1220 5.2450 5.4044 6.6819 1.9032 5.3355 0.0000 6.4151 6.0964 2.3679 7.7334 5.4874 3.8427 3.3920 2.7754 5.5433 1.5178 3.6356 5.1000 5.1558 3.2002 7.6493 9.3319 6.5890 1.4939 8.2289 9.0177 8.7607 9.1375 5.2863 4.4836 10.8808 8.9107 6.1861 7.5896 9.5643 3.1677 5.0527 8.3817 6.1584 5.4646 4.4394 1.0266 7.0526 5.7169 3.7340 7.3595 8.6936 7.5774
0.8746 1.4455 9.1773 6.4714 6.3427 7.0798 10.9879 5.7465 2.9505 13.2284 9.6639 7.1718 8.5940 7.2117 8.1338 6.6919 6.9863 11.3996 3.2196 6.9577 7.2224 7.6609 3.6404 7.7096 3.0902 7.4004 9.9196 5.6086 0.0000 3.3701 6.9521 5.6601 3.7844 5.6570 7.4101 6.9164 7.8484 7.1756 6.5422 6.4740 6.8941 7.4222 0.7077 11.3023 2.6801 6.8147 5.0174 8.8875 7.2995 9.0073 8.2369 4.5643 4.9893 2.9176 10.2599 4.5873 11.7564 7.7518 4.3746 11.1889 8.4636 3.9720 4.3760 6.7299 10.2948 7.3288 7.8509 7.0324 2.8887 6.0337
2.7815 2.4158 9.8938 7.1879 7.0592 8.3552 12.5515 3.0938 3.3872 11.9556 10.3804 8.4473 8.4041 8.4872 9.4093 3.9682 7.7028 12.6750 3.5486 7.6742 7.9388 4.9372 2.5399 9.0624 1.4614 8.1169 10.6361 6.3251 3.6601 0.0000 7.6686 3.7457 0.6515 4.2521 8.6856 5.3167 9.2013 7.8920 7.2587 7.7495 8.1696 8.6977 3.2866 12.5778 1.4519 7.5312 3.8907 5.8442 4.5758 5.9639 8.9534 1.9117 7.5590 3.2467 11.5354 1.7664 13.0319 8.4683 1.1507 12.4644 9.8164 0.5559 1.4802 7.4464 11.0113 8.6043 9.1263 4.3798 3.2178 3.5897
9.1251 9.1063 5.6946 6.1782 6.9559 3.6772 7.5668 8.8595 8.0719 7.8411 6.1811 2.0726 1.2747 2.3406 1.1877 11.6728 0.7659 6.1851 11.4660 0.6832 7.8356 12.6418 8.7648 6.5319 9.6792 5.4672 5.5285 3.5214 8.9545 9.6162 0.0000 11.2532 9.0072 7.3625 2.2076 6.2952 6.6708 1.4094 6.2489 4.5802 3.1065 1.0751 9.3265 6.6883 9.2691 1.6450 11.7487 12.5375 12.2805 12.6572 4.3768 8.0034 12.8417 11.1641 4.3574 11.1094 6.9207 1.0594 8.5725 5.9745 7.2859 8.9844 7.9592 5.6604 6.8121 3.9262 2.5497 10.8793 11.1352 11.0972
4.7436 4.3309 13.1055 10.3996 10.2709 10.6526 16.0098 3.7628 5.6921 15.4139 13.5921 10.7447 10.5169 10.7846 10.4234 1.8469 9.8157 14.9724 2.6373 9.7870 11.1506 2.8159 5.7607 11.3598 5.7061 11.3286 12.7490 8.4380 5.6222 4.0478 9.7814 0.0000 4.0222 5.4527 10.9830 6.5174 11.4986 10.0049 10.4704 10.0469 10.4670 10.6137 5.2487 14.8752 4.5627 9.6440 0.7509 3.7059 1.5705 3.8257 12.1651 3.3412 9.5211 3.3198 13.8328 1.9988 15.3293 10.5812 3.0471 14.7618 12.1138 3.8317 3.1529 10.6581 14.2230 10.9017 11.4237 7.8381 3.1027 0.9213
3.2302 1.8889 9.5956 6.8897 6.7610 8.0571 11.9425 2.4848 3.0890 11.3466 10.0822 8.1491 8.7073 8.1890 8.6138 3.9143 8.0061 12.3769 3.6258 7.9774 7.6407 4.8833 2.2418 8.7642 1.4271 7.8187 10.9394 6.6284 4.0156 0.6515 7.9718 3.3776 0.0000 3.6431 8.3874 4.7077 8.9031 8.1953 6.9605 7.4513 7.8715 8.8041 3.4316 12.2796 1.6244 7.8344 3.6265 5.6259 4.5220 5.7457 8.6552 1.1442 8.7084 1.9744 11.2373 2.9873 12.7337 8.7716 0.7088 12.1662 9.5182 0.2174 0.9502 7.1482 10.7131 8.3061 8.8282 3.7708 4.0912 3.5359
4.8866 4.1848 8.8245 5.4344 5.3057 7.7465 10.2588 2.1871 3.5928 10.5330 9.0046 6.1418 5.9884 6.4099 5.8949 5.7580 5.2871 11.4772 5.8332 5.2585 1.6375 6.7270 2.6837 7.8037 4.1206 6.3634 8.2204 3.9094 5.6721 3.7014 5.2529 5.3384 3.0925 0.0000 6.2769 0.3339 7.9425 5.4763 5.5051 7.4992 7.5551 6.0851 5.0880 12.2168 4.3477 5.1155 5.8339 6.6227 6.3657 6.7425 8.1712 2.0887 9.6871 6.5157 9.0710 5.1947 12.4492 6.0526 2.6577 11.2666 8.5576 3.0696 2.0444 5.6929 9.9375 7.9955 6.6190 2.0919 6.2986 5.1825
8.3270 8.3082 5.5752 6.2865 6.1579 1.4627 7.9567 8.0614 7.2739 8.2310 6.0617 0.4844 1.2816 0.2027 0.8268 10.8747 0.9357 5.5490 10.6679 1.0217 7.0375 11.8437 7.9667 6.8045 8.8811 5.3478 5.9184 2.7233 8.1564 8.8181 1.6251 10.4551 8.2092 6.5644 0.0000 5.4972 6.9434 3.4695 6.3573 3.4314 1.0010 1.1861 8.5284 6.0522 8.4711 4.3159 10.9506 11.7394 11.4824 11.8592 5.8692 7.2054 12.0436 10.3660 3.7212 10.3114 6.2846 0.7900 7.7744 5.3384 7.5585 8.1863 7.1611 5.5410 7.6355 1.5994 0.5418 10.0812 10.3371 10.2992
6.1165 5.5222 8.2628 4.8727 4.7441 7.1848 9.6971 4.0083 4.8227 9.9714 8.4429 5.5802 5.4267 5.8483 5.3332 6.8216 4.7255 10.9156 6.8968 4.6969 1.4160 7.7906 1.9383 7.2420 5.3505 5.8017 7.6588 3.3478 6.9020 4.7650 4.6912 6.4020 4.1560 0.3339 5.7153 0.0000 7.3809 4.9147 4.9435 6.9376 6.9934 5.5235 6.3179 11.6552 5.2576 4.5539 6.8975 7.6863 7.4293 7.8061 7.6096 3.1522 10.9170 7.5793 8.5094 6.2582 11.8876 5.4910 3.7213 10.7050 7.9960 4.1332 3.1080 5.1313 9.3759 7.4339 6.0573 2.2854 7.3622 6.2460
7.7796 7.7608 10.6081 8.0977 7.9691 3.3824 12.0424 10.4686 7.6739 12.3167 10.7882 5.2597 5.7991 4.4168 5.3389 12.6631 8.8368 8.6285 10.1205 8.8082 8.8487 13.6321 8.8840 0.2377 8.3337 9.0267 10.0040 7.0726 7.6090 9.3221 8.8026 11.6313 9.0280 8.9716 4.6153 7.9043 0.0000 9.2127 8.1685 2.6053 4.1214 5.8330 7.9810 8.5312 7.9237 8.6652 10.9886 17.1528 13.2707 17.2726 9.9549 9.6125 9.4322 9.8186 7.4888 10.4738 8.9853 5.6517 9.6182 8.4178 0.3421 9.6716 9.5683 8.3563 11.7211 3.2222 5.0560 12.2760 9.7897 12.0049
7.9113 7.8925 4.1128 4.5964 4.9851 3.9312 6.0499 8.6468 6.8451 6.3242 4.5994 2.3266 2.1731 2.5946 2.0796 11.4601 1.4075 7.6620 10.2522 1.3642 5.8647 12.4291 7.5946 6.3888 8.4654 3.8855 4.0116 1.5178 7.7407 9.4538 1.4094 11.0405 8.7945 7.1497 2.4616 6.0825 6.5277 0.0000 4.6672 4.8342 3.3605 1.4792 8.1127 7.5867 8.0554 0.4404 11.1203 13.8369 12.0678 13.9567 2.7950 7.7907 11.6279 9.9503 5.2558 10.6055 7.8191 2.2373 8.3598 7.4513 7.1428 8.7716 7.7465 1.7133 5.2303 4.1802 2.8037 10.6666 9.9214 10.8845
6.7223 6.4139 4.4607 0.0708 1.3558 6.2357 6.2713 6.3997 4.7500 6.5456 4.9473 6.3277 5.5349 6.3676 5.8069 9.2131 5.2581 9.3252 9.0632 5.2295 2.2360 10.1821 4.9128 6.2987 6.3497 2.1298 4.8587 3.8185 5.9840 7.4527 5.2239 8.7935 6.5475 4.9027 6.5660 3.8355 6.4375 5.2741 0.0000 5.9942 6.0501 6.0561 6.1361 9.5229 6.5767 5.0865 9.9313 11.3286 9.8208 11.4483 3.5147 5.5437 10.4497 8.7613 7.9026 8.6497 9.7553 6.0236 6.1128 8.8651 7.0526 6.5246 5.4995 1.4249 5.5782 6.6111 6.0520 8.4195 8.7324 8.6375
6.7166 6.6978 7.5566 7.4538 7.3251 1.1709 9.4288 9.9270 6.6108 9.7031 8.0431 3.0841 3.6235 2.2412 3.1633 11.6000 3.9145 6.3956 9.0575 3.7769 8.2047 12.5690 7.8209 2.3668 7.2707 7.3292 7.3905 5.1629 6.5460 8.2590 4.7954 10.5683 7.9649 8.3276 2.4396 7.2604 2.5056 5.4509 7.5246 0.0000 1.9457 3.6574 6.9180 6.2983 6.8606 5.7377 9.9256 13.0680 12.2077 13.1878 6.2388 8.7449 9.8275 8.7555 5.2560 9.4108 6.7524 3.4760 8.5551 6.1850 3.1207 8.6086 8.5566 7.5224 8.6741 0.9836 2.8804 11.2129 8.7267 10.9418
6.5826 6.5639 6.2202 6.7038 7.2611 0.6681 8.0924 9.1647 6.4769 8.3667 6.7068 0.8364 2.2872 0.8124 1.8269 11.4661 2.5781 5.0592 8.9236 2.4405 8.1408 12.4351 7.6870 3.4778 7.1368 5.9929 6.0541 3.8266 6.4121 8.1251 3.4591 10.4344 7.8310 7.6677 1.0010 6.6004 3.6167 4.1146 6.7746 1.5262 0.0000 2.3211 6.7840 4.9620 6.7267 4.4014 9.7916 12.8427 12.0738 12.9625 4.9024 8.3087 10.2992 8.6216 3.9196 9.2769 5.4161 2.1397 8.4212 4.8486 4.2318 8.4747 8.2644 6.1861 7.3377 0.6439 1.4389 11.0790 8.5927 10.8079
7.5780 7.5593 6.2457 6.0098 5.8811 2.9100 7.6800 7.7846 6.1600 7.9543 6.4258 1.0296 1.4995 1.2885 1.2550 10.5980 0.4665 6.6408 9.9190 0.5525 6.7607 11.5670 6.9095 6.0555 7.3243 6.0183 5.6416 2.4466 7.4075 8.5414 1.0751 10.1783 7.9324 6.2876 1.1861 5.2204 6.1944 1.4792 6.0805 3.8131 2.1953 0.0000 7.7794 6.9357 7.7221 1.7148 10.7870 11.4626 11.2057 11.5824 5.5925 6.9286 11.2946 9.6170 4.6047 10.0346 7.1681 0.9795 7.4977 6.4302 6.8095 7.9095 6.8844 6.2115 7.3587 3.1590 1.4170 9.8044 9.5881 10.0224
0.4752 1.1286 9.8376 7.1317 7.0031 7.3848 11.6483 5.1200 2.4167 13.8887 10.3242 7.4768 8.8990 7.5167 8.4388 6.3101 7.6466 11.7046 2.8378 7.6180 7.8827 7.2791 3.0140 8.0919 2.4637 8.0607 10.5301 6.2689 0.7077 2.9883 7.6124 5.2783 3.1580 5.0306 7.7151 6.2899 8.2308 7.8359 7.2025 6.7790 7.1991 7.7272 0.0000 11.6073 1.3603 7.4750 4.6356 8.2611 6.9177 8.3809 8.8972 3.9379 5.8372 2.5358 10.5649 4.2055 12.0614 8.4121 3.7482 11.4939 8.8459 3.8016 3.7496 7.3902 10.9551 7.6338 8.1559 6.4060 2.5069 5.6519
11.0806 11.0618 6.6002 8.2028 8.5915 5.3791 6.2037 12.5753 10.9748 6.2674 5.8259 5.1584 4.5720 4.6469 4.8441 15.3887 6.3335 0.4681 13.4215 5.5445 9.4711 16.3577 12.1849 7.9854 11.6347 7.4919 5.3357 7.2372 10.9100 12.6230 5.7439 14.9323 12.3289 11.0783 4.5139 10.0111 8.1242 6.3641 8.2736 6.0337 4.7496 5.7317 11.2820 0.0000 11.2246 6.6509 14.2896 17.4433 15.9964 17.5631 5.2865 11.7193 14.7972 13.1195 0.7636 13.7748 0.3433 5.0172 12.2884 0.4144 8.4165 12.7002 11.6751 7.6851 6.1901 5.4251 4.5663 14.5951 13.0907 15.3058
1.3038 0.2318 9.0968 6.3909 6.2622 6.6439 10.9074 3.5864 1.1464 13.1479 9.5833 6.7360 8.1581 6.7758 7.6979 5.8628 6.9058 10.9637 3.6689 6.8772 7.1418 6.8318 2.2402 7.3511 0.6609 7.3198 9.7893 5.5281 2.6025 1.4519 6.8715 5.0810 1.6244 4.2568 6.9743 5.5161 7.4899 7.0950 6.4616 6.0382 6.4583 6.9863 1.3603 10.8664 0.0000 6.7342 4.4383 6.7275 6.4705 6.8472 8.1564 2.4043 7.2952 3.3669 9.8241 3.9235 11.3205 7.6713 2.2146 10.7531 8.1050 2.2680 2.2160 6.6494 10.2143 6.8929 7.4150 4.8724 3.3380 5.4546
9.9012 9.8825 3.6633 4.1469 4.5356 5.0631 5.6005 9.9962 8.4534 5.8747 4.1499 3.4585 3.0337 3.7266 3.3057 12.8096 1.6431 7.3608 12.2422 1.5999 5.4152 16.2932 8.6162 8.3787 10.0531 3.4360 3.5621 1.4939 9.7307 10.7530 1.6450 12.3900 10.1440 8.4992 3.5936 7.4320 8.5176 0.4404 4.2177 5.9662 4.4925 1.7148 10.1026 7.5585 10.0453 0.0000 13.1102 13.3874 13.4173 13.5072 2.3456 9.1402 13.6178 11.9402 5.4014 12.5954 7.7909 3.3693 9.7093 7.0186 9.1327 10.1211 9.0960 1.6260 4.7809 5.3122 3.5508 12.6313 11.9113 12.2340
4.3376 3.9250 12.6995 9.9936 9.8650 10.2467 16.3024 4.2480 5.2861 15.7065 13.1861 10.3387 11.0021 10.3786 11.3007 1.8019 10.3009 14.5665 1.4287 10.2723 10.7446 2.7709 5.3547 10.9538 5.3002 10.9226 13.2342 8.9232 5.2163 3.6418 10.2666 0.7509 3.6162 5.9379 10.5770 7.0026 11.0927 10.4901 10.0644 9.6409 10.0611 10.5891 4.8427 14.4692 4.1567 10.1293 0.0000 3.9985 1.5586 2.0316 11.7592 3.8264 9.1151 2.9139 13.4269 1.5928 14.9233 11.0664 3.6930 14.3559 11.7078 3.4257 3.6381 10.2522 13.8171 10.4957 11.0178 8.1307 2.6968 1.1546
7.2026 6.7900 15.5646 15.2607 12.7300 13.1117 17.9477 7.1131 8.1511 17.3519 16.0511 13.2038 13.8671 13.2436 14.1657 0.5921 13.1659 17.4315 5.0964 13.1373 13.6096 0.7105 8.2197 13.8189 8.1652 13.7876 16.0992 11.7882 8.0813 6.5068 13.1316 3.6352 6.4812 8.8029 13.4420 9.8676 13.9577 13.3551 15.3315 12.5059 12.9261 13.4541 7.7077 17.3342 7.0217 12.9943 3.8166 0.0000 0.5259 0.4912 17.3217 6.6914 11.9801 5.7789 16.2919 4.4578 17.7883 13.9314 6.5580 17.2209 14.5728 6.2908 6.5031 13.1172 18.4961 13.3607 13.8828 9.7760 5.5618 1.4582
5.8838 5.4712 14.7091 11.9496 12.8625 11.7929 14.6367 4.2909 6.8324 14.0408 15.1957 11.1724 11.0189 11.4405 10.9254 0.1985 10.3177 16.1127 3.7776 10.2891 13.7421 0.4012 6.1586 12.5001 6.1164 13.6359 13.2510 8.9400 6.7625 4.1665 10.2834 1.9260 4.1224 5.9547 11.3075 7.0194 12.6389 10.5069 12.0204 11.1872 11.6073 11.1157 6.3890 16.0154 5.7030 10.1461 2.1074 0.5259 0.0000 0.7319 14.0106 3.7620 10.6614 4.4601 14.9731 3.1390 16.4695 11.0832 3.4679 15.9021 13.2540 3.9504 3.5737 12.9654 15.1850 12.0419 11.6495 6.4650 4.2430 1.0629
6.7789 6.3663 15.1409 14.8370 12.3063 12.6880 17.5241 6.6894 7.7275 16.9282 15.6274 12.7801 13.4435 12.8199 13.7420 0.7998 12.7422 17.0078 4.6727 12.7136 13.1859 0.6294 7.7960 13.3952 7.7415 13.3640 15.6755 11.3645 7.6576 6.0832 12.7080 3.2115 6.0575 8.3793 13.0184 9.4439 13.5340 12.9314 14.9078 12.0823 12.5024 13.0305 7.2841 16.9105 6.5981 12.5706 3.3929 0.4912 0.7319 0.0000 16.8980 6.2677 11.5565 5.3552 15.8682 4.0341 17.3646 13.5077 6.1344 16.7972 14.1491 5.8671 6.0794 12.6935 18.0724 12.9370 13.4591 9.3524 5.1381 1.6642
9.9498 9.2067 1.9161 3.2363 3.6250 5.2031 3.7267 9.1926 7.5428 4.0010 2.4027 4.8138 3.0801 3.8666 3.3522 14.1064 3.9679 6.3955 12.2908 3.9393 4.5046 15.3826 7.7056 8.4273 9.1425 2.5254 2.1333 4.7068 9.7793 10.2456 3.9337 11.5863 9.3403 7.6956 4.1694 6.6283 8.5662 2.6190 3.3071 6.1062 6.2072 4.7660 10.1512 6.5931 9.3695 1.7180 13.1588 12.4768 15.8019 12.5966 0.0000 8.3365 13.2425 11.9888 4.3446 11.4425 6.8255 3.5253 8.9056 5.9354 9.1813 9.3175 8.2923 2.7186 3.0336 5.4522 3.5972 11.7207 11.9599 14.1672
3.9437 2.6024 10.3091 7.6032 7.4746 8.7706 11.2801 1.3059 3.8026 10.6842 11.0611 8.1983 8.0449 8.4664 7.9514 4.0988 7.3436 13.0904 3.8360 7.3150 2.9536 5.0678 2.9553 9.4778 2.9131 8.5322 10.2769 5.9659 4.7292 1.8453 7.3094 3.3412 1.1442 1.6302 8.3334 1.9642 9.6166 7.5328 7.6740 8.1649 8.5850 8.1416 4.1451 12.9931 2.3379 7.1720 3.8367 4.9635 4.7065 5.0832 10.2277 0.0000 9.4219 4.5185 11.9508 3.1975 13.4472 8.1091 0.7234 12.8798 10.2317 1.1685 0.1940 7.8618 11.9940 9.0196 8.6754 3.1084 4.3014 3.1853
3.2080 3.1893 8.6638 5.9579 5.8293 6.3176 10.4745 7.1923 3.1023 12.7150 9.1504 7.3276 7.1741 6.4496 7.0806 8.0908 6.4729 10.6374 5.5490 6.4442 6.7089 9.0598 3.3227 7.0248 4.7596 6.8869 9.4062 5.0952 3.9935 4.7498 6.4386 7.0590 4.4564 5.0274 7.4626 5.6698 7.1636 6.6621 6.0287 5.7119 6.1320 7.2709 3.4094 10.5402 3.3521 6.3012 6.4163 9.5595 8.6985 9.6793 7.7235 5.2363 0.0000 5.2470 9.4978 5.9015 10.9942 7.2384 5.0466 10.4268 7.7787 5.1001 5.0480 6.2165 9.7814 6.5667 7.8047 7.7044 5.2181 7.4326
2.4970 3.3234 12.0249 9.3190 9.1903 9.5720 13.8355 4.3133 4.6040 13.8731 12.5114 9.6641 11.0862 9.7039 10.6260 3.8298 9.8339 13.8918 1.2317 9.8052 10.0699 4.7988 5.2012 10.2792 4.6510 10.2479 12.7174 8.4562 3.3756 3.1623 9.7996 2.7980 3.6815 6.0032 9.9023 7.0678 10.4180 10.0231 9.3897 8.9662 9.3864 9.9144 3.0021 13.7945 3.5552 9.6623 2.1553 6.0264 4.4375 6.1462 11.0845 3.8917 7.2745 0.0000 12.7522 0.7436 14.2486 10.5994 3.7583 13.6812 11.0331 3.4910 3.7033 9.5775 13.1424 9.8210 10.3431 6.2973 0.6286 3.1716
10.8943 10.8755 5.1892 6.7980 7.1866 5.1928 5.1893 12.3890 10.7885 5.9433 4.4149 4.9721 4.3857 4.4607 4.6578 15.2024 6.1472 1.0887 13.2352 5.3582 8.0663 16.1714 11.2673 7.7991 11.4484 6.0870 3.9309 7.0510 10.7237 12.4367 5.5576 14.7460 12.1426 10.8920 4.3277 9.8248 7.9380 4.9919 6.8687 5.8475 4.5633 5.5454 11.0957 0.7636 11.0383 5.2787 14.1033 16.0384 15.8101 16.1582 3.8817 11.5330 14.6109 12.9332 0.0000 13.5885 1.0183 4.8309 12.1021 0.5226 8.2303 12.5139 11.4888 6.2803 5.3478 5.2388 4.3800 14.4088 12.9044 15.1195
2.7411 2.3783 11.1529 8.4470 8.3183 8.7000 12.9635 3.8647 3.7394 12.7265 11.6394 8.7921 10.2142 8.8319 9.7540 4.4188 8.9619 13.0198 1.2950 8.9332 9.1979 5.3878 3.7700 9.4072 3.7278 9.3759 11.8454 7.5842 3.6197 2.0795 8.9276 3.2550 2.0539 5.0230 9.0303 6.0877 9.5460 9.1511 8.5177 8.0943 8.5144 9.0424 3.2462 12.9225 2.6100 8.7903 1.5653 6.2948 5.0265 6.4145 10.2125 2.6826 7.5186 0.7436 11.8802 0.0000 13.3766 9.7274 2.1307 12.8092 10.1611 1.8634 2.4943 8.7055 12.2704 8.9490 9.4711 5.1507 1.3587 3.4276
11.7806 11.7618 6.2012 7.8100 8.1987 6.0792 5.9603 13.2754 11.6749 6.0240 5.4269 5.8585 5.2721 5.3470 5.5442 16.0887 7.0335 0.3285 14.1216 6.2445 9.0783 17.0577 12.8850 8.6855 12.3347 7.0991 4.9429 7.9373 11.6101 13.3231 6.4440 15.6323 13.0290 11.7784 5.2140 10.7112 8.8243 7.0641 7.8808 6.7338 5.4496 6.4318 11.9820 0.3433 11.9247 7.3509 14.9896 17.0505 16.6964 17.1703 4.8937 12.4194 15.4972 13.8196 1.0183 14.4748 0.0000 5.7173 12.9884 0.6446 9.1166 13.4003 12.3751 7.2923 5.9467 6.1252 5.2663 15.2952 13.7907 16.0059
8.4288 8.4100 4.9741 5.4576 5.8463 2.4693 6.8463 9.0611 8.3231 7.1206 5.4606 0.8552 0.6758 0.9850 0.3180 11.8745 0.5813 5.4646 10.7698 0.6546 6.7260 12.8435 8.9665 5.3240 8.9829 4.7467 4.8080 3.7231 8.2583 9.8179 1.0594 11.4548 9.2089 7.5641 0.7900 6.4969 5.4629 2.8684 5.5284 3.3724 1.6361 0.9795 8.6302 5.9678 8.5729 3.1552 11.6378 14.6981 12.4822 14.8179 3.6563 8.2051 12.1454 10.4678 3.6368 11.3111 6.2002 0.0000 8.7742 5.2540 6.0780 9.1860 8.1609 4.9399 6.0916 2.7184 0.7213 11.0809 10.4389 11.2989
3.8204 2.4791 10.1858 7.4799 7.3512 8.6473 11.3467 1.2448 3.6792 10.7508 10.6724 8.2649 8.1115 8.7792 8.0180 3.2599 7.4102 12.9671 3.7027 7.3816 8.2309 4.2289 2.8320 9.3544 2.7897 8.4089 10.3435 6.0325 4.6059 1.1507 7.3760 3.0374 0.7088 3.0473 8.4000 4.1119 9.4933 7.5995 7.5507 8.0415 8.4617 8.2082 4.0218 12.8698 2.2146 7.2386 3.7034 5.0301 3.8675 5.1498 10.2944 0.7234 8.4282 2.0314 11.8275 3.0641 13.3239 8.1757 0.0000 12.7564 10.1084 0.6451 0.5294 7.7384 12.0606 8.8963 8.7421 3.1750 4.1680 2.8814
10.8838 10.8650 5.4325 7.0412 7.4299 5.1823 5.1915 12.3785 10.7780 5.2552 4.6581 4.9616 4.3752 4.4501 4.6473 15.1919 6.1367 0.8022 13.2247 5.3477 8.3096 16.1609 11.9881 7.7886 11.4379 6.3303 4.1742 7.0405 10.7132 12.4262 5.5471 14.7355 12.1321 10.8815 4.3171 9.8143 7.9275 5.2352 7.1120 5.8370 4.5528 5.5349 11.0852 0.4144 11.0278 5.5220 14.0928 16.2817 15.7996 16.4015 4.1250 11.5225 14.6004 12.9227 0.5226 13.5780 0.6446 4.8204 12.0916 0.0000 8.2198 12.5034 11.4783 6.5235 5.1779 5.2283 4.3695 14.3983 12.8939 15.1090
7.7901 7.7713 10.6186 8.1082 7.9796 3.9109 12.0529 10.4791 7.6844 12.3272 10.7987 5.7882 6.3276 4.9453 5.8674 12.6736 8.8474 8.6390 10.1310 8.8187 8.8592 13.6426 8.8945 0.4764 8.3442 9.0372 10.0145 7.0831 7.6195 9.3326 8.8131 11.6418 9.0385 8.9821 5.1438 7.9148 0.3421 9.2232 8.1790 3.1338 4.6499 6.3615 7.9915 8.5417 7.9342 8.6757 10.9991 17.1633 13.2812 17.2831 9.9654 9.6231 8.5154 9.8291 7.4994 10.4843 8.9958 6.1802 9.6287 8.4283 0.0000 9.6821 9.5788 8.3668 11.7316 3.7507 5.5845 12.2865 9.8002 12.0154
3.8738 2.5326 10.2393 7.5334 7.4047 8.7007 11.9196 2.4620 3.7327 11.3238 10.7258 8.7928 8.6844 8.8327 8.5909 3.7521 7.9832 13.0205 3.4354 7.9546 8.2843 4.7211 2.8854 9.4079 1.6158 8.4623 10.9165 6.6055 4.6593 0.5559 7.9489 3.1872 0.2174 3.6202 9.0311 4.6849 9.5467 8.1724 7.6041 8.0950 8.5151 8.7812 4.0752 12.9233 2.2680 7.8116 3.4361 5.6030 4.3598 5.7228 10.8673 1.1685 8.1609 1.8788 11.8809 2.7968 13.3773 8.7487 0.6451 12.8099 10.1618 0.0000 0.9745 7.7919 11.3568 8.9498 9.3150 3.7479 3.9008 3.3737
3.7554 2.4141 10.1208 7.4149 7.2863 8.5823 11.0917 1.1291 3.6143 10.4959 10.8727 8.0100 7.8565 8.2781 7.7630 3.9105 7.1553 12.9021 3.6477 7.1267 8.1659 4.8795 2.7670 9.2895 2.7247 8.3439 10.0886 5.7776 4.5409 1.4802 7.1210 3.1529 0.9502 2.7923 8.1451 3.8570 9.4283 7.3445 7.4857 7.9765 8.3967 7.9533 3.9568 12.8048 2.1496 6.9837 3.6484 4.7751 4.5182 4.8949 10.0394 0.1940 9.2336 4.3302 11.7625 3.0091 13.2589 7.9208 0.5294 12.6915 10.0434 0.9745 0.0000 7.6734 11.8057 8.8313 8.4871 2.9200 4.1131 2.9969
8.7133 8.4049 3.5760 1.3542 1.4124 6.7732 5.3867 8.3907 6.7410 5.6609 4.0626 6.3839 4.6502 5.4366 4.9223 13.1190 5.7383 8.4406 11.0542 5.7097 2.3109 14.3952 6.9038 8.2896 8.3407 0.9890 3.9741 1.0266 7.9749 9.4437 5.7041 13.8515 8.5385 6.8937 5.7394 5.8265 8.4285 1.7133 1.4249 7.9852 8.0410 2.5648 8.1271 8.6382 8.5677 1.6260 14.0329 11.4894 14.8145 11.6092 2.6301 7.5347 12.4406 10.7522 7.0180 10.6407 8.8706 5.0954 8.1037 7.9805 9.0436 8.5156 7.4905 0.0000 4.6935 7.0223 5.1673 10.4105 10.7234 13.1798
11.2603 10.9519 1.0134 4.9815 5.3702 7.5816 1.1366 10.9377 9.2880 1.5876 0.6873 7.1923 5.4586 6.2450 5.7307 15.6105 6.3036 6.2905 13.6012 6.2750 6.2498 16.8866 9.4508 10.5627 10.8877 4.2705 1.3142 6.8421 10.5219 11.9907 6.2693 16.3430 11.0855 9.4407 6.5478 8.3735 10.7015 4.9547 5.0523 8.4847 8.5857 7.1016 10.6741 6.4882 11.1147 5.2415 16.5244 13.9808 17.3060 14.1006 3.0292 10.0817 14.9876 13.2993 4.7283 13.1877 6.7206 5.9038 10.6508 6.3191 11.3166 11.0626 10.0375 4.4638 0.0000 7.8306 5.9757 13.5356 13.2704 15.6713
6.3268 6.3081 6.8880 7.3534 7.2247 0.5199 8.7603 9.5373 6.2211 9.0345 7.3746 1.2203 2.9550 1.4109 2.4947 11.2103 3.2459 5.7270 8.6678 3.1083 8.1044 12.1793 7.4312 2.9837 6.8810 6.6607 6.7219 4.4944 6.1563 7.8693 4.1269 10.1786 7.5752 8.3355 1.7711 7.2682 3.1225 4.7824 7.4242 0.9836 0.6439 2.9889 6.5282 5.6298 6.4709 5.0692 9.5359 12.6783 11.8180 12.7981 5.5702 8.3552 10.0434 8.3658 4.5874 9.0211 6.0839 2.8075 8.1654 5.5164 3.7376 8.2189 8.1668 6.8539 8.0055 0.0000 2.2118 10.8232 8.3369 10.5521
8.0595 8.0407 4.9657 5.4493 5.8379 2.1000 6.8379 9.0232 7.9537 7.1122 5.4522 0.8805 0.9399 0.6407 0.4880 11.8366 1.0594 5.2363 10.4004 1.1328 6.7176 12.8056 8.9286 4.9547 8.6136 4.7383 4.7996 3.6851 7.8889 9.6020 2.2045 11.4169 9.1710 7.5262 0.5418 6.4590 5.0935 2.8600 5.5200 3.0030 1.4389 1.4170 8.2609 5.7395 8.2035 3.1468 11.2685 14.6897 12.4443 14.8095 3.6479 8.1672 11.7761 10.0985 3.4085 10.7537 5.9719 0.7213 8.7363 5.0257 5.7087 9.1481 8.1230 4.9315 6.0832 2.3490 0.0000 11.0430 10.0696 11.2610
11.7560 11.4476 8.2442 5.4847 6.3975 11.2693 8.1717 1.7536 9.7837 7.5758 8.7308 11.3614 9.5657 11.4013 9.8378 9.2386 10.2918 13.3561 12.4015 10.2632 7.2772 10.5148 9.9465 11.3323 11.3834 7.1709 8.6422 8.8521 11.0176 3.7343 10.2575 9.9712 3.3564 2.0919 11.5997 2.2854 11.4712 9.3050 5.5554 11.0279 11.0837 11.0898 11.1698 13.5538 11.6104 10.1202 10.1526 7.6090 10.9342 7.7288 7.5456 2.6415 15.4833 4.2334 11.9335 11.7629 13.7862 10.0109 2.6574 12.8960 12.0863 3.2853 2.6357 6.5005 8.7200 11.6448 10.0829 0.0000 12.8669 9.2995
2.0101 2.8366 11.5380 8.8321 8.7034 9.0851 13.3486 4.7230 4.1171 15.5891 12.0246 9.1772 10.5993 9.2171 10.1391 4.1724 9.3470 13.4049 0.6759 9.3184 9.5830 5.1414 4.7143 9.7923 4.1641 9.7611 12.2305 7.9693 2.8887 2.6754 9.3128 3.1406 3.4678 6.4129 9.4155 7.4775 9.9311 9.5362 8.9029 8.4794 8.8995 9.4276 2.5152 13.3077 3.0683 9.1754 2.4979 6.3690 4.7800 6.4887 10.5976 4.0965 6.7876 0.6286 12.2653 1.3587 13.7617 10.1125 3.5446 13.1943 10.5462 3.2773 3.9082 9.0906 12.6555 9.3342 9.8562 6.7070 0.0000 3.5142
5.2051 4.7925 13.5670 10.8611 10.7325 11.1142 15.5042 3.6191 6.1536 14.9084 14.0536 11.2063 10.3732 11.2461 10.2797 0.8746 9.6719 15.4340 3.0989 9.6433 11.6121 1.3335 5.5941 11.8213 5.5518 11.7901 12.6053 8.2942 6.0838 3.6020 9.6377 0.9213 3.5578 5.3090 11.4445 6.3736 11.9602 9.8612 10.9319 10.5084 10.9286 10.4700 5.7102 15.3367 5.0242 9.5003 1.1546 1.4582 1.0629 1.6642 12.5561 3.1975 9.9826 3.7814 14.2944 2.4603 15.7908 10.4375 2.9034 15.2234 12.5753 3.3859 3.0091 11.1197 16.0526 11.3632 11.0038 7.3325 3.5643 0.0000
0.000 9.125 42.450 31.035 31.045 32.508 49.338 22.300 12.603 51.397 44.043 31.497 36.300 33.037 36.300 26.017 34.080 51.990 15.203 33.083 29.355 27.045 21.580 33.403 12.322 34.670 43.543 26.708 7.198 13.707 33.070 24.197 15.355 23.100 33.383 24.210 33.430 33.647 31.318 31.307 30.318 34.145 5.603 49.570 10.075 32.983 19.688 28.185 26.608 29.560 40.020 18.767 24.995 11.477 46.487 17.082 50.728 35.455 17.355 47.990 32.902 15.165 18.692 32.522 46.060 30.385 35.555 31.158 12.575 23.343
5.532 0.000 39.217 27.802 27.812 29.275 46.105 17.862 9.370 48.163 40.810 28.263 33.067 29.803 33.067 26.222 30.847 48.757 19.682 29.850 26.192 27.840 18.417 30.170 7.892 31.437 40.310 23.475 12.153 11.962 29.837 25.180 10.917 19.105 30.150 21.047 30.197 30.413 28.085 28.073 27.085 30.912 10.485 46.337 3.950 29.750 21.115 28.428 27.403 30.355 36.787 14.328 22.580 14.672 43.253 17.190 47.495 32.222 13.433 44.757 29.668 12.063 14.253 29.288 42.827 27.152 32.322 26.720 17.053 24.327
41.588 42.800 0.000 20.900 22.128 33.298 12.273 40.457 38.115 14.332 5.712 28.593 23.182 27.662 25.090 53.202 26.840 28.970 55.632 25.843 25.502 55.682 37.605 46.622 44.048 17.425 10.018 27.662 41.850 46.110 25.830 53.560 43.543 32.790 27.153 32.445 46.235 21.470 21.183 36.937 30.657 28.197 43.698 26.550 43.625 21.700 54.848 55.408 55.318 58.607 12.892 38.430 49.407 52.517 24.538 49.948 27.708 25.028 41.743 24.970 48.348 43.480 39.813 18.215 8.600 33.497 25.072 44.710 54.163 51.407
25.317 26.528 21.938 0.000 8.762 27.968 28.827 29.215 21.843 30.885 23.532 26.957 26.712 28.497 26.828 38.857 24.608 38.840 40.520 23.612 12.135 41.337 21.333 32.938 27.777 11.150 23.032 18.233 25.578 31.127 23.598 39.215 29.198 20.282 28.413 19.473 32.552 19.592 3.283 26.767 25.778 25.177 27.427 36.420 27.353 18.992 40.503 41.063 40.973 44.262 18.502 24.085 33.135 36.245 34.275 35.603 37.578 25.983 27.398 34.840 34.665 29.135 25.468 9.002 25.548 25.845 28.533 34.763 37.892 37.062
30.015 29.633 22.278 12.173 0.000 34.592 29.167 27.338 26.923 31.225 23.872 28.035 27.052 29.640 27.168 39.753 24.948 39.180 42.183 23.952 8.967 42.233 24.438 39.562 30.882 11.490 23.372 18.788 32.202 32.662 23.938 40.112 30.095 19.672 28.753 18.997 39.175 19.932 12.457 33.390 32.402 26.305 33.383 36.760 30.458 19.332 41.400 41.960 41.870 45.158 18.842 24.982 39.758 39.657 34.615 36.500 37.918 26.323 28.295 35.180 41.288 30.032 26.365 9.342 25.888 32.468 28.873 31.592 42.225 37.958
28.088 30.367 33.072 35.805 35.827 0.000 38.680 43.542 29.985 40.738 33.530 10.843 16.312 10.308 14.938 50.357 15.638 28.002 43.292 16.042 39.098 51.197 35.813 17.770 33.563 31.905 30.722 21.515 29.352 37.242 18.782 48.537 36.597 34.762 11.675 33.953 17.383 24.845 36.088 8.085 7.050 14.655 31.200 25.582 31.317 25.753 44.472 52.337 50.760 53.712 27.562 38.565 32.170 38.080 22.498 40.598 26.740 14.827 39.113 24.002 19.497 37.743 39.933 30.277 34.858 5.537 12.890 49.708 40.663 47.683
46.903 48.115 12.402 26.250 29.150 37.352 0.000 47.478 43.430 7.360 11.602 33.245 29.377 31.715 31.100 60.223 33.628 29.615 62.107 32.865 32.523 62.703 42.920 50.675 49.363 24.447 14.072 34.683 47.165 52.713 32.852 60.582 50.565 39.812 31.207 39.467 50.288 28.492 26.533 40.990 34.710 35.218 49.013 27.195 48.940 28.722 61.870 62.430 62.340 65.628 19.913 45.452 54.722 57.832 25.888 56.970 28.353 31.223 48.765 25.615 52.402 50.502 46.835 25.237 9.232 37.550 29.995 51.732 59.478 58.428
19.975 17.443 39.822 31.698 27.382 42.800 46.710 0.000 22.055 48.482 41.415 37.012 36.145 38.617 36.145 21.358 33.925 56.468 23.617 32.928 22.962 23.838 22.458 43.695 17.845 33.347 40.915 26.553 25.848 14.705 32.915 21.545 12.138 12.912 37.730 15.210 43.722 33.492 31.982 41.598 40.610 35.282 24.285 54.048 16.498 32.828 22.833 23.565 23.475 26.763 37.392 9.303 36.105 21.853 50.965 18.543 55.207 35.300 10.745 52.468 43.193 12.075 9.392 31.198 43.432 40.677 37.850 17.235 25.460 19.563
10.220 10.458 36.005 24.590 24.600 27.195 42.893 22.645 0.000 44.952 37.598 26.183 29.855 27.723 29.855 31.005 27.635 46.677 25.423 26.638 23.990 33.485 16.215 29.312 12.375 28.225 37.098 20.263 14.992 16.745 26.625 30.602 15.700 17.735 28.070 18.845 29.338 27.202 24.873 25.993 25.005 28.832 13.588 44.257 11.283 26.538 26.998 33.212 33.122 36.238 33.575 19.112 21.722 20.555 41.173 23.068 45.415 29.010 18.217 42.677 28.810 16.847 19.037 26.077 39.615 25.072 30.242 31.503 22.795 29.210
47.257 48.468 15.165 26.603 30.737 40.115 6.768 50.242 43.783 0.000 14.365 36.008 32.140 34.478 33.863 60.797 36.392 29.893 62.460 35.628 34.110 63.277 43.273 53.438 49.717 27.210 16.835 37.447 47.518 53.067 35.615 61.155 51.138 42.222 33.970 41.413 53.052 31.255 26.887 43.753 37.473 37.982 49.367 27.473 49.293 31.485 62.443 63.003 62.913 66.202 22.677 46.025 55.075 58.185 28.333 57.543 28.632 33.987 49.338 25.893 55.165 51.075 47.408 28.000 11.995 40.313 32.758 54.495 59.832 59.002
43.123 44.335 5.658 22.435 23.663 31.740 11.592 41.992 39.650 13.650 0.000 27.633 23.765 26.103 25.488 54.737 28.017 26.933 57.167 27.378 27.037 57.217 39.140 45.063 45.583 18.960 8.002 29.197 43.385 47.645 27.365 55.095 45.078 34.325 25.595 33.980 44.677 23.005 22.718 35.378 29.098 29.645 45.233 24.513 45.160 23.235 56.383 56.943 56.853 60.142 14.077 39.965 50.942 54.052 22.502 51.483 25.672 25.612 43.278 22.933 46.790 45.015 41.348 19.750 6.632 31.938 24.383 46.245 55.698 52.942
27.820 30.098 28.610 29.178 29.158 11.203 34.218 37.027 29.717 36.277 29.068 0.000 10.620 5.903 9.490 46.668 8.970 27.357 43.023 9.373 32.430 49.148 29.145 23.873 33.295 27.443 26.260 14.847 29.083 36.973 12.523 47.027 36.328 28.093 6.257 27.285 23.487 20.232 29.462 14.533 8.447 7.987 30.932 24.937 31.048 19.568 44.203 48.875 48.785 52.073 23.100 31.897 31.902 37.812 21.853 40.330 26.095 8.462 35.210 23.357 25.600 36.947 33.280 23.608 30.397 10.545 8.428 43.040 40.395 44.873
33.582 35.860 22.328 25.062 26.290 16.965 29.217 38.548 33.152 31.275 23.922 9.757 0.000 11.393 6.628 48.190 8.670 24.125 48.785 8.522 29.663 50.670 30.667 29.635 37.110 21.162 20.955 16.368 34.845 40.460 8.768 48.548 38.532 29.615 10.508 28.807 29.248 14.102 25.345 20.295 14.208 11.573 36.693 21.705 36.687 15.010 49.837 50.397 50.307 53.595 16.818 33.418 37.663 43.573 18.622 44.937 22.863 6.192 36.732 20.125 31.362 38.468 34.802 22.377 25.428 16.307 9.472 44.562 46.157 46.395
29.328 31.607 27.480 30.143 30.123 11.175 33.088 37.992 31.225 35.147 27.938 6.260 10.720 0.000 9.347 47.633 9.935 26.227 44.532 10.338 33.395 50.113 30.110 24.498 34.803 26.313 25.130 15.812 30.592 38.482 13.140 47.992 37.837 29.058 5.872 28.250 24.112 19.253 30.427 14.813 8.533 8.893 32.440 23.807 32.557 20.162 45.712 49.840 49.750 53.038 21.970 32.862 33.410 39.320 20.723 41.838 24.965 9.078 36.175 22.227 26.225 37.912 34.245 24.573 29.267 11.373 7.298 44.005 41.903 45.838
32.678 34.957 24.675 27.408 28.637 15.942 31.527 38.310 32.913 33.585 26.268 8.853 6.785 10.305 0.000 47.952 7.837 25.283 47.882 7.688 32.010 50.432 30.428 28.732 36.872 23.508 23.302 16.130 33.942 40.222 8.547 48.310 38.293 29.377 9.483 28.568 28.345 16.448 27.692 19.392 13.300 10.740 35.790 22.863 35.907 17.357 49.062 50.158 50.068 53.357 19.165 33.180 36.760 42.670 19.780 44.698 24.022 5.288 36.493 21.283 30.458 38.230 34.563 24.723 27.705 15.403 7.715 44.323 45.253 46.157
22.758 24.410 52.993 43.808 39.893 49.792 59.882 20.780 30.305 61.940 54.587 47.292 46.425 48.897 46.425 0.000 44.205 66.748 18.198 43.208 33.887 6.452 31.995 50.687 26.942 45.927 54.087 36.833 29.957 19.968 43.195 12.648 19.852 25.617 48.010 28.437 50.713 43.772 44.092 48.590 47.602 45.562 28.362 64.328 24.635 43.108 11.042 6.178 6.088 9.377 50.563 18.308 43.097 18.925 61.245 15.322 65.487 45.580 17.302 62.748 50.185 19.192 18.488 43.778 56.603 47.668 48.130 28.332 20.622 7.698
32.095 31.713 27.095 26.552 26.532 15.957 33.983 34.400 29.003 36.042 28.688 8.748 8.893 10.353 7.910 44.042 0.000 28.627 46.472 4.203 29.803 46.522 26.518 28.173 32.962 24.985 25.722 12.220 33.383 36.312 7.673 44.400 34.383 25.467 9.467 24.658 27.787 17.605 26.835 18.833 13.200 8.212 35.232 26.207 32.538 16.942 45.688 46.248 46.158 49.447 21.585 29.270 36.202 41.737 23.123 40.788 27.365 6.850 32.583 24.627 29.900 34.320 30.653 20.982 30.195 15.012 9.458 40.413 44.305 42.247
48.820 51.098 27.423 36.725 37.953 28.155 27.597 56.282 50.717 28.610 25.410 26.678 23.833 25.357 24.887 66.442 28.020 0.000 64.023 27.872 41.327 68.922 48.918 41.532 54.295 33.250 22.607 34.620 50.083 57.973 28.357 66.800 56.783 47.867 24.640 47.058 41.145 32.062 37.008 31.847 26.057 28.690 51.932 6.293 52.048 32.778 65.203 68.648 68.558 71.847 23.632 51.670 52.902 58.812 9.865 61.330 4.900 25.472 54.983 7.230 42.393 56.720 53.053 34.040 26.153 28.897 24.018 60.535 61.395 64.647
12.152 18.772 54.225 42.810 42.220 44.153 61.113 22.942 24.378 63.172 55.818 43.142 48.075 44.682 48.075 18.418 45.855 63.635 0.000 44.858 36.213 19.447 33.355 45.048 23.572 46.445 55.318 38.483 19.350 18.265 44.845 16.598 19.778 27.943 45.028 30.763 45.075 45.422 43.093 42.952 41.963 45.790 17.755 61.215 19.092 44.758 12.090 20.587 19.010 21.962 51.795 20.635 30.390 9.375 58.132 11.407 62.373 47.230 19.628 59.635 44.547 18.995 20.815 44.297 57.835 42.030 47.200 30.493 7.290 15.745
31.587 31.358 26.798 26.197 26.177 15.423 33.687 34.045 28.648 35.745 28.392 8.215 8.682 9.820 7.753 43.687 4.333 28.470 46.117 0.000 29.448 46.167 26.163 27.640 32.607 24.630 25.425 11.865 32.850 35.957 7.153 44.045 34.028 25.112 8.933 24.303 27.253 17.250 26.480 18.300 12.667 7.708 34.698 26.050 32.183 16.587 45.333 45.893 45.803 49.092 21.288 28.915 35.668 41.382 22.967 40.433 27.208 6.693 32.228 24.470 29.367 33.965 30.298 20.627 29.898 14.478 9.053 40.058 43.950 41.892
27.125 26.743 25.117 15.723 9.007 36.838 32.005 22.858 24.033 34.063 26.710 30.920 30.053 32.525 30.053 33.787 27.833 42.730 36.217 26.837 0.000 36.267 20.003 41.808 27.227 15.040 26.210 20.462 32.057 26.695 26.823 34.145 24.128 14.247 31.638 13.030 41.422 23.482 16.007 35.637 34.648 29.190 30.493 40.310 25.837 22.882 35.433 35.993 35.903 39.192 22.392 19.015 40.267 33.843 38.165 30.533 41.468 29.208 22.328 38.730 43.535 24.065 20.398 12.892 28.727 34.715 31.758 27.112 36.437 31.992
24.193 25.845 54.590 45.405 41.490 51.227 61.478 22.377 31.740 63.537 56.183 48.888 48.022 50.493 48.022 5.638 45.802 68.345 19.633 44.805 35.483 0.000 33.592 52.122 28.538 47.523 55.683 38.430 31.392 21.565 44.792 14.245 21.448 27.213 49.607 30.033 52.148 45.368 45.688 50.025 49.037 47.158 29.797 65.925 26.070 44.705 12.477 6.327 5.855 7.702 52.160 19.905 44.532 20.360 62.842 16.757 67.083 47.177 18.898 64.345 51.620 20.788 20.085 45.375 58.200 49.103 49.727 29.928 22.057 9.295
19.472 19.090 39.097 27.947 25.997 34.897 45.985 19.753 16.380 48.043 40.690 32.782 32.663 35.080 32.663 29.338 30.443 52.987 31.768 29.447 19.990 31.818 0.000 39.867 20.338 31.582 40.190 23.237 24.403 22.247 29.433 29.697 19.680 13.735 34.248 14.845 39.480 30.010 28.230 33.695 32.707 30.490 22.840 50.567 19.915 29.347 30.985 31.545 31.455 34.743 36.667 14.567 32.613 29.113 47.483 26.085 51.725 31.818 17.880 48.987 39.702 19.617 15.950 29.433 42.707 32.773 34.368 27.523 31.682 27.543
29.157 31.435 46.642 38.872 38.882 18.152 52.250 44.610 31.053 54.308 47.100 24.237 29.882 23.878 28.508 51.425 29.032 41.572 44.360 29.435 42.255 52.265 40.152 0.000 34.632 42.507 44.292 32.968 30.420 38.310 32.352 49.605 37.665 40.180 25.245 39.372 6.173 38.415 39.155 15.845 20.620 27.687 32.268 39.152 32.385 38.768 45.540 53.405 51.828 54.780 41.132 41.077 30.113 39.148 36.068 41.667 40.310 28.397 40.182 37.572 8.508 38.812 41.002 40.358 48.428 17.498 26.460 53.468 41.732 48.752
10.415 7.883 41.502 30.087 30.097 33.090 48.390 18.220 12.233 50.448 43.095 32.078 35.352 33.618 35.352 26.580 33.132 52.572 23.177 32.135 27.455 29.060 20.512 33.985 0.000 33.722 42.595 25.760 16.138 12.320 32.122 26.177 11.275 19.185 33.965 22.005 34.012 32.698 30.370 31.888 30.900 34.488 14.575 50.152 7.837 32.035 24.350 28.787 28.697 31.985 39.072 14.687 26.395 17.980 47.068 18.643 51.310 34.507 13.792 48.572 33.483 12.422 14.612 31.573 45.112 30.967 36.137 27.078 20.548 24.785
34.595 35.332 17.910 15.507 11.617 31.535 24.798 33.365 31.122 26.857 19.503 26.397 21.418 25.898 23.327 45.777 23.310 33.547 48.207 22.313 14.990 48.257 30.137 42.217 36.580 0.000 18.987 17.150 34.857 38.685 22.300 46.135 36.118 25.698 25.390 25.020 41.830 18.293 15.790 35.173 28.893 24.667 36.705 31.127 36.157 17.693 47.423 47.983 47.893 51.182 13.208 31.005 42.413 45.355 28.982 42.523 32.285 23.265 34.318 29.547 43.943 36.055 32.388 7.703 21.520 31.733 23.308 37.618 47.170 43.982
43.647 44.858 9.683 22.958 24.187 27.615 14.055 42.515 40.173 16.113 7.670 23.508 19.640 21.978 21.363 55.260 23.892 22.942 57.690 23.743 27.560 57.740 39.663 40.938 46.107 19.483 0.000 29.720 43.908 48.168 24.163 55.618 45.602 34.848 21.470 34.503 40.552 21.530 23.242 31.253 24.973 25.520 45.757 20.522 45.683 21.760 56.907 57.467 57.377 60.665 12.393 40.488 50.997 54.575 18.377 52.007 21.680 21.487 43.802 18.942 42.665 45.538 41.872 20.273 8.998 27.813 20.258 46.768 56.222 53.465
22.875 22.493 27.587 17.332 17.342 23.852 34.475 25.180 19.783 36.533 29.180 16.643 15.777 18.248 15.777 34.822 13.557 36.100 37.252 12.560 20.583 37.302 17.298 29.568 23.742 18.218 26.880 0.000 26.948 27.092 12.547 35.180 25.163 16.247 17.362 15.438 29.182 13.123 17.615 23.397 21.095 14.913 26.243 33.680 23.318 12.460 36.468 37.028 36.938 40.227 22.067 20.050 34.323 32.517 30.597 31.568 34.838 14.932 23.363 32.100 31.295 25.100 21.433 14.215 31.197 22.475 17.482 31.193 35.085 33.027
4.198 12.507 41.298 29.883 29.893 32.488 48.187 25.682 14.715 50.245 42.892 31.477 35.148 33.017 35.148 30.215 32.928 51.970 19.402 31.932 32.737 31.243 24.962 34.488 15.703 33.518 42.392 25.557 0.000 17.905 31.918 28.395 18.737 26.482 33.363 27.592 34.515 32.495 30.167 31.287 30.298 34.125 6.698 49.550 13.457 31.832 23.887 32.383 30.807 33.758 38.868 22.148 23.903 15.675 46.467 21.280 50.708 34.303 21.253 47.970 33.987 19.363 22.073 31.370 44.908 30.365 35.535 34.540 16.773 27.542
12.092 11.560 44.373 32.958 32.968 37.363 51.262 15.187 16.618 53.320 45.967 36.352 38.223 37.892 38.223 19.968 36.003 56.845 20.012 35.007 27.288 22.448 23.417 38.258 12.408 36.593 45.467 28.632 19.290 0.000 34.993 19.120 7.478 19.018 38.238 21.838 38.285 35.570 33.242 36.162 35.173 37.360 17.695 54.425 10.588 34.907 19.228 22.175 22.085 25.373 41.943 11.710 30.668 14.940 51.342 12.700 55.583 37.378 9.198 52.845 37.757 7.008 11.742 34.445 47.983 35.240 39.928 24.045 18.285 17.842
33.237 32.855 27.118 27.693 27.490 18.823 34.007 35.542 30.145 36.065 28.712 11.615 8.592 13.220 8.592 45.183 7.740 28.915 47.613 7.227 30.863 47.663 27.660 31.040 34.103 25.943 25.745 13.362 34.538 37.453 0.000 45.542 35.525 26.608 12.333 25.800 30.653 16.090 27.977 21.700 16.067 9.887 36.387 26.495 33.680 15.427 46.830 47.390 47.300 50.588 21.608 30.412 39.068 42.878 23.412 41.930 27.653 7.747 33.725 24.915 32.767 35.462 31.795 21.940 30.218 17.878 11.732 41.555 45.447 43.388
21.147 23.063 53.265 44.080 40.165 48.445 60.153 20.887 28.958 62.212 54.858 47.433 46.697 48.973 46.697 12.938 44.477 67.020 16.587 43.480 34.158 15.303 32.267 49.340 26.408 46.198 54.358 37.105 28.345 19.062 43.467 0.000 18.858 25.888 48.282 28.708 49.367 44.043 44.363 47.243 46.255 45.833 26.750 64.600 23.288 43.380 9.430 15.145 14.595 18.118 50.835 18.580 41.750 17.578 61.517 13.975 65.758 45.852 17.573 63.020 48.838 18.075 18.760 44.050 56.875 46.322 48.402 28.438 19.010 9.583
13.563 11.032 43.398 31.983 30.518 36.388 50.287 12.467 15.643 52.345 44.992 35.377 37.050 36.917 37.050 19.470 34.830 55.870 19.700 33.833 24.512 21.950 22.442 37.283 11.433 35.618 44.492 27.458 19.437 7.122 33.820 18.822 0.000 16.242 37.263 19.062 37.310 34.397 32.267 35.187 34.198 36.187 17.873 53.450 10.087 33.733 18.917 21.677 21.587 24.875 40.968 8.933 29.693 15.698 50.367 12.388 54.608 36.205 6.298 51.870 36.782 4.147 8.858 33.470 47.008 34.265 38.755 21.325 19.305 17.543
20.972 18.665 32.137 24.013 19.697 34.088 39.025 12.637 17.880 40.797 33.730 28.170 27.303 29.775 27.303 25.643 25.083 47.627 28.073 24.087 14.193 28.123 13.850 39.058 19.083 25.662 33.230 17.712 25.903 18.552 24.073 26.002 15.985 0.000 28.888 6.437 38.672 24.650 24.297 32.887 31.898 26.440 24.340 45.207 17.693 23.987 27.290 27.850 27.760 31.048 29.707 10.872 34.113 25.700 42.123 22.390 46.365 26.458 14.185 43.627 40.785 15.922 12.255 23.513 35.747 31.965 29.008 18.278 28.293 23.848
29.620 31.898 26.975 29.413 29.393 12.308 32.583 37.262 31.517 34.642 27.433 6.552 10.215 5.973 8.842 46.903 9.205 25.722 44.823 9.608 32.665 49.383 29.380 25.632 35.095 25.808 24.625 15.082 30.883 38.773 12.410 47.262 37.245 28.328 0.000 27.520 25.245 18.748 29.697 15.947 9.667 8.553 32.732 23.302 32.848 19.657 46.003 49.110 49.020 52.308 21.465 32.132 33.702 39.612 20.218 42.130 24.460 8.348 35.445 21.722 27.358 37.182 33.515 23.843 28.762 12.345 6.793 43.275 42.195 45.108
22.172 21.040 32.052 23.928 18.952 33.400 38.940 15.012 19.080 40.998 33.645 27.482 26.615 29.087 26.615 28.018 24.395 46.938 30.448 23.398 12.945 30.498 15.050 38.370 21.458 24.985 33.145 17.023 27.103 20.927 23.385 28.377 18.360 6.375 28.200 0.000 37.983 23.962 24.212 32.198 31.210 25.752 25.540 44.518 20.068 23.298 29.665 30.225 30.135 33.423 29.622 13.247 35.313 28.075 41.435 24.765 45.677 25.770 16.560 42.938 40.097 18.297 14.630 22.837 35.662 31.277 28.320 20.653 30.668 26.223
30.005 32.283 46.968 39.720 39.730 18.478 52.577 45.458 31.902 54.635 47.427 24.563 30.208 24.205 28.835 52.273 29.358 41.898 45.208 29.762 43.103 53.113 41.000 6.205 35.480 43.355 44.618 33.817 31.268 39.158 32.678 50.453 38.513 41.028 25.572 40.220 0.000 38.742 40.003 16.172 20.947 28.013 33.117 39.478 33.233 39.617 46.388 54.253 52.677 55.628 41.458 41.925 30.962 39.997 36.395 42.515 40.637 28.723 41.030 37.898 6.698 39.660 41.850 41.207 48.755 17.825 26.787 54.317 42.580 49.600
34.012 33.630 21.472 23.907 20.017 21.058 28.360 36.317 30.920 30.418 23.065 13.850 12.983 15.455 12.983 45.958 10.763 33.307 48.388 9.767 23.390 48.438 28.435 33.275 34.878 18.470 20.765 14.137 35.308 38.228 9.753 46.317 36.300 27.383 14.568 26.575 32.888 0.000 24.190 23.935 18.302 12.120 37.157 30.887 34.455 6.345 47.605 48.165 48.075 51.363 15.952 31.187 40.905 43.653 27.803 42.705 32.045 12.138 34.500 29.307 35.002 36.237 32.570 14.467 25.082 20.113 14.688 42.330 46.222 44.163
25.600 26.812 22.222 3.283 9.045 28.252 29.110 29.498 22.127 31.168 23.815 27.240 26.995 28.780 27.112 39.140 24.892 39.123 40.803 23.895 12.418 41.620 21.617 33.222 28.060 11.433 23.315 18.517 25.862 31.410 23.882 39.498 29.482 20.565 28.697 19.757 32.835 19.875 0.000 27.050 26.062 25.460 27.710 36.703 27.637 19.275 40.787 41.347 41.257 44.545 18.785 24.368 33.418 36.528 34.558 35.887 37.862 26.267 27.682 35.123 34.948 29.418 25.752 9.285 25.832 26.128 28.817 35.047 38.175 37.345
27.767 30.045 36.572 37.148 37.158 8.082 42.180 43.220 29.663 44.238 37.030 14.167 19.812 13.808 18.438 50.035 18.962 31.502 42.970 19.365 40.532 50.875 37.405 15.597 33.242 35.405 34.222 24.838 29.030 36.920 22.282 48.215 36.275 38.085 15.175 37.277 15.210 28.345 37.432 0.000 10.550 17.617 30.878 29.082 30.995 29.253 44.150 52.015 50.438 53.390 31.062 39.687 31.848 37.758 25.998 40.277 30.240 18.327 38.792 27.502 17.323 37.422 39.612 33.600 38.358 7.428 16.390 52.078 40.342 47.362
26.783 29.062 31.000 33.103 33.083 5.830 36.608 40.952 28.680 38.667 31.458 8.100 14.240 8.237 12.867 49.052 12.895 25.930 41.987 13.298 36.355 49.892 33.070 19.153 32.258 29.833 28.650 18.772 28.047 35.937 16.448 47.232 35.292 32.018 9.603 31.210 18.767 22.773 33.387 9.468 0.000 11.912 29.895 23.510 30.012 23.493 43.167 51.032 49.455 52.407 25.490 35.822 30.865 36.775 20.427 39.293 24.668 12.387 37.808 21.930 20.880 36.438 37.205 27.533 32.787 6.860 10.818 46.965 39.358 46.378
30.567 31.650 28.907 26.488 26.468 14.992 35.795 34.337 28.237 37.853 30.500 7.927 10.717 9.532 9.840 43.978 8.285 29.883 45.770 8.688 29.740 46.458 26.455 26.620 32.898 24.922 27.533 12.157 31.830 36.248 10.532 44.337 34.320 25.403 8.645 24.595 26.233 17.542 26.772 17.280 12.378 0.000 33.678 27.463 32.475 16.878 45.625 46.185 46.095 49.383 23.397 29.207 34.648 40.558 24.380 40.725 28.622 8.558 32.520 25.883 28.347 34.257 30.590 20.918 32.007 13.642 10.120 40.350 43.142 42.183
2.455 10.337 41.935 30.520 30.530 33.125 48.823 23.512 13.815 50.882 43.528 32.113 35.785 33.653 35.785 28.472 33.565 52.607 17.658 32.568 30.567 29.500 22.792 34.615 13.533 34.155 43.028 26.193 6.670 16.162 32.555 26.652 16.567 24.312 34.000 25.422 34.642 33.132 30.803 31.923 30.935 34.762 0.000 50.187 11.287 32.468 22.143 30.640 29.063 32.015 39.505 19.978 26.372 13.932 47.103 19.537 51.345 34.940 19.083 48.607 34.113 17.620 19.903 32.007 45.545 31.002 36.172 32.370 15.030 25.798
47.478 49.757 26.082 35.383 36.612 26.813 26.255 54.940 49.375 27.268 24.068 25.337 22.492 24.015 23.545 65.100 26.678 6.487 62.682 26.530 39.985 67.580 47.577 40.190 52.953 31.908 21.265 33.278 48.742 56.632 27.015 65.458 55.442 46.525 23.298 45.717 39.803 30.720 35.667 30.505 24.715 27.348 50.590 0.000 50.707 31.437 63.862 67.307 67.217 70.505 22.290 50.328 51.560 57.470 8.523 59.988 4.758 24.130 53.642 5.077 41.052 55.378 51.712 32.698 24.812 27.555 22.677 59.193 60.053 63.305
6.503 3.972 40.188 28.773 28.783 30.247 47.077 16.927 10.342 49.135 41.782 29.235 34.038 30.775 34.038 25.287 31.818 49.728 20.197 30.822 26.440 27.767 19.388 31.142 7.692 32.408 41.282 24.447 13.125 11.027 30.808 24.832 9.982 18.170 31.122 20.990 31.168 31.385 29.057 29.045 28.057 31.883 11.457 47.308 0.000 30.722 21.370 27.493 27.403 30.610 37.758 13.393 23.552 15.000 44.225 17.298 48.467 33.193 12.498 45.728 30.640 11.128 13.318 30.260 43.798 28.123 33.293 25.785 17.568 23.492
35.832 35.450 19.478 22.193 22.368 22.878 26.367 38.137 32.740 28.425 21.072 15.670 14.803 17.275 14.803 47.778 12.583 33.230 50.208 11.587 25.742 50.258 30.255 35.095 36.698 17.423 18.772 15.957 37.128 40.048 11.573 48.137 38.120 29.203 16.388 28.395 34.708 6.502 22.477 25.755 20.122 13.940 38.977 30.810 36.275 0.000 49.425 49.985 49.895 53.183 13.958 33.007 42.725 45.473 28.665 44.525 31.968 13.958 36.320 29.230 36.822 38.057 34.390 16.818 23.088 21.933 16.508 44.150 48.042 45.983
16.642 19.953 54.633 44.197 41.533 45.335 61.522 22.255 25.848 63.580 56.227 44.323 48.065 45.863 48.065 11.392 45.845 64.817 12.082 44.848 35.527 12.420 33.635 46.230 24.658 47.567 55.727 38.473 23.840 19.312 44.835 9.572 19.092 27.257 46.210 30.077 46.257 45.412 44.480 44.133 43.145 46.972 22.245 62.397 20.178 44.748 0.000 13.560 11.983 14.935 52.203 19.948 37.707 13.162 59.313 10.865 63.555 47.220 18.942 60.817 45.728 18.308 20.128 45.418 58.243 43.212 48.382 29.807 14.505 8.718
25.203 26.855 55.017 45.832 41.917 52.237 61.905 22.803 32.750 63.963 56.610 49.315 48.448 50.920 48.448 6.065 46.228 68.772 20.643 45.232 35.910 6.363 34.018 53.132 28.965 47.950 56.110 38.857 32.402 21.992 45.218 14.672 21.875 27.640 50.033 30.460 53.158 45.795 46.115 51.035 50.047 47.585 30.807 66.352 27.080 45.132 13.487 0.000 6.850 7.933 52.587 20.332 45.542 21.370 63.268 17.767 67.510 47.603 19.325 64.772 52.630 21.215 20.512 45.802 58.627 50.113 50.153 30.355 23.067 9.722
24.410 26.062 54.265 45.080 41.165 51.443 61.153 22.052 31.957 63.212 55.858 48.563 47.697 50.168 47.697 5.313 45.477 68.020 19.850 44.480 35.158 5.758 33.267 52.338 28.213 47.198 55.358 38.105 31.608 21.240 44.467 13.920 21.123 26.888 49.282 29.708 52.365 45.043 45.363 50.242 49.253 46.833 30.013 65.600 26.287 44.380 12.693 6.047 0.000 9.245 51.835 19.580 44.748 20.577 62.517 16.973 66.758 46.852 18.573 64.020 51.837 20.463 19.760 45.050 57.875 49.320 49.402 29.603 22.273 8.970
26.417 28.068 58.030 48.845 44.930 53.450 64.918 25.817 33.963 66.977 59.623 52.328 51.462 53.933 51.462 9.078 49.242 71.785 21.857 48.245 38.923 7.577 37.032 54.345 31.978 50.963 59.123 41.870 33.615 25.005 48.232 17.620 24.888 30.653 53.047 33.473 54.372 48.808 49.128 52.248 51.260 50.598 32.020 69.365 28.293 48.145 14.700 7.635 9.863 0.000 55.600 23.345 46.755 22.583 66.282 18.980 70.523 50.617 22.338 67.785 53.843 24.228 23.525 48.815 61.640 51.327 53.167 33.368 24.280 12.735
39.148 40.360 12.657 18.460 19.688 27.380 19.545 38.017 35.675 21.603 14.250 23.175 17.763 21.743 19.672 50.762 20.625 26.878 53.192 19.628 23.062 53.242 35.165 40.703 41.608 14.560 12.377 23.998 39.410 43.670 19.615 51.120 41.103 30.350 21.235 30.005 40.317 15.255 18.743 31.018 24.738 21.982 41.258 24.458 41.185 15.485 52.408 52.968 52.878 56.167 0.000 35.990 46.967 50.077 22.313 47.508 25.617 19.610 39.303 22.878 42.430 41.040 37.373 15.775 16.267 27.578 19.653 42.270 51.723 48.967
16.282 13.750 38.152 28.967 25.052 38.368 45.040 9.792 18.362 47.098 39.745 32.450 31.583 34.055 31.583 18.103 29.363 51.907 20.533 28.367 19.045 20.583 17.153 40.002 14.152 31.085 39.245 21.992 22.155 11.012 28.353 18.462 8.445 10.775 33.168 13.595 40.028 28.930 29.250 37.167 36.178 30.720 20.592 49.487 12.805 28.267 19.750 20.310 20.220 23.508 35.722 0.000 32.412 18.160 46.403 14.850 50.645 30.738 6.645 47.907 39.500 8.382 4.715 28.937 41.762 36.245 33.288 18.650 21.767 16.308
13.278 15.557 38.302 26.887 26.897 28.630 45.190 28.732 15.920 47.248 39.895 27.618 32.152 29.158 32.152 35.547 29.932 48.112 28.482 28.935 29.845 36.387 22.070 25.733 18.753 30.522 39.395 22.560 16.788 22.432 28.922 33.727 21.787 23.590 29.505 24.700 25.760 29.498 27.170 27.428 26.440 30.267 16.647 45.692 16.507 28.835 29.662 37.527 35.950 38.902 35.872 25.198 0.000 23.270 42.608 25.788 46.850 31.307 24.303 44.112 25.232 22.933 25.123 28.373 41.912 26.507 31.677 37.590 25.853 32.873
9.592 14.450 50.108 38.693 38.703 39.832 56.997 21.135 20.345 59.055 51.702 38.820 43.958 40.360 43.958 18.540 41.738 59.313 10.100 40.742 33.180 19.380 29.392 40.727 19.250 42.328 51.202 34.367 16.790 13.943 40.728 16.720 14.602 24.910 40.707 27.730 40.753 41.305 38.977 38.630 37.642 41.468 15.195 56.893 14.770 40.642 12.655 20.520 18.943 21.895 47.678 17.602 32.285 0.000 53.810 8.640 58.052 43.107 14.983 55.313 40.225 13.818 17.527 40.180 53.718 37.708 42.878 29.297 8.227 15.867
46.642 48.920 24.570 33.767 34.995 26.220 25.912 53.323 47.960 26.925 22.557 23.235 20.272 21.913 21.652 62.998 24.523 9.947 61.845 24.375 38.368 65.478 45.475 39.597 51.918 30.292 19.838 31.177 47.905 55.268 24.795 63.357 53.340 44.423 21.197 43.615 39.210 28.500 34.050 29.912 24.122 25.247 49.753 7.527 49.870 29.408 63.025 65.205 65.115 68.403 20.673 48.227 50.723 56.633 0.000 59.152 8.685 22.118 51.540 5.947 40.458 53.277 49.610 31.082 23.885 26.962 20.622 57.577 59.217 61.203
11.412 12.492 48.233 36.818 36.232 38.222 55.122 18.180 18.387 57.180 49.827 37.210 42.083 38.750 42.083 17.293 39.863 57.703 12.998 38.867 30.225 19.773 27.433 39.117 17.170 40.453 49.327 32.492 18.610 11.575 38.853 14.158 11.647 21.955 39.097 24.775 39.143 39.430 37.102 37.020 36.032 39.858 17.015 55.283 12.690 38.767 13.797 19.500 19.410 22.698 45.803 14.647 31.527 9.525 52.200 0.000 56.442 41.238 12.028 53.703 38.615 10.863 14.572 38.305 51.843 36.098 41.268 26.168 13.573 13.508
48.582 50.860 28.627 37.928 39.157 27.917 28.800 56.562 50.478 29.813 26.613 26.440 23.595 25.118 24.648 66.203 27.782 4.728 63.785 27.633 42.530 68.683 48.680 41.293 54.057 34.453 23.810 34.382 49.845 57.735 28.118 66.562 56.545 47.628 24.402 46.820 40.907 31.823 38.212 31.608 25.818 28.452 51.693 6.402 51.810 32.732 64.965 68.410 68.320 71.608 24.835 51.432 52.663 58.573 11.068 61.092 0.000 25.233 54.745 7.078 42.155 56.482 52.815 35.243 27.357 28.658 23.780 61.738 61.157 64.408
31.487 33.765 24.287 27.020 28.248 14.870 31.175 37.038 31.642 33.233 25.880 7.662 6.097 9.298 5.220 46.680 6.863 25.937 46.690 6.715 31.622 49.160 29.157 27.540 35.600 23.120 22.913 14.858 32.750 38.950 7.768 47.038 37.022 28.105 8.413 27.297 27.153 16.060 27.303 18.200 12.113 9.097 34.598 23.517 34.715 16.968 47.870 48.887 48.797 52.085 18.777 31.908 35.568 41.478 20.433 43.427 24.675 0.000 35.222 21.937 29.267 36.958 33.292 23.620 27.387 14.212 7.590 43.052 44.062 44.885
15.608 13.393 41.497 32.312 28.397 38.750 48.385 10.288 18.005 50.443 43.090 35.795 34.928 37.400 34.928 17.022 32.708 55.252 19.452 31.712 22.390 19.502 20.498 39.645 13.795 34.430 42.590 25.337 21.798 8.930 31.698 17.380 6.298 14.120 36.513 16.940 39.672 32.275 32.595 37.548 36.560 34.065 20.235 52.832 12.448 31.612 18.668 19.228 19.138 22.427 39.067 6.812 32.055 16.078 49.748 12.768 53.990 34.083 0.000 51.252 39.143 6.300 6.992 32.282 45.107 36.627 36.633 19.147 19.685 15.227
46.535 48.813 24.955 34.257 35.485 25.870 25.128 53.813 48.432 26.142 22.942 24.393 21.548 23.072 22.602 64.157 25.735 7.543 61.738 25.587 38.858 66.637 46.633 39.247 52.010 30.782 20.138 32.335 47.798 55.688 26.072 64.515 54.498 45.582 22.355 44.773 38.860 29.777 34.540 29.562 23.772 26.405 49.647 5.123 49.763 30.310 62.918 66.363 66.273 69.562 21.163 49.385 50.617 56.527 7.397 59.045 6.282 23.187 52.698 0.000 40.108 54.435 50.768 31.572 23.685 26.612 21.733 58.067 59.110 62.362
28.647 30.925 48.537 38.362 38.372 19.570 54.145 44.100 30.543 56.203 48.995 26.132 31.777 25.773 30.403 50.915 30.927 42.300 43.850 31.330 41.745 51.755 39.642 8.768 34.122 41.997 46.187 32.458 29.910 37.800 34.247 49.095 37.155 39.670 27.140 38.862 7.157 38.922 38.645 17.740 22.515 29.582 31.758 40.527 31.875 38.258 45.030 52.895 51.318 54.270 43.027 40.567 29.603 38.638 37.443 41.157 41.178 30.292 39.672 38.947 0.000 38.302 40.492 39.848 50.323 19.393 28.355 52.958 41.222 48.242
13.602 12.248 43.653 33.200 30.553 37.605 50.542 12.502 16.860 52.600 45.247 36.593 37.085 38.133 37.085 19.017 34.865 57.087 18.827 33.868 24.547 21.497 22.655 38.500 12.650 36.587 44.747 27.493 20.653 6.880 33.855 17.948 4.217 16.277 38.480 19.097 38.527 34.432 33.483 36.403 35.415 36.222 19.090 54.667 11.303 33.768 18.043 21.223 21.133 24.422 41.223 8.968 30.910 14.825 51.583 11.515 55.825 36.240 6.350 53.087 37.998 0.000 8.893 34.438 47.263 35.482 38.790 21.360 18.432 16.670
16.275 13.743 39.488 30.303 26.388 39.100 46.377 10.098 18.355 48.435 41.082 33.787 32.920 35.392 32.920 18.410 30.700 53.243 20.840 29.703 20.382 20.890 18.490 39.995 14.145 32.422 40.582 23.328 22.148 11.005 29.690 18.768 8.438 12.112 34.505 14.932 40.022 30.267 30.587 37.898 36.910 32.057 20.585 50.823 12.798 29.603 20.057 20.617 20.527 23.815 37.058 4.803 32.405 18.153 47.740 14.843 51.982 32.075 6.952 49.243 39.493 8.375 0.000 30.273 43.098 36.977 34.625 18.957 21.760 16.615
32.355 32.162 18.618 13.267 9.377 29.590 25.507 31.125 28.882 27.565 20.212 22.382 21.515 23.987 21.515 43.537 19.295 35.520 45.967 18.298 12.750 46.017 26.967 39.237 33.410 7.830 19.712 13.135 32.617 36.445 18.285 43.895 33.878 23.458 23.100 22.780 38.850 14.278 13.550 32.467 26.833 20.652 34.465 33.100 32.987 13.678 45.183 45.743 45.653 48.942 15.182 28.765 40.173 42.185 30.955 40.283 34.258 20.670 32.078 31.520 40.963 33.815 30.148 0.000 22.228 28.645 23.220 35.378 44.753 41.742
45.202 46.413 8.675 24.513 25.742 33.102 9.213 44.070 41.728 11.272 6.698 28.995 25.127 27.465 26.850 56.815 29.378 27.492 59.245 29.230 29.115 59.295 41.218 46.425 47.662 21.038 9.363 31.275 45.463 49.723 29.443 57.173 47.157 36.403 26.957 36.058 46.038 25.083 24.797 36.740 30.460 31.007 47.312 25.072 47.238 25.313 58.462 59.022 58.932 62.220 16.413 42.043 53.020 56.130 23.373 53.562 26.230 26.973 45.357 23.492 48.152 47.093 43.427 21.828 0.000 33.300 25.745 48.323 57.777 55.020
26.073 28.352 33.977 35.263 35.243 5.487 39.585 41.527 27.970 41.643 34.435 10.260 16.705 11.213 15.575 48.342 15.055 28.835 41.277 15.458 38.515 49.182 35.230 17.205 31.548 32.810 31.627 20.932 27.337 35.227 18.608 46.522 34.582 34.178 12.147 33.370 16.818 25.750 35.547 7.520 7.163 13.782 29.185 26.415 29.302 25.653 42.457 50.322 48.745 51.697 28.467 37.982 30.155 36.065 23.332 38.583 27.573 14.547 37.098 24.835 18.932 35.728 37.918 29.693 35.763 0.000 13.795 49.125 38.648 45.668
32.467 34.745 24.697 27.430 28.658 13.610 30.793 38.763 33.367 32.852 25.643 8.642 7.937 7.973 6.563 48.405 9.463 23.832 47.670 9.315 32.032 50.885 30.882 26.933 37.325 23.530 22.835 16.583 33.730 40.675 10.407 48.763 38.747 29.830 7.332 29.022 26.547 16.470 27.713 17.248 10.968 10.653 35.578 21.412 35.695 17.378 48.850 50.612 50.522 53.810 19.187 33.633 36.548 42.458 18.328 44.977 22.570 7.148 36.947 19.832 28.660 38.683 35.017 24.745 26.972 13.808 0.000 44.777 45.042 46.610
28.833 26.302 43.877 35.753 31.437 48.950 50.765 15.767 30.913 50.632 45.470 43.032 42.165 44.637 42.165 29.565 39.945 61.537 31.823 38.948 27.017 32.045 28.712 52.553 26.703 37.402 44.970 32.573 34.707 23.563 38.935 29.752 20.997 18.307 43.750 20.605 52.580 39.512 36.037 47.748 46.760 41.302 33.143 59.117 25.357 38.848 31.040 31.772 31.682 34.970 41.447 18.162 44.963 30.712 56.972 27.292 60.275 41.320 19.603 57.537 52.052 20.933 18.250 35.253 47.487 46.827 43.870 0.000 34.247 27.770
9.568 16.188 51.642 40.227 40.237 41.570 58.530 25.318 21.795 60.588 53.235 40.558 45.492 42.098 45.492 20.867 43.272 61.052 7.232 42.275 36.837 21.895 30.772 42.465 20.988 43.862 52.735 35.900 16.767 15.682 42.262 19.047 17.610 28.567 42.445 31.387 42.492 42.838 40.510 40.368 39.380 43.207 15.172 58.632 16.508 42.175 14.538 23.035 21.458 24.410 49.212 21.842 30.328 7.462 55.548 12.268 59.790 44.647 19.330 57.052 41.963 17.140 21.873 41.713 55.252 39.447 44.617 32.930 0.000 18.193
20.628 22.545 51.102 41.917 38.002 47.927 57.990 18.888 28.440 60.048 52.695 45.400 44.533 47.005 44.533 7.672 42.313 64.857 16.068 41.317 31.995 10.152 30.103 48.822 25.050 44.035 52.195 34.942 27.827 17.777 41.303 9.695 17.573 23.725 46.118 26.545 48.848 41.880 42.200 46.725 45.737 43.670 26.232 62.437 22.770 41.217 8.912 9.878 9.522 13.077 48.672 16.417 41.232 17.060 59.353 13.425 63.595 43.688 15.410 60.857 48.320 16.790 16.597 41.887 54.712 45.803 46.238 26.440 18.492 0.000
0.0000 1.1403 9.2400 6.7155 6.5868 6.9904 11.0479 4.3825 2.1645 11.3378 9.7239 6.7974 7.9317 7.1288 7.8463 5.3385 7.1955 11.7162 2.6726 7.2018 5.5205 5.5074 4.1560 6.1664 1.8516 7.4540 9.6353 5.5001 0.8786 2.4914 7.1962 4.4051 2.9058 4.7784 7.1603 4.8187 6.5048 6.7679 6.7863 6.7488 6.5411 7.4750 0.5051 11.0547 1.3721 7.0672 3.7182 5.8082 5.2679 5.7378 8.5408 3.6857 5.3758 2.0390 10.3279 2.9148 11.3720 7.7373 3.3477 10.7408 6.7524 2.6169 3.3988 6.9916 10.0881 6.4999 7.6369 5.9494 2.0301 4.7828
1.2633 0.0000 8.5196 5.9951 5.8664 6.2700 10.3276 3.3227 1.4441 10.6174 9.0035 6.0770 7.2113 6.4084 7.1259 5.5269 6.4751 10.9958 3.6850 6.4814 4.7672 5.8777 3.4027 5.4460 0.8014 6.7336 8.9150 4.7797 1.5468 1.8511 6.4758 4.7755 1.8460 3.3464 6.4399 4.0653 5.7844 6.0475 6.0659 6.0284 5.8207 6.7546 1.4309 10.3343 0.2318 6.3468 4.2246 6.0777 5.6382 6.1081 7.8204 2.6259 3.6692 2.6063 9.6075 2.9526 10.6516 7.0169 2.4232 10.0204 6.0320 2.0633 2.3390 6.2712 9.3677 5.7795 6.9165 4.8896 3.0425 5.1532
9.5238 8.9761 0.0000 3.8714 4.2601 6.4961 2.0499 8.0000 7.9452 2.3397 0.4598 5.5356 4.3435 5.0878 4.6892 10.9086 5.0352 5.9887 11.2167 5.0415 5.1398 11.3711 7.6381 9.3358 8.7656 3.1499 1.1082 4.3198 8.8751 9.1885 5.0359 10.5758 8.5486 6.2891 5.0362 5.8163 9.4694 3.7395 3.9422 7.3988 5.8842 5.1396 9.2796 5.3273 8.9623 3.3690 11.2360 11.4594 11.1515 11.7515 1.9829 7.4158 9.7997 11.2670 4.7301 10.0041 5.6445 4.7887 8.1689 5.0133 9.7609 8.5808 7.5613 3.3713 1.0632 6.5597 4.7780 7.7230 11.5539 10.5525
6.0251 5.4774 4.3926 0.0000 1.2856 6.0108 6.2005 6.3353 4.4465 6.4904 4.8765 5.8179 5.2748 6.1493 4.8486 8.6983 4.1978 8.1727 8.6977 4.2041 2.1652 9.1608 4.1394 6.6888 5.2668 1.8685 4.7879 3.7477 5.3764 6.2232 4.1985 8.3654 6.3383 4.1607 5.1878 3.9077 6.8224 3.0896 0.0708 5.7692 5.5616 4.6088 5.7809 7.5113 5.4635 3.0281 9.0257 9.2491 8.9411 9.5411 3.3208 5.2055 6.3010 7.7683 6.9351 7.7938 7.8285 4.7397 5.9586 7.1973 7.1139 6.3704 5.3510 1.4061 5.2407 5.5203 5.2682 5.6859 8.0552 8.3422
5.6078 4.9060 4.4361 2.1694 0.0000 6.6715 6.2440 5.1343 4.2253 6.5339 4.9200 5.1066 5.3183 5.3266 4.8921 7.9640 4.2413 8.2162 8.2720 4.2476 1.4063 8.4265 3.5680 7.3495 4.6955 1.9120 4.8314 2.3981 6.0371 6.2439 4.2420 7.6312 5.6040 3.4234 5.2313 2.8717 7.4831 3.1331 2.2402 6.4299 6.2223 4.3458 5.5977 7.5548 4.8922 3.0716 8.2914 8.5148 8.2069 8.8069 3.3643 4.4712 6.9617 6.9812 6.9786 7.0595 7.8720 4.7832 5.2243 7.2408 7.7746 5.6361 4.6167 1.4496 5.2842 6.1811 5.3117 4.8573 7.5088 7.6079
6.8173 6.3002 6.3844 7.1657 6.3381 0.0000 7.8568 9.5424 6.2449 8.1467 6.5825 1.4950 2.7069 1.4197 2.3197 11.5286 2.3812 5.7758 9.4899 2.4672 7.7967 11.6975 7.3266 3.1297 7.0115 6.2295 5.9691 4.1765 6.3427 8.3207 3.4334 10.5952 8.0657 7.3479 1.5325 7.0949 3.2632 4.5947 7.2365 1.1927 0.7712 2.4551 6.7472 5.1143 6.5320 4.8717 10.0443 11.9983 11.4580 11.9279 5.1945 8.3927 6.0770 8.4368 4.3875 8.7831 5.4316 2.3452 8.6430 4.8004 3.5548 8.2831 8.5587 5.0513 6.9252 0.5387 1.9632 9.3942 8.8474 10.9729
11.3104 10.7627 2.0173 5.6656 6.0307 7.7665 0.0000 9.7706 9.7318 0.8132 1.9609 6.9523 6.0974 6.3582 6.3236 12.6791 6.9965 6.1762 13.9830 6.8121 6.9103 13.1416 9.4247 10.6061 10.5522 4.9204 2.4231 6.0903 10.6617 11.5085 6.8065 12.3463 10.3191 8.0596 6.3066 7.5869 10.7397 5.5100 5.7363 8.6692 7.1546 6.9102 11.0662 5.5147 10.7489 5.1396 13.0066 13.2299 12.9220 13.5220 3.7534 9.1864 11.5863 13.0536 5.1874 11.7747 5.8320 6.5426 9.9394 5.2008 11.0312 10.3513 9.3318 5.1418 1.1649 7.8301 6.2215 9.4935 13.3406 12.3231
4.5771 3.3138 7.9988 5.9571 5.2040 9.3827 9.8067 0.0000 4.1164 9.3769 8.4827 8.1065 7.9775 8.3265 7.8921 4.0735 7.2413 12.4637 4.3816 7.2476 4.0835 4.5360 4.0779 8.5588 2.9975 6.4994 8.3941 5.5460 5.0303 2.5755 7.2420 3.7407 1.9356 2.2198 8.2312 2.4134 8.8972 6.8137 6.0278 9.1412 8.9335 7.3457 4.6878 11.8022 3.0922 7.1130 4.4010 4.6243 4.3164 4.9164 7.2996 1.3130 6.7820 3.5428 11.0754 3.3911 12.1195 7.7831 1.5559 11.4883 9.1448 1.9678 1.1329 6.0370 8.8469 8.8923 8.3117 2.3969 4.6075 3.7175
1.8449 1.3814 7.7347 5.2102 5.0815 5.6645 9.5427 4.1254 0.0000 9.8325 8.2186 5.4716 6.4264 5.8029 6.3410 6.3295 5.6902 10.3903 4.5174 5.6965 4.2270 6.7920 2.8624 5.0594 1.4365 5.9487 8.1301 3.9948 2.6570 2.6537 5.6909 5.6224 2.6486 3.4848 5.8344 3.5251 5.3977 5.2626 5.2810 5.4229 5.2152 6.1491 1.8347 9.7289 1.3676 5.5619 5.0735 6.8803 6.5724 6.9571 7.0356 3.4285 3.2826 3.4552 9.0020 4.1224 10.0461 6.2320 3.2259 9.4149 5.6454 2.8660 3.1416 5.4863 8.5828 5.1740 6.3110 5.6922 3.8750 5.9735
10.9296 10.3819 2.4751 5.2848 6.1977 8.2244 0.6722 10.2285 9.3510 0.0000 2.4188 7.4101 6.5553 6.8161 6.7815 13.6028 7.4544 6.1145 13.6022 7.2700 7.0773 14.0653 9.0439 11.0640 10.1714 5.3783 2.8810 6.5482 10.2809 11.1278 7.2643 13.2700 11.2428 9.0653 6.7645 8.8122 11.1976 5.9679 5.3555 9.1270 7.6125 7.3681 10.6854 5.4530 10.3681 5.5975 13.9303 14.1536 13.8457 14.4457 4.2113 10.1101 11.2056 12.6728 5.1373 12.6984 5.7703 7.0005 10.8631 5.1390 11.4891 11.2750 10.2555 5.5997 1.6228 8.2880 6.6794 9.9514 12.9598 13.2468
10.0029 9.4552 0.4598 4.3505 4.7392 6.4637 1.9935 8.4791 8.4243 2.2833 0.0000 5.6495 4.7946 5.0554 5.0208 11.3877 5.6937 5.6119 11.6957 5.5206 5.6188 11.8502 8.1172 9.3033 9.2447 3.6289 1.0699 4.7989 9.3542 9.6676 5.5150 11.0549 9.0277 6.7682 5.0038 6.2954 9.4369 4.2186 4.4213 7.3664 5.8518 6.1930 9.7587 4.9504 9.4414 3.8481 11.7151 11.9385 11.6306 12.2306 2.3451 7.8949 10.2788 11.7461 4.3533 10.4832 5.2677 5.2398 8.6480 4.6365 9.7284 9.0598 8.0404 3.8504 0.7991 6.5273 4.9187 8.2020 12.0330 11.0316
6.6478 6.1307 5.4099 6.3578 4.9546 1.7387 6.8823 8.1389 6.0753 7.1721 5.6079 0.0000 1.4647 0.4934 0.9293 10.5020 0.9977 5.2144 9.3203 1.0837 6.4132 10.9644 5.9430 4.2785 6.8419 5.2549 4.9946 2.7930 6.1732 8.1512 1.9449 10.1691 7.8961 5.9644 0.5120 5.7113 4.4121 2.7501 6.4285 2.5312 1.1088 1.0716 6.5777 4.5529 6.3625 3.0494 9.8748 11.0527 10.7448 11.3448 4.2200 7.0092 5.9075 8.2673 3.8261 8.6136 4.8702 0.9191 7.7622 4.2389 4.7036 8.1741 7.1547 3.6677 5.9506 1.2738 0.9887 8.0106 8.6779 10.1459
7.9991 7.4821 4.2071 4.9884 5.3771 3.0901 6.0150 8.1310 6.5924 6.3048 4.6910 1.4374 0.0000 1.6069 0.6353 10.4940 1.1860 4.5711 10.6717 1.2594 6.2567 10.9565 5.9351 5.6298 7.0626 4.0521 3.1514 2.7850 7.5245 8.0189 1.3128 10.1612 8.1340 5.9565 1.4581 5.7034 5.7634 2.4174 5.0592 3.8826 2.4601 1.9001 7.9290 3.9096 7.2593 2.6944 10.8215 11.0448 10.7369 11.3369 3.0172 7.0012 7.2588 9.6186 3.1828 9.5895 4.2269 0.6905 7.7543 3.5957 6.0549 8.1662 7.1467 4.4883 4.1654 2.6252 1.2343 8.0027 10.0293 10.1380
7.0236 6.5066 5.0808 6.5375 5.1343 1.5315 6.5532 8.3187 6.4512 6.8430 5.2788 0.5289 1.4033 0.0000 1.0161 10.6817 1.1775 4.8853 9.6962 1.2635 6.5929 11.1442 6.1228 4.3712 7.2178 4.9258 4.6655 2.9727 6.5490 8.5271 2.0979 10.3489 8.2720 6.1442 0.3440 5.8911 4.5048 3.2911 6.6083 2.4342 0.9196 1.2897 6.9535 4.2238 6.7383 3.5681 10.2507 11.2325 10.9246 11.5246 3.8909 7.1889 6.2833 8.6431 3.4970 8.9894 4.5411 1.0721 7.9420 3.9099 4.7963 8.3539 7.3344 3.8475 5.6215 1.5951 0.6596 8.1904 9.0538 10.3257
7.6294 7.1124 4.5798 5.3611 5.7498 2.4938 6.3014 8.2496 6.7110 6.5913 5.0636 1.0678 0.6179 1.0854 0.0000 10.6126 0.8584 4.8238 10.3020 0.9318 6.6294 11.0751 6.0537 5.2602 7.1812 4.4248 3.5241 2.9036 7.1549 8.1375 1.1954 10.2798 8.2526 6.0751 0.9019 5.8220 5.3937 2.7901 5.4319 3.5129 1.8818 1.5726 7.5593 4.1623 7.3441 3.0670 10.8565 11.1634 10.8555 11.4555 3.3898 7.1198 6.8892 9.2489 3.4355 9.7081 4.4796 0.3209 7.8729 3.8484 5.6852 8.2848 7.2653 4.8609 5.3698 2.2555 0.7756 8.1213 9.6596 10.2566
5.2858 5.2405 10.9609 9.8530 7.9685 11.4201 12.7688 3.9001 6.6017 13.0586 11.4447 10.5360 10.4070 10.7560 10.3216 0.0000 9.6708 14.8931 3.1678 9.6771 6.5623 0.5040 6.3780 10.5961 5.2267 9.3539 11.3562 7.9754 6.1644 3.9467 9.6715 1.5688 3.9026 5.1485 10.6607 5.5424 10.9345 9.2432 9.9237 11.1785 10.9708 9.7752 5.7909 14.2317 5.2553 9.5425 1.6647 0.5923 0.2844 0.8844 10.2617 3.5423 8.8193 3.6783 13.5048 2.9084 14.5489 10.2126 3.2482 13.9177 11.1821 3.7307 3.3621 8.8915 11.8089 10.9296 10.7412 5.0027 3.8456 0.9142
7.1628 6.4610 5.1302 5.5377 4.1345 2.6919 6.9382 7.3188 5.7803 7.2280 5.6141 1.0393 1.1860 1.2593 0.8584 9.6819 0.0000 5.6005 9.9899 0.1541 5.5931 10.1443 5.1229 5.1145 6.2504 3.7578 4.0745 1.9729 7.0092 7.2068 0.7760 9.3490 7.3219 5.1443 1.1640 4.8912 5.2480 1.9300 5.6085 3.3672 2.0620 0.4662 7.4136 4.9391 6.4471 2.2293 10.0093 10.2326 9.9247 10.5247 3.9403 6.1891 6.7435 8.5361 4.2122 8.7774 5.2563 0.6229 6.9422 4.6251 5.5396 7.3540 6.3346 2.8476 5.0885 2.1345 1.1894 7.1905 9.0637 9.3258
11.4657 10.9486 5.6002 7.6232 8.0118 5.4500 5.7734 11.7517 10.8932 5.8527 5.2234 5.2704 4.6303 4.6763 4.7750 15.0470 5.5518 0.0000 14.1382 5.6251 8.8915 15.5095 10.4880 8.3558 11.6598 6.9016 4.5563 7.3380 10.9911 12.9691 5.8022 14.7141 12.6870 10.5094 4.6247 10.2563 8.4894 6.4406 7.6939 6.4189 5.1347 5.8139 11.3956 0.5027 11.1804 6.3574 14.6927 15.5978 15.2898 15.8898 4.7262 11.5542 10.7254 13.0852 1.0258 13.4315 0.4203 5.0142 12.3073 0.9694 8.5366 12.7191 11.6997 7.1230 5.3830 5.8102 4.6729 11.4747 13.4958 14.6909
2.6978 3.5243 11.8803 9.3558 8.2756 9.7038 13.6883 4.2072 4.8048 13.9781 12.3642 9.5109 10.5720 9.8423 10.4866 3.2205 9.8358 14.4297 0.0000 9.8421 6.8694 3.3894 6.7963 8.8799 4.2693 10.0943 12.2757 8.1404 3.5765 3.3631 9.8365 2.2871 3.6334 5.4556 9.8737 5.8495 9.2182 9.4082 9.4266 9.4622 9.2546 10.1884 3.2029 13.7682 3.5587 9.7075 1.6002 3.6902 3.1499 3.6198 11.1811 3.8494 6.2869 1.2741 13.0414 1.5469 14.0855 10.3776 3.5553 13.4543 9.4659 3.4429 3.6692 9.6319 12.7284 9.2134 10.3504 5.3098 0.7502 2.6648
7.5002 6.5479 5.1341 5.6246 4.2214 2.7084 6.9421 7.4057 5.8671 7.2319 5.6180 1.0558 1.1483 1.2758 0.9318 9.7688 0.1541 5.6739 10.0768 0.0000 5.6800 10.2312 5.2098 5.1309 6.3373 3.8447 4.0784 2.0598 7.0256 7.2937 0.8089 9.4359 7.4088 5.2312 1.1805 4.9781 5.2645 2.0169 5.6953 3.3837 2.0785 1.0235 7.4301 5.0124 6.5340 2.3162 10.0962 10.3195 10.0116 10.6116 3.9442 6.2760 6.7599 8.6230 4.2856 8.8643 5.3297 0.6963 7.0290 4.6985 5.5560 7.4409 6.4215 2.9345 5.0924 2.1510 1.2610 7.2774 9.1506 9.4127
5.6288 4.9270 5.0856 3.0491 1.4063 6.8201 6.8936 4.0888 4.2462 7.1834 5.5695 5.3509 5.2219 5.5709 5.1365 6.5577 4.4857 9.0958 6.8658 4.4920 0.0000 7.0202 3.0364 7.4981 4.3548 2.7916 5.4810 2.7904 5.9610 4.8376 4.4864 6.2249 4.1977 1.9208 5.4756 1.4655 7.6317 4.0127 3.1198 6.5785 6.3709 4.5901 5.6186 8.4344 4.4437 3.9513 6.8852 7.1085 6.8006 7.4006 4.2439 3.0649 7.1627 5.8050 7.8582 5.6533 8.7516 5.0275 3.8180 8.1204 7.9232 4.2299 3.2104 2.3292 5.9337 6.3297 5.5561 3.8117 6.5442 6.2017
5.6801 5.6349 11.4233 10.3155 8.4310 11.8144 13.2313 4.3625 6.9960 13.5211 11.9072 10.9985 10.8695 11.2185 10.7840 0.5038 10.1332 15.3556 3.5621 10.1396 7.0248 0.0000 6.8405 10.9905 5.6892 9.8164 11.8187 8.4379 6.5588 4.4092 10.1339 2.0313 4.3651 5.6109 11.1232 6.0049 11.3288 9.7057 10.3862 11.5728 11.3652 10.2377 6.1852 14.6942 5.6497 10.0049 2.0590 0.7156 0.3952 0.6452 10.7241 4.0047 9.2137 4.0727 13.9673 3.3027 15.0114 10.6751 3.7107 14.3802 11.5765 4.1931 3.8246 9.3540 12.2714 11.3240 11.2037 5.4651 4.2400 1.3767
4.2450 3.5432 7.4157 5.7303 4.4234 7.2381 9.2236 3.8865 2.8624 9.5135 7.8996 6.2648 6.7944 6.7411 6.7090 6.2408 6.0582 11.2805 6.5489 6.0645 3.0172 6.7033 0.0000 7.9161 3.3326 6.4688 7.8110 3.8288 4.5772 4.5207 6.0589 5.9080 3.8808 2.2750 7.0481 2.3153 8.0497 5.6306 5.8011 6.9966 6.7889 5.5145 4.2348 10.6191 3.5293 5.9299 6.5683 6.7916 6.4837 7.0837 6.7165 2.7481 5.7789 5.6183 9.8922 5.3364 10.9363 6.6000 3.5011 10.3051 8.1417 3.9130 2.8935 6.0064 8.2638 6.7477 7.1286 4.2347 6.1459 5.8848
5.9767 5.4596 9.2563 7.5987 7.4701 3.1619 10.7287 8.7019 5.4043 11.0186 9.4544 4.4002 5.5788 4.2916 5.1916 10.6881 5.2864 8.6477 8.6493 5.3724 8.3497 10.8569 7.3713 0.0000 6.1709 8.3372 8.8410 5.8955 5.5021 7.4802 6.3053 9.7546 7.2251 7.8013 4.4044 7.5483 0.2434 7.4666 7.6695 2.6263 3.6431 5.1278 5.9066 7.9862 5.6914 7.1719 9.2037 11.1577 10.6174 11.0873 8.0664 8.0050 4.3941 7.5962 7.2594 7.9425 8.3035 5.2171 7.8024 7.6723 0.7896 7.4425 7.7181 7.8748 9.7971 3.0013 4.8351 10.2687 8.0069 10.1323
2.0846 0.8213 8.5498 6.0253 5.8966 6.8717 10.3578 3.0064 1.4565 10.6476 9.0337 6.6788 7.2415 7.0102 7.1561 5.2106 6.5053 11.5975 4.0342 6.5116 4.4193 5.6731 3.4144 6.0477 0.0000 6.7638 8.9452 4.8100 2.5192 1.5348 6.5060 4.5035 1.5296 3.0055 7.0416 3.3995 6.3861 6.0777 6.0961 6.6301 6.4225 6.6097 2.1768 10.9361 0.7419 6.3770 4.4679 5.7614 5.4535 6.0535 7.8507 2.3096 4.2710 2.8641 10.2093 3.0034 11.2533 7.0471 2.1069 10.6221 6.6338 1.7470 2.0226 6.3014 9.3979 6.3812 7.5183 4.5732 3.3917 4.8545
7.2926 6.0472 3.3665 2.9391 1.9359 6.1385 5.1744 6.6133 5.7140 5.4642 3.8504 4.7041 3.9858 4.7301 4.3315 9.3733 3.8388 6.8837 9.6813 3.8451 2.8155 9.8358 4.7092 7.9563 5.8367 0.0000 3.4862 1.9956 6.6439 7.6532 3.8395 9.0404 7.0133 4.9024 4.6786 4.2810 8.0899 2.7305 3.0098 7.0411 5.5265 3.9432 7.0484 6.2223 6.0334 2.6691 9.7007 9.9241 9.6161 10.2161 2.0318 5.8805 7.5685 8.1224 5.6461 8.4688 6.5395 4.4310 6.6336 5.9083 8.3814 7.0454 6.0260 1.0471 4.2145 6.2021 4.4203 6.3362 9.3228 9.0172
10.1251 9.5774 1.3774 4.4727 4.8614 5.5493 2.5190 8.6013 8.5464 2.8088 1.0006 4.7351 3.8802 4.1410 4.1064 11.5099 4.7793 4.6765 11.8179 4.8527 5.7410 11.9723 8.2393 8.3890 9.3668 3.7511 0.0000 4.9210 9.4764 9.7898 5.0521 11.1770 9.1499 6.8904 4.0894 6.4176 8.5225 4.0154 4.5435 6.4520 4.9374 5.2786 9.8808 4.0151 9.5635 3.6449 11.8373 12.0606 11.7527 12.3527 2.0273 8.0171 10.4735 11.8683 3.4389 10.6054 4.3324 4.3254 8.7702 3.7011 8.8140 9.1820 8.1626 3.9725 1.3433 5.6129 4.0043 8.3242 12.1552 11.1538
5.1899 4.4881 5.1740 3.5648 3.4361 4.4629 6.9819 5.3460 3.8074 7.2717 5.6578 2.8103 2.6812 3.0303 2.5958 7.7090 1.9450 7.1674 8.0170 1.9514 3.6202 8.1715 3.1500 5.8653 4.2775 2.0007 5.3407 0.0000 5.0762 5.2339 1.9457 7.3761 5.3490 3.1714 2.9350 2.9184 5.9989 1.5174 3.6356 4.9458 3.8330 2.0495 5.1797 6.5059 4.4742 1.8167 8.0364 8.2598 7.9518 8.5518 3.9610 4.2162 5.9586 6.5632 5.7791 6.8045 6.8232 2.4869 4.9693 6.1920 6.2904 5.3811 4.3617 1.0905 6.0220 4.6969 3.0154 5.2176 7.0909 7.3529
0.8786 1.6135 8.9959 6.4714 6.3427 6.9257 10.8039 4.8557 2.5220 11.0937 9.4798 6.7328 7.6876 7.0641 7.6022 6.2172 6.9514 11.6515 3.5512 6.9577 5.9937 6.3860 4.6292 6.3833 2.3247 7.2099 9.3913 5.2560 0.0000 3.3701 6.9521 5.2837 3.3789 5.2515 7.0956 5.2918 6.7216 6.5238 6.5422 6.6841 6.4764 7.4103 0.7277 10.9901 1.8452 6.8231 4.5969 6.6868 6.1465 6.6164 8.2968 4.1589 4.9893 2.9176 10.2632 3.7934 11.3073 7.4932 3.9562 10.6761 6.9693 3.4955 3.8719 6.7475 9.8440 6.4352 7.5722 6.4225 2.9088 5.6614
2.7039 1.8535 9.4194 6.8948 6.7662 7.9200 11.2273 2.5644 2.6537 11.5171 9.9032 7.7271 8.1110 8.0585 8.0256 3.9458 7.3748 12.6459 3.6109 7.3811 4.9823 4.4083 4.2890 7.0961 1.5348 7.6333 9.8147 5.6795 3.5825 0.0000 7.3755 3.1663 0.6882 3.5685 8.0899 3.9625 7.4345 6.9472 6.9656 7.6785 7.4708 7.4792 3.2090 11.9844 1.6217 7.2465 3.6303 4.4966 4.1887 4.7887 8.7202 1.9623 5.3193 2.1464 11.2576 2.1001 12.3017 7.9166 1.3469 11.6705 7.6821 0.6161 1.6247 7.1709 10.2674 7.4296 8.4452 4.1313 3.1603 3.3324
7.2904 6.5886 5.3968 5.6653 4.0478 3.5098 7.2048 7.4465 5.9079 7.4946 5.8807 1.8572 1.2747 2.0772 1.1893 9.8095 0.7699 5.7608 10.1176 0.8027 4.9275 10.2720 5.2506 5.9323 6.3781 3.6711 4.3411 2.1005 6.4881 7.3344 0.0000 9.4767 7.4495 5.2720 1.9819 5.0189 6.0659 1.4710 5.7361 4.1850 2.8799 1.1827 6.8925 5.0994 6.5748 1.7703 10.1370 10.3603 10.0524 10.6524 4.2069 6.3167 7.5613 8.6638 4.3726 8.9050 5.4166 1.0803 7.0698 4.7854 6.3574 7.4817 6.4622 2.7610 5.3551 2.9523 1.9407 7.3182 9.1914 9.4535
4.3720 4.3268 10.6271 9.5192 7.6348 10.5063 12.4350 3.5663 5.6879 12.7248 11.1109 10.3134 10.0732 10.6448 9.9878 1.6006 9.3370 14.5593 2.2540 9.3433 6.2285 2.2547 6.0442 9.6823 4.5035 9.0201 11.0224 7.6416 5.2506 3.1663 9.3377 0.0000 3.2407 4.8147 10.3269 5.2086 10.0207 8.9094 9.5900 10.2647 10.0571 9.4414 4.8771 13.8979 4.3416 9.2087 0.7509 2.1513 1.8460 2.4815 9.9279 3.2085 7.9056 2.7646 13.1711 1.9946 14.2151 9.8788 2.9144 13.5839 10.2684 3.0503 3.0283 8.5577 11.4751 10.0158 10.4074 4.6689 2.9319 1.0309
3.1092 1.8460 9.4142 6.8897 5.6740 7.9149 11.2222 1.9445 2.6486 11.5120 9.8981 7.7220 8.1124 8.0534 8.0270 3.8919 7.3762 12.6407 3.5852 7.3825 4.2677 4.3544 4.2838 7.0909 1.5296 7.6282 9.8096 5.6809 3.5624 0.6515 7.3769 3.2407 0.0000 2.8539 8.0848 3.2479 7.4293 6.9486 6.9605 7.6733 7.4657 7.4807 3.2200 11.9793 1.6244 7.2479 3.6046 4.4427 4.1348 4.7348 8.7151 1.2477 5.3142 2.2262 11.2524 2.0745 12.2965 7.9181 0.7427 11.6653 7.6769 0.2174 0.9608 7.1658 10.2623 7.4244 8.4466 3.5114 3.2909 3.4068
4.8866 3.4426 6.2879 4.2462 3.4931 7.4209 8.0958 2.2198 3.5041 7.6660 6.7718 5.9518 5.8227 6.1718 5.7373 5.3249 5.0865 10.3089 5.6330 5.0929 1.9208 5.7874 2.2943 8.0989 3.1220 4.7885 6.6832 3.3912 5.2189 3.6048 5.0872 4.9921 2.9649 0.0000 6.0765 0.3520 8.2325 4.6589 4.3169 7.1794 6.9717 5.1910 4.8764 9.6474 3.2109 4.9582 5.6524 5.8757 5.5678 6.1678 5.5887 1.8321 6.4205 4.5721 8.9206 4.4204 9.9647 5.6284 2.5852 9.3335 8.5240 2.9971 1.9776 4.3260 7.1359 6.9305 6.1570 2.1048 5.3113 4.9689
7.0628 6.5457 4.9994 6.2985 4.8953 1.7060 6.4718 8.0797 6.4903 6.7616 5.1974 0.5680 1.3218 0.2403 0.9346 10.4427 0.9385 4.8038 9.7353 1.0245 6.3539 10.9052 5.8838 4.5457 7.2569 4.8444 4.5841 2.7337 6.5882 8.5662 1.8589 10.1099 8.0827 5.9052 0.0000 5.6521 4.6793 3.2097 6.3693 2.6087 1.0941 1.1963 6.9927 4.1424 6.7775 3.4866 10.2898 10.9935 10.6856 11.2856 3.8094 6.9499 6.3225 8.6823 3.4155 9.0286 4.4596 0.8331 7.7030 3.8284 4.9708 8.1149 7.0954 3.6085 5.5401 1.6888 0.5781 7.9514 9.0929 10.0867
4.9269 3.6363 5.8640 3.8223 2.8717 7.1679 7.6720 2.4134 3.5444 7.9618 6.3479 5.6987 5.5697 5.9187 5.4843 5.5185 4.8334 10.0558 5.8266 4.8398 1.4655 5.9810 2.3346 7.8458 3.3156 4.2571 6.2594 3.1381 5.2592 3.7984 4.8342 5.1857 3.1585 0.3520 5.8234 0.0000 7.9794 4.4059 3.8931 6.9263 6.7186 4.9379 4.9167 9.3944 3.4045 4.7051 5.8460 6.0693 5.7614 6.3614 5.1649 2.0258 6.4608 4.7658 8.6675 4.6141 9.7116 5.3753 2.7788 9.0804 8.2709 3.1907 2.1712 3.7947 6.7121 6.6774 5.9039 2.2984 5.5050 5.1625
6.3008 5.7838 9.4649 7.9228 7.7942 3.3704 10.9373 9.0260 5.7284 11.2271 9.6629 4.6087 5.7873 4.5002 5.4001 11.0122 5.4950 8.8562 8.9734 5.5809 8.6738 11.1810 7.6954 0.2434 6.4950 8.6614 9.0495 6.2196 5.8262 7.8043 6.5139 10.0788 7.5492 8.1255 4.6129 7.8724 0.0000 7.6752 7.9936 2.8348 3.8516 5.3363 6.2307 8.1947 6.0155 7.4960 9.5278 11.4818 10.9415 11.4114 8.2749 8.3291 4.7182 7.9203 7.4679 8.2666 8.5120 5.4256 8.1265 7.8808 0.5575 7.7666 8.0422 8.1989 10.0056 3.2098 5.0436 10.5928 8.3310 10.4565
6.8175 6.1157 3.8333 4.1299 3.1267 3.9704 5.6413 6.9736 5.4350 5.9311 4.3172 2.3178 2.1888 2.5378 2.1034 9.3366 1.4526 6.6749 9.6446 1.4589 4.0064 9.7991 4.7776 6.3930 5.9051 2.7500 4.0000 1.6276 5.9623 6.8615 1.4533 9.0037 6.9766 4.7990 2.4425 4.5459 6.5265 0.0000 4.2007 4.6457 3.3405 1.5570 6.3667 6.0135 6.1018 0.4761 9.6640 9.8873 9.5794 10.1794 2.6203 5.8438 8.0525 8.1908 5.2866 8.4321 6.3307 1.9944 6.5969 5.6995 6.8180 7.0087 5.9893 1.8399 4.6814 3.4130 2.5230 6.8452 8.7184 8.9805
6.0959 5.5482 4.4634 0.0708 1.3564 6.0816 6.2713 6.4060 4.5172 6.5611 4.9473 5.8887 5.3456 6.2201 4.9194 8.7691 4.2686 8.2435 8.7684 4.2749 2.2360 9.2315 4.2101 6.7596 5.3376 1.9393 4.8587 3.8185 5.4471 6.2940 4.2693 8.4362 6.4091 4.2315 5.2585 3.9784 6.8931 3.1603 0.0000 5.8400 5.6323 4.6795 5.8516 7.5820 5.5343 3.0989 9.0965 9.3198 9.0119 9.6119 3.3915 5.2763 6.3718 7.8391 7.0058 7.8646 7.8993 4.8104 6.0294 7.2681 7.1847 6.4412 5.4218 1.4769 5.3114 5.5911 5.3390 5.7567 8.1260 8.4130
6.5966 6.0795 7.2871 8.1878 8.0592 1.1927 8.7595 9.3217 6.0241 9.0493 7.4851 2.4309 3.6096 2.3224 3.2223 11.3079 3.3172 6.6784 9.2691 3.4032 8.9388 11.4768 7.1144 2.5941 6.7907 7.1321 6.8718 5.1125 6.1220 8.1000 4.3361 10.3745 7.8449 8.2839 2.4352 8.0308 2.7277 5.4974 8.2586 0.0000 1.6739 3.1585 6.5265 6.0170 6.3113 5.7743 9.8236 11.7776 11.2373 11.7072 6.0972 8.6249 5.8563 8.2161 5.2901 8.5624 6.3342 3.2478 8.4222 5.7030 3.0192 8.0623 8.3379 5.9872 7.8278 1.0320 2.8658 10.8886 8.6267 10.7522
6.4226 5.9055 5.9653 7.1228 5.7196 0.6235 7.4377 8.9039 5.8502 7.7275 6.1633 0.8764 2.2877 1.0006 1.9005 11.1340 1.7627 5.3566 9.0952 1.8487 7.1782 11.3028 6.7080 3.4632 6.6168 5.8103 5.5500 3.5580 5.9480 7.9261 2.7099 10.2005 7.6710 6.7294 1.1133 6.4763 3.5968 4.1756 7.1935 1.5262 0.0000 1.8366 6.3525 4.6951 6.1373 3.8144 9.6496 11.6036 11.0633 11.5332 4.7753 7.7742 5.6823 8.0421 3.9683 8.3884 5.0124 1.6841 8.2483 4.3812 3.8883 7.8884 7.9197 4.4327 6.5060 0.7672 1.5440 8.7756 8.4528 10.5783
7.3507 6.3590 5.7475 5.4357 4.0325 2.6128 7.5554 7.2169 5.9794 7.8452 6.2314 1.0716 1.7617 1.2916 1.3920 9.5799 0.4659 5.9372 10.0232 0.5519 5.4911 10.0424 5.0209 4.9814 6.1484 3.6558 4.6918 1.8709 6.8761 7.1048 1.0955 9.2470 7.2199 5.0423 1.1963 4.7892 5.1150 1.8280 5.5065 3.2341 2.0943 0.0000 7.2806 5.2757 6.3451 2.1273 9.9073 10.1306 9.8227 10.4227 4.5576 6.0871 6.6104 8.9702 4.5489 8.6754 5.5930 1.2162 6.8402 4.9618 5.4065 7.2520 6.2326 2.7456 5.7058 2.0653 1.4861 7.0885 9.3808 9.2238
0.5051 1.3926 9.0979 6.5733 6.4447 7.0276 10.9058 4.6348 2.4167 11.1956 9.5817 6.8347 7.7895 7.1661 7.7041 5.8436 7.0533 11.7534 3.1777 7.0596 5.7728 6.0125 4.4082 6.4186 2.1038 7.3118 9.4932 5.3580 0.7277 2.9965 7.0540 4.9102 3.1580 5.0306 7.1975 5.0709 6.7570 6.6257 6.6441 6.7860 6.5784 7.5122 0.0000 11.0920 1.6243 6.9250 4.2233 6.3133 5.7730 6.2429 8.3987 3.9379 3.0950 2.5441 10.3652 3.4199 11.4092 7.5951 3.7353 10.7780 7.0046 3.1220 3.6510 6.8494 9.9459 6.5371 7.6742 6.2016 2.5352 5.2879
11.0806 10.5635 5.2151 7.2380 7.6267 5.0649 5.3883 11.3666 10.5081 5.4675 4.8383 4.8853 4.2452 4.2912 4.3899 14.6619 5.1666 0.7293 13.7531 5.2400 8.5064 15.1243 10.1029 7.9707 11.2747 6.5164 4.1712 6.9529 10.6060 12.5840 5.4171 14.3290 12.3019 10.1243 4.2396 9.8712 8.1043 6.0555 7.3088 6.0337 4.7496 5.4288 11.0104 0.0000 10.7952 5.9722 14.3076 15.2126 14.9047 15.5047 4.3411 11.1691 10.3403 12.7001 0.6407 13.0463 0.3509 4.6290 11.9222 0.3096 8.1515 12.3340 11.3146 6.7379 4.9979 5.4251 4.2878 11.0896 13.1107 14.3058
1.4950 0.2318 8.7514 6.2269 6.0982 6.5017 10.5593 3.1011 1.6759 10.8491 9.2353 6.3088 7.4430 6.6402 7.3576 5.3053 6.7068 11.2276 3.4618 6.7131 4.5386 5.7678 3.6344 5.6778 0.7220 6.9654 9.1467 5.0115 1.7786 1.6295 6.7075 4.2974 1.6244 3.1248 6.6716 3.5187 6.0161 6.2792 6.2976 6.2601 6.0525 6.9863 1.6626 10.5661 0.0000 6.5785 3.8955 5.8561 5.5482 5.7791 8.0522 2.4043 3.9010 2.2918 9.8393 2.7973 10.8834 7.2487 2.2016 10.2522 6.2638 1.8417 2.1174 6.5029 9.5994 6.0113 7.1483 4.6680 2.8194 4.9493
7.2622 6.5604 3.4381 4.0762 3.1680 4.4152 5.2460 7.4183 5.8797 5.5358 3.9220 2.7626 2.6335 2.9826 2.5481 9.7813 1.8973 7.0142 10.0894 1.9036 4.0476 10.2438 5.2224 6.8377 6.3499 2.8825 3.6048 2.0723 6.4070 7.3062 1.8980 9.4485 7.4213 5.2438 2.8872 4.9907 6.9713 0.4761 4.1470 5.0904 3.7853 2.0017 6.8115 6.3528 6.5466 0.0000 10.1088 10.3321 10.0242 10.6242 2.2251 6.2885 8.4973 8.6356 5.7766 8.8769 6.6700 2.4391 7.0416 6.0388 7.2628 7.4535 6.4340 1.8812 4.2861 3.8577 2.9677 7.2900 9.1632 9.4253
3.7182 3.9430 11.2775 10.0116 8.2852 10.1225 13.0854 4.2167 5.3041 13.3752 11.7613 9.9296 10.7236 10.2610 10.6382 1.7174 9.9874 14.8483 1.6002 9.9937 6.8789 1.8863 6.6946 9.2985 4.6683 9.6705 11.6728 8.2920 4.5969 3.6685 9.9881 0.7840 3.6429 5.4651 10.2924 5.8590 9.6369 9.5598 10.0824 9.8809 9.6733 10.6071 4.2233 14.1869 3.9578 9.8591 0.0000 2.1871 1.6468 2.1167 10.5783 3.8589 8.0100 2.0801 13.4601 1.6108 14.5042 10.5292 3.5648 13.8729 9.8846 3.4524 3.6787 9.2081 12.1255 9.6321 10.7691 5.3193 2.2781 1.1617
5.8797 5.8344 11.5116 10.4037 8.5193 12.0140 13.3196 4.4508 7.1956 13.6094 11.9955 11.0868 10.9577 11.3068 10.8723 0.5921 10.2215 15.4439 3.7617 10.2279 7.1131 0.7156 6.9288 11.1900 5.7775 9.9047 11.9069 8.5262 6.7583 4.4975 10.2222 2.1196 4.4534 5.6992 11.2115 6.0932 11.5284 9.7939 10.4745 11.7724 11.5647 10.3260 6.3848 14.7825 5.8492 10.0932 2.2586 0.0000 0.5199 0.5671 10.8124 4.0930 9.4132 4.2722 14.0556 3.5023 15.0997 10.7634 3.7989 14.4685 11.7760 4.2814 3.9129 9.4423 12.3597 11.5235 11.2920 5.5534 4.4395 1.4650
5.4397 5.3945 11.2037 10.0958 8.2114 11.5740 13.0116 4.1429 6.7556 13.3015 11.6876 10.7789 10.6498 10.9989 10.5644 0.2842 9.9136 15.1360 3.3217 9.9200 6.8051 0.3952 6.6208 10.7500 5.4696 9.5968 11.5990 8.2183 6.3183 4.1896 9.9143 1.8116 4.1455 5.3913 10.9036 5.7853 11.0884 9.4860 10.1666 11.3324 11.1248 10.0181 5.9448 14.4745 5.4092 9.7853 1.8186 0.5199 0.0000 0.8120 10.5045 3.7851 8.9733 3.8323 13.7477 3.0623 14.7918 10.4555 3.4910 14.1606 11.3360 3.9735 3.6050 9.1344 12.0518 11.0835 10.9840 5.2455 3.9996 1.1571
5.8093 5.7640 11.8037 10.6958 8.8114 11.9435 13.6116 4.7429 7.1252 13.9015 12.2876 11.3789 11.2498 11.5989 11.1644 0.8842 10.5136 15.7360 3.6913 10.5200 7.4051 0.6452 7.2208 11.1196 6.0696 10.1968 12.1990 8.8183 6.6879 4.7896 10.5143 2.3628 4.7455 5.9913 11.5036 6.3853 11.4580 10.0860 10.7666 11.7020 11.4943 10.6181 6.3144 15.0745 5.7788 10.3853 2.1882 0.5671 0.8120 0.0000 11.1045 4.3851 9.3428 4.2018 14.3477 3.4318 15.3918 11.0555 4.0910 14.7606 11.7056 4.5735 4.2050 9.7344 12.6518 11.4531 11.5840 5.8455 4.3691 1.7571
8.8440 8.2963 1.7446 3.1916 3.5803 5.2831 3.5525 7.3202 7.2654 3.8423 2.2284 4.1516 2.9595 3.8748 3.3051 10.2288 3.6744 5.1418 10.5368 3.6807 4.4599 10.6913 6.9583 8.1228 8.0857 2.2553 1.9519 3.8494 8.1953 8.5087 3.6751 9.8959 7.8688 5.6093 3.8232 5.1365 8.2563 2.3787 3.2624 6.1858 4.6712 3.7788 8.5998 4.4804 8.2824 2.0082 10.5562 10.7796 10.4716 11.0716 0.0000 6.7360 9.1199 10.5872 3.9042 9.3243 4.7976 3.4047 7.4891 4.1664 8.5478 7.9009 6.8815 2.6915 2.5926 5.3467 3.3939 7.0431 10.8741 9.8727
3.8228 2.5595 7.4671 6.3592 4.4748 8.5114 9.2750 1.3371 3.3621 9.5649 7.9510 7.0423 6.9132 7.2623 6.8278 3.5413 6.1770 11.3994 3.8494 6.1834 3.0685 4.0038 2.8842 7.8045 2.2432 5.8602 7.8624 4.4817 4.2760 1.8212 6.1777 3.2085 1.1813 1.6547 7.1670 2.0487 8.1428 5.7494 6.4300 8.2699 8.0622 6.2815 3.9335 10.7379 2.3379 6.0487 3.8687 4.0921 3.7842 4.3842 6.7679 0.0000 6.0277 2.7885 10.0111 2.6368 11.0552 6.7189 0.8016 10.4240 8.3905 1.2135 0.1940 5.3978 8.3152 8.0210 7.2474 2.9040 3.8532 3.1853
3.2080 2.6910 8.4825 5.9579 5.8293 6.1754 10.2904 5.9332 3.1023 10.5802 8.9663 5.9825 7.1741 6.3139 7.0887 7.9187 6.4379 10.9013 5.8806 6.4442 5.7695 8.0875 4.4050 4.4014 3.4022 6.6964 8.8778 4.7426 3.0808 4.7108 6.4386 6.9852 4.4564 5.0274 6.3454 5.0677 4.7398 6.0103 6.0287 5.9339 5.7262 6.6601 3.1978 10.2398 2.9227 6.3096 6.4343 8.3883 7.8480 8.3179 7.7833 5.2363 0.0000 4.8268 9.5130 5.1731 10.5571 6.9797 5.0337 9.9259 4.9874 4.6738 4.9494 6.2340 9.3305 5.6850 6.8220 7.5000 5.2382 7.3629
2.1697 2.3769 10.9701 8.4456 8.3169 8.5565 12.7781 3.4767 3.7381 13.0679 11.4540 8.3635 9.6618 8.6949 9.5764 3.6577 8.9256 13.2823 1.3640 8.9319 5.7999 3.8265 5.6966 7.7325 3.1219 9.1841 11.3655 7.2302 3.0484 2.2158 8.9263 2.7242 2.1512 4.3861 8.7264 4.7801 8.0709 8.4980 8.5164 8.3149 8.1072 9.0411 2.6748 12.6208 2.4114 8.7973 2.1733 4.1273 3.5870 4.0569 10.2709 2.7799 6.9473 0.0000 11.8940 0.8757 12.9381 9.1712 2.2151 12.3069 8.3185 1.9607 2.4930 8.7217 11.8182 8.0660 9.2030 5.3525 0.8430 3.1020
10.7253 10.2082 4.7390 6.7849 7.1736 4.7642 5.2707 10.9135 10.1215 5.3500 4.3621 4.2466 3.5949 3.6525 3.7512 14.0231 4.4941 1.4849 13.3979 4.5674 8.0532 14.4856 9.4642 7.6701 10.5917 6.0633 3.7002 6.3142 10.2507 11.5481 4.7668 13.6903 11.6632 9.4856 3.6009 9.2325 7.8036 5.4052 6.8557 5.7331 4.4489 4.7901 10.6552 0.8234 10.4400 5.6822 13.9523 14.5739 14.2660 14.8660 3.8880 10.5304 9.9850 12.3448 0.0000 12.6911 1.1407 4.0401 11.2834 0.5095 7.8508 11.6953 10.6758 6.2848 4.7048 5.1244 3.6337 10.6364 12.7554 13.6671
2.7411 2.3441 10.7807 8.2562 7.1089 8.5578 12.5887 3.3795 3.7052 12.8785 11.2646 8.3649 9.4724 8.6963 9.3870 3.1727 8.7362 13.2837 1.3097 8.7425 5.7027 3.6352 5.6638 7.7339 3.0657 8.9947 11.1761 7.0408 3.6197 1.9760 8.7369 2.0386 2.0539 4.2889 8.7277 4.6828 8.0722 8.3086 8.3270 8.3162 8.1086 9.0424 3.2462 12.6222 2.3551 8.6079 1.6643 3.7235 3.4156 4.0156 10.0815 2.6826 5.9571 0.8462 11.8954 0.0000 12.9395 9.2780 2.1178 12.3083 8.3199 1.8634 2.3957 8.5323 11.6288 8.0674 9.2044 4.6287 1.5281 2.3725
11.2056 10.6885 5.7871 7.8100 8.1987 5.1899 5.9603 12.4239 10.6331 6.0395 5.4102 5.0103 4.3702 4.4162 4.5149 14.7869 5.2917 0.3785 13.8781 5.3650 9.0783 15.2494 10.2279 8.0957 11.3997 7.0884 4.7432 7.0779 10.7310 12.7090 5.5421 14.4540 12.4269 10.2493 4.3646 9.9962 8.2293 6.1805 7.8808 6.1588 4.8746 5.5538 11.1355 0.4174 10.9203 6.4574 14.4326 15.3377 15.0297 15.6297 4.9131 11.2941 10.4653 12.8251 1.2127 13.1714 0.0000 4.7541 12.0472 0.8352 8.2765 12.4590 11.4396 7.3099 5.5699 5.5501 4.4128 11.6615 13.2357 14.4308
7.4536 6.9365 4.6763 5.4576 5.8463 2.5445 6.4843 7.8970 6.3584 6.7741 5.1602 0.8919 0.6905 1.0614 0.3209 10.2600 0.6229 5.0629 10.1262 0.6963 6.7260 10.7225 5.7010 5.0843 6.8285 4.5214 3.6206 2.5510 6.9790 7.7849 1.0865 9.9271 7.9000 5.7224 0.9126 5.4693 5.2179 2.8866 5.5284 3.3370 1.9146 1.0455 7.3835 4.4015 7.1683 3.1636 10.6806 10.8107 10.5028 11.1028 3.4864 6.7672 6.7133 9.0731 3.6746 9.3555 4.7187 0.0000 7.5203 4.0875 5.5094 7.9321 6.9127 3.4257 4.6346 2.0796 0.9211 7.7686 9.4837 9.9039
3.5360 2.4232 8.2202 7.1123 5.2279 8.4922 10.0281 1.4037 3.2259 10.3179 8.7041 7.7954 7.6663 8.0154 7.5809 3.2375 6.9301 12.1525 3.5455 6.9364 3.8216 3.7000 3.6373 7.6682 2.1069 6.6133 8.6155 5.2348 4.1397 1.3228 6.9308 2.9047 0.7427 2.4078 7.9200 2.8018 8.0066 6.5025 7.1831 8.2506 8.0429 7.0345 3.7973 11.4910 2.2016 6.8018 3.5649 3.7883 3.4804 4.0804 7.5210 0.8016 5.8914 2.2901 10.7642 2.1384 11.8083 7.4719 0.0000 11.1771 8.2542 0.7150 0.6214 6.1508 9.0682 8.0017 8.0005 2.9706 3.3548 2.8814
10.8838 10.3667 5.0183 7.0412 7.4299 4.8681 5.1915 11.1698 10.3113 5.2708 4.6415 4.6885 4.0484 4.0944 4.1931 14.4651 4.9699 1.0418 13.5563 5.0432 8.3096 14.9276 9.9061 7.7739 11.0779 6.3197 3.9744 6.7561 10.4092 12.3872 5.2203 14.1322 12.1051 9.9275 4.0428 9.6744 7.9075 5.8587 7.1120 5.8370 4.5528 5.2320 10.8137 0.3804 10.5985 5.7754 14.1108 15.0158 14.7079 15.3079 4.1443 10.9723 10.1435 12.5033 0.4439 12.8496 0.6976 4.4323 11.7254 0.0000 7.9547 12.1372 11.1178 6.5411 4.8011 5.2283 4.0910 10.8928 12.9139 14.1090
6.5642 6.0471 9.9443 8.1862 8.0575 3.5403 11.4167 9.2893 5.9917 11.7065 10.1423 5.0881 6.2668 4.9796 5.8795 11.2755 5.9744 8.8087 9.2367 6.0604 8.9372 11.4444 7.9587 0.7358 6.7583 8.9247 9.5290 6.4830 6.0896 8.0676 6.9933 10.3421 7.8126 8.3888 5.0923 8.1357 0.3779 7.4601 8.2570 3.3143 4.3311 5.8157 6.4941 8.0725 6.2789 7.7594 9.7912 11.7452 11.2049 11.6748 8.7544 8.5925 4.9816 8.1837 7.3457 8.5300 8.5183 5.9050 8.3898 7.7585 0.0000 8.0299 8.3056 8.4623 10.4850 3.6892 5.5230 10.8562 8.5943 10.7198
2.8293 2.0633 8.6985 7.1071 5.7061 8.1323 10.5064 1.9767 2.8660 10.7962 9.1823 7.9394 8.1446 8.2708 8.0592 3.7297 7.4084 12.8581 3.3948 7.4147 4.2999 4.1922 4.1156 7.3083 1.7470 7.0915 9.0938 5.7130 3.7798 0.5794 7.4091 3.0503 0.2174 2.8861 8.3022 3.2800 7.6467 6.9808 7.1779 7.8907 7.6830 7.5128 3.4374 12.1967 1.8417 7.2801 3.4142 4.2805 3.9726 4.5726 7.9993 1.2799 5.5315 2.0357 11.4698 1.8840 12.5139 7.9502 0.7150 11.8827 7.8943 0.0000 0.9929 6.6291 9.5465 7.6418 8.4788 3.5435 3.1004 3.2164
3.6149 2.3516 7.6126 6.5047 4.6203 8.4205 9.4205 1.1603 3.1542 9.7104 8.0965 7.1878 7.0587 7.4078 6.9733 3.3645 6.3225 11.5449 3.6725 6.3288 3.2140 3.8270 3.0297 7.5966 2.0353 6.0057 8.0079 4.6272 4.0681 1.6133 6.3232 3.0316 0.9734 1.8002 7.3124 2.1942 7.9350 5.8949 6.5755 8.1790 7.9713 6.4269 3.7256 10.8834 2.1300 6.1942 3.6919 3.9152 3.6073 4.2073 6.9134 0.1940 5.8198 2.5807 10.1566 2.4289 11.2007 6.8643 0.6248 10.5695 8.1826 1.0056 0.0000 5.5432 8.4606 7.9301 7.3929 2.7271 3.6453 3.0084
6.7810 5.5555 3.5717 2.4274 1.4243 5.4471 5.3796 6.1017 5.2024 5.6695 4.0556 3.7944 3.6654 4.0144 3.5800 8.8617 2.9292 7.3518 9.1697 2.9355 2.3039 9.3241 4.2175 6.9328 5.3450 1.0476 3.9670 1.0860 6.1323 7.1416 2.9299 8.5288 6.5017 4.3908 3.9191 3.7694 7.0663 1.8209 2.4982 6.1223 4.8171 3.0336 6.5368 6.6904 5.5417 1.7595 9.1891 9.4124 9.1045 9.7045 2.4999 5.3689 7.0569 7.6307 6.1142 7.9572 7.0076 3.4710 6.1220 6.3764 7.3578 6.5338 5.5144 0.0000 4.4198 4.8896 3.9996 5.8246 8.1583 8.5056
10.3671 9.8194 1.0632 4.7147 5.1034 6.8064 1.1975 8.8433 8.7884 1.4873 0.7209 5.9922 5.1373 5.3981 5.3635 11.7519 6.0364 5.7562 12.0599 6.1098 5.9830 12.2143 8.4813 9.6460 9.6088 3.9931 1.4126 5.1631 9.7184 10.0318 5.8792 11.4190 9.3919 7.1324 5.3465 6.6596 9.7796 4.5828 4.7855 7.7091 6.1945 6.5357 10.1228 5.0947 9.8055 4.2123 12.0793 12.3026 11.9947 12.5947 2.8909 8.2591 10.6430 12.1103 4.6490 10.8474 5.4120 5.5825 9.0122 4.7808 10.0711 9.4240 8.4046 4.2146 0.0000 6.8700 5.2614 8.5662 12.3972 11.3958
6.3268 5.8098 6.6331 7.6934 6.2902 0.5387 8.1055 9.0520 5.7544 8.3953 6.8311 1.4471 2.8003 1.6684 2.2650 11.0382 2.3334 5.9321 8.9994 2.4194 7.7488 11.2071 7.2787 2.9690 6.5210 6.4781 6.2178 4.1286 5.8523 7.8303 3.2806 10.1048 7.5752 7.3001 1.8099 7.0470 3.1026 4.8434 7.7642 1.0320 0.7570 2.0653 6.2567 5.2706 6.0415 4.3850 9.5539 11.5079 10.9675 11.4374 5.4432 8.3448 5.5866 7.9463 4.5438 8.2926 5.5879 2.2548 8.1525 4.9567 3.3941 7.7926 8.0682 5.0034 7.1738 0.0000 2.2118 9.3463 8.3570 10.4825
7.5982 7.0812 4.7107 5.4920 5.8807 2.1004 6.4040 8.4501 6.9115 6.6939 5.1296 1.0365 1.0332 0.6920 0.6460 10.8131 1.3004 4.6190 10.2708 1.3737 6.7604 11.2756 6.2542 4.9400 7.3817 4.5557 4.5163 3.1041 7.1236 8.3380 1.7597 10.4803 8.4531 6.2756 0.5459 6.0225 5.0736 2.9210 5.5628 3.0030 1.4884 1.5800 7.5281 3.9576 7.3129 3.1980 10.8253 11.3639 11.0560 11.6560 3.5208 7.3203 6.8579 9.2177 3.2308 9.5640 4.2748 0.8851 8.0734 3.6436 5.3651 8.4853 7.4658 4.9919 5.4723 2.1640 0.0000 8.3218 9.6284 10.4571
6.1359 4.8727 7.7217 5.6800 4.9269 9.4732 9.5297 2.1326 5.6753 10.1393 8.2056 8.0041 7.8750 8.2241 7.7896 5.4294 7.1388 11.9038 5.7374 7.1451 3.8064 5.8919 4.3466 10.1176 4.5563 6.2223 8.1171 5.4435 6.5891 4.1344 7.1395 5.0966 3.4945 2.1108 8.1288 2.3045 10.4560 6.7112 5.7508 9.2317 9.0240 7.2433 6.2467 11.2423 4.6511 7.0105 5.7568 5.9802 5.6722 6.2723 7.0226 2.8719 8.3409 5.1017 10.6661 5.0139 11.5596 7.6807 3.1148 10.9284 10.7037 3.5266 2.6917 5.7599 8.5698 8.9828 8.2092 0.0000 6.4153 5.0733
2.0301 2.8566 11.2126 8.6881 8.5594 9.0361 13.0206 4.7693 4.1371 13.3104 11.6965 8.8432 9.9043 9.1746 9.8189 3.8984 9.1681 13.7620 0.8158 9.1744 6.7499 4.0672 6.1286 8.2122 3.6016 9.4266 11.6080 7.4728 2.9088 2.6955 9.1688 2.9650 2.8930 5.3361 9.2060 5.7301 8.5506 8.7405 8.7589 8.7946 8.5869 9.5208 2.5352 13.1005 2.8911 9.0398 2.2781 4.3680 3.8277 4.2976 10.5135 4.1671 6.4243 0.7861 12.3737 1.4614 13.4178 9.7099 3.5517 12.7866 8.7982 2.8209 3.8296 8.9642 12.0607 8.5457 9.6827 5.9386 0.0000 3.3427
4.8377 4.7925 10.6039 9.4960 7.6115 10.9720 12.4118 3.5430 6.1536 12.7016 11.0877 10.1790 10.0500 10.3990 9.9646 0.9142 9.3138 14.5361 2.7197 9.3201 6.2053 1.3767 6.0210 10.1480 4.8697 8.9969 10.9992 7.6184 5.7163 3.3324 9.3145 1.0309 3.4068 4.7915 10.3037 5.1854 10.4864 8.8862 9.5667 10.7304 10.5228 9.4182 5.3428 13.8747 4.8073 9.1855 1.2166 1.4650 1.2826 1.7571 9.9047 3.1853 8.3713 3.2303 13.1478 2.3105 14.1919 9.8556 2.8912 13.5607 10.7341 3.2164 3.0051 8.5345 11.4519 10.4815 10.3842 4.6457 3.3976 0.0000
0.000 15.882 105.043 69.102 63.053 84.257 126.457 54.378 23.742 127.922 110.202 82.525 89.878 86.423 88.493 65.510 80.132 134.475 34.742 79.615 60.795 69.063 48.138 77.100 25.402 76.365 109.715 62.327 13.602 30.495 80.962 55.695 34.382 54.747 87.095 56.968 79.947 75.700 69.950 78.693 80.175 76.282 8.728 131.237 18.657 78.523 46.988 71.845 65.565 71.230 93.995 46.200 41.497 27.328 123.157 34.802 130.790 86.827 40.357 126.533 82.805 33.237 43.880 67.720 115.262 78.692 92.077 67.388 26.837 60.437
12.882 0.000 94.668 58.727 52.678 77.470 116.082 42.950 15.078 117.547 99.827 75.508 82.342 79.407 80.957 65.615 72.595 127.458 43.365 72.078 50.420 69.168 37.763 73.043 12.540 65.990 99.340 51.952 20.318 23.155 73.425 53.713 24.108 41.865 80.078 45.862 74.683 68.163 59.575 71.920 73.283 68.745 16.528 124.220 5.775 69.477 49.647 71.950 65.670 71.335 83.620 33.318 35.063 29.368 116.140 31.112 123.773 79.290 30.772 119.517 77.080 26.328 30.998 57.345 104.887 71.905 84.540 54.507 35.928 56.865
102.043 94.668 0.000 46.467 54.067 74.152 26.760 95.260 88.222 31.273 8.268 62.637 48.427 59.058 52.032 129.920 59.253 66.303 132.137 59.453 60.018 135.543 76.658 108.878 93.298 40.993 16.242 54.642 103.592 103.702 60.690 125.465 98.442 72.342 57.873 69.692 110.518 46.615 47.315 85.237 68.620 62.760 105.237 62.403 95.607 42.350 132.592 136.872 132.298 139.503 23.630 88.162 101.598 118.975 56.192 117.950 65.462 54.385 96.242 59.527 112.915 100.160 89.902 43.695 15.143 75.793 53.823 92.768 126.343 124.958
66.102 58.727 46.467 0.000 18.380 73.257 67.880 69.510 52.280 66.240 51.625 57.982 56.648 60.348 55.263 100.828 47.705 93.467 98.247 47.188 28.767 106.452 40.717 83.880 57.357 24.717 51.890 30.160 65.332 69.258 47.732 96.373 68.412 44.872 57.923 41.710 85.520 38.378 3.848 72.693 66.940 48.565 69.295 89.567 59.665 37.342 103.500 107.780 103.207 110.412 39.643 59.070 68.117 84.250 82.877 85.685 92.625 53.635 67.150 86.690 87.917 70.130 60.810 19.215 56.685 69.153 59.700 67.645 90.810 95.867
60.053 52.678 54.067 18.380 0.000 71.815 75.480 60.265 46.232 77.195 59.225 56.540 55.207 58.907 53.822 91.583 46.263 97.453 92.198 45.747 19.522 97.207 34.668 82.763 51.308 25.643 58.993 27.750 64.150 63.210 46.290 87.128 60.105 35.627 56.482 32.465 84.403 36.937 19.228 71.577 65.498 47.123 63.247 93.553 53.617 35.900 94.255 98.535 93.962 101.167 43.273 49.825 62.157 78.202 86.863 79.613 96.612 52.193 57.905 90.677 86.800 61.823 51.565 19.897 64.285 67.712 58.258 58.400 84.762 86.622
81.257 77.470 74.152 73.257 71.815 0.000 88.183 114.680 70.035 92.858 72.862 19.328 34.625 18.263 29.182 138.900 29.712 62.475 115.190 30.740 76.433 142.453 80.073 40.672 83.492 68.887 62.997 51.988 77.798 96.640 37.962 127.198 96.235 90.290 20.518 86.293 42.312 45.397 74.105 17.030 11.000 30.415 81.845 61.230 80.245 48.220 122.688 145.235 138.955 144.620 59.060 103.042 75.458 102.093 54.405 104.597 58.790 28.912 102.898 57.040 44.708 98.493 102.728 58.387 77.625 9.225 25.765 114.070 107.360 130.350
123.457 116.082 26.760 67.880 75.480 88.183 0.000 116.673 109.635 10.108 24.347 77.095 63.027 73.090 66.632 151.333 74.078 72.240 153.550 74.312 81.432 156.957 98.072 122.910 114.712 62.407 31.168 76.055 125.005 125.115 77.630 146.878 119.855 93.755 72.302 91.105 124.550 68.038 68.728 99.268 82.652 78.845 126.650 68.340 117.020 63.773 154.005 158.285 153.712 160.917 45.095 109.575 123.012 140.388 62.128 139.363 71.398 68.985 117.655 65.463 126.947 121.573 111.315 65.108 16.615 89.825 68.423 114.182 147.757 146.372
51.378 42.950 95.260 69.510 60.265 114.680 116.673 0.000 50.463 114.658 100.418 99.653 98.320 102.020 96.935 46.375 89.377 142.260 49.545 88.860 47.237 51.998 48.717 110.650 38.963 76.773 100.683 66.078 59.877 30.800 89.403 42.645 26.312 29.322 99.595 31.635 112.290 82.160 70.358 109.147 108.612 90.237 56.243 138.360 40.175 81.123 49.772 53.235 48.753 55.942 88.437 18.637 72.870 40.098 131.670 38.695 141.418 95.307 17.903 135.483 114.687 25.418 16.522 68.992 105.478 109.115 101.372 24.158 47.467 41.413
20.742 15.078 88.222 52.280 46.232 70.035 109.635 50.463 0.000 111.100 93.380 68.070 72.632 71.968 71.247 76.273 62.885 119.710 54.500 62.368 43.973 80.380 31.317 68.025 18.020 59.543 92.893 45.393 24.595 32.027 63.715 64.925 31.622 43.955 72.132 40.147 69.665 58.453 53.128 64.502 65.845 59.035 23.482 116.348 16.727 61.277 60.858 83.162 76.882 82.547 77.173 40.832 30.930 40.580 108.268 42.323 116.010 69.580 38.285 111.645 72.062 33.880 38.512 50.898 98.440 64.470 74.830 61.780 46.670 68.077
124.922 117.547 31.273 66.240 77.195 92.858 10.108 114.658 111.100 0.000 28.943 81.770 67.702 77.765 71.307 153.292 78.753 72.065 156.462 78.987 85.945 158.915 99.537 127.585 116.177 66.920 35.843 80.568 124.022 128.078 82.305 149.562 123.708 94.693 76.977 95.015 129.225 72.552 67.088 103.943 87.327 83.520 128.068 68.165 118.485 68.287 156.688 160.152 155.670 162.858 49.608 113.370 126.807 143.070 64.132 143.158 71.223 73.660 121.450 65.288 131.622 125.427 115.110 69.622 21.212 94.500 73.098 112.167 149.630 148.330
107.202 99.827 8.268 51.625 59.225 72.862 24.347 100.418 93.380 28.943 0.000 61.347 47.137 57.768 50.742 135.078 58.188 63.778 137.295 58.422 65.177 140.702 81.817 107.588 98.457 46.152 14.530 59.800 108.750 108.860 61.740 130.623 103.600 77.500 56.583 74.850 109.228 51.690 52.473 83.947 67.330 62.955 110.395 59.878 100.765 47.420 137.750 142.030 137.457 144.662 28.235 93.320 106.757 124.133 53.667 123.108 62.937 53.095 101.400 57.002 111.625 105.318 95.060 48.853 11.238 74.503 52.533 97.927 131.502 130.117
79.525 75.508 62.637 57.982 56.540 19.328 77.095 99.653 68.070 81.770 61.347 0.000 19.672 8.568 13.745 129.525 14.253 56.343 113.458 15.282 61.158 135.148 67.517 52.530 81.530 53.612 51.482 36.713 76.067 94.678 22.503 125.070 94.273 75.015 8.803 71.018 54.170 30.122 58.830 28.888 13.012 15.320 80.113 53.062 78.283 32.945 120.957 136.477 131.903 139.108 45.685 87.767 73.727 100.362 44.982 102.635 52.643 13.242 95.847 48.358 56.567 96.532 89.507 43.112 66.110 17.618 13.550 98.795 105.628 124.563
86.878 82.342 48.427 56.648 55.207 34.625 63.027 98.320 72.632 67.702 47.137 19.672 0.000 19.532 10.132 128.192 16.192 51.825 120.812 16.425 59.825 133.815 66.183 68.482 82.823 45.740 37.272 35.380 83.787 94.725 18.293 123.737 93.878 73.682 18.347 69.685 70.122 28.788 57.497 44.840 29.025 20.958 87.833 48.372 85.097 30.710 127.992 135.143 130.570 137.775 31.642 86.433 86.558 107.713 40.292 109.468 48.125 11.098 94.513 43.668 72.518 95.597 88.173 41.778 51.900 33.570 14.252 97.462 112.982 123.230
83.423 79.407 59.058 60.348 58.907 18.263 73.090 102.020 71.968 77.765 57.768 8.568 19.532 0.000 14.088 131.892 16.620 52.305 117.357 17.648 63.525 137.515 69.883 52.990 85.428 55.978 47.903 39.080 79.965 98.425 24.870 127.437 97.578 77.382 5.425 73.385 54.630 32.488 61.197 29.348 12.732 18.412 84.012 49.023 82.182 35.312 124.855 138.843 134.270 141.475 43.967 90.133 77.625 104.260 40.943 106.533 48.605 14.787 98.213 44.320 57.027 99.297 91.873 45.478 62.532 19.905 10.672 101.162 109.527 126.930
85.493 80.957 52.032 55.263 53.822 29.182 66.632 96.935 71.247 71.307 50.742 13.745 10.132 14.088 0.000 126.807 13.257 51.737 119.427 13.812 58.440 132.430 64.798 62.555 81.438 50.853 40.877 33.995 82.402 93.340 17.242 122.352 92.493 72.297 12.903 68.300 64.195 27.403 56.112 38.913 23.098 18.023 86.448 48.455 83.712 30.227 126.607 133.758 129.185 136.390 36.755 85.048 83.752 106.328 40.375 108.083 48.037 6.810 93.128 43.752 66.592 94.212 86.788 40.393 55.505 27.643 8.837 96.077 111.597 121.845
62.510 65.615 129.920 100.828 91.583 138.900 151.333 46.375 76.273 153.292 135.078 129.525 128.192 131.892 126.807 0.000 119.248 175.270 38.640 118.732 80.177 8.623 77.240 134.082 64.773 108.092 135.343 95.950 75.557 49.933 119.275 21.260 49.507 64.377 129.467 68.373 136.113 113.242 101.677 133.350 134.713 120.108 70.725 171.908 63.565 112.205 21.597 10.092 5.378 12.583 123.097 45.338 96.140 43.578 163.828 37.607 171.570 125.178 41.097 167.205 138.510 47.227 43.085 100.073 140.138 133.335 131.243 56.143 45.640 13.472
77.132 72.595 59.253 47.705 46.263 29.712 74.078 89.377 62.885 78.753 58.188 14.253 16.192 16.620 13.257 119.248 0.000 61.647 111.065 4.845 50.882 124.872 57.240 60.788 73.880 43.335 48.323 26.437 74.040 85.782 12.167 114.793 84.935 64.738 14.195 60.742 62.428 19.845 48.553 37.147 23.395 8.585 78.087 58.365 75.350 22.668 118.245 126.200 121.627 128.832 40.800 77.490 76.812 97.967 50.285 99.722 57.947 9.957 85.570 53.662 64.825 86.653 79.230 32.835 62.952 25.877 15.682 88.518 103.235 114.287
131.475 127.458 66.303 93.467 97.453 62.475 72.240 142.260 119.710 72.065 63.778 56.343 51.825 52.305 51.737 175.270 61.647 0.000 165.408 62.202 106.903 180.893 113.262 98.045 129.902 81.538 54.352 82.458 128.017 141.803 65.745 170.815 140.957 119.342 51.683 116.692 99.685 73.292 94.315 74.403 58.640 65.723 132.063 8.603 130.233 75.100 172.907 182.222 177.648 184.853 60.498 133.512 125.677 152.312 16.038 154.585 6.932 55.200 141.592 12.608 101.148 142.675 135.252 86.827 65.718 65.813 51.288 139.768 157.578 170.308
31.742 43.365 132.137 98.247 92.198 115.190 153.550 49.545 54.500 156.462 137.295 113.458 120.812 117.357 119.427 38.640 111.065 165.408 0.000 110.548 82.393 42.193 77.243 98.848 48.192 105.510 137.560 91.472 44.783 39.725 111.895 29.317 41.117 66.593 118.028 70.590 101.695 106.633 99.095 109.627 111.108 107.215 39.957 162.170 43.197 108.997 20.610 44.975 38.695 44.360 123.140 47.555 72.430 17.742 154.090 18.520 161.723 117.760 41.498 157.467 104.553 39.972 45.302 96.865 142.355 109.625 123.010 59.313 11.082 34.218
76.615 72.078 59.453 47.188 45.747 30.740 74.312 88.860 62.368 78.987 58.422 15.282 16.425 17.648 13.812 118.732 4.845 62.202 110.548 0.000 50.365 124.355 56.723 61.817 73.363 42.818 48.557 25.920 73.523 85.265 11.175 114.277 84.418 64.222 15.223 60.225 63.457 19.328 48.037 38.175 24.423 9.613 77.570 58.920 74.833 22.152 117.728 125.683 121.110 128.315 41.000 76.973 76.295 97.450 50.840 99.205 58.502 10.832 85.053 54.217 65.853 86.137 78.713 32.318 63.185 26.905 16.557 88.002 102.718 113.770
57.795 50.420 60.018 28.767 19.522 76.433 81.432 47.237 43.973 85.945 65.177 61.158 59.825 63.525 58.440 80.177 50.882 106.903 82.393 50.365 0.000 85.800 32.410 86.052 49.050 36.030 65.442 31.603 62.315 53.958 50.908 75.722 48.698 22.598 61.100 19.948 87.692 41.555 29.615 74.865 70.117 51.742 60.988 103.118 51.358 40.518 82.848 87.128 82.555 89.760 53.195 38.418 63.257 69.232 95.462 68.207 103.203 56.812 46.498 98.838 90.088 50.417 40.158 28.387 70.237 72.330 62.877 45.073 76.600 75.215
66.063 69.168 135.543 106.452 97.207 142.453 156.957 51.998 80.380 158.915 140.702 135.148 133.815 137.515 132.430 8.623 124.872 180.893 42.193 124.355 85.800 0.000 82.863 137.635 70.397 113.715 140.967 101.573 79.110 55.557 124.898 25.305 55.130 70.000 135.090 73.997 139.667 118.865 107.300 136.903 138.267 125.732 74.278 177.532 68.737 117.828 25.150 11.505 7.808 10.535 128.720 50.962 99.693 47.132 169.452 41.160 177.193 130.802 46.720 172.828 142.063 52.850 48.708 105.697 145.762 136.888 136.867 61.767 49.193 18.972
45.138 37.763 76.658 40.717 34.668 80.073 98.072 48.717 31.317 99.537 81.817 67.517 66.183 69.883 64.798 77.240 57.240 113.262 77.243 56.723 32.410 82.863 0.000 85.525 36.353 47.980 81.330 33.942 49.658 48.255 57.267 72.785 45.762 27.973 67.458 26.205 87.165 52.005 41.565 74.357 75.850 58.100 48.332 109.900 38.702 51.467 79.912 84.192 79.618 86.823 65.610 35.482 50.733 63.247 101.820 64.682 109.562 63.170 43.562 105.197 89.562 47.480 37.222 39.335 86.877 74.508 69.235 49.365 69.807 72.278
74.100 73.043 108.878 83.880 82.763 40.672 122.910 110.650 68.025 127.585 107.588 52.530 68.482 52.990 62.555 134.082 60.788 98.045 98.848 61.817 86.052 137.635 85.525 0.000 79.065 92.475 97.723 72.207 70.110 92.213 68.508 122.772 91.808 95.888 55.245 91.892 5.847 73.342 84.728 31.300 45.162 60.475 76.312 96.800 75.818 76.165 115.662 140.417 134.137 139.802 93.787 101.018 55.923 96.992 89.975 100.170 94.360 61.523 98.472 92.610 8.705 94.067 98.698 81.975 112.352 38.428 60.492 119.668 91.930 125.923
22.402 12.540 93.298 57.357 51.308 83.492 114.712 38.963 18.020 116.177 98.457 81.530 82.823 85.428 81.438 64.773 73.880 129.902 48.192 73.363 49.050 70.397 36.353 79.065 0.000 64.620 97.970 50.582 29.228 20.527 73.907 55.978 20.122 36.633 84.098 40.630 80.705 68.645 58.205 77.942 79.305 72.517 25.595 126.540 10.920 68.107 54.313 71.725 67.152 74.357 82.250 29.332 42.002 34.195 118.460 35.630 126.202 79.810 26.785 121.837 83.102 22.380 27.012 55.975 103.517 77.927 85.875 49.275 40.755 57.145
73.365 65.990 40.993 24.717 25.643 68.887 62.407 76.773 59.543 66.920 46.152 53.612 45.740 55.978 50.853 108.092 43.335 81.538 105.510 42.818 36.030 113.715 47.980 92.475 64.620 0.000 43.593 25.790 77.462 76.522 43.362 103.637 75.675 52.135 53.553 48.973 94.115 34.008 25.565 76.053 62.570 44.195 76.558 77.638 66.928 32.972 110.763 115.043 110.470 117.675 27.358 66.333 75.468 91.513 70.948 92.948 80.697 49.265 74.413 74.762 96.512 77.393 68.073 14.843 51.212 64.783 53.555 74.908 98.073 103.130
106.715 99.340 16.242 51.890 58.993 62.997 31.168 100.683 92.893 35.843 14.530 51.482 37.272 47.903 40.877 135.343 48.323 54.352 137.560 48.557 65.442 140.967 81.330 97.723 97.970 43.593 0.000 59.313 109.015 109.125 51.875 130.888 103.865 77.765 46.718 75.115 99.363 46.330 52.738 74.082 57.465 53.090 109.908 50.452 100.278 42.917 138.015 142.295 137.722 144.927 23.732 93.585 107.022 124.398 43.762 123.373 53.510 43.230 101.665 47.575 101.760 105.583 95.325 48.367 18.742 64.638 42.668 98.192 131.423 130.382
59.327 51.952 54.642 30.160 27.750 51.988 76.055 66.078 45.393 80.568 59.800 36.713 35.380 39.080 33.995 95.950 26.437 82.458 91.472 25.920 31.603 101.573 33.942 72.207 50.582 25.790 59.313 0.000 58.825 62.483 26.463 91.495 61.637 41.440 36.655 37.443 73.847 21.202 31.008 59.155 45.672 27.297 62.520 79.097 52.890 20.885 97.593 102.902 98.328 105.533 41.462 54.192 56.832 77.475 71.017 78.910 78.758 32.367 62.272 74.393 76.243 63.355 55.932 15.290 64.860 47.885 38.432 65.220 84.035 90.988
10.602 20.318 103.592 65.332 64.150 77.798 125.005 59.877 24.595 124.022 108.750 76.067 83.787 79.965 82.402 75.557 74.040 128.017 44.783 73.523 62.315 79.110 49.658 70.110 29.228 77.462 109.015 58.825 0.000 40.473 74.870 65.742 41.035 58.792 80.637 58.488 72.957 69.608 66.180 72.235 73.717 70.190 11.478 124.778 23.093 72.432 57.035 81.892 75.612 81.277 92.890 50.245 34.705 37.475 116.698 44.948 124.332 80.735 47.698 120.075 75.815 43.293 47.925 68.817 113.810 72.233 85.897 71.433 36.852 70.583
27.495 23.155 103.702 69.258 63.210 96.640 125.115 30.800 32.027 128.078 108.860 94.678 94.725 98.425 93.340 49.933 85.782 141.803 39.725 85.265 53.958 55.557 48.255 92.213 20.527 76.522 109.125 62.483 40.473 0.000 85.808 40.942 10.802 38.217 96.000 42.213 93.853 80.547 70.107 91.090 92.453 86.642 35.710 138.442 20.380 80.008 43.190 56.885 52.312 59.517 94.152 23.040 54.433 25.395 130.362 24.397 138.103 91.712 16.777 133.738 96.250 9.657 20.720 67.877 113.920 91.075 97.777 47.872 32.312 42.108
77.962 73.425 60.690 47.732 46.290 37.962 77.630 89.403 63.715 82.305 61.740 22.503 18.293 24.870 17.242 119.275 12.167 65.745 111.895 11.175 50.908 124.898 57.267 68.508 73.907 43.362 51.875 26.463 74.870 85.808 0.000 114.820 84.962 64.765 22.445 60.768 70.148 19.872 48.580 45.397 31.645 15.872 78.917 62.343 76.180 22.695 119.075 126.227 121.653 128.858 42.237 77.517 77.642 98.797 54.263 100.552 62.045 15.670 85.597 57.640 72.545 86.680 79.257 32.862 66.503 34.127 22.845 88.545 104.065 114.313
52.695 53.713 125.465 96.373 87.128 127.198 146.878 42.645 64.925 149.562 130.623 125.070 123.737 127.437 122.352 21.260 114.793 170.815 29.317 114.277 75.722 25.305 72.785 122.772 55.978 103.637 130.888 91.495 65.742 40.942 114.820 0.000 40.515 59.922 125.012 63.918 124.412 108.787 97.222 121.648 123.012 115.653 60.910 167.453 53.250 107.750 12.060 27.988 21.807 29.887 118.642 40.883 84.708 32.742 159.373 26.568 167.115 120.723 36.238 162.750 126.808 38.235 38.630 95.618 135.683 121.633 126.788 52.413 35.927 14.035
31.382 24.108 98.442 68.412 60.105 96.235 119.855 26.312 31.622 123.708 103.600 94.273 93.878 97.578 92.493 49.507 84.935 140.957 41.117 84.418 48.698 55.130 45.762 91.808 20.122 75.675 103.865 61.637 41.035 10.802 84.962 40.515 0.000 32.957 95.153 36.953 93.448 79.700 69.260 90.685 92.048 85.795 37.402 137.595 21.333 79.162 44.582 56.458 51.885 59.090 91.618 16.703 54.028 26.787 129.515 25.788 137.257 90.865 11.523 132.892 95.845 5.603 14.383 67.030 108.660 90.670 96.930 43.383 34.155 41.682
51.747 41.865 72.342 44.872 35.627 90.290 93.755 29.322 43.955 94.693 77.500 75.015 73.682 77.382 72.297 64.377 64.738 119.342 66.593 64.222 22.598 70.000 27.973 95.888 36.633 52.135 77.765 41.440 58.792 38.217 64.765 59.922 32.957 0.000 74.957 6.997 97.528 57.522 45.720 84.702 83.973 65.598 55.158 115.442 39.142 56.485 67.048 71.328 66.755 73.960 65.518 22.618 63.302 53.432 108.752 52.407 117.060 70.668 30.698 112.565 99.925 34.675 24.358 44.353 82.560 84.853 76.733 28.463 60.800 59.415
84.095 80.078 57.873 57.923 56.482 20.518 72.302 99.595 72.132 76.977 56.583 8.803 18.347 5.425 12.903 129.467 14.195 51.683 118.028 15.223 61.100 135.090 67.458 55.245 84.098 53.553 46.718 36.655 80.637 96.000 22.445 125.012 95.153 74.957 0.000 70.960 56.885 30.063 58.772 31.603 14.987 17.190 84.683 48.402 82.853 32.887 125.527 136.418 131.845 139.050 42.782 87.708 78.297 104.932 40.322 107.205 47.983 12.457 95.788 43.698 59.282 96.872 89.448 43.053 61.347 22.160 9.487 98.737 110.198 124.505
53.968 45.862 69.692 41.710 32.465 86.293 91.105 31.635 40.147 95.015 74.850 71.018 69.685 73.385 68.300 68.373 60.742 116.692 70.590 60.225 19.948 73.997 26.205 91.892 40.630 48.973 75.115 37.443 58.488 42.213 60.768 63.918 36.953 6.997 70.960 0.000 93.532 54.123 42.558 80.705 79.977 61.602 57.162 112.792 43.138 53.087 71.045 75.325 70.752 77.957 62.868 26.615 59.493 57.428 105.322 56.403 113.063 66.672 34.695 108.698 95.928 38.672 28.355 40.955 79.910 80.857 72.737 30.777 64.797 63.412
76.947 74.683 110.518 85.520 84.403 42.312 124.550 112.290 69.665 129.225 109.228 54.170 70.122 54.630 64.195 136.113 62.428 99.685 101.695 63.457 87.692 139.667 87.165 5.847 80.705 94.115 99.363 73.847 72.957 93.853 70.148 124.412 93.448 97.528 56.885 93.532 0.000 74.982 86.368 32.940 46.802 62.115 79.045 98.440 77.458 77.805 118.508 142.448 136.168 141.833 95.427 102.658 58.770 99.293 91.615 101.810 96.000 63.163 100.112 94.250 7.093 95.707 100.338 83.615 113.992 40.068 62.132 121.308 94.777 127.563
72.700 68.163 46.615 38.378 36.937 45.397 68.038 82.160 58.453 72.552 51.690 30.122 28.788 32.488 27.403 113.242 19.845 73.292 106.633 19.328 41.555 118.865 52.005 73.342 68.645 34.008 46.330 21.202 69.608 80.547 19.872 108.787 79.700 57.522 30.063 54.123 74.982 0.000 39.227 52.563 39.080 20.705 73.655 69.763 70.918 8.272 113.813 120.193 115.620 122.825 27.847 71.483 72.380 93.535 61.683 95.290 69.592 25.775 79.563 65.060 77.378 81.418 73.223 23.508 56.833 41.293 31.840 80.295 98.803 108.280
66.950 59.575 47.315 3.848 19.228 74.105 68.728 70.358 53.128 67.088 52.473 58.830 57.497 61.197 56.112 101.677 48.553 94.315 99.095 48.037 29.615 107.300 41.565 84.728 58.205 25.565 52.738 31.008 66.180 70.107 48.580 97.222 69.260 45.720 58.772 42.558 86.368 39.227 0.000 73.542 67.788 49.413 70.143 90.415 60.513 38.190 104.348 108.628 104.055 111.260 40.492 59.918 68.965 85.098 83.725 86.533 93.473 54.483 67.998 87.538 88.765 70.978 61.658 20.063 57.533 70.002 60.548 68.493 91.658 96.715
75.693 71.920 85.237 72.693 71.577 17.030 99.268 109.147 64.502 103.943 83.947 28.888 44.840 29.348 38.913 133.350 37.147 74.403 109.627 38.175 74.865 136.903 74.357 31.300 77.942 76.053 74.082 59.155 72.235 91.090 45.397 121.648 90.685 84.702 31.603 80.705 32.940 52.563 73.542 0.000 21.520 36.833 76.282 73.158 74.695 55.387 117.125 139.685 133.405 139.070 70.145 97.453 69.895 96.530 66.333 99.047 70.718 37.882 97.348 68.968 35.337 92.943 97.195 65.553 88.710 14.787 36.850 108.482 101.797 124.800
77.175 73.283 68.620 66.940 65.498 11.000 82.652 108.612 65.845 87.327 67.330 13.012 29.025 12.732 23.098 134.713 23.395 58.640 111.108 24.423 70.117 138.267 75.850 45.162 79.305 62.570 57.465 45.672 73.717 92.453 31.645 123.012 92.048 83.973 14.987 79.977 46.802 39.080 67.788 21.520 0.000 24.098 77.763 57.395 76.058 41.903 118.607 141.048 134.768 140.433 53.528 96.725 71.377 98.012 50.030 100.410 54.955 22.595 98.712 53.205 49.198 94.307 98.465 52.070 72.093 10.710 20.233 107.753 103.278 126.163
73.282 68.745 62.760 48.565 47.123 30.415 78.845 90.237 59.035 83.520 62.955 15.320 20.958 18.412 18.023 120.108 8.585 65.723 107.215 9.613 51.742 125.732 58.100 60.475 72.517 44.195 53.090 27.297 70.190 86.642 15.872 115.653 85.795 65.598 17.190 61.602 62.115 20.705 49.413 36.833 24.098 0.000 74.237 62.442 71.500 23.528 114.395 127.060 122.487 129.692 43.987 78.350 72.962 94.117 54.362 95.872 62.023 14.723 86.430 57.738 64.512 87.513 80.090 33.695 67.718 25.563 19.962 89.378 99.385 115.147
5.728 16.528 105.237 69.295 63.247 81.845 126.650 56.243 23.482 128.068 110.395 80.113 87.833 84.012 86.448 70.725 78.087 132.063 39.957 77.570 60.988 74.278 48.332 76.312 25.595 76.558 109.908 62.520 11.478 35.710 78.917 60.910 37.402 55.158 84.683 57.162 79.045 73.655 70.143 76.282 77.763 74.237 0.000 128.825 19.303 76.478 52.203 77.060 70.780 76.445 94.188 46.612 38.762 32.543 120.745 40.017 128.378 84.782 44.065 124.122 81.442 38.452 44.292 67.913 115.455 76.280 89.943 67.800 32.052 65.652
128.237 124.220 62.403 89.567 93.553 61.230 68.340 138.360 116.348 68.165 59.878 53.062 48.372 49.023 48.455 171.908 58.365 8.603 162.170 58.920 103.118 177.532 109.900 96.800 126.540 77.638 50.452 79.097 124.778 138.442 62.343 167.453 137.595 115.442 48.402 112.792 98.440 69.763 90.415 73.158 57.395 62.442 128.825 0.000 126.995 71.572 169.668 178.860 174.287 181.492 56.598 130.150 122.438 149.073 12.138 151.347 7.113 51.918 138.230 7.962 99.903 139.313 131.890 82.927 61.818 64.568 48.007 135.868 154.340 166.947
15.657 5.775 95.607 59.665 53.617 80.245 117.020 40.175 16.727 118.485 100.765 78.283 85.097 82.182 83.712 63.565 75.350 130.233 43.197 74.833 51.358 68.737 38.702 75.818 10.920 66.928 100.278 52.890 23.093 20.380 76.180 53.250 21.333 39.142 82.853 43.138 77.458 70.918 60.513 74.695 76.058 71.500 19.303 126.995 0.000 70.415 49.298 70.517 65.238 70.903 84.558 30.543 37.838 29.200 118.915 30.648 126.548 82.045 27.997 122.292 79.855 23.553 28.223 58.283 105.825 74.680 87.295 51.783 35.760 55.740
75.523 69.477 42.350 37.342 35.900 48.220 63.773 81.123 61.277 68.287 47.420 32.945 30.710 35.312 30.227 112.205 22.668 75.100 108.997 22.152 40.518 117.828 51.467 76.165 68.107 32.972 42.917 20.885 72.432 80.008 22.695 107.750 79.162 56.485 32.887 53.087 77.805 8.272 38.190 55.387 41.903 23.528 76.478 71.572 70.415 0.000 114.877 119.157 114.583 121.788 23.577 70.447 74.717 95.000 63.492 96.435 71.400 28.598 78.527 66.868 80.202 80.880 72.187 22.472 52.568 44.117 34.663 79.258 101.560 107.243
43.988 49.647 132.592 103.500 94.255 122.688 154.005 49.772 60.858 156.688 137.750 120.957 127.992 124.855 126.607 21.597 118.245 172.907 20.610 117.728 82.848 25.150 79.912 115.662 54.313 110.763 138.015 97.593 57.035 43.190 119.075 12.060 44.582 67.048 125.527 71.045 118.508 113.813 104.348 117.125 118.607 114.395 52.203 169.668 49.298 114.877 0.000 27.932 21.652 27.317 125.768 48.010 79.902 26.380 161.588 21.810 169.222 124.940 43.048 164.965 121.367 43.178 45.757 102.745 142.810 117.123 130.190 59.540 27.220 16.897
68.845 71.950 136.872 107.780 98.535 145.235 158.285 53.235 83.162 160.152 142.030 136.477 135.143 138.843 133.758 10.092 126.200 182.222 44.975 125.683 87.128 11.505 84.192 140.417 71.725 115.043 142.295 102.902 81.892 56.885 126.227 27.988 56.458 71.328 136.418 75.325 142.448 120.193 108.628 139.685 141.048 127.060 77.060 178.860 70.517 119.157 27.932 0.000 9.297 8.887 130.048 52.290 102.475 49.913 170.780 43.942 178.522 132.130 48.048 174.157 144.845 54.178 50.037 107.025 147.090 139.670 138.195 62.862 51.975 20.460
62.565 65.670 132.298 103.207 93.962 138.955 153.712 48.753 76.882 155.670 137.457 131.903 130.570 134.270 129.185 5.378 121.627 177.648 38.695 121.110 82.555 7.808 79.618 134.137 67.152 110.470 137.722 98.328 75.612 52.312 121.653 21.807 51.885 66.755 131.845 70.752 136.168 115.620 104.055 133.405 134.768 122.487 70.780 174.287 65.238 114.583 21.652 9.297 0.000 11.768 125.475 47.717 96.195 43.633 166.207 37.662 173.948 127.557 43.475 169.583 138.565 49.605 45.463 102.452 142.517 133.390 133.622 58.522 45.695 15.727
68.230 71.335 139.503 110.412 101.167 144.620 160.917 55.942 82.547 162.858 144.662 139.108 137.775 141.475 136.390 12.583 128.832 184.853 44.360 128.315 89.760 10.535 86.823 139.802 74.357 117.675 144.927 105.533 81.277 59.517 128.858 29.887 59.090 73.960 139.050 77.957 141.833 122.825 111.260 139.070 140.433 129.692 76.445 181.492 70.903 121.788 27.317 8.887 11.768 0.000 132.680 54.922 101.860 49.298 173.412 43.327 181.153 134.762 50.680 176.788 144.230 56.810 52.668 109.657 149.722 139.055 140.827 65.582 51.360 22.932
90.995 83.620 23.630 39.643 43.273 59.060 45.095 88.437 77.173 49.608 28.235 45.685 31.642 43.967 36.755 123.097 40.800 60.498 123.140 41.000 53.195 128.720 65.610 93.787 82.250 27.358 23.732 41.462 92.890 94.152 42.237 118.642 91.618 65.518 42.782 62.868 95.427 27.847 40.492 70.145 53.528 43.987 94.188 56.598 84.558 23.577 125.768 130.048 125.475 132.680 0.000 81.338 93.098 109.143 49.908 110.578 59.657 37.013 89.418 53.722 97.823 93.337 83.078 32.647 33.848 59.583 38.732 85.945 115.703 118.135
43.200 33.318 88.162 59.070 49.825 103.042 109.575 18.637 40.832 113.370 93.320 87.767 86.433 90.133 85.048 45.338 77.490 133.512 47.555 76.973 38.418 50.962 35.482 101.018 29.332 66.333 93.585 54.192 50.245 23.040 77.517 40.883 16.703 22.618 87.708 26.615 102.658 71.483 59.918 97.453 96.725 78.350 46.612 130.150 30.543 70.447 48.010 52.290 47.717 54.922 81.338 0.000 63.238 34.393 122.070 33.368 129.812 83.420 11.660 125.447 105.055 16.987 5.320 58.315 98.380 97.605 89.485 35.157 41.762 40.377
38.497 35.063 101.598 68.117 62.157 75.458 123.012 72.870 30.930 126.807 106.757 73.727 86.558 77.625 83.752 96.140 76.812 125.677 72.430 76.295 63.257 99.693 50.733 55.923 42.002 75.468 107.022 56.832 34.705 54.433 77.642 84.708 54.028 63.302 78.297 59.493 58.770 72.380 68.965 69.895 71.377 72.962 38.762 122.438 37.838 74.717 79.902 102.475 96.195 101.860 93.098 63.238 0.000 59.317 114.358 62.107 121.992 81.738 60.692 117.735 61.628 56.287 60.918 66.823 111.817 69.893 83.557 84.287 64.600 87.860
24.328 29.368 118.975 84.250 78.202 102.093 140.388 40.098 40.580 143.070 124.133 100.362 107.713 104.260 106.328 43.578 97.967 152.312 17.742 97.450 69.232 47.132 63.247 96.992 34.195 91.513 124.398 77.475 37.475 25.395 98.797 32.742 26.787 53.432 104.932 57.428 99.293 93.535 85.098 96.530 98.012 94.117 32.543 149.073 29.200 95.000 26.380 49.913 43.633 49.298 109.143 34.393 59.317 0.000 140.993 11.908 148.627 104.662 27.343 144.370 101.690 25.642 32.073 82.868 129.193 96.528 109.912 53.880 10.532 37.678
120.157 116.140 56.192 82.877 86.863 54.405 62.128 131.670 108.268 64.132 53.667 44.982 40.292 40.943 40.375 163.828 50.285 16.038 154.090 50.840 95.462 169.452 101.820 89.975 118.460 70.948 43.762 71.017 116.698 130.362 54.263 159.373 129.515 108.752 40.322 105.322 91.615 61.683 83.725 66.333 50.030 54.362 120.745 12.138 118.915 63.492 161.588 170.780 166.207 173.412 49.908 122.070 114.358 140.993 0.000 143.267 15.197 43.838 130.150 9.262 93.078 131.233 123.810 76.237 55.607 57.203 39.927 129.178 146.260 158.867
31.802 31.112 117.950 85.685 79.613 104.597 139.363 38.695 42.323 143.158 123.108 102.635 109.468 106.533 108.083 37.607 99.722 154.585 18.520 99.205 68.207 41.160 64.682 100.170 35.630 92.948 123.373 78.910 44.948 24.397 100.552 26.568 25.788 52.407 107.205 56.403 101.810 95.290 86.533 99.047 100.410 95.872 40.017 151.347 30.648 96.435 21.810 43.942 37.662 43.327 110.578 33.368 62.107 11.908 143.267 0.000 150.900 106.417 25.983 146.643 104.207 24.643 31.048 84.303 128.168 99.032 111.667 51.520 19.277 29.720
127.790 123.773 65.462 92.625 96.612 58.790 71.398 141.418 116.010 71.223 62.937 52.643 48.125 48.605 48.037 171.570 57.947 6.932 161.723 58.502 103.203 177.193 109.562 94.360 126.202 80.697 53.510 78.758 124.332 138.103 62.045 167.115 137.257 117.060 47.983 113.063 96.000 69.592 93.473 70.718 54.955 62.023 128.378 7.113 126.548 71.400 169.222 178.522 173.948 181.153 59.657 129.812 121.992 148.627 15.197 150.900 0.000 51.500 137.892 10.717 97.463 138.975 131.552 85.157 64.877 62.128 47.588 138.927 153.893 166.608
83.827 79.290 54.385 53.635 52.193 28.912 68.985 95.307 69.580 73.660 53.095 13.242 11.098 14.787 6.810 125.178 9.957 55.200 117.760 10.832 56.812 130.802 63.170 61.523 79.810 49.265 43.230 32.367 80.735 91.712 15.670 120.723 90.865 70.668 12.457 66.672 63.163 25.775 54.483 37.882 22.595 14.723 84.782 51.918 82.045 28.598 124.940 132.130 127.557 134.762 37.013 83.420 81.738 104.662 43.838 106.417 51.500 0.000 91.500 47.215 65.560 92.583 85.160 38.765 57.858 26.612 11.640 94.448 109.930 120.217
37.357 30.772 96.242 67.150 57.905 102.898 117.655 17.903 38.285 121.450 101.400 95.847 94.513 98.213 93.128 41.097 85.570 141.592 41.498 85.053 46.498 46.720 43.562 98.472 26.785 74.413 101.665 62.272 47.698 16.777 85.597 36.238 11.523 30.698 95.788 34.695 100.112 79.563 67.998 97.348 98.712 86.430 44.065 138.230 27.997 78.527 43.048 48.048 43.475 50.680 89.418 11.660 60.692 27.343 130.150 25.983 137.892 91.500 0.000 133.527 102.508 10.723 9.340 66.395 106.460 97.333 97.565 34.975 34.712 36.135
123.533 119.517 59.527 86.690 90.677 57.040 65.463 135.483 111.645 65.288 57.002 48.358 43.668 44.320 43.752 167.205 53.662 12.608 157.467 54.217 98.838 172.828 105.197 92.610 121.837 74.762 47.575 74.393 120.075 133.738 57.640 162.750 132.892 112.565 43.698 108.698 94.250 65.060 87.538 68.968 53.205 57.738 124.122 7.962 122.292 66.868 164.965 174.157 169.583 176.788 53.722 125.447 117.735 144.370 9.262 146.643 10.717 47.215 133.527 0.000 95.713 134.610 127.187 80.050 58.942 60.378 43.303 132.992 149.637 162.243
79.805 77.080 112.915 87.917 86.800 44.708 126.947 114.687 72.062 131.622 111.625 56.567 72.518 57.027 66.592 138.510 64.825 101.148 104.553 65.853 90.088 142.063 89.562 8.705 83.102 96.512 101.760 76.243 75.815 96.250 72.545 126.808 95.845 99.925 59.282 95.928 7.093 77.378 88.765 35.337 49.198 64.512 81.442 99.903 79.855 80.202 121.367 144.845 138.565 144.230 97.823 105.055 61.628 101.690 93.078 104.207 97.463 65.560 102.508 95.713 0.000 98.103 102.735 86.012 116.388 42.465 64.528 123.705 97.635 129.960
30.237 26.328 100.160 70.130 61.823 98.493 121.573 25.418 33.880 125.427 105.318 96.532 95.597 99.297 94.212 47.227 86.653 142.675 39.972 86.137 50.417 52.850 47.480 94.067 22.380 77.393 105.583 63.355 43.293 9.657 86.680 38.235 5.603 34.675 96.872 38.672 95.707 81.418 70.978 92.943 94.307 87.513 38.452 139.313 23.553 80.880 43.178 54.178 49.605 56.810 93.337 16.987 56.287 25.642 131.233 24.643 138.975 92.583 10.723 134.610 98.103 0.000 14.667 68.748 110.378 92.928 98.648 42.490 33.010 39.402
40.880 30.998 89.902 60.810 51.565 102.728 111.315 16.522 38.512 115.110 95.060 89.507 88.173 91.873 86.788 43.085 79.230 135.252 45.302 78.713 40.158 48.708 37.222 98.698 27.012 68.073 95.325 55.932 47.925 20.720 79.257 38.630 14.383 24.358 89.448 28.355 100.338 73.223 61.658 97.195 98.465 80.090 44.292 131.890 28.223 72.187 45.757 50.037 45.463 52.668 83.078 5.320 60.918 32.073 123.810 31.048 131.552 85.160 9.340 127.187 102.735 14.667 0.000 60.055 100.120 97.163 91.225 34.718 39.442 38.123
64.720 57.345 43.695 19.215 19.897 58.387 65.108 68.992 50.898 69.622 48.853 43.112 41.778 45.478 40.393 100.073 32.835 86.827 96.865 32.318 28.387 105.697 39.335 81.975 55.975 14.843 48.367 15.290 68.817 67.877 32.862 95.618 67.030 44.353 43.053 40.955 83.615 23.508 20.063 65.553 52.070 33.695 67.913 82.927 58.283 22.472 102.745 107.025 102.452 109.657 32.647 58.315 66.823 82.868 76.237 84.303 85.157 38.765 66.395 80.050 86.012 68.748 60.055 0.000 53.913 54.283 44.830 67.127 89.428 95.112
112.262 104.887 15.143 56.685 64.285 77.625 16.615 105.478 98.440 21.212 11.238 66.110 51.900 62.532 55.505 140.138 62.952 65.718 142.355 63.185 70.237 145.762 86.877 112.352 103.517 51.212 18.742 64.860 113.810 113.920 66.503 135.683 108.660 82.560 61.347 79.910 113.992 56.833 57.533 88.710 72.093 67.718 115.455 61.818 105.825 52.568 142.810 147.090 142.517 149.722 33.848 98.380 111.817 129.193 55.607 128.168 64.877 57.858 106.460 58.942 116.388 110.378 100.120 53.913 0.000 79.267 57.297 102.987 136.562 135.177
75.692 71.905 75.793 69.153 67.712 9.225 89.825 109.115 64.470 94.500 74.503 17.618 33.570 19.905 27.643 133.335 25.877 65.813 109.625 26.905 72.330 136.888 74.508 38.428 77.927 64.783 64.638 47.885 72.233 91.075 34.127 121.633 90.670 84.853 22.160 80.857 40.068 41.293 70.002 14.787 10.710 25.563 76.280 64.568 74.680 44.117 117.123 139.670 133.390 139.055 59.583 97.605 69.893 96.528 57.203 99.032 62.128 26.612 97.333 60.378 42.465 92.928 97.163 54.283 79.267 0.000 27.407 108.633 101.795 124.785
89.077 84.540 53.823 59.700 58.258 25.765 68.423 101.372 74.830 73.098 52.533 13.550 14.252 10.672 8.837 131.243 15.682 51.288 123.010 16.557 62.877 136.867 69.235 60.492 85.875 53.555 42.668 38.432 85.897 97.777 22.845 126.788 96.930 76.733 9.487 72.737 62.132 31.840 60.548 36.850 20.233 19.962 89.943 48.007 87.295 34.663 130.190 138.195 133.622 140.827 38.732 89.485 83.557 109.912 39.927 111.667 47.588 11.640 97.565 43.303 64.528 98.648 91.225 44.830 57.297 27.407 0.000 100.513 115.180 126.282
64.388 54.507 92.768 67.645 58.400 114.070 114.182 24.158 61.780 112.167 97.927 98.795 97.462 101.162 96.077 56.143 88.518 139.768 59.313 88.002 45.073 61.767 49.365 119.668 49.275 74.908 98.192 65.220 71.433 47.872 88.545 52.413 43.383 28.463 98.737 30.777 121.308 80.295 68.493 108.482 107.753 89.378 67.800 135.868 51.783 79.258 59.540 62.862 58.522 65.582 85.945 35.157 84.287 53.880 129.178 51.520 138.927 94.448 34.975 132.992 123.705 42.490 34.718 67.127 102.987 108.633 100.513 0.000 61.248 51.182
23.837 35.928 126.343 90.810 84.762 107.360 147.757 47.467 46.670 149.630 131.502 105.628 112.982 109.527 111.597 45.640 103.235 157.578 11.082 102.718 76.600 49.193 69.807 91.930 40.755 98.073 131.423 84.035 36.852 32.312 104.065 35.927 34.155 60.800 110.198 64.797 94.777 98.803 91.658 101.797 103.278 99.385 32.052 154.340 35.760 101.560 27.220 51.975 45.695 51.360 115.703 41.762 64.600 10.532 146.260 19.277 153.893 109.930 34.712 149.637 97.635 33.010 39.442 89.428 136.562 101.795 115.180 61.248 0.000 40.863
57.437 56.865 124.958 95.867 86.622 130.350 146.372 41.413 68.077 148.330 130.117 124.563 123.230 126.930 121.845 13.472 114.287 170.308 34.218 113.770 75.215 18.972 72.278 125.923 57.145 103.130 130.382 90.988 70.583 42.108 114.313 14.035 41.682 59.415 124.505 63.412 127.563 108.280 96.715 124.800 126.163 115.147 65.652 166.947 55.740 107.243 16.897 20.460 15.727 22.932 118.135 40.377 87.860 37.678 158.867 29.720 166.608 120.217 36.135 162.243 129.960 39.402 38.123 95.112 135.177 124.785 126.282 51.182 40.863 0.000
0.0000 1.0721 8.4961 5.4972 4.9927 6.7812 10.2803 4.2861 1.7285 10.3929 8.9270 6.6352 7.2426 6.9633 7.1280 5.2039 6.4315 10.9669 2.6501 6.3883 4.8042 5.5011 3.7483 6.1786 1.8583 6.1045 8.8847 4.9334 0.8746 2.2920 6.5008 4.3830 2.6163 4.3085 7.0166 4.4872 6.4163 6.0609 5.5680 6.3193 6.4401 6.1100 0.4752 10.6925 1.3038 6.2965 3.6564 5.7336 5.2090 5.6820 7.5725 3.6019 3.2080 2.0288 10.0177 2.6389 10.6590 6.9912 3.1154 10.2997 6.6550 2.5207 3.4079 5.3828 9.3489 6.3164 7.4295 5.3284 1.9896 4.7937
1.0721 0.0000 7.6444 4.6456 4.1411 6.2074 9.4286 3.3340 1.0088 9.5412 8.0753 6.0423 6.6091 6.3703 6.4945 5.2244 5.7980 10.3740 3.3607 5.7548 3.9525 5.5216 2.8966 5.8426 0.7963 5.2528 8.0330 4.0817 1.4455 1.6837 5.8673 4.2310 1.7598 3.2364 6.4237 3.5703 5.9794 5.4274 4.7163 5.7496 5.8573 5.4765 1.1286 10.0996 0.2318 5.5448 3.8851 5.7541 5.2295 5.7025 6.7209 2.5298 2.6660 2.1911 9.4248 2.3432 10.0661 6.3577 2.3136 9.7068 6.1790 1.9459 2.3358 4.5311 8.4972 5.7426 6.7960 4.2563 2.7387 4.4943
8.4961 7.6444 0.0000 3.6233 4.2576 5.9374 1.9830 7.6970 7.1090 2.3599 0.4402 4.9783 3.7927 4.6774 4.0933 10.5772 4.6955 5.2882 10.7655 4.7123 4.7553 11.0463 6.1476 8.8354 7.5368 3.1704 1.1061 4.3094 8.3873 8.3976 4.8154 10.2065 7.9580 5.7844 4.5786 5.5629 8.9722 3.6375 3.6941 6.8624 5.4757 4.9869 8.5154 4.9631 7.7231 3.2819 10.8016 11.1441 10.7757 11.3770 1.7215 7.1005 8.2229 9.6699 4.4376 9.5854 5.2177 4.2900 7.7754 4.7220 9.1719 8.1017 7.2460 3.3952 1.0134 6.0742 4.2434 7.4563 10.2851 10.1629
5.4972 4.6456 3.6233 0.0000 1.2851 5.8693 5.4075 5.5566 4.1101 5.2647 4.0542 4.5932 4.4784 4.7915 4.3638 8.1555 3.7347 7.5453 7.9427 3.6914 2.1526 8.6246 3.1487 6.7511 4.5380 1.8136 4.0774 2.2682 5.1989 5.5251 3.7366 7.7848 5.4619 3.4984 4.5888 3.2339 6.8880 2.9549 0.0708 5.8182 5.3421 3.8064 5.5166 7.2201 4.7242 2.8676 8.3799 8.7224 8.3540 8.9553 3.0550 4.6788 5.4313 6.7732 6.6606 6.8937 7.4748 4.2304 5.3537 6.9791 7.0876 5.6057 4.8243 1.3542 4.4762 5.5258 4.7366 5.3660 7.3207 7.7412
4.9927 4.1411 4.2576 1.2851 0.0000 5.7507 6.0418 4.7848 3.6056 6.1802 4.6884 4.4746 4.3598 4.6729 4.2452 7.3837 3.6161 7.8688 7.4382 3.5729 1.3807 7.8528 2.6442 6.6585 4.0335 1.8923 4.6725 2.0680 5.0983 5.0206 3.6180 7.0130 4.7644 2.7265 4.4702 2.4620 6.7953 2.8363 1.3558 5.7256 5.2236 3.6878 5.0121 7.5437 4.2197 2.7490 7.6080 7.9505 7.5822 8.1835 3.3604 3.9070 4.9339 6.2687 6.9841 6.3918 7.7984 4.1118 4.5819 7.3027 6.9950 4.9082 4.0525 1.4124 5.1104 5.4072 4.6180 4.5942 6.8162 6.9693
6.7812 6.2074 5.9374 5.8693 5.7507 0.0000 7.0972 9.3221 5.5950 7.4875 5.8292 1.3635 2.6404 1.2742 2.1857 11.3414 2.2311 4.9532 9.3697 2.3171 6.1367 11.6386 6.4269 3.1439 6.7181 5.5042 5.0032 4.0904 6.2438 7.8006 2.9205 10.3562 7.7664 7.2913 1.4627 6.9574 3.2808 3.5421 5.9400 1.1709 0.6681 2.2903 6.5822 4.8518 6.4391 3.7777 9.9868 11.8711 11.3465 11.8195 4.6790 8.3564 6.0398 8.2614 4.2850 8.4685 4.6453 2.1632 8.3202 4.5014 3.4804 7.9551 8.3239 4.6277 6.2266 0.5199 1.9007 9.2428 8.7146 10.6196
10.2803 9.4286 1.9830 5.4075 6.0418 7.0972 0.0000 9.4812 8.8931 0.5934 1.7817 6.1686 5.0111 5.8372 5.3117 12.3614 5.9338 5.7802 12.5497 5.9535 6.5395 12.8305 7.9317 9.9951 9.3210 4.9545 2.3524 6.0935 10.1715 10.1818 6.2283 11.9907 9.7421 7.5686 5.7685 7.3471 10.1320 5.4197 5.4783 8.0221 6.6354 6.3321 10.2996 5.4551 9.5073 5.0641 12.5858 12.9282 12.5599 13.1612 3.5130 8.8847 10.0071 11.4541 4.9297 11.3695 5.7098 5.5084 9.5596 5.2141 10.3316 9.8859 9.0302 5.1794 1.1366 7.2339 5.4617 9.2404 12.0692 11.9470
4.2861 3.3340 7.6970 5.5566 4.7848 9.3221 9.4812 0.0000 3.9624 9.3081 8.1279 8.0736 7.9588 8.2718 7.8441 3.6190 7.2150 11.6189 3.8844 7.1718 3.6958 4.0881 3.8098 8.9758 3.0014 6.1639 8.1511 5.2682 4.7388 2.3217 7.2169 3.3038 1.9438 2.1987 8.0691 2.3922 9.1126 6.6152 5.6274 8.8627 8.8225 7.2867 4.4353 11.2938 3.1022 6.5279 3.8989 4.1840 3.8176 4.4094 7.1287 1.3059 5.8133 3.0963 10.7343 2.9796 11.5485 7.7108 1.2448 11.0528 9.3123 1.8727 1.1291 5.5142 8.5499 8.8573 8.2169 1.7536 3.7114 3.2047
1.7285 1.0088 7.1090 4.1101 3.6056 5.5950 8.8931 3.9624 0.0000 9.0057 7.5398 5.4298 5.8088 5.7578 5.6942 6.1090 4.9977 9.7380 4.2997 4.9545 3.4171 6.4583 2.3611 5.4310 1.2542 4.7174 7.4976 3.5374 1.8028 2.4224 5.0670 5.1676 2.3881 3.4092 5.7713 3.1000 5.5679 4.6271 4.1809 5.1356 5.2448 4.6762 1.7098 9.4634 1.1464 4.8627 4.8218 6.6908 6.1662 6.6392 6.1854 3.1582 2.3285 3.1278 8.7886 3.2799 9.4350 5.5575 2.9420 9.0706 5.7675 2.5768 2.9642 3.9957 7.9618 5.1302 5.9957 4.8643 3.6447 5.4310
10.3929 9.5412 2.3599 5.2647 6.1802 7.4875 0.5934 9.3081 9.0057 0.0000 2.1655 6.5590 5.4015 6.2275 5.7021 12.5345 6.3241 5.7694 12.7999 6.3439 6.9164 13.0036 8.0443 10.3855 9.4336 5.3314 2.7428 6.4705 10.0833 10.4207 6.6187 12.2192 10.0507 7.6430 6.1589 7.6698 10.5224 5.7966 5.3354 8.4125 7.0258 6.7224 10.4217 5.4443 9.6198 5.4410 12.8143 13.0995 12.7330 13.3249 3.8899 9.1886 10.3157 11.6688 5.1064 11.6734 5.6990 5.8987 9.8635 5.2033 10.7220 10.1945 9.3340 5.5563 1.5204 7.6243 5.8521 9.0673 12.2163 12.1201
8.9270 8.0753 0.4402 4.0542 4.6884 5.8292 1.7817 8.1279 7.5398 2.1655 0.0000 4.8701 3.6845 4.5692 3.9851 11.0081 4.6072 5.0770 11.1964 4.6270 5.1862 11.4772 6.5784 8.7271 7.9677 3.6012 0.9631 4.7402 8.8182 8.8285 4.9017 10.6374 8.3888 6.2153 4.4703 5.9938 8.8640 4.0644 4.1250 6.7541 5.3674 5.0055 8.9463 4.7518 8.1540 3.7078 11.2324 11.5749 11.2066 11.8079 2.1065 7.5314 8.6538 10.1008 4.2264 10.0162 5.0065 4.1818 8.2063 4.5108 9.0636 8.5326 7.6768 3.8261 0.6873 5.9659 4.1351 7.8871 10.7159 10.5937
6.6352 6.0423 4.9783 4.5932 4.4746 1.3635 6.1686 8.0736 5.4298 6.5590 4.8701 0.0000 1.3914 0.4652 0.8966 10.5570 0.9402 4.4416 9.2237 1.0262 4.8606 11.0261 5.3902 4.1338 6.5531 4.2282 4.0440 2.8143 6.0978 7.6355 1.6295 10.1863 7.6013 6.0153 0.4844 5.6813 4.2706 2.2660 4.6640 2.1608 0.8364 1.0296 6.4362 4.1705 6.2740 2.5016 9.8408 11.1239 10.7556 11.3568 3.5655 7.0803 5.8938 8.1154 3.4957 8.3034 4.1386 0.8552 7.7552 3.7777 4.4703 7.7900 7.2258 3.3516 5.2675 1.2203 0.8805 7.9667 8.5686 10.1427
7.2426 6.6091 3.7927 4.4784 4.3598 2.6404 5.0111 7.9588 5.8088 5.4015 3.6845 1.3914 0.0000 1.3804 0.5953 10.4422 1.1012 4.0721 9.8311 1.1210 4.7458 10.9113 5.2754 5.4647 6.6647 3.5711 2.8585 2.6995 6.7364 7.6518 1.2747 10.0715 7.5886 5.9005 1.2816 5.5665 5.6016 2.1512 4.5492 3.4917 2.1723 1.4995 7.0747 3.7892 6.8497 2.3158 10.4113 11.0091 10.6408 11.2420 2.3935 6.9655 6.9705 8.7174 3.1144 8.8702 3.7691 0.6758 7.6404 3.3964 5.8012 7.7324 7.1110 3.2368 4.0819 2.5512 0.9399 7.8519 9.1760 10.0279
6.9633 6.3703 4.6774 4.7915 4.6729 1.2742 5.8372 8.2718 5.7578 6.2275 4.5692 0.4652 1.3804 0.0000 0.9257 10.7553 1.1385 4.1100 9.5517 1.2244 5.0589 11.2244 5.5885 4.1721 6.8811 4.4264 3.7431 3.0126 6.4259 7.9649 1.8278 10.3846 7.9017 6.2135 0.2027 5.8796 4.3090 2.4643 4.8622 2.1991 0.8124 1.2885 6.7642 3.8389 6.6021 2.6999 10.1689 11.3221 10.9538 11.5551 3.4190 7.2786 6.2218 8.4434 3.1641 8.6314 3.8070 0.9850 7.9535 3.4461 4.5086 8.0454 7.4241 3.5499 4.9666 1.4109 0.6407 8.1650 8.8967 10.3409
7.1280 6.4945 4.0933 4.3638 4.2452 2.1857 5.3117 7.8441 5.6942 5.7021 3.9851 0.8966 0.5953 0.9257 0.0000 10.3276 0.8567 4.0641 9.7164 0.9035 4.6312 10.7967 5.1608 4.9699 6.5500 3.9982 3.1591 2.5849 6.6217 7.5372 1.1877 9.9569 7.4740 5.7858 0.8268 5.4519 5.1068 2.0366 4.4345 2.9969 1.6775 1.2550 6.9601 3.7930 6.7350 2.2722 10.2967 10.8944 10.5261 11.1274 2.8206 6.8509 6.7299 8.6027 3.1182 8.7556 3.7611 0.3180 7.5258 3.4002 5.3064 7.6177 6.9964 3.1222 4.3825 2.0564 0.4880 7.7373 9.0614 9.9133
5.2039 5.2244 10.5772 8.1555 7.3837 11.3414 12.3614 3.6190 6.1090 12.5345 11.0081 10.5570 10.4422 10.7553 10.3276 0.0000 9.6985 14.3714 2.9779 9.6553 6.4303 0.4691 6.1893 10.9275 5.1480 8.7628 11.0313 7.7517 6.0582 3.9181 9.7004 1.5249 3.8821 5.1069 10.5526 5.4409 11.1135 9.1942 8.2263 10.8836 10.9914 9.7702 5.6417 14.0968 5.0483 9.1069 1.5535 0.5921 0.1985 0.7998 10.0088 3.5252 7.7707 3.3892 13.4220 2.8851 14.0684 10.1942 3.1790 13.7040 11.3131 3.6917 3.3426 8.0932 11.4300 10.8766 10.7004 4.4210 3.5635 0.8746
6.4315 5.7980 4.6955 3.7347 3.6161 2.2311 5.9338 7.2150 4.9977 6.3241 4.6072 0.9402 1.1012 1.1385 0.8567 9.6985 0.0000 4.8917 9.0200 0.1541 4.0021 10.1676 4.5317 4.8236 5.9209 3.3697 3.7812 1.9558 5.9253 6.9081 0.7659 9.3278 6.8449 5.1568 0.9357 4.8228 4.9604 1.4075 3.8055 2.8506 1.7040 0.4665 6.2636 4.6206 6.0386 1.6431 9.6002 10.2653 9.8970 10.4983 3.1583 6.2218 6.1594 7.9063 3.9458 8.0591 4.5887 0.5813 6.8967 4.2278 5.1601 6.9886 6.3673 2.4931 5.0046 1.9101 1.0594 7.1082 8.3649 9.2842
10.9669 10.3740 5.2882 7.5453 7.8688 4.9532 5.7802 11.6189 9.7380 5.7694 5.0770 4.4416 4.0721 4.1100 4.0641 14.3714 4.8917 0.0000 13.5554 4.9384 8.6750 14.8405 9.2046 7.9214 10.5939 6.5386 4.2836 6.6287 10.4295 11.5810 5.2323 14.0007 11.5178 9.7063 4.0581 9.4848 8.0582 5.8658 7.6160 5.9484 4.6395 5.2261 10.7679 0.4681 10.6058 6.0177 14.1726 14.9382 14.5699 15.1712 4.7998 10.8947 10.2255 12.4471 1.0887 12.6351 0.3285 4.3530 11.5696 0.8022 8.1850 11.6615 11.0402 6.9801 5.2387 5.2380 4.0264 11.3782 12.9003 13.9571
2.6501 3.3607 10.7655 7.9427 7.4382 9.3697 12.5497 3.8844 4.2997 12.7999 11.1964 9.2237 9.8311 9.5517 9.7164 2.9779 9.0200 13.5554 0.0000 8.9767 6.6186 3.2750 6.1895 7.9949 3.7738 8.5500 11.2195 7.3789 3.4923 3.0461 9.0892 2.1553 3.1713 5.2952 9.6050 5.6292 8.2326 8.6493 8.0135 8.9077 9.0286 8.6984 3.0879 13.2809 3.3575 8.8419 1.4287 3.5075 2.9830 3.4560 10.0180 3.7135 5.7965 1.2317 12.6061 1.2950 13.2475 9.5797 3.2130 12.8882 8.4713 3.0757 3.5309 7.8283 11.6183 8.9049 10.0179 4.6864 0.6759 2.6077
6.3883 5.7548 4.7123 3.6914 3.5729 2.3171 5.9535 7.1718 4.9545 6.3439 4.6270 1.0262 1.1210 1.2244 0.9035 9.6553 0.1541 4.9384 8.9767 0.0000 3.9589 10.1243 4.4884 4.9096 5.8777 3.3264 3.8009 1.9125 5.8820 6.8649 0.6832 9.2845 6.8016 5.1135 1.0217 4.7796 5.0464 1.3642 3.7622 2.9366 1.7900 0.5525 6.2204 4.6673 5.9953 1.5999 9.5570 10.2221 9.8538 10.4551 3.1751 6.1785 6.1162 7.8630 3.9925 8.0159 4.6354 0.6546 6.8534 4.2745 5.2460 6.9454 6.3240 2.4499 5.0244 1.9961 1.1328 7.0650 8.3217 9.2409
4.8042 3.9525 4.7553 2.1526 1.3807 6.1367 6.5395 3.6958 3.4171 6.9164 5.1862 4.8606 4.7458 5.0589 4.6312 6.4303 4.0021 8.6750 6.6186 3.9589 0.0000 6.8994 2.4557 6.9308 3.8450 2.7598 5.2094 2.3872 4.9475 4.2507 4.0040 6.0596 3.8111 1.6375 4.8562 1.4160 7.0676 3.2223 2.2233 5.9978 5.6096 4.0738 4.8236 8.3521 4.0312 3.1350 6.6547 6.9972 6.6288 7.2301 4.1870 2.9536 5.0263 5.5231 7.7256 5.4385 8.3720 4.4978 3.6285 8.0076 7.2672 3.9548 3.0991 2.1213 5.6082 5.7933 5.0040 3.4802 6.1382 6.0160
5.5011 5.5216 11.0463 8.6246 7.8528 11.6386 12.8305 4.0881 6.4583 13.0036 11.4772 11.0261 10.9113 11.2244 10.7967 0.4691 10.1676 14.8405 3.2750 10.1243 6.8994 0.0000 6.6584 11.2247 5.6171 9.2319 11.5003 8.2208 6.3553 4.3871 10.1695 1.8625 4.3512 5.5760 11.0217 5.9100 11.4106 9.6633 8.6954 11.1808 11.2885 10.2393 5.9389 14.5659 5.4855 9.5760 1.8507 0.7105 0.4012 0.6294 10.4779 3.9943 8.0679 3.6863 13.8911 3.1822 14.5375 10.6633 3.6480 14.1731 11.6102 4.1607 3.8117 8.5623 11.8991 11.1738 11.1695 4.8900 3.8606 1.3335
3.7483 2.8966 6.1476 3.1487 2.6442 6.4269 7.9317 3.8098 2.3611 8.0443 6.5784 5.3902 5.2754 5.5885 5.1608 6.1893 4.5317 9.2046 6.1895 4.4884 2.4557 6.6584 0.0000 6.8851 2.7848 3.7560 6.5362 2.5849 3.8916 3.7719 4.5336 5.8186 3.5700 2.0852 5.3858 1.9383 7.0219 4.0937 3.2195 5.9520 6.0739 4.6034 3.7676 8.9300 2.9753 4.0480 6.4137 6.7561 6.3878 6.9891 5.2240 2.7126 3.9805 5.0200 8.2551 5.1405 8.9016 5.0274 3.3875 8.5372 7.2216 3.7138 2.8581 3.0343 7.0004 5.9621 5.5336 3.8344 5.5675 5.7750
6.1786 5.8426 8.8354 6.7511 6.6585 3.1439 9.9951 8.9758 5.4310 10.3855 8.7271 4.1338 5.4647 4.1721 4.9699 10.9275 4.8236 7.9214 7.9949 4.9096 6.9308 11.2247 6.8851 0.0000 6.3534 7.4631 7.9011 5.7764 5.5965 7.4358 5.4691 9.9914 7.4016 7.7535 4.3607 7.4195 0.2377 5.8732 6.8219 2.3625 3.5190 4.7976 6.1019 7.8200 6.0743 6.1088 9.3823 11.4572 10.9327 11.4057 7.5769 8.1716 4.3994 7.8310 7.2532 8.1037 7.6135 4.8845 7.9554 7.4695 0.4764 7.5903 7.9776 6.5865 9.1246 2.9566 4.7986 9.7049 7.4051 10.2548
1.8583 0.7963 7.5368 4.5380 4.0335 6.7181 9.3210 3.0014 1.2542 9.4336 7.9677 6.5531 6.6647 6.8811 6.5500 5.1480 5.9209 10.5939 3.7738 5.8777 3.8450 5.6171 2.7848 6.3534 0.0000 5.1452 7.9254 3.9742 2.1811 1.4614 5.9229 4.4193 1.4271 2.7999 6.7750 3.1338 6.4902 5.4830 4.6088 6.2603 6.3681 5.8023 1.8776 10.3192 0.6609 5.4372 4.2845 5.7148 5.3465 5.9478 6.6133 2.1972 3.2453 2.6042 9.6444 2.7248 10.2908 6.4167 1.9810 9.9264 6.6898 1.6158 2.0032 4.4236 8.3897 6.2534 6.9228 3.8198 3.1518 4.5169
6.1045 5.2528 3.1704 1.8136 1.8923 5.5042 4.9545 6.1639 4.7174 5.3314 3.6012 4.2282 3.5711 4.4264 3.9982 8.7628 3.3697 6.5386 8.5500 3.3264 2.7598 9.2319 3.7560 7.4631 5.1452 0.0000 3.3849 1.9032 6.2101 6.1324 3.3716 8.3921 6.0692 4.1056 4.2237 3.8411 7.5999 2.5899 1.8844 6.1013 4.9771 3.4414 6.1238 6.2135 5.3315 2.5026 8.9872 9.3296 8.9613 9.5626 2.0301 5.2861 6.0457 7.3804 5.6539 7.5010 6.4682 3.8654 5.9610 5.9725 7.7996 6.2129 5.4316 0.9890 4.0232 5.1608 4.2241 5.9733 7.9280 8.3484
8.8847 8.0330 1.1061 4.0774 4.6725 5.0032 2.3524 8.1511 7.4976 2.7428 0.9631 4.0440 2.8585 3.7431 3.1591 11.0313 3.7812 4.2836 11.2195 3.8009 5.2094 11.5004 6.5362 7.9011 7.9254 3.3849 0.0000 4.6980 8.8414 8.8517 4.0757 10.6606 8.4120 6.2385 3.6443 6.0170 8.0380 3.6163 4.1482 5.9281 4.5414 4.1794 8.9040 3.9585 8.1117 3.3321 11.2556 11.5981 11.2298 11.8311 1.7308 7.5545 8.6769 10.1240 3.3990 10.0394 4.2132 3.3558 8.2295 3.7175 8.2376 8.5558 7.7000 3.7838 1.3142 5.1399 3.3091 7.9103 10.7081 10.6169
4.9334 4.0817 4.3094 2.2682 2.0680 4.0904 6.0935 5.2682 3.5374 6.4705 4.7402 2.8143 2.6995 3.0126 2.5849 7.7517 1.9558 6.6287 7.3789 1.9125 2.3872 8.2208 2.5849 5.7764 3.9742 1.9032 4.6980 0.0000 4.6544 4.9613 1.9577 7.3810 4.8981 3.2100 2.8099 2.8760 5.9132 1.5178 2.3390 4.6875 3.5633 2.0275 4.9528 6.3541 4.1604 1.4939 7.8896 8.3185 7.9502 8.5515 3.2119 4.2750 4.4900 6.2093 5.6793 6.3299 6.3257 2.4515 4.9499 5.9613 6.1128 5.0418 4.4205 1.0266 5.1622 3.7469 2.9577 5.1614 6.7569 7.3374
0.8746 1.4455 8.3873 5.1989 5.0983 6.2438 10.1715 4.7388 1.8028 10.0833 8.8182 6.0978 6.7364 6.4259 6.6217 6.0582 5.9253 10.4295 3.4923 5.8820 4.9475 6.3553 3.8916 5.5965 2.1811 6.2101 8.8414 4.6544 0.0000 3.1292 5.9945 5.2372 3.1646 4.6409 6.4792 4.6305 5.8342 5.5546 5.2697 5.7819 5.9027 5.6038 0.7077 10.1551 1.6773 5.7903 4.5106 6.5879 6.0633 6.5363 7.4984 3.9346 2.6432 2.8795 9.4803 3.4896 10.1216 6.4850 3.7184 9.7623 6.0729 3.3533 3.7406 5.4884 9.2401 5.7790 6.9179 5.6609 2.8293 5.6444
2.2920 1.6837 8.3976 5.5251 5.0206 7.8006 10.1818 2.3217 2.4224 10.4207 8.8285 7.6355 7.6518 7.9649 7.5372 3.9181 6.9081 11.5810 3.0461 6.8649 4.2507 4.3871 3.7719 7.4358 1.4614 6.1324 8.8517 4.9613 3.1292 0.0000 6.9100 3.1660 0.6515 2.9320 7.7622 3.2660 7.5727 6.4701 5.5959 7.3428 7.4506 6.9798 2.7298 11.3064 1.4519 6.4244 3.3305 4.4849 4.1166 4.7179 7.6004 1.6742 4.2733 1.8491 10.6316 1.7664 11.2780 7.4038 1.1507 10.9136 7.7723 0.5559 1.4802 5.4107 9.2504 7.3358 7.9100 3.7343 2.4468 3.2636
6.5008 5.8673 4.8154 3.7366 3.6180 2.9205 6.2283 7.2169 5.0670 6.6187 4.9017 1.6295 1.2747 1.8278 1.1877 9.7004 0.7659 5.2323 9.0892 0.6832 4.0040 10.1695 4.5336 5.4691 5.9229 3.3716 4.0757 1.9577 5.9945 6.9100 0.0000 9.3297 6.8468 5.1587 1.6251 4.8247 5.6060 1.4094 3.8074 3.5399 2.3934 1.0751 6.3329 4.9569 6.1079 1.6450 9.6695 10.2672 9.8989 10.5002 3.2782 6.2237 6.2287 7.9755 4.2821 8.1284 4.9293 1.0594 6.8986 4.5641 5.8056 6.9906 6.3692 2.4950 5.2991 2.5994 1.6562 7.1101 8.4342 9.2861
4.3830 4.2310 10.2065 7.7848 7.0130 10.3562 11.9907 3.3038 5.1676 12.2192 10.6374 10.1863 10.0715 10.3846 9.9569 1.5249 9.3278 14.0007 2.1553 9.2845 6.0596 1.8625 5.8186 9.9914 4.4193 8.3921 10.6606 7.3810 5.2372 3.1660 9.3297 0.0000 3.1301 4.7362 10.1819 5.0702 10.1283 8.8235 7.8556 9.8984 10.0062 9.3995 4.8208 13.7261 4.1919 8.7362 0.7509 2.0867 1.5705 2.2454 9.6381 3.1545 6.8128 2.4840 13.0513 1.9687 13.6977 9.8235 2.7724 13.3333 10.3279 2.9397 2.9719 7.7225 11.0593 9.8914 10.3297 4.1057 2.7449 0.9213
2.6163 1.7598 7.9580 5.4619 4.7644 7.7664 9.7421 1.9438 2.3881 10.0507 8.3888 7.6013 7.5886 7.9017 7.4740 3.8821 6.8449 11.5178 3.1713 6.8016 3.8111 4.3512 3.5700 7.4016 1.4271 6.0692 8.4120 4.8981 3.1646 0.6515 6.8468 3.1301 0.0000 2.4924 7.6989 2.8263 7.5384 6.4069 5.5327 7.3086 7.4164 6.9166 2.8611 11.2432 1.5280 6.3612 3.4558 4.4490 4.0806 4.6819 7.3896 1.1442 4.2391 1.9744 10.5683 1.8917 11.2148 7.3406 0.7088 10.8504 7.7381 0.2174 0.9502 5.3475 8.8108 7.3016 7.8467 3.3564 2.5895 3.2276
4.3085 3.2364 5.7844 3.4984 2.7265 7.2913 7.5686 2.1987 3.4092 7.6430 6.2153 6.0153 5.9005 6.2135 5.7858 5.1069 5.1568 9.7063 5.2952 5.1135 1.6375 5.5760 2.0852 7.7535 2.7999 4.1056 6.2385 3.2100 4.6409 2.9320 5.1587 4.7362 2.4924 0.0000 6.0108 0.3339 7.8903 4.5569 3.5691 6.8206 6.7642 5.2285 4.3374 9.3812 3.0090 4.4696 5.3313 5.6738 5.3055 5.9067 5.2160 1.6302 5.0227 4.1997 8.8216 4.1151 9.5266 5.6525 2.3051 9.1402 8.0900 2.6362 1.7757 3.4559 6.6372 6.8306 6.1586 2.0919 4.8148 4.6926
7.0166 6.4237 4.5786 4.5888 4.4702 1.4627 5.7685 8.0691 5.7713 6.1589 4.4703 0.4844 1.2816 0.2027 0.8268 10.5526 0.9357 4.0581 9.6050 1.0217 4.8562 11.0217 5.3858 4.3607 6.7750 4.2237 3.6443 2.8099 6.4792 7.7622 1.6251 10.1819 7.6989 6.0108 0.0000 5.6769 4.4975 2.2616 4.6595 2.3877 1.0010 1.1861 6.8176 3.7870 6.6554 2.4972 10.2222 11.1194 10.7511 11.3524 3.3201 7.0759 6.2752 8.4968 3.1122 8.6848 3.7551 0.7900 7.7508 3.3942 4.6972 7.8427 7.2214 3.3472 4.8677 1.5994 0.5418 7.9623 8.9500 10.1382
4.4872 3.5703 5.5629 3.2339 2.4620 6.9574 7.3471 2.3922 3.1000 7.6698 5.9938 5.6813 5.5665 5.8796 5.4519 5.4409 4.8228 9.4848 5.6292 4.7796 1.4160 5.9100 1.9383 7.4195 3.1338 3.8411 6.0170 2.8760 4.6305 3.2660 4.8247 5.0702 2.8263 0.3339 5.6769 0.0000 7.5564 4.2726 3.3046 6.4866 6.4303 4.8945 4.5065 9.1597 3.3429 4.1853 5.6652 6.0077 5.6394 6.2407 4.9946 1.9642 4.7135 4.5336 8.5463 4.4490 9.1927 5.3185 2.6391 8.8283 7.7560 2.9701 2.1096 3.1716 6.4158 6.4966 5.8247 2.2854 5.1487 5.0265
6.4163 5.9794 8.9722 6.8880 6.7953 3.2808 10.1320 9.1126 5.5679 10.5224 8.8640 4.2706 5.6016 4.3090 5.1068 11.1135 4.9604 8.0582 8.2326 5.0464 7.0676 11.4106 7.0219 0.2377 6.4902 7.5999 8.0380 5.9132 5.8342 7.5727 5.6060 10.1283 7.5384 7.8903 4.4975 7.5564 0.0000 6.0101 6.9588 2.4993 3.6558 4.9344 6.3501 7.9569 6.2112 6.2457 9.6200 11.6431 11.1186 11.5916 7.7138 8.3085 4.6371 8.0293 7.3900 8.2405 7.7504 5.0214 8.0923 7.6064 0.3421 7.7271 8.1145 6.7234 9.2614 3.0934 4.9355 9.8418 7.6428 10.3916
6.0609 5.4274 3.6375 2.9549 2.8363 3.5421 5.4197 6.6152 4.6271 5.7966 4.0644 2.2660 2.1512 2.4643 2.0366 9.1942 1.4075 5.8658 8.6493 1.3642 3.2223 9.6633 4.0937 5.8732 5.4830 2.5899 3.6163 1.5178 5.5546 6.4701 1.4094 8.8235 6.4069 4.5569 2.2616 4.2726 6.0101 0.0000 3.0257 4.1392 3.0150 1.4792 5.8930 5.5759 5.6680 0.4404 9.2296 9.7610 9.3927 9.9940 2.0746 5.7175 5.7888 7.5356 4.9011 7.6885 5.5628 1.9032 6.3924 5.1831 6.2097 6.5507 5.8630 1.7133 4.4903 3.1986 2.4094 6.4246 7.9943 8.7799
5.5680 4.7163 3.6941 0.0708 1.3558 5.9400 5.4783 5.6274 4.1809 5.3354 4.1250 4.6640 4.5492 4.8622 4.4345 8.2263 3.8055 7.6160 8.0135 3.7622 2.2233 8.6954 3.2195 6.8219 4.6088 1.8844 4.1482 2.3390 5.2697 5.5959 3.8074 7.8556 5.5327 3.5691 4.6595 3.3046 6.9588 3.0257 0.0000 5.8890 5.4129 3.8772 5.5874 7.2909 4.7950 2.9384 8.4507 8.7931 8.4248 9.0261 3.1257 4.7496 5.5020 6.8439 6.7313 6.9645 7.5456 4.3012 5.4245 7.0499 7.1584 5.6765 4.8951 1.4249 4.5469 5.5966 4.8073 5.4368 7.3915 7.8120
6.3193 5.7496 6.8624 5.8182 5.7256 1.1709 8.0221 8.8627 5.1356 8.4125 6.7541 2.1608 3.4917 2.1991 2.9969 10.8836 2.8506 5.9484 8.9077 2.9366 5.9978 11.1808 5.9520 2.3625 6.2603 6.1013 5.9281 4.6875 5.7819 7.3428 3.5399 9.8984 7.3086 6.8206 2.3877 6.4866 2.4993 4.1392 5.8890 0.0000 1.5460 2.8246 6.1202 5.8470 5.9813 4.3748 9.5249 11.4133 10.8887 11.3617 5.6039 7.8856 5.5778 7.7994 5.2802 8.0107 5.6405 2.9115 7.8624 5.4965 2.6990 7.4973 7.8645 5.2248 7.1516 0.9836 2.8256 8.7720 8.2527 10.1618
6.4401 5.8573 5.4757 5.3421 5.2236 0.6681 6.6354 8.8225 5.2448 7.0258 5.3674 0.8364 2.1723 0.8124 1.6775 10.9914 1.7040 4.6395 9.0286 1.7900 5.6096 11.2885 6.0739 3.5190 6.3681 4.9771 4.5414 3.5633 5.9027 7.4506 2.3934 10.0062 7.4164 6.7642 1.0010 6.4303 3.6558 3.0150 5.4129 1.5460 0.0000 1.7632 6.2411 4.5382 6.0891 3.2506 9.6458 11.5211 10.9965 11.4695 4.2172 7.8292 5.6987 7.9203 3.9261 8.1184 4.3317 1.6361 7.9702 4.1877 3.8554 7.6050 7.9747 4.1006 5.7649 0.6439 1.4389 8.7157 8.3735 10.2695
6.1100 5.4765 4.9869 3.8064 3.6878 2.2903 6.3321 7.2867 4.6762 6.7224 5.0055 1.0296 1.4995 1.2885 1.2550 9.7702 0.4665 5.2261 8.6984 0.5525 4.0738 10.2393 4.6034 4.7976 5.8023 3.4414 4.1794 2.0275 5.6038 6.9798 1.0751 9.3995 6.9166 5.2285 1.1861 4.8945 4.9344 1.4792 3.8772 2.8246 1.7632 0.0000 5.9421 4.9549 5.7171 1.7148 9.2787 10.3371 9.9687 10.5700 3.4230 6.2935 5.8379 7.5847 4.2801 7.7376 4.9230 0.9795 6.9684 4.5622 5.1341 7.0604 6.4390 2.5648 5.4029 1.8841 1.4170 7.1799 8.0434 9.3559
0.4752 1.1286 8.5154 5.5166 5.0121 6.5822 10.2996 4.4353 1.7098 10.4217 8.9463 6.4362 7.0747 6.7642 6.9601 5.6417 6.2636 10.7679 3.0879 6.2204 4.8236 5.9389 3.7676 6.1019 1.8776 6.1238 8.9040 4.9528 0.7077 2.7298 6.3329 4.8208 2.8611 4.3374 6.8176 4.5065 6.3501 5.8930 5.5874 6.1202 6.2411 5.9421 0.0000 10.4935 1.3603 6.1286 4.0942 6.1714 5.6468 6.1198 7.5919 3.6311 2.9824 2.4666 9.8186 3.0767 10.4600 6.8234 3.4149 10.1007 6.5497 2.9585 3.4371 5.4022 9.3683 6.1174 7.2562 5.3574 2.4274 5.2315
10.6925 10.0996 4.9631 7.2201 7.5437 4.8518 5.4551 11.2938 9.4634 5.4443 4.7518 4.1705 3.7892 3.8389 3.7930 14.0968 4.6206 0.4681 13.2809 4.6673 8.3521 14.5659 8.9300 7.8200 10.3192 6.2135 3.9585 6.3541 10.1551 11.3064 4.9569 13.7261 11.2432 9.3812 3.7870 9.1597 7.9569 5.5759 7.2909 5.8470 4.5382 4.9549 10.4935 0.0000 10.3313 5.7278 13.8981 14.6636 14.2953 14.8966 4.4747 10.6201 9.9511 12.1727 0.7636 12.3607 0.3433 4.0819 11.2950 0.4144 8.0836 11.3869 10.7656 6.6550 4.9136 5.1367 3.7553 11.0531 12.6259 13.6824
1.3038 0.2318 7.7231 4.7242 4.2197 6.4391 9.5073 3.1022 1.1464 9.6198 8.1540 6.2740 6.8497 6.6021 6.7350 5.0483 6.0386 10.6058 3.3575 5.9953 4.0312 5.4855 2.9753 6.0743 0.6609 5.3315 8.1117 4.1604 1.6773 1.4519 6.1079 4.1919 1.5280 3.0090 6.6554 3.3429 6.2112 5.6680 4.7950 5.9813 6.0891 5.7171 1.3603 10.3313 0.0000 5.6235 3.8613 5.6152 5.1934 5.6664 6.7995 2.2980 2.8978 2.1880 9.6565 2.3041 10.2979 6.5983 2.0818 9.9385 6.4108 1.7141 2.1040 4.6098 8.5759 5.9743 7.0366 4.0289 2.7355 4.3938
6.2965 5.5448 3.2819 2.8676 2.7490 3.7777 5.0641 6.5279 4.8627 5.4410 3.7078 2.5016 2.3158 2.6999 2.2722 9.1069 1.6431 6.0177 8.8419 1.5999 3.1350 9.5760 4.0480 6.1088 5.4372 2.5026 3.3321 1.4939 5.7902 6.4244 1.6450 8.7362 6.3612 4.4696 2.4972 4.1853 6.2457 0.4404 2.9384 4.3748 3.2506 1.7148 6.1286 5.7278 5.6235 0.0000 9.3313 9.6738 9.3054 9.9067 1.7180 5.6302 5.9837 7.6724 5.0530 7.7930 5.7147 2.1388 6.3051 5.3351 6.4453 6.5049 5.7757 1.6260 4.1347 3.4343 2.6450 6.3373 8.2199 8.6926
3.6564 3.8851 10.8016 8.3799 7.6080 9.9868 12.5858 3.8989 4.8218 12.8143 11.2324 9.8408 10.4113 10.1689 10.2967 1.5535 9.6002 14.1726 1.4287 9.5570 6.6547 1.8507 6.4137 9.3823 4.2845 8.9872 11.2556 7.8896 4.5106 3.3305 9.6695 0.7509 3.4558 5.3313 10.2222 5.6652 9.6200 9.2296 8.4507 9.5249 9.6458 9.2787 4.0942 13.8981 3.8613 9.3313 0.0000 2.0832 1.5586 2.0316 10.2332 3.7496 6.4141 1.9538 13.2233 1.5653 13.8647 10.1599 3.3377 13.5053 9.8587 3.3496 3.5670 8.3176 11.6544 9.5220 10.5982 4.7008 2.0183 1.1546
5.7336 5.7541 11.1441 8.7224 7.9505 11.8711 12.9282 4.1840 6.6908 13.0995 11.5749 11.1239 11.0091 11.3221 10.8944 0.5921 10.2653 14.9382 3.5075 10.2221 6.9972 0.7105 6.7561 11.4572 5.7148 9.3296 11.5981 8.3185 6.5879 4.4849 10.2672 2.0867 4.4490 5.6738 11.1194 6.0077 11.6431 9.7610 8.7931 11.4133 11.5211 10.3371 6.1714 14.6636 5.6152 9.6738 2.0832 0.0000 0.5259 0.4912 10.5757 4.0921 8.3004 3.9189 13.9888 3.4148 14.6352 10.7611 3.7458 14.2708 11.8428 4.2585 3.9095 8.6601 11.9969 11.4063 11.2672 4.9843 4.0932 1.4582
5.2090 5.2295 10.7757 8.3540 7.5822 11.3465 12.5599 3.8176 6.1662 12.7330 11.2066 10.7556 10.6408 10.9538 10.5261 0.1985 9.8970 14.5699 2.9830 9.8538 6.6288 0.4012 6.3878 10.9327 5.3465 8.9613 11.2298 7.9502 6.0633 4.1166 9.8989 1.5705 4.0806 5.3055 10.7511 5.6394 11.1186 9.3927 8.4248 10.8887 10.9965 9.9687 5.6468 14.2953 5.1934 9.3054 1.5586 0.5259 0.0000 0.7319 10.2074 3.7238 7.7758 3.3943 13.6205 2.8902 14.2669 10.3928 3.3775 13.9025 11.3182 3.8902 3.5412 8.2918 11.6286 10.8817 10.8989 4.6195 3.5686 1.0629
5.6820 5.7025 11.3770 8.9553 8.1835 11.8195 13.1612 4.4094 6.6392 13.3249 11.8079 11.3568 11.2420 11.5551 11.1274 0.7998 10.4983 15.1712 3.4560 10.4551 7.2301 0.6294 6.9891 11.4057 5.9478 9.5626 11.8311 8.5515 6.5363 4.7179 10.5002 2.2454 4.6819 5.9067 11.3524 6.2407 11.5916 9.9940 9.0261 11.3617 11.4695 10.5700 6.1198 14.8966 5.6664 9.9067 2.0316 0.4912 0.7319 0.0000 10.8086 4.3250 8.2488 3.8673 14.2218 3.3632 14.8682 10.9940 3.9788 14.5038 11.7912 4.4915 4.1424 8.8930 12.2298 11.3548 11.5002 5.2109 4.0416 1.6642
7.5725 6.7209 1.7215 3.0550 3.3604 4.6790 3.5130 7.1287 6.1854 3.8899 2.1065 3.5655 2.3935 3.4190 2.8206 10.0088 3.1583 4.7998 10.0180 3.1751 4.1870 10.4779 5.2240 7.5769 6.6133 2.0301 1.7308 3.2119 7.4984 7.6004 3.2782 9.6381 7.3896 5.2160 3.3201 4.9946 7.7138 2.0746 3.1257 5.6039 4.2172 3.4230 7.5919 4.4747 6.7995 1.7180 10.2332 10.5757 10.2074 10.8086 0.0000 6.5321 7.5137 8.8485 3.9151 8.9690 4.7294 2.8416 7.2070 4.2337 7.9134 7.5334 6.6776 2.4717 2.5744 4.7254 2.9849 6.8879 9.3960 9.5945
3.6019 2.5298 7.1005 4.6788 3.9070 8.3564 8.8847 1.3059 3.1582 9.1886 7.5314 7.0803 6.9655 7.2786 6.8509 3.5252 6.2218 10.8947 3.7135 6.1785 2.9536 3.9943 2.7126 8.1716 2.1972 5.2861 7.5545 4.2750 3.9346 1.6742 6.2237 3.1545 1.1442 1.6302 7.0759 1.9642 8.3085 5.7175 4.7496 7.8856 7.8292 6.2935 3.6311 10.6201 2.2980 5.6302 3.7496 4.0921 3.7238 4.3250 6.5321 0.0000 5.0091 2.6180 9.9453 2.5334 10.5917 6.7175 0.7234 10.2273 8.5081 1.1685 0.1940 4.6165 7.9533 7.8956 7.2237 2.6415 3.2331 3.1109
3.2080 2.6660 8.2229 5.4313 4.9339 6.0398 10.0071 5.8133 2.3285 10.3157 8.6538 5.8938 6.9705 6.2218 6.7299 7.7707 6.1594 10.2255 5.7965 6.1162 5.0263 8.0679 3.9805 4.3994 3.2453 6.0457 8.6769 4.4900 2.6432 4.2733 6.2287 6.8128 4.2391 5.0227 6.2752 4.7135 4.6371 5.7888 5.5020 5.5778 5.6987 5.8379 2.9824 9.9511 2.8978 5.9837 6.4141 8.3004 7.7758 8.2488 7.5137 5.0091 0.0000 4.6893 9.2763 4.9251 9.9176 6.5622 4.7929 9.5583 4.8757 4.4277 4.8151 5.3240 9.0757 5.5750 6.7138 6.7325 5.1414 7.0762
2.0288 2.1911 9.6699 6.7732 6.2687 8.2614 11.4541 3.0963 3.1278 11.6688 10.1008 8.1154 8.7174 8.4434 8.6027 3.3892 7.9063 12.4471 1.2317 7.8630 5.5231 3.6863 5.0200 7.8310 2.6042 7.3804 10.1240 6.2093 2.8795 1.8491 7.9755 2.4840 1.9744 4.1997 8.4968 4.5336 8.0293 7.5356 6.8439 7.7994 7.9203 7.5847 2.4666 12.1727 2.1880 7.6724 1.9538 3.9189 3.3943 3.8673 8.8485 2.6180 4.6893 0.0000 11.4979 0.7436 12.1392 8.4660 2.0314 11.7799 8.2289 1.8788 2.4240 6.6587 10.5228 7.7966 8.9042 4.2334 0.6286 2.8962
10.0177 9.4248 4.4376 6.6606 6.9841 4.2850 4.9297 10.7343 8.7886 5.1064 4.2264 3.4957 3.1144 3.1641 3.1182 13.4220 3.9458 1.0887 12.6061 3.9925 7.7256 13.8911 8.2551 7.2532 9.6444 5.6539 3.3990 5.6793 9.4803 10.6316 4.2821 13.0513 10.5683 8.8216 3.1122 8.5463 7.3900 4.9011 6.7313 5.2802 3.9261 4.2801 9.8186 0.7636 9.6565 5.0530 13.2233 13.9888 13.6205 14.2218 3.9151 9.9453 9.2763 11.4979 0.0000 11.6859 1.0183 3.4071 10.6202 0.5226 7.5168 10.7121 10.0907 6.0954 4.3882 4.5246 3.0805 10.4935 11.9511 13.0076
2.6389 2.3432 9.5854 6.8937 6.3918 8.4685 11.3695 2.9796 3.2799 11.6734 10.0162 8.3034 8.8702 8.6314 8.7556 2.8851 8.0591 12.6351 1.2950 8.0159 5.4385 3.1822 5.1405 8.1037 2.7248 7.5010 10.0394 6.3299 3.4896 1.7664 8.1284 1.9687 1.8917 4.1151 8.6848 4.4490 8.2405 7.6885 6.9645 8.0107 8.1184 7.7376 3.0767 12.3607 2.3041 7.7930 1.5653 3.4148 2.8902 3.3632 8.9690 2.5334 4.9251 0.7436 11.6859 0.0000 12.3272 8.6188 1.9185 11.9679 8.4401 1.7961 2.3394 6.7793 10.4382 8.0037 9.0571 4.0370 1.3587 2.2320
10.6590 10.0661 5.2177 7.4748 7.7984 4.6453 5.7098 11.5485 9.4350 5.6990 5.0065 4.1386 3.7691 3.8070 3.7611 14.0684 4.5887 0.3285 13.2475 4.6354 8.3720 14.5375 8.9016 7.6135 10.2908 6.4682 4.2132 6.3257 10.1216 11.2780 4.9293 13.6977 11.2148 9.5266 3.7551 9.1927 7.7504 5.5628 7.5456 5.6405 4.3317 4.9230 10.4600 0.3433 10.2979 5.7147 13.8647 14.6352 14.2669 14.8682 4.7294 10.5917 9.9176 12.1392 1.0183 12.3272 0.0000 4.0500 11.2666 0.6446 7.8771 11.3585 10.7372 6.8630 5.1683 4.9301 3.7234 11.3077 12.5924 13.6541
6.9912 6.3577 4.2900 4.2304 4.1118 2.1632 5.5084 7.7108 5.5575 5.8987 4.1818 0.8552 0.6758 0.9850 0.3180 10.1942 0.5813 4.3530 9.5797 0.6546 4.4978 10.6633 5.0274 4.8845 6.4167 3.8654 3.3558 2.4515 6.4850 7.4038 1.0594 9.8235 7.3406 5.6525 0.7900 5.3185 5.0214 1.9032 4.3012 2.9115 1.6361 0.9795 6.8234 4.0819 6.5983 2.1388 10.1599 10.7611 10.3928 10.9940 2.8416 6.7175 6.5622 8.4660 3.4071 8.6188 4.0500 0.0000 7.3924 3.6891 5.2210 7.4844 6.8630 2.9888 4.5792 1.9710 0.7213 7.6039 8.9246 9.7799
3.1154 2.3136 7.7754 5.3537 4.5819 8.3202 9.5596 1.2448 2.9420 9.8635 8.2063 7.7552 7.6404 7.9535 7.5258 3.1790 6.8967 11.5696 3.2130 6.8534 3.6285 3.6480 3.3875 7.9554 1.9810 5.9610 8.2295 4.9499 3.7184 1.1507 6.8986 2.7724 0.7088 2.3051 7.7508 2.6391 8.0923 6.3924 5.4245 7.8624 7.9702 6.9684 3.4149 11.2950 2.0818 6.3051 3.3377 3.7458 3.3775 3.9788 7.2070 0.7234 4.7929 2.0314 10.6202 1.9185 11.2666 7.3924 0.0000 10.9022 8.2919 0.6451 0.5294 5.2914 8.6282 7.8554 7.8986 2.6574 2.6465 2.7646
10.2997 9.7068 4.7220 6.9791 7.3027 4.5014 5.2141 11.0528 9.0706 5.2033 4.5108 3.7777 3.3964 3.4461 3.4002 13.7040 4.2278 0.8022 12.8882 4.2745 8.0076 14.1731 8.5372 7.4695 9.9264 5.9725 3.7175 5.9613 9.7623 10.9136 4.5641 13.3333 10.8504 9.1402 3.3942 8.8283 7.6064 5.1831 7.0499 5.4965 4.1877 4.5622 10.1007 0.4144 9.9385 5.3351 13.5053 14.2708 13.9025 14.5038 4.2337 10.2273 9.5583 11.7799 0.5226 11.9679 0.6446 3.6891 10.9022 0.0000 7.7331 10.9941 10.3728 6.4140 4.6726 4.7862 3.3625 10.8120 12.2331 13.2897
6.6550 6.1790 9.1719 7.0876 6.9950 3.4804 10.3316 9.3123 5.7675 10.7220 9.0636 4.4703 5.8012 4.5086 5.3064 11.3131 5.1601 8.1850 8.4713 5.2460 7.2672 11.6102 7.2216 0.4764 6.6898 7.7996 8.2376 6.1128 6.0729 7.7723 5.8056 10.3279 7.7381 8.0900 4.6971 7.7560 0.3421 6.2097 7.1584 2.6990 3.8554 5.1341 6.5497 8.0836 6.4108 6.4453 9.8587 11.8428 11.3182 11.7912 7.9134 8.5081 4.8757 8.2289 7.5168 8.4401 7.8771 5.2210 8.2919 7.7331 0.0000 7.9267 8.3141 6.9230 9.4610 3.2931 5.1351 10.0414 7.8814 10.5912
2.5207 1.9459 8.1017 5.6057 4.9082 7.9551 9.8859 1.8727 2.5768 10.1945 8.5326 7.7900 7.7324 8.0454 7.6177 3.6917 6.9886 11.6615 3.0757 6.9454 3.9548 4.1607 3.7138 7.5903 1.6158 6.2129 8.5558 5.0419 3.3533 0.5559 6.9906 2.9397 0.2174 2.6362 7.8427 2.9701 7.7271 6.5507 5.6765 7.4973 7.6050 7.0604 2.9585 11.3869 1.7141 6.5049 3.3496 4.2585 3.8902 4.4915 7.5334 1.1685 4.4277 1.8788 10.7121 1.7961 11.3585 7.4844 0.6451 10.9941 7.9267 0.0000 0.9745 5.4913 8.9546 7.4903 7.9905 3.2853 2.4939 3.0372
3.4079 2.3358 7.2460 4.8243 4.0525 8.3239 9.0302 1.1291 2.9642 9.3340 7.6768 7.2258 7.1110 7.4241 6.9964 3.3426 6.3673 11.0402 3.5309 6.3240 3.0991 3.8117 2.8581 7.9776 2.0032 5.4316 7.7000 4.4205 3.7406 1.4802 6.3692 2.9719 0.9502 1.7757 7.2214 2.1096 8.1145 5.8630 4.8951 7.8645 7.9747 6.4390 3.4371 10.7656 2.1040 5.7757 3.5670 3.9095 3.5412 4.1424 6.6776 0.1940 4.8151 2.4240 10.0907 2.3394 10.7372 6.8630 0.5294 10.3728 8.3141 0.9745 0.0000 4.7620 8.0988 7.8591 7.3691 2.6357 3.0391 2.9283
5.3828 4.5311 3.3952 1.3542 1.4124 4.6277 5.1794 5.5142 3.9957 5.5563 3.8261 3.3516 3.2368 3.5499 3.1222 8.0932 2.4931 6.9801 7.8283 2.4499 2.1213 8.5623 3.0343 6.5865 4.4236 0.9890 3.7838 1.0266 5.4884 5.4107 2.4950 7.7225 5.3475 3.4559 3.3472 3.1716 6.7234 1.7133 1.4249 5.2248 4.1006 2.5648 5.4022 6.6550 4.6098 1.6260 8.3176 8.6601 8.2918 8.8930 2.4717 4.6165 5.3240 6.6587 6.0954 6.7793 6.8630 2.9888 5.2914 6.4140 6.9230 5.4913 4.7620 0.0000 4.2480 4.2843 3.4950 5.3236 7.2063 7.6789
9.3489 8.4972 1.0134 4.4762 5.1104 6.2266 1.1366 8.5499 7.9618 1.5204 0.6873 5.2675 4.0819 4.9666 4.3825 11.4300 5.0046 5.2387 11.6183 5.0244 5.6082 11.8991 7.0004 9.1246 8.3897 4.0232 1.3142 5.1622 9.2401 9.2504 5.2991 11.0593 8.8108 6.6372 4.8677 6.4158 9.2614 4.4903 4.5469 7.1516 5.7649 5.4029 9.3683 4.9136 8.5759 4.1347 11.6544 11.9969 11.6286 12.2298 2.5744 7.9533 9.0757 10.5228 4.3882 10.4382 5.1683 4.5792 8.6282 4.6726 9.4610 8.9546 8.0988 4.2480 0.0000 6.3633 4.5325 8.3091 11.1379 11.0157
6.3164 5.7426 6.0742 5.5258 5.4072 0.5199 7.2339 8.8573 5.1302 7.6243 5.9659 1.2203 2.5512 1.4109 2.0564 10.8766 1.9101 5.2380 8.9049 1.9961 5.7933 11.1738 5.9621 2.9566 6.2534 5.1608 5.1399 3.7469 5.7790 7.3358 2.5994 9.8914 7.3016 6.8306 1.5994 6.4966 3.0934 3.1986 5.5966 0.9836 0.6439 1.8841 6.1174 5.1367 5.9743 3.4343 9.5220 11.4063 10.8817 11.3548 4.7254 7.8956 5.5750 7.7966 4.5246 8.0037 4.9301 1.9710 7.8554 4.7862 3.2931 7.4903 7.8591 4.2843 6.3633 0.0000 2.0374 8.7820 8.2498 10.1548
7.4295 6.7960 4.2434 4.7366 4.6180 1.9007 5.4617 8.2169 5.9957 5.8521 4.1351 0.8805 0.9399 0.6407 0.4880 10.7004 1.0594 4.0264 10.0179 1.1328 5.0040 11.1695 5.5336 4.7986 6.9228 4.2241 3.3091 2.9577 6.9179 7.9100 1.6562 10.3297 7.8467 6.1586 0.5418 5.8247 4.9355 2.4094 4.8073 2.8256 1.4389 1.4170 7.2562 3.7553 7.0366 2.6450 10.5982 11.2672 10.8989 11.5002 2.9849 7.2237 6.7138 8.9042 3.0805 9.0571 3.7234 0.7213 7.8986 3.3625 5.1351 7.9905 7.3691 3.4950 4.5325 2.0374 0.0000 8.1101 9.3629 10.2860
5.3284 4.2563 7.4563 5.3660 4.5942 9.2428 9.2404 1.7536 4.8643 9.0673 7.8871 7.9667 7.8519 8.1650 7.7373 4.4210 7.1082 11.3782 4.6864 7.0650 3.4802 4.8900 3.8344 9.7049 3.8198 5.9733 7.9103 5.1614 5.6609 3.7343 7.1101 4.1057 3.3564 2.0919 7.9623 2.2854 9.8418 6.4246 5.4368 8.7720 8.7157 7.1799 5.3574 11.0531 4.0289 6.3373 4.7008 4.9843 4.6195 5.2109 6.8879 2.6415 6.7325 4.2334 10.4935 4.0370 11.3077 7.6039 2.6574 10.8120 10.0414 3.2853 2.6357 5.3236 8.3091 8.7820 8.1101 0.0000 4.8485 4.0066
1.9896 2.7387 10.2851 7.3207 6.8162 8.7146 12.0692 3.7114 3.6447 12.2163 10.7159 8.5686 9.1760 8.8967 9.0614 3.5635 8.3649 12.9003 0.6759 8.3217 6.1382 3.8606 5.5675 7.4051 3.1518 7.9280 10.7081 6.7569 2.8293 2.4468 8.4342 2.7449 2.5895 4.8148 8.9500 5.1487 7.6428 7.9943 7.3915 8.2527 8.3735 8.0434 2.4274 12.6259 2.7355 8.2199 2.0183 4.0932 3.5686 4.0416 9.3960 3.2331 5.1414 0.6286 11.9511 1.3587 12.5924 8.9246 2.6465 12.2331 7.8814 2.4939 3.0391 7.2063 11.1379 8.2498 9.3629 4.8485 0.0000 3.1571
4.7937 4.4943 10.1629 7.7412 6.9693 10.6196 11.9470 3.2047 5.4310 12.1201 10.5937 10.1427 10.0279 10.3409 9.9133 0.8746 9.2842 13.9571 2.6077 9.2409 6.0160 1.3335 5.7750 10.2548 4.5169 8.3484 10.6169 7.3374 5.6444 3.2636 9.2861 0.9213 3.2276 4.6926 10.1382 5.0265 10.3916 8.7799 7.8120 10.1618 10.2695 9.3559 5.2315 13.6824 4.3938 8.6926 1.1546 1.4582 1.0629 1.6642 9.5945 3.1109 7.0762 2.8962 13.0076 2.2320 13.6541 9.7799 2.7646 13.2897 10.5912 3.0372 2.9283 7.6789 11.0157 10.1548 10.2860 4.0066 3.1571 0.0000
