gen_allday_yugocentr_4
61 11 1
G0 20 120 240 3 1
G1 30 480 600 3 0
G2 80 0 120 1 2
G3 70 360 480 2 1
G4 30 360 480 3 0
G5 70 480 600 2 1
G6 80 0 120 1 2
G7 70 120 240 2 1
G8 30 360 480 3 0
G9 80 0 640 1 2
G10 80 0 640 1 2
G11 30 0 120 3 0
G12 30 0 120 3 0
G13 80 0 640 1 2
G14 20 0 120 3 1
G15 80 480 600 1 2
G16 20 0 120 3 1
G17 70 480 600 2 1
G18 70 480 600 2 1
G19 30 0 120 3 0
G20 80 0 640 1 2
G21 30 600 690 3 0
G22 70 120 240 2 1
G23 30 240 360 3 0
G24 30 240 360 3 0
G25 80 0 640 1 2
G26 70 0 120 2 1
G27 30 360 480 3 0
G28 30 240 360 3 0
G29 70 480 600 2 1
G30 30 360 480 3 0
G31 80 0 640 1 2
G32 20 0 120 3 1
G33 70 0 120 2 1
G34 30 480 600 3 0
G35 80 0 640 1 2
G36 30 480 600 3 0
G37 80 0 640 1 2
G38 20 600 700 3 1
G39 70 360 480 2 1
G40 70 480 600 2 1
G41 30 120 240 3 0
G42 20 120 240 3 1
G43 30 0 120 3 0
G44 70 480 600 2 1
G45 30 480 600 3 0
G46 80 0 640 1 2
G47 70 0 120 2 1
G48 30 0 120 3 0
G49 70 0 120 2 1
G50 20 0 120 3 1
G51 20 480 600 3 1
G52 70 600 650 2 1
G53 70 480 600 2 1
G54 80 0 640 1 2
G55 80 0 640 1 2
G56 80 0 640 1 2
G57 30 0 120 3 0
G58 70 600 650 2 1
G59 80 0 640 1 2
G60 70 240 360 2 1
0 1 3
0 1 3
0 3 7
0 1 3
0 1 2
0 1 1
0 1 1
0 1 7
0 1 6
0 0 7
0 3 3
0.000 7.405 11.614 9.690 9.411 7.824 6.687 10.021 6.686 9.704 5.423 9.845 8.227 4.728 5.992 4.838 9.452 7.668 11.112 13.122 12.300 4.889 11.712 7.582 8.904 7.306 6.225 11.454 11.752 7.193 11.337 6.865 13.797 5.665 7.967 6.592 9.488 6.738 10.753 14.909 6.381 11.565 9.559 6.767 9.723 8.823 7.473 8.328 12.031 14.593 6.036 6.895 9.126 12.139 7.855 6.064 11.243 8.630 12.940 12.234 6.950 7.972
8.021 0.000 14.992 11.902 10.705 10.840 8.390 14.900 6.252 12.300 4.477 16.003 10.716 10.129 8.628 5.255 12.780 11.995 14.624 19.634 16.394 4.814 14.287 11.203 13.144 11.551 10.676 12.371 14.415 6.350 18.812 5.711 17.076 7.177 10.533 10.545 13.152 5.009 16.198 20.672 8.976 16.049 10.123 5.924 11.615 10.754 3.386 9.317 16.835 16.517 4.985 4.824 11.882 11.776 9.223 7.342 14.049 12.358 15.809 13.351 7.149 12.231
13.135 13.245 0.000 9.661 6.910 8.903 13.799 5.522 10.737 12.502 13.849 3.390 16.799 11.668 11.958 15.028 13.762 16.166 5.583 11.624 9.713 11.023 4.062 15.468 5.327 6.495 11.244 13.981 12.244 14.482 12.966 16.313 4.114 13.425 15.932 7.274 8.981 13.924 14.674 15.034 8.725 9.221 17.448 13.370 13.707 17.085 13.461 14.379 10.345 16.444 12.431 13.866 14.588 3.582 16.173 15.047 4.080 16.971 8.307 6.317 12.332 10.263
7.488 13.800 12.545 0.000 10.880 7.330 5.711 8.771 11.595 4.030 11.356 10.283 7.771 6.826 8.071 10.158 4.657 7.826 9.740 7.328 9.243 9.364 11.394 9.170 12.433 7.646 4.969 6.554 8.987 10.021 7.468 10.237 10.245 9.771 7.749 7.156 7.362 11.364 5.441 10.886 9.713 6.420 7.342 9.079 8.341 10.031 14.554 6.421 6.481 10.068 11.277 9.961 10.099 9.323 7.221 6.715 10.342 7.586 6.338 8.003 9.007 3.811
7.723 9.466 7.699 10.423 0.000 5.884 10.708 6.589 7.132 12.507 9.907 6.723 13.553 9.187 9.393 8.995 11.230 14.544 6.789 15.932 13.430 8.409 7.595 12.624 5.750 5.625 11.948 12.127 12.902 11.567 15.752 10.118 7.616 11.072 12.512 6.196 10.292 9.788 13.698 15.930 5.014 10.240 12.823 11.944 13.842 15.005 11.954 11.566 10.334 13.210 10.410 9.150 16.046 7.651 13.044 10.887 8.510 11.392 10.775 10.187 12.542 11.966
7.151 9.457 6.743 7.384 6.321 0.000 7.410 6.317 8.259 8.843 10.551 7.160 10.924 7.306 9.618 7.581 9.720 11.568 7.465 11.013 10.822 6.986 8.275 12.551 6.080 4.289 9.632 11.605 9.804 12.659 12.277 9.059 8.542 10.826 9.151 3.182 9.542 8.151 11.337 15.203 3.837 7.438 12.199 11.121 9.483 10.184 10.786 8.417 10.204 13.669 8.095 9.682 10.914 6.857 9.269 9.828 9.818 9.505 7.886 6.935 8.433 7.046
5.839 8.823 11.504 6.670 11.637 8.317 0.000 9.404 10.693 5.749 9.630 11.246 5.434 3.697 4.532 8.608 4.963 7.202 10.988 11.975 13.050 8.788 9.835 5.910 10.911 7.730 4.241 7.174 11.012 9.236 10.549 7.365 12.779 7.331 5.396 8.914 8.925 7.749 8.645 13.386 9.390 8.890 6.854 7.555 6.472 7.119 10.988 4.358 11.214 12.169 7.694 9.752 8.497 11.480 5.211 5.440 11.933 6.260 10.549 12.118 4.742 6.766
11.238 13.359 4.567 10.626 7.242 7.488 10.570 0.000 10.375 9.322 13.978 4.418 11.580 9.189 11.169 11.699 11.535 14.827 3.872 11.757 9.029 12.655 4.315 15.112 6.611 7.174 11.958 13.645 8.893 13.675 12.240 16.120 5.454 11.554 12.755 6.509 6.485 13.642 11.556 14.034 6.215 7.784 14.660 11.726 14.594 16.014 14.730 11.240 7.561 14.555 13.889 14.028 14.490 5.321 11.283 12.486 5.271 11.446 7.194 6.111 13.601 10.724
6.627 5.333 11.597 11.742 7.054 9.195 8.129 13.227 0.000 10.218 4.845 12.965 10.811 7.211 8.771 5.721 11.492 11.241 11.107 16.603 17.282 4.795 13.580 9.849 9.500 7.012 10.696 11.582 16.605 7.521 16.581 7.384 11.335 7.808 10.939 7.797 12.249 6.476 15.926 16.593 7.623 11.499 10.030 6.623 12.761 10.921 5.530 11.843 14.892 15.759 6.026 4.731 12.125 9.803 10.584 7.942 13.522 12.240 15.241 13.157 8.694 11.829
7.938 10.535 10.551 4.439 10.240 10.142 6.227 10.757 12.360 0.000 10.020 13.854 5.820 6.681 7.390 9.958 4.297 6.147 10.430 10.122 10.444 10.827 10.280 7.510 11.458 8.356 5.523 5.619 8.592 12.292 8.227 8.542 11.595 7.550 6.145 8.088 9.275 11.332 6.569 9.831 7.789 7.341 7.652 9.322 6.878 7.273 13.932 5.733 7.802 9.405 9.493 13.012 10.029 10.966 6.394 6.410 11.624 5.374 9.234 11.026 6.516 4.268
5.965 3.879 14.659 11.727 9.973 8.352 9.863 14.556 4.719 12.586 0.000 14.294 9.386 7.854 6.710 4.945 11.383 9.271 14.124 15.384 15.241 5.189 11.255 11.611 10.563 9.994 10.505 12.165 17.160 6.818 16.397 5.730 12.602 7.164 10.483 8.403 14.891 4.344 14.688 16.744 9.857 12.200 11.870 5.097 10.132 10.315 4.930 11.983 13.651 15.699 4.927 3.980 9.756 11.652 10.951 8.872 13.063 12.929 13.719 15.516 8.090 10.434
12.813 14.560 3.410 12.911 6.314 7.275 13.507 4.837 10.657 10.400 11.402 0.000 14.677 10.236 14.518 13.308 11.291 14.929 5.592 13.158 10.540 11.272 4.862 14.758 4.071 6.586 10.910 14.289 10.589 16.380 10.853 15.133 4.727 15.416 12.911 7.361 9.869 13.713 13.828 13.279 6.832 9.313 17.713 14.457 16.564 13.541 14.800 12.909 8.226 14.916 14.517 14.425 16.065 3.319 13.582 12.476 4.623 14.021 9.280 7.602 13.988 11.548
8.705 10.375 12.819 7.611 13.248 11.467 6.009 14.044 12.885 6.335 11.310 14.867 0.000 7.016 6.050 8.540 5.349 4.379 11.549 10.998 12.182 11.102 12.442 4.093 14.678 11.615 6.206 6.861 12.034 9.465 13.062 7.150 14.769 6.699 3.362 9.081 13.485 7.940 8.166 13.586 10.898 10.472 4.049 7.578 2.957 4.173 10.209 4.804 10.004 10.313 8.105 9.676 6.412 15.711 3.672 5.006 16.758 5.232 11.180 12.720 6.077 7.446
5.270 9.132 11.079 7.432 10.367 7.028 3.824 9.472 9.009 6.952 9.156 12.890 7.467 0.000 4.428 6.230 6.491 7.165 10.453 13.075 14.621 7.579 9.367 7.481 10.401 6.680 4.924 9.201 11.391 9.388 12.899 8.244 10.758 5.887 7.534 8.042 10.204 7.192 7.905 13.721 8.571 9.850 8.146 6.820 6.683 6.766 8.338 6.119 10.609 11.880 6.550 7.352 7.808 9.838 6.978 4.640 11.098 7.661 10.827 10.694 6.023 7.182
6.068 7.903 12.947 7.690 12.017 8.199 4.708 11.142 7.930 7.736 6.733 14.739 6.510 4.703 0.000 6.052 6.766 6.296 11.027 11.514 12.793 5.891 12.105 5.646 12.273 10.310 6.346 8.211 12.411 6.614 11.044 6.128 14.551 4.431 7.004 8.908 10.473 5.724 8.491 16.415 8.813 11.036 5.854 5.708 6.394 5.685 8.799 5.843 12.513 15.244 5.942 7.903 6.862 11.717 5.452 4.421 13.329 6.270 12.328 12.966 4.367 7.190
4.790 4.539 12.294 9.458 8.693 8.352 8.943 11.124 6.349 9.827 4.652 13.085 9.832 8.189 5.977 0.000 9.224 9.528 10.917 17.322 15.311 3.796 12.362 8.399 11.864 10.316 8.282 10.777 13.046 5.786 16.937 6.037 11.867 6.676 9.881 8.762 14.873 4.293 14.388 16.008 8.887 14.634 9.996 3.707 10.047 10.464 5.307 8.931 12.162 14.237 3.080 5.920 10.383 12.159 9.121 6.601 14.393 11.669 14.756 14.034 6.788 11.585
8.493 11.311 13.280 5.755 11.617 8.015 5.416 10.427 10.006 3.800 12.115 11.159 5.265 5.750 7.560 9.982 0.000 5.594 12.580 8.414 13.201 9.669 12.639 5.462 11.812 9.333 4.113 5.747 9.474 9.463 9.171 9.010 15.310 9.083 5.923 9.193 10.181 10.148 6.351 13.029 9.685 8.282 7.112 8.214 5.196 7.897 13.292 4.278 7.912 10.345 10.935 12.831 8.348 13.673 5.360 5.858 13.459 5.438 9.036 9.691 6.049 5.568
8.524 10.403 13.660 7.665 13.192 11.353 7.022 14.028 9.978 6.882 9.797 13.583 4.299 6.991 6.172 10.209 5.568 0.000 14.230 11.193 16.661 10.778 14.067 3.899 13.553 11.240 6.965 5.425 13.362 7.725 11.867 9.034 16.349 5.689 4.052 9.458 14.052 8.771 8.734 15.751 10.743 13.168 3.027 7.697 4.381 3.584 11.636 4.613 10.832 12.487 10.625 10.486 5.640 14.614 5.159 6.749 14.112 5.278 13.983 15.161 5.144 8.839
9.550 13.073 4.770 8.848 7.737 5.857 10.918 4.146 12.835 11.270 13.402 4.551 14.609 10.659 13.325 12.861 12.607 12.484 0.000 11.945 9.047 12.553 3.551 15.184 6.136 5.953 12.265 11.154 10.594 14.543 12.206 14.551 5.153 14.345 14.293 7.392 7.867 14.297 12.236 14.476 6.560 7.565 15.802 13.537 13.628 14.106 12.460 10.965 8.744 12.461 12.560 12.960 16.267 4.691 13.207 13.887 5.324 13.752 8.976 5.348 12.372 9.991
11.920 15.208 11.698 7.528 12.671 13.513 11.860 11.038 15.233 8.583 18.184 14.472 13.132 12.534 12.484 13.871 10.621 14.247 12.645 0.000 5.559 17.256 10.559 14.029 11.532 12.395 11.718 9.338 4.484 17.494 3.657 16.117 11.381 16.088 10.896 13.691 6.541 16.739 6.502 5.830 12.885 6.969 12.792 14.408 13.522 14.612 19.924 11.338 6.423 5.884 15.154 15.183 13.683 12.177 12.225 10.936 12.027 10.140 6.207 8.180 14.569 9.440
12.485 17.282 9.969 8.494 12.222 11.166 14.026 10.454 15.541 12.060 14.748 10.788 13.362 13.539 16.065 18.451 12.058 12.860 9.256 5.893 0.000 15.772 9.297 15.230 10.676 10.856 13.134 10.657 4.902 16.890 5.764 15.322 10.189 16.108 11.782 11.081 6.647 17.845 9.913 8.052 10.496 6.532 14.147 14.781 12.996 17.286 16.560 12.174 6.470 7.203 16.619 16.718 17.997 9.985 13.098 15.033 9.878 14.322 5.498 6.380 15.567 8.783
5.657 5.366 13.873 9.789 9.882 8.025 7.791 10.572 4.837 11.028 3.897 10.979 9.568 8.134 7.495 3.707 10.408 8.798 12.433 16.698 16.663 0.000 12.731 9.496 12.724 8.243 9.887 12.706 13.721 7.719 12.706 7.353 14.825 7.257 11.154 7.805 11.490 5.194 12.889 15.910 8.604 12.590 10.051 4.678 10.669 10.141 5.805 9.900 12.635 17.255 4.619 5.067 10.914 11.215 10.444 8.112 13.113 9.520 11.570 13.798 6.705 10.494
10.213 16.187 3.872 8.915 7.701 7.688 10.022 3.487 12.839 11.380 11.935 4.862 15.517 11.874 11.702 14.843 12.896 16.486 3.867 9.968 9.403 13.056 0.000 13.741 4.671 6.435 11.907 13.295 9.105 17.484 12.201 12.475 5.563 13.116 14.869 6.895 7.433 12.285 12.342 13.451 7.170 8.070 13.276 13.951 14.178 13.296 15.757 13.428 8.017 12.911 12.164 11.305 16.311 4.373 12.047 11.662 4.351 14.146 8.161 6.667 12.976 11.378
8.127 11.469 16.537 7.627 13.037 9.894 6.690 15.419 11.905 7.930 10.531 16.196 3.151 7.050 6.529 8.012 6.505 3.191 14.871 12.088 16.576 9.974 15.349 0.000 14.425 12.420 6.054 5.651 11.217 8.068 12.486 8.777 16.128 6.599 4.739 9.365 13.410 9.504 8.760 13.272 10.474 10.885 3.640 9.528 3.554 3.922 11.734 5.988 10.528 12.758 9.748 11.040 5.680 13.774 3.891 6.460 17.179 4.525 13.243 11.733 6.347 8.724
11.318 11.340 5.266 9.627 5.369 7.288 11.580 5.959 9.549 12.501 12.935 4.708 13.752 10.446 12.676 10.953 11.356 15.694 4.759 12.595 12.815 10.441 5.364 16.689 0.000 6.892 10.286 16.098 12.843 13.693 13.024 15.714 4.529 12.195 13.248 6.994 8.701 14.278 13.563 15.908 6.326 7.917 14.790 12.353 15.490 14.552 13.643 13.319 10.658 16.353 12.252 12.230 14.054 4.011 11.631 14.546 5.640 15.655 9.566 6.648 11.164 9.754
7.757 10.734 7.598 9.069 5.796 3.831 9.860 6.593 7.558 9.749 9.387 7.586 12.222 8.818 7.970 9.506 10.710 10.420 6.789 11.625 11.776 8.284 7.767 12.767 6.831 0.000 9.486 10.816 12.819 12.638 13.113 10.639 7.121 9.825 11.822 4.422 9.613 10.340 11.868 14.725 3.030 8.902 10.343 9.894 12.224 11.137 11.230 9.377 9.120 12.164 8.021 9.933 12.123 7.817 9.994 8.226 9.365 10.607 8.756 7.132 10.317 8.968
6.182 8.922 11.594 6.188 11.812 9.052 4.530 11.891 9.370 4.302 9.618 14.282 6.075 4.915 4.933 7.740 4.489 6.887 12.521 11.349 13.130 7.453 12.227 5.666 13.396 8.350 0.000 7.007 10.329 7.930 11.342 9.305 14.895 6.975 5.619 7.973 10.045 8.839 6.436 11.475 9.452 10.213 5.558 9.447 6.311 6.107 11.319 3.986 9.430 11.620 8.012 10.084 6.794 12.430 5.128 6.040 14.812 5.509 9.624 9.410 4.984 6.113
11.546 11.703 16.278 5.792 12.601 12.032 6.151 11.769 12.347 5.617 14.062 15.381 6.497 7.344 8.949 12.363 5.085 5.488 14.552 10.630 11.990 10.854 15.602 6.489 15.924 13.678 6.575 0.000 10.388 10.355 10.118 11.190 14.832 8.936 6.411 10.265 10.608 10.963 5.638 12.393 13.277 9.221 6.015 11.682 6.799 6.722 15.243 5.165 11.279 9.464 12.448 14.586 8.311 13.871 5.397 7.705 14.061 4.775 8.968 13.483 9.379 7.737
11.287 14.546 10.604 8.173 13.873 10.267 11.738 8.268 13.673 9.791 16.481 12.652 10.696 12.969 12.955 16.723 9.111 12.597 9.848 5.236 5.670 15.976 11.070 13.426 10.197 9.632 10.441 11.240 0.000 13.925 5.712 15.830 12.114 13.366 11.644 9.577 5.225 16.096 9.114 8.445 11.890 5.972 13.369 16.220 11.215 14.745 17.620 11.209 5.668 7.198 16.869 14.286 12.912 11.597 13.236 12.795 10.463 10.141 4.302 7.370 14.629 7.626
6.958 6.052 14.897 9.739 11.316 12.290 7.487 13.860 9.458 11.892 7.636 16.716 9.115 8.831 7.111 6.221 8.976 7.436 15.204 18.660 19.203 8.066 14.640 9.559 14.320 10.852 10.238 10.250 17.324 0.000 16.241 4.654 14.192 6.087 8.501 12.568 15.349 5.728 14.989 20.324 10.890 15.011 9.889 5.163 8.684 7.824 6.311 9.346 16.438 17.986 5.839 8.297 8.185 16.878 9.029 6.122 16.649 8.886 15.583 16.522 7.319 11.565
12.185 16.551 13.312 6.998 11.694 12.913 9.620 9.140 15.331 9.375 15.628 13.109 11.603 11.918 10.980 15.835 8.719 11.337 11.204 3.612 5.777 16.435 11.219 11.318 12.292 13.377 11.316 8.345 5.765 17.230 0.000 16.525 14.186 14.112 12.137 11.076 8.053 16.869 6.294 6.988 12.679 6.979 11.329 14.879 12.915 13.934 17.959 9.489 6.363 4.760 13.951 14.055 13.786 11.135 11.731 13.480 12.225 10.091 5.962 7.560 13.447 7.288
6.013 7.282 14.603 9.855 11.084 10.775 7.384 14.834 8.507 10.280 5.715 13.756 8.705 6.712 4.963 4.670 8.966 7.868 14.642 15.453 19.130 6.380 14.835 7.010 14.529 10.917 8.970 10.409 17.075 4.708 14.894 0.000 16.700 4.358 7.625 8.687 14.678 5.091 11.109 18.894 8.946 12.452 8.363 5.102 7.684 8.526 7.404 9.009 15.920 16.784 4.789 7.273 7.779 15.417 8.193 6.891 17.749 9.659 15.561 12.344 6.544 11.215
11.533 12.820 3.518 11.381 8.304 9.553 14.100 5.709 14.272 11.011 13.001 4.348 15.574 11.538 15.784 13.998 12.589 14.052 5.088 14.553 10.099 13.334 4.995 15.767 4.773 7.706 13.859 15.231 11.413 18.387 13.888 14.628 0.000 13.367 15.779 7.866 8.300 15.288 14.558 14.256 9.385 9.604 17.950 13.868 15.071 15.538 13.803 12.578 11.135 14.128 13.034 11.805 15.680 4.497 16.571 15.475 3.768 16.215 10.545 6.405 16.276 10.530
5.760 8.332 16.206 8.623 11.406 9.165 6.513 11.703 8.498 8.665 7.502 15.672 7.407 6.402 4.140 5.269 7.536 6.654 13.117 14.421 14.966 6.732 16.070 7.229 14.944 10.790 6.178 8.929 13.607 6.046 12.143 4.180 14.572 0.000 7.791 9.256 14.748 5.838 9.755 17.201 9.710 14.333 6.171 4.769 7.240 6.915 8.896 7.585 12.372 13.841 6.504 9.003 7.509 13.285 5.995 4.568 17.593 7.396 13.758 15.456 4.574 8.823
8.565 10.556 15.476 7.837 12.337 11.678 6.052 11.513 12.614 6.082 9.098 13.255 4.282 7.541 7.005 9.938 5.776 4.734 13.703 11.700 15.065 9.880 13.860 4.184 12.610 9.561 5.910 5.240 10.933 9.817 10.823 7.664 15.296 6.790 0.000 11.487 10.387 8.998 8.332 12.188 11.515 10.261 4.494 9.293 3.698 5.450 11.210 4.103 9.499 11.103 9.460 10.715 6.593 14.779 3.658 4.960 14.642 4.498 9.673 14.130 5.979 7.746
6.351 9.556 7.377 7.249 6.480 3.424 8.741 7.367 8.131 7.629 8.042 7.452 11.735 7.540 8.239 8.842 8.587 11.268 6.060 12.820 11.417 7.470 7.604 11.012 6.711 3.908 8.012 10.943 12.532 10.734 10.023 10.130 9.303 11.034 10.795 0.000 9.972 9.740 10.796 13.021 4.249 8.817 11.282 8.159 9.080 10.610 9.018 9.857 9.591 15.029 9.764 8.532 13.782 6.667 9.061 8.473 8.124 10.590 9.498 7.830 9.296 6.819
9.993 15.234 7.773 6.652 11.710 7.571 10.131 6.507 14.463 8.547 14.632 8.208 10.384 9.266 11.131 14.946 8.215 11.884 7.000 7.285 6.133 11.152 6.569 13.550 9.321 7.711 8.727 9.866 5.104 16.745 6.692 14.150 8.028 12.126 9.938 7.714 0.000 14.642 7.625 9.419 7.825 3.546 11.569 12.390 10.834 11.397 15.536 10.377 4.127 8.819 12.715 14.104 13.225 8.951 11.223 13.131 9.273 12.748 3.790 5.400 10.468 7.130
6.670 5.691 15.153 11.831 11.577 8.485 7.893 12.485 5.723 10.329 5.638 14.743 9.960 7.515 7.029 4.203 10.245 9.011 13.214 17.439 17.335 5.257 14.313 8.352 14.480 8.443 8.858 10.336 17.324 5.759 16.860 4.247 16.741 5.705 8.737 8.892 14.314 0.000 10.904 19.183 10.737 13.452 7.965 3.153 10.277 9.506 5.936 7.864 13.613 15.298 3.894 5.089 10.093 11.716 9.579 5.981 14.527 10.036 15.999 15.035 6.868 11.803
12.216 15.219 12.864 6.094 11.712 9.883 7.126 12.281 14.477 5.774 12.072 14.148 9.329 9.615 9.385 11.450 6.206 7.910 12.376 7.830 8.967 12.682 12.171 9.273 15.064 11.651 8.031 6.164 8.006 11.591 7.464 11.469 12.783 9.933 7.960 11.139 8.690 11.412 0.000 8.043 10.484 9.167 7.284 12.616 8.311 8.946 13.129 6.771 9.179 7.457 14.589 15.953 10.673 14.920 8.261 8.395 11.988 7.562 8.441 9.784 8.500 5.983
15.715 17.896 13.404 10.844 15.100 15.853 15.534 12.395 19.330 10.275 16.532 15.601 13.890 16.081 17.574 20.090 12.335 13.710 14.878 5.895 7.778 17.214 14.070 12.320 17.119 13.150 11.611 10.683 7.395 20.489 6.496 17.740 13.144 18.094 11.567 13.420 9.080 18.332 9.380 0.000 14.004 9.248 13.622 16.350 14.293 13.851 18.922 11.752 9.808 5.377 20.091 18.786 17.505 14.043 15.618 14.035 16.387 11.105 8.922 9.848 15.164 11.403
7.891 9.378 7.006 7.877 4.968 3.587 9.251 6.302 8.841 8.952 9.823 8.242 11.281 8.579 8.536 8.488 8.566 13.283 7.483 13.623 13.181 7.829 7.709 10.836 5.905 3.568 8.377 11.654 9.748 10.614 11.945 11.519 7.319 9.321 11.535 4.222 9.299 9.282 11.130 15.380 0.000 9.078 12.102 10.438 10.641 12.045 9.303 8.811 9.034 14.206 9.571 8.972 12.809 8.056 8.855 10.194 9.223 12.455 8.689 8.946 10.466 7.687
11.263 16.392 7.817 7.001 9.923 7.574 8.549 7.663 14.007 6.901 13.674 10.015 11.823 10.544 9.510 13.124 8.087 12.764 6.893 6.762 7.061 12.914 8.581 12.683 8.044 7.386 9.947 9.858 5.195 15.350 7.833 14.016 9.409 13.091 11.507 7.491 3.685 14.020 8.249 9.446 8.819 0.000 10.606 11.273 10.058 12.126 14.347 8.548 4.079 8.090 14.656 14.077 13.106 9.678 9.583 11.288 9.759 12.003 4.346 4.525 10.390 5.993
8.257 10.785 14.716 8.578 12.380 9.920 7.381 15.712 11.937 7.096 11.287 16.596 4.306 7.606 6.767 8.455 5.551 3.650 14.863 13.630 16.122 11.263 16.635 4.031 15.663 12.398 6.034 5.610 12.909 9.447 10.685 8.765 17.756 7.221 4.283 10.349 12.300 8.839 8.149 12.677 11.025 11.103 0.000 8.364 4.340 4.724 10.342 5.566 12.149 10.513 8.302 11.083 4.504 13.768 4.742 5.413 14.085 4.349 10.403 12.009 5.280 9.386
5.312 5.906 13.589 11.449 11.438 9.034 7.039 12.318 6.260 11.204 5.038 15.985 9.113 8.297 5.697 4.773 10.843 8.790 11.167 13.693 18.234 5.642 13.918 9.228 13.332 10.957 9.272 11.934 13.862 5.681 15.049 4.010 13.747 5.742 8.951 8.234 11.747 3.081 13.539 16.432 9.964 14.655 10.240 0.000 7.641 9.336 5.886 9.421 12.467 14.886 3.671 5.465 8.540 14.107 8.468 7.082 13.562 11.006 12.835 13.781 6.981 11.554
8.208 10.759 13.475 6.723 13.663 10.491 6.369 14.280 9.703 6.616 11.563 13.129 3.847 7.223 6.589 8.025 6.245 3.290 11.779 13.163 12.800 11.195 15.257 4.145 13.585 11.355 5.174 6.105 10.666 8.368 11.069 7.077 15.452 6.999 3.695 11.565 12.469 10.197 7.052 12.971 10.142 12.026 3.685 9.396 0.000 4.154 9.978 4.251 12.883 12.460 9.563 9.660 6.095 16.376 4.541 6.399 16.990 5.162 10.772 11.062 5.772 8.652
9.262 10.794 13.701 8.776 11.910 13.482 6.667 14.005 10.485 8.433 12.002 16.277 4.156 6.753 6.195 10.458 7.101 4.697 13.804 13.732 17.173 8.575 16.556 3.696 16.502 10.546 7.280 6.975 14.412 9.062 11.410 7.750 14.977 6.529 5.397 9.967 14.086 8.029 9.826 14.942 11.133 14.289 4.072 8.765 5.097 0.000 11.316 7.002 12.023 11.960 8.060 12.222 4.917 15.493 5.243 6.973 16.640 5.508 13.351 14.728 6.285 7.905
7.568 3.390 16.163 12.217 11.955 9.775 9.661 15.308 6.147 10.891 4.360 15.221 10.385 8.397 9.540 4.895 11.984 12.731 12.969 16.412 19.271 5.633 15.614 12.625 12.476 10.095 12.242 13.804 19.667 5.748 15.886 6.672 16.460 8.787 11.598 11.499 14.045 4.975 13.619 17.687 11.017 14.950 10.269 4.921 11.608 10.387 0.000 10.759 17.585 20.607 4.661 5.009 10.502 15.237 11.475 10.218 14.081 11.368 13.971 17.311 9.013 11.650
8.961 11.013 14.295 6.582 13.376 9.771 5.111 11.635 9.834 5.354 11.522 15.052 4.866 6.150 6.573 9.061 4.290 5.612 11.572 9.742 13.121 10.735 11.227 4.830 14.659 10.617 4.194 5.039 9.462 9.034 9.133 9.672 14.972 6.907 4.755 8.257 10.089 8.821 6.232 13.491 8.775 8.363 4.967 9.803 4.781 6.996 12.908 0.000 10.812 12.138 10.763 9.354 6.123 12.689 4.992 5.665 13.846 5.020 9.376 9.921 5.153 6.089
11.215 15.426 8.187 6.636 12.326 8.239 8.876 6.813 12.608 8.761 12.164 8.453 11.746 10.780 12.165 13.206 9.253 10.806 8.880 7.433 6.328 13.831 9.097 13.204 10.618 8.231 10.122 10.020 5.387 17.193 5.931 14.170 9.230 12.076 11.741 8.340 3.840 13.858 9.360 10.301 7.874 3.815 12.743 15.416 12.503 13.799 13.409 11.284 0.000 9.355 13.727 13.337 15.305 9.742 11.781 10.091 9.773 12.432 3.603 5.584 11.002 6.453
13.409 15.585 15.702 10.473 16.625 14.329 12.636 14.068 16.716 9.543 16.487 15.936 10.738 11.712 15.333 16.497 11.200 14.024 13.695 5.922 8.793 16.575 13.369 12.631 15.268 12.783 11.045 9.230 6.347 17.795 5.104 15.087 15.730 13.527 13.132 13.526 9.997 14.486 7.366 4.684 14.716 9.076 13.731 18.545 11.033 12.633 19.352 9.428 9.362 0.000 15.526 15.642 13.009 15.754 10.117 13.599 14.392 10.418 7.921 11.790 11.496 9.041
5.502 5.374 12.619 11.891 9.085 8.584 8.670 11.083 5.367 8.862 4.097 12.756 9.762 6.501 6.678 3.825 9.509 8.458 11.343 14.070 15.956 4.923 12.863 10.958 11.976 9.659 9.119 12.302 15.661 6.859 17.283 4.901 12.506 6.486 10.519 8.446 12.174 3.757 13.189 16.367 9.649 13.850 9.994 4.521 8.224 9.868 4.997 9.137 13.924 16.140 0.000 5.387 11.153 12.179 10.179 7.330 14.581 10.417 12.932 15.409 6.911 9.027
6.747 5.110 13.976 11.850 9.329 8.018 9.399 12.849 3.893 10.639 3.907 14.385 12.563 9.174 8.988 5.430 11.440 12.194 11.011 16.824 14.802 4.686 11.783 9.643 12.607 9.377 9.761 15.083 15.662 7.571 16.819 7.407 15.098 8.928 11.159 8.160 13.752 5.946 13.841 19.521 8.381 13.410 10.263 5.643 12.395 10.636 5.534 11.741 12.158 14.894 5.174 0.000 10.794 10.728 11.060 9.702 12.620 12.284 15.627 15.643 9.156 11.970
8.750 12.258 17.298 9.873 16.122 13.585 6.845 16.545 10.246 10.071 11.236 18.744 5.799 8.720 6.677 8.370 7.556 5.667 14.920 14.722 18.266 10.546 15.579 5.499 16.469 14.454 7.104 8.394 15.029 7.961 11.944 8.426 20.334 6.723 6.477 12.945 12.112 8.781 10.288 15.242 13.243 12.997 5.532 8.906 5.642 4.983 10.912 8.031 14.556 13.962 10.245 11.797 0.000 15.167 5.530 7.840 18.670 7.099 13.133 15.655 7.257 9.013
11.894 14.677 3.523 11.018 7.411 6.508 10.507 5.634 11.378 13.159 13.126 3.601 14.883 12.296 14.294 13.622 13.331 15.176 5.105 13.675 10.663 13.123 4.964 16.162 4.790 6.681 13.505 12.834 9.994 17.164 11.949 12.219 4.970 13.381 14.454 7.652 8.314 13.486 14.789 12.863 6.506 9.444 15.154 13.541 14.664 16.801 12.317 13.924 9.227 13.117 14.211 13.329 16.113 0.000 13.570 14.397 5.003 12.698 9.504 7.496 15.232 11.688
6.944 11.770 13.760 7.028 13.534 9.266 5.864 12.032 9.352 6.484 10.788 12.194 3.963 5.746 4.920 9.487 4.822 4.164 12.946 11.330 15.254 10.393 11.925 4.010 13.233 10.999 5.231 6.079 11.598 8.671 10.803 8.700 12.906 7.104 4.044 10.094 10.892 9.137 7.754 13.045 10.251 11.343 4.531 7.525 4.205 5.685 10.049 4.998 10.635 10.211 8.497 11.183 5.313 12.656 0.000 4.339 13.342 5.171 12.478 12.663 5.802 6.737
7.113 7.559 13.376 8.727 9.509 9.507 5.332 14.267 7.648 7.611 9.140 12.619 6.087 5.579 3.612 6.679 6.091 6.002 12.567 11.869 12.980 6.562 13.030 6.593 13.792 8.300 5.920 8.307 11.072 6.420 10.815 6.906 14.080 5.092 5.967 9.755 12.006 5.960 9.862 16.136 8.064 12.028 5.839 6.516 6.375 5.280 8.230 5.073 12.127 14.514 6.126 9.292 6.057 13.066 5.547 0.000 13.255 6.392 12.498 13.639 3.390 7.202
13.606 17.001 4.585 13.511 7.930 8.661 14.342 6.016 11.061 12.012 15.632 4.194 15.814 12.531 14.692 12.416 11.985 17.463 6.278 13.926 10.634 12.231 5.593 13.725 5.996 7.843 14.614 16.736 11.946 15.354 12.755 16.886 3.755 15.744 14.000 10.165 8.164 13.526 14.295 13.010 9.681 8.121 15.839 15.244 14.179 14.370 13.635 16.126 8.871 14.083 14.403 14.813 16.622 5.173 12.952 15.480 0.000 17.474 8.811 8.367 14.530 11.131
10.278 11.569 16.900 7.293 12.995 12.513 7.228 12.099 11.616 5.533 10.970 16.076 4.791 7.163 6.392 9.834 5.490 5.278 13.986 12.145 11.883 9.449 13.992 5.340 13.202 12.354 6.065 4.224 12.390 10.684 10.508 8.727 17.920 7.614 4.170 11.749 10.404 9.266 7.061 14.154 10.494 11.482 4.747 10.784 4.584 5.265 12.760 4.866 11.428 11.294 10.704 13.531 6.295 15.952 4.999 7.191 17.481 0.000 11.547 10.767 6.770 6.741
12.455 17.481 9.290 7.613 10.721 8.661 9.437 7.644 14.405 8.708 16.058 9.198 11.837 11.044 13.060 14.976 9.679 12.308 8.921 6.383 6.248 12.804 8.379 11.173 9.397 10.556 8.771 8.814 5.004 17.220 6.496 14.517 9.504 14.045 9.710 7.965 4.409 13.540 9.109 10.045 10.249 3.720 13.825 15.905 12.084 12.917 16.964 9.417 3.045 8.312 14.226 14.479 13.568 10.304 10.658 10.282 10.981 12.532 0.000 5.960 11.724 6.870
12.177 12.894 7.253 9.682 8.118 8.457 10.494 5.418 11.778 10.276 13.085 6.630 14.413 11.715 12.823 13.929 8.957 14.068 5.893 7.658 7.460 11.842 6.441 13.242 8.786 8.297 11.532 11.627 7.762 14.845 8.331 13.316 7.457 11.698 13.972 7.537 5.469 14.047 10.605 12.517 8.197 5.777 12.051 14.610 14.263 12.641 13.696 10.698 5.119 9.407 11.819 13.056 13.593 6.972 11.713 12.731 8.387 13.791 5.229 0.000 12.478 8.892
7.038 9.563 12.844 8.978 11.145 9.071 6.019 12.477 9.143 7.982 7.532 15.317 5.264 6.350 3.592 7.516 7.369 6.165 11.069 12.394 16.613 7.424 11.788 5.347 14.281 9.715 5.379 8.976 14.949 5.683 12.394 6.003 14.629 4.260 5.016 9.328 10.396 7.433 9.392 13.389 10.690 11.264 5.805 6.622 6.354 5.536 9.551 5.955 13.696 12.529 6.904 7.363 7.537 14.220 5.038 3.659 14.441 6.322 11.802 12.031 0.000 8.717
7.652 12.931 11.148 3.915 9.773 8.202 5.280 8.891 11.911 4.149 13.091 12.186 8.144 7.272 8.047 9.986 5.657 7.182 9.378 8.761 10.303 9.963 10.975 8.694 10.232 8.680 5.427 6.127 7.754 12.683 6.899 11.867 10.729 10.216 7.452 7.155 6.924 12.036 6.929 10.049 8.291 7.574 7.411 10.794 7.473 8.423 12.391 6.411 7.174 8.663 9.674 10.001 8.855 11.665 7.725 8.464 12.617 8.011 6.444 7.912 7.170 0.000
0.0000 4.2971 7.9556 6.1058 5.8722 4.5460 3.7262 6.7697 3.6351 6.0868 2.9583 6.7328 5.1788 2.3886 3.1326 2.4023 5.8688 4.8881 7.4238 9.3146 8.8242 2.3007 7.9666 4.8197 5.9524 4.3350 3.6396 7.6324 8.2742 4.3272 8.0012 3.8785 9.5935 3.1729 4.9908 3.7497 6.4549 3.5665 7.3097 10.9265 3.7346 7.7837 6.1177 3.6225 6.1432 5.6505 4.4790 5.1186 8.2217 10.4860 3.0931 3.8152 5.9898 8.2013 4.7891 3.3264 7.8378 5.5975 8.8755 8.3467 3.8593 5.0053
4.6545 0.0000 10.7449 8.2670 7.1595 7.1926 5.4908 10.6487 3.2682 8.4992 1.8157 11.4560 7.2348 6.4629 5.3059 2.5234 8.7519 8.1168 10.3762 14.5206 12.2024 2.4241 10.2327 7.5817 9.2485 7.6912 7.1147 8.7405 10.6127 3.5532 13.8645 3.1702 12.3443 4.3044 7.1363 6.9395 9.4957 2.4342 11.6499 15.5894 5.9516 11.5228 6.8685 2.9268 7.8613 7.2280 1.2266 6.3088 12.1880 12.2957 2.2895 2.2121 8.0402 8.3703 6.1529 4.6319 10.1800 8.5503 11.4682 9.6350 4.4694 8.4864
8.9976 9.4932 0.0000 6.5900 4.0719 5.4028 9.5924 2.6296 7.4141 8.6749 9.7966 1.0012 12.1397 8.0108 8.4590 10.6174 9.6627 11.7500 2.6112 8.1289 6.5381 7.6692 1.7174 11.2232 2.4003 3.8668 7.8529 10.0792 8.2948 10.5676 9.0496 11.7757 1.6032 9.6518 11.4475 4.4804 5.6824 9.9395 10.4136 10.8841 5.2582 5.8354 12.6892 9.5634 9.9095 12.4889 9.7138 10.1968 6.6909 11.8146 8.8036 9.7336 10.7655 1.3219 11.5787 10.6702 1.6440 12.2585 5.4068 3.6691 8.7950 6.9605
4.7180 9.5852 8.5577 0.0000 7.3178 4.5579 3.0758 5.7511 7.9150 1.6417 7.7779 7.0113 4.6861 3.8405 4.9577 6.7847 2.2544 4.8408 6.3709 4.5744 6.1069 6.2341 7.6007 5.6248 8.4463 4.8597 2.5745 3.7281 5.5850 6.8552 4.5765 6.8428 7.0933 6.3171 4.5136 4.4373 4.3948 7.6322 2.9351 7.3711 6.1251 3.7343 4.5434 6.0987 5.0256 6.4012 10.1950 3.4627 3.8294 6.4727 7.5851 6.8487 6.6684 6.2949 4.2201 4.0550 7.1553 4.4362 3.7604 5.0652 5.5676 1.2208
4.8190 6.3309 4.5370 7.0102 0.0000 3.0483 7.1364 3.9750 4.3806 8.5193 6.4557 3.9382 9.5435 5.9544 6.3161 5.8913 7.7062 10.3101 3.9646 11.3816 9.4864 5.3178 4.5530 8.9327 3.0355 2.7199 8.0640 8.6340 9.0448 8.0708 11.2130 6.9442 4.6426 7.6003 8.7635 3.2472 6.8553 6.5503 9.7055 11.7337 2.4943 6.7704 9.1010 8.0274 9.7564 10.6878 8.0988 7.9862 6.9738 9.6148 6.8408 5.8470 11.5608 4.3440 9.0637 7.3821 5.2476 8.0698 7.3097 6.5805 8.5577 8.0012
4.1552 6.2750 4.0922 4.5911 3.2750 0.0000 4.5753 3.7088 5.0937 5.6236 6.8015 4.3292 7.3794 4.3197 6.1258 4.8278 6.2685 7.8981 4.2418 7.6120 7.4424 4.2982 4.9313 8.5437 3.4949 1.5498 6.0595 7.9321 6.6234 8.6447 8.4364 6.0418 5.3734 7.1547 6.1237 1.0420 5.9999 5.3128 7.6900 10.9632 1.2705 4.6041 8.3419 7.2791 6.4142 7.0152 7.2624 5.4976 6.5215 9.6791 5.1921 6.1731 7.6482 4.0185 6.1362 6.3128 6.2076 6.4593 5.0790 4.2655 5.4831 4.3353
3.2537 5.7746 7.9970 3.5920 7.7556 5.1355 0.0000 6.3806 6.9173 2.9362 6.1794 7.8111 2.9151 1.5366 2.2244 5.2514 2.3899 4.0298 7.4083 8.1391 9.1376 5.3934 6.7459 3.2681 7.4940 4.8845 1.5912 4.2059 7.4654 5.8320 7.1016 4.4440 9.0032 4.1161 2.7858 5.4480 5.8683 4.7475 5.3375 9.5130 5.8716 5.7595 3.8563 4.6250 3.4898 4.1334 7.2849 2.0422 7.3672 8.3706 4.7552 6.3321 5.2214 7.8954 2.5529 2.5517 8.4136 3.4819 6.9539 8.1451 2.3851 3.6590
7.5916 9.5473 2.1750 6.9674 4.3690 4.3964 7.1714 0.0000 7.1576 6.2646 9.8540 2.1116 8.2296 6.1599 7.7782 8.2064 7.8854 10.6122 1.4003 7.9420 5.8165 8.7487 1.6079 10.7926 3.4594 4.1726 8.1450 9.6310 5.7449 9.9087 8.2432 11.5357 2.8148 8.2100 8.9958 3.8901 3.7519 9.6671 7.9718 9.9398 3.6487 4.5030 10.4987 8.3251 10.3748 11.5498 10.6036 7.7943 4.5378 10.1965 9.7734 9.8302 10.5714 2.4775 7.9307 8.7076 2.6931 8.1144 4.3635 3.0296 9.5544 6.9755
3.6029 2.7877 8.0077 8.0154 4.3323 5.6709 5.2587 9.1258 0.0000 6.9741 2.2678 8.9364 7.3706 4.4930 5.4613 2.9755 7.8107 7.7050 7.5787 12.1468 12.6821 2.2056 9.3859 6.7438 6.3704 4.3254 7.0649 8.1767 12.0508 4.6986 12.0860 4.4944 7.9231 4.8979 7.4519 4.7500 8.6482 3.6051 11.3701 12.4245 4.6789 8.0649 6.8909 3.7437 8.7188 7.4798 3.0356 8.0054 10.5655 11.6452 3.1141 1.9236 8.3968 6.6870 7.1072 5.0615 9.4863 8.5017 10.8448 9.2430 5.5401 8.0536
4.9788 7.2795 7.3213 1.8085 6.9751 6.4497 3.1808 7.2289 8.4360 0.0000 6.8333 9.6082 3.3111 3.6868 4.4120 6.6005 1.7321 3.6188 6.9898 6.4618 7.0533 7.1797 7.0053 4.3711 7.9092 5.4188 2.6207 2.9766 5.5078 8.2985 5.1672 5.6241 8.1502 4.7710 3.3291 5.1222 5.8011 7.5354 3.4936 6.7171 5.0130 4.5044 4.5053 6.1966 3.9071 4.4647 9.7083 2.7789 4.8364 6.1051 6.3392 8.9256 6.4278 7.5397 3.4986 3.7303 8.1677 2.9220 5.7384 7.2143 3.8968 1.8338
3.2539 1.5731 10.3702 8.0324 6.4988 5.3841 6.3290 10.2614 2.2087 8.5837 0.0000 10.0981 6.2897 4.8746 4.0407 2.1758 7.6973 6.2378 9.8733 11.2988 11.2632 2.2643 7.9548 7.8094 7.3139 6.4695 6.8872 8.5328 12.5327 3.9171 11.9976 3.1976 9.0046 4.2609 7.0396 5.3610 10.6315 2.0755 10.4794 12.5664 6.3481 8.6556 8.0089 2.4989 6.8080 6.9088 2.2556 8.0185 9.7790 11.6205 2.0709 1.5491 6.5995 8.1636 7.2308 5.5021 9.3592 8.8798 9.8514 11.0660 4.9848 7.1355
8.7625 10.4233 1.0071 8.8032 3.6985 4.3988 9.3813 2.3118 7.3452 7.2128 8.0550 0.0000 10.6008 7.0198 10.2600 9.3900 7.9236 10.8451 2.6118 9.2077 7.1052 7.8308 2.0722 10.7026 1.7999 3.9033 7.6143 10.2987 7.1804 11.9430 7.5789 10.9140 1.8741 11.0731 9.2720 4.5183 6.2512 9.7779 9.8128 9.6183 4.1004 5.8980 12.8759 10.3295 11.9688 9.8934 10.6690 9.1492 5.3253 10.7209 10.2684 10.1110 11.8501 1.1928 9.7176 8.8396 1.9023 10.1235 6.0462 4.4271 9.9675 7.8282
5.4797 7.0042 9.2636 4.5896 9.3287 7.7461 3.2231 9.9803 8.7843 3.6043 7.5792 10.7384 0.0000 4.0488 3.3135 5.5070 2.8056 1.5639 8.1807 7.6107 8.7296 7.2836 8.9076 1.3677 10.5328 7.9418 3.2193 3.6960 8.3870 5.9647 8.9650 4.3787 10.7663 3.7887 1.2315 6.1020 9.3012 5.0693 5.0620 9.7112 7.4097 7.1590 1.4666 4.8188 0.8774 1.8322 6.9390 2.2269 6.8748 7.1315 5.2662 6.5722 3.2984 11.2781 1.4253 2.5864 12.2209 2.3000 7.6917 8.9493 3.1664 4.5333
2.6626 5.8270 7.6064 4.1816 6.7192 4.1552 1.5894 6.3497 5.6133 3.8361 5.6829 8.8401 4.3090 0.0000 2.1408 3.6437 3.5036 4.2514 6.9473 8.9839 10.2684 4.4238 6.3480 4.4058 7.0253 4.0633 2.3235 5.6981 7.7749 5.8670 8.7885 4.8908 7.4990 3.2890 4.2587 4.6826 6.7111 4.2652 5.0513 9.8336 5.1431 6.3827 4.8568 4.0495 3.8745 4.1015 5.4101 3.2721 6.9916 8.2790 3.8949 4.6164 4.9400 6.6700 3.7857 2.2534 7.7458 4.5706 7.1645 7.1452 3.0937 4.0294
3.1724 4.8603 9.1585 4.7234 8.0806 5.2224 2.3109 7.7597 4.9377 4.6185 4.0546 10.4167 3.5654 2.2736 0.0000 3.3395 3.8832 3.5208 7.6298 8.1169 9.2066 3.3732 8.4919 3.1442 8.5624 6.6756 3.3103 5.1464 8.7322 3.7574 7.7335 3.1836 10.4101 1.9675 3.8468 5.6125 7.1977 3.1228 5.5966 11.9459 5.6565 7.5082 3.3023 3.0975 3.5322 3.1951 5.5021 3.1931 8.6041 10.8271 3.3444 4.8845 4.0614 8.2104 2.8120 1.6197 9.5477 3.7023 8.4988 9.0171 1.6241 4.4238
2.3788 2.1793 8.6854 6.3175 5.6937 5.3189 5.4558 7.8031 3.3022 6.5140 2.0470 9.2323 6.3404 4.7893 3.2981 0.0000 6.0365 6.1786 7.5948 12.5922 11.2348 1.5769 8.7056 5.4431 8.2173 6.6273 5.2011 7.3830 9.4364 3.1242 12.2582 3.0265 8.4744 3.6252 6.3910 5.5137 10.5055 1.6649 10.0843 11.9216 5.6693 10.2612 6.5065 1.5121 6.5019 6.7495 2.7157 5.7552 8.6157 10.4329 0.9936 2.8950 6.7975 8.5046 5.7647 3.8117 10.3016 7.7767 10.4798 9.9301 3.8795 7.7280
5.2731 7.7460 9.3241 2.7860 7.9718 5.1685 2.6081 7.1281 6.8005 1.5315 8.1926 7.8310 2.7619 3.1034 4.3388 6.5327 0.0000 3.0814 8.5719 5.5172 9.0927 6.3562 8.7414 2.9611 8.2405 6.1278 1.7568 2.9116 6.2501 6.2717 5.9336 5.8065 10.8762 5.5590 2.8879 5.8976 6.5890 6.6465 3.5167 9.0254 6.3125 5.2794 3.9195 5.3735 2.7201 4.6066 9.1803 1.7385 5.0871 6.8449 7.2141 8.7465 5.1536 9.5180 2.6585 3.2380 9.5603 2.7058 5.8211 6.4941 3.4534 2.7713
5.4338 7.0398 9.9283 4.7410 9.3518 7.7513 3.9292 10.0404 6.8393 4.0513 6.5916 9.8672 1.5354 4.1481 3.4517 6.6206 3.0671 0.0000 10.1540 7.8057 12.0121 7.1194 10.1372 1.2017 9.7839 7.7583 3.8037 2.9944 9.3878 4.8514 8.2140 5.5336 11.9803 3.2278 1.7094 6.4255 9.7858 5.6207 5.5023 11.3115 7.3772 9.0971 0.9030 4.9108 1.5675 1.4082 7.9204 2.3101 7.5180 8.6906 6.9371 7.1528 2.7161 10.5559 2.2527 3.5925 10.3448 2.4369 9.7139 10.7528 2.7338 5.5134
6.3803 9.2756 2.2306 5.7872 4.5177 3.3282 7.3610 1.4996 8.7581 7.5527 9.3686 2.1257 10.3480 7.0843 9.2200 8.9470 8.5903 8.9079 0.0000 8.1256 5.9175 8.5917 1.3768 10.8107 3.0485 3.3358 8.3112 7.8643 6.9223 10.4843 8.2744 10.3529 2.6614 10.1363 10.0473 4.2913 4.6350 10.0598 8.4497 10.3065 3.7209 4.4395 11.2837 9.5450 9.6579 10.1418 8.9109 7.5761 5.3251 8.7681 8.7674 8.9983 11.8350 2.0660 9.2469 9.6276 2.7454 9.7262 5.5222 2.7842 8.6427 6.4815
8.4616 11.2470 8.1811 4.6998 9.0522 9.3404 8.0615 7.4566 11.1446 5.4794 13.3544 10.1266 9.0868 8.6122 8.8006 10.0838 6.9643 9.9354 8.6015 0.0000 3.1178 12.5117 7.2302 9.7546 8.1419 8.6281 7.8785 6.1060 2.1189 12.8510 1.2545 11.7240 8.0195 11.5415 7.4537 9.4815 3.8458 12.2016 3.8256 3.1482 8.9541 4.1289 8.9143 10.5045 9.3464 10.3282 14.7967 7.6215 3.6250 2.8714 11.0483 11.1602 9.8013 8.4954 8.4155 7.6611 8.4489 6.8630 3.4444 5.2077 10.2814 5.8965
8.9564 12.8636 6.7107 5.6123 8.6332 7.6792 9.8210 6.7343 11.4047 8.1442 10.8987 7.2725 9.5751 9.5085 11.5614 13.5385 8.3051 9.2719 6.0546 3.3054 0.0000 11.5172 6.0830 10.9569 7.3418 7.4966 9.1528 7.4177 2.3930 12.5659 3.2872 11.3008 6.8989 11.7671 8.3747 7.6508 3.7130 13.1462 6.5475 4.9454 7.2476 3.7688 10.1980 10.8948 9.3088 12.5774 12.3773 8.5317 3.5429 4.4811 12.2242 12.3438 13.2294 6.7310 9.3305 10.7849 6.6481 10.1441 2.9669 3.7615 11.2353 5.7845
2.6619 2.7017 9.6521 6.5170 6.2496 4.9375 4.7818 7.3086 2.2246 7.3128 1.7005 7.6270 6.2771 4.7477 4.2915 1.5399 6.8422 5.8115 8.5098 12.1075 12.1684 0.0000 8.8352 6.2653 8.6394 5.1139 6.2476 8.7578 9.8802 4.5164 9.1720 4.0862 10.4423 4.1997 7.3170 4.7322 8.0494 2.5006 9.0412 11.8330 5.2953 8.7513 6.6608 2.3124 7.0204 6.6884 3.1101 6.4411 8.8874 12.6324 1.9544 2.2835 7.3084 7.7122 6.7134 4.8228 9.2628 6.4139 8.1621 9.6594 3.9785 6.9701
6.9469 11.5936 1.6370 5.9472 4.6168 4.5817 6.8741 1.2993 8.8738 7.7549 8.4353 2.0719 11.1094 8.0473 8.2090 10.4531 8.9194 11.8802 1.4995 6.8260 6.1523 9.0608 0.0000 9.8820 2.3280 3.7828 8.2011 9.4696 5.9928 12.7147 8.3344 8.9659 2.6317 9.3716 10.5723 4.1786 4.4668 8.7396 8.6158 9.6055 4.2606 4.8531 9.5726 9.9442 10.1539 9.6472 11.3649 9.4035 4.9645 9.1350 8.5910 7.9376 11.9610 1.8453 8.5368 8.1956 2.0346 10.1102 5.0971 3.5366 9.1789 7.5380
5.1659 7.7619 11.9987 4.6784 9.2249 6.7347 3.6998 11.0120 8.1518 4.6159 7.0826 11.7454 1.0527 4.1523 3.6358 5.1928 3.5265 0.9834 10.5878 8.4048 11.9255 6.5808 11.0384 0.0000 10.3957 8.5498 3.2571 3.0827 7.8577 5.0803 8.6149 5.3860 11.8000 3.7499 1.9131 6.3427 9.3087 6.0914 5.4830 9.5128 7.1726 7.4939 1.1410 6.0807 1.1861 1.6114 7.9898 2.9281 7.2825 8.8552 6.3615 7.5266 2.8060 9.9308 1.6459 3.4160 12.5725 2.0376 9.1699 8.2999 3.3622 5.3987
7.5662 7.9788 2.3729 6.5399 2.8340 4.1892 7.9536 3.1184 6.4033 8.6293 8.9566 2.0817 9.8680 7.0556 8.8432 7.5858 7.9226 11.3296 2.3643 8.8925 8.8124 7.0898 2.6733 12.0268 0.0000 3.8262 7.1144 11.5708 8.8305 9.8701 9.1711 11.1897 2.2371 8.6577 9.4528 4.0942 5.6185 10.0185 9.6317 11.6080 3.5814 5.0930 10.6855 8.6905 11.1221 10.5624 9.6788 9.3755 7.0123 11.8222 8.5083 8.3794 10.3038 1.6441 8.2590 10.1884 2.8722 11.2498 6.3330 4.0341 7.8661 6.5870
4.6025 7.1471 4.5236 5.7642 2.8025 1.3842 6.2304 3.8344 4.6625 6.3220 6.0767 4.4959 8.3565 5.3635 5.1602 6.1073 7.0320 7.1920 3.8039 8.0922 8.1319 5.1395 4.5663 8.7888 3.7921 0.0000 6.0944 7.4763 8.7228 8.6894 9.0812 7.1586 4.4088 6.5682 8.0166 1.7058 6.1066 6.7952 8.1416 10.6650 0.9698 5.5801 7.1497 6.5300 8.3678 7.7470 7.5842 6.2245 5.8899 8.6669 5.1845 6.3461 8.5646 4.4727 6.7112 5.3705 5.8370 7.2938 5.6963 4.4044 6.8059 5.6479
3.6146 5.9456 8.0973 3.2058 7.9722 5.6950 1.6995 8.0991 6.1893 2.0410 6.3056 9.9675 3.1515 2.3190 2.5735 4.8608 1.9172 3.7615 8.4847 7.6304 9.1495 4.7096 8.4210 3.0486 9.2654 5.3644 0.0000 3.9211 6.9453 5.0926 7.5438 5.7509 10.5357 4.0328 2.7493 4.9759 6.5750 5.5610 3.8502 8.0902 6.0172 6.5858 3.0487 5.9364 3.2854 3.5037 7.6253 1.6648 6.1561 7.8977 5.0857 6.6805 4.1463 8.5968 2.4130 2.9939 10.4817 2.9116 6.3006 6.3252 2.6104 3.2017
7.6933 8.2691 11.7351 3.2947 8.9715 8.2237 3.6062 8.3070 8.7170 2.9759 9.8640 11.0861 3.4999 4.5483 5.6091 8.4691 2.5763 3.0290 10.2595 6.9505 8.3453 7.4817 11.1127 3.5399 11.4462 9.4547 3.6793 0.0000 6.9378 7.0684 6.5319 7.5080 10.7839 5.7673 3.3099 6.9964 7.1060 7.4916 2.9331 8.4741 9.1362 6.1195 3.2986 7.9702 3.6298 3.9315 10.8274 2.6485 7.4860 6.1212 8.5718 10.3031 5.0877 9.9430 2.9530 4.7026 10.2191 2.1749 5.9501 9.3288 5.8002 4.4815
7.9466 10.7092 7.1841 5.0796 9.7252 6.9362 7.9577 5.3412 9.9235 6.2767 12.0366 8.5792 7.4543 8.8520 9.1147 12.0956 6.0110 8.8503 6.4349 2.4744 2.7677 11.5042 7.2862 9.4054 7.0116 6.5540 7.0205 7.5069 0.0000 10.2181 2.7217 11.4954 8.2836 9.5824 8.0259 6.4923 2.7246 11.6885 5.6127 5.0255 8.0797 3.1978 9.3893 11.7842 7.8105 10.4877 13.0339 7.5801 2.7659 4.1513 12.2381 10.4323 9.3056 7.8394 9.1574 8.9579 7.1237 6.9487 2.0294 4.3447 10.3217 4.7236
4.1859 3.3861 10.8705 6.6626 7.8955 8.3930 4.7277 10.0433 5.9089 8.0284 4.3865 12.1880 5.7445 5.5191 4.0396 3.3591 5.9487 4.6694 10.9613 13.7076 14.2864 4.7191 10.6459 6.0194 10.3226 7.4616 6.5743 6.9970 12.7123 0.0000 11.8821 1.9376 10.4349 3.0705 5.4308 8.5246 11.0971 2.8334 10.5765 15.2261 7.4538 10.7904 6.2379 2.4874 5.4955 4.8025 3.5248 6.0472 11.8945 13.2606 3.1432 5.0027 5.0253 12.2336 5.6436 3.5690 12.2582 5.8531 11.2933 12.0050 4.1389 7.9181
8.5997 12.1983 9.2908 4.2884 8.3242 8.8734 6.4757 6.1550 11.1752 5.8884 11.4346 9.1539 7.9634 8.1199 7.6889 11.4605 5.6413 7.8470 7.5950 1.2389 3.2945 11.8641 7.6635 7.8089 8.6556 9.2638 7.5265 5.3871 2.7469 12.6063 0.0000 11.9655 9.9818 10.0687 8.2264 7.6252 4.6913 12.2431 3.6088 3.8834 8.7632 4.0867 7.8355 10.8006 8.8535 9.7858 13.2942 6.3100 3.5483 2.3384 10.1287 10.2943 9.8208 7.7487 8.0056 9.3757 8.5768 6.7626 3.2688 4.7943 9.4267 4.4704
3.3973 4.0422 10.5412 6.5875 7.6077 7.1863 4.4555 10.6152 5.1776 6.7681 3.1896 9.9208 5.3307 3.9820 2.5785 2.3411 5.7781 4.8199 10.4175 11.2410 14.1094 3.5453 10.6622 4.3017 10.3455 7.3463 5.5438 6.9842 12.3993 1.9603 10.7844 0.0000 12.1602 1.9282 4.7297 5.7456 10.4725 2.2891 7.7257 14.0568 5.9854 8.8244 5.1511 2.2103 4.7296 5.1224 4.1635 5.6473 11.3711 12.2687 2.4195 4.2804 4.7320 11.0432 4.9371 3.7413 12.9435 6.2250 11.1355 8.8586 3.4164 7.5017
8.0193 9.2674 1.3708 7.8799 5.0616 6.0094 9.9339 2.9464 9.9756 7.7399 9.2898 1.7237 11.3537 8.0425 11.2917 9.9958 8.9435 10.2966 2.6283 10.2546 6.8375 9.3919 2.3628 11.5356 2.3578 4.7710 9.8031 11.0737 7.8045 13.5189 9.7719 10.6518 0.0000 9.6998 11.4435 5.0067 5.3526 11.0192 10.4268 10.3639 5.8688 6.2047 13.1601 10.0135 10.9906 11.4453 10.0394 9.0158 7.3196 10.2114 9.3267 8.3746 11.6489 2.0173 11.9801 11.0952 1.2332 11.8136 6.9687 3.8271 11.7274 7.2547
3.2265 4.9968 11.6506 5.5752 7.8294 6.0572 3.6568 8.3161 5.3312 5.4753 4.4621 11.2573 4.1894 3.5767 1.8384 2.8614 4.6124 3.7757 9.2690 10.3457 10.9328 3.8959 11.4822 4.1078 10.6093 7.2134 3.5720 5.7629 9.7550 3.0500 8.6638 1.8493 10.5746 0.0000 4.4895 6.0650 10.3831 3.0243 6.6088 12.6637 6.4493 10.0120 3.5311 2.4318 4.1272 3.8393 5.4049 4.4488 8.7136 9.9771 3.5847 5.5459 4.3097 9.4749 3.3015 2.1320 12.7826 4.5124 9.7081 10.9817 1.9604 5.7152
5.3658 7.1516 11.1197 4.5648 8.6409 7.8148 3.1243 8.1193 8.5928 3.2946 6.1093 9.5190 1.5685 4.2628 3.8474 6.4276 2.8162 1.9969 9.6325 8.0031 10.7083 6.4816 9.8553 1.6891 8.9977 6.4832 2.8920 2.7053 7.5359 6.2713 7.3356 4.7537 11.0929 3.9127 0.0000 7.6453 7.0779 5.7785 5.0318 8.6472 7.7617 6.9230 1.9004 5.9483 1.3436 2.6502 7.6503 1.6928 6.4455 7.5975 6.1665 7.2837 3.6029 10.5440 1.3549 2.5673 10.6215 1.8524 6.5715 9.8478 3.1593 4.5664
3.6122 6.2887 4.5436 4.4948 3.3962 1.1211 5.3422 4.4030 4.9532 4.8314 5.1311 4.5743 7.8849 4.3901 5.1911 5.5641 5.5092 7.6547 3.5179 8.8783 7.8830 4.5291 4.6081 7.4582 3.9286 1.5076 4.9998 7.4584 8.4951 7.2804 6.9005 6.7002 5.9214 7.2300 7.1850 0.0000 6.3160 6.2844 7.3157 9.4008 1.5055 5.4980 7.6776 5.2884 6.1098 7.2726 6.0284 6.3997 6.1652 10.6513 6.1924 5.3829 9.6168 3.9782 5.9608 5.3899 5.1961 7.1671 6.1502 4.8717 5.9894 4.1847
6.7984 10.9983 4.9180 3.9709 7.8001 4.7602 6.6613 3.7644 10.2111 5.3453 10.4463 5.1987 7.1619 6.0938 7.6500 10.5572 5.3165 8.2764 4.1240 4.2832 3.4255 7.8127 3.9475 9.4061 6.0185 4.8987 5.7122 6.6094 2.6614 12.1062 3.8981 10.0955 5.1770 8.5368 6.7715 4.8856 0.0000 10.4129 4.8153 6.1949 4.9650 1.2433 8.0584 8.8198 7.4707 8.0367 11.2878 6.9024 1.5150 5.6472 9.0159 10.0546 9.4675 5.6242 7.6500 8.9926 5.9467 8.6869 1.4816 2.5769 7.2388 4.2103
3.5307 2.7655 10.8169 7.9458 7.7471 5.5304 4.8358 8.8475 3.1864 6.8685 2.6933 10.5120 6.3592 4.4567 3.8348 1.6300 6.7101 5.7744 9.2977 12.7124 12.7701 2.5312 10.1824 5.3531 10.1606 5.5488 5.5734 7.0628 12.5803 2.8486 12.2368 1.9094 12.0663 2.9551 5.6104 5.7376 10.1799 0.0000 7.6503 14.3080 7.0131 9.5008 5.1257 0.9785 6.5871 6.0351 3.0130 5.0541 9.7023 11.2262 1.5074 2.6737 6.4926 8.2892 6.0047 3.4164 10.4914 6.6512 11.4288 10.7243 3.8514 7.9228
8.3040 10.9459 9.1291 3.2872 8.2981 6.7036 4.4000 8.4719 10.3355 3.0712 8.6131 10.0397 5.7832 6.1441 6.1865 8.0247 3.4362 4.9834 8.5459 4.6068 5.9227 8.8960 8.4966 5.8036 10.6976 7.9930 4.8047 3.2067 4.9306 8.1789 4.2799 7.9763 9.1556 6.7291 4.8070 7.5485 5.4881 8.0066 0.0000 5.1673 7.1637 5.7287 4.5785 8.8462 5.1349 5.8066 9.4929 3.9562 5.6845 4.3407 10.2700 11.4265 7.1138 10.5302 5.0943 5.4486 8.5759 4.4050 5.2118 6.5219 5.5852 3.2887
11.5172 13.4964 9.7037 7.3430 11.1224 11.4321 11.0400 8.7789 14.4740 7.0204 12.4069 11.3007 9.9286 11.5253 12.7897 14.9617 8.5448 9.8458 10.5928 3.1833 4.7771 12.8028 10.0472 8.8301 12.4915 9.5242 8.1861 7.3049 4.4007 15.3497 3.6096 13.1986 9.5553 13.3207 8.2066 9.6889 5.9723 13.6729 6.0259 0.0000 10.1323 6.1175 9.7749 12.1943 10.2060 10.0443 14.3131 8.2595 6.3361 2.6862 14.9933 14.1106 12.8079 10.1582 11.1454 10.1639 11.8836 7.7992 5.7194 6.7279 11.0338 7.7312
4.6182 6.2186 4.2222 4.9671 2.4718 1.1878 5.7846 3.6995 5.4269 5.7617 6.3262 4.9470 7.6699 5.1477 5.4786 5.4146 5.5830 9.1215 4.2447 9.4669 9.1012 4.8184 4.5808 7.4207 3.3431 1.1421 5.3325 8.0192 6.6243 7.2643 8.2558 7.7073 4.5769 6.1908 7.7756 1.4962 5.9002 6.0622 7.6052 11.1281 0.0000 5.6787 8.3236 6.8473 7.2442 8.3388 6.2604 5.8081 5.8243 10.1040 6.1463 5.7050 9.0129 4.6802 5.9076 6.6005 5.8021 8.5211 5.6430 5.5373 6.8522 4.8010
7.5804 11.7693 4.9465 4.0720 6.5608 4.6880 5.5385 4.4329 9.8236 4.2343 9.7018 6.3426 8.0822 6.8320 6.4702 9.2025 5.1546 8.8178 4.0448 4.0064 4.0736 8.9768 5.1608 8.7313 5.1752 4.6296 6.4143 6.5424 2.7821 11.0339 4.5868 9.9326 6.0790 9.1441 7.7633 4.6710 1.2920 9.9016 5.1549 6.2486 5.5168 0.0000 7.3288 7.9698 6.8743 8.4902 10.3701 5.6153 1.5867 5.1911 10.3192 9.9736 9.3258 6.0689 6.4655 7.6512 6.2748 8.1048 1.7941 2.2107 7.1177 3.4402
5.2841 7.3174 10.7024 5.3078 8.7871 6.7837 4.1527 11.2522 8.2008 4.1781 7.6158 12.0639 1.5597 4.5349 3.8172 5.5039 3.0594 1.0888 10.6132 9.4982 11.6216 7.4638 11.9946 1.2634 11.3162 8.5700 3.3101 3.0767 9.0664 5.9590 7.3902 5.3989 13.0181 4.1321 1.8111 7.0426 8.5676 5.6881 5.1222 9.0970 7.5830 7.6724 0.0000 5.3591 1.5625 1.8820 7.0575 2.7946 8.4318 7.3087 5.4397 7.5790 2.1740 9.9517 2.0987 2.9116 10.3298 1.9840 7.2266 8.5204 2.8381 5.8578
2.8434 2.9181 9.7196 7.6910 7.6878 5.9132 4.3090 8.7458 3.5381 7.4474 2.4697 11.4209 5.7947 4.9267 3.0919 1.9466 7.0939 5.6079 7.8737 9.9831 13.4396 2.7888 9.9204 5.8891 9.3786 7.2317 5.8269 8.1415 10.0709 2.7372 10.9234 1.7370 9.9263 2.9278 5.7293 5.3369 8.3623 0.9561 9.4934 12.2560 6.5364 10.3607 6.5610 0.0000 4.8784 5.8947 3.0169 6.0420 8.8928 10.9223 1.4977 2.9256 5.4620 10.0031 5.2887 4.0248 9.8115 7.2745 9.1750 9.8431 3.8862 7.7580
5.1858 7.2818 9.7417 4.0507 9.6304 7.0958 3.4340 10.1518 6.6293 3.7584 7.7692 9.4868 1.1415 4.1875 3.6399 5.1936 3.2691 1.1774 8.3475 9.0985 9.1685 7.3665 10.9270 1.3835 9.7539 7.7730 2.6936 3.2594 7.4282 5.2951 7.5881 4.3560 11.2683 3.9898 1.3422 7.7816 8.5980 6.5360 4.3570 9.2617 6.9046 8.2192 1.3267 5.9987 0.0000 1.8378 6.7983 1.9689 8.8500 8.6029 6.2344 6.5764 3.1444 11.7608 1.7957 3.3420 12.3937 2.2231 7.4081 7.7835 3.0416 5.2650
5.9318 7.2550 10.0150 5.6007 8.4837 9.2873 3.8711 10.1005 7.1814 5.1766 8.0385 11.8921 1.8245 4.0939 3.4814 6.7458 4.1425 1.8453 9.9248 9.7063 12.4959 5.6557 12.0122 1.5184 11.9783 7.3358 4.1768 4.0800 10.2512 5.5619 8.0130 4.6564 11.0318 3.6246 2.6247 6.8321 9.9330 5.0974 6.3782 10.8351 7.7079 10.0042 1.6220 5.5337 2.2550 0.0000 7.6435 3.8022 8.4553 8.4375 5.2310 8.3137 2.0491 11.2579 2.5431 3.7647 12.2618 2.8468 9.3981 10.5466 3.3404 5.0771
4.5357 1.2282 11.6638 8.5581 8.0996 6.5818 6.4051 11.0194 3.3742 7.5894 1.9950 10.9720 7.0584 5.4481 5.9654 2.5049 8.2766 8.6655 9.2749 12.1884 14.4039 3.0180 11.2621 8.5968 8.8511 6.8177 8.2473 9.8052 14.5476 3.2107 11.7596 3.7522 11.9721 5.3391 7.9155 7.6869 10.2041 2.5255 9.8467 13.3790 7.4131 10.8064 7.0075 2.5220 7.9087 7.0164 0.0000 7.3476 12.8073 15.3950 2.3037 2.4801 7.1286 10.9128 7.7201 6.5354 10.2648 7.9122 10.1948 12.5735 5.7093 8.1544
5.5078 7.4573 10.1368 3.5497 9.2361 6.3818 2.3952 8.0682 6.6468 2.5949 7.7097 10.6676 2.2555 3.2890 3.5915 5.8389 1.7435 2.8105 7.9955 6.5488 9.1955 6.9841 7.8622 2.3620 10.3190 7.0477 1.7520 2.5837 6.3983 5.8458 6.0732 6.0628 10.7320 4.0514 1.9613 5.3608 6.7103 5.6689 3.6409 9.4821 5.7845 5.4936 2.4941 6.2867 2.2145 3.7988 8.8155 0.0000 7.1579 8.1989 6.9956 6.3262 3.5975 8.9258 2.0951 2.9274 9.9263 2.2976 6.2178 6.7800 2.7624 3.3376
7.6641 11.1674 5.2952 3.9210 8.3179 5.2654 5.8311 4.0888 8.9452 5.4309 8.7136 5.4724 8.0719 7.1042 8.3652 9.3554 5.9489 7.4998 5.4081 4.1951 3.4649 9.7288 5.6328 9.1331 6.9859 5.3158 6.6074 6.6501 2.6290 12.4409 3.3072 10.1209 6.0675 8.5051 7.9667 5.3610 1.4095 9.8767 5.7968 6.6549 5.0765 1.4839 8.8442 10.9966 8.5886 9.7043 9.7662 7.4700 0.0000 5.8498 9.7611 9.5456 10.9308 6.2636 8.0052 6.9089 6.3926 8.4220 1.1356 2.8807 7.6063 3.7761
9.6355 11.6015 11.2814 6.7331 12.1005 10.1461 8.6921 9.8557 12.3527 6.1943 12.2041 11.4538 7.4250 8.1618 10.8899 12.0891 7.4101 9.7606 9.6363 2.8900 5.4700 12.1345 9.4591 8.7669 11.0376 9.1082 7.5074 5.9697 3.6604 13.1203 2.5075 11.0284 11.3688 9.7506 8.9858 9.5861 6.4014 10.6303 4.2879 2.3400 10.4667 5.8240 9.5462 13.6071 7.6176 8.9120 14.4574 6.3683 5.8544 0.0000 11.4074 11.5965 9.2900 11.2937 6.9825 9.5914 10.3792 7.0201 4.9109 7.9404 8.1587 5.8314
2.8194 2.4679 8.9369 7.9979 5.9703 5.5061 5.3583 7.7992 2.7736 5.9175 1.7220 9.0225 6.3427 3.8659 3.7584 1.2341 6.2728 5.5223 7.9181 10.2580 11.7363 2.0833 9.0848 7.1515 8.3167 6.2431 5.7881 8.4715 11.3619 3.6923 12.5474 2.4764 8.9494 3.5746 6.8563 5.3569 8.6318 1.4540 9.2843 12.2148 6.1963 9.7517 6.5483 1.8442 5.3618 6.4044 2.4699 5.9388 9.9012 11.8587 0.0000 2.5766 7.3355 8.5419 6.4926 4.2997 10.4584 6.9857 9.2184 10.9408 4.0114 6.0639
3.7336 2.3433 9.8108 8.1475 5.9613 5.1120 6.1025 9.0038 1.5831 7.2979 1.5208 10.0827 8.5330 5.7606 5.5549 2.6555 7.7982 8.3179 7.6447 12.3665 10.9294 2.1120 8.2732 6.5738 8.6383 5.9910 6.4665 10.6542 11.4371 4.5646 12.3184 4.3596 10.7106 5.4998 7.5853 5.1484 9.8036 3.1241 9.9137 14.6627 5.3293 9.5008 7.0181 3.0210 8.4378 7.2345 2.7398 7.9400 8.7015 11.0419 2.4747 0.0000 7.4145 7.4534 7.4058 6.1491 8.9800 8.5204 11.2125 11.1193 5.7831 8.2134
5.7432 8.2948 12.7655 6.5191 11.6153 9.5201 4.2061 12.0703 7.0958 6.4544 7.6009 13.8261 2.9828 5.5171 3.9518 5.4799 4.6647 2.7292 10.8551 10.5453 13.4275 7.0620 11.4242 2.7166 12.0744 10.2114 4.3354 5.1385 10.8314 4.8875 8.5089 5.1258 15.1070 3.8583 3.5392 9.0324 8.6703 5.6489 6.8574 11.1521 9.3185 9.2482 2.6703 5.6958 2.9107 2.0768 7.4065 4.7187 10.3954 9.9705 6.7382 8.1031 0.0000 11.1338 3.0226 4.5279 13.8767 3.9888 9.3867 11.3542 4.1151 5.9817
8.0363 10.4323 1.3001 7.4396 4.2075 3.8141 7.2261 2.6232 7.7614 9.0477 9.1959 1.2942 10.6833 8.3360 10.0162 9.5285 9.2798 10.9618 2.2483 9.5403 7.1883 9.0241 2.0947 11.6520 1.9634 3.8228 9.3404 9.1997 6.7556 12.4407 8.3152 8.7525 2.2293 9.5430 10.3123 4.5655 5.2245 9.5413 10.4380 9.3049 3.7795 5.9222 10.9529 9.6019 10.5316 12.2082 8.8213 9.7944 5.9320 9.4035 9.9673 9.2605 11.8285 0.0000 9.6416 10.1173 2.3021 9.1153 6.1534 4.3301 10.7702 7.8421
4.2338 7.8516 9.8511 4.1077 9.4042 6.1344 2.8731 8.4569 6.2794 3.5474 7.1232 8.7248 1.5383 3.1173 2.5376 5.9961 2.3914 1.8185 9.0641 7.7994 10.8659 6.6811 8.4505 1.6962 9.3966 7.3859 2.4615 3.3257 8.0240 5.4195 7.3724 5.2426 9.3309 3.9124 1.4980 6.6402 7.4245 5.7278 4.7816 9.3090 6.8389 7.6528 2.0053 4.6996 1.6627 2.7576 6.7604 2.0978 7.2261 7.0474 5.4198 7.4885 2.9038 8.9924 0.0000 2.0662 9.6498 2.4186 8.4925 8.8117 2.8447 3.9761
3.9020 4.7689 9.4857 5.2699 6.4473 6.1064 2.5014 9.9498 4.8746 4.4293 5.6685 8.9407 3.1445 2.7090 1.3232 3.8566 3.3666 3.1945 8.7124 8.3152 9.3121 3.9013 9.1567 3.4863 9.6607 5.4188 2.9347 5.0701 7.7518 3.7429 7.5219 3.7496 10.0948 2.3767 3.0886 6.2053 8.2225 3.4045 6.4007 11.6856 5.2215 8.1527 3.1408 3.7029 3.3294 2.8504 5.2636 2.6216 8.3031 10.2368 3.5934 5.8895 3.4982 9.1818 2.6412 0.0000 9.5131 3.6258 8.5773 9.4753 1.1928 4.3639
9.4849 12.3195 1.8475 9.3485 4.8901 5.4765 10.1121 3.0738 7.7597 8.4403 11.1995 1.7259 11.5325 8.7459 10.5238 8.8865 8.5138 12.8008 3.2372 9.7829 7.1572 8.6401 2.6151 10.0452 3.0538 4.8885 10.3416 12.1631 8.1334 11.3045 8.9487 12.3141 1.2290 11.4391 10.1555 6.5013 5.2353 9.7687 10.2262 9.4348 6.0904 5.2220 11.6162 11.0286 10.3434 10.5891 9.9393 11.5612 5.8030 10.1565 10.3304 10.5408 12.3547 2.3806 9.3680 11.1099 0.0000 12.7311 5.7945 4.9499 10.4804 7.6630
6.6665 8.0044 12.2071 4.2645 9.2055 8.5036 4.0201 8.5770 8.0680 3.0082 7.5345 11.6076 2.1060 4.2735 3.7742 6.5537 2.7318 2.4369 9.8924 8.2202 8.4160 6.3655 10.0003 2.4049 9.4869 8.4956 3.2056 1.9238 8.4897 7.0370 7.0423 5.6246 13.0558 4.6453 1.7172 7.9515 7.0896 6.1404 4.1134 9.9403 7.1796 7.7526 2.1656 7.1280 1.9743 2.7210 8.8813 2.2271 7.7423 7.6105 7.1781 9.3856 3.5371 11.4505 2.3379 4.0793 12.7364 0.0000 7.8274 7.5238 3.8939 3.9974
8.5426 12.6817 6.0468 4.5168 7.2729 5.5787 6.2208 4.6365 10.2495 5.4118 11.5303 5.9925 8.1443 7.3081 9.0034 10.6360 6.2352 8.5506 5.4888 3.5421 3.3716 9.0328 5.2328 7.7362 6.2209 6.8671 5.7422 5.8478 2.3609 12.4802 3.5617 10.3883 6.2810 9.9110 6.5966 5.1576 1.7237 9.6716 5.6245 6.4395 6.6564 1.5358 9.6042 11.3701 8.3104 9.0930 12.3784 6.2452 0.9598 5.1533 10.1410 10.3890 9.6970 6.6715 7.2535 7.0569 7.2213 8.4952 0.0000 3.1340 8.1233 4.0403
8.3082 9.3052 4.2129 6.1274 5.2441 5.2014 7.0539 2.6862 8.2738 6.7236 9.3317 3.8611 10.1404 7.8277 8.9178 9.8556 6.0024 9.9778 3.0681 4.8754 4.3981 8.2902 3.4170 9.3675 5.3314 5.1235 7.7515 8.0452 4.5760 10.7865 5.2835 9.5558 4.4561 8.3115 9.7377 4.6898 2.6102 10.0194 7.0685 8.5510 5.0737 2.8220 8.5500 10.4352 10.0352 9.0524 9.9479 7.3110 2.6411 6.3356 8.3916 9.2804 9.8590 4.0277 8.1511 8.8443 4.9615 9.6376 2.7497 0.0000 8.7404 5.5760
3.9082 5.9787 9.1602 5.5499 7.6048 5.8978 3.0273 8.7651 5.8258 4.7734 4.6412 10.9144 2.7425 3.2617 1.3357 4.2957 4.2068 3.2766 7.7327 8.7464 11.9904 4.4051 8.3385 2.8323 10.0621 6.4091 2.8173 5.5509 10.5476 3.2137 8.6884 3.1341 10.5406 1.8259 2.6504 6.0097 7.1893 4.1685 6.1712 9.7423 6.9992 7.7164 3.1201 3.6867 3.3481 2.9421 6.0502 3.1926 9.4689 8.8919 4.0074 4.6503 4.2734 10.0541 2.4702 1.2874 10.4166 3.6360 8.1774 8.4275 0.0000 5.4054
4.8045 8.9718 7.5610 1.2544 6.5345 5.0468 2.8555 5.7834 8.1093 1.7826 8.9522 8.2611 4.9583 4.0802 4.9511 6.6614 2.8154 4.4798 6.0836 5.4727 6.7855 6.6176 7.2710 5.3802 6.9095 5.4665 2.8424 3.5488 4.8030 8.6834 4.2318 7.9380 7.3916 6.6174 4.3930 4.3912 4.0889 8.0792 3.8088 6.8134 5.1783 4.3472 4.6254 7.2481 4.5471 5.4095 8.6731 3.5143 4.1976 5.5874 6.4987 6.8624 5.8763 7.8264 4.5598 5.1286 8.6864 4.7502 3.7894 4.9611 4.4463 0.0000
0.000 21.081 32.042 24.989 24.416 21.129 19.722 30.508 19.021 24.714 19.112 31.855 24.930 17.331 18.053 17.002 24.136 25.725 29.409 37.061 38.965 18.225 31.247 25.538 29.472 21.955 21.367 29.167 35.736 22.557 36.121 20.153 33.937 19.881 24.642 20.376 31.260 18.343 31.172 43.635 21.401 30.132 25.983 18.618 25.153 26.034 22.392 23.596 31.763 39.281 17.617 19.515 27.861 30.524 23.189 19.267 34.290 26.936 32.197 31.581 19.620 24.773
21.081 0.000 38.786 33.785 29.515 28.789 27.628 38.252 18.050 33.111 10.282 38.566 30.443 25.783 23.625 19.636 32.010 30.684 36.994 46.057 47.982 17.264 38.658 30.700 35.641 29.103 29.177 36.296 44.817 19.849 45.099 19.607 40.498 22.418 30.815 28.078 40.231 16.619 39.463 52.534 28.727 39.123 30.971 16.909 30.705 29.994 6.169 30.752 40.801 48.017 16.654 16.566 30.686 37.296 29.275 25.062 41.002 33.276 41.246 40.140 24.524 33.646
32.042 38.786 0.000 31.560 21.674 22.965 33.900 19.048 33.020 33.651 36.494 1.074 40.423 32.317 36.492 36.282 35.317 41.669 17.816 34.736 30.143 34.019 12.154 41.284 15.512 22.099 34.550 39.934 30.805 42.584 34.449 40.192 8.684 39.375 39.261 23.705 25.240 38.040 37.020 40.803 22.641 25.251 41.807 38.406 40.508 42.999 40.132 36.893 26.722 39.254 36.680 35.290 45.453 6.763 38.577 36.897 10.014 40.330 27.200 21.118 37.873 30.925
24.989 33.785 31.560 0.000 30.063 24.217 18.771 27.777 31.644 10.475 32.030 31.510 22.667 20.022 23.562 29.391 16.553 23.932 27.581 24.441 28.412 29.086 29.275 23.493 31.102 25.533 17.852 20.378 24.189 31.890 23.444 29.461 33.366 26.697 21.222 24.067 22.217 29.919 18.813 30.756 25.035 21.167 23.952 29.939 22.630 25.793 34.978 18.806 21.784 26.293 30.065 32.486 28.359 30.457 21.350 22.734 33.277 21.371 21.955 25.259 23.896 2.829
24.416 29.515 21.674 30.063 0.000 17.853 29.183 22.688 23.560 31.399 27.289 21.437 35.758 26.882 30.036 27.687 32.249 36.835 21.316 38.180 36.251 25.214 22.400 36.535 18.278 16.533 30.411 37.572 35.088 34.409 37.549 32.275 23.179 32.287 34.959 18.111 29.137 29.568 36.751 44.939 17.036 28.474 37.043 29.991 35.918 37.658 30.810 33.015 30.399 41.996 27.957 25.883 39.804 20.316 33.839 30.898 23.765 36.714 30.951 26.637 31.592 29.490
21.129 28.789 22.965 24.217 17.853 0.000 23.838 21.526 23.775 25.563 26.485 22.790 30.506 21.809 25.667 25.659 26.514 31.662 20.344 33.150 32.521 23.650 22.142 31.325 20.736 6.091 24.893 31.786 30.514 31.686 32.423 29.255 24.889 28.440 29.566 3.354 24.860 27.305 30.937 39.984 3.637 23.967 31.845 27.636 30.640 32.719 30.176 27.467 25.890 36.653 26.137 25.731 35.039 21.458 28.589 26.233 25.200 31.145 26.425 23.633 27.120 23.651
19.722 27.628 33.900 18.771 29.183 23.838 0.000 30.967 26.742 17.551 26.165 33.780 18.670 11.357 16.791 23.220 19.845 19.850 30.306 31.161 34.919 23.523 32.200 19.498 32.364 25.163 7.318 21.473 30.883 25.120 30.151 22.698 35.845 19.958 17.776 23.309 28.002 23.434 23.835 37.266 24.537 26.849 20.020 23.393 18.802 21.100 28.710 17.956 27.936 32.544 23.885 27.014 23.583 32.523 16.759 18.020 35.965 19.667 28.215 30.000 17.243 18.879
30.508 38.252 19.048 27.777 22.688 21.526 30.967 0.000 32.911 29.978 35.939 19.309 37.257 29.739 34.149 35.175 31.804 38.531 6.117 30.504 26.436 33.166 7.084 38.126 18.075 21.166 31.390 36.139 26.642 40.996 30.190 38.496 17.771 37.238 36.005 22.268 20.970 36.782 32.895 36.695 21.525 20.966 38.642 37.095 37.314 40.013 39.634 33.569 22.452 34.990 35.661 35.029 42.535 17.530 35.483 34.338 17.557 36.843 22.938 16.971 35.402 27.151
19.021 18.050 33.020 31.644 23.560 23.775 26.742 32.911 0.000 31.626 17.875 32.793 31.499 24.332 24.294 17.937 31.152 32.115 31.594 43.208 43.968 16.751 33.141 31.998 29.770 23.787 28.387 36.168 41.342 24.482 42.325 23.105 34.662 24.724 31.411 23.151 36.180 19.696 38.069 49.943 23.527 35.154 32.391 20.168 31.740 32.025 19.284 30.568 36.979 45.835 17.798 10.394 33.392 31.560 29.900 25.709 35.201 33.784 37.473 35.402 25.693 31.342
24.714 33.111 33.651 10.475 31.399 25.563 17.551 29.978 31.626 0.000 31.535 33.588 20.383 19.434 22.219 28.694 10.023 21.633 29.706 25.817 30.475 28.733 31.447 21.193 32.980 26.920 18.794 18.363 26.096 30.441 24.795 28.115 35.492 25.162 18.925 25.301 24.547 28.982 18.459 31.744 26.374 23.511 21.640 28.944 20.332 23.532 34.227 16.574 24.049 26.993 29.364 32.207 26.083 32.490 19.194 21.189 35.435 19.021 24.185 27.607 22.292 12.939
19.112 10.282 36.494 32.030 27.289 26.485 26.165 35.939 17.875 31.535 0.000 36.275 29.704 24.117 22.606 14.182 30.614 30.097 34.681 44.174 45.845 13.739 36.346 30.060 33.373 26.789 27.769 35.178 42.784 20.717 43.232 19.768 38.218 22.058 29.906 25.778 38.073 19.275 37.955 50.731 26.415 36.977 30.383 16.771 29.961 29.651 16.421 29.563 38.688 46.314 11.870 8.643 30.651 35.000 28.356 24.074 38.715 32.360 39.143 37.877 23.727 31.848
31.855 38.566 1.074 31.510 21.437 22.790 33.780 19.309 32.793 33.588 36.275 0.000 40.315 32.178 36.337 36.079 35.238 41.558 17.731 34.822 30.296 33.809 12.538 41.175 14.438 21.908 34.445 39.880 30.907 42.394 34.526 40.007 9.354 39.209 39.160 23.528 25.311 37.840 37.013 40.916 22.454 25.301 41.698 38.208 40.401 42.877 39.911 36.798 26.793 39.329 36.474 35.065 45.326 5.923 38.465 36.753 10.910 40.247 27.275 21.216 37.724 30.874
24.930 30.443 40.423 22.667 35.758 30.506 18.670 37.257 31.499 20.383 29.704 40.315 0.000 20.879 19.220 26.513 18.130 5.733 36.713 33.292 38.756 27.823 38.578 3.866 39.012 31.825 17.881 18.779 34.253 24.996 32.275 23.411 42.354 20.189 6.523 29.966 32.877 25.824 24.048 38.283 31.198 31.807 6.162 25.559 1.170 14.060 31.157 17.240 32.430 33.200 27.063 31.083 17.699 39.082 8.541 17.790 42.431 14.129 32.568 35.631 17.977 23.121
17.331 25.783 32.317 20.022 26.882 21.809 11.357 29.739 24.332 19.434 24.117 32.178 20.879 0.000 16.532 21.377 18.829 21.957 28.935 32.407 35.356 21.302 30.846 21.653 30.496 23.076 18.413 23.995 31.631 24.503 31.426 21.951 34.271 19.804 20.170 21.208 28.026 21.936 25.883 38.776 22.444 26.859 22.162 21.988 21.046 22.913 26.960 18.593 28.195 34.237 22.051 24.782 25.241 30.883 18.965 16.606 34.455 22.188 28.545 29.425 17.667 19.933
18.053 23.625 36.492 23.562 30.036 25.667 16.791 34.149 24.294 22.219 22.606 36.337 19.220 16.532 0.000 19.432 20.681 19.832 33.279 35.941 39.580 20.603 35.189 19.705 34.394 26.802 18.003 24.672 35.637 20.333 34.928 17.913 38.441 14.677 19.303 24.982 32.432 19.115 28.213 41.961 26.182 31.266 20.104 18.972 19.467 19.985 24.535 19.160 32.501 37.157 20.032 23.889 21.851 35.020 17.754 6.528 38.676 21.754 32.815 33.956 7.017 23.653
17.002 19.636 36.282 29.391 27.687 25.659 23.220 35.175 17.937 28.694 14.182 36.079 26.513 21.377 19.432 0.000 27.625 26.918 34.003 41.711 43.939 11.337 35.779 26.875 33.410 26.246 24.785 32.052 40.609 18.841 40.745 17.182 38.108 18.988 26.725 24.911 36.254 8.500 35.054 48.146 25.770 35.122 27.203 10.526 26.770 26.529 17.589 26.458 36.729 43.605 2.996 16.726 27.654 34.763 25.175 20.898 38.533 29.182 37.152 36.533 20.537 29.270
24.136 32.010 35.317 16.553 32.249 26.514 19.845 31.804 31.152 10.023 30.614 35.238 18.130 18.829 20.681 27.625 0.000 19.386 31.434 27.779 32.708 27.987 33.227 18.946 34.392 27.884 12.647 17.385 28.287 28.683 26.752 26.466 37.195 23.382 16.676 26.150 26.770 27.688 19.533 33.432 27.300 25.718 19.400 27.597 18.083 21.277 33.045 10.368 26.299 28.534 28.282 31.479 23.829 34.088 16.979 19.482 37.184 17.039 26.440 29.705 20.499 17.044
25.725 30.684 41.669 23.932 36.835 31.662 19.850 38.531 32.115 21.633 30.097 41.558 5.733 21.957 19.832 26.918 19.386 0.000 37.975 34.341 39.950 28.393 39.845 1.956 40.212 32.970 19.145 19.444 35.420 24.786 33.329 23.424 43.603 20.295 12.045 31.106 34.147 26.076 24.977 39.164 32.341 33.082 1.275 25.777 5.789 8.996 31.317 17.161 33.682 34.063 27.434 31.562 19.855 40.319 13.774 18.477 43.687 16.993 33.812 36.921 18.441 24.395
29.409 36.994 17.816 27.581 21.316 20.344 30.306 6.117 31.594 29.706 34.681 17.731 36.713 28.935 33.279 34.003 31.434 37.975 0.000 31.248 27.583 31.945 8.495 37.579 17.011 19.892 30.832 35.959 27.498 39.935 30.873 37.456 17.787 36.313 35.502 21.095 21.667 35.642 33.025 37.579 20.283 21.509 38.099 35.967 36.783 39.392 38.373 33.097 23.137 35.650 34.474 33.732 41.889 14.224 34.903 33.541 17.752 36.465 23.648 17.961 34.578 26.948
37.061 46.057 34.736 24.441 38.180 33.150 31.161 30.504 43.208 25.817 44.174 34.822 33.292 32.407 35.941 41.711 27.779 34.341 31.248 0.000 19.924 41.136 32.003 33.929 36.180 34.086 30.022 27.555 18.520 44.232 4.564 41.854 35.865 38.970 31.880 33.396 21.582 42.338 21.611 18.839 33.851 21.894 34.240 42.370 33.148 36.365 47.296 30.007 20.121 16.691 42.382 44.393 38.680 34.392 32.638 34.992 35.398 30.708 19.601 25.632 36.107 24.475
38.965 47.982 30.143 28.412 36.251 32.521 34.919 26.436 43.968 30.475 45.845 30.296 38.756 35.356 39.580 43.939 32.708 39.950 27.583 19.924 0.000 42.759 27.609 39.514 32.511 33.025 34.235 34.069 16.695 47.833 20.463 45.298 30.745 42.844 37.289 33.013 19.796 44.981 28.390 23.559 33.018 20.868 39.911 45.122 38.669 41.919 49.327 35.040 19.216 24.244 44.573 45.605 44.414 30.296 37.670 38.971 30.130 36.692 18.822 21.694 40.157 28.141
18.225 17.264 34.019 29.086 25.214 23.650 23.523 33.166 16.751 28.733 13.739 33.809 27.823 21.302 20.603 11.337 27.987 28.393 31.945 41.136 42.759 0.000 33.670 28.292 31.051 24.092 25.160 32.796 39.697 21.391 40.203 19.640 35.810 20.978 27.818 22.921 34.992 19.834 35.185 47.731 23.664 33.893 28.671 16.919 28.069 28.260 18.641 27.165 35.597 43.379 12.195 15.519 29.633 32.506 26.287 22.043 36.262 30.227 36.052 34.889 21.957 28.874
31.247 38.658 12.154 29.275 22.400 22.142 32.200 7.084 33.141 31.447 36.346 12.538 38.578 30.846 35.189 35.779 33.227 39.845 8.495 32.003 27.609 33.670 0.000 39.446 17.068 21.580 32.700 37.648 28.088 41.788 31.715 39.320 18.588 38.214 37.353 22.897 22.508 37.446 34.478 38.106 22.017 22.543 39.965 37.779 38.645 41.280 40.031 34.936 23.990 36.519 36.235 35.325 43.783 12.057 36.779 35.453 17.808 38.264 24.465 18.396 36.489 28.646
25.538 30.700 41.284 23.493 36.535 31.325 19.498 38.126 31.998 21.193 30.060 41.175 3.866 21.653 19.705 26.875 18.946 1.956 37.579 33.929 39.514 28.292 39.446 0.000 39.854 32.639 18.747 19.115 34.987 24.948 32.916 23.511 43.217 20.345 10.092 30.777 33.708 26.086 24.589 38.791 32.010 32.644 2.327 25.798 3.836 10.841 31.361 16.726 33.242 33.694 27.403 31.495 16.906 39.940 12.176 18.318 43.296 15.477 33.372 36.491 18.361 23.957
29.472 35.641 15.512 31.102 18.278 20.736 32.364 18.075 29.770 32.980 33.373 14.438 39.012 30.496 34.394 33.410 34.392 40.212 17.011 36.180 32.511 31.051 17.068 39.854 0.000 19.612 33.230 39.341 32.492 39.908 35.761 37.601 16.904 37.084 37.965 21.412 26.606 35.225 37.137 42.575 20.221 26.343 40.377 35.615 39.125 41.374 36.965 35.711 28.059 40.504 33.760 32.072 43.737 10.740 37.116 34.966 17.492 39.293 28.583 22.962 35.855 30.470
21.955 29.103 22.099 25.533 16.533 6.091 25.163 21.166 23.787 26.920 26.789 21.908 31.825 23.076 26.802 26.246 27.884 32.970 19.892 34.086 33.025 24.092 21.580 32.639 19.612 0.000 26.245 33.154 31.282 32.486 33.393 30.108 23.983 29.475 30.906 8.303 25.496 27.966 32.220 40.903 2.808 24.676 33.157 28.323 31.963 33.988 30.482 28.825 26.614 37.711 26.680 25.869 36.280 20.578 29.906 27.434 24.351 32.507 27.158 23.842 28.284 24.958
21.367 29.177 34.550 17.852 30.411 24.893 7.318 31.390 28.387 18.794 27.769 34.445 17.881 18.413 18.003 24.785 12.647 19.145 30.832 30.022 34.235 25.160 32.700 18.747 33.230 26.245 0.000 19.852 30.039 26.217 29.003 23.888 36.478 20.948 16.737 24.421 27.639 24.898 22.310 35.960 25.630 26.512 19.267 24.826 17.958 20.673 30.228 11.584 27.424 31.159 25.444 28.650 23.237 33.221 18.228 16.969 36.551 18.306 27.655 29.998 18.095 18.096
29.167 36.296 39.934 20.378 37.572 31.786 21.473 36.139 36.168 18.363 35.178 39.880 18.779 23.995 24.672 32.052 17.385 19.444 35.959 27.555 34.069 32.796 37.648 19.115 39.341 33.154 19.852 0.000 29.384 31.639 26.589 29.826 41.744 26.569 17.778 31.461 29.669 31.759 17.945 31.838 32.584 28.803 19.259 31.575 18.551 21.380 37.182 17.633 28.810 26.725 32.674 36.254 23.393 38.809 19.193 23.242 41.652 16.151 28.781 33.281 23.919 21.011
35.736 44.817 30.805 24.189 35.088 30.514 30.883 26.642 41.342 26.096 42.784 30.907 34.253 31.631 35.637 40.609 28.287 35.420 27.498 18.520 16.695 39.697 28.088 34.987 32.492 31.282 30.039 29.384 0.000 43.959 19.085 41.470 31.841 38.841 32.790 30.873 17.994 41.477 23.698 22.083 31.139 18.626 35.368 41.573 34.152 37.409 46.120 30.616 16.691 20.858 41.264 42.764 39.873 30.573 33.267 34.901 31.346 32.077 18.403 21.693 36.073 24.008
22.557 19.849 42.584 31.890 34.409 31.686 25.120 40.996 24.482 30.441 20.717 42.394 24.996 24.503 20.333 18.841 28.683 24.786 39.935 44.232 47.833 21.391 41.788 24.948 39.908 32.486 26.217 31.639 43.959 0.000 43.215 11.439 44.466 17.301 25.861 30.933 40.517 16.929 36.092 50.111 31.946 39.351 25.055 19.883 25.250 23.525 19.794 26.758 40.694 45.207 18.760 22.660 23.538 41.063 24.509 21.253 44.834 28.150 41.035 41.596 20.184 31.985
36.121 45.099 34.449 23.444 37.549 32.423 30.151 30.190 42.325 24.795 43.232 34.526 32.275 31.426 34.928 40.745 26.752 33.329 30.873 4.564 20.463 40.203 31.715 32.916 35.761 33.393 29.003 26.589 19.085 43.215 0.000 40.841 35.646 37.950 30.861 32.644 21.224 41.352 20.651 19.641 33.138 21.423 33.231 41.380 32.132 35.353 46.332 28.980 19.744 16.808 41.416 43.478 37.677 34.042 31.613 33.972 35.205 29.710 19.252 25.389 35.086 23.492
20.153 19.607 40.192 29.461 32.275 29.255 22.698 38.496 23.105 28.115 19.768 40.007 23.411 21.951 17.913 17.182 26.466 23.424 37.456 41.854 45.298 19.640 39.320 23.511 37.601 30.108 23.888 29.826 41.470 11.439 40.841 0.000 42.090 14.480 24.082 28.506 37.954 15.383 33.954 47.843 29.553 36.788 23.706 13.360 23.673 22.499 20.007 24.677 38.146 42.995 17.333 21.625 23.079 38.675 22.633 18.984 42.438 26.472 38.493 39.027 18.022 29.529
33.937 40.498 8.684 33.366 23.179 24.889 35.845 17.771 34.662 35.492 38.218 9.354 42.354 34.271 38.441 38.108 37.195 43.603 17.787 35.865 30.745 35.810 18.588 43.217 16.904 23.983 36.478 41.744 31.841 44.466 35.646 42.090 0.000 41.313 41.182 25.624 26.515 39.885 38.661 41.719 24.538 26.645 43.739 40.258 42.436 44.944 41.831 38.804 27.986 40.453 38.491 36.955 47.402 15.251 40.514 38.850 3.345 42.218 28.435 22.258 39.825 32.733
19.881 22.418 39.375 26.697 32.287 28.440 19.958 37.238 24.724 25.162 22.058 39.209 20.189 19.804 14.677 18.988 23.382 20.295 36.313 38.970 42.844 20.978 38.214 20.345 37.084 29.475 20.948 26.569 38.841 17.301 37.950 14.480 41.313 0.000 20.824 27.721 35.733 17.849 30.809 44.810 28.874 34.568 20.581 17.514 20.452 19.613 23.022 21.489 35.788 39.909 19.399 23.713 20.682 37.882 19.378 17.689 41.588 23.222 36.095 37.221 12.817 26.834
24.642 30.815 39.261 21.222 34.959 29.566 17.776 36.005 31.411 18.925 29.906 39.160 6.523 20.170 19.303 26.725 16.676 12.045 35.502 31.880 37.289 27.818 37.353 10.092 37.965 30.906 16.737 17.778 32.790 25.861 30.861 24.082 41.182 20.824 0.000 29.061 31.438 26.218 22.733 36.980 30.284 30.375 12.166 25.994 6.257 16.631 31.616 11.021 30.974 31.916 27.310 31.171 19.160 37.945 6.887 17.834 41.237 10.943 31.108 34.253 18.299 21.689
20.376 28.078 23.705 24.067 18.111 3.354 23.309 22.268 23.151 25.301 25.778 23.528 29.966 21.208 24.982 24.911 26.150 31.106 21.095 33.396 33.013 22.921 22.897 30.777 21.412 8.303 24.421 31.461 30.873 30.933 32.644 28.506 25.624 27.721 29.061 0.000 25.305 26.551 30.834 40.235 5.496 24.376 31.294 26.882 30.106 32.120 29.466 27.010 26.285 36.798 25.393 25.065 34.417 22.195 28.046 25.582 25.943 30.701 26.813 24.254 26.448 23.520
31.260 40.231 25.240 22.217 29.137 24.860 28.002 20.970 36.180 24.547 38.073 25.311 32.877 28.026 32.432 36.254 26.770 34.147 21.667 21.582 19.796 34.992 22.508 33.708 26.606 25.496 27.639 29.669 17.994 40.517 21.224 37.954 26.515 35.733 31.438 25.305 0.000 37.380 25.128 28.033 25.418 5.186 34.169 37.549 32.845 35.985 41.584 29.005 6.589 26.021 36.877 37.810 38.560 24.822 31.477 32.018 26.123 31.448 8.806 19.200 33.206 21.759
18.343 16.619 38.040 29.919 29.568 27.305 23.434 36.782 19.696 28.982 19.275 37.840 25.824 21.936 19.115 8.500 27.688 26.076 35.642 42.338 44.981 19.834 37.446 26.086 35.225 27.966 24.898 31.759 41.477 16.929 41.352 15.383 39.885 17.849 26.218 26.551 37.380 0.000 35.205 48.635 27.467 36.232 26.363 2.104 26.086 25.459 17.424 26.274 37.766 43.972 8.432 18.166 26.339 36.519 24.683 20.518 40.293 28.676 38.166 37.907 19.919 29.863
31.172 39.463 37.020 18.813 36.751 30.937 23.835 32.895 38.069 18.459 37.955 37.013 24.048 25.883 28.213 35.054 19.533 24.977 33.025 21.611 28.390 35.185 34.478 24.589 37.137 32.220 22.310 17.945 23.698 36.092 20.651 33.954 38.661 30.809 22.733 30.834 25.128 35.205 0.000 26.247 31.752 24.499 24.844 35.124 23.870 26.990 40.534 21.339 23.996 21.197 35.720 38.662 29.192 36.124 23.769 26.983 38.436 21.224 23.837 29.199 27.946 19.323
43.635 52.534 40.803 30.756 44.939 39.984 37.266 36.695 49.943 31.744 50.731 40.916 38.283 38.776 41.961 48.146 33.432 39.164 37.579 18.839 23.559 47.731 38.106 38.791 42.575 40.903 35.960 31.838 22.083 50.111 19.641 47.843 41.719 44.810 36.980 40.235 28.033 48.635 26.247 0.000 40.680 28.518 39.012 48.629 38.098 41.157 53.734 35.473 26.642 17.112 48.820 51.046 43.229 40.635 37.985 40.876 41.176 35.359 26.096 31.728 41.926 30.892
21.401 28.727 22.641 25.035 17.036 3.637 24.537 21.525 23.527 26.374 26.415 22.454 31.198 22.444 26.182 25.770 27.300 32.341 20.283 33.851 33.018 23.664 22.017 32.010 20.221 2.808 25.630 32.584 31.139 31.946 33.138 29.553 24.538 28.874 30.284 5.496 25.418 27.467 31.752 40.680 0.000 24.560 32.528 27.816 31.337 33.356 30.110 28.214 26.492 37.404 26.219 25.560 35.649 21.122 29.278 26.806 24.889 31.899 27.031 23.965 27.660 24.469
30.132 39.123 25.251 21.167 28.474 23.967 26.849 20.966 35.154 23.511 36.977 25.301 31.807 26.859 31.266 35.122 25.718 33.082 21.509 21.894 20.868 33.893 22.543 32.644 26.343 24.676 26.512 28.803 18.626 39.351 21.423 36.788 26.645 34.568 30.375 24.376 5.186 36.232 24.499 28.518 24.560 0.000 33.110 36.398 31.781 34.903 40.472 27.930 8.619 26.163 35.748 36.748 37.481 24.703 30.379 30.859 26.306 30.457 11.053 16.709 32.047 20.687
25.983 30.971 41.807 23.952 37.043 31.845 20.020 38.642 32.391 21.640 30.383 41.698 6.162 22.162 20.104 27.203 19.400 1.275 38.099 34.240 39.911 28.671 39.965 2.327 40.377 33.157 19.267 19.259 35.368 25.055 33.231 23.706 43.739 20.581 12.166 31.294 34.169 26.363 24.844 39.012 32.528 33.110 0.000 26.063 5.973 9.544 31.603 17.210 33.685 33.908 27.720 31.845 16.506 40.463 14.497 18.741 43.817 16.248 33.809 36.982 18.721 24.424
18.618 16.909 38.406 29.939 29.991 27.636 23.393 37.095 20.168 28.944 16.771 38.208 25.559 21.988 18.972 10.526 27.597 25.777 35.967 42.370 45.122 16.919 37.779 25.798 35.615 28.323 24.826 31.575 41.573 19.883 41.380 13.360 40.258 17.514 25.994 26.882 37.549 2.104 35.124 48.629 27.816 36.398 26.063 0.000 25.822 25.111 17.622 26.127 37.910 43.937 10.534 18.619 25.940 36.884 24.467 20.348 40.659 28.448 38.303 38.148 19.695 29.900
25.153 30.705 40.508 22.630 35.918 30.640 18.802 37.314 31.740 20.332 29.961 40.401 1.170 21.046 19.467 26.770 18.083 5.789 36.783 33.148 38.669 28.069 38.645 3.836 39.125 31.963 17.958 18.551 34.152 25.250 32.132 23.673 42.436 20.452 6.257 30.106 32.845 26.086 23.870 38.098 31.337 31.781 5.973 25.822 0.000 14.479 31.420 17.192 32.380 33.011 27.321 31.335 17.760 39.174 9.248 18.032 42.507 13.064 32.512 35.639 18.235 23.095
26.034 29.994 42.999 25.793 37.658 32.719 21.100 40.013 32.025 23.532 29.651 42.877 14.060 22.913 19.985 26.529 21.277 8.996 39.392 36.365 41.919 28.260 41.280 10.841 41.374 33.988 20.673 21.380 37.409 23.525 35.353 22.499 44.944 19.613 16.631 32.120 35.985 25.459 26.990 41.157 33.356 34.903 9.544 25.111 14.479 0.000 30.499 18.987 35.569 36.052 26.983 31.244 11.481 41.615 16.586 18.836 45.063 17.798 35.716 38.624 18.441 26.227
22.392 6.169 40.132 34.978 30.810 30.176 28.710 39.634 19.284 34.227 16.421 39.911 31.157 26.960 24.535 17.589 33.045 31.317 38.373 47.296 49.327 18.641 40.031 31.361 36.965 30.482 30.228 37.182 46.120 19.794 46.332 20.007 41.831 23.022 31.616 29.466 41.584 17.424 40.534 53.734 30.110 40.472 31.603 17.622 31.420 30.499 0.000 31.692 42.138 49.173 16.917 16.946 31.011 38.646 30.088 25.942 42.343 34.069 42.579 41.524 25.317 34.859
23.596 30.752 36.893 18.806 33.015 27.467 17.956 33.569 30.568 16.574 29.563 36.798 17.240 18.593 19.160 26.458 10.368 17.161 33.097 30.007 35.040 27.165 34.936 16.726 35.711 28.825 11.584 17.633 30.616 26.758 28.980 24.677 38.804 21.489 11.021 27.010 29.005 26.274 21.339 35.473 28.214 27.930 17.210 26.127 17.192 18.987 31.692 0.000 28.585 30.496 27.091 30.621 21.557 35.601 11.810 17.796 38.841 16.442 28.740 31.774 18.656 19.246
31.763 40.801 26.722 21.784 30.399 25.890 27.936 22.452 36.979 24.049 38.688 26.793 32.430 28.195 32.501 36.729 26.299 33.682 23.137 20.121 19.216 35.597 23.990 33.242 28.059 26.614 27.424 28.810 16.691 40.694 19.744 38.146 27.986 35.788 30.974 26.285 6.589 37.766 23.996 26.642 26.492 8.619 33.685 37.910 32.380 35.569 42.138 28.585 0.000 24.539 37.365 38.522 38.128 26.299 31.128 31.984 27.585 30.807 2.451 17.761 33.175 21.395
39.281 48.017 39.254 26.293 41.996 36.653 32.544 34.990 45.835 26.993 46.314 39.329 33.200 34.237 37.157 43.605 28.534 34.063 35.650 16.691 24.244 43.379 36.519 33.694 40.504 37.711 31.159 26.725 20.858 45.207 16.808 42.995 40.453 39.909 31.916 36.798 26.021 43.972 21.197 17.112 37.404 26.163 33.908 43.937 33.011 36.052 49.173 30.496 24.539 0.000 44.279 46.769 38.117 38.827 32.963 36.013 40.007 30.254 24.054 30.196 37.029 26.525
17.617 16.654 36.680 30.065 27.957 26.137 23.885 35.661 17.798 29.364 11.870 36.474 27.063 22.051 20.032 2.996 28.282 27.434 34.474 42.382 44.573 12.195 36.235 27.403 33.760 26.680 25.444 32.674 41.264 18.760 41.416 17.333 38.491 19.399 27.310 25.393 36.877 8.432 35.720 48.820 26.219 35.748 27.720 10.534 27.321 26.983 16.917 27.091 37.365 44.279 0.000 19.358 28.027 35.164 25.761 21.493 38.929 29.769 37.792 37.102 21.088 29.942
19.515 16.566 35.290 32.486 25.883 25.731 27.014 35.029 10.394 32.207 8.643 35.065 31.083 24.782 23.889 16.726 31.479 31.562 33.732 44.393 45.605 15.519 35.325 31.495 32.072 25.869 28.650 36.254 42.764 22.660 43.478 21.625 36.955 23.713 31.171 25.065 37.810 18.166 38.662 51.046 25.560 36.748 31.845 18.619 31.335 31.244 16.946 30.621 38.522 46.769 19.358 0.000 32.370 33.819 29.629 25.351 37.484 33.603 38.999 37.297 25.134 32.247
27.861 30.686 45.453 28.359 39.804 35.039 23.583 42.535 33.392 26.083 30.651 45.326 17.699 25.241 21.851 27.654 23.829 19.855 41.889 38.680 44.414 29.633 43.783 16.906 43.737 36.280 23.237 23.393 39.873 23.538 37.677 23.079 47.402 20.682 19.160 34.417 38.560 26.339 29.192 43.229 35.649 37.481 16.506 25.940 17.760 11.481 31.011 21.557 38.128 38.117 28.027 32.370 0.000 44.052 19.164 20.908 47.537 19.978 38.267 41.204 20.272 28.801
30.524 37.296 6.763 30.457 20.316 21.458 32.523 17.530 31.560 32.490 35.000 5.923 39.082 30.883 35.020 34.763 34.088 40.319 14.224 34.392 30.296 32.506 12.057 39.940 10.740 20.578 33.221 38.809 30.573 41.063 34.042 38.675 15.251 37.882 37.945 22.195 24.822 36.519 36.124 40.635 21.122 24.703 40.463 36.884 39.174 41.615 38.646 35.601 26.299 38.827 35.164 33.819 44.052 0.000 37.223 35.451 16.777 39.081 26.801 20.915 36.414 29.820
23.189 29.275 38.577 21.350 33.839 28.589 16.759 35.483 29.900 19.194 28.356 38.465 8.541 18.965 17.754 25.175 16.979 13.774 34.903 32.638 37.670 26.287 36.779 12.176 37.116 29.906 18.228 19.193 33.267 24.509 31.613 22.633 40.514 19.378 6.887 28.046 31.477 24.683 23.769 37.985 29.278 30.379 14.497 24.467 9.248 16.586 30.088 11.810 31.128 32.963 25.761 29.629 19.164 37.223 0.000 19.047 40.605 17.818 31.304 34.041 16.772 21.740
19.267 25.062 36.897 22.734 30.898 26.233 18.020 34.338 25.709 21.189 24.074 36.753 17.790 16.606 6.528 20.898 19.482 18.477 33.541 34.992 38.971 22.043 35.453 18.318 34.966 27.434 16.969 23.242 34.901 21.253 33.972 18.984 38.850 17.689 17.834 25.582 32.018 20.518 26.983 40.876 26.806 30.859 18.741 20.348 18.032 18.836 25.942 17.796 31.984 36.013 21.493 25.351 20.908 35.451 19.047 0.000 39.048 20.286 32.268 33.815 5.290 22.894
34.290 41.002 10.014 33.277 23.765 25.200 35.965 17.557 35.201 35.435 38.715 10.910 42.431 34.455 38.676 38.533 37.184 43.687 17.752 35.398 30.130 36.262 17.808 43.296 17.492 24.351 36.551 41.652 31.346 44.834 35.205 42.438 3.345 41.588 41.237 25.943 26.123 40.293 38.436 41.176 24.889 26.306 43.817 40.659 42.507 45.063 42.343 38.841 27.585 40.007 38.929 37.484 47.537 16.777 40.605 39.048 0.000 42.216 28.021 21.833 40.040 32.647
26.936 33.276 40.330 21.371 36.714 31.145 19.667 36.843 33.784 19.021 32.360 40.247 14.129 22.188 21.754 29.182 17.039 16.993 36.465 30.708 36.692 30.227 38.264 15.477 39.293 32.507 18.306 16.151 32.077 28.150 29.710 26.472 42.218 23.222 10.943 30.701 31.448 28.676 21.224 35.359 31.899 30.457 16.248 28.448 13.064 17.798 34.069 16.442 30.807 30.254 29.769 33.603 19.978 39.081 17.818 20.286 42.216 0.000 30.871 34.628 20.757 21.932
32.197 41.246 27.200 21.955 30.951 26.425 28.215 22.938 37.473 24.185 39.143 27.275 32.568 28.545 32.815 37.152 26.440 33.812 23.648 19.601 18.822 36.052 24.465 33.372 28.583 27.158 27.655 28.781 18.403 41.035 19.252 38.493 28.435 36.095 31.108 26.813 8.806 38.166 23.837 26.096 27.031 11.053 33.809 38.303 32.512 35.716 42.579 28.740 2.451 24.054 37.792 38.999 38.267 26.801 31.304 32.268 28.021 30.871 0.000 18.187 33.457 21.593
31.581 40.140 21.118 25.259 26.637 23.633 30.000 16.971 35.402 27.607 37.877 21.216 35.631 29.425 33.956 36.533 29.705 36.921 17.961 25.632 21.694 34.889 18.396 36.491 22.962 23.842 29.998 33.281 21.693 41.596 25.389 39.027 22.258 37.221 34.253 24.254 19.200 37.907 29.199 31.728 23.965 16.709 36.982 38.148 35.639 38.624 41.524 31.774 17.761 30.196 37.102 37.297 41.204 20.915 34.041 33.815 21.833 34.628 18.187 0.000 34.970 24.698
19.620 24.524 37.873 23.896 31.592 27.120 17.243 35.402 25.693 22.292 23.727 37.724 17.977 17.667 7.017 20.537 20.499 18.441 34.578 36.107 40.157 21.957 36.489 18.361 35.855 28.284 18.095 23.919 36.073 20.184 35.086 18.022 39.825 12.817 18.299 26.448 33.206 19.919 27.946 41.926 27.660 32.047 18.721 19.695 18.235 18.441 25.317 18.656 33.175 37.029 21.088 25.134 20.272 36.414 16.772 5.290 40.040 20.757 33.457 34.970 0.000 24.069
24.773 33.646 30.925 2.829 29.490 23.651 18.879 27.151 31.342 12.939 31.848 30.874 23.121 19.933 23.653 29.270 17.044 24.395 26.948 24.475 28.141 28.874 28.646 23.957 30.470 24.958 18.096 21.011 24.008 31.985 23.492 29.529 32.733 26.834 21.689 23.520 21.759 29.863 19.323 30.892 24.469 20.687 24.424 29.900 23.095 26.227 34.859 19.246 21.395 26.525 29.942 32.247 28.801 29.820 21.740 22.894 32.647 21.932 21.593 24.698 24.069 0.000
0.0000 3.0270 6.6806 4.3296 4.1385 3.0431 2.5742 6.1692 2.3402 4.2379 2.3708 6.6185 4.3101 1.7769 2.0177 1.6674 4.0453 4.5752 5.8029 8.3538 8.9884 1.3669 6.4156 4.5127 5.8240 3.3184 3.1225 5.7225 7.9119 3.5189 8.0404 2.7178 7.3123 2.6270 4.2141 2.7921 6.4199 2.1145 6.3908 10.5451 3.1338 6.0441 4.6610 2.2060 4.3842 4.6780 3.4640 3.8652 6.5878 9.0935 1.8724 2.5050 5.2870 6.1745 3.7295 2.4223 7.4299 4.9788 6.7322 6.5269 2.5401 4.2578
3.0270 0.0000 8.9287 7.2615 5.8382 5.5963 5.2092 8.7506 2.0166 7.0371 0.7712 8.8554 6.1476 4.5942 3.8748 1.4727 6.6701 6.2281 8.3314 11.3523 11.9942 1.7548 8.8861 6.2335 7.8802 5.7009 5.7257 8.0988 10.9389 2.6162 11.0330 2.5358 9.4992 3.4727 6.2717 5.3595 9.4103 1.5397 9.1542 13.5114 5.5758 9.0410 6.3236 1.6362 6.2350 5.9981 0.4626 6.2506 9.6005 12.0058 1.2490 1.2425 6.2287 8.4321 5.7582 4.3540 9.6673 7.0921 9.7487 9.3801 4.1748 7.2153
6.6806 8.9287 0.0000 6.5201 3.2246 3.6550 7.3001 1.4286 7.0067 7.2171 8.1647 0.0805 9.4744 6.7724 8.1639 8.0941 7.7723 9.8896 1.3362 7.5785 6.0477 7.3396 0.9116 9.7614 1.1634 3.3663 7.5168 9.3112 6.2685 10.1946 7.4831 9.3973 0.6513 9.1251 9.0871 3.9017 4.4134 8.6800 8.3400 9.6009 3.5469 4.4169 9.9356 8.8020 9.5027 10.3330 9.3774 8.2978 4.9075 9.0846 8.2268 7.7634 11.1509 0.5072 8.8592 8.2989 0.7511 9.4434 5.0665 3.0393 8.6244 6.3085
4.3296 7.2615 6.5201 0.0000 6.0210 4.0722 2.2570 5.2590 6.5479 0.7856 6.6768 6.5032 3.5556 2.6739 3.8539 5.7970 1.5176 3.9774 5.1937 4.1471 5.4705 5.6953 5.7584 3.8310 6.3675 4.5109 1.9508 2.7926 4.0629 6.6301 3.8147 5.8204 7.1220 4.8990 3.0741 4.0222 3.4058 5.9731 2.2709 6.2519 4.3449 3.0557 3.9839 5.9796 3.5433 4.5976 7.6595 2.2686 3.2613 4.7642 6.0217 6.8288 5.4531 6.1522 3.1166 3.5780 7.0924 3.1235 3.3182 4.4196 3.9655 0.2122
4.1385 5.8382 3.2246 6.0210 0.0000 1.9511 5.7276 3.5626 3.8532 6.4665 5.0962 3.1456 7.9192 4.9608 6.0119 5.2291 6.7498 8.2784 3.1053 8.7267 8.0836 4.4047 3.4666 8.1785 2.0926 1.5111 6.1369 8.5239 7.6960 7.4698 8.5164 6.7584 3.7265 6.7625 7.6528 2.0371 5.7122 5.8561 8.2502 10.9796 1.6787 5.4915 8.3477 5.9969 7.9727 8.5527 6.2701 7.0050 6.1332 9.9985 5.3191 4.6276 9.2680 2.7719 7.2797 6.2994 3.9218 8.2380 6.3169 4.8791 6.5306 5.8301
3.0431 5.5963 3.6550 4.0722 1.9511 0.0000 3.9460 3.1754 3.9251 4.5212 4.8282 3.5966 6.1685 3.2695 4.5557 4.5531 4.8380 6.5541 2.7815 7.0501 6.8402 3.8833 3.3808 6.4417 2.9121 0.4568 4.2975 6.5953 6.1713 6.5619 6.8076 5.7517 4.2962 5.4800 5.8555 0.2516 4.2868 5.1015 6.3122 9.3281 0.2728 3.9889 6.6149 5.2121 6.2132 6.9063 6.0586 5.1556 4.6300 8.2178 4.7122 4.5770 7.6798 3.1528 5.5296 4.7443 4.4001 6.3817 4.8083 3.8776 5.0398 3.8835
2.5742 5.2092 7.3001 2.2570 5.7276 3.9460 0.0000 6.3223 4.9139 1.8504 4.7217 7.2601 2.2232 0.8518 1.5971 3.7401 1.4884 2.6166 6.1020 6.3871 7.6396 3.8411 6.7335 2.4994 6.7879 4.3877 0.5488 3.1576 6.2945 4.3733 6.0505 3.5659 7.9483 2.6525 1.9253 3.7695 5.3341 3.8113 3.9450 8.4219 4.1791 4.9498 2.6734 3.7976 2.2672 3.0333 5.5699 1.3467 5.3121 6.8481 3.9617 5.0047 3.8610 6.8410 1.5862 1.3515 7.9882 2.5556 5.4049 5.9999 1.7477 2.2931
6.1692 8.7506 1.4286 5.2590 3.5626 3.1754 6.3223 0.0000 6.9702 5.9925 7.9798 1.4481 8.4189 5.9129 7.3829 7.7249 6.6014 8.8436 0.4588 6.1680 4.8120 7.0552 0.5313 8.7087 2.0250 3.0554 6.4633 8.0464 4.8806 9.6654 6.0632 8.8319 1.9235 8.4126 8.0016 3.4227 2.9899 8.2606 6.9649 8.2315 3.1749 2.9887 8.8807 8.3650 8.4382 9.3376 9.2113 7.1896 3.4840 7.6633 7.8869 7.6764 10.1785 1.3148 7.8278 7.4460 1.8523 8.2812 3.6460 1.6570 7.8007 5.0505
2.3402 2.0166 7.0067 6.5479 3.8532 3.9251 4.9139 6.9702 0.0000 6.5420 1.3406 6.9310 6.4997 4.1106 4.0980 1.9790 6.3841 6.7051 6.5314 10.4028 10.6559 1.2563 7.0470 6.6662 5.9235 3.9289 5.4624 8.0560 9.7806 4.1608 10.1084 3.7016 7.5539 4.2413 6.4705 3.7169 8.0601 2.5652 8.6896 12.6475 3.8424 7.7181 6.7969 2.7228 6.5801 6.6751 2.4281 6.1894 8.3262 11.2784 1.9328 0.7795 7.1308 6.5201 5.9666 4.5695 7.7336 7.2614 8.4910 7.8007 4.5644 6.4473
4.2379 7.0371 7.2171 0.7856 6.4665 4.5212 1.8504 5.9925 6.5420 0.0000 6.5116 7.1961 2.7945 2.4780 3.4065 5.5646 0.7518 3.2111 5.9021 4.6058 6.1585 5.5778 6.4822 3.0644 6.9932 4.9735 1.4096 2.1208 4.6986 6.1471 4.2649 5.3718 7.8305 4.3872 2.3085 4.4338 4.1822 5.6608 2.1528 6.5814 4.7913 3.8370 3.2133 5.6479 2.7772 3.8440 7.4090 1.5246 4.0162 4.9978 5.7881 6.7355 4.6942 6.8299 2.3981 3.0629 7.8118 2.3405 4.0617 5.2023 3.4307 0.9705
2.3708 0.7712 8.1647 6.6768 5.0962 4.8282 4.7217 7.9798 1.3406 6.5116 0.0000 8.0917 5.9014 4.0391 3.5353 1.0637 6.2047 6.0325 7.5602 10.7245 11.2816 1.0305 8.1153 6.0201 7.1244 4.9298 5.2562 7.7259 10.2613 2.9056 10.4107 2.5894 8.7393 3.3525 5.9685 4.5927 8.6910 1.4456 8.6518 12.9103 4.8051 8.3258 6.1276 1.5902 5.9871 5.8836 1.2316 5.8545 8.8959 11.4381 0.8903 0.6482 6.2170 7.6668 5.4521 4.0247 8.9049 6.7866 9.0477 8.6257 3.9091 6.6159
6.6185 8.8554 0.0805 6.5032 3.1456 3.5966 7.2601 1.4481 6.9310 7.1961 8.0917 0.0000 9.4383 6.7259 8.1123 8.0262 7.7460 9.8526 1.3298 7.6074 6.0987 7.2696 0.9404 9.7250 1.0829 3.3026 7.4816 9.2932 6.3024 10.1312 7.5086 9.3356 0.7016 9.0697 9.0533 3.8425 4.4369 8.6135 8.3377 9.6386 3.4847 4.4335 9.8992 8.7359 9.4671 10.2925 9.3036 8.2661 4.9310 9.1095 8.1579 7.6884 11.1086 0.4443 8.8216 8.2509 0.8183 9.4155 5.0915 3.0719 8.5747 6.2914
4.3101 6.1476 9.4744 3.5556 7.9192 6.1685 2.2232 8.4189 6.4997 2.7945 5.9014 9.4383 0.0000 2.9597 2.4068 4.8378 2.0434 0.4300 8.2376 7.0974 8.9187 5.2743 8.8595 0.2900 9.0041 6.6083 1.9603 2.2597 7.4176 4.3321 6.7584 3.8036 10.1181 2.7298 0.4892 5.9885 6.9590 4.6080 4.0161 8.7610 6.3992 6.6023 0.4621 4.5197 0.0878 1.0545 6.3858 1.2930 6.8099 7.0668 5.0210 6.3609 1.8998 9.0275 0.6406 1.9301 10.1437 1.0597 6.8561 7.8771 1.9924 3.7069
1.7769 4.5942 6.7724 2.6739 4.9608 3.2695 0.8518 5.9129 4.1106 2.4780 4.0391 6.7259 2.9597 0.0000 1.5107 3.1257 2.2762 3.3190 5.6451 6.8024 7.7855 3.1007 6.2822 3.2177 6.1653 3.6919 1.3810 3.9983 6.5438 4.1676 6.4752 3.3169 7.4236 2.6013 2.7233 3.0693 5.3419 3.3119 4.6278 8.9254 3.4813 4.9530 3.3872 3.3293 3.0153 3.6377 4.9868 2.1975 5.3985 7.4124 3.3504 4.2606 4.4136 6.2944 2.3217 1.5354 7.4852 3.3959 5.5150 5.8082 1.8891 2.6444
2.0177 3.8748 8.1639 3.8539 6.0119 4.5557 1.5971 7.3829 4.0980 3.4065 3.5353 8.1123 2.4068 1.5107 0.0000 2.4774 2.8937 2.6108 7.0931 7.9803 9.1933 2.8675 7.7295 2.5683 7.4646 4.9342 2.0011 4.2239 7.8789 2.7777 7.6427 1.9710 8.8136 1.1007 2.4342 4.3273 6.8106 2.3717 5.4044 9.9871 4.7274 6.4221 2.7015 2.3241 2.4890 2.6618 4.1783 2.3865 6.8335 8.3855 2.6772 3.9629 3.2837 7.6734 1.9181 0.4896 8.8921 3.2514 6.9383 7.3186 0.5263 3.8842
1.6674 1.4727 8.0941 5.7970 5.2291 4.5531 3.7401 7.7249 1.9790 5.5646 1.0637 8.0262 4.8378 3.1257 2.4774 0.0000 5.2082 4.9728 7.3343 9.9037 10.6464 0.8503 7.9264 4.9583 7.1365 4.7488 4.2615 6.6840 9.5362 2.2802 9.5815 1.7272 8.7028 2.3295 4.9082 4.3038 8.0846 0.6375 7.6847 12.0488 4.5901 7.7073 5.0677 0.7895 4.9234 4.8430 1.8632 4.8195 8.2430 10.5350 0.2247 1.5753 5.2181 7.5877 4.3917 2.9660 8.8444 5.7272 8.3841 8.1777 2.8456 5.7565
4.0453 6.6701 7.7723 1.5176 6.7498 4.8380 1.4884 6.6014 6.3841 0.7518 6.2047 7.7460 2.0434 2.2762 2.8937 5.2082 0.0000 2.4620 6.4779 5.2596 6.9026 5.3290 7.0757 2.3154 7.4640 5.2948 0.9485 1.7950 5.4291 5.5609 4.9173 4.8219 8.3984 3.7940 1.5587 4.7165 4.9233 5.2294 2.5112 7.1440 5.1000 4.5725 2.4667 5.1990 2.0278 3.0923 7.0150 0.7776 4.7665 5.5115 5.4274 6.4929 3.9431 7.3628 1.6597 2.4940 8.3947 1.6797 4.8133 5.9017 2.8331 1.6814
4.5752 6.2281 9.8896 3.9774 8.2784 6.5541 2.6166 8.8436 6.7051 3.2111 6.0325 9.8526 0.4300 3.3190 2.6108 4.9728 2.4620 0.0000 8.6584 7.4469 9.3166 5.4645 9.2816 0.1467 9.4041 6.9901 2.3816 2.4812 7.8066 4.2619 7.1098 3.8079 10.5343 2.7650 0.9034 6.3687 7.3824 4.6922 4.3256 9.0545 6.7803 7.0273 0.0956 4.5922 0.4342 0.6747 6.4389 1.7203 7.2274 7.3544 5.1447 6.5208 1.4891 9.4397 1.0330 2.1589 10.5624 1.2744 7.2708 8.3068 2.1470 4.1316
5.8029 8.3314 1.3362 5.1937 3.1053 2.7815 6.1020 0.4588 6.5314 5.9021 7.5602 1.3298 8.2376 5.6451 7.0931 7.3343 6.4779 8.6584 0.0000 6.4161 5.1944 6.6484 0.6371 8.5265 1.6702 2.6306 6.2774 7.9862 5.1661 9.3117 6.2910 8.4853 1.9290 8.1043 7.8341 3.0316 3.2222 7.8807 7.0084 8.5263 2.7611 3.1696 8.6997 7.9889 8.2611 9.1307 8.7911 7.0324 3.7123 7.8832 7.4914 7.2441 9.9630 1.0668 7.6343 7.1805 1.9172 8.1549 3.8827 1.9871 7.5259 4.9826
8.3538 11.3523 7.5785 4.1471 8.7267 7.0501 6.3871 6.1680 10.4028 4.6058 10.7245 7.6074 7.0974 6.8024 7.9803 9.9037 5.2596 7.4469 6.4161 0.0000 2.6414 9.7121 6.6677 7.3096 8.0600 7.3619 6.0075 5.1850 1.3890 10.7440 0.3423 9.9513 7.9551 8.9901 6.6268 7.1321 3.1941 10.1126 3.2037 2.2798 7.2838 3.2980 7.4133 10.1234 7.0493 8.1215 11.7653 6.0023 2.7069 1.5636 10.1273 10.7976 8.8932 7.4641 6.8794 7.6638 7.7993 6.2361 2.5338 4.5440 8.0358 4.1583
8.9884 11.9942 6.0477 5.4705 8.0836 6.8402 7.6396 4.8120 10.6559 6.1585 11.2816 6.0987 8.9187 7.7855 9.1933 10.6464 6.9026 9.3166 5.1944 2.6414 0.0000 10.2529 5.2030 9.1712 6.8370 7.0084 7.4118 7.3564 1.5652 11.9442 2.8209 11.0994 6.2485 10.2813 8.4297 7.0043 2.5986 10.9936 5.4632 3.8529 7.0060 2.9562 9.3037 11.0408 8.8895 9.9731 12.4423 7.6800 2.4053 4.0813 10.8577 11.2016 10.8048 6.0987 8.5565 8.9904 6.0433 8.2308 2.2741 3.2314 9.3857 5.3802
1.3669 1.7548 7.3396 5.6953 4.4047 3.8833 3.8411 7.0552 1.2563 5.5778 1.0305 7.2696 5.2743 3.1007 2.8675 0.8503 5.3290 5.4645 6.6484 9.7121 10.2529 0.0000 7.2233 5.4305 6.3504 4.0306 4.3867 6.9319 9.2325 3.1304 9.4011 2.5467 7.9366 2.9927 5.2725 3.6404 7.6640 1.4875 7.7285 11.9102 3.8879 7.2975 5.5571 1.6396 5.3563 5.4201 2.2138 5.0548 7.8658 10.4595 0.9146 1.1639 5.8776 6.8355 4.7623 3.3476 8.0874 6.0758 8.0173 7.6297 3.3191 5.6246
6.4156 8.8861 0.9116 5.7584 3.4666 3.3808 6.7335 0.5313 7.0470 6.4822 8.1153 0.9404 8.8595 6.2822 7.7295 7.9264 7.0757 9.2816 0.6371 6.6677 5.2030 7.2233 0.0000 9.1487 1.6894 3.1932 6.9000 8.5493 5.3626 9.9293 6.5715 9.1067 1.3941 8.7380 8.4511 3.6322 3.5027 8.4819 7.4928 8.7022 3.3389 3.5144 9.3216 8.5929 8.8816 9.7599 9.3438 7.6452 3.9966 8.1731 8.0784 7.7749 10.5943 0.9043 8.2597 7.8175 1.3356 8.7548 4.1551 2.1318 8.1631 5.5487
4.5127 6.2335 9.7614 3.8310 8.1785 6.4417 2.4994 8.7087 6.6662 3.0644 6.0201 9.7250 0.2900 3.2177 2.5683 4.9583 2.3154 0.1467 8.5265 7.3096 9.1712 5.4305 9.1487 0.0000 9.2846 6.8796 2.2491 2.3715 7.6623 4.3160 6.9721 3.8370 10.4055 2.7817 0.7569 6.2589 7.2361 4.6952 4.1964 8.9302 6.6701 6.8813 0.1745 4.5992 0.2877 0.8130 6.4538 1.5754 7.0807 7.2312 5.1343 6.4984 1.6352 9.3134 0.9132 2.1060 10.4320 1.1608 7.1241 8.1637 2.1204 3.9857
5.8240 7.8802 1.1634 6.3675 2.0926 2.9121 6.7879 2.0250 5.9235 6.9932 7.1244 1.0829 9.0041 6.1653 7.4646 7.1365 7.4640 9.4041 1.6702 8.0600 6.8370 6.3504 1.6894 9.2846 0.0000 2.5372 7.0767 9.1137 6.8307 9.3026 7.9202 8.5338 1.6345 8.3614 8.6549 3.1373 4.8687 7.7418 8.3789 10.1917 2.7405 4.7810 9.4590 7.8717 9.0418 9.7912 8.3216 7.9035 5.3532 9.5013 7.2534 6.6906 10.5789 0.8055 8.3721 7.6552 1.8305 9.0978 5.5277 3.6540 7.9517 6.1566
3.3184 5.7009 3.3663 4.5109 1.5111 0.4568 4.3877 3.0554 3.9289 4.9735 4.9298 3.3026 6.6083 3.6919 4.9342 4.7488 5.2948 6.9901 2.6306 7.3619 7.0084 4.0306 3.1932 6.8796 2.5372 0.0000 4.7484 7.0512 6.4273 6.8286 7.1309 6.0362 3.9944 5.8250 6.3020 0.6227 4.4985 5.3222 6.7399 9.6344 0.2106 4.2254 7.0523 5.4409 6.6544 7.3294 6.1605 5.6083 4.8713 8.5705 4.8933 4.6229 8.0934 2.8594 5.9686 5.1447 4.1170 6.8356 5.0526 3.9473 5.4279 4.3193
3.1225 5.7257 7.5168 1.9508 6.1369 4.2975 0.5488 6.4633 5.4624 1.4096 5.2562 7.4816 1.9603 1.3810 2.0011 4.2615 0.9485 2.3816 6.2774 6.0075 7.4118 4.3867 6.9000 2.2491 7.0767 4.7484 0.0000 2.6174 6.0130 4.7389 5.6675 3.9628 8.1594 2.9827 1.5789 4.1404 5.2131 4.2993 3.4366 7.9867 4.5434 4.8373 2.4224 4.2755 1.9861 2.8910 6.0760 0.8688 5.1415 6.3864 4.4813 5.5499 3.7458 7.0738 1.3671 1.6564 8.1836 2.1018 5.2183 5.9995 2.0317 2.0319
5.7225 8.0988 9.3112 2.7926 8.5239 6.5953 3.1576 8.0464 8.0560 2.1208 7.7259 9.2932 2.2597 3.9983 4.2239 6.6840 1.7950 2.4812 7.9862 5.1850 7.3564 6.9319 8.5493 2.3715 9.1137 7.0512 2.6174 0.0000 5.7947 6.5462 4.8630 5.9419 9.9146 4.8564 1.9259 6.4871 5.8898 6.5862 1.9816 6.6125 6.8615 5.6009 2.4197 6.5250 2.1838 3.1268 8.3940 1.8776 5.6034 4.9085 6.8914 8.0847 3.7976 8.9362 2.3977 3.7475 9.8839 1.2114 5.5937 7.0938 3.9729 3.0036
7.9119 10.9389 6.2685 4.0629 7.6960 6.1713 6.2945 4.8806 9.7806 4.6986 10.2613 6.3024 7.4176 6.5438 7.8789 9.5362 5.4291 7.8066 5.1661 1.3890 1.5652 9.2325 5.3626 7.6623 6.8307 6.4273 6.0130 5.7947 0.0000 10.6530 1.4314 9.8234 6.6135 8.9469 6.9301 6.2910 1.9981 9.8255 3.8993 3.3610 6.3798 2.2088 7.7892 9.8576 7.3840 8.4698 11.3735 6.2054 1.5637 2.9526 9.7546 10.2547 9.2910 6.1911 7.0888 7.6338 6.4486 6.6924 1.3802 3.2309 8.0242 4.0028
3.5189 2.6162 10.1946 6.6301 7.4698 6.5619 4.3733 9.6654 4.1608 6.1471 2.9056 10.1312 4.3321 4.1676 2.7777 2.2802 5.5609 4.2619 9.3117 10.7440 11.9442 3.1304 9.9293 4.3160 9.3026 6.8286 4.7389 6.5462 10.6530 0.0000 10.4048 0.8579 10.8220 1.7669 4.6204 6.3109 9.5057 1.6431 8.0305 12.7036 6.6487 9.1170 4.3517 1.4912 4.4168 3.8418 2.5981 4.9192 9.5646 11.0689 2.2533 3.5532 3.8460 9.6878 4.1698 3.0844 10.9448 5.3833 9.6782 9.8654 2.7281 6.6618
8.0404 11.0330 7.4831 3.8147 8.5164 6.8076 6.0505 6.0632 10.1084 4.2649 10.4107 7.5086 6.7584 6.4752 7.6427 9.5815 4.9173 7.1098 6.2910 0.3423 2.8209 9.4011 6.5715 6.9721 7.9202 7.1309 5.6675 4.8630 1.4314 10.4048 0.0000 9.6138 7.8821 8.6500 6.2869 6.8814 3.0747 9.7839 2.8836 2.5469 7.0461 3.1411 7.0770 9.7932 6.7108 7.7843 11.4439 5.6601 2.5813 1.6026 9.8053 10.4926 8.5590 7.3472 6.5376 7.3239 7.7348 5.9032 2.4173 4.4631 7.6952 3.8308
2.7178 2.5358 9.3973 5.8204 6.7584 5.7517 3.5659 8.8319 3.7016 5.3718 2.5894 9.3356 3.8036 3.3169 1.9710 1.7272 4.8219 3.8079 8.4853 9.9513 11.0994 2.5467 9.1067 3.8370 8.5338 6.0362 3.9628 5.9419 9.8234 0.8579 9.6138 0.0000 10.0299 1.0860 4.0273 5.5018 8.6512 1.1537 7.3180 11.9477 5.8509 8.2626 3.9021 1.0020 3.8909 3.4998 2.6689 4.2258 8.7154 10.3318 1.7776 3.2082 3.6929 8.8915 3.5443 2.3279 10.1460 4.8242 8.8309 9.0092 2.0072 5.8429
7.3123 9.4992 0.6513 7.1220 3.7265 4.2962 7.9483 1.9235 7.5539 7.8305 8.7393 0.7016 10.1181 7.4236 8.8136 8.7028 8.3984 10.5343 1.9290 7.9551 6.2485 7.9366 1.3941 10.4055 1.6345 3.9944 8.1594 9.9146 6.6135 10.8220 7.8821 10.0299 0.0000 9.7709 9.7274 4.5413 4.8384 9.2949 8.8869 9.9063 4.1795 4.8817 10.5795 9.4192 10.1455 10.9815 9.9438 8.9347 5.3287 9.4842 8.8303 8.3183 11.8006 1.1438 9.5046 8.9501 0.2509 10.0726 5.4782 3.4193 9.2751 6.9111
2.6270 3.4727 9.1251 4.8990 6.7625 5.4800 2.6525 8.4126 4.2413 4.3872 3.3525 9.0697 2.7298 2.6013 1.1007 2.3295 3.7940 2.7650 8.1043 8.9901 10.2813 2.9927 8.7380 2.7817 8.3614 5.8250 2.9827 4.8564 8.9469 1.7669 8.6500 1.0860 9.7709 0.0000 2.9415 5.2403 7.9109 1.9497 6.2696 10.9368 5.6246 7.5225 2.8603 1.8380 2.8174 2.5376 3.6739 3.1631 7.9293 9.3029 2.4664 3.9045 2.8940 8.6273 2.4592 1.3267 9.8628 3.7407 8.0317 8.4070 0.9613 4.9446
4.2141 6.2717 9.0871 3.0741 7.6528 5.8555 1.9253 8.0016 6.4705 2.3085 5.9685 9.0533 0.4892 2.7233 2.4342 4.9082 1.5587 0.9034 7.8341 6.6268 8.4297 5.2725 8.4511 0.7569 8.6549 6.3020 1.5789 1.9259 6.9301 4.6204 6.2869 4.0273 9.7274 2.9415 0.0000 5.6872 6.4794 4.7392 3.5776 8.3267 6.0947 6.1252 0.9124 4.6646 0.4692 1.5437 6.5385 0.8266 6.3247 6.6387 5.1032 6.3904 2.3868 8.6485 0.5165 1.9446 9.7458 0.8207 6.3693 7.4178 2.0998 3.2296
2.7921 5.3595 3.9017 4.0222 2.0371 0.2516 3.7695 3.4227 3.7169 4.4338 4.5927 3.8425 5.9885 3.0693 4.3273 4.3038 4.7165 6.3687 3.0316 7.1321 7.0043 3.6404 3.6322 6.2589 3.1373 0.6227 4.1404 6.4871 6.2910 6.3109 6.8814 5.5018 4.5413 5.2403 5.6872 0.0000 4.4352 4.8505 6.2779 9.4117 0.4122 4.1254 6.4315 4.9608 6.0354 6.7068 5.8220 5.0035 4.7617 8.2661 4.4642 4.3550 7.4723 3.3984 5.3485 4.5275 4.6477 6.2335 4.9378 4.0846 4.8162 3.8400
6.4199 9.4103 4.4134 3.4058 5.7122 4.2868 5.3341 2.9899 8.0601 4.1822 8.6910 4.4369 6.9590 5.3419 6.8106 8.0846 4.9233 7.3824 3.2222 3.1941 2.5986 7.6640 3.5027 7.2361 4.8687 4.4985 5.2131 5.8898 1.9981 9.5057 3.0747 8.6512 4.8384 7.9109 6.4794 4.4352 0.0000 8.4600 4.3758 5.3442 4.4726 0.3889 7.3896 8.5164 6.9485 7.9951 9.8613 5.6682 0.4941 4.6736 8.2923 8.6033 8.8534 4.2738 6.4925 6.6726 4.7078 6.4825 0.6605 1.4400 7.0685 3.2531
2.1145 1.5397 8.6800 5.9731 5.8561 5.1015 3.8113 8.2606 2.5652 5.6608 1.4456 8.6135 4.6080 3.3119 2.3717 0.6375 5.2294 4.6922 7.8807 10.1126 10.9936 1.4875 8.4819 4.6952 7.7418 5.3222 4.2993 6.5862 9.8255 1.6431 9.7839 1.1537 9.2949 1.9497 4.7392 4.8505 8.4600 0.0000 7.7351 12.2116 5.1558 8.0774 4.7878 0.1578 4.6954 4.4864 1.8081 4.7581 8.5885 10.6573 0.6324 2.0553 4.7797 8.1730 4.2276 2.8393 9.4310 5.5588 8.7219 8.6358 2.6398 5.9544
6.3908 9.1542 8.3400 2.2709 8.2502 6.3122 3.9450 6.9649 8.6896 2.1528 8.6518 8.3377 4.0161 4.6278 5.4044 7.6847 2.5112 4.3256 7.0084 3.2037 5.4632 7.7285 7.4928 4.1964 8.3789 6.7399 3.4366 1.9816 3.8993 8.0305 2.8836 7.3180 8.8869 6.2696 3.5776 6.2779 4.3758 7.7351 0.0000 4.7491 6.5841 4.1662 4.2813 7.7079 3.9568 4.9968 9.5112 3.1130 3.9988 3.0656 7.9065 8.8875 5.7308 8.0414 3.9229 4.9945 8.8121 3.0748 3.9456 5.7330 5.3154 2.4409
10.5451 13.5114 9.6009 6.2519 10.9796 9.3281 8.4219 8.2315 12.6475 6.5814 12.9103 9.6386 8.7610 8.9254 9.9871 12.0488 7.1440 9.0545 8.5263 2.2798 3.8529 11.9102 8.7022 8.9302 10.1917 9.6344 7.9867 6.6125 3.3610 12.7036 2.5469 11.9477 9.9063 10.9368 8.3267 9.4117 5.3442 12.2116 4.7491 0.0000 9.5599 5.5059 9.0040 12.2096 8.6993 9.7191 13.9114 7.8242 4.8807 1.7040 12.2734 13.0154 10.4097 9.5449 8.6617 9.6254 9.7252 7.7864 4.6988 6.5759 9.9755 6.2974
3.1338 5.5758 3.5469 4.3449 1.6787 0.2728 4.1791 3.1749 3.8424 4.7913 4.8051 3.4847 6.3992 3.4813 4.7274 4.5901 5.1000 6.7803 2.7611 7.2838 7.0060 3.8879 3.3389 6.6701 2.7405 0.2106 4.5434 6.8615 6.3798 6.6487 7.0461 5.8509 4.1795 5.6246 6.0947 0.4122 4.4726 5.1558 6.5841 9.5599 0.0000 4.1866 6.8428 5.2720 6.4456 7.1188 6.0367 5.4045 4.8306 8.4681 4.7398 4.5199 7.8830 3.0407 5.7593 4.9352 4.2964 6.6329 5.0105 3.9884 5.2198 4.1562
6.0441 9.0410 4.4169 3.0557 5.4915 3.9889 4.9498 2.9887 7.7181 3.8370 8.3258 4.4335 6.6023 4.9530 6.4221 7.7073 4.5725 7.0273 3.1696 3.2980 2.9562 7.2975 3.5144 6.8813 4.7810 4.2254 4.8373 5.6009 2.2088 9.1170 3.1411 8.2626 4.8817 7.5225 6.1252 4.1254 0.3889 8.0774 4.1662 5.5059 4.1866 0.0000 7.0367 8.1326 6.5938 7.6342 9.4906 5.3100 0.6464 4.7210 7.9159 8.2493 8.4936 4.2342 6.1263 6.2865 4.7687 6.1522 0.8290 1.5697 6.6823 2.8957
4.6610 6.3236 9.9356 3.9839 8.3477 6.6149 2.6734 8.8807 6.7969 3.2133 6.1276 9.8992 0.4621 3.3872 2.7015 5.0677 2.4667 0.0956 8.6997 7.4133 9.3037 5.5571 9.3216 0.1745 9.4590 7.0523 2.4224 2.4197 7.7892 4.3517 7.0770 3.9021 10.5795 2.8603 0.9124 6.4315 7.3896 4.7878 4.2813 9.0040 6.8428 7.0367 0.0000 4.6878 0.4480 0.7158 6.5342 1.7365 7.2285 7.3028 5.2399 6.6150 1.5018 9.4877 1.0873 2.2469 10.6056 1.2186 7.2696 8.3274 2.2404 4.1415
2.2060 1.6362 8.8020 5.9796 5.9969 5.2121 3.7976 8.3650 2.7228 5.6479 1.5902 8.7359 4.5197 3.3293 2.3241 0.7895 5.1990 4.5922 7.9889 10.1234 11.0408 1.6396 8.5929 4.5992 7.8717 5.4409 4.2755 6.5250 9.8576 1.4912 9.7932 1.0020 9.4192 1.8380 4.6646 4.9608 8.5164 0.1578 7.7079 12.2096 5.2720 8.1326 4.6878 0.0000 4.6073 4.3702 1.8740 4.7089 8.6367 10.6457 0.7900 2.2063 4.6465 8.2948 4.1555 2.7826 9.5530 5.4827 8.7678 8.7158 2.5652 5.9665
4.3842 6.2350 9.5027 3.5433 7.9727 6.2132 2.2672 8.4382 6.5801 2.7772 5.9871 9.4671 0.0878 3.0153 2.4890 4.9234 2.0278 0.4342 8.2611 7.0493 8.8895 5.3563 8.8816 0.2877 9.0418 6.6544 1.9861 2.1838 7.3840 4.4168 6.7108 3.8909 10.1455 2.8174 0.4692 6.0354 6.9485 4.6954 3.9568 8.6993 6.4456 6.5938 0.4480 4.6073 0.0000 1.0859 6.4735 1.2894 6.7934 7.0037 5.1071 6.4449 1.9201 9.0579 0.6936 2.0107 10.1691 0.9798 6.8374 7.8796 2.0782 3.6982
4.6780 5.9981 10.3330 4.5976 8.5527 6.9063 3.0333 9.3376 6.6751 3.8440 5.8836 10.2925 1.0545 3.6377 2.6618 4.8430 3.0923 0.6747 9.1307 8.1215 9.9731 5.4201 9.7599 0.8130 9.7912 7.3294 2.8910 3.1268 8.4698 3.8418 7.7843 3.4998 10.9815 2.5376 1.5437 6.7068 7.9951 4.4864 4.9968 9.7191 7.1188 7.6342 0.7158 4.3702 1.0859 0.0000 6.1664 2.3290 7.8564 8.0175 4.9942 6.4146 0.8610 9.8716 1.5287 2.2788 11.0211 1.9328 7.9054 8.8748 2.1468 4.7422
3.4640 0.4626 9.3774 7.6595 6.2701 6.0586 5.5699 9.2113 2.4281 7.4090 1.2316 9.3036 6.3858 4.9868 4.1783 1.8632 7.0150 6.4389 8.7911 11.7653 12.4423 2.2138 9.3438 6.4538 8.3216 6.1605 6.0760 8.3940 11.3735 2.5981 11.4439 2.6689 9.9438 3.6739 6.5385 5.8220 9.8613 1.8081 9.5112 13.9114 6.0367 9.4906 6.5342 1.8740 6.4735 6.1664 0.0000 6.5639 10.0462 12.3909 1.6389 1.6486 6.3372 8.8820 6.0294 4.6474 10.1142 7.3564 10.1929 9.8414 4.4392 7.6197
3.8652 6.2506 8.2978 2.2686 7.0050 5.1556 1.3467 7.1896 6.1894 1.5246 5.8545 8.2661 1.2930 2.1975 2.3865 4.8195 0.7776 1.7203 7.0324 6.0023 7.6800 5.0548 7.6452 1.5754 7.9035 5.6083 0.8688 1.8776 6.2054 4.9192 5.6601 4.2258 8.9347 3.1631 0.8266 5.0035 5.6682 4.7581 3.1130 7.8242 5.4045 5.3100 1.7365 4.7089 1.2894 2.3290 6.5639 0.0000 5.5285 6.1652 5.0302 6.2072 3.1856 7.8671 0.8857 1.9319 8.9471 1.2332 5.5802 6.5915 2.2187 2.4152
6.5878 9.6005 4.9075 3.2613 6.1332 4.6300 5.3121 3.4840 8.3262 4.0162 8.8959 4.9310 6.8099 5.3985 6.8335 8.2430 4.7665 7.2274 3.7123 2.7069 2.4053 7.8658 3.9966 7.0807 5.3532 4.8713 5.1415 5.6034 1.5637 9.5646 2.5813 8.7154 5.3287 7.9293 6.3247 4.7617 0.4941 8.5885 3.9988 4.8807 4.8306 0.6464 7.2285 8.6367 6.7934 7.8564 10.0462 5.5285 0.0000 4.1796 8.4552 8.8406 8.7095 4.7662 6.3759 6.6614 5.1951 6.2689 0.1838 1.9204 7.0582 3.1317
9.0935 12.0058 9.0846 4.7642 9.9985 8.2178 6.8481 7.6633 11.2784 4.9978 11.4381 9.1095 7.0668 7.4124 8.3855 10.5350 5.5115 7.3544 7.8832 1.5636 4.0813 10.4595 8.1731 7.2312 9.5013 8.5705 6.3864 4.9085 2.9526 11.0689 1.6026 10.3318 9.4842 9.3029 6.6387 8.2661 4.6736 10.6573 3.0656 1.7040 8.4681 4.7210 7.3028 10.6457 7.0037 8.0175 12.3909 6.1652 4.1796 0.0000 10.7596 11.5898 8.7057 8.9425 6.9878 8.0042 9.3356 6.0847 4.0181 6.0654 8.3431 4.8415
1.8724 1.2490 8.2268 6.0217 5.3191 4.7122 3.9617 7.8869 1.9328 5.7881 0.8903 8.1579 5.0210 3.3504 2.6772 0.2247 5.4274 5.1447 7.4914 10.1273 10.8577 0.9146 8.0784 5.1343 7.2534 4.8933 4.4813 6.8914 9.7546 2.2533 9.8053 1.7776 8.8303 2.4664 5.1032 4.4642 8.2923 0.6324 7.9065 12.2734 4.7398 7.9159 5.2399 0.7900 5.1071 4.9942 1.6389 5.0302 8.4552 10.7596 0.0000 1.4518 5.3422 7.7212 4.5869 3.1643 8.9762 5.9231 8.5973 8.3672 3.0292 5.9808
2.5050 1.2425 7.7634 6.8288 4.6276 4.5770 5.0047 7.6764 0.7795 6.7355 0.6482 7.6884 6.3609 4.2606 3.9629 1.5753 6.4929 6.5208 7.2441 10.7976 11.2016 1.1639 7.7749 6.4984 6.6906 4.6229 5.5499 8.0847 10.2547 3.5532 10.4926 3.2082 8.3183 3.9045 6.3904 4.3550 8.6033 2.0553 8.8875 13.0154 4.5199 8.2493 6.6150 2.2063 6.4449 6.4146 1.6486 6.2072 8.8406 11.5898 1.4518 0.0000 6.7900 7.2731 5.8763 4.4504 8.4945 7.2011 8.9995 8.4323 4.3780 6.7490
5.2870 6.2287 11.1509 5.4531 9.2680 7.6798 3.8610 10.1785 7.1308 4.6942 6.2170 11.1086 1.8998 4.4136 3.2837 5.2181 3.9431 1.4891 9.9630 8.8932 10.8048 5.8776 10.5943 1.6352 10.5789 8.0934 3.7458 3.7976 9.2910 3.8460 8.5590 3.6929 11.8006 2.8940 2.3868 7.4723 8.8534 4.7797 5.7308 10.4097 7.8830 8.4936 1.5018 4.6465 1.9201 0.8610 6.3372 3.1856 8.7095 8.7057 5.3422 6.7900 0.0000 10.6840 2.3879 2.9692 11.8458 2.6594 8.7558 9.7348 2.7574 5.6003
6.1745 8.4321 0.5072 6.1522 2.7719 3.1528 6.8410 1.3148 6.5201 6.8299 7.6668 0.4443 9.0275 6.2944 7.6734 7.5877 7.3628 9.4397 1.0668 7.4641 6.0987 6.8355 0.9043 9.3134 0.8055 2.8594 7.0738 8.9362 6.1911 9.6878 7.3472 8.8915 1.1438 8.6273 8.6485 3.3984 4.2738 8.1730 8.0414 9.5449 3.0407 4.2342 9.4877 8.2948 9.0579 9.8716 8.8820 7.8671 4.7662 8.9425 7.7212 7.2731 10.6840 0.0000 8.4077 7.8169 1.2583 9.0269 4.9337 2.9717 8.1381 5.9400
3.7295 5.7582 8.8592 3.1166 7.2797 5.5296 1.5862 7.8278 5.9666 2.3981 5.4521 8.8216 0.6406 2.3217 1.9181 4.3917 1.6597 1.0330 7.6343 6.8794 8.5565 4.7623 8.2597 0.9132 8.3721 5.9686 1.3671 2.3977 7.0888 4.1698 6.5376 3.5443 9.5046 2.4592 0.5165 5.3485 6.4925 4.2276 3.9229 8.6617 5.7593 6.1263 1.0873 4.1555 0.6936 1.5287 6.0294 0.8857 6.3759 6.9878 4.5869 5.8763 2.3879 8.4077 0.0000 1.4285 9.5351 1.3364 6.4348 7.3470 1.5906 3.2467
2.4223 4.3540 8.2989 3.5780 6.2994 4.7443 1.3515 7.4460 4.5695 3.0629 4.0247 8.2509 1.9301 1.5354 0.4896 2.9660 2.4940 2.1589 7.1805 7.6638 8.9904 3.3476 7.8175 2.1060 7.6552 5.1447 1.6564 3.7475 7.6338 3.0844 7.3239 2.3279 8.9501 1.3267 1.9446 4.5275 6.6726 2.8393 4.9945 9.6254 4.9352 6.2865 2.2469 2.7826 2.0107 2.2788 4.6474 1.9319 6.6614 8.0042 3.1643 4.4504 2.9692 7.8169 1.4285 0.0000 9.0158 2.7619 6.7559 7.2717 0.3967 3.6313
7.4299 9.6673 0.7511 7.0924 3.9218 4.4001 7.9882 1.8523 7.7336 7.8118 8.9049 0.8183 10.1437 7.4852 8.8921 8.8444 8.3947 10.5624 1.9172 7.7993 6.0433 8.0874 1.3356 10.4320 1.8305 4.1170 8.1836 9.8839 6.4486 10.9448 7.7348 10.1460 0.2509 9.8628 9.7458 4.6477 4.7078 9.4310 8.8121 9.7252 4.2964 4.7687 10.6056 9.5530 10.1691 11.0211 10.1142 8.9471 5.1951 9.3356 8.9762 8.4945 11.8458 1.2583 9.5351 9.0158 0.0000 10.0720 5.3402 3.2778 9.3468 6.8824
4.9788 7.0921 9.4434 3.1235 8.2380 6.3817 2.5556 8.2812 7.2614 2.3405 6.7866 9.4155 1.0597 3.3959 3.2514 5.7272 1.6797 1.2744 8.1549 6.2361 8.2308 6.0758 8.7548 1.1608 9.0978 6.8356 2.1018 1.2114 6.6924 5.3833 5.9032 4.8242 10.0726 3.7407 0.8207 6.2335 6.4825 5.5588 3.0748 7.7864 6.6329 6.1522 1.2186 5.4827 0.9798 1.9328 7.3564 1.2332 6.2689 6.0847 5.9231 7.2011 2.6594 9.0269 1.3364 2.7619 10.0720 0.0000 6.2902 7.5426 2.9190 3.3107
6.7322 9.7487 5.0665 3.3182 6.3169 4.8083 5.4049 3.6460 8.4910 4.0617 9.0477 5.0915 6.8561 5.5150 6.9383 8.3841 4.8133 7.2708 3.8827 2.5338 2.2741 8.0173 4.1551 7.1241 5.5277 5.0526 5.2183 5.5937 1.3802 9.6782 2.4173 8.8309 5.4782 8.0317 6.3693 4.9378 0.6605 8.7219 3.9456 4.6988 5.0105 0.8290 7.2696 8.7678 6.8374 7.9054 10.1929 5.5802 0.1838 4.0181 8.5973 8.9995 8.7558 4.9337 6.4348 6.7559 5.3402 6.2902 0.0000 2.0625 7.1524 3.1978
6.5269 9.3801 3.0393 4.4196 4.8791 3.8776 5.9999 1.6570 7.8007 5.2023 8.6257 3.0719 7.8771 5.8082 7.3186 8.1777 5.9017 8.3068 1.9871 4.5440 3.2314 7.6297 2.1318 8.1637 3.6540 3.9473 5.9995 7.0938 3.2309 9.8654 4.4631 9.0092 3.4193 8.4070 7.4178 4.0846 1.4400 8.6358 5.7330 6.5759 3.9884 1.5697 8.3274 8.7158 7.8796 8.8748 9.8414 6.5915 1.9204 6.0654 8.3672 8.4323 9.7348 2.9717 7.3470 7.2717 3.2778 7.5426 2.0625 0.0000 7.6565 4.2327
2.5401 4.1748 8.6244 3.9655 6.5306 5.0398 1.7477 7.8007 4.5644 3.4307 3.9091 8.5747 1.9924 1.8891 0.5263 2.8456 2.8331 2.1470 7.5259 8.0358 9.3857 3.3191 8.1631 2.1204 7.9517 5.4279 2.0317 3.9729 8.0242 2.7281 7.6952 2.0072 9.2751 0.9613 2.0998 4.8162 7.0685 2.6398 5.3154 9.9755 5.2198 6.6823 2.2404 2.5652 2.0782 2.1468 4.4392 2.2187 7.0582 8.3431 3.0292 4.3780 2.7574 8.1381 1.5906 0.3967 9.3468 2.9190 7.1524 7.6565 0.0000 4.0228
4.2578 7.2153 6.3085 0.2122 5.8301 3.8835 2.2931 5.0505 6.4473 0.9705 6.6159 6.2914 3.7069 2.6444 3.8842 5.7565 1.6814 4.1316 4.9826 4.1583 5.3802 5.6246 5.5487 3.9857 6.1566 4.3193 2.0319 3.0036 4.0028 6.6618 3.8308 5.8429 6.9111 4.9446 3.2296 3.8400 3.2531 5.9544 2.4409 6.2974 4.1562 2.8957 4.1415 5.9665 3.6982 4.7422 7.6197 2.4152 3.1317 4.8415 5.9808 6.7490 5.6003 5.9400 3.2467 3.6313 6.8824 3.3107 3.1978 4.2327 4.0228 0.0000
0.000 12.973 28.631 18.555 17.737 13.042 11.032 26.439 10.029 18.163 10.161 28.365 18.472 7.615 8.647 7.146 17.337 19.608 24.870 35.802 38.522 5.858 27.495 19.340 24.960 14.222 13.382 24.525 33.908 15.081 34.459 11.648 31.338 11.259 18.060 11.966 27.514 9.062 27.389 45.193 13.431 25.903 19.976 9.454 18.789 20.049 14.846 16.565 28.233 38.972 8.025 10.736 22.659 26.462 15.984 10.381 31.842 21.338 28.852 27.973 10.886 18.248
12.973 0.000 38.266 31.121 25.021 23.984 22.325 37.502 8.642 30.159 3.305 37.952 26.347 19.689 16.606 6.311 28.586 26.692 35.706 48.653 51.404 7.521 38.083 26.715 33.772 24.432 24.539 34.709 46.881 11.212 47.284 10.868 40.711 14.883 26.879 22.969 40.330 6.599 39.232 57.906 23.896 38.747 27.101 7.012 26.721 25.706 1.983 26.788 41.145 51.453 5.353 5.325 26.694 36.138 24.678 18.660 41.431 30.395 41.780 40.200 17.892 30.923
28.631 38.266 0.000 27.943 13.820 15.664 31.286 6.123 30.029 30.931 34.991 0.345 40.605 29.024 34.988 34.689 33.310 42.384 5.727 32.479 25.919 31.456 3.907 41.835 4.986 14.427 32.215 39.905 26.865 43.691 32.070 40.274 2.791 39.108 38.945 16.721 18.915 37.200 35.743 41.147 15.201 18.930 42.581 37.723 40.726 44.284 40.189 35.562 21.032 38.934 35.258 33.272 47.790 2.174 37.968 35.567 3.219 40.472 21.714 13.025 36.962 27.036
18.555 31.121 27.943 0.000 25.804 17.452 9.673 22.538 28.062 3.367 28.615 27.871 15.238 11.459 16.517 24.844 6.504 17.046 22.259 17.773 23.445 24.409 24.679 16.419 27.289 19.332 8.360 11.968 17.412 28.415 16.349 24.945 30.523 20.996 13.175 17.238 14.596 25.599 9.733 26.794 18.621 13.096 17.074 25.627 15.186 19.704 32.826 9.723 13.977 20.418 25.807 29.266 23.371 26.367 13.357 15.334 30.396 13.387 14.221 18.941 16.995 0.909
17.737 25.021 13.820 25.804 0.000 8.362 24.547 15.268 16.514 27.713 21.841 13.481 33.940 21.261 25.765 22.411 28.928 35.479 13.308 37.400 34.644 18.877 14.857 35.051 8.968 6.476 26.301 36.531 32.983 32.013 36.499 28.964 15.971 28.982 32.798 8.730 24.481 25.098 35.358 47.056 7.195 23.535 35.776 25.701 34.169 36.655 26.872 30.021 26.285 42.851 22.796 19.833 39.720 11.880 31.199 26.997 16.808 35.306 27.073 20.911 27.988 24.986
13.042 23.984 15.664 17.452 8.362 0.000 16.911 13.609 16.822 19.376 20.692 15.414 26.436 14.012 19.525 19.513 20.734 28.089 11.921 30.215 29.315 16.643 14.489 27.607 12.480 1.958 18.418 28.266 26.448 28.123 29.176 24.650 18.412 23.486 25.095 1.078 18.372 21.864 27.052 39.978 1.169 17.095 28.350 22.338 26.628 29.598 25.965 22.095 19.843 35.219 20.195 19.616 32.913 13.512 23.698 20.333 18.858 27.350 20.607 16.618 21.599 16.644
11.032 22.325 31.286 9.673 24.547 16.911 0.000 27.096 21.060 7.930 20.236 31.115 9.528 3.651 6.845 16.029 6.379 11.214 26.152 27.373 32.741 16.462 28.858 10.712 29.091 18.804 2.352 13.533 26.976 18.743 25.931 15.283 34.064 11.368 8.251 16.155 22.860 16.334 16.907 36.094 17.911 21.213 11.457 16.275 9.717 13.000 23.871 5.771 22.766 29.349 16.979 21.449 16.547 29.319 6.798 5.792 34.235 10.953 23.164 25.714 7.490 9.828
26.439 37.502 6.123 22.538 15.268 13.609 27.096 0.000 29.872 25.682 34.199 6.206 36.081 25.341 31.641 33.107 28.292 37.901 1.966 26.434 20.623 30.237 2.277 37.323 8.679 13.094 27.700 34.485 20.917 41.423 25.985 37.851 8.244 36.054 34.292 14.669 12.814 35.402 29.849 35.278 13.607 12.809 38.060 35.850 36.164 40.018 39.477 30.813 14.931 32.843 33.801 32.899 43.622 5.635 33.548 31.911 7.938 35.491 15.626 7.101 33.431 21.645
10.029 8.642 30.029 28.062 16.514 16.822 21.060 29.872 0.000 28.037 5.746 29.704 27.856 17.617 17.563 8.481 27.360 28.736 27.992 44.583 45.668 5.384 30.202 28.569 25.386 16.838 23.410 34.526 41.917 17.832 43.322 15.864 32.374 18.177 27.731 15.929 34.543 10.994 37.241 54.204 16.468 33.077 29.129 11.669 28.200 28.608 10.406 26.526 35.684 48.336 8.283 3.341 30.561 27.943 25.571 19.584 33.144 31.120 36.390 33.432 19.562 27.631
18.163 30.159 30.931 3.367 27.713 19.376 7.930 25.682 28.037 0.000 27.907 30.840 11.976 10.620 14.599 23.848 3.222 13.762 25.295 19.739 26.394 23.905 27.781 13.133 29.971 21.315 6.041 9.089 20.137 26.345 18.278 23.022 33.559 18.802 9.893 19.002 17.924 24.261 9.226 28.206 20.534 16.444 13.771 24.205 11.902 16.474 31.753 6.534 17.212 21.419 24.806 28.866 20.118 29.271 10.277 13.127 33.479 10.031 17.407 22.295 14.703 4.159
10.161 3.305 34.991 28.615 21.841 20.692 20.236 34.199 5.746 27.907 0.000 34.679 25.292 17.311 15.151 4.559 26.592 25.854 32.401 45.962 48.350 4.416 34.780 25.800 30.533 21.128 22.527 33.111 43.977 12.452 44.617 11.098 37.454 14.368 25.579 19.683 37.247 6.196 37.079 55.330 20.593 35.682 26.261 6.815 25.659 25.215 5.278 25.091 38.125 49.021 3.815 2.778 26.644 32.858 23.366 17.249 38.164 29.085 38.776 36.967 16.753 28.354
28.365 37.952 0.345 27.871 13.481 15.414 31.115 6.206 29.704 30.840 34.679 0.000 40.450 28.825 34.767 34.398 33.197 42.225 5.699 32.603 26.137 31.156 4.030 41.678 4.641 14.154 32.064 39.828 27.010 43.420 32.180 40.010 3.007 38.870 38.800 16.468 19.015 36.915 35.733 41.308 14.935 19.001 42.425 37.440 40.573 44.111 39.872 35.426 21.133 39.041 34.963 32.950 47.608 1.904 37.807 35.361 3.507 40.352 21.821 13.165 36.749 26.963
18.472 26.347 40.605 15.238 33.940 26.436 9.528 36.081 27.856 11.976 25.292 40.450 0.000 12.685 10.315 20.733 8.758 1.843 35.304 30.417 38.223 22.604 37.969 1.243 38.589 28.321 8.401 9.685 31.790 18.566 28.964 16.301 43.363 11.699 2.097 25.665 29.824 19.749 17.212 37.547 27.425 28.296 1.981 19.370 0.376 4.519 27.368 5.541 29.185 30.286 21.519 27.261 8.142 38.689 2.745 8.272 43.473 4.542 29.383 33.759 8.539 15.887
7.615 19.689 29.024 11.459 21.261 14.012 3.651 25.341 17.617 10.620 17.311 28.825 12.685 0.000 6.475 13.396 9.755 14.224 24.193 29.153 33.366 13.289 26.924 13.790 26.423 15.823 5.919 17.136 28.045 17.861 27.751 14.215 31.815 11.148 11.671 13.154 22.894 14.194 19.833 38.252 14.920 21.227 14.517 14.269 12.923 15.590 21.372 9.418 23.136 31.767 14.359 18.260 18.916 26.976 9.950 6.580 32.079 14.554 23.636 24.892 8.096 11.333
8.647 16.606 34.988 16.517 25.765 19.525 6.845 31.641 17.563 14.599 15.151 34.767 10.315 6.475 0.000 10.617 12.402 11.189 30.399 34.201 39.400 12.289 33.126 11.007 31.991 21.146 8.576 18.103 33.767 11.904 32.754 8.447 37.773 4.717 10.432 18.546 29.188 10.164 23.162 42.802 20.260 27.523 11.578 9.960 10.667 11.408 17.907 10.228 29.287 35.938 11.474 16.984 14.073 32.886 8.220 2.098 38.109 13.934 29.736 31.366 2.255 16.647
7.146 6.311 34.689 24.844 22.411 19.513 16.029 33.107 8.481 23.848 4.559 34.398 20.733 13.396 10.617 0.000 22.321 21.312 31.433 42.445 45.627 3.644 33.970 21.250 30.585 20.352 18.264 28.646 40.869 9.772 41.064 7.402 37.298 9.983 21.035 18.445 34.648 2.732 32.934 51.638 19.672 33.031 21.719 3.383 21.100 20.756 7.985 20.655 35.327 45.150 0.963 6.751 22.363 32.519 18.822 12.711 37.905 24.545 35.932 35.047 12.195 24.671
17.337 28.586 33.310 6.504 28.928 20.734 6.379 28.292 27.360 3.222 26.592 33.197 8.758 9.755 12.402 22.321 0.000 10.551 27.763 22.541 29.583 22.839 30.325 9.923 31.988 22.692 4.065 7.693 23.268 23.832 21.074 20.665 35.993 16.260 6.680 20.214 21.100 22.412 10.762 30.617 21.857 19.597 10.571 22.281 8.691 13.253 30.064 3.333 20.428 23.621 23.260 27.827 16.899 31.555 7.113 10.689 35.977 7.199 20.628 25.293 12.142 7.206
19.608 26.692 42.384 17.046 35.479 28.089 11.214 37.901 28.736 13.762 25.854 42.225 1.843 14.224 11.189 21.312 10.551 0.000 37.107 31.915 39.928 23.419 39.778 0.629 40.303 29.958 10.207 10.634 33.457 18.265 30.470 16.320 45.147 11.850 3.872 27.295 31.639 20.109 18.538 38.805 29.058 30.117 0.410 19.681 1.861 2.892 27.595 7.373 30.974 31.519 22.049 27.946 6.382 40.456 4.427 9.252 45.267 5.462 31.161 35.601 9.202 17.707
24.870 35.706 5.727 22.259 13.308 11.921 26.152 1.966 27.992 25.295 32.401 5.699 35.304 24.193 30.399 31.433 27.763 37.107 0.000 27.498 22.262 28.493 2.731 36.542 7.158 11.274 26.903 34.227 22.140 39.907 26.962 36.365 8.267 34.733 33.575 12.992 13.810 33.775 30.036 36.541 11.833 13.584 37.284 34.238 35.405 39.132 37.676 30.139 15.910 33.785 32.106 31.046 42.699 4.572 32.719 30.773 8.216 34.949 16.640 8.516 32.254 21.354
35.802 48.653 32.479 17.773 37.400 30.215 27.373 26.434 44.583 19.739 45.962 32.603 30.417 29.153 34.201 42.445 22.541 31.915 27.498 0.000 11.320 41.623 28.576 31.327 34.543 31.551 25.746 22.222 5.953 46.046 1.467 42.648 34.093 38.529 28.400 30.566 13.689 43.340 13.730 9.771 31.216 14.134 31.771 43.386 30.211 34.806 50.423 25.724 11.601 6.701 43.403 46.276 38.114 31.989 29.483 32.845 33.426 26.726 10.859 19.474 34.439 17.821
38.522 51.404 25.919 23.445 34.644 29.315 32.741 20.623 45.668 26.394 48.350 26.137 38.223 33.366 39.400 45.627 29.583 39.928 22.262 11.320 0.000 43.941 22.298 39.305 29.301 30.036 31.765 31.527 6.708 51.190 12.089 47.569 26.779 44.063 36.127 30.018 11.137 47.115 23.414 16.513 30.026 12.669 39.873 47.318 38.098 42.742 53.324 32.914 10.309 17.491 46.533 48.007 46.306 26.137 36.671 38.530 25.900 35.275 9.746 13.849 40.224 23.058
5.858 7.521 31.456 24.409 18.877 16.643 16.462 30.237 5.384 23.905 4.416 31.156 22.604 13.289 12.289 3.644 22.839 23.419 28.493 41.623 43.941 0.000 30.957 23.274 27.216 17.274 18.800 29.708 39.568 13.416 40.290 10.915 34.014 12.826 22.597 15.602 32.846 6.375 33.122 51.044 16.663 31.275 23.816 7.027 22.955 23.229 9.488 21.664 33.711 44.827 3.920 4.988 25.190 29.295 20.410 14.347 34.660 26.039 34.360 32.699 14.225 24.106
27.495 38.083 3.907 24.679 14.857 14.489 28.858 2.277 30.202 27.781 34.780 4.030 37.969 26.924 33.126 33.970 30.325 39.778 2.731 28.576 22.298 30.957 0.000 39.209 7.240 13.685 29.571 36.640 22.983 42.554 28.164 39.029 5.975 37.448 36.219 15.566 15.011 36.351 32.112 37.295 14.309 15.062 39.950 36.827 38.064 41.828 40.045 32.765 17.128 35.028 34.622 33.321 45.404 3.876 35.399 33.504 5.724 37.520 17.808 9.136 34.985 23.780
19.340 26.715 41.835 16.419 35.051 27.607 10.712 37.323 28.569 13.133 25.800 41.678 1.243 13.790 11.007 21.250 9.923 0.629 36.542 31.327 39.305 23.274 39.209 0.000 39.791 29.484 9.639 10.164 32.839 18.497 29.880 16.444 44.595 11.921 3.244 26.824 31.012 20.122 17.984 38.272 28.586 29.491 0.748 19.711 1.233 3.484 27.659 6.752 30.346 30.991 22.004 27.850 7.008 39.914 3.914 9.026 44.709 4.975 30.532 34.987 9.088 17.081
24.960 33.772 4.986 27.289 8.968 12.480 29.091 8.679 25.386 29.971 30.533 4.641 38.589 26.423 31.991 30.585 31.988 40.303 7.158 34.543 29.301 27.216 7.240 39.791 0.000 10.874 30.329 39.059 29.274 39.868 33.944 36.573 7.005 35.834 37.092 13.446 20.866 33.179 35.910 43.679 11.745 20.490 40.539 33.736 38.750 41.962 35.664 33.872 22.942 40.720 31.086 28.674 45.338 3.452 35.880 32.808 7.845 38.991 23.690 15.660 34.079 26.385
14.222 24.432 14.427 19.332 6.476 1.958 18.804 13.094 16.838 21.315 21.128 14.154 28.321 15.823 21.146 20.352 22.692 29.958 11.274 31.551 30.036 17.274 13.685 29.484 10.874 0.000 20.350 30.219 27.546 29.266 30.561 25.869 17.119 24.964 27.008 2.669 19.279 22.809 28.885 41.290 0.903 18.109 30.224 23.318 28.519 31.412 26.402 24.035 20.877 36.731 20.971 19.812 34.686 12.254 25.580 22.049 17.644 29.295 21.654 16.917 23.263 18.511
13.382 24.539 32.215 8.360 26.301 18.418 2.352 27.700 23.410 6.041 22.527 32.064 8.401 5.919 8.576 18.264 4.065 10.207 26.903 25.746 31.765 18.800 29.571 9.639 30.329 20.350 0.000 11.217 25.770 20.310 24.289 16.984 34.969 12.783 6.767 17.744 22.342 18.425 14.728 34.229 19.472 20.731 10.382 18.323 8.512 12.390 26.040 3.723 22.035 27.370 19.206 23.785 16.054 30.316 5.859 7.099 35.072 9.008 22.364 25.712 8.707 8.708
24.525 34.709 39.905 11.968 36.531 28.266 13.533 34.485 34.526 9.089 33.111 39.828 9.685 17.136 18.103 28.646 7.693 10.634 34.227 22.222 31.527 29.708 36.640 10.164 39.059 30.219 11.217 0.000 24.835 28.055 20.842 25.465 42.491 20.813 8.254 27.802 25.242 28.227 8.492 28.339 29.406 24.004 10.370 27.964 9.359 13.400 35.974 8.047 24.015 21.036 29.535 34.649 16.276 38.298 10.276 16.061 42.360 5.192 23.973 30.402 17.027 12.873
33.908 46.881 26.865 17.412 32.983 26.448 26.976 20.917 41.917 20.137 43.977 27.010 31.790 28.045 33.767 40.869 23.268 33.457 22.140 5.953 6.708 39.568 22.983 32.839 29.274 27.546 25.770 24.835 0.000 45.656 6.134 42.100 28.344 38.344 29.700 26.962 8.563 42.109 16.711 14.404 27.342 9.466 33.382 42.247 31.646 36.299 48.744 26.594 6.702 12.654 41.805 43.949 39.818 26.533 30.381 32.716 27.637 28.682 5.915 13.847 34.390 17.155
15.081 11.212 43.691 28.415 32.013 28.123 18.743 41.423 17.832 26.345 12.452 43.420 18.566 17.861 11.904 9.772 23.832 18.265 39.907 46.046 51.190 13.416 42.554 18.497 39.868 29.266 20.310 28.055 45.656 0.000 44.592 3.677 46.380 7.572 19.802 27.047 40.739 7.042 34.417 54.444 28.495 39.073 18.650 6.391 18.929 16.465 11.135 21.082 40.991 47.438 9.657 15.228 16.483 41.519 17.870 13.219 46.906 23.071 41.478 42.280 11.692 28.550
34.459 47.284 32.070 16.349 36.499 29.176 25.931 25.985 43.322 18.278 44.617 32.180 28.964 27.751 32.754 41.064 21.074 30.470 26.962 1.467 12.089 40.290 28.164 29.880 33.944 30.561 24.289 20.842 6.134 44.592 0.000 41.202 33.780 37.071 26.944 29.492 13.177 41.931 12.358 10.915 30.197 13.462 30.330 41.971 28.761 33.361 49.045 24.258 11.063 6.868 42.023 44.968 36.681 31.488 28.018 31.388 33.149 25.300 10.360 19.127 32.979 16.418
11.648 10.868 40.274 24.945 28.964 24.650 15.283 37.851 15.864 23.022 11.098 40.010 16.301 14.215 8.447 7.402 20.665 16.320 36.365 42.648 47.569 10.915 39.029 16.444 36.573 25.869 16.984 25.465 42.100 3.677 41.202 0.000 42.985 4.654 17.260 23.579 37.076 4.945 31.363 51.204 25.075 35.411 16.723 4.294 16.675 14.999 11.438 18.111 37.352 44.279 7.618 13.750 15.827 38.106 15.190 9.977 43.483 20.675 37.847 38.611 8.602 25.041
31.338 40.711 2.791 30.523 15.971 18.412 34.064 8.244 32.374 33.559 37.454 3.007 43.363 31.815 37.773 37.298 35.993 45.147 8.267 34.093 26.779 34.014 5.975 44.595 7.005 17.119 34.969 42.491 28.344 46.380 33.780 42.985 0.000 41.875 41.689 19.463 20.736 39.835 38.087 42.456 17.912 20.921 45.341 40.368 43.481 47.063 42.616 38.292 22.837 40.647 37.844 35.650 50.574 4.902 40.734 38.358 1.075 43.168 23.478 14.654 39.751 29.619
11.259 14.883 39.108 20.996 28.982 23.486 11.368 36.054 18.177 18.802 14.368 38.870 11.699 11.148 4.717 9.983 16.260 11.850 34.733 38.529 44.063 12.826 37.448 11.921 35.834 24.964 12.783 20.813 38.344 7.572 37.071 4.654 41.875 0.000 12.606 22.458 33.904 8.356 26.870 46.872 24.105 32.239 12.259 7.877 12.075 10.875 15.745 13.556 33.983 39.870 10.570 16.734 12.403 36.974 10.539 5.686 42.269 16.031 34.422 36.030 4.120 21.191
18.060 26.879 38.945 13.175 32.798 25.095 8.251 34.292 27.731 9.893 25.579 38.800 2.097 11.671 10.432 21.035 6.680 3.872 33.575 28.400 36.127 22.597 36.219 3.244 37.092 27.008 6.767 8.254 29.700 19.802 26.944 17.260 41.689 12.606 0.000 24.374 27.769 20.311 15.333 35.686 26.120 26.251 3.910 19.991 2.011 6.616 28.022 3.543 27.106 28.452 21.871 27.388 10.229 37.065 2.214 8.334 41.768 3.517 27.297 31.791 8.999 13.841
11.966 22.969 16.721 17.238 8.730 1.078 16.155 14.669 15.929 19.002 19.683 16.468 25.665 13.154 18.546 18.445 20.214 27.295 12.992 30.566 30.018 15.602 15.566 26.824 13.446 2.669 17.744 27.802 26.962 27.047 29.492 23.579 19.463 22.458 24.374 0.000 19.008 20.788 26.905 40.336 1.766 17.680 27.563 21.260 25.866 28.743 24.951 21.444 20.407 35.426 19.132 18.664 32.024 14.565 22.922 19.403 19.919 26.715 21.162 17.505 20.641 16.457
27.514 40.330 18.915 14.596 24.481 18.372 22.860 12.814 34.543 17.924 37.247 19.015 29.824 22.894 29.188 34.648 21.100 31.639 13.810 13.689 11.137 32.846 15.011 31.012 20.866 19.279 22.342 25.242 8.563 40.739 13.177 37.076 20.736 33.904 27.769 19.008 0.000 36.257 18.754 22.904 19.168 1.667 31.670 36.499 29.779 34.265 42.263 24.292 2.118 20.030 35.538 36.871 37.943 18.316 27.825 28.597 20.176 27.782 2.831 6.171 30.294 13.942
9.062 6.599 37.200 25.599 25.098 21.864 16.334 35.402 10.994 24.261 6.196 36.915 19.749 14.194 10.164 2.732 22.412 20.109 33.775 43.340 47.115 6.375 36.351 20.122 33.179 22.809 18.425 28.227 42.109 7.042 41.931 4.945 39.835 8.356 20.311 20.788 36.257 0.000 33.150 52.336 22.096 34.617 20.519 0.676 20.123 19.227 7.749 20.392 36.808 45.674 2.710 8.809 20.485 35.027 18.118 12.169 40.419 23.823 37.379 37.010 11.314 25.519
27.389 39.232 35.743 9.733 35.358 27.052 16.907 29.849 37.241 9.226 37.079 35.733 17.212 19.833 23.162 32.934 10.762 18.538 30.036 13.730 23.414 33.122 32.112 17.984 35.910 28.885 14.728 8.492 16.711 34.417 12.358 31.363 38.087 26.870 15.333 26.905 18.754 33.150 0.000 20.353 28.218 17.855 18.348 33.034 16.958 21.415 40.762 13.341 17.138 13.138 33.885 38.089 24.560 34.463 16.813 21.405 37.766 13.178 16.910 24.570 22.780 10.461
45.193 57.906 41.147 26.794 47.056 39.978 36.094 35.278 54.204 28.206 55.330 41.308 37.547 38.252 42.802 51.638 30.617 38.805 36.541 9.771 16.513 51.044 37.295 38.272 43.679 41.290 34.229 28.339 14.404 54.444 10.915 51.204 42.456 46.872 35.686 40.336 22.904 52.336 20.353 0.000 40.971 23.597 38.589 52.327 37.283 41.653 59.620 33.532 20.917 7.303 52.600 55.780 44.613 40.907 37.121 41.252 41.679 33.370 20.138 28.182 42.752 26.989
13.431 23.896 15.201 18.621 7.195 1.169 17.911 13.607 16.468 20.534 20.593 14.935 27.425 14.920 20.260 19.672 21.857 29.058 11.833 31.216 30.026 16.663 14.309 28.586 11.745 0.903 19.472 29.406 27.342 28.495 30.197 25.075 17.912 24.105 26.120 1.766 19.168 22.096 28.218 40.971 0.000 17.942 29.326 22.594 27.624 30.509 25.872 23.162 20.703 36.292 20.313 19.371 33.784 13.032 24.683 21.151 18.413 28.427 21.473 17.093 22.371 17.812
25.903 38.747 18.930 13.096 23.535 17.095 21.213 12.809 33.077 16.444 35.682 19.001 28.296 21.227 27.523 33.031 19.597 30.117 13.584 14.134 12.669 31.275 15.062 29.491 20.490 18.109 20.731 24.004 9.466 39.073 13.462 35.411 20.921 32.239 26.251 17.680 1.667 34.617 17.855 23.597 17.942 0.000 30.157 34.854 28.259 32.718 40.674 22.757 2.770 20.233 33.925 35.354 36.401 18.147 26.256 26.942 20.437 26.366 3.553 6.727 28.638 12.410
19.976 27.101 42.581 17.074 35.776 28.350 11.457 38.060 29.129 13.771 26.261 42.425 1.981 14.517 11.578 21.719 10.571 0.410 37.284 31.771 39.873 23.816 39.950 0.748 40.539 30.224 10.382 10.370 33.382 18.650 30.330 16.723 45.341 12.259 3.910 27.563 31.670 20.519 18.348 38.589 29.326 30.157 0.000 20.091 1.920 3.068 28.004 7.442 30.979 31.298 22.457 28.350 6.436 40.662 4.660 9.630 45.453 5.223 31.155 35.689 9.602 17.749
9.454 7.012 37.723 25.627 25.701 22.338 16.275 35.850 11.669 24.205 6.815 37.440 19.370 14.269 9.960 3.383 22.281 19.681 34.238 43.386 47.318 7.027 36.827 19.711 33.736 23.318 18.323 27.964 42.247 6.391 41.971 4.294 40.368 7.877 19.991 21.260 36.499 0.676 33.034 52.327 22.594 34.854 20.091 0.000 19.746 18.730 8.031 20.181 37.014 45.624 3.386 9.456 19.914 35.549 17.809 11.925 40.941 23.497 37.576 37.354 10.994 25.571
18.789 26.721 40.726 15.186 34.169 26.628 9.717 36.164 28.200 11.902 25.659 40.573 0.376 12.923 10.667 21.100 8.691 1.861 35.405 30.211 38.098 22.955 38.064 1.233 38.750 28.519 8.512 9.359 31.646 18.929 28.761 16.675 43.481 12.075 2.011 25.866 29.779 20.123 16.958 37.283 27.624 28.259 1.920 19.746 0.000 4.654 27.743 5.526 29.115 30.016 21.888 27.621 8.229 38.820 2.973 8.617 43.582 4.199 29.303 33.770 8.907 15.849
20.049 25.706 44.284 19.704 36.655 29.598 13.000 40.018 28.608 16.474 25.215 44.111 4.519 15.590 11.408 20.756 13.253 2.892 39.132 34.806 42.742 23.229 41.828 3.484 41.962 31.412 12.390 13.400 36.299 16.465 33.361 14.999 47.063 10.875 6.616 28.743 34.265 19.227 21.415 41.653 30.509 32.718 3.068 18.730 4.654 0.000 26.427 9.981 33.670 34.361 21.404 27.491 3.690 42.307 6.552 9.766 47.233 8.283 33.880 38.035 9.201 20.324
14.846 1.983 40.189 32.826 26.872 25.965 23.871 39.477 10.406 31.753 5.278 39.872 27.368 21.372 17.907 7.985 30.064 27.595 37.676 50.423 53.324 9.488 40.045 27.659 35.664 26.402 26.040 35.974 48.744 11.135 49.045 11.438 42.616 15.745 28.022 24.951 42.263 7.749 40.762 59.620 25.872 40.674 28.004 8.031 27.743 26.427 0.000 28.131 43.055 53.104 7.024 7.065 27.159 38.066 25.840 19.917 43.347 31.527 43.684 42.177 19.025 32.656
16.565 26.788 35.562 9.723 30.021 22.095 5.771 30.813 26.526 6.534 25.091 35.426 5.541 9.418 10.228 20.655 3.333 7.373 30.139 25.724 32.914 21.664 32.765 6.752 33.872 24.035 3.723 8.047 26.594 21.082 24.258 18.111 38.292 13.556 3.543 21.444 24.292 20.392 13.341 33.532 23.162 22.757 7.442 20.181 5.526 9.981 28.131 0.000 23.693 26.422 21.558 26.602 13.652 33.716 3.796 8.280 38.345 5.285 23.915 28.249 9.509 10.351
28.233 41.145 21.032 13.977 26.285 19.843 22.766 14.931 35.684 17.212 38.125 21.133 29.185 23.136 29.287 35.327 20.428 30.974 15.910 11.601 10.309 33.711 17.128 30.346 22.942 20.877 22.035 24.015 6.702 40.991 11.063 37.352 22.837 33.983 27.106 20.407 2.118 36.808 17.138 20.917 20.703 2.770 30.979 37.014 29.115 33.670 43.055 23.693 0.000 17.912 36.236 37.888 37.326 20.427 27.325 28.549 22.265 26.867 0.788 8.230 30.249 13.422
38.972 51.453 38.934 20.418 42.851 35.219 29.349 32.843 48.336 21.419 49.021 39.041 30.286 31.767 35.938 45.150 23.621 31.519 33.785 6.701 17.491 44.827 35.028 30.991 40.720 36.731 27.370 21.036 12.654 47.438 6.868 44.279 40.647 39.870 28.452 35.426 20.030 45.674 13.138 7.303 36.292 20.233 31.298 45.624 30.016 34.361 53.104 26.422 17.912 0.000 46.112 49.671 37.310 38.325 29.948 34.304 40.010 26.077 17.221 25.995 35.756 20.749
8.025 5.353 35.258 25.807 22.796 20.195 16.979 33.801 8.283 24.806 3.815 34.963 21.519 14.359 11.474 0.963 23.260 22.049 32.106 43.403 46.533 3.920 34.622 22.004 31.086 20.971 19.206 29.535 41.805 9.657 42.023 7.618 37.844 10.570 21.871 19.132 35.538 2.710 33.885 52.600 20.313 33.925 22.457 3.386 21.888 21.404 7.024 21.558 36.236 46.112 0.000 6.222 22.895 33.091 19.658 13.561 38.469 25.385 36.845 35.859 12.982 25.632
10.736 5.325 33.272 29.266 19.833 19.616 21.449 32.899 3.341 28.866 2.778 32.950 27.261 18.260 16.984 6.751 27.827 27.946 31.046 46.276 48.007 4.988 33.321 27.850 28.674 19.812 23.785 34.649 43.949 15.228 44.968 13.750 35.650 16.734 27.388 18.664 36.871 8.809 38.089 55.780 19.371 35.354 28.350 9.456 27.621 27.491 7.065 26.602 37.888 49.671 6.222 0.000 29.100 31.170 25.184 19.073 36.405 30.862 38.569 36.138 18.763 28.924
22.659 26.694 47.790 23.371 39.720 32.913 16.547 43.622 30.561 20.118 26.644 47.608 8.142 18.916 14.073 22.363 16.899 6.382 42.699 38.114 46.306 25.190 45.404 7.008 45.338 34.686 16.054 16.276 39.818 16.483 36.681 15.827 50.574 12.403 10.229 32.024 37.943 20.485 24.560 44.613 33.784 36.401 6.436 19.914 8.229 3.690 27.159 13.652 37.326 37.310 22.895 29.100 0.000 45.789 10.234 12.725 50.768 11.397 37.525 41.721 11.818 24.001
26.462 36.138 2.174 26.367 11.880 13.512 29.319 5.635 27.943 29.271 32.858 1.904 38.689 26.976 32.886 32.519 31.555 40.456 4.572 31.989 26.137 29.295 3.876 39.914 3.452 12.254 30.316 38.298 26.533 41.519 31.488 38.106 4.902 36.974 37.065 14.565 18.316 35.027 34.463 40.907 13.032 18.147 40.662 35.549 38.820 42.307 38.066 33.716 20.427 38.325 33.091 31.170 45.789 0.000 36.033 33.501 5.393 38.687 21.144 12.736 34.878 25.457
15.984 24.678 37.968 13.357 31.199 23.698 6.798 33.548 25.571 10.277 23.366 37.807 2.745 9.950 8.220 18.822 7.113 4.427 32.719 29.483 36.671 20.410 35.399 3.914 35.880 25.580 5.859 10.276 30.381 17.870 28.018 15.190 40.734 10.539 2.214 22.922 27.825 18.118 16.813 37.121 24.683 26.256 4.660 17.809 2.973 6.552 25.840 3.796 27.325 29.948 19.658 25.184 10.234 36.033 0.000 6.122 40.865 5.727 27.578 31.487 6.817 13.914
10.381 18.660 35.567 15.334 26.997 20.333 5.792 31.911 19.584 13.127 17.249 35.361 8.272 6.580 2.098 12.711 10.689 9.252 30.773 32.845 38.530 14.347 33.504 9.026 32.808 22.049 7.099 16.061 32.716 13.219 31.388 9.977 38.358 5.686 8.334 19.403 28.597 12.169 21.405 41.252 21.151 26.942 9.630 11.925 8.617 9.766 19.917 8.280 28.549 34.304 13.561 19.073 12.725 33.501 6.122 0.000 38.639 11.837 28.954 31.164 1.700 15.563
31.842 41.431 3.219 30.396 16.808 18.858 34.235 7.938 33.144 33.479 38.164 3.507 43.473 32.079 38.109 37.905 35.977 45.267 8.216 33.426 25.900 34.660 5.724 44.709 7.845 17.644 35.072 42.360 27.637 46.906 33.149 43.483 1.075 42.269 41.768 19.919 20.176 40.419 37.766 41.679 18.413 20.437 45.453 40.941 43.582 47.233 43.347 38.345 22.265 40.010 38.469 36.405 50.768 5.393 40.865 38.639 0.000 43.166 22.887 14.048 40.058 29.496
21.338 30.395 40.472 13.387 35.306 27.350 10.953 35.491 31.120 10.031 29.085 40.352 4.542 14.554 13.934 24.545 7.199 5.462 34.949 26.726 35.275 26.039 37.520 4.975 38.991 29.295 9.008 5.192 28.682 23.071 25.300 20.675 43.168 16.031 3.517 26.715 27.782 23.823 13.178 33.370 28.427 26.366 5.223 23.497 4.199 8.283 31.527 5.285 26.867 26.077 25.385 30.862 11.397 38.687 5.727 11.837 43.166 0.000 26.958 32.325 12.510 14.189
28.852 41.780 21.714 14.221 27.073 20.607 23.164 15.626 36.390 17.407 38.776 21.821 29.383 23.636 29.736 35.932 20.628 31.161 16.640 10.859 9.746 34.360 17.808 30.532 23.690 21.654 22.364 23.973 5.915 41.478 10.360 37.847 23.478 34.422 27.297 21.162 2.831 37.379 16.910 20.138 21.473 3.553 31.155 37.576 29.303 33.880 43.684 23.915 0.788 17.221 36.845 38.569 37.525 21.144 27.578 28.954 22.887 26.958 0.000 8.839 30.653 13.705
27.973 40.200 13.025 18.941 20.911 16.618 25.714 7.101 33.432 22.295 36.967 13.165 33.759 24.892 31.366 35.047 25.293 35.601 8.516 19.474 13.849 32.699 9.136 34.987 15.660 16.917 25.712 30.402 13.847 42.280 19.127 38.611 14.654 36.030 31.791 17.505 6.171 37.010 24.570 28.182 17.093 6.727 35.689 37.354 33.770 38.035 42.177 28.249 8.230 25.995 35.859 36.138 41.721 12.736 31.487 31.164 14.048 32.325 8.839 0.000 32.814 18.140
10.886 17.892 36.962 16.995 27.988 21.599 7.490 33.431 19.562 14.703 16.753 36.749 8.539 8.096 2.255 12.195 12.142 9.202 32.254 34.439 40.224 14.225 34.985 9.088 34.079 23.263 8.707 17.027 34.390 11.692 32.979 8.602 39.751 4.120 8.999 20.641 30.294 11.314 22.780 42.752 22.371 28.638 9.602 10.994 8.907 9.201 19.025 9.509 30.249 35.756 12.982 18.763 11.818 34.878 6.817 1.700 40.058 12.510 30.653 32.814 0.000 17.241
18.248 30.923 27.036 0.909 24.986 16.644 9.828 21.645 27.631 4.159 28.354 26.963 15.887 11.333 16.647 24.671 7.206 17.707 21.354 17.821 23.058 24.106 23.780 17.081 26.385 18.511 8.708 12.873 17.155 28.550 16.418 25.041 29.619 21.191 13.841 16.457 13.942 25.519 10.461 26.989 17.812 12.410 17.749 25.571 15.849 20.324 32.656 10.351 13.422 20.749 25.632 28.924 24.001 25.457 13.914 15.563 29.496 14.189 13.705 18.140 17.241 0.000
0.0000 3.0270 6.6806 4.3296 4.1385 3.0431 2.5742 6.1692 2.3402 4.2379 2.3708 6.6185 4.3101 1.7769 2.0177 1.6674 4.0453 4.5752 5.8029 8.3538 8.9884 1.3669 6.4156 4.5127 5.8240 3.3184 3.1225 5.7225 7.9119 3.5189 8.0404 2.7178 7.3123 2.6270 4.2141 2.7921 6.4199 2.1145 6.3908 10.5451 3.1338 6.0441 4.6610 2.2060 4.3842 4.6780 3.4640 3.8652 6.5878 9.0935 1.8724 2.5050 5.2870 6.1745 3.7295 2.4223 7.4299 4.9788 6.7322 6.5269 2.5401 4.2578
3.0270 0.0000 8.9287 7.2615 5.8382 5.5963 5.2092 8.7506 2.0166 7.0371 0.7712 8.8554 6.1476 4.5942 3.8748 1.4727 6.6701 6.2281 8.3314 11.3523 11.9942 1.7548 8.8861 6.2335 7.8802 5.7009 5.7257 8.0988 10.9389 2.6162 11.0330 2.5358 9.4992 3.4727 6.2717 5.3595 9.4103 1.5397 9.1542 13.5114 5.5758 9.0410 6.3236 1.6362 6.2350 5.9981 0.4626 6.2506 9.6005 12.0058 1.2490 1.2425 6.2287 8.4321 5.7582 4.3540 9.6673 7.0921 9.7487 9.3801 4.1748 7.2153
6.6806 8.9287 0.0000 6.5201 3.2246 3.6550 7.3001 1.4286 7.0067 7.2171 8.1647 0.0805 9.4744 6.7724 8.1639 8.0941 7.7723 9.8896 1.3362 7.5785 6.0477 7.3396 0.9116 9.7614 1.1634 3.3663 7.5168 9.3112 6.2685 10.1946 7.4831 9.3973 0.6513 9.1251 9.0871 3.9017 4.4134 8.6800 8.3400 9.6009 3.5469 4.4169 9.9356 8.8020 9.5027 10.3330 9.3774 8.2978 4.9075 9.0846 8.2268 7.7634 11.1509 0.5072 8.8592 8.2989 0.7511 9.4434 5.0665 3.0393 8.6244 6.3085
4.3296 7.2615 6.5201 0.0000 6.0210 4.0722 2.2570 5.2590 6.5479 0.7856 6.6768 6.5032 3.5556 2.6739 3.8539 5.7970 1.5176 3.9774 5.1937 4.1471 5.4705 5.6953 5.7584 3.8310 6.3675 4.5109 1.9508 2.7926 4.0629 6.6301 3.8147 5.8204 7.1220 4.8990 3.0741 4.0222 3.4058 5.9731 2.2709 6.2519 4.3449 3.0557 3.9839 5.9796 3.5433 4.5976 7.6595 2.2686 3.2613 4.7642 6.0217 6.8288 5.4531 6.1522 3.1166 3.5780 7.0924 3.1235 3.3182 4.4196 3.9655 0.2122
4.1385 5.8382 3.2246 6.0210 0.0000 1.9511 5.7276 3.5626 3.8532 6.4665 5.0962 3.1456 7.9192 4.9608 6.0119 5.2291 6.7498 8.2784 3.1053 8.7267 8.0836 4.4047 3.4666 8.1785 2.0926 1.5111 6.1369 8.5239 7.6960 7.4698 8.5164 6.7584 3.7265 6.7625 7.6528 2.0371 5.7122 5.8561 8.2502 10.9796 1.6787 5.4915 8.3477 5.9969 7.9727 8.5527 6.2701 7.0050 6.1332 9.9985 5.3191 4.6276 9.2680 2.7719 7.2797 6.2994 3.9218 8.2380 6.3169 4.8791 6.5306 5.8301
3.0431 5.5963 3.6550 4.0722 1.9511 0.0000 3.9460 3.1754 3.9251 4.5212 4.8282 3.5966 6.1685 3.2695 4.5557 4.5531 4.8380 6.5541 2.7815 7.0501 6.8402 3.8833 3.3808 6.4417 2.9121 0.4568 4.2975 6.5953 6.1713 6.5619 6.8076 5.7517 4.2962 5.4800 5.8555 0.2516 4.2868 5.1015 6.3122 9.3281 0.2728 3.9889 6.6149 5.2121 6.2132 6.9063 6.0586 5.1556 4.6300 8.2178 4.7122 4.5770 7.6798 3.1528 5.5296 4.7443 4.4001 6.3817 4.8083 3.8776 5.0398 3.8835
2.5742 5.2092 7.3001 2.2570 5.7276 3.9460 0.0000 6.3223 4.9139 1.8504 4.7217 7.2601 2.2232 0.8518 1.5971 3.7401 1.4884 2.6166 6.1020 6.3871 7.6396 3.8411 6.7335 2.4994 6.7879 4.3877 0.5488 3.1576 6.2945 4.3733 6.0505 3.5659 7.9483 2.6525 1.9253 3.7695 5.3341 3.8113 3.9450 8.4219 4.1791 4.9498 2.6734 3.7976 2.2672 3.0333 5.5699 1.3467 5.3121 6.8481 3.9617 5.0047 3.8610 6.8410 1.5862 1.3515 7.9882 2.5556 5.4049 5.9999 1.7477 2.2931
6.1692 8.7506 1.4286 5.2590 3.5626 3.1754 6.3223 0.0000 6.9702 5.9925 7.9798 1.4481 8.4189 5.9129 7.3829 7.7249 6.6014 8.8436 0.4588 6.1680 4.8120 7.0552 0.5313 8.7087 2.0250 3.0554 6.4633 8.0464 4.8806 9.6654 6.0632 8.8319 1.9235 8.4126 8.0016 3.4227 2.9899 8.2606 6.9649 8.2315 3.1749 2.9887 8.8807 8.3650 8.4382 9.3376 9.2113 7.1896 3.4840 7.6633 7.8869 7.6764 10.1785 1.3148 7.8278 7.4460 1.8523 8.2812 3.6460 1.6570 7.8007 5.0505
2.3402 2.0166 7.0067 6.5479 3.8532 3.9251 4.9139 6.9702 0.0000 6.5420 1.3406 6.9310 6.4997 4.1106 4.0980 1.9790 6.3841 6.7051 6.5314 10.4028 10.6559 1.2563 7.0470 6.6662 5.9235 3.9289 5.4624 8.0560 9.7806 4.1608 10.1084 3.7016 7.5539 4.2413 6.4705 3.7169 8.0601 2.5652 8.6896 12.6475 3.8424 7.7181 6.7969 2.7228 6.5801 6.6751 2.4281 6.1894 8.3262 11.2784 1.9328 0.7795 7.1308 6.5201 5.9666 4.5695 7.7336 7.2614 8.4910 7.8007 4.5644 6.4473
4.2379 7.0371 7.2171 0.7856 6.4665 4.5212 1.8504 5.9925 6.5420 0.0000 6.5116 7.1961 2.7945 2.4780 3.4065 5.5646 0.7518 3.2111 5.9021 4.6058 6.1585 5.5778 6.4822 3.0644 6.9932 4.9735 1.4096 2.1208 4.6986 6.1471 4.2649 5.3718 7.8305 4.3872 2.3085 4.4338 4.1822 5.6608 2.1528 6.5814 4.7913 3.8370 3.2133 5.6479 2.7772 3.8440 7.4090 1.5246 4.0162 4.9978 5.7881 6.7355 4.6942 6.8299 2.3981 3.0629 7.8118 2.3405 4.0617 5.2023 3.4307 0.9705
2.3708 0.7712 8.1647 6.6768 5.0962 4.8282 4.7217 7.9798 1.3406 6.5116 0.0000 8.0917 5.9014 4.0391 3.5353 1.0637 6.2047 6.0325 7.5602 10.7245 11.2816 1.0305 8.1153 6.0201 7.1244 4.9298 5.2562 7.7259 10.2613 2.9056 10.4107 2.5894 8.7393 3.3525 5.9685 4.5927 8.6910 1.4456 8.6518 12.9103 4.8051 8.3258 6.1276 1.5902 5.9871 5.8836 1.2316 5.8545 8.8959 11.4381 0.8903 0.6482 6.2170 7.6668 5.4521 4.0247 8.9049 6.7866 9.0477 8.6257 3.9091 6.6159
6.6185 8.8554 0.0805 6.5032 3.1456 3.5966 7.2601 1.4481 6.9310 7.1961 8.0917 0.0000 9.4383 6.7259 8.1123 8.0262 7.7460 9.8526 1.3298 7.6074 6.0987 7.2696 0.9404 9.7250 1.0829 3.3026 7.4816 9.2932 6.3024 10.1312 7.5086 9.3356 0.7016 9.0697 9.0533 3.8425 4.4369 8.6135 8.3377 9.6386 3.4847 4.4335 9.8992 8.7359 9.4671 10.2925 9.3036 8.2661 4.9310 9.1095 8.1579 7.6884 11.1086 0.4443 8.8216 8.2509 0.8183 9.4155 5.0915 3.0719 8.5747 6.2914
4.3101 6.1476 9.4744 3.5556 7.9192 6.1685 2.2232 8.4189 6.4997 2.7945 5.9014 9.4383 0.0000 2.9597 2.4068 4.8378 2.0434 0.4300 8.2376 7.0974 8.9187 5.2743 8.8595 0.2900 9.0041 6.6083 1.9603 2.2597 7.4176 4.3321 6.7584 3.8036 10.1181 2.7298 0.4892 5.9885 6.9590 4.6080 4.0161 8.7610 6.3992 6.6023 0.4621 4.5197 0.0878 1.0545 6.3858 1.2930 6.8099 7.0668 5.0210 6.3609 1.8998 9.0275 0.6406 1.9301 10.1437 1.0597 6.8561 7.8771 1.9924 3.7069
1.7769 4.5942 6.7724 2.6739 4.9608 3.2695 0.8518 5.9129 4.1106 2.4780 4.0391 6.7259 2.9597 0.0000 1.5107 3.1257 2.2762 3.3190 5.6451 6.8024 7.7855 3.1007 6.2822 3.2177 6.1653 3.6919 1.3810 3.9983 6.5438 4.1676 6.4752 3.3169 7.4236 2.6013 2.7233 3.0693 5.3419 3.3119 4.6278 8.9254 3.4813 4.9530 3.3872 3.3293 3.0153 3.6377 4.9868 2.1975 5.3985 7.4124 3.3504 4.2606 4.4136 6.2944 2.3217 1.5354 7.4852 3.3959 5.5150 5.8082 1.8891 2.6444
2.0177 3.8748 8.1639 3.8539 6.0119 4.5557 1.5971 7.3829 4.0980 3.4065 3.5353 8.1123 2.4068 1.5107 0.0000 2.4774 2.8937 2.6108 7.0931 7.9803 9.1933 2.8675 7.7295 2.5683 7.4646 4.9342 2.0011 4.2239 7.8789 2.7777 7.6427 1.9710 8.8136 1.1007 2.4342 4.3273 6.8106 2.3717 5.4044 9.9871 4.7274 6.4221 2.7015 2.3241 2.4890 2.6618 4.1783 2.3865 6.8335 8.3855 2.6772 3.9629 3.2837 7.6734 1.9181 0.4896 8.8921 3.2514 6.9383 7.3186 0.5263 3.8842
1.6674 1.4727 8.0941 5.7970 5.2291 4.5531 3.7401 7.7249 1.9790 5.5646 1.0637 8.0262 4.8378 3.1257 2.4774 0.0000 5.2082 4.9728 7.3343 9.9037 10.6464 0.8503 7.9264 4.9583 7.1365 4.7488 4.2615 6.6840 9.5362 2.2802 9.5815 1.7272 8.7028 2.3295 4.9082 4.3038 8.0846 0.6375 7.6847 12.0488 4.5901 7.7073 5.0677 0.7895 4.9234 4.8430 1.8632 4.8195 8.2430 10.5350 0.2247 1.5753 5.2181 7.5877 4.3917 2.9660 8.8444 5.7272 8.3841 8.1777 2.8456 5.7565
4.0453 6.6701 7.7723 1.5176 6.7498 4.8380 1.4884 6.6014 6.3841 0.7518 6.2047 7.7460 2.0434 2.2762 2.8937 5.2082 0.0000 2.4620 6.4779 5.2596 6.9026 5.3290 7.0757 2.3154 7.4640 5.2948 0.9485 1.7950 5.4291 5.5609 4.9173 4.8219 8.3984 3.7940 1.5587 4.7165 4.9233 5.2294 2.5112 7.1440 5.1000 4.5725 2.4667 5.1990 2.0278 3.0923 7.0150 0.7776 4.7665 5.5115 5.4274 6.4929 3.9431 7.3628 1.6597 2.4940 8.3947 1.6797 4.8133 5.9017 2.8331 1.6814
4.5752 6.2281 9.8896 3.9774 8.2784 6.5541 2.6166 8.8436 6.7051 3.2111 6.0325 9.8526 0.4300 3.3190 2.6108 4.9728 2.4620 0.0000 8.6584 7.4469 9.3166 5.4645 9.2816 0.1467 9.4041 6.9901 2.3816 2.4812 7.8066 4.2619 7.1098 3.8079 10.5343 2.7650 0.9034 6.3687 7.3824 4.6922 4.3256 9.0545 6.7803 7.0273 0.0956 4.5922 0.4342 0.6747 6.4389 1.7203 7.2274 7.3544 5.1447 6.5208 1.4891 9.4397 1.0330 2.1589 10.5624 1.2744 7.2708 8.3068 2.1470 4.1316
5.8029 8.3314 1.3362 5.1937 3.1053 2.7815 6.1020 0.4588 6.5314 5.9021 7.5602 1.3298 8.2376 5.6451 7.0931 7.3343 6.4779 8.6584 0.0000 6.4161 5.1944 6.6484 0.6371 8.5265 1.6702 2.6306 6.2774 7.9862 5.1661 9.3117 6.2910 8.4853 1.9290 8.1043 7.8341 3.0316 3.2222 7.8807 7.0084 8.5263 2.7611 3.1696 8.6997 7.9889 8.2611 9.1307 8.7911 7.0324 3.7123 7.8832 7.4914 7.2441 9.9630 1.0668 7.6343 7.1805 1.9172 8.1549 3.8827 1.9871 7.5259 4.9826
8.3538 11.3523 7.5785 4.1471 8.7267 7.0501 6.3871 6.1680 10.4028 4.6058 10.7245 7.6074 7.0974 6.8024 7.9803 9.9037 5.2596 7.4469 6.4161 0.0000 2.6414 9.7121 6.6677 7.3096 8.0600 7.3619 6.0075 5.1850 1.3890 10.7440 0.3423 9.9513 7.9551 8.9901 6.6268 7.1321 3.1941 10.1126 3.2037 2.2798 7.2838 3.2980 7.4133 10.1234 7.0493 8.1215 11.7653 6.0023 2.7069 1.5636 10.1273 10.7976 8.8932 7.4641 6.8794 7.6638 7.7993 6.2361 2.5338 4.5440 8.0358 4.1583
8.9884 11.9942 6.0477 5.4705 8.0836 6.8402 7.6396 4.8120 10.6559 6.1585 11.2816 6.0987 8.9187 7.7855 9.1933 10.6464 6.9026 9.3166 5.1944 2.6414 0.0000 10.2529 5.2030 9.1712 6.8370 7.0084 7.4118 7.3564 1.5652 11.9442 2.8209 11.0994 6.2485 10.2813 8.4297 7.0043 2.5986 10.9936 5.4632 3.8529 7.0060 2.9562 9.3037 11.0408 8.8895 9.9731 12.4423 7.6800 2.4053 4.0813 10.8577 11.2016 10.8048 6.0987 8.5565 8.9904 6.0433 8.2308 2.2741 3.2314 9.3857 5.3802
1.3669 1.7548 7.3396 5.6953 4.4047 3.8833 3.8411 7.0552 1.2563 5.5778 1.0305 7.2696 5.2743 3.1007 2.8675 0.8503 5.3290 5.4645 6.6484 9.7121 10.2529 0.0000 7.2233 5.4305 6.3504 4.0306 4.3867 6.9319 9.2325 3.1304 9.4011 2.5467 7.9366 2.9927 5.2725 3.6404 7.6640 1.4875 7.7285 11.9102 3.8879 7.2975 5.5571 1.6396 5.3563 5.4201 2.2138 5.0548 7.8658 10.4595 0.9146 1.1639 5.8776 6.8355 4.7623 3.3476 8.0874 6.0758 8.0173 7.6297 3.3191 5.6246
6.4156 8.8861 0.9116 5.7584 3.4666 3.3808 6.7335 0.5313 7.0470 6.4822 8.1153 0.9404 8.8595 6.2822 7.7295 7.9264 7.0757 9.2816 0.6371 6.6677 5.2030 7.2233 0.0000 9.1487 1.6894 3.1932 6.9000 8.5493 5.3626 9.9293 6.5715 9.1067 1.3941 8.7380 8.4511 3.6322 3.5027 8.4819 7.4928 8.7022 3.3389 3.5144 9.3216 8.5929 8.8816 9.7599 9.3438 7.6452 3.9966 8.1731 8.0784 7.7749 10.5943 0.9043 8.2597 7.8175 1.3356 8.7548 4.1551 2.1318 8.1631 5.5487
4.5127 6.2335 9.7614 3.8310 8.1785 6.4417 2.4994 8.7087 6.6662 3.0644 6.0201 9.7250 0.2900 3.2177 2.5683 4.9583 2.3154 0.1467 8.5265 7.3096 9.1712 5.4305 9.1487 0.0000 9.2846 6.8796 2.2491 2.3715 7.6623 4.3160 6.9721 3.8370 10.4055 2.7817 0.7569 6.2589 7.2361 4.6952 4.1964 8.9302 6.6701 6.8813 0.1745 4.5992 0.2877 0.8130 6.4538 1.5754 7.0807 7.2312 5.1343 6.4984 1.6352 9.3134 0.9132 2.1060 10.4320 1.1608 7.1241 8.1637 2.1204 3.9857
5.8240 7.8802 1.1634 6.3675 2.0926 2.9121 6.7879 2.0250 5.9235 6.9932 7.1244 1.0829 9.0041 6.1653 7.4646 7.1365 7.4640 9.4041 1.6702 8.0600 6.8370 6.3504 1.6894 9.2846 0.0000 2.5372 7.0767 9.1137 6.8307 9.3026 7.9202 8.5338 1.6345 8.3614 8.6549 3.1373 4.8687 7.7418 8.3789 10.1917 2.7405 4.7810 9.4590 7.8717 9.0418 9.7912 8.3216 7.9035 5.3532 9.5013 7.2534 6.6906 10.5789 0.8055 8.3721 7.6552 1.8305 9.0978 5.5277 3.6540 7.9517 6.1566
3.3184 5.7009 3.3663 4.5109 1.5111 0.4568 4.3877 3.0554 3.9289 4.9735 4.9298 3.3026 6.6083 3.6919 4.9342 4.7488 5.2948 6.9901 2.6306 7.3619 7.0084 4.0306 3.1932 6.8796 2.5372 0.0000 4.7484 7.0512 6.4273 6.8286 7.1309 6.0362 3.9944 5.8250 6.3020 0.6227 4.4985 5.3222 6.7399 9.6344 0.2106 4.2254 7.0523 5.4409 6.6544 7.3294 6.1605 5.6083 4.8713 8.5705 4.8933 4.6229 8.0934 2.8594 5.9686 5.1447 4.1170 6.8356 5.0526 3.9473 5.4279 4.3193
3.1225 5.7257 7.5168 1.9508 6.1369 4.2975 0.5488 6.4633 5.4624 1.4096 5.2562 7.4816 1.9603 1.3810 2.0011 4.2615 0.9485 2.3816 6.2774 6.0075 7.4118 4.3867 6.9000 2.2491 7.0767 4.7484 0.0000 2.6174 6.0130 4.7389 5.6675 3.9628 8.1594 2.9827 1.5789 4.1404 5.2131 4.2993 3.4366 7.9867 4.5434 4.8373 2.4224 4.2755 1.9861 2.8910 6.0760 0.8688 5.1415 6.3864 4.4813 5.5499 3.7458 7.0738 1.3671 1.6564 8.1836 2.1018 5.2183 5.9995 2.0317 2.0319
5.7225 8.0988 9.3112 2.7926 8.5239 6.5953 3.1576 8.0464 8.0560 2.1208 7.7259 9.2932 2.2597 3.9983 4.2239 6.6840 1.7950 2.4812 7.9862 5.1850 7.3564 6.9319 8.5493 2.3715 9.1137 7.0512 2.6174 0.0000 5.7947 6.5462 4.8630 5.9419 9.9146 4.8564 1.9259 6.4871 5.8898 6.5862 1.9816 6.6125 6.8615 5.6009 2.4197 6.5250 2.1838 3.1268 8.3940 1.8776 5.6034 4.9085 6.8914 8.0847 3.7976 8.9362 2.3977 3.7475 9.8839 1.2114 5.5937 7.0938 3.9729 3.0036
7.9119 10.9389 6.2685 4.0629 7.6960 6.1713 6.2945 4.8806 9.7806 4.6986 10.2613 6.3024 7.4176 6.5438 7.8789 9.5362 5.4291 7.8066 5.1661 1.3890 1.5652 9.2325 5.3626 7.6623 6.8307 6.4273 6.0130 5.7947 0.0000 10.6530 1.4314 9.8234 6.6135 8.9469 6.9301 6.2910 1.9981 9.8255 3.8993 3.3610 6.3798 2.2088 7.7892 9.8576 7.3840 8.4698 11.3735 6.2054 1.5637 2.9526 9.7546 10.2547 9.2910 6.1911 7.0888 7.6338 6.4486 6.6924 1.3802 3.2309 8.0242 4.0028
3.5189 2.6162 10.1946 6.6301 7.4698 6.5619 4.3733 9.6654 4.1608 6.1471 2.9056 10.1312 4.3321 4.1676 2.7777 2.2802 5.5609 4.2619 9.3117 10.7440 11.9442 3.1304 9.9293 4.3160 9.3026 6.8286 4.7389 6.5462 10.6530 0.0000 10.4048 0.8579 10.8220 1.7669 4.6204 6.3109 9.5057 1.6431 8.0305 12.7036 6.6487 9.1170 4.3517 1.4912 4.4168 3.8418 2.5981 4.9192 9.5646 11.0689 2.2533 3.5532 3.8460 9.6878 4.1698 3.0844 10.9448 5.3833 9.6782 9.8654 2.7281 6.6618
8.0404 11.0330 7.4831 3.8147 8.5164 6.8076 6.0505 6.0632 10.1084 4.2649 10.4107 7.5086 6.7584 6.4752 7.6427 9.5815 4.9173 7.1098 6.2910 0.3423 2.8209 9.4011 6.5715 6.9721 7.9202 7.1309 5.6675 4.8630 1.4314 10.4048 0.0000 9.6138 7.8821 8.6500 6.2869 6.8814 3.0747 9.7839 2.8836 2.5469 7.0461 3.1411 7.0770 9.7932 6.7108 7.7843 11.4439 5.6601 2.5813 1.6026 9.8053 10.4926 8.5590 7.3472 6.5376 7.3239 7.7348 5.9032 2.4173 4.4631 7.6952 3.8308
2.7178 2.5358 9.3973 5.8204 6.7584 5.7517 3.5659 8.8319 3.7016 5.3718 2.5894 9.3356 3.8036 3.3169 1.9710 1.7272 4.8219 3.8079 8.4853 9.9513 11.0994 2.5467 9.1067 3.8370 8.5338 6.0362 3.9628 5.9419 9.8234 0.8579 9.6138 0.0000 10.0299 1.0860 4.0273 5.5018 8.6512 1.1537 7.3180 11.9477 5.8509 8.2626 3.9021 1.0020 3.8909 3.4998 2.6689 4.2258 8.7154 10.3318 1.7776 3.2082 3.6929 8.8915 3.5443 2.3279 10.1460 4.8242 8.8309 9.0092 2.0072 5.8429
7.3123 9.4992 0.6513 7.1220 3.7265 4.2962 7.9483 1.9235 7.5539 7.8305 8.7393 0.7016 10.1181 7.4236 8.8136 8.7028 8.3984 10.5343 1.9290 7.9551 6.2485 7.9366 1.3941 10.4055 1.6345 3.9944 8.1594 9.9146 6.6135 10.8220 7.8821 10.0299 0.0000 9.7709 9.7274 4.5413 4.8384 9.2949 8.8869 9.9063 4.1795 4.8817 10.5795 9.4192 10.1455 10.9815 9.9438 8.9347 5.3287 9.4842 8.8303 8.3183 11.8006 1.1438 9.5046 8.9501 0.2509 10.0726 5.4782 3.4193 9.2751 6.9111
2.6270 3.4727 9.1251 4.8990 6.7625 5.4800 2.6525 8.4126 4.2413 4.3872 3.3525 9.0697 2.7298 2.6013 1.1007 2.3295 3.7940 2.7650 8.1043 8.9901 10.2813 2.9927 8.7380 2.7817 8.3614 5.8250 2.9827 4.8564 8.9469 1.7669 8.6500 1.0860 9.7709 0.0000 2.9415 5.2403 7.9109 1.9497 6.2696 10.9368 5.6246 7.5225 2.8603 1.8380 2.8174 2.5376 3.6739 3.1631 7.9293 9.3029 2.4664 3.9045 2.8940 8.6273 2.4592 1.3267 9.8628 3.7407 8.0317 8.4070 0.9613 4.9446
4.2141 6.2717 9.0871 3.0741 7.6528 5.8555 1.9253 8.0016 6.4705 2.3085 5.9685 9.0533 0.4892 2.7233 2.4342 4.9082 1.5587 0.9034 7.8341 6.6268 8.4297 5.2725 8.4511 0.7569 8.6549 6.3020 1.5789 1.9259 6.9301 4.6204 6.2869 4.0273 9.7274 2.9415 0.0000 5.6872 6.4794 4.7392 3.5776 8.3267 6.0947 6.1252 0.9124 4.6646 0.4692 1.5437 6.5385 0.8266 6.3247 6.6387 5.1032 6.3904 2.3868 8.6485 0.5165 1.9446 9.7458 0.8207 6.3693 7.4178 2.0998 3.2296
2.7921 5.3595 3.9017 4.0222 2.0371 0.2516 3.7695 3.4227 3.7169 4.4338 4.5927 3.8425 5.9885 3.0693 4.3273 4.3038 4.7165 6.3687 3.0316 7.1321 7.0043 3.6404 3.6322 6.2589 3.1373 0.6227 4.1404 6.4871 6.2910 6.3109 6.8814 5.5018 4.5413 5.2403 5.6872 0.0000 4.4352 4.8505 6.2779 9.4117 0.4122 4.1254 6.4315 4.9608 6.0354 6.7068 5.8220 5.0035 4.7617 8.2661 4.4642 4.3550 7.4723 3.3984 5.3485 4.5275 4.6477 6.2335 4.9378 4.0846 4.8162 3.8400
6.4199 9.4103 4.4134 3.4058 5.7122 4.2868 5.3341 2.9899 8.0601 4.1822 8.6910 4.4369 6.9590 5.3419 6.8106 8.0846 4.9233 7.3824 3.2222 3.1941 2.5986 7.6640 3.5027 7.2361 4.8687 4.4985 5.2131 5.8898 1.9981 9.5057 3.0747 8.6512 4.8384 7.9109 6.4794 4.4352 0.0000 8.4600 4.3758 5.3442 4.4726 0.3889 7.3896 8.5164 6.9485 7.9951 9.8613 5.6682 0.4941 4.6736 8.2923 8.6033 8.8534 4.2738 6.4925 6.6726 4.7078 6.4825 0.6605 1.4400 7.0685 3.2531
2.1145 1.5397 8.6800 5.9731 5.8561 5.1015 3.8113 8.2606 2.5652 5.6608 1.4456 8.6135 4.6080 3.3119 2.3717 0.6375 5.2294 4.6922 7.8807 10.1126 10.9936 1.4875 8.4819 4.6952 7.7418 5.3222 4.2993 6.5862 9.8255 1.6431 9.7839 1.1537 9.2949 1.9497 4.7392 4.8505 8.4600 0.0000 7.7351 12.2116 5.1558 8.0774 4.7878 0.1578 4.6954 4.4864 1.8081 4.7581 8.5885 10.6573 0.6324 2.0553 4.7797 8.1730 4.2276 2.8393 9.4310 5.5588 8.7219 8.6358 2.6398 5.9544
6.3908 9.1542 8.3400 2.2709 8.2502 6.3122 3.9450 6.9649 8.6896 2.1528 8.6518 8.3377 4.0161 4.6278 5.4044 7.6847 2.5112 4.3256 7.0084 3.2037 5.4632 7.7285 7.4928 4.1964 8.3789 6.7399 3.4366 1.9816 3.8993 8.0305 2.8836 7.3180 8.8869 6.2696 3.5776 6.2779 4.3758 7.7351 0.0000 4.7491 6.5841 4.1662 4.2813 7.7079 3.9568 4.9968 9.5112 3.1130 3.9988 3.0656 7.9065 8.8875 5.7308 8.0414 3.9229 4.9945 8.8121 3.0748 3.9456 5.7330 5.3154 2.4409
10.5451 13.5114 9.6009 6.2519 10.9796 9.3281 8.4219 8.2315 12.6475 6.5814 12.9103 9.6386 8.7610 8.9254 9.9871 12.0488 7.1440 9.0545 8.5263 2.2798 3.8529 11.9102 8.7022 8.9302 10.1917 9.6344 7.9867 6.6125 3.3610 12.7036 2.5469 11.9477 9.9063 10.9368 8.3267 9.4117 5.3442 12.2116 4.7491 0.0000 9.5599 5.5059 9.0040 12.2096 8.6993 9.7191 13.9114 7.8242 4.8807 1.7040 12.2734 13.0154 10.4097 9.5449 8.6617 9.6254 9.7252 7.7864 4.6988 6.5759 9.9755 6.2974
3.1338 5.5758 3.5469 4.3449 1.6787 0.2728 4.1791 3.1749 3.8424 4.7913 4.8051 3.4847 6.3992 3.4813 4.7274 4.5901 5.1000 6.7803 2.7611 7.2838 7.0060 3.8879 3.3389 6.6701 2.7405 0.2106 4.5434 6.8615 6.3798 6.6487 7.0461 5.8509 4.1795 5.6246 6.0947 0.4122 4.4726 5.1558 6.5841 9.5599 0.0000 4.1866 6.8428 5.2720 6.4456 7.1188 6.0367 5.4045 4.8306 8.4681 4.7398 4.5199 7.8830 3.0407 5.7593 4.9352 4.2964 6.6329 5.0105 3.9884 5.2198 4.1562
6.0441 9.0410 4.4169 3.0557 5.4915 3.9889 4.9498 2.9887 7.7181 3.8370 8.3258 4.4335 6.6023 4.9530 6.4221 7.7073 4.5725 7.0273 3.1696 3.2980 2.9562 7.2975 3.5144 6.8813 4.7810 4.2254 4.8373 5.6009 2.2088 9.1170 3.1411 8.2626 4.8817 7.5225 6.1252 4.1254 0.3889 8.0774 4.1662 5.5059 4.1866 0.0000 7.0367 8.1326 6.5938 7.6342 9.4906 5.3100 0.6464 4.7210 7.9159 8.2493 8.4936 4.2342 6.1263 6.2865 4.7687 6.1522 0.8290 1.5697 6.6823 2.8957
4.6610 6.3236 9.9356 3.9839 8.3477 6.6149 2.6734 8.8807 6.7969 3.2133 6.1276 9.8992 0.4621 3.3872 2.7015 5.0677 2.4667 0.0956 8.6997 7.4133 9.3037 5.5571 9.3216 0.1745 9.4590 7.0523 2.4224 2.4197 7.7892 4.3517 7.0770 3.9021 10.5795 2.8603 0.9124 6.4315 7.3896 4.7878 4.2813 9.0040 6.8428 7.0367 0.0000 4.6878 0.4480 0.7158 6.5342 1.7365 7.2285 7.3028 5.2399 6.6150 1.5018 9.4877 1.0873 2.2469 10.6056 1.2186 7.2696 8.3274 2.2404 4.1415
2.2060 1.6362 8.8020 5.9796 5.9969 5.2121 3.7976 8.3650 2.7228 5.6479 1.5902 8.7359 4.5197 3.3293 2.3241 0.7895 5.1990 4.5922 7.9889 10.1234 11.0408 1.6396 8.5929 4.5992 7.8717 5.4409 4.2755 6.5250 9.8576 1.4912 9.7932 1.0020 9.4192 1.8380 4.6646 4.9608 8.5164 0.1578 7.7079 12.2096 5.2720 8.1326 4.6878 0.0000 4.6073 4.3702 1.8740 4.7089 8.6367 10.6457 0.7900 2.2063 4.6465 8.2948 4.1555 2.7826 9.5530 5.4827 8.7678 8.7158 2.5652 5.9665
4.3842 6.2350 9.5027 3.5433 7.9727 6.2132 2.2672 8.4382 6.5801 2.7772 5.9871 9.4671 0.0878 3.0153 2.4890 4.9234 2.0278 0.4342 8.2611 7.0493 8.8895 5.3563 8.8816 0.2877 9.0418 6.6544 1.9861 2.1838 7.3840 4.4168 6.7108 3.8909 10.1455 2.8174 0.4692 6.0354 6.9485 4.6954 3.9568 8.6993 6.4456 6.5938 0.4480 4.6073 0.0000 1.0859 6.4735 1.2894 6.7934 7.0037 5.1071 6.4449 1.9201 9.0579 0.6936 2.0107 10.1691 0.9798 6.8374 7.8796 2.0782 3.6982
4.6780 5.9981 10.3330 4.5976 8.5527 6.9063 3.0333 9.3376 6.6751 3.8440 5.8836 10.2925 1.0545 3.6377 2.6618 4.8430 3.0923 0.6747 9.1307 8.1215 9.9731 5.4201 9.7599 0.8130 9.7912 7.3294 2.8910 3.1268 8.4698 3.8418 7.7843 3.4998 10.9815 2.5376 1.5437 6.7068 7.9951 4.4864 4.9968 9.7191 7.1188 7.6342 0.7158 4.3702 1.0859 0.0000 6.1664 2.3290 7.8564 8.0175 4.9942 6.4146 0.8610 9.8716 1.5287 2.2788 11.0211 1.9328 7.9054 8.8748 2.1468 4.7422
3.4640 0.4626 9.3774 7.6595 6.2701 6.0586 5.5699 9.2113 2.4281 7.4090 1.2316 9.3036 6.3858 4.9868 4.1783 1.8632 7.0150 6.4389 8.7911 11.7653 12.4423 2.2138 9.3438 6.4538 8.3216 6.1605 6.0760 8.3940 11.3735 2.5981 11.4439 2.6689 9.9438 3.6739 6.5385 5.8220 9.8613 1.8081 9.5112 13.9114 6.0367 9.4906 6.5342 1.8740 6.4735 6.1664 0.0000 6.5639 10.0462 12.3909 1.6389 1.6486 6.3372 8.8820 6.0294 4.6474 10.1142 7.3564 10.1929 9.8414 4.4392 7.6197
3.8652 6.2506 8.2978 2.2686 7.0050 5.1556 1.3467 7.1896 6.1894 1.5246 5.8545 8.2661 1.2930 2.1975 2.3865 4.8195 0.7776 1.7203 7.0324 6.0023 7.6800 5.0548 7.6452 1.5754 7.9035 5.6083 0.8688 1.8776 6.2054 4.9192 5.6601 4.2258 8.9347 3.1631 0.8266 5.0035 5.6682 4.7581 3.1130 7.8242 5.4045 5.3100 1.7365 4.7089 1.2894 2.3290 6.5639 0.0000 5.5285 6.1652 5.0302 6.2072 3.1856 7.8671 0.8857 1.9319 8.9471 1.2332 5.5802 6.5915 2.2187 2.4152
6.5878 9.6005 4.9075 3.2613 6.1332 4.6300 5.3121 3.4840 8.3262 4.0162 8.8959 4.9310 6.8099 5.3985 6.8335 8.2430 4.7665 7.2274 3.7123 2.7069 2.4053 7.8658 3.9966 7.0807 5.3532 4.8713 5.1415 5.6034 1.5637 9.5646 2.5813 8.7154 5.3287 7.9293 6.3247 4.7617 0.4941 8.5885 3.9988 4.8807 4.8306 0.6464 7.2285 8.6367 6.7934 7.8564 10.0462 5.5285 0.0000 4.1796 8.4552 8.8406 8.7095 4.7662 6.3759 6.6614 5.1951 6.2689 0.1838 1.9204 7.0582 3.1317
9.0935 12.0058 9.0846 4.7642 9.9985 8.2178 6.8481 7.6633 11.2784 4.9978 11.4381 9.1095 7.0668 7.4124 8.3855 10.5350 5.5115 7.3544 7.8832 1.5636 4.0813 10.4595 8.1731 7.2312 9.5013 8.5705 6.3864 4.9085 2.9526 11.0689 1.6026 10.3318 9.4842 9.3029 6.6387 8.2661 4.6736 10.6573 3.0656 1.7040 8.4681 4.7210 7.3028 10.6457 7.0037 8.0175 12.3909 6.1652 4.1796 0.0000 10.7596 11.5898 8.7057 8.9425 6.9878 8.0042 9.3356 6.0847 4.0181 6.0654 8.3431 4.8415
1.8724 1.2490 8.2268 6.0217 5.3191 4.7122 3.9617 7.8869 1.9328 5.7881 0.8903 8.1579 5.0210 3.3504 2.6772 0.2247 5.4274 5.1447 7.4914 10.1273 10.8577 0.9146 8.0784 5.1343 7.2534 4.8933 4.4813 6.8914 9.7546 2.2533 9.8053 1.7776 8.8303 2.4664 5.1032 4.4642 8.2923 0.6324 7.9065 12.2734 4.7398 7.9159 5.2399 0.7900 5.1071 4.9942 1.6389 5.0302 8.4552 10.7596 0.0000 1.4518 5.3422 7.7212 4.5869 3.1643 8.9762 5.9231 8.5973 8.3672 3.0292 5.9808
2.5050 1.2425 7.7634 6.8288 4.6276 4.5770 5.0047 7.6764 0.7795 6.7355 0.6482 7.6884 6.3609 4.2606 3.9629 1.5753 6.4929 6.5208 7.2441 10.7976 11.2016 1.1639 7.7749 6.4984 6.6906 4.6229 5.5499 8.0847 10.2547 3.5532 10.4926 3.2082 8.3183 3.9045 6.3904 4.3550 8.6033 2.0553 8.8875 13.0154 4.5199 8.2493 6.6150 2.2063 6.4449 6.4146 1.6486 6.2072 8.8406 11.5898 1.4518 0.0000 6.7900 7.2731 5.8763 4.4504 8.4945 7.2011 8.9995 8.4323 4.3780 6.7490
5.2870 6.2287 11.1509 5.4531 9.2680 7.6798 3.8610 10.1785 7.1308 4.6942 6.2170 11.1086 1.8998 4.4136 3.2837 5.2181 3.9431 1.4891 9.9630 8.8932 10.8048 5.8776 10.5943 1.6352 10.5789 8.0934 3.7458 3.7976 9.2910 3.8460 8.5590 3.6929 11.8006 2.8940 2.3868 7.4723 8.8534 4.7797 5.7308 10.4097 7.8830 8.4936 1.5018 4.6465 1.9201 0.8610 6.3372 3.1856 8.7095 8.7057 5.3422 6.7900 0.0000 10.6840 2.3879 2.9692 11.8458 2.6594 8.7558 9.7348 2.7574 5.6003
6.1745 8.4321 0.5072 6.1522 2.7719 3.1528 6.8410 1.3148 6.5201 6.8299 7.6668 0.4443 9.0275 6.2944 7.6734 7.5877 7.3628 9.4397 1.0668 7.4641 6.0987 6.8355 0.9043 9.3134 0.8055 2.8594 7.0738 8.9362 6.1911 9.6878 7.3472 8.8915 1.1438 8.6273 8.6485 3.3984 4.2738 8.1730 8.0414 9.5449 3.0407 4.2342 9.4877 8.2948 9.0579 9.8716 8.8820 7.8671 4.7662 8.9425 7.7212 7.2731 10.6840 0.0000 8.4077 7.8169 1.2583 9.0269 4.9337 2.9717 8.1381 5.9400
3.7295 5.7582 8.8592 3.1166 7.2797 5.5296 1.5862 7.8278 5.9666 2.3981 5.4521 8.8216 0.6406 2.3217 1.9181 4.3917 1.6597 1.0330 7.6343 6.8794 8.5565 4.7623 8.2597 0.9132 8.3721 5.9686 1.3671 2.3977 7.0888 4.1698 6.5376 3.5443 9.5046 2.4592 0.5165 5.3485 6.4925 4.2276 3.9229 8.6617 5.7593 6.1263 1.0873 4.1555 0.6936 1.5287 6.0294 0.8857 6.3759 6.9878 4.5869 5.8763 2.3879 8.4077 0.0000 1.4285 9.5351 1.3364 6.4348 7.3470 1.5906 3.2467
2.4223 4.3540 8.2989 3.5780 6.2994 4.7443 1.3515 7.4460 4.5695 3.0629 4.0247 8.2509 1.9301 1.5354 0.4896 2.9660 2.4940 2.1589 7.1805 7.6638 8.9904 3.3476 7.8175 2.1060 7.6552 5.1447 1.6564 3.7475 7.6338 3.0844 7.3239 2.3279 8.9501 1.3267 1.9446 4.5275 6.6726 2.8393 4.9945 9.6254 4.9352 6.2865 2.2469 2.7826 2.0107 2.2788 4.6474 1.9319 6.6614 8.0042 3.1643 4.4504 2.9692 7.8169 1.4285 0.0000 9.0158 2.7619 6.7559 7.2717 0.3967 3.6313
7.4299 9.6673 0.7511 7.0924 3.9218 4.4001 7.9882 1.8523 7.7336 7.8118 8.9049 0.8183 10.1437 7.4852 8.8921 8.8444 8.3947 10.5624 1.9172 7.7993 6.0433 8.0874 1.3356 10.4320 1.8305 4.1170 8.1836 9.8839 6.4486 10.9448 7.7348 10.1460 0.2509 9.8628 9.7458 4.6477 4.7078 9.4310 8.8121 9.7252 4.2964 4.7687 10.6056 9.5530 10.1691 11.0211 10.1142 8.9471 5.1951 9.3356 8.9762 8.4945 11.8458 1.2583 9.5351 9.0158 0.0000 10.0720 5.3402 3.2778 9.3468 6.8824
4.9788 7.0921 9.4434 3.1235 8.2380 6.3817 2.5556 8.2812 7.2614 2.3405 6.7866 9.4155 1.0597 3.3959 3.2514 5.7272 1.6797 1.2744 8.1549 6.2361 8.2308 6.0758 8.7548 1.1608 9.0978 6.8356 2.1018 1.2114 6.6924 5.3833 5.9032 4.8242 10.0726 3.7407 0.8207 6.2335 6.4825 5.5588 3.0748 7.7864 6.6329 6.1522 1.2186 5.4827 0.9798 1.9328 7.3564 1.2332 6.2689 6.0847 5.9231 7.2011 2.6594 9.0269 1.3364 2.7619 10.0720 0.0000 6.2902 7.5426 2.9190 3.3107
6.7322 9.7487 5.0665 3.3182 6.3169 4.8083 5.4049 3.6460 8.4910 4.0617 9.0477 5.0915 6.8561 5.5150 6.9383 8.3841 4.8133 7.2708 3.8827 2.5338 2.2741 8.0173 4.1551 7.1241 5.5277 5.0526 5.2183 5.5937 1.3802 9.6782 2.4173 8.8309 5.4782 8.0317 6.3693 4.9378 0.6605 8.7219 3.9456 4.6988 5.0105 0.8290 7.2696 8.7678 6.8374 7.9054 10.1929 5.5802 0.1838 4.0181 8.5973 8.9995 8.7558 4.9337 6.4348 6.7559 5.3402 6.2902 0.0000 2.0625 7.1524 3.1978
6.5269 9.3801 3.0393 4.4196 4.8791 3.8776 5.9999 1.6570 7.8007 5.2023 8.6257 3.0719 7.8771 5.8082 7.3186 8.1777 5.9017 8.3068 1.9871 4.5440 3.2314 7.6297 2.1318 8.1637 3.6540 3.9473 5.9995 7.0938 3.2309 9.8654 4.4631 9.0092 3.4193 8.4070 7.4178 4.0846 1.4400 8.6358 5.7330 6.5759 3.9884 1.5697 8.3274 8.7158 7.8796 8.8748 9.8414 6.5915 1.9204 6.0654 8.3672 8.4323 9.7348 2.9717 7.3470 7.2717 3.2778 7.5426 2.0625 0.0000 7.6565 4.2327
2.5401 4.1748 8.6244 3.9655 6.5306 5.0398 1.7477 7.8007 4.5644 3.4307 3.9091 8.5747 1.9924 1.8891 0.5263 2.8456 2.8331 2.1470 7.5259 8.0358 9.3857 3.3191 8.1631 2.1204 7.9517 5.4279 2.0317 3.9729 8.0242 2.7281 7.6952 2.0072 9.2751 0.9613 2.0998 4.8162 7.0685 2.6398 5.3154 9.9755 5.2198 6.6823 2.2404 2.5652 2.0782 2.1468 4.4392 2.2187 7.0582 8.3431 3.0292 4.3780 2.7574 8.1381 1.5906 0.3967 9.3468 2.9190 7.1524 7.6565 0.0000 4.0228
4.2578 7.2153 6.3085 0.2122 5.8301 3.8835 2.2931 5.0505 6.4473 0.9705 6.6159 6.2914 3.7069 2.6444 3.8842 5.7565 1.6814 4.1316 4.9826 4.1583 5.3802 5.6246 5.5487 3.9857 6.1566 4.3193 2.0319 3.0036 4.0028 6.6618 3.8308 5.8429 6.9111 4.9446 3.2296 3.8400 3.2531 5.9544 2.4409 6.2974 4.1562 2.8957 4.1415 5.9665 3.6982 4.7422 7.6197 2.4152 3.1317 4.8415 5.9808 6.7490 5.6003 5.9400 3.2467 3.6313 6.8824 3.3107 3.1978 4.2327 4.0228 0.0000
0.000 40.359 89.075 57.728 55.180 40.575 34.322 82.256 31.203 56.506 31.611 88.247 57.468 23.692 26.902 22.232 53.937 61.002 77.372 111.384 119.845 18.225 85.541 60.169 77.653 44.245 41.633 76.300 105.492 46.919 107.206 36.237 97.497 35.027 56.188 37.227 85.599 28.193 85.210 140.601 41.784 80.588 62.146 29.413 58.456 62.373 46.187 51.536 87.837 121.247 24.966 33.400 70.494 82.327 49.727 32.297 99.065 66.383 89.763 87.026 33.868 56.770
40.359 0.000 119.050 96.820 77.843 74.617 69.456 116.674 26.887 93.829 10.282 118.071 81.969 61.256 51.665 19.636 88.935 83.041 111.085 151.363 159.922 23.397 118.482 83.113 105.070 76.012 76.343 107.984 145.852 34.882 147.106 33.811 126.656 46.302 83.623 71.460 125.470 20.529 122.056 180.153 74.343 120.546 84.315 21.816 83.133 79.975 6.169 83.342 128.007 160.077 16.654 16.566 83.049 112.428 76.776 58.053 128.898 94.561 129.982 125.068 55.663 96.203
89.075 119.050 0.000 86.935 42.995 48.734 97.335 19.048 93.422 96.228 108.862 1.074 126.326 90.298 108.852 107.921 103.631 131.861 17.816 101.047 80.636 97.862 12.154 130.153 15.512 44.884 100.224 124.149 83.580 135.928 99.774 125.297 8.684 121.668 121.162 52.022 58.846 115.734 111.200 128.012 47.291 58.892 132.474 117.359 126.702 137.774 125.031 110.637 65.433 121.128 109.690 103.512 148.679 6.763 118.122 110.652 10.014 125.912 67.554 40.524 114.992 84.113
57.728 96.820 86.935 0.000 80.280 54.296 30.093 70.119 87.306 10.475 89.024 86.710 47.407 35.651 51.385 77.294 20.235 53.032 69.250 55.294 72.940 75.938 76.778 51.080 84.900 60.145 26.010 37.234 54.172 88.402 50.863 77.605 94.961 65.319 40.988 53.629 45.410 79.641 30.279 83.359 57.933 40.743 53.118 79.729 47.244 61.301 102.127 30.248 43.484 63.523 80.289 91.050 72.708 82.029 41.555 47.707 94.565 41.647 44.242 58.928 52.873 2.829
55.180 77.843 42.995 80.280 0.000 26.014 76.368 47.501 51.377 86.220 67.949 41.941 105.590 66.144 80.158 69.722 89.997 110.378 41.404 116.356 107.781 58.730 46.222 109.046 27.901 20.148 81.826 113.651 102.613 99.597 113.552 90.112 49.686 90.166 102.038 27.161 76.163 78.082 110.003 146.395 22.383 73.220 111.303 79.959 106.303 114.036 83.601 93.399 81.775 133.314 70.922 61.702 123.574 36.959 97.063 83.992 52.290 109.840 84.226 65.055 87.075 77.735
40.575 74.617 48.734 54.296 26.014 0.000 52.613 42.338 52.334 60.282 64.377 47.955 82.247 43.594 60.743 60.708 64.506 87.388 37.086 94.002 91.203 51.777 45.078 85.890 38.828 6.091 57.300 87.937 82.284 87.492 90.769 76.690 57.283 73.067 78.073 3.354 57.157 68.020 84.163 124.375 3.637 53.186 88.199 69.495 82.842 92.084 80.781 68.741 61.734 109.571 62.830 61.027 102.397 42.037 73.728 63.258 58.668 85.089 64.111 51.702 67.198 51.780
34.322 69.456 97.335 30.093 76.368 52.613 0.000 84.298 65.519 24.672 62.956 96.801 29.643 11.357 21.295 49.868 19.845 34.887 81.360 85.161 101.861 51.214 89.780 33.325 90.505 58.502 7.318 42.101 83.926 58.311 80.673 47.546 105.977 35.367 25.671 50.260 71.121 50.817 52.600 112.291 55.722 65.997 35.645 50.634 30.229 40.445 74.266 17.956 70.827 91.309 52.822 66.730 51.480 91.213 21.149 18.020 106.509 34.075 72.066 79.999 23.302 30.575
82.256 116.674 19.048 70.119 47.501 42.338 84.298 0.000 92.936 79.900 106.397 19.309 112.253 78.839 98.439 102.999 88.019 117.915 6.117 82.240 64.160 94.069 7.084 116.116 27.000 40.738 86.178 107.285 65.075 128.872 80.843 117.759 25.647 112.168 106.688 45.636 39.865 110.141 92.865 109.754 42.332 39.849 118.410 111.533 112.509 124.501 122.817 95.862 46.453 102.178 105.159 102.352 135.713 17.530 104.370 99.280 24.697 110.415 48.613 22.093 104.009 67.340
31.203 26.887 93.422 87.306 51.377 52.334 65.519 92.936 0.000 87.227 17.875 92.413 86.662 54.808 54.641 26.386 85.121 89.401 87.085 138.703 142.079 16.751 93.960 88.882 78.980 52.385 72.832 107.413 130.409 55.477 134.779 49.354 100.719 56.550 86.273 49.558 107.467 34.203 115.861 168.634 51.232 102.908 90.625 36.304 87.734 89.001 32.375 82.525 111.016 150.379 25.771 10.394 95.077 86.935 79.555 60.927 103.115 96.819 113.214 104.009 60.859 85.963
56.506 93.829 96.228 10.475 86.220 60.282 24.672 79.900 87.227 0.000 86.822 95.948 37.260 33.040 45.419 74.194 10.023 42.815 78.694 61.411 82.113 74.370 86.430 40.859 93.242 66.313 18.794 28.278 62.648 81.961 56.865 71.624 104.407 58.496 30.780 59.118 55.762 75.477 28.705 87.752 63.884 51.160 42.844 75.305 37.029 51.254 98.786 20.328 53.550 66.638 77.175 89.807 62.590 91.066 31.974 40.838 104.158 31.207 54.157 69.363 45.742 12.939
31.611 10.282 108.862 89.024 67.949 64.377 62.956 106.397 17.875 86.822 0.000 107.889 78.685 53.855 47.137 14.182 82.730 80.433 100.803 142.994 150.421 13.739 108.204 80.268 94.992 65.730 70.083 103.012 136.818 38.741 138.809 34.526 116.524 44.701 79.581 61.236 115.880 19.275 115.358 172.138 64.068 111.010 81.701 21.202 79.828 78.448 16.421 78.059 118.611 152.508 11.870 8.643 82.893 102.224 72.694 53.662 118.732 90.488 120.635 115.009 52.121 88.212
88.247 118.071 1.074 86.710 41.941 47.955 96.801 19.309 92.413 95.948 107.889 0.000 125.843 89.678 108.164 107.016 103.280 131.367 17.731 101.432 81.316 96.928 12.538 129.666 14.438 44.035 99.755 123.910 84.031 135.083 100.114 124.475 9.354 120.929 120.711 51.233 59.159 114.846 111.170 128.515 46.463 59.114 131.989 116.479 126.229 137.233 124.047 110.215 65.747 121.461 108.772 102.512 148.114 5.923 117.622 110.012 10.910 125.540 67.887 40.958 114.329 83.885
57.468 81.969 126.326 47.407 105.590 82.247 29.643 112.253 86.662 37.260 78.685 125.843 0.000 39.463 32.091 64.504 27.246 5.733 109.835 94.631 118.917 70.324 118.126 3.866 120.055 88.111 26.138 30.130 98.902 57.762 90.111 50.715 134.908 36.397 6.523 79.847 92.787 61.440 53.548 116.814 85.322 88.031 6.162 60.263 1.170 14.060 85.144 17.240 90.799 94.224 66.947 84.812 25.330 120.366 8.541 25.735 135.250 14.129 91.415 105.027 26.565 49.425
23.692 61.256 90.298 35.651 66.144 43.594 11.357 78.839 54.808 33.040 53.855 89.678 39.463 0.000 20.143 41.676 30.350 44.253 75.268 90.698 103.806 41.342 83.762 42.902 82.205 49.226 18.413 53.311 87.250 55.567 86.336 44.226 98.982 34.684 36.311 40.923 71.226 44.159 61.704 119.005 46.418 66.040 45.163 44.391 40.204 48.503 66.491 29.300 71.980 98.831 44.672 56.808 58.849 83.926 30.956 20.471 99.802 45.278 73.533 77.443 25.188 35.259
26.902 51.665 108.852 51.385 80.158 60.743 21.295 98.439 54.641 45.419 47.137 108.164 32.091 20.143 0.000 33.031 38.583 34.811 94.575 106.404 122.578 38.234 103.060 34.244 99.528 65.789 26.681 56.319 105.052 37.036 101.903 26.281 117.515 14.677 32.456 57.698 90.808 31.623 72.059 133.161 63.031 85.629 36.020 30.988 33.187 35.490 55.710 31.820 91.114 111.807 35.696 52.838 43.782 102.312 25.574 6.528 118.561 43.352 92.511 97.582 7.017 51.790
22.232 19.636 107.921 77.294 69.722 60.708 49.868 102.999 26.386 74.194 14.182 107.016 64.504 41.676 33.031 0.000 69.443 66.304 97.791 132.050 141.952 11.337 105.686 66.111 95.154 63.317 56.821 89.120 127.150 30.402 127.754 23.029 116.037 31.059 65.443 57.384 107.795 8.500 102.462 160.650 61.202 102.764 67.569 10.526 65.646 64.573 24.842 64.259 109.907 140.467 2.996 21.004 69.575 101.170 58.556 39.546 117.925 76.363 111.788 109.036 37.941 76.753
53.937 88.935 103.631 20.235 89.997 64.506 19.845 88.019 85.121 10.023 82.730 103.280 27.246 30.350 38.583 69.443 0.000 32.826 86.373 70.127 92.035 71.054 94.343 30.872 99.519 70.597 12.647 23.934 72.388 74.145 65.564 64.292 111.979 50.586 20.782 62.887 65.644 69.725 33.482 95.253 68.000 60.967 32.889 69.320 27.038 41.231 93.534 10.368 63.553 73.486 72.365 86.571 52.575 98.170 22.130 33.254 111.930 22.396 64.177 78.689 37.775 22.418
61.002 83.041 131.861 53.032 110.378 87.388 34.887 117.915 89.401 42.815 80.433 131.367 5.733 44.253 34.811 66.304 32.826 0.000 115.445 99.292 124.221 72.860 123.755 1.956 125.388 93.201 31.755 33.083 104.087 56.825 94.797 50.772 140.457 36.867 12.045 84.916 98.432 62.562 57.675 120.727 90.404 93.697 1.275 61.230 5.789 8.996 85.852 22.937 96.365 98.059 68.596 86.944 19.855 125.862 13.774 28.785 140.832 16.993 96.944 110.758 28.627 55.088
77.372 111.085 17.816 69.250 41.404 37.086 81.360 6.117 87.085 78.694 100.803 17.731 109.835 75.268 94.575 97.791 86.373 115.445 0.000 85.548 69.258 88.646 8.495 113.687 22.269 35.075 83.698 106.483 68.881 124.155 83.881 113.137 25.721 108.057 104.455 40.421 42.963 105.077 93.446 113.684 36.814 42.261 115.996 106.518 110.148 121.743 117.215 93.765 49.498 105.110 99.885 96.589 132.840 14.224 101.791 95.740 25.562 108.732 51.769 26.495 100.346 66.434
111.384 151.363 101.047 55.294 116.356 94.002 85.161 82.240 138.703 61.411 142.994 101.432 94.631 90.698 106.404 132.050 70.127 99.292 85.548 0.000 35.219 129.495 88.902 97.462 107.466 98.159 80.100 69.134 18.520 143.254 4.564 132.684 106.068 119.868 88.357 95.094 42.588 134.835 42.716 30.397 97.118 43.973 98.844 134.978 93.990 108.287 156.871 80.031 36.091 20.848 135.030 143.968 118.576 99.522 91.726 102.185 103.991 83.148 33.783 60.587 107.144 55.444
119.845 159.922 80.636 72.940 107.781 91.203 101.861 64.160 142.079 82.113 150.421 81.316 118.917 103.806 122.578 141.952 92.035 124.221 69.258 35.219 0.000 136.706 69.373 122.283 91.160 93.446 98.824 98.085 20.869 159.256 37.612 147.992 83.313 137.084 112.396 93.390 34.647 146.581 72.843 51.372 93.413 39.415 124.050 147.211 118.527 132.975 165.897 102.400 32.071 54.418 144.769 149.355 144.064 81.316 114.087 119.872 80.577 109.743 30.322 43.086 125.143 71.736
18.225 23.397 97.862 75.938 58.730 51.777 51.214 94.069 16.751 74.370 13.739 96.928 70.324 41.342 38.234 11.337 71.054 72.860 88.646 129.495 136.706 0.000 96.311 72.407 84.672 53.741 58.489 92.426 123.100 41.739 125.347 33.956 105.821 39.902 70.300 48.538 102.187 19.834 103.046 158.803 51.839 97.301 74.094 21.861 71.417 72.269 29.517 67.398 104.877 139.460 12.195 15.519 78.368 91.140 63.497 44.634 107.832 81.011 106.898 101.730 44.255 74.995
85.541 118.482 12.154 76.778 46.222 45.078 89.780 7.084 93.960 86.430 108.204 12.538 118.126 83.762 103.060 105.686 94.343 123.755 8.495 88.902 69.373 96.311 0.000 121.983 22.525 42.577 92.000 113.990 71.502 132.390 87.620 121.423 18.588 116.506 112.682 48.429 46.702 113.092 99.904 116.029 44.518 46.859 124.288 114.572 118.421 130.133 124.584 101.937 53.288 108.975 107.712 103.666 141.257 12.057 110.129 104.234 17.808 116.730 55.402 28.425 108.841 73.982
60.169 83.113 130.153 51.080 109.046 85.890 33.325 116.116 88.882 40.859 80.268 129.666 3.866 42.902 34.244 66.111 30.872 1.956 113.687 97.462 122.283 72.407 121.983 0.000 123.795 91.728 29.988 31.620 102.164 57.547 92.961 51.160 138.740 37.089 10.092 83.452 96.482 62.603 55.952 119.069 88.935 91.751 2.327 61.323 3.836 10.841 86.050 21.006 94.409 96.417 68.458 86.645 21.803 124.178 12.176 28.080 139.093 15.477 94.988 108.849 28.272 53.142
77.653 105.070 15.512 84.900 27.901 38.828 90.505 27.000 78.980 93.242 94.992 14.438 120.055 82.205 99.528 95.154 99.519 125.388 22.269 107.466 91.160 84.672 22.525 123.795 0.000 33.830 94.355 121.516 91.076 124.034 105.602 113.784 21.794 111.485 115.398 41.831 64.916 103.223 111.719 135.889 36.539 63.747 126.120 104.955 120.557 130.550 110.954 105.380 71.375 126.684 96.712 89.209 141.052 10.740 111.627 102.069 24.407 121.304 73.703 48.720 106.022 82.088
44.245 76.012 44.884 60.145 20.148 6.091 58.502 40.738 52.385 66.313 65.730 44.035 88.111 49.226 65.789 63.317 70.597 93.201 35.075 98.159 93.446 53.741 42.577 91.728 33.830 0.000 63.312 94.016 85.697 91.048 95.078 80.482 53.258 77.666 84.026 8.303 59.980 70.962 89.866 128.458 2.808 56.339 94.031 72.545 88.725 97.725 82.140 74.777 64.951 114.273 65.244 61.638 107.912 38.125 79.582 68.596 54.893 91.141 67.368 52.630 72.373 57.590
41.633 76.343 100.224 26.010 81.826 57.300 7.318 86.178 72.832 18.794 70.083 99.755 26.138 18.413 26.681 56.821 12.647 31.755 83.698 80.100 98.824 58.489 92.000 29.988 94.355 63.312 0.000 34.899 80.174 63.185 75.567 52.838 108.792 39.770 21.052 55.205 69.508 57.324 45.822 106.490 60.579 64.497 32.299 57.006 26.481 38.547 81.013 11.584 68.553 85.152 59.751 73.999 49.944 94.317 18.228 22.085 109.114 28.025 69.578 79.993 27.090 27.092
76.300 107.984 124.149 37.234 113.651 87.937 42.101 107.285 107.413 28.278 103.012 123.910 30.130 53.311 56.319 89.120 23.934 33.083 106.483 69.134 98.085 92.426 113.990 31.620 121.516 94.016 34.899 0.000 77.263 87.283 64.840 79.226 132.195 64.752 25.679 86.495 78.531 87.816 26.421 88.167 91.486 74.679 32.263 87.000 29.117 41.690 111.921 25.034 74.713 65.447 91.886 107.796 50.635 119.149 31.970 49.966 131.786 16.151 74.582 94.584 52.972 40.048
105.492 145.852 83.580 54.172 102.613 82.284 83.926 65.075 130.409 62.648 136.818 84.031 98.902 87.250 105.052 127.150 72.388 104.087 68.881 18.520 20.869 123.100 71.502 102.164 91.076 85.697 80.174 77.263 0.000 142.041 19.085 130.979 88.181 119.291 92.402 83.881 26.641 131.007 51.990 44.814 85.063 29.450 103.856 131.435 98.453 112.930 151.647 82.738 20.849 39.368 130.061 136.729 123.880 82.548 94.518 101.783 85.981 89.232 18.403 43.078 106.990 53.371
46.919 34.882 135.928 88.402 99.597 87.492 58.311 128.872 55.477 81.961 38.741 135.083 57.762 55.567 37.036 30.402 74.145 56.825 124.155 143.254 159.256 41.739 132.390 57.547 124.034 91.048 63.185 87.283 142.041 0.000 138.731 11.439 144.293 23.559 61.605 84.146 126.743 21.908 107.074 169.381 88.650 121.561 58.022 19.883 58.891 51.223 34.642 65.589 127.529 147.585 30.044 47.377 51.280 129.171 55.597 41.126 145.930 71.778 129.042 131.538 36.375 88.824
107.206 147.106 99.774 50.863 113.552 90.769 80.673 80.843 134.779 56.865 138.809 100.114 90.111 86.336 101.903 127.754 65.564 94.797 83.881 4.564 37.612 125.347 87.620 92.961 105.602 95.078 75.567 64.840 19.085 138.731 0.000 128.183 105.095 115.333 83.825 91.753 40.995 130.452 38.448 33.959 93.948 41.882 94.360 130.576 89.477 103.791 152.585 75.469 34.417 21.368 130.738 139.902 114.120 97.963 87.167 97.652 103.131 78.710 32.230 59.508 102.602 51.077
36.237 33.811 125.297 77.605 90.112 76.690 47.546 117.759 49.354 71.624 34.526 124.475 50.715 44.226 26.281 23.029 64.292 50.772 113.137 132.684 147.992 33.956 121.423 51.160 113.784 80.482 52.838 79.226 130.979 11.439 128.183 0.000 133.732 14.480 53.697 73.358 115.349 15.383 97.574 159.303 78.012 110.168 52.028 13.360 51.879 46.664 35.586 56.344 116.205 137.758 23.701 42.776 49.239 118.553 47.258 31.039 135.280 64.322 117.746 120.122 26.762 77.906
97.497 126.656 8.684 94.961 49.686 57.283 105.977 25.647 100.719 104.407 116.524 9.354 134.908 98.982 117.515 116.037 111.979 140.457 25.721 106.068 83.313 105.821 18.588 138.740 21.794 53.258 108.792 132.195 88.181 144.293 105.095 133.732 0.000 130.279 129.699 60.550 64.511 123.933 118.491 132.084 55.726 65.089 141.060 125.589 135.273 146.420 132.584 119.129 71.049 126.456 117.737 110.911 157.341 15.251 126.728 119.335 3.345 134.301 73.042 45.591 123.668 92.147
35.027 46.302 121.668 65.319 90.166 73.067 35.367 112.168 56.550 58.496 44.701 120.929 36.397 34.684 14.677 31.059 50.586 36.867 108.057 119.868 137.084 39.902 116.506 37.089 111.485 77.666 39.770 64.752 119.291 23.559 115.333 14.480 130.279 0.000 39.220 69.870 105.479 25.996 83.595 145.824 74.995 100.301 38.138 24.507 37.566 33.834 48.985 42.175 105.724 124.039 32.885 52.060 38.586 115.030 32.789 17.689 131.504 49.876 107.089 112.093 12.817 65.929
56.188 83.623 121.162 40.988 102.038 78.073 25.671 106.688 86.273 30.780 79.581 120.711 6.523 36.311 32.456 65.443 20.782 12.045 104.455 88.357 112.396 70.300 112.682 10.092 115.398 84.026 21.052 25.679 92.402 61.605 83.825 53.697 129.699 39.220 0.000 75.829 86.392 63.189 47.702 111.023 81.263 81.669 12.166 62.194 6.257 20.582 87.181 11.021 84.329 88.516 68.043 85.206 31.823 115.313 6.887 25.928 129.943 10.943 84.924 98.904 27.998 43.062
37.227 71.460 52.022 53.629 27.161 3.354 50.260 45.636 49.558 59.118 61.236 51.233 79.847 40.923 57.698 57.384 62.887 84.916 40.421 95.094 93.390 48.538 48.429 83.452 41.831 8.303 55.205 86.495 83.881 84.146 91.753 73.358 60.550 69.870 75.829 0.000 59.135 64.673 83.705 125.490 5.496 55.005 85.753 66.143 80.472 89.424 77.627 66.713 63.489 110.215 59.523 58.067 99.631 45.312 71.314 60.366 61.970 83.114 65.837 54.461 64.215 51.200
85.599 125.470 58.846 45.410 76.163 57.157 71.121 39.865 107.467 55.762 115.880 59.159 92.787 71.226 90.808 107.795 65.644 98.432 42.963 42.588 34.647 102.187 46.702 96.482 64.916 59.980 69.508 78.531 26.641 126.743 40.995 115.349 64.511 105.479 86.392 59.135 0.000 112.799 58.345 71.256 59.635 5.186 98.528 113.552 92.646 106.602 131.484 75.576 6.589 62.314 110.563 114.710 118.046 56.985 86.566 88.967 62.770 86.434 8.806 19.200 94.247 43.375
28.193 20.529 115.734 79.641 78.082 68.020 50.817 110.141 34.203 75.477 19.275 114.846 61.440 44.159 31.623 8.500 69.725 62.562 105.077 134.835 146.581 19.834 113.092 62.603 103.223 70.962 57.324 87.816 131.007 21.908 130.452 15.383 123.933 25.996 63.189 64.673 112.799 0.000 103.134 162.822 68.743 107.698 63.837 2.104 62.605 59.818 24.108 63.442 114.514 142.097 8.432 27.404 63.730 108.973 56.368 37.858 125.747 74.117 116.291 115.143 35.198 79.392
85.210 122.056 111.200 30.279 110.003 84.163 52.600 92.865 115.861 28.705 115.358 111.170 53.548 61.704 72.059 102.462 33.482 57.675 93.446 42.716 72.843 103.046 99.904 55.952 111.719 89.866 45.822 26.421 51.990 107.074 38.448 97.574 118.491 83.595 47.702 83.705 58.345 103.134 0.000 63.321 87.788 55.549 57.084 102.773 52.758 66.624 126.816 41.506 53.317 40.874 105.420 118.499 76.410 107.219 52.306 66.593 117.495 40.997 52.608 76.440 70.872 32.545
140.601 180.153 128.012 83.359 146.395 124.375 112.291 109.754 168.634 87.752 172.138 128.515 116.814 119.005 133.161 160.650 95.253 120.727 113.684 30.397 51.372 158.803 116.029 119.069 135.889 128.458 106.490 88.167 44.814 169.381 33.959 159.303 132.084 145.824 111.023 125.490 71.256 162.822 63.321 0.000 127.466 73.412 120.053 162.794 115.991 129.588 185.485 104.323 65.076 22.721 163.645 173.539 138.796 127.266 115.489 128.339 129.669 103.819 62.651 87.678 133.007 83.966
41.784 74.343 47.291 57.933 22.383 3.637 55.722 42.332 51.232 63.884 64.068 46.463 85.322 46.418 63.031 61.202 68.000 90.404 36.814 97.118 93.413 51.839 44.518 88.935 36.539 2.808 60.579 91.486 85.063 88.650 93.948 78.012 55.726 74.995 81.263 5.496 59.635 68.743 87.788 127.466 0.000 55.821 91.237 70.293 85.941 94.917 80.489 72.060 64.408 112.909 63.197 60.265 105.106 40.543 76.791 65.803 57.286 88.438 66.806 53.179 69.598 55.416
80.588 120.546 58.892 40.743 73.220 53.186 65.997 39.849 102.908 51.160 111.010 59.114 88.031 66.040 85.629 102.764 60.967 93.697 42.261 43.973 39.415 97.301 46.859 91.751 63.747 56.339 64.497 74.679 29.450 121.561 41.882 110.168 65.089 100.301 81.669 55.005 5.186 107.698 55.549 73.412 55.821 0.000 93.822 108.435 87.917 101.789 126.542 70.800 8.619 62.947 105.546 109.990 113.248 56.456 81.684 83.820 63.583 82.029 11.053 20.929 89.097 38.609
62.146 84.315 132.474 53.118 111.303 88.199 35.645 118.410 90.625 42.844 81.701 131.989 6.162 45.163 36.020 67.569 32.889 1.275 115.996 98.844 124.050 74.094 124.288 2.327 126.120 94.031 32.299 32.263 103.856 58.022 94.360 52.028 141.060 38.138 12.166 85.753 98.528 63.837 57.084 120.053 91.237 93.822 0.000 62.504 5.973 9.544 87.122 23.154 96.380 97.371 69.865 88.201 20.024 126.503 14.497 29.959 141.409 16.248 96.928 111.031 29.871 55.220
29.413 21.816 117.359 79.729 79.959 69.495 50.634 111.533 36.304 75.305 21.202 116.479 60.263 44.391 30.988 10.526 69.320 61.230 106.518 134.978 147.211 21.861 114.572 61.323 104.955 72.545 57.006 87.000 131.435 19.883 130.576 13.360 125.589 24.507 62.194 66.143 113.552 2.104 102.773 162.794 70.293 108.435 62.504 0.000 61.431 58.270 24.987 62.786 115.155 141.943 10.534 29.417 61.954 110.597 55.407 37.101 127.373 73.103 116.904 116.211 34.202 79.553
58.456 83.133 126.702 47.244 106.303 82.842 30.229 112.509 87.734 37.029 79.828 126.229 1.170 40.204 33.187 65.646 27.038 5.789 110.148 93.990 118.527 71.417 118.421 3.836 120.557 88.725 26.481 29.117 98.453 58.891 89.477 51.879 135.273 37.566 6.257 80.472 92.646 62.605 52.758 115.991 85.941 87.917 5.973 61.431 0.000 14.479 86.313 17.192 90.579 93.383 68.095 85.932 25.601 120.772 9.248 26.810 135.587 13.064 91.165 105.061 27.709 49.309
62.373 79.975 137.774 61.301 114.036 92.084 40.445 124.501 89.001 51.254 78.448 137.233 14.060 48.503 35.490 64.573 41.231 8.996 121.743 108.287 132.975 72.269 130.133 10.841 130.550 97.725 38.547 41.690 112.930 51.223 103.791 46.664 146.420 33.834 20.582 89.424 106.602 59.818 66.624 129.588 94.917 101.789 9.544 58.270 14.479 0.000 82.219 31.053 104.753 106.899 66.590 85.528 11.481 131.621 20.383 30.384 146.948 25.770 105.406 118.331 28.624 63.230
46.187 6.169 125.031 102.127 83.601 80.781 74.266 122.817 32.375 98.786 16.421 124.047 85.144 66.491 55.710 24.842 93.534 85.852 117.215 156.871 165.897 29.517 124.584 86.050 110.954 82.140 81.013 111.921 151.647 34.642 152.585 35.586 132.584 48.985 87.181 77.627 131.484 24.108 126.816 185.485 80.489 126.542 87.122 24.987 86.313 82.219 0.000 87.519 133.949 165.212 21.852 21.981 84.496 118.427 80.392 61.965 134.856 98.085 135.906 131.219 59.189 101.595
51.536 83.342 110.637 30.248 93.399 68.741 17.956 95.862 82.525 20.328 78.059 110.215 17.240 29.300 31.820 64.259 10.368 22.937 93.765 80.031 102.400 67.398 101.937 21.006 105.380 74.777 11.584 25.034 82.738 65.589 75.469 56.344 119.129 42.175 11.021 66.713 75.576 63.442 41.506 104.323 72.060 70.800 23.154 62.786 17.192 31.053 87.519 0.000 73.713 82.203 67.069 82.762 42.474 104.895 11.810 25.759 119.294 16.442 74.402 87.886 29.583 32.203
87.837 128.007 65.433 43.484 81.775 61.734 70.827 46.453 111.016 53.550 118.611 65.747 90.799 71.980 91.114 109.907 63.553 96.365 49.498 36.091 32.071 104.877 53.288 94.409 71.375 64.951 68.553 74.713 20.849 127.529 34.417 116.205 71.049 105.724 84.329 63.489 6.589 114.514 53.317 65.076 64.408 8.619 96.380 115.155 90.579 104.753 133.949 73.713 0.000 55.728 112.736 117.875 116.126 63.550 85.012 88.819 69.268 83.586 2.451 25.605 94.109 41.756
121.247 160.077 121.128 63.523 133.314 109.571 91.309 102.178 150.379 66.638 152.508 121.461 94.224 98.831 111.807 140.467 73.486 98.059 105.110 20.848 54.418 139.460 108.975 96.417 126.684 114.273 85.152 65.447 39.368 147.585 21.368 137.758 126.456 124.039 88.516 110.215 62.314 142.097 40.874 22.721 112.909 62.947 97.371 141.943 93.383 106.899 165.212 82.203 55.728 0.000 143.461 154.531 116.076 119.233 93.171 106.723 124.474 81.129 53.575 80.873 111.242 64.553
24.966 16.654 109.690 80.289 70.922 62.830 52.822 105.159 25.771 77.175 11.870 108.772 66.947 44.672 35.696 2.996 72.365 68.596 99.885 135.030 144.769 12.195 107.712 68.458 96.712 65.244 59.751 91.886 130.061 30.044 130.738 23.701 117.737 32.885 68.043 59.523 110.563 8.432 105.420 163.645 63.197 105.546 69.865 10.534 68.095 66.590 21.852 67.069 112.736 143.461 0.000 19.358 71.229 102.949 61.158 42.191 119.682 78.975 114.630 111.563 40.389 79.744
33.400 16.566 103.512 91.050 61.702 61.027 66.730 102.352 10.394 89.807 8.643 102.512 84.812 56.808 52.838 21.004 86.571 86.944 96.589 143.968 149.355 15.519 103.666 86.645 89.209 61.638 73.999 107.796 136.729 47.377 139.902 42.776 110.911 52.060 85.206 58.067 114.710 27.404 118.499 173.539 60.265 109.990 88.201 29.417 85.932 85.528 21.981 82.762 117.875 154.531 19.358 0.000 90.533 96.975 78.351 59.339 113.260 96.015 119.994 112.430 58.374 89.987
70.494 83.049 148.679 72.708 123.574 102.397 51.480 135.713 95.077 62.590 82.893 148.114 25.330 58.849 43.782 69.575 52.575 19.855 132.840 118.576 144.064 78.368 141.257 21.803 141.052 107.912 49.944 50.635 123.880 51.280 114.120 49.239 157.341 38.586 31.823 99.631 118.046 63.730 76.410 138.796 105.106 113.248 20.024 61.954 25.601 11.481 84.496 42.474 116.126 116.076 71.229 90.533 0.000 142.454 31.839 39.589 157.944 35.458 116.744 129.798 36.766 74.671
82.327 112.428 6.763 82.029 36.959 42.037 91.213 17.530 86.935 91.066 102.224 5.923 120.366 83.926 102.312 101.170 98.170 125.862 14.224 99.522 81.316 91.140 12.057 124.178 10.740 38.125 94.317 119.149 82.548 129.171 97.963 118.553 15.251 115.030 115.313 45.312 56.985 108.973 107.219 127.266 40.543 56.456 126.503 110.597 120.772 131.621 118.427 104.895 63.550 119.233 102.949 96.975 142.454 0.000 112.103 104.225 16.777 120.358 65.782 39.622 108.508 79.200
49.727 76.776 118.122 41.555 97.063 73.728 21.149 104.370 79.555 31.974 72.694 117.622 8.541 30.956 25.574 58.556 22.130 13.774 101.791 91.726 114.087 63.497 110.129 12.176 111.627 79.582 18.228 31.970 94.518 55.597 87.167 47.258 126.728 32.789 6.887 71.314 86.566 56.368 52.306 115.489 76.791 81.684 14.497 55.407 9.248 20.383 80.392 11.810 85.012 93.171 61.158 78.351 31.839 112.103 0.000 19.047 127.135 17.818 85.797 97.960 21.208 43.289
32.297 58.053 110.652 47.707 83.992 63.258 18.020 99.280 60.927 40.838 53.662 110.012 25.735 20.471 6.528 39.546 33.254 28.785 95.740 102.185 119.872 44.634 104.234 28.080 102.069 68.596 22.085 49.966 101.783 41.126 97.652 31.039 119.335 17.689 25.928 60.366 88.967 37.858 66.593 128.339 65.803 83.820 29.959 37.101 26.810 30.384 61.965 25.759 88.819 106.723 42.191 59.339 39.589 104.225 19.047 0.000 120.211 36.825 90.078 96.956 5.290 48.418
99.065 128.898 10.014 94.565 52.290 58.668 106.509 24.697 103.115 104.158 118.732 10.910 135.250 99.802 118.561 117.925 111.930 140.832 25.562 103.991 80.577 107.832 17.808 139.093 24.407 54.893 109.114 131.786 85.981 145.930 103.131 135.280 3.345 131.504 129.943 61.970 62.770 125.747 117.495 129.669 57.286 63.583 141.409 127.373 135.587 146.948 134.856 119.294 69.268 124.474 119.682 113.260 157.944 16.777 127.135 120.211 0.000 134.293 71.203 43.704 124.624 91.765
66.383 94.561 125.912 41.647 109.840 85.089 34.075 110.415 96.819 31.207 90.488 125.540 14.129 45.278 43.352 76.363 22.396 16.993 108.732 83.148 109.743 81.011 116.730 15.477 121.304 91.141 28.025 16.151 89.232 71.778 78.710 64.322 134.301 49.876 10.943 83.114 86.434 74.117 40.997 103.819 88.438 82.029 16.248 73.103 13.064 25.770 98.085 16.442 83.586 81.129 78.975 96.015 35.458 120.358 17.818 36.825 134.293 0.000 83.869 100.568 38.920 44.143
89.763 129.982 67.554 44.242 84.226 64.111 72.066 48.613 113.214 54.157 120.635 67.887 91.415 73.533 92.511 111.788 64.177 96.944 51.769 33.783 30.322 106.898 55.402 94.988 73.703 67.368 69.578 74.582 18.403 129.042 32.230 117.746 73.042 107.089 84.924 65.837 8.806 116.291 52.608 62.651 66.806 11.053 96.928 116.904 91.165 105.406 135.906 74.402 2.451 53.575 114.630 119.994 116.744 65.782 85.797 90.078 71.203 83.869 0.000 27.500 95.365 42.637
87.026 125.068 40.524 58.928 65.055 51.702 79.999 22.093 104.009 69.363 115.009 40.958 105.027 77.443 97.582 109.036 78.689 110.758 26.495 60.587 43.086 101.730 28.425 108.849 48.720 52.630 79.993 94.584 43.078 131.538 59.508 120.122 45.591 112.093 98.904 54.461 19.200 115.143 76.440 87.678 53.179 20.929 111.031 116.211 105.061 118.331 131.219 87.886 25.605 80.873 111.563 112.430 129.798 39.622 97.960 96.956 43.704 100.568 27.500 0.000 102.087 56.436
33.868 55.663 114.992 52.873 87.075 67.198 23.302 104.009 60.859 45.742 52.121 114.329 26.565 25.188 7.017 37.941 37.775 28.627 100.346 107.144 125.143 44.255 108.841 28.272 106.022 72.373 27.090 52.972 106.990 36.375 102.602 26.762 123.668 12.817 27.998 64.215 94.247 35.198 70.872 133.007 69.598 89.097 29.871 34.202 27.709 28.624 59.189 29.583 94.109 111.242 40.389 58.374 36.766 108.508 21.208 5.290 124.624 38.920 95.365 102.087 0.000 53.638
56.770 96.203 84.113 2.829 77.735 51.780 30.575 67.340 85.963 12.939 88.212 83.885 49.425 35.259 51.790 76.753 22.418 55.088 66.434 55.444 71.736 74.995 73.982 53.142 82.088 57.590 27.092 40.048 53.371 88.824 51.077 77.906 92.147 65.929 43.062 51.200 43.375 79.392 32.545 83.966 55.416 38.609 55.220 79.553 49.309 63.230 101.595 32.203 41.756 64.553 79.744 89.987 74.671 79.200 43.289 48.418 91.765 44.143 42.637 56.436 53.638 0.000
0.0000 3.0270 6.6806 4.3296 4.1385 3.0431 2.5742 6.1692 2.3402 4.2379 2.3708 6.6185 4.3101 1.7769 2.0177 1.6674 4.0453 4.5752 5.8029 8.3538 8.9884 1.3669 6.4156 4.5127 5.8240 3.3184 3.1225 5.7225 7.9119 3.5189 8.0404 2.7178 7.3123 2.6270 4.2141 2.7921 6.4199 2.1145 6.3908 10.5451 3.1338 6.0441 4.6610 2.2060 4.3842 4.6780 3.4640 3.8652 6.5878 9.0935 1.8724 2.5050 5.2870 6.1745 3.7295 2.4223 7.4299 4.9788 6.7322 6.5269 2.5401 4.2578
3.0270 0.0000 8.9287 7.2615 5.8382 5.5963 5.2092 8.7506 2.0166 7.0371 0.7712 8.8554 6.1476 4.5942 3.8748 1.4727 6.6701 6.2281 8.3314 11.3523 11.9942 1.7548 8.8861 6.2335 7.8802 5.7009 5.7257 8.0988 10.9389 2.6162 11.0330 2.5358 9.4992 3.4727 6.2717 5.3595 9.4103 1.5397 9.1542 13.5114 5.5758 9.0410 6.3236 1.6362 6.2350 5.9981 0.4626 6.2506 9.6005 12.0058 1.2490 1.2425 6.2287 8.4321 5.7582 4.3540 9.6673 7.0921 9.7487 9.3801 4.1748 7.2153
6.6806 8.9287 0.0000 6.5201 3.2246 3.6550 7.3001 1.4286 7.0067 7.2171 8.1647 0.0805 9.4744 6.7724 8.1639 8.0941 7.7723 9.8896 1.3362 7.5785 6.0477 7.3396 0.9116 9.7614 1.1634 3.3663 7.5168 9.3112 6.2685 10.1946 7.4831 9.3973 0.6513 9.1251 9.0871 3.9017 4.4134 8.6800 8.3400 9.6009 3.5469 4.4169 9.9356 8.8020 9.5027 10.3330 9.3774 8.2978 4.9075 9.0846 8.2268 7.7634 11.1509 0.5072 8.8592 8.2989 0.7511 9.4434 5.0665 3.0393 8.6244 6.3085
4.3296 7.2615 6.5201 0.0000 6.0210 4.0722 2.2570 5.2590 6.5479 0.7856 6.6768 6.5032 3.5556 2.6739 3.8539 5.7970 1.5176 3.9774 5.1937 4.1471 5.4705 5.6953 5.7584 3.8310 6.3675 4.5109 1.9508 2.7926 4.0629 6.6301 3.8147 5.8204 7.1220 4.8990 3.0741 4.0222 3.4058 5.9731 2.2709 6.2519 4.3449 3.0557 3.9839 5.9796 3.5433 4.5976 7.6595 2.2686 3.2613 4.7642 6.0217 6.8288 5.4531 6.1522 3.1166 3.5780 7.0924 3.1235 3.3182 4.4196 3.9655 0.2122
4.1385 5.8382 3.2246 6.0210 0.0000 1.9511 5.7276 3.5626 3.8532 6.4665 5.0962 3.1456 7.9192 4.9608 6.0119 5.2291 6.7498 8.2784 3.1053 8.7267 8.0836 4.4047 3.4666 8.1785 2.0926 1.5111 6.1369 8.5239 7.6960 7.4698 8.5164 6.7584 3.7265 6.7625 7.6528 2.0371 5.7122 5.8561 8.2502 10.9796 1.6787 5.4915 8.3477 5.9969 7.9727 8.5527 6.2701 7.0050 6.1332 9.9985 5.3191 4.6276 9.2680 2.7719 7.2797 6.2994 3.9218 8.2380 6.3169 4.8791 6.5306 5.8301
3.0431 5.5963 3.6550 4.0722 1.9511 0.0000 3.9460 3.1754 3.9251 4.5212 4.8282 3.5966 6.1685 3.2695 4.5557 4.5531 4.8380 6.5541 2.7815 7.0501 6.8402 3.8833 3.3808 6.4417 2.9121 0.4568 4.2975 6.5953 6.1713 6.5619 6.8076 5.7517 4.2962 5.4800 5.8555 0.2516 4.2868 5.1015 6.3122 9.3281 0.2728 3.9889 6.6149 5.2121 6.2132 6.9063 6.0586 5.1556 4.6300 8.2178 4.7122 4.5770 7.6798 3.1528 5.5296 4.7443 4.4001 6.3817 4.8083 3.8776 5.0398 3.8835
2.5742 5.2092 7.3001 2.2570 5.7276 3.9460 0.0000 6.3223 4.9139 1.8504 4.7217 7.2601 2.2232 0.8518 1.5971 3.7401 1.4884 2.6166 6.1020 6.3871 7.6396 3.8411 6.7335 2.4994 6.7879 4.3877 0.5488 3.1576 6.2945 4.3733 6.0505 3.5659 7.9483 2.6525 1.9253 3.7695 5.3341 3.8113 3.9450 8.4219 4.1791 4.9498 2.6734 3.7976 2.2672 3.0333 5.5699 1.3467 5.3121 6.8481 3.9617 5.0047 3.8610 6.8410 1.5862 1.3515 7.9882 2.5556 5.4049 5.9999 1.7477 2.2931
6.1692 8.7506 1.4286 5.2590 3.5626 3.1754 6.3223 0.0000 6.9702 5.9925 7.9798 1.4481 8.4189 5.9129 7.3829 7.7249 6.6014 8.8436 0.4588 6.1680 4.8120 7.0552 0.5313 8.7087 2.0250 3.0554 6.4633 8.0464 4.8806 9.6654 6.0632 8.8319 1.9235 8.4126 8.0016 3.4227 2.9899 8.2606 6.9649 8.2315 3.1749 2.9887 8.8807 8.3650 8.4382 9.3376 9.2113 7.1896 3.4840 7.6633 7.8869 7.6764 10.1785 1.3148 7.8278 7.4460 1.8523 8.2812 3.6460 1.6570 7.8007 5.0505
2.3402 2.0166 7.0067 6.5479 3.8532 3.9251 4.9139 6.9702 0.0000 6.5420 1.3406 6.9310 6.4997 4.1106 4.0980 1.9790 6.3841 6.7051 6.5314 10.4028 10.6559 1.2563 7.0470 6.6662 5.9235 3.9289 5.4624 8.0560 9.7806 4.1608 10.1084 3.7016 7.5539 4.2413 6.4705 3.7169 8.0601 2.5652 8.6896 12.6475 3.8424 7.7181 6.7969 2.7228 6.5801 6.6751 2.4281 6.1894 8.3262 11.2784 1.9328 0.7795 7.1308 6.5201 5.9666 4.5695 7.7336 7.2614 8.4910 7.8007 4.5644 6.4473
4.2379 7.0371 7.2171 0.7856 6.4665 4.5212 1.8504 5.9925 6.5420 0.0000 6.5116 7.1961 2.7945 2.4780 3.4065 5.5646 0.7518 3.2111 5.9021 4.6058 6.1585 5.5778 6.4822 3.0644 6.9932 4.9735 1.4096 2.1208 4.6986 6.1471 4.2649 5.3718 7.8305 4.3872 2.3085 4.4338 4.1822 5.6608 2.1528 6.5814 4.7913 3.8370 3.2133 5.6479 2.7772 3.8440 7.4090 1.5246 4.0162 4.9978 5.7881 6.7355 4.6942 6.8299 2.3981 3.0629 7.8118 2.3405 4.0617 5.2023 3.4307 0.9705
2.3708 0.7712 8.1647 6.6768 5.0962 4.8282 4.7217 7.9798 1.3406 6.5116 0.0000 8.0917 5.9014 4.0391 3.5353 1.0637 6.2047 6.0325 7.5602 10.7245 11.2816 1.0305 8.1153 6.0201 7.1244 4.9298 5.2562 7.7259 10.2613 2.9056 10.4107 2.5894 8.7393 3.3525 5.9685 4.5927 8.6910 1.4456 8.6518 12.9103 4.8051 8.3258 6.1276 1.5902 5.9871 5.8836 1.2316 5.8545 8.8959 11.4381 0.8903 0.6482 6.2170 7.6668 5.4521 4.0247 8.9049 6.7866 9.0477 8.6257 3.9091 6.6159
6.6185 8.8554 0.0805 6.5032 3.1456 3.5966 7.2601 1.4481 6.9310 7.1961 8.0917 0.0000 9.4383 6.7259 8.1123 8.0262 7.7460 9.8526 1.3298 7.6074 6.0987 7.2696 0.9404 9.7250 1.0829 3.3026 7.4816 9.2932 6.3024 10.1312 7.5086 9.3356 0.7016 9.0697 9.0533 3.8425 4.4369 8.6135 8.3377 9.6386 3.4847 4.4335 9.8992 8.7359 9.4671 10.2925 9.3036 8.2661 4.9310 9.1095 8.1579 7.6884 11.1086 0.4443 8.8216 8.2509 0.8183 9.4155 5.0915 3.0719 8.5747 6.2914
4.3101 6.1476 9.4744 3.5556 7.9192 6.1685 2.2232 8.4189 6.4997 2.7945 5.9014 9.4383 0.0000 2.9597 2.4068 4.8378 2.0434 0.4300 8.2376 7.0974 8.9187 5.2743 8.8595 0.2900 9.0041 6.6083 1.9603 2.2597 7.4176 4.3321 6.7584 3.8036 10.1181 2.7298 0.4892 5.9885 6.9590 4.6080 4.0161 8.7610 6.3992 6.6023 0.4621 4.5197 0.0878 1.0545 6.3858 1.2930 6.8099 7.0668 5.0210 6.3609 1.8998 9.0275 0.6406 1.9301 10.1437 1.0597 6.8561 7.8771 1.9924 3.7069
1.7769 4.5942 6.7724 2.6739 4.9608 3.2695 0.8518 5.9129 4.1106 2.4780 4.0391 6.7259 2.9597 0.0000 1.5107 3.1257 2.2762 3.3190 5.6451 6.8024 7.7855 3.1007 6.2822 3.2177 6.1653 3.6919 1.3810 3.9983 6.5438 4.1676 6.4752 3.3169 7.4236 2.6013 2.7233 3.0693 5.3419 3.3119 4.6278 8.9254 3.4813 4.9530 3.3872 3.3293 3.0153 3.6377 4.9868 2.1975 5.3985 7.4124 3.3504 4.2606 4.4136 6.2944 2.3217 1.5354 7.4852 3.3959 5.5150 5.8082 1.8891 2.6444
2.0177 3.8748 8.1639 3.8539 6.0119 4.5557 1.5971 7.3829 4.0980 3.4065 3.5353 8.1123 2.4068 1.5107 0.0000 2.4774 2.8937 2.6108 7.0931 7.9803 9.1933 2.8675 7.7295 2.5683 7.4646 4.9342 2.0011 4.2239 7.8789 2.7777 7.6427 1.9710 8.8136 1.1007 2.4342 4.3273 6.8106 2.3717 5.4044 9.9871 4.7274 6.4221 2.7015 2.3241 2.4890 2.6618 4.1783 2.3865 6.8335 8.3855 2.6772 3.9629 3.2837 7.6734 1.9181 0.4896 8.8921 3.2514 6.9383 7.3186 0.5263 3.8842
1.6674 1.4727 8.0941 5.7970 5.2291 4.5531 3.7401 7.7249 1.9790 5.5646 1.0637 8.0262 4.8378 3.1257 2.4774 0.0000 5.2082 4.9728 7.3343 9.9037 10.6464 0.8503 7.9264 4.9583 7.1365 4.7488 4.2615 6.6840 9.5362 2.2802 9.5815 1.7272 8.7028 2.3295 4.9082 4.3038 8.0846 0.6375 7.6847 12.0488 4.5901 7.7073 5.0677 0.7895 4.9234 4.8430 1.8632 4.8195 8.2430 10.5350 0.2247 1.5753 5.2181 7.5877 4.3917 2.9660 8.8444 5.7272 8.3841 8.1777 2.8456 5.7565
4.0453 6.6701 7.7723 1.5176 6.7498 4.8380 1.4884 6.6014 6.3841 0.7518 6.2047 7.7460 2.0434 2.2762 2.8937 5.2082 0.0000 2.4620 6.4779 5.2596 6.9026 5.3290 7.0757 2.3154 7.4640 5.2948 0.9485 1.7950 5.4291 5.5609 4.9173 4.8219 8.3984 3.7940 1.5587 4.7165 4.9233 5.2294 2.5112 7.1440 5.1000 4.5725 2.4667 5.1990 2.0278 3.0923 7.0150 0.7776 4.7665 5.5115 5.4274 6.4929 3.9431 7.3628 1.6597 2.4940 8.3947 1.6797 4.8133 5.9017 2.8331 1.6814
4.5752 6.2281 9.8896 3.9774 8.2784 6.5541 2.6166 8.8436 6.7051 3.2111 6.0325 9.8526 0.4300 3.3190 2.6108 4.9728 2.4620 0.0000 8.6584 7.4469 9.3166 5.4645 9.2816 0.1467 9.4041 6.9901 2.3816 2.4812 7.8066 4.2619 7.1098 3.8079 10.5343 2.7650 0.9034 6.3687 7.3824 4.6922 4.3256 9.0545 6.7803 7.0273 0.0956 4.5922 0.4342 0.6747 6.4389 1.7203 7.2274 7.3544 5.1447 6.5208 1.4891 9.4397 1.0330 2.1589 10.5624 1.2744 7.2708 8.3068 2.1470 4.1316
5.8029 8.3314 1.3362 5.1937 3.1053 2.7815 6.1020 0.4588 6.5314 5.9021 7.5602 1.3298 8.2376 5.6451 7.0931 7.3343 6.4779 8.6584 0.0000 6.4161 5.1944 6.6484 0.6371 8.5265 1.6702 2.6306 6.2774 7.9862 5.1661 9.3117 6.2910 8.4853 1.9290 8.1043 7.8341 3.0316 3.2222 7.8807 7.0084 8.5263 2.7611 3.1696 8.6997 7.9889 8.2611 9.1307 8.7911 7.0324 3.7123 7.8832 7.4914 7.2441 9.9630 1.0668 7.6343 7.1805 1.9172 8.1549 3.8827 1.9871 7.5259 4.9826
8.3538 11.3523 7.5785 4.1471 8.7267 7.0501 6.3871 6.1680 10.4028 4.6058 10.7245 7.6074 7.0974 6.8024 7.9803 9.9037 5.2596 7.4469 6.4161 0.0000 2.6414 9.7121 6.6677 7.3096 8.0600 7.3619 6.0075 5.1850 1.3890 10.7440 0.3423 9.9513 7.9551 8.9901 6.6268 7.1321 3.1941 10.1126 3.2037 2.2798 7.2838 3.2980 7.4133 10.1234 7.0493 8.1215 11.7653 6.0023 2.7069 1.5636 10.1273 10.7976 8.8932 7.4641 6.8794 7.6638 7.7993 6.2361 2.5338 4.5440 8.0358 4.1583
8.9884 11.9942 6.0477 5.4705 8.0836 6.8402 7.6396 4.8120 10.6559 6.1585 11.2816 6.0987 8.9187 7.7855 9.1933 10.6464 6.9026 9.3166 5.1944 2.6414 0.0000 10.2529 5.2030 9.1712 6.8370 7.0084 7.4118 7.3564 1.5652 11.9442 2.8209 11.0994 6.2485 10.2813 8.4297 7.0043 2.5986 10.9936 5.4632 3.8529 7.0060 2.9562 9.3037 11.0408 8.8895 9.9731 12.4423 7.6800 2.4053 4.0813 10.8577 11.2016 10.8048 6.0987 8.5565 8.9904 6.0433 8.2308 2.2741 3.2314 9.3857 5.3802
1.3669 1.7548 7.3396 5.6953 4.4047 3.8833 3.8411 7.0552 1.2563 5.5778 1.0305 7.2696 5.2743 3.1007 2.8675 0.8503 5.3290 5.4645 6.6484 9.7121 10.2529 0.0000 7.2233 5.4305 6.3504 4.0306 4.3867 6.9319 9.2325 3.1304 9.4011 2.5467 7.9366 2.9927 5.2725 3.6404 7.6640 1.4875 7.7285 11.9102 3.8879 7.2975 5.5571 1.6396 5.3563 5.4201 2.2138 5.0548 7.8658 10.4595 0.9146 1.1639 5.8776 6.8355 4.7623 3.3476 8.0874 6.0758 8.0173 7.6297 3.3191 5.6246
6.4156 8.8861 0.9116 5.7584 3.4666 3.3808 6.7335 0.5313 7.0470 6.4822 8.1153 0.9404 8.8595 6.2822 7.7295 7.9264 7.0757 9.2816 0.6371 6.6677 5.2030 7.2233 0.0000 9.1487 1.6894 3.1932 6.9000 8.5493 5.3626 9.9293 6.5715 9.1067 1.3941 8.7380 8.4511 3.6322 3.5027 8.4819 7.4928 8.7022 3.3389 3.5144 9.3216 8.5929 8.8816 9.7599 9.3438 7.6452 3.9966 8.1731 8.0784 7.7749 10.5943 0.9043 8.2597 7.8175 1.3356 8.7548 4.1551 2.1318 8.1631 5.5487
4.5127 6.2335 9.7614 3.8310 8.1785 6.4417 2.4994 8.7087 6.6662 3.0644 6.0201 9.7250 0.2900 3.2177 2.5683 4.9583 2.3154 0.1467 8.5265 7.3096 9.1712 5.4305 9.1487 0.0000 9.2846 6.8796 2.2491 2.3715 7.6623 4.3160 6.9721 3.8370 10.4055 2.7817 0.7569 6.2589 7.2361 4.6952 4.1964 8.9302 6.6701 6.8813 0.1745 4.5992 0.2877 0.8130 6.4538 1.5754 7.0807 7.2312 5.1343 6.4984 1.6352 9.3134 0.9132 2.1060 10.4320 1.1608 7.1241 8.1637 2.1204 3.9857
5.8240 7.8802 1.1634 6.3675 2.0926 2.9121 6.7879 2.0250 5.9235 6.9932 7.1244 1.0829 9.0041 6.1653 7.4646 7.1365 7.4640 9.4041 1.6702 8.0600 6.8370 6.3504 1.6894 9.2846 0.0000 2.5372 7.0767 9.1137 6.8307 9.3026 7.9202 8.5338 1.6345 8.3614 8.6549 3.1373 4.8687 7.7418 8.3789 10.1917 2.7405 4.7810 9.4590 7.8717 9.0418 9.7912 8.3216 7.9035 5.3532 9.5013 7.2534 6.6906 10.5789 0.8055 8.3721 7.6552 1.8305 9.0978 5.5277 3.6540 7.9517 6.1566
3.3184 5.7009 3.3663 4.5109 1.5111 0.4568 4.3877 3.0554 3.9289 4.9735 4.9298 3.3026 6.6083 3.6919 4.9342 4.7488 5.2948 6.9901 2.6306 7.3619 7.0084 4.0306 3.1932 6.8796 2.5372 0.0000 4.7484 7.0512 6.4273 6.8286 7.1309 6.0362 3.9944 5.8250 6.3020 0.6227 4.4985 5.3222 6.7399 9.6344 0.2106 4.2254 7.0523 5.4409 6.6544 7.3294 6.1605 5.6083 4.8713 8.5705 4.8933 4.6229 8.0934 2.8594 5.9686 5.1447 4.1170 6.8356 5.0526 3.9473 5.4279 4.3193
3.1225 5.7257 7.5168 1.9508 6.1369 4.2975 0.5488 6.4633 5.4624 1.4096 5.2562 7.4816 1.9603 1.3810 2.0011 4.2615 0.9485 2.3816 6.2774 6.0075 7.4118 4.3867 6.9000 2.2491 7.0767 4.7484 0.0000 2.6174 6.0130 4.7389 5.6675 3.9628 8.1594 2.9827 1.5789 4.1404 5.2131 4.2993 3.4366 7.9867 4.5434 4.8373 2.4224 4.2755 1.9861 2.8910 6.0760 0.8688 5.1415 6.3864 4.4813 5.5499 3.7458 7.0738 1.3671 1.6564 8.1836 2.1018 5.2183 5.9995 2.0317 2.0319
5.7225 8.0988 9.3112 2.7926 8.5239 6.5953 3.1576 8.0464 8.0560 2.1208 7.7259 9.2932 2.2597 3.9983 4.2239 6.6840 1.7950 2.4812 7.9862 5.1850 7.3564 6.9319 8.5493 2.3715 9.1137 7.0512 2.6174 0.0000 5.7947 6.5462 4.8630 5.9419 9.9146 4.8564 1.9259 6.4871 5.8898 6.5862 1.9816 6.6125 6.8615 5.6009 2.4197 6.5250 2.1838 3.1268 8.3940 1.8776 5.6034 4.9085 6.8914 8.0847 3.7976 8.9362 2.3977 3.7475 9.8839 1.2114 5.5937 7.0938 3.9729 3.0036
7.9119 10.9389 6.2685 4.0629 7.6960 6.1713 6.2945 4.8806 9.7806 4.6986 10.2613 6.3024 7.4176 6.5438 7.8789 9.5362 5.4291 7.8066 5.1661 1.3890 1.5652 9.2325 5.3626 7.6623 6.8307 6.4273 6.0130 5.7947 0.0000 10.6530 1.4314 9.8234 6.6135 8.9469 6.9301 6.2910 1.9981 9.8255 3.8993 3.3610 6.3798 2.2088 7.7892 9.8576 7.3840 8.4698 11.3735 6.2054 1.5637 2.9526 9.7546 10.2547 9.2910 6.1911 7.0888 7.6338 6.4486 6.6924 1.3802 3.2309 8.0242 4.0028
3.5189 2.6162 10.1946 6.6301 7.4698 6.5619 4.3733 9.6654 4.1608 6.1471 2.9056 10.1312 4.3321 4.1676 2.7777 2.2802 5.5609 4.2619 9.3117 10.7440 11.9442 3.1304 9.9293 4.3160 9.3026 6.8286 4.7389 6.5462 10.6530 0.0000 10.4048 0.8579 10.8220 1.7669 4.6204 6.3109 9.5057 1.6431 8.0305 12.7036 6.6487 9.1170 4.3517 1.4912 4.4168 3.8418 2.5981 4.9192 9.5646 11.0689 2.2533 3.5532 3.8460 9.6878 4.1698 3.0844 10.9448 5.3833 9.6782 9.8654 2.7281 6.6618
8.0404 11.0330 7.4831 3.8147 8.5164 6.8076 6.0505 6.0632 10.1084 4.2649 10.4107 7.5086 6.7584 6.4752 7.6427 9.5815 4.9173 7.1098 6.2910 0.3423 2.8209 9.4011 6.5715 6.9721 7.9202 7.1309 5.6675 4.8630 1.4314 10.4048 0.0000 9.6138 7.8821 8.6500 6.2869 6.8814 3.0747 9.7839 2.8836 2.5469 7.0461 3.1411 7.0770 9.7932 6.7108 7.7843 11.4439 5.6601 2.5813 1.6026 9.8053 10.4926 8.5590 7.3472 6.5376 7.3239 7.7348 5.9032 2.4173 4.4631 7.6952 3.8308
2.7178 2.5358 9.3973 5.8204 6.7584 5.7517 3.5659 8.8319 3.7016 5.3718 2.5894 9.3356 3.8036 3.3169 1.9710 1.7272 4.8219 3.8079 8.4853 9.9513 11.0994 2.5467 9.1067 3.8370 8.5338 6.0362 3.9628 5.9419 9.8234 0.8579 9.6138 0.0000 10.0299 1.0860 4.0273 5.5018 8.6512 1.1537 7.3180 11.9477 5.8509 8.2626 3.9021 1.0020 3.8909 3.4998 2.6689 4.2258 8.7154 10.3318 1.7776 3.2082 3.6929 8.8915 3.5443 2.3279 10.1460 4.8242 8.8309 9.0092 2.0072 5.8429
7.3123 9.4992 0.6513 7.1220 3.7265 4.2962 7.9483 1.9235 7.5539 7.8305 8.7393 0.7016 10.1181 7.4236 8.8136 8.7028 8.3984 10.5343 1.9290 7.9551 6.2485 7.9366 1.3941 10.4055 1.6345 3.9944 8.1594 9.9146 6.6135 10.8220 7.8821 10.0299 0.0000 9.7709 9.7274 4.5413 4.8384 9.2949 8.8869 9.9063 4.1795 4.8817 10.5795 9.4192 10.1455 10.9815 9.9438 8.9347 5.3287 9.4842 8.8303 8.3183 11.8006 1.1438 9.5046 8.9501 0.2509 10.0726 5.4782 3.4193 9.2751 6.9111
2.6270 3.4727 9.1251 4.8990 6.7625 5.4800 2.6525 8.4126 4.2413 4.3872 3.3525 9.0697 2.7298 2.6013 1.1007 2.3295 3.7940 2.7650 8.1043 8.9901 10.2813 2.9927 8.7380 2.7817 8.3614 5.8250 2.9827 4.8564 8.9469 1.7669 8.6500 1.0860 9.7709 0.0000 2.9415 5.2403 7.9109 1.9497 6.2696 10.9368 5.6246 7.5225 2.8603 1.8380 2.8174 2.5376 3.6739 3.1631 7.9293 9.3029 2.4664 3.9045 2.8940 8.6273 2.4592 1.3267 9.8628 3.7407 8.0317 8.4070 0.9613 4.9446
4.2141 6.2717 9.0871 3.0741 7.6528 5.8555 1.9253 8.0016 6.4705 2.3085 5.9685 9.0533 0.4892 2.7233 2.4342 4.9082 1.5587 0.9034 7.8341 6.6268 8.4297 5.2725 8.4511 0.7569 8.6549 6.3020 1.5789 1.9259 6.9301 4.6204 6.2869 4.0273 9.7274 2.9415 0.0000 5.6872 6.4794 4.7392 3.5776 8.3267 6.0947 6.1252 0.9124 4.6646 0.4692 1.5437 6.5385 0.8266 6.3247 6.6387 5.1032 6.3904 2.3868 8.6485 0.5165 1.9446 9.7458 0.8207 6.3693 7.4178 2.0998 3.2296
2.7921 5.3595 3.9017 4.0222 2.0371 0.2516 3.7695 3.4227 3.7169 4.4338 4.5927 3.8425 5.9885 3.0693 4.3273 4.3038 4.7165 6.3687 3.0316 7.1321 7.0043 3.6404 3.6322 6.2589 3.1373 0.6227 4.1404 6.4871 6.2910 6.3109 6.8814 5.5018 4.5413 5.2403 5.6872 0.0000 4.4352 4.8505 6.2779 9.4117 0.4122 4.1254 6.4315 4.9608 6.0354 6.7068 5.8220 5.0035 4.7617 8.2661 4.4642 4.3550 7.4723 3.3984 5.3485 4.5275 4.6477 6.2335 4.9378 4.0846 4.8162 3.8400
6.4199 9.4103 4.4134 3.4058 5.7122 4.2868 5.3341 2.9899 8.0601 4.1822 8.6910 4.4369 6.9590 5.3419 6.8106 8.0846 4.9233 7.3824 3.2222 3.1941 2.5986 7.6640 3.5027 7.2361 4.8687 4.4985 5.2131 5.8898 1.9981 9.5057 3.0747 8.6512 4.8384 7.9109 6.4794 4.4352 0.0000 8.4600 4.3758 5.3442 4.4726 0.3889 7.3896 8.5164 6.9485 7.9951 9.8613 5.6682 0.4941 4.6736 8.2923 8.6033 8.8534 4.2738 6.4925 6.6726 4.7078 6.4825 0.6605 1.4400 7.0685 3.2531
2.1145 1.5397 8.6800 5.9731 5.8561 5.1015 3.8113 8.2606 2.5652 5.6608 1.4456 8.6135 4.6080 3.3119 2.3717 0.6375 5.2294 4.6922 7.8807 10.1126 10.9936 1.4875 8.4819 4.6952 7.7418 5.3222 4.2993 6.5862 9.8255 1.6431 9.7839 1.1537 9.2949 1.9497 4.7392 4.8505 8.4600 0.0000 7.7351 12.2116 5.1558 8.0774 4.7878 0.1578 4.6954 4.4864 1.8081 4.7581 8.5885 10.6573 0.6324 2.0553 4.7797 8.1730 4.2276 2.8393 9.4310 5.5588 8.7219 8.6358 2.6398 5.9544
6.3908 9.1542 8.3400 2.2709 8.2502 6.3122 3.9450 6.9649 8.6896 2.1528 8.6518 8.3377 4.0161 4.6278 5.4044 7.6847 2.5112 4.3256 7.0084 3.2037 5.4632 7.7285 7.4928 4.1964 8.3789 6.7399 3.4366 1.9816 3.8993 8.0305 2.8836 7.3180 8.8869 6.2696 3.5776 6.2779 4.3758 7.7351 0.0000 4.7491 6.5841 4.1662 4.2813 7.7079 3.9568 4.9968 9.5112 3.1130 3.9988 3.0656 7.9065 8.8875 5.7308 8.0414 3.9229 4.9945 8.8121 3.0748 3.9456 5.7330 5.3154 2.4409
10.5451 13.5114 9.6009 6.2519 10.9796 9.3281 8.4219 8.2315 12.6475 6.5814 12.9103 9.6386 8.7610 8.9254 9.9871 12.0488 7.1440 9.0545 8.5263 2.2798 3.8529 11.9102 8.7022 8.9302 10.1917 9.6344 7.9867 6.6125 3.3610 12.7036 2.5469 11.9477 9.9063 10.9368 8.3267 9.4117 5.3442 12.2116 4.7491 0.0000 9.5599 5.5059 9.0040 12.2096 8.6993 9.7191 13.9114 7.8242 4.8807 1.7040 12.2734 13.0154 10.4097 9.5449 8.6617 9.6254 9.7252 7.7864 4.6988 6.5759 9.9755 6.2974
3.1338 5.5758 3.5469 4.3449 1.6787 0.2728 4.1791 3.1749 3.8424 4.7913 4.8051 3.4847 6.3992 3.4813 4.7274 4.5901 5.1000 6.7803 2.7611 7.2838 7.0060 3.8879 3.3389 6.6701 2.7405 0.2106 4.5434 6.8615 6.3798 6.6487 7.0461 5.8509 4.1795 5.6246 6.0947 0.4122 4.4726 5.1558 6.5841 9.5599 0.0000 4.1866 6.8428 5.2720 6.4456 7.1188 6.0367 5.4045 4.8306 8.4681 4.7398 4.5199 7.8830 3.0407 5.7593 4.9352 4.2964 6.6329 5.0105 3.9884 5.2198 4.1562
6.0441 9.0410 4.4169 3.0557 5.4915 3.9889 4.9498 2.9887 7.7181 3.8370 8.3258 4.4335 6.6023 4.9530 6.4221 7.7073 4.5725 7.0273 3.1696 3.2980 2.9562 7.2975 3.5144 6.8813 4.7810 4.2254 4.8373 5.6009 2.2088 9.1170 3.1411 8.2626 4.8817 7.5225 6.1252 4.1254 0.3889 8.0774 4.1662 5.5059 4.1866 0.0000 7.0367 8.1326 6.5938 7.6342 9.4906 5.3100 0.6464 4.7210 7.9159 8.2493 8.4936 4.2342 6.1263 6.2865 4.7687 6.1522 0.8290 1.5697 6.6823 2.8957
4.6610 6.3236 9.9356 3.9839 8.3477 6.6149 2.6734 8.8807 6.7969 3.2133 6.1276 9.8992 0.4621 3.3872 2.7015 5.0677 2.4667 0.0956 8.6997 7.4133 9.3037 5.5571 9.3216 0.1745 9.4590 7.0523 2.4224 2.4197 7.7892 4.3517 7.0770 3.9021 10.5795 2.8603 0.9124 6.4315 7.3896 4.7878 4.2813 9.0040 6.8428 7.0367 0.0000 4.6878 0.4480 0.7158 6.5342 1.7365 7.2285 7.3028 5.2399 6.6150 1.5018 9.4877 1.0873 2.2469 10.6056 1.2186 7.2696 8.3274 2.2404 4.1415
2.2060 1.6362 8.8020 5.9796 5.9969 5.2121 3.7976 8.3650 2.7228 5.6479 1.5902 8.7359 4.5197 3.3293 2.3241 0.7895 5.1990 4.5922 7.9889 10.1234 11.0408 1.6396 8.5929 4.5992 7.8717 5.4409 4.2755 6.5250 9.8576 1.4912 9.7932 1.0020 9.4192 1.8380 4.6646 4.9608 8.5164 0.1578 7.7079 12.2096 5.2720 8.1326 4.6878 0.0000 4.6073 4.3702 1.8740 4.7089 8.6367 10.6457 0.7900 2.2063 4.6465 8.2948 4.1555 2.7826 9.5530 5.4827 8.7678 8.7158 2.5652 5.9665
4.3842 6.2350 9.5027 3.5433 7.9727 6.2132 2.2672 8.4382 6.5801 2.7772 5.9871 9.4671 0.0878 3.0153 2.4890 4.9234 2.0278 0.4342 8.2611 7.0493 8.8895 5.3563 8.8816 0.2877 9.0418 6.6544 1.9861 2.1838 7.3840 4.4168 6.7108 3.8909 10.1455 2.8174 0.4692 6.0354 6.9485 4.6954 3.9568 8.6993 6.4456 6.5938 0.4480 4.6073 0.0000 1.0859 6.4735 1.2894 6.7934 7.0037 5.1071 6.4449 1.9201 9.0579 0.6936 2.0107 10.1691 0.9798 6.8374 7.8796 2.0782 3.6982
4.6780 5.9981 10.3330 4.5976 8.5527 6.9063 3.0333 9.3376 6.6751 3.8440 5.8836 10.2925 1.0545 3.6377 2.6618 4.8430 3.0923 0.6747 9.1307 8.1215 9.9731 5.4201 9.7599 0.8130 9.7912 7.3294 2.8910 3.1268 8.4698 3.8418 7.7843 3.4998 10.9815 2.5376 1.5437 6.7068 7.9951 4.4864 4.9968 9.7191 7.1188 7.6342 0.7158 4.3702 1.0859 0.0000 6.1664 2.3290 7.8564 8.0175 4.9942 6.4146 0.8610 9.8716 1.5287 2.2788 11.0211 1.9328 7.9054 8.8748 2.1468 4.7422
3.4640 0.4626 9.3774 7.6595 6.2701 6.0586 5.5699 9.2113 2.4281 7.4090 1.2316 9.3036 6.3858 4.9868 4.1783 1.8632 7.0150 6.4389 8.7911 11.7653 12.4423 2.2138 9.3438 6.4538 8.3216 6.1605 6.0760 8.3940 11.3735 2.5981 11.4439 2.6689 9.9438 3.6739 6.5385 5.8220 9.8613 1.8081 9.5112 13.9114 6.0367 9.4906 6.5342 1.8740 6.4735 6.1664 0.0000 6.5639 10.0462 12.3909 1.6389 1.6486 6.3372 8.8820 6.0294 4.6474 10.1142 7.3564 10.1929 9.8414 4.4392 7.6197
3.8652 6.2506 8.2978 2.2686 7.0050 5.1556 1.3467 7.1896 6.1894 1.5246 5.8545 8.2661 1.2930 2.1975 2.3865 4.8195 0.7776 1.7203 7.0324 6.0023 7.6800 5.0548 7.6452 1.5754 7.9035 5.6083 0.8688 1.8776 6.2054 4.9192 5.6601 4.2258 8.9347 3.1631 0.8266 5.0035 5.6682 4.7581 3.1130 7.8242 5.4045 5.3100 1.7365 4.7089 1.2894 2.3290 6.5639 0.0000 5.5285 6.1652 5.0302 6.2072 3.1856 7.8671 0.8857 1.9319 8.9471 1.2332 5.5802 6.5915 2.2187 2.4152
6.5878 9.6005 4.9075 3.2613 6.1332 4.6300 5.3121 3.4840 8.3262 4.0162 8.8959 4.9310 6.8099 5.3985 6.8335 8.2430 4.7665 7.2274 3.7123 2.7069 2.4053 7.8658 3.9966 7.0807 5.3532 4.8713 5.1415 5.6034 1.5637 9.5646 2.5813 8.7154 5.3287 7.9293 6.3247 4.7617 0.4941 8.5885 3.9988 4.8807 4.8306 0.6464 7.2285 8.6367 6.7934 7.8564 10.0462 5.5285 0.0000 4.1796 8.4552 8.8406 8.7095 4.7662 6.3759 6.6614 5.1951 6.2689 0.1838 1.9204 7.0582 3.1317
9.0935 12.0058 9.0846 4.7642 9.9985 8.2178 6.8481 7.6633 11.2784 4.9978 11.4381 9.1095 7.0668 7.4124 8.3855 10.5350 5.5115 7.3544 7.8832 1.5636 4.0813 10.4595 8.1731 7.2312 9.5013 8.5705 6.3864 4.9085 2.9526 11.0689 1.6026 10.3318 9.4842 9.3029 6.6387 8.2661 4.6736 10.6573 3.0656 1.7040 8.4681 4.7210 7.3028 10.6457 7.0037 8.0175 12.3909 6.1652 4.1796 0.0000 10.7596 11.5898 8.7057 8.9425 6.9878 8.0042 9.3356 6.0847 4.0181 6.0654 8.3431 4.8415
1.8724 1.2490 8.2268 6.0217 5.3191 4.7122 3.9617 7.8869 1.9328 5.7881 0.8903 8.1579 5.0210 3.3504 2.6772 0.2247 5.4274 5.1447 7.4914 10.1273 10.8577 0.9146 8.0784 5.1343 7.2534 4.8933 4.4813 6.8914 9.7546 2.2533 9.8053 1.7776 8.8303 2.4664 5.1032 4.4642 8.2923 0.6324 7.9065 12.2734 4.7398 7.9159 5.2399 0.7900 5.1071 4.9942 1.6389 5.0302 8.4552 10.7596 0.0000 1.4518 5.3422 7.7212 4.5869 3.1643 8.9762 5.9231 8.5973 8.3672 3.0292 5.9808
2.5050 1.2425 7.7634 6.8288 4.6276 4.5770 5.0047 7.6764 0.7795 6.7355 0.6482 7.6884 6.3609 4.2606 3.9629 1.5753 6.4929 6.5208 7.2441 10.7976 11.2016 1.1639 7.7749 6.4984 6.6906 4.6229 5.5499 8.0847 10.2547 3.5532 10.4926 3.2082 8.3183 3.9045 6.3904 4.3550 8.6033 2.0553 8.8875 13.0154 4.5199 8.2493 6.6150 2.2063 6.4449 6.4146 1.6486 6.2072 8.8406 11.5898 1.4518 0.0000 6.7900 7.2731 5.8763 4.4504 8.4945 7.2011 8.9995 8.4323 4.3780 6.7490
5.2870 6.2287 11.1509 5.4531 9.2680 7.6798 3.8610 10.1785 7.1308 4.6942 6.2170 11.1086 1.8998 4.4136 3.2837 5.2181 3.9431 1.4891 9.9630 8.8932 10.8048 5.8776 10.5943 1.6352 10.5789 8.0934 3.7458 3.7976 9.2910 3.8460 8.5590 3.6929 11.8006 2.8940 2.3868 7.4723 8.8534 4.7797 5.7308 10.4097 7.8830 8.4936 1.5018 4.6465 1.9201 0.8610 6.3372 3.1856 8.7095 8.7057 5.3422 6.7900 0.0000 10.6840 2.3879 2.9692 11.8458 2.6594 8.7558 9.7348 2.7574 5.6003
6.1745 8.4321 0.5072 6.1522 2.7719 3.1528 6.8410 1.3148 6.5201 6.8299 7.6668 0.4443 9.0275 6.2944 7.6734 7.5877 7.3628 9.4397 1.0668 7.4641 6.0987 6.8355 0.9043 9.3134 0.8055 2.8594 7.0738 8.9362 6.1911 9.6878 7.3472 8.8915 1.1438 8.6273 8.6485 3.3984 4.2738 8.1730 8.0414 9.5449 3.0407 4.2342 9.4877 8.2948 9.0579 9.8716 8.8820 7.8671 4.7662 8.9425 7.7212 7.2731 10.6840 0.0000 8.4077 7.8169 1.2583 9.0269 4.9337 2.9717 8.1381 5.9400
3.7295 5.7582 8.8592 3.1166 7.2797 5.5296 1.5862 7.8278 5.9666 2.3981 5.4521 8.8216 0.6406 2.3217 1.9181 4.3917 1.6597 1.0330 7.6343 6.8794 8.5565 4.7623 8.2597 0.9132 8.3721 5.9686 1.3671 2.3977 7.0888 4.1698 6.5376 3.5443 9.5046 2.4592 0.5165 5.3485 6.4925 4.2276 3.9229 8.6617 5.7593 6.1263 1.0873 4.1555 0.6936 1.5287 6.0294 0.8857 6.3759 6.9878 4.5869 5.8763 2.3879 8.4077 0.0000 1.4285 9.5351 1.3364 6.4348 7.3470 1.5906 3.2467
2.4223 4.3540 8.2989 3.5780 6.2994 4.7443 1.3515 7.4460 4.5695 3.0629 4.0247 8.2509 1.9301 1.5354 0.4896 2.9660 2.4940 2.1589 7.1805 7.6638 8.9904 3.3476 7.8175 2.1060 7.6552 5.1447 1.6564 3.7475 7.6338 3.0844 7.3239 2.3279 8.9501 1.3267 1.9446 4.5275 6.6726 2.8393 4.9945 9.6254 4.9352 6.2865 2.2469 2.7826 2.0107 2.2788 4.6474 1.9319 6.6614 8.0042 3.1643 4.4504 2.9692 7.8169 1.4285 0.0000 9.0158 2.7619 6.7559 7.2717 0.3967 3.6313
7.4299 9.6673 0.7511 7.0924 3.9218 4.4001 7.9882 1.8523 7.7336 7.8118 8.9049 0.8183 10.1437 7.4852 8.8921 8.8444 8.3947 10.5624 1.9172 7.7993 6.0433 8.0874 1.3356 10.4320 1.8305 4.1170 8.1836 9.8839 6.4486 10.9448 7.7348 10.1460 0.2509 9.8628 9.7458 4.6477 4.7078 9.4310 8.8121 9.7252 4.2964 4.7687 10.6056 9.5530 10.1691 11.0211 10.1142 8.9471 5.1951 9.3356 8.9762 8.4945 11.8458 1.2583 9.5351 9.0158 0.0000 10.0720 5.3402 3.2778 9.3468 6.8824
4.9788 7.0921 9.4434 3.1235 8.2380 6.3817 2.5556 8.2812 7.2614 2.3405 6.7866 9.4155 1.0597 3.3959 3.2514 5.7272 1.6797 1.2744 8.1549 6.2361 8.2308 6.0758 8.7548 1.1608 9.0978 6.8356 2.1018 1.2114 6.6924 5.3833 5.9032 4.8242 10.0726 3.7407 0.8207 6.2335 6.4825 5.5588 3.0748 7.7864 6.6329 6.1522 1.2186 5.4827 0.9798 1.9328 7.3564 1.2332 6.2689 6.0847 5.9231 7.2011 2.6594 9.0269 1.3364 2.7619 10.0720 0.0000 6.2902 7.5426 2.9190 3.3107
6.7322 9.7487 5.0665 3.3182 6.3169 4.8083 5.4049 3.6460 8.4910 4.0617 9.0477 5.0915 6.8561 5.5150 6.9383 8.3841 4.8133 7.2708 3.8827 2.5338 2.2741 8.0173 4.1551 7.1241 5.5277 5.0526 5.2183 5.5937 1.3802 9.6782 2.4173 8.8309 5.4782 8.0317 6.3693 4.9378 0.6605 8.7219 3.9456 4.6988 5.0105 0.8290 7.2696 8.7678 6.8374 7.9054 10.1929 5.5802 0.1838 4.0181 8.5973 8.9995 8.7558 4.9337 6.4348 6.7559 5.3402 6.2902 0.0000 2.0625 7.1524 3.1978
6.5269 9.3801 3.0393 4.4196 4.8791 3.8776 5.9999 1.6570 7.8007 5.2023 8.6257 3.0719 7.8771 5.8082 7.3186 8.1777 5.9017 8.3068 1.9871 4.5440 3.2314 7.6297 2.1318 8.1637 3.6540 3.9473 5.9995 7.0938 3.2309 9.8654 4.4631 9.0092 3.4193 8.4070 7.4178 4.0846 1.4400 8.6358 5.7330 6.5759 3.9884 1.5697 8.3274 8.7158 7.8796 8.8748 9.8414 6.5915 1.9204 6.0654 8.3672 8.4323 9.7348 2.9717 7.3470 7.2717 3.2778 7.5426 2.0625 0.0000 7.6565 4.2327
2.5401 4.1748 8.6244 3.9655 6.5306 5.0398 1.7477 7.8007 4.5644 3.4307 3.9091 8.5747 1.9924 1.8891 0.5263 2.8456 2.8331 2.1470 7.5259 8.0358 9.3857 3.3191 8.1631 2.1204 7.9517 5.4279 2.0317 3.9729 8.0242 2.7281 7.6952 2.0072 9.2751 0.9613 2.0998 4.8162 7.0685 2.6398 5.3154 9.9755 5.2198 6.6823 2.2404 2.5652 2.0782 2.1468 4.4392 2.2187 7.0582 8.3431 3.0292 4.3780 2.7574 8.1381 1.5906 0.3967 9.3468 2.9190 7.1524 7.6565 0.0000 4.0228
4.2578 7.2153 6.3085 0.2122 5.8301 3.8835 2.2931 5.0505 6.4473 0.9705 6.6159 6.2914 3.7069 2.6444 3.8842 5.7565 1.6814 4.1316 4.9826 4.1583 5.3802 5.6246 5.5487 3.9857 6.1566 4.3193 2.0319 3.0036 4.0028 6.6618 3.8308 5.8429 6.9111 4.9446 3.2296 3.8400 3.2531 5.9544 2.4409 6.2974 4.1562 2.8957 4.1415 5.9665 3.6982 4.7422 7.6197 2.4152 3.1317 4.8415 5.9808 6.7490 5.6003 5.9400 3.2467 3.6313 6.8824 3.3107 3.1978 4.2327 4.0228 0.0000
