gen_real_yugocentr_1
56 11 1
G0 70 240 360 2 1
G1 70 480 600 2 1
G2 70 120 240 2 1
G3 70 0 120 2 1
G4 70 480 600 2 1
G5 30 0 120 3 0
G6 20 120 240 3 1
G7 30 600 690 3 0
G8 30 600 690 3 0
G9 70 600 650 2 1
G10 30 600 690 3 0
G11 70 360 480 2 1
G12 80 120 240 1 2
G13 30 0 120 3 0
G14 80 0 120 1 2
G15 70 0 120 2 1
G16 70 0 120 2 1
G17 70 360 480 2 1
G18 20 360 480 3 1
G19 70 240 360 2 1
G20 70 360 480 2 1
G21 30 0 120 3 0
G22 70 240 360 2 1
G23 70 120 240 2 1
G24 30 360 480 3 0
G25 70 120 240 2 1
G26 30 120 240 3 0
G27 30 480 600 3 0
G28 20 600 700 3 1
G29 70 600 650 2 1
G30 80 480 600 1 2
G31 70 120 240 2 1
G32 70 0 120 2 1
G33 30 360 480 3 0
G34 30 120 240 3 0
G35 80 600 640 1 2
G36 30 480 600 3 0
G37 80 120 240 1 2
G38 80 600 640 1 2
G39 30 480 600 3 0
G40 70 0 120 2 1
G41 70 360 480 2 1
G42 70 0 120 2 1
G43 30 480 600 3 0
G44 70 120 240 2 1
G45 20 120 240 3 1
G46 70 240 360 2 1
G47 30 0 120 3 0
G48 30 120 240 3 0
G49 30 0 120 3 0
G50 30 0 120 3 0
G51 20 480 600 3 1
G52 70 0 120 2 1
G53 70 120 240 2 1
G54 30 480 600 3 0
G55 70 120 240 2 1
0 0 7
0 1 3
0 2 3
0 3 3
0 0 3
0 0 3
0 2 2
0 2 2
0 0 7
0 1 2
0 1 3
0.000 11.695 6.467 16.244 12.613 12.123 10.577 6.931 16.204 13.094 6.364 7.036 14.046 9.777 14.942 11.517 9.213 9.308 7.296 7.502 11.237 17.373 11.718 14.830 7.459 12.770 10.398 13.401 11.167 10.654 12.993 6.510 6.304 12.650 8.259 4.942 6.539 9.473 8.899 12.343 7.517 9.733 11.141 6.270 4.517 9.012 8.440 10.724 5.736 9.465 11.501 9.769 11.643 7.246 18.495 12.755 7.913
13.668 0.000 12.996 13.180 17.094 18.188 15.371 8.976 10.063 16.657 17.516 11.981 14.597 17.486 13.681 14.260 9.485 10.117 10.545 9.449 14.161 13.047 18.992 15.670 7.920 15.958 19.593 13.760 16.408 13.462 21.279 16.216 15.017 12.093 13.563 11.736 13.214 15.410 9.183 11.555 7.943 17.055 18.121 14.255 12.027 18.365 8.980 20.067 12.342 10.950 14.766 9.330 14.232 7.768 14.551 12.511 13.270
7.795 12.037 0.000 21.668 15.394 19.040 16.197 8.393 18.762 17.909 9.029 4.836 18.700 14.660 18.238 16.528 10.780 11.738 10.025 5.290 16.442 18.760 13.005 16.260 10.788 16.550 14.784 13.869 13.203 13.618 16.546 9.040 9.506 19.547 13.900 8.518 4.206 16.772 6.648 13.050 12.030 14.955 14.639 4.920 7.840 16.465 9.428 16.181 5.131 10.972 16.335 14.257 17.754 8.308 19.554 19.017 3.341
16.677 14.753 16.352 0.000 13.003 7.841 8.200 15.231 11.124 5.093 15.424 17.914 3.828 16.570 7.718 5.955 10.625 11.372 14.284 17.046 8.336 9.943 16.541 7.500 10.573 9.941 14.919 7.929 13.216 9.487 13.230 14.852 13.919 5.017 12.674 11.745 18.858 8.708 18.110 7.484 12.753 9.479 14.004 17.138 11.439 10.588 12.248 12.477 17.966 9.177 8.530 7.145 4.936 14.152 8.672 5.453 21.629
11.621 17.931 15.887 17.176 0.000 9.137 9.121 13.582 22.613 14.972 8.380 13.800 16.079 3.735 10.811 12.311 13.987 12.675 13.153 16.844 11.687 21.692 3.693 12.183 13.888 10.338 4.877 12.265 5.161 8.977 3.940 8.840 7.096 15.303 7.941 10.938 12.963 7.760 16.248 12.864 14.571 8.166 4.348 14.236 10.154 5.285 14.359 5.462 12.360 10.169 8.428 15.726 11.557 14.119 23.274 15.469 13.008
14.682 15.502 16.863 9.093 11.797 0.000 5.182 17.273 15.586 7.264 11.712 15.909 6.607 11.104 3.399 6.231 11.047 9.252 12.090 18.934 6.143 15.222 10.844 4.628 11.619 4.402 10.030 4.814 8.124 4.975 9.614 13.936 11.467 7.866 7.625 12.208 15.626 5.394 16.029 9.324 12.250 6.565 9.453 13.622 10.220 8.372 11.456 8.045 13.977 10.051 4.273 10.932 5.221 12.159 14.372 7.625 16.716
10.579 14.276 16.551 8.250 9.045 4.592 0.000 15.423 14.500 8.943 9.988 12.928 9.712 7.897 5.303 7.243 8.208 10.037 9.418 13.181 5.209 15.076 8.780 5.974 11.096 3.161 7.693 5.753 5.462 4.526 9.890 11.495 9.311 9.458 5.375 10.075 13.679 4.312 17.106 8.252 10.664 3.945 8.823 12.693 11.393 6.382 11.770 7.837 14.416 7.145 4.139 8.849 8.164 10.490 14.749 8.048 17.753
6.547 10.299 7.581 15.585 14.192 17.897 13.680 0.000 13.382 14.842 9.705 5.448 15.725 12.992 17.474 13.882 9.183 9.554 7.781 4.533 13.221 18.117 14.743 15.808 8.583 12.363 15.931 13.053 12.083 15.319 14.549 11.163 10.573 15.064 11.728 6.389 7.500 16.173 6.031 12.968 6.737 13.977 16.535 7.334 8.448 13.621 7.725 15.790 8.401 10.843 13.712 12.442 15.569 7.285 18.622 14.136 7.428
15.800 10.993 17.715 11.410 20.099 13.463 14.517 15.672 0.000 13.042 20.758 18.566 11.154 22.067 13.111 13.586 9.803 11.492 12.941 17.924 12.614 7.803 18.137 14.700 10.006 13.161 17.388 12.267 17.071 13.094 18.772 18.735 16.315 11.715 17.663 13.028 15.290 14.267 15.027 8.711 11.686 17.579 21.216 18.571 14.505 15.889 11.013 17.636 17.895 12.463 12.928 8.991 12.616 14.270 7.892 10.817 20.505
16.597 15.189 16.844 3.992 14.011 6.052 8.457 18.471 11.948 0.000 14.033 16.555 3.814 14.695 5.548 6.056 10.636 10.060 11.164 16.973 7.051 11.187 12.149 6.378 12.665 8.884 13.614 5.829 12.896 7.402 13.528 13.903 13.962 4.158 9.706 12.002 17.729 7.895 15.920 8.313 13.621 8.856 11.475 14.810 12.988 11.960 11.783 13.142 15.361 9.300 7.952 8.070 5.145 13.574 9.277 4.950 20.404
6.811 14.256 9.183 13.989 7.766 12.356 9.191 12.184 17.248 14.250 0.000 11.907 13.980 6.578 14.469 13.243 12.602 11.376 8.427 11.998 10.737 17.257 6.703 15.822 12.067 10.262 8.044 12.278 7.568 10.811 9.367 4.415 5.285 15.994 7.900 7.985 10.621 9.028 10.530 11.661 11.699 9.577 9.092 9.506 7.319 9.166 11.503 9.225 6.860 11.629 11.577 12.089 13.829 10.272 19.751 12.355 11.178
7.083 12.118 4.868 17.003 16.378 18.519 14.640 5.432 17.385 15.603 11.522 0.000 14.772 15.037 16.490 16.776 10.952 9.300 8.374 4.182 14.764 19.727 14.716 17.897 8.297 16.398 17.132 15.277 13.935 13.920 17.394 9.144 11.001 14.119 11.604 7.117 5.289 15.759 5.071 12.999 9.538 16.476 15.689 5.300 7.114 15.081 10.768 16.356 7.158 11.432 14.193 14.634 16.651 8.041 20.988 15.070 5.810
15.072 13.128 19.111 3.950 12.629 8.668 8.368 16.554 12.231 4.995 13.653 18.109 0.000 15.711 7.103 5.319 8.590 11.368 13.164 15.517 6.592 8.638 14.048 7.394 12.854 9.421 13.292 7.583 11.771 8.083 14.083 15.765 11.492 3.496 9.734 11.868 15.275 9.280 16.033 7.404 12.454 10.341 14.797 18.198 13.420 10.722 12.059 11.619 16.324 9.099 9.290 7.192 4.649 10.333 10.069 4.232 19.436
11.455 16.935 14.838 13.428 3.562 11.072 8.034 15.608 21.706 14.629 7.131 16.414 12.695 0.000 9.463 11.343 10.522 11.840 12.296 14.296 9.762 21.125 3.520 12.683 12.632 9.465 5.349 11.070 6.143 9.930 4.597 8.395 7.805 14.309 7.395 12.625 14.045 7.365 16.780 11.528 14.321 7.206 4.846 12.996 10.449 5.635 12.599 4.141 10.771 10.353 7.721 12.832 13.888 10.924 21.176 13.765 13.756
14.552 16.197 19.244 6.676 9.544 4.014 5.886 17.976 16.045 7.283 12.301 15.810 7.274 9.932 0.000 6.450 10.837 9.662 10.319 15.325 5.660 12.603 10.283 4.273 11.895 4.878 10.671 4.416 7.519 5.521 11.782 12.401 11.879 7.040 8.192 12.098 17.431 5.899 16.893 7.913 13.100 6.428 10.222 16.930 11.582 8.994 10.028 9.738 14.761 8.084 4.903 7.941 5.943 13.128 12.077 7.478 16.385
13.160 14.882 17.368 6.926 11.017 5.923 7.143 16.015 11.465 5.339 11.111 14.682 6.347 12.388 5.478 0.000 8.991 8.907 11.231 16.047 3.782 13.130 13.026 6.901 10.433 5.549 10.469 4.544 9.494 5.789 12.341 14.057 12.365 5.245 9.429 10.064 15.338 6.992 14.537 7.500 10.745 7.828 11.271 16.484 9.251 8.530 10.723 10.182 14.263 7.077 7.389 5.992 4.816 12.128 11.479 4.891 17.867
9.470 8.788 12.283 11.084 11.823 10.622 10.368 8.479 12.141 8.910 11.345 12.490 10.520 12.884 10.873 8.455 0.000 3.311 5.128 12.180 8.915 11.692 13.445 10.812 5.511 9.379 12.966 9.490 10.131 9.701 11.999 9.530 8.912 9.780 9.671 6.750 11.338 7.775 10.117 5.237 6.269 9.665 10.601 11.364 7.038 9.050 4.331 12.433 11.740 4.588 8.991 6.474 9.412 5.232 13.604 8.338 11.152
7.179 10.481 10.320 10.680 12.022 11.625 8.344 10.037 12.103 11.401 11.291 10.155 9.557 13.430 11.633 9.048 3.551 0.000 5.326 9.411 7.721 13.517 12.327 10.039 5.321 8.188 13.845 7.938 9.501 8.542 11.655 11.253 10.849 10.498 9.969 6.219 10.757 10.478 11.103 5.871 5.310 8.528 13.530 11.485 5.764 10.454 3.639 12.630 10.175 4.759 10.975 6.504 10.531 4.813 13.047 9.069 10.948
6.121 8.403 9.720 13.080 11.561 12.453 11.423 8.009 14.232 10.753 9.483 8.284 11.116 11.638 10.718 11.534 6.143 5.641 0.000 9.622 10.252 15.351 14.043 14.027 5.424 10.743 13.133 10.751 9.924 11.081 11.400 8.530 10.165 12.159 8.006 4.026 8.889 10.203 8.333 9.103 5.737 10.455 10.481 7.775 5.312 10.161 4.038 11.422 9.267 5.784 11.463 9.479 12.035 3.927 14.822 10.038 10.445
8.095 12.169 5.010 19.932 17.014 18.789 17.242 4.814 15.353 19.144 9.505 3.886 18.309 15.676 17.541 16.735 11.082 9.247 9.033 0.000 17.042 22.324 17.069 16.276 9.284 13.820 15.506 13.905 15.866 16.875 16.473 11.474 12.534 18.603 13.613 8.697 4.840 16.551 4.557 15.079 9.744 12.851 17.102 5.176 8.988 15.996 10.899 13.219 6.361 11.683 14.525 14.614 16.315 7.277 20.300 18.052 5.287
13.042 12.906 15.855 6.420 10.644 5.278 5.417 12.165 14.317 6.192 11.713 15.458 5.966 12.276 5.094 4.361 7.578 7.736 8.723 15.143 0.000 11.819 9.345 6.299 10.718 5.985 10.160 3.847 9.801 4.620 12.644 13.121 11.264 5.152 7.655 9.139 13.435 4.632 17.776 6.619 10.938 6.556 11.150 12.422 11.147 9.326 10.819 9.106 13.741 7.521 6.114 7.909 5.683 8.917 12.427 6.140 18.251
19.876 14.764 19.336 10.463 18.162 14.147 16.604 15.496 6.936 11.284 20.682 20.971 9.443 22.088 12.844 11.249 14.719 11.664 15.691 20.668 14.201 0.000 17.702 12.662 15.801 15.700 17.407 11.899 20.314 13.350 22.047 19.165 20.667 9.430 18.315 16.850 18.077 15.990 20.508 11.762 14.833 15.297 17.091 22.975 17.165 16.443 15.276 19.520 23.318 14.103 12.772 9.923 12.315 17.307 3.382 8.742 23.207
11.986 19.616 12.822 16.186 3.870 11.134 9.017 14.945 20.897 14.786 8.195 15.460 14.069 3.910 10.536 13.489 13.207 12.617 13.795 14.396 12.130 20.263 0.000 11.712 13.123 9.604 4.820 11.464 4.896 10.251 4.056 8.221 6.255 13.150 6.638 11.780 12.021 7.557 15.017 13.710 13.581 8.412 4.160 13.736 10.098 6.684 13.198 5.084 13.532 9.920 9.693 15.923 13.601 12.995 22.337 11.637 12.864
15.874 18.236 17.484 6.145 11.733 4.783 7.825 15.014 13.582 5.216 13.842 20.336 6.633 12.293 4.435 5.728 10.166 11.665 12.472 16.956 5.588 11.080 12.132 0.000 13.792 7.522 11.737 6.256 8.923 6.191 13.331 13.296 12.769 6.684 10.185 11.848 18.986 6.386 18.776 10.911 12.024 7.509 10.433 16.554 14.050 9.901 12.515 10.311 18.416 11.290 5.900 10.954 5.972 12.922 12.715 7.269 19.060
8.089 8.816 10.132 12.905 15.307 12.780 10.214 8.311 12.422 13.307 10.816 9.024 12.639 11.682 11.600 8.939 5.920 5.265 4.673 8.986 10.632 15.231 12.682 12.939 0.000 9.655 15.790 12.367 12.452 9.270 12.241 10.016 10.610 9.655 11.180 6.546 8.518 11.418 10.912 6.390 3.930 11.577 12.056 8.334 7.148 10.823 4.322 11.075 8.766 5.812 11.504 7.909 12.026 4.963 13.541 8.726 11.062
10.720 14.867 14.100 9.173 8.236 4.578 3.429 12.260 16.302 7.296 11.931 15.202 7.567 7.739 4.644 7.144 8.760 9.146 8.825 14.163 5.257 13.054 8.834 5.694 12.202 0.000 8.645 4.802 6.131 3.885 9.537 10.155 9.282 9.119 6.162 9.172 15.352 4.031 16.741 8.869 10.956 3.906 6.911 14.942 8.708 6.947 9.100 6.703 13.360 8.906 3.638 9.957 6.965 11.582 14.122 8.905 13.924
10.887 19.470 14.449 12.722 4.551 9.474 8.591 15.364 18.868 10.770 7.841 17.118 13.508 5.237 10.249 11.486 12.186 10.679 12.390 16.774 8.571 21.409 4.550 9.797 13.140 7.661 0.000 8.972 5.755 7.433 4.865 8.780 7.236 11.062 6.026 13.511 15.967 7.633 19.657 13.966 12.685 7.980 3.694 14.129 10.048 5.769 11.413 4.493 12.947 11.373 7.044 14.347 12.799 13.986 18.722 13.766 14.207
10.776 14.813 15.293 7.767 9.835 4.646 4.855 15.295 11.399 5.605 13.321 15.400 6.407 10.976 4.546 5.125 8.174 9.115 9.660 16.548 4.039 11.420 10.298 5.546 10.040 5.270 9.230 0.000 9.373 4.689 10.074 13.317 9.827 6.144 7.981 12.662 16.014 4.639 14.562 6.661 10.818 5.730 10.921 12.633 10.300 8.369 10.441 9.030 14.434 6.910 4.657 6.754 5.331 12.638 12.213 6.867 15.009
8.950 17.730 12.067 14.203 5.433 9.366 5.707 14.159 16.836 12.187 7.193 13.460 11.359 5.227 9.388 8.625 10.381 10.128 10.545 14.704 7.700 15.257 6.571 8.564 12.880 7.553 6.068 9.489 0.000 6.399 5.766 8.531 5.514 9.668 3.993 11.285 11.624 6.503 13.477 10.832 13.704 5.080 5.789 13.043 9.728 3.945 10.695 4.405 12.708 9.871 6.983 10.307 10.604 10.047 19.772 12.078 14.207
9.645 12.769 14.972 10.133 9.429 5.347 4.578 13.590 15.261 7.644 10.580 13.281 7.256 10.408 5.234 6.297 7.396 8.455 10.983 13.232 5.096 14.752 10.128 6.074 11.081 3.604 7.957 5.398 7.130 0.000 8.268 11.325 8.787 7.909 6.990 10.834 15.000 3.840 15.695 7.396 10.789 4.494 8.086 15.190 8.821 6.296 10.090 7.419 13.497 8.805 4.036 7.798 6.190 10.259 15.208 8.430 13.815
11.302 18.005 13.925 16.726 3.227 10.950 9.132 17.798 20.257 15.327 8.605 13.979 13.448 3.597 12.171 10.330 13.304 12.088 14.199 14.057 12.142 20.441 3.972 12.233 14.908 8.734 4.785 12.121 5.866 9.480 0.000 9.300 7.668 14.657 7.558 14.070 14.172 8.174 17.421 12.321 13.252 7.510 4.444 11.656 11.686 6.275 14.314 5.017 11.277 10.956 9.705 15.351 13.616 13.587 19.497 11.796 17.178
5.974 14.469 9.466 16.433 7.431 13.377 11.280 11.421 16.173 15.761 4.173 10.344 15.546 7.386 13.923 14.017 11.296 10.335 9.016 10.471 11.408 20.327 8.818 13.691 10.122 10.463 8.710 10.946 6.959 9.731 7.941 0.000 5.072 14.709 7.054 7.626 8.685 9.106 11.140 12.323 9.432 8.792 9.949 9.394 6.459 8.018 10.868 7.787 7.916 10.258 11.742 14.195 12.601 9.393 22.278 14.702 11.200
7.006 14.019 11.093 14.944 7.642 9.853 7.588 10.311 15.136 12.989 4.288 9.861 13.724 6.312 9.590 12.383 8.632 10.688 9.341 10.704 9.598 16.330 6.209 13.604 10.841 10.266 8.499 11.331 7.244 8.831 6.626 4.172 0.000 12.270 6.867 7.327 10.102 7.637 11.619 12.554 12.372 8.020 7.484 10.437 6.734 8.060 8.900 8.144 8.111 10.247 8.513 10.845 11.462 8.940 18.734 14.037 11.456
12.152 14.433 15.124 4.680 11.743 6.484 7.312 16.340 11.113 4.418 13.699 18.696 3.415 13.635 5.911 4.729 7.659 9.106 12.452 18.878 6.296 8.969 12.388 7.515 12.357 7.513 12.167 5.507 9.868 7.958 15.458 13.108 11.683 0.000 10.040 13.268 18.931 7.036 18.792 7.443 9.710 7.811 12.019 16.356 11.646 11.330 10.784 13.237 15.316 9.909 7.710 6.180 4.023 10.849 10.409 4.678 16.513
9.071 15.356 11.469 12.512 7.637 8.961 6.545 13.597 15.883 11.282 7.224 11.854 12.107 5.650 7.596 9.221 8.936 9.507 9.387 13.214 8.652 15.303 6.429 9.236 10.687 6.586 7.413 8.611 4.472 5.761 7.151 8.502 5.947 11.929 0.000 10.125 10.856 6.486 15.696 8.801 10.487 5.464 6.500 13.172 8.069 4.226 9.378 5.771 9.769 7.681 7.235 9.066 9.458 8.633 17.272 9.073 14.140
5.596 11.433 7.787 12.127 10.898 12.843 9.577 7.096 12.070 14.903 9.415 8.850 11.039 10.126 12.760 9.392 7.641 5.537 4.065 7.678 11.339 15.473 13.640 14.784 5.421 11.974 13.327 10.290 8.909 9.049 13.369 8.797 8.381 12.177 9.888 0.000 7.228 9.610 9.302 8.098 6.682 8.710 10.708 6.197 3.662 10.049 6.139 12.972 7.812 7.193 12.197 10.686 11.171 5.042 18.485 11.951 9.261
7.364 13.962 4.428 16.798 15.403 15.117 16.698 6.576 15.625 17.244 9.861 5.312 16.715 15.261 14.506 13.951 11.093 10.620 9.350 5.269 14.986 20.728 14.061 16.201 8.842 13.015 15.709 13.868 14.599 14.609 14.623 10.171 10.310 18.168 11.267 7.461 0.000 13.596 5.795 12.004 10.813 13.585 14.525 4.429 9.468 13.044 11.820 15.864 5.775 9.887 14.134 12.371 18.983 8.365 22.805 16.183 4.535
10.851 16.131 12.922 10.422 10.013 5.017 3.468 15.593 15.396 9.105 9.427 16.111 7.805 7.607 5.280 5.674 8.211 9.099 8.790 13.789 4.749 12.853 9.626 7.766 11.754 3.671 8.918 5.749 6.614 4.024 8.908 9.319 8.021 8.999 5.793 9.393 15.230 0.000 17.885 9.366 10.312 3.589 6.878 12.227 9.388 6.543 10.814 8.060 13.066 8.160 4.753 9.914 6.546 10.401 14.266 7.628 14.135
9.264 10.837 7.126 19.685 17.753 16.656 17.855 4.979 18.349 16.046 12.436 5.057 15.653 14.347 18.070 16.691 9.953 11.331 9.706 5.319 16.356 22.919 15.403 18.978 8.369 17.891 15.026 17.694 16.602 16.764 17.701 10.819 12.622 15.592 13.331 10.206 5.513 17.176 0.000 15.638 8.464 15.793 17.201 6.994 8.263 17.796 10.072 14.804 7.574 10.559 19.442 14.104 15.376 9.084 21.153 14.739 7.290
11.890 9.731 14.809 8.065 15.440 9.096 8.594 13.306 10.420 8.096 11.396 13.161 6.478 12.249 9.528 7.064 4.843 5.317 8.532 11.176 6.844 11.043 12.862 8.201 6.683 7.810 14.664 8.010 10.024 9.386 13.564 10.688 11.784 5.900 11.373 10.126 12.000 9.887 14.298 0.000 7.627 8.466 14.072 11.284 7.701 12.533 7.477 10.397 11.430 6.170 8.639 3.544 6.828 9.450 12.456 5.577 16.751
7.354 8.253 12.367 12.887 15.738 13.769 10.088 6.489 12.612 12.293 9.969 7.981 10.836 13.961 12.857 11.054 5.548 4.952 5.174 10.120 10.338 15.545 12.472 12.275 4.071 10.356 12.315 10.369 10.363 11.011 13.615 10.079 9.162 12.000 11.994 6.182 8.763 10.041 10.169 7.704 0.000 10.553 12.861 8.945 6.728 12.208 4.709 15.158 9.855 7.008 12.361 7.917 10.730 5.074 15.650 9.822 10.650
11.661 15.227 15.869 9.781 9.260 5.880 4.279 14.517 13.423 9.470 9.453 16.312 10.069 7.306 5.344 7.676 9.601 8.371 8.637 14.863 5.940 13.332 7.305 6.693 9.404 3.805 7.637 5.882 6.180 4.055 7.036 8.902 7.990 8.288 4.848 10.282 13.041 4.041 17.690 9.916 10.564 0.000 6.243 15.093 9.507 5.973 10.585 5.868 13.343 8.917 5.032 8.781 8.753 9.190 16.472 8.383 15.962
9.864 16.728 17.197 12.688 4.711 10.317 7.696 16.548 20.063 10.944 9.583 16.813 11.730 4.307 10.823 12.628 10.517 13.919 12.573 16.573 10.724 21.935 4.517 12.345 14.410 9.222 4.305 10.710 4.874 7.488 4.596 9.914 7.077 12.742 6.502 11.565 15.597 8.636 18.398 11.666 14.945 6.725 0.000 12.341 11.111 4.582 13.716 3.591 13.739 12.270 7.196 11.906 11.713 13.896 21.808 12.239 13.582
6.707 11.699 5.113 16.872 15.041 13.523 15.184 6.922 19.182 17.860 8.251 5.554 14.300 14.130 17.156 16.384 10.963 11.353 8.276 5.109 15.998 20.847 12.038 17.745 9.752 13.519 15.829 12.819 11.881 12.551 13.503 9.176 10.489 15.810 11.827 6.927 3.829 12.627 7.389 14.259 8.781 13.216 13.499 0.000 6.965 12.673 9.973 12.019 4.539 12.109 12.853 13.200 15.209 7.693 19.037 15.238 5.928
5.196 10.261 9.433 12.984 10.764 13.455 8.982 7.324 12.835 11.556 9.212 7.226 12.619 12.388 10.358 9.675 5.862 5.395 5.032 7.834 8.656 16.256 10.810 12.817 6.497 10.493 10.459 10.103 9.391 9.553 12.746 6.782 7.574 13.467 8.658 4.052 7.152 9.376 10.456 10.210 6.772 9.696 11.656 6.605 0.000 10.179 5.904 11.499 7.599 6.514 10.454 8.259 10.467 5.372 18.716 11.002 8.629
10.556 17.588 14.143 10.574 6.502 8.367 6.131 14.899 14.710 11.628 8.814 14.699 12.963 6.511 7.331 7.980 9.151 10.027 10.625 14.726 7.485 18.799 5.923 8.538 10.604 5.439 4.713 8.338 3.657 5.772 5.978 8.850 8.057 9.171 4.370 9.473 13.966 5.998 17.849 11.984 11.363 5.962 5.243 12.633 10.367 0.000 10.240 4.004 12.832 10.258 6.203 12.774 9.346 11.410 19.645 9.239 16.005
7.840 8.080 11.165 11.850 13.379 11.167 10.375 7.956 12.217 12.310 9.652 10.280 9.546 10.952 11.015 9.287 4.051 4.512 5.242 8.649 9.518 13.519 11.907 13.513 4.299 11.297 11.541 8.725 9.309 9.930 12.776 8.808 8.588 11.190 10.836 6.038 11.845 10.873 10.284 7.239 3.906 9.581 13.283 10.963 5.901 11.470 0.000 11.484 9.833 5.740 10.775 6.623 11.553 4.206 14.743 8.196 10.650
10.333 17.561 15.837 12.250 5.724 7.751 6.013 14.989 19.211 11.797 8.102 16.905 11.708 4.842 8.187 10.882 11.094 12.720 13.368 15.995 9.423 20.490 4.444 9.239 12.282 6.425 3.608 9.067 4.705 6.634 5.184 9.058 7.450 11.444 5.063 11.331 15.726 6.717 17.413 13.206 14.858 5.490 4.823 11.373 10.512 4.374 11.146 0.000 11.941 9.974 6.549 12.516 11.879 10.360 20.386 12.878 17.116
5.222 15.834 6.708 16.185 12.808 17.047 14.962 8.880 16.327 16.990 7.008 7.039 17.683 12.217 14.670 14.805 9.830 9.416 8.406 6.635 15.326 21.679 10.384 15.192 9.816 14.629 11.665 12.683 11.359 11.963 11.697 7.456 9.343 15.427 10.243 7.201 4.850 14.233 8.986 12.566 10.232 11.098 13.762 5.284 8.146 11.214 10.378 11.029 0.000 9.946 13.231 12.121 14.845 8.665 18.619 15.543 5.932
8.151 10.498 13.117 8.965 10.119 9.873 8.182 9.367 11.665 9.708 10.212 11.037 9.135 11.219 9.673 7.783 4.954 4.562 6.154 11.383 8.181 12.423 10.227 10.260 5.792 7.231 10.994 8.449 10.454 7.464 10.422 10.534 8.233 8.170 9.060 6.309 12.290 6.767 11.867 5.747 6.240 7.657 12.584 9.888 5.750 9.140 5.909 10.904 10.086 0.000 10.291 6.052 9.778 5.783 11.702 7.705 12.079
11.919 16.096 18.493 8.357 10.273 4.566 3.874 13.470 14.792 8.371 12.573 17.653 9.707 8.415 4.136 6.676 9.991 9.469 10.497 15.928 6.136 15.571 7.962 5.571 11.529 3.953 8.938 4.826 7.974 4.693 10.089 10.615 8.986 7.023 7.054 9.914 15.601 3.987 19.231 8.669 10.502 4.408 8.838 13.613 10.000 5.547 9.492 7.412 13.988 9.305 0.000 10.106 7.434 12.717 13.551 7.526 15.236
10.042 10.694 14.801 7.730 14.080 10.087 10.012 12.031 10.157 7.917 13.655 14.975 6.632 12.208 8.275 7.021 5.647 6.708 7.133 11.817 7.321 10.721 14.599 10.762 6.777 9.215 12.122 8.796 13.103 9.227 12.061 11.291 12.075 7.889 9.477 8.888 15.758 10.037 13.471 3.505 8.587 8.496 11.885 13.378 8.657 9.947 7.685 14.129 11.652 5.551 9.998 0.000 6.554 8.676 11.699 6.794 13.042
13.124 16.497 16.131 4.849 13.406 5.933 7.681 14.019 12.393 4.145 13.798 18.851 5.812 11.921 5.370 4.984 9.464 10.894 12.444 18.234 5.460 9.866 11.690 4.786 11.899 7.863 12.121 5.143 10.125 5.612 12.611 12.676 11.236 4.103 10.399 12.935 16.349 6.158 16.959 7.193 10.921 8.241 11.597 13.580 12.992 9.077 10.692 10.332 15.664 8.882 7.075 8.727 0.000 11.466 12.775 5.611 17.628
7.444 8.003 9.725 14.806 14.266 12.710 10.160 6.508 10.901 11.148 10.378 9.227 12.061 13.245 10.442 12.079 5.798 4.988 3.703 8.021 10.895 13.095 11.036 15.021 4.225 10.946 13.946 11.992 9.996 9.808 12.405 9.846 8.022 11.020 10.681 4.730 8.446 9.559 9.878 9.136 4.938 9.575 11.872 6.987 5.791 10.931 4.875 13.966 9.304 5.454 10.738 8.374 12.836 0.000 17.260 10.226 9.646
17.374 14.769 18.679 8.652 19.059 15.972 15.115 18.123 6.965 9.271 20.454 17.467 10.256 17.779 13.578 11.271 14.634 14.119 13.207 17.372 11.076 3.344 17.402 11.641 15.702 16.481 18.042 14.032 19.671 13.677 20.235 16.837 19.222 11.227 14.896 14.369 21.550 13.693 18.638 12.008 12.087 16.131 20.439 18.355 14.707 17.677 15.154 15.870 19.041 15.187 12.900 9.314 10.804 13.229 0.000 8.763 23.658
13.003 13.165 18.955 5.565 15.220 7.835 8.425 16.165 11.231 5.623 13.770 17.015 4.449 12.632 7.242 5.426 7.105 9.436 11.949 16.339 5.498 8.920 12.815 6.121 9.730 6.954 14.225 6.419 10.539 8.493 13.222 11.821 13.449 3.740 9.181 11.690 15.102 8.095 15.978 5.617 10.782 8.413 11.739 13.960 9.484 12.176 8.820 10.864 15.542 9.000 8.736 5.475 5.802 10.252 10.746 0.000 17.594
6.683 13.454 4.094 20.947 16.876 19.324 16.662 8.723 19.256 20.001 10.109 5.031 19.986 12.608 17.607 17.532 13.654 12.633 10.974 5.147 16.146 23.567 12.994 19.185 10.971 17.771 13.588 17.467 13.347 13.826 16.813 11.117 11.900 18.669 13.204 8.004 4.171 15.707 6.355 14.579 10.746 15.628 14.303 5.821 9.618 13.243 10.849 16.452 5.692 10.777 15.939 17.189 17.235 10.434 21.938 19.612 0.000
0.0000 8.1210 3.8594 11.7720 8.5790 8.5551 7.2119 4.1662 11.8520 9.4133 3.7240 4.1297 10.0610 6.6081 10.5360 8.0100 5.8243 5.7816 4.1146 4.4607 7.7412 12.9612 7.9605 10.6417 4.5732 8.7227 7.1590 9.3012 7.3549 7.2394 8.9168 3.6230 3.6911 8.9889 5.3243 2.4847 3.7500 6.4233 5.6462 8.3572 4.6789 6.5521 7.6135 3.3244 2.2211 6.0317 5.1580 7.2670 2.9696 5.8937 7.9878 6.6643 8.2541 4.1092 13.8132 8.9829 4.8084
9.4908 0.0000 9.1846 9.4817 12.7870 13.3400 11.1854 5.7893 6.5827 12.0264 12.7823 8.2009 10.4078 13.0419 9.9873 10.1240 6.1682 6.5367 6.8663 6.4199 10.1092 9.2625 14.1944 11.5114 4.8796 11.5912 14.6410 9.9052 12.0447 9.7126 15.9485 11.7326 10.8779 8.6011 9.8479 7.8231 9.2699 11.1539 6.1823 7.6809 4.7909 12.3898 13.5231 9.9508 8.1432 13.5079 5.6881 14.8865 8.7970 7.3378 10.8024 6.1938 10.2434 4.9883 10.3795 8.7891 9.4184
4.6517 8.5067 0.0000 16.2532 11.0702 14.0932 11.7734 4.9623 14.0202 13.3790 5.9534 2.3198 13.9289 10.5176 13.4931 12.1222 7.4801 8.0660 6.5899 2.6704 12.0071 14.2781 9.3510 12.1478 7.2537 12.0417 10.7429 10.1715 9.4059 9.8830 11.9656 5.8974 6.4024 14.4959 9.8255 5.4088 1.5787 12.1588 3.7187 9.3834 8.1156 10.8008 10.5883 2.2770 5.0311 11.8302 6.3902 11.6748 2.7335 7.6073 11.9872 10.2883 13.1626 5.4143 14.8987 14.0229 1.1219
12.0859 10.6133 12.2661 0.0000 9.4043 4.8620 5.3438 11.1963 7.5320 2.2258 11.2700 13.3312 1.5595 11.9263 4.6492 3.3035 7.0902 7.6880 9.9943 12.6796 4.9180 6.4230 11.9373 4.3564 7.3610 6.4113 10.6222 4.6996 9.2358 6.0361 9.5560 10.7908 9.9884 2.3167 8.7483 8.3385 14.0774 5.6250 13.5465 4.6300 8.8980 6.2704 9.9967 12.7061 8.0908 7.3391 8.4244 8.7933 13.3187 6.1042 5.4678 4.3889 2.5506 9.9692 5.5674 2.7549 16.2639
7.9048 13.4133 11.4247 12.4218 0.0000 6.0943 5.7759 9.8697 17.0611 10.6621 5.1139 9.9713 11.5282 1.2902 7.2951 8.5415 9.8181 8.8996 9.1870 12.2097 7.9492 16.4119 1.1380 8.4185 9.9057 6.6250 2.2454 8.3014 2.7402 5.8376 1.3889 5.4876 4.1967 10.8840 4.5846 7.5733 9.2699 4.9707 11.9508 9.1533 10.4512 5.0735 1.8557 10.0659 6.9266 2.8841 10.1478 2.6706 8.5294 7.0021 5.4493 11.2413 8.0850 9.9446 17.6039 11.0000 9.3793
10.3610 11.3696 12.4823 5.6382 7.8687 0.0000 2.5709 12.6337 11.2584 4.2007 8.1733 11.7176 4.0080 7.3340 1.2562 3.4350 7.3777 6.2402 8.3481 13.9564 3.1781 10.8910 7.1992 2.1453 8.1022 2.1276 6.4115 2.2868 5.0452 2.4703 6.3796 9.6708 7.7518 4.6537 4.6747 8.5004 11.5017 2.7156 11.9259 6.0660 8.5885 3.5026 6.0976 9.9353 7.0411 5.0444 7.8676 5.0324 10.1291 6.5585 1.8147 7.1478 2.7957 8.4843 10.2635 4.6135 12.4075
7.2135 10.3882 12.0308 5.3763 5.7282 2.2781 0.0000 11.0842 10.5075 5.5738 6.6759 9.3509 6.1786 4.9186 2.7085 4.1417 5.3196 6.5666 6.2958 9.5468 2.7363 10.9142 5.5206 3.4274 7.5582 1.0405 4.6183 2.9200 3.0217 1.8061 6.2399 7.6185 5.9239 5.8742 2.8644 6.7798 9.8731 1.5189 12.5442 5.3108 7.3201 1.4622 5.3367 9.0532 7.5407 3.3627 7.8649 4.4905 10.1807 4.4640 1.6777 5.7448 4.7891 7.1129 10.6682 5.0165 12.9497
3.9351 6.6428 4.4823 11.4565 10.3132 13.0897 9.8315 0.0000 9.6508 10.8791 6.6352 2.7673 11.4539 9.4089 12.7498 9.9486 5.9746 6.1069 4.6417 2.2088 9.4563 13.4807 10.7054 11.6548 5.1393 8.8832 11.6293 9.4013 8.6134 10.9481 10.6171 7.5169 7.2293 10.9178 8.2550 3.7230 4.3086 11.5677 3.0260 8.9206 4.0246 9.9882 12.0294 4.1708 5.1224 9.7734 4.7750 11.4241 5.2298 7.1434 9.9506 8.5950 11.3216 4.2044 13.8830 10.1521 4.4652
11.5567 7.1911 13.2379 7.7259 15.1640 9.7249 10.5192 11.3025 0.0000 9.0039 15.5340 13.6888 7.5209 16.6022 9.3993 9.3811 6.6396 7.8299 9.0700 13.1847 8.8448 4.6338 13.6696 10.5379 6.8405 9.5055 13.0558 8.6745 12.6364 9.3873 14.1712 13.9402 12.0934 7.9407 12.9547 9.2929 11.3745 10.2825 11.0545 5.6731 7.9455 12.7633 15.9301 13.7512 10.3868 11.7494 7.5322 13.1574 13.3435 8.5992 9.3726 5.7910 8.7800 9.9965 4.7861 7.2362 15.3606
11.9312 10.9663 12.5837 1.7444 9.9776 3.5001 5.2707 13.5393 8.2488 0.0000 10.1441 12.2748 1.6067 10.4049 3.0701 3.0733 7.0370 6.7474 7.7529 12.5827 3.8541 7.4934 8.6296 3.3459 8.7818 5.4592 9.5081 3.1747 8.8133 4.4741 9.6165 9.9902 9.8817 1.7771 6.5404 8.4544 13.1768 4.8689 11.8800 5.1242 9.4755 5.6385 8.0408 10.9247 9.0990 8.0851 8.0563 9.0666 11.3164 6.0980 4.8331 4.9600 2.2123 9.5038 6.1873 2.4408 15.2831
3.9854 10.4034 6.0548 10.2214 4.7395 8.6229 6.1436 8.3299 12.9068 10.3012 0.0000 7.9724 10.1161 3.9852 10.1308 9.2981 8.5494 7.6753 5.5175 8.0969 7.4316 13.0460 4.0912 11.2970 8.2156 6.8976 5.1344 8.5198 4.6009 7.2776 5.8447 1.7151 2.4588 11.4845 4.7955 5.0640 6.9189 6.0319 7.3217 8.1891 8.0324 6.2896 5.7043 6.0342 4.5277 5.7566 7.7666 5.7874 4.0493 7.7289 7.9056 8.5394 9.8484 6.7892 14.9375 8.8307 7.4141
4.1572 8.2946 2.3354 12.6532 11.8342 13.6402 10.5892 2.7592 12.8177 11.5691 7.7144 0.0000 10.9062 10.8334 12.1304 12.1892 7.4109 6.2129 5.2868 1.4264 10.6900 14.8830 10.6283 13.2998 5.3505 11.8666 12.4750 11.1207 9.9263 10.0354 12.6315 6.0363 7.4450 10.3755 8.1817 4.3269 2.3974 11.3579 2.4285 9.1883 6.1659 11.8428 11.3770 2.5253 4.4239 10.8266 7.0473 11.8140 4.0862 7.7606 10.3661 10.3849 12.2495 4.9933 15.8564 10.9968 2.8985
10.7957 9.3604 14.2349 1.6091 9.0546 5.2578 5.3232 12.0578 8.2472 2.1044 9.8791 13.3704 0.0000 11.2030 4.1594 2.7030 5.5781 7.5010 9.0507 11.4519 3.6731 5.6461 10.0486 4.2353 8.7941 5.9179 9.3742 4.2855 8.1118 4.9825 10.0868 11.3314 8.1462 1.2964 6.6052 8.3005 11.3163 5.8311 11.9091 4.3757 8.5447 6.6865 10.4612 13.3787 9.3434 7.3259 8.1272 8.0954 11.9996 5.8799 5.8208 4.2191 2.2208 7.1630 6.5557 1.8334 14.5170
7.7419 12.6309 10.6456 9.6647 1.2302 7.3129 5.0040 11.3029 16.3307 10.3581 4.3204 11.8258 9.0525 0.0000 6.3263 7.8072 7.3328 8.2554 8.5302 10.3327 6.5760 15.9410 1.1376 8.7028 8.9597 5.9736 2.3821 7.4186 3.1062 6.3667 1.7421 5.1621 4.5363 10.1154 4.1348 8.6817 10.0159 4.6441 12.3111 8.1500 10.2186 4.3904 1.9536 9.1582 7.0712 2.9529 8.8472 1.9120 7.4070 7.0670 4.9262 9.1173 9.6475 7.6469 15.9750 9.7273 9.8976
10.2610 11.8237 14.2370 4.0212 6.4399 1.4834 3.0063 13.1165 11.5028 4.0299 8.6127 11.6303 4.2594 6.6395 0.0000 3.3605 7.1637 6.4593 7.0898 11.2807 2.7537 8.9403 6.9084 1.8793 8.2432 2.4124 6.9406 1.9221 4.7377 2.7312 7.9175 8.6286 8.0626 3.9958 5.0760 8.3962 12.8219 3.0050 12.5488 5.0572 9.1280 3.5008 6.6965 12.3398 7.9560 5.5252 6.8384 6.2024 10.6996 5.2208 2.2427 5.1005 2.9665 9.1174 8.5502 4.3655 12.1566
9.1528 10.5649 12.7378 3.8423 7.6439 3.2652 4.0846 11.4769 7.9165 2.7090 7.8008 10.6679 3.2256 8.5260 2.8542 0.0000 5.5481 5.6127 7.4431 11.6597 1.5491 9.0101 9.0075 3.7718 6.9339 3.0979 7.1060 2.0372 6.1985 3.0885 8.5547 9.7797 8.4247 2.4340 5.9951 6.8024 11.1735 3.8849 10.6613 4.2358 7.1857 4.5906 7.6697 11.8877 6.1961 5.5014 6.9678 6.7784 10.2638 4.2655 4.1761 3.4084 2.0897 8.1436 7.8664 2.2557 13.1486
5.9869 5.7152 8.5228 7.3968 8.2995 7.0934 6.7200 5.5167 8.2230 5.8948 7.6965 8.4512 6.8312 8.9792 7.1874 5.2174 0.0000 1.1806 2.6339 8.2273 5.5125 8.2210 9.4150 7.3147 2.7563 6.0490 9.0478 6.0219 6.7600 6.1286 8.4499 6.3459 5.8637 6.2491 6.2492 3.8349 7.7650 4.9568 6.9463 2.7016 3.2364 6.2254 7.3798 7.6429 4.0031 6.0581 1.9222 8.5221 7.9667 1.9239 5.9337 3.4491 6.0923 2.7919 9.5867 5.1660 7.7887
4.4590 6.7719 7.0919 7.2197 8.4411 7.8403 5.4592 6.4157 8.2461 7.6466 7.6180 6.7838 6.3057 9.3638 7.7776 5.7016 1.2661 0.0000 2.5612 6.2751 4.8647 9.5664 8.6358 6.8608 2.4894 5.3362 9.6778 5.1162 6.3528 5.4648 8.2129 7.4428 7.1054 6.8278 6.4600 3.4014 7.2863 6.7536 7.5390 3.1892 2.6025 5.5394 9.4320 7.6262 3.1753 7.0214 1.4393 8.6757 6.8330 2.0819 7.3118 3.6220 6.9226 2.4234 9.2548 5.7430 7.5771
3.4519 5.4717 6.3893 9.1519 8.0751 8.5988 7.6357 4.7777 9.9750 7.4670 6.2088 5.2298 7.6426 8.0739 7.3639 7.6433 3.1554 2.7127 0.0000 6.0647 6.7578 11.1163 9.7890 9.8284 2.4810 7.1719 9.1785 7.1942 6.6326 7.3053 8.0034 5.4382 6.4786 8.2707 5.1974 1.7263 5.7189 6.7461 5.4205 5.5763 2.7974 6.9191 7.2939 4.8513 2.4403 6.8498 1.7804 7.8488 5.9034 3.0206 7.8058 5.8867 8.2198 1.4334 10.7538 6.7114 6.9380
4.8134 8.2685 2.5291 14.8266 12.3334 13.8497 12.4878 2.3455 11.2936 14.1921 6.4147 1.3253 13.5118 11.3301 12.9117 12.1593 7.4857 6.1654 5.6936 0.0000 12.3441 16.8214 12.3667 12.0997 5.9569 10.0135 11.3195 10.1272 11.3346 12.1793 11.9984 7.6368 8.5329 13.6664 9.6249 5.2952 2.3436 11.9438 2.0593 10.6438 6.2623 9.2519 12.4360 2.5978 5.6079 11.5114 7.1113 9.5732 3.7244 7.9276 10.6201 10.3552 12.0025 4.5037 15.3195 13.1666 2.7507
8.9851 9.2130 11.5790 3.7877 7.2400 2.7306 2.8455 8.7008 10.0389 3.3846 8.1075 11.1924 3.3242 8.2694 2.4783 1.7862 4.6857 4.8744 5.7502 10.9688 0.0000 8.2610 6.3311 3.3990 7.1288 3.0341 6.7279 1.4319 6.1832 2.1779 8.5905 8.9938 7.5251 2.7109 4.6740 6.1299 9.7421 2.3281 13.0113 3.8683 7.3285 3.5714 7.4067 8.9095 7.3880 5.7886 7.0289 5.8854 9.8162 4.4952 3.1874 4.6721 2.7109 5.9652 8.6761 3.2297 13.3760
14.8286 10.4811 14.7165 6.7591 13.7411 10.1215 12.0204 11.5302 4.1188 7.5580 15.6355 15.8219 6.1723 16.6679 9.1109 7.7197 10.3489 8.2553 11.3628 15.5736 9.9263 0.0000 13.3784 8.9151 11.2985 11.3238 13.0830 8.3630 15.0965 9.5679 16.6777 14.4267 15.4767 6.2558 13.5105 12.3527 13.7091 11.5248 15.4773 7.9264 10.5880 11.1201 12.8549 17.3514 12.5930 12.1888 10.8851 14.5897 17.6701 9.9995 9.2156 6.6269 8.4228 12.5544 1.1541 5.7805 17.6962
8.1421 14.6606 9.2195 11.6809 1.1925 7.3914 5.6693 10.8514 15.7497 10.5024 5.0020 11.1655 10.0640 1.2635 7.0783 9.3279 9.2484 8.8387 9.6164 10.4302 8.2177 15.3144 0.0000 8.0654 9.3441 6.1141 2.1631 7.7266 2.5533 6.6269 1.4253 5.0980 3.6864 9.3285 3.7896 8.1415 8.5940 4.8086 11.0405 9.7322 9.7257 5.1837 1.7107 9.7080 6.8738 3.5875 9.3090 2.4215 9.3366 6.8112 6.2290 11.3566 9.4859 9.1369 16.8769 8.2540 9.2747
11.3908 13.3962 13.0622 3.5693 8.1076 2.2171 4.4893 11.0696 9.7360 2.7360 9.8831 15.1116 3.7995 8.4350 1.9503 3.1306 6.8775 7.9724 8.7390 12.6054 3.0150 7.8018 8.3545 0.0000 9.7128 4.2410 7.8642 3.1838 5.8667 3.4912 9.1744 9.4464 8.8951 3.7533 6.6267 8.3808 14.1136 3.6650 14.0659 7.1109 8.5030 4.4824 7.0373 12.2101 9.8610 6.3844 8.6971 6.8130 13.5259 7.5166 3.1582 7.1552 2.9479 9.1327 8.9273 4.2676 14.2750
4.9598 5.4312 6.8122 8.9846 10.9176 8.9122 6.9574 4.9767 8.4923 9.2273 7.3637 5.8191 8.6463 8.2854 8.0392 5.9411 2.9612 2.4633 2.1376 5.7662 7.0718 10.8911 9.0299 9.1120 0.0000 6.5617 11.2491 8.3533 8.5598 6.2223 8.7634 6.6919 7.0813 6.5431 7.5082 3.4559 5.6308 7.6983 7.1341 3.8136 1.3511 7.8369 8.5639 5.3966 3.9438 7.4791 1.6909 7.7811 5.8139 3.1552 7.9456 4.7758 8.2283 2.1856 9.7082 5.7987 7.5011
7.3228 10.7984 10.2593 5.9159 5.2783 2.2127 1.1285 8.8090 11.7742 4.4832 8.0194 11.0012 4.7536 4.8843 2.2966 3.9887 5.6498 5.9603 5.8911 10.2617 2.6647 9.4153 5.6243 3.2105 8.2924 0.0000 5.2769 2.3367 3.4724 1.4315 6.0914 6.7663 5.9514 5.5803 3.3595 6.1714 11.0911 1.3461 12.2777 5.6576 7.5029 1.5576 4.2472 10.6696 5.7667 3.7742 6.0634 3.9237 9.4536 5.5350 1.4384 6.4089 4.0020 7.8440 10.1758 5.4719 10.1667
7.4956 14.5491 10.4990 9.0580 2.0953 6.0560 5.1578 11.2158 14.1672 7.5217 5.0050 12.4647 9.5270 2.3321 6.6658 7.7958 8.5038 7.4649 8.6586 12.2450 5.6757 16.0904 2.0417 6.5644 9.3612 4.6763 0.0000 5.8884 2.8906 4.6445 2.1023 5.6435 4.4350 7.7292 3.3678 9.3932 11.5380 4.6728 14.5379 9.8358 9.0877 4.6963 1.2842 10.1020 6.8858 2.8537 8.0464 1.8208 9.0831 7.7727 4.3222 10.1530 8.7498 9.8619 14.0644 9.6315 10.3509
7.4794 10.6630 11.2155 4.6037 6.6566 2.2069 2.4640 11.0167 8.0608 3.0526 9.2434 11.2104 3.6210 7.3558 1.9786 2.2975 5.1871 5.8747 6.4639 12.0522 1.5034 8.0264 6.9406 2.8221 6.7814 2.5645 6.0580 0.0000 5.8808 2.1478 6.8040 9.1614 6.5865 3.3058 4.8668 8.5943 11.6665 2.2679 10.7134 4.0379 7.3557 3.0650 7.1997 9.1081 6.9106 5.1455 6.9082 5.7846 10.3572 4.2544 2.2808 4.1283 2.5180 8.5699 8.5714 3.7533 11.0434
5.8949 13.0149 8.5966 9.9259 2.8844 5.8164 3.1568 10.0936 12.4627 8.3293 4.3730 9.5877 7.8276 2.6427 5.9152 5.6309 6.9266 6.7722 7.0476 10.5045 4.8581 11.3383 3.4269 5.6305 8.8545 4.2778 3.0479 5.9530 0.0000 3.7090 3.0882 5.1667 3.0697 6.5778 1.6726 7.4941 8.2156 3.6571 9.7870 7.3580 9.4975 2.6656 2.8439 9.0851 6.3189 1.4988 7.2413 1.9017 8.6645 6.3777 4.0848 7.0519 7.0437 6.8065 14.6904 8.2038 10.1597
6.5536 9.2123 10.8654 6.4473 6.1314 2.6551 1.8268 9.7129 10.9414 4.6210 7.1223 9.5753 4.4730 6.6736 2.5895 3.3599 4.6720 5.4094 7.2407 9.5501 2.4021 10.5731 6.5476 3.4253 7.4382 1.3279 4.9717 2.4724 4.1331 0.0000 5.3667 7.5465 5.6434 4.7273 3.8671 7.2194 10.8047 1.3330 11.4683 4.6022 7.3024 1.9388 5.0755 10.8090 5.7822 3.5405 6.6244 4.4619 9.5275 5.3346 1.7760 4.9041 3.4658 6.8711 10.8907 5.0434 10.0623
7.7566 13.4944 10.0707 12.0809 1.1375 7.2658 5.7618 12.9880 15.2922 10.8952 5.3689 10.1518 9.6320 1.3632 8.1792 7.1611 9.3695 8.5181 9.9682 10.2384 8.2495 15.4630 1.3958 8.4191 10.6726 5.5784 2.0674 8.1867 3.1418 6.1533 0.0000 5.8845 4.6419 10.4136 4.4021 9.8039 10.1948 5.2241 12.8635 8.7789 9.5383 4.6554 1.7957 8.2962 8.0295 3.4147 10.1548 2.4136 7.8504 7.5732 6.2410 10.9868 9.5079 9.6164 14.7434 8.3838 12.4547
3.3247 10.4689 6.1751 11.9390 4.6126 9.2827 7.4761 7.6910 12.0338 11.3247 1.6210 6.8282 11.1739 4.5418 9.6875 9.7519 7.5219 6.8351 5.7478 6.9697 7.8195 15.3008 5.4683 9.7270 6.7630 6.9719 5.5984 7.5303 4.2148 6.4846 5.0246 0.0000 2.2337 10.4853 4.2229 4.6765 5.5801 6.0248 7.6652 8.5489 6.3646 5.7180 6.2958 5.8488 3.8372 5.0177 7.1902 4.9013 4.5746 6.6728 7.9662 9.9123 8.9105 6.0580 16.7775 10.4214 7.3596
4.1026 10.1549 7.4706 10.7235 4.5197 6.6608 4.8276 7.0502 11.2199 9.1935 1.9948 6.6735 9.7288 3.6688 6.5091 8.4376 5.6794 6.9996 5.9536 7.2869 6.4121 12.2283 3.6593 9.4770 7.2359 6.5825 5.2090 7.5949 4.0332 5.6720 4.0112 1.8373 0.0000 8.6128 3.7552 4.5367 6.7162 4.8528 8.1281 8.5946 8.3445 4.9707 4.4956 6.7646 4.0245 4.7161 5.8592 4.8262 5.0124 6.5406 5.5865 7.4801 7.9555 5.7843 14.0332 9.7980 7.7630
8.6351 10.2653 11.2160 2.1612 8.3521 3.8364 4.5415 11.8424 7.5332 1.8885 9.8364 13.7392 1.2663 9.6385 3.3552 2.1946 4.8938 5.9226 8.4697 13.8680 3.3130 5.9502 8.7881 4.2200 8.3743 4.5974 8.5008 2.9631 6.7138 4.7565 10.9829 9.3437 8.2008 0.0000 6.7097 9.1911 13.9581 4.3035 13.9043 4.3002 6.6045 4.9407 8.4186 11.9594 8.0233 7.6364 7.1844 9.1222 11.1935 6.2798 4.7154 3.5535 1.7789 7.4490 6.8857 1.8369 12.2817
5.8477 11.1499 8.1069 8.6364 4.4092 5.4938 3.4878 9.5709 11.6488 7.6021 4.3852 8.3581 8.2152 3.1591 4.7065 5.8629 5.7739 6.1609 6.0932 9.3431 5.2834 11.2887 3.6703 6.0094 7.1774 3.5910 4.1429 5.2506 1.8733 3.1870 4.1647 5.0901 3.2520 7.9721 0.0000 6.5387 7.6032 3.4730 11.2973 5.8263 7.1127 2.7073 3.5877 9.0733 5.0709 1.8794 6.1776 2.9429 6.5952 4.7579 4.1551 6.0563 6.1669 5.7017 12.7391 6.0386 10.0394
2.8135 7.6209 4.9447 8.6101 7.5454 8.9419 6.4443 4.1352 8.6097 10.4980 5.9715 5.3806 7.7206 6.9631 8.8552 6.3481 4.3410 3.0284 1.7429 4.6747 7.6056 11.3434 9.4267 10.4575 2.8618 8.0574 9.2653 6.9841 5.9163 6.0297 9.3150 5.3947 5.1894 8.4351 6.3851 0.0000 4.4618 6.4086 5.9309 5.1889 3.6488 5.7936 7.4053 3.6603 1.4049 6.7497 3.2163 8.8667 4.7240 4.0559 8.3647 6.9211 7.7459 2.2086 13.5721 8.1671 5.9601
4.2231 9.7946 1.6618 12.5394 11.0149 11.1265 12.0517 3.7778 11.6237 12.8162 6.4236 2.4075 12.3826 10.8833 10.6702 10.1630 7.5967 7.1935 6.0158 2.5511 10.8667 15.7194 10.0527 12.0431 5.8452 9.4028 11.3514 10.1027 10.3179 10.5234 10.5196 6.5345 6.8547 13.3954 7.8910 4.6054 0.0000 9.7829 3.2184 8.5564 7.1783 9.7371 10.4448 1.7887 5.9199 9.3037 7.8826 11.3725 2.9579 6.7644 10.3071 8.8524 13.9922 5.3296 17.3145 11.8575 1.8831
7.3575 11.6759 9.3675 6.7321 6.4136 2.5257 1.2216 11.1531 11.0964 5.6151 6.2990 11.6117 4.9041 4.7965 2.6895 3.1523 5.2346 5.8645 5.8119 9.9508 2.3867 9.2638 6.1252 4.4568 7.9254 1.2258 5.4595 2.8109 3.7193 1.3970 5.6932 6.1656 5.0971 5.5043 3.1020 6.2639 10.9590 0.0000 13.0712 5.9206 7.0107 1.3866 4.2322 8.6905 6.1538 3.5441 7.1381 4.7219 9.2012 4.9933 2.0472 6.3296 3.7770 6.9846 10.2745 4.6715 10.2846
5.8776 7.2958 3.9857 14.7245 13.0571 12.3922 13.0934 2.4986 13.4976 11.9743 8.6466 2.4222 11.6265 10.5266 13.4236 12.2411 6.8335 7.6934 6.3133 2.4040 11.9724 17.2972 11.3242 14.2172 5.4715 13.1215 11.1127 13.0173 12.0560 12.2492 13.0701 7.4439 8.8298 11.5367 9.5955 6.5072 3.0616 12.5531 0.0000 11.1445 5.5256 11.5261 12.6811 4.0127 5.3803 12.9993 6.7039 10.8749 4.7627 7.3002 14.3706 10.0812 11.4018 5.8082 15.9899 10.8313 4.1219
8.0500 6.4685 10.6482 4.9897 10.9863 5.9178 5.5310 9.1531 6.7861 4.9905 8.0032 9.3032 3.8284 8.6602 6.0893 3.9898 2.4983 2.8881 5.2267 7.8885 4.0000 7.4417 9.1303 5.3446 3.9883 4.9820 10.3273 4.8561 6.8088 5.8404 9.6643 7.4151 8.0674 3.4088 7.5283 6.4880 8.5533 6.2497 10.1890 0.0000 4.5793 5.4608 9.9062 7.9479 4.9242 8.4955 4.3006 7.2087 8.0900 3.3028 5.6110 1.1901 4.1206 5.8773 8.4148 3.0197 12.0985
4.5772 4.9779 8.3427 8.9917 11.2883 9.6531 6.9250 3.8764 8.5755 8.5518 6.8449 5.1591 7.4346 9.9619 8.9587 7.3924 2.8644 2.4271 2.5228 6.5043 6.9268 11.0964 8.9321 8.6801 1.3993 7.0921 8.8232 7.0504 7.1823 7.4530 9.7998 6.8010 6.1797 8.1623 8.1346 3.3758 5.8170 6.8262 6.6387 4.6255 0.0000 7.2043 9.1892 5.8275 3.8278 8.5010 2.0163 10.7194 6.5835 3.9179 8.5929 4.7995 7.3749 2.3734 11.2043 6.5531 7.2433
7.8502 11.0618 11.4609 6.4701 5.7533 3.1374 1.5857 10.3738 9.7463 6.0292 6.2080 11.7251 6.5103 4.4509 2.9104 4.5016 6.1840 5.4372 5.7160 10.7008 3.2358 9.6920 4.5016 3.9952 6.3659 1.5172 4.4943 3.1466 3.2426 1.7494 4.3614 5.7894 4.9525 5.2428 2.4022 6.8392 9.3469 1.5614 12.9107 6.3961 7.2116 0.0000 3.6928 10.6791 6.2044 2.9737 7.0227 3.2572 9.3317 5.5146 2.3243 5.7174 5.2874 6.1769 11.9673 5.3034 11.5715
6.7409 12.4833 12.4383 9.0568 2.0107 6.6546 4.6549 12.0386 15.0647 7.6686 6.0125 12.1922 8.2930 1.7363 7.0905 8.5935 7.3215 9.7028 8.7501 12.0511 7.1233 16.4981 1.8576 8.3273 10.2360 5.6675 1.4968 7.0611 2.3943 4.6999 1.8572 6.2736 4.2509 8.9249 3.5889 7.9976 11.2155 5.3143 13.5633 8.2131 10.6782 3.9777 0.0000 8.7758 7.5678 2.2630 9.6412 1.4430 9.5706 8.3618 4.4596 8.4234 8.0375 9.7599 16.3962 8.5780 9.8507
3.5563 8.1663 2.3662 12.5091 10.6350 9.8635 10.8301 3.9369 14.2035 13.1744 5.2378 2.6465 10.5133 9.9568 12.5046 11.8150 7.3731 7.5387 5.1644 2.5642 11.4743 15.7439 8.5082 13.0891 6.3145 9.6536 11.3169 9.2424 8.2758 8.9311 9.6106 5.7134 6.7977 11.5604 8.1471 4.0914 1.5464 8.9745 4.2398 10.0440 5.7209 9.3510 9.5989 0.0000 4.1708 8.9203 6.5097 8.5129 2.1530 8.1224 9.2763 9.3410 11.1145 4.7540 14.3942 11.0662 2.8974
2.5555 6.9473 6.0535 9.1839 7.3426 9.2695 5.9451 4.4409 9.1912 8.0956 5.6987 4.4932 8.7859 8.3837 7.1149 6.4802 3.3340 2.9716 2.3119 4.8876 5.7375 11.9268 7.3583 8.9959 3.5847 6.9484 7.1672 6.7785 6.1000 6.2618 8.7576 4.0294 4.5266 9.2773 5.4411 1.5545 4.4721 6.1457 6.8080 6.5283 3.8529 6.3280 7.9389 3.9556 0.0000 6.7037 3.1821 7.7275 4.5808 3.6088 7.0742 5.3432 7.2041 2.5978 13.7495 7.4793 5.6057
7.0653 12.9362 10.1614 7.3292 3.5483 5.0414 3.2306 10.6907 10.8774 7.8607 5.5357 10.5519 8.8567 3.4121 4.5032 5.1467 6.1259 6.7342 7.1621 10.5981 4.6462 13.9350 3.1791 5.5055 7.3281 2.9550 2.3314 5.1259 1.3894 3.2459 3.2535 5.5384 4.7142 6.1814 1.9434 6.3627 9.9615 3.2491 13.0381 8.1237 7.9122 2.9679 2.5890 8.8923 6.8276 0.0000 6.9701 1.6856 8.8694 6.6555 3.4774 8.7198 6.1237 7.7918 14.5558 6.2259 11.5401
4.7912 5.1181 7.5679 8.1503 9.4552 7.6691 6.9331 4.9177 8.3560 8.4166 6.5167 6.7282 6.4334 7.6912 7.5111 6.0348 1.7978 1.7846 2.3113 5.6433 6.1834 9.6327 8.3983 9.3907 1.6816 7.5272 8.1372 5.7730 6.3028 6.5190 9.0638 5.8276 5.6543 7.4553 7.1382 3.1637 7.8993 7.1772 6.8451 4.1637 1.6725 6.3565 9.3373 7.1564 3.1805 7.8076 0.0000 7.9697 6.5316 2.8490 7.3173 3.8737 7.7703 1.9055 10.5308 5.3397 7.2773
7.0019 13.0274 11.4264 8.6333 2.7991 4.8487 3.4454 10.8450 14.3322 8.1387 5.0834 12.2105 8.1574 2.2359 5.2148 7.2442 7.6044 8.7371 9.1858 11.5835 6.0903 15.3147 2.1167 6.1045 8.6290 3.7607 1.4619 5.8085 2.0316 3.9896 2.4940 5.7014 4.4152 7.8862 2.5820 7.7451 11.2733 3.9354 12.7911 9.1563 10.5075 3.0476 1.9383 8.0550 7.0639 1.8416 7.7355 0.0000 8.2939 6.6675 3.8877 8.7281 7.9928 7.1951 15.2302 8.8799 12.3877
2.7036 11.2861 3.5737 11.9983 8.8385 12.3545 10.5658 5.5281 12.1742 12.5163 4.1364 4.0184 12.9988 8.4011 10.6339 10.6540 6.6704 6.3235 5.3553 3.8850 10.9481 16.4278 7.1646 11.1580 6.5097 10.3514 8.1841 9.1007 7.7449 8.4449 8.1426 4.3090 5.7737 11.2747 6.9155 4.3545 2.4841 10.0226 5.6511 8.8936 6.8350 7.7617 9.5865 2.5066 4.9107 7.7512 6.8935 7.6605 0.0000 6.6942 9.4692 8.6209 10.8233 5.5109 14.1219 11.2911 3.2268
5.0753 7.0347 9.0944 5.9631 6.9681 6.4423 5.1118 6.1707 8.0486 6.3654 6.7870 7.4923 5.9034 7.6579 6.2472 4.6913 2.0773 1.9956 3.2141 7.7243 4.8894 8.8080 7.0215 6.8309 3.1439 4.4939 7.5142 5.2015 6.7541 4.5225 7.2042 6.8519 5.2548 5.1777 5.6122 3.5576 8.4080 4.1404 8.2041 3.0763 3.4885 4.7357 8.5760 6.6329 3.1854 5.9302 2.9331 7.2894 6.7884 0.0000 6.5954 3.3462 6.2280 3.1745 8.3097 4.7440 8.4299
8.2779 11.7754 13.5702 5.3572 6.6425 1.9390 1.5704 9.7752 10.7238 5.0880 8.5861 12.8934 6.0818 5.3693 1.8916 3.7733 6.5934 6.3083 7.1475 11.6466 3.1988 11.2353 5.1163 2.9825 7.9627 1.5632 5.4844 2.3634 4.6639 2.0648 6.4876 7.2016 5.8975 4.2953 4.0513 6.7993 11.3767 1.7172 14.2140 5.6304 7.3006 2.0364 5.4773 9.8247 6.7673 3.1095 6.4463 4.4000 10.0111 5.9633 0.0000 6.6089 4.2267 8.7652 9.7654 4.6537 11.2152
6.8500 7.0988 10.6803 4.7483 10.0645 6.5952 6.4998 8.3113 6.5420 4.8660 9.6453 10.6265 3.8909 8.6739 5.3155 3.9940 3.0086 3.7358 4.4300 8.3729 4.3250 7.1600 10.4123 7.0297 4.0921 5.9316 8.5781 5.3765 8.9646 5.8029 8.6317 7.8846 8.3285 4.5360 6.3308 5.7569 11.2762 6.4083 9.6285 1.1770 5.2058 5.5319 8.4086 9.4669 5.6007 6.7904 4.4954 9.8528 8.2870 3.0693 6.5385 0.0000 3.9610 5.4584 7.8339 3.6522 9.4513
9.3038 11.8733 11.9594 2.5058 9.3788 3.1770 4.5059 10.1944 8.6249 1.7822 9.8259 13.8677 2.7764 8.2811 2.6806 2.1626 6.1260 7.1610 8.4992 13.4139 2.6045 6.7478 8.1528 2.3624 8.1412 4.5179 8.2858 2.4290 6.7254 3.1422 8.8063 8.9638 7.7987 1.8142 6.7802 8.9696 12.0509 3.5535 12.5755 4.3407 7.5060 4.9780 7.9575 9.9240 8.9418 5.9477 7.1916 6.9513 11.4200 5.6577 4.0226 5.2745 0.0000 7.9111 8.7137 2.7295 13.1071
4.2213 5.1387 6.3382 10.4300 10.0479 8.8686 6.8895 3.7560 7.6365 7.8047 6.8592 5.7300 8.3607 9.2721 7.2521 8.1108 3.0938 2.5113 1.3518 4.9647 7.2880 9.4988 7.7596 10.6162 1.8605 7.4135 9.8340 8.1317 6.7722 6.5687 8.7793 6.3500 5.1906 7.5665 7.0539 2.0719 5.3811 6.4192 6.3157 5.6818 2.3097 6.4363 8.3382 4.3175 2.8008 7.4645 2.2083 9.6997 5.9177 2.9941 7.4007 5.2682 8.8563 0.0000 12.5457 6.9090 6.3563
12.9756 10.5350 14.2322 5.5548 14.4160 11.4063 10.9329 13.5109 4.2241 6.1839 15.4693 13.1962 6.6775 13.4125 9.6130 7.7241 10.3124 10.0150 9.5822 13.1098 7.7331 1.1414 13.1481 8.1729 11.2578 11.8759 13.5531 9.8475 14.6151 9.7941 15.3014 12.6798 14.3989 7.4270 10.9872 10.5506 16.3619 9.8620 14.0887 8.1119 8.6530 11.7191 15.3666 13.8780 10.8045 13.0975 10.8244 11.8565 14.4419 10.7841 9.2961 6.2373 7.3693 9.6157 0.0000 5.7850 18.0590
9.1580 9.2483 13.9766 2.8115 10.8225 4.7408 5.2518 11.6088 7.5133 2.7727 9.8419 12.4165 1.9274 8.9267 4.2281 2.5026 4.4018 5.9751 7.9885 11.9165 2.8919 5.8981 9.0893 3.5936 6.4660 4.2731 9.9522 3.5085 7.1583 5.0810 9.3974 8.3795 9.3875 1.4685 6.1108 7.9892 11.0657 4.9573 11.7417 3.0415 7.1935 5.3226 8.2281 10.1382 6.4470 8.2053 5.7467 7.4913 11.2902 5.5414 5.4019 2.9433 2.8225 6.9263 7.0942 0.0000 13.0149
4.0611 9.5492 1.3747 15.7517 12.1682 14.3433 12.1540 5.2436 14.4248 14.9810 6.7050 2.5097 14.9277 9.0719 13.0631 12.9021 9.5364 8.7438 7.2899 2.6776 11.8334 17.9708 9.3687 14.3691 7.4401 12.9754 9.8998 12.8521 9.5447 10.0703 12.1903 7.3054 8.0641 13.8858 9.3750 5.1510 1.7317 11.4284 3.5929 10.5297 7.3090 11.3290 10.3738 2.8454 6.2482 9.5485 7.4131 11.9072 3.0965 7.5212 11.7325 12.4569 12.8151 6.8756 16.7460 14.5078 0.0000
0.000 33.752 22.203 41.029 31.242 36.106 31.512 22.519 43.145 39.367 21.399 21.516 38.674 30.556 35.975 33.965 25.189 24.158 20.095 22.047 32.732 48.714 31.102 39.017 23.471 31.716 32.655 33.691 28.147 31.127 32.266 19.685 21.423 37.246 26.486 17.234 20.657 30.899 25.418 30.743 24.272 30.150 31.768 18.383 16.825 29.583 23.306 30.833 17.838 24.297 33.772 31.565 36.843 20.277 49.071 35.787 23.027
33.752 0.000 36.335 39.513 49.606 43.832 41.937 26.524 27.586 40.230 42.590 31.953 37.840 48.629 42.677 37.085 27.131 26.650 27.228 31.121 38.047 37.084 49.300 44.241 23.720 41.523 49.253 39.633 44.044 40.086 50.264 40.681 40.930 37.394 41.444 29.200 35.189 40.764 30.159 28.948 22.679 41.552 48.805 34.473 30.748 44.557 25.310 46.963 37.780 29.701 43.190 28.827 39.600 26.212 37.911 35.399 37.040
22.203 36.335 0.000 50.555 39.430 46.309 41.691 21.811 49.253 49.163 28.240 19.572 48.205 38.980 46.161 43.823 33.652 32.422 27.986 17.314 42.772 56.377 39.402 49.178 30.030 41.912 41.610 43.807 37.680 41.327 40.580 27.369 30.196 46.858 36.364 25.471 7.331 41.098 19.839 39.412 30.363 40.303 40.604 17.138 26.172 39.258 30.858 40.093 18.500 33.547 43.962 40.126 46.773 27.297 56.880 45.235 3.993
41.029 39.513 50.555 0.000 40.587 24.062 27.291 44.413 30.748 13.812 42.902 47.910 10.475 39.603 22.616 19.589 29.306 30.583 34.805 47.781 21.721 26.637 40.147 21.115 34.111 26.516 37.584 21.913 34.635 25.598 40.315 41.581 39.019 16.997 32.972 37.097 48.906 26.634 49.593 23.943 34.410 28.514 38.040 46.790 36.467 33.513 32.531 35.896 46.760 29.009 26.097 23.565 17.797 35.824 26.201 17.329 51.448
31.242 49.606 39.430 40.587 0.000 29.263 25.298 41.622 52.712 37.614 23.238 40.394 38.857 4.759 30.389 33.643 35.285 35.326 34.560 41.079 31.241 53.822 1.953 33.111 37.895 26.076 16.808 30.708 18.414 27.129 5.340 24.123 21.821 37.393 20.894 33.368 38.364 26.042 44.555 37.469 38.936 24.171 12.606 36.413 31.563 19.123 36.335 16.725 32.938 32.674 26.702 38.290 34.790 35.798 53.710 37.362 39.967
36.106 43.832 46.309 24.062 29.263 0.000 16.984 43.135 40.337 20.954 34.434 44.935 22.943 28.381 6.815 19.408 29.375 30.341 33.021 45.143 17.820 38.457 28.833 17.239 34.333 16.526 25.904 18.876 24.146 17.001 28.791 33.664 30.578 21.838 23.465 34.118 44.749 17.263 47.851 27.161 35.103 18.536 26.528 42.477 32.736 22.630 32.352 24.558 41.030 27.390 12.369 27.553 18.624 34.418 38.121 22.825 47.131
31.512 41.937 41.691 27.291 25.298 16.984 0.000 39.308 41.004 24.346 29.457 40.611 25.586 24.312 17.549 20.554 26.879 27.601 29.466 40.899 18.163 40.800 24.858 20.672 31.404 3.483 22.465 17.422 19.506 9.613 25.069 28.684 25.595 24.155 18.505 30.109 40.167 5.318 43.790 26.370 32.294 6.904 22.808 37.894 28.566 18.235 29.432 20.627 36.214 24.486 10.262 27.003 21.496 30.904 40.616 24.356 42.491
22.519 26.524 21.811 44.413 41.622 43.135 39.308 0.000 40.000 43.684 31.815 17.439 42.162 40.872 42.565 38.764 27.165 25.902 22.187 16.663 38.398 47.876 41.451 45.203 22.350 39.270 42.677 39.747 37.802 38.260 42.595 30.181 31.825 41.041 35.705 21.238 20.715 38.403 17.197 32.548 22.244 38.238 41.879 20.371 22.927 39.000 23.894 40.672 24.282 28.166 41.329 33.077 41.783 20.878 48.482 39.169 22.524
43.145 27.586 49.253 30.748 52.712 40.337 41.004 40.000 0.000 32.997 49.731 45.206 30.320 51.641 38.833 33.021 30.777 31.429 35.055 44.585 35.124 21.992 52.308 38.819 31.814 40.307 50.915 36.428 46.325 38.841 52.936 47.880 46.723 30.866 43.824 37.914 47.804 39.879 44.599 27.245 31.199 41.439 50.910 46.408 38.619 46.026 31.861 48.716 48.554 32.918 41.112 26.423 34.055 34.985 22.931 29.534 50.086
39.367 40.230 49.163 13.812 37.614 20.954 24.346 43.684 32.997 0.000 40.494 46.800 11.987 36.646 19.515 17.418 28.532 29.785 33.758 46.752 19.166 29.658 37.175 18.132 33.563 23.582 34.543 19.070 31.775 22.779 37.306 39.274 36.578 12.683 30.252 35.816 47.520 23.773 48.807 23.748 33.998 25.637 35.028 45.345 34.993 30.581 31.825 32.906 44.985 27.777 23.037 23.598 12.977 34.900 29.259 16.874 50.047
21.399 42.590 28.240 42.902 23.238 34.434 29.457 31.815 49.731 40.494 0.000 29.619 40.696 22.885 34.909 35.314 30.955 30.383 27.656 30.401 33.328 53.504 23.246 38.084 31.348 29.998 25.808 33.653 23.049 30.151 24.410 8.567 17.477 39.143 22.978 25.392 27.261 29.423 33.929 35.352 32.320 27.904 24.732 25.450 23.938 24.792 30.448 24.729 21.740 28.935 31.683 36.250 37.618 28.443 53.661 38.269 28.748
21.516 31.953 19.572 47.910 40.394 44.935 40.611 17.439 45.206 46.800 29.619 0.000 45.589 39.798 44.598 41.598 30.678 29.408 25.105 4.412 40.833 52.698 40.299 47.476 26.509 40.721 42.085 42.016 37.661 39.940 41.478 28.335 30.692 44.331 35.964 23.051 15.857 39.872 19.456 36.368 26.685 39.344 41.161 19.093 24.222 39.094 27.630 40.323 20.500 31.023 42.801 37.011 44.605 24.147 53.250 42.587 17.087
38.674 37.840 48.205 10.475 38.857 22.943 25.586 42.162 30.320 11.987 40.696 45.589 0.000 37.850 21.426 17.447 27.023 28.298 32.484 45.472 19.723 27.524 38.418 20.616 31.893 24.803 36.007 20.164 32.768 23.750 38.655 39.338 36.834 6.920 30.976 34.751 46.556 24.822 47.332 21.792 32.231 26.702 36.392 44.436 34.111 31.743 30.269 34.212 44.410 26.661 24.650 21.497 19.267 33.523 27.222 13.357 49.098
30.556 48.629 38.980 39.603 4.759 28.381 24.312 40.872 51.641 36.646 22.885 39.798 37.850 0.000 29.472 32.614 34.249 34.307 33.625 40.460 30.216 52.777 3.034 32.243 36.927 25.087 14.838 29.711 17.346 26.111 7.665 23.621 21.140 36.379 19.826 32.504 37.870 25.029 43.918 36.399 37.966 23.154 10.036 35.876 30.692 18.107 35.345 16.996 32.507 31.633 25.781 37.219 33.808 34.879 52.671 36.324 39.542
35.975 42.677 46.161 22.616 30.389 6.815 17.549 42.565 38.833 19.515 34.909 44.598 21.426 29.472 0.000 17.977 28.455 29.479 32.398 44.763 16.639 36.947 29.954 14.151 33.490 16.927 27.142 13.601 24.985 16.932 29.981 34.023 31.008 20.305 24.024 33.674 44.578 17.496 47.371 25.888 34.219 19.069 27.706 42.312 32.377 23.569 31.522 25.666 41.072 26.617 16.404 26.235 17.100 33.770 36.622 21.309 46.998
33.965 37.085 43.823 19.589 33.643 19.408 20.554 38.764 33.021 17.418 35.314 41.598 17.447 32.614 17.977 0.000 23.803 24.992 28.675 41.599 10.703 32.254 33.206 19.165 28.936 19.781 31.008 15.218 27.436 18.536 33.525 34.010 31.431 17.316 25.553 30.564 42.185 19.636 43.814 20.144 29.508 21.481 31.292 39.992 29.653 26.522 27.074 29.079 39.568 22.645 20.168 20.378 13.437 29.900 32.093 16.919 44.703
25.189 27.131 33.652 29.306 35.285 29.375 26.879 27.165 30.777 28.532 30.955 30.678 27.023 34.249 28.455 23.803 0.000 5.678 17.667 30.501 23.911 35.532 34.932 30.664 17.136 26.522 34.427 25.427 29.293 25.144 35.780 29.104 28.064 25.876 26.657 20.336 32.015 25.728 32.318 17.760 17.777 26.426 34.098 30.056 20.375 29.603 14.650 32.121 30.983 11.769 28.315 18.499 26.780 18.538 35.882 24.021 34.551
24.158 26.650 32.422 30.583 35.326 30.341 27.601 25.902 31.429 29.785 30.383 29.408 28.298 34.307 29.479 24.992 5.678 0.000 19.744 29.225 24.987 36.567 34.987 31.775 17.844 27.292 34.672 26.476 29.490 25.962 35.879 28.502 27.682 27.143 26.866 19.186 30.788 26.475 31.048 18.997 16.766 27.041 34.285 28.854 19.384 29.921 9.264 32.372 29.911 13.870 29.149 19.706 27.985 17.264 36.944 25.295 33.320
20.095 27.228 27.986 34.805 34.560 33.021 29.466 22.187 35.055 33.758 27.656 25.105 32.484 33.625 32.398 28.675 17.667 19.744 0.000 25.004 28.215 40.857 34.282 35.016 16.406 29.340 34.639 29.561 29.452 28.227 35.304 25.729 25.709 31.239 26.996 12.836 26.350 28.477 27.150 23.426 16.675 28.558 34.053 24.415 16.676 30.288 14.292 32.419 25.677 18.031 31.361 24.147 31.699 6.408 41.272 29.481 28.884
22.047 31.121 17.314 47.781 41.079 45.143 40.899 16.663 44.585 46.752 30.401 4.412 45.472 40.460 44.763 41.599 30.501 29.225 25.004 0.000 40.912 52.224 40.973 47.600 26.163 40.983 42.683 42.131 38.180 40.159 42.149 29.066 31.333 44.242 36.414 23.123 16.557 40.129 15.684 36.144 26.274 39.663 41.775 17.202 24.408 39.580 27.386 40.881 21.422 30.983 43.065 36.762 44.615 23.964 52.794 42.467 17.944
32.732 38.047 42.772 21.721 31.241 17.820 18.163 38.398 35.124 19.166 33.328 40.833 19.723 30.216 16.639 10.703 23.911 24.987 28.215 40.912 0.000 34.660 30.804 18.821 29.001 17.397 28.605 7.049 25.065 18.345 31.117 32.121 29.412 18.203 23.265 29.793 41.151 17.228 43.332 21.350 29.688 19.075 28.884 38.919 28.689 24.119 27.056 26.671 38.177 22.268 17.992 21.774 19.167 29.533 34.501 18.196 43.637
48.714 37.084 56.377 26.637 53.822 38.457 40.800 47.876 21.992 29.658 53.504 52.698 27.524 52.777 36.947 32.254 35.532 36.567 40.857 52.224 34.660 0.000 53.388 35.750 38.350 40.022 51.261 35.469 47.500 38.784 53.758 51.833 49.967 28.768 45.350 43.709 54.811 39.885 52.824 30.259 38.040 41.712 51.538 53.102 43.907 46.726 37.720 49.319 54.476 36.867 40.114 29.375 31.859 41.229 4.428 28.477 57.255
31.102 49.300 39.402 40.147 1.953 28.833 24.858 41.451 52.308 37.175 23.246 40.299 38.418 3.034 29.954 33.206 34.932 34.987 34.282 40.973 30.804 53.388 0.000 32.683 37.595 25.636 15.273 30.268 17.999 26.691 5.250 24.067 21.679 36.954 20.498 33.133 38.316 25.604 44.441 37.067 38.635 23.733 10.881 36.345 31.324 18.685 36.020 19.062 32.918 32.316 26.266 37.885 34.350 35.530 53.274 36.927 39.951
39.017 44.241 49.178 21.115 33.111 17.239 20.672 45.203 38.819 18.132 38.084 47.476 20.616 32.243 14.151 19.165 30.664 31.775 35.016 47.600 18.821 35.750 32.683 0.000 35.782 20.088 29.688 17.475 28.000 20.093 32.604 37.208 34.188 19.959 27.172 36.480 47.582 20.680 50.102 27.294 36.435 22.212 30.354 45.324 35.267 26.504 33.852 28.419 44.193 29.089 18.619 27.471 16.891 36.346 35.314 21.524 50.024
23.471 23.720 30.030 34.111 37.895 34.333 31.404 22.350 31.814 33.563 31.348 26.509 31.893 36.927 33.490 28.936 17.136 17.844 16.406 26.163 29.001 38.350 37.595 35.782 0.000 31.146 37.686 30.491 32.469 29.864 38.574 29.420 29.321 30.843 29.913 18.281 28.462 30.311 27.547 22.206 4.626 30.723 37.183 26.807 19.431 33.121 8.832 35.418 28.741 18.980 33.053 22.728 31.904 14.223 38.851 28.921 30.910
31.716 41.523 41.912 26.516 26.076 16.526 3.483 39.270 40.307 23.582 29.998 40.721 24.803 25.087 16.927 19.781 26.522 27.292 29.340 40.983 17.397 40.022 25.636 20.088 31.146 0.000 23.246 16.640 20.233 6.716 25.852 29.166 26.112 23.372 19.098 30.107 40.372 3.853 43.820 25.769 32.015 9.581 23.591 38.098 28.609 19.001 29.167 21.409 36.533 24.192 9.251 26.380 20.723 30.773 39.835 23.585 42.722
32.655 49.253 41.610 37.584 16.808 25.904 22.465 42.677 50.915 34.543 25.808 42.085 36.007 14.838 27.142 31.008 34.427 34.672 34.639 42.683 28.605 51.261 15.273 29.688 37.686 23.246 0.000 27.856 17.217 24.493 13.225 26.278 23.454 34.605 19.811 33.911 40.410 23.392 46.073 35.788 38.710 21.620 4.942 38.330 32.089 16.930 35.958 10.249 35.206 31.779 23.511 36.552 31.807 35.980 51.081 34.799 42.220
33.691 39.633 43.807 21.913 30.708 18.876 17.422 39.747 36.428 19.070 33.653 42.016 20.164 29.711 13.601 15.218 25.427 26.476 29.561 42.131 7.049 35.469 30.268 17.475 30.491 16.640 27.856 0.000 24.729 16.488 30.491 32.559 29.721 18.749 23.196 31.009 42.199 16.723 44.629 22.914 31.200 18.601 28.228 39.951 29.820 23.610 28.533 26.049 39.012 23.682 16.752 23.314 18.481 30.905 35.252 19.167 44.662
28.147 44.044 37.680 34.635 18.414 24.146 19.506 37.802 46.325 31.775 23.049 37.661 32.768 17.346 24.985 27.436 29.293 29.490 29.452 38.180 25.065 47.500 17.999 28.000 32.469 20.233 17.217 24.729 0.000 21.039 18.630 22.868 19.698 31.265 11.717 28.858 36.349 20.006 41.474 31.091 33.493 18.138 16.805 34.169 27.047 7.754 30.744 13.187 31.508 26.648 21.381 31.901 28.881 30.808 47.418 31.086 38.368
31.127 40.086 41.327 25.598 27.129 17.001 9.613 38.260 38.841 22.779 30.151 39.940 23.750 26.111 16.932 18.536 25.144 25.962 28.227 40.159 18.345 38.784 26.691 20.093 29.864 6.716 24.493 16.488 21.039 0.000 26.990 29.172 26.225 22.269 19.509 29.171 39.761 4.897 42.907 24.258 30.709 13.146 24.757 37.490 27.753 20.006 27.878 22.544 36.150 22.887 14.177 24.871 19.867 29.648 38.629 22.310 42.154
32.266 50.264 40.580 40.315 5.340 28.791 25.069 42.595 52.936 37.306 24.410 41.478 38.655 7.665 29.981 33.525 35.780 35.879 35.304 42.149 31.117 53.758 5.250 32.604 38.574 25.852 13.225 30.491 18.630 26.990 0.000 25.247 22.845 37.217 21.217 34.219 39.497 25.892 45.615 37.713 39.613 24.048 10.127 37.526 32.405 19.048 36.967 19.772 34.093 33.151 26.314 38.517 34.521 36.570 53.617 37.281 41.125
19.685 40.681 27.369 41.581 24.123 33.664 28.684 30.181 47.880 39.274 8.567 28.335 39.338 23.621 34.023 34.010 29.104 28.502 25.729 29.066 32.121 51.833 24.067 37.208 29.420 29.166 26.278 32.559 22.868 29.172 25.247 0.000 14.225 37.791 22.341 23.481 26.251 28.529 32.577 33.630 30.392 27.137 25.252 24.293 22.012 24.580 28.531 24.922 20.929 27.150 30.960 34.526 36.430 26.522 52.013 36.825 27.955
21.423 40.930 30.196 39.019 21.821 30.578 25.595 31.825 46.723 36.578 17.477 30.692 36.834 21.140 31.008 31.431 28.064 27.682 25.709 31.333 29.412 49.967 21.679 34.188 29.321 26.112 23.454 29.721 19.698 26.225 22.845 14.225 0.000 35.278 19.178 23.985 28.962 25.516 34.781 31.978 30.344 24.042 22.491 26.876 22.267 21.395 28.112 21.906 23.882 25.804 27.848 32.875 33.695 26.752 50.082 34.469 30.837
37.246 37.394 46.858 16.997 37.393 21.838 24.155 41.041 30.866 12.683 39.143 44.331 6.920 36.379 20.305 17.316 25.876 27.143 31.239 44.242 18.203 28.768 36.954 19.959 30.843 23.372 34.605 18.749 31.265 22.269 37.217 37.791 35.278 0.000 29.439 33.429 45.210 23.351 46.191 20.918 31.240 25.226 34.961 43.072 32.729 30.273 29.154 32.769 42.958 25.341 23.346 20.747 14.449 32.325 28.519 8.980 47.748
26.486 41.444 36.364 32.972 20.894 23.465 18.505 35.705 43.824 30.252 22.978 35.964 30.976 19.826 24.024 25.553 26.657 26.866 26.996 36.414 23.265 45.350 20.498 27.172 29.913 19.098 19.811 23.196 11.717 19.509 21.217 22.341 19.178 29.439 0.000 26.612 34.948 18.626 39.609 28.579 30.931 16.960 19.442 32.715 24.829 14.762 28.158 17.519 30.447 24.012 20.706 29.406 27.333 28.379 45.313 29.063 37.101
17.234 29.200 25.471 37.097 33.368 34.118 30.109 21.238 37.914 35.816 25.392 23.051 34.751 32.504 33.674 30.564 20.336 19.186 12.836 23.123 29.793 43.709 33.133 36.480 18.281 30.107 33.911 31.009 28.858 29.171 34.219 23.481 23.985 33.429 26.612 0.000 23.822 29.242 25.736 26.066 19.142 29.007 33.211 21.771 8.102 29.930 18.103 31.793 22.795 20.091 32.179 26.830 33.564 13.937 44.109 31.772 26.367
20.657 35.189 7.331 48.906 38.364 44.749 40.167 20.715 47.804 47.520 27.261 15.857 46.556 37.870 44.578 42.185 32.015 30.788 26.350 16.557 41.151 54.811 38.316 47.582 28.462 40.372 40.410 42.199 36.349 39.761 39.497 26.251 28.962 45.210 34.948 23.822 0.000 39.553 19.623 37.775 28.827 38.796 39.423 10.106 24.532 37.898 29.246 38.826 17.608 31.897 42.429 38.493 45.138 25.684 55.305 43.586 11.312
30.899 40.764 41.098 26.634 26.042 17.263 5.318 38.403 39.879 23.773 29.423 39.872 24.822 25.029 17.496 19.636 25.728 26.475 28.477 40.129 17.228 39.885 25.604 20.680 30.311 3.853 23.392 16.723 20.006 4.897 25.892 28.529 25.516 23.351 18.626 29.242 39.553 0.000 42.958 25.185 31.188 8.365 23.657 37.279 27.750 18.923 28.334 21.445 35.768 23.368 13.066 25.826 20.875 29.910 39.729 23.412 41.912
25.418 30.159 19.839 49.593 44.555 47.851 43.790 17.197 44.599 48.807 33.929 19.456 47.332 43.918 47.371 43.814 32.318 31.048 27.150 15.684 43.332 52.824 44.441 50.102 27.547 43.820 46.073 44.629 41.474 42.907 45.615 32.577 34.781 46.191 39.609 25.736 19.623 42.958 0.000 37.743 27.427 42.618 45.184 20.673 27.224 42.824 29.064 44.223 24.867 33.177 45.897 38.274 46.837 25.922 53.461 44.335 20.178
30.743 28.948 39.412 23.943 37.469 27.161 26.370 32.548 27.245 23.748 35.352 36.368 21.792 36.399 25.888 20.144 17.760 18.997 23.426 36.144 21.350 30.259 37.067 27.294 22.206 25.769 35.788 22.914 31.091 24.258 37.713 33.630 31.978 20.918 28.579 26.066 37.775 25.185 37.743 0.000 22.468 26.529 35.724 35.810 25.923 30.869 20.759 33.552 36.575 18.618 27.037 3.993 22.702 24.227 30.508 18.914 40.310
24.272 22.679 30.363 34.410 38.936 35.103 32.294 22.244 31.199 33.998 32.320 26.685 32.231 37.966 34.219 29.508 17.777 16.766 16.675 26.274 29.688 38.040 38.635 36.435 4.626 32.015 38.710 31.200 33.493 30.709 39.613 30.392 30.344 31.240 30.931 19.142 28.827 31.188 27.427 22.468 0.000 31.650 38.213 27.269 20.386 34.128 12.766 36.439 29.404 19.825 33.898 22.918 32.445 17.830 38.574 29.287 31.233
30.150 41.552 40.303 28.514 24.171 18.536 6.904 38.238 41.439 25.637 27.904 39.344 26.702 23.154 19.069 21.481 26.426 27.041 28.558 39.663 19.075 41.712 23.733 22.212 30.723 9.581 21.620 18.601 18.138 13.146 24.048 27.137 24.042 25.226 16.960 29.007 38.796 8.365 42.618 26.529 31.650 0.000 21.829 36.526 27.406 17.049 28.778 19.607 34.747 23.923 17.021 27.225 22.747 30.000 41.570 25.235 41.093
31.768 48.805 40.604 38.040 12.606 26.528 22.808 41.879 50.910 35.028 24.732 41.161 36.392 10.036 27.706 31.292 34.098 34.285 34.053 41.775 28.884 51.538 10.881 30.354 37.183 23.591 4.942 28.228 16.805 24.757 10.127 25.252 22.491 34.961 19.442 33.211 39.423 23.657 45.184 35.724 38.213 21.829 0.000 37.363 31.388 16.900 35.497 9.901 34.181 31.453 24.036 36.509 32.247 35.371 51.385 35.061 41.204
18.383 34.473 17.138 46.790 36.413 42.477 37.894 20.371 46.408 45.345 25.450 19.093 44.436 35.876 42.312 39.992 30.056 28.854 24.415 17.202 38.919 53.102 36.345 45.324 26.807 38.098 38.330 39.951 34.169 37.490 37.526 24.293 26.876 43.072 32.715 21.771 10.106 37.279 20.673 35.810 27.269 36.526 37.363 0.000 22.354 35.697 27.421 36.694 18.772 29.796 40.155 36.552 42.933 23.879 53.565 41.480 16.718
16.825 30.748 26.172 36.467 31.563 32.736 28.566 22.927 38.619 34.993 23.938 24.222 34.111 30.692 32.377 29.653 20.375 19.384 16.676 24.408 28.689 43.907 31.324 35.267 19.431 28.609 32.089 29.820 27.047 27.753 32.405 22.012 22.267 32.729 24.829 8.102 24.532 27.750 27.224 25.923 20.386 27.406 31.388 22.354 0.000 28.143 18.793 29.977 22.652 19.551 30.689 26.741 32.613 16.537 44.254 31.175 27.055
29.583 44.557 39.258 33.513 19.123 22.630 18.235 39.000 46.026 30.581 24.792 39.094 31.743 18.107 23.569 26.522 29.603 29.921 30.288 39.580 24.119 46.726 18.685 26.504 33.121 19.001 16.930 23.610 7.754 20.006 19.048 24.580 21.395 30.273 14.762 29.930 37.898 18.923 42.824 30.869 34.128 17.049 16.900 35.697 28.143 0.000 31.322 11.955 33.147 26.959 19.906 31.641 27.723 31.680 46.600 30.255 39.961
23.306 25.310 30.858 32.531 36.335 32.352 29.432 23.894 31.861 31.825 30.448 27.630 30.269 35.345 31.522 27.074 14.650 9.264 14.292 27.386 27.056 37.720 36.020 33.852 8.832 29.167 35.958 28.533 30.744 27.878 36.967 28.531 28.112 29.154 28.158 18.103 29.246 28.334 29.064 20.759 12.766 28.778 35.497 27.421 18.793 31.322 0.000 33.675 28.881 16.993 31.068 21.381 30.063 15.829 38.159 27.275 31.752
30.833 46.963 40.093 35.896 16.725 24.558 20.627 40.672 48.716 32.906 24.729 40.323 34.212 16.996 25.666 29.079 32.121 32.372 32.419 40.881 26.671 49.319 19.062 28.419 35.418 21.409 10.249 26.049 13.187 22.544 19.772 24.922 21.906 32.769 17.519 31.793 38.826 21.445 44.223 33.552 36.439 19.607 9.901 36.694 29.977 11.955 33.675 0.000 33.781 29.473 21.977 34.328 30.099 33.775 49.172 32.842 40.742
17.838 37.780 18.500 46.760 32.938 41.030 36.214 24.282 48.554 44.985 21.740 20.500 44.410 32.507 41.072 39.568 30.983 29.911 25.677 21.422 38.177 54.476 32.918 44.193 28.741 36.533 35.206 39.012 31.508 36.150 34.093 20.929 23.882 42.958 30.447 22.795 17.608 35.768 24.867 36.575 29.404 34.747 34.181 18.772 22.652 33.147 28.881 33.781 0.000 30.130 38.520 37.392 42.378 25.574 54.853 41.555 19.035
24.297 29.701 33.547 29.009 32.674 27.390 24.486 28.166 32.918 27.777 28.935 31.023 26.661 31.633 26.617 22.645 11.769 13.870 18.031 30.983 22.268 36.867 32.316 29.089 18.980 24.192 31.779 23.682 26.648 22.887 33.151 27.150 25.804 25.341 24.012 20.091 31.897 23.368 33.177 18.618 19.825 23.923 31.453 29.796 19.551 26.959 16.993 29.473 30.130 0.000 26.077 19.494 25.668 19.288 37.126 23.689 34.441
33.772 43.190 43.962 26.097 26.702 12.369 10.262 41.329 41.112 23.037 31.683 42.801 24.650 25.781 16.404 20.168 28.315 29.149 31.361 43.065 17.992 40.114 26.266 18.619 33.053 9.251 23.511 16.752 21.381 14.177 26.314 30.960 27.848 23.346 20.706 32.179 42.429 13.066 45.897 27.037 33.898 17.021 24.036 40.155 30.689 19.906 31.068 21.977 38.520 26.077 0.000 27.569 20.362 32.788 39.855 23.916 44.767
31.565 28.827 40.126 23.565 38.290 27.553 27.003 33.077 26.423 23.598 36.250 37.011 21.497 37.219 26.235 20.378 18.499 19.706 24.147 36.762 21.774 29.375 37.885 27.471 22.728 26.380 36.552 23.314 31.901 24.871 38.517 34.526 32.875 20.747 29.406 26.830 38.493 25.826 38.274 3.993 22.918 27.225 36.509 36.552 26.741 31.641 21.381 34.328 37.392 19.494 27.569 0.000 22.773 24.891 29.634 18.726 41.023
36.843 39.600 46.773 17.797 34.790 18.624 21.496 41.783 34.055 12.977 37.618 44.605 19.267 33.808 17.100 13.437 26.780 27.985 31.699 44.615 19.167 31.859 34.350 16.891 31.904 20.723 31.807 18.481 28.881 19.867 34.521 36.430 33.695 14.449 27.333 33.564 45.138 20.875 46.837 22.702 32.445 22.747 32.247 42.933 32.613 27.723 30.063 30.099 42.378 25.668 20.362 22.773 0.000 32.922 31.553 16.636 47.648
20.277 26.212 27.297 35.824 35.798 34.418 30.904 20.878 34.985 34.900 28.443 24.147 33.523 34.879 33.770 29.900 18.538 17.264 6.408 23.964 29.533 41.229 35.530 36.346 14.223 30.773 35.980 30.905 30.808 29.648 36.570 26.522 26.752 32.325 28.379 13.937 25.684 29.910 25.922 24.227 17.830 30.000 35.371 23.879 16.537 31.680 15.829 33.775 25.574 19.288 32.788 24.891 32.922 0.000 41.686 30.518 28.191
49.071 37.911 56.880 26.201 53.710 38.121 40.616 48.482 22.931 29.259 53.661 53.250 27.222 52.671 36.622 32.093 35.882 36.944 41.272 52.794 34.501 4.428 53.274 35.314 38.851 39.835 51.081 35.252 47.418 38.629 53.617 52.013 50.082 28.519 45.313 44.109 55.305 39.729 53.461 30.508 38.574 41.570 51.385 53.565 44.254 46.600 38.159 49.172 54.853 37.126 39.855 29.634 31.553 41.686 0.000 28.347 57.762
35.787 35.399 45.235 17.329 37.362 22.825 24.356 39.169 29.534 16.874 38.269 42.587 13.357 36.324 21.309 16.919 24.021 25.295 29.481 42.467 18.196 28.477 36.927 21.524 28.921 23.585 34.799 19.167 31.086 22.310 37.281 36.825 34.469 8.980 29.063 31.772 43.586 23.412 44.335 18.914 29.287 25.235 35.061 41.480 31.175 30.255 27.275 32.842 41.555 23.689 23.916 18.726 16.636 30.518 28.347 0.000 46.129
23.027 37.040 3.993 51.448 39.967 47.131 42.491 22.524 50.086 50.047 28.748 17.087 49.098 39.542 46.998 44.703 34.551 33.320 28.884 17.944 43.637 57.255 39.951 50.024 30.910 42.722 42.220 44.662 38.368 42.154 41.125 27.955 30.837 47.748 37.101 26.367 11.312 41.912 20.178 40.310 31.233 41.093 41.204 16.718 27.055 39.961 31.752 40.742 19.035 34.441 44.767 41.023 47.648 28.191 57.762 46.129 0.000
0.0000 7.2507 3.4009 9.6764 6.4141 8.0355 6.5039 3.5062 10.3818 9.1225 3.1330 3.1720 8.8913 6.1853 7.9916 7.3217 4.3963 4.0526 2.6985 3.3492 6.9105 12.2381 6.3672 9.0056 3.8238 6.5721 6.8851 7.2304 5.3822 6.3756 6.7553 2.5617 3.1412 8.4152 4.8286 1.7446 2.8856 6.2996 4.4727 6.2476 4.0907 6.0501 6.5892 2.1278 1.6085 5.8610 3.7687 6.2778 1.9460 4.0990 7.2573 6.5216 8.2811 2.7590 12.3569 7.9291 3.6758
7.2507 0.0000 8.1116 9.1711 12.5353 10.6107 9.9789 4.8413 5.1952 9.4099 10.1967 6.6512 8.6133 12.2097 10.2256 8.3617 5.0436 4.8833 5.0759 6.3737 8.6822 8.3614 12.4334 10.7471 3.9066 9.8410 12.4176 9.2109 10.6813 9.3620 12.7547 9.5604 9.6434 8.4646 9.8147 5.7334 7.7295 9.5879 6.0530 5.6493 3.5597 9.8505 12.2684 7.4908 6.2493 10.8522 4.4366 11.6542 8.5934 5.9004 10.3966 5.6089 9.1999 4.7374 8.6371 7.7995 8.3467
3.4009 8.1116 0.0000 12.8517 9.1433 11.4363 9.8970 3.2704 12.4177 12.3877 5.4133 1.4679 12.0683 8.9933 11.3868 10.6078 7.2175 6.8072 5.3286 1.7715 10.2574 14.7923 9.1341 12.3927 6.0099 9.9707 9.8699 10.6023 8.5600 9.7757 9.5265 5.1232 6.0652 11.6193 8.1212 4.4903 0.5498 9.6995 2.6130 9.1373 6.1210 9.4344 9.5346 1.2853 4.7241 9.0860 6.2860 9.3642 2.1666 7.1822 10.6540 9.3752 11.5909 5.0989 14.9601 11.0785 0.2995
9.6764 9.1711 12.8517 0.0000 9.5289 4.0206 5.0970 10.8045 6.2494 1.0359 10.3007 11.9701 0.7856 9.2010 3.5388 2.5296 5.7686 6.1943 7.6017 11.9270 3.2405 4.8791 9.3825 3.0385 7.3704 4.8388 8.5279 3.3043 7.5451 4.5326 9.4383 9.8602 9.0064 1.2748 6.9907 8.3657 12.3019 4.8781 12.5312 3.9808 7.4699 5.5046 8.6799 11.5967 8.1557 7.1709 6.8435 7.9652 11.5867 5.6698 4.6989 3.8549 1.9325 7.9413 4.7337 1.7763 13.1495
6.4141 12.5353 9.1433 9.5289 0.0000 5.7542 4.4325 9.8741 13.5706 8.5381 3.7459 9.4647 8.9523 0.3570 6.1296 7.2142 7.7617 7.7752 7.5200 9.6929 6.4138 13.9406 0.1465 7.0369 8.6318 4.6918 1.2606 6.2360 2.1381 5.0430 0.4005 4.0410 3.2736 8.4643 2.9648 7.1227 8.7881 4.6808 10.8518 8.4896 8.9786 4.0571 0.9454 8.1376 6.5210 2.3743 8.1118 1.5749 6.9794 6.8915 4.9006 8.7632 7.5966 7.9325 13.9032 8.4541 9.3224
8.0355 10.6107 11.4363 4.0206 5.7542 0.0000 1.6612 10.3784 9.4455 2.9847 7.4780 10.9782 3.6475 5.4603 0.5111 2.4695 5.7915 6.1137 7.0069 11.0478 1.9399 8.8190 5.6109 1.2929 7.4442 1.5086 4.6348 1.4157 4.0486 1.6668 5.5969 7.2213 6.1927 3.2792 3.8218 7.3728 10.9164 1.7542 11.9503 5.0538 7.7011 2.1787 4.8427 10.1590 6.9119 3.5433 6.7838 4.1860 9.6768 5.1301 0.9277 5.1844 2.2081 7.4728 8.7070 3.6084 11.7103
6.5039 9.9789 9.8970 5.0970 4.4325 1.6612 0.0000 9.1026 9.6680 4.1153 5.8189 9.5371 4.5288 4.1041 1.8496 2.8513 4.9597 5.2002 5.8219 9.6331 2.0542 9.5999 4.2860 2.8907 6.4678 0.2612 3.4885 1.8075 2.5020 0.7210 4.3562 5.5614 4.5316 4.0518 2.1684 6.0363 9.3890 0.3988 10.5965 4.7901 6.7645 0.5178 3.6025 8.6314 5.5220 2.0784 5.8108 2.8756 8.0714 4.1620 0.7696 5.0010 3.1653 6.3013 9.5387 4.1186 10.1636
3.5062 4.8413 3.2704 10.8045 9.8741 10.3784 9.1026 0.0000 9.3334 10.5612 6.6049 1.8131 10.0539 9.6241 10.1882 8.9213 5.0551 4.6341 3.3957 1.5543 8.7994 11.9586 9.8169 11.0676 3.4500 9.0900 10.2257 9.2490 8.6008 8.7532 10.1984 6.0605 6.6084 9.6804 7.9018 3.0793 2.9050 8.8011 1.7324 6.8495 3.4147 8.7459 9.9596 2.7903 3.6422 9.0001 3.9645 9.5575 4.0941 5.3886 9.7764 7.0257 9.9276 2.9593 12.1607 9.0562 3.5081
10.3818 5.1952 12.4177 6.2494 13.5706 9.4455 9.6680 9.3334 0.0000 6.9989 12.5771 11.0688 6.1068 13.2137 8.9442 7.0071 6.2591 6.4765 7.6850 10.8616 7.7081 3.3305 13.4360 8.9396 6.6046 9.4357 12.9716 8.1426 11.4415 8.9471 13.6455 11.9600 11.5742 6.2887 10.6080 8.6381 11.9346 9.2929 10.8662 5.0817 6.3998 9.8131 12.9701 11.4693 8.8731 11.3421 6.6204 12.2387 12.1846 6.9728 9.7041 4.8078 7.3516 7.6617 3.6437 5.8448 12.6953
9.1225 9.4099 12.3877 1.0359 8.5381 2.9847 4.1153 10.5612 6.9989 0.0000 9.4981 11.6000 0.8990 8.2153 2.5051 1.8060 5.5107 5.9284 7.2528 11.5841 2.3887 5.8862 8.3918 2.0438 7.1878 3.8608 7.5143 2.3566 6.5916 3.5931 8.4353 9.0913 8.1925 0.9512 6.0841 7.9387 11.8400 3.9245 12.2690 3.9161 7.3325 4.5458 7.6760 11.1151 7.6643 6.1937 6.6084 6.9687 10.9951 5.2591 3.6791 3.8660 0.9733 7.6334 5.7529 1.6245 12.6824
3.1330 10.1967 5.4133 10.3007 3.7459 7.4780 5.8189 6.6049 12.5771 9.4981 0.0000 5.8729 9.5654 3.6284 7.6364 7.7714 6.3183 6.1277 5.2188 6.1338 7.1094 13.8348 3.7488 8.6946 6.4492 5.9995 4.6026 7.2177 3.6829 6.0502 4.1368 0.6425 1.3107 9.0475 3.6594 4.4639 5.0871 5.8078 7.3097 7.7842 6.7732 5.3012 4.2441 4.4834 3.9794 4.2641 6.1495 4.2430 3.2467 5.6452 6.5611 8.0835 8.5393 5.4811 13.8868 8.7563 5.5827
3.1720 6.6512 1.4679 11.9701 9.4647 10.9782 9.5371 1.8131 11.0688 11.6000 5.8729 0.0000 11.1962 9.2661 10.8661 9.8659 6.2261 5.8026 4.3685 0.3309 9.6109 13.5659 9.4330 11.8253 4.8363 9.5736 10.0284 10.0054 8.5538 9.3133 9.8259 5.4451 6.2306 10.7769 7.9879 3.6835 1.1893 9.2907 1.4592 8.1227 4.8952 9.1146 9.7202 1.4320 4.0739 9.0313 5.2102 9.4411 2.8333 6.3410 10.2670 8.3371 10.8684 4.0490 13.7500 10.1956 1.6956
8.8913 8.6133 12.0683 0.7856 8.9523 3.6475 4.5288 10.0539 6.1068 0.8990 9.5654 11.1962 0.0000 8.6167 3.1420 1.8157 5.0075 5.4326 6.8279 11.1572 2.5743 5.1748 8.8059 2.8721 6.6309 4.2677 8.0024 2.7215 6.9228 3.9167 8.8850 9.1125 8.2781 0.5190 6.3254 7.5836 11.5185 4.2741 11.7774 3.2641 6.7436 4.9007 8.1308 10.8121 7.3703 6.5811 6.0898 7.4039 10.8033 4.8870 4.2167 3.1655 1.4450 7.1745 5.0739 1.0018 12.3659
6.1853 12.2097 8.9933 9.2010 0.3570 5.4603 4.1041 9.6241 13.2137 8.2153 3.6284 9.2661 8.6167 0.0000 5.8239 6.8714 7.4165 7.4356 7.2083 9.4868 6.0720 13.5923 0.2275 6.7477 8.3089 4.3623 1.1128 5.9036 1.7819 4.7037 0.5749 3.8736 3.0467 8.1263 2.6085 6.8347 8.6232 4.3432 10.6395 8.1328 8.6554 3.7179 0.7527 7.9586 6.2307 2.0357 7.7818 1.2747 6.8356 6.5445 4.5937 8.4063 7.2694 7.6265 13.5568 8.1079 9.1808
7.9916 10.2256 11.3868 3.5388 6.1296 0.5111 1.8496 10.1882 8.9442 2.5051 7.6364 10.8661 3.1420 5.8239 0.0000 1.9922 5.4849 5.8262 6.7994 10.9210 1.5464 8.3157 5.9847 1.0614 7.1632 1.6422 5.0474 1.0201 4.3284 1.6441 5.9936 7.3412 6.3361 2.7684 4.0079 7.2245 10.8593 1.8321 11.7902 4.6295 7.4064 2.3564 5.2353 10.1042 6.7923 3.8563 6.5072 4.5552 9.6908 4.8724 1.2303 4.7449 1.6998 7.2565 8.2073 3.1030 11.6659
7.3217 8.3617 10.6078 2.5296 7.2142 2.4695 2.8513 8.9213 7.0071 1.8060 7.7714 9.8659 1.8157 6.8714 1.9922 0.0000 3.9344 4.3308 5.5584 9.8665 0.8027 6.7514 7.0686 2.3882 5.6455 2.5937 6.3358 1.1413 5.1454 2.1786 7.1751 7.3368 6.4769 1.2987 4.5178 6.1880 10.0616 2.5453 10.6048 2.7146 5.8361 3.1604 6.4308 9.3307 5.8844 4.8408 5.0248 5.6931 9.1894 3.5484 2.7226 2.7926 1.0078 5.9667 6.6977 1.2689 10.9009
4.3963 5.0436 7.2175 5.7686 7.7617 5.7915 4.9597 5.0551 6.2591 5.5107 6.3183 6.2261 5.0075 7.4165 5.4849 3.9344 0.0000 0.4259 1.8890 6.1669 3.9703 7.8441 7.6440 6.2214 1.7121 4.8406 7.4755 4.4757 5.7643 4.3815 7.9267 5.7014 5.3546 4.6254 4.8857 2.7787 6.6717 4.5759 6.7727 1.9201 1.9257 4.8087 7.3661 6.0186 2.7916 5.8676 1.0988 6.7069 6.3275 0.8827 5.4384 2.1662 4.9267 2.1793 7.9606 4.0069 7.5169
4.0526 4.8833 6.8072 6.1943 7.7752 6.1137 5.2002 4.6341 6.4765 5.9284 6.1277 5.8026 5.4326 7.4356 5.8262 4.3308 0.4259 0.0000 1.4808 5.7417 4.3291 8.1889 7.6625 6.5917 1.3383 5.0974 7.5574 4.8254 5.8300 4.6540 7.9597 5.5006 5.2273 5.0477 4.9553 2.3952 6.2627 4.8252 6.3494 2.3322 1.5887 5.0136 7.4283 5.6180 2.4614 5.9737 0.6948 6.7905 5.9703 1.0403 5.7162 2.5686 5.3283 1.7546 8.3147 4.4317 7.1066
2.6985 5.0759 5.3286 7.6017 7.5200 7.0069 5.8219 3.3957 7.6850 7.2528 5.2188 4.3685 6.8279 7.2083 6.7994 5.5584 1.8890 1.4808 0.0000 4.3346 5.4049 9.6191 7.4273 7.6719 1.2304 5.7801 7.5462 5.8536 5.8172 5.4091 7.7680 4.5762 4.5697 6.4130 4.9986 0.9627 4.7832 5.4924 5.0499 3.8088 1.5584 5.5194 7.3510 4.1382 1.2507 6.0960 1.0719 6.8062 4.5592 2.0103 6.4536 4.0491 6.5662 0.4806 9.7572 5.8271 5.6280
3.3492 6.3737 1.7715 11.9270 9.6929 11.0478 9.6331 1.5543 10.8616 11.5841 6.1338 0.3309 11.1572 9.4868 10.9210 9.8665 6.1669 5.7417 4.3346 0.0000 9.6374 13.4080 9.6577 11.8666 4.7210 9.6611 10.2276 10.0435 8.7267 9.3863 10.0497 5.6886 6.4444 10.7473 8.1379 3.7078 1.5191 9.3764 1.1763 8.0479 4.7579 9.2210 9.9250 1.7339 4.1359 9.1933 5.1288 9.6270 3.1408 6.3276 10.3549 8.2539 10.8717 3.9880 13.5980 10.1555 1.9815
6.9105 8.6822 10.2574 3.2405 6.4138 1.9399 2.0542 8.7994 7.7081 2.3887 7.1094 9.6109 2.5743 6.0720 1.5464 0.8027 3.9703 4.3291 5.4049 9.6374 0.0000 7.5533 6.2680 2.2735 5.6669 1.7989 5.5349 0.5287 4.3548 1.3759 6.3724 6.7069 5.8041 2.0677 3.7550 5.9309 9.7170 1.7425 10.4439 3.1165 5.8959 2.3584 5.6280 8.9731 5.5629 4.0398 5.0185 4.8904 8.7256 3.4228 1.9972 3.2580 1.4376 5.8443 7.5005 2.0653 10.5456
12.2381 8.3614 14.7923 4.8791 13.9406 8.8190 9.5999 11.9586 3.3305 5.8862 13.8348 13.5659 5.1748 13.5923 8.3157 6.7514 7.8441 8.1889 9.6191 13.4080 7.5533 0.0000 13.7961 7.9168 8.7832 9.3407 13.0870 7.8231 11.8335 8.9279 13.9193 13.2776 12.6557 5.5893 11.1167 10.5698 14.2705 9.2950 13.6081 6.0863 8.6801 9.9039 13.1793 13.7006 10.6356 11.5754 8.5733 12.4396 14.1588 8.2889 9.3712 5.7917 6.6197 9.7431 0.3321 5.4924 15.0849
6.3672 12.4334 9.1341 9.3825 0.1465 5.6109 4.2860 9.8169 13.4360 8.3918 3.7488 9.4330 8.8059 0.2275 5.9847 7.0686 7.6440 7.6625 7.4273 9.6577 6.2680 13.7961 0.0000 6.8944 8.5317 4.5453 1.1455 6.0895 1.9996 4.8969 0.3937 4.0222 3.2262 8.3181 2.8328 7.0444 8.7721 4.5346 10.8137 8.3556 8.8783 3.9111 0.8161 8.1150 6.4412 2.2284 8.0066 1.4297 6.9725 6.7720 4.7555 8.6283 7.4502 7.8434 13.7581 8.3091 9.3169
9.0056 10.7471 12.3927 3.0385 7.0369 1.2929 2.8907 11.0676 8.9396 2.0438 8.6946 11.8253 2.8721 6.7477 1.0614 2.3882 6.2214 6.5917 7.6719 11.8666 2.2735 7.9168 6.8944 0.0000 7.9272 2.6960 5.8958 1.8249 5.3334 2.6978 6.8679 8.4025 7.3959 2.6530 5.0574 8.1601 11.8607 2.8932 12.7006 5.0980 8.1450 3.4040 6.1179 11.1081 7.7558 4.8348 7.2839 5.4729 10.7309 5.6962 2.2063 5.1569 1.6302 8.1153 7.7712 3.1746 12.6746
3.8238 3.9066 6.0099 7.3704 8.6318 7.4442 6.4678 3.4500 6.6046 7.1878 6.4492 4.8363 6.6309 8.3089 7.1632 5.6455 1.7121 1.3383 1.2304 4.7210 5.6669 8.7832 8.5317 7.9272 0.0000 6.3821 8.5620 6.1637 6.8230 5.9546 8.8581 5.8067 5.7737 6.2811 5.9709 2.0936 5.4873 6.1038 5.1824 3.4019 0.3470 6.2412 8.3942 4.9358 2.4769 7.0404 0.6624 7.8060 5.5803 2.3268 7.0178 3.5760 6.6345 1.0667 8.9505 5.6404 6.3035
6.5721 9.8410 9.9707 4.8388 4.6918 1.5086 0.2612 9.0900 9.4357 3.8608 5.9995 9.5736 4.2677 4.3623 1.6422 2.5937 4.8406 5.0974 5.7801 9.6611 1.7989 9.3407 4.5453 2.6960 6.3821 0.0000 3.7488 1.5466 2.7443 0.5037 4.6173 5.7219 4.7039 3.7906 2.3659 6.0356 9.4574 0.2890 10.6068 4.5898 6.6718 0.7185 3.8637 8.6995 5.5365 2.3337 5.7222 3.1364 8.1776 4.0640 0.6938 4.7933 2.9078 6.2576 9.2785 3.8618 10.2406
6.8851 12.4176 9.8699 8.5279 1.2606 4.6348 3.4885 10.2257 12.9716 7.5143 4.6026 10.0284 8.0024 1.1128 5.0474 6.3358 7.4755 7.5574 7.5462 10.2276 5.5349 13.0870 1.1455 5.8958 8.5620 3.7488 0.0000 5.2854 1.7391 4.1643 0.9919 4.7593 3.8181 7.5350 2.6037 7.3036 9.4699 3.7973 11.3575 7.9293 8.9035 3.2066 0.3707 8.7767 6.6965 1.6433 7.9861 0.7686 7.7352 6.5929 3.8369 8.1840 6.6022 7.9932 13.0272 7.5996 10.0734
7.2304 9.2109 10.6023 3.3043 6.2360 1.4157 1.8075 9.2490 8.1426 2.3566 7.2177 10.0054 2.7215 5.9036 1.0201 1.1413 4.4757 4.8254 5.8536 10.0435 0.5287 7.8231 6.0895 1.8249 6.1637 1.5466 5.2854 0.0000 4.2429 1.2366 6.1636 6.8531 5.9070 2.2498 3.7319 6.3363 10.0664 1.5744 10.8765 3.6381 6.4000 2.2003 5.4093 9.3170 5.9401 3.8700 5.5111 4.6829 9.0041 3.8940 1.5840 3.7713 1.3861 6.3016 7.7507 2.3890 10.8873
5.3822 10.6813 8.5600 7.5451 2.1381 4.0486 2.5020 8.6008 11.4415 6.5916 3.6829 8.5538 6.9228 1.7819 4.3284 5.1454 5.7643 5.8300 5.8172 8.7267 4.3548 11.8335 1.9996 5.3334 6.8230 2.7443 1.7391 4.2429 0.0000 3.0131 2.2101 3.6226 2.5659 6.4215 0.8787 5.6194 8.1162 2.6688 9.8248 6.3637 7.1644 2.0459 1.6018 7.3897 5.0157 0.5815 6.2481 0.9890 6.5026 4.8826 3.1271 6.6338 5.6270 6.2694 11.8061 6.3622 8.7893
6.3756 9.3620 9.7757 4.5326 5.0430 1.6668 0.7210 8.7532 8.9471 3.5931 6.0502 9.3133 3.9167 4.7037 1.6441 2.1786 4.3815 4.6540 5.4091 9.3863 1.3759 8.9279 4.8969 2.6978 5.9546 0.5037 4.1643 1.2366 3.0131 0.0000 4.9967 5.7241 4.7417 3.4229 2.5030 5.7238 9.2535 0.3673 10.3024 4.0861 6.2362 0.9859 4.2523 8.4965 5.2509 2.6688 5.2928 3.5145 8.0499 3.6291 1.0632 4.2904 2.6225 5.8826 8.8763 3.4368 10.0513
6.7553 12.7547 9.5265 9.4383 0.4005 5.5969 4.3562 10.1984 13.6455 8.4353 4.1368 9.8259 8.8850 0.5749 5.9936 7.1751 7.9267 7.9597 7.7680 10.0497 6.3724 13.9193 0.3937 6.8679 8.8581 4.6173 0.9919 6.1636 2.2101 4.9967 0.0000 4.4158 3.6149 8.4056 3.0724 7.4063 9.1656 4.6308 11.2048 8.5711 9.2042 4.0160 0.7596 8.5087 6.8016 2.3492 8.3223 1.4829 7.3643 7.0502 4.7713 8.8389 7.5069 8.1900 13.8724 8.4271 9.7084
2.5617 9.5604 5.1232 9.8602 4.0410 7.2213 5.5614 6.0605 11.9600 9.0913 0.6425 5.4451 9.1125 3.8736 7.3412 7.3368 5.7014 5.5006 4.5762 5.6886 6.7069 13.2776 4.0222 8.4025 5.8067 5.7219 4.7593 6.8531 3.6226 5.7241 4.4158 0.0000 1.0669 8.5970 3.4470 3.8270 4.7503 5.5097 6.8591 7.2099 6.1308 5.0456 4.4172 4.0977 3.3374 4.1932 5.5102 4.3074 2.9765 5.0501 6.3199 7.5086 8.1435 4.8406 13.3375 8.2752 5.3183
3.1412 9.6434 6.0652 9.0064 3.2736 6.1927 4.5316 6.6084 11.5742 8.1925 1.3107 6.2306 8.2781 3.0467 6.3361 6.4769 5.3546 5.2273 4.5697 6.4444 5.8041 12.6557 3.2262 7.3959 5.7737 4.7039 3.8181 5.9070 2.5659 4.7417 3.6149 1.0669 0.0000 7.7594 2.3927 3.9951 5.6541 4.5052 7.5937 6.6595 6.1147 4.0140 3.4969 4.9588 3.4225 3.1318 5.3707 3.3021 3.9608 4.6015 5.2828 6.9584 7.2317 4.9174 12.6939 7.4898 6.2789
8.4152 8.4646 11.6193 1.2748 8.4643 3.2792 4.0518 9.6804 6.2887 0.9512 9.0475 10.7769 0.5190 8.1263 2.7684 1.2987 4.6254 5.0477 6.4130 10.7473 2.0677 5.5893 8.3181 2.6530 6.2811 3.7906 7.5350 2.2498 6.4215 3.4229 8.4056 8.5970 7.7594 0.0000 5.8131 7.1430 11.0699 3.7835 11.3970 2.9726 6.4134 4.4085 7.6538 10.3573 6.9096 6.0909 5.7180 6.9231 10.3193 4.4471 3.7820 2.9156 1.0837 6.7749 5.5064 0.6735 11.9161
4.8286 9.8147 8.1212 6.9907 2.9648 3.8218 2.1684 7.9018 10.6080 6.0841 3.6594 7.9879 6.3254 2.6085 4.0079 4.5178 4.8857 4.9553 4.9986 8.1379 3.7550 11.1167 2.8328 5.0574 5.9709 2.3659 2.6037 3.7319 0.8787 2.5030 3.0724 3.4470 2.3927 5.8131 0.0000 4.8707 7.6492 2.2086 9.2032 5.5263 6.3102 1.6534 2.4805 6.9049 4.2763 1.1071 5.3860 1.8396 6.1490 4.0039 2.9021 5.8020 5.1109 5.4596 11.1043 5.6878 8.3670
1.7446 5.7334 4.4903 8.3657 7.1227 7.3728 6.0363 3.0793 8.6381 7.9387 4.4639 3.6835 7.5836 6.8347 7.2245 6.1880 2.7787 2.3952 0.9627 3.7078 5.9309 10.5698 7.0444 8.1601 2.0936 6.0356 7.3036 6.3363 5.6194 5.7238 7.4063 3.8270 3.9951 7.1430 4.8707 0.0000 3.9406 5.7473 4.5787 4.6886 2.3805 5.6691 7.0702 3.2569 0.6076 5.9768 2.0342 6.5977 3.5982 2.6970 6.7263 4.9434 7.1880 1.0453 10.7029 6.5908 4.7890
2.8856 7.7295 0.5498 12.3019 8.7881 10.9164 9.3890 2.9050 11.9346 11.8400 5.0871 1.1893 11.5185 8.6232 10.8593 10.0616 6.6717 6.2627 4.7832 1.5191 9.7170 14.2705 8.7721 11.8607 5.4873 9.4574 9.4699 10.0664 8.1162 9.2535 9.1656 4.7503 5.6541 11.0699 7.6492 3.9406 0.0000 9.1842 2.5412 8.5918 5.6089 8.9319 9.1412 0.7579 4.1773 8.6327 5.7486 8.9421 1.8693 6.6324 10.1430 8.8312 11.0460 4.5615 14.4350 10.5287 0.8484
6.2996 9.5879 9.6995 4.8781 4.6808 1.7542 0.3988 8.8011 9.2929 3.9245 5.8078 9.2907 4.2741 4.3432 1.8321 2.5453 4.5759 4.8252 5.4924 9.3764 1.7425 9.2950 4.5346 2.8932 6.1038 0.2890 3.7973 1.5744 2.6688 0.3673 4.6308 5.5097 4.5052 3.7835 2.2086 5.7473 9.1842 0.0000 10.3193 4.3949 6.3960 0.6274 3.8855 8.4263 5.2499 2.3075 5.4447 3.1483 7.9227 3.7895 0.9800 4.6087 2.9583 5.9701 9.2429 3.8041 9.9707
4.4727 6.0530 2.6130 12.5312 10.8518 11.9503 10.5965 1.7324 10.8662 12.2690 7.3097 1.4592 11.7774 10.6395 11.7902 10.6048 6.7727 6.3494 5.0499 1.1763 10.4439 13.6081 10.8137 12.7006 5.1824 10.6068 11.3575 10.8765 9.8248 10.3024 11.2048 6.8591 7.5937 11.3970 9.2032 4.5787 2.5412 10.3193 0.0000 8.5810 5.1423 10.2062 11.0614 2.8911 5.0746 10.2746 5.6880 10.7411 4.2890 7.0590 11.2991 8.7581 11.6125 4.6406 13.8205 10.7782 2.7259
6.2476 5.6493 9.1373 3.9808 8.4896 5.0538 4.7901 6.8495 5.0817 3.9161 7.7842 8.1227 3.2641 8.1328 4.6295 2.7146 1.9201 2.3322 3.8088 8.0479 3.1165 6.0863 8.3556 5.0980 3.4019 4.5898 7.9293 3.6381 6.3637 4.0861 8.5711 7.2099 6.6595 2.9726 5.5263 4.6886 8.5918 4.3949 8.5810 0.0000 3.4893 4.8430 7.9082 7.9366 4.6411 6.2897 2.9197 7.1841 8.1917 2.2060 5.0125 0.2994 3.5673 4.0758 6.1695 2.3046 9.4368
4.0907 3.5597 6.1210 7.4699 8.9786 7.7011 6.7645 3.4147 6.3998 7.3325 6.7732 4.8952 6.7436 8.6554 7.4064 5.8361 1.9257 1.5887 1.5584 4.7579 5.8959 8.6801 8.8783 8.1450 0.3470 6.6718 8.9035 6.4000 7.1644 6.2362 9.2042 6.1308 6.1147 6.4134 6.3102 2.3805 5.6089 6.3960 5.1423 3.4893 0.0000 6.5500 8.7378 5.0897 2.7954 7.3761 0.9575 8.1465 5.8015 2.6084 7.2992 3.6392 6.8149 1.3372 8.8581 5.7624 6.4111
6.0501 9.8505 9.4344 5.5046 4.0571 2.1787 0.5178 8.7459 9.8131 4.5458 5.3012 9.1146 4.9007 3.7179 2.3564 3.1604 4.8087 5.0136 5.5194 9.2210 2.3584 9.9039 3.9111 3.4040 6.2412 0.7185 3.2066 2.2003 2.0459 0.9859 4.0160 5.0456 4.0140 4.4085 1.6534 5.6691 8.9319 0.6274 10.2062 4.8430 6.5500 0.0000 3.2763 8.1752 5.1353 1.6829 5.5926 2.5358 7.5822 3.9743 1.2766 5.0750 3.5822 6.0000 9.8567 4.4116 9.6978
6.5892 12.2684 9.5346 8.6799 0.9454 4.8427 3.6025 9.9596 12.9701 7.6760 4.2441 9.7202 8.1308 0.7527 5.2353 6.4308 7.3661 7.4283 7.3510 9.9250 5.6280 13.1793 0.8161 6.1179 8.3942 3.8637 0.3707 5.4093 1.6018 4.2523 0.7596 4.4172 3.4969 7.6538 2.4805 7.0702 9.1412 3.8855 11.0614 7.9082 8.7378 3.2763 0.0000 8.4542 6.4626 1.6335 7.8322 0.7426 7.3937 6.4844 4.0121 8.1698 6.7489 7.7905 13.1284 7.6870 9.7346
2.1278 7.4908 1.2853 11.5967 8.1376 10.1590 8.6314 2.7903 11.4693 11.1151 4.4834 1.4320 10.8121 7.9586 10.1042 9.3307 6.0186 5.6180 4.1382 1.7339 8.9731 13.7006 8.1150 11.1081 4.9358 8.6995 8.7767 9.3170 7.3897 8.4965 8.5087 4.0977 4.9588 10.3573 6.9049 3.2569 0.7579 8.4263 2.8911 7.9366 5.0897 8.1752 8.4542 0.0000 3.4514 7.8992 5.1403 8.2312 1.4079 5.9321 9.3851 8.1841 10.3110 3.9597 13.8550 9.8267 1.5727
1.6085 6.2493 4.7241 8.1557 6.5210 6.9119 5.5220 3.6422 8.8731 7.6643 3.9794 4.0739 7.3703 6.2307 6.7923 5.8844 2.7916 2.4614 1.2507 4.1359 5.5629 10.6356 6.4412 7.7558 2.4769 5.5365 6.6965 5.9401 5.0157 5.2509 6.8016 3.3374 3.4225 6.9096 4.2763 0.6076 4.1773 5.2499 5.0746 4.6411 2.7954 5.1353 6.4626 3.4514 0.0000 5.3809 2.2642 5.9924 3.5506 2.5169 6.2298 4.9137 6.8712 1.5125 10.7512 6.3918 5.0182
5.8610 10.8522 9.0860 7.1709 2.3743 3.5433 2.0784 9.0001 11.3421 6.1937 4.2641 9.0313 6.5811 2.0357 3.8563 4.8408 5.8676 5.9737 6.0960 9.1933 4.0398 11.5754 2.2284 4.8348 7.0404 2.3337 1.6433 3.8700 0.5815 2.6688 2.3492 4.1932 3.1318 6.0909 1.1071 5.9768 8.6327 2.3075 10.2746 6.2897 7.3761 1.6829 1.6335 7.8992 5.3809 0.0000 6.4405 0.8966 7.0491 4.9864 2.6352 6.5471 5.2411 6.5600 11.5333 6.0850 9.3204
3.7687 4.4366 6.2860 6.8435 8.1118 6.7838 5.8108 3.9645 6.6204 6.6084 6.1495 5.2102 6.0898 7.7818 6.5072 5.0248 1.0988 0.6948 1.0719 5.1288 5.0185 8.5733 8.0066 7.2839 0.6624 5.7222 7.9861 5.5111 6.2481 5.2928 8.3223 5.5102 5.3707 5.7180 5.3860 2.0342 5.7486 5.4447 5.6880 2.9197 0.9575 5.5926 7.8322 5.1403 2.2642 6.4405 0.0000 7.2251 5.6271 1.6645 6.3560 3.1272 6.0210 1.1872 8.7196 5.0917 6.5839
6.2778 11.6542 9.3642 7.9652 1.5749 4.1860 2.8756 9.5575 12.2387 6.9687 4.2430 9.4411 7.4039 1.2747 4.5552 5.6931 6.7069 6.7905 6.8062 9.6270 4.8904 12.4396 1.4297 5.4729 7.8060 3.1364 0.7686 4.6829 0.9890 3.5145 1.4829 4.3074 3.3021 6.9231 1.8396 6.5977 8.9421 3.1483 10.7411 7.1841 8.1465 2.5358 0.7426 8.2312 5.9924 0.8966 7.2251 0.0000 7.2605 5.8242 3.3258 7.4427 6.0329 7.2582 12.3907 6.9473 9.5806
1.9460 8.5934 2.1666 11.5867 6.9794 9.6768 8.0714 4.0941 12.1846 10.9951 3.2467 2.8333 10.8033 6.8356 9.6908 9.1894 6.3275 5.9703 4.5592 3.1408 8.7256 14.1588 6.9725 10.7309 5.5803 8.1776 7.7352 9.0041 6.5026 8.0499 7.3643 2.9765 3.9608 10.3193 6.1490 3.5982 1.8693 7.9227 4.2890 8.1917 5.8015 7.5822 7.3937 1.4079 3.5506 7.0491 5.6271 7.2605 0.0000 6.0435 8.8399 8.4640 10.1259 4.5247 14.2843 9.8516 2.3452
4.0990 5.9004 7.1822 5.6698 6.8915 5.1301 4.1620 5.3886 6.9728 5.2591 5.6452 6.3410 4.8870 6.5445 4.8724 3.5484 0.8827 1.0403 2.0103 6.3276 3.4228 8.2889 6.7720 5.6962 2.3268 4.0640 6.5929 3.8940 4.8826 3.6291 7.0502 5.0501 4.6015 4.4471 4.0039 2.6970 6.6324 3.7895 7.0590 2.2060 2.6084 3.9743 6.4844 5.9321 2.5169 4.9864 1.6645 5.8242 6.0435 0.0000 4.6923 2.4979 4.5561 2.4293 8.3754 3.8963 7.4802
7.2573 10.3966 10.6540 4.6989 4.9006 0.9277 0.7696 9.7764 9.7041 3.6791 6.5611 10.2670 4.2167 4.5937 1.2303 2.7226 5.4384 5.7162 6.4536 10.3549 1.9972 9.3712 4.7555 2.2063 7.0178 0.6938 3.8369 1.5840 3.1271 1.0632 4.7713 6.3199 5.2828 3.7820 2.9021 6.7263 10.1430 0.9800 11.2991 5.0125 7.2992 1.2766 4.0121 9.3851 6.2298 2.6352 6.3560 3.3258 8.8399 4.6923 0.0000 5.1896 2.7872 6.9295 9.2849 3.9718 10.9223
6.5216 5.6089 9.3752 3.8549 8.7632 5.1844 5.0010 7.0257 4.8078 3.8660 8.0835 8.3371 3.1655 8.4063 4.7449 2.7926 2.1662 2.5686 4.0491 8.2539 3.2580 5.7917 8.6283 5.1569 3.5760 4.7933 8.1840 3.7713 6.6338 4.2904 8.8389 7.5086 6.9584 2.9156 5.8020 4.9434 8.8312 4.6087 8.7581 0.2994 3.6392 5.0750 8.1698 8.1841 4.9137 6.5471 3.1272 7.4427 8.4640 2.4979 5.1896 0.0000 3.5912 4.2971 5.8782 2.2421 9.6745
8.2811 9.1999 11.5909 1.9325 7.5966 2.2081 3.1653 9.9276 7.3516 0.9733 8.5393 10.8684 1.4450 7.2694 1.6998 1.0078 4.9267 5.3283 6.5662 10.8717 1.4376 6.6197 7.4502 1.6302 6.6345 2.9078 6.6022 1.3861 5.6270 2.6225 7.5069 8.1435 7.2317 1.0837 5.1109 7.1880 11.0460 2.9583 11.6125 3.5673 6.8149 3.5822 6.7489 10.3110 6.8712 5.2411 6.0210 6.0329 10.1259 4.5561 2.7872 3.5912 0.0000 6.9740 6.5176 1.5455 11.8827
2.7590 4.7374 5.0989 7.9413 7.9325 7.4728 6.3013 2.9593 7.6617 7.6334 5.4811 4.0490 7.1745 7.6265 7.2565 5.9667 2.1793 1.7546 0.4806 3.9880 5.8443 9.7431 7.8434 8.1153 1.0667 6.2576 7.9932 6.3016 6.2694 5.8826 8.1900 4.8406 4.9174 6.7749 5.4596 1.0453 4.5615 5.9701 4.6406 4.0758 1.3372 6.0000 7.7905 3.9597 1.5125 6.5600 1.1872 7.2582 4.5247 2.4293 6.9295 4.2971 6.9740 0.0000 9.8954 6.1727 5.3969
12.3569 8.6371 14.9601 4.7337 13.9032 8.7070 9.5387 12.1607 3.6437 5.7529 13.8868 13.7500 5.0739 13.5568 8.2073 6.6977 7.9606 8.3147 9.7572 13.5980 7.5005 0.3321 13.7581 7.7712 8.9505 9.2785 13.0272 7.7507 11.8061 8.8763 13.8724 13.3375 12.6939 5.5064 11.1043 10.7029 14.4350 9.2429 13.8205 6.1695 8.8581 9.8567 13.1284 13.8550 10.7512 11.5333 8.7196 12.3907 14.2843 8.3754 9.2849 5.8782 6.5176 9.8954 0.0000 5.4491 15.2539
7.9291 7.7995 11.0785 1.7763 8.4541 3.6084 4.1186 9.0562 5.8448 1.6245 8.7563 10.1956 1.0018 8.1079 3.1030 1.2689 4.0069 4.4317 5.8271 10.1555 2.0653 5.4924 8.3091 3.1746 5.6404 3.8618 7.5996 2.3890 6.3622 3.4368 8.4271 8.2752 7.4898 0.6735 5.6878 6.5908 10.5287 3.8041 10.7782 2.3046 5.7624 4.4116 7.6870 9.8267 6.3918 6.0850 5.0917 6.9473 9.8516 3.8963 3.9718 2.2421 1.5455 6.1727 5.4491 0.0000 11.3765
3.6758 8.3467 0.2995 13.1495 9.3224 11.7103 10.1636 3.5081 12.6953 12.6824 5.5827 1.6956 12.3659 9.1808 11.6659 10.9009 7.5169 7.1066 5.6280 1.9815 10.5456 15.0849 9.3169 12.6746 6.3035 10.2406 10.0734 10.8873 8.7893 10.0513 9.7084 5.3183 6.2789 11.9161 8.3670 4.7890 0.8484 9.9707 2.7259 9.4368 6.4111 9.6978 9.7346 1.5727 5.0182 9.3204 6.5839 9.5806 2.3452 7.4802 10.9223 9.6745 11.8827 5.3969 15.2539 11.3765 0.0000
0.000 31.074 14.575 41.470 27.489 34.438 27.874 15.027 44.493 39.096 13.427 13.594 38.106 26.508 34.250 31.379 18.841 17.368 11.565 14.354 29.616 52.449 27.288 38.595 16.388 28.166 29.507 30.987 23.066 27.324 28.951 10.979 13.462 36.065 20.694 7.477 12.367 26.998 19.169 26.775 17.531 25.929 28.240 9.119 6.894 25.118 16.152 26.905 8.340 17.567 31.103 27.950 35.490 11.824 52.958 33.982 15.754
31.074 0.000 34.764 39.305 53.723 45.474 42.767 20.748 22.265 40.328 43.700 28.505 36.914 52.327 43.824 35.836 21.616 20.928 21.754 27.316 37.210 35.835 53.286 46.059 16.743 42.176 53.218 39.475 45.777 40.123 54.663 40.973 41.329 36.277 42.063 24.572 33.127 41.091 25.942 24.211 15.256 42.216 52.579 32.104 26.783 46.510 19.014 49.946 36.829 25.288 44.557 24.038 39.428 20.303 37.016 33.427 35.772
14.575 34.764 0.000 55.079 39.186 49.013 42.416 14.016 53.219 53.090 23.200 6.291 51.721 38.543 48.801 45.462 30.932 29.174 22.837 7.592 43.960 63.395 39.146 53.111 25.757 42.732 42.300 45.439 36.686 41.896 40.828 21.956 25.994 49.797 34.805 19.244 2.356 41.569 11.198 39.160 26.233 40.433 40.863 5.509 20.246 38.940 26.940 40.132 9.286 30.781 45.660 40.180 49.675 21.852 64.115 47.479 1.284
41.470 39.305 55.079 0.000 40.838 17.231 21.844 46.305 26.783 4.440 44.146 51.301 3.367 39.433 15.166 10.841 24.722 26.547 32.579 51.116 13.888 20.911 40.211 13.022 31.587 20.738 36.548 14.161 32.336 19.425 40.450 42.258 38.599 5.463 29.960 35.853 52.723 20.906 53.705 17.061 32.014 23.591 37.200 49.700 34.953 30.732 29.329 34.137 49.657 24.299 20.138 16.521 8.282 34.034 20.287 7.613 56.355
27.489 53.723 39.186 40.838 0.000 24.661 18.997 42.317 58.160 36.592 16.054 40.563 38.367 1.530 26.270 30.918 33.264 33.322 32.229 41.541 27.488 59.746 0.628 30.158 36.993 20.108 5.403 26.726 9.163 21.613 1.717 17.319 14.030 36.276 12.706 30.526 37.663 20.061 46.508 36.384 38.480 17.388 4.052 34.875 27.947 10.176 34.765 6.749 29.912 29.535 21.003 37.556 32.557 33.996 59.585 36.232 39.953
34.438 45.474 49.013 17.231 24.661 0.000 7.119 44.479 40.481 12.792 32.049 47.049 15.632 23.401 2.190 10.584 24.821 26.201 30.030 47.348 8.314 37.796 24.047 5.541 31.904 6.465 19.863 6.067 17.351 7.144 23.987 30.948 26.540 14.054 16.379 31.598 46.785 7.518 51.215 21.659 33.005 9.337 20.754 43.539 29.622 15.185 29.074 17.940 41.472 21.986 3.976 22.219 9.463 32.026 37.316 15.465 50.187
27.874 42.767 42.416 21.844 18.997 7.119 0.000 39.011 41.434 17.637 24.938 40.873 19.409 17.589 7.927 12.220 21.256 22.287 24.951 41.285 8.804 41.142 18.369 12.389 27.719 1.119 14.951 7.746 10.723 3.090 18.669 23.835 19.421 17.365 9.293 25.870 40.239 1.709 45.414 20.529 28.991 2.219 15.439 36.992 23.666 8.908 24.903 12.324 34.592 17.837 3.298 21.433 13.566 27.005 40.880 17.651 43.558
15.027 20.748 14.016 46.305 42.317 44.479 39.011 0.000 40.000 45.262 28.307 7.770 43.088 41.246 43.664 38.234 21.665 19.860 14.553 6.661 37.712 51.251 42.072 47.432 14.786 38.957 43.824 39.638 36.861 37.514 43.707 25.973 28.322 41.487 33.865 13.197 12.450 37.719 7.425 29.355 14.634 37.482 42.684 11.959 15.609 38.572 16.991 40.961 17.546 23.094 41.899 30.110 42.547 12.683 52.117 38.812 15.035
44.493 22.265 53.219 26.783 58.160 40.481 41.434 40.000 0.000 29.995 53.902 47.438 26.172 56.630 38.332 30.030 26.825 27.756 32.936 46.550 33.035 14.274 57.583 38.313 28.305 40.439 55.592 34.897 49.035 38.345 58.481 51.257 49.604 26.952 45.463 37.020 51.148 39.827 46.569 21.779 27.428 42.056 55.586 49.154 38.027 48.609 28.373 52.452 52.220 29.883 41.589 20.605 31.507 32.836 15.616 25.049 54.408
39.096 40.328 53.090 4.440 36.592 12.792 17.637 45.262 29.995 0.000 40.706 49.714 3.853 35.209 10.736 7.740 23.617 25.407 31.084 49.646 10.237 25.226 35.965 8.759 30.805 16.546 32.204 10.100 28.250 15.399 36.151 38.963 35.111 4.077 26.075 34.023 50.743 16.819 52.581 16.783 31.425 19.482 32.897 47.636 32.847 26.544 28.322 29.866 47.122 22.539 15.768 16.569 4.171 32.715 24.655 6.962 54.353
13.427 43.700 23.200 44.146 16.054 32.049 24.938 28.307 53.902 40.706 0.000 25.169 40.995 15.550 32.727 33.306 27.078 26.261 22.366 26.288 30.469 59.292 16.066 37.262 27.640 25.712 19.725 30.933 15.784 25.930 17.729 2.754 5.617 38.775 15.683 19.131 21.802 24.891 31.327 33.361 29.028 22.720 18.189 19.215 17.055 18.275 26.355 18.184 13.915 24.194 28.119 34.643 36.597 23.491 59.515 37.527 23.926
13.594 28.505 6.291 51.301 40.563 47.049 40.873 7.770 47.438 49.714 25.169 0.000 47.984 39.712 46.569 42.283 26.683 24.868 18.722 1.418 41.189 58.140 40.427 50.680 20.727 41.030 42.979 42.880 36.659 39.914 42.111 23.336 26.702 46.187 34.234 15.787 5.097 39.817 6.254 34.812 20.979 39.063 41.658 6.137 17.460 38.706 22.329 40.462 12.143 27.176 44.002 35.730 46.579 17.353 58.928 43.695 7.267
38.106 36.914 51.721 3.367 38.367 15.632 19.409 43.088 26.172 3.853 40.995 47.984 0.000 36.929 13.466 7.782 21.461 23.283 29.262 47.817 11.033 22.178 37.740 12.309 28.418 18.290 34.296 11.663 29.669 16.786 38.078 39.054 35.478 2.224 27.109 32.501 49.365 18.318 50.474 13.989 28.901 21.003 34.846 46.338 31.587 28.205 26.099 31.731 46.300 20.944 18.072 13.566 6.193 30.748 21.745 4.293 52.997
26.508 52.327 38.543 39.433 1.530 23.401 17.589 41.246 56.630 35.209 15.550 39.712 36.929 0.000 24.960 29.449 31.785 31.867 30.893 40.658 26.023 58.253 0.975 28.919 35.610 18.695 4.769 25.301 7.637 20.159 2.464 16.601 13.057 34.827 11.179 29.292 36.957 18.614 45.598 34.855 37.095 15.934 3.226 34.108 26.703 8.724 33.351 5.463 29.295 28.048 19.687 36.027 31.155 32.685 58.101 34.748 39.346
34.250 43.824 48.801 15.166 26.270 2.190 7.927 43.664 38.332 10.736 32.727 46.569 13.466 24.960 0.000 8.538 23.507 24.969 29.140 46.804 6.627 35.639 25.649 4.549 30.699 7.038 21.632 4.372 18.550 7.046 25.687 31.462 27.155 11.865 17.177 30.962 46.540 7.852 50.530 19.841 31.742 10.099 22.437 43.304 29.110 16.527 27.888 19.522 41.532 20.882 5.273 20.335 7.285 31.099 35.174 13.299 49.997
31.379 35.836 45.462 10.841 30.918 10.584 12.220 38.234 30.030 7.740 33.306 42.283 7.782 29.449 8.538 0.000 16.862 18.560 23.822 42.285 3.440 28.935 30.294 10.235 24.195 11.116 27.154 4.891 22.052 9.337 30.750 31.443 27.758 5.566 19.362 26.520 43.121 10.908 45.449 11.634 25.012 13.545 27.560 39.989 25.219 20.746 21.535 24.399 39.383 15.207 11.668 11.968 4.319 25.571 28.705 5.438 46.718
18.841 21.616 30.932 24.722 33.264 24.821 21.256 21.665 26.825 23.617 27.078 26.683 21.461 31.785 23.507 16.862 0.000 1.825 8.096 26.430 17.015 33.617 32.760 26.663 7.338 20.745 32.038 19.182 24.704 18.778 33.971 24.435 22.948 19.823 20.939 11.909 28.593 19.611 29.026 8.229 8.253 20.609 31.569 25.794 11.964 25.147 4.709 28.744 27.118 3.783 23.307 9.284 21.115 9.340 34.117 17.173 32.215
17.368 20.928 29.174 26.547 33.322 26.201 22.287 19.860 27.756 25.407 26.261 24.868 23.283 31.867 24.969 18.560 1.825 0.000 6.346 24.607 18.553 35.095 32.839 28.250 5.735 21.846 32.389 20.680 24.986 19.946 34.113 23.574 22.403 21.633 21.237 10.265 26.840 20.679 27.212 9.995 6.809 21.487 31.835 24.077 10.549 25.602 2.978 29.102 25.587 4.458 24.498 11.008 22.835 7.520 35.635 18.993 30.457
11.565 21.754 22.837 32.579 32.229 30.030 24.951 14.553 32.936 31.084 22.366 18.722 29.262 30.893 29.140 23.822 8.096 6.346 0.000 18.577 23.164 41.225 31.831 32.880 5.273 24.772 32.341 25.087 24.931 23.182 33.292 19.612 19.585 27.484 21.423 4.126 20.499 23.539 21.643 16.323 6.679 23.655 31.504 17.735 5.360 26.126 4.594 29.170 19.539 8.615 27.658 17.353 28.141 2.060 41.817 24.973 24.120
14.354 27.316 7.592 51.116 41.541 47.348 41.285 6.661 46.550 49.646 26.288 1.418 47.817 40.658 46.804 42.285 26.430 24.607 18.577 0.000 41.303 57.463 41.390 50.857 20.233 41.405 43.832 43.044 37.400 40.227 43.070 24.380 27.619 46.060 34.877 15.890 6.510 40.184 5.041 34.491 20.391 39.519 42.536 7.431 17.725 39.400 21.980 41.258 13.461 27.118 44.378 35.374 46.593 17.092 58.277 43.524 8.492
29.616 37.210 43.960 13.888 27.488 8.314 8.804 37.712 33.035 10.237 30.469 41.189 11.033 26.023 6.627 3.440 17.015 18.553 23.164 41.303 0.000 32.371 26.863 9.744 24.287 7.710 23.721 2.266 18.664 5.897 27.310 28.744 24.875 8.862 16.093 25.418 41.644 7.468 44.759 13.357 25.268 10.107 24.120 38.456 23.841 17.313 21.508 20.959 37.395 14.669 8.559 13.963 6.161 25.047 32.145 8.851 45.196
52.449 35.835 63.395 20.911 59.746 37.796 41.142 51.251 14.274 25.226 59.292 58.140 22.178 58.253 35.639 28.935 33.617 35.095 41.225 57.463 32.371 0.000 59.126 33.929 37.642 40.031 56.087 33.528 50.715 38.262 59.654 56.904 54.239 23.954 47.643 45.299 61.159 39.836 58.320 26.084 37.201 42.445 56.483 58.717 45.581 49.609 36.743 53.313 60.680 35.524 40.162 24.822 28.370 41.756 1.423 23.539 64.650
27.288 53.286 39.146 40.211 0.628 24.047 18.369 42.072 57.583 35.965 16.066 40.427 37.740 0.975 25.649 30.294 32.760 32.839 31.831 41.390 26.863 59.126 0.000 29.547 36.564 19.480 4.909 26.098 8.570 20.987 1.687 17.238 13.826 35.649 12.141 30.190 37.595 19.434 46.344 35.810 38.050 16.762 3.497 34.778 27.605 9.550 34.314 6.127 29.882 29.023 20.381 36.979 31.929 33.615 58.963 35.610 39.930
38.595 46.059 53.111 13.022 30.158 5.541 12.389 47.432 38.313 8.759 37.262 50.680 12.309 28.919 4.549 10.235 26.663 28.250 32.880 50.857 9.744 33.929 29.547 0.000 33.974 11.554 25.268 7.821 22.857 11.562 29.434 36.011 31.697 11.370 21.675 34.972 50.832 12.399 54.431 21.848 34.907 14.588 26.219 47.606 33.239 20.721 31.217 23.455 45.989 24.412 9.455 22.101 6.987 34.780 33.305 13.606 54.320
16.388 16.743 25.757 31.587 36.993 31.904 27.719 14.786 28.305 30.805 27.640 20.727 28.418 35.610 30.699 24.195 7.338 5.735 5.273 20.233 24.287 37.642 36.564 33.974 0.000 27.352 36.694 26.416 29.241 25.520 37.963 24.886 24.744 26.919 25.590 8.973 23.517 26.159 22.210 14.580 1.487 26.748 35.975 21.153 10.615 30.173 2.839 33.454 23.915 9.972 30.076 15.326 28.434 4.572 38.359 24.173 27.015
28.166 42.176 42.732 20.738 20.108 6.465 1.119 38.957 40.439 16.546 25.712 41.030 18.290 18.695 7.038 11.116 20.745 21.846 24.772 41.405 7.710 40.031 19.480 11.554 27.352 0.000 16.066 6.628 11.761 2.159 19.788 24.523 20.160 16.246 10.140 25.867 40.532 1.239 45.458 19.670 28.594 3.079 16.559 37.284 23.728 10.002 24.524 13.442 35.047 17.417 2.973 20.543 12.462 26.818 39.765 16.551 43.888
29.507 53.218 42.300 36.548 5.403 19.863 14.951 43.824 55.592 32.204 19.725 42.979 34.296 4.769 21.632 27.154 32.038 32.389 32.341 43.832 23.721 56.087 4.909 25.268 36.694 16.066 0.000 22.652 7.453 17.847 4.251 20.397 16.363 32.293 11.159 31.301 40.585 16.274 48.675 33.983 38.158 13.743 1.589 37.614 28.699 7.043 34.226 3.294 33.151 28.255 16.444 35.074 28.295 34.257 55.831 32.570 43.172
30.987 39.475 45.439 14.161 26.726 6.067 7.746 39.638 34.897 10.100 30.933 42.880 11.663 25.301 4.372 4.891 19.182 20.680 25.087 43.044 2.266 33.528 26.098 7.821 26.416 6.628 22.652 0.000 18.184 5.300 26.416 29.370 25.316 9.642 15.994 27.156 43.142 6.747 46.613 15.592 27.428 9.430 23.183 39.930 25.458 16.586 23.619 20.070 38.589 16.688 6.789 16.163 5.940 27.007 33.217 10.238 46.660
23.066 45.777 36.686 32.336 9.163 17.351 10.723 36.861 49.035 28.250 15.784 36.659 29.669 7.637 18.550 22.052 24.704 24.986 24.931 37.400 18.664 50.715 8.570 22.857 29.241 11.761 7.453 18.184 0.000 12.913 9.472 15.525 10.997 27.521 3.766 24.083 34.784 11.438 42.106 27.273 30.704 8.768 6.865 31.670 21.496 2.492 26.778 4.239 27.868 20.926 13.402 28.430 24.116 26.869 50.597 27.266 37.668
27.324 40.123 41.896 19.425 21.613 7.144 3.090 37.514 38.345 15.399 25.930 39.914 16.786 20.159 7.046 9.337 18.778 19.946 23.182 40.227 5.897 38.262 20.987 11.562 25.520 2.159 17.847 5.300 12.913 0.000 21.415 24.532 20.322 14.669 10.727 24.531 39.658 1.574 44.153 17.512 26.727 4.225 18.224 36.414 22.504 11.438 22.683 15.062 34.500 15.553 4.557 18.388 11.239 25.211 38.041 14.729 43.077
28.951 54.663 40.828 40.450 1.717 23.987 18.669 43.707 58.481 36.151 17.729 42.111 38.078 2.464 25.687 30.750 33.971 34.113 33.292 43.070 27.310 59.654 1.687 29.434 37.963 19.788 4.251 26.416 9.472 21.415 0.000 18.925 15.493 36.024 13.168 31.741 39.281 19.846 48.021 36.733 39.447 17.211 3.255 36.466 29.150 10.068 35.667 6.355 31.561 30.215 20.449 37.881 32.173 35.100 59.453 36.116 41.607
10.979 40.973 21.956 42.258 17.319 30.948 23.835 25.973 51.257 38.963 2.754 23.336 39.054 16.601 31.462 31.443 24.435 23.574 19.612 24.380 28.744 56.904 17.238 36.011 24.886 24.523 20.397 29.370 15.525 24.532 18.925 0.000 4.572 36.844 14.773 16.401 20.358 23.613 29.396 30.899 26.275 21.624 18.931 17.561 14.303 17.971 23.615 18.460 12.756 21.643 27.085 32.180 34.901 20.746 57.161 35.465 22.793
13.462 41.329 25.994 38.599 14.030 26.540 19.421 28.322 49.604 35.111 5.617 26.702 35.478 13.057 27.155 27.758 22.948 22.403 19.585 27.619 24.875 54.239 13.826 31.697 24.744 20.160 16.363 25.316 10.997 20.322 15.493 4.572 0.000 33.255 10.254 17.122 24.232 19.308 32.544 28.541 26.206 17.203 14.987 21.252 14.668 13.422 23.017 14.152 16.975 19.721 22.641 29.822 30.993 21.075 54.403 32.099 26.910
36.065 36.277 49.797 5.463 36.276 14.054 17.365 41.487 26.952 4.077 38.775 46.187 2.224 34.827 11.865 5.566 19.823 21.633 27.484 46.060 8.862 23.954 35.649 11.370 26.919 16.246 32.293 9.642 27.521 14.669 36.024 36.844 33.255 0.000 24.913 30.613 47.443 16.215 48.844 12.740 27.486 18.894 32.802 44.389 29.613 26.104 24.506 29.670 44.226 19.059 16.208 12.495 4.644 29.035 23.599 2.887 51.069
20.694 42.063 34.805 29.960 12.706 16.379 9.293 33.865 45.463 26.075 15.683 34.234 27.109 11.179 17.177 19.362 20.939 21.237 21.423 34.877 16.093 47.643 12.141 21.675 25.590 10.140 11.159 15.994 3.766 10.727 13.168 14.773 10.254 24.913 0.000 20.874 32.782 9.465 39.442 23.684 27.044 7.086 10.631 29.593 18.327 4.745 23.083 7.884 26.353 17.160 12.438 24.866 21.904 23.398 47.590 24.376 35.858
7.477 24.572 19.244 35.853 30.526 31.598 25.870 13.197 37.020 34.023 19.131 15.787 32.501 29.292 30.962 26.520 11.909 10.265 4.126 15.890 25.418 45.299 30.190 34.972 8.973 25.867 31.301 27.156 24.083 24.531 31.741 16.401 17.122 30.613 20.874 0.000 16.888 24.631 19.623 20.094 10.202 24.296 30.301 13.958 2.604 25.615 8.718 28.276 15.421 11.559 28.827 21.186 30.806 4.480 45.870 28.246 20.524
12.367 33.127 2.356 52.723 37.663 46.785 40.239 12.450 51.148 50.743 21.802 5.097 49.365 36.957 46.540 43.121 28.593 26.840 20.499 6.510 41.644 61.159 37.595 50.832 23.517 40.532 40.585 43.142 34.784 39.658 39.281 20.358 24.232 47.443 32.782 16.888 0.000 39.361 10.891 36.822 24.038 38.280 39.176 3.248 17.903 36.997 24.637 38.323 8.011 28.425 43.470 37.848 47.340 19.549 61.864 45.123 3.636
26.998 41.091 41.569 20.906 20.061 7.518 1.709 37.719 39.827 16.819 24.891 39.817 18.318 18.614 7.852 10.908 19.611 20.679 23.539 40.184 7.468 39.836 19.434 12.399 26.159 1.239 16.274 6.747 11.438 1.574 19.846 23.613 19.308 16.215 9.465 24.631 39.361 0.000 44.225 18.835 27.411 2.689 16.652 36.113 22.500 9.889 23.334 13.493 33.954 16.241 4.200 19.752 12.678 25.586 39.613 16.303 42.732
19.169 25.942 11.198 53.705 46.508 51.215 45.414 7.425 46.569 52.581 31.327 6.254 50.474 45.598 50.530 45.449 29.026 27.212 21.643 5.041 44.759 58.320 46.344 54.431 22.210 45.458 48.675 46.613 42.106 44.153 48.021 29.396 32.544 48.844 39.442 19.623 10.891 44.225 0.000 36.776 22.038 43.741 47.406 12.390 21.748 44.034 24.377 46.033 18.381 30.253 48.425 37.535 49.768 19.888 59.231 46.192 11.683
26.775 24.211 39.160 17.061 36.384 21.659 20.529 29.355 21.779 16.783 33.361 34.812 13.989 34.855 19.841 11.634 8.229 9.995 16.323 34.491 13.357 26.084 35.810 21.848 14.580 19.670 33.983 15.592 27.273 17.512 36.733 30.899 28.541 12.740 23.684 20.094 36.822 18.835 36.776 0.000 14.954 20.756 33.892 34.014 19.890 26.956 12.513 30.789 35.107 9.454 21.482 1.283 15.289 17.468 26.441 9.877 40.443
17.531 15.256 26.233 32.014 38.480 33.005 28.991 14.634 27.428 31.425 29.028 20.979 28.901 37.095 31.742 25.012 8.253 6.809 6.679 20.391 25.268 37.201 38.050 34.907 1.487 28.594 38.158 27.428 30.704 26.727 39.447 26.275 26.206 27.486 27.044 10.202 24.038 27.411 22.038 14.954 0.000 28.071 37.448 21.813 11.980 31.612 4.104 34.913 24.863 11.179 31.282 15.596 29.207 5.731 37.963 24.696 27.476
25.929 42.216 40.433 23.591 17.388 9.337 2.219 37.482 42.056 19.482 22.720 39.063 21.003 15.934 10.099 13.545 20.609 21.487 23.655 39.519 10.107 42.445 16.762 14.588 26.748 3.079 13.743 9.430 8.768 4.225 17.211 21.624 17.203 18.894 7.086 24.296 38.280 2.689 43.741 20.756 28.071 0.000 14.041 35.037 22.009 7.212 23.968 10.868 32.495 17.033 5.471 21.750 15.352 25.714 42.243 18.907 41.562
28.240 52.579 40.863 37.200 4.052 20.754 15.439 42.684 55.586 32.897 18.189 41.658 34.846 3.226 22.437 27.560 31.569 31.835 31.504 42.536 24.120 56.483 3.497 26.219 35.975 16.559 1.589 23.183 6.865 18.224 3.255 18.931 14.987 32.802 10.631 30.301 39.176 16.652 47.406 33.892 37.448 14.041 0.000 36.232 27.697 7.001 33.567 3.182 31.687 27.790 17.195 35.014 28.924 33.388 56.265 32.944 41.720
9.119 32.104 5.509 49.700 34.875 43.539 36.992 11.959 49.154 47.636 19.215 6.137 46.338 34.108 43.304 39.989 25.794 24.077 17.735 7.431 38.456 58.717 34.778 47.606 21.153 37.284 37.614 39.930 31.670 36.414 36.466 17.561 21.252 44.389 29.593 13.958 3.248 36.113 12.390 34.014 21.813 35.037 36.232 0.000 14.792 33.854 22.030 35.277 6.034 25.423 40.222 35.075 44.190 16.970 59.378 42.114 6.740
6.894 26.783 20.246 34.953 27.947 29.622 23.666 15.609 38.027 32.847 17.055 17.460 31.587 26.703 29.110 25.219 11.964 10.549 5.360 17.725 23.841 45.581 27.605 33.239 10.615 23.728 28.699 25.458 21.496 22.504 29.150 14.303 14.668 29.613 18.327 2.604 17.903 22.500 21.748 19.890 11.980 22.009 27.697 14.792 0.000 23.061 9.704 25.682 15.217 10.787 26.699 21.059 29.448 6.482 46.077 27.393 21.507
25.118 46.510 38.940 30.732 10.176 15.185 8.908 38.572 48.609 26.544 18.275 38.706 28.205 8.724 16.527 20.746 25.147 25.602 26.126 39.400 17.313 49.609 9.550 20.721 30.173 10.002 7.043 16.586 2.492 11.438 10.068 17.971 13.422 26.104 4.745 25.615 36.997 9.889 44.034 26.956 31.612 7.212 7.001 33.854 23.061 0.000 27.602 3.843 30.210 21.370 11.294 28.059 22.462 28.114 49.429 26.079 39.945
16.152 19.014 26.940 29.329 34.765 29.074 24.903 16.991 28.373 28.322 26.355 22.329 26.099 33.351 27.888 21.535 4.709 2.978 4.594 21.980 21.508 36.743 34.314 31.217 2.839 24.524 34.226 23.619 26.778 22.683 35.667 23.615 23.017 24.506 23.083 8.718 24.637 23.334 24.377 12.513 4.104 23.968 33.567 22.030 9.704 27.602 0.000 30.965 24.116 7.134 27.240 13.402 25.804 5.088 37.370 21.822 28.217
26.905 49.946 40.132 34.137 6.749 17.940 12.324 40.961 52.452 29.866 18.184 40.462 31.731 5.463 19.522 24.399 28.744 29.102 29.170 41.258 20.959 53.313 6.127 23.455 33.454 13.442 3.294 20.070 4.239 15.062 6.355 18.460 14.152 29.670 7.884 28.276 38.323 13.493 46.033 30.789 34.913 10.868 3.182 35.277 25.682 3.843 30.965 0.000 31.116 24.961 14.254 31.897 25.855 31.107 53.103 29.774 41.060
8.340 36.829 9.286 49.657 29.912 41.472 34.592 17.546 52.220 47.122 13.915 12.143 46.300 29.295 41.532 39.383 27.118 25.587 19.539 13.461 37.395 60.680 29.882 45.989 23.915 35.047 33.151 38.589 27.868 34.500 31.561 12.756 16.975 44.226 26.353 15.421 8.011 33.954 18.381 35.107 24.863 32.495 31.687 6.034 15.217 30.210 24.116 31.116 0.000 25.901 37.885 36.274 43.397 19.392 61.219 42.221 10.051
17.567 25.288 30.781 24.299 29.535 21.986 17.837 23.094 29.883 22.539 24.194 27.176 20.944 28.048 20.882 15.207 3.783 4.458 8.615 27.118 14.669 35.524 29.023 24.412 9.972 17.417 28.255 16.688 20.926 15.553 30.215 21.643 19.721 19.059 17.160 11.559 28.425 16.241 30.253 9.454 11.179 17.033 27.790 25.423 10.787 21.370 7.134 24.961 25.901 0.000 20.110 10.705 19.526 10.411 35.894 16.698 32.058
31.103 44.557 45.660 20.138 21.003 3.976 3.298 41.899 41.589 15.768 28.119 44.002 18.072 19.687 5.273 11.668 23.307 24.498 27.658 44.378 8.559 40.162 20.381 9.455 30.076 2.973 16.444 6.789 13.402 4.557 20.449 27.085 22.641 16.208 12.438 28.827 43.470 4.200 48.425 21.482 31.282 5.471 17.195 40.222 26.699 11.294 27.240 14.254 37.885 20.110 0.000 22.241 11.945 29.698 39.793 17.022 46.810
27.950 24.038 40.180 16.521 37.556 22.219 21.433 30.110 20.605 16.569 34.643 35.730 13.566 36.027 20.335 11.968 9.284 11.008 17.353 35.374 13.963 24.822 36.979 22.101 15.326 20.543 35.074 16.163 28.430 18.388 37.881 32.180 29.822 12.495 24.866 21.186 37.848 19.752 37.535 1.283 15.596 21.750 35.014 35.075 21.059 28.059 13.402 31.897 36.274 10.705 22.241 0.000 15.391 18.416 25.192 9.609 41.462
35.490 39.428 49.675 8.282 32.557 9.463 13.566 42.547 31.507 4.171 36.597 46.579 6.193 31.155 7.285 4.319 21.115 22.835 28.141 46.593 6.161 28.370 31.929 6.987 28.434 12.462 28.295 5.940 24.116 11.239 32.173 34.901 30.993 4.644 21.904 30.806 47.340 12.678 49.768 15.289 29.207 15.352 28.924 44.190 29.448 22.462 25.804 25.855 43.397 19.526 11.945 15.391 0.000 29.888 27.933 6.623 50.926
11.824 20.303 21.852 34.034 33.996 32.026 27.005 12.683 32.836 32.715 23.491 17.353 30.748 32.685 31.099 25.571 9.340 7.520 2.060 17.092 25.047 41.756 33.615 34.780 4.572 26.818 34.257 27.007 26.869 25.211 35.100 20.746 21.075 29.035 23.398 4.480 19.549 25.586 19.888 17.468 5.731 25.714 33.388 16.970 6.482 28.114 5.088 31.107 19.392 10.411 29.698 18.416 29.888 0.000 42.409 26.454 23.129
52.958 37.016 64.115 20.287 59.585 37.316 40.880 52.117 15.616 24.655 59.515 58.928 21.745 58.101 35.174 28.705 34.117 35.635 41.817 58.277 32.145 1.423 58.963 33.305 38.359 39.765 55.831 33.217 50.597 38.041 59.453 57.161 54.403 23.599 47.590 45.870 61.864 39.613 59.231 26.441 37.963 42.243 56.265 59.378 46.077 49.429 37.370 53.103 61.219 35.894 39.793 25.192 27.933 42.409 0.000 23.353 65.374
33.982 33.427 47.479 7.613 36.232 15.465 17.651 38.812 25.049 6.962 37.527 43.695 4.293 34.748 13.299 5.438 17.173 18.993 24.973 43.524 8.851 23.539 35.610 13.606 24.173 16.551 32.570 10.238 27.266 14.729 36.116 35.465 32.099 2.887 24.376 28.246 45.123 16.303 46.192 9.877 24.696 18.907 32.944 42.114 27.393 26.079 21.822 29.774 42.221 16.698 17.022 9.609 6.623 26.454 23.353 0.000 48.756
15.754 35.772 1.284 56.355 39.953 50.187 43.558 15.035 54.408 54.353 23.926 7.267 52.997 39.346 49.997 46.718 32.215 30.457 24.120 8.492 45.196 64.650 39.930 54.320 27.015 43.888 43.172 46.660 37.668 43.077 41.607 22.793 26.910 51.069 35.858 20.524 3.636 42.732 11.683 40.443 27.476 41.562 41.720 6.740 21.507 39.945 28.217 41.060 10.051 32.058 46.810 41.462 50.926 23.129 65.374 48.756 0.000
0.0000 7.2507 3.4009 9.6764 6.4141 8.0355 6.5039 3.5062 10.3818 9.1225 3.1330 3.1720 8.8913 6.1853 7.9916 7.3217 4.3963 4.0526 2.6985 3.3492 6.9105 12.2381 6.3672 9.0056 3.8238 6.5721 6.8851 7.2304 5.3822 6.3756 6.7553 2.5617 3.1412 8.4152 4.8286 1.7446 2.8856 6.2996 4.4727 6.2476 4.0907 6.0501 6.5892 2.1278 1.6085 5.8610 3.7687 6.2778 1.9460 4.0990 7.2573 6.5216 8.2811 2.7590 12.3569 7.9291 3.6758
7.2507 0.0000 8.1116 9.1711 12.5353 10.6107 9.9789 4.8413 5.1952 9.4099 10.1967 6.6512 8.6133 12.2097 10.2256 8.3617 5.0436 4.8833 5.0759 6.3737 8.6822 8.3614 12.4334 10.7471 3.9066 9.8410 12.4176 9.2109 10.6813 9.3620 12.7547 9.5604 9.6434 8.4646 9.8147 5.7334 7.7295 9.5879 6.0530 5.6493 3.5597 9.8505 12.2684 7.4908 6.2493 10.8522 4.4366 11.6542 8.5934 5.9004 10.3966 5.6089 9.1999 4.7374 8.6371 7.7995 8.3467
3.4009 8.1116 0.0000 12.8517 9.1433 11.4363 9.8970 3.2704 12.4177 12.3877 5.4133 1.4679 12.0683 8.9933 11.3868 10.6078 7.2175 6.8072 5.3286 1.7715 10.2574 14.7923 9.1341 12.3927 6.0099 9.9707 9.8699 10.6023 8.5600 9.7757 9.5265 5.1232 6.0652 11.6193 8.1212 4.4903 0.5498 9.6995 2.6130 9.1373 6.1210 9.4344 9.5346 1.2853 4.7241 9.0860 6.2860 9.3642 2.1666 7.1822 10.6540 9.3752 11.5909 5.0989 14.9601 11.0785 0.2995
9.6764 9.1711 12.8517 0.0000 9.5289 4.0206 5.0970 10.8045 6.2494 1.0359 10.3007 11.9701 0.7856 9.2010 3.5388 2.5296 5.7686 6.1943 7.6017 11.9270 3.2405 4.8791 9.3825 3.0385 7.3704 4.8388 8.5279 3.3043 7.5451 4.5326 9.4383 9.8602 9.0064 1.2748 6.9907 8.3657 12.3019 4.8781 12.5312 3.9808 7.4699 5.5046 8.6799 11.5967 8.1557 7.1709 6.8435 7.9652 11.5867 5.6698 4.6989 3.8549 1.9325 7.9413 4.7337 1.7763 13.1495
6.4141 12.5353 9.1433 9.5289 0.0000 5.7542 4.4325 9.8741 13.5706 8.5381 3.7459 9.4647 8.9523 0.3570 6.1296 7.2142 7.7617 7.7752 7.5200 9.6929 6.4138 13.9406 0.1465 7.0369 8.6318 4.6918 1.2606 6.2360 2.1381 5.0430 0.4005 4.0410 3.2736 8.4643 2.9648 7.1227 8.7881 4.6808 10.8518 8.4896 8.9786 4.0571 0.9454 8.1376 6.5210 2.3743 8.1118 1.5749 6.9794 6.8915 4.9006 8.7632 7.5966 7.9325 13.9032 8.4541 9.3224
8.0355 10.6107 11.4363 4.0206 5.7542 0.0000 1.6612 10.3784 9.4455 2.9847 7.4780 10.9782 3.6475 5.4603 0.5111 2.4695 5.7915 6.1137 7.0069 11.0478 1.9399 8.8190 5.6109 1.2929 7.4442 1.5086 4.6348 1.4157 4.0486 1.6668 5.5969 7.2213 6.1927 3.2792 3.8218 7.3728 10.9164 1.7542 11.9503 5.0538 7.7011 2.1787 4.8427 10.1590 6.9119 3.5433 6.7838 4.1860 9.6768 5.1301 0.9277 5.1844 2.2081 7.4728 8.7070 3.6084 11.7103
6.5039 9.9789 9.8970 5.0970 4.4325 1.6612 0.0000 9.1026 9.6680 4.1153 5.8189 9.5371 4.5288 4.1041 1.8496 2.8513 4.9597 5.2002 5.8219 9.6331 2.0542 9.5999 4.2860 2.8907 6.4678 0.2612 3.4885 1.8075 2.5020 0.7210 4.3562 5.5614 4.5316 4.0518 2.1684 6.0363 9.3890 0.3988 10.5965 4.7901 6.7645 0.5178 3.6025 8.6314 5.5220 2.0784 5.8108 2.8756 8.0714 4.1620 0.7696 5.0010 3.1653 6.3013 9.5387 4.1186 10.1636
3.5062 4.8413 3.2704 10.8045 9.8741 10.3784 9.1026 0.0000 9.3334 10.5612 6.6049 1.8131 10.0539 9.6241 10.1882 8.9213 5.0551 4.6341 3.3957 1.5543 8.7994 11.9586 9.8169 11.0676 3.4500 9.0900 10.2257 9.2490 8.6008 8.7532 10.1984 6.0605 6.6084 9.6804 7.9018 3.0793 2.9050 8.8011 1.7324 6.8495 3.4147 8.7459 9.9596 2.7903 3.6422 9.0001 3.9645 9.5575 4.0941 5.3886 9.7764 7.0257 9.9276 2.9593 12.1607 9.0562 3.5081
10.3818 5.1952 12.4177 6.2494 13.5706 9.4455 9.6680 9.3334 0.0000 6.9989 12.5771 11.0688 6.1068 13.2137 8.9442 7.0071 6.2591 6.4765 7.6850 10.8616 7.7081 3.3305 13.4360 8.9396 6.6046 9.4357 12.9716 8.1426 11.4415 8.9471 13.6455 11.9600 11.5742 6.2887 10.6080 8.6381 11.9346 9.2929 10.8662 5.0817 6.3998 9.8131 12.9701 11.4693 8.8731 11.3421 6.6204 12.2387 12.1846 6.9728 9.7041 4.8078 7.3516 7.6617 3.6437 5.8448 12.6953
9.1225 9.4099 12.3877 1.0359 8.5381 2.9847 4.1153 10.5612 6.9989 0.0000 9.4981 11.6000 0.8990 8.2153 2.5051 1.8060 5.5107 5.9284 7.2528 11.5841 2.3887 5.8862 8.3918 2.0438 7.1878 3.8608 7.5143 2.3566 6.5916 3.5931 8.4353 9.0913 8.1925 0.9512 6.0841 7.9387 11.8400 3.9245 12.2690 3.9161 7.3325 4.5458 7.6760 11.1151 7.6643 6.1937 6.6084 6.9687 10.9951 5.2591 3.6791 3.8660 0.9733 7.6334 5.7529 1.6245 12.6824
3.1330 10.1967 5.4133 10.3007 3.7459 7.4780 5.8189 6.6049 12.5771 9.4981 0.0000 5.8729 9.5654 3.6284 7.6364 7.7714 6.3183 6.1277 5.2188 6.1338 7.1094 13.8348 3.7488 8.6946 6.4492 5.9995 4.6026 7.2177 3.6829 6.0502 4.1368 0.6425 1.3107 9.0475 3.6594 4.4639 5.0871 5.8078 7.3097 7.7842 6.7732 5.3012 4.2441 4.4834 3.9794 4.2641 6.1495 4.2430 3.2467 5.6452 6.5611 8.0835 8.5393 5.4811 13.8868 8.7563 5.5827
3.1720 6.6512 1.4679 11.9701 9.4647 10.9782 9.5371 1.8131 11.0688 11.6000 5.8729 0.0000 11.1962 9.2661 10.8661 9.8659 6.2261 5.8026 4.3685 0.3309 9.6109 13.5659 9.4330 11.8253 4.8363 9.5736 10.0284 10.0054 8.5538 9.3133 9.8259 5.4451 6.2306 10.7769 7.9879 3.6835 1.1893 9.2907 1.4592 8.1227 4.8952 9.1146 9.7202 1.4320 4.0739 9.0313 5.2102 9.4411 2.8333 6.3410 10.2670 8.3371 10.8684 4.0490 13.7500 10.1956 1.6956
8.8913 8.6133 12.0683 0.7856 8.9523 3.6475 4.5288 10.0539 6.1068 0.8990 9.5654 11.1962 0.0000 8.6167 3.1420 1.8157 5.0075 5.4326 6.8279 11.1572 2.5743 5.1748 8.8059 2.8721 6.6309 4.2677 8.0024 2.7215 6.9228 3.9167 8.8850 9.1125 8.2781 0.5190 6.3254 7.5836 11.5185 4.2741 11.7774 3.2641 6.7436 4.9007 8.1308 10.8121 7.3703 6.5811 6.0898 7.4039 10.8033 4.8870 4.2167 3.1655 1.4450 7.1745 5.0739 1.0018 12.3659
6.1853 12.2097 8.9933 9.2010 0.3570 5.4603 4.1041 9.6241 13.2137 8.2153 3.6284 9.2661 8.6167 0.0000 5.8239 6.8714 7.4165 7.4356 7.2083 9.4868 6.0720 13.5923 0.2275 6.7477 8.3089 4.3623 1.1128 5.9036 1.7819 4.7037 0.5749 3.8736 3.0467 8.1263 2.6085 6.8347 8.6232 4.3432 10.6395 8.1328 8.6554 3.7179 0.7527 7.9586 6.2307 2.0357 7.7818 1.2747 6.8356 6.5445 4.5937 8.4063 7.2694 7.6265 13.5568 8.1079 9.1808
7.9916 10.2256 11.3868 3.5388 6.1296 0.5111 1.8496 10.1882 8.9442 2.5051 7.6364 10.8661 3.1420 5.8239 0.0000 1.9922 5.4849 5.8262 6.7994 10.9210 1.5464 8.3157 5.9847 1.0614 7.1632 1.6422 5.0474 1.0201 4.3284 1.6441 5.9936 7.3412 6.3361 2.7684 4.0079 7.2245 10.8593 1.8321 11.7902 4.6295 7.4064 2.3564 5.2353 10.1042 6.7923 3.8563 6.5072 4.5552 9.6908 4.8724 1.2303 4.7449 1.6998 7.2565 8.2073 3.1030 11.6659
7.3217 8.3617 10.6078 2.5296 7.2142 2.4695 2.8513 8.9213 7.0071 1.8060 7.7714 9.8659 1.8157 6.8714 1.9922 0.0000 3.9344 4.3308 5.5584 9.8665 0.8027 6.7514 7.0686 2.3882 5.6455 2.5937 6.3358 1.1413 5.1454 2.1786 7.1751 7.3368 6.4769 1.2987 4.5178 6.1880 10.0616 2.5453 10.6048 2.7146 5.8361 3.1604 6.4308 9.3307 5.8844 4.8408 5.0248 5.6931 9.1894 3.5484 2.7226 2.7926 1.0078 5.9667 6.6977 1.2689 10.9009
4.3963 5.0436 7.2175 5.7686 7.7617 5.7915 4.9597 5.0551 6.2591 5.5107 6.3183 6.2261 5.0075 7.4165 5.4849 3.9344 0.0000 0.4259 1.8890 6.1669 3.9703 7.8441 7.6440 6.2214 1.7121 4.8406 7.4755 4.4757 5.7643 4.3815 7.9267 5.7014 5.3546 4.6254 4.8857 2.7787 6.6717 4.5759 6.7727 1.9201 1.9257 4.8087 7.3661 6.0186 2.7916 5.8676 1.0988 6.7069 6.3275 0.8827 5.4384 2.1662 4.9267 2.1793 7.9606 4.0069 7.5169
4.0526 4.8833 6.8072 6.1943 7.7752 6.1137 5.2002 4.6341 6.4765 5.9284 6.1277 5.8026 5.4326 7.4356 5.8262 4.3308 0.4259 0.0000 1.4808 5.7417 4.3291 8.1889 7.6625 6.5917 1.3383 5.0974 7.5574 4.8254 5.8300 4.6540 7.9597 5.5006 5.2273 5.0477 4.9553 2.3952 6.2627 4.8252 6.3494 2.3322 1.5887 5.0136 7.4283 5.6180 2.4614 5.9737 0.6948 6.7905 5.9703 1.0403 5.7162 2.5686 5.3283 1.7546 8.3147 4.4317 7.1066
2.6985 5.0759 5.3286 7.6017 7.5200 7.0069 5.8219 3.3957 7.6850 7.2528 5.2188 4.3685 6.8279 7.2083 6.7994 5.5584 1.8890 1.4808 0.0000 4.3346 5.4049 9.6191 7.4273 7.6719 1.2304 5.7801 7.5462 5.8536 5.8172 5.4091 7.7680 4.5762 4.5697 6.4130 4.9986 0.9627 4.7832 5.4924 5.0499 3.8088 1.5584 5.5194 7.3510 4.1382 1.2507 6.0960 1.0719 6.8062 4.5592 2.0103 6.4536 4.0491 6.5662 0.4806 9.7572 5.8271 5.6280
3.3492 6.3737 1.7715 11.9270 9.6929 11.0478 9.6331 1.5543 10.8616 11.5841 6.1338 0.3309 11.1572 9.4868 10.9210 9.8665 6.1669 5.7417 4.3346 0.0000 9.6374 13.4080 9.6577 11.8666 4.7210 9.6611 10.2276 10.0435 8.7267 9.3863 10.0497 5.6886 6.4444 10.7473 8.1379 3.7078 1.5191 9.3764 1.1763 8.0479 4.7579 9.2210 9.9250 1.7339 4.1359 9.1933 5.1288 9.6270 3.1408 6.3276 10.3549 8.2539 10.8717 3.9880 13.5980 10.1555 1.9815
6.9105 8.6822 10.2574 3.2405 6.4138 1.9399 2.0542 8.7994 7.7081 2.3887 7.1094 9.6109 2.5743 6.0720 1.5464 0.8027 3.9703 4.3291 5.4049 9.6374 0.0000 7.5533 6.2680 2.2735 5.6669 1.7989 5.5349 0.5287 4.3548 1.3759 6.3724 6.7069 5.8041 2.0677 3.7550 5.9309 9.7170 1.7425 10.4439 3.1165 5.8959 2.3584 5.6280 8.9731 5.5629 4.0398 5.0185 4.8904 8.7256 3.4228 1.9972 3.2580 1.4376 5.8443 7.5005 2.0653 10.5456
12.2381 8.3614 14.7923 4.8791 13.9406 8.8190 9.5999 11.9586 3.3305 5.8862 13.8348 13.5659 5.1748 13.5923 8.3157 6.7514 7.8441 8.1889 9.6191 13.4080 7.5533 0.0000 13.7961 7.9168 8.7832 9.3407 13.0870 7.8231 11.8335 8.9279 13.9193 13.2776 12.6557 5.5893 11.1167 10.5698 14.2705 9.2950 13.6081 6.0863 8.6801 9.9039 13.1793 13.7006 10.6356 11.5754 8.5733 12.4396 14.1588 8.2889 9.3712 5.7917 6.6197 9.7431 0.3321 5.4924 15.0849
6.3672 12.4334 9.1341 9.3825 0.1465 5.6109 4.2860 9.8169 13.4360 8.3918 3.7488 9.4330 8.8059 0.2275 5.9847 7.0686 7.6440 7.6625 7.4273 9.6577 6.2680 13.7961 0.0000 6.8944 8.5317 4.5453 1.1455 6.0895 1.9996 4.8969 0.3937 4.0222 3.2262 8.3181 2.8328 7.0444 8.7721 4.5346 10.8137 8.3556 8.8783 3.9111 0.8161 8.1150 6.4412 2.2284 8.0066 1.4297 6.9725 6.7720 4.7555 8.6283 7.4502 7.8434 13.7581 8.3091 9.3169
9.0056 10.7471 12.3927 3.0385 7.0369 1.2929 2.8907 11.0676 8.9396 2.0438 8.6946 11.8253 2.8721 6.7477 1.0614 2.3882 6.2214 6.5917 7.6719 11.8666 2.2735 7.9168 6.8944 0.0000 7.9272 2.6960 5.8958 1.8249 5.3334 2.6978 6.8679 8.4025 7.3959 2.6530 5.0574 8.1601 11.8607 2.8932 12.7006 5.0980 8.1450 3.4040 6.1179 11.1081 7.7558 4.8348 7.2839 5.4729 10.7309 5.6962 2.2063 5.1569 1.6302 8.1153 7.7712 3.1746 12.6746
3.8238 3.9066 6.0099 7.3704 8.6318 7.4442 6.4678 3.4500 6.6046 7.1878 6.4492 4.8363 6.6309 8.3089 7.1632 5.6455 1.7121 1.3383 1.2304 4.7210 5.6669 8.7832 8.5317 7.9272 0.0000 6.3821 8.5620 6.1637 6.8230 5.9546 8.8581 5.8067 5.7737 6.2811 5.9709 2.0936 5.4873 6.1038 5.1824 3.4019 0.3470 6.2412 8.3942 4.9358 2.4769 7.0404 0.6624 7.8060 5.5803 2.3268 7.0178 3.5760 6.6345 1.0667 8.9505 5.6404 6.3035
6.5721 9.8410 9.9707 4.8388 4.6918 1.5086 0.2612 9.0900 9.4357 3.8608 5.9995 9.5736 4.2677 4.3623 1.6422 2.5937 4.8406 5.0974 5.7801 9.6611 1.7989 9.3407 4.5453 2.6960 6.3821 0.0000 3.7488 1.5466 2.7443 0.5037 4.6173 5.7219 4.7039 3.7906 2.3659 6.0356 9.4574 0.2890 10.6068 4.5898 6.6718 0.7185 3.8637 8.6995 5.5365 2.3337 5.7222 3.1364 8.1776 4.0640 0.6938 4.7933 2.9078 6.2576 9.2785 3.8618 10.2406
6.8851 12.4176 9.8699 8.5279 1.2606 4.6348 3.4885 10.2257 12.9716 7.5143 4.6026 10.0284 8.0024 1.1128 5.0474 6.3358 7.4755 7.5574 7.5462 10.2276 5.5349 13.0870 1.1455 5.8958 8.5620 3.7488 0.0000 5.2854 1.7391 4.1643 0.9919 4.7593 3.8181 7.5350 2.6037 7.3036 9.4699 3.7973 11.3575 7.9293 8.9035 3.2066 0.3707 8.7767 6.6965 1.6433 7.9861 0.7686 7.7352 6.5929 3.8369 8.1840 6.6022 7.9932 13.0272 7.5996 10.0734
7.2304 9.2109 10.6023 3.3043 6.2360 1.4157 1.8075 9.2490 8.1426 2.3566 7.2177 10.0054 2.7215 5.9036 1.0201 1.1413 4.4757 4.8254 5.8536 10.0435 0.5287 7.8231 6.0895 1.8249 6.1637 1.5466 5.2854 0.0000 4.2429 1.2366 6.1636 6.8531 5.9070 2.2498 3.7319 6.3363 10.0664 1.5744 10.8765 3.6381 6.4000 2.2003 5.4093 9.3170 5.9401 3.8700 5.5111 4.6829 9.0041 3.8940 1.5840 3.7713 1.3861 6.3016 7.7507 2.3890 10.8873
5.3822 10.6813 8.5600 7.5451 2.1381 4.0486 2.5020 8.6008 11.4415 6.5916 3.6829 8.5538 6.9228 1.7819 4.3284 5.1454 5.7643 5.8300 5.8172 8.7267 4.3548 11.8335 1.9996 5.3334 6.8230 2.7443 1.7391 4.2429 0.0000 3.0131 2.2101 3.6226 2.5659 6.4215 0.8787 5.6194 8.1162 2.6688 9.8248 6.3637 7.1644 2.0459 1.6018 7.3897 5.0157 0.5815 6.2481 0.9890 6.5026 4.8826 3.1271 6.6338 5.6270 6.2694 11.8061 6.3622 8.7893
6.3756 9.3620 9.7757 4.5326 5.0430 1.6668 0.7210 8.7532 8.9471 3.5931 6.0502 9.3133 3.9167 4.7037 1.6441 2.1786 4.3815 4.6540 5.4091 9.3863 1.3759 8.9279 4.8969 2.6978 5.9546 0.5037 4.1643 1.2366 3.0131 0.0000 4.9967 5.7241 4.7417 3.4229 2.5030 5.7238 9.2535 0.3673 10.3024 4.0861 6.2362 0.9859 4.2523 8.4965 5.2509 2.6688 5.2928 3.5145 8.0499 3.6291 1.0632 4.2904 2.6225 5.8826 8.8763 3.4368 10.0513
6.7553 12.7547 9.5265 9.4383 0.4005 5.5969 4.3562 10.1984 13.6455 8.4353 4.1368 9.8259 8.8850 0.5749 5.9936 7.1751 7.9267 7.9597 7.7680 10.0497 6.3724 13.9193 0.3937 6.8679 8.8581 4.6173 0.9919 6.1636 2.2101 4.9967 0.0000 4.4158 3.6149 8.4056 3.0724 7.4063 9.1656 4.6308 11.2048 8.5711 9.2042 4.0160 0.7596 8.5087 6.8016 2.3492 8.3223 1.4829 7.3643 7.0502 4.7713 8.8389 7.5069 8.1900 13.8724 8.4271 9.7084
2.5617 9.5604 5.1232 9.8602 4.0410 7.2213 5.5614 6.0605 11.9600 9.0913 0.6425 5.4451 9.1125 3.8736 7.3412 7.3368 5.7014 5.5006 4.5762 5.6886 6.7069 13.2776 4.0222 8.4025 5.8067 5.7219 4.7593 6.8531 3.6226 5.7241 4.4158 0.0000 1.0669 8.5970 3.4470 3.8270 4.7503 5.5097 6.8591 7.2099 6.1308 5.0456 4.4172 4.0977 3.3374 4.1932 5.5102 4.3074 2.9765 5.0501 6.3199 7.5086 8.1435 4.8406 13.3375 8.2752 5.3183
3.1412 9.6434 6.0652 9.0064 3.2736 6.1927 4.5316 6.6084 11.5742 8.1925 1.3107 6.2306 8.2781 3.0467 6.3361 6.4769 5.3546 5.2273 4.5697 6.4444 5.8041 12.6557 3.2262 7.3959 5.7737 4.7039 3.8181 5.9070 2.5659 4.7417 3.6149 1.0669 0.0000 7.7594 2.3927 3.9951 5.6541 4.5052 7.5937 6.6595 6.1147 4.0140 3.4969 4.9588 3.4225 3.1318 5.3707 3.3021 3.9608 4.6015 5.2828 6.9584 7.2317 4.9174 12.6939 7.4898 6.2789
8.4152 8.4646 11.6193 1.2748 8.4643 3.2792 4.0518 9.6804 6.2887 0.9512 9.0475 10.7769 0.5190 8.1263 2.7684 1.2987 4.6254 5.0477 6.4130 10.7473 2.0677 5.5893 8.3181 2.6530 6.2811 3.7906 7.5350 2.2498 6.4215 3.4229 8.4056 8.5970 7.7594 0.0000 5.8131 7.1430 11.0699 3.7835 11.3970 2.9726 6.4134 4.4085 7.6538 10.3573 6.9096 6.0909 5.7180 6.9231 10.3193 4.4471 3.7820 2.9156 1.0837 6.7749 5.5064 0.6735 11.9161
4.8286 9.8147 8.1212 6.9907 2.9648 3.8218 2.1684 7.9018 10.6080 6.0841 3.6594 7.9879 6.3254 2.6085 4.0079 4.5178 4.8857 4.9553 4.9986 8.1379 3.7550 11.1167 2.8328 5.0574 5.9709 2.3659 2.6037 3.7319 0.8787 2.5030 3.0724 3.4470 2.3927 5.8131 0.0000 4.8707 7.6492 2.2086 9.2032 5.5263 6.3102 1.6534 2.4805 6.9049 4.2763 1.1071 5.3860 1.8396 6.1490 4.0039 2.9021 5.8020 5.1109 5.4596 11.1043 5.6878 8.3670
1.7446 5.7334 4.4903 8.3657 7.1227 7.3728 6.0363 3.0793 8.6381 7.9387 4.4639 3.6835 7.5836 6.8347 7.2245 6.1880 2.7787 2.3952 0.9627 3.7078 5.9309 10.5698 7.0444 8.1601 2.0936 6.0356 7.3036 6.3363 5.6194 5.7238 7.4063 3.8270 3.9951 7.1430 4.8707 0.0000 3.9406 5.7473 4.5787 4.6886 2.3805 5.6691 7.0702 3.2569 0.6076 5.9768 2.0342 6.5977 3.5982 2.6970 6.7263 4.9434 7.1880 1.0453 10.7029 6.5908 4.7890
2.8856 7.7295 0.5498 12.3019 8.7881 10.9164 9.3890 2.9050 11.9346 11.8400 5.0871 1.1893 11.5185 8.6232 10.8593 10.0616 6.6717 6.2627 4.7832 1.5191 9.7170 14.2705 8.7721 11.8607 5.4873 9.4574 9.4699 10.0664 8.1162 9.2535 9.1656 4.7503 5.6541 11.0699 7.6492 3.9406 0.0000 9.1842 2.5412 8.5918 5.6089 8.9319 9.1412 0.7579 4.1773 8.6327 5.7486 8.9421 1.8693 6.6324 10.1430 8.8312 11.0460 4.5615 14.4350 10.5287 0.8484
6.2996 9.5879 9.6995 4.8781 4.6808 1.7542 0.3988 8.8011 9.2929 3.9245 5.8078 9.2907 4.2741 4.3432 1.8321 2.5453 4.5759 4.8252 5.4924 9.3764 1.7425 9.2950 4.5346 2.8932 6.1038 0.2890 3.7973 1.5744 2.6688 0.3673 4.6308 5.5097 4.5052 3.7835 2.2086 5.7473 9.1842 0.0000 10.3193 4.3949 6.3960 0.6274 3.8855 8.4263 5.2499 2.3075 5.4447 3.1483 7.9227 3.7895 0.9800 4.6087 2.9583 5.9701 9.2429 3.8041 9.9707
4.4727 6.0530 2.6130 12.5312 10.8518 11.9503 10.5965 1.7324 10.8662 12.2690 7.3097 1.4592 11.7774 10.6395 11.7902 10.6048 6.7727 6.3494 5.0499 1.1763 10.4439 13.6081 10.8137 12.7006 5.1824 10.6068 11.3575 10.8765 9.8248 10.3024 11.2048 6.8591 7.5937 11.3970 9.2032 4.5787 2.5412 10.3193 0.0000 8.5810 5.1423 10.2062 11.0614 2.8911 5.0746 10.2746 5.6880 10.7411 4.2890 7.0590 11.2991 8.7581 11.6125 4.6406 13.8205 10.7782 2.7259
6.2476 5.6493 9.1373 3.9808 8.4896 5.0538 4.7901 6.8495 5.0817 3.9161 7.7842 8.1227 3.2641 8.1328 4.6295 2.7146 1.9201 2.3322 3.8088 8.0479 3.1165 6.0863 8.3556 5.0980 3.4019 4.5898 7.9293 3.6381 6.3637 4.0861 8.5711 7.2099 6.6595 2.9726 5.5263 4.6886 8.5918 4.3949 8.5810 0.0000 3.4893 4.8430 7.9082 7.9366 4.6411 6.2897 2.9197 7.1841 8.1917 2.2060 5.0125 0.2994 3.5673 4.0758 6.1695 2.3046 9.4368
4.0907 3.5597 6.1210 7.4699 8.9786 7.7011 6.7645 3.4147 6.3998 7.3325 6.7732 4.8952 6.7436 8.6554 7.4064 5.8361 1.9257 1.5887 1.5584 4.7579 5.8959 8.6801 8.8783 8.1450 0.3470 6.6718 8.9035 6.4000 7.1644 6.2362 9.2042 6.1308 6.1147 6.4134 6.3102 2.3805 5.6089 6.3960 5.1423 3.4893 0.0000 6.5500 8.7378 5.0897 2.7954 7.3761 0.9575 8.1465 5.8015 2.6084 7.2992 3.6392 6.8149 1.3372 8.8581 5.7624 6.4111
6.0501 9.8505 9.4344 5.5046 4.0571 2.1787 0.5178 8.7459 9.8131 4.5458 5.3012 9.1146 4.9007 3.7179 2.3564 3.1604 4.8087 5.0136 5.5194 9.2210 2.3584 9.9039 3.9111 3.4040 6.2412 0.7185 3.2066 2.2003 2.0459 0.9859 4.0160 5.0456 4.0140 4.4085 1.6534 5.6691 8.9319 0.6274 10.2062 4.8430 6.5500 0.0000 3.2763 8.1752 5.1353 1.6829 5.5926 2.5358 7.5822 3.9743 1.2766 5.0750 3.5822 6.0000 9.8567 4.4116 9.6978
6.5892 12.2684 9.5346 8.6799 0.9454 4.8427 3.6025 9.9596 12.9701 7.6760 4.2441 9.7202 8.1308 0.7527 5.2353 6.4308 7.3661 7.4283 7.3510 9.9250 5.6280 13.1793 0.8161 6.1179 8.3942 3.8637 0.3707 5.4093 1.6018 4.2523 0.7596 4.4172 3.4969 7.6538 2.4805 7.0702 9.1412 3.8855 11.0614 7.9082 8.7378 3.2763 0.0000 8.4542 6.4626 1.6335 7.8322 0.7426 7.3937 6.4844 4.0121 8.1698 6.7489 7.7905 13.1284 7.6870 9.7346
2.1278 7.4908 1.2853 11.5967 8.1376 10.1590 8.6314 2.7903 11.4693 11.1151 4.4834 1.4320 10.8121 7.9586 10.1042 9.3307 6.0186 5.6180 4.1382 1.7339 8.9731 13.7006 8.1150 11.1081 4.9358 8.6995 8.7767 9.3170 7.3897 8.4965 8.5087 4.0977 4.9588 10.3573 6.9049 3.2569 0.7579 8.4263 2.8911 7.9366 5.0897 8.1752 8.4542 0.0000 3.4514 7.8992 5.1403 8.2312 1.4079 5.9321 9.3851 8.1841 10.3110 3.9597 13.8550 9.8267 1.5727
1.6085 6.2493 4.7241 8.1557 6.5210 6.9119 5.5220 3.6422 8.8731 7.6643 3.9794 4.0739 7.3703 6.2307 6.7923 5.8844 2.7916 2.4614 1.2507 4.1359 5.5629 10.6356 6.4412 7.7558 2.4769 5.5365 6.6965 5.9401 5.0157 5.2509 6.8016 3.3374 3.4225 6.9096 4.2763 0.6076 4.1773 5.2499 5.0746 4.6411 2.7954 5.1353 6.4626 3.4514 0.0000 5.3809 2.2642 5.9924 3.5506 2.5169 6.2298 4.9137 6.8712 1.5125 10.7512 6.3918 5.0182
5.8610 10.8522 9.0860 7.1709 2.3743 3.5433 2.0784 9.0001 11.3421 6.1937 4.2641 9.0313 6.5811 2.0357 3.8563 4.8408 5.8676 5.9737 6.0960 9.1933 4.0398 11.5754 2.2284 4.8348 7.0404 2.3337 1.6433 3.8700 0.5815 2.6688 2.3492 4.1932 3.1318 6.0909 1.1071 5.9768 8.6327 2.3075 10.2746 6.2897 7.3761 1.6829 1.6335 7.8992 5.3809 0.0000 6.4405 0.8966 7.0491 4.9864 2.6352 6.5471 5.2411 6.5600 11.5333 6.0850 9.3204
3.7687 4.4366 6.2860 6.8435 8.1118 6.7838 5.8108 3.9645 6.6204 6.6084 6.1495 5.2102 6.0898 7.7818 6.5072 5.0248 1.0988 0.6948 1.0719 5.1288 5.0185 8.5733 8.0066 7.2839 0.6624 5.7222 7.9861 5.5111 6.2481 5.2928 8.3223 5.5102 5.3707 5.7180 5.3860 2.0342 5.7486 5.4447 5.6880 2.9197 0.9575 5.5926 7.8322 5.1403 2.2642 6.4405 0.0000 7.2251 5.6271 1.6645 6.3560 3.1272 6.0210 1.1872 8.7196 5.0917 6.5839
6.2778 11.6542 9.3642 7.9652 1.5749 4.1860 2.8756 9.5575 12.2387 6.9687 4.2430 9.4411 7.4039 1.2747 4.5552 5.6931 6.7069 6.7905 6.8062 9.6270 4.8904 12.4396 1.4297 5.4729 7.8060 3.1364 0.7686 4.6829 0.9890 3.5145 1.4829 4.3074 3.3021 6.9231 1.8396 6.5977 8.9421 3.1483 10.7411 7.1841 8.1465 2.5358 0.7426 8.2312 5.9924 0.8966 7.2251 0.0000 7.2605 5.8242 3.3258 7.4427 6.0329 7.2582 12.3907 6.9473 9.5806
1.9460 8.5934 2.1666 11.5867 6.9794 9.6768 8.0714 4.0941 12.1846 10.9951 3.2467 2.8333 10.8033 6.8356 9.6908 9.1894 6.3275 5.9703 4.5592 3.1408 8.7256 14.1588 6.9725 10.7309 5.5803 8.1776 7.7352 9.0041 6.5026 8.0499 7.3643 2.9765 3.9608 10.3193 6.1490 3.5982 1.8693 7.9227 4.2890 8.1917 5.8015 7.5822 7.3937 1.4079 3.5506 7.0491 5.6271 7.2605 0.0000 6.0435 8.8399 8.4640 10.1259 4.5247 14.2843 9.8516 2.3452
4.0990 5.9004 7.1822 5.6698 6.8915 5.1301 4.1620 5.3886 6.9728 5.2591 5.6452 6.3410 4.8870 6.5445 4.8724 3.5484 0.8827 1.0403 2.0103 6.3276 3.4228 8.2889 6.7720 5.6962 2.3268 4.0640 6.5929 3.8940 4.8826 3.6291 7.0502 5.0501 4.6015 4.4471 4.0039 2.6970 6.6324 3.7895 7.0590 2.2060 2.6084 3.9743 6.4844 5.9321 2.5169 4.9864 1.6645 5.8242 6.0435 0.0000 4.6923 2.4979 4.5561 2.4293 8.3754 3.8963 7.4802
7.2573 10.3966 10.6540 4.6989 4.9006 0.9277 0.7696 9.7764 9.7041 3.6791 6.5611 10.2670 4.2167 4.5937 1.2303 2.7226 5.4384 5.7162 6.4536 10.3549 1.9972 9.3712 4.7555 2.2063 7.0178 0.6938 3.8369 1.5840 3.1271 1.0632 4.7713 6.3199 5.2828 3.7820 2.9021 6.7263 10.1430 0.9800 11.2991 5.0125 7.2992 1.2766 4.0121 9.3851 6.2298 2.6352 6.3560 3.3258 8.8399 4.6923 0.0000 5.1896 2.7872 6.9295 9.2849 3.9718 10.9223
6.5216 5.6089 9.3752 3.8549 8.7632 5.1844 5.0010 7.0257 4.8078 3.8660 8.0835 8.3371 3.1655 8.4063 4.7449 2.7926 2.1662 2.5686 4.0491 8.2539 3.2580 5.7917 8.6283 5.1569 3.5760 4.7933 8.1840 3.7713 6.6338 4.2904 8.8389 7.5086 6.9584 2.9156 5.8020 4.9434 8.8312 4.6087 8.7581 0.2994 3.6392 5.0750 8.1698 8.1841 4.9137 6.5471 3.1272 7.4427 8.4640 2.4979 5.1896 0.0000 3.5912 4.2971 5.8782 2.2421 9.6745
8.2811 9.1999 11.5909 1.9325 7.5966 2.2081 3.1653 9.9276 7.3516 0.9733 8.5393 10.8684 1.4450 7.2694 1.6998 1.0078 4.9267 5.3283 6.5662 10.8717 1.4376 6.6197 7.4502 1.6302 6.6345 2.9078 6.6022 1.3861 5.6270 2.6225 7.5069 8.1435 7.2317 1.0837 5.1109 7.1880 11.0460 2.9583 11.6125 3.5673 6.8149 3.5822 6.7489 10.3110 6.8712 5.2411 6.0210 6.0329 10.1259 4.5561 2.7872 3.5912 0.0000 6.9740 6.5176 1.5455 11.8827
2.7590 4.7374 5.0989 7.9413 7.9325 7.4728 6.3013 2.9593 7.6617 7.6334 5.4811 4.0490 7.1745 7.6265 7.2565 5.9667 2.1793 1.7546 0.4806 3.9880 5.8443 9.7431 7.8434 8.1153 1.0667 6.2576 7.9932 6.3016 6.2694 5.8826 8.1900 4.8406 4.9174 6.7749 5.4596 1.0453 4.5615 5.9701 4.6406 4.0758 1.3372 6.0000 7.7905 3.9597 1.5125 6.5600 1.1872 7.2582 4.5247 2.4293 6.9295 4.2971 6.9740 0.0000 9.8954 6.1727 5.3969
12.3569 8.6371 14.9601 4.7337 13.9032 8.7070 9.5387 12.1607 3.6437 5.7529 13.8868 13.7500 5.0739 13.5568 8.2073 6.6977 7.9606 8.3147 9.7572 13.5980 7.5005 0.3321 13.7581 7.7712 8.9505 9.2785 13.0272 7.7507 11.8061 8.8763 13.8724 13.3375 12.6939 5.5064 11.1043 10.7029 14.4350 9.2429 13.8205 6.1695 8.8581 9.8567 13.1284 13.8550 10.7512 11.5333 8.7196 12.3907 14.2843 8.3754 9.2849 5.8782 6.5176 9.8954 0.0000 5.4491 15.2539
7.9291 7.7995 11.0785 1.7763 8.4541 3.6084 4.1186 9.0562 5.8448 1.6245 8.7563 10.1956 1.0018 8.1079 3.1030 1.2689 4.0069 4.4317 5.8271 10.1555 2.0653 5.4924 8.3091 3.1746 5.6404 3.8618 7.5996 2.3890 6.3622 3.4368 8.4271 8.2752 7.4898 0.6735 5.6878 6.5908 10.5287 3.8041 10.7782 2.3046 5.7624 4.4116 7.6870 9.8267 6.3918 6.0850 5.0917 6.9473 9.8516 3.8963 3.9718 2.2421 1.5455 6.1727 5.4491 0.0000 11.3765
3.6758 8.3467 0.2995 13.1495 9.3224 11.7103 10.1636 3.5081 12.6953 12.6824 5.5827 1.6956 12.3659 9.1808 11.6659 10.9009 7.5169 7.1066 5.6280 1.9815 10.5456 15.0849 9.3169 12.6746 6.3035 10.2406 10.0734 10.8873 8.7893 10.0513 9.7084 5.3183 6.2789 11.9161 8.3670 4.7890 0.8484 9.9707 2.7259 9.4368 6.4111 9.6978 9.7346 1.5727 5.0182 9.3204 6.5839 9.5806 2.3452 7.4802 10.9223 9.6745 11.8827 5.3969 15.2539 11.3765 0.0000
0.000 96.676 45.345 129.018 85.521 107.140 86.718 46.750 138.424 121.633 41.773 42.293 118.551 82.471 106.555 97.622 58.618 54.035 35.980 44.656 92.140 163.175 84.896 120.075 50.983 87.628 91.801 96.405 71.762 85.008 90.070 34.155 41.882 112.203 64.382 23.261 38.475 83.994 59.636 83.301 54.542 80.668 87.857 28.370 21.446 78.146 50.249 83.704 25.947 54.653 96.764 86.955 110.414 36.786 164.759 105.721 49.011
96.676 0.000 108.155 122.281 167.137 141.476 133.052 64.551 69.270 125.465 135.956 88.682 114.844 162.796 136.341 111.489 67.248 65.110 67.678 84.983 115.763 111.485 165.778 143.295 52.089 131.214 165.569 122.812 142.418 124.827 170.062 127.472 128.579 112.862 130.862 76.445 103.061 127.839 80.707 75.324 47.463 131.340 163.579 99.878 83.325 144.696 59.155 155.389 114.579 78.672 138.621 74.786 122.666 63.165 115.162 103.994 111.289
45.345 108.155 0.000 171.356 121.911 152.485 131.960 43.605 165.569 165.170 72.178 19.572 160.910 119.911 151.824 141.437 96.233 90.763 71.047 23.619 136.765 197.230 121.788 165.236 80.132 132.943 131.599 141.364 114.134 130.342 127.020 68.309 80.870 154.925 108.283 59.870 7.331 129.326 34.840 121.831 81.613 125.792 127.128 17.138 62.988 121.147 83.813 124.856 28.888 95.763 142.053 125.003 154.545 67.985 199.469 147.713 3.993
129.018 122.281 171.356 0.000 127.053 53.607 67.960 144.060 83.325 13.812 137.343 159.602 10.475 122.680 47.184 33.728 76.914 82.591 101.356 159.027 43.206 65.055 125.100 40.513 98.272 64.518 113.706 44.058 100.601 60.434 125.844 131.469 120.086 16.997 93.209 111.542 164.026 65.042 167.082 53.078 99.598 73.394 115.732 154.623 108.742 95.612 91.247 106.203 154.490 75.597 62.653 51.399 25.766 105.884 63.116 23.684 175.326
85.521 167.137 121.911 127.053 0.000 76.723 59.101 131.654 180.941 113.842 49.946 126.195 119.364 4.759 81.728 96.190 103.489 103.670 100.267 129.239 85.517 185.875 1.953 93.825 115.091 62.558 16.808 83.146 28.508 67.240 5.340 53.880 43.648 112.858 39.530 94.970 117.175 62.411 144.691 113.195 119.714 54.095 12.606 108.501 86.947 31.658 108.158 20.998 93.058 91.886 65.341 116.842 101.289 105.767 185.376 112.721 124.298
107.140 141.476 152.485 53.607 76.723 0.000 22.149 138.379 125.941 39.796 99.707 146.376 48.633 72.804 6.815 32.927 77.220 81.516 93.425 147.304 25.865 117.587 74.811 17.239 99.257 20.115 61.798 18.876 53.982 22.225 74.625 96.283 82.569 43.722 50.957 98.304 145.552 23.389 159.337 67.384 102.681 29.050 64.569 135.453 92.158 47.243 90.451 55.813 129.024 68.401 12.369 69.126 29.441 99.637 116.093 48.112 156.137
86.718 133.052 131.960 67.960 59.101 22.149 0.000 121.368 128.907 54.870 77.586 127.161 60.384 54.721 24.661 38.017 66.129 69.336 77.625 128.441 27.390 127.999 57.147 38.543 86.238 3.483 46.513 24.100 33.359 9.613 58.083 74.152 60.421 54.024 28.913 80.483 125.187 5.318 141.287 63.868 90.194 6.904 48.034 115.085 73.627 27.712 77.477 38.341 107.618 55.493 10.262 66.681 42.204 84.017 127.182 54.915 135.515
46.750 64.551 43.605 144.060 131.654 138.379 121.368 0.000 124.445 140.816 88.065 24.175 134.052 128.322 135.843 118.951 67.401 61.788 45.276 20.724 117.326 159.448 130.891 147.567 46.000 121.201 136.343 123.319 114.678 116.709 135.979 80.806 88.112 129.071 105.357 41.057 38.733 117.348 23.099 91.326 45.529 116.612 132.795 37.204 48.563 120.001 52.860 127.433 54.587 71.848 130.352 93.676 132.368 39.458 162.142 120.749 46.775
138.424 69.270 165.569 83.325 180.941 125.941 128.907 124.445 0.000 93.319 167.695 147.584 81.424 176.183 119.256 93.427 83.454 86.353 102.467 144.822 102.775 44.407 179.147 119.195 88.061 125.810 172.954 108.568 152.553 119.294 181.939 159.467 154.323 83.850 141.440 115.174 159.128 123.906 144.882 67.757 85.330 130.842 172.935 152.924 118.308 151.228 88.272 163.183 162.461 92.970 129.388 64.104 98.021 102.156 48.582 77.931 169.271
121.633 125.465 165.170 13.812 113.842 39.796 54.870 140.816 93.319 0.000 126.642 154.667 11.987 109.538 33.402 24.080 73.477 79.045 96.704 154.455 31.850 78.482 111.891 27.251 95.837 51.477 100.190 31.421 87.889 47.908 112.471 121.217 109.233 12.683 81.121 105.850 157.867 52.327 163.587 52.215 97.767 60.611 102.347 148.202 102.191 82.582 88.112 92.916 146.602 70.122 49.055 51.547 12.977 101.779 76.705 21.661 169.098
41.773 135.956 72.178 137.343 49.946 99.707 77.586 88.065 167.695 126.642 0.000 78.305 127.539 48.379 101.818 103.619 84.244 81.702 69.584 81.784 94.792 184.463 49.984 115.927 85.990 79.993 61.368 96.235 49.105 80.670 55.158 8.567 17.477 120.633 48.792 59.518 67.829 77.438 97.462 103.789 90.309 70.683 56.588 59.779 53.059 56.855 81.993 56.573 43.290 75.269 87.482 107.779 113.857 73.082 185.158 116.750 74.436
42.293 88.682 19.572 159.602 126.195 146.376 127.161 24.175 147.584 154.667 78.305 0.000 149.282 123.548 144.882 131.546 83.015 77.369 58.246 4.412 128.145 180.879 125.774 157.671 64.485 127.648 133.712 133.406 114.051 124.178 131.011 72.601 83.074 143.692 106.506 49.114 15.857 123.876 19.456 108.303 65.269 121.529 129.603 19.093 54.318 120.418 69.469 125.882 37.777 84.547 136.894 111.161 144.912 53.987 183.333 135.941 22.609
118.551 114.844 160.910 10.475 119.364 48.633 60.384 134.052 81.424 11.987 127.539 149.282 0.000 114.889 41.894 24.209 66.767 72.435 91.039 148.763 34.324 68.997 117.412 38.295 88.412 56.903 106.698 36.286 92.304 52.223 118.466 121.500 110.375 6.920 84.339 101.115 153.580 56.988 157.032 43.521 89.915 65.343 108.410 144.162 98.270 87.748 81.198 98.718 144.044 65.160 56.223 42.207 19.267 95.659 67.652 13.357 164.878
82.471 162.796 119.911 122.680 4.759 72.804 54.721 128.322 176.183 109.538 48.379 123.548 114.889 0.000 77.652 91.619 98.886 99.142 96.111 126.491 80.960 181.231 3.034 89.969 110.786 58.163 14.838 78.715 23.759 62.716 7.665 51.648 40.623 108.351 34.780 91.130 114.976 57.909 141.860 108.438 115.406 49.571 10.036 106.114 83.075 27.142 103.758 16.996 91.141 87.260 61.250 112.084 96.925 101.687 180.758 108.105 122.410
106.555 136.341 151.824 47.184 81.728 6.815 24.661 135.843 119.256 33.402 101.818 144.882 41.894 77.652 0.000 26.562 73.132 77.682 90.658 145.613 20.619 110.876 79.797 14.151 95.510 21.896 67.299 13.601 57.713 21.921 79.914 97.882 84.481 36.912 53.438 96.327 144.790 24.428 157.203 61.726 98.752 31.418 69.804 134.722 90.564 51.417 86.763 60.736 129.210 64.966 16.404 63.265 22.664 96.754 109.431 41.374 155.545
97.622 111.489 141.437 33.728 96.190 32.927 38.017 118.951 93.427 24.080 103.619 131.546 24.209 91.619 26.562 0.000 52.459 57.744 74.112 131.553 10.703 90.019 94.248 31.843 75.273 34.582 84.478 15.218 68.606 29.048 95.668 97.824 86.359 17.316 60.237 82.507 134.154 33.937 141.397 36.195 77.814 42.138 85.744 124.410 78.459 64.543 66.997 75.908 122.525 47.311 36.301 37.235 13.437 79.555 89.303 16.919 145.345
58.618 67.248 96.233 76.914 103.489 77.220 66.129 67.401 83.454 73.477 84.244 83.015 66.767 98.886 73.132 52.459 0.000 5.678 25.187 82.226 52.937 104.588 101.920 82.952 22.828 64.541 99.674 59.676 76.857 58.419 105.689 76.019 71.394 61.672 65.142 37.049 88.956 61.012 90.303 25.601 25.676 64.115 98.215 80.248 37.221 78.234 14.650 89.426 84.367 11.769 72.512 28.883 65.690 29.058 106.141 53.426 100.225
54.035 65.110 90.763 82.591 103.670 81.516 69.336 61.788 86.353 79.045 81.702 77.369 72.435 99.142 77.682 57.744 5.678 0.000 19.744 76.555 57.721 109.186 102.166 87.890 17.844 67.965 100.766 64.339 77.733 62.053 106.129 73.341 69.698 67.303 66.070 31.936 83.503 64.335 84.659 31.097 21.183 66.848 99.043 74.906 32.819 79.649 9.264 90.540 79.604 13.870 76.216 34.248 71.043 23.395 110.863 59.090 94.754
35.980 67.678 71.047 101.356 100.267 93.425 77.625 45.276 102.467 96.704 69.584 58.246 91.039 96.111 90.658 74.112 25.187 19.744 0.000 57.795 72.065 128.255 99.031 102.292 16.406 77.068 100.616 78.048 77.563 72.121 103.574 61.017 60.930 85.507 66.648 12.836 63.776 73.231 67.333 50.784 20.779 73.593 98.014 55.176 16.676 81.280 14.292 90.750 60.789 26.804 86.048 53.989 87.549 6.408 130.096 77.695 75.040
44.656 84.983 23.619 159.027 129.239 147.304 128.441 20.724 144.822 154.455 81.784 4.412 148.763 126.491 145.613 131.553 82.226 76.555 57.795 0.000 128.499 178.774 128.769 158.222 62.946 128.814 136.368 133.914 116.356 125.151 133.996 75.848 85.926 143.297 108.505 49.437 20.254 125.018 15.684 107.305 63.439 122.946 132.333 23.119 55.146 122.577 68.383 128.359 41.878 84.368 138.065 110.051 144.956 53.174 181.306 135.407 26.420
92.140 115.763 136.765 43.206 85.517 25.865 27.390 117.326 102.775 31.850 94.792 128.145 34.324 80.960 20.619 10.703 52.937 57.721 72.065 128.499 0.000 100.711 83.573 30.314 75.559 23.985 73.799 7.049 58.065 18.345 84.966 89.426 77.389 27.570 50.066 79.079 129.560 23.234 139.251 41.554 78.612 31.445 75.041 119.641 74.173 53.864 66.913 65.205 116.341 45.637 26.629 43.440 19.167 77.924 100.006 27.537 140.608
163.175 111.485 197.230 65.055 185.875 117.587 127.999 159.448 44.407 78.482 184.463 180.879 68.997 181.231 110.876 90.019 104.588 109.186 128.255 178.774 100.711 0.000 183.948 105.557 117.110 124.542 174.493 104.309 157.780 119.038 185.591 177.034 168.743 74.524 148.223 140.930 190.273 123.934 181.441 81.151 115.735 132.052 175.724 182.675 141.808 154.338 114.310 165.862 188.783 110.519 124.950 77.223 88.262 129.909 4.428 73.232 201.132
84.896 165.778 121.788 125.100 1.953 74.811 57.147 130.891 179.147 111.891 49.984 125.774 117.412 3.034 79.797 94.248 101.920 102.166 99.031 128.769 83.573 183.948 0.000 91.925 113.756 60.605 15.273 81.193 26.661 65.292 5.250 53.629 43.016 110.908 37.771 93.925 116.962 60.462 144.182 111.408 118.377 52.148 10.881 108.199 85.883 29.711 106.755 19.062 92.967 90.294 63.407 115.045 99.336 104.579 183.442 110.787 124.226
120.075 143.295 165.236 40.513 93.825 17.239 38.543 147.567 119.195 27.251 115.927 157.671 38.295 89.969 14.151 31.843 82.952 87.890 102.292 158.222 30.314 105.557 91.925 0.000 105.696 35.946 78.611 24.332 71.112 35.970 91.573 112.033 98.612 35.374 67.432 108.801 158.143 38.576 169.341 67.973 108.600 45.386 81.571 148.108 103.410 64.464 97.118 72.973 143.078 75.949 29.417 68.759 21.737 108.205 103.616 42.328 168.995
50.983 52.089 80.132 98.272 115.091 99.257 86.238 46.000 88.061 95.837 85.990 64.485 88.412 110.786 95.510 75.273 22.828 17.844 16.406 62.946 75.559 117.110 113.756 105.696 0.000 85.094 114.160 82.182 90.973 79.394 118.108 77.423 76.982 83.749 79.612 27.915 73.164 81.384 69.098 45.359 4.626 83.215 111.923 65.810 33.025 93.873 8.832 104.080 74.404 31.024 93.570 47.679 88.461 14.223 119.339 75.205 84.046
87.628 131.214 132.943 64.518 62.558 20.115 3.483 121.201 125.810 51.477 79.993 127.648 56.903 58.163 21.896 34.582 64.541 67.965 77.068 128.814 23.985 124.542 60.605 35.946 85.094 0.000 49.983 20.621 36.591 6.716 61.563 76.292 62.719 50.542 31.546 80.474 126.099 3.853 141.424 61.197 88.958 9.581 51.516 115.993 73.819 31.116 76.296 41.818 109.035 54.187 9.251 63.911 38.771 83.435 123.713 51.491 136.542
91.801 165.569 131.599 113.706 16.808 61.798 46.513 136.343 172.954 100.190 61.368 133.712 106.698 14.838 67.299 84.478 99.674 100.766 100.616 136.368 73.799 174.493 15.273 78.611 114.160 49.983 0.000 70.472 23.188 55.524 13.225 63.457 50.908 100.467 34.716 97.381 126.265 50.630 151.434 105.725 118.713 42.755 4.942 117.023 89.287 21.911 106.482 10.249 103.136 87.905 51.158 109.121 88.030 106.576 173.695 101.329 134.312
96.405 122.812 141.364 44.058 83.146 18.876 24.100 123.319 108.568 31.421 96.235 133.406 36.286 78.715 13.601 15.218 59.676 64.339 78.048 133.914 7.049 104.309 81.193 24.332 82.182 20.621 70.472 0.000 56.572 16.488 82.182 91.375 78.760 29.997 49.759 84.484 134.218 20.992 145.019 48.508 85.333 29.338 72.124 124.227 79.201 51.600 73.481 62.439 120.055 51.920 21.120 50.284 18.481 84.022 103.342 31.853 145.164
71.762 142.418 114.134 100.601 28.508 53.982 33.359 114.678 152.553 87.889 49.105 114.051 92.304 23.759 57.713 68.606 76.857 77.733 77.563 116.356 58.065 157.780 26.661 71.112 90.973 36.591 23.188 56.572 0.000 40.175 29.468 48.301 34.212 85.620 11.717 74.925 108.216 35.584 130.997 84.850 95.525 27.278 21.358 98.529 66.876 7.754 83.308 13.187 86.701 65.102 41.695 88.450 75.027 83.592 157.414 84.829 117.190
85.008 124.827 130.342 60.434 67.240 22.225 9.613 116.709 119.294 47.908 80.670 124.178 52.223 62.716 21.921 29.048 58.419 62.053 72.121 125.151 18.345 119.038 65.292 35.970 79.394 6.716 55.524 16.488 40.175 0.000 66.623 76.321 63.223 45.638 33.374 76.317 123.380 4.897 137.365 54.481 83.150 13.146 56.697 113.287 70.012 35.584 70.570 46.860 107.332 48.387 14.177 57.206 34.966 78.435 118.351 45.824 134.018
90.070 170.062 127.020 125.844 5.340 74.625 58.083 135.979 181.939 112.471 55.158 131.011 118.466 7.665 79.914 95.668 105.689 106.129 103.574 133.996 84.966 185.591 5.250 91.573 118.108 61.563 13.225 82.182 29.468 66.623 0.000 58.877 48.199 112.074 40.966 98.750 122.208 61.744 149.398 114.281 122.723 53.546 10.127 113.449 90.688 31.323 110.964 19.772 98.190 94.002 63.618 117.852 100.092 109.199 184.965 112.362 129.445
34.155 127.472 68.309 131.469 53.880 96.283 74.152 80.806 159.467 121.217 8.567 72.601 121.500 51.648 97.882 97.824 76.019 73.341 61.017 75.848 89.426 177.034 53.629 112.033 77.423 76.292 63.457 91.375 48.301 76.321 58.877 0.000 14.225 114.627 45.959 51.027 63.337 73.462 91.455 96.131 81.744 67.275 58.896 54.636 44.498 55.910 73.469 57.432 39.686 67.335 84.266 100.115 108.580 64.542 177.834 110.335 70.910
41.882 128.579 80.870 120.086 43.648 82.569 60.421 88.112 154.323 109.233 17.477 83.074 110.375 40.623 84.481 86.359 71.394 69.698 60.930 85.926 77.389 168.743 43.016 98.612 76.982 62.719 50.908 78.760 34.212 63.223 48.199 14.225 0.000 103.459 31.903 53.268 75.388 60.069 101.249 88.793 81.529 53.520 46.625 66.117 45.633 41.757 71.610 44.027 52.811 61.353 70.437 92.778 96.422 65.565 169.253 99.864 83.719
112.203 112.862 154.925 16.997 112.858 43.722 54.024 129.071 83.850 12.683 120.633 143.692 6.920 108.351 36.912 17.316 61.672 67.303 85.507 143.297 27.570 74.524 110.908 35.374 83.749 50.542 100.467 29.997 85.620 45.638 112.074 114.627 103.459 0.000 77.509 95.240 147.599 50.447 151.960 39.634 85.512 58.780 102.050 138.098 92.128 81.212 76.240 92.308 137.591 59.295 50.426 38.874 14.449 90.332 73.418 8.980 158.882
64.382 130.862 108.283 93.209 39.530 50.957 28.913 105.357 141.440 81.121 48.792 106.506 84.339 34.780 53.438 60.237 65.142 66.070 66.648 108.505 50.066 148.223 37.771 67.432 79.612 31.546 34.716 49.759 11.717 33.374 40.966 45.959 31.903 77.509 0.000 64.943 101.989 29.448 122.709 73.685 84.136 22.046 33.073 92.066 57.017 14.762 71.813 24.528 81.987 53.385 38.695 77.359 68.145 72.794 148.058 75.837 111.560
23.261 76.445 59.870 111.542 94.970 98.304 80.483 41.057 115.174 105.850 59.518 49.114 101.115 91.130 96.327 82.507 37.049 31.936 12.836 49.437 79.079 140.930 93.925 108.801 27.915 80.474 97.381 84.484 74.925 76.317 98.750 51.027 53.268 95.240 64.943 0.000 52.542 76.630 61.049 62.514 31.740 75.588 94.269 43.425 8.102 79.691 27.123 87.969 47.976 35.960 89.684 65.912 95.840 13.937 142.705 87.877 63.853
38.475 103.061 7.331 164.026 117.175 145.552 125.187 38.733 159.128 157.867 67.829 15.857 153.580 114.976 144.790 134.154 88.956 83.503 63.776 20.254 129.560 190.273 116.962 158.143 73.164 126.099 126.265 134.218 108.216 123.380 122.208 63.337 75.388 147.599 101.989 52.542 0.000 122.456 33.882 114.557 74.785 119.092 121.882 10.106 55.697 115.102 76.648 119.228 24.924 88.433 135.240 117.749 147.281 60.820 192.467 140.382 11.312
83.994 127.839 129.326 65.042 62.411 23.389 5.318 117.348 123.906 52.327 77.438 123.876 56.988 57.909 24.428 33.937 61.012 64.335 73.231 125.018 23.234 123.934 60.462 38.576 81.384 3.853 50.630 20.992 35.584 4.897 61.744 73.462 60.069 50.447 29.448 76.630 122.456 0.000 137.590 58.599 85.279 8.365 51.807 112.351 69.999 30.767 72.596 41.977 105.636 50.526 13.066 61.449 39.444 79.601 123.239 50.721 132.943
59.636 80.707 34.840 167.082 144.691 159.337 141.287 23.099 144.882 163.587 97.462 19.456 157.032 141.860 157.203 141.397 90.303 84.659 67.333 15.684 139.251 181.441 144.182 169.341 69.098 141.424 151.434 145.019 130.997 137.365 149.398 91.455 101.249 151.960 122.709 61.049 33.882 137.590 0.000 114.414 68.564 136.082 147.485 38.548 67.662 136.995 75.841 143.215 57.187 94.120 150.655 116.775 154.833 61.875 184.273 143.710 36.346
83.301 75.324 121.831 53.078 113.195 67.384 63.868 91.326 67.757 52.215 103.789 108.303 43.521 108.438 61.726 36.195 25.601 31.097 50.784 107.305 41.554 81.151 111.408 67.973 45.359 61.197 105.725 48.508 84.850 54.481 114.281 96.131 88.793 39.634 73.685 62.514 114.557 58.599 114.414 0.000 46.525 64.574 105.442 105.822 61.881 83.862 38.930 95.787 109.223 29.414 66.833 3.993 47.565 54.344 82.260 30.728 125.824
54.542 47.463 81.613 99.598 119.714 102.681 90.194 45.529 85.330 97.767 90.309 65.269 89.915 115.406 98.752 77.814 25.676 21.183 20.779 63.439 78.612 115.735 118.377 108.600 4.626 88.958 118.713 85.333 95.525 83.150 122.723 81.744 81.529 85.512 84.136 31.740 74.785 85.279 68.564 46.525 0.000 87.333 116.504 67.863 37.271 98.349 12.766 108.619 77.353 34.778 97.323 48.522 90.866 17.830 118.108 76.833 85.481
80.668 131.340 125.792 73.394 54.095 29.050 6.904 116.612 130.842 60.611 70.683 121.529 65.343 49.571 31.418 42.138 64.115 66.848 73.593 122.946 31.445 132.052 52.148 45.386 83.215 9.581 42.755 29.338 27.278 13.146 53.546 67.275 53.520 58.780 22.046 75.588 119.092 8.365 136.082 64.574 87.333 0.000 43.683 109.003 68.471 22.439 74.568 33.810 101.096 52.991 17.021 67.666 47.763 80.001 131.422 58.821 129.303
87.857 163.579 127.128 115.732 12.606 64.569 48.034 132.795 172.935 102.347 56.588 129.603 108.410 10.036 69.804 85.744 98.215 99.043 98.014 132.333 75.041 175.724 10.881 81.571 111.923 51.516 4.942 72.124 21.358 56.697 10.127 58.896 46.625 102.050 33.073 94.269 121.882 51.807 147.485 105.442 116.504 43.683 0.000 112.723 86.167 21.779 104.429 9.901 98.582 86.459 53.495 108.931 89.985 103.873 175.046 102.494 129.795
28.370 99.878 17.138 154.623 108.501 135.453 115.085 37.204 152.924 148.202 59.779 19.093 144.162 106.114 134.722 124.410 80.248 74.906 55.176 23.119 119.641 182.675 108.199 148.108 65.810 115.993 117.023 124.227 98.529 113.287 113.449 54.636 66.117 138.098 92.066 43.425 10.106 112.351 38.548 105.822 67.863 109.003 112.723 0.000 46.019 105.322 68.537 109.749 18.772 79.094 125.135 109.121 137.479 52.796 184.733 131.022 20.970
21.446 83.325 62.988 108.742 86.947 92.158 73.627 48.563 118.308 102.191 53.059 54.318 98.270 83.075 90.564 78.459 37.221 32.819 16.676 55.146 74.173 141.808 85.883 103.410 33.025 73.819 89.287 79.201 66.876 70.012 90.688 44.498 45.633 92.128 57.017 8.102 55.697 69.999 67.662 61.881 37.271 68.471 86.167 46.019 0.000 71.746 30.190 79.899 47.342 33.558 83.064 65.516 91.615 20.166 143.350 85.224 66.909
78.146 144.696 121.147 95.612 31.658 47.243 27.712 120.001 151.228 82.582 56.855 120.418 87.748 27.142 51.417 64.543 78.234 79.649 81.280 122.577 53.864 154.338 29.711 64.464 93.873 31.116 21.911 51.600 7.754 35.584 31.323 55.910 41.757 81.212 14.762 79.691 115.102 30.767 136.995 83.862 98.349 22.439 21.779 105.322 71.746 0.000 85.874 11.955 93.988 66.486 35.136 87.295 69.881 87.467 153.778 81.133 124.272
50.249 59.155 83.813 91.247 108.158 90.451 77.477 52.860 88.272 88.112 81.993 69.469 81.198 103.758 86.763 66.997 14.650 9.264 14.292 68.383 66.913 114.310 106.755 97.118 8.832 76.296 106.482 73.481 83.308 70.570 110.964 73.469 71.610 76.240 71.813 27.123 76.648 72.596 75.841 38.930 12.766 74.568 104.429 68.537 30.190 85.874 0.000 96.335 75.028 22.193 84.746 41.696 80.280 15.829 116.261 67.889 87.785
83.704 155.389 124.856 106.203 20.998 55.813 38.341 127.433 163.183 92.916 56.573 125.882 98.718 16.996 60.736 75.908 89.426 90.540 90.750 128.359 65.205 165.862 19.062 72.973 104.080 41.818 10.249 62.439 13.187 46.860 19.772 57.432 44.027 92.308 24.528 87.969 119.228 41.977 143.215 95.787 108.619 33.810 9.901 109.749 79.899 11.955 96.335 0.000 96.806 77.657 44.344 99.236 80.439 96.777 165.210 92.630 127.741
25.947 114.579 28.888 154.490 93.058 129.024 107.618 54.587 162.461 146.602 43.290 37.777 144.044 91.141 129.210 122.525 84.367 79.604 60.789 41.878 116.341 188.783 92.967 143.078 74.404 109.035 103.136 120.055 86.701 107.332 98.190 39.686 52.811 137.591 81.987 47.976 24.924 105.636 57.187 109.223 77.353 101.096 98.582 18.772 47.342 93.988 75.028 96.806 0.000 80.580 117.865 112.853 135.012 60.329 190.458 131.355 31.269
54.653 78.672 95.763 75.597 91.886 68.401 55.493 71.848 92.970 70.122 75.269 84.547 65.160 87.260 64.966 47.311 11.769 13.870 26.804 84.368 45.637 110.519 90.294 75.949 31.024 54.187 87.905 51.920 65.102 48.387 94.002 67.335 61.353 59.295 53.385 35.960 88.433 50.526 94.120 29.414 34.778 52.991 86.459 79.094 33.558 66.486 22.193 77.657 80.580 0.000 62.564 33.305 60.747 32.391 111.672 51.951 99.736
96.764 138.621 142.053 62.653 65.341 12.369 10.262 130.352 129.388 49.055 87.482 136.894 56.223 61.250 16.404 36.301 72.512 76.216 86.048 138.065 26.629 124.950 63.407 29.417 93.570 9.251 51.158 21.120 41.695 14.177 63.618 84.266 70.437 50.426 38.695 89.684 135.240 13.066 150.655 66.833 97.323 17.021 53.495 125.135 83.064 35.136 84.746 44.344 117.865 62.564 0.000 69.195 37.162 92.393 123.799 52.958 145.631
86.955 74.786 125.003 51.399 116.842 69.126 66.681 93.676 64.104 51.547 107.779 111.161 42.207 112.084 63.265 37.235 28.883 34.248 53.989 110.051 43.440 77.223 115.045 68.759 47.679 63.911 109.121 50.284 88.450 57.206 117.852 100.115 92.778 38.874 77.359 65.912 117.749 61.449 116.775 3.993 48.522 67.666 108.931 109.121 65.516 87.295 41.696 99.236 112.853 33.305 69.195 0.000 47.882 57.294 78.376 29.895 128.993
110.414 122.666 154.545 25.766 101.289 29.441 42.204 132.368 98.021 12.977 113.857 144.912 19.267 96.925 22.664 13.437 65.690 71.043 87.549 144.956 19.167 88.262 99.336 21.737 88.461 38.771 88.030 18.481 75.027 34.966 100.092 108.580 96.422 14.449 68.145 95.840 147.281 39.444 154.833 47.565 90.866 47.763 89.985 137.479 91.615 69.881 80.280 80.439 135.012 60.747 37.162 47.882 0.000 92.986 86.901 20.606 158.436
36.786 63.165 67.985 105.884 105.767 99.637 84.017 39.458 102.156 101.779 73.082 53.987 95.659 101.687 96.754 79.555 29.058 23.395 6.408 53.174 77.924 129.909 104.579 108.205 14.223 83.435 106.576 84.022 83.592 78.435 109.199 64.542 65.565 90.332 72.794 13.937 60.820 79.601 61.875 54.344 17.830 80.001 103.873 52.796 20.166 87.467 15.829 96.777 60.329 32.391 92.393 57.294 92.986 0.000 131.938 82.302 71.958
164.759 115.162 199.469 63.116 185.376 116.093 127.182 162.142 48.582 76.705 185.158 183.333 67.652 180.758 109.431 89.303 106.141 110.863 130.096 181.306 100.006 4.428 183.442 103.616 119.339 123.713 173.695 103.342 157.414 118.351 184.965 177.834 169.253 73.418 148.058 142.705 192.467 123.239 184.273 82.260 118.108 131.422 175.046 184.733 143.350 153.778 116.261 165.210 190.458 111.672 123.799 78.376 86.901 131.938 0.000 72.655 203.386
105.721 103.994 147.713 23.684 112.721 48.112 54.915 120.749 77.931 21.661 116.750 135.941 13.357 108.105 41.374 16.919 53.426 59.090 77.695 135.407 27.537 73.232 110.787 42.328 75.205 51.491 101.329 31.853 84.829 45.824 112.362 110.335 99.864 8.980 75.837 87.877 140.382 50.721 143.710 30.728 76.833 58.821 102.494 131.022 85.224 81.133 67.889 92.630 131.355 51.951 52.958 29.895 20.606 82.302 72.655 0.000 151.686
49.011 111.289 3.993 175.326 124.298 156.137 135.515 46.775 169.271 169.098 74.436 22.609 164.878 122.410 155.545 145.345 100.225 94.754 75.040 26.420 140.608 201.132 124.226 168.995 84.046 136.542 134.312 145.164 117.190 134.018 129.445 70.910 83.719 158.882 111.560 63.853 11.312 132.943 36.346 125.824 85.481 129.303 129.795 20.970 66.909 124.272 87.785 127.741 31.269 99.736 145.631 128.993 158.436 71.958 203.386 151.686 0.000
0.0000 7.2507 3.4009 9.6764 6.4141 8.0355 6.5039 3.5062 10.3818 9.1225 3.1330 3.1720 8.8913 6.1853 7.9916 7.3217 4.3963 4.0526 2.6985 3.3492 6.9105 12.2381 6.3672 9.0056 3.8238 6.5721 6.8851 7.2304 5.3822 6.3756 6.7553 2.5617 3.1412 8.4152 4.8286 1.7446 2.8856 6.2996 4.4727 6.2476 4.0907 6.0501 6.5892 2.1278 1.6085 5.8610 3.7687 6.2778 1.9460 4.0990 7.2573 6.5216 8.2811 2.7590 12.3569 7.9291 3.6758
7.2507 0.0000 8.1116 9.1711 12.5353 10.6107 9.9789 4.8413 5.1952 9.4099 10.1967 6.6512 8.6133 12.2097 10.2256 8.3617 5.0436 4.8833 5.0759 6.3737 8.6822 8.3614 12.4334 10.7471 3.9066 9.8410 12.4176 9.2109 10.6813 9.3620 12.7547 9.5604 9.6434 8.4646 9.8147 5.7334 7.7295 9.5879 6.0530 5.6493 3.5597 9.8505 12.2684 7.4908 6.2493 10.8522 4.4366 11.6542 8.5934 5.9004 10.3966 5.6089 9.1999 4.7374 8.6371 7.7995 8.3467
3.4009 8.1116 0.0000 12.8517 9.1433 11.4363 9.8970 3.2704 12.4177 12.3877 5.4133 1.4679 12.0683 8.9933 11.3868 10.6078 7.2175 6.8072 5.3286 1.7715 10.2574 14.7923 9.1341 12.3927 6.0099 9.9707 9.8699 10.6023 8.5600 9.7757 9.5265 5.1232 6.0652 11.6193 8.1212 4.4903 0.5498 9.6995 2.6130 9.1373 6.1210 9.4344 9.5346 1.2853 4.7241 9.0860 6.2860 9.3642 2.1666 7.1822 10.6540 9.3752 11.5909 5.0989 14.9601 11.0785 0.2995
9.6764 9.1711 12.8517 0.0000 9.5289 4.0206 5.0970 10.8045 6.2494 1.0359 10.3007 11.9701 0.7856 9.2010 3.5388 2.5296 5.7686 6.1943 7.6017 11.9270 3.2405 4.8791 9.3825 3.0385 7.3704 4.8388 8.5279 3.3043 7.5451 4.5326 9.4383 9.8602 9.0064 1.2748 6.9907 8.3657 12.3019 4.8781 12.5312 3.9808 7.4699 5.5046 8.6799 11.5967 8.1557 7.1709 6.8435 7.9652 11.5867 5.6698 4.6989 3.8549 1.9325 7.9413 4.7337 1.7763 13.1495
6.4141 12.5353 9.1433 9.5289 0.0000 5.7542 4.4325 9.8741 13.5706 8.5381 3.7459 9.4647 8.9523 0.3570 6.1296 7.2142 7.7617 7.7752 7.5200 9.6929 6.4138 13.9406 0.1465 7.0369 8.6318 4.6918 1.2606 6.2360 2.1381 5.0430 0.4005 4.0410 3.2736 8.4643 2.9648 7.1227 8.7881 4.6808 10.8518 8.4896 8.9786 4.0571 0.9454 8.1376 6.5210 2.3743 8.1118 1.5749 6.9794 6.8915 4.9006 8.7632 7.5966 7.9325 13.9032 8.4541 9.3224
8.0355 10.6107 11.4363 4.0206 5.7542 0.0000 1.6612 10.3784 9.4455 2.9847 7.4780 10.9782 3.6475 5.4603 0.5111 2.4695 5.7915 6.1137 7.0069 11.0478 1.9399 8.8190 5.6109 1.2929 7.4442 1.5086 4.6348 1.4157 4.0486 1.6668 5.5969 7.2213 6.1927 3.2792 3.8218 7.3728 10.9164 1.7542 11.9503 5.0538 7.7011 2.1787 4.8427 10.1590 6.9119 3.5433 6.7838 4.1860 9.6768 5.1301 0.9277 5.1844 2.2081 7.4728 8.7070 3.6084 11.7103
6.5039 9.9789 9.8970 5.0970 4.4325 1.6612 0.0000 9.1026 9.6680 4.1153 5.8189 9.5371 4.5288 4.1041 1.8496 2.8513 4.9597 5.2002 5.8219 9.6331 2.0542 9.5999 4.2860 2.8907 6.4678 0.2612 3.4885 1.8075 2.5020 0.7210 4.3562 5.5614 4.5316 4.0518 2.1684 6.0363 9.3890 0.3988 10.5965 4.7901 6.7645 0.5178 3.6025 8.6314 5.5220 2.0784 5.8108 2.8756 8.0714 4.1620 0.7696 5.0010 3.1653 6.3013 9.5387 4.1186 10.1636
3.5062 4.8413 3.2704 10.8045 9.8741 10.3784 9.1026 0.0000 9.3334 10.5612 6.6049 1.8131 10.0539 9.6241 10.1882 8.9213 5.0551 4.6341 3.3957 1.5543 8.7994 11.9586 9.8169 11.0676 3.4500 9.0900 10.2257 9.2490 8.6008 8.7532 10.1984 6.0605 6.6084 9.6804 7.9018 3.0793 2.9050 8.8011 1.7324 6.8495 3.4147 8.7459 9.9596 2.7903 3.6422 9.0001 3.9645 9.5575 4.0941 5.3886 9.7764 7.0257 9.9276 2.9593 12.1607 9.0562 3.5081
10.3818 5.1952 12.4177 6.2494 13.5706 9.4455 9.6680 9.3334 0.0000 6.9989 12.5771 11.0688 6.1068 13.2137 8.9442 7.0071 6.2591 6.4765 7.6850 10.8616 7.7081 3.3305 13.4360 8.9396 6.6046 9.4357 12.9716 8.1426 11.4415 8.9471 13.6455 11.9600 11.5742 6.2887 10.6080 8.6381 11.9346 9.2929 10.8662 5.0817 6.3998 9.8131 12.9701 11.4693 8.8731 11.3421 6.6204 12.2387 12.1846 6.9728 9.7041 4.8078 7.3516 7.6617 3.6437 5.8448 12.6953
9.1225 9.4099 12.3877 1.0359 8.5381 2.9847 4.1153 10.5612 6.9989 0.0000 9.4981 11.6000 0.8990 8.2153 2.5051 1.8060 5.5107 5.9284 7.2528 11.5841 2.3887 5.8862 8.3918 2.0438 7.1878 3.8608 7.5143 2.3566 6.5916 3.5931 8.4353 9.0913 8.1925 0.9512 6.0841 7.9387 11.8400 3.9245 12.2690 3.9161 7.3325 4.5458 7.6760 11.1151 7.6643 6.1937 6.6084 6.9687 10.9951 5.2591 3.6791 3.8660 0.9733 7.6334 5.7529 1.6245 12.6824
3.1330 10.1967 5.4133 10.3007 3.7459 7.4780 5.8189 6.6049 12.5771 9.4981 0.0000 5.8729 9.5654 3.6284 7.6364 7.7714 6.3183 6.1277 5.2188 6.1338 7.1094 13.8348 3.7488 8.6946 6.4492 5.9995 4.6026 7.2177 3.6829 6.0502 4.1368 0.6425 1.3107 9.0475 3.6594 4.4639 5.0871 5.8078 7.3097 7.7842 6.7732 5.3012 4.2441 4.4834 3.9794 4.2641 6.1495 4.2430 3.2467 5.6452 6.5611 8.0835 8.5393 5.4811 13.8868 8.7563 5.5827
3.1720 6.6512 1.4679 11.9701 9.4647 10.9782 9.5371 1.8131 11.0688 11.6000 5.8729 0.0000 11.1962 9.2661 10.8661 9.8659 6.2261 5.8026 4.3685 0.3309 9.6109 13.5659 9.4330 11.8253 4.8363 9.5736 10.0284 10.0054 8.5538 9.3133 9.8259 5.4451 6.2306 10.7769 7.9879 3.6835 1.1893 9.2907 1.4592 8.1227 4.8952 9.1146 9.7202 1.4320 4.0739 9.0313 5.2102 9.4411 2.8333 6.3410 10.2670 8.3371 10.8684 4.0490 13.7500 10.1956 1.6956
8.8913 8.6133 12.0683 0.7856 8.9523 3.6475 4.5288 10.0539 6.1068 0.8990 9.5654 11.1962 0.0000 8.6167 3.1420 1.8157 5.0075 5.4326 6.8279 11.1572 2.5743 5.1748 8.8059 2.8721 6.6309 4.2677 8.0024 2.7215 6.9228 3.9167 8.8850 9.1125 8.2781 0.5190 6.3254 7.5836 11.5185 4.2741 11.7774 3.2641 6.7436 4.9007 8.1308 10.8121 7.3703 6.5811 6.0898 7.4039 10.8033 4.8870 4.2167 3.1655 1.4450 7.1745 5.0739 1.0018 12.3659
6.1853 12.2097 8.9933 9.2010 0.3570 5.4603 4.1041 9.6241 13.2137 8.2153 3.6284 9.2661 8.6167 0.0000 5.8239 6.8714 7.4165 7.4356 7.2083 9.4868 6.0720 13.5923 0.2275 6.7477 8.3089 4.3623 1.1128 5.9036 1.7819 4.7037 0.5749 3.8736 3.0467 8.1263 2.6085 6.8347 8.6232 4.3432 10.6395 8.1328 8.6554 3.7179 0.7527 7.9586 6.2307 2.0357 7.7818 1.2747 6.8356 6.5445 4.5937 8.4063 7.2694 7.6265 13.5568 8.1079 9.1808
7.9916 10.2256 11.3868 3.5388 6.1296 0.5111 1.8496 10.1882 8.9442 2.5051 7.6364 10.8661 3.1420 5.8239 0.0000 1.9922 5.4849 5.8262 6.7994 10.9210 1.5464 8.3157 5.9847 1.0614 7.1632 1.6422 5.0474 1.0201 4.3284 1.6441 5.9936 7.3412 6.3361 2.7684 4.0079 7.2245 10.8593 1.8321 11.7902 4.6295 7.4064 2.3564 5.2353 10.1042 6.7923 3.8563 6.5072 4.5552 9.6908 4.8724 1.2303 4.7449 1.6998 7.2565 8.2073 3.1030 11.6659
7.3217 8.3617 10.6078 2.5296 7.2142 2.4695 2.8513 8.9213 7.0071 1.8060 7.7714 9.8659 1.8157 6.8714 1.9922 0.0000 3.9344 4.3308 5.5584 9.8665 0.8027 6.7514 7.0686 2.3882 5.6455 2.5937 6.3358 1.1413 5.1454 2.1786 7.1751 7.3368 6.4769 1.2987 4.5178 6.1880 10.0616 2.5453 10.6048 2.7146 5.8361 3.1604 6.4308 9.3307 5.8844 4.8408 5.0248 5.6931 9.1894 3.5484 2.7226 2.7926 1.0078 5.9667 6.6977 1.2689 10.9009
4.3963 5.0436 7.2175 5.7686 7.7617 5.7915 4.9597 5.0551 6.2591 5.5107 6.3183 6.2261 5.0075 7.4165 5.4849 3.9344 0.0000 0.4259 1.8890 6.1669 3.9703 7.8441 7.6440 6.2214 1.7121 4.8406 7.4755 4.4757 5.7643 4.3815 7.9267 5.7014 5.3546 4.6254 4.8857 2.7787 6.6717 4.5759 6.7727 1.9201 1.9257 4.8087 7.3661 6.0186 2.7916 5.8676 1.0988 6.7069 6.3275 0.8827 5.4384 2.1662 4.9267 2.1793 7.9606 4.0069 7.5169
4.0526 4.8833 6.8072 6.1943 7.7752 6.1137 5.2002 4.6341 6.4765 5.9284 6.1277 5.8026 5.4326 7.4356 5.8262 4.3308 0.4259 0.0000 1.4808 5.7417 4.3291 8.1889 7.6625 6.5917 1.3383 5.0974 7.5574 4.8254 5.8300 4.6540 7.9597 5.5006 5.2273 5.0477 4.9553 2.3952 6.2627 4.8252 6.3494 2.3322 1.5887 5.0136 7.4283 5.6180 2.4614 5.9737 0.6948 6.7905 5.9703 1.0403 5.7162 2.5686 5.3283 1.7546 8.3147 4.4317 7.1066
2.6985 5.0759 5.3286 7.6017 7.5200 7.0069 5.8219 3.3957 7.6850 7.2528 5.2188 4.3685 6.8279 7.2083 6.7994 5.5584 1.8890 1.4808 0.0000 4.3346 5.4049 9.6191 7.4273 7.6719 1.2304 5.7801 7.5462 5.8536 5.8172 5.4091 7.7680 4.5762 4.5697 6.4130 4.9986 0.9627 4.7832 5.4924 5.0499 3.8088 1.5584 5.5194 7.3510 4.1382 1.2507 6.0960 1.0719 6.8062 4.5592 2.0103 6.4536 4.0491 6.5662 0.4806 9.7572 5.8271 5.6280
3.3492 6.3737 1.7715 11.9270 9.6929 11.0478 9.6331 1.5543 10.8616 11.5841 6.1338 0.3309 11.1572 9.4868 10.9210 9.8665 6.1669 5.7417 4.3346 0.0000 9.6374 13.4080 9.6577 11.8666 4.7210 9.6611 10.2276 10.0435 8.7267 9.3863 10.0497 5.6886 6.4444 10.7473 8.1379 3.7078 1.5191 9.3764 1.1763 8.0479 4.7579 9.2210 9.9250 1.7339 4.1359 9.1933 5.1288 9.6270 3.1408 6.3276 10.3549 8.2539 10.8717 3.9880 13.5980 10.1555 1.9815
6.9105 8.6822 10.2574 3.2405 6.4138 1.9399 2.0542 8.7994 7.7081 2.3887 7.1094 9.6109 2.5743 6.0720 1.5464 0.8027 3.9703 4.3291 5.4049 9.6374 0.0000 7.5533 6.2680 2.2735 5.6669 1.7989 5.5349 0.5287 4.3548 1.3759 6.3724 6.7069 5.8041 2.0677 3.7550 5.9309 9.7170 1.7425 10.4439 3.1165 5.8959 2.3584 5.6280 8.9731 5.5629 4.0398 5.0185 4.8904 8.7256 3.4228 1.9972 3.2580 1.4376 5.8443 7.5005 2.0653 10.5456
12.2381 8.3614 14.7923 4.8791 13.9406 8.8190 9.5999 11.9586 3.3305 5.8862 13.8348 13.5659 5.1748 13.5923 8.3157 6.7514 7.8441 8.1889 9.6191 13.4080 7.5533 0.0000 13.7961 7.9168 8.7832 9.3407 13.0870 7.8231 11.8335 8.9279 13.9193 13.2776 12.6557 5.5893 11.1167 10.5698 14.2705 9.2950 13.6081 6.0863 8.6801 9.9039 13.1793 13.7006 10.6356 11.5754 8.5733 12.4396 14.1588 8.2889 9.3712 5.7917 6.6197 9.7431 0.3321 5.4924 15.0849
6.3672 12.4334 9.1341 9.3825 0.1465 5.6109 4.2860 9.8169 13.4360 8.3918 3.7488 9.4330 8.8059 0.2275 5.9847 7.0686 7.6440 7.6625 7.4273 9.6577 6.2680 13.7961 0.0000 6.8944 8.5317 4.5453 1.1455 6.0895 1.9996 4.8969 0.3937 4.0222 3.2262 8.3181 2.8328 7.0444 8.7721 4.5346 10.8137 8.3556 8.8783 3.9111 0.8161 8.1150 6.4412 2.2284 8.0066 1.4297 6.9725 6.7720 4.7555 8.6283 7.4502 7.8434 13.7581 8.3091 9.3169
9.0056 10.7471 12.3927 3.0385 7.0369 1.2929 2.8907 11.0676 8.9396 2.0438 8.6946 11.8253 2.8721 6.7477 1.0614 2.3882 6.2214 6.5917 7.6719 11.8666 2.2735 7.9168 6.8944 0.0000 7.9272 2.6960 5.8958 1.8249 5.3334 2.6978 6.8679 8.4025 7.3959 2.6530 5.0574 8.1601 11.8607 2.8932 12.7006 5.0980 8.1450 3.4040 6.1179 11.1081 7.7558 4.8348 7.2839 5.4729 10.7309 5.6962 2.2063 5.1569 1.6302 8.1153 7.7712 3.1746 12.6746
3.8238 3.9066 6.0099 7.3704 8.6318 7.4442 6.4678 3.4500 6.6046 7.1878 6.4492 4.8363 6.6309 8.3089 7.1632 5.6455 1.7121 1.3383 1.2304 4.7210 5.6669 8.7832 8.5317 7.9272 0.0000 6.3821 8.5620 6.1637 6.8230 5.9546 8.8581 5.8067 5.7737 6.2811 5.9709 2.0936 5.4873 6.1038 5.1824 3.4019 0.3470 6.2412 8.3942 4.9358 2.4769 7.0404 0.6624 7.8060 5.5803 2.3268 7.0178 3.5760 6.6345 1.0667 8.9505 5.6404 6.3035
6.5721 9.8410 9.9707 4.8388 4.6918 1.5086 0.2612 9.0900 9.4357 3.8608 5.9995 9.5736 4.2677 4.3623 1.6422 2.5937 4.8406 5.0974 5.7801 9.6611 1.7989 9.3407 4.5453 2.6960 6.3821 0.0000 3.7488 1.5466 2.7443 0.5037 4.6173 5.7219 4.7039 3.7906 2.3659 6.0356 9.4574 0.2890 10.6068 4.5898 6.6718 0.7185 3.8637 8.6995 5.5365 2.3337 5.7222 3.1364 8.1776 4.0640 0.6938 4.7933 2.9078 6.2576 9.2785 3.8618 10.2406
6.8851 12.4176 9.8699 8.5279 1.2606 4.6348 3.4885 10.2257 12.9716 7.5143 4.6026 10.0284 8.0024 1.1128 5.0474 6.3358 7.4755 7.5574 7.5462 10.2276 5.5349 13.0870 1.1455 5.8958 8.5620 3.7488 0.0000 5.2854 1.7391 4.1643 0.9919 4.7593 3.8181 7.5350 2.6037 7.3036 9.4699 3.7973 11.3575 7.9293 8.9035 3.2066 0.3707 8.7767 6.6965 1.6433 7.9861 0.7686 7.7352 6.5929 3.8369 8.1840 6.6022 7.9932 13.0272 7.5996 10.0734
7.2304 9.2109 10.6023 3.3043 6.2360 1.4157 1.8075 9.2490 8.1426 2.3566 7.2177 10.0054 2.7215 5.9036 1.0201 1.1413 4.4757 4.8254 5.8536 10.0435 0.5287 7.8231 6.0895 1.8249 6.1637 1.5466 5.2854 0.0000 4.2429 1.2366 6.1636 6.8531 5.9070 2.2498 3.7319 6.3363 10.0664 1.5744 10.8765 3.6381 6.4000 2.2003 5.4093 9.3170 5.9401 3.8700 5.5111 4.6829 9.0041 3.8940 1.5840 3.7713 1.3861 6.3016 7.7507 2.3890 10.8873
5.3822 10.6813 8.5600 7.5451 2.1381 4.0486 2.5020 8.6008 11.4415 6.5916 3.6829 8.5538 6.9228 1.7819 4.3284 5.1454 5.7643 5.8300 5.8172 8.7267 4.3548 11.8335 1.9996 5.3334 6.8230 2.7443 1.7391 4.2429 0.0000 3.0131 2.2101 3.6226 2.5659 6.4215 0.8787 5.6194 8.1162 2.6688 9.8248 6.3637 7.1644 2.0459 1.6018 7.3897 5.0157 0.5815 6.2481 0.9890 6.5026 4.8826 3.1271 6.6338 5.6270 6.2694 11.8061 6.3622 8.7893
6.3756 9.3620 9.7757 4.5326 5.0430 1.6668 0.7210 8.7532 8.9471 3.5931 6.0502 9.3133 3.9167 4.7037 1.6441 2.1786 4.3815 4.6540 5.4091 9.3863 1.3759 8.9279 4.8969 2.6978 5.9546 0.5037 4.1643 1.2366 3.0131 0.0000 4.9967 5.7241 4.7417 3.4229 2.5030 5.7238 9.2535 0.3673 10.3024 4.0861 6.2362 0.9859 4.2523 8.4965 5.2509 2.6688 5.2928 3.5145 8.0499 3.6291 1.0632 4.2904 2.6225 5.8826 8.8763 3.4368 10.0513
6.7553 12.7547 9.5265 9.4383 0.4005 5.5969 4.3562 10.1984 13.6455 8.4353 4.1368 9.8259 8.8850 0.5749 5.9936 7.1751 7.9267 7.9597 7.7680 10.0497 6.3724 13.9193 0.3937 6.8679 8.8581 4.6173 0.9919 6.1636 2.2101 4.9967 0.0000 4.4158 3.6149 8.4056 3.0724 7.4063 9.1656 4.6308 11.2048 8.5711 9.2042 4.0160 0.7596 8.5087 6.8016 2.3492 8.3223 1.4829 7.3643 7.0502 4.7713 8.8389 7.5069 8.1900 13.8724 8.4271 9.7084
2.5617 9.5604 5.1232 9.8602 4.0410 7.2213 5.5614 6.0605 11.9600 9.0913 0.6425 5.4451 9.1125 3.8736 7.3412 7.3368 5.7014 5.5006 4.5762 5.6886 6.7069 13.2776 4.0222 8.4025 5.8067 5.7219 4.7593 6.8531 3.6226 5.7241 4.4158 0.0000 1.0669 8.5970 3.4470 3.8270 4.7503 5.5097 6.8591 7.2099 6.1308 5.0456 4.4172 4.0977 3.3374 4.1932 5.5102 4.3074 2.9765 5.0501 6.3199 7.5086 8.1435 4.8406 13.3375 8.2752 5.3183
3.1412 9.6434 6.0652 9.0064 3.2736 6.1927 4.5316 6.6084 11.5742 8.1925 1.3107 6.2306 8.2781 3.0467 6.3361 6.4769 5.3546 5.2273 4.5697 6.4444 5.8041 12.6557 3.2262 7.3959 5.7737 4.7039 3.8181 5.9070 2.5659 4.7417 3.6149 1.0669 0.0000 7.7594 2.3927 3.9951 5.6541 4.5052 7.5937 6.6595 6.1147 4.0140 3.4969 4.9588 3.4225 3.1318 5.3707 3.3021 3.9608 4.6015 5.2828 6.9584 7.2317 4.9174 12.6939 7.4898 6.2789
8.4152 8.4646 11.6193 1.2748 8.4643 3.2792 4.0518 9.6804 6.2887 0.9512 9.0475 10.7769 0.5190 8.1263 2.7684 1.2987 4.6254 5.0477 6.4130 10.7473 2.0677 5.5893 8.3181 2.6530 6.2811 3.7906 7.5350 2.2498 6.4215 3.4229 8.4056 8.5970 7.7594 0.0000 5.8131 7.1430 11.0699 3.7835 11.3970 2.9726 6.4134 4.4085 7.6538 10.3573 6.9096 6.0909 5.7180 6.9231 10.3193 4.4471 3.7820 2.9156 1.0837 6.7749 5.5064 0.6735 11.9161
4.8286 9.8147 8.1212 6.9907 2.9648 3.8218 2.1684 7.9018 10.6080 6.0841 3.6594 7.9879 6.3254 2.6085 4.0079 4.5178 4.8857 4.9553 4.9986 8.1379 3.7550 11.1167 2.8328 5.0574 5.9709 2.3659 2.6037 3.7319 0.8787 2.5030 3.0724 3.4470 2.3927 5.8131 0.0000 4.8707 7.6492 2.2086 9.2032 5.5263 6.3102 1.6534 2.4805 6.9049 4.2763 1.1071 5.3860 1.8396 6.1490 4.0039 2.9021 5.8020 5.1109 5.4596 11.1043 5.6878 8.3670
1.7446 5.7334 4.4903 8.3657 7.1227 7.3728 6.0363 3.0793 8.6381 7.9387 4.4639 3.6835 7.5836 6.8347 7.2245 6.1880 2.7787 2.3952 0.9627 3.7078 5.9309 10.5698 7.0444 8.1601 2.0936 6.0356 7.3036 6.3363 5.6194 5.7238 7.4063 3.8270 3.9951 7.1430 4.8707 0.0000 3.9406 5.7473 4.5787 4.6886 2.3805 5.6691 7.0702 3.2569 0.6076 5.9768 2.0342 6.5977 3.5982 2.6970 6.7263 4.9434 7.1880 1.0453 10.7029 6.5908 4.7890
2.8856 7.7295 0.5498 12.3019 8.7881 10.9164 9.3890 2.9050 11.9346 11.8400 5.0871 1.1893 11.5185 8.6232 10.8593 10.0616 6.6717 6.2627 4.7832 1.5191 9.7170 14.2705 8.7721 11.8607 5.4873 9.4574 9.4699 10.0664 8.1162 9.2535 9.1656 4.7503 5.6541 11.0699 7.6492 3.9406 0.0000 9.1842 2.5412 8.5918 5.6089 8.9319 9.1412 0.7579 4.1773 8.6327 5.7486 8.9421 1.8693 6.6324 10.1430 8.8312 11.0460 4.5615 14.4350 10.5287 0.8484
6.2996 9.5879 9.6995 4.8781 4.6808 1.7542 0.3988 8.8011 9.2929 3.9245 5.8078 9.2907 4.2741 4.3432 1.8321 2.5453 4.5759 4.8252 5.4924 9.3764 1.7425 9.2950 4.5346 2.8932 6.1038 0.2890 3.7973 1.5744 2.6688 0.3673 4.6308 5.5097 4.5052 3.7835 2.2086 5.7473 9.1842 0.0000 10.3193 4.3949 6.3960 0.6274 3.8855 8.4263 5.2499 2.3075 5.4447 3.1483 7.9227 3.7895 0.9800 4.6087 2.9583 5.9701 9.2429 3.8041 9.9707
4.4727 6.0530 2.6130 12.5312 10.8518 11.9503 10.5965 1.7324 10.8662 12.2690 7.3097 1.4592 11.7774 10.6395 11.7902 10.6048 6.7727 6.3494 5.0499 1.1763 10.4439 13.6081 10.8137 12.7006 5.1824 10.6068 11.3575 10.8765 9.8248 10.3024 11.2048 6.8591 7.5937 11.3970 9.2032 4.5787 2.5412 10.3193 0.0000 8.5810 5.1423 10.2062 11.0614 2.8911 5.0746 10.2746 5.6880 10.7411 4.2890 7.0590 11.2991 8.7581 11.6125 4.6406 13.8205 10.7782 2.7259
6.2476 5.6493 9.1373 3.9808 8.4896 5.0538 4.7901 6.8495 5.0817 3.9161 7.7842 8.1227 3.2641 8.1328 4.6295 2.7146 1.9201 2.3322 3.8088 8.0479 3.1165 6.0863 8.3556 5.0980 3.4019 4.5898 7.9293 3.6381 6.3637 4.0861 8.5711 7.2099 6.6595 2.9726 5.5263 4.6886 8.5918 4.3949 8.5810 0.0000 3.4893 4.8430 7.9082 7.9366 4.6411 6.2897 2.9197 7.1841 8.1917 2.2060 5.0125 0.2994 3.5673 4.0758 6.1695 2.3046 9.4368
4.0907 3.5597 6.1210 7.4699 8.9786 7.7011 6.7645 3.4147 6.3998 7.3325 6.7732 4.8952 6.7436 8.6554 7.4064 5.8361 1.9257 1.5887 1.5584 4.7579 5.8959 8.6801 8.8783 8.1450 0.3470 6.6718 8.9035 6.4000 7.1644 6.2362 9.2042 6.1308 6.1147 6.4134 6.3102 2.3805 5.6089 6.3960 5.1423 3.4893 0.0000 6.5500 8.7378 5.0897 2.7954 7.3761 0.9575 8.1465 5.8015 2.6084 7.2992 3.6392 6.8149 1.3372 8.8581 5.7624 6.4111
6.0501 9.8505 9.4344 5.5046 4.0571 2.1787 0.5178 8.7459 9.8131 4.5458 5.3012 9.1146 4.9007 3.7179 2.3564 3.1604 4.8087 5.0136 5.5194 9.2210 2.3584 9.9039 3.9111 3.4040 6.2412 0.7185 3.2066 2.2003 2.0459 0.9859 4.0160 5.0456 4.0140 4.4085 1.6534 5.6691 8.9319 0.6274 10.2062 4.8430 6.5500 0.0000 3.2763 8.1752 5.1353 1.6829 5.5926 2.5358 7.5822 3.9743 1.2766 5.0750 3.5822 6.0000 9.8567 4.4116 9.6978
6.5892 12.2684 9.5346 8.6799 0.9454 4.8427 3.6025 9.9596 12.9701 7.6760 4.2441 9.7202 8.1308 0.7527 5.2353 6.4308 7.3661 7.4283 7.3510 9.9250 5.6280 13.1793 0.8161 6.1179 8.3942 3.8637 0.3707 5.4093 1.6018 4.2523 0.7596 4.4172 3.4969 7.6538 2.4805 7.0702 9.1412 3.8855 11.0614 7.9082 8.7378 3.2763 0.0000 8.4542 6.4626 1.6335 7.8322 0.7426 7.3937 6.4844 4.0121 8.1698 6.7489 7.7905 13.1284 7.6870 9.7346
2.1278 7.4908 1.2853 11.5967 8.1376 10.1590 8.6314 2.7903 11.4693 11.1151 4.4834 1.4320 10.8121 7.9586 10.1042 9.3307 6.0186 5.6180 4.1382 1.7339 8.9731 13.7006 8.1150 11.1081 4.9358 8.6995 8.7767 9.3170 7.3897 8.4965 8.5087 4.0977 4.9588 10.3573 6.9049 3.2569 0.7579 8.4263 2.8911 7.9366 5.0897 8.1752 8.4542 0.0000 3.4514 7.8992 5.1403 8.2312 1.4079 5.9321 9.3851 8.1841 10.3110 3.9597 13.8550 9.8267 1.5727
1.6085 6.2493 4.7241 8.1557 6.5210 6.9119 5.5220 3.6422 8.8731 7.6643 3.9794 4.0739 7.3703 6.2307 6.7923 5.8844 2.7916 2.4614 1.2507 4.1359 5.5629 10.6356 6.4412 7.7558 2.4769 5.5365 6.6965 5.9401 5.0157 5.2509 6.8016 3.3374 3.4225 6.9096 4.2763 0.6076 4.1773 5.2499 5.0746 4.6411 2.7954 5.1353 6.4626 3.4514 0.0000 5.3809 2.2642 5.9924 3.5506 2.5169 6.2298 4.9137 6.8712 1.5125 10.7512 6.3918 5.0182
5.8610 10.8522 9.0860 7.1709 2.3743 3.5433 2.0784 9.0001 11.3421 6.1937 4.2641 9.0313 6.5811 2.0357 3.8563 4.8408 5.8676 5.9737 6.0960 9.1933 4.0398 11.5754 2.2284 4.8348 7.0404 2.3337 1.6433 3.8700 0.5815 2.6688 2.3492 4.1932 3.1318 6.0909 1.1071 5.9768 8.6327 2.3075 10.2746 6.2897 7.3761 1.6829 1.6335 7.8992 5.3809 0.0000 6.4405 0.8966 7.0491 4.9864 2.6352 6.5471 5.2411 6.5600 11.5333 6.0850 9.3204
3.7687 4.4366 6.2860 6.8435 8.1118 6.7838 5.8108 3.9645 6.6204 6.6084 6.1495 5.2102 6.0898 7.7818 6.5072 5.0248 1.0988 0.6948 1.0719 5.1288 5.0185 8.5733 8.0066 7.2839 0.6624 5.7222 7.9861 5.5111 6.2481 5.2928 8.3223 5.5102 5.3707 5.7180 5.3860 2.0342 5.7486 5.4447 5.6880 2.9197 0.9575 5.5926 7.8322 5.1403 2.2642 6.4405 0.0000 7.2251 5.6271 1.6645 6.3560 3.1272 6.0210 1.1872 8.7196 5.0917 6.5839
6.2778 11.6542 9.3642 7.9652 1.5749 4.1860 2.8756 9.5575 12.2387 6.9687 4.2430 9.4411 7.4039 1.2747 4.5552 5.6931 6.7069 6.7905 6.8062 9.6270 4.8904 12.4396 1.4297 5.4729 7.8060 3.1364 0.7686 4.6829 0.9890 3.5145 1.4829 4.3074 3.3021 6.9231 1.8396 6.5977 8.9421 3.1483 10.7411 7.1841 8.1465 2.5358 0.7426 8.2312 5.9924 0.8966 7.2251 0.0000 7.2605 5.8242 3.3258 7.4427 6.0329 7.2582 12.3907 6.9473 9.5806
1.9460 8.5934 2.1666 11.5867 6.9794 9.6768 8.0714 4.0941 12.1846 10.9951 3.2467 2.8333 10.8033 6.8356 9.6908 9.1894 6.3275 5.9703 4.5592 3.1408 8.7256 14.1588 6.9725 10.7309 5.5803 8.1776 7.7352 9.0041 6.5026 8.0499 7.3643 2.9765 3.9608 10.3193 6.1490 3.5982 1.8693 7.9227 4.2890 8.1917 5.8015 7.5822 7.3937 1.4079 3.5506 7.0491 5.6271 7.2605 0.0000 6.0435 8.8399 8.4640 10.1259 4.5247 14.2843 9.8516 2.3452
4.0990 5.9004 7.1822 5.6698 6.8915 5.1301 4.1620 5.3886 6.9728 5.2591 5.6452 6.3410 4.8870 6.5445 4.8724 3.5484 0.8827 1.0403 2.0103 6.3276 3.4228 8.2889 6.7720 5.6962 2.3268 4.0640 6.5929 3.8940 4.8826 3.6291 7.0502 5.0501 4.6015 4.4471 4.0039 2.6970 6.6324 3.7895 7.0590 2.2060 2.6084 3.9743 6.4844 5.9321 2.5169 4.9864 1.6645 5.8242 6.0435 0.0000 4.6923 2.4979 4.5561 2.4293 8.3754 3.8963 7.4802
7.2573 10.3966 10.6540 4.6989 4.9006 0.9277 0.7696 9.7764 9.7041 3.6791 6.5611 10.2670 4.2167 4.5937 1.2303 2.7226 5.4384 5.7162 6.4536 10.3549 1.9972 9.3712 4.7555 2.2063 7.0178 0.6938 3.8369 1.5840 3.1271 1.0632 4.7713 6.3199 5.2828 3.7820 2.9021 6.7263 10.1430 0.9800 11.2991 5.0125 7.2992 1.2766 4.0121 9.3851 6.2298 2.6352 6.3560 3.3258 8.8399 4.6923 0.0000 5.1896 2.7872 6.9295 9.2849 3.9718 10.9223
6.5216 5.6089 9.3752 3.8549 8.7632 5.1844 5.0010 7.0257 4.8078 3.8660 8.0835 8.3371 3.1655 8.4063 4.7449 2.7926 2.1662 2.5686 4.0491 8.2539 3.2580 5.7917 8.6283 5.1569 3.5760 4.7933 8.1840 3.7713 6.6338 4.2904 8.8389 7.5086 6.9584 2.9156 5.8020 4.9434 8.8312 4.6087 8.7581 0.2994 3.6392 5.0750 8.1698 8.1841 4.9137 6.5471 3.1272 7.4427 8.4640 2.4979 5.1896 0.0000 3.5912 4.2971 5.8782 2.2421 9.6745
8.2811 9.1999 11.5909 1.9325 7.5966 2.2081 3.1653 9.9276 7.3516 0.9733 8.5393 10.8684 1.4450 7.2694 1.6998 1.0078 4.9267 5.3283 6.5662 10.8717 1.4376 6.6197 7.4502 1.6302 6.6345 2.9078 6.6022 1.3861 5.6270 2.6225 7.5069 8.1435 7.2317 1.0837 5.1109 7.1880 11.0460 2.9583 11.6125 3.5673 6.8149 3.5822 6.7489 10.3110 6.8712 5.2411 6.0210 6.0329 10.1259 4.5561 2.7872 3.5912 0.0000 6.9740 6.5176 1.5455 11.8827
2.7590 4.7374 5.0989 7.9413 7.9325 7.4728 6.3013 2.9593 7.6617 7.6334 5.4811 4.0490 7.1745 7.6265 7.2565 5.9667 2.1793 1.7546 0.4806 3.9880 5.8443 9.7431 7.8434 8.1153 1.0667 6.2576 7.9932 6.3016 6.2694 5.8826 8.1900 4.8406 4.9174 6.7749 5.4596 1.0453 4.5615 5.9701 4.6406 4.0758 1.3372 6.0000 7.7905 3.9597 1.5125 6.5600 1.1872 7.2582 4.5247 2.4293 6.9295 4.2971 6.9740 0.0000 9.8954 6.1727 5.3969
12.3569 8.6371 14.9601 4.7337 13.9032 8.7070 9.5387 12.1607 3.6437 5.7529 13.8868 13.7500 5.0739 13.5568 8.2073 6.6977 7.9606 8.3147 9.7572 13.5980 7.5005 0.3321 13.7581 7.7712 8.9505 9.2785 13.0272 7.7507 11.8061 8.8763 13.8724 13.3375 12.6939 5.5064 11.1043 10.7029 14.4350 9.2429 13.8205 6.1695 8.8581 9.8567 13.1284 13.8550 10.7512 11.5333 8.7196 12.3907 14.2843 8.3754 9.2849 5.8782 6.5176 9.8954 0.0000 5.4491 15.2539
7.9291 7.7995 11.0785 1.7763 8.4541 3.6084 4.1186 9.0562 5.8448 1.6245 8.7563 10.1956 1.0018 8.1079 3.1030 1.2689 4.0069 4.4317 5.8271 10.1555 2.0653 5.4924 8.3091 3.1746 5.6404 3.8618 7.5996 2.3890 6.3622 3.4368 8.4271 8.2752 7.4898 0.6735 5.6878 6.5908 10.5287 3.8041 10.7782 2.3046 5.7624 4.4116 7.6870 9.8267 6.3918 6.0850 5.0917 6.9473 9.8516 3.8963 3.9718 2.2421 1.5455 6.1727 5.4491 0.0000 11.3765
3.6758 8.3467 0.2995 13.1495 9.3224 11.7103 10.1636 3.5081 12.6953 12.6824 5.5827 1.6956 12.3659 9.1808 11.6659 10.9009 7.5169 7.1066 5.6280 1.9815 10.5456 15.0849 9.3169 12.6746 6.3035 10.2406 10.0734 10.8873 8.7893 10.0513 9.7084 5.3183 6.2789 11.9161 8.3670 4.7890 0.8484 9.9707 2.7259 9.4368 6.4111 9.6978 9.7346 1.5727 5.0182 9.3204 6.5839 9.5806 2.3452 7.4802 10.9223 9.6745 11.8827 5.3969 15.2539 11.3765 0.0000
