gen_walk_vostok_0
64 12 1
G0 20 600 700 3 1
G1 70 240 360 2 1
G2 30 480 600 3 0
G3 80 360 480 1 2
G4 80 0 640 1 2
G5 70 600 650 2 1
G6 70 240 360 2 1
G7 70 120 240 2 1
G8 30 240 360 3 0
G9 20 120 240 3 1
G10 70 120 240 2 1
G11 30 600 690 3 0
G12 30 240 360 3 0
G13 20 0 120 3 1
G14 70 0 120 2 1
G15 70 120 240 2 1
G16 80 480 600 1 2
G17 30 480 600 3 0
G18 20 120 240 3 1
G19 30 360 480 3 0
G20 30 240 360 3 0
G21 30 0 120 3 0
G22 30 0 120 3 0
G23 20 360 480 3 1
G24 30 120 240 3 0
G25 70 0 120 2 1
G26 20 0 120 3 1
G27 70 600 650 2 1
G28 70 0 120 2 1
G29 70 120 240 2 1
G30 70 480 600 2 1
G31 20 360 480 3 1
G32 70 120 240 2 1
G33 30 120 240 3 0
G34 80 480 600 1 2
G35 70 120 240 2 1
G36 70 600 650 2 1
G37 30 360 480 3 0
G38 30 0 120 3 0
G39 30 480 600 3 0
G40 70 360 480 2 1
G41 70 0 120 2 1
G42 80 240 360 1 2
G43 30 360 480 3 0
G44 30 480 600 3 0
G45 20 120 240 3 1
G46 80 240 360 1 2
G47 80 0 120 1 2
G48 70 120 240 2 1
G49 80 240 360 1 2
G50 70 240 360 2 1
G51 30 0 120 3 0
G52 30 600 690 3 0
G53 30 120 240 3 0
G54 80 600 640 1 2
G55 70 480 600 2 1
G56 20 0 120 3 1
G57 30 240 360 3 0
G58 70 480 600 2 1
G59 70 240 360 2 1
G60 30 480 600 3 0
G61 80 240 360 1 2
G62 20 120 240 3 1
G63 80 0 120 1 2
0 1 7
0 1 2
0 3 3
0 1 3
0 3 3
0 1 2
0 1 3
0 1 2
0 3 2
0 3 3
0 1 3
0 3 7
0.000 11.447 19.009 15.270 8.745 18.216 5.457 11.401 16.100 13.381 5.859 12.638 5.018 12.105 11.286 14.726 12.011 15.319 14.358 17.135 8.184 15.855 17.443 16.079 19.207 8.317 8.169 14.260 10.528 10.281 6.532 15.809 14.071 8.930 9.196 7.207 9.893 4.140 7.319 18.080 12.969 17.635 6.576 12.384 5.124 9.106 12.026 8.642 8.499 12.064 10.496 8.137 10.524 8.881 13.307 3.901 10.476 11.041 5.065 7.869 9.204 10.050 5.034 10.645 11.007
13.281 0.000 10.650 11.118 11.182 9.052 12.632 20.802 9.171 4.165 14.643 3.848 11.334 11.373 11.116 8.836 5.995 4.367 5.089 9.032 14.266 7.030 8.647 10.376 9.972 10.989 10.382 4.237 15.636 20.605 15.692 10.160 5.467 8.551 8.510 12.899 18.269 13.857 8.635 12.259 3.579 12.325 9.692 7.422 12.883 16.754 3.996 15.159 7.095 4.639 20.508 15.115 5.767 18.493 4.627 14.120 9.851 6.204 11.908 10.844 11.369 15.670 15.064 7.524 8.372
19.075 9.773 0.000 4.888 12.934 3.922 17.834 20.620 4.780 10.400 18.129 9.947 18.934 15.009 18.372 4.815 6.702 8.260 12.288 4.809 17.920 6.365 4.657 5.083 4.548 11.863 10.979 10.558 14.384 23.339 19.928 3.773 11.478 11.551 11.724 17.899 22.410 16.511 15.574 4.407 9.779 6.573 13.268 5.249 17.181 18.242 10.530 12.555 11.779 9.988 16.909 17.182 11.065 16.531 9.350 17.936 14.471 10.773 15.182 12.216 9.937 22.249 18.138 9.664 9.773
17.827 10.850 4.745 0.000 14.741 4.599 18.132 17.099 4.676 11.293 19.755 11.111 15.890 17.538 16.318 6.057 8.063 10.630 10.177 6.124 15.810 6.704 5.447 4.599 4.732 11.509 11.466 10.596 15.764 19.603 19.232 4.076 12.024 11.419 11.610 17.473 21.072 18.429 14.548 3.482 11.405 5.730 11.970 6.275 19.520 20.600 12.228 12.366 11.801 10.659 18.059 14.361 15.085 21.686 8.943 18.541 15.197 12.816 17.475 13.831 10.153 16.798 16.533 9.698 10.920
7.590 13.517 13.546 13.061 0.000 14.886 7.768 9.394 11.061 11.753 9.950 11.181 8.833 14.465 14.587 13.391 10.144 14.382 13.909 13.026 5.979 12.693 11.663 11.789 13.865 3.572 6.029 13.018 6.548 11.435 8.581 13.937 12.397 8.406 7.982 6.409 10.223 9.723 7.834 12.255 9.870 16.642 7.225 10.787 9.150 9.653 13.491 5.666 8.706 10.423 10.034 7.596 11.604 9.888 11.638 7.359 11.841 12.070 7.865 3.970 4.447 9.997 9.676 7.890 6.415
17.598 9.445 4.310 4.913 12.394 0.000 16.715 19.218 5.105 9.144 21.095 10.157 17.961 13.923 18.612 5.589 6.214 7.541 9.403 5.645 14.726 5.167 5.266 4.742 4.305 15.065 13.029 8.993 13.738 21.462 16.802 4.730 12.029 9.896 9.661 14.827 20.406 16.620 14.192 4.900 9.199 5.569 12.793 5.262 17.758 20.196 11.053 14.469 11.273 8.176 18.182 16.452 11.273 19.073 9.352 16.133 14.143 10.807 18.608 12.863 12.367 17.171 17.548 9.404 10.045
5.216 12.531 15.831 16.448 8.553 16.202 0.000 12.422 15.314 9.667 7.030 12.610 4.223 11.163 9.079 14.721 11.330 13.045 14.017 12.865 11.021 15.919 13.984 15.442 19.785 8.895 8.676 10.068 11.487 12.470 9.484 18.514 13.442 10.516 8.623 6.901 11.949 4.959 6.858 18.254 10.303 16.754 7.681 12.174 4.360 10.124 9.887 12.017 7.740 10.654 10.534 10.860 9.524 9.734 13.738 4.915 9.201 10.430 4.312 8.391 10.452 12.059 5.590 10.250 11.398
11.790 18.833 20.436 17.798 9.449 18.185 10.700 0.000 18.524 19.292 11.011 21.660 11.273 20.726 17.840 20.038 15.193 17.392 17.097 17.287 6.900 17.428 18.769 18.848 18.472 10.183 13.339 17.977 6.988 5.025 7.513 17.555 18.078 15.260 13.286 8.013 5.121 10.560 13.495 17.390 18.242 21.492 13.571 15.420 13.539 4.229 20.277 7.429 14.481 14.846 5.173 6.473 20.093 4.731 20.665 10.543 18.259 17.170 12.522 10.522 12.701 6.025 10.795 13.214 15.492
14.657 8.334 4.023 5.809 10.503 5.314 14.005 17.371 0.000 9.044 15.914 9.509 13.864 13.916 17.446 4.503 5.387 8.092 10.393 3.407 13.334 4.140 3.976 4.113 4.828 13.105 9.247 10.312 15.420 20.987 15.578 4.894 10.793 10.417 9.325 14.784 20.210 18.200 12.158 5.361 9.278 7.389 10.358 5.073 15.323 16.668 9.805 12.563 10.030 7.880 19.524 17.185 11.598 19.479 7.513 17.835 15.197 12.217 17.719 12.568 11.451 17.005 19.086 8.659 8.379
12.128 4.256 9.678 12.079 13.101 10.772 12.269 16.621 8.338 0.000 12.957 4.650 13.518 9.707 9.368 8.874 6.564 4.577 5.012 7.968 16.438 8.545 10.002 10.911 11.210 9.703 8.737 3.567 14.185 18.789 14.474 9.191 4.670 6.844 6.580 12.434 19.166 12.334 7.834 10.828 3.932 11.601 8.639 8.571 12.761 18.684 3.833 13.571 5.258 5.359 15.371 16.746 5.685 16.872 5.338 10.802 8.777 5.347 11.631 13.271 8.953 16.524 15.584 5.969 8.484
4.736 15.042 16.605 17.525 8.460 20.408 6.474 9.649 15.101 14.392 0.000 15.898 6.232 11.572 13.448 16.476 13.805 15.939 13.284 17.693 8.656 15.459 14.946 19.512 20.197 9.405 11.201 15.689 9.898 8.998 6.220 18.439 16.422 10.427 11.432 8.112 7.613 4.746 9.685 18.546 15.205 23.693 8.664 16.093 6.758 8.381 12.191 9.947 12.089 14.705 9.369 8.092 12.579 10.168 14.781 4.531 11.369 12.107 6.357 9.123 11.098 9.002 3.387 10.178 13.632
13.155 4.690 11.538 11.583 11.271 9.302 12.921 20.222 9.423 4.743 13.893 0.000 13.785 9.682 11.266 8.551 7.088 4.955 4.166 8.451 13.732 7.871 10.074 11.123 10.249 12.913 11.579 4.559 16.060 20.877 16.623 11.992 4.705 8.450 9.293 15.346 19.169 15.788 10.505 10.258 4.902 12.826 10.470 8.389 13.510 21.369 4.567 12.981 6.549 6.049 15.804 14.512 6.052 20.019 4.453 11.543 8.652 5.180 12.087 14.340 11.840 17.277 15.170 7.800 10.548
5.086 11.041 15.100 18.191 8.220 16.718 3.607 10.642 17.060 12.090 5.714 11.591 0.000 10.207 11.195 15.134 13.176 13.231 11.826 14.967 11.029 13.015 13.613 13.987 17.498 8.122 8.863 10.568 8.986 11.675 7.854 17.347 11.784 9.767 7.932 8.380 10.583 4.253 7.323 17.891 13.329 20.155 7.170 15.077 4.124 12.217 13.050 9.653 10.530 12.632 10.133 8.064 10.611 9.576 13.471 3.936 7.704 10.207 3.783 9.788 11.097 8.841 4.859 9.926 9.360
12.871 11.800 16.686 17.320 15.741 17.978 10.862 16.532 16.898 10.807 12.519 8.442 9.616 0.000 3.292 16.629 11.670 11.724 8.465 13.916 15.485 13.995 14.135 16.744 15.385 14.259 11.875 10.287 16.425 17.482 13.916 16.577 8.229 11.551 9.523 12.981 15.856 12.170 9.956 16.276 11.278 19.380 9.581 15.310 9.993 21.565 9.358 14.550 10.276 11.424 18.008 14.311 7.974 17.410 11.406 12.760 4.555 7.149 9.857 15.329 16.027 17.876 10.771 9.834 14.340
12.713 12.387 19.032 19.515 15.536 18.204 9.427 19.528 16.364 8.721 11.390 10.526 11.692 3.612 0.000 17.241 14.319 11.100 11.079 15.569 19.479 16.701 14.906 17.406 15.505 13.908 14.899 11.165 17.872 21.258 15.006 16.310 10.964 9.773 9.781 15.318 16.485 11.320 9.875 17.185 9.779 21.875 9.825 14.864 11.342 17.964 10.220 17.605 10.184 10.540 17.083 16.312 7.779 17.619 11.964 11.001 4.530 7.944 11.789 13.928 13.932 17.409 14.153 11.301 11.217
13.192 8.189 5.879 6.041 10.743 5.343 12.522 16.203 3.894 7.817 16.414 7.595 15.942 16.396 14.763 0.000 5.211 7.815 8.490 3.865 14.877 4.761 4.497 4.217 5.801 11.342 10.980 9.751 15.006 21.125 17.839 4.614 9.890 9.356 9.421 13.907 18.845 18.034 12.110 6.905 6.765 7.945 12.583 3.448 14.286 16.321 8.581 12.284 8.794 7.573 20.423 14.555 10.816 20.253 6.733 15.383 15.062 10.889 16.921 12.500 10.597 17.970 15.272 8.013 7.637
15.226 7.154 6.729 7.782 11.833 6.453 11.899 17.843 5.773 6.876 13.255 7.879 13.339 11.817 14.428 5.091 0.000 5.742 7.317 5.998 14.482 3.910 6.505 5.475 7.187 9.221 9.559 6.112 12.129 16.116 14.443 6.391 8.477 6.784 7.702 12.898 15.484 14.240 11.001 8.994 6.889 9.768 8.577 4.285 14.991 18.116 6.633 10.506 7.644 5.751 15.982 12.329 9.935 18.113 7.058 13.902 13.214 9.853 12.974 12.436 8.755 14.895 14.365 7.207 6.317
14.573 4.687 9.303 11.339 12.425 9.761 12.722 17.164 7.742 5.693 14.684 4.843 13.267 12.189 11.606 7.724 5.510 0.000 5.465 8.239 14.355 7.587 9.359 8.482 8.565 12.856 10.394 5.552 15.433 18.244 16.464 9.946 5.013 7.568 8.135 12.507 17.040 14.760 10.263 11.720 4.248 10.144 11.586 6.883 13.984 16.191 4.949 12.269 8.444 5.502 18.597 15.425 6.768 17.445 3.968 14.672 9.497 6.062 13.874 13.321 11.390 21.254 13.301 8.472 7.803
11.930 4.561 11.665 12.796 13.925 9.693 12.184 19.133 9.788 4.817 12.990 3.750 13.107 9.578 10.333 8.659 9.076 4.560 0.000 9.161 16.199 7.998 11.596 11.904 11.872 11.322 9.845 4.371 15.927 23.041 14.305 10.720 3.428 8.968 9.217 14.683 22.182 12.984 11.435 10.475 5.037 11.594 10.774 9.236 11.808 16.361 4.277 13.004 7.759 6.816 20.773 17.653 4.786 19.023 5.249 14.082 10.295 4.725 13.461 14.669 10.314 19.300 12.484 7.025 9.776
16.156 9.387 4.819 5.449 12.462 4.869 15.284 19.748 4.067 9.152 14.363 10.475 15.656 15.795 13.769 3.888 5.169 8.345 9.014 0.000 14.730 3.927 4.080 4.573 6.441 11.802 10.567 9.470 14.850 21.516 18.587 4.892 9.706 8.591 8.432 15.116 18.550 14.932 12.262 5.876 8.540 8.299 11.874 4.328 14.066 18.827 8.947 12.050 8.632 7.305 19.105 14.590 9.697 15.548 7.571 15.201 12.755 9.322 15.052 13.453 10.776 18.688 15.671 10.494 9.248
8.338 13.270 13.386 15.943 7.014 15.193 9.774 7.392 16.549 16.229 9.365 14.883 9.910 18.738 14.734 13.778 14.464 17.122 15.003 13.289 0.000 12.926 12.415 12.447 15.306 6.809 7.608 15.749 3.477 10.235 8.409 13.810 17.383 9.410 10.388 6.735 9.298 11.150 9.445 13.329 14.540 14.945 9.114 13.987 10.789 6.565 14.312 4.055 13.253 13.341 7.474 5.004 15.078 7.287 17.455 10.997 14.367 13.915 11.960 5.601 8.447 7.529 9.549 11.206 10.543
13.960 6.766 6.560 7.388 12.466 6.427 11.930 16.297 5.448 8.544 16.082 7.194 16.096 14.561 13.597 3.747 4.959 6.207 9.098 3.935 13.872 0.000 4.190 5.189 6.374 10.087 10.049 7.550 12.978 19.469 17.625 6.177 8.706 7.055 9.426 13.335 17.216 14.112 12.282 6.956 6.724 9.341 10.603 3.560 15.591 14.937 9.606 13.376 7.883 6.546 17.317 13.396 9.949 17.121 8.292 15.912 12.590 10.244 14.464 12.791 10.653 15.747 13.247 8.698 8.197
16.193 7.655 4.849 4.976 11.290 5.350 16.537 20.224 3.983 9.898 18.090 9.950 14.133 14.974 17.478 3.838 6.454 8.421 10.143 3.681 13.184 4.354 0.000 3.655 5.626 10.435 9.913 8.848 13.975 19.851 15.561 4.362 11.386 8.118 9.606 13.553 17.048 15.417 12.406 4.815 9.520 7.050 10.278 5.062 15.566 18.955 10.504 13.186 9.076 8.699 15.927 14.795 11.435 19.767 7.483 13.472 13.854 10.122 15.844 10.501 9.611 15.839 19.134 10.578 8.834
16.091 9.567 5.062 4.952 10.850 4.473 16.048 16.423 3.726 9.015 16.454 11.049 13.543 14.235 16.485 4.666 5.566 9.578 10.808 4.317 15.805 5.142 3.548 0.000 5.772 10.644 11.724 10.652 13.526 21.373 14.288 4.389 11.852 8.695 10.757 15.414 21.682 14.148 13.811 5.289 9.350 7.388 12.504 4.360 16.342 16.219 10.147 14.515 9.258 7.597 17.108 17.369 11.595 17.300 9.945 14.242 14.517 11.962 14.693 11.931 11.253 17.536 16.825 9.834 9.166
19.141 9.545 3.698 5.186 15.817 3.675 17.728 19.623 5.129 11.909 19.043 10.984 17.519 18.331 15.933 5.048 7.438 8.345 9.758 6.400 18.691 6.255 5.849 4.890 0.000 11.667 10.781 10.955 13.342 23.370 19.557 4.264 10.807 10.332 12.324 14.479 23.699 20.557 15.000 5.206 9.466 5.728 15.031 7.206 15.941 23.433 10.453 13.967 11.190 10.378 21.074 16.398 12.271 22.002 9.883 19.046 14.680 11.272 18.027 14.409 12.385 18.827 16.384 12.499 11.003
7.227 13.569 11.569 13.392 3.324 11.591 9.264 11.383 10.821 9.852 8.358 12.568 9.219 14.719 15.255 13.113 9.250 13.355 12.228 10.427 7.331 11.839 11.647 11.494 13.390 0.000 5.645 12.561 6.163 10.252 9.224 12.455 11.048 6.780 7.479 6.578 11.142 8.267 6.770 13.805 10.163 16.351 7.813 11.323 10.594 8.754 10.005 4.874 8.350 8.842 11.049 6.615 13.606 9.518 11.236 8.990 13.623 11.593 10.488 4.251 4.708 9.294 10.259 6.870 7.370
7.999 10.043 12.688 12.784 5.185 13.447 8.503 11.016 9.647 8.283 8.757 11.085 9.357 13.457 14.783 11.749 7.791 9.177 9.422 9.712 8.678 9.145 10.759 9.527 11.807 4.653 0.000 10.452 6.769 11.648 9.567 12.175 12.161 5.909 5.906 7.540 10.902 8.668 6.432 13.178 8.902 15.703 6.057 9.360 10.493 12.842 9.212 8.243 6.943 7.577 10.500 9.611 10.146 9.777 12.000 8.367 10.256 9.995 9.965 5.207 4.850 11.562 9.111 7.196 5.118
11.884 4.327 9.265 10.025 10.251 10.866 10.645 18.997 9.294 4.014 16.402 4.334 13.117 10.737 9.478 7.477 7.790 5.525 4.813 9.674 16.107 7.411 10.457 11.403 9.320 10.818 8.624 0.000 16.291 21.354 14.302 10.161 4.131 8.203 8.219 13.477 18.464 13.643 9.343 11.258 3.759 13.696 7.965 8.260 13.833 18.236 3.285 13.604 6.212 4.944 15.446 17.193 5.501 19.052 5.501 11.787 9.217 4.969 13.831 12.264 12.013 19.393 14.553 7.609 9.610
10.238 16.563 16.720 15.969 5.863 16.116 11.806 8.768 13.996 12.356 10.545 16.445 11.758 16.413 16.404 12.888 13.011 16.144 15.635 14.235 4.173 14.283 14.169 13.544 17.958 5.289 8.157 14.780 0.000 9.094 8.614 14.817 13.796 10.423 8.921 6.310 9.727 10.361 11.031 15.021 12.785 16.090 9.757 14.664 12.137 9.197 12.995 3.853 11.521 13.220 8.811 5.513 15.868 8.085 13.788 9.029 12.896 13.937 9.242 5.250 6.931 8.318 10.430 12.173 10.080
10.474 20.452 21.069 20.599 9.819 24.598 11.236 5.989 21.664 19.353 10.810 20.393 11.814 19.180 20.484 21.016 19.707 19.961 20.386 21.249 10.270 19.044 21.234 17.776 20.154 12.918 12.041 21.028 10.385 0.000 7.998 19.419 17.943 15.852 15.894 9.554 4.667 12.323 15.370 19.434 21.867 20.512 14.917 16.708 12.308 5.143 20.032 10.740 18.083 19.915 4.939 7.264 17.953 5.750 22.418 11.960 18.002 19.588 11.321 12.451 11.843 5.259 9.825 17.488 16.245
5.989 17.920 19.295 16.181 9.295 21.081 8.514 7.059 17.868 14.428 7.251 18.438 8.330 16.377 17.372 16.737 14.266 15.983 15.533 16.389 8.304 14.979 19.167 15.008 18.396 8.458 10.232 16.920 7.075 7.346 0.000 15.569 14.235 11.407 11.231 5.830 7.175 7.899 9.260 16.246 15.764 19.807 8.573 14.079 7.705 6.571 13.947 9.105 12.409 15.636 5.890 5.837 16.772 5.697 14.106 6.957 15.123 13.144 8.990 9.466 9.877 5.408 7.389 11.697 12.806
15.840 11.126 3.636 3.712 12.499 3.866 17.903 18.248 4.037 8.821 18.070 11.462 17.485 15.561 19.399 5.472 7.625 10.133 11.875 5.297 14.236 6.496 3.908 4.658 4.677 11.467 9.891 10.320 16.282 22.512 17.283 0.000 10.591 9.988 9.659 14.648 21.132 15.621 12.497 3.907 10.922 5.979 14.537 5.306 18.870 18.364 9.808 15.258 11.895 10.017 18.066 18.183 12.616 19.427 8.461 15.127 14.692 10.946 14.953 11.902 10.353 17.083 19.052 9.577 8.325
12.685 5.103 10.694 11.164 12.137 11.005 10.945 17.777 10.565 4.893 13.710 4.307 11.249 9.311 9.060 9.808 7.749 5.577 3.750 11.157 17.771 9.887 11.024 12.571 12.579 11.180 12.340 4.471 16.576 22.124 18.050 10.779 0.000 7.311 7.622 14.806 18.963 14.049 11.627 10.904 5.302 11.666 11.219 7.926 10.911 17.452 5.024 14.937 7.342 6.421 17.793 17.181 5.312 18.947 6.015 11.383 8.846 5.101 11.046 14.303 13.115 20.079 13.312 9.111 9.141
10.167 6.822 9.264 10.155 8.151 8.949 9.679 14.547 9.067 7.046 12.157 8.883 9.262 10.860 10.244 7.408 6.818 8.075 7.990 9.441 10.907 8.077 9.932 8.727 12.106 7.375 5.726 7.014 10.709 18.174 10.881 10.586 7.955 0.000 4.100 10.206 15.208 12.144 7.056 10.664 6.242 14.351 6.142 8.189 9.625 13.608 8.289 9.200 3.943 6.604 15.726 12.584 7.909 13.659 7.465 9.689 9.235 7.071 11.361 9.649 7.969 12.007 11.332 4.061 5.419
9.261 8.011 10.835 10.266 7.216 10.488 7.981 13.902 10.941 7.504 10.360 8.956 8.245 11.598 12.314 10.471 7.319 9.387 9.074 10.730 11.356 8.925 8.357 9.749 11.030 7.059 6.641 8.378 10.110 17.221 10.918 10.537 8.411 4.509 0.000 8.988 13.458 11.010 5.489 12.349 7.761 13.941 5.878 9.941 9.275 13.199 6.875 9.512 3.975 5.857 13.163 12.250 8.591 12.821 7.635 10.430 8.544 8.688 10.002 7.899 6.548 12.117 9.995 4.075 5.501
6.677 12.656 16.739 18.257 5.982 15.486 7.434 7.491 16.285 11.784 7.547 13.214 8.183 12.597 16.274 15.232 11.610 12.547 14.611 14.416 5.487 15.242 16.314 13.893 17.715 6.718 7.642 15.389 6.305 8.390 5.669 14.599 15.288 9.901 8.555 0.000 7.659 7.887 7.679 16.873 13.499 19.920 7.615 12.557 7.449 8.075 13.880 5.611 10.015 13.914 7.931 4.869 13.143 6.020 14.632 6.109 13.431 15.378 8.212 5.496 7.553 6.115 6.916 9.856 9.520
8.599 20.566 17.889 21.187 11.505 22.697 10.925 5.093 21.658 20.358 10.057 16.744 10.997 21.087 15.865 16.547 19.228 21.741 22.102 19.727 7.919 17.824 21.548 18.349 23.845 11.575 11.168 16.021 9.474 3.967 6.035 19.285 18.926 16.558 14.611 8.987 0.000 8.581 10.853 21.954 19.006 25.423 12.043 19.307 10.569 5.083 17.716 8.430 13.657 19.738 4.060 5.978 19.427 4.313 18.926 10.210 15.041 18.007 9.907 10.542 11.304 4.689 8.399 12.668 12.632
4.512 14.875 20.179 16.215 9.778 17.580 5.126 12.204 15.538 15.206 4.367 15.779 4.166 13.867 10.300 14.631 15.470 14.551 15.927 14.319 11.593 17.289 18.537 16.718 16.482 8.581 10.195 14.800 10.315 10.535 7.713 17.694 15.082 11.097 9.350 6.681 9.368 0.000 7.972 19.248 12.059 22.577 7.961 17.531 4.739 11.283 13.230 9.262 10.475 13.606 10.148 8.728 11.908 9.085 13.574 5.061 10.382 13.398 4.416 10.739 11.924 9.817 4.080 10.797 12.896
6.790 9.169 12.861 15.399 6.573 14.452 6.001 13.148 13.633 9.788 7.252 9.265 6.133 9.960 9.295 12.597 10.011 11.680 11.104 10.119 11.101 9.978 12.809 12.698 15.764 7.763 5.511 9.711 9.351 12.015 9.791 13.002 9.058 7.458 6.488 8.871 11.701 6.765 0.000 14.505 9.008 17.741 3.965 12.888 7.500 11.926 9.215 10.238 5.755 9.029 10.402 8.864 9.462 10.876 11.774 6.197 7.604 7.845 6.944 6.747 7.010 11.920 8.166 6.173 6.458
18.089 10.963 4.328 4.012 13.012 5.039 18.622 18.792 6.150 11.623 16.220 12.582 17.156 18.308 16.458 6.145 7.140 11.456 12.979 5.885 16.351 5.872 4.798 4.513 4.582 11.219 11.211 12.772 13.686 22.363 16.791 4.405 12.584 11.458 11.527 18.021 21.251 16.679 13.367 0.000 10.302 4.903 13.541 6.439 16.627 17.804 10.811 15.967 10.042 9.557 18.193 14.709 14.313 18.231 10.787 15.765 16.942 14.840 18.213 14.134 9.843 17.938 18.638 10.581 8.961
11.203 4.399 10.730 9.667 10.637 9.894 10.792 15.600 9.349 4.128 16.558 4.306 11.679 9.240 10.620 7.655 5.349 4.589 5.772 8.896 15.183 7.754 7.523 10.146 10.780 10.870 9.167 4.544 13.806 21.535 15.806 10.495 5.151 5.937 7.175 11.917 17.620 15.644 9.034 11.053 0.000 12.800 8.054 7.462 12.951 19.017 4.827 12.943 5.637 4.052 17.734 15.514 5.647 16.447 5.100 12.202 10.456 6.443 11.291 12.336 10.554 19.050 12.446 6.155 8.408
18.225 10.286 4.920 5.478 15.196 6.633 17.012 21.147 7.085 13.443 18.717 12.874 17.599 18.914 20.162 7.605 8.270 9.896 15.180 8.162 15.383 7.225 7.860 6.241 5.692 14.596 12.793 11.953 16.449 19.646 17.432 5.418 15.527 12.268 13.919 17.389 21.823 20.314 13.747 5.247 12.736 0.000 15.616 8.097 19.160 20.308 12.815 15.219 13.860 12.961 18.408 17.084 16.106 18.286 12.656 19.556 17.558 14.371 20.716 13.649 13.477 19.023 21.964 14.370 11.156
7.543 9.925 12.970 12.924 7.656 13.287 6.118 13.441 13.391 8.886 7.994 10.918 6.211 10.596 11.731 12.286 9.635 10.527 8.821 11.837 10.664 9.573 12.001 12.854 15.599 6.139 5.094 9.619 10.064 11.770 9.469 14.291 11.069 6.256 5.953 8.020 14.376 7.626 3.801 13.662 8.195 15.517 0.000 11.194 6.887 12.156 9.545 10.121 5.538 7.737 10.208 9.576 8.666 10.350 8.891 6.584 9.278 7.780 7.975 6.504 6.179 10.873 9.489 6.215 5.799
13.167 7.358 5.712 6.347 11.243 5.126 16.065 18.512 4.685 8.346 17.736 9.542 14.818 13.228 13.576 3.695 4.957 6.457 9.189 4.143 15.444 3.417 4.515 4.312 7.205 12.332 8.828 9.260 14.137 22.266 18.399 5.682 8.673 8.219 9.649 13.481 20.349 16.638 9.861 5.682 6.662 8.585 11.068 0.000 16.033 17.548 8.937 13.191 8.456 6.863 16.022 17.090 11.151 18.431 6.796 16.551 12.140 8.607 14.403 11.489 10.619 17.308 17.825 7.903 7.520
5.232 13.851 18.787 18.613 8.797 15.920 3.622 12.822 17.324 10.241 6.203 13.840 3.937 10.006 8.727 16.005 14.595 13.660 11.311 14.956 10.135 12.535 15.031 17.840 20.284 10.724 8.970 11.245 10.808 13.085 9.500 18.073 13.394 9.803 8.738 7.549 12.575 5.162 7.010 17.174 13.342 20.741 6.590 15.133 0.000 11.515 10.392 11.902 10.901 13.854 10.951 8.648 10.817 9.813 13.465 4.933 7.570 9.947 4.046 9.785 11.779 9.162 6.098 9.110 11.796
10.559 20.348 20.290 21.562 10.188 20.798 13.123 4.127 17.026 18.434 8.199 21.724 10.990 21.107 15.875 16.817 14.839 19.461 20.560 16.453 6.986 16.584 17.454 16.834 19.633 10.265 13.067 18.027 9.383 4.833 5.858 17.690 20.610 15.952 13.683 6.847 4.915 9.656 12.878 19.733 16.668 24.063 10.620 18.194 11.338 0.000 16.711 8.218 15.493 16.316 3.648 6.732 18.046 3.793 17.921 9.714 14.494 17.271 10.256 9.519 12.270 5.209 9.186 14.011 14.253
12.390 4.178 10.242 9.990 13.089 11.374 9.916 17.581 10.816 3.477 13.931 4.911 12.971 9.041 10.978 9.077 8.187 4.723 4.294 10.365 15.374 9.618 10.547 9.857 12.345 11.527 11.399 3.566 15.868 18.631 16.663 9.986 4.689 6.834 7.348 14.847 20.809 14.444 8.995 10.713 3.814 12.853 9.956 7.772 13.131 19.836 0.000 12.784 6.022 4.955 17.788 16.647 5.224 19.967 5.469 10.758 8.484 4.322 12.869 13.546 10.910 20.096 14.735 6.006 7.991
8.210 14.205 15.700 12.693 5.445 15.222 10.515 9.244 14.566 11.696 9.538 16.706 9.363 14.597 14.119 14.359 12.357 13.201 14.132 12.516 4.861 11.652 11.170 13.017 12.974 5.070 7.221 13.350 4.184 11.111 8.760 15.313 14.944 10.384 9.241 6.386 9.776 10.532 8.547 15.724 12.238 16.092 8.124 13.244 9.798 8.963 15.499 0.000 9.670 14.032 8.076 6.747 14.881 9.011 13.958 8.229 13.090 13.309 11.806 4.058 5.984 8.385 10.872 10.802 10.103
8.670 6.013 11.314 9.843 7.758 9.337 8.683 12.843 9.299 6.395 13.138 7.050 9.156 10.587 8.829 9.448 8.323 8.190 6.473 10.136 10.401 7.907 9.925 8.663 10.563 7.811 6.890 6.853 9.609 14.494 13.411 10.114 7.335 3.968 3.846 9.772 15.385 12.334 6.778 13.438 5.505 14.088 6.348 8.295 10.456 17.088 7.026 12.076 0.000 6.629 13.568 11.036 6.963 15.850 6.986 9.327 9.200 6.326 9.342 9.541 8.778 12.546 12.511 3.666 5.159
10.773 5.144 10.039 10.047 11.796 8.088 13.186 14.621 8.489 5.327 15.553 6.719 10.802 11.034 11.619 7.502 5.345 6.002 6.590 8.142 13.473 6.241 8.790 7.492 10.455 10.184 7.870 5.993 11.455 19.450 14.776 9.184 6.470 6.770 6.442 11.712 17.074 14.873 7.906 9.060 3.897 11.884 8.126 6.292 12.639 18.299 5.912 13.164 5.335 0.000 15.426 14.825 6.230 15.502 5.409 13.155 9.318 6.130 13.043 10.163 8.500 14.305 14.910 6.968 6.051
9.055 16.309 19.567 19.486 10.448 20.401 10.924 5.195 20.096 17.291 9.821 21.176 9.940 19.066 17.087 19.202 19.326 15.750 21.135 17.455 8.673 15.189 20.947 17.157 23.286 9.045 9.988 18.784 9.124 5.870 6.353 18.771 20.947 14.312 12.257 6.707 4.603 9.852 11.973 18.966 15.856 20.677 10.231 18.513 10.171 4.569 15.955 9.044 14.769 14.150 0.000 5.587 19.464 4.101 19.473 10.560 17.513 18.431 11.313 10.155 12.815 4.278 9.816 13.673 14.550
8.709 13.328 19.025 17.718 6.774 18.702 8.560 5.429 18.235 15.324 7.945 15.538 7.936 16.030 17.980 17.199 14.920 16.508 17.806 14.298 5.957 16.019 15.883 17.243 17.140 7.754 7.683 16.308 6.510 8.269 5.709 18.865 14.134 10.163 10.291 5.292 6.095 8.806 8.886 14.956 15.923 18.396 8.954 13.108 9.143 5.982 16.716 5.587 10.674 14.075 6.084 0.000 13.227 5.310 15.612 8.885 15.720 14.902 8.377 6.468 9.721 5.239 8.484 10.511 12.071
12.921 7.366 14.294 15.201 10.331 12.350 8.885 15.802 10.045 5.679 14.561 6.181 9.235 7.554 7.480 10.648 8.717 7.792 5.991 10.842 15.328 10.746 10.000 11.789 14.706 13.430 11.370 5.035 14.485 19.884 15.980 13.769 6.201 8.547 8.168 14.412 20.406 11.409 8.428 13.260 6.010 14.659 8.062 10.746 9.567 17.535 4.821 13.006 6.367 7.525 17.195 13.248 0.000 17.815 7.646 12.130 8.015 3.236 9.963 14.268 10.824 17.324 12.697 7.336 9.141
10.097 18.827 19.589 20.935 9.500 19.140 10.062 5.053 19.090 15.931 7.895 17.211 9.469 19.665 17.281 19.192 14.260 17.245 18.351 17.585 7.540 19.213 15.357 18.673 18.910 11.038 10.035 18.616 7.011 5.987 5.995 18.720 19.101 12.106 14.218 6.228 5.421 8.041 12.795 17.815 15.773 19.379 11.679 17.921 10.214 4.361 17.662 8.356 15.824 14.927 3.496 4.974 19.174 0.000 21.013 10.647 16.688 17.040 10.228 9.594 10.712 4.745 8.388 13.130 14.144
13.148 4.148 10.221 10.849 12.899 8.248 11.359 21.570 7.681 5.692 16.965 5.186 12.979 12.446 10.522 6.762 6.296 3.510 4.467 9.088 16.112 6.860 7.485 8.129 9.572 12.627 10.107 5.118 16.962 18.681 15.044 8.272 6.056 8.489 7.702 16.227 16.875 17.081 8.966 9.450 4.345 11.897 11.103 7.260 12.747 17.017 4.562 15.188 7.685 5.590 18.626 14.827 7.506 19.906 0.000 12.546 10.764 7.592 13.295 13.628 12.833 18.510 15.232 8.144 9.626
3.874 11.222 14.963 16.992 7.158 15.733 4.461 10.674 14.679 13.187 5.679 13.562 3.905 11.315 10.728 16.528 11.561 15.091 14.990 16.339 9.122 13.753 14.121 13.314 19.342 8.861 9.719 14.386 9.620 12.462 7.408 14.903 11.710 10.914 8.787 5.970 8.814 4.154 7.428 19.066 13.846 20.604 6.233 13.345 5.237 11.555 13.577 8.360 11.031 12.538 10.444 8.852 12.603 8.846 14.670 0.000 10.451 10.290 4.089 8.723 9.898 10.223 5.397 9.782 10.568
9.717 10.259 15.139 18.628 13.284 16.413 9.433 16.010 15.743 9.547 12.517 8.649 9.134 4.473 4.890 16.608 13.210 10.410 10.072 13.000 13.433 13.965 16.269 15.311 14.482 13.314 11.972 8.491 14.935 15.593 13.996 17.626 8.357 9.471 9.420 11.046 16.739 11.041 8.715 19.250 9.221 18.948 9.119 12.591 8.982 18.010 10.510 16.549 9.196 9.438 18.005 14.375 7.448 16.161 10.998 9.980 0.000 8.805 9.916 12.375 11.566 17.738 10.538 8.121 10.695
10.452 6.742 12.103 12.016 11.463 12.079 9.678 16.084 11.638 4.871 11.805 5.262 10.097 8.372 9.316 11.741 9.238 6.523 5.596 12.205 14.237 9.749 11.346 10.290 14.178 13.132 10.686 5.360 13.438 16.549 16.998 11.590 4.988 7.043 7.848 13.087 15.689 14.529 7.755 12.068 6.367 16.164 8.334 9.500 9.421 18.180 5.242 12.713 7.595 5.864 16.226 15.643 3.626 19.191 6.271 9.943 6.921 0.000 10.127 14.406 12.699 18.775 13.033 7.664 10.106
4.044 11.440 17.751 16.076 10.114 17.327 3.480 13.345 15.416 12.867 4.825 14.347 3.815 11.223 11.468 16.867 12.110 11.766 11.145 15.537 9.449 14.585 15.528 14.097 18.458 8.495 7.750 12.233 11.844 10.593 7.343 17.075 13.500 9.579 9.767 6.803 9.602 4.846 7.412 18.815 12.363 17.719 6.314 13.941 3.329 10.499 13.725 9.267 10.933 12.084 11.757 7.975 10.507 10.546 14.212 4.353 8.081 12.463 0.000 8.500 9.164 10.079 4.854 8.454 9.313
7.962 13.018 14.504 14.835 3.934 15.018 10.618 10.093 13.231 12.116 9.285 13.273 10.426 13.284 14.377 11.340 10.272 13.770 12.100 13.332 5.203 12.477 10.455 13.271 13.300 3.470 6.243 12.289 4.939 10.986 7.766 11.919 13.849 8.979 7.911 6.411 10.786 10.792 7.299 13.255 11.924 16.439 7.379 10.581 9.262 9.725 13.921 4.411 9.546 10.987 9.416 6.053 11.901 10.363 11.780 7.756 13.801 11.092 9.148 0.000 5.953 9.083 8.355 10.046 6.681
9.289 11.618 10.661 12.857 4.731 10.778 10.592 11.062 10.553 11.071 11.084 11.725 11.144 13.739 13.833 9.204 7.981 9.821 12.778 10.567 7.383 9.755 11.677 10.586 12.053 4.548 5.288 10.125 6.425 11.458 11.341 10.968 13.263 6.843 6.331 8.644 11.429 9.287 8.802 12.167 8.894 13.419 7.140 8.728 9.952 9.887 10.345 6.192 7.253 8.738 10.050 9.648 11.263 12.390 11.253 8.294 11.131 11.611 10.195 5.283 0.000 12.322 10.570 7.786 5.976
8.509 15.528 18.696 18.322 8.807 20.109 11.853 5.164 19.850 14.686 9.587 16.841 11.154 19.288 18.087 18.933 14.506 19.819 16.235 18.222 7.453 16.500 17.950 19.123 20.828 11.539 10.533 17.879 9.363 5.655 5.421 16.964 19.097 14.531 14.614 6.255 4.083 8.234 11.368 17.759 18.085 19.967 13.206 18.155 10.423 4.885 19.591 9.156 13.626 14.749 4.127 5.071 14.592 3.607 18.143 8.249 14.515 17.528 10.392 9.905 11.127 0.000 8.257 15.428 13.026
5.162 14.122 18.162 17.017 8.764 16.917 6.292 10.184 17.130 15.187 3.318 13.209 5.843 10.907 11.026 14.471 15.235 15.143 15.013 15.279 8.822 15.976 16.437 16.233 19.797 10.452 8.723 12.634 11.682 10.040 6.835 20.398 13.753 9.750 9.562 6.163 8.887 3.692 9.263 19.400 13.085 20.684 9.206 17.029 5.878 8.663 14.772 10.925 12.585 11.782 10.177 9.157 12.076 7.807 13.520 4.499 10.922 14.870 4.887 10.857 10.564 9.772 0.000 11.701 12.906
9.796 7.104 10.702 12.385 9.400 10.686 9.316 15.396 9.790 6.835 12.546 8.863 9.349 10.779 9.249 7.771 6.971 8.051 6.760 9.083 10.882 7.758 10.682 9.618 12.367 8.754 5.836 6.895 9.223 16.286 11.694 11.423 7.474 3.476 4.119 11.181 15.835 11.842 6.733 13.189 7.403 14.358 5.057 8.699 10.374 14.842 7.216 9.281 4.045 6.809 15.335 12.816 6.140 15.617 7.213 8.281 8.508 8.267 9.389 8.279 8.573 13.590 12.214 0.000 5.440
11.464 7.793 11.076 10.687 8.007 9.968 10.111 11.698 9.010 8.191 11.951 8.757 11.705 11.199 11.561 7.958 6.314 8.348 8.303 8.848 11.160 6.348 9.617 9.264 11.168 6.560 6.006 7.563 9.040 15.622 13.008 8.911 9.265 4.100 4.977 11.148 13.928 11.634 8.055 9.151 7.827 11.396 7.338 8.866 9.340 13.778 8.661 8.376 6.389 6.414 14.947 10.051 9.054 11.668 8.883 10.113 13.150 9.603 10.792 7.164 5.995 13.092 10.016 4.862 0.000
0.0000 8.0904 14.0151 11.2618 5.3870 13.4268 2.5572 7.6535 11.7151 9.3112 2.8419 8.9635 2.1318 8.3587 7.7721 10.6519 8.4946 10.9206 10.1589 12.3919 5.3424 11.3460 12.6666 11.6871 14.2426 5.2002 5.1095 9.9805 6.8638 7.0017 3.7825 11.6052 9.9704 5.8679 5.9167 4.0436 6.5243 1.7772 4.1378 13.3668 9.0727 13.2184 3.8405 8.9122 2.4416 6.0547 8.3956 5.5786 5.5620 8.3864 6.8207 4.9749 7.2080 5.7690 9.4910 1.1928 6.9168 7.6090 2.2191 4.9518 5.9855 6.4713 2.2883 6.9240 7.2976
9.3867 0.0000 6.9636 7.4469 7.7859 5.8557 8.7998 15.5492 5.7962 1.7122 10.6031 1.5108 7.9508 7.5867 7.5055 5.4387 3.3800 1.6952 2.2652 5.6740 10.3459 4.2371 5.4819 6.7201 6.6000 7.5901 6.8978 1.6530 11.2636 15.5508 11.4800 6.6657 2.5495 5.1022 5.1676 9.2514 13.6961 9.9357 5.6970 8.2850 1.3586 8.5450 6.3353 4.4709 9.0425 12.5253 1.6800 10.8353 4.1147 2.2433 15.2808 11.0153 3.2024 13.7519 1.7671 9.9712 6.5719 3.3168 8.3824 7.5890 7.7118 11.6722 10.8496 4.4597 5.2607
14.0637 6.3903 0.0000 2.1034 9.1897 1.3656 13.1253 15.5189 2.1197 6.9323 13.5640 6.6330 13.9623 11.0431 13.5737 2.3556 3.9224 5.2772 8.3180 2.3383 13.0594 3.4336 2.1392 2.3928 1.7116 8.3583 7.5974 7.0429 10.4085 17.7574 14.8746 1.4616 7.8101 7.7350 7.9858 13.1360 16.9901 12.2942 11.0866 2.0049 6.3912 3.4343 9.3639 2.7270 12.7020 13.7563 7.0777 9.0316 8.0018 6.3652 12.7421 12.7094 7.7423 12.4246 6.0017 13.2258 10.6176 7.4885 11.2226 8.6731 6.8348 16.7813 13.5353 6.5574 6.4678
13.1474 7.2675 2.0419 0.0000 10.4266 2.1565 13.3658 12.8247 2.2587 7.6696 14.7799 7.5722 11.7313 12.9888 12.1287 3.1719 4.8598 6.9977 7.0217 3.0886 11.4559 3.7432 2.6289 2.1001 2.1630 8.0693 7.9167 7.2082 11.3359 14.8763 14.3275 1.5650 8.3342 7.6930 7.9500 12.7913 15.9384 13.7262 10.3794 1.1696 7.6182 2.8485 8.4657 3.4421 14.4529 15.4868 8.3701 8.8404 8.0823 6.9392 13.5719 10.5882 10.6792 16.2513 5.9110 13.6776 11.2128 9.0239 12.9330 9.7667 6.9378 12.6394 12.3392 6.6259 7.2290
4.6754 9.4121 9.6244 9.2379 0.0000 10.5925 4.9804 6.1346 7.7049 8.0844 6.4526 7.8622 5.6200 10.3900 10.4882 9.2663 6.8423 10.0641 9.8003 8.9754 3.2708 8.6402 8.0870 8.1529 9.9419 1.2904 3.0280 9.0190 3.4158 7.7926 5.2966 9.8082 8.7625 5.2001 4.8940 3.4757 6.8399 6.2438 4.6519 8.6949 6.7809 12.0764 4.2009 7.4204 5.9465 6.3317 9.3477 2.7460 5.5455 7.0111 6.5299 4.3948 8.0507 6.3585 8.1574 4.5578 8.3059 8.3877 5.0537 1.4255 2.1726 6.5275 6.2401 4.9368 3.7997
12.9713 6.1099 1.5008 2.3035 8.8192 0.0000 12.2921 14.4804 2.2680 6.0457 15.7811 6.7078 13.2363 10.2149 13.7149 2.6982 3.6008 4.7532 6.3111 2.7618 10.7525 2.7686 2.4487 2.3127 1.6653 10.6323 9.0231 5.9478 9.9619 16.3433 12.5491 2.0171 8.1183 6.6114 6.5664 10.8895 15.4817 12.3716 10.0926 2.3975 5.9559 3.0036 9.0200 2.6949 13.1185 15.2451 7.3704 10.4304 7.6325 5.1650 13.7131 12.1818 7.8474 14.3489 5.9243 11.8926 10.3515 7.4696 13.7472 9.1501 8.5264 12.9618 13.0922 6.3636 6.6489
2.4445 8.7294 11.6511 12.1244 5.4834 11.9148 0.0000 8.6359 11.1187 6.6070 3.8552 8.8038 1.5233 7.4291 6.0163 10.6174 7.9679 9.1889 9.7441 9.2853 7.4718 11.3552 10.1358 11.2142 14.6442 5.7441 5.5085 6.9238 7.7653 8.7572 5.9796 13.5756 9.3558 6.8353 5.4654 4.2499 8.1954 2.4850 3.7531 13.4924 7.0993 12.5528 4.4112 8.7310 1.5485 6.9907 6.7735 8.0484 4.9619 7.3189 7.1555 7.0744 6.3340 6.6113 9.6790 2.2422 5.7377 6.9992 1.6057 5.4758 6.9225 8.1375 2.9271 6.5518 7.5578
7.9145 14.0777 15.3804 13.3484 6.1704 13.7019 7.4385 0.0000 13.8307 14.3405 7.3011 16.2503 7.7610 15.5521 13.3777 14.9291 11.2229 13.0326 12.8315 12.8498 4.0501 12.9063 13.9848 14.0146 13.9606 6.7508 9.1781 13.4017 4.2514 2.4710 4.3637 13.1494 13.5844 10.9597 9.5038 4.8715 2.5884 7.0977 9.4317 13.0550 13.5621 16.3058 9.4853 11.4662 9.4228 1.6188 15.1120 4.6250 10.4697 10.9562 2.3871 3.5526 14.9388 2.0700 15.4948 7.1054 13.5039 12.7838 8.6364 6.8387 8.6723 2.9946 7.2130 9.5066 11.0144
10.6652 5.2673 1.7841 2.8061 7.3161 2.3605 10.1684 12.9696 0.0000 5.8356 11.7830 6.1740 10.0900 10.1275 12.7547 1.6776 2.8426 4.9812 6.8701 1.2415 9.5941 1.8742 1.2964 1.6552 2.3859 9.0345 6.2217 6.6708 11.0019 15.8610 11.5088 2.0653 7.1834 6.7027 6.1397 10.7066 15.2073 13.3994 8.4741 2.7203 5.8354 4.2805 7.1414 2.1564 11.1857 12.4701 6.4022 8.8984 6.5855 4.7607 14.5914 12.5682 7.9488 14.5157 4.6551 12.9799 11.0107 8.3100 12.9332 8.7524 7.6600 12.7210 14.0883 5.6738 5.3068
8.4395 1.7494 6.4514 8.2031 9.0116 7.1225 8.3860 12.3548 5.3797 0.0000 9.2731 2.0241 9.3189 6.3393 6.2013 5.5909 3.7834 2.1781 2.2462 5.0990 11.8354 5.2556 6.4615 7.1707 7.5606 6.6187 5.6980 1.2005 10.1422 14.1081 10.4940 6.1305 2.1840 3.9251 3.8264 8.8210 14.2825 8.7259 5.0195 7.4125 1.4823 8.1411 5.4805 5.2930 8.8001 13.8878 1.3375 9.6203 2.8638 2.5708 11.3800 12.1014 2.9126 12.4659 2.5291 7.5085 5.7037 2.6098 8.0506 9.1871 6.0009 12.2271 11.0844 3.3615 5.2278
2.2972 10.8920 12.4239 13.1109 5.4863 15.2676 3.5501 6.3982 11.1810 10.2997 0.0000 11.5389 3.2456 8.1556 9.4439 12.1442 10.0032 11.6189 9.6201 13.0368 5.7489 11.2999 11.0480 14.4305 15.1816 6.1813 7.4269 11.2746 6.5968 5.9904 3.4631 13.7461 11.9045 7.1715 7.7535 4.7320 4.8617 1.8782 6.0790 13.9016 10.9275 17.9619 5.5385 11.8161 3.6264 5.4731 8.7433 6.6011 8.2913 10.5219 5.9355 4.9689 8.8803 6.4740 10.7782 2.2075 7.7329 8.5897 3.2706 5.9938 7.5263 5.6137 1.1872 6.9532 9.4212
9.3301 1.8411 7.6938 7.8943 7.9254 6.1426 9.0206 15.1721 6.1176 2.0645 10.0835 0.0000 9.6949 6.3625 7.5088 5.4360 4.2196 2.2116 1.5303 5.4654 10.0240 4.9280 6.5605 7.3761 6.8997 9.0181 7.8105 1.8187 11.6532 15.8012 12.2081 8.0303 1.8543 5.1970 5.7775 11.0687 14.4128 11.3473 6.9903 7.0453 2.1936 8.9966 6.9197 5.2447 9.4981 16.0315 1.8778 9.3530 3.9020 3.2154 11.8157 10.6289 3.2541 14.9410 1.9376 8.1792 5.7186 2.6582 8.5271 10.1344 8.1475 12.9106 10.9526 4.7471 6.8021
2.1607 7.7455 11.1353 13.4298 5.2300 12.3209 1.3014 7.3263 12.4156 8.3343 2.9758 8.1523 0.0000 6.8885 7.5248 10.9453 9.3037 9.3758 8.2868 10.8286 7.4110 9.3121 9.8899 10.1773 12.9765 5.2157 5.6275 7.3282 6.0252 8.1220 4.8376 12.7435 8.2682 6.3970 5.0753 5.0493 7.1723 1.9712 4.0795 13.2433 9.2537 15.1198 4.1676 10.8451 1.5345 8.3453 9.0190 6.4130 6.8259 8.7353 6.7958 5.1699 7.1471 6.4230 9.5488 1.6086 4.9116 6.9297 1.2311 6.3422 7.3354 5.8845 2.3864 6.4094 6.2286
8.8875 7.8711 12.2773 12.8271 11.3063 13.1904 7.2288 12.4053 12.2977 7.0577 8.8228 5.5476 6.4891 0.0000 1.1839 12.0143 8.2282 7.9659 5.4597 10.0971 11.4419 10.0337 10.2883 12.2503 11.3663 10.2272 8.3442 6.7150 12.1004 13.1790 10.1302 12.1980 5.2791 7.8565 6.4089 9.3545 11.8481 8.4622 6.6394 12.0907 7.5121 14.5425 6.4456 10.9971 6.6671 16.1468 6.0493 10.6651 6.8003 7.7762 13.4086 10.4882 4.7198 12.9591 7.7331 8.7855 2.2215 4.3204 6.6518 11.0791 11.4979 13.2817 7.5353 6.5766 10.0369
8.7544 8.3637 14.0608 14.5046 11.1711 13.4145 6.2467 14.6437 11.9633 5.7728 7.9986 7.0156 7.8589 1.2990 0.0000 12.5184 10.1593 7.6216 7.2645 11.3482 14.3968 12.0369 10.8982 12.7869 11.5005 9.9898 10.4957 7.3915 13.1724 16.0090 10.9073 12.0491 7.1562 6.6883 6.6221 11.0317 12.3029 7.8414 6.5982 12.8091 6.5901 16.4654 6.6273 10.7335 7.5278 13.4391 6.7070 12.9125 6.7932 7.2386 12.7064 11.9476 4.7206 13.1026 8.1991 7.5522 2.1711 4.9121 7.9200 10.0773 10.0175 12.9193 9.8649 7.6102 7.8863
9.5427 5.0403 2.8764 3.1634 7.4336 2.5794 9.0314 12.0722 1.4509 4.9253 12.0987 4.8281 11.5292 11.8455 10.7196 0.0000 2.5439 4.6681 5.5095 1.3983 10.6697 1.8941 1.6989 1.8675 3.0626 7.7621 7.3035 6.1646 10.6688 15.9337 13.1302 2.1998 6.4692 5.8897 6.0894 10.0234 14.1467 13.2096 8.3526 3.7502 4.1353 4.7827 8.5758 1.2160 10.3645 12.1833 5.4839 8.6648 5.6596 4.4037 15.2238 10.6058 7.3078 15.0537 4.0540 11.1291 10.8289 7.2944 12.2761 8.6527 7.0247 13.4074 11.2186 5.1476 4.7407
10.7678 4.0335 3.9379 4.6904 7.9815 3.7389 8.3680 13.1809 3.0462 3.9633 9.6048 4.6907 9.4193 8.3321 10.2370 2.4855 0.0000 3.1447 4.4788 3.0351 10.2554 1.6768 3.4141 3.0025 4.3538 6.1365 6.0791 3.5608 8.5046 12.0626 10.4798 3.6931 5.2538 3.8762 4.5994 9.1256 11.5177 10.2331 7.2754 5.5203 3.7791 6.3646 5.5799 1.9321 10.6240 13.4025 3.9266 7.2933 4.5091 2.7978 11.7951 8.8584 6.3760 13.3273 3.9154 9.8316 9.2423 6.2494 9.1984 8.4120 5.6138 10.9993 10.3623 4.2481 3.6142
10.3887 1.8195 5.9436 7.4646 8.6947 6.1528 8.9612 12.8610 4.7658 2.7093 10.7037 2.1616 9.4012 8.2821 7.9696 4.6138 3.0176 0.0000 2.6913 5.0510 10.4374 4.4489 5.7903 5.3862 5.5457 8.9235 6.9596 2.5744 11.1471 13.8028 12.1008 6.3923 2.5438 4.5987 5.0437 9.0177 12.8121 10.6642 6.8754 7.7950 1.8477 6.9356 7.6895 4.0147 9.9182 12.1371 2.4017 8.7960 5.0497 2.6987 13.8995 11.2854 3.9743 13.0119 1.2059 10.4526 6.4576 3.4602 9.8630 9.3613 7.7550 15.8826 9.6495 5.1481 4.9352
8.4411 2.0301 7.8964 8.8286 9.8117 6.5056 8.4694 14.3600 6.4703 2.1586 9.4071 1.3773 9.1843 6.1780 6.7757 5.6194 5.5558 2.2458 0.0000 6.0327 11.8421 5.1181 7.6846 8.0132 8.1043 7.9273 6.6630 1.8192 11.5777 17.4386 10.5000 7.2815 1.1016 5.5584 5.7513 10.5903 16.6744 9.3083 7.5891 7.2771 2.4075 8.2101 7.1124 5.9068 8.2657 12.2761 1.7508 9.3877 4.6360 3.7625 15.5306 12.9338 2.4472 14.1988 2.5394 9.9523 6.7011 2.2802 9.4606 10.3902 7.1286 14.4201 8.9916 4.2929 6.3589
11.6837 5.8974 2.3431 2.7484 8.5865 2.3823 11.0319 14.6790 1.4820 5.8572 10.5830 6.7746 11.3277 11.4598 10.0365 1.4066 2.6157 5.1155 5.9361 0.0000 10.5207 1.6211 1.3683 1.7942 3.4013 8.0385 7.0040 6.0840 10.5090 16.2007 13.6592 2.2317 6.4376 5.4257 5.4659 10.8711 13.9030 10.9360 8.4644 3.0880 5.3213 4.9399 8.0974 1.7334 10.2123 14.0246 5.8028 8.4586 5.5869 4.3358 14.2150 10.6050 6.6086 11.5330 4.6738 10.9960 9.2036 6.3050 10.9251 9.2671 7.0941 13.9189 11.5088 6.7713 5.7199
5.4428 9.6233 9.7552 11.5519 3.8370 11.0937 6.6263 4.3386 11.9075 11.6854 6.2199 10.8637 6.6595 13.8455 10.8897 9.8814 10.2427 12.4498 10.9681 9.4910 0.0000 9.1792 8.9012 8.8914 11.2284 3.8437 4.7397 11.3899 1.2936 6.5665 5.0579 9.9863 12.7342 6.3884 7.0271 3.7473 5.8827 7.4204 6.2551 9.6733 10.4572 11.0295 5.9962 10.0018 7.3593 3.9417 10.3523 1.7490 9.1395 9.4657 4.5142 2.6137 10.9150 4.2877 12.7064 7.2133 10.4367 10.0843 8.0781 2.9642 5.0833 4.6177 6.3484 7.6570 6.9795
9.9898 4.0778 3.5392 4.1251 8.4851 3.4438 8.5097 12.0686 2.4667 5.2554 11.7553 4.5041 11.5161 10.4392 9.7997 1.4907 2.1266 3.6398 5.8216 1.6243 9.8512 0.0000 1.8616 2.4846 3.6281 6.7780 6.5175 4.6729 9.1268 14.6099 12.8673 3.2373 5.6216 4.2683 5.8984 9.5081 12.8501 10.2433 8.3163 3.9892 3.9955 5.8397 7.0777 1.2602 11.1955 11.0830 6.0157 9.3207 4.9131 3.6231 12.8266 9.6741 6.6201 12.6413 4.9074 11.3885 8.9665 6.7548 10.3852 8.7143 6.8966 11.6738 9.6461 5.4043 4.8700
11.7589 4.8530 2.2272 2.4015 7.8285 2.4876 11.9866 15.0684 1.2985 6.3942 13.3722 6.4800 10.2678 10.8993 12.7788 1.4498 3.3873 5.2099 6.7215 1.2345 9.4525 1.9345 0.0000 1.3724 2.8540 7.1568 6.6324 5.7342 9.9321 14.9768 11.4720 1.8556 7.5965 5.1976 6.2989 9.7872 12.8058 11.3309 8.6228 2.4403 5.9977 4.1070 7.0629 2.1520 11.3453 14.1537 6.8689 9.3006 5.9410 5.2510 11.8800 10.7914 7.8404 14.6999 4.6594 9.7849 10.0340 6.8889 11.5450 7.2781 6.3848 11.8263 14.1001 6.9055 5.5495
11.6956 6.1958 2.3830 2.2610 7.5032 2.1818 11.6542 12.2116 1.4994 5.9252 12.1691 7.3270 9.8546 10.4146 12.1102 2.0663 3.0522 6.0816 7.2756 1.6938 11.2907 2.4621 1.3321 0.0000 2.9728 7.2792 7.8399 7.0246 9.5746 16.1017 10.5238 1.8074 8.0263 5.6115 7.1007 11.1183 16.2667 10.4066 9.6283 2.5474 6.0143 4.2379 8.6191 2.0663 11.9325 12.0897 6.7440 10.1968 6.1160 4.6959 12.7416 12.6465 8.0311 12.8440 6.3496 10.3545 10.5644 8.2325 10.7232 8.2406 7.4436 13.0759 12.4063 6.4727 5.7730
14.1941 6.3171 1.3915 2.3705 11.3420 1.4218 13.1218 14.8308 2.5347 8.0323 14.3145 7.3946 12.9915 13.5432 11.8182 2.6653 4.5057 5.4035 6.6613 3.3793 13.7120 3.5602 2.9672 2.5184 0.0000 8.3035 7.5512 7.3891 9.7246 17.8435 14.6697 1.9024 7.4112 7.0257 8.5059 10.6925 18.0348 15.3829 10.7710 2.4415 6.2724 2.8519 10.7106 3.9750 11.8489 17.7438 7.0997 10.1262 7.7008 6.7406 15.9467 12.1974 8.6519 16.6090 6.4245 14.1250 10.8233 7.8978 13.3984 10.3255 8.6276 14.2595 12.2854 8.5960 7.4117
4.5183 9.3718 8.1508 9.3893 1.2010 8.1801 5.9823 7.5461 7.4601 6.7202 5.4931 8.7768 5.9206 10.5569 10.9569 8.9739 6.1556 9.2694 8.5615 7.1019 4.1380 7.9554 7.9885 7.8600 9.5299 0.0000 2.6746 8.6344 3.3218 7.0647 5.8287 8.6840 7.7626 4.1094 4.5028 3.7309 7.5556 5.3769 4.0069 9.7129 6.9182 11.7897 4.5039 7.6986 6.9359 5.8294 6.8799 2.4598 5.2448 5.8762 7.3098 3.9587 9.3889 6.2312 7.8136 5.6456 9.5470 8.0098 6.7997 1.6252 2.0988 6.1680 6.7030 4.2294 4.2243
5.0032 6.6726 8.7799 8.8263 2.6043 9.3125 5.3984 7.5800 6.4909 5.4023 5.8061 7.4768 5.9410 9.4553 10.4144 7.8147 4.9548 6.1451 6.3769 6.4369 5.4061 5.9313 7.1982 6.3707 8.2698 2.2048 0.0000 6.8937 4.1109 8.2345 6.2728 8.3327 8.2702 3.1764 3.1345 4.5759 7.5976 5.6581 3.5148 9.1430 5.7919 11.2068 3.1251 6.1632 6.7796 8.8531 6.0781 4.8379 3.9768 4.7662 7.1893 6.1326 6.7370 6.6489 8.0546 5.2462 7.0142 6.6451 6.3956 2.7161 2.2064 7.9236 5.9899 3.9779 2.5413
8.3177 1.6881 6.1806 6.8199 7.1019 7.1872 7.3209 14.1625 6.0123 1.3510 11.7872 1.7290 9.0957 7.0091 6.2746 4.7273 4.5387 2.5617 2.0031 6.2156 11.6490 4.5866 6.7765 7.5201 6.2868 7.4363 5.6876 0.0000 11.7037 16.0733 10.4103 6.7895 1.8168 4.8200 4.8900 9.6111 13.7972 9.6973 6.0579 7.7192 1.4673 9.6150 5.1197 5.1237 9.5924 13.5938 1.0718 9.6946 3.4896 2.4535 11.4699 12.4770 2.8283 14.1202 2.5253 8.2409 6.0087 2.4234 9.6264 8.5475 8.1235 14.3939 10.3967 4.4010 6.0152
6.6746 11.9314 12.0987 11.4833 3.0585 11.6861 7.9810 5.3341 9.9864 8.8339 7.0280 11.9326 7.8836 12.0911 12.0905 9.1627 9.1237 11.6608 11.3653 10.0738 1.5525 10.0448 10.0704 9.5872 13.0892 2.8510 4.9536 10.6181 0.0000 5.9565 5.2721 10.6304 10.0517 6.9828 5.9576 3.5374 6.2852 6.9050 7.2305 10.8210 9.1266 11.8057 6.3395 10.3916 8.2626 5.6948 9.3385 1.4157 7.8609 9.2952 5.4722 2.9945 11.4233 4.9152 9.9716 5.9141 9.3369 10.0427 6.2318 2.6069 4.0192 5.2280 6.9503 8.2205 6.5535
7.1330 15.4358 16.0308 15.6323 6.6916 18.7315 7.8906 2.9448 16.3724 14.5315 7.1973 15.4349 8.2192 14.4592 15.4267 15.8518 14.7507 15.1015 15.4292 15.9997 6.5891 14.2910 16.0205 13.3920 15.3878 8.9022 8.5123 15.8277 6.8020 0.0000 4.7974 14.7184 13.5929 11.5772 11.5611 6.1113 2.0643 8.3451 10.9315 14.7607 16.4276 15.7166 10.6251 12.5804 8.6369 2.3572 15.0720 7.1258 13.2634 14.8780 2.3915 4.3750 13.4607 2.8824 16.9691 8.1707 13.3877 14.7098 7.8806 8.4717 8.3467 2.6083 6.6058 12.7797 11.7869
3.4680 13.1105 14.4025 12.0549 5.7376 15.7446 5.3680 4.0999 13.2002 10.4609 4.0377 13.5410 5.1312 11.9216 12.6268 12.3189 10.3513 11.7468 11.4012 12.0441 4.9949 10.9354 14.1298 11.0543 13.7990 5.3446 6.7092 12.3163 4.3300 4.4063 0.0000 11.5672 10.4623 7.9068 7.7108 2.8790 3.9588 4.5587 6.0315 12.1229 11.4494 14.9595 5.6175 10.3287 4.8597 3.6976 10.1420 5.5930 8.6421 11.2716 3.0819 2.8255 12.1046 2.9870 10.3740 4.0686 10.7533 9.5141 5.5542 5.8929 6.5330 2.7486 4.1973 8.0971 8.8244
11.6276 7.2996 1.4083 1.4250 8.7965 1.6486 13.1275 13.6683 1.7037 5.8833 13.4706 7.6750 12.8446 11.4505 14.3304 2.6088 4.4064 6.5130 8.0665 2.4168 10.2942 3.4046 1.6625 1.9184 2.0867 7.9949 6.7694 6.8957 11.6810 17.0631 12.8400 0.0000 7.2320 6.6254 6.5263 10.6852 15.9580 11.5883 8.8444 1.6505 7.1444 3.1771 10.1917 2.7024 13.9027 13.7858 6.6018 10.8767 8.0301 6.3590 13.5535 13.3715 8.8275 14.5338 5.4643 11.1075 10.7685 7.6120 11.0131 8.3668 7.0248 12.8299 14.1648 6.4508 5.4290
8.9886 2.3798 7.2766 7.7385 8.5785 7.4270 7.6179 13.3587 7.0315 2.2881 9.9386 1.6975 7.8923 5.9727 5.9135 6.4156 4.8025 2.8300 1.2049 7.4001 13.0184 6.3847 7.3546 8.5134 8.6268 7.8553 8.3922 1.9663 12.0767 16.7603 13.2663 7.3609 0.0000 4.5753 4.7961 10.6993 14.2689 10.0821 7.7445 7.6076 2.6317 8.2881 7.4383 5.1142 7.6451 13.1105 2.1650 10.8096 4.4328 3.6209 13.3176 12.6085 2.7056 14.1598 3.0020 8.0566 5.7432 2.4536 7.7724 10.1621 9.1039 15.0191 9.5978 5.6206 5.9906
6.6806 4.0703 6.2037 6.8416 5.0422 5.9788 6.2914 10.4478 5.8340 4.0407 8.3616 5.4636 6.0662 7.3862 7.0109 4.6633 3.8954 4.9070 4.9519 5.9621 7.4051 4.8862 6.3588 5.6324 8.2323 4.4705 3.0783 4.1214 7.1746 13.2732 7.5426 7.0219 4.9785 0.0000 1.5627 6.7868 10.9906 8.2248 3.9639 7.2400 3.5591 10.0663 3.2908 5.0542 6.3534 9.7791 4.8804 6.0623 1.6617 3.5057 11.2416 8.6313 4.8039 9.7272 4.5553 6.3654 6.1186 4.2821 7.5005 6.0506 4.6361 8.5820 7.7293 1.5492 2.4786
5.9582 4.8647 7.3803 7.0300 4.4245 7.1286 5.0583 9.9445 7.2041 4.3638 7.0271 5.5681 5.2755 7.8059 8.3373 6.7686 4.3709 5.8195 5.6621 6.9558 7.6818 5.5847 5.4795 6.4357 7.6127 4.2496 3.5246 4.9844 6.7521 12.5264 7.4963 7.1197 5.2924 1.7187 0.0000 5.9045 9.6754 7.3342 2.8971 8.5121 4.5265 9.8892 2.9230 6.3211 5.9875 9.4421 4.0856 6.2464 1.5943 3.2590 9.3578 8.3372 5.1673 9.0802 4.7480 6.7069 5.5666 5.2293 6.4602 4.9261 3.8307 8.6094 6.7138 1.4170 2.7025
3.7461 9.0772 12.2843 13.3655 3.2441 11.3739 4.5781 4.5541 11.7935 8.3597 4.4023 9.5305 4.9305 9.0783 11.7199 10.9779 8.2149 9.0471 10.5381 10.3679 3.0527 10.8680 11.7815 10.0212 13.0827 3.8105 4.6377 10.9747 3.5347 5.3669 2.7996 10.6496 11.0478 6.5842 5.6201 0.0000 4.6948 4.6131 4.7213 12.3791 9.5903 14.8394 4.6929 9.0125 4.6296 4.8729 9.8892 3.1127 6.7250 9.7744 4.6412 2.2466 9.3053 3.4725 10.5596 3.4702 9.4310 10.9198 4.9942 3.0435 4.6450 3.5690 4.0366 6.5556 6.2565
5.6706 15.4177 13.5620 16.0249 7.6978 17.2198 7.4928 2.5742 16.2973 15.1709 6.4227 12.5891 7.4526 15.7574 11.8407 12.4216 14.3028 16.3469 16.6145 14.7853 5.0104 13.3038 16.1867 13.7665 18.1459 7.8491 7.7829 11.9718 6.1217 1.7547 3.3296 14.5628 14.2410 11.9666 10.5046 5.5084 0.0000 5.6092 7.5840 16.6231 14.1761 19.4315 8.4369 14.4631 7.2400 2.3006 13.2305 5.5101 9.9101 14.6372 1.6792 3.4217 14.4413 1.9632 14.2377 6.7606 11.0632 13.4111 6.7172 7.0552 7.8739 1.8703 5.4367 9.1556 9.0738
1.9369 10.6654 15.0252 12.0770 6.2796 13.0868 2.5684 8.2030 11.4396 10.7579 1.7284 11.3408 1.9310 9.6422 7.1345 10.7169 11.1163 10.5130 11.4179 10.4870 7.7153 12.5488 13.6242 12.2974 12.3336 5.5810 6.6549 10.5196 6.8746 7.1339 4.4515 13.1262 10.8239 7.5154 6.2285 3.9074 6.1235 0.0000 4.8312 14.3671 8.5738 17.0552 4.9424 12.7859 2.3083 7.4920 9.3811 6.1343 7.0620 9.6315 6.5686 5.4256 8.2890 5.8961 9.8104 2.1626 6.9251 9.3798 2.0108 7.0028 8.0060 6.2775 1.3760 7.2491 8.8008
3.8391 6.0490 9.1553 10.9868 3.9028 10.2770 3.2839 9.1889 9.5023 6.2710 4.5517 6.1646 3.4167 6.6423 6.2103 8.6879 6.6204 7.8248 7.3692 6.9855 7.3522 6.7556 8.9031 8.8522 11.3197 4.5947 3.0114 6.2964 6.1290 8.5457 6.3774 9.2023 6.0333 4.1897 3.4245 5.4545 8.1767 4.0999 0.0000 10.3916 5.8226 12.9657 1.4716 8.8079 4.2756 8.3143 5.9511 6.5956 3.1769 5.7559 7.1728 5.7823 5.9659 7.4741 7.8959 3.4954 4.8083 4.9885 3.9509 4.1200 4.2323 8.1986 5.0310 3.3523 3.7976
13.3738 7.4090 1.9689 1.3474 9.2321 2.4657 13.7643 14.1079 3.1211 7.9566 12.1586 8.6411 12.6987 13.6001 12.2679 3.3371 4.3827 7.6194 9.0167 3.0926 11.8666 3.3678 2.4316 2.1735 2.1491 7.8937 7.7787 8.7573 9.8598 16.9855 12.5297 1.8611 8.7797 7.7786 7.9458 13.2212 16.0907 12.4497 9.5766 0.0000 6.9453 2.3455 9.6202 3.6385 12.3428 13.3990 7.4559 11.4384 6.9257 6.2918 13.6886 10.8629 10.1867 13.6781 7.2002 11.6588 12.5391 10.5081 13.5138 10.0099 6.7564 13.5134 13.9385 7.2792 5.9790
7.8372 1.6698 7.0125 6.4572 7.3075 6.4054 7.4365 11.5976 5.8804 1.5558 11.9000 1.9268 8.1080 6.1545 7.1567 4.6795 2.9342 1.9959 2.7590 5.5431 10.9195 4.6074 4.7397 6.5260 7.1431 7.3992 5.9644 1.7736 9.8555 16.1784 11.4799 6.8648 2.5566 3.3852 4.1845 8.4661 13.1419 11.1231 5.8390 7.4518 0.0000 8.8754 5.1458 4.4519 9.0008 14.1408 2.0158 9.1599 3.1034 1.7700 13.1391 11.2179 3.1011 12.1586 2.2288 8.5289 6.9297 3.4151 7.8704 8.5245 7.0390 14.1095 8.8926 3.4818 5.1222
13.6611 7.1317 2.5704 2.7231 11.0270 3.5778 12.7460 16.0437 4.1041 9.4334 14.1895 9.0308 13.2022 14.1926 15.1763 4.5779 5.3889 6.7657 10.7501 4.8584 11.3533 4.5170 4.5784 3.5799 2.8337 10.5245 9.1297 8.3910 12.0697 15.0534 13.1659 2.8790 11.0311 8.6056 9.8733 12.9539 16.6795 15.3456 10.0465 2.5100 8.8311 0.0000 11.3392 4.9957 14.4058 15.4404 9.0389 11.1202 9.8267 8.8523 13.9947 12.7925 11.6623 13.8691 8.6751 14.6617 13.1471 10.3599 15.5705 9.8894 9.5410 14.4785 16.6192 10.1750 7.7377
4.4057 6.4877 9.1533 9.1402 4.4513 9.3682 3.5141 9.3940 9.2328 5.6369 5.1102 7.2155 3.6100 7.1282 7.9136 8.3738 6.2683 6.9864 5.8230 8.0723 7.0158 6.3899 8.2468 8.8597 11.1150 3.5389 2.6285 6.1834 6.5391 8.3838 6.2047 10.0188 7.3386 3.3518 2.9604 4.9422 10.0711 4.7350 1.4107 9.7057 5.2353 11.2673 0.0000 7.5530 4.0865 8.4825 6.1161 6.4493 2.9518 4.8475 7.0527 6.2474 5.4626 7.1225 5.9095 3.8428 5.9607 4.9367 4.7176 3.8971 3.6134 7.4986 5.9719 3.2239 3.2643
9.4759 4.4323 2.9675 3.4814 7.7338 2.6250 11.5214 13.7648 1.9916 5.1540 13.0222 5.9657 10.6590 9.5014 9.8037 1.3030 2.2348 3.7658 5.8771 1.6590 11.0434 1.2097 1.9195 2.0431 3.9746 8.3849 5.8134 5.7443 10.0183 16.7649 13.4979 2.8943 5.5963 5.0727 6.1353 9.6755 15.2439 12.1344 6.7390 3.2112 3.9741 5.2965 7.4675 0.0000 11.5707 13.0725 5.6116 9.2699 5.3458 3.8542 11.9159 12.4133 7.4459 13.6674 4.0005 11.9124 8.6728 5.6932 10.3951 7.9099 6.9842 12.8829 13.0400 4.9884 4.5850
2.4929 9.7215 13.8891 13.7814 5.7172 11.7606 1.2864 8.9241 12.6465 7.0619 3.3285 9.7297 1.4649 6.6758 5.7925 11.6115 10.3434 9.6881 7.9177 10.8578 6.9135 9.0013 10.9558 13.0267 15.0764 7.0212 5.7955 7.7975 7.3579 9.1820 5.9920 13.3156 9.3852 6.4707 5.6407 4.6920 8.6142 2.5142 3.9962 12.7487 9.2729 15.5946 3.9105 10.9213 0.0000 7.9545 7.1799 8.0369 7.1036 9.6069 7.4389 5.6593 7.2602 6.6694 9.5509 2.2889 4.7396 6.7348 1.4229 6.4613 7.8984 6.1786 3.1134 5.9239 7.9265
7.0210 15.2128 15.3008 16.2106 6.6827 15.6993 9.0613 1.5798 12.7386 13.7016 5.3540 16.2977 7.5071 15.8042 11.8765 12.5533 10.9780 14.5886 15.4268 12.2566 4.1941 12.3045 13.0328 12.5481 14.8658 6.8359 9.0079 13.4382 5.8099 2.2153 3.2964 13.2801 15.4824 11.4642 9.7879 4.1323 2.2249 6.4114 8.9785 14.8509 12.3947 18.2957 7.4108 13.5533 7.8328 0.0000 12.4525 5.1841 11.1993 12.0493 1.4602 3.6744 13.4038 1.4757 13.4420 6.4857 10.6896 12.8485 7.0161 6.2269 8.4169 2.3202 6.0562 10.0802 10.1532
8.6494 1.7566 6.8841 6.8385 9.0692 7.5847 6.7935 13.1028 7.0621 1.2132 9.9907 2.0193 8.9648 5.8446 7.2050 5.8010 4.8465 2.2921 1.7580 6.7228 11.1204 6.0231 6.8974 6.5511 8.3849 7.9269 7.5210 1.1637 11.4029 14.0176 12.1168 6.7213 2.0208 4.0236 4.3667 10.5787 15.5404 10.2422 5.8093 7.3879 1.5926 9.0660 6.3794 4.8801 9.0724 14.7810 0.0000 9.1132 3.3726 2.5261 13.2026 12.0743 2.5877 14.7915 2.6292 7.5015 5.4785 2.0122 8.9272 9.4440 7.3877 14.9057 10.5034 3.4690 5.0194
5.2994 10.1536 11.2940 9.0742 2.6392 10.9735 7.0422 5.7549 10.3169 8.2912 6.3298 12.0365 6.2208 10.6999 10.3560 10.1283 8.5780 9.4637 10.2020 8.7859 2.0968 8.1192 7.8785 9.1445 9.4062 2.5585 4.2380 9.5140 1.5373 7.3716 5.3811 10.9163 10.8149 6.8428 6.0682 3.5427 6.3897 6.9758 5.5060 11.2648 8.6613 11.7583 5.1769 9.3066 6.6160 5.6542 11.0487 0.0000 6.5071 9.7658 5.0914 3.7228 10.6309 5.5774 10.0205 5.3375 9.4195 9.5178 7.8940 1.8326 3.3228 5.3360 7.2059 7.1834 6.4325
5.6737 3.4872 7.6859 6.7412 4.9417 6.3217 5.5660 9.2851 6.1052 3.4832 9.0112 4.2001 5.9348 7.0061 5.8897 6.0799 4.9100 4.8975 3.8677 6.5605 7.1726 4.9279 6.4964 5.7233 7.2692 4.9067 3.9463 3.8498 6.5563 10.6313 9.3399 6.8275 4.4285 1.6726 1.5426 6.5619 11.1643 8.3154 3.7417 9.2675 3.0309 9.9884 3.3839 5.2440 6.8137 12.3523 3.9349 8.1258 0.0000 3.5055 9.7511 7.6403 3.9687 11.3553 4.1901 6.0971 5.8992 3.6023 6.1036 6.1595 5.3865 9.0103 8.5025 1.2821 2.7356
7.4885 2.4874 6.3975 6.5411 7.9347 5.1097 9.0589 10.7902 5.1283 2.5552 11.1288 3.5715 7.4696 7.5106 7.9802 4.3622 2.6003 2.9435 3.6378 4.8327 9.5591 3.4541 5.3063 4.6312 6.7906 6.7681 4.9511 2.9742 8.0545 14.5305 10.6516 5.8307 3.6488 3.5939 3.5844 8.2274 12.6612 10.5285 5.0396 5.9642 1.7025 8.1164 5.0908 3.5335 8.7643 13.5136 3.0141 9.1616 2.8214 0.0000 11.3518 10.6123 3.6595 11.3770 2.6924 9.1394 6.2780 3.5298 9.0605 6.8767 5.4876 10.5269 10.6068 3.7522 3.4498
5.8843 12.1522 14.7451 14.6439 6.7993 15.3867 7.4208 2.3974 15.0189 12.8015 6.2218 15.8321 6.6659 14.1959 12.7091 14.3134 14.2633 11.7713 15.8014 12.9875 5.2385 11.2502 15.6237 12.7780 17.6205 5.9841 6.8388 13.9493 5.6664 2.8421 3.3244 14.0829 15.6790 10.2308 8.7135 3.9251 1.9039 6.3769 8.2562 14.2697 11.7481 15.7196 7.0690 13.7685 6.9092 1.8289 11.8417 5.7019 10.6140 10.4128 0.0000 2.9431 14.3846 1.4386 14.5623 6.8958 12.8241 13.6468 7.5981 6.6049 8.7571 1.5100 6.2959 9.7796 10.3206
5.3245 9.7134 14.0722 13.0636 3.9190 13.8480 5.5757 2.9798 13.3364 11.0742 4.8787 11.3805 5.0874 11.7487 13.1691 12.5326 10.7199 12.0780 13.0455 10.3930 3.1113 11.5686 11.5853 12.5548 12.7488 4.6404 4.9023 11.8351 3.5360 4.9803 2.7636 13.8732 10.3724 6.9707 7.0038 2.4422 3.4882 5.4739 5.7966 11.0452 11.5137 13.7746 5.8420 9.5204 5.9835 3.2648 12.1245 3.0824 7.3896 10.0757 3.2048 0.0000 9.5549 2.6969 11.4318 5.4752 11.2853 10.7885 5.3981 3.7465 6.1841 2.7905 5.2437 7.2214 8.1705
8.8499 4.0903 10.0016 10.7614 7.1677 8.5971 5.9091 11.7490 6.8848 2.9098 10.2794 3.3236 6.2208 4.4713 4.5395 7.1941 5.5945 4.5756 3.0638 7.3892 11.0962 7.1505 6.8564 8.1652 10.3682 9.2678 7.5502 2.5886 10.4272 14.9089 11.5337 9.6349 3.1580 5.1911 4.9129 10.2040 15.1689 7.9413 5.3137 9.4374 3.3005 10.6149 5.0815 7.1753 6.4211 13.0243 2.3880 9.2918 3.6285 4.4203 12.7075 9.5705 0.0000 13.1464 4.4686 8.2911 4.7290 1.1202 6.7348 9.9749 7.4081 12.7870 8.8961 4.3129 5.9068
6.5585 14.0001 14.7229 15.6887 6.1091 14.3997 6.8341 2.2109 14.2256 11.7702 5.0266 12.8452 6.3510 14.6377 12.8513 14.2647 10.4921 12.8629 13.6971 13.0435 4.4366 14.1866 11.4203 13.8637 14.2747 7.2261 6.8241 13.7970 4.2619 3.0009 3.1431 14.0045 14.2743 8.6210 10.0700 3.5924 2.4678 5.2181 8.7927 13.3661 11.6603 14.6983 8.0371 13.2895 6.9421 1.6967 13.0842 5.1721 11.3370 10.9552 1.2265 2.5261 14.1494 0.0000 15.6828 6.9502 12.2159 12.5978 6.8727 6.1603 7.2591 1.9095 5.3988 9.3586 9.9830
9.3774 1.5842 6.5604 7.1708 9.0411 5.2247 8.0028 16.1736 4.7593 2.6967 12.3709 2.2563 9.2002 8.4377 7.2109 4.0714 3.4927 1.0666 2.1613 5.6099 11.7286 4.0598 4.6606 5.1901 6.2220 8.7809 6.7839 2.3498 12.2668 14.1398 11.0637 5.3421 3.0226 5.1805 4.7896 11.7106 12.6949 12.3454 6.0131 6.3082 1.8989 8.1549 7.3791 4.2737 9.0422 12.7636 2.1932 10.9036 4.6092 2.7828 13.9289 10.8571 4.3864 14.8562 0.0000 8.9416 7.3079 4.3079 9.4538 9.5930 8.7597 13.8395 11.0541 4.9645 6.1153
1.1847 7.9248 11.0337 12.5347 4.4330 11.5976 2.0350 7.1937 10.6829 9.1666 2.7668 9.6095 1.5961 7.7909 7.3654 11.9572 8.1759 10.7513 10.5938 11.8186 5.9833 9.8428 10.2566 9.6802 14.3446 5.5649 6.0938 10.0578 6.3009 8.5136 4.3324 10.9426 8.2879 7.1698 5.6501 3.3913 5.8362 1.7751 4.1899 14.1004 9.6777 15.4474 3.6376 9.6052 2.4296 7.7152 9.4669 5.4225 7.2112 8.7109 6.8197 5.4547 8.6147 5.7748 10.4556 0.0000 6.8707 7.0784 1.7296 5.5155 6.4547 6.6159 2.4564 6.3574 7.0121
6.4162 6.8444 11.1078 13.7436 9.3186 12.0128 5.8823 11.8406 11.4064 6.2038 8.5138 5.7168 5.8232 2.1813 2.3435 11.9400 9.2392 7.0784 6.5560 9.3802 9.7581 9.9456 11.7830 11.1420 10.6774 9.3306 8.1879 5.5358 10.8131 11.5963 9.9522 12.9194 5.4254 6.2752 6.1372 7.7566 12.3125 7.3643 5.5102 14.2473 6.1118 14.1876 5.8582 8.9947 5.6240 13.2826 6.7867 11.9090 5.8965 6.3585 13.1844 10.3200 4.3944 11.8307 7.4670 6.5611 0.0000 5.3253 6.3208 8.7530 8.1282 12.9533 7.0920 5.2637 7.3285
7.2033 3.6043 8.4124 8.4606 7.9661 8.3488 6.4944 11.9757 7.9162 2.3777 8.3750 2.7002 6.8550 5.0597 5.7608 7.8649 5.8594 3.7231 2.7004 8.2551 10.3177 6.4284 7.7221 7.0820 9.9334 9.0731 7.1039 2.6140 9.6832 12.4275 12.3034 8.0599 2.3989 4.2649 4.7238 9.2930 11.6846 10.1718 4.9312 8.5455 3.3750 11.6526 5.2881 6.2845 6.3786 13.5251 2.4407 9.0914 4.3250 3.3766 12.0142 11.3247 1.2550 14.1876 3.5585 6.8400 4.1856 0.0000 6.8999 10.0833 8.6901 13.8864 9.1803 4.5036 6.5124
1.7720 8.0528 13.1216 11.8981 6.4986 12.8007 1.2957 9.2040 11.2519 8.9061 2.4823 10.1213 1.2414 7.5737 7.7044 12.2370 8.5858 8.3645 7.8334 11.2771 6.3818 10.4721 11.3151 10.2883 13.7187 5.5074 4.9745 8.5140 7.9859 7.3736 4.5367 12.5760 9.4986 6.3240 6.3082 4.1372 6.5107 2.2063 4.2175 13.9605 8.6170 13.3181 3.7347 10.0617 1.1710 7.1827 9.5207 6.1965 7.1434 8.3946 7.8962 5.1386 7.1024 7.0866 10.1059 1.8411 5.1510 8.4915 0.0000 5.5553 6.1061 6.7159 2.3484 5.5060 6.2442
5.0100 9.1103 10.2983 10.4756 1.4127 10.6829 6.9290 6.5596 9.2139 8.3878 6.1005 9.3801 6.7557 9.6010 10.4020 7.8494 6.9483 9.6764 8.5706 9.1835 2.7533 8.5007 7.2460 9.1665 9.5311 1.3266 3.2564 8.5647 2.4525 7.4747 4.8346 8.3788 9.8396 5.6304 4.9333 3.5503 7.2179 7.0373 4.4575 9.3877 8.2397 11.9111 4.4214 7.2846 6.1162 6.3615 9.7055 1.9920 6.1625 7.4343 6.1245 3.5064 8.3200 6.6544 8.2922 4.9046 9.7618 7.7641 5.9788 0.0000 2.8945 5.9352 5.4656 6.3796 3.9991
6.0408 7.8811 7.3329 8.7855 2.3114 7.4306 7.0151 7.5530 7.0595 7.4204 7.5166 8.0684 7.3661 9.8564 9.9460 6.1013 5.1174 6.6868 8.8318 6.9566 4.4433 6.3154 7.7577 7.0019 8.3966 2.0274 2.4056 6.8462 3.7259 8.0753 7.5018 7.4419 9.2067 3.9810 3.7043 5.3159 7.9605 6.2357 5.3143 8.3513 5.9324 9.4996 4.1751 5.7405 6.6733 6.7821 7.0051 3.4383 4.4509 5.6407 6.8672 6.1377 7.7086 8.3959 7.6810 5.4084 7.8226 7.9459 6.7927 2.5690 0.0000 8.4436 7.1291 4.6640 3.1361
5.4789 11.5663 14.1019 13.7858 5.7501 15.1790 7.9983 2.5668 14.8487 10.8672 5.9789 12.5853 7.4238 14.3313 13.4226 14.1258 10.7121 14.8102 12.1301 13.5721 4.5710 12.2321 13.4024 14.2593 15.7745 7.6578 7.2185 13.2695 5.8845 2.8042 2.7553 12.7412 14.2842 10.3866 10.3838 3.6512 1.6284 5.2653 7.8187 13.3780 13.3945 15.1970 9.1079 13.5130 7.0289 2.1758 14.5314 5.8266 9.7855 10.8531 1.4566 2.7011 10.7705 1.4515 13.5655 5.3381 10.5999 12.9641 6.9240 6.4722 7.6244 0.0000 5.2242 11.0284 9.2469
2.3465 10.1711 13.5527 12.7004 5.6523 12.6216 3.2950 6.8051 12.6443 10.8017 1.1630 9.5366 2.8697 7.6304 7.6848 10.6298 10.9898 10.9860 10.8129 11.2212 5.8650 11.6336 12.1123 11.9702 14.8447 6.8292 5.7345 9.0255 7.7843 6.7500 3.8822 15.1654 9.9157 6.6504 6.4230 3.5970 5.7528 1.2452 5.7070 14.5087 9.3494 15.6502 5.7939 12.4574 3.0008 5.7113 10.5291 7.2410 8.5526 8.3821 6.5274 5.6595 8.4606 5.0251 9.8115 2.0477 7.3507 10.4744 2.3642 7.1021 7.1249 6.1824 0.0000 7.9196 8.8586
6.3716 4.2105 7.2617 8.4614 5.8821 7.2315 5.9552 11.0769 6.4155 3.8486 8.5709 5.3944 6.0366 7.2083 6.2281 4.9922 4.1087 4.8923 4.1309 5.8606 7.4357 4.8200 6.9736 6.3305 8.5052 5.3891 3.2258 3.9883 6.2286 11.9010 8.0953 7.6936 4.6110 1.3261 1.4321 7.4370 11.4445 7.9514 3.6568 9.0735 4.1878 10.1665 2.6232 5.4906 6.7460 10.6780 4.1679 6.1719 1.4147 3.6664 10.9679 8.8053 3.6098 11.1314 4.3972 5.3821 5.5146 4.8580 6.1148 5.2574 5.1354 9.7142 8.2668 0.0000 2.7528
7.6006 4.8965 7.3299 7.0748 4.7424 6.5982 6.7045 8.3169 5.7064 5.0472 8.2593 5.6468 7.7894 7.8390 8.1276 4.9395 3.6123 5.2800 5.4007 5.4723 7.3880 3.7716 6.0415 5.8345 7.5228 3.7604 2.9820 4.7339 5.8772 11.3347 8.9639 5.8111 6.0718 1.8755 2.4447 7.3260 10.0054 7.9397 4.7367 6.1058 4.7683 7.9045 4.1306 5.4054 6.2764 9.8145 5.4408 5.3332 3.3875 3.6566 10.6016 6.8028 5.8503 8.2354 5.6431 6.7101 9.0106 6.1882 7.2361 4.2883 3.1459 9.2940 6.8754 2.4605 0.0000
0.000 36.343 45.203 45.281 23.714 45.131 17.950 29.875 41.926 34.039 16.586 36.927 12.382 33.022 32.679 40.627 36.447 37.803 36.521 40.582 27.424 38.491 41.471 41.675 46.839 24.528 24.550 34.848 27.327 31.373 21.004 44.056 36.768 27.953 26.347 19.934 28.256 12.894 20.176 45.974 34.781 50.302 21.323 39.585 19.087 28.977 34.482 26.584 27.620 33.895 27.077 23.329 32.027 27.043 37.888 1.786 28.358 32.772 13.953 24.905 27.134 26.408 16.026 27.145 28.714
36.343 0.000 27.552 29.657 34.122 26.738 34.188 49.352 25.171 10.863 40.846 8.968 35.194 29.268 30.456 23.669 20.090 8.541 14.812 24.808 41.171 22.643 25.364 26.821 28.563 33.055 28.906 8.726 39.771 52.834 43.204 27.828 17.633 22.193 22.993 38.921 50.351 38.861 28.288 30.554 7.725 33.546 27.530 22.616 35.268 49.410 11.886 38.283 21.055 16.536 48.310 42.285 19.619 47.681 7.945 36.207 29.282 18.587 35.715 34.837 30.943 48.204 39.743 21.913 24.819
45.203 27.552 0.000 13.023 37.217 4.986 44.716 51.770 14.607 29.201 49.669 29.239 45.251 44.654 45.774 16.734 21.403 25.871 30.720 16.629 42.280 18.816 16.666 18.252 7.423 35.848 33.292 29.273 40.701 56.242 48.883 8.458 31.283 29.632 31.393 43.986 54.675 48.092 37.548 16.073 27.518 18.039 36.114 17.912 45.960 52.523 29.999 39.496 31.097 25.701 52.238 46.109 34.811 51.273 26.186 45.246 43.922 33.888 45.931 37.102 32.529 52.602 48.796 30.976 28.556
45.281 29.657 13.023 0.000 36.469 17.992 45.150 50.508 16.518 31.070 49.646 31.459 45.573 46.467 47.534 18.093 22.643 28.106 32.920 17.297 40.990 19.782 16.503 16.300 16.362 35.110 33.007 31.252 39.426 55.086 48.261 8.132 33.511 30.233 32.001 43.365 53.704 48.182 37.950 4.002 29.398 17.021 36.454 19.265 46.401 51.369 31.959 38.312 32.024 27.215 51.233 45.205 36.618 50.225 28.443 45.359 45.398 35.755 46.271 36.205 31.759 51.677 48.836 31.739 28.578
23.714 34.122 37.217 36.469 0.000 37.481 26.105 27.455 34.182 32.538 26.925 35.550 25.596 39.202 39.406 33.288 30.354 34.828 35.861 32.753 19.191 31.321 33.560 33.215 38.880 6.082 17.217 33.449 18.003 31.451 23.818 35.674 36.361 23.937 23.469 18.954 29.553 26.221 21.988 36.987 32.388 41.314 21.154 32.548 27.084 27.806 33.459 16.573 25.669 30.073 27.184 20.969 33.639 26.316 35.069 24.000 35.180 33.852 26.258 5.895 16.712 27.442 26.517 24.575 21.884
45.131 26.738 4.986 17.992 37.481 0.000 44.509 52.200 14.702 28.477 49.628 28.371 45.085 43.916 45.055 16.507 21.026 25.011 29.857 16.734 42.735 18.643 17.440 16.681 8.408 36.113 33.397 28.504 41.154 56.625 49.072 12.572 30.406 29.416 31.163 44.184 54.989 48.010 37.371 16.736 26.798 18.811 35.967 17.606 45.747 52.910 29.235 39.918 30.744 25.147 52.568 46.410 34.092 51.621 25.315 45.160 43.314 33.148 45.757 37.423 32.821 52.902 48.732 30.688 28.574
17.950 34.188 44.716 45.150 26.105 44.509 0.000 33.910 41.434 31.785 19.257 34.492 6.038 29.054 28.669 40.021 35.564 35.812 33.898 40.171 30.881 37.905 41.061 41.487 46.301 26.614 25.460 32.519 30.576 35.345 25.023 43.765 34.065 27.094 25.347 23.698 32.191 17.171 19.199 45.906 32.760 50.148 20.708 38.903 5.563 33.013 32.060 29.645 26.096 32.388 31.096 27.259 28.990 31.080 35.845 16.242 24.378 29.841 7.060 27.400 28.625 30.396 18.092 25.904 28.724
29.875 49.352 51.770 50.508 27.455 52.200 33.910 0.000 48.976 47.570 28.727 50.627 32.646 50.675 50.442 48.284 45.732 50.189 50.755 47.566 21.517 46.441 48.301 47.668 53.389 28.706 32.582 48.481 23.085 16.824 21.115 50.056 51.193 39.186 38.417 23.052 17.338 29.995 34.648 50.857 47.614 54.977 34.652 47.669 34.062 8.023 48.392 24.283 40.518 45.468 16.958 19.282 47.631 13.885 50.412 30.266 46.072 48.077 32.875 27.087 31.672 17.019 29.429 39.523 37.334
41.926 25.171 14.607 16.518 34.182 14.702 41.434 48.976 0.000 26.551 46.401 27.008 41.965 41.957 43.032 7.082 18.267 23.678 28.457 6.352 39.538 15.789 3.250 9.957 16.914 32.815 30.098 26.739 37.956 53.370 45.764 12.063 29.058 26.356 28.120 40.876 51.702 44.813 34.263 17.419 24.880 21.016 32.828 12.414 42.679 49.657 27.443 36.696 27.887 22.751 49.287 43.119 32.105 48.349 24.026 41.966 40.975 31.238 42.645 34.143 29.533 49.610 45.521 27.726 25.306
34.039 10.863 29.201 31.070 32.538 28.477 31.785 47.570 26.551 0.000 38.512 13.607 32.813 27.454 28.579 24.984 20.834 19.000 15.197 25.982 39.676 23.633 26.638 27.968 30.343 31.553 27.354 4.057 38.331 50.910 41.127 29.258 17.815 20.657 21.159 36.966 48.350 36.511 26.061 31.970 7.479 35.237 25.408 23.845 32.853 47.548 5.048 36.841 19.069 19.568 46.368 40.425 17.616 45.782 18.693 33.890 27.076 16.694 33.322 33.348 29.726 46.212 37.400 20.049 23.730
16.586 40.846 49.669 49.646 26.925 49.628 19.257 28.727 46.401 38.512 0.000 41.354 17.966 35.894 35.343 45.131 41.003 42.340 40.878 45.042 28.867 42.996 45.927 46.069 51.315 27.970 28.722 39.303 29.187 29.092 19.701 48.473 41.092 32.526 30.932 21.278 25.843 9.285 24.756 50.315 39.308 54.659 25.905 44.105 18.680 27.453 38.908 28.799 32.194 38.477 25.323 23.548 36.163 25.641 42.416 16.661 31.237 36.972 17.702 27.940 30.915 24.382 5.178 31.731 33.131
36.927 8.968 29.239 31.459 35.550 28.371 34.492 50.627 27.008 13.607 41.354 0.000 35.574 27.955 29.194 25.540 22.100 14.970 6.610 26.720 42.665 24.610 27.240 28.732 30.155 34.539 30.351 9.599 41.300 53.970 44.161 29.629 9.122 23.631 24.211 40.025 51.401 39.329 29.039 32.351 15.114 35.179 28.439 24.524 35.513 50.609 10.874 39.810 22.131 18.444 49.427 43.486 18.730 48.843 13.584 36.761 28.444 17.647 36.052 36.331 32.590 49.265 40.228 23.104 26.512
12.382 35.194 45.251 45.573 25.596 45.085 6.038 32.646 41.965 32.813 17.966 35.574 0.000 30.403 30.003 40.585 36.202 36.776 35.028 40.674 29.973 38.458 41.566 41.922 46.855 26.219 25.460 33.569 29.757 34.005 23.710 44.237 35.215 27.686 25.971 22.629 30.844 17.233 19.716 46.311 33.725 50.586 21.142 39.488 7.033 31.715 33.134 28.901 26.887 33.204 29.778 26.101 30.212 29.787 36.824 10.613 25.726 31.040 3.205 26.863 28.453 29.062 16.802 26.607 29.049
33.022 29.268 44.654 46.467 39.202 43.916 29.054 50.675 41.957 27.454 35.894 27.955 30.403 0.000 5.945 40.374 35.963 31.125 26.528 41.281 45.805 38.846 41.992 43.219 45.772 38.926 35.435 27.424 44.988 52.390 42.019 44.670 26.144 31.236 30.128 39.854 49.245 33.932 29.244 47.365 29.137 50.690 30.088 39.206 29.287 49.926 26.690 43.683 28.549 31.325 48.085 43.645 21.855 47.987 30.885 32.661 16.680 22.769 30.397 40.456 38.969 47.430 34.791 29.505 34.862
32.679 30.456 45.774 47.534 39.406 45.055 28.669 50.442 43.032 28.579 35.343 29.194 30.003 5.945 0.000 41.445 36.985 32.328 27.780 42.322 45.878 39.874 43.048 44.244 46.918 39.195 35.830 28.588 45.115 52.008 41.683 45.746 27.413 31.935 30.744 39.721 48.837 33.423 29.420 48.430 30.260 51.812 30.359 40.269 28.810 49.638 27.852 43.842 29.269 32.353 47.756 43.490 22.964 47.700 32.097 32.308 19.503 23.915 29.946 40.679 39.398 47.064 34.261 30.182 35.518
40.627 23.669 16.734 18.093 33.288 16.507 40.021 48.284 7.082 24.984 45.131 25.540 40.585 40.374 41.445 0.000 16.697 22.241 26.974 6.132 38.912 9.495 7.557 14.528 18.282 31.929 29.007 25.194 37.333 52.602 44.747 19.126 27.584 24.928 26.682 39.877 50.839 43.505 32.872 18.992 23.318 22.589 31.462 5.354 41.262 48.900 25.893 36.028 26.366 21.157 48.450 42.253 30.525 47.538 22.597 40.655 39.383 29.666 41.259 33.332 28.704 48.730 44.229 26.246 24.122
36.447 20.090 21.403 22.643 30.354 21.026 35.564 45.732 18.267 20.834 41.003 22.100 36.202 35.963 36.985 16.697 0.000 19.219 23.389 17.361 36.666 12.844 18.143 19.259 22.881 29.051 25.567 21.230 35.126 49.802 41.300 20.925 24.036 20.527 22.232 36.524 47.785 39.288 28.496 23.526 19.266 27.282 27.161 15.545 36.794 46.158 21.862 33.715 21.718 16.638 45.484 39.257 26.174 44.655 19.590 36.442 34.755 25.399 36.858 30.646 26.113 45.641 40.051 21.686 20.573
37.803 8.541 25.871 28.106 34.828 25.011 35.812 50.189 23.678 19.000 42.340 14.970 36.776 31.125 32.328 22.241 19.219 0.000 16.850 23.463 41.760 21.477 23.941 25.468 26.806 33.694 29.629 17.260 40.316 53.811 44.366 26.278 17.417 23.026 24.056 39.962 51.416 40.384 29.676 28.996 13.565 31.821 28.806 21.272 36.918 50.329 16.596 38.837 22.293 16.777 49.314 43.219 21.533 48.641 1.659 37.686 31.204 20.493 37.319 35.453 31.354 49.261 41.254 23.025 25.221
36.521 14.812 30.720 32.920 35.861 29.857 33.898 50.755 28.457 15.197 40.878 6.610 35.028 26.528 27.780 26.974 23.389 16.850 0.000 28.132 43.021 25.975 28.672 30.145 31.642 34.909 30.703 11.418 41.696 53.967 44.023 31.090 2.900 24.041 24.416 40.023 51.327 38.830 28.805 33.814 19.309 36.665 28.336 25.938 34.874 50.668 10.684 40.207 22.255 19.446 49.414 43.560 17.575 48.871 16.543 36.334 27.204 16.501 35.473 36.705 33.141 49.204 39.739 23.304 27.148
40.582 24.808 16.629 17.297 32.753 16.734 40.171 47.566 6.352 25.982 45.042 26.720 40.674 41.281 42.322 6.132 17.361 23.463 28.132 0.000 38.138 11.050 3.963 8.948 18.285 31.386 28.689 26.251 36.557 51.949 44.340 16.249 28.753 25.125 26.894 39.451 50.274 43.473 32.985 18.171 24.337 22.090 31.532 9.759 41.418 48.238 26.933 35.288 26.779 21.972 47.861 41.691 31.455 46.924 23.824 40.629 40.111 30.633 41.359 32.717 28.105 48.181 44.172 26.554 23.927
27.424 41.171 42.280 40.990 19.191 42.735 30.881 21.517 39.538 39.676 28.867 42.665 29.973 45.805 45.878 38.912 36.666 41.760 43.021 38.138 0.000 37.137 38.853 38.175 43.891 20.126 24.322 40.584 7.029 26.156 22.552 40.552 43.531 31.034 30.653 19.678 25.239 29.056 28.620 41.342 39.446 45.480 28.055 38.358 31.555 22.467 40.618 13.134 32.856 36.983 22.741 18.031 40.791 21.616 42.020 27.805 41.545 41.030 30.490 18.336 22.573 23.488 28.960 31.755 28.582
38.491 22.643 18.816 19.782 31.321 18.643 37.905 46.441 15.789 23.633 42.996 24.610 38.458 38.846 39.874 9.495 12.844 21.477 25.975 11.050 37.137 0.000 14.706 19.434 20.399 29.970 26.931 23.962 35.564 50.698 42.693 18.109 26.610 22.816 24.576 37.836 48.872 41.368 30.747 20.658 22.018 24.523 29.331 5.466 39.147 47.007 24.623 34.226 24.346 19.522 46.501 40.290 29.043 45.608 21.848 38.518 37.626 28.246 39.133 31.423 26.796 46.753 42.093 24.174 22.014
41.471 25.364 16.666 16.503 33.560 17.440 41.061 48.301 3.250 26.638 45.927 27.240 41.566 41.992 43.048 7.557 18.143 23.941 28.672 3.963 38.853 14.706 0.000 7.343 17.412 32.193 29.550 26.870 37.271 52.710 45.177 12.447 29.284 26.011 27.780 40.285 51.065 44.362 33.876 17.392 24.979 21.224 32.424 12.417 42.308 48.996 27.563 36.019 27.640 22.715 48.645 42.486 32.152 47.699 24.295 41.518 40.897 31.309 42.251 33.499 28.897 48.978 45.060 27.430 24.808
41.675 26.821 18.252 16.300 33.215 16.681 41.487 47.668 9.957 27.968 46.069 28.732 41.922 43.219 44.244 14.528 19.259 25.468 30.145 8.948 38.175 19.434 7.343 0.000 17.724 31.847 29.501 28.253 36.596 52.152 44.943 10.946 30.766 26.570 28.337 40.042 50.620 44.575 34.288 19.858 26.332 20.664 32.796 18.704 42.738 48.432 28.931 35.397 28.406 23.895 48.174 42.067 33.411 47.200 25.828 41.744 41.943 32.605 42.618 33.054 28.511 48.558 45.241 28.091 24.961
46.839 28.563 7.423 16.362 38.880 8.408 46.301 53.389 16.914 30.343 51.315 30.155 46.855 45.772 46.918 18.282 22.881 26.806 31.642 18.285 43.891 20.399 17.412 17.724 0.000 37.512 34.959 30.352 42.313 57.876 50.553 14.940 32.179 31.209 32.964 45.656 56.328 49.726 39.145 18.005 28.667 17.049 37.724 19.425 47.543 54.156 31.085 41.121 32.597 27.039 53.888 47.765 35.958 52.918 27.101 46.878 45.203 35.007 47.531 38.756 34.190 54.258 50.435 32.516 30.211
24.528 33.055 35.848 35.110 6.082 36.113 26.614 28.706 32.815 31.553 27.970 34.539 26.219 38.926 39.195 31.929 29.051 33.694 34.909 31.386 20.126 29.970 32.193 31.847 37.512 0.000 18.698 32.461 18.793 32.770 25.164 34.307 35.426 22.908 22.591 20.284 30.910 27.143 21.855 35.633 31.327 39.965 20.841 31.198 27.656 29.110 32.505 17.308 24.801 28.925 28.531 22.324 32.938 27.649 33.945 24.788 35.039 33.094 26.903 7.982 14.894 28.803 27.496 23.681 20.639
24.550 28.906 33.292 33.007 17.217 33.397 25.460 32.582 30.098 27.354 28.722 30.351 25.460 35.435 35.830 29.007 25.567 29.629 30.703 28.689 24.322 26.931 29.550 29.501 34.959 18.698 0.000 28.263 23.000 36.388 27.779 31.944 31.219 18.726 18.405 22.963 34.247 27.421 19.159 33.643 27.172 37.999 17.763 28.128 26.653 32.814 28.299 21.513 20.613 24.889 31.989 25.783 28.853 31.214 29.864 24.695 31.859 28.958 26.181 18.003 16.081 32.096 27.991 19.485 16.999
34.848 8.726 29.273 31.252 33.449 28.504 32.519 48.481 26.739 4.057 39.303 9.599 33.569 27.424 28.588 25.194 21.230 17.260 11.418 26.251 40.584 23.962 26.870 28.253 30.352 32.461 28.263 0.000 39.237 51.811 42.007 29.431 14.158 21.561 22.071 37.866 49.242 37.291 26.910 32.153 8.747 35.296 26.286 24.085 33.569 48.454 3.270 37.746 19.975 16.991 47.268 41.332 17.687 46.686 16.634 34.692 27.322 16.679 34.065 34.256 30.610 47.106 38.185 20.961 24.591
27.327 39.771 40.701 39.426 18.003 41.154 30.576 23.085 37.956 38.331 29.187 41.300 29.757 44.988 45.115 37.333 35.126 40.316 41.696 36.557 7.029 35.564 37.271 36.596 42.313 18.793 23.000 39.237 0.000 27.690 23.382 38.976 42.217 29.677 29.379 19.908 26.656 29.185 27.749 39.786 38.052 43.938 27.068 36.785 31.334 23.988 39.292 6.624 31.588 35.539 24.151 18.996 39.638 23.048 40.582 27.693 40.817 39.837 30.316 17.000 21.057 24.834 29.173 30.472 27.113
31.373 52.834 56.242 55.086 31.451 56.625 35.345 16.824 53.370 50.910 29.092 53.970 34.005 52.390 52.008 52.602 49.802 53.811 53.967 51.949 26.156 50.698 52.710 52.152 57.876 32.770 36.388 51.811 27.690 0.000 22.425 54.565 54.360 42.789 41.840 25.948 14.462 30.761 37.397 55.465 51.107 59.628 37.652 51.927 35.241 16.534 51.654 28.777 43.846 49.167 16.557 22.613 50.407 17.177 54.010 31.730 47.719 50.955 34.081 31.276 35.904 16.977 30.023 42.925 41.288
21.004 43.204 48.883 48.261 23.818 49.072 25.023 21.115 45.764 41.127 19.701 44.161 23.710 42.019 41.683 44.747 41.300 44.366 44.023 44.340 22.552 42.693 45.177 44.943 50.553 25.164 27.779 42.007 23.382 22.425 0.000 47.405 44.372 33.514 32.314 16.901 19.431 20.881 27.253 48.795 41.512 53.128 27.722 43.898 25.051 20.027 41.780 23.566 34.149 39.914 18.073 16.552 40.160 18.119 44.526 21.375 37.360 40.765 23.868 24.284 28.512 17.449 20.330 33.343 32.765
44.056 27.828 8.458 8.132 35.674 12.572 43.765 50.056 12.063 29.258 48.473 29.629 44.237 44.670 45.746 19.126 20.925 26.278 31.090 16.249 40.552 18.109 12.447 10.946 14.940 34.307 31.944 29.431 38.976 54.565 47.405 0.000 31.682 28.756 30.526 42.504 53.062 46.954 36.571 12.116 27.584 18.435 35.098 17.493 45.015 50.845 30.139 37.798 30.434 25.454 50.612 44.516 34.818 49.630 26.616 44.117 43.667 33.947 44.928 35.502 30.969 51.005 47.631 30.206 27.347
36.768 17.633 31.283 33.511 36.361 30.406 34.065 51.193 29.058 17.815 41.092 9.122 35.215 26.144 27.413 27.584 24.036 17.417 2.900 28.753 43.531 26.610 29.284 30.766 32.179 35.426 31.219 14.158 42.217 54.360 44.372 31.682 0.000 24.582 24.901 40.422 51.695 39.035 29.134 34.403 16.993 37.209 28.714 26.557 35.018 51.083 13.093 40.729 22.725 20.094 49.805 43.983 17.492 49.277 17.096 36.573 27.003 19.760 35.645 37.222 33.705 49.579 39.948 23.791 27.736
27.953 22.193 29.632 30.233 23.937 29.416 27.094 39.186 26.356 20.657 32.526 23.631 27.686 31.236 31.935 24.928 20.527 23.026 24.041 25.125 31.034 22.816 26.011 26.570 31.209 22.908 18.726 21.561 29.677 42.789 33.514 28.756 24.582 0.000 7.869 28.985 40.437 30.775 19.973 31.034 20.456 35.180 18.642 23.811 28.334 39.303 21.641 28.186 12.007 18.413 38.303 32.193 23.005 37.617 23.236 27.935 28.658 22.865 28.350 24.701 21.175 38.280 31.552 7.906 16.407
26.347 22.993 31.393 32.001 23.469 31.163 25.347 38.417 28.120 21.159 30.932 24.211 25.971 30.128 30.744 26.682 22.232 24.056 24.416 26.894 30.653 24.576 27.780 28.337 32.964 22.591 18.405 22.071 29.379 41.840 32.314 30.526 24.901 7.869 0.000 27.935 39.379 29.138 18.275 32.800 21.269 36.950 17.028 25.557 26.584 38.428 22.023 27.897 9.821 19.679 37.318 31.302 22.551 36.689 24.225 26.310 27.274 22.584 26.626 24.379 21.391 37.227 29.933 4.946 16.806
19.934 38.921 43.986 43.365 18.954 44.184 23.698 23.052 40.876 36.966 21.278 40.025 22.629 39.854 39.721 39.877 36.524 39.962 40.023 39.451 19.678 37.836 40.285 40.042 45.656 20.284 22.963 37.866 19.908 25.948 16.901 42.504 40.422 28.985 27.935 0.000 23.456 21.379 23.616 43.904 37.202 48.242 23.733 39.046 24.193 22.702 37.707 19.591 29.907 35.396 21.402 16.953 36.630 20.860 40.146 20.331 35.333 37.117 23.066 19.540 23.626 21.299 21.296 29.007 27.961
28.256 50.351 54.675 53.704 29.553 54.989 32.191 17.338 51.702 48.350 25.843 51.401 30.844 49.245 48.837 50.839 47.785 51.416 51.327 50.274 25.239 48.872 51.065 50.620 56.328 30.910 34.247 49.242 26.656 14.462 19.431 53.062 51.695 40.437 39.379 23.456 0.000 27.534 34.623 54.138 48.638 58.378 34.991 50.098 32.046 15.777 49.049 27.524 41.314 46.846 11.137 20.587 47.576 16.119 51.597 28.603 44.568 48.164 30.894 29.573 34.169 9.593 26.784 40.443 39.219
12.894 38.861 48.092 48.182 26.221 48.010 17.171 29.995 44.813 36.511 9.285 39.329 17.233 33.932 33.423 43.505 39.288 40.384 38.830 43.473 29.056 41.368 44.362 44.575 49.726 27.143 27.421 37.291 29.185 30.761 20.881 46.954 39.035 30.775 29.138 21.379 27.534 0.000 22.900 48.875 37.344 53.203 24.134 42.454 16.656 28.850 36.883 28.624 30.303 36.609 26.783 24.201 34.081 26.976 40.451 12.668 29.262 34.896 16.130 27.339 29.893 25.929 4.108 29.892 31.614
20.176 28.288 37.548 37.950 21.988 37.371 19.199 34.648 34.263 26.061 24.756 29.039 19.716 29.244 29.420 32.872 28.496 29.676 28.805 32.985 28.620 30.747 33.876 34.288 39.145 21.855 19.159 26.910 27.749 37.397 27.253 36.571 29.134 19.973 18.275 23.616 34.623 22.900 0.000 38.709 26.679 42.949 6.954 31.772 20.450 34.300 26.619 26.439 19.446 25.722 32.847 27.369 25.027 32.425 29.777 20.101 25.202 25.558 20.386 23.270 22.724 32.532 23.720 18.992 21.590
45.974 30.554 16.073 4.002 36.987 16.736 45.906 50.857 17.419 31.970 50.315 32.351 46.311 47.365 48.430 18.992 23.526 28.996 33.814 18.171 41.342 20.658 17.392 19.858 18.005 35.633 33.643 32.153 39.786 55.465 48.795 12.116 34.403 31.034 32.800 43.904 54.138 48.875 38.709 0.000 30.298 19.374 37.204 20.161 47.158 51.751 32.859 38.702 32.863 28.106 51.660 45.667 37.517 50.639 29.332 46.058 46.280 36.655 47.012 36.684 32.283 52.125 49.518 32.559 29.289
34.781 7.725 27.518 29.398 32.388 26.798 32.760 47.614 24.880 7.479 39.308 15.114 33.725 29.137 30.260 23.318 19.266 13.565 19.309 24.337 39.446 22.018 24.979 26.332 28.667 31.327 27.172 8.747 38.052 51.107 41.512 27.584 16.993 20.456 21.269 37.202 48.638 37.344 26.679 30.298 0.000 33.555 25.868 22.188 33.868 47.677 11.577 36.564 19.369 13.790 46.587 40.553 19.296 45.952 13.817 34.657 28.686 18.375 34.267 33.111 29.257 46.489 38.216 20.196 23.150
50.302 33.546 18.039 17.021 41.314 18.811 50.148 54.977 21.016 35.237 54.659 35.179 50.586 50.690 51.812 22.589 27.282 31.821 36.665 22.090 45.480 24.523 21.224 20.664 17.049 39.965 37.999 35.296 43.938 59.628 53.128 18.435 37.209 35.180 36.950 48.242 58.378 53.203 42.949 19.374 33.555 0.000 41.460 23.794 51.399 55.922 36.024 42.898 36.864 31.698 55.892 49.942 40.849 54.856 32.122 50.380 49.932 39.922 51.283 40.981 36.617 56.383 53.854 36.641 33.599
21.323 27.530 36.114 36.454 21.154 35.967 20.708 34.652 32.828 25.408 25.905 28.439 21.142 30.088 30.359 31.462 27.161 28.806 28.336 31.532 28.055 29.331 32.424 32.796 37.724 20.841 17.763 26.286 27.068 37.652 27.722 35.098 28.714 18.642 17.028 23.733 34.991 24.134 6.954 37.204 25.868 41.460 0.000 30.380 21.960 34.427 26.064 25.697 18.513 24.648 33.096 27.382 25.009 32.593 28.934 21.295 26.247 25.426 21.830 22.381 21.370 32.868 24.915 17.880 20.038
39.585 22.616 17.912 19.265 32.548 17.606 38.903 47.669 12.414 23.845 44.105 24.524 39.488 39.206 40.269 5.354 15.545 21.272 25.938 9.759 38.358 5.466 12.417 18.704 19.425 31.198 28.128 24.085 36.785 51.927 43.898 17.493 26.557 23.811 25.557 39.046 50.098 42.454 31.772 20.161 22.188 23.794 30.380 0.000 40.141 48.237 24.775 35.450 25.187 19.962 47.729 41.516 29.362 46.837 21.635 39.604 38.182 28.516 40.157 32.652 28.026 47.978 43.189 25.092 23.191
19.087 35.268 45.960 46.401 27.084 45.747 5.563 34.062 42.679 32.853 18.680 35.513 7.033 29.287 28.810 41.262 36.794 36.918 34.874 41.418 31.555 39.147 42.308 42.738 47.543 27.656 26.653 33.569 31.334 35.241 25.051 45.015 35.018 28.334 26.584 24.193 32.046 16.656 20.450 47.158 33.868 51.399 21.960 40.141 0.000 33.076 33.091 30.466 27.291 33.569 31.096 27.623 29.857 31.158 36.942 17.301 24.613 30.740 5.276 28.364 29.767 30.332 17.541 27.125 29.973
28.977 49.410 52.523 51.369 27.806 52.910 33.013 8.023 49.657 47.548 27.453 50.609 31.715 49.926 49.638 48.900 46.158 50.329 50.668 48.238 22.467 47.007 48.996 48.432 54.156 29.110 32.814 48.454 23.988 16.534 20.027 50.845 51.083 39.303 38.428 22.702 15.777 28.850 34.300 51.751 47.677 55.922 34.427 48.237 33.076 0.000 48.329 25.058 40.479 45.650 9.740 19.126 47.324 8.620 50.538 29.358 45.290 47.819 31.892 27.586 32.211 14.850 28.228 39.524 37.672
34.482 11.886 29.999 31.959 33.459 29.235 32.060 48.392 27.443 5.048 38.908 10.874 33.134 26.690 27.852 25.893 21.862 16.596 10.684 26.933 40.618 24.623 27.563 28.931 31.085 32.505 28.299 3.270 39.292 51.654 41.780 30.139 13.093 21.641 22.023 37.707 49.049 36.883 26.619 32.859 11.577 36.024 26.064 24.775 33.091 48.329 0.000 37.803 19.877 17.512 47.105 41.214 16.956 46.544 19.721 34.315 26.609 17.528 33.616 34.301 30.759 46.919 37.782 20.910 24.803
26.584 38.283 39.496 38.312 16.573 39.918 29.645 24.283 36.696 36.841 28.799 39.810 28.901 43.683 43.842 36.028 33.715 38.837 40.207 35.288 13.134 34.226 36.019 35.397 41.121 17.308 21.513 37.746 6.624 28.777 23.566 37.798 40.729 28.186 27.897 19.591 27.524 28.624 26.439 38.702 36.564 42.898 25.697 35.450 30.466 25.058 37.803 0.000 30.107 34.060 25.024 19.431 38.185 23.966 39.102 26.935 39.568 38.372 29.490 15.637 19.618 25.607 28.688 28.989 25.642
27.620 21.055 31.097 32.024 25.669 30.744 26.096 40.518 27.887 19.069 32.194 22.131 26.887 28.549 29.269 26.366 21.718 22.293 22.255 26.779 32.856 24.346 27.640 28.406 32.597 24.801 20.613 19.975 31.588 43.846 34.149 30.434 22.725 12.007 9.821 29.907 41.314 30.303 19.446 32.863 19.369 36.864 18.513 25.187 27.291 40.479 19.877 30.107 0.000 18.320 39.307 33.357 20.443 38.714 22.422 27.534 26.112 20.414 27.496 26.589 23.515 39.170 31.143 5.109 18.383
33.895 16.536 25.701 27.215 30.073 25.147 32.388 45.468 22.751 19.568 38.477 18.444 33.204 31.325 32.353 21.157 16.638 16.777 19.446 21.972 36.983 19.522 22.715 23.895 27.039 28.925 24.889 16.991 35.539 49.167 39.914 25.454 20.094 18.413 19.679 35.396 46.846 36.609 25.722 28.106 13.790 31.698 24.648 19.962 33.569 45.650 17.512 34.060 18.320 0.000 44.697 38.559 21.546 43.991 17.047 33.823 30.236 20.802 33.807 30.679 26.590 44.688 37.440 18.768 20.452
27.077 48.310 52.238 51.233 27.184 52.568 31.096 16.958 49.287 46.368 25.323 49.427 29.778 48.085 47.756 48.450 45.484 49.314 49.414 47.861 22.741 46.501 48.645 48.174 53.888 28.531 31.989 47.268 24.151 16.557 18.073 50.612 49.805 38.303 37.318 21.402 11.137 26.783 32.847 51.660 46.587 55.892 33.096 47.729 31.096 9.740 47.105 25.024 39.307 44.697 0.000 18.227 45.863 5.199 49.507 27.449 43.430 46.403 29.918 27.145 31.758 5.379 26.131 38.398 36.933
23.329 42.285 46.109 45.205 20.969 46.410 27.259 19.282 43.119 40.425 23.548 43.486 26.101 43.645 43.490 42.253 39.257 43.219 43.560 41.691 18.031 40.290 42.486 42.067 47.765 22.324 25.783 41.332 18.996 22.613 16.552 44.516 43.983 32.193 31.302 16.953 20.587 24.201 27.369 45.667 40.553 49.942 27.382 41.516 27.623 19.126 41.214 19.431 33.357 38.559 18.227 0.000 40.350 17.436 43.424 23.731 39.103 40.804 26.457 21.014 25.589 18.493 23.889 32.398 30.711
32.027 19.619 34.811 36.618 33.639 34.092 28.990 47.631 32.105 17.616 36.163 18.730 30.212 21.855 22.964 30.525 26.174 21.533 17.575 31.455 40.791 29.043 32.152 33.411 35.958 32.938 28.853 17.687 39.638 50.407 40.160 34.818 17.492 23.005 22.551 36.630 47.576 34.081 25.027 37.517 19.296 40.849 25.009 29.362 29.857 47.324 16.956 38.185 20.443 21.546 45.863 40.350 0.000 45.451 21.347 31.790 21.727 4.816 30.579 34.688 31.938 45.512 35.003 21.584 26.658
27.043 47.681 51.273 50.225 26.316 51.621 31.080 13.885 48.349 45.782 25.641 48.843 29.787 47.987 47.700 47.538 44.655 48.641 48.871 46.924 21.616 45.608 47.699 47.200 52.918 27.649 31.214 46.686 23.048 17.177 18.119 49.630 49.277 37.617 36.689 20.860 16.119 26.976 32.425 50.639 45.952 54.856 32.593 46.837 31.158 8.620 46.544 23.966 38.714 43.991 5.199 17.436 45.451 0.000 48.842 27.426 43.351 45.961 29.973 26.210 30.836 9.960 26.377 37.778 36.126
37.888 7.945 26.186 28.443 35.069 25.315 35.845 50.412 24.026 18.693 42.416 13.584 36.824 30.885 32.097 22.597 19.590 1.659 16.543 23.824 42.020 21.848 24.295 25.828 27.101 33.945 29.864 16.634 40.582 54.010 44.526 26.616 17.096 23.236 24.225 40.146 51.597 40.451 29.777 29.332 13.817 32.122 28.934 21.635 36.942 50.538 19.721 39.102 22.422 17.047 49.507 43.424 21.347 48.842 0.000 37.766 31.040 20.296 37.360 35.708 31.635 49.443 41.325 23.183 25.498
1.786 36.207 45.246 45.359 24.000 45.160 16.242 30.266 41.966 33.890 16.661 36.761 10.613 32.661 32.308 40.655 36.442 37.686 36.334 40.629 27.805 38.518 41.518 41.744 46.878 24.788 24.695 34.692 27.693 31.730 21.375 44.117 36.573 27.935 26.310 20.331 28.603 12.668 20.101 46.058 34.657 50.380 21.295 39.604 17.301 29.358 34.315 26.935 27.534 33.823 27.449 23.731 31.790 27.426 37.766 0.000 27.994 32.548 12.175 25.205 27.344 26.769 16.106 27.086 28.784
28.358 29.282 43.922 45.398 35.180 43.314 24.378 46.072 40.975 27.076 31.237 28.444 25.726 16.680 19.503 39.383 34.755 31.204 27.204 40.111 41.545 37.626 40.897 41.943 45.203 35.039 31.859 27.322 40.817 47.719 37.360 43.667 27.003 28.658 27.274 35.333 44.568 29.262 25.202 46.280 28.686 49.932 26.247 38.182 24.613 45.290 26.609 39.568 26.112 30.236 43.430 39.103 21.727 43.351 31.040 27.994 0.000 22.804 25.718 36.469 35.464 42.762 30.126 26.879 32.079
32.772 18.587 33.888 35.755 33.852 33.148 29.841 48.077 31.238 16.694 36.972 17.647 31.040 22.769 23.915 29.666 25.399 20.493 16.501 30.633 41.030 28.246 31.309 32.605 35.007 33.094 28.958 16.679 39.837 50.955 40.765 33.947 19.760 22.865 22.584 37.117 48.164 34.896 25.558 36.655 18.375 39.922 25.426 28.516 30.740 47.819 17.528 38.372 20.414 20.802 46.403 40.804 4.816 45.961 20.296 32.548 22.804 0.000 31.428 34.861 31.926 46.085 35.817 21.564 26.459
13.953 35.715 45.931 46.271 26.258 45.757 7.060 32.875 42.645 33.322 17.702 36.052 3.205 30.397 29.946 41.259 36.858 37.319 35.473 41.359 30.490 39.133 42.251 42.618 47.531 26.903 26.181 34.065 30.316 34.081 23.868 44.928 35.645 28.350 26.626 23.066 30.894 16.130 20.386 47.012 34.267 51.283 21.830 40.157 5.276 31.892 33.616 29.490 27.496 33.807 29.918 26.457 30.579 29.973 37.360 12.175 25.718 31.428 0.000 27.517 29.165 29.163 16.542 27.243 29.757
24.905 34.837 37.102 36.205 5.895 37.423 27.400 27.087 34.143 33.348 27.940 36.331 26.863 40.456 40.679 33.332 30.646 35.453 36.705 32.717 18.336 31.423 33.499 33.054 38.756 7.982 18.003 34.256 17.000 31.276 24.284 35.502 37.222 24.701 24.379 19.540 29.573 27.339 23.270 36.684 33.111 40.981 22.381 32.652 28.364 27.586 34.301 15.637 26.589 30.679 27.145 21.014 34.688 26.210 35.708 25.205 36.469 34.861 27.517 0.000 16.629 27.504 27.591 25.472 22.336
27.134 30.943 32.529 31.759 16.712 32.821 28.625 31.672 29.533 29.726 30.915 32.590 28.453 38.969 39.398 28.704 26.113 31.354 33.141 28.105 22.573 26.796 28.897 28.511 34.190 14.894 16.081 30.610 21.057 35.904 28.512 30.969 33.705 21.175 21.391 23.626 34.169 29.893 22.724 32.283 29.257 36.617 21.370 28.026 29.767 32.211 30.759 19.618 23.515 26.590 31.758 25.589 31.938 30.836 31.635 27.344 35.464 31.926 29.165 16.629 0.000 32.081 30.339 22.367 18.140
26.408 48.204 52.602 51.677 27.442 52.902 30.396 17.019 49.610 46.212 24.382 49.265 29.062 47.430 47.064 48.730 45.641 49.261 49.204 48.181 23.488 46.753 48.978 48.558 54.258 28.803 32.096 47.106 24.834 16.977 17.449 51.005 49.579 38.280 37.227 21.299 9.593 25.929 32.532 52.125 46.489 56.383 32.868 47.978 30.332 14.850 46.919 25.607 39.170 44.688 5.379 18.493 45.512 9.960 49.443 26.769 42.762 46.085 29.163 27.504 32.081 0.000 25.239 38.293 37.073
16.026 39.743 48.796 48.836 26.517 48.732 18.092 29.429 45.521 37.400 5.178 40.228 16.802 34.791 34.261 44.229 40.051 41.254 39.739 44.172 28.960 42.093 45.060 45.241 50.435 27.496 27.991 38.185 29.173 30.023 20.330 47.631 39.948 31.552 29.933 21.296 26.784 4.108 23.720 49.518 38.216 53.854 24.915 43.189 17.541 28.228 37.782 28.688 31.143 37.440 26.131 23.889 35.003 26.377 41.325 16.106 30.126 35.817 16.542 27.591 30.339 25.239 0.000 30.708 32.285
27.145 21.913 30.976 31.739 24.575 30.688 25.904 39.523 27.726 20.049 31.731 23.104 26.607 29.505 30.182 26.246 21.686 23.025 23.304 26.554 31.755 24.174 27.430 28.091 32.516 23.681 19.485 20.961 30.472 42.925 33.343 30.206 23.791 7.906 4.946 29.007 40.443 29.892 18.992 32.559 20.196 36.641 17.880 25.092 27.125 39.524 20.910 28.989 5.109 18.768 38.398 32.398 21.584 37.778 23.183 27.086 26.879 21.564 27.243 25.472 22.367 38.293 30.708 0.000 17.362
28.714 24.819 28.556 28.578 21.884 28.574 28.724 37.334 25.306 23.730 33.131 26.512 29.049 34.862 35.518 24.122 20.573 25.221 27.148 23.927 28.582 22.014 24.808 24.961 30.211 20.639 16.999 24.591 27.113 41.288 32.765 27.347 27.736 16.407 16.806 27.961 39.219 31.614 21.590 29.289 23.150 33.599 20.038 23.191 29.973 37.672 24.803 25.642 18.383 20.452 36.933 30.711 26.658 36.126 25.498 28.784 32.079 26.459 29.757 22.336 18.140 37.073 32.285 17.362 0.000
0.0000 8.1145 11.0677 11.0937 3.9045 11.0436 1.3463 5.9583 9.9752 7.3462 1.5288 8.3090 0.9287 7.0074 6.8931 9.5425 8.1489 8.6009 8.1736 9.5274 5.1414 8.8303 9.8235 9.8915 11.6131 4.1759 4.1833 7.6159 5.1089 6.4577 3.0014 10.6852 8.2561 5.3177 4.7825 2.6448 5.4185 0.9670 2.7254 11.3246 7.5936 12.7672 3.1077 9.1949 1.4315 5.6590 7.4939 4.8615 5.2067 7.2982 5.0256 3.7764 6.6757 5.0145 8.6294 0.1339 5.4527 6.9240 1.0465 4.3018 5.0448 4.8026 1.2019 5.0482 5.5713
8.1145 0.0000 5.1840 5.8857 7.3740 4.9127 7.3958 12.4506 4.3904 0.8147 9.6153 0.6726 7.7313 5.7561 6.1522 3.8896 2.6967 0.6406 1.1109 4.2694 9.7237 3.5478 4.4547 4.9405 5.5211 7.0183 5.6353 0.6544 9.2570 13.6113 10.4013 5.2760 1.3225 3.3976 3.6645 8.9736 12.7838 8.9537 5.4294 6.1847 0.5794 7.1821 5.1766 3.5387 7.7559 12.4700 0.8915 8.7610 3.0185 1.5119 12.1035 10.0951 2.5397 11.8936 0.5959 8.0691 5.7606 2.1956 7.9051 7.6124 6.3142 12.0679 9.2477 3.3045 4.2731
11.0677 5.1840 0.0000 0.9767 8.4055 0.3740 10.9054 13.2568 1.0955 5.7335 12.5565 5.7462 11.0838 10.8848 11.2580 1.5779 3.1342 4.6237 6.2402 1.5430 10.0934 2.2721 1.2500 1.3689 0.5567 7.9494 7.0973 5.7578 9.5671 14.7472 12.2944 0.6344 6.4275 5.8772 6.4642 10.6621 14.2249 12.0307 8.5160 1.2055 5.1727 2.0130 8.0381 1.9707 11.3199 13.5076 5.9997 9.1654 6.3657 4.5671 13.4126 11.3696 7.6035 13.0910 4.7288 11.0819 10.6406 7.2959 11.3104 8.3674 6.8430 13.5340 12.2653 6.3253 5.5186
11.0937 5.8857 0.9767 0.0000 8.1562 1.3494 11.0498 12.8359 1.5061 6.3565 12.5486 6.4862 11.1911 11.4889 11.8446 2.0309 3.5477 5.3686 6.9733 1.7656 9.6634 2.5942 1.5011 1.2225 1.2271 7.7033 7.0022 6.4175 9.1421 14.3621 12.0872 0.6099 7.1703 6.0777 6.6671 10.4550 13.9013 12.0607 8.6502 0.3002 5.7993 1.6738 8.1513 2.4217 11.4669 13.1230 6.6530 8.7706 6.6746 5.0716 13.0778 11.0684 8.2060 12.7415 5.4811 11.1196 11.1327 7.9185 11.4238 8.0684 6.5862 13.2255 12.2785 6.5798 5.5260
3.9045 7.3740 8.4055 8.1562 0.0000 8.4935 4.7015 5.1515 7.3939 6.8460 4.9750 7.8501 4.5321 9.0674 9.1354 7.0961 6.1179 7.6094 7.9536 6.9175 2.3971 6.4403 7.1868 7.0716 8.9601 0.4561 1.7388 7.1497 2.0009 6.4836 3.9394 7.8914 8.1204 3.9790 3.8231 2.3181 5.8510 4.7402 3.3294 8.3289 6.7959 9.7713 3.0513 6.8492 5.0281 5.2688 7.1531 1.5244 4.5564 6.0244 5.0614 2.9896 7.2129 4.7721 7.6897 4.0001 7.7267 7.2841 4.7528 0.4421 1.5705 5.1472 4.8390 4.1916 3.2946
11.0436 4.9127 0.3740 1.3494 8.4935 0.0000 10.8362 13.4001 1.1026 5.4922 12.5427 5.4572 11.0285 10.6388 11.0182 1.5023 3.0088 4.3369 5.9524 1.5780 10.2451 2.2142 1.3080 1.5602 0.6306 8.0378 7.1323 5.5015 9.7181 14.8751 12.3574 0.9429 6.1354 5.8053 6.3876 10.7280 14.3297 12.0033 8.4571 1.5785 4.9326 2.2704 7.9890 1.8687 11.2489 13.6367 5.7450 9.3060 6.2479 4.3825 13.5227 11.4699 7.3641 13.2072 4.4383 11.0534 10.4380 7.0494 11.2524 8.4743 6.9403 13.6339 12.2439 6.2293 5.5247
1.3463 7.3958 10.9054 11.0498 4.7015 10.8362 0.0000 7.3033 9.8115 6.5951 2.4189 7.4974 0.4528 5.6846 5.5562 9.3404 7.8547 7.9372 7.2993 9.3903 6.2937 8.6350 9.6871 9.8291 11.4338 4.8715 4.4868 6.8396 6.1920 7.7816 4.3411 10.5885 7.3550 5.0312 4.4492 3.8993 6.7304 1.7237 2.3998 11.3021 6.9200 12.7162 2.9028 8.9676 0.4172 7.0043 6.6867 5.8818 4.6985 6.7961 6.3652 5.0862 5.6634 6.3601 7.9484 1.2182 4.1258 5.9469 0.5295 5.1335 5.5418 6.1319 2.0308 4.6347 5.5748
5.9583 12.4506 13.2568 12.8359 5.1515 13.4001 7.3033 0.0000 12.3255 11.8568 5.5756 12.8756 6.8820 12.8916 12.8142 12.0947 11.2440 12.7296 12.9182 11.8554 3.1725 11.4802 12.1004 11.8893 13.7963 5.5686 6.8608 12.1603 3.6950 1.6078 3.0382 12.6854 13.0642 9.0621 8.8056 3.6839 1.7795 5.9984 7.5493 12.9522 11.8714 14.3256 7.5506 11.8897 7.3541 0.6017 12.1305 4.0942 9.5059 11.1559 1.2718 2.4273 11.8768 1.0413 12.8040 6.0886 11.3574 12.0257 6.9585 5.0291 6.5574 1.6730 5.8098 9.1744 8.4448
9.9752 4.3904 1.0955 1.5061 7.3939 1.1026 9.8115 12.3255 0.0000 4.8504 11.4670 5.0027 9.9884 9.9856 10.3440 0.5312 2.0889 3.8927 5.4856 0.4764 9.1793 1.1842 0.2438 0.7468 1.6380 6.9384 6.0328 4.9130 8.6521 13.7899 11.2547 0.9047 5.6861 4.7852 5.3732 9.6254 13.2339 10.9376 7.4210 1.8063 4.2932 3.0052 6.9426 0.9311 10.2263 12.5525 5.1478 8.2320 5.2956 3.5836 12.4291 10.3731 6.7018 12.1162 4.0085 9.9885 9.6584 6.4126 10.2152 7.3809 5.8442 12.5365 11.1736 5.2421 4.4355
7.3462 0.8147 5.7335 6.3565 6.8460 5.4922 6.5951 11.8568 4.8504 0.0000 8.8375 1.0205 6.9376 5.1514 5.5263 4.3282 2.9446 1.4250 1.1398 4.6605 9.2253 3.8777 4.8795 5.3227 6.1145 6.5177 5.1180 0.3043 8.7771 12.9700 9.7089 5.7527 1.3361 2.8856 3.0528 8.3221 12.1167 8.1704 4.6870 6.6566 0.5609 7.7457 4.4692 3.9483 6.9510 11.8493 0.3786 8.2803 2.3563 1.4676 11.4561 9.4750 1.8719 11.2606 1.4020 7.2965 5.0254 1.5646 7.1074 7.1161 5.9088 11.4040 8.4667 2.6829 3.9100
1.5288 9.6153 12.5565 12.5486 4.9750 12.5427 2.4189 5.5756 11.4670 8.8375 0.0000 9.7847 1.9887 7.9646 7.7811 11.0436 9.6678 10.1134 9.6262 11.0140 5.6223 10.3319 11.3091 11.3564 13.1049 5.3232 5.5740 9.1009 5.7289 5.6975 2.5669 12.1576 9.6974 6.8421 6.3105 3.0928 4.6142 0.6964 4.2520 12.7716 9.1026 14.2198 4.6350 10.7016 2.2266 5.1510 8.9692 5.5998 6.7314 8.8258 4.4411 3.8492 8.0543 4.5468 10.1388 1.5537 6.4123 8.3242 1.9006 5.3135 6.3051 4.1274 0.3884 6.5769 7.0436
8.3090 0.6726 5.7462 6.4862 7.8501 5.4572 7.4974 12.8756 5.0027 1.0205 9.7847 0.0000 7.8581 5.3184 5.7314 4.5134 3.3666 1.1228 0.4958 4.9065 10.2217 4.2033 5.0801 5.5774 6.0517 7.5129 6.1170 0.7199 9.7668 13.9900 10.7203 5.8765 0.6842 3.8769 4.0704 9.3417 13.1336 9.1096 5.6796 6.7836 1.1335 7.7262 5.4798 4.1746 7.8377 12.8698 0.8156 9.2700 3.3769 2.1480 12.4757 10.4954 2.2435 12.2811 1.0188 8.2538 5.4813 1.8825 8.0172 8.1104 6.8633 12.4217 9.4094 3.7012 4.8372
0.9287 7.7313 11.0838 11.1911 4.5321 11.0285 0.4528 6.8820 9.9884 6.9376 1.9887 7.8581 0.0000 6.1345 6.0012 9.5283 8.0673 8.2586 7.6759 9.5579 5.9909 8.8192 9.8552 9.9741 11.6183 4.7397 4.4867 7.1895 5.9190 7.3349 3.9032 10.7458 7.7384 5.2288 4.6569 3.5431 6.2812 1.2925 2.5718 11.4370 7.2418 12.8620 3.0473 9.1625 0.5275 6.5718 7.0445 5.6337 4.9625 7.0681 5.9261 4.7002 6.0708 5.9289 8.2746 0.7960 4.5752 6.3465 0.2404 4.9543 5.4843 5.6874 1.6006 4.8691 5.6832
7.0074 5.7561 10.8848 11.4889 9.0674 10.6388 5.6846 12.8916 9.9856 5.1514 7.9646 5.3184 6.1345 0.0000 0.4459 9.4581 7.9876 6.3751 4.8427 9.7602 11.2684 8.9487 9.9973 10.4063 11.2574 8.9753 7.8118 5.1412 10.9958 13.4634 10.0062 10.8902 4.7147 6.4121 6.0426 9.2845 12.4149 7.3106 5.7481 11.7883 5.7123 12.8966 6.0295 9.0687 5.7624 12.6422 4.8966 10.5611 5.5162 6.4417 12.0284 10.5483 3.2849 11.9956 6.2951 6.8870 1.5598 3.5896 6.1322 9.4853 8.9897 11.8098 7.5969 5.8349 7.6206
6.8931 6.1522 11.2580 11.8446 9.1354 11.0182 5.5562 12.8142 10.3440 5.5263 7.7811 5.7314 6.0012 0.4459 0.0000 9.8151 8.3285 6.7761 5.2601 10.1073 11.2928 9.2912 10.3493 10.7481 11.6392 9.0651 7.9432 5.5293 11.0385 13.3359 9.8943 11.2488 5.1375 6.6450 6.2480 9.2403 12.2788 7.1410 5.8065 12.1435 6.0865 13.2708 6.1197 9.4230 5.6033 12.5460 5.2841 10.6139 5.7565 6.7842 11.9186 10.4965 3.6547 11.9000 6.6989 6.7693 1.4627 3.9716 5.9821 9.5597 9.1327 11.6879 7.4204 6.0605 7.8392
9.5425 3.8896 1.5779 2.0309 7.0961 1.5023 9.3404 12.0947 0.5312 4.3282 11.0436 4.5134 9.5283 9.4581 9.8151 0.0000 1.5657 3.4138 4.9913 0.4599 8.9705 0.7122 0.5668 1.0896 2.0938 6.6431 5.6689 4.3981 8.4443 13.5338 10.9155 1.4345 5.1948 4.3093 4.8941 9.2922 12.9464 10.5015 6.9574 2.3306 3.7727 3.5298 6.4874 0.4016 9.7539 12.3001 4.6309 8.0094 4.7886 3.0524 12.1500 10.0842 6.1751 11.8461 3.5322 9.5516 9.1277 5.8886 9.7528 7.1106 5.5679 12.2433 10.7430 4.7485 4.0406
8.1489 2.6967 3.1342 3.5477 6.1179 3.0088 7.8547 11.2440 2.0889 2.9446 9.6678 3.3666 8.0673 7.9876 8.3285 1.5657 0.0000 2.4062 3.7963 1.7871 8.2221 0.9633 2.0477 2.4197 3.6269 5.6836 4.5225 3.0768 7.7085 12.6007 9.7666 2.9751 4.0120 2.8425 3.4107 8.1747 11.9285 9.0959 5.4987 3.8419 2.4220 5.0939 5.0538 1.1658 8.2645 11.3860 3.2875 7.2384 3.2393 1.5460 11.1612 9.0857 4.7247 10.8849 2.5299 8.1474 7.5851 4.4663 8.2861 6.2154 4.7043 11.2138 9.3504 3.2286 2.8575
8.6009 0.6406 4.6237 5.3686 7.6094 4.3369 7.9372 12.7296 3.8927 1.4250 10.1134 1.1228 8.2586 6.3751 6.7761 3.4138 2.4062 0.0000 1.6165 3.8210 9.9199 3.1591 3.9802 4.4893 4.9353 7.2314 5.8762 1.2945 9.4385 13.9369 10.7887 4.7593 1.8055 3.6753 4.0185 9.3206 13.1386 9.4613 5.8919 5.6653 1.0173 6.6069 5.6018 3.0907 8.3059 12.7762 1.5319 8.9456 3.4309 1.5925 12.4382 10.4063 3.1778 12.2137 0.1244 8.5619 6.4012 2.8309 8.4396 7.8177 6.4512 12.4203 9.7512 3.6751 4.4069
8.1736 1.1109 6.2402 6.9733 7.9536 5.9524 7.2993 12.9182 5.4856 1.1398 9.6262 0.4958 7.6759 4.8427 5.2601 4.9913 3.7963 1.6165 0.0000 5.3773 10.3405 4.6584 5.5575 6.0485 6.5474 7.6362 6.2343 0.8563 9.8987 13.9891 10.6744 6.3634 0.2175 4.0135 4.1386 9.3409 13.1089 8.9433 5.6018 7.2712 1.4482 8.2217 5.4454 4.6459 7.6246 12.8893 0.8013 9.4023 3.4184 2.4822 12.4715 10.5199 1.8582 12.2905 1.5143 8.1115 5.0682 1.5003 7.8242 8.2349 7.0469 12.4015 9.2463 3.7678 5.0493
9.5274 4.2694 1.5430 1.7656 6.9175 1.5780 9.3903 11.8554 0.4764 4.6605 11.0140 4.9065 9.5579 9.7602 10.1073 0.4599 1.7871 3.8210 5.3773 0.0000 8.7127 0.8287 0.2972 0.6711 2.0951 6.4621 5.5629 4.7503 8.1856 13.3164 10.7801 1.2187 5.5842 4.3750 4.9647 9.1503 12.7579 10.4911 6.9950 2.0571 4.1124 3.3634 6.5107 0.7319 9.8059 12.0794 4.9777 7.7626 4.9263 3.3239 11.9535 9.8970 6.4851 11.6413 3.9414 9.5429 9.3702 6.2110 9.7863 6.9056 5.3683 12.0603 10.7241 4.8514 3.9757
5.1414 9.7237 10.0934 9.6634 2.3971 10.2451 6.2937 3.1725 9.1793 9.2253 5.6223 10.2217 5.9909 11.2684 11.2928 8.9705 8.2221 9.9199 10.3405 8.7127 0.0000 8.3789 8.9509 8.7249 10.6302 2.7088 4.1074 9.5281 0.5272 4.7186 3.5174 9.5172 10.5103 6.3448 6.2176 2.5592 4.4129 5.6855 5.5399 9.7808 9.1487 11.1600 5.3515 8.7861 6.5184 3.4891 9.5393 0.9851 6.9521 8.3276 3.5803 2.0103 9.5971 3.2053 10.0068 5.2684 9.8483 9.6767 6.1633 2.1119 3.5243 3.8294 5.6532 6.5851 5.5273
8.8303 3.5478 2.2721 2.5942 6.4403 2.2142 8.6350 11.4802 1.1842 3.8777 10.3319 4.2033 8.8192 8.9487 9.2912 0.7122 0.9633 3.1591 4.6584 0.8287 8.3789 0.0000 1.1030 1.4575 2.7995 5.9900 4.9769 3.9874 7.8548 12.8992 10.2310 2.0365 4.8701 3.6054 4.1921 8.6120 12.2907 9.7894 6.2490 2.8858 3.3395 4.1743 5.7769 0.4100 9.0491 11.6691 4.2077 7.4086 4.1154 2.5074 11.5004 9.4299 5.6809 11.2028 3.2828 8.8394 8.5421 5.4155 9.0444 6.4742 4.9321 11.5843 10.0310 4.0579 3.3381
9.8235 4.4547 1.2500 1.5011 7.1868 1.3080 9.6871 12.1004 0.2438 4.8795 11.3091 5.0801 9.8552 9.9973 10.3493 0.5668 2.0477 3.9802 5.5575 0.2972 8.9509 1.1030 0.0000 0.5507 1.8041 6.7309 5.8499 4.9566 8.4237 13.5699 11.0591 0.9335 5.7613 4.6703 5.2599 9.4282 13.0217 10.7875 7.2921 1.7974 4.3265 3.0747 6.8080 0.9313 10.1027 12.3319 5.1877 8.0064 5.2133 3.5715 12.2149 10.1620 6.7174 11.8998 4.0984 9.8394 9.6324 6.4365 10.0835 7.1664 5.6324 12.3261 11.0200 5.1434 4.2693
9.8915 4.9405 1.3689 1.2225 7.0716 1.5602 9.8291 11.8893 0.7468 5.3227 11.3564 5.5774 9.9741 10.4063 10.7481 1.0896 2.4197 4.4893 6.0485 0.6711 8.7249 1.4575 0.5507 0.0000 1.9081 6.6158 5.8336 5.4177 8.1987 13.3839 10.9809 0.8209 6.2553 4.8566 5.4457 9.3472 12.8734 10.8582 7.4293 1.4894 4.7772 2.8881 6.9320 1.4028 10.2461 12.1441 5.6437 7.7991 5.4686 3.9649 12.0581 10.0224 7.1372 11.7333 4.6093 9.9147 9.9811 6.8683 10.2061 7.0180 5.5037 12.1861 11.0803 5.3637 4.3204
11.6131 5.5211 0.5567 1.2271 8.9601 0.6306 11.4338 13.7963 1.6380 6.1145 13.1049 6.0517 11.6183 11.2574 11.6392 2.0938 3.6269 4.9353 6.5474 2.0951 10.6302 2.7995 1.8041 1.9081 0.0000 8.5040 7.6531 6.1175 10.1044 15.2920 12.8510 1.1205 6.7263 6.4030 6.9880 11.2185 14.7759 12.5752 9.0485 1.3504 5.5557 1.6829 8.5745 2.4749 11.8475 14.0522 6.3616 9.7069 6.8658 5.0129 13.9625 11.9218 7.9861 13.6394 5.0335 11.6260 11.0677 7.6689 11.8438 8.9188 7.3966 14.0861 12.8116 6.8387 6.0702
4.1759 7.0183 7.9494 7.7033 0.4561 8.0378 4.8715 5.5686 6.9384 6.5177 5.3232 7.5129 4.7397 8.9753 9.0651 6.6431 5.6836 7.2314 7.6362 6.4621 2.7088 5.9900 6.7309 6.6158 8.5040 0.0000 1.4023 6.8202 2.2645 6.9233 4.3878 7.4357 7.8087 3.6361 3.5303 2.7613 6.3033 5.0475 3.2851 7.8778 6.4422 9.3216 2.9469 6.3992 5.2188 5.7035 6.8349 1.7694 4.2669 5.6417 5.5104 3.4412 6.9794 5.2165 7.3150 4.2626 7.6797 7.0313 4.9677 0.5987 1.1171 5.6009 5.1654 3.8936 2.8795
4.1833 5.6353 7.0973 7.0022 1.7388 7.1323 4.4868 6.8608 6.0328 5.1180 5.5740 6.1170 4.4867 7.8118 7.9432 5.6689 4.5225 5.8762 6.2343 5.5629 4.1074 4.9769 5.8499 5.8336 7.6531 1.4023 0.0000 5.4210 3.6666 8.1294 5.2597 6.6480 6.4064 2.2419 2.1349 3.6542 7.4155 5.1405 2.3863 7.2144 5.0573 8.6664 1.9209 5.3761 4.8845 6.9381 5.4330 3.1709 2.8709 4.2962 6.6629 4.5943 5.6177 6.4048 5.9547 4.2317 6.6198 5.6527 4.7270 2.0009 1.2060 6.6987 5.3303 2.4949 1.6662
7.6159 0.6544 5.7578 6.4175 7.1497 5.5015 6.8396 12.1603 4.9130 0.3043 9.1009 0.7199 7.1895 5.1412 5.5293 4.3981 3.0768 1.2945 0.8563 4.7503 9.5281 3.9874 4.9566 5.4177 6.1175 6.8202 5.4210 0.0000 9.0788 13.2703 10.0024 5.8102 1.0619 3.1869 3.3569 8.6219 12.4140 8.4303 4.9699 6.7175 0.6560 7.7654 4.7619 4.0283 7.1895 12.1514 0.2452 8.5820 2.6583 1.6637 11.7559 9.7773 1.8958 11.5618 1.2476 7.5639 5.1075 1.5598 7.3551 7.4185 6.2032 11.7018 8.7282 2.9869 4.1969
5.1089 9.2570 9.5671 9.1421 2.0009 9.7181 6.1920 3.6950 8.6521 8.7771 5.7289 9.7668 5.9190 10.9958 11.0385 8.4443 7.7085 9.4385 9.8987 8.1856 0.5272 7.8548 8.4237 8.1987 10.1044 2.2645 3.6666 9.0788 0.0000 5.2301 3.7940 8.9919 10.0724 5.8922 5.7929 2.6361 4.8852 5.7282 5.2495 9.2620 8.6842 10.6458 5.0225 8.2617 6.4447 3.9962 9.0975 0.4968 6.5292 7.8462 4.0502 2.3320 9.2126 3.6828 9.5274 5.2310 9.6056 9.2790 6.1052 1.6667 3.0189 4.2779 5.7243 6.1573 5.0376
6.4577 13.6113 14.7472 14.3621 6.4836 14.8751 7.7816 1.6078 13.7899 12.9700 5.6975 13.9900 7.3349 13.4634 13.3359 13.5338 12.6007 13.9369 13.9891 13.3164 4.7186 12.8992 13.5699 13.3839 15.2920 6.9233 8.1294 13.2703 5.2301 0.0000 3.4750 14.1882 14.1201 10.2631 9.9468 4.6493 1.0847 6.2536 8.4657 14.4883 13.0358 15.8759 8.5507 13.3091 7.7469 1.2400 13.2181 5.5924 10.6152 12.3891 1.5188 3.5377 12.8024 1.7258 14.0032 6.5767 11.9063 12.9849 7.3603 6.4253 7.9681 1.6590 6.0077 10.3084 9.7626
3.0014 10.4013 12.2944 12.0872 3.9394 12.3574 4.3411 3.0382 11.2547 9.7089 2.5669 10.7203 3.9032 10.0062 9.8943 10.9155 9.7666 10.7887 10.6744 10.7801 3.5174 10.2310 11.0591 10.9809 12.8510 4.3878 5.2597 10.0024 3.7940 3.4750 0.0000 11.8018 10.7906 7.1713 6.7714 1.6337 2.4770 2.9602 5.0843 12.2650 9.8374 13.7094 5.2406 10.6327 4.3502 2.6757 9.9266 3.8553 7.3829 9.3048 2.0244 1.5174 9.3868 2.0398 10.8420 3.1252 8.4533 9.5883 3.9560 4.0947 5.5040 1.8162 2.7767 7.1143 6.9216
10.6852 5.2760 0.6344 0.6099 7.8914 0.9429 10.5885 12.6854 0.9047 5.7527 12.1576 5.8765 10.7458 10.8902 11.2488 1.4345 2.9751 4.7593 6.3634 1.2187 9.5172 2.0365 0.9335 0.8209 1.1205 7.4357 6.6480 5.8102 8.9919 14.1882 11.8018 0.0000 6.5606 5.5853 6.1754 10.1681 13.6873 11.6512 8.1902 0.9087 5.1947 2.1451 7.6995 1.8310 11.0049 12.9482 6.0463 8.5993 6.1447 4.4848 12.8705 10.8385 7.6061 12.5435 4.8721 10.7057 10.5557 7.3157 10.9760 7.8339 6.3229 13.0017 11.8771 6.0686 5.1155
8.2561 1.3225 6.4275 7.1703 8.1204 6.1354 7.3550 13.0642 5.6861 1.3361 9.6974 0.6842 7.7384 4.7147 5.1375 5.1948 4.0120 1.8055 0.2175 5.5842 10.5103 4.8701 5.7613 6.2553 6.7263 7.8087 6.4064 1.0619 10.0724 14.1201 10.7906 6.5606 0.0000 4.1940 4.3005 9.4740 13.2318 9.0117 5.7112 7.4678 1.6644 8.4032 5.5712 4.8525 7.6727 13.0276 0.9820 9.5763 3.5749 2.6980 12.6018 10.6609 1.8306 12.4256 1.6987 8.1911 5.0010 1.4820 7.8816 8.4073 7.2350 12.5263 9.3159 3.9304 5.2452
5.3177 3.3976 5.8772 6.0777 3.9790 5.8053 5.0312 9.0621 4.7852 2.8856 6.8421 3.8769 5.2288 6.4121 6.6450 4.3093 2.8425 3.6753 4.0135 4.3750 6.3448 3.6054 4.6703 4.8566 6.4030 3.6361 2.2419 3.1869 5.8922 10.2631 7.1713 5.5853 4.1940 0.0000 0.5902 5.6615 9.4792 6.2584 2.6578 6.3446 2.8186 7.7265 2.2139 3.9371 5.4446 9.1010 3.2138 5.3954 0.9005 2.1376 8.7677 6.7311 3.6685 8.5391 3.7452 5.3116 5.5527 3.6215 5.4500 4.2337 3.0582 8.7599 6.5173 0.5929 1.2306
4.7825 3.6645 6.4642 6.6671 3.8231 6.3876 4.4492 8.8056 5.3732 3.0528 6.3105 4.0704 4.6569 6.0426 6.2480 4.8941 3.4107 4.0185 4.1386 4.9647 6.2176 4.1921 5.2599 5.4457 6.9880 3.5303 2.1349 3.3569 5.7929 9.9468 6.7714 6.1754 4.3005 0.5902 0.0000 5.3116 9.1263 5.7127 2.0916 6.9333 3.0896 8.3166 1.6761 4.5189 4.8614 8.8094 3.3410 5.2991 0.7366 2.5596 8.4394 6.4340 3.5170 8.2297 4.0750 4.7699 5.0913 3.5281 4.8755 4.1265 3.1302 8.4090 5.9777 0.3709 1.6021
2.6448 8.9736 10.6621 10.4550 2.3181 10.7280 3.8993 3.6839 9.6254 8.3221 3.0928 9.3417 3.5431 9.2845 9.2403 9.2922 8.1747 9.3206 9.3409 9.1503 2.5592 8.6120 9.4282 9.3472 11.2185 2.7613 3.6542 8.6219 2.6361 4.6493 1.6337 10.1681 9.4740 5.6615 5.3116 0.0000 3.8185 3.1265 3.8718 10.6347 8.4005 12.0806 3.9111 9.0155 4.0645 3.5674 8.5688 2.5304 5.9689 7.7985 3.1340 1.2715 8.2100 2.9535 9.3819 2.7768 7.7776 8.3724 3.6886 2.5133 3.8752 3.0998 3.0985 5.6691 5.3203
5.4185 12.7838 14.2249 13.9013 5.8510 14.3297 6.7304 1.7795 13.2339 12.1167 4.6142 13.1336 6.2812 12.4149 12.2788 12.9464 11.9285 13.1386 13.1089 12.7579 4.4129 12.2907 13.0217 12.8734 14.7759 6.3033 7.4155 12.4140 4.8852 1.0847 2.4770 13.6873 13.2318 9.4792 9.1263 3.8185 0.0000 5.1779 7.5408 14.0461 12.2128 15.4593 7.6637 12.6993 6.6820 1.1833 12.3496 5.1747 9.7712 11.6154 0.8352 2.8622 11.8587 1.2089 13.1991 5.5342 10.8561 12.0547 6.2982 5.8576 7.3897 0.7194 4.9280 9.4809 9.0730
0.9670 8.9537 12.0307 12.0607 4.7402 12.0033 1.7237 5.9984 10.9376 8.1704 0.6964 9.1096 1.2925 7.3106 7.1410 10.5015 9.0959 9.4613 8.9433 10.4911 5.6855 9.7894 10.7875 10.8582 12.5752 5.0475 5.1405 8.4303 5.7282 6.2536 2.9602 11.6512 9.0117 6.2584 5.7127 3.1265 5.1779 0.0000 3.6333 12.2916 8.4479 13.7343 4.0446 10.1513 1.5522 5.6167 8.2943 5.5412 6.1011 8.2030 4.9278 4.0671 7.3602 4.9919 9.4838 0.9501 5.7540 7.6321 1.2098 5.1131 5.9644 4.6430 0.3081 5.9641 6.5379
2.7254 5.4294 8.5160 8.6502 3.3294 8.4571 2.3998 7.5493 7.4210 4.6870 4.2520 5.6796 2.5718 5.7481 5.8065 6.9574 5.4987 5.8919 5.6018 6.9950 5.5399 6.2490 7.2921 7.4293 9.0485 3.2851 2.3863 4.9699 5.2495 8.4657 5.0843 8.1902 5.7112 2.6578 2.0916 3.8718 7.5408 3.6333 0.0000 8.9030 4.8930 10.3165 0.5216 6.5907 2.8167 7.4332 4.8731 4.8131 2.4820 4.5741 6.9490 5.1229 4.3423 6.8082 5.9258 2.7004 4.4006 4.5193 2.7955 3.7565 3.5746 6.8441 3.9066 2.3308 3.1966
11.3246 6.1847 1.2055 0.3002 8.3289 1.5785 11.3021 12.9522 1.8063 6.6566 12.7716 6.7836 11.4370 11.7883 12.1435 2.3306 3.8419 5.6653 7.2712 2.0571 9.7808 2.8858 1.7974 1.4894 1.3504 7.8778 7.2144 6.7175 9.2620 14.4883 12.2650 0.9087 7.4678 6.3446 6.9333 10.6347 14.0461 12.2916 8.9030 0.0000 6.0995 1.4530 8.4013 2.7205 11.7193 13.2504 6.9531 8.9006 6.9542 5.3688 13.2200 11.2223 8.5056 12.8798 5.7774 11.3527 11.4267 8.2185 11.6705 8.2279 6.7611 13.3751 12.5060 6.8530 5.7632
7.5936 0.5794 5.1727 5.7993 6.7959 4.9326 6.9200 11.8714 4.2932 0.5609 9.1026 1.1335 7.2418 5.7123 6.0865 3.7727 2.4220 1.0173 1.4482 4.1124 9.1487 3.3395 4.3265 4.7772 5.5557 6.4422 5.0573 0.6560 8.6842 13.0358 9.8374 5.1947 1.6644 2.8186 3.0896 8.4005 12.2128 8.4479 4.8930 6.0995 0.0000 7.1850 4.6227 3.3958 7.2893 11.8924 0.8683 8.1879 2.4565 1.0342 11.5290 9.5176 2.4319 11.3173 1.0362 7.5524 5.5619 2.1251 7.4223 7.0371 5.7522 11.4963 8.7388 2.7320 3.7166
12.7672 7.1821 2.0130 1.6738 9.7713 2.2704 12.7162 14.3256 3.0052 7.7457 14.2198 7.7262 12.8620 12.8966 13.2708 3.5298 5.0939 6.6069 8.2217 3.3634 11.1600 4.1743 3.0747 2.8881 1.6829 9.3216 8.6664 7.7654 10.6458 15.8759 13.7094 2.1451 8.4032 7.7265 8.3166 12.0806 15.4593 13.7343 10.3165 1.4530 7.1850 0.0000 9.8200 3.9312 13.1330 14.6407 8.0081 10.2994 8.2879 6.5661 14.6305 12.6473 9.6162 14.2855 6.7074 12.7933 12.6441 9.3073 13.0942 9.6602 8.2057 14.7944 13.9513 8.2136 7.1998
3.1077 5.1766 8.0381 8.1513 3.0513 7.9890 2.9028 7.5506 6.9426 4.4692 4.6350 5.4798 3.0473 6.0295 6.1197 6.4874 5.0538 5.6018 5.4454 6.5107 5.3515 5.7769 6.8080 6.9320 8.5745 2.9469 1.9209 4.7619 5.0225 8.5507 5.2406 7.6995 5.5712 2.2139 1.6761 3.9111 7.6637 4.0446 0.5216 8.4013 4.6227 9.8200 0.0000 6.1268 3.3199 7.4758 4.6881 4.5656 2.1710 4.2159 7.0320 5.1272 4.3364 6.8645 5.6447 3.0984 4.7490 4.4752 3.2766 3.4602 3.1232 6.9561 4.3052 1.9601 2.6793
9.1949 3.5387 1.9707 2.4217 6.8492 1.8687 8.9676 11.8897 0.9311 3.9483 10.7016 4.1746 9.1625 9.0687 9.4230 0.4016 1.1658 3.0907 4.6459 0.7319 8.7861 0.4100 0.9313 1.4028 2.4749 6.3992 5.3761 4.0283 8.2617 13.3091 10.6327 1.8310 4.8525 3.9371 4.5189 9.0155 12.6993 10.1513 6.5907 2.7205 3.3958 3.9312 6.1268 0.0000 9.3802 12.0791 4.2582 7.8167 4.3956 2.6539 11.9096 9.8388 5.7875 11.6125 3.2115 9.2012 8.7274 5.5053 9.3856 6.8841 5.3421 11.9925 10.3964 4.3638 3.7303
1.4315 7.7559 11.3199 11.4669 5.0281 11.2489 0.4172 7.3541 10.2263 6.9510 2.2266 7.8377 0.5275 5.7624 5.6033 9.7539 8.2645 8.3059 7.6246 9.8059 6.5184 9.0491 10.1027 10.2461 11.8475 5.2188 4.8845 7.1895 6.4447 7.7469 4.3502 11.0049 7.6727 5.4446 4.8614 4.0645 6.6820 1.5522 2.8167 11.7193 7.2893 13.1330 3.3199 9.3802 0.0000 7.0253 7.0303 6.1552 5.0970 7.1898 6.3655 5.2076 5.9524 6.3859 8.3141 1.2976 4.2043 6.2467 0.3957 5.4546 5.9222 6.1106 1.8469 5.0416 5.9911
5.6590 12.4700 13.5076 13.1230 5.2688 13.6367 7.0043 0.6017 12.5525 11.8493 5.1510 12.8698 6.5718 12.6422 12.5460 12.3001 11.3860 12.7762 12.8893 12.0794 3.4891 11.6691 12.3319 12.1441 14.0522 5.7035 6.9381 12.1514 3.9962 1.2400 2.6757 12.9482 13.0276 9.1010 8.8094 3.5674 1.1833 5.6167 7.4332 13.2504 11.8924 14.6407 7.4758 12.0791 7.0253 0.0000 12.1096 4.3528 9.4932 11.2167 0.7305 2.3754 11.7747 0.6465 12.8459 5.7861 11.0967 11.9397 6.6308 5.1952 6.7370 1.1138 5.4092 9.1748 8.5574
7.4939 0.8915 5.9997 6.6530 7.1531 5.7450 6.6867 12.1305 5.1478 0.3786 8.9692 0.8156 7.0445 4.8966 5.2841 4.6309 3.2875 1.5319 0.8013 4.9777 9.5393 4.2077 5.1877 5.6437 6.3616 6.8349 5.4330 0.2452 9.0975 13.2181 9.9266 6.0463 0.9820 3.2138 3.3410 8.5688 12.3496 8.2943 4.8731 6.9531 0.8683 8.0081 4.6881 4.2582 7.0303 12.1096 0.0000 8.6011 2.6256 1.8372 11.7018 9.7379 1.6519 11.5148 1.4791 7.4384 4.8695 1.3146 7.2053 7.4336 6.2530 11.6396 8.5940 2.9701 4.2675
4.8615 8.7610 9.1654 8.7706 1.5244 9.3060 5.8818 4.0942 8.2320 8.2803 5.5998 9.2700 5.6337 10.5611 10.6139 8.0094 7.2384 8.9456 9.4023 7.7626 0.9851 7.4086 8.0064 7.7991 9.7069 1.7694 3.1709 8.5820 0.4968 5.5924 3.8553 8.5993 9.5763 5.3954 5.2991 2.5304 5.1747 5.5412 4.8131 8.9006 8.1879 10.2994 4.5656 7.8167 6.1552 4.3528 8.6011 0.0000 6.0356 7.3532 4.3412 2.4770 8.7284 3.9885 9.0339 4.9785 9.1893 8.7907 5.8301 1.1728 2.5393 4.5358 5.5626 5.6630 4.5474
5.2067 3.0185 6.3657 6.6746 4.5564 6.2479 4.6985 9.5059 5.2956 2.3563 6.7314 3.3769 4.9625 5.5162 5.7565 4.7886 3.2393 3.4309 3.4184 4.9263 6.9521 4.1154 5.2133 5.4686 6.8658 4.2669 2.8709 2.6583 6.5292 10.6152 7.3829 6.1447 3.5749 0.9005 0.7366 5.9689 9.7712 6.1011 2.4820 6.9542 2.4565 8.2879 2.1710 4.3956 5.0970 9.4932 2.6256 6.0356 0.0000 2.1065 9.1025 7.1191 2.8143 8.9046 3.4741 5.1781 4.7040 2.8048 5.1653 4.8629 3.8385 9.0567 6.3808 0.3832 2.1278
7.2982 1.5119 4.5671 5.0716 6.0244 4.3825 6.7961 11.1559 3.5836 1.4676 8.8258 2.1480 7.0681 6.4417 6.7842 3.0524 1.5460 1.5925 2.4822 3.3239 8.3276 2.5074 3.5715 3.9649 5.0129 5.6417 4.2962 1.6637 7.8462 12.3891 9.3048 4.4848 2.6980 2.1376 2.5596 7.7985 11.6154 8.2030 4.5741 5.3688 1.0342 6.5661 4.2159 2.6539 7.1898 11.2167 1.8372 7.3532 2.1065 0.0000 10.8989 8.8531 3.1820 10.6638 1.6824 7.2744 6.0785 2.9341 7.2691 6.2265 4.8633 10.8961 8.4799 2.2560 2.8173
5.0256 12.1035 13.4126 13.0778 5.0614 13.5227 6.3652 1.2718 12.4291 11.4561 4.4411 12.4757 5.9261 12.0284 11.9186 12.1500 11.1612 12.4382 12.4715 11.9535 3.5803 11.5004 12.2149 12.0581 13.9625 5.5104 6.6629 11.7559 4.0502 1.5188 2.0244 12.8705 12.6018 8.7677 8.4394 3.1340 0.8352 4.9278 6.9490 13.2200 11.5290 14.6305 7.0320 11.9096 6.3655 0.7305 11.7018 4.3412 9.1025 10.8989 0.0000 2.0758 11.2877 0.3899 12.5025 5.1496 10.4766 11.4678 5.9728 5.0485 6.5861 0.4034 4.7104 8.7993 8.3109
3.7764 10.0951 11.3696 11.0684 2.9896 11.4699 5.0862 2.4273 10.3731 9.4750 3.8492 10.4954 4.7002 10.5483 10.4965 10.0842 9.0857 10.4063 10.5199 9.8970 2.0103 9.4299 10.1620 10.0224 11.9218 3.4412 4.5943 9.7773 2.3320 3.5377 1.5174 10.8385 10.6609 6.7311 6.4340 1.2715 2.8622 4.0671 5.1229 11.2223 9.5176 12.6473 5.1272 9.8388 5.2076 2.3754 9.7379 2.4770 7.1191 8.8531 2.0758 0.0000 9.4499 1.8119 10.4747 3.9103 9.0342 9.6012 4.8188 3.0047 4.5296 2.1645 3.9630 6.7994 6.2370
6.6757 2.5397 7.6035 8.2060 7.2129 7.3641 5.6634 11.8768 6.7018 1.8719 8.0543 2.2435 6.0708 3.2849 3.6547 6.1751 4.7247 3.1778 1.8582 6.4851 9.5971 5.6809 6.7174 7.1372 7.9861 6.9794 5.6177 1.8958 9.2126 12.8024 9.3868 7.6061 1.8306 3.6685 3.5170 8.2100 11.8587 7.3602 4.3423 8.5056 2.4319 9.6162 4.3364 5.7875 5.9524 11.7747 1.6519 8.7284 2.8143 3.1820 11.2877 9.4499 0.0000 11.1505 3.1158 6.5967 3.2422 0.3612 6.1928 7.5626 6.6460 11.1708 7.6677 3.1947 4.8861
5.0145 11.8936 13.0910 12.7415 4.7721 13.2072 6.3601 1.0413 12.1162 11.2606 4.5468 12.2811 5.9289 11.9956 11.9000 11.8461 10.8849 12.2137 12.2905 11.6413 3.2053 11.2028 11.8998 11.7333 13.6394 5.2165 6.4048 11.5618 3.6828 1.7258 2.0398 12.5435 12.4256 8.5391 8.2297 2.9535 1.2089 4.9919 6.8082 12.8798 11.3173 14.2855 6.8645 11.6125 6.3859 0.6465 11.5148 3.9885 8.9046 10.6638 0.3899 1.8119 11.1505 0.0000 12.2807 5.1420 10.4503 11.3205 5.9909 4.7368 6.2785 0.7470 4.7924 8.5928 8.0419
8.6294 0.5959 4.7288 5.4811 7.6897 4.4383 7.9484 12.8040 4.0085 1.4020 10.1388 1.0188 8.2746 6.2951 6.6989 3.5322 2.5299 0.1244 1.5143 3.9414 10.0068 3.2828 4.0984 4.6093 5.0335 7.3150 5.9547 1.2476 9.5274 14.0032 10.8420 4.8721 1.6987 3.7452 4.0750 9.3819 13.1991 9.4838 5.9258 5.7774 1.0362 6.7074 5.6447 3.2115 8.3141 12.8459 1.4791 9.0339 3.4741 1.6824 12.5025 10.4747 3.1158 12.2807 0.0000 8.5886 6.3468 2.7654 8.4532 7.9026 6.5449 12.4812 9.7750 3.7277 4.4994
0.1339 8.0691 11.0819 11.1196 4.0001 11.0534 1.2182 6.0886 9.9885 7.2965 1.5537 8.2538 0.7960 6.8870 6.7693 9.5516 8.1474 8.5619 8.1115 9.5429 5.2684 8.8394 9.8394 9.9147 11.6260 4.2626 4.2317 7.5639 5.2310 6.5767 3.1252 10.7057 8.1911 5.3116 4.7699 2.7768 5.5342 0.9501 2.7004 11.3527 7.5524 12.7933 3.0984 9.2012 1.2976 5.7861 7.4384 4.9785 5.1781 7.2744 5.1496 3.9103 6.5967 5.1420 8.5886 0.0000 5.3312 6.8493 0.9131 4.4015 5.1148 4.9229 1.2080 5.0286 5.5946
5.4527 5.7606 10.6406 11.1327 7.7267 10.4380 4.1258 11.3574 9.6584 5.0254 6.4123 5.4813 4.5752 1.5598 1.4627 9.1277 7.5851 6.4012 5.0682 9.3702 9.8483 8.5421 9.6324 9.9811 11.0677 7.6797 6.6198 5.1075 9.6056 11.9063 8.4533 10.5557 5.0010 5.5527 5.0913 7.7776 10.8561 5.7540 4.4006 11.4267 5.5619 12.6441 4.7490 8.7274 4.2043 11.0967 4.8695 9.1893 4.7040 6.0785 10.4766 9.0342 3.2422 10.4503 6.3468 5.3312 0.0000 3.6013 4.5726 8.1564 7.8215 10.2540 6.0421 4.9598 6.6930
6.9240 2.1956 7.2959 7.9185 7.2841 7.0494 5.9469 12.0257 6.4126 1.5646 8.3242 1.8825 6.3465 3.5896 3.9716 5.8886 4.4663 2.8309 1.5003 6.2110 9.6767 5.4155 6.4365 6.8683 7.6689 7.0313 5.6527 1.5598 9.2790 12.9849 9.5883 7.3157 1.4820 3.6215 3.5281 8.3724 12.0547 7.6321 4.5193 8.2185 2.1251 9.3073 4.4752 5.5053 6.2467 11.9397 1.3146 8.7907 2.8048 2.9341 11.4678 9.6012 0.3612 11.3205 2.7654 6.8493 3.6013 0.0000 6.4761 7.6205 6.6421 11.3615 7.9388 3.1879 4.8196
1.0465 7.9051 11.3104 11.4238 4.7528 11.2524 0.5295 6.9585 10.2152 7.1074 1.9006 8.0172 0.2404 6.1322 5.9821 9.7528 8.2861 8.4396 7.8242 9.7863 6.1633 9.0444 10.0835 10.2061 11.8438 4.9677 4.7270 7.3551 6.1052 7.3603 3.9560 10.9760 7.8816 5.4500 4.8755 3.6886 6.2982 1.2098 2.7955 11.6705 7.4223 13.0942 3.2766 9.3856 0.3957 6.6308 7.2053 5.8301 5.1653 7.2691 5.9728 4.8188 6.1928 5.9909 8.4532 0.9131 4.5726 6.4761 0.0000 5.1722 5.7215 5.7210 1.5140 5.0809 5.9189
4.3018 7.6124 8.3674 8.0684 0.4421 8.4743 5.1335 5.0291 7.3809 7.1161 5.3135 8.1104 4.9543 9.4853 9.5597 7.1106 6.2154 7.8177 8.2349 6.9056 2.1119 6.4742 7.1664 7.0180 8.9188 0.5987 2.0009 7.4185 1.6667 6.4253 4.0947 7.8339 8.4073 4.2337 4.1265 2.5133 5.8576 5.1131 3.7565 8.2279 7.0371 9.6602 3.4602 6.8841 5.4546 5.1952 7.4336 1.1728 4.8629 6.2265 5.0485 3.0047 7.5626 4.7368 7.9026 4.4015 8.1564 7.6205 5.1722 0.0000 1.5430 5.1680 5.1971 4.4907 3.4454
5.0448 6.3142 6.8430 6.5862 1.5705 6.9403 5.5418 6.5574 5.8442 5.9088 6.3051 6.8633 5.4843 8.9897 9.1327 5.5679 4.7043 6.4512 7.0469 5.3683 3.5243 4.9321 5.6324 5.5037 7.3966 1.1171 1.2060 6.2032 3.0189 7.9681 5.5040 6.3229 7.2350 3.0582 3.1302 3.8752 7.3897 5.9644 3.5746 6.7611 5.7522 8.2057 3.1232 5.3421 5.9222 6.7370 6.2530 2.5393 3.8385 4.8633 6.5861 4.5296 6.6460 6.2785 6.5449 5.1148 7.8215 6.6421 5.7215 1.5430 0.0000 6.6938 6.1131 3.4556 2.0465
4.8026 12.0679 13.5340 13.2255 5.1472 13.6339 6.1319 1.6730 12.5365 11.4040 4.1274 12.4217 5.6874 11.8098 11.6879 12.2433 11.2138 12.4203 12.4015 12.0603 3.8294 11.5843 12.3261 12.1861 14.0861 5.6009 6.6987 11.7018 4.2779 1.6590 1.8162 13.0017 12.5263 8.7599 8.4090 3.0998 0.7194 4.6430 6.8441 13.3751 11.4963 14.7944 6.9561 11.9925 6.1106 1.1138 11.6396 4.5358 9.0567 10.8961 0.4034 2.1645 11.1708 0.7470 12.4812 4.9229 10.2540 11.3615 5.7210 5.1680 6.6938 0.0000 4.4130 8.7644 8.3575
1.2019 9.2477 12.2653 12.2785 4.8390 12.2439 2.0308 5.8098 11.1736 8.4667 0.3884 9.4094 1.6006 7.5969 7.4204 10.7430 9.3504 9.7512 9.2463 10.7241 5.6532 10.0310 11.0200 11.0803 12.8116 5.1654 5.3303 8.7282 5.7243 6.0077 2.7767 11.8771 9.3159 6.5173 5.9777 3.0985 4.9280 0.3081 3.9066 12.5060 8.7388 13.9513 4.3052 10.3964 1.8469 5.4092 8.5940 5.5626 6.3808 8.4799 4.7104 3.9630 7.6677 4.7924 9.7750 1.2080 6.0421 7.9388 1.5140 5.1971 6.1131 4.4130 0.0000 6.2360 6.7617
5.0482 3.3045 6.3253 6.5798 4.1916 6.2293 4.6347 9.1744 5.2421 2.6829 6.5769 3.7012 4.8691 5.8349 6.0605 4.7485 3.2286 3.6751 3.7678 4.8514 6.5851 4.0579 5.1434 5.3637 6.8387 3.8936 2.4949 2.9869 6.1573 10.3084 7.1143 6.0686 3.9304 0.5929 0.3709 5.6691 9.4809 5.9641 2.3308 6.8530 2.7320 8.2136 1.9601 4.3638 5.0416 9.1748 2.9701 5.6630 0.3832 2.2560 8.7993 6.7994 3.1947 8.5928 3.7277 5.0286 4.9598 3.1879 5.0809 4.4907 3.4556 8.7644 6.2360 0.0000 1.7872
5.5713 4.2731 5.5186 5.5260 3.2946 5.5247 5.5748 8.4448 4.4355 3.9100 7.0436 4.8372 5.6832 7.6206 7.8392 4.0406 2.8575 4.4069 5.0493 3.9757 5.5273 3.3381 4.2693 4.3204 6.0702 2.8795 1.6662 4.1969 5.0376 9.7626 6.9216 5.1155 5.2452 1.2306 1.6021 5.3203 9.0730 6.5379 3.1966 5.7632 3.7166 7.1998 2.6793 3.7303 5.9911 8.5574 4.2675 4.5474 2.1278 2.8173 8.3109 6.2370 4.8861 8.0419 4.4994 5.5946 6.6930 4.8196 5.9189 3.4454 2.0465 8.3575 6.7617 1.7872 0.0000
0.000 34.776 47.433 47.545 16.734 47.330 5.770 25.535 42.751 31.484 6.552 35.610 3.980 30.032 29.542 40.896 34.924 36.861 35.030 40.832 22.034 37.844 42.101 42.392 49.771 17.897 17.928 32.640 21.895 27.676 12.863 45.794 35.383 22.790 20.496 11.335 23.222 4.144 11.680 48.534 32.544 54.717 13.319 39.407 6.135 24.253 32.117 20.835 22.315 31.278 21.538 16.184 28.610 21.491 36.983 0.574 23.369 29.674 4.485 18.436 21.620 20.583 5.151 21.635 23.877
34.776 0.000 22.217 25.224 31.603 21.054 31.696 53.360 18.816 3.492 41.208 2.883 33.134 24.669 26.366 16.670 11.557 2.745 4.761 18.297 41.673 15.205 19.092 21.173 23.662 30.078 24.151 2.805 39.673 58.334 44.577 22.612 5.668 14.561 15.705 38.458 54.788 38.373 23.269 26.506 2.483 30.781 22.185 15.166 33.239 53.443 3.821 37.547 12.936 6.479 51.872 43.265 10.885 50.973 2.554 34.582 24.688 9.410 33.879 32.625 27.061 51.719 39.633 14.162 18.313
47.433 22.217 0.000 4.186 36.024 1.603 46.737 56.815 4.695 24.572 53.813 24.627 47.502 46.649 48.248 6.763 13.432 19.816 26.744 6.613 43.257 9.737 5.357 5.867 2.386 34.069 30.417 24.676 41.002 63.202 52.690 2.719 27.546 25.188 27.704 45.695 60.964 51.560 36.497 5.166 22.169 8.627 34.449 8.446 48.514 57.890 25.713 39.280 27.282 19.573 57.483 48.727 32.587 56.104 20.266 47.494 45.603 31.268 48.473 35.860 29.327 58.003 52.565 27.108 23.651
47.545 25.224 4.186 0.000 34.955 5.783 47.356 55.011 6.455 27.242 53.780 27.798 47.962 49.238 50.763 8.704 15.204 23.008 29.885 7.567 41.415 11.118 6.433 5.239 5.259 33.014 30.009 27.503 39.181 61.552 51.802 2.614 30.730 26.047 28.573 44.807 59.577 51.689 37.072 1.286 24.854 7.173 34.934 10.379 49.144 56.242 28.513 37.588 28.605 21.735 56.048 47.436 35.169 54.607 23.490 47.655 47.712 33.936 48.959 34.579 28.227 56.681 52.622 28.199 23.683
16.734 31.603 36.024 34.955 0.000 36.401 20.149 22.078 31.688 29.340 21.322 33.643 19.423 38.860 39.152 30.412 26.219 32.612 34.087 29.647 10.273 27.601 30.800 30.307 38.401 1.955 7.452 30.642 8.575 27.787 16.883 33.820 34.802 17.053 16.385 9.935 25.076 20.315 14.269 35.695 29.125 41.877 13.077 29.354 21.549 22.581 30.656 6.533 19.528 25.819 21.692 12.813 30.913 20.452 32.956 17.143 33.115 31.218 20.369 1.895 6.731 22.059 20.739 17.964 14.120
47.330 21.054 1.603 5.783 36.401 0.000 46.441 57.429 4.726 23.538 53.754 23.388 47.265 45.595 47.221 6.438 12.895 18.587 25.510 6.763 43.908 9.489 5.606 6.686 2.703 34.448 30.567 23.578 41.649 63.751 52.960 4.041 26.295 24.880 27.375 45.977 61.413 51.443 36.245 6.765 21.140 9.730 34.239 8.009 48.210 58.443 24.621 39.883 26.777 18.782 57.955 49.157 31.560 56.602 19.021 47.372 44.734 30.212 48.224 36.318 29.744 58.431 52.474 26.697 23.677
5.770 31.696 46.737 47.356 20.149 46.441 0.000 31.300 42.049 28.265 10.367 32.132 1.941 24.362 23.812 40.030 33.663 34.017 31.283 40.244 26.973 37.007 41.516 42.125 49.002 20.878 19.229 29.313 26.537 33.350 18.605 45.379 31.521 21.562 19.068 16.711 28.844 7.387 10.285 48.438 29.657 54.498 12.440 38.433 1.788 30.018 28.657 25.208 20.137 29.126 27.280 21.798 24.272 27.258 34.065 5.221 17.682 25.487 2.269 22.001 23.750 26.279 8.703 19.863 23.892
25.535 53.360 56.815 55.011 22.078 57.429 31.300 0.000 52.824 50.815 23.896 55.181 29.494 55.250 54.918 51.834 48.189 54.555 55.364 50.809 13.596 49.201 51.859 50.954 59.127 23.866 29.403 52.116 15.836 6.891 13.021 54.366 55.989 38.838 37.738 15.788 7.626 25.708 32.354 55.509 50.878 61.395 32.360 50.956 31.518 2.579 51.988 17.547 40.740 47.811 5.451 10.403 50.901 4.463 54.874 26.094 48.675 51.539 29.822 21.553 28.103 7.170 24.899 39.319 36.192
42.751 18.816 4.695 6.455 31.688 4.726 42.049 52.824 0.000 20.788 49.144 21.440 42.807 42.795 44.332 2.276 8.953 16.683 23.510 2.042 39.340 5.075 1.045 3.200 7.020 29.736 25.855 21.056 37.081 59.100 48.235 3.877 24.369 20.508 23.028 41.252 56.717 46.875 31.804 7.741 18.400 12.880 29.754 3.990 43.827 53.796 22.062 35.280 22.695 15.358 53.268 44.456 28.722 51.927 17.179 42.808 41.393 27.483 43.779 31.633 25.047 53.728 47.887 22.466 19.009
31.484 3.492 24.572 27.242 29.340 23.538 28.265 50.815 20.788 0.000 37.875 4.374 29.733 22.077 23.684 18.549 12.620 6.107 4.885 19.974 39.537 16.619 20.912 22.812 26.205 27.933 21.934 1.304 37.616 55.586 41.610 24.655 5.726 12.367 13.084 35.666 51.929 35.016 20.087 28.528 2.404 33.196 19.154 16.921 29.790 50.783 1.622 35.487 10.098 6.290 49.098 40.607 8.022 48.260 6.008 31.271 21.538 6.705 30.460 30.498 25.323 48.874 36.286 11.498 16.757
6.552 41.208 53.813 53.780 21.322 53.754 10.367 23.896 49.144 37.875 0.000 41.934 8.523 34.134 33.347 47.330 41.434 43.343 41.255 47.203 24.096 44.280 48.468 48.670 56.164 22.814 23.889 39.004 24.552 24.418 11.001 52.104 41.560 29.323 27.045 13.255 19.775 2.985 18.223 54.735 39.011 60.942 19.864 45.864 9.542 22.076 38.439 23.999 28.849 37.825 19.033 16.497 34.518 19.486 43.452 6.659 27.481 35.675 8.146 22.772 27.022 17.689 1.665 28.187 30.187
35.610 2.883 24.627 27.798 33.643 23.388 32.132 55.181 21.440 4.374 41.934 0.000 33.677 22.793 24.563 19.343 14.428 4.812 2.125 21.028 43.807 18.014 21.772 23.903 25.936 32.198 26.216 3.085 41.858 59.957 45.944 25.185 2.932 16.615 17.445 40.036 56.287 39.041 24.341 29.073 4.858 33.112 23.485 17.891 33.590 55.156 3.495 39.728 14.472 9.206 53.467 44.980 9.615 52.633 4.366 35.374 23.491 8.068 34.360 34.759 29.414 53.236 40.326 15.862 20.731
3.980 33.134 47.502 47.962 19.423 47.265 1.941 29.494 42.807 29.733 8.523 33.677 0.000 26.291 25.719 40.835 34.574 35.394 32.897 40.963 25.675 37.796 42.236 42.746 49.793 20.313 19.229 30.812 25.367 31.435 16.728 46.053 33.164 22.409 19.958 15.185 26.919 5.539 11.022 49.016 31.036 55.123 13.060 39.268 2.261 28.165 30.191 24.144 21.268 30.292 25.398 20.144 26.018 25.410 35.463 3.411 19.608 27.199 1.030 21.233 23.504 24.375 6.860 20.867 24.356
30.032 24.669 46.649 49.238 38.860 45.595 24.362 55.250 42.795 22.077 34.134 22.793 26.291 0.000 1.911 40.535 34.233 27.322 20.754 41.829 48.293 38.352 42.846 44.598 48.246 38.465 33.479 22.034 47.125 57.700 42.884 46.672 20.206 27.480 25.897 39.791 53.207 31.331 24.635 50.521 24.481 55.271 25.841 38.866 24.696 54.181 20.985 45.262 23.641 27.607 51.550 45.207 14.078 51.410 26.979 29.516 6.685 15.384 26.281 40.651 38.527 50.614 32.558 25.007 32.660
29.542 26.366 48.248 50.763 39.152 47.221 23.812 54.918 44.332 23.684 33.347 24.563 25.719 1.911 0.000 42.065 35.693 29.041 22.543 43.317 48.398 39.819 44.354 46.063 49.882 38.850 34.042 23.697 47.308 57.154 42.404 48.209 22.018 28.478 26.777 39.601 52.624 30.604 24.885 52.044 26.085 56.875 26.227 40.384 24.014 53.769 22.646 45.488 24.671 29.075 51.080 44.985 15.663 51.000 28.710 29.011 6.269 17.021 25.638 40.970 39.140 50.091 31.802 25.974 33.597
40.896 16.670 6.763 8.704 30.412 6.438 40.030 51.834 2.276 18.549 47.330 19.343 40.835 40.535 42.065 0.000 6.710 14.630 21.391 1.971 38.445 3.052 2.429 4.670 8.974 28.471 24.295 18.849 36.190 58.002 46.781 6.148 22.263 18.469 20.975 39.824 55.485 45.007 29.817 9.988 16.169 15.128 27.803 1.721 41.803 52.715 19.847 34.326 20.522 13.082 52.071 43.218 26.465 50.769 15.138 40.935 39.119 25.237 41.798 30.474 23.862 52.471 46.042 20.351 17.317
34.924 11.557 13.432 15.204 26.219 12.895 33.663 48.189 8.953 12.620 41.434 14.428 34.574 34.233 35.693 6.710 0.000 10.312 16.270 7.659 35.238 4.129 8.776 10.370 15.544 24.358 19.382 13.186 33.036 54.003 41.857 12.751 17.194 12.182 14.617 35.035 51.122 38.983 23.566 16.465 10.380 21.831 21.659 4.996 35.419 48.797 14.089 31.022 13.883 6.626 47.834 38.939 20.249 46.650 10.843 34.917 32.508 19.141 35.512 26.637 20.161 48.059 40.073 13.837 12.247
36.861 2.745 19.816 23.008 32.612 18.587 34.017 54.555 16.683 6.107 43.343 4.812 35.394 27.322 29.041 14.630 10.312 0.000 6.928 16.376 42.514 13.539 17.058 19.240 21.151 30.992 25.184 5.548 40.451 59.730 46.237 20.397 7.738 15.751 17.222 39.946 56.308 40.549 25.251 24.280 4.360 28.315 24.008 13.246 35.597 54.755 6.565 38.338 14.704 6.825 53.306 44.599 13.619 52.344 0.533 36.694 27.434 12.132 36.170 33.504 27.648 53.230 41.791 15.751 18.887
35.030 4.761 26.744 29.885 34.087 25.510 31.283 55.364 23.510 4.885 41.255 2.125 32.897 20.754 22.543 21.391 16.270 6.928 0.000 23.046 44.316 19.965 23.818 25.922 28.060 32.727 26.719 3.670 42.423 59.953 45.748 27.272 0.932 17.201 17.737 40.033 56.181 38.328 24.008 31.162 6.206 35.236 23.338 19.911 32.677 55.240 3.434 40.296 14.650 10.638 53.449 45.085 7.964 52.674 6.490 34.764 21.721 6.430 33.532 35.292 30.201 53.149 39.627 16.148 21.640
40.832 18.297 6.613 7.567 29.647 6.763 40.244 50.809 2.042 19.974 47.203 21.028 40.963 41.829 43.317 1.971 7.659 16.376 23.046 0.000 37.340 3.552 1.274 2.876 8.979 27.695 23.841 20.359 35.081 57.070 46.200 5.223 23.932 18.750 21.277 39.215 54.677 44.962 29.979 8.816 17.625 14.415 27.903 3.137 42.025 51.769 21.333 33.268 21.113 14.245 51.229 42.416 27.793 49.891 16.892 40.898 40.158 26.619 41.941 29.595 23.007 51.687 45.960 20.792 17.039
22.034 41.673 43.257 41.415 10.273 43.908 26.973 13.596 39.340 39.537 24.096 43.807 25.675 48.293 48.398 38.445 35.238 42.514 44.316 37.340 0.000 35.910 38.361 37.392 45.558 11.609 17.603 40.835 2.259 20.223 15.075 40.788 45.044 27.192 26.647 10.968 18.912 24.366 23.743 41.918 39.209 47.828 22.935 37.655 27.936 14.953 40.883 4.222 29.795 35.690 15.344 8.616 41.130 13.737 42.886 22.579 42.207 41.472 26.414 9.051 15.104 16.412 24.228 28.222 23.689
37.844 15.205 9.737 11.118 27.601 9.489 37.007 49.201 5.075 16.619 44.280 18.014 37.796 38.352 39.819 3.052 4.129 13.539 19.965 3.552 35.910 0.000 4.727 6.247 11.998 25.671 21.330 17.089 33.663 55.282 43.847 8.728 20.872 15.452 17.966 36.908 52.674 41.955 26.782 12.368 14.312 17.890 24.758 1.757 38.782 50.011 18.033 31.751 17.637 10.746 49.287 40.414 24.347 48.012 14.069 37.883 36.609 23.209 38.762 27.746 21.138 49.647 42.990 17.391 14.306
42.101 19.092 5.357 6.433 30.800 5.606 41.516 51.859 1.045 20.912 48.468 21.772 42.236 42.846 44.354 2.429 8.776 17.058 23.818 1.274 38.361 4.727 0.000 2.360 7.732 28.847 25.071 21.243 36.102 58.157 47.396 4.001 24.691 20.016 22.542 40.407 55.807 46.232 31.252 7.703 18.542 13.177 29.177 3.991 43.297 52.851 22.233 34.313 22.343 15.307 52.349 43.552 28.789 50.999 17.565 42.169 41.282 27.585 43.215 30.713 24.139 52.826 47.228 22.043 18.297
42.392 21.173 5.867 5.239 30.307 6.686 42.125 50.954 3.200 22.812 48.670 23.903 42.746 44.598 46.063 4.670 10.370 19.240 25.922 2.876 37.392 6.247 2.360 0.000 8.178 28.353 25.001 23.219 35.137 57.360 47.061 3.518 26.808 20.814 23.339 40.059 55.172 46.535 31.840 6.383 20.474 12.378 29.709 6.012 43.912 52.046 24.187 33.425 23.437 16.992 51.678 42.953 30.588 50.286 19.754 42.492 42.776 29.436 43.741 30.077 23.587 52.226 47.487 22.987 18.516
49.771 23.662 2.386 5.259 38.401 2.703 49.002 59.127 7.020 26.205 56.164 25.936 49.793 48.246 49.882 8.974 15.544 21.151 28.060 8.979 45.558 11.998 7.732 8.178 0.000 36.446 32.799 26.218 43.305 65.537 55.076 4.802 28.827 27.441 29.948 48.079 63.325 53.894 38.779 5.787 23.810 7.212 36.748 10.607 50.775 60.224 27.264 41.601 29.425 21.484 59.839 51.093 34.226 58.455 21.572 49.826 47.433 32.867 50.759 38.223 31.700 60.369 54.907 29.309 26.015
17.897 30.078 34.069 33.014 1.955 34.448 20.878 23.866 29.736 27.933 22.814 32.198 20.313 38.465 38.850 28.471 24.358 30.992 32.727 27.695 11.609 25.671 28.847 28.353 36.446 0.000 6.010 29.230 9.705 29.671 18.805 31.867 33.466 15.583 15.130 11.834 27.014 21.632 14.079 33.762 27.610 39.950 12.629 27.425 22.366 24.444 29.292 7.583 18.287 24.179 23.616 14.748 29.912 22.356 31.350 18.268 32.913 30.134 21.290 2.566 4.787 24.004 22.138 16.687 12.341
17.928 24.151 30.417 30.009 7.452 30.567 19.229 29.403 25.855 21.934 23.889 26.216 19.229 33.479 34.042 24.295 19.382 25.184 26.719 23.841 17.603 21.330 25.071 25.001 32.799 6.010 0.000 23.233 15.714 34.840 22.542 28.491 27.456 9.608 9.150 15.661 31.781 22.031 10.227 30.919 21.674 37.142 8.233 23.040 20.933 29.735 23.284 13.590 12.304 18.412 28.555 19.690 24.076 27.449 25.520 18.136 28.371 24.226 20.259 8.575 5.169 28.709 22.844 10.692 7.141
32.640 2.805 24.676 27.503 30.642 23.578 29.313 52.116 21.056 1.304 39.004 3.085 30.812 22.034 23.697 18.849 13.186 5.548 3.670 20.359 40.835 17.089 21.243 23.219 26.218 29.230 23.233 0.000 38.909 56.873 42.868 24.901 4.551 13.658 14.387 36.951 53.203 36.130 21.300 28.789 2.812 33.280 20.408 17.264 30.812 52.077 1.051 36.780 11.393 7.130 50.382 41.903 8.125 49.551 5.347 32.417 21.889 6.685 31.522 31.794 26.585 50.151 37.406 12.801 17.987
21.895 39.673 41.002 39.181 8.575 41.649 26.537 15.836 37.081 37.616 24.552 41.858 25.367 47.125 47.308 36.190 33.036 40.451 42.423 35.081 2.259 33.663 36.102 35.137 43.305 9.705 15.714 38.909 0.000 22.415 16.260 38.537 43.168 25.252 24.827 11.298 20.937 24.550 22.498 39.694 37.218 45.625 21.525 35.407 27.620 17.126 38.989 2.129 27.982 33.626 17.358 9.994 39.483 15.783 40.832 22.419 41.167 39.767 26.165 7.143 12.938 18.334 24.533 26.389 21.590
27.676 58.334 63.202 61.552 27.787 63.751 33.350 6.891 59.100 55.586 24.418 59.957 31.435 57.700 57.154 58.002 54.003 59.730 59.953 57.070 20.223 55.282 58.157 57.360 65.537 29.671 34.840 56.873 22.415 0.000 14.893 60.807 60.515 43.985 42.629 19.926 4.649 26.801 36.281 62.093 55.868 68.040 36.646 57.039 33.201 5.314 56.649 23.967 45.494 53.096 6.509 15.162 54.867 7.396 60.014 28.186 51.027 55.650 31.544 27.537 34.149 7.110 25.747 44.179 41.840
12.863 44.577 52.690 51.802 16.883 52.960 18.605 13.021 48.235 41.610 11.001 45.944 16.728 42.884 42.404 46.781 41.857 46.237 45.748 46.200 15.075 43.847 47.396 47.061 55.076 18.805 22.542 42.868 16.260 14.893 0.000 50.579 46.245 30.734 29.020 7.001 10.616 12.687 21.790 52.564 42.160 58.755 22.460 45.569 18.644 11.467 42.543 16.523 31.641 39.878 8.676 6.503 40.229 8.742 46.466 13.394 36.228 41.093 16.954 17.549 23.589 7.784 11.900 30.490 29.664
45.794 22.612 2.719 2.614 33.820 4.041 45.379 54.366 3.877 24.655 52.104 25.185 46.053 46.672 48.209 6.148 12.751 20.397 27.272 5.223 40.788 8.728 4.001 3.518 4.802 31.867 28.491 24.901 38.537 60.807 50.579 0.000 28.117 23.937 26.466 43.578 58.660 49.934 35.101 3.895 22.263 9.193 32.998 7.847 47.164 55.492 25.913 36.854 26.335 19.221 55.159 46.451 32.598 53.758 20.881 45.881 45.239 31.353 47.040 33.574 27.098 55.721 50.902 26.008 21.924
35.383 5.668 27.546 30.730 34.802 26.295 31.521 55.989 24.369 5.726 41.560 2.932 33.164 20.206 22.018 22.263 17.194 7.738 0.932 23.932 45.044 20.872 24.691 26.808 28.827 33.466 27.456 4.551 43.168 60.515 46.245 28.117 0.000 17.974 18.431 40.603 56.708 38.622 24.477 32.005 7.133 36.014 23.877 20.796 32.883 55.833 4.208 41.041 15.321 11.563 54.008 45.690 7.845 53.253 7.280 35.105 21.433 6.351 33.778 36.031 31.007 53.684 39.925 16.844 22.479
22.790 14.561 25.188 26.047 17.053 24.880 21.562 38.838 20.508 12.367 29.323 16.615 22.409 27.480 28.478 18.469 12.182 15.751 17.201 18.750 27.192 15.452 20.016 20.814 27.441 15.583 9.608 13.658 25.252 43.985 30.734 23.937 17.974 0.000 2.529 24.264 40.625 26.822 11.390 27.191 12.080 33.114 9.488 16.873 23.334 39.004 13.773 23.123 3.859 9.161 37.576 28.848 15.722 36.596 16.051 22.764 23.797 15.521 23.357 18.144 13.106 37.543 27.931 2.541 5.274
20.496 15.705 27.704 28.573 16.385 27.375 19.068 37.738 23.028 13.084 27.045 17.445 19.958 25.897 26.777 20.975 14.617 17.222 17.737 21.277 26.647 17.966 22.542 23.339 29.948 15.130 9.150 14.387 24.827 42.629 29.020 26.466 18.431 2.529 0.000 22.764 39.113 24.483 8.964 29.714 13.241 35.643 7.183 19.367 20.835 37.754 14.319 22.711 3.157 10.970 36.169 27.574 15.073 35.270 17.464 20.443 21.820 15.120 20.895 17.685 13.415 36.039 25.619 1.590 6.866
11.335 38.458 45.695 44.807 9.935 45.977 16.711 15.788 41.252 35.666 13.255 40.036 15.185 39.791 39.601 39.824 35.035 39.946 40.033 39.215 10.968 36.908 40.407 40.059 48.079 11.834 15.661 36.951 11.298 19.926 7.001 43.578 40.603 24.264 22.764 0.000 16.365 13.399 16.594 45.577 36.002 51.774 16.762 38.638 17.419 15.289 36.724 10.845 25.581 33.422 13.432 5.449 35.186 12.658 40.208 11.901 33.333 35.882 15.808 10.771 16.608 13.285 13.279 24.296 22.801
23.222 54.788 60.964 59.577 25.076 61.413 28.844 7.626 56.717 51.929 19.775 56.287 26.919 53.207 52.624 55.485 51.122 56.308 56.181 54.677 18.912 52.674 55.807 55.172 63.325 27.014 31.781 53.203 20.937 4.649 10.616 58.660 56.708 40.625 39.113 16.365 0.000 22.191 32.318 60.197 52.341 66.254 32.845 54.426 28.637 5.071 52.927 22.177 41.877 49.780 3.580 12.267 50.823 5.181 56.568 23.718 46.526 51.663 26.992 25.104 31.670 3.083 21.120 40.632 38.884
4.144 38.373 51.560 51.689 20.315 51.443 7.387 25.708 46.875 35.016 2.985 39.041 5.539 31.331 30.604 45.007 38.983 40.549 38.328 44.962 24.366 41.955 46.232 46.535 53.894 21.632 22.031 36.130 24.550 26.801 12.687 49.934 38.622 26.822 24.483 13.399 22.191 0.000 15.571 52.678 36.205 58.861 17.334 43.506 6.652 24.072 35.547 23.748 26.147 35.156 21.119 17.430 31.544 21.394 40.645 4.072 24.660 32.709 5.185 21.913 25.562 19.899 1.320 25.560 28.019
11.680 23.269 36.497 37.072 14.269 36.245 10.285 32.354 31.804 20.087 18.223 24.341 11.022 24.635 24.885 29.817 23.566 25.251 24.008 29.979 23.743 26.782 31.252 31.840 38.779 14.079 10.227 21.300 22.498 36.281 21.790 35.101 24.477 11.390 8.964 16.594 32.318 15.571 0.000 38.156 20.970 44.214 2.235 28.246 12.072 31.857 20.885 20.627 10.637 19.603 29.781 21.955 18.610 29.178 25.396 11.573 18.860 19.369 11.981 16.099 15.320 29.332 16.743 9.989 13.700
48.534 26.506 5.166 1.286 35.695 6.765 48.438 55.509 7.741 28.528 54.735 29.073 49.016 50.521 52.044 9.988 16.465 24.280 31.162 8.816 41.918 12.368 7.703 6.383 5.787 33.762 30.919 28.789 39.694 62.093 52.564 3.895 32.005 27.191 29.714 45.577 60.197 52.678 38.156 0.000 26.141 6.227 36.006 11.659 50.225 56.787 29.799 38.146 29.804 23.009 56.657 48.095 36.453 55.199 24.760 48.655 48.972 35.222 50.017 35.262 28.976 57.322 53.597 29.370 24.699
32.544 2.483 22.169 24.854 29.125 21.140 29.657 50.878 18.400 2.404 39.011 4.858 31.036 24.481 26.085 16.169 10.380 4.360 6.206 17.625 39.209 14.312 18.542 20.474 23.810 27.610 21.674 2.812 37.218 55.868 42.160 22.263 7.133 12.080 13.241 36.002 52.341 36.205 20.970 26.141 0.000 30.793 19.811 14.554 31.240 50.967 3.721 35.091 10.528 4.432 49.410 40.790 10.422 48.503 4.441 32.367 23.837 9.108 31.810 30.159 24.652 49.270 37.452 11.708 15.928
54.717 30.781 8.627 7.173 41.877 9.730 54.498 61.395 12.880 33.196 60.942 33.112 55.123 55.271 56.875 15.128 21.831 28.315 35.236 14.415 47.828 17.890 13.177 12.378 7.212 39.950 37.142 33.280 45.625 68.040 58.755 9.193 36.014 33.114 35.643 51.774 66.254 58.861 44.214 6.227 30.793 0.000 42.086 16.848 56.284 62.746 34.320 44.140 35.520 28.140 62.702 54.203 41.212 61.223 28.746 54.829 54.189 39.888 56.118 41.401 35.167 63.405 59.791 35.201 30.856
13.319 22.185 34.449 34.934 13.077 34.239 12.440 32.360 29.754 19.154 19.864 23.485 13.060 25.841 26.227 27.803 21.659 24.008 23.338 27.903 22.935 24.758 29.177 29.709 36.748 12.629 8.233 20.408 21.525 36.646 22.460 32.998 23.877 9.488 7.183 16.762 32.845 17.334 2.235 36.006 19.811 42.086 0.000 26.258 14.228 32.039 20.092 19.567 9.304 18.068 30.137 21.974 18.585 29.419 24.192 13.279 20.353 19.179 14.043 14.829 13.385 29.812 18.451 8.401 11.483
39.407 15.166 8.446 10.379 29.354 8.009 38.433 50.956 3.990 16.921 45.864 17.891 39.268 38.866 40.384 1.721 4.996 13.246 19.911 3.137 37.655 1.757 3.991 6.012 10.607 27.425 23.040 17.264 35.407 57.039 45.569 7.847 20.796 16.873 19.367 38.638 54.426 43.506 28.246 11.659 14.554 16.848 26.258 0.000 40.201 51.767 18.250 33.500 18.838 11.374 51.041 42.166 24.803 49.768 13.764 39.434 37.403 23.594 40.224 29.503 22.895 51.397 44.556 18.702 15.987
6.135 33.239 48.514 49.144 21.549 48.210 1.788 31.518 43.827 29.790 9.542 33.590 2.261 24.696 24.014 41.803 35.419 35.597 32.677 42.025 27.936 38.782 43.297 43.912 50.775 22.366 20.933 30.812 27.620 33.201 18.644 47.164 32.883 23.334 20.835 17.419 28.637 6.652 12.072 50.225 31.240 56.284 14.228 40.201 0.000 30.109 30.130 26.380 21.844 30.813 27.281 22.318 25.510 27.368 35.632 5.561 18.018 26.772 1.696 23.377 25.381 26.188 7.915 21.607 25.676
24.253 53.443 57.890 56.242 22.581 58.443 30.018 2.579 53.796 50.783 22.076 55.156 28.165 54.181 53.769 52.715 48.797 54.755 55.240 51.769 14.953 50.011 52.851 52.046 60.224 24.444 29.735 52.077 17.126 5.314 11.467 55.492 55.833 39.004 37.754 15.289 5.071 24.072 31.857 56.787 50.967 62.746 32.039 51.767 30.109 0.000 51.898 18.655 40.685 48.072 3.131 10.180 50.463 2.771 55.054 24.798 47.557 51.170 28.418 22.265 28.873 4.773 23.182 39.320 36.675
32.117 3.821 25.713 28.513 30.656 24.621 28.657 51.988 22.062 1.622 38.439 3.495 30.191 20.985 22.646 19.847 14.089 6.565 3.434 21.333 40.883 18.033 22.233 24.187 27.264 29.292 23.284 1.051 38.989 56.649 42.543 25.913 4.208 13.773 14.319 36.724 52.927 35.547 20.885 29.799 3.721 34.320 20.092 18.250 30.130 51.898 0.000 36.862 11.253 7.874 50.151 41.734 7.079 49.349 6.339 31.879 20.869 5.634 30.880 31.858 26.799 49.884 36.831 12.729 18.289
20.835 37.547 39.280 37.588 6.533 39.883 25.208 17.547 35.280 35.487 23.999 39.728 24.144 45.262 45.488 34.326 31.022 38.338 40.296 33.268 4.222 31.751 34.313 33.425 41.601 7.583 13.590 36.780 2.129 23.967 16.523 36.854 41.041 23.123 22.711 10.845 22.177 23.748 20.627 38.146 35.091 44.140 19.567 33.500 26.380 18.655 36.862 0.000 25.867 31.514 18.605 10.616 37.407 17.094 38.717 21.336 39.383 37.674 24.986 5.026 10.883 19.439 23.840 24.270 19.489
22.315 12.936 27.282 28.605 19.528 26.777 20.137 40.740 22.695 10.098 28.849 14.472 21.268 23.641 24.671 20.522 13.883 14.704 14.650 21.113 29.795 17.637 22.343 23.437 29.425 18.287 12.304 11.393 27.982 45.494 31.641 26.335 15.321 3.859 3.157 25.581 41.877 26.147 10.637 29.804 10.528 35.520 9.304 18.838 21.844 40.685 11.253 25.867 0.000 9.028 39.011 30.510 12.061 38.163 14.889 22.192 20.160 12.020 22.137 20.841 16.451 38.814 27.346 1.642 9.119
31.278 6.479 19.573 21.735 25.819 18.782 29.126 47.811 15.358 6.290 37.825 9.206 30.292 27.607 29.075 13.082 6.626 6.825 10.638 14.245 35.690 10.746 15.307 16.992 21.484 24.179 18.412 7.130 33.626 53.096 39.878 19.221 11.563 9.161 10.970 33.422 49.780 35.156 19.603 23.009 4.432 28.140 18.068 11.374 30.813 48.072 7.874 31.514 9.028 0.000 46.709 37.942 13.637 45.702 7.210 31.176 26.051 12.575 31.153 26.685 20.843 46.698 36.342 9.669 12.074
21.538 51.872 57.483 56.048 21.692 57.955 27.280 5.451 53.268 49.098 19.033 53.467 25.398 51.550 51.080 52.071 47.834 53.306 53.449 51.229 15.344 49.287 52.349 51.678 59.839 23.616 28.555 50.382 17.358 6.509 8.676 55.159 54.008 37.576 36.169 13.432 3.580 21.119 29.781 56.657 49.410 62.702 30.137 51.041 27.281 3.131 50.151 18.605 39.011 46.709 0.000 8.896 48.376 1.671 53.582 22.070 44.900 49.148 25.598 21.636 28.226 1.729 20.187 37.711 35.618
16.184 43.265 48.727 47.436 12.813 49.157 21.798 10.403 44.456 40.607 16.497 44.980 20.144 45.207 44.985 43.218 38.939 44.599 45.085 42.416 8.616 40.414 43.552 42.953 51.093 14.748 19.690 41.903 9.994 15.162 6.503 46.451 45.690 28.848 27.574 5.449 12.267 17.430 21.955 48.095 40.790 54.203 21.974 42.166 22.318 10.180 41.734 10.616 30.510 37.942 8.896 0.000 40.500 7.765 44.891 16.758 38.718 41.148 20.652 12.877 19.413 9.276 16.984 29.140 26.730
28.610 10.885 32.587 35.169 30.913 31.560 24.272 50.901 28.722 8.022 34.518 9.615 26.018 14.078 15.663 26.465 20.249 13.619 7.964 27.793 41.130 24.347 28.789 30.588 34.226 29.912 24.076 8.125 39.483 54.867 40.229 32.598 7.845 15.722 15.073 35.186 50.823 31.544 18.610 36.453 10.422 41.212 18.585 24.803 25.510 50.463 7.079 37.407 12.061 13.637 48.376 40.500 0.000 47.788 13.353 28.272 13.895 1.548 26.541 32.411 28.483 47.875 32.862 13.691 20.940
21.491 50.973 56.104 54.607 20.452 56.602 27.258 4.463 51.927 48.260 19.486 52.633 25.410 51.410 51.000 50.769 46.650 52.344 52.674 49.891 13.737 48.012 50.999 50.286 58.455 22.356 27.449 49.551 15.783 7.396 8.742 53.758 53.253 36.596 35.270 12.658 5.181 21.394 29.178 55.199 48.503 61.223 29.419 49.768 27.368 2.771 49.349 17.094 38.163 45.702 1.671 7.765 47.788 0.000 52.632 22.037 44.787 48.516 25.675 20.301 26.908 3.202 20.539 36.826 34.465
36.983 2.554 20.266 23.490 32.956 19.021 34.065 54.874 17.179 6.008 43.452 4.366 35.463 26.979 28.710 15.138 10.843 0.533 6.490 16.892 42.886 14.069 17.565 19.754 21.572 31.350 25.520 5.347 40.832 60.014 46.466 20.881 7.280 16.051 17.464 40.208 56.568 40.645 25.396 24.760 4.441 28.746 24.192 13.764 35.632 55.054 6.339 38.717 14.889 7.210 53.582 44.891 13.353 52.632 0.000 36.808 27.200 11.852 36.228 33.868 28.050 53.491 41.893 15.976 19.283
0.574 34.582 47.494 47.655 17.143 47.372 5.221 26.094 42.808 31.271 6.659 35.374 3.411 29.516 29.011 40.935 34.917 36.694 34.764 40.898 22.579 37.883 42.169 42.492 49.826 18.268 18.136 32.417 22.419 28.186 13.394 45.881 35.105 22.764 20.443 11.901 23.718 4.072 11.573 48.655 32.367 54.829 13.279 39.434 5.561 24.798 31.879 21.336 22.192 31.176 22.070 16.758 28.272 22.037 36.808 0.000 22.848 29.354 3.913 18.864 21.920 21.098 5.177 21.551 23.977
23.369 24.688 45.603 47.712 33.115 44.734 17.682 48.675 41.393 21.538 27.481 23.491 19.608 6.685 6.269 39.119 32.508 27.434 21.721 40.158 42.207 36.609 41.282 42.776 47.433 32.913 28.371 21.889 41.167 51.027 36.228 45.239 21.433 23.797 21.820 33.333 46.526 24.660 18.860 48.972 23.837 54.189 20.353 37.403 18.018 47.557 20.869 39.383 20.160 26.051 44.900 38.718 13.895 44.787 27.200 22.848 0.000 15.434 19.597 34.956 33.521 43.946 25.895 21.256 28.684
29.674 9.410 31.268 33.936 31.218 30.212 25.487 51.539 27.483 6.705 35.675 8.068 27.199 15.384 17.021 25.237 19.141 12.132 6.430 26.619 41.472 23.209 27.585 29.436 32.867 30.134 24.226 6.685 39.767 55.650 41.093 31.353 6.351 15.521 15.120 35.882 51.663 32.709 19.369 35.222 9.108 39.888 19.179 23.594 26.772 51.170 5.634 37.674 12.020 12.575 49.148 41.148 1.548 48.516 11.852 29.354 15.434 0.000 27.755 32.659 28.466 48.692 34.024 13.663 20.655
4.485 33.879 48.473 48.959 20.369 48.224 2.269 29.822 43.779 30.460 8.146 34.360 1.030 26.281 25.638 41.798 35.512 36.170 33.532 41.941 26.414 38.762 43.215 43.741 50.759 21.290 20.259 31.522 26.165 31.544 16.954 47.040 33.778 23.357 20.895 15.808 26.992 5.185 11.981 50.017 31.810 56.118 14.043 40.224 1.696 28.418 30.880 24.986 22.137 31.153 25.598 20.652 26.541 25.675 36.228 3.913 19.597 27.755 0.000 22.167 24.521 24.519 6.488 21.775 25.367
18.436 32.625 35.860 34.579 1.895 36.318 22.001 21.553 31.633 30.498 22.772 34.759 21.233 40.651 40.970 30.474 26.637 33.504 35.292 29.595 9.051 27.746 30.713 30.077 38.223 2.566 8.575 31.794 7.143 27.537 17.549 33.574 36.031 18.144 17.685 10.771 25.104 21.913 16.099 35.262 30.159 41.401 14.829 29.503 23.377 22.265 31.858 5.026 20.841 26.685 21.636 12.877 32.411 20.301 33.868 18.864 34.956 32.659 22.167 0.000 6.613 22.149 22.273 19.246 14.766
21.620 27.061 29.327 28.227 6.731 29.744 23.750 28.103 25.047 25.323 27.022 29.414 23.504 38.527 39.140 23.862 20.161 27.648 30.201 23.007 15.104 21.138 24.139 23.587 31.700 4.787 5.169 26.585 12.938 34.149 23.589 27.098 31.007 13.106 13.415 16.608 31.670 25.562 15.320 28.976 24.652 35.167 13.385 22.895 25.381 28.873 26.799 10.883 16.451 20.843 28.226 19.413 28.483 26.908 28.050 21.920 33.521 28.466 24.521 6.613 0.000 28.688 26.199 14.810 8.771
20.583 51.719 58.003 56.681 22.059 58.431 26.279 7.170 53.728 48.874 17.689 53.236 24.375 50.614 50.091 52.471 48.059 53.230 53.149 51.687 16.412 49.647 52.826 52.226 60.369 24.004 28.709 50.151 18.334 7.110 7.784 55.721 53.684 37.543 36.039 13.285 3.083 19.899 29.332 57.322 49.270 63.405 29.812 51.397 26.188 4.773 49.884 19.439 38.814 46.698 1.729 9.276 47.875 3.202 53.491 21.098 43.946 48.692 24.519 22.149 28.688 0.000 18.913 37.562 35.818
5.151 39.633 52.565 52.622 20.739 52.474 8.703 24.899 47.887 36.286 1.665 40.326 6.860 32.558 31.802 46.042 40.073 41.791 39.627 45.960 24.228 42.990 47.228 47.487 54.907 22.138 22.844 37.406 24.533 25.747 11.900 50.902 39.925 27.931 25.619 13.279 21.120 1.320 16.743 53.597 37.452 59.791 18.451 44.556 7.915 23.182 36.831 23.840 27.346 36.342 20.187 16.984 32.862 20.539 41.893 5.177 25.895 34.024 6.488 22.273 26.199 18.913 0.000 26.726 28.979
21.635 14.162 27.108 28.199 17.964 26.697 19.863 39.319 22.466 11.498 28.187 15.862 20.867 25.007 25.974 20.351 13.837 15.751 16.148 20.792 28.222 17.391 22.043 22.987 29.309 16.687 10.692 12.801 26.389 44.179 30.490 26.008 16.844 2.541 1.590 24.296 40.632 25.560 9.989 29.370 11.708 35.201 8.401 18.702 21.607 39.320 12.729 24.270 1.642 9.669 37.711 29.140 13.691 36.826 15.976 21.551 21.256 13.663 21.775 19.246 14.810 37.562 26.726 0.000 7.660
23.877 18.313 23.651 23.683 14.120 23.677 23.892 36.192 19.009 16.757 30.187 20.731 24.356 32.660 33.597 17.317 12.247 18.887 21.640 17.039 23.689 14.306 18.297 18.516 26.015 12.341 7.141 17.987 21.590 41.840 29.664 21.924 22.479 5.274 6.866 22.801 38.884 28.019 13.700 24.699 15.928 30.856 11.483 15.987 25.676 36.675 18.289 19.489 9.119 12.074 35.618 26.730 20.940 34.465 19.283 23.977 28.684 20.655 25.367 14.766 8.771 35.818 28.979 7.660 0.000
0.0000 8.1145 11.0677 11.0937 3.9045 11.0436 1.3463 5.9583 9.9752 7.3462 1.5288 8.3090 0.9287 7.0074 6.8931 9.5425 8.1489 8.6009 8.1736 9.5274 5.1414 8.8303 9.8235 9.8915 11.6131 4.1759 4.1833 7.6159 5.1089 6.4577 3.0014 10.6852 8.2561 5.3177 4.7825 2.6448 5.4185 0.9670 2.7254 11.3246 7.5936 12.7672 3.1077 9.1949 1.4315 5.6590 7.4939 4.8615 5.2067 7.2982 5.0256 3.7764 6.6757 5.0145 8.6294 0.1339 5.4527 6.9240 1.0465 4.3018 5.0448 4.8026 1.2019 5.0482 5.5713
8.1145 0.0000 5.1840 5.8857 7.3740 4.9127 7.3958 12.4506 4.3904 0.8147 9.6153 0.6726 7.7313 5.7561 6.1522 3.8896 2.6967 0.6406 1.1109 4.2694 9.7237 3.5478 4.4547 4.9405 5.5211 7.0183 5.6353 0.6544 9.2570 13.6113 10.4013 5.2760 1.3225 3.3976 3.6645 8.9736 12.7838 8.9537 5.4294 6.1847 0.5794 7.1821 5.1766 3.5387 7.7559 12.4700 0.8915 8.7610 3.0185 1.5119 12.1035 10.0951 2.5397 11.8936 0.5959 8.0691 5.7606 2.1956 7.9051 7.6124 6.3142 12.0679 9.2477 3.3045 4.2731
11.0677 5.1840 0.0000 0.9767 8.4055 0.3740 10.9054 13.2568 1.0955 5.7335 12.5565 5.7462 11.0838 10.8848 11.2580 1.5779 3.1342 4.6237 6.2402 1.5430 10.0934 2.2721 1.2500 1.3689 0.5567 7.9494 7.0973 5.7578 9.5671 14.7472 12.2944 0.6344 6.4275 5.8772 6.4642 10.6621 14.2249 12.0307 8.5160 1.2055 5.1727 2.0130 8.0381 1.9707 11.3199 13.5076 5.9997 9.1654 6.3657 4.5671 13.4126 11.3696 7.6035 13.0910 4.7288 11.0819 10.6406 7.2959 11.3104 8.3674 6.8430 13.5340 12.2653 6.3253 5.5186
11.0937 5.8857 0.9767 0.0000 8.1562 1.3494 11.0498 12.8359 1.5061 6.3565 12.5486 6.4862 11.1911 11.4889 11.8446 2.0309 3.5477 5.3686 6.9733 1.7656 9.6634 2.5942 1.5011 1.2225 1.2271 7.7033 7.0022 6.4175 9.1421 14.3621 12.0872 0.6099 7.1703 6.0777 6.6671 10.4550 13.9013 12.0607 8.6502 0.3002 5.7993 1.6738 8.1513 2.4217 11.4669 13.1230 6.6530 8.7706 6.6746 5.0716 13.0778 11.0684 8.2060 12.7415 5.4811 11.1196 11.1327 7.9185 11.4238 8.0684 6.5862 13.2255 12.2785 6.5798 5.5260
3.9045 7.3740 8.4055 8.1562 0.0000 8.4935 4.7015 5.1515 7.3939 6.8460 4.9750 7.8501 4.5321 9.0674 9.1354 7.0961 6.1179 7.6094 7.9536 6.9175 2.3971 6.4403 7.1868 7.0716 8.9601 0.4561 1.7388 7.1497 2.0009 6.4836 3.9394 7.8914 8.1204 3.9790 3.8231 2.3181 5.8510 4.7402 3.3294 8.3289 6.7959 9.7713 3.0513 6.8492 5.0281 5.2688 7.1531 1.5244 4.5564 6.0244 5.0614 2.9896 7.2129 4.7721 7.6897 4.0001 7.7267 7.2841 4.7528 0.4421 1.5705 5.1472 4.8390 4.1916 3.2946
11.0436 4.9127 0.3740 1.3494 8.4935 0.0000 10.8362 13.4001 1.1026 5.4922 12.5427 5.4572 11.0285 10.6388 11.0182 1.5023 3.0088 4.3369 5.9524 1.5780 10.2451 2.2142 1.3080 1.5602 0.6306 8.0378 7.1323 5.5015 9.7181 14.8751 12.3574 0.9429 6.1354 5.8053 6.3876 10.7280 14.3297 12.0033 8.4571 1.5785 4.9326 2.2704 7.9890 1.8687 11.2489 13.6367 5.7450 9.3060 6.2479 4.3825 13.5227 11.4699 7.3641 13.2072 4.4383 11.0534 10.4380 7.0494 11.2524 8.4743 6.9403 13.6339 12.2439 6.2293 5.5247
1.3463 7.3958 10.9054 11.0498 4.7015 10.8362 0.0000 7.3033 9.8115 6.5951 2.4189 7.4974 0.4528 5.6846 5.5562 9.3404 7.8547 7.9372 7.2993 9.3903 6.2937 8.6350 9.6871 9.8291 11.4338 4.8715 4.4868 6.8396 6.1920 7.7816 4.3411 10.5885 7.3550 5.0312 4.4492 3.8993 6.7304 1.7237 2.3998 11.3021 6.9200 12.7162 2.9028 8.9676 0.4172 7.0043 6.6867 5.8818 4.6985 6.7961 6.3652 5.0862 5.6634 6.3601 7.9484 1.2182 4.1258 5.9469 0.5295 5.1335 5.5418 6.1319 2.0308 4.6347 5.5748
5.9583 12.4506 13.2568 12.8359 5.1515 13.4001 7.3033 0.0000 12.3255 11.8568 5.5756 12.8756 6.8820 12.8916 12.8142 12.0947 11.2440 12.7296 12.9182 11.8554 3.1725 11.4802 12.1004 11.8893 13.7963 5.5686 6.8608 12.1603 3.6950 1.6078 3.0382 12.6854 13.0642 9.0621 8.8056 3.6839 1.7795 5.9984 7.5493 12.9522 11.8714 14.3256 7.5506 11.8897 7.3541 0.6017 12.1305 4.0942 9.5059 11.1559 1.2718 2.4273 11.8768 1.0413 12.8040 6.0886 11.3574 12.0257 6.9585 5.0291 6.5574 1.6730 5.8098 9.1744 8.4448
9.9752 4.3904 1.0955 1.5061 7.3939 1.1026 9.8115 12.3255 0.0000 4.8504 11.4670 5.0027 9.9884 9.9856 10.3440 0.5312 2.0889 3.8927 5.4856 0.4764 9.1793 1.1842 0.2438 0.7468 1.6380 6.9384 6.0328 4.9130 8.6521 13.7899 11.2547 0.9047 5.6861 4.7852 5.3732 9.6254 13.2339 10.9376 7.4210 1.8063 4.2932 3.0052 6.9426 0.9311 10.2263 12.5525 5.1478 8.2320 5.2956 3.5836 12.4291 10.3731 6.7018 12.1162 4.0085 9.9885 9.6584 6.4126 10.2152 7.3809 5.8442 12.5365 11.1736 5.2421 4.4355
7.3462 0.8147 5.7335 6.3565 6.8460 5.4922 6.5951 11.8568 4.8504 0.0000 8.8375 1.0205 6.9376 5.1514 5.5263 4.3282 2.9446 1.4250 1.1398 4.6605 9.2253 3.8777 4.8795 5.3227 6.1145 6.5177 5.1180 0.3043 8.7771 12.9700 9.7089 5.7527 1.3361 2.8856 3.0528 8.3221 12.1167 8.1704 4.6870 6.6566 0.5609 7.7457 4.4692 3.9483 6.9510 11.8493 0.3786 8.2803 2.3563 1.4676 11.4561 9.4750 1.8719 11.2606 1.4020 7.2965 5.0254 1.5646 7.1074 7.1161 5.9088 11.4040 8.4667 2.6829 3.9100
1.5288 9.6153 12.5565 12.5486 4.9750 12.5427 2.4189 5.5756 11.4670 8.8375 0.0000 9.7847 1.9887 7.9646 7.7811 11.0436 9.6678 10.1134 9.6262 11.0140 5.6223 10.3319 11.3091 11.3564 13.1049 5.3232 5.5740 9.1009 5.7289 5.6975 2.5669 12.1576 9.6974 6.8421 6.3105 3.0928 4.6142 0.6964 4.2520 12.7716 9.1026 14.2198 4.6350 10.7016 2.2266 5.1510 8.9692 5.5998 6.7314 8.8258 4.4411 3.8492 8.0543 4.5468 10.1388 1.5537 6.4123 8.3242 1.9006 5.3135 6.3051 4.1274 0.3884 6.5769 7.0436
8.3090 0.6726 5.7462 6.4862 7.8501 5.4572 7.4974 12.8756 5.0027 1.0205 9.7847 0.0000 7.8581 5.3184 5.7314 4.5134 3.3666 1.1228 0.4958 4.9065 10.2217 4.2033 5.0801 5.5774 6.0517 7.5129 6.1170 0.7199 9.7668 13.9900 10.7203 5.8765 0.6842 3.8769 4.0704 9.3417 13.1336 9.1096 5.6796 6.7836 1.1335 7.7262 5.4798 4.1746 7.8377 12.8698 0.8156 9.2700 3.3769 2.1480 12.4757 10.4954 2.2435 12.2811 1.0188 8.2538 5.4813 1.8825 8.0172 8.1104 6.8633 12.4217 9.4094 3.7012 4.8372
0.9287 7.7313 11.0838 11.1911 4.5321 11.0285 0.4528 6.8820 9.9884 6.9376 1.9887 7.8581 0.0000 6.1345 6.0012 9.5283 8.0673 8.2586 7.6759 9.5579 5.9909 8.8192 9.8552 9.9741 11.6183 4.7397 4.4867 7.1895 5.9190 7.3349 3.9032 10.7458 7.7384 5.2288 4.6569 3.5431 6.2812 1.2925 2.5718 11.4370 7.2418 12.8620 3.0473 9.1625 0.5275 6.5718 7.0445 5.6337 4.9625 7.0681 5.9261 4.7002 6.0708 5.9289 8.2746 0.7960 4.5752 6.3465 0.2404 4.9543 5.4843 5.6874 1.6006 4.8691 5.6832
7.0074 5.7561 10.8848 11.4889 9.0674 10.6388 5.6846 12.8916 9.9856 5.1514 7.9646 5.3184 6.1345 0.0000 0.4459 9.4581 7.9876 6.3751 4.8427 9.7602 11.2684 8.9487 9.9973 10.4063 11.2574 8.9753 7.8118 5.1412 10.9958 13.4634 10.0062 10.8902 4.7147 6.4121 6.0426 9.2845 12.4149 7.3106 5.7481 11.7883 5.7123 12.8966 6.0295 9.0687 5.7624 12.6422 4.8966 10.5611 5.5162 6.4417 12.0284 10.5483 3.2849 11.9956 6.2951 6.8870 1.5598 3.5896 6.1322 9.4853 8.9897 11.8098 7.5969 5.8349 7.6206
6.8931 6.1522 11.2580 11.8446 9.1354 11.0182 5.5562 12.8142 10.3440 5.5263 7.7811 5.7314 6.0012 0.4459 0.0000 9.8151 8.3285 6.7761 5.2601 10.1073 11.2928 9.2912 10.3493 10.7481 11.6392 9.0651 7.9432 5.5293 11.0385 13.3359 9.8943 11.2488 5.1375 6.6450 6.2480 9.2403 12.2788 7.1410 5.8065 12.1435 6.0865 13.2708 6.1197 9.4230 5.6033 12.5460 5.2841 10.6139 5.7565 6.7842 11.9186 10.4965 3.6547 11.9000 6.6989 6.7693 1.4627 3.9716 5.9821 9.5597 9.1327 11.6879 7.4204 6.0605 7.8392
9.5425 3.8896 1.5779 2.0309 7.0961 1.5023 9.3404 12.0947 0.5312 4.3282 11.0436 4.5134 9.5283 9.4581 9.8151 0.0000 1.5657 3.4138 4.9913 0.4599 8.9705 0.7122 0.5668 1.0896 2.0938 6.6431 5.6689 4.3981 8.4443 13.5338 10.9155 1.4345 5.1948 4.3093 4.8941 9.2922 12.9464 10.5015 6.9574 2.3306 3.7727 3.5298 6.4874 0.4016 9.7539 12.3001 4.6309 8.0094 4.7886 3.0524 12.1500 10.0842 6.1751 11.8461 3.5322 9.5516 9.1277 5.8886 9.7528 7.1106 5.5679 12.2433 10.7430 4.7485 4.0406
8.1489 2.6967 3.1342 3.5477 6.1179 3.0088 7.8547 11.2440 2.0889 2.9446 9.6678 3.3666 8.0673 7.9876 8.3285 1.5657 0.0000 2.4062 3.7963 1.7871 8.2221 0.9633 2.0477 2.4197 3.6269 5.6836 4.5225 3.0768 7.7085 12.6007 9.7666 2.9751 4.0120 2.8425 3.4107 8.1747 11.9285 9.0959 5.4987 3.8419 2.4220 5.0939 5.0538 1.1658 8.2645 11.3860 3.2875 7.2384 3.2393 1.5460 11.1612 9.0857 4.7247 10.8849 2.5299 8.1474 7.5851 4.4663 8.2861 6.2154 4.7043 11.2138 9.3504 3.2286 2.8575
8.6009 0.6406 4.6237 5.3686 7.6094 4.3369 7.9372 12.7296 3.8927 1.4250 10.1134 1.1228 8.2586 6.3751 6.7761 3.4138 2.4062 0.0000 1.6165 3.8210 9.9199 3.1591 3.9802 4.4893 4.9353 7.2314 5.8762 1.2945 9.4385 13.9369 10.7887 4.7593 1.8055 3.6753 4.0185 9.3206 13.1386 9.4613 5.8919 5.6653 1.0173 6.6069 5.6018 3.0907 8.3059 12.7762 1.5319 8.9456 3.4309 1.5925 12.4382 10.4063 3.1778 12.2137 0.1244 8.5619 6.4012 2.8309 8.4396 7.8177 6.4512 12.4203 9.7512 3.6751 4.4069
8.1736 1.1109 6.2402 6.9733 7.9536 5.9524 7.2993 12.9182 5.4856 1.1398 9.6262 0.4958 7.6759 4.8427 5.2601 4.9913 3.7963 1.6165 0.0000 5.3773 10.3405 4.6584 5.5575 6.0485 6.5474 7.6362 6.2343 0.8563 9.8987 13.9891 10.6744 6.3634 0.2175 4.0135 4.1386 9.3409 13.1089 8.9433 5.6018 7.2712 1.4482 8.2217 5.4454 4.6459 7.6246 12.8893 0.8013 9.4023 3.4184 2.4822 12.4715 10.5199 1.8582 12.2905 1.5143 8.1115 5.0682 1.5003 7.8242 8.2349 7.0469 12.4015 9.2463 3.7678 5.0493
9.5274 4.2694 1.5430 1.7656 6.9175 1.5780 9.3903 11.8554 0.4764 4.6605 11.0140 4.9065 9.5579 9.7602 10.1073 0.4599 1.7871 3.8210 5.3773 0.0000 8.7127 0.8287 0.2972 0.6711 2.0951 6.4621 5.5629 4.7503 8.1856 13.3164 10.7801 1.2187 5.5842 4.3750 4.9647 9.1503 12.7579 10.4911 6.9950 2.0571 4.1124 3.3634 6.5107 0.7319 9.8059 12.0794 4.9777 7.7626 4.9263 3.3239 11.9535 9.8970 6.4851 11.6413 3.9414 9.5429 9.3702 6.2110 9.7863 6.9056 5.3683 12.0603 10.7241 4.8514 3.9757
5.1414 9.7237 10.0934 9.6634 2.3971 10.2451 6.2937 3.1725 9.1793 9.2253 5.6223 10.2217 5.9909 11.2684 11.2928 8.9705 8.2221 9.9199 10.3405 8.7127 0.0000 8.3789 8.9509 8.7249 10.6302 2.7088 4.1074 9.5281 0.5272 4.7186 3.5174 9.5172 10.5103 6.3448 6.2176 2.5592 4.4129 5.6855 5.5399 9.7808 9.1487 11.1600 5.3515 8.7861 6.5184 3.4891 9.5393 0.9851 6.9521 8.3276 3.5803 2.0103 9.5971 3.2053 10.0068 5.2684 9.8483 9.6767 6.1633 2.1119 3.5243 3.8294 5.6532 6.5851 5.5273
8.8303 3.5478 2.2721 2.5942 6.4403 2.2142 8.6350 11.4802 1.1842 3.8777 10.3319 4.2033 8.8192 8.9487 9.2912 0.7122 0.9633 3.1591 4.6584 0.8287 8.3789 0.0000 1.1030 1.4575 2.7995 5.9900 4.9769 3.9874 7.8548 12.8992 10.2310 2.0365 4.8701 3.6054 4.1921 8.6120 12.2907 9.7894 6.2490 2.8858 3.3395 4.1743 5.7769 0.4100 9.0491 11.6691 4.2077 7.4086 4.1154 2.5074 11.5004 9.4299 5.6809 11.2028 3.2828 8.8394 8.5421 5.4155 9.0444 6.4742 4.9321 11.5843 10.0310 4.0579 3.3381
9.8235 4.4547 1.2500 1.5011 7.1868 1.3080 9.6871 12.1004 0.2438 4.8795 11.3091 5.0801 9.8552 9.9973 10.3493 0.5668 2.0477 3.9802 5.5575 0.2972 8.9509 1.1030 0.0000 0.5507 1.8041 6.7309 5.8499 4.9566 8.4237 13.5699 11.0591 0.9335 5.7613 4.6703 5.2599 9.4282 13.0217 10.7875 7.2921 1.7974 4.3265 3.0747 6.8080 0.9313 10.1027 12.3319 5.1877 8.0064 5.2133 3.5715 12.2149 10.1620 6.7174 11.8998 4.0984 9.8394 9.6324 6.4365 10.0835 7.1664 5.6324 12.3261 11.0200 5.1434 4.2693
9.8915 4.9405 1.3689 1.2225 7.0716 1.5602 9.8291 11.8893 0.7468 5.3227 11.3564 5.5774 9.9741 10.4063 10.7481 1.0896 2.4197 4.4893 6.0485 0.6711 8.7249 1.4575 0.5507 0.0000 1.9081 6.6158 5.8336 5.4177 8.1987 13.3839 10.9809 0.8209 6.2553 4.8566 5.4457 9.3472 12.8734 10.8582 7.4293 1.4894 4.7772 2.8881 6.9320 1.4028 10.2461 12.1441 5.6437 7.7991 5.4686 3.9649 12.0581 10.0224 7.1372 11.7333 4.6093 9.9147 9.9811 6.8683 10.2061 7.0180 5.5037 12.1861 11.0803 5.3637 4.3204
11.6131 5.5211 0.5567 1.2271 8.9601 0.6306 11.4338 13.7963 1.6380 6.1145 13.1049 6.0517 11.6183 11.2574 11.6392 2.0938 3.6269 4.9353 6.5474 2.0951 10.6302 2.7995 1.8041 1.9081 0.0000 8.5040 7.6531 6.1175 10.1044 15.2920 12.8510 1.1205 6.7263 6.4030 6.9880 11.2185 14.7759 12.5752 9.0485 1.3504 5.5557 1.6829 8.5745 2.4749 11.8475 14.0522 6.3616 9.7069 6.8658 5.0129 13.9625 11.9218 7.9861 13.6394 5.0335 11.6260 11.0677 7.6689 11.8438 8.9188 7.3966 14.0861 12.8116 6.8387 6.0702
4.1759 7.0183 7.9494 7.7033 0.4561 8.0378 4.8715 5.5686 6.9384 6.5177 5.3232 7.5129 4.7397 8.9753 9.0651 6.6431 5.6836 7.2314 7.6362 6.4621 2.7088 5.9900 6.7309 6.6158 8.5040 0.0000 1.4023 6.8202 2.2645 6.9233 4.3878 7.4357 7.8087 3.6361 3.5303 2.7613 6.3033 5.0475 3.2851 7.8778 6.4422 9.3216 2.9469 6.3992 5.2188 5.7035 6.8349 1.7694 4.2669 5.6417 5.5104 3.4412 6.9794 5.2165 7.3150 4.2626 7.6797 7.0313 4.9677 0.5987 1.1171 5.6009 5.1654 3.8936 2.8795
4.1833 5.6353 7.0973 7.0022 1.7388 7.1323 4.4868 6.8608 6.0328 5.1180 5.5740 6.1170 4.4867 7.8118 7.9432 5.6689 4.5225 5.8762 6.2343 5.5629 4.1074 4.9769 5.8499 5.8336 7.6531 1.4023 0.0000 5.4210 3.6666 8.1294 5.2597 6.6480 6.4064 2.2419 2.1349 3.6542 7.4155 5.1405 2.3863 7.2144 5.0573 8.6664 1.9209 5.3761 4.8845 6.9381 5.4330 3.1709 2.8709 4.2962 6.6629 4.5943 5.6177 6.4048 5.9547 4.2317 6.6198 5.6527 4.7270 2.0009 1.2060 6.6987 5.3303 2.4949 1.6662
7.6159 0.6544 5.7578 6.4175 7.1497 5.5015 6.8396 12.1603 4.9130 0.3043 9.1009 0.7199 7.1895 5.1412 5.5293 4.3981 3.0768 1.2945 0.8563 4.7503 9.5281 3.9874 4.9566 5.4177 6.1175 6.8202 5.4210 0.0000 9.0788 13.2703 10.0024 5.8102 1.0619 3.1869 3.3569 8.6219 12.4140 8.4303 4.9699 6.7175 0.6560 7.7654 4.7619 4.0283 7.1895 12.1514 0.2452 8.5820 2.6583 1.6637 11.7559 9.7773 1.8958 11.5618 1.2476 7.5639 5.1075 1.5598 7.3551 7.4185 6.2032 11.7018 8.7282 2.9869 4.1969
5.1089 9.2570 9.5671 9.1421 2.0009 9.7181 6.1920 3.6950 8.6521 8.7771 5.7289 9.7668 5.9190 10.9958 11.0385 8.4443 7.7085 9.4385 9.8987 8.1856 0.5272 7.8548 8.4237 8.1987 10.1044 2.2645 3.6666 9.0788 0.0000 5.2301 3.7940 8.9919 10.0724 5.8922 5.7929 2.6361 4.8852 5.7282 5.2495 9.2620 8.6842 10.6458 5.0225 8.2617 6.4447 3.9962 9.0975 0.4968 6.5292 7.8462 4.0502 2.3320 9.2126 3.6828 9.5274 5.2310 9.6056 9.2790 6.1052 1.6667 3.0189 4.2779 5.7243 6.1573 5.0376
6.4577 13.6113 14.7472 14.3621 6.4836 14.8751 7.7816 1.6078 13.7899 12.9700 5.6975 13.9900 7.3349 13.4634 13.3359 13.5338 12.6007 13.9369 13.9891 13.3164 4.7186 12.8992 13.5699 13.3839 15.2920 6.9233 8.1294 13.2703 5.2301 0.0000 3.4750 14.1882 14.1201 10.2631 9.9468 4.6493 1.0847 6.2536 8.4657 14.4883 13.0358 15.8759 8.5507 13.3091 7.7469 1.2400 13.2181 5.5924 10.6152 12.3891 1.5188 3.5377 12.8024 1.7258 14.0032 6.5767 11.9063 12.9849 7.3603 6.4253 7.9681 1.6590 6.0077 10.3084 9.7626
3.0014 10.4013 12.2944 12.0872 3.9394 12.3574 4.3411 3.0382 11.2547 9.7089 2.5669 10.7203 3.9032 10.0062 9.8943 10.9155 9.7666 10.7887 10.6744 10.7801 3.5174 10.2310 11.0591 10.9809 12.8510 4.3878 5.2597 10.0024 3.7940 3.4750 0.0000 11.8018 10.7906 7.1713 6.7714 1.6337 2.4770 2.9602 5.0843 12.2650 9.8374 13.7094 5.2406 10.6327 4.3502 2.6757 9.9266 3.8553 7.3829 9.3048 2.0244 1.5174 9.3868 2.0398 10.8420 3.1252 8.4533 9.5883 3.9560 4.0947 5.5040 1.8162 2.7767 7.1143 6.9216
10.6852 5.2760 0.6344 0.6099 7.8914 0.9429 10.5885 12.6854 0.9047 5.7527 12.1576 5.8765 10.7458 10.8902 11.2488 1.4345 2.9751 4.7593 6.3634 1.2187 9.5172 2.0365 0.9335 0.8209 1.1205 7.4357 6.6480 5.8102 8.9919 14.1882 11.8018 0.0000 6.5606 5.5853 6.1754 10.1681 13.6873 11.6512 8.1902 0.9087 5.1947 2.1451 7.6995 1.8310 11.0049 12.9482 6.0463 8.5993 6.1447 4.4848 12.8705 10.8385 7.6061 12.5435 4.8721 10.7057 10.5557 7.3157 10.9760 7.8339 6.3229 13.0017 11.8771 6.0686 5.1155
8.2561 1.3225 6.4275 7.1703 8.1204 6.1354 7.3550 13.0642 5.6861 1.3361 9.6974 0.6842 7.7384 4.7147 5.1375 5.1948 4.0120 1.8055 0.2175 5.5842 10.5103 4.8701 5.7613 6.2553 6.7263 7.8087 6.4064 1.0619 10.0724 14.1201 10.7906 6.5606 0.0000 4.1940 4.3005 9.4740 13.2318 9.0117 5.7112 7.4678 1.6644 8.4032 5.5712 4.8525 7.6727 13.0276 0.9820 9.5763 3.5749 2.6980 12.6018 10.6609 1.8306 12.4256 1.6987 8.1911 5.0010 1.4820 7.8816 8.4073 7.2350 12.5263 9.3159 3.9304 5.2452
5.3177 3.3976 5.8772 6.0777 3.9790 5.8053 5.0312 9.0621 4.7852 2.8856 6.8421 3.8769 5.2288 6.4121 6.6450 4.3093 2.8425 3.6753 4.0135 4.3750 6.3448 3.6054 4.6703 4.8566 6.4030 3.6361 2.2419 3.1869 5.8922 10.2631 7.1713 5.5853 4.1940 0.0000 0.5902 5.6615 9.4792 6.2584 2.6578 6.3446 2.8186 7.7265 2.2139 3.9371 5.4446 9.1010 3.2138 5.3954 0.9005 2.1376 8.7677 6.7311 3.6685 8.5391 3.7452 5.3116 5.5527 3.6215 5.4500 4.2337 3.0582 8.7599 6.5173 0.5929 1.2306
4.7825 3.6645 6.4642 6.6671 3.8231 6.3876 4.4492 8.8056 5.3732 3.0528 6.3105 4.0704 4.6569 6.0426 6.2480 4.8941 3.4107 4.0185 4.1386 4.9647 6.2176 4.1921 5.2599 5.4457 6.9880 3.5303 2.1349 3.3569 5.7929 9.9468 6.7714 6.1754 4.3005 0.5902 0.0000 5.3116 9.1263 5.7127 2.0916 6.9333 3.0896 8.3166 1.6761 4.5189 4.8614 8.8094 3.3410 5.2991 0.7366 2.5596 8.4394 6.4340 3.5170 8.2297 4.0750 4.7699 5.0913 3.5281 4.8755 4.1265 3.1302 8.4090 5.9777 0.3709 1.6021
2.6448 8.9736 10.6621 10.4550 2.3181 10.7280 3.8993 3.6839 9.6254 8.3221 3.0928 9.3417 3.5431 9.2845 9.2403 9.2922 8.1747 9.3206 9.3409 9.1503 2.5592 8.6120 9.4282 9.3472 11.2185 2.7613 3.6542 8.6219 2.6361 4.6493 1.6337 10.1681 9.4740 5.6615 5.3116 0.0000 3.8185 3.1265 3.8718 10.6347 8.4005 12.0806 3.9111 9.0155 4.0645 3.5674 8.5688 2.5304 5.9689 7.7985 3.1340 1.2715 8.2100 2.9535 9.3819 2.7768 7.7776 8.3724 3.6886 2.5133 3.8752 3.0998 3.0985 5.6691 5.3203
5.4185 12.7838 14.2249 13.9013 5.8510 14.3297 6.7304 1.7795 13.2339 12.1167 4.6142 13.1336 6.2812 12.4149 12.2788 12.9464 11.9285 13.1386 13.1089 12.7579 4.4129 12.2907 13.0217 12.8734 14.7759 6.3033 7.4155 12.4140 4.8852 1.0847 2.4770 13.6873 13.2318 9.4792 9.1263 3.8185 0.0000 5.1779 7.5408 14.0461 12.2128 15.4593 7.6637 12.6993 6.6820 1.1833 12.3496 5.1747 9.7712 11.6154 0.8352 2.8622 11.8587 1.2089 13.1991 5.5342 10.8561 12.0547 6.2982 5.8576 7.3897 0.7194 4.9280 9.4809 9.0730
0.9670 8.9537 12.0307 12.0607 4.7402 12.0033 1.7237 5.9984 10.9376 8.1704 0.6964 9.1096 1.2925 7.3106 7.1410 10.5015 9.0959 9.4613 8.9433 10.4911 5.6855 9.7894 10.7875 10.8582 12.5752 5.0475 5.1405 8.4303 5.7282 6.2536 2.9602 11.6512 9.0117 6.2584 5.7127 3.1265 5.1779 0.0000 3.6333 12.2916 8.4479 13.7343 4.0446 10.1513 1.5522 5.6167 8.2943 5.5412 6.1011 8.2030 4.9278 4.0671 7.3602 4.9919 9.4838 0.9501 5.7540 7.6321 1.2098 5.1131 5.9644 4.6430 0.3081 5.9641 6.5379
2.7254 5.4294 8.5160 8.6502 3.3294 8.4571 2.3998 7.5493 7.4210 4.6870 4.2520 5.6796 2.5718 5.7481 5.8065 6.9574 5.4987 5.8919 5.6018 6.9950 5.5399 6.2490 7.2921 7.4293 9.0485 3.2851 2.3863 4.9699 5.2495 8.4657 5.0843 8.1902 5.7112 2.6578 2.0916 3.8718 7.5408 3.6333 0.0000 8.9030 4.8930 10.3165 0.5216 6.5907 2.8167 7.4332 4.8731 4.8131 2.4820 4.5741 6.9490 5.1229 4.3423 6.8082 5.9258 2.7004 4.4006 4.5193 2.7955 3.7565 3.5746 6.8441 3.9066 2.3308 3.1966
11.3246 6.1847 1.2055 0.3002 8.3289 1.5785 11.3021 12.9522 1.8063 6.6566 12.7716 6.7836 11.4370 11.7883 12.1435 2.3306 3.8419 5.6653 7.2712 2.0571 9.7808 2.8858 1.7974 1.4894 1.3504 7.8778 7.2144 6.7175 9.2620 14.4883 12.2650 0.9087 7.4678 6.3446 6.9333 10.6347 14.0461 12.2916 8.9030 0.0000 6.0995 1.4530 8.4013 2.7205 11.7193 13.2504 6.9531 8.9006 6.9542 5.3688 13.2200 11.2223 8.5056 12.8798 5.7774 11.3527 11.4267 8.2185 11.6705 8.2279 6.7611 13.3751 12.5060 6.8530 5.7632
7.5936 0.5794 5.1727 5.7993 6.7959 4.9326 6.9200 11.8714 4.2932 0.5609 9.1026 1.1335 7.2418 5.7123 6.0865 3.7727 2.4220 1.0173 1.4482 4.1124 9.1487 3.3395 4.3265 4.7772 5.5557 6.4422 5.0573 0.6560 8.6842 13.0358 9.8374 5.1947 1.6644 2.8186 3.0896 8.4005 12.2128 8.4479 4.8930 6.0995 0.0000 7.1850 4.6227 3.3958 7.2893 11.8924 0.8683 8.1879 2.4565 1.0342 11.5290 9.5176 2.4319 11.3173 1.0362 7.5524 5.5619 2.1251 7.4223 7.0371 5.7522 11.4963 8.7388 2.7320 3.7166
12.7672 7.1821 2.0130 1.6738 9.7713 2.2704 12.7162 14.3256 3.0052 7.7457 14.2198 7.7262 12.8620 12.8966 13.2708 3.5298 5.0939 6.6069 8.2217 3.3634 11.1600 4.1743 3.0747 2.8881 1.6829 9.3216 8.6664 7.7654 10.6458 15.8759 13.7094 2.1451 8.4032 7.7265 8.3166 12.0806 15.4593 13.7343 10.3165 1.4530 7.1850 0.0000 9.8200 3.9312 13.1330 14.6407 8.0081 10.2994 8.2879 6.5661 14.6305 12.6473 9.6162 14.2855 6.7074 12.7933 12.6441 9.3073 13.0942 9.6602 8.2057 14.7944 13.9513 8.2136 7.1998
3.1077 5.1766 8.0381 8.1513 3.0513 7.9890 2.9028 7.5506 6.9426 4.4692 4.6350 5.4798 3.0473 6.0295 6.1197 6.4874 5.0538 5.6018 5.4454 6.5107 5.3515 5.7769 6.8080 6.9320 8.5745 2.9469 1.9209 4.7619 5.0225 8.5507 5.2406 7.6995 5.5712 2.2139 1.6761 3.9111 7.6637 4.0446 0.5216 8.4013 4.6227 9.8200 0.0000 6.1268 3.3199 7.4758 4.6881 4.5656 2.1710 4.2159 7.0320 5.1272 4.3364 6.8645 5.6447 3.0984 4.7490 4.4752 3.2766 3.4602 3.1232 6.9561 4.3052 1.9601 2.6793
9.1949 3.5387 1.9707 2.4217 6.8492 1.8687 8.9676 11.8897 0.9311 3.9483 10.7016 4.1746 9.1625 9.0687 9.4230 0.4016 1.1658 3.0907 4.6459 0.7319 8.7861 0.4100 0.9313 1.4028 2.4749 6.3992 5.3761 4.0283 8.2617 13.3091 10.6327 1.8310 4.8525 3.9371 4.5189 9.0155 12.6993 10.1513 6.5907 2.7205 3.3958 3.9312 6.1268 0.0000 9.3802 12.0791 4.2582 7.8167 4.3956 2.6539 11.9096 9.8388 5.7875 11.6125 3.2115 9.2012 8.7274 5.5053 9.3856 6.8841 5.3421 11.9925 10.3964 4.3638 3.7303
1.4315 7.7559 11.3199 11.4669 5.0281 11.2489 0.4172 7.3541 10.2263 6.9510 2.2266 7.8377 0.5275 5.7624 5.6033 9.7539 8.2645 8.3059 7.6246 9.8059 6.5184 9.0491 10.1027 10.2461 11.8475 5.2188 4.8845 7.1895 6.4447 7.7469 4.3502 11.0049 7.6727 5.4446 4.8614 4.0645 6.6820 1.5522 2.8167 11.7193 7.2893 13.1330 3.3199 9.3802 0.0000 7.0253 7.0303 6.1552 5.0970 7.1898 6.3655 5.2076 5.9524 6.3859 8.3141 1.2976 4.2043 6.2467 0.3957 5.4546 5.9222 6.1106 1.8469 5.0416 5.9911
5.6590 12.4700 13.5076 13.1230 5.2688 13.6367 7.0043 0.6017 12.5525 11.8493 5.1510 12.8698 6.5718 12.6422 12.5460 12.3001 11.3860 12.7762 12.8893 12.0794 3.4891 11.6691 12.3319 12.1441 14.0522 5.7035 6.9381 12.1514 3.9962 1.2400 2.6757 12.9482 13.0276 9.1010 8.8094 3.5674 1.1833 5.6167 7.4332 13.2504 11.8924 14.6407 7.4758 12.0791 7.0253 0.0000 12.1096 4.3528 9.4932 11.2167 0.7305 2.3754 11.7747 0.6465 12.8459 5.7861 11.0967 11.9397 6.6308 5.1952 6.7370 1.1138 5.4092 9.1748 8.5574
7.4939 0.8915 5.9997 6.6530 7.1531 5.7450 6.6867 12.1305 5.1478 0.3786 8.9692 0.8156 7.0445 4.8966 5.2841 4.6309 3.2875 1.5319 0.8013 4.9777 9.5393 4.2077 5.1877 5.6437 6.3616 6.8349 5.4330 0.2452 9.0975 13.2181 9.9266 6.0463 0.9820 3.2138 3.3410 8.5688 12.3496 8.2943 4.8731 6.9531 0.8683 8.0081 4.6881 4.2582 7.0303 12.1096 0.0000 8.6011 2.6256 1.8372 11.7018 9.7379 1.6519 11.5148 1.4791 7.4384 4.8695 1.3146 7.2053 7.4336 6.2530 11.6396 8.5940 2.9701 4.2675
4.8615 8.7610 9.1654 8.7706 1.5244 9.3060 5.8818 4.0942 8.2320 8.2803 5.5998 9.2700 5.6337 10.5611 10.6139 8.0094 7.2384 8.9456 9.4023 7.7626 0.9851 7.4086 8.0064 7.7991 9.7069 1.7694 3.1709 8.5820 0.4968 5.5924 3.8553 8.5993 9.5763 5.3954 5.2991 2.5304 5.1747 5.5412 4.8131 8.9006 8.1879 10.2994 4.5656 7.8167 6.1552 4.3528 8.6011 0.0000 6.0356 7.3532 4.3412 2.4770 8.7284 3.9885 9.0339 4.9785 9.1893 8.7907 5.8301 1.1728 2.5393 4.5358 5.5626 5.6630 4.5474
5.2067 3.0185 6.3657 6.6746 4.5564 6.2479 4.6985 9.5059 5.2956 2.3563 6.7314 3.3769 4.9625 5.5162 5.7565 4.7886 3.2393 3.4309 3.4184 4.9263 6.9521 4.1154 5.2133 5.4686 6.8658 4.2669 2.8709 2.6583 6.5292 10.6152 7.3829 6.1447 3.5749 0.9005 0.7366 5.9689 9.7712 6.1011 2.4820 6.9542 2.4565 8.2879 2.1710 4.3956 5.0970 9.4932 2.6256 6.0356 0.0000 2.1065 9.1025 7.1191 2.8143 8.9046 3.4741 5.1781 4.7040 2.8048 5.1653 4.8629 3.8385 9.0567 6.3808 0.3832 2.1278
7.2982 1.5119 4.5671 5.0716 6.0244 4.3825 6.7961 11.1559 3.5836 1.4676 8.8258 2.1480 7.0681 6.4417 6.7842 3.0524 1.5460 1.5925 2.4822 3.3239 8.3276 2.5074 3.5715 3.9649 5.0129 5.6417 4.2962 1.6637 7.8462 12.3891 9.3048 4.4848 2.6980 2.1376 2.5596 7.7985 11.6154 8.2030 4.5741 5.3688 1.0342 6.5661 4.2159 2.6539 7.1898 11.2167 1.8372 7.3532 2.1065 0.0000 10.8989 8.8531 3.1820 10.6638 1.6824 7.2744 6.0785 2.9341 7.2691 6.2265 4.8633 10.8961 8.4799 2.2560 2.8173
5.0256 12.1035 13.4126 13.0778 5.0614 13.5227 6.3652 1.2718 12.4291 11.4561 4.4411 12.4757 5.9261 12.0284 11.9186 12.1500 11.1612 12.4382 12.4715 11.9535 3.5803 11.5004 12.2149 12.0581 13.9625 5.5104 6.6629 11.7559 4.0502 1.5188 2.0244 12.8705 12.6018 8.7677 8.4394 3.1340 0.8352 4.9278 6.9490 13.2200 11.5290 14.6305 7.0320 11.9096 6.3655 0.7305 11.7018 4.3412 9.1025 10.8989 0.0000 2.0758 11.2877 0.3899 12.5025 5.1496 10.4766 11.4678 5.9728 5.0485 6.5861 0.4034 4.7104 8.7993 8.3109
3.7764 10.0951 11.3696 11.0684 2.9896 11.4699 5.0862 2.4273 10.3731 9.4750 3.8492 10.4954 4.7002 10.5483 10.4965 10.0842 9.0857 10.4063 10.5199 9.8970 2.0103 9.4299 10.1620 10.0224 11.9218 3.4412 4.5943 9.7773 2.3320 3.5377 1.5174 10.8385 10.6609 6.7311 6.4340 1.2715 2.8622 4.0671 5.1229 11.2223 9.5176 12.6473 5.1272 9.8388 5.2076 2.3754 9.7379 2.4770 7.1191 8.8531 2.0758 0.0000 9.4499 1.8119 10.4747 3.9103 9.0342 9.6012 4.8188 3.0047 4.5296 2.1645 3.9630 6.7994 6.2370
6.6757 2.5397 7.6035 8.2060 7.2129 7.3641 5.6634 11.8768 6.7018 1.8719 8.0543 2.2435 6.0708 3.2849 3.6547 6.1751 4.7247 3.1778 1.8582 6.4851 9.5971 5.6809 6.7174 7.1372 7.9861 6.9794 5.6177 1.8958 9.2126 12.8024 9.3868 7.6061 1.8306 3.6685 3.5170 8.2100 11.8587 7.3602 4.3423 8.5056 2.4319 9.6162 4.3364 5.7875 5.9524 11.7747 1.6519 8.7284 2.8143 3.1820 11.2877 9.4499 0.0000 11.1505 3.1158 6.5967 3.2422 0.3612 6.1928 7.5626 6.6460 11.1708 7.6677 3.1947 4.8861
5.0145 11.8936 13.0910 12.7415 4.7721 13.2072 6.3601 1.0413 12.1162 11.2606 4.5468 12.2811 5.9289 11.9956 11.9000 11.8461 10.8849 12.2137 12.2905 11.6413 3.2053 11.2028 11.8998 11.7333 13.6394 5.2165 6.4048 11.5618 3.6828 1.7258 2.0398 12.5435 12.4256 8.5391 8.2297 2.9535 1.2089 4.9919 6.8082 12.8798 11.3173 14.2855 6.8645 11.6125 6.3859 0.6465 11.5148 3.9885 8.9046 10.6638 0.3899 1.8119 11.1505 0.0000 12.2807 5.1420 10.4503 11.3205 5.9909 4.7368 6.2785 0.7470 4.7924 8.5928 8.0419
8.6294 0.5959 4.7288 5.4811 7.6897 4.4383 7.9484 12.8040 4.0085 1.4020 10.1388 1.0188 8.2746 6.2951 6.6989 3.5322 2.5299 0.1244 1.5143 3.9414 10.0068 3.2828 4.0984 4.6093 5.0335 7.3150 5.9547 1.2476 9.5274 14.0032 10.8420 4.8721 1.6987 3.7452 4.0750 9.3819 13.1991 9.4838 5.9258 5.7774 1.0362 6.7074 5.6447 3.2115 8.3141 12.8459 1.4791 9.0339 3.4741 1.6824 12.5025 10.4747 3.1158 12.2807 0.0000 8.5886 6.3468 2.7654 8.4532 7.9026 6.5449 12.4812 9.7750 3.7277 4.4994
0.1339 8.0691 11.0819 11.1196 4.0001 11.0534 1.2182 6.0886 9.9885 7.2965 1.5537 8.2538 0.7960 6.8870 6.7693 9.5516 8.1474 8.5619 8.1115 9.5429 5.2684 8.8394 9.8394 9.9147 11.6260 4.2626 4.2317 7.5639 5.2310 6.5767 3.1252 10.7057 8.1911 5.3116 4.7699 2.7768 5.5342 0.9501 2.7004 11.3527 7.5524 12.7933 3.0984 9.2012 1.2976 5.7861 7.4384 4.9785 5.1781 7.2744 5.1496 3.9103 6.5967 5.1420 8.5886 0.0000 5.3312 6.8493 0.9131 4.4015 5.1148 4.9229 1.2080 5.0286 5.5946
5.4527 5.7606 10.6406 11.1327 7.7267 10.4380 4.1258 11.3574 9.6584 5.0254 6.4123 5.4813 4.5752 1.5598 1.4627 9.1277 7.5851 6.4012 5.0682 9.3702 9.8483 8.5421 9.6324 9.9811 11.0677 7.6797 6.6198 5.1075 9.6056 11.9063 8.4533 10.5557 5.0010 5.5527 5.0913 7.7776 10.8561 5.7540 4.4006 11.4267 5.5619 12.6441 4.7490 8.7274 4.2043 11.0967 4.8695 9.1893 4.7040 6.0785 10.4766 9.0342 3.2422 10.4503 6.3468 5.3312 0.0000 3.6013 4.5726 8.1564 7.8215 10.2540 6.0421 4.9598 6.6930
6.9240 2.1956 7.2959 7.9185 7.2841 7.0494 5.9469 12.0257 6.4126 1.5646 8.3242 1.8825 6.3465 3.5896 3.9716 5.8886 4.4663 2.8309 1.5003 6.2110 9.6767 5.4155 6.4365 6.8683 7.6689 7.0313 5.6527 1.5598 9.2790 12.9849 9.5883 7.3157 1.4820 3.6215 3.5281 8.3724 12.0547 7.6321 4.5193 8.2185 2.1251 9.3073 4.4752 5.5053 6.2467 11.9397 1.3146 8.7907 2.8048 2.9341 11.4678 9.6012 0.3612 11.3205 2.7654 6.8493 3.6013 0.0000 6.4761 7.6205 6.6421 11.3615 7.9388 3.1879 4.8196
1.0465 7.9051 11.3104 11.4238 4.7528 11.2524 0.5295 6.9585 10.2152 7.1074 1.9006 8.0172 0.2404 6.1322 5.9821 9.7528 8.2861 8.4396 7.8242 9.7863 6.1633 9.0444 10.0835 10.2061 11.8438 4.9677 4.7270 7.3551 6.1052 7.3603 3.9560 10.9760 7.8816 5.4500 4.8755 3.6886 6.2982 1.2098 2.7955 11.6705 7.4223 13.0942 3.2766 9.3856 0.3957 6.6308 7.2053 5.8301 5.1653 7.2691 5.9728 4.8188 6.1928 5.9909 8.4532 0.9131 4.5726 6.4761 0.0000 5.1722 5.7215 5.7210 1.5140 5.0809 5.9189
4.3018 7.6124 8.3674 8.0684 0.4421 8.4743 5.1335 5.0291 7.3809 7.1161 5.3135 8.1104 4.9543 9.4853 9.5597 7.1106 6.2154 7.8177 8.2349 6.9056 2.1119 6.4742 7.1664 7.0180 8.9188 0.5987 2.0009 7.4185 1.6667 6.4253 4.0947 7.8339 8.4073 4.2337 4.1265 2.5133 5.8576 5.1131 3.7565 8.2279 7.0371 9.6602 3.4602 6.8841 5.4546 5.1952 7.4336 1.1728 4.8629 6.2265 5.0485 3.0047 7.5626 4.7368 7.9026 4.4015 8.1564 7.6205 5.1722 0.0000 1.5430 5.1680 5.1971 4.4907 3.4454
5.0448 6.3142 6.8430 6.5862 1.5705 6.9403 5.5418 6.5574 5.8442 5.9088 6.3051 6.8633 5.4843 8.9897 9.1327 5.5679 4.7043 6.4512 7.0469 5.3683 3.5243 4.9321 5.6324 5.5037 7.3966 1.1171 1.2060 6.2032 3.0189 7.9681 5.5040 6.3229 7.2350 3.0582 3.1302 3.8752 7.3897 5.9644 3.5746 6.7611 5.7522 8.2057 3.1232 5.3421 5.9222 6.7370 6.2530 2.5393 3.8385 4.8633 6.5861 4.5296 6.6460 6.2785 6.5449 5.1148 7.8215 6.6421 5.7215 1.5430 0.0000 6.6938 6.1131 3.4556 2.0465
4.8026 12.0679 13.5340 13.2255 5.1472 13.6339 6.1319 1.6730 12.5365 11.4040 4.1274 12.4217 5.6874 11.8098 11.6879 12.2433 11.2138 12.4203 12.4015 12.0603 3.8294 11.5843 12.3261 12.1861 14.0861 5.6009 6.6987 11.7018 4.2779 1.6590 1.8162 13.0017 12.5263 8.7599 8.4090 3.0998 0.7194 4.6430 6.8441 13.3751 11.4963 14.7944 6.9561 11.9925 6.1106 1.1138 11.6396 4.5358 9.0567 10.8961 0.4034 2.1645 11.1708 0.7470 12.4812 4.9229 10.2540 11.3615 5.7210 5.1680 6.6938 0.0000 4.4130 8.7644 8.3575
1.2019 9.2477 12.2653 12.2785 4.8390 12.2439 2.0308 5.8098 11.1736 8.4667 0.3884 9.4094 1.6006 7.5969 7.4204 10.7430 9.3504 9.7512 9.2463 10.7241 5.6532 10.0310 11.0200 11.0803 12.8116 5.1654 5.3303 8.7282 5.7243 6.0077 2.7767 11.8771 9.3159 6.5173 5.9777 3.0985 4.9280 0.3081 3.9066 12.5060 8.7388 13.9513 4.3052 10.3964 1.8469 5.4092 8.5940 5.5626 6.3808 8.4799 4.7104 3.9630 7.6677 4.7924 9.7750 1.2080 6.0421 7.9388 1.5140 5.1971 6.1131 4.4130 0.0000 6.2360 6.7617
5.0482 3.3045 6.3253 6.5798 4.1916 6.2293 4.6347 9.1744 5.2421 2.6829 6.5769 3.7012 4.8691 5.8349 6.0605 4.7485 3.2286 3.6751 3.7678 4.8514 6.5851 4.0579 5.1434 5.3637 6.8387 3.8936 2.4949 2.9869 6.1573 10.3084 7.1143 6.0686 3.9304 0.5929 0.3709 5.6691 9.4809 5.9641 2.3308 6.8530 2.7320 8.2136 1.9601 4.3638 5.0416 9.1748 2.9701 5.6630 0.3832 2.2560 8.7993 6.7994 3.1947 8.5928 3.7277 5.0286 4.9598 3.1879 5.0809 4.4907 3.4556 8.7644 6.2360 0.0000 1.7872
5.5713 4.2731 5.5186 5.5260 3.2946 5.5247 5.5748 8.4448 4.4355 3.9100 7.0436 4.8372 5.6832 7.6206 7.8392 4.0406 2.8575 4.4069 5.0493 3.9757 5.5273 3.3381 4.2693 4.3204 6.0702 2.8795 1.6662 4.1969 5.0376 9.7626 6.9216 5.1155 5.2452 1.2306 1.6021 5.3203 9.0730 6.5379 3.1966 5.7632 3.7166 7.1998 2.6793 3.7303 5.9911 8.5574 4.2675 4.5474 2.1278 2.8173 8.3109 6.2370 4.8861 8.0419 4.4994 5.5946 6.6930 4.8196 5.9189 3.4454 2.0465 8.3575 6.7617 1.7872 0.0000
0.000 108.193 147.569 147.916 52.060 147.249 17.950 79.443 133.003 97.949 20.384 110.786 12.382 93.432 91.908 127.233 108.653 114.679 108.981 127.031 68.551 117.738 130.980 131.887 154.842 55.679 55.777 101.546 68.118 86.103 40.018 142.470 110.082 70.903 63.766 35.264 72.247 12.894 36.339 150.995 101.247 170.230 41.436 122.599 19.087 75.454 99.919 64.820 69.423 97.309 67.008 50.351 89.009 66.859 115.059 1.786 72.703 92.321 13.953 57.357 67.264 64.035 16.026 67.309 74.284
108.193 0.000 69.119 78.476 98.320 65.502 98.611 166.008 58.538 10.863 128.204 8.968 103.084 76.748 82.029 51.861 35.956 8.541 14.812 56.925 129.649 47.303 59.396 65.873 73.615 93.577 75.137 8.726 123.427 181.484 138.684 70.347 17.633 45.302 48.860 119.648 170.451 119.382 72.392 82.463 7.725 95.762 69.021 47.183 103.412 166.267 11.886 116.814 40.247 20.158 161.379 134.601 33.863 158.582 7.945 107.589 76.809 29.274 105.401 101.499 84.190 160.905 123.302 44.060 56.975
147.569 69.119 0.000 13.023 112.073 4.986 145.406 176.757 14.607 76.447 167.420 76.617 147.784 145.130 150.106 21.039 41.789 61.649 83.202 20.574 134.578 30.294 16.666 18.252 7.423 105.991 94.630 76.771 127.561 196.630 163.926 8.458 85.700 78.363 86.189 142.161 189.665 160.409 113.546 16.073 68.969 26.840 107.175 26.276 150.932 180.101 79.996 122.205 84.876 60.894 178.835 151.594 101.380 174.547 63.050 147.759 141.875 97.279 150.806 111.565 91.241 180.453 163.537 84.337 73.582
147.916 78.476 13.023 0.000 108.750 17.992 147.331 171.145 20.082 84.754 167.315 86.483 149.215 153.186 157.928 27.079 47.302 71.581 92.977 23.542 128.845 34.589 20.015 16.300 16.362 102.710 93.363 85.566 121.895 191.495 161.162 8.132 95.604 81.036 88.895 139.400 185.351 160.810 115.335 4.002 77.325 22.317 108.684 32.290 152.892 174.974 88.706 116.941 88.995 67.621 174.370 147.578 109.413 169.887 73.082 148.261 148.437 105.579 152.317 107.578 87.817 176.340 163.714 87.731 73.680
52.060 98.320 112.073 108.750 0.000 113.247 62.687 68.687 98.585 91.280 66.334 104.668 60.428 120.898 121.806 94.615 81.572 101.459 106.048 92.234 31.962 85.870 95.824 94.287 119.468 6.082 23.185 95.330 26.679 86.447 52.525 105.218 108.272 53.054 50.974 30.908 78.013 63.203 44.392 111.052 90.612 130.284 40.683 91.323 67.042 70.251 95.375 20.326 60.752 80.326 67.485 39.862 96.172 63.628 102.529 53.335 103.023 97.122 63.371 5.895 20.940 68.629 64.520 55.888 43.928
147.249 65.502 4.986 17.992 113.247 0.000 144.483 178.668 14.702 73.230 167.236 72.762 147.047 141.850 146.909 20.030 40.118 57.826 79.365 21.041 136.602 29.522 17.440 20.802 8.408 107.171 95.097 73.353 129.575 198.335 164.765 12.572 81.805 77.404 85.168 143.040 191.063 160.044 112.761 21.047 65.769 30.273 106.521 24.916 149.986 181.823 76.600 124.080 83.306 58.433 180.303 152.932 98.188 176.095 59.178 147.378 139.173 93.992 150.031 112.990 92.538 181.785 163.252 83.057 73.663
17.950 98.611 145.406 147.331 62.687 144.483 0.000 97.378 130.820 87.935 32.252 99.966 6.038 75.794 74.083 124.539 104.729 105.830 97.324 125.203 83.916 115.134 129.161 131.055 152.451 64.953 59.824 91.194 82.560 103.755 57.881 141.180 98.066 67.083 59.322 51.991 89.738 22.983 31.997 150.695 92.266 169.549 38.704 119.569 5.563 93.390 89.155 78.423 62.647 90.615 84.870 67.816 75.511 84.801 105.979 16.242 55.011 79.292 7.060 68.446 73.890 81.758 27.077 61.796 74.330
79.443 166.008 176.757 171.145 68.687 178.668 97.378 0.000 164.340 158.090 74.342 171.675 91.761 171.888 170.856 161.263 149.920 169.728 172.243 158.072 42.300 153.070 161.339 158.524 183.950 74.249 91.477 162.137 49.267 21.438 40.509 169.139 174.189 120.828 117.408 49.118 23.726 79.979 100.657 172.696 158.286 191.008 100.675 158.529 98.055 8.023 161.740 54.589 126.745 148.745 16.958 32.364 158.358 13.885 170.720 81.181 151.432 160.342 92.779 67.055 87.431 22.307 77.464 122.326 112.598
133.003 58.538 14.607 20.082 98.585 14.702 130.820 164.340 0.000 64.672 152.893 66.703 133.178 133.141 137.920 7.082 27.853 51.903 73.141 6.352 122.391 15.789 3.250 9.957 21.841 92.513 80.437 65.507 115.362 183.865 150.063 12.063 75.814 63.803 71.642 128.338 176.452 145.835 98.946 24.084 57.243 40.070 92.568 12.414 136.350 167.366 68.637 109.760 70.608 47.781 165.721 138.308 89.357 161.550 53.447 133.180 128.778 85.502 136.202 98.413 77.923 167.154 148.981 69.894 59.139
97.949 10.863 76.447 84.754 91.280 73.230 87.935 158.090 64.672 0.000 117.833 13.607 92.501 68.685 73.684 57.709 39.262 19.000 15.197 62.141 123.003 51.702 65.060 70.969 81.526 86.903 68.240 4.057 117.027 172.933 129.452 76.703 17.815 38.475 40.705 110.961 161.556 108.938 62.493 88.755 7.479 103.276 59.589 52.644 92.680 157.991 5.048 110.404 31.418 19.568 152.748 126.333 24.958 150.142 18.693 97.287 67.006 20.861 94.765 94.881 78.783 152.054 112.889 35.773 52.133
20.384 128.204 167.420 167.315 66.334 167.236 32.252 74.342 152.893 117.833 0.000 130.463 26.516 106.195 103.748 147.248 128.904 134.845 128.349 146.853 74.964 137.759 150.788 151.419 174.731 70.976 74.320 121.346 76.385 75.966 34.225 162.102 129.299 91.229 84.140 41.237 61.523 9.285 56.693 170.288 121.368 189.597 61.800 142.688 29.687 68.680 119.589 74.664 89.752 117.677 59.214 51.323 107.390 60.625 135.184 20.717 85.498 110.989 25.342 70.846 84.067 55.033 5.178 87.692 93.914
110.786 8.968 76.617 86.483 104.668 72.762 99.966 171.675 66.703 13.607 130.463 0.000 104.774 70.912 76.418 60.179 44.888 14.970 6.610 65.420 136.289 56.045 67.734 74.365 80.689 100.172 81.560 9.599 130.223 186.533 142.938 78.353 9.122 51.692 54.272 124.556 175.115 121.461 75.728 90.448 15.114 103.017 73.063 55.661 104.502 171.598 10.874 123.599 45.025 28.640 166.343 139.939 29.913 163.748 13.584 110.051 73.084 25.100 106.896 108.139 91.510 165.622 125.458 49.349 64.497
12.382 103.084 147.784 149.215 60.428 147.047 6.038 91.761 133.178 92.501 26.516 104.774 0.000 81.793 80.015 127.044 107.564 110.115 102.345 127.439 79.879 117.589 131.402 132.988 154.910 63.196 59.823 95.860 78.920 97.799 52.043 143.277 103.178 69.717 62.092 47.241 83.749 17.233 34.291 152.493 96.557 171.494 40.630 122.167 7.033 87.624 93.927 75.116 66.166 94.241 79.015 62.669 80.944 79.052 110.329 10.613 61.003 84.620 3.205 66.057 73.125 75.832 21.341 64.921 75.776
93.432 76.748 145.130 153.186 120.898 141.850 75.794 171.888 133.141 68.685 106.195 70.912 81.793 0.000 5.945 126.108 106.502 85.002 64.569 130.136 150.245 119.316 133.298 138.750 150.098 119.670 104.157 68.550 146.611 179.512 133.417 145.202 62.863 85.494 80.568 123.794 165.532 97.475 76.642 157.178 76.164 171.955 80.393 120.916 76.833 168.562 65.287 140.814 73.549 85.889 160.378 140.644 43.798 159.942 83.934 91.827 20.798 47.861 81.762 126.471 119.863 157.465 101.291 77.798 101.608
91.908 82.029 150.106 157.928 121.806 146.909 74.083 170.856 137.920 73.684 103.748 76.418 80.015 5.945 0.000 130.867 111.046 90.349 70.135 134.764 150.571 123.883 137.991 143.308 155.189 120.868 105.910 73.724 147.179 177.812 131.924 149.984 68.500 88.599 83.306 123.204 163.718 95.213 77.420 161.913 81.154 176.944 81.596 125.640 74.710 167.280 70.455 141.519 76.753 90.457 158.915 139.953 48.730 158.667 89.319 90.257 19.503 52.955 79.761 127.463 121.769 155.839 98.939 80.807 104.523
127.233 51.861 21.039 27.079 94.615 20.030 124.539 161.263 7.082 57.709 147.248 60.179 127.044 126.108 130.867 0.000 20.876 45.517 66.551 6.132 119.607 9.495 7.557 14.528 27.918 88.575 75.585 58.641 112.591 180.451 145.540 19.126 69.264 57.458 65.255 123.897 172.619 140.020 92.765 31.075 50.302 47.064 86.498 5.354 130.052 164.001 61.745 106.793 63.848 40.699 162.000 134.456 82.334 157.948 47.096 127.354 121.702 78.515 130.038 94.807 74.238 163.244 143.240 63.314 53.875
108.653 35.956 41.789 47.302 81.572 40.118 104.729 149.920 27.853 39.262 128.904 44.888 107.564 106.502 111.046 20.876 0.000 32.083 50.618 23.828 109.628 12.844 27.302 32.262 48.359 75.782 60.300 41.024 102.780 168.010 130.221 39.668 53.493 37.900 45.475 108.996 159.046 121.279 73.316 51.226 32.294 67.918 67.383 15.545 110.193 151.814 43.833 96.512 43.191 20.614 148.816 121.143 62.996 145.133 33.732 108.632 101.135 59.550 110.481 82.872 62.724 149.517 124.672 43.048 38.101
114.679 8.541 61.649 71.581 101.459 57.826 105.830 169.728 51.903 19.000 134.845 14.970 110.115 85.002 90.349 45.517 32.083 0.000 21.554 50.946 132.266 42.122 53.069 59.858 65.804 96.419 78.349 17.260 125.847 185.826 143.849 63.457 24.074 49.004 53.580 124.275 175.182 126.151 78.558 75.537 13.565 88.092 74.691 41.209 110.746 170.349 20.425 119.275 45.745 21.233 165.842 138.751 42.370 162.849 1.659 114.158 85.349 37.745 112.528 104.235 86.016 165.604 130.016 49.002 58.759
108.981 14.812 83.202 92.977 106.048 79.365 97.324 172.243 73.141 15.197 128.349 6.610 102.345 64.569 70.135 66.551 50.618 21.554 0.000 71.698 137.873 62.112 74.100 80.646 87.299 101.816 83.124 11.418 131.983 186.521 142.326 84.846 2.900 53.514 55.181 124.546 174.786 119.244 74.690 96.950 19.309 109.623 72.606 61.946 101.661 171.857 10.684 125.364 45.579 33.095 166.286 140.266 24.776 163.873 20.190 108.153 67.575 20.003 104.323 109.798 93.959 165.353 123.285 50.238 67.324
127.031 56.925 20.574 23.542 92.234 21.041 125.203 158.072 6.352 62.141 146.853 65.420 127.439 130.136 134.764 6.132 23.828 50.946 71.698 0.000 116.170 11.050 3.963 8.948 27.934 86.161 74.172 63.338 109.142 177.552 143.734 16.249 74.456 58.333 66.196 122.004 170.105 139.881 93.267 27.429 54.832 44.846 86.810 9.759 130.746 161.058 66.370 103.501 65.683 44.318 159.380 131.960 86.469 155.217 52.552 127.238 124.936 82.814 130.484 92.075 71.577 160.804 142.988 64.685 53.009
68.551 129.649 134.578 128.845 31.962 136.602 83.916 42.300 122.391 123.003 74.964 136.289 79.879 150.245 150.571 119.607 109.628 132.266 137.873 116.170 0.000 111.719 119.345 116.332 141.736 36.117 54.765 127.041 7.029 62.914 46.899 126.896 140.138 84.598 82.902 34.123 58.839 75.806 73.866 130.411 121.982 148.799 71.354 117.148 86.912 46.522 127.191 13.134 92.695 111.035 47.737 26.804 127.962 42.737 133.424 70.246 131.310 129.023 82.177 28.159 46.991 51.058 75.376 87.801 73.698
117.738 47.303 30.294 34.589 85.870 29.522 115.134 153.070 15.789 51.702 137.759 56.045 117.589 119.316 123.883 9.495 12.844 42.122 62.112 11.050 111.719 0.000 14.706 19.434 37.327 79.867 66.359 53.165 104.731 171.989 136.414 27.153 64.934 48.072 55.895 114.826 163.876 130.525 83.320 38.478 44.527 55.658 77.025 5.466 120.655 155.588 56.103 98.781 54.872 33.432 153.338 125.732 75.745 149.371 43.770 117.859 113.895 72.207 120.592 86.322 65.762 154.458 133.746 54.105 44.508
130.980 59.396 16.666 20.015 95.824 17.440 129.161 161.339 3.250 65.060 150.788 67.734 131.402 133.298 137.991 7.557 27.302 53.069 74.100 3.963 119.345 14.706 0.000 7.343 24.054 89.746 77.999 66.088 112.316 180.932 147.454 12.447 76.817 62.271 70.132 125.709 173.623 143.833 97.228 23.965 57.686 40.995 90.773 12.417 134.703 164.425 69.170 106.752 69.511 47.620 162.865 135.494 89.565 158.664 54.645 131.191 128.431 85.820 134.447 95.552 75.099 164.348 146.933 68.579 56.924
131.887 65.873 18.252 16.300 94.287 20.802 131.055 158.524 9.957 70.969 151.419 74.365 132.988 138.750 143.308 14.528 32.262 59.858 80.646 8.948 116.332 19.434 7.343 0.000 25.442 88.211 77.781 72.236 109.316 178.453 146.412 10.946 83.403 64.755 72.610 124.630 171.645 144.776 99.058 19.858 63.696 38.508 92.426 18.704 136.614 161.921 75.249 103.988 72.915 52.865 160.775 133.632 95.162 156.444 61.457 132.196 133.082 91.577 136.082 93.574 73.383 162.481 147.738 71.517 57.605
154.842 73.615 7.423 16.362 119.468 8.408 152.451 183.950 21.841 81.526 174.731 80.689 154.910 150.098 155.189 27.918 48.359 65.804 87.299 27.934 141.736 37.327 24.054 25.442 0.000 113.386 102.042 81.566 134.725 203.893 171.346 14.940 89.684 85.373 93.173 149.580 197.012 167.670 120.647 18.005 74.076 22.438 114.327 32.999 157.967 187.362 84.821 129.426 91.544 66.839 186.167 158.957 106.482 181.859 67.113 155.013 147.569 102.251 157.917 118.917 98.621 187.815 170.821 91.183 80.936
55.679 93.577 105.991 102.710 6.082 107.171 64.953 74.249 92.513 86.903 70.976 100.172 63.196 119.670 120.868 88.575 75.782 96.419 101.816 86.161 36.117 79.867 89.746 88.211 113.386 0.000 18.698 90.937 30.193 92.311 58.505 99.143 104.116 48.481 47.071 36.818 84.044 67.300 43.801 105.037 85.896 124.288 39.292 85.323 69.584 76.047 91.132 23.592 56.891 75.223 73.472 45.883 93.059 69.553 97.533 56.835 102.396 93.751 66.236 7.982 14.894 74.679 68.872 51.915 38.394
55.777 75.137 94.630 93.363 23.185 95.097 59.824 91.477 80.437 68.240 74.320 81.560 59.823 104.157 105.910 75.585 60.300 78.349 83.124 74.172 54.765 66.359 77.999 77.781 102.042 18.698 0.000 72.279 48.887 108.391 70.129 88.640 85.419 29.892 28.466 48.723 98.874 68.540 31.818 96.192 67.431 115.552 25.612 71.681 65.126 92.508 72.441 42.279 38.279 57.283 88.838 61.257 74.903 85.397 79.396 56.422 88.264 75.370 63.027 26.679 16.081 89.316 71.070 33.265 22.216
101.546 8.726 76.771 85.566 95.330 73.353 91.194 162.137 65.507 4.057 121.346 9.599 95.860 68.550 73.724 58.641 41.024 17.260 11.418 63.338 127.041 53.165 66.088 72.236 81.566 90.937 72.279 0.000 121.051 176.937 133.366 77.469 14.158 42.491 44.758 114.958 165.520 112.405 66.265 89.567 8.747 103.539 63.493 53.711 95.860 162.019 3.270 114.427 35.444 22.182 156.745 130.364 25.277 154.158 16.634 100.852 68.099 20.798 98.068 98.914 82.710 156.025 116.376 39.825 55.958
68.118 123.427 127.561 121.895 26.679 129.575 82.560 49.267 115.362 117.027 76.385 130.223 78.920 146.611 147.179 112.591 102.780 125.847 131.983 109.142 7.029 104.731 112.316 109.316 134.725 30.193 48.887 121.051 0.000 69.735 50.587 119.892 134.299 78.562 77.238 35.148 65.136 76.376 69.994 123.494 115.789 141.945 66.967 110.156 85.929 53.282 121.300 6.624 87.056 104.616 54.003 31.094 122.835 49.104 127.032 69.747 128.075 123.720 81.403 22.222 40.252 57.038 76.324 82.098 67.168
86.103 181.484 196.630 191.495 86.447 198.335 103.755 21.438 183.865 172.933 75.966 186.533 97.799 179.512 177.812 180.451 168.010 185.826 186.521 177.552 62.914 171.989 180.932 178.453 203.893 92.311 108.391 176.937 69.735 0.000 46.334 189.176 188.268 136.842 132.624 61.991 14.462 83.382 112.876 193.177 173.810 211.679 114.009 177.455 103.292 16.534 176.242 74.565 141.536 165.188 20.251 47.170 170.698 23.011 186.709 87.689 158.751 173.132 98.137 85.670 106.241 22.120 80.103 137.445 130.168
40.018 138.684 163.926 161.162 52.525 164.765 57.881 40.509 150.063 129.452 34.225 142.938 52.043 133.417 131.924 145.540 130.221 143.849 142.326 143.734 46.899 136.414 147.454 146.412 171.346 58.505 70.129 133.366 50.587 46.334 0.000 157.357 143.875 95.618 90.285 21.782 33.026 39.470 67.791 163.533 131.166 182.792 69.874 141.770 58.003 35.677 132.355 51.404 98.438 124.063 26.992 20.232 125.157 27.197 144.560 41.669 112.711 127.844 52.747 54.595 73.387 24.217 37.022 94.858 92.288
142.470 70.347 8.458 8.132 105.218 12.572 141.180 169.139 12.063 76.703 162.102 78.353 143.277 145.202 149.984 19.126 39.668 63.457 84.846 16.249 126.896 27.153 12.447 10.946 14.940 99.143 88.640 77.469 119.892 189.176 157.357 0.000 87.475 74.470 82.339 135.575 182.497 155.350 109.203 12.116 69.262 28.602 102.660 24.413 146.731 172.643 80.618 114.658 81.930 59.798 171.607 144.514 101.415 167.246 64.962 142.742 140.742 97.543 146.347 104.452 84.305 173.356 158.362 80.914 68.207
110.082 17.633 85.700 95.604 108.272 81.805 98.066 174.189 75.814 17.815 129.299 9.122 103.178 62.863 68.500 69.264 53.493 24.074 2.900 74.456 140.138 64.934 76.817 83.403 89.684 104.116 85.419 14.158 134.299 188.268 143.875 87.475 0.000 55.920 57.340 126.321 176.424 120.156 76.149 99.570 22.192 112.042 74.283 64.700 102.303 173.702 13.093 127.684 47.665 35.973 168.024 142.146 24.408 165.675 22.650 109.215 66.680 19.760 105.088 112.098 96.467 167.017 124.213 52.405 69.936
70.903 45.302 78.363 81.036 53.054 77.404 67.083 120.828 63.803 38.475 91.229 51.692 69.717 85.494 88.599 57.458 37.900 49.004 53.514 58.333 84.598 48.072 62.271 64.755 85.373 48.481 29.892 42.491 78.562 136.842 95.618 74.470 55.920 0.000 7.869 75.487 126.389 83.445 35.437 84.595 37.582 103.020 29.519 52.495 72.595 121.347 42.850 71.938 12.007 28.501 116.903 89.748 48.913 113.855 49.936 70.821 74.036 48.287 72.667 56.449 40.776 116.799 86.897 7.906 16.407
63.766 48.860 86.189 88.895 50.974 85.168 59.322 117.408 71.642 40.705 84.140 54.272 62.092 80.568 83.306 65.255 45.475 53.580 55.181 66.196 82.902 55.895 70.132 72.610 93.173 47.071 28.466 44.758 77.238 132.624 90.285 82.339 57.340 7.869 0.000 70.822 121.684 76.169 27.887 92.444 41.195 110.889 22.348 60.252 64.818 117.458 44.547 70.655 9.821 34.127 112.526 85.787 46.893 109.729 54.333 63.599 67.884 47.041 65.006 55.020 41.736 112.120 79.703 4.946 21.362
35.264 119.648 142.161 139.400 30.908 143.040 51.991 49.118 128.338 110.961 41.237 124.556 47.241 123.794 123.204 123.897 108.996 124.275 124.546 122.004 34.123 114.826 125.709 124.630 149.580 36.818 48.723 114.958 35.148 61.991 21.782 135.575 126.321 75.487 70.822 0.000 50.914 41.686 51.625 141.796 112.007 161.074 52.148 120.206 54.193 47.565 114.251 33.739 79.585 103.980 41.787 16.953 109.467 39.380 125.092 37.025 103.702 111.633 49.181 33.510 51.670 41.331 41.314 75.588 70.938
72.247 170.451 189.665 185.351 78.013 191.063 89.738 23.726 176.452 161.556 61.523 175.115 83.749 165.532 163.718 172.619 159.046 175.182 174.786 170.105 58.839 163.876 173.623 171.645 197.012 84.044 98.874 165.520 65.136 14.462 33.026 182.497 176.424 126.389 121.684 50.914 0.000 69.038 100.544 187.281 162.838 206.124 102.183 169.324 89.093 15.777 164.661 68.996 130.283 154.873 11.137 38.163 158.116 16.119 175.988 73.789 144.749 160.730 83.975 78.101 98.530 9.593 65.706 126.412 120.973
12.894 119.382 160.409 160.810 63.203 160.044 22.983 79.979 145.835 108.938 9.285 121.461 17.233 97.475 95.213 140.020 121.279 126.151 119.244 139.881 75.806 130.525 143.833 144.776 167.670 67.300 68.540 112.405 76.376 83.382 39.470 155.350 120.156 83.445 76.169 41.686 69.038 0.000 48.444 163.889 112.639 183.123 53.928 135.351 20.696 74.889 110.591 73.882 81.348 109.373 65.704 54.227 98.136 66.558 126.451 12.668 76.720 101.761 16.130 68.174 79.526 61.907 4.108 79.521 87.172
36.339 72.392 113.546 115.335 44.392 112.761 31.997 100.657 98.946 62.493 56.693 75.728 34.291 76.642 77.420 92.765 73.316 78.558 74.690 93.267 73.866 83.320 97.228 99.058 120.647 43.801 31.818 66.265 69.994 112.876 67.791 109.203 76.149 35.437 27.887 51.625 100.544 48.444 0.000 118.707 65.239 137.553 6.954 87.876 37.557 99.110 64.974 64.174 33.094 60.988 92.653 68.305 57.897 90.776 79.010 36.005 58.674 60.258 37.273 50.087 47.661 91.254 52.088 31.078 42.622
150.995 82.463 16.073 4.002 111.052 21.047 150.695 172.696 24.084 88.755 170.288 90.448 152.493 157.178 161.913 31.075 51.226 75.537 96.950 27.429 130.411 38.478 23.965 19.858 18.005 105.037 96.192 89.567 123.494 193.177 163.533 12.116 99.570 84.595 92.444 141.796 187.281 163.889 118.707 0.000 81.327 19.374 112.017 36.273 156.257 176.672 92.708 118.675 92.723 71.583 176.266 149.630 113.409 171.730 77.031 151.370 152.356 109.579 155.607 109.705 90.148 178.335 166.746 91.374 76.842
101.247 7.725 68.969 77.325 90.612 65.769 92.266 158.286 57.243 7.479 121.368 15.114 96.557 76.164 81.154 50.302 32.294 13.565 19.309 54.832 121.982 44.527 57.686 63.696 74.076 85.896 67.431 8.747 115.789 173.810 131.166 69.262 22.192 37.582 41.195 112.007 162.838 112.639 65.239 81.327 0.000 95.800 61.636 45.278 97.190 158.565 11.577 109.172 32.753 13.790 153.720 126.902 32.425 150.897 13.817 100.698 74.159 28.335 98.964 93.827 76.696 153.284 116.518 36.426 49.554
170.230 95.762 26.840 22.317 130.284 30.273 169.549 191.008 40.070 103.276 189.597 103.017 171.494 171.955 176.944 47.064 67.918 88.092 109.623 44.846 148.799 55.658 40.995 38.508 22.438 124.288 115.552 103.539 141.945 211.679 182.792 28.602 112.042 103.020 110.889 161.074 206.124 183.123 137.553 19.374 95.800 0.000 130.934 52.416 175.107 195.209 106.774 137.325 110.506 87.548 195.073 168.630 128.216 190.473 89.433 170.578 168.588 124.097 174.590 128.803 109.409 197.259 186.017 109.514 95.997
41.436 69.021 107.175 108.684 40.683 106.521 38.704 100.675 92.568 59.589 61.800 73.063 40.630 80.393 81.596 86.498 67.383 74.691 72.606 86.810 71.354 77.025 90.773 92.426 114.327 39.292 25.612 63.493 66.967 114.009 69.874 102.660 74.283 29.519 22.348 52.148 102.183 53.928 6.954 112.017 61.636 130.934 0.000 81.690 44.265 99.678 62.509 60.875 28.947 56.212 93.760 68.363 57.819 91.527 75.263 41.312 63.320 59.669 43.688 46.136 41.643 92.748 57.402 26.135 35.725
122.599 47.183 26.276 32.290 91.323 24.916 119.569 158.529 12.414 52.644 142.688 55.661 122.167 120.916 125.640 5.354 15.545 41.209 61.946 9.759 117.148 5.466 12.417 18.704 32.999 85.323 71.681 53.711 110.156 177.455 141.770 24.413 64.700 52.495 60.252 120.206 169.324 135.351 87.876 36.273 45.278 52.416 81.690 0.000 125.070 161.054 56.777 104.223 58.608 35.385 158.795 131.184 77.166 154.833 42.821 122.682 116.365 73.404 125.141 91.788 71.228 159.900 138.619 58.185 49.737
19.087 103.412 150.932 152.892 67.042 149.986 5.563 98.055 136.350 92.680 29.687 104.502 7.033 76.833 74.710 130.052 110.193 110.746 101.661 130.746 86.912 120.655 134.703 136.614 157.967 69.584 65.126 95.860 85.929 103.292 58.003 146.731 102.303 72.595 64.818 54.193 89.093 20.696 37.557 156.257 97.190 175.107 44.265 125.070 0.000 93.671 93.737 82.070 67.960 95.863 84.873 69.434 79.365 85.145 110.855 17.301 56.057 83.290 5.276 72.728 78.963 81.475 24.626 67.222 79.881
75.454 166.267 180.101 174.974 70.251 181.823 93.390 8.023 167.366 157.991 68.680 171.598 87.624 168.562 167.280 164.001 151.814 170.349 171.857 161.058 46.522 155.588 164.425 161.921 187.362 76.047 92.508 162.019 53.282 16.534 35.677 172.643 173.702 121.347 117.458 47.565 15.777 74.889 99.110 176.672 158.565 195.209 99.678 161.054 93.671 0.000 161.462 58.037 126.575 149.556 9.740 31.672 156.996 8.620 171.278 77.148 147.956 159.197 88.410 69.270 89.827 14.850 72.123 122.330 114.099
99.919 11.886 79.996 88.706 95.375 76.600 89.155 161.740 68.637 5.048 119.589 10.874 93.927 65.287 70.455 61.745 43.833 20.425 10.684 66.370 127.191 56.103 69.170 75.249 84.821 91.132 72.441 3.270 121.300 176.242 132.355 80.618 13.093 42.850 44.547 114.251 164.661 110.591 64.974 92.708 11.577 106.774 62.509 56.777 93.737 161.462 0.000 114.681 35.008 24.496 156.024 129.838 22.025 153.530 19.721 99.179 64.927 17.528 96.071 99.114 83.374 155.195 114.586 39.601 56.900
64.820 116.814 122.205 116.941 20.326 124.080 78.423 54.589 109.760 110.404 74.664 123.599 75.116 140.814 141.519 106.793 96.512 119.275 125.364 103.501 13.134 98.781 106.752 103.988 129.426 23.592 42.279 114.427 6.624 74.565 51.404 114.658 127.684 71.938 70.655 33.739 68.996 73.882 64.174 118.675 109.172 137.325 60.875 104.223 82.070 58.037 114.681 0.000 80.475 98.043 57.883 33.027 116.378 53.180 120.452 66.380 122.524 117.209 77.734 15.637 33.857 60.478 74.168 75.506 60.632
69.423 40.247 84.876 88.995 60.752 83.306 62.647 126.745 70.608 31.418 89.752 45.025 66.166 73.549 76.753 63.848 43.191 45.745 45.579 65.683 92.695 54.872 69.511 72.915 91.544 56.891 38.279 35.444 87.056 141.536 98.438 81.930 47.665 12.007 9.821 79.585 130.283 81.348 33.094 92.723 32.753 110.506 28.947 58.608 67.960 126.575 35.008 80.475 0.000 28.087 121.367 94.921 37.524 118.728 46.321 69.041 62.720 37.397 68.870 64.839 51.180 120.756 85.078 5.109 28.370
97.309 20.158 60.894 67.621 80.326 58.433 90.615 148.745 47.781 19.568 117.677 28.640 94.241 85.889 90.457 40.699 20.614 21.233 33.095 44.318 111.035 33.432 47.620 52.865 66.839 75.223 57.283 22.182 104.616 165.188 124.063 59.798 35.973 28.501 34.127 103.980 154.873 109.373 60.988 71.583 13.790 87.548 56.212 35.385 95.863 149.556 24.496 98.043 28.087 0.000 145.318 118.041 42.426 142.184 22.432 96.992 81.047 39.121 96.921 83.020 64.844 145.281 113.065 30.080 37.564
67.008 161.379 178.835 174.370 67.485 180.303 84.870 16.958 165.721 152.748 59.214 166.343 79.015 160.378 158.915 162.000 148.816 165.842 166.286 159.380 47.737 153.338 162.865 160.775 186.167 73.472 88.838 156.745 54.003 20.251 26.992 171.607 168.024 116.903 112.526 41.787 11.137 65.704 92.653 176.266 153.720 195.073 93.760 158.795 84.873 9.740 156.024 57.883 121.367 145.318 0.000 27.677 150.502 5.199 166.700 68.661 139.689 152.904 79.637 67.313 87.815 5.379 62.805 117.325 110.812
50.351 134.601 151.594 147.578 39.862 152.932 67.816 32.364 138.308 126.333 51.323 139.939 62.669 140.644 139.953 134.456 121.143 138.751 140.266 131.960 26.804 125.732 135.494 133.632 158.957 45.883 61.257 130.364 31.094 47.170 20.232 144.514 142.146 89.748 85.787 16.953 38.163 54.227 68.305 149.630 126.902 168.630 68.363 131.184 69.434 31.672 129.838 33.027 94.921 118.041 27.677 0.000 125.999 24.159 139.662 52.137 120.457 128.016 64.251 40.062 60.395 28.860 52.840 90.659 83.160
89.009 33.863 101.380 109.413 96.172 98.188 75.511 158.358 89.357 24.958 107.390 29.913 80.944 43.798 48.730 82.334 62.996 42.370 24.776 86.469 127.962 75.745 89.565 95.162 106.482 93.059 74.903 25.277 122.835 170.698 125.157 101.415 24.408 48.913 46.893 109.467 158.116 98.136 57.897 113.409 32.425 128.216 57.819 77.166 79.365 156.996 22.025 116.378 37.524 42.426 150.502 125.999 0.000 148.673 41.543 87.956 43.229 4.816 82.571 100.835 88.614 148.944 102.236 42.596 65.147
66.859 158.582 174.547 169.887 63.628 176.095 84.801 13.885 161.550 150.142 60.625 163.748 79.052 159.942 158.667 157.948 145.133 162.849 163.873 155.217 42.737 149.371 158.664 156.444 181.859 69.553 85.397 154.158 49.104 23.011 27.197 167.246 165.675 113.855 109.729 39.380 16.119 66.558 90.776 171.730 150.897 190.473 91.527 154.833 85.145 8.620 153.530 53.180 118.728 142.184 5.199 24.159 148.673 0.000 163.743 68.559 139.338 150.939 79.878 63.158 83.713 9.960 63.898 114.571 107.226
115.059 7.945 63.050 73.082 102.529 59.178 105.979 170.720 53.447 18.693 135.184 13.584 110.329 83.934 89.319 47.096 33.732 1.659 20.190 52.552 133.424 43.770 54.645 61.457 67.113 97.533 79.396 16.634 127.032 186.709 144.560 64.962 22.650 49.936 54.333 125.092 175.988 126.451 79.010 77.031 13.817 89.433 75.263 42.821 110.855 171.278 19.721 120.452 46.321 22.432 166.700 139.662 41.543 163.743 0.000 114.514 84.623 36.873 112.709 105.368 87.266 166.416 130.333 49.703 59.992
1.786 107.589 147.759 148.261 53.335 147.378 16.242 81.181 133.180 97.287 20.717 110.051 10.613 91.827 90.257 127.354 108.632 114.158 108.153 127.238 70.246 117.859 131.191 132.196 155.013 56.835 56.422 100.852 69.747 87.689 41.669 142.742 109.215 70.821 63.599 37.025 73.789 12.668 36.005 151.370 100.698 170.578 41.312 122.682 17.301 77.148 99.179 66.380 69.041 96.992 68.661 52.137 87.956 68.559 114.514 0.000 71.083 91.324 12.175 58.687 68.197 65.639 16.106 67.047 74.595
72.703 76.809 141.875 148.437 103.023 139.173 55.011 151.432 128.778 67.006 85.498 73.084 61.003 20.798 19.503 121.702 101.135 85.349 67.575 124.936 131.310 113.895 128.431 133.082 147.569 102.396 88.264 68.099 128.075 158.751 112.711 140.742 66.680 74.036 67.884 103.702 144.749 76.720 58.674 152.356 74.159 168.588 63.320 116.365 56.057 147.956 64.927 122.524 62.720 81.047 139.689 120.457 43.229 139.338 84.623 71.083 0.000 48.018 60.968 108.752 104.286 136.720 80.561 66.131 89.239
92.321 29.274 97.279 105.579 97.122 93.992 79.292 160.342 85.502 20.861 110.989 25.100 84.620 47.861 52.955 78.515 59.550 37.745 20.003 82.814 129.023 72.207 85.820 91.577 102.251 93.751 75.370 20.798 123.720 173.132 127.844 97.543 19.760 48.287 47.041 111.633 160.730 101.761 60.258 109.579 28.335 124.097 59.669 73.404 83.290 159.197 17.528 117.209 37.397 39.121 152.904 128.016 4.816 150.939 36.873 91.324 48.018 0.000 86.348 101.606 88.562 151.487 105.851 42.506 64.261
13.953 105.401 150.806 152.317 63.371 150.031 7.060 92.779 136.202 94.765 25.342 106.896 3.205 81.762 79.761 130.038 110.481 112.528 104.323 130.484 82.177 120.592 134.447 136.082 157.917 66.236 63.027 98.068 81.403 98.137 52.747 146.347 105.088 72.667 65.006 49.181 83.975 16.130 37.273 155.607 98.964 174.590 43.688 125.141 5.276 88.410 96.071 77.734 68.870 96.921 79.637 64.251 82.571 79.878 112.709 12.175 60.968 86.348 0.000 68.963 76.287 76.280 20.186 67.746 78.919
57.357 101.499 111.565 107.578 5.895 112.990 68.446 67.055 98.413 94.881 70.846 108.139 66.057 126.471 127.463 94.807 82.872 104.235 109.798 92.075 28.159 86.322 95.552 93.574 118.917 7.982 26.679 98.914 22.222 85.670 54.595 104.452 112.098 56.449 55.020 33.510 78.101 68.174 50.087 109.705 93.827 128.803 46.136 91.788 72.728 69.270 99.114 15.637 64.839 83.020 67.313 40.062 100.835 63.158 105.368 58.687 108.752 101.606 68.963 0.000 20.573 68.907 69.295 59.876 45.939
67.264 84.190 91.241 87.817 20.940 92.538 73.890 87.431 77.923 78.783 84.067 91.510 73.125 119.863 121.769 74.238 62.724 86.016 93.959 71.577 46.991 65.762 75.099 73.383 98.621 14.894 16.081 82.710 40.252 106.241 73.387 84.305 96.467 40.776 41.736 51.670 98.530 79.526 47.661 90.148 76.696 109.409 41.643 71.228 78.963 89.827 83.374 33.857 51.180 64.844 87.815 60.395 88.614 83.713 87.266 68.197 104.286 88.562 76.287 20.573 0.000 89.250 81.508 46.075 27.287
64.035 160.905 180.453 176.340 68.629 181.785 81.758 22.307 167.154 152.054 55.033 165.622 75.832 157.465 155.839 163.244 149.517 165.604 165.353 160.804 51.058 154.458 164.348 162.481 187.815 74.679 89.316 156.025 57.038 22.120 24.217 173.356 167.017 116.799 112.120 41.331 9.593 61.907 91.254 178.335 153.284 197.259 92.748 159.900 81.475 14.850 155.195 60.478 120.756 145.281 5.379 28.860 148.944 9.960 166.416 65.639 136.720 151.487 76.280 68.907 89.250 0.000 58.840 116.858 111.434
16.026 123.302 163.537 163.714 64.520 163.252 27.077 77.464 148.981 112.889 5.178 125.458 21.341 101.291 98.939 143.240 124.672 130.016 123.285 142.988 75.376 133.746 146.933 147.738 170.821 68.872 71.070 116.376 76.324 80.103 37.022 158.362 124.213 86.897 79.703 41.314 65.706 4.108 52.088 166.746 116.518 186.017 57.402 138.619 24.626 72.123 114.586 74.168 85.078 113.065 62.805 52.840 102.236 63.898 130.333 16.106 80.561 105.851 20.186 69.295 81.508 58.840 0.000 83.146 90.156
67.309 44.060 84.337 87.731 55.888 83.057 61.796 122.326 69.894 35.773 87.692 49.349 64.921 77.798 80.807 63.314 43.048 49.002 50.238 64.685 87.801 54.105 68.579 71.517 91.183 51.915 33.265 39.825 82.098 137.445 94.858 80.914 52.405 7.906 4.946 75.588 126.412 79.521 31.078 91.374 36.426 109.514 26.135 58.185 67.222 122.330 39.601 75.506 5.109 30.080 117.325 90.659 42.596 114.571 49.703 67.047 66.131 42.506 67.746 59.876 46.075 116.858 83.146 0.000 23.830
74.284 56.975 73.582 73.680 43.928 73.663 74.330 112.598 59.139 52.133 93.914 64.497 75.776 101.608 104.523 53.875 38.101 58.759 67.324 53.009 73.698 44.508 56.924 57.605 80.936 38.394 22.216 55.958 67.168 130.168 92.288 68.207 69.936 16.407 21.362 70.938 120.973 87.172 42.622 76.842 49.554 95.997 35.725 49.737 79.881 114.099 56.900 60.632 28.370 37.564 110.812 83.160 65.147 107.226 59.992 74.595 89.239 64.261 78.919 45.939 27.287 111.434 90.156 23.830 0.000
0.0000 8.1145 11.0677 11.0937 3.9045 11.0436 1.3463 5.9583 9.9752 7.3462 1.5288 8.3090 0.9287 7.0074 6.8931 9.5425 8.1489 8.6009 8.1736 9.5274 5.1414 8.8303 9.8235 9.8915 11.6131 4.1759 4.1833 7.6159 5.1089 6.4577 3.0014 10.6852 8.2561 5.3177 4.7825 2.6448 5.4185 0.9670 2.7254 11.3246 7.5936 12.7672 3.1077 9.1949 1.4315 5.6590 7.4939 4.8615 5.2067 7.2982 5.0256 3.7764 6.6757 5.0145 8.6294 0.1339 5.4527 6.9240 1.0465 4.3018 5.0448 4.8026 1.2019 5.0482 5.5713
8.1145 0.0000 5.1840 5.8857 7.3740 4.9127 7.3958 12.4506 4.3904 0.8147 9.6153 0.6726 7.7313 5.7561 6.1522 3.8896 2.6967 0.6406 1.1109 4.2694 9.7237 3.5478 4.4547 4.9405 5.5211 7.0183 5.6353 0.6544 9.2570 13.6113 10.4013 5.2760 1.3225 3.3976 3.6645 8.9736 12.7838 8.9537 5.4294 6.1847 0.5794 7.1821 5.1766 3.5387 7.7559 12.4700 0.8915 8.7610 3.0185 1.5119 12.1035 10.0951 2.5397 11.8936 0.5959 8.0691 5.7606 2.1956 7.9051 7.6124 6.3142 12.0679 9.2477 3.3045 4.2731
11.0677 5.1840 0.0000 0.9767 8.4055 0.3740 10.9054 13.2568 1.0955 5.7335 12.5565 5.7462 11.0838 10.8848 11.2580 1.5779 3.1342 4.6237 6.2402 1.5430 10.0934 2.2721 1.2500 1.3689 0.5567 7.9494 7.0973 5.7578 9.5671 14.7472 12.2944 0.6344 6.4275 5.8772 6.4642 10.6621 14.2249 12.0307 8.5160 1.2055 5.1727 2.0130 8.0381 1.9707 11.3199 13.5076 5.9997 9.1654 6.3657 4.5671 13.4126 11.3696 7.6035 13.0910 4.7288 11.0819 10.6406 7.2959 11.3104 8.3674 6.8430 13.5340 12.2653 6.3253 5.5186
11.0937 5.8857 0.9767 0.0000 8.1562 1.3494 11.0498 12.8359 1.5061 6.3565 12.5486 6.4862 11.1911 11.4889 11.8446 2.0309 3.5477 5.3686 6.9733 1.7656 9.6634 2.5942 1.5011 1.2225 1.2271 7.7033 7.0022 6.4175 9.1421 14.3621 12.0872 0.6099 7.1703 6.0777 6.6671 10.4550 13.9013 12.0607 8.6502 0.3002 5.7993 1.6738 8.1513 2.4217 11.4669 13.1230 6.6530 8.7706 6.6746 5.0716 13.0778 11.0684 8.2060 12.7415 5.4811 11.1196 11.1327 7.9185 11.4238 8.0684 6.5862 13.2255 12.2785 6.5798 5.5260
3.9045 7.3740 8.4055 8.1562 0.0000 8.4935 4.7015 5.1515 7.3939 6.8460 4.9750 7.8501 4.5321 9.0674 9.1354 7.0961 6.1179 7.6094 7.9536 6.9175 2.3971 6.4403 7.1868 7.0716 8.9601 0.4561 1.7388 7.1497 2.0009 6.4836 3.9394 7.8914 8.1204 3.9790 3.8231 2.3181 5.8510 4.7402 3.3294 8.3289 6.7959 9.7713 3.0513 6.8492 5.0281 5.2688 7.1531 1.5244 4.5564 6.0244 5.0614 2.9896 7.2129 4.7721 7.6897 4.0001 7.7267 7.2841 4.7528 0.4421 1.5705 5.1472 4.8390 4.1916 3.2946
11.0436 4.9127 0.3740 1.3494 8.4935 0.0000 10.8362 13.4001 1.1026 5.4922 12.5427 5.4572 11.0285 10.6388 11.0182 1.5023 3.0088 4.3369 5.9524 1.5780 10.2451 2.2142 1.3080 1.5602 0.6306 8.0378 7.1323 5.5015 9.7181 14.8751 12.3574 0.9429 6.1354 5.8053 6.3876 10.7280 14.3297 12.0033 8.4571 1.5785 4.9326 2.2704 7.9890 1.8687 11.2489 13.6367 5.7450 9.3060 6.2479 4.3825 13.5227 11.4699 7.3641 13.2072 4.4383 11.0534 10.4380 7.0494 11.2524 8.4743 6.9403 13.6339 12.2439 6.2293 5.5247
1.3463 7.3958 10.9054 11.0498 4.7015 10.8362 0.0000 7.3033 9.8115 6.5951 2.4189 7.4974 0.4528 5.6846 5.5562 9.3404 7.8547 7.9372 7.2993 9.3903 6.2937 8.6350 9.6871 9.8291 11.4338 4.8715 4.4868 6.8396 6.1920 7.7816 4.3411 10.5885 7.3550 5.0312 4.4492 3.8993 6.7304 1.7237 2.3998 11.3021 6.9200 12.7162 2.9028 8.9676 0.4172 7.0043 6.6867 5.8818 4.6985 6.7961 6.3652 5.0862 5.6634 6.3601 7.9484 1.2182 4.1258 5.9469 0.5295 5.1335 5.5418 6.1319 2.0308 4.6347 5.5748
5.9583 12.4506 13.2568 12.8359 5.1515 13.4001 7.3033 0.0000 12.3255 11.8568 5.5756 12.8756 6.8820 12.8916 12.8142 12.0947 11.2440 12.7296 12.9182 11.8554 3.1725 11.4802 12.1004 11.8893 13.7963 5.5686 6.8608 12.1603 3.6950 1.6078 3.0382 12.6854 13.0642 9.0621 8.8056 3.6839 1.7795 5.9984 7.5493 12.9522 11.8714 14.3256 7.5506 11.8897 7.3541 0.6017 12.1305 4.0942 9.5059 11.1559 1.2718 2.4273 11.8768 1.0413 12.8040 6.0886 11.3574 12.0257 6.9585 5.0291 6.5574 1.6730 5.8098 9.1744 8.4448
9.9752 4.3904 1.0955 1.5061 7.3939 1.1026 9.8115 12.3255 0.0000 4.8504 11.4670 5.0027 9.9884 9.9856 10.3440 0.5312 2.0889 3.8927 5.4856 0.4764 9.1793 1.1842 0.2438 0.7468 1.6380 6.9384 6.0328 4.9130 8.6521 13.7899 11.2547 0.9047 5.6861 4.7852 5.3732 9.6254 13.2339 10.9376 7.4210 1.8063 4.2932 3.0052 6.9426 0.9311 10.2263 12.5525 5.1478 8.2320 5.2956 3.5836 12.4291 10.3731 6.7018 12.1162 4.0085 9.9885 9.6584 6.4126 10.2152 7.3809 5.8442 12.5365 11.1736 5.2421 4.4355
7.3462 0.8147 5.7335 6.3565 6.8460 5.4922 6.5951 11.8568 4.8504 0.0000 8.8375 1.0205 6.9376 5.1514 5.5263 4.3282 2.9446 1.4250 1.1398 4.6605 9.2253 3.8777 4.8795 5.3227 6.1145 6.5177 5.1180 0.3043 8.7771 12.9700 9.7089 5.7527 1.3361 2.8856 3.0528 8.3221 12.1167 8.1704 4.6870 6.6566 0.5609 7.7457 4.4692 3.9483 6.9510 11.8493 0.3786 8.2803 2.3563 1.4676 11.4561 9.4750 1.8719 11.2606 1.4020 7.2965 5.0254 1.5646 7.1074 7.1161 5.9088 11.4040 8.4667 2.6829 3.9100
1.5288 9.6153 12.5565 12.5486 4.9750 12.5427 2.4189 5.5756 11.4670 8.8375 0.0000 9.7847 1.9887 7.9646 7.7811 11.0436 9.6678 10.1134 9.6262 11.0140 5.6223 10.3319 11.3091 11.3564 13.1049 5.3232 5.5740 9.1009 5.7289 5.6975 2.5669 12.1576 9.6974 6.8421 6.3105 3.0928 4.6142 0.6964 4.2520 12.7716 9.1026 14.2198 4.6350 10.7016 2.2266 5.1510 8.9692 5.5998 6.7314 8.8258 4.4411 3.8492 8.0543 4.5468 10.1388 1.5537 6.4123 8.3242 1.9006 5.3135 6.3051 4.1274 0.3884 6.5769 7.0436
8.3090 0.6726 5.7462 6.4862 7.8501 5.4572 7.4974 12.8756 5.0027 1.0205 9.7847 0.0000 7.8581 5.3184 5.7314 4.5134 3.3666 1.1228 0.4958 4.9065 10.2217 4.2033 5.0801 5.5774 6.0517 7.5129 6.1170 0.7199 9.7668 13.9900 10.7203 5.8765 0.6842 3.8769 4.0704 9.3417 13.1336 9.1096 5.6796 6.7836 1.1335 7.7262 5.4798 4.1746 7.8377 12.8698 0.8156 9.2700 3.3769 2.1480 12.4757 10.4954 2.2435 12.2811 1.0188 8.2538 5.4813 1.8825 8.0172 8.1104 6.8633 12.4217 9.4094 3.7012 4.8372
0.9287 7.7313 11.0838 11.1911 4.5321 11.0285 0.4528 6.8820 9.9884 6.9376 1.9887 7.8581 0.0000 6.1345 6.0012 9.5283 8.0673 8.2586 7.6759 9.5579 5.9909 8.8192 9.8552 9.9741 11.6183 4.7397 4.4867 7.1895 5.9190 7.3349 3.9032 10.7458 7.7384 5.2288 4.6569 3.5431 6.2812 1.2925 2.5718 11.4370 7.2418 12.8620 3.0473 9.1625 0.5275 6.5718 7.0445 5.6337 4.9625 7.0681 5.9261 4.7002 6.0708 5.9289 8.2746 0.7960 4.5752 6.3465 0.2404 4.9543 5.4843 5.6874 1.6006 4.8691 5.6832
7.0074 5.7561 10.8848 11.4889 9.0674 10.6388 5.6846 12.8916 9.9856 5.1514 7.9646 5.3184 6.1345 0.0000 0.4459 9.4581 7.9876 6.3751 4.8427 9.7602 11.2684 8.9487 9.9973 10.4063 11.2574 8.9753 7.8118 5.1412 10.9958 13.4634 10.0062 10.8902 4.7147 6.4121 6.0426 9.2845 12.4149 7.3106 5.7481 11.7883 5.7123 12.8966 6.0295 9.0687 5.7624 12.6422 4.8966 10.5611 5.5162 6.4417 12.0284 10.5483 3.2849 11.9956 6.2951 6.8870 1.5598 3.5896 6.1322 9.4853 8.9897 11.8098 7.5969 5.8349 7.6206
6.8931 6.1522 11.2580 11.8446 9.1354 11.0182 5.5562 12.8142 10.3440 5.5263 7.7811 5.7314 6.0012 0.4459 0.0000 9.8151 8.3285 6.7761 5.2601 10.1073 11.2928 9.2912 10.3493 10.7481 11.6392 9.0651 7.9432 5.5293 11.0385 13.3359 9.8943 11.2488 5.1375 6.6450 6.2480 9.2403 12.2788 7.1410 5.8065 12.1435 6.0865 13.2708 6.1197 9.4230 5.6033 12.5460 5.2841 10.6139 5.7565 6.7842 11.9186 10.4965 3.6547 11.9000 6.6989 6.7693 1.4627 3.9716 5.9821 9.5597 9.1327 11.6879 7.4204 6.0605 7.8392
9.5425 3.8896 1.5779 2.0309 7.0961 1.5023 9.3404 12.0947 0.5312 4.3282 11.0436 4.5134 9.5283 9.4581 9.8151 0.0000 1.5657 3.4138 4.9913 0.4599 8.9705 0.7122 0.5668 1.0896 2.0938 6.6431 5.6689 4.3981 8.4443 13.5338 10.9155 1.4345 5.1948 4.3093 4.8941 9.2922 12.9464 10.5015 6.9574 2.3306 3.7727 3.5298 6.4874 0.4016 9.7539 12.3001 4.6309 8.0094 4.7886 3.0524 12.1500 10.0842 6.1751 11.8461 3.5322 9.5516 9.1277 5.8886 9.7528 7.1106 5.5679 12.2433 10.7430 4.7485 4.0406
8.1489 2.6967 3.1342 3.5477 6.1179 3.0088 7.8547 11.2440 2.0889 2.9446 9.6678 3.3666 8.0673 7.9876 8.3285 1.5657 0.0000 2.4062 3.7963 1.7871 8.2221 0.9633 2.0477 2.4197 3.6269 5.6836 4.5225 3.0768 7.7085 12.6007 9.7666 2.9751 4.0120 2.8425 3.4107 8.1747 11.9285 9.0959 5.4987 3.8419 2.4220 5.0939 5.0538 1.1658 8.2645 11.3860 3.2875 7.2384 3.2393 1.5460 11.1612 9.0857 4.7247 10.8849 2.5299 8.1474 7.5851 4.4663 8.2861 6.2154 4.7043 11.2138 9.3504 3.2286 2.8575
8.6009 0.6406 4.6237 5.3686 7.6094 4.3369 7.9372 12.7296 3.8927 1.4250 10.1134 1.1228 8.2586 6.3751 6.7761 3.4138 2.4062 0.0000 1.6165 3.8210 9.9199 3.1591 3.9802 4.4893 4.9353 7.2314 5.8762 1.2945 9.4385 13.9369 10.7887 4.7593 1.8055 3.6753 4.0185 9.3206 13.1386 9.4613 5.8919 5.6653 1.0173 6.6069 5.6018 3.0907 8.3059 12.7762 1.5319 8.9456 3.4309 1.5925 12.4382 10.4063 3.1778 12.2137 0.1244 8.5619 6.4012 2.8309 8.4396 7.8177 6.4512 12.4203 9.7512 3.6751 4.4069
8.1736 1.1109 6.2402 6.9733 7.9536 5.9524 7.2993 12.9182 5.4856 1.1398 9.6262 0.4958 7.6759 4.8427 5.2601 4.9913 3.7963 1.6165 0.0000 5.3773 10.3405 4.6584 5.5575 6.0485 6.5474 7.6362 6.2343 0.8563 9.8987 13.9891 10.6744 6.3634 0.2175 4.0135 4.1386 9.3409 13.1089 8.9433 5.6018 7.2712 1.4482 8.2217 5.4454 4.6459 7.6246 12.8893 0.8013 9.4023 3.4184 2.4822 12.4715 10.5199 1.8582 12.2905 1.5143 8.1115 5.0682 1.5003 7.8242 8.2349 7.0469 12.4015 9.2463 3.7678 5.0493
9.5274 4.2694 1.5430 1.7656 6.9175 1.5780 9.3903 11.8554 0.4764 4.6605 11.0140 4.9065 9.5579 9.7602 10.1073 0.4599 1.7871 3.8210 5.3773 0.0000 8.7127 0.8287 0.2972 0.6711 2.0951 6.4621 5.5629 4.7503 8.1856 13.3164 10.7801 1.2187 5.5842 4.3750 4.9647 9.1503 12.7579 10.4911 6.9950 2.0571 4.1124 3.3634 6.5107 0.7319 9.8059 12.0794 4.9777 7.7626 4.9263 3.3239 11.9535 9.8970 6.4851 11.6413 3.9414 9.5429 9.3702 6.2110 9.7863 6.9056 5.3683 12.0603 10.7241 4.8514 3.9757
5.1414 9.7237 10.0934 9.6634 2.3971 10.2451 6.2937 3.1725 9.1793 9.2253 5.6223 10.2217 5.9909 11.2684 11.2928 8.9705 8.2221 9.9199 10.3405 8.7127 0.0000 8.3789 8.9509 8.7249 10.6302 2.7088 4.1074 9.5281 0.5272 4.7186 3.5174 9.5172 10.5103 6.3448 6.2176 2.5592 4.4129 5.6855 5.5399 9.7808 9.1487 11.1600 5.3515 8.7861 6.5184 3.4891 9.5393 0.9851 6.9521 8.3276 3.5803 2.0103 9.5971 3.2053 10.0068 5.2684 9.8483 9.6767 6.1633 2.1119 3.5243 3.8294 5.6532 6.5851 5.5273
8.8303 3.5478 2.2721 2.5942 6.4403 2.2142 8.6350 11.4802 1.1842 3.8777 10.3319 4.2033 8.8192 8.9487 9.2912 0.7122 0.9633 3.1591 4.6584 0.8287 8.3789 0.0000 1.1030 1.4575 2.7995 5.9900 4.9769 3.9874 7.8548 12.8992 10.2310 2.0365 4.8701 3.6054 4.1921 8.6120 12.2907 9.7894 6.2490 2.8858 3.3395 4.1743 5.7769 0.4100 9.0491 11.6691 4.2077 7.4086 4.1154 2.5074 11.5004 9.4299 5.6809 11.2028 3.2828 8.8394 8.5421 5.4155 9.0444 6.4742 4.9321 11.5843 10.0310 4.0579 3.3381
9.8235 4.4547 1.2500 1.5011 7.1868 1.3080 9.6871 12.1004 0.2438 4.8795 11.3091 5.0801 9.8552 9.9973 10.3493 0.5668 2.0477 3.9802 5.5575 0.2972 8.9509 1.1030 0.0000 0.5507 1.8041 6.7309 5.8499 4.9566 8.4237 13.5699 11.0591 0.9335 5.7613 4.6703 5.2599 9.4282 13.0217 10.7875 7.2921 1.7974 4.3265 3.0747 6.8080 0.9313 10.1027 12.3319 5.1877 8.0064 5.2133 3.5715 12.2149 10.1620 6.7174 11.8998 4.0984 9.8394 9.6324 6.4365 10.0835 7.1664 5.6324 12.3261 11.0200 5.1434 4.2693
9.8915 4.9405 1.3689 1.2225 7.0716 1.5602 9.8291 11.8893 0.7468 5.3227 11.3564 5.5774 9.9741 10.4063 10.7481 1.0896 2.4197 4.4893 6.0485 0.6711 8.7249 1.4575 0.5507 0.0000 1.9081 6.6158 5.8336 5.4177 8.1987 13.3839 10.9809 0.8209 6.2553 4.8566 5.4457 9.3472 12.8734 10.8582 7.4293 1.4894 4.7772 2.8881 6.9320 1.4028 10.2461 12.1441 5.6437 7.7991 5.4686 3.9649 12.0581 10.0224 7.1372 11.7333 4.6093 9.9147 9.9811 6.8683 10.2061 7.0180 5.5037 12.1861 11.0803 5.3637 4.3204
11.6131 5.5211 0.5567 1.2271 8.9601 0.6306 11.4338 13.7963 1.6380 6.1145 13.1049 6.0517 11.6183 11.2574 11.6392 2.0938 3.6269 4.9353 6.5474 2.0951 10.6302 2.7995 1.8041 1.9081 0.0000 8.5040 7.6531 6.1175 10.1044 15.2920 12.8510 1.1205 6.7263 6.4030 6.9880 11.2185 14.7759 12.5752 9.0485 1.3504 5.5557 1.6829 8.5745 2.4749 11.8475 14.0522 6.3616 9.7069 6.8658 5.0129 13.9625 11.9218 7.9861 13.6394 5.0335 11.6260 11.0677 7.6689 11.8438 8.9188 7.3966 14.0861 12.8116 6.8387 6.0702
4.1759 7.0183 7.9494 7.7033 0.4561 8.0378 4.8715 5.5686 6.9384 6.5177 5.3232 7.5129 4.7397 8.9753 9.0651 6.6431 5.6836 7.2314 7.6362 6.4621 2.7088 5.9900 6.7309 6.6158 8.5040 0.0000 1.4023 6.8202 2.2645 6.9233 4.3878 7.4357 7.8087 3.6361 3.5303 2.7613 6.3033 5.0475 3.2851 7.8778 6.4422 9.3216 2.9469 6.3992 5.2188 5.7035 6.8349 1.7694 4.2669 5.6417 5.5104 3.4412 6.9794 5.2165 7.3150 4.2626 7.6797 7.0313 4.9677 0.5987 1.1171 5.6009 5.1654 3.8936 2.8795
4.1833 5.6353 7.0973 7.0022 1.7388 7.1323 4.4868 6.8608 6.0328 5.1180 5.5740 6.1170 4.4867 7.8118 7.9432 5.6689 4.5225 5.8762 6.2343 5.5629 4.1074 4.9769 5.8499 5.8336 7.6531 1.4023 0.0000 5.4210 3.6666 8.1294 5.2597 6.6480 6.4064 2.2419 2.1349 3.6542 7.4155 5.1405 2.3863 7.2144 5.0573 8.6664 1.9209 5.3761 4.8845 6.9381 5.4330 3.1709 2.8709 4.2962 6.6629 4.5943 5.6177 6.4048 5.9547 4.2317 6.6198 5.6527 4.7270 2.0009 1.2060 6.6987 5.3303 2.4949 1.6662
7.6159 0.6544 5.7578 6.4175 7.1497 5.5015 6.8396 12.1603 4.9130 0.3043 9.1009 0.7199 7.1895 5.1412 5.5293 4.3981 3.0768 1.2945 0.8563 4.7503 9.5281 3.9874 4.9566 5.4177 6.1175 6.8202 5.4210 0.0000 9.0788 13.2703 10.0024 5.8102 1.0619 3.1869 3.3569 8.6219 12.4140 8.4303 4.9699 6.7175 0.6560 7.7654 4.7619 4.0283 7.1895 12.1514 0.2452 8.5820 2.6583 1.6637 11.7559 9.7773 1.8958 11.5618 1.2476 7.5639 5.1075 1.5598 7.3551 7.4185 6.2032 11.7018 8.7282 2.9869 4.1969
5.1089 9.2570 9.5671 9.1421 2.0009 9.7181 6.1920 3.6950 8.6521 8.7771 5.7289 9.7668 5.9190 10.9958 11.0385 8.4443 7.7085 9.4385 9.8987 8.1856 0.5272 7.8548 8.4237 8.1987 10.1044 2.2645 3.6666 9.0788 0.0000 5.2301 3.7940 8.9919 10.0724 5.8922 5.7929 2.6361 4.8852 5.7282 5.2495 9.2620 8.6842 10.6458 5.0225 8.2617 6.4447 3.9962 9.0975 0.4968 6.5292 7.8462 4.0502 2.3320 9.2126 3.6828 9.5274 5.2310 9.6056 9.2790 6.1052 1.6667 3.0189 4.2779 5.7243 6.1573 5.0376
6.4577 13.6113 14.7472 14.3621 6.4836 14.8751 7.7816 1.6078 13.7899 12.9700 5.6975 13.9900 7.3349 13.4634 13.3359 13.5338 12.6007 13.9369 13.9891 13.3164 4.7186 12.8992 13.5699 13.3839 15.2920 6.9233 8.1294 13.2703 5.2301 0.0000 3.4750 14.1882 14.1201 10.2631 9.9468 4.6493 1.0847 6.2536 8.4657 14.4883 13.0358 15.8759 8.5507 13.3091 7.7469 1.2400 13.2181 5.5924 10.6152 12.3891 1.5188 3.5377 12.8024 1.7258 14.0032 6.5767 11.9063 12.9849 7.3603 6.4253 7.9681 1.6590 6.0077 10.3084 9.7626
3.0014 10.4013 12.2944 12.0872 3.9394 12.3574 4.3411 3.0382 11.2547 9.7089 2.5669 10.7203 3.9032 10.0062 9.8943 10.9155 9.7666 10.7887 10.6744 10.7801 3.5174 10.2310 11.0591 10.9809 12.8510 4.3878 5.2597 10.0024 3.7940 3.4750 0.0000 11.8018 10.7906 7.1713 6.7714 1.6337 2.4770 2.9602 5.0843 12.2650 9.8374 13.7094 5.2406 10.6327 4.3502 2.6757 9.9266 3.8553 7.3829 9.3048 2.0244 1.5174 9.3868 2.0398 10.8420 3.1252 8.4533 9.5883 3.9560 4.0947 5.5040 1.8162 2.7767 7.1143 6.9216
10.6852 5.2760 0.6344 0.6099 7.8914 0.9429 10.5885 12.6854 0.9047 5.7527 12.1576 5.8765 10.7458 10.8902 11.2488 1.4345 2.9751 4.7593 6.3634 1.2187 9.5172 2.0365 0.9335 0.8209 1.1205 7.4357 6.6480 5.8102 8.9919 14.1882 11.8018 0.0000 6.5606 5.5853 6.1754 10.1681 13.6873 11.6512 8.1902 0.9087 5.1947 2.1451 7.6995 1.8310 11.0049 12.9482 6.0463 8.5993 6.1447 4.4848 12.8705 10.8385 7.6061 12.5435 4.8721 10.7057 10.5557 7.3157 10.9760 7.8339 6.3229 13.0017 11.8771 6.0686 5.1155
8.2561 1.3225 6.4275 7.1703 8.1204 6.1354 7.3550 13.0642 5.6861 1.3361 9.6974 0.6842 7.7384 4.7147 5.1375 5.1948 4.0120 1.8055 0.2175 5.5842 10.5103 4.8701 5.7613 6.2553 6.7263 7.8087 6.4064 1.0619 10.0724 14.1201 10.7906 6.5606 0.0000 4.1940 4.3005 9.4740 13.2318 9.0117 5.7112 7.4678 1.6644 8.4032 5.5712 4.8525 7.6727 13.0276 0.9820 9.5763 3.5749 2.6980 12.6018 10.6609 1.8306 12.4256 1.6987 8.1911 5.0010 1.4820 7.8816 8.4073 7.2350 12.5263 9.3159 3.9304 5.2452
5.3177 3.3976 5.8772 6.0777 3.9790 5.8053 5.0312 9.0621 4.7852 2.8856 6.8421 3.8769 5.2288 6.4121 6.6450 4.3093 2.8425 3.6753 4.0135 4.3750 6.3448 3.6054 4.6703 4.8566 6.4030 3.6361 2.2419 3.1869 5.8922 10.2631 7.1713 5.5853 4.1940 0.0000 0.5902 5.6615 9.4792 6.2584 2.6578 6.3446 2.8186 7.7265 2.2139 3.9371 5.4446 9.1010 3.2138 5.3954 0.9005 2.1376 8.7677 6.7311 3.6685 8.5391 3.7452 5.3116 5.5527 3.6215 5.4500 4.2337 3.0582 8.7599 6.5173 0.5929 1.2306
4.7825 3.6645 6.4642 6.6671 3.8231 6.3876 4.4492 8.8056 5.3732 3.0528 6.3105 4.0704 4.6569 6.0426 6.2480 4.8941 3.4107 4.0185 4.1386 4.9647 6.2176 4.1921 5.2599 5.4457 6.9880 3.5303 2.1349 3.3569 5.7929 9.9468 6.7714 6.1754 4.3005 0.5902 0.0000 5.3116 9.1263 5.7127 2.0916 6.9333 3.0896 8.3166 1.6761 4.5189 4.8614 8.8094 3.3410 5.2991 0.7366 2.5596 8.4394 6.4340 3.5170 8.2297 4.0750 4.7699 5.0913 3.5281 4.8755 4.1265 3.1302 8.4090 5.9777 0.3709 1.6021
2.6448 8.9736 10.6621 10.4550 2.3181 10.7280 3.8993 3.6839 9.6254 8.3221 3.0928 9.3417 3.5431 9.2845 9.2403 9.2922 8.1747 9.3206 9.3409 9.1503 2.5592 8.6120 9.4282 9.3472 11.2185 2.7613 3.6542 8.6219 2.6361 4.6493 1.6337 10.1681 9.4740 5.6615 5.3116 0.0000 3.8185 3.1265 3.8718 10.6347 8.4005 12.0806 3.9111 9.0155 4.0645 3.5674 8.5688 2.5304 5.9689 7.7985 3.1340 1.2715 8.2100 2.9535 9.3819 2.7768 7.7776 8.3724 3.6886 2.5133 3.8752 3.0998 3.0985 5.6691 5.3203
5.4185 12.7838 14.2249 13.9013 5.8510 14.3297 6.7304 1.7795 13.2339 12.1167 4.6142 13.1336 6.2812 12.4149 12.2788 12.9464 11.9285 13.1386 13.1089 12.7579 4.4129 12.2907 13.0217 12.8734 14.7759 6.3033 7.4155 12.4140 4.8852 1.0847 2.4770 13.6873 13.2318 9.4792 9.1263 3.8185 0.0000 5.1779 7.5408 14.0461 12.2128 15.4593 7.6637 12.6993 6.6820 1.1833 12.3496 5.1747 9.7712 11.6154 0.8352 2.8622 11.8587 1.2089 13.1991 5.5342 10.8561 12.0547 6.2982 5.8576 7.3897 0.7194 4.9280 9.4809 9.0730
0.9670 8.9537 12.0307 12.0607 4.7402 12.0033 1.7237 5.9984 10.9376 8.1704 0.6964 9.1096 1.2925 7.3106 7.1410 10.5015 9.0959 9.4613 8.9433 10.4911 5.6855 9.7894 10.7875 10.8582 12.5752 5.0475 5.1405 8.4303 5.7282 6.2536 2.9602 11.6512 9.0117 6.2584 5.7127 3.1265 5.1779 0.0000 3.6333 12.2916 8.4479 13.7343 4.0446 10.1513 1.5522 5.6167 8.2943 5.5412 6.1011 8.2030 4.9278 4.0671 7.3602 4.9919 9.4838 0.9501 5.7540 7.6321 1.2098 5.1131 5.9644 4.6430 0.3081 5.9641 6.5379
2.7254 5.4294 8.5160 8.6502 3.3294 8.4571 2.3998 7.5493 7.4210 4.6870 4.2520 5.6796 2.5718 5.7481 5.8065 6.9574 5.4987 5.8919 5.6018 6.9950 5.5399 6.2490 7.2921 7.4293 9.0485 3.2851 2.3863 4.9699 5.2495 8.4657 5.0843 8.1902 5.7112 2.6578 2.0916 3.8718 7.5408 3.6333 0.0000 8.9030 4.8930 10.3165 0.5216 6.5907 2.8167 7.4332 4.8731 4.8131 2.4820 4.5741 6.9490 5.1229 4.3423 6.8082 5.9258 2.7004 4.4006 4.5193 2.7955 3.7565 3.5746 6.8441 3.9066 2.3308 3.1966
11.3246 6.1847 1.2055 0.3002 8.3289 1.5785 11.3021 12.9522 1.8063 6.6566 12.7716 6.7836 11.4370 11.7883 12.1435 2.3306 3.8419 5.6653 7.2712 2.0571 9.7808 2.8858 1.7974 1.4894 1.3504 7.8778 7.2144 6.7175 9.2620 14.4883 12.2650 0.9087 7.4678 6.3446 6.9333 10.6347 14.0461 12.2916 8.9030 0.0000 6.0995 1.4530 8.4013 2.7205 11.7193 13.2504 6.9531 8.9006 6.9542 5.3688 13.2200 11.2223 8.5056 12.8798 5.7774 11.3527 11.4267 8.2185 11.6705 8.2279 6.7611 13.3751 12.5060 6.8530 5.7632
7.5936 0.5794 5.1727 5.7993 6.7959 4.9326 6.9200 11.8714 4.2932 0.5609 9.1026 1.1335 7.2418 5.7123 6.0865 3.7727 2.4220 1.0173 1.4482 4.1124 9.1487 3.3395 4.3265 4.7772 5.5557 6.4422 5.0573 0.6560 8.6842 13.0358 9.8374 5.1947 1.6644 2.8186 3.0896 8.4005 12.2128 8.4479 4.8930 6.0995 0.0000 7.1850 4.6227 3.3958 7.2893 11.8924 0.8683 8.1879 2.4565 1.0342 11.5290 9.5176 2.4319 11.3173 1.0362 7.5524 5.5619 2.1251 7.4223 7.0371 5.7522 11.4963 8.7388 2.7320 3.7166
12.7672 7.1821 2.0130 1.6738 9.7713 2.2704 12.7162 14.3256 3.0052 7.7457 14.2198 7.7262 12.8620 12.8966 13.2708 3.5298 5.0939 6.6069 8.2217 3.3634 11.1600 4.1743 3.0747 2.8881 1.6829 9.3216 8.6664 7.7654 10.6458 15.8759 13.7094 2.1451 8.4032 7.7265 8.3166 12.0806 15.4593 13.7343 10.3165 1.4530 7.1850 0.0000 9.8200 3.9312 13.1330 14.6407 8.0081 10.2994 8.2879 6.5661 14.6305 12.6473 9.6162 14.2855 6.7074 12.7933 12.6441 9.3073 13.0942 9.6602 8.2057 14.7944 13.9513 8.2136 7.1998
3.1077 5.1766 8.0381 8.1513 3.0513 7.9890 2.9028 7.5506 6.9426 4.4692 4.6350 5.4798 3.0473 6.0295 6.1197 6.4874 5.0538 5.6018 5.4454 6.5107 5.3515 5.7769 6.8080 6.9320 8.5745 2.9469 1.9209 4.7619 5.0225 8.5507 5.2406 7.6995 5.5712 2.2139 1.6761 3.9111 7.6637 4.0446 0.5216 8.4013 4.6227 9.8200 0.0000 6.1268 3.3199 7.4758 4.6881 4.5656 2.1710 4.2159 7.0320 5.1272 4.3364 6.8645 5.6447 3.0984 4.7490 4.4752 3.2766 3.4602 3.1232 6.9561 4.3052 1.9601 2.6793
9.1949 3.5387 1.9707 2.4217 6.8492 1.8687 8.9676 11.8897 0.9311 3.9483 10.7016 4.1746 9.1625 9.0687 9.4230 0.4016 1.1658 3.0907 4.6459 0.7319 8.7861 0.4100 0.9313 1.4028 2.4749 6.3992 5.3761 4.0283 8.2617 13.3091 10.6327 1.8310 4.8525 3.9371 4.5189 9.0155 12.6993 10.1513 6.5907 2.7205 3.3958 3.9312 6.1268 0.0000 9.3802 12.0791 4.2582 7.8167 4.3956 2.6539 11.9096 9.8388 5.7875 11.6125 3.2115 9.2012 8.7274 5.5053 9.3856 6.8841 5.3421 11.9925 10.3964 4.3638 3.7303
1.4315 7.7559 11.3199 11.4669 5.0281 11.2489 0.4172 7.3541 10.2263 6.9510 2.2266 7.8377 0.5275 5.7624 5.6033 9.7539 8.2645 8.3059 7.6246 9.8059 6.5184 9.0491 10.1027 10.2461 11.8475 5.2188 4.8845 7.1895 6.4447 7.7469 4.3502 11.0049 7.6727 5.4446 4.8614 4.0645 6.6820 1.5522 2.8167 11.7193 7.2893 13.1330 3.3199 9.3802 0.0000 7.0253 7.0303 6.1552 5.0970 7.1898 6.3655 5.2076 5.9524 6.3859 8.3141 1.2976 4.2043 6.2467 0.3957 5.4546 5.9222 6.1106 1.8469 5.0416 5.9911
5.6590 12.4700 13.5076 13.1230 5.2688 13.6367 7.0043 0.6017 12.5525 11.8493 5.1510 12.8698 6.5718 12.6422 12.5460 12.3001 11.3860 12.7762 12.8893 12.0794 3.4891 11.6691 12.3319 12.1441 14.0522 5.7035 6.9381 12.1514 3.9962 1.2400 2.6757 12.9482 13.0276 9.1010 8.8094 3.5674 1.1833 5.6167 7.4332 13.2504 11.8924 14.6407 7.4758 12.0791 7.0253 0.0000 12.1096 4.3528 9.4932 11.2167 0.7305 2.3754 11.7747 0.6465 12.8459 5.7861 11.0967 11.9397 6.6308 5.1952 6.7370 1.1138 5.4092 9.1748 8.5574
7.4939 0.8915 5.9997 6.6530 7.1531 5.7450 6.6867 12.1305 5.1478 0.3786 8.9692 0.8156 7.0445 4.8966 5.2841 4.6309 3.2875 1.5319 0.8013 4.9777 9.5393 4.2077 5.1877 5.6437 6.3616 6.8349 5.4330 0.2452 9.0975 13.2181 9.9266 6.0463 0.9820 3.2138 3.3410 8.5688 12.3496 8.2943 4.8731 6.9531 0.8683 8.0081 4.6881 4.2582 7.0303 12.1096 0.0000 8.6011 2.6256 1.8372 11.7018 9.7379 1.6519 11.5148 1.4791 7.4384 4.8695 1.3146 7.2053 7.4336 6.2530 11.6396 8.5940 2.9701 4.2675
4.8615 8.7610 9.1654 8.7706 1.5244 9.3060 5.8818 4.0942 8.2320 8.2803 5.5998 9.2700 5.6337 10.5611 10.6139 8.0094 7.2384 8.9456 9.4023 7.7626 0.9851 7.4086 8.0064 7.7991 9.7069 1.7694 3.1709 8.5820 0.4968 5.5924 3.8553 8.5993 9.5763 5.3954 5.2991 2.5304 5.1747 5.5412 4.8131 8.9006 8.1879 10.2994 4.5656 7.8167 6.1552 4.3528 8.6011 0.0000 6.0356 7.3532 4.3412 2.4770 8.7284 3.9885 9.0339 4.9785 9.1893 8.7907 5.8301 1.1728 2.5393 4.5358 5.5626 5.6630 4.5474
5.2067 3.0185 6.3657 6.6746 4.5564 6.2479 4.6985 9.5059 5.2956 2.3563 6.7314 3.3769 4.9625 5.5162 5.7565 4.7886 3.2393 3.4309 3.4184 4.9263 6.9521 4.1154 5.2133 5.4686 6.8658 4.2669 2.8709 2.6583 6.5292 10.6152 7.3829 6.1447 3.5749 0.9005 0.7366 5.9689 9.7712 6.1011 2.4820 6.9542 2.4565 8.2879 2.1710 4.3956 5.0970 9.4932 2.6256 6.0356 0.0000 2.1065 9.1025 7.1191 2.8143 8.9046 3.4741 5.1781 4.7040 2.8048 5.1653 4.8629 3.8385 9.0567 6.3808 0.3832 2.1278
7.2982 1.5119 4.5671 5.0716 6.0244 4.3825 6.7961 11.1559 3.5836 1.4676 8.8258 2.1480 7.0681 6.4417 6.7842 3.0524 1.5460 1.5925 2.4822 3.3239 8.3276 2.5074 3.5715 3.9649 5.0129 5.6417 4.2962 1.6637 7.8462 12.3891 9.3048 4.4848 2.6980 2.1376 2.5596 7.7985 11.6154 8.2030 4.5741 5.3688 1.0342 6.5661 4.2159 2.6539 7.1898 11.2167 1.8372 7.3532 2.1065 0.0000 10.8989 8.8531 3.1820 10.6638 1.6824 7.2744 6.0785 2.9341 7.2691 6.2265 4.8633 10.8961 8.4799 2.2560 2.8173
5.0256 12.1035 13.4126 13.0778 5.0614 13.5227 6.3652 1.2718 12.4291 11.4561 4.4411 12.4757 5.9261 12.0284 11.9186 12.1500 11.1612 12.4382 12.4715 11.9535 3.5803 11.5004 12.2149 12.0581 13.9625 5.5104 6.6629 11.7559 4.0502 1.5188 2.0244 12.8705 12.6018 8.7677 8.4394 3.1340 0.8352 4.9278 6.9490 13.2200 11.5290 14.6305 7.0320 11.9096 6.3655 0.7305 11.7018 4.3412 9.1025 10.8989 0.0000 2.0758 11.2877 0.3899 12.5025 5.1496 10.4766 11.4678 5.9728 5.0485 6.5861 0.4034 4.7104 8.7993 8.3109
3.7764 10.0951 11.3696 11.0684 2.9896 11.4699 5.0862 2.4273 10.3731 9.4750 3.8492 10.4954 4.7002 10.5483 10.4965 10.0842 9.0857 10.4063 10.5199 9.8970 2.0103 9.4299 10.1620 10.0224 11.9218 3.4412 4.5943 9.7773 2.3320 3.5377 1.5174 10.8385 10.6609 6.7311 6.4340 1.2715 2.8622 4.0671 5.1229 11.2223 9.5176 12.6473 5.1272 9.8388 5.2076 2.3754 9.7379 2.4770 7.1191 8.8531 2.0758 0.0000 9.4499 1.8119 10.4747 3.9103 9.0342 9.6012 4.8188 3.0047 4.5296 2.1645 3.9630 6.7994 6.2370
6.6757 2.5397 7.6035 8.2060 7.2129 7.3641 5.6634 11.8768 6.7018 1.8719 8.0543 2.2435 6.0708 3.2849 3.6547 6.1751 4.7247 3.1778 1.8582 6.4851 9.5971 5.6809 6.7174 7.1372 7.9861 6.9794 5.6177 1.8958 9.2126 12.8024 9.3868 7.6061 1.8306 3.6685 3.5170 8.2100 11.8587 7.3602 4.3423 8.5056 2.4319 9.6162 4.3364 5.7875 5.9524 11.7747 1.6519 8.7284 2.8143 3.1820 11.2877 9.4499 0.0000 11.1505 3.1158 6.5967 3.2422 0.3612 6.1928 7.5626 6.6460 11.1708 7.6677 3.1947 4.8861
5.0145 11.8936 13.0910 12.7415 4.7721 13.2072 6.3601 1.0413 12.1162 11.2606 4.5468 12.2811 5.9289 11.9956 11.9000 11.8461 10.8849 12.2137 12.2905 11.6413 3.2053 11.2028 11.8998 11.7333 13.6394 5.2165 6.4048 11.5618 3.6828 1.7258 2.0398 12.5435 12.4256 8.5391 8.2297 2.9535 1.2089 4.9919 6.8082 12.8798 11.3173 14.2855 6.8645 11.6125 6.3859 0.6465 11.5148 3.9885 8.9046 10.6638 0.3899 1.8119 11.1505 0.0000 12.2807 5.1420 10.4503 11.3205 5.9909 4.7368 6.2785 0.7470 4.7924 8.5928 8.0419
8.6294 0.5959 4.7288 5.4811 7.6897 4.4383 7.9484 12.8040 4.0085 1.4020 10.1388 1.0188 8.2746 6.2951 6.6989 3.5322 2.5299 0.1244 1.5143 3.9414 10.0068 3.2828 4.0984 4.6093 5.0335 7.3150 5.9547 1.2476 9.5274 14.0032 10.8420 4.8721 1.6987 3.7452 4.0750 9.3819 13.1991 9.4838 5.9258 5.7774 1.0362 6.7074 5.6447 3.2115 8.3141 12.8459 1.4791 9.0339 3.4741 1.6824 12.5025 10.4747 3.1158 12.2807 0.0000 8.5886 6.3468 2.7654 8.4532 7.9026 6.5449 12.4812 9.7750 3.7277 4.4994
0.1339 8.0691 11.0819 11.1196 4.0001 11.0534 1.2182 6.0886 9.9885 7.2965 1.5537 8.2538 0.7960 6.8870 6.7693 9.5516 8.1474 8.5619 8.1115 9.5429 5.2684 8.8394 9.8394 9.9147 11.6260 4.2626 4.2317 7.5639 5.2310 6.5767 3.1252 10.7057 8.1911 5.3116 4.7699 2.7768 5.5342 0.9501 2.7004 11.3527 7.5524 12.7933 3.0984 9.2012 1.2976 5.7861 7.4384 4.9785 5.1781 7.2744 5.1496 3.9103 6.5967 5.1420 8.5886 0.0000 5.3312 6.8493 0.9131 4.4015 5.1148 4.9229 1.2080 5.0286 5.5946
5.4527 5.7606 10.6406 11.1327 7.7267 10.4380 4.1258 11.3574 9.6584 5.0254 6.4123 5.4813 4.5752 1.5598 1.4627 9.1277 7.5851 6.4012 5.0682 9.3702 9.8483 8.5421 9.6324 9.9811 11.0677 7.6797 6.6198 5.1075 9.6056 11.9063 8.4533 10.5557 5.0010 5.5527 5.0913 7.7776 10.8561 5.7540 4.4006 11.4267 5.5619 12.6441 4.7490 8.7274 4.2043 11.0967 4.8695 9.1893 4.7040 6.0785 10.4766 9.0342 3.2422 10.4503 6.3468 5.3312 0.0000 3.6013 4.5726 8.1564 7.8215 10.2540 6.0421 4.9598 6.6930
6.9240 2.1956 7.2959 7.9185 7.2841 7.0494 5.9469 12.0257 6.4126 1.5646 8.3242 1.8825 6.3465 3.5896 3.9716 5.8886 4.4663 2.8309 1.5003 6.2110 9.6767 5.4155 6.4365 6.8683 7.6689 7.0313 5.6527 1.5598 9.2790 12.9849 9.5883 7.3157 1.4820 3.6215 3.5281 8.3724 12.0547 7.6321 4.5193 8.2185 2.1251 9.3073 4.4752 5.5053 6.2467 11.9397 1.3146 8.7907 2.8048 2.9341 11.4678 9.6012 0.3612 11.3205 2.7654 6.8493 3.6013 0.0000 6.4761 7.6205 6.6421 11.3615 7.9388 3.1879 4.8196
1.0465 7.9051 11.3104 11.4238 4.7528 11.2524 0.5295 6.9585 10.2152 7.1074 1.9006 8.0172 0.2404 6.1322 5.9821 9.7528 8.2861 8.4396 7.8242 9.7863 6.1633 9.0444 10.0835 10.2061 11.8438 4.9677 4.7270 7.3551 6.1052 7.3603 3.9560 10.9760 7.8816 5.4500 4.8755 3.6886 6.2982 1.2098 2.7955 11.6705 7.4223 13.0942 3.2766 9.3856 0.3957 6.6308 7.2053 5.8301 5.1653 7.2691 5.9728 4.8188 6.1928 5.9909 8.4532 0.9131 4.5726 6.4761 0.0000 5.1722 5.7215 5.7210 1.5140 5.0809 5.9189
4.3018 7.6124 8.3674 8.0684 0.4421 8.4743 5.1335 5.0291 7.3809 7.1161 5.3135 8.1104 4.9543 9.4853 9.5597 7.1106 6.2154 7.8177 8.2349 6.9056 2.1119 6.4742 7.1664 7.0180 8.9188 0.5987 2.0009 7.4185 1.6667 6.4253 4.0947 7.8339 8.4073 4.2337 4.1265 2.5133 5.8576 5.1131 3.7565 8.2279 7.0371 9.6602 3.4602 6.8841 5.4546 5.1952 7.4336 1.1728 4.8629 6.2265 5.0485 3.0047 7.5626 4.7368 7.9026 4.4015 8.1564 7.6205 5.1722 0.0000 1.5430 5.1680 5.1971 4.4907 3.4454
5.0448 6.3142 6.8430 6.5862 1.5705 6.9403 5.5418 6.5574 5.8442 5.9088 6.3051 6.8633 5.4843 8.9897 9.1327 5.5679 4.7043 6.4512 7.0469 5.3683 3.5243 4.9321 5.6324 5.5037 7.3966 1.1171 1.2060 6.2032 3.0189 7.9681 5.5040 6.3229 7.2350 3.0582 3.1302 3.8752 7.3897 5.9644 3.5746 6.7611 5.7522 8.2057 3.1232 5.3421 5.9222 6.7370 6.2530 2.5393 3.8385 4.8633 6.5861 4.5296 6.6460 6.2785 6.5449 5.1148 7.8215 6.6421 5.7215 1.5430 0.0000 6.6938 6.1131 3.4556 2.0465
4.8026 12.0679 13.5340 13.2255 5.1472 13.6339 6.1319 1.6730 12.5365 11.4040 4.1274 12.4217 5.6874 11.8098 11.6879 12.2433 11.2138 12.4203 12.4015 12.0603 3.8294 11.5843 12.3261 12.1861 14.0861 5.6009 6.6987 11.7018 4.2779 1.6590 1.8162 13.0017 12.5263 8.7599 8.4090 3.0998 0.7194 4.6430 6.8441 13.3751 11.4963 14.7944 6.9561 11.9925 6.1106 1.1138 11.6396 4.5358 9.0567 10.8961 0.4034 2.1645 11.1708 0.7470 12.4812 4.9229 10.2540 11.3615 5.7210 5.1680 6.6938 0.0000 4.4130 8.7644 8.3575
1.2019 9.2477 12.2653 12.2785 4.8390 12.2439 2.0308 5.8098 11.1736 8.4667 0.3884 9.4094 1.6006 7.5969 7.4204 10.7430 9.3504 9.7512 9.2463 10.7241 5.6532 10.0310 11.0200 11.0803 12.8116 5.1654 5.3303 8.7282 5.7243 6.0077 2.7767 11.8771 9.3159 6.5173 5.9777 3.0985 4.9280 0.3081 3.9066 12.5060 8.7388 13.9513 4.3052 10.3964 1.8469 5.4092 8.5940 5.5626 6.3808 8.4799 4.7104 3.9630 7.6677 4.7924 9.7750 1.2080 6.0421 7.9388 1.5140 5.1971 6.1131 4.4130 0.0000 6.2360 6.7617
5.0482 3.3045 6.3253 6.5798 4.1916 6.2293 4.6347 9.1744 5.2421 2.6829 6.5769 3.7012 4.8691 5.8349 6.0605 4.7485 3.2286 3.6751 3.7678 4.8514 6.5851 4.0579 5.1434 5.3637 6.8387 3.8936 2.4949 2.9869 6.1573 10.3084 7.1143 6.0686 3.9304 0.5929 0.3709 5.6691 9.4809 5.9641 2.3308 6.8530 2.7320 8.2136 1.9601 4.3638 5.0416 9.1748 2.9701 5.6630 0.3832 2.2560 8.7993 6.7994 3.1947 8.5928 3.7277 5.0286 4.9598 3.1879 5.0809 4.4907 3.4556 8.7644 6.2360 0.0000 1.7872
5.5713 4.2731 5.5186 5.5260 3.2946 5.5247 5.5748 8.4448 4.4355 3.9100 7.0436 4.8372 5.6832 7.6206 7.8392 4.0406 2.8575 4.4069 5.0493 3.9757 5.5273 3.3381 4.2693 4.3204 6.0702 2.8795 1.6662 4.1969 5.0376 9.7626 6.9216 5.1155 5.2452 1.2306 1.6021 5.3203 9.0730 6.5379 3.1966 5.7632 3.7166 7.1998 2.6793 3.7303 5.9911 8.5574 4.2675 4.5474 2.1278 2.8173 8.3109 6.2370 4.8861 8.0419 4.4994 5.5946 6.6930 4.8196 5.9189 3.4454 2.0465 8.3575 6.7617 1.7872 0.0000
