gen_walk_yugocentr_7
50 11 1
G0 30 0 120 3 0
G1 30 240 360 3 0
G2 30 0 120 3 0
G3 70 600 650 2 1
G4 70 0 120 2 1
G5 20 480 600 3 1
G6 70 120 240 2 1
G7 30 120 240 3 0
G8 80 480 600 1 2
G9 70 480 600 2 1
G10 80 360 480 1 2
G11 30 120 240 3 0
G12 30 600 690 3 0
G13 30 0 120 3 0
G14 30 360 480 3 0
G15 70 0 120 2 1
G16 80 600 640 1 2
G17 70 0 120 2 1
G18 70 240 360 2 1
G19 30 360 480 3 0
G20 30 240 360 3 0
G21 70 0 120 2 1
G22 30 120 240 3 0
G23 70 480 600 2 1
G24 20 600 700 3 1
G25 30 120 240 3 0
G26 30 240 360 3 0
G27 70 480 600 2 1
G28 30 480 600 3 0
G29 30 0 120 3 0
G30 30 120 240 3 0
G31 70 360 480 2 1
G32 70 120 240 2 1
G33 30 120 240 3 0
G34 20 480 600 3 1
G35 30 480 600 3 0
G36 20 360 480 3 1
G37 30 0 120 3 0
G38 70 360 480 2 1
G39 30 120 240 3 0
G40 70 360 480 2 1
G41 70 0 120 2 1
G42 80 240 360 1 2
G43 70 360 480 2 1
G44 30 600 690 3 0
G45 30 360 480 3 0
G46 70 480 600 2 1
G47 80 0 640 1 2
G48 70 600 650 2 1
G49 30 480 600 3 0
0 1 2
0 1 3
0 3 3
0 3 3
0 1 3
0 1 3
0 1 3
0 3 7
0 1 2
0 1 3
0 3 7
0.000 8.577 15.448 9.312 15.669 10.286 9.200 15.571 12.890 4.456 10.479 14.536 8.658 7.843 5.823 10.168 7.761 12.835 13.354 8.756 7.645 13.394 10.203 11.484 13.953 6.476 9.053 11.875 7.533 5.151 13.591 7.735 7.167 9.387 13.212 10.456 8.227 11.983 7.648 17.403 10.382 14.472 5.130 10.251 12.978 8.694 8.348 15.754 7.745 9.689 10.743
7.314 0.000 11.364 6.351 8.906 7.356 5.600 13.722 8.365 9.455 5.162 8.869 10.287 12.521 7.871 10.477 10.785 11.368 9.376 6.111 4.375 9.987 5.221 9.128 10.024 10.197 10.115 8.611 5.800 6.381 9.171 3.613 4.617 11.023 9.810 10.012 9.662 11.049 8.469 12.873 8.075 12.173 11.173 11.926 9.335 4.009 10.361 12.021 10.419 7.416 11.741
15.341 11.542 0.000 11.354 7.567 11.040 11.548 4.398 10.493 19.896 10.692 8.624 19.206 21.124 17.730 11.884 18.549 14.622 7.752 13.836 12.068 15.836 11.755 10.567 9.828 24.495 16.191 9.789 14.547 17.497 7.524 11.911 16.330 16.366 11.263 19.082 19.899 18.748 18.212 3.882 14.155 7.282 22.106 16.626 9.241 13.486 20.674 4.052 22.148 10.155 19.294
9.500 6.238 11.667 0.000 12.997 4.168 6.101 11.645 11.937 11.295 6.652 10.942 11.871 12.610 12.252 11.444 9.132 13.824 11.511 4.009 4.690 7.573 4.325 13.471 12.014 11.263 12.184 11.168 3.650 7.615 9.610 6.822 5.476 15.236 11.988 8.859 11.547 15.021 9.468 11.533 5.356 11.126 10.632 12.907 9.653 4.436 14.948 14.823 12.632 8.430 15.664
14.707 11.109 7.860 13.074 0.000 9.356 8.538 7.971 4.022 16.143 9.067 4.332 21.042 14.006 11.732 7.966 15.133 6.746 4.521 9.206 9.633 15.434 11.578 4.915 4.441 16.759 12.947 6.260 12.008 11.885 10.258 8.945 13.161 11.399 4.846 17.524 17.620 14.951 13.906 8.286 12.138 7.696 16.390 9.841 6.184 12.334 12.905 9.135 17.268 6.706 10.798
9.908 7.440 12.877 4.052 11.546 0.000 4.443 11.278 9.151 11.400 5.579 9.872 13.463 16.227 9.976 10.346 12.147 13.731 10.344 3.808 5.598 8.356 4.243 10.133 8.544 12.672 15.181 9.199 5.465 8.487 9.270 7.372 6.608 14.179 11.783 9.943 11.979 13.655 11.513 11.224 6.971 9.799 12.774 13.855 7.426 5.811 14.763 13.097 12.456 7.893 17.386
9.868 5.081 12.167 4.765 8.183 5.347 0.000 12.597 7.927 9.897 4.195 9.001 12.881 12.343 11.761 11.449 12.311 9.718 10.298 4.632 5.075 8.614 4.710 10.079 8.805 12.623 12.043 7.993 5.941 6.956 10.112 4.541 6.892 11.537 9.560 11.103 11.167 15.299 9.126 11.971 6.838 9.551 12.410 12.354 7.560 5.647 14.347 13.692 13.459 7.117 15.253
19.320 14.463 4.104 12.105 8.367 10.493 13.138 0.000 10.209 17.041 11.846 10.785 19.705 18.202 19.791 12.171 22.613 13.935 7.632 11.241 15.569 17.289 14.608 9.413 9.482 23.858 19.344 12.947 15.974 17.167 8.527 11.283 15.983 19.825 9.219 19.146 18.572 17.086 16.644 3.903 16.814 7.447 17.473 15.579 7.986 12.664 16.324 3.562 18.957 10.818 17.996
11.191 8.957 8.893 12.170 4.850 9.373 10.418 9.176 0.000 14.970 8.442 4.640 19.285 11.986 11.447 6.865 16.928 6.269 5.042 9.390 9.692 15.810 12.044 4.437 5.141 16.090 13.671 5.035 11.985 12.473 9.913 10.325 10.274 13.116 5.095 19.299 15.315 11.732 16.294 9.836 13.014 10.716 16.332 10.413 5.897 10.839 12.537 10.251 16.822 5.631 10.135
5.003 7.915 17.832 9.123 14.789 11.554 11.281 17.679 12.539 0.000 11.481 15.418 8.364 9.393 6.714 10.971 8.452 12.124 15.373 11.721 10.416 12.090 11.612 16.433 13.053 5.567 9.527 13.593 8.369 7.322 17.537 8.462 8.101 12.783 16.632 9.345 5.423 10.856 6.139 16.168 11.670 16.860 3.526 12.440 12.015 8.274 8.437 21.832 5.486 11.329 14.073
9.780 5.084 10.892 6.002 9.283 5.767 4.274 11.469 9.440 9.289 0.000 8.279 11.667 12.435 9.618 9.518 12.197 9.846 7.931 5.513 5.757 10.669 6.273 8.879 8.111 12.440 11.344 9.315 7.634 7.673 10.697 3.976 7.328 11.560 8.851 12.346 12.176 11.583 10.995 12.839 7.869 8.158 11.128 9.783 6.724 6.139 11.336 10.267 13.099 6.112 13.645
12.977 10.408 10.338 11.609 3.418 12.691 9.191 11.006 3.543 14.428 8.388 0.000 16.642 14.521 11.037 9.007 17.423 6.931 4.687 10.746 10.382 15.043 11.906 4.491 4.889 15.684 12.589 5.854 11.867 12.114 11.859 8.634 11.981 10.895 4.050 20.937 19.375 12.837 14.750 9.964 12.827 9.204 15.562 10.596 6.848 11.319 11.782 8.997 18.192 7.469 12.502
7.823 13.211 22.078 9.755 18.208 11.198 12.738 20.531 15.518 8.345 14.595 19.310 0.000 11.881 12.123 14.432 4.535 16.579 20.919 12.969 9.161 13.245 10.009 15.778 15.322 5.730 14.301 17.259 11.264 8.756 17.294 12.757 10.460 14.532 18.821 5.038 4.683 15.997 5.266 19.053 11.261 16.607 7.012 15.973 16.153 9.580 14.106 23.722 5.277 13.036 16.122
8.751 10.864 17.077 15.654 12.070 14.681 11.117 20.047 11.944 8.537 12.158 15.014 12.959 0.000 5.728 8.114 13.230 10.107 13.389 15.305 11.598 18.075 13.340 11.936 14.382 12.787 4.513 10.314 14.592 9.535 18.411 12.123 9.505 5.349 11.048 17.432 10.576 4.552 13.771 20.716 15.452 19.787 9.115 6.899 14.400 12.028 4.049 17.202 13.133 11.442 5.937
5.807 7.730 17.872 10.384 12.496 12.626 9.218 20.246 11.744 6.503 9.734 13.807 11.150 5.430 0.000 8.978 10.052 10.168 14.417 10.564 9.349 16.847 11.429 12.358 10.468 10.762 7.170 11.676 10.515 7.273 15.642 7.357 8.817 7.708 12.751 13.783 8.457 6.628 9.720 14.743 13.323 14.739 8.758 8.054 13.187 10.519 7.195 16.466 10.009 10.625 9.840
10.449 9.784 14.534 12.142 7.748 11.433 11.334 13.177 7.478 12.091 7.599 8.078 14.939 8.799 7.703 0.000 17.082 5.531 8.352 9.959 11.026 16.071 10.659 7.293 8.324 14.000 7.195 5.530 10.908 11.800 11.994 9.433 10.890 7.605 6.426 15.298 15.915 8.706 14.599 11.637 15.311 13.277 13.245 6.291 8.481 9.477 7.542 12.828 13.994 8.582 8.690
7.178 9.547 18.930 10.535 18.104 11.972 10.744 21.076 16.016 8.299 11.279 18.492 4.781 14.068 11.730 14.373 0.000 14.862 19.016 10.178 10.230 9.672 10.442 19.277 18.753 7.165 14.691 16.347 8.493 6.908 14.714 10.021 8.253 16.693 18.180 4.270 5.029 15.042 5.789 18.986 7.888 18.612 7.748 17.680 16.637 9.875 15.191 18.401 6.080 12.465 18.797
14.267 11.389 11.840 11.602 7.581 14.062 12.130 13.000 7.298 13.284 10.886 7.598 15.965 10.026 11.649 5.107 18.970 0.000 7.239 10.832 11.406 17.961 10.720 6.079 8.668 17.437 8.057 4.938 12.431 11.439 15.502 8.995 13.205 7.882 5.448 16.290 17.534 8.614 14.100 12.050 14.857 14.587 13.609 7.440 8.429 12.596 11.305 15.405 14.136 7.742 8.919
13.741 9.988 8.435 10.338 3.533 9.646 10.287 8.761 4.464 14.264 9.158 4.342 17.074 13.080 14.423 7.668 18.732 7.669 0.000 10.129 11.596 16.109 11.628 5.597 4.127 16.922 13.056 6.563 12.925 12.663 10.373 9.434 12.183 11.542 5.206 20.289 18.498 12.000 16.730 7.009 14.472 7.727 18.461 10.773 5.381 9.852 14.807 9.749 17.234 5.412 13.770
8.320 4.946 14.206 3.627 10.307 4.669 5.039 11.736 10.635 10.858 5.055 10.537 10.855 11.843 9.613 11.608 11.722 13.833 8.935 0.000 5.298 8.337 3.929 12.116 10.356 10.899 15.283 10.760 5.008 8.127 10.125 5.897 5.696 14.373 11.781 12.322 13.426 13.723 10.316 11.322 7.090 9.846 9.506 13.062 7.547 5.040 12.610 11.800 10.546 8.163 13.337
8.601 5.109 11.911 5.101 12.377 5.498 5.663 13.276 11.175 9.002 6.507 11.843 11.204 11.756 10.240 10.931 10.190 13.893 12.592 4.859 0.000 9.476 5.023 13.553 8.938 12.058 11.327 10.320 4.640 6.601 9.299 6.084 5.118 12.763 10.280 9.414 10.362 14.776 7.331 11.244 5.465 10.221 8.785 11.148 8.684 4.059 13.684 14.983 8.848 9.127 12.716
10.756 11.184 14.153 7.532 16.589 7.038 8.716 13.701 16.033 11.801 9.468 15.604 12.603 15.191 15.337 17.222 10.301 15.175 14.491 7.870 7.937 0.000 8.381 16.837 16.288 15.070 19.874 15.094 6.616 9.673 11.974 11.270 9.371 17.268 18.359 11.595 12.073 20.783 9.008 13.800 5.612 11.708 14.786 16.628 13.702 9.136 20.065 14.784 14.574 11.234 18.002
8.033 5.578 12.500 3.789 11.225 4.728 5.279 11.934 9.066 11.998 6.397 12.608 10.485 15.181 11.657 10.447 9.470 13.814 9.743 3.433 4.723 8.561 0.000 12.442 11.028 13.349 14.070 9.427 4.375 6.799 9.335 6.251 5.658 15.204 9.955 10.569 11.593 15.185 10.124 11.844 5.849 10.659 11.857 14.676 8.909 4.677 14.258 11.865 10.908 7.555 12.962
12.591 9.381 9.538 11.640 4.738 12.351 9.018 11.052 5.258 15.619 10.530 4.165 19.435 14.227 13.342 6.499 17.253 6.077 5.718 11.054 10.741 15.642 12.911 0.000 5.402 15.089 12.061 4.369 12.042 12.654 12.764 10.251 11.296 12.597 3.290 19.120 17.225 9.973 14.612 11.191 15.817 10.989 16.045 9.237 7.597 12.684 10.464 11.253 19.352 7.182 11.056
13.326 8.348 9.474 11.251 4.587 9.919 9.246 10.137 4.097 14.472 7.475 4.760 18.544 15.135 12.483 7.988 16.660 8.326 3.565 9.022 9.757 16.170 8.810 5.706 0.000 18.258 13.003 5.888 11.708 11.818 9.855 9.087 9.537 10.781 6.389 15.290 15.984 12.875 13.185 9.517 13.515 7.516 15.645 10.442 4.214 9.974 14.241 10.444 16.587 5.868 11.389
8.309 11.023 21.557 10.540 20.011 13.964 14.038 24.532 15.516 6.156 12.792 17.108 5.874 12.381 9.489 13.053 6.954 14.689 17.937 10.619 9.854 13.028 12.382 19.075 18.763 0.000 12.554 15.928 9.862 8.575 18.867 10.600 8.565 12.853 19.546 6.924 4.270 12.931 6.717 21.947 12.508 16.989 4.943 14.712 18.031 10.470 10.880 18.622 4.500 14.696 16.703
9.227 12.997 16.481 12.699 13.870 12.577 11.112 18.462 12.010 9.359 12.636 13.648 15.251 5.014 7.670 8.272 17.044 9.131 13.359 12.207 10.955 18.680 13.410 11.034 11.238 15.260 0.000 11.567 13.552 10.387 16.263 9.427 12.493 4.369 10.410 18.063 12.739 3.467 13.066 16.115 16.604 19.477 11.506 5.111 11.404 12.348 4.040 19.465 14.935 10.596 4.433
10.308 8.502 10.926 10.159 6.433 9.444 7.954 12.912 5.093 12.976 8.806 5.836 17.753 10.411 9.250 5.715 15.472 5.914 7.070 11.207 10.517 15.276 9.265 5.382 5.630 18.281 10.689 0.000 11.781 13.532 11.967 8.408 11.948 9.596 4.409 19.346 15.928 9.721 13.269 10.491 11.846 9.255 14.845 8.765 7.242 11.507 11.209 12.731 16.285 7.022 10.199
8.414 5.210 15.815 4.077 11.174 5.434 6.318 13.915 11.240 9.868 6.539 12.801 12.007 11.615 11.789 11.986 10.043 13.043 11.527 4.077 4.197 6.799 3.958 12.278 12.451 10.171 15.515 12.133 0.000 6.969 11.311 6.571 5.497 15.629 13.007 8.196 10.891 12.491 8.436 13.552 5.423 9.467 10.924 14.057 10.645 5.313 14.204 15.409 11.570 9.369 14.177
6.153 6.778 18.414 7.575 13.518 8.414 7.285 17.357 11.648 6.495 7.307 13.357 8.025 9.542 7.276 11.502 8.160 13.680 13.664 8.524 5.557 9.139 7.836 11.419 13.527 8.651 10.247 10.955 6.779 0.000 14.214 6.018 4.671 12.140 14.602 9.184 8.314 13.380 5.752 15.536 7.779 13.861 6.972 10.495 11.933 5.573 9.454 14.158 8.491 9.644 13.647
14.811 11.841 7.669 8.895 8.657 9.264 8.153 8.529 10.781 15.097 9.167 10.676 14.823 15.277 16.265 15.509 16.522 13.203 9.103 8.873 10.372 11.424 9.897 11.890 9.862 20.553 20.017 13.269 11.040 13.554 0.000 11.510 12.011 17.282 13.036 17.461 18.440 17.513 14.067 8.557 10.291 4.001 18.680 16.595 8.048 11.158 16.167 8.162 15.630 7.791 17.107
9.080 3.660 12.325 5.974 10.414 7.724 4.700 12.687 7.889 8.897 4.678 9.229 13.378 10.940 7.187 8.100 9.718 8.646 8.793 7.096 5.439 10.051 5.946 9.962 8.438 11.509 9.511 9.493 7.326 6.143 10.221 0.000 5.823 11.573 10.006 11.326 10.655 10.756 8.532 11.518 7.834 10.168 10.472 11.025 8.169 5.040 11.082 13.990 12.572 6.717 13.018
5.863 4.878 13.770 7.236 11.857 7.625 6.350 16.813 9.966 8.535 5.914 13.396 10.690 11.120 7.925 10.556 9.568 11.069 9.936 5.700 4.646 11.028 5.705 12.381 12.017 10.561 12.630 11.288 5.277 5.229 10.386 5.635 0.000 13.440 11.745 8.327 9.695 12.436 8.268 15.139 7.656 11.034 9.248 11.307 10.698 4.367 11.723 13.998 10.002 7.370 12.650
10.087 11.129 16.689 13.504 12.981 14.599 11.430 19.163 11.676 12.855 11.855 10.907 14.197 5.418 7.590 8.508 14.038 9.185 12.029 12.014 14.797 16.920 13.767 11.952 11.663 14.289 4.283 10.300 14.304 11.279 17.631 11.024 13.513 0.000 9.950 16.074 12.553 3.677 14.240 14.997 13.735 15.889 11.882 5.038 12.935 11.640 5.753 16.699 15.467 10.307 4.640
14.323 10.920 10.702 11.455 5.277 12.609 10.495 9.151 4.899 17.477 9.613 3.995 17.556 11.480 14.058 7.476 17.993 5.948 5.292 11.966 12.632 16.937 12.726 3.334 5.498 20.424 10.787 5.273 11.051 11.477 12.574 9.648 10.706 10.938 0.000 17.055 18.358 10.721 16.294 9.401 13.345 10.293 17.289 10.417 6.060 12.422 13.026 9.503 19.371 6.778 11.606
8.852 12.128 18.589 9.191 19.035 10.560 11.481 19.477 20.151 9.474 13.645 17.136 6.071 13.262 11.329 16.538 5.144 15.909 16.521 11.827 8.626 9.829 11.644 15.979 18.332 7.078 16.230 16.195 10.258 7.892 13.883 11.005 11.200 17.006 20.576 0.000 5.926 15.344 5.266 21.692 8.857 16.382 8.841 14.373 15.620 10.912 14.033 17.491 6.401 13.788 19.726
7.662 10.683 22.680 10.817 15.402 11.532 11.601 20.556 19.046 5.781 12.865 17.015 4.424 12.337 10.799 15.324 6.040 18.590 17.333 11.467 11.433 14.088 13.104 19.053 15.947 4.077 13.836 16.049 12.033 8.432 15.302 12.662 10.046 14.662 17.429 6.766 0.000 15.481 5.182 18.611 10.848 18.842 5.389 14.248 15.558 9.555 11.270 21.151 3.345 14.491 16.431
9.515 11.621 20.655 12.690 15.043 14.712 15.327 17.313 13.918 11.158 13.893 11.795 16.872 5.079 8.484 7.591 13.808 8.935 11.768 12.857 13.704 19.314 16.188 10.178 11.663 14.265 4.162 11.864 12.898 13.339 19.064 11.446 10.659 4.208 13.139 17.723 12.039 0.000 13.638 16.892 13.927 15.407 10.967 5.033 13.436 13.406 4.324 16.301 13.344 10.782 4.790
7.024 9.694 21.283 8.993 15.820 11.308 11.348 20.323 14.978 6.040 11.990 16.879 5.119 11.499 9.733 13.978 5.842 16.547 17.109 10.815 7.108 9.369 9.020 14.319 14.868 6.291 15.228 13.197 8.424 5.869 13.014 9.232 6.808 14.234 14.780 5.214 5.867 16.166 0.000 20.517 8.920 15.982 5.600 11.974 14.804 9.420 10.998 18.554 5.539 12.497 14.757
16.486 12.872 3.523 11.979 7.306 12.867 10.343 3.814 8.561 16.723 11.530 8.672 19.391 20.474 18.762 13.525 19.705 12.090 8.711 10.841 11.751 16.622 12.245 11.693 9.292 23.578 19.980 10.287 13.370 16.065 6.757 12.172 13.607 17.868 8.514 22.030 19.321 19.874 16.019 0.000 14.799 5.529 21.558 18.515 7.716 14.395 17.882 3.904 21.416 10.690 15.666
10.950 6.686 14.693 5.405 13.072 5.627 6.439 15.738 13.452 11.534 8.448 14.364 9.782 13.085 11.591 14.184 9.215 15.094 11.949 5.615 6.470 6.555 5.870 16.558 11.428 11.284 15.905 12.262 4.481 7.570 11.911 8.246 6.655 14.257 13.292 7.670 11.942 13.746 7.380 15.988 0.000 12.934 9.805 13.627 12.212 6.825 15.016 13.398 9.592 10.927 17.303
15.013 12.205 5.891 9.197 9.160 7.608 8.236 7.217 8.104 15.376 10.415 10.651 16.443 15.167 15.993 14.032 14.803 13.010 8.254 8.064 9.585 13.269 10.453 12.081 9.155 20.953 18.167 9.847 9.753 14.016 4.588 9.798 10.848 16.538 9.799 14.627 18.174 17.315 13.678 6.519 11.085 0.000 14.887 15.542 6.875 9.381 15.568 6.133 17.185 7.664 19.281
6.046 10.807 20.428 10.518 13.713 12.429 11.546 20.515 15.345 4.704 11.271 18.586 6.418 10.803 7.944 13.399 6.323 12.736 18.496 11.420 8.192 14.141 9.211 17.927 15.247 5.816 10.359 15.863 11.069 6.138 15.874 10.928 8.437 13.565 13.722 8.928 4.852 12.655 5.796 20.096 8.798 18.664 0.000 13.556 15.667 10.809 10.810 20.109 5.298 11.247 11.889
9.175 11.246 17.388 12.119 12.629 13.523 11.726 15.923 9.623 12.510 10.012 11.264 16.988 6.889 7.270 5.500 17.560 7.271 11.096 12.927 11.607 18.646 11.556 9.055 12.086 14.906 4.801 7.527 12.622 12.784 16.340 10.487 11.623 4.172 9.336 17.607 15.469 5.409 15.836 15.469 14.270 13.351 14.023 0.000 12.222 12.900 6.551 17.057 12.779 10.408 5.186
12.043 8.733 7.503 9.828 6.093 9.453 6.483 8.742 5.115 12.502 5.940 5.282 18.751 14.785 12.505 9.845 15.235 9.915 5.775 9.650 9.227 14.491 7.632 7.513 4.354 14.619 13.145 6.713 10.585 12.669 7.612 7.719 9.336 13.280 7.463 16.160 15.654 13.519 15.958 9.431 12.737 6.717 14.161 13.025 0.000 9.370 14.180 8.198 17.952 5.080 13.343
8.290 4.873 15.057 4.550 9.860 6.343 4.809 12.180 11.884 9.654 5.463 11.259 12.136 10.209 9.894 11.030 9.747 11.395 10.309 4.329 3.673 8.965 4.937 12.649 10.126 11.772 13.812 11.163 4.983 5.743 10.311 4.729 4.657 12.080 12.608 11.855 10.164 11.118 8.739 13.677 7.438 12.125 9.296 12.459 8.138 0.000 13.391 14.397 9.304 8.104 12.407
10.413 10.696 19.000 13.936 12.149 12.967 14.060 21.520 13.077 9.522 11.232 11.715 13.692 4.219 7.020 7.399 12.530 10.589 15.230 13.200 13.434 15.612 14.588 11.123 14.440 13.105 4.208 9.317 14.407 10.382 16.081 10.588 11.448 4.673 13.737 16.295 12.308 4.241 12.679 16.969 15.353 15.561 9.138 6.884 14.012 11.387 0.000 18.988 12.813 12.703 6.932
18.543 13.012 4.669 13.674 9.827 11.549 13.523 3.965 9.210 19.514 10.873 10.106 22.894 21.625 19.177 15.221 21.362 13.868 7.380 11.446 12.275 12.667 14.312 10.836 10.672 22.761 17.160 13.361 13.965 17.559 6.708 14.219 13.818 19.191 9.809 18.020 23.719 18.609 19.430 4.071 16.563 6.992 20.736 17.316 9.837 12.446 19.529 0.000 21.967 10.470 20.913
6.568 12.360 18.385 12.996 15.551 10.927 10.309 20.155 17.150 5.292 12.534 15.022 5.844 11.492 8.452 12.964 6.256 14.651 19.805 13.181 11.091 14.026 10.272 16.971 15.222 3.953 13.336 14.143 11.602 7.568 16.319 9.452 9.635 14.007 15.457 8.073 4.304 15.489 6.390 20.780 11.170 16.785 4.883 14.610 17.430 9.182 12.865 19.450 0.000 14.151 15.756
10.508 6.809 11.125 7.942 6.000 7.052 6.559 9.661 6.730 14.374 5.811 6.556 16.996 14.067 9.297 7.415 16.105 8.527 6.649 8.463 6.922 10.666 6.823 7.825 6.307 15.465 12.608 5.651 8.567 10.348 8.655 5.753 9.430 12.940 7.719 15.511 16.744 12.299 11.313 9.996 10.602 7.703 11.824 12.137 4.864 7.589 11.000 9.099 12.984 0.000 10.391
10.739 13.138 18.242 15.575 11.002 16.601 15.265 17.664 12.727 13.589 12.532 12.772 18.767 7.237 9.059 7.668 15.583 8.699 11.789 13.309 13.396 20.994 14.700 10.086 11.816 14.034 5.551 8.952 12.706 14.219 15.551 11.726 10.783 4.533 11.434 18.077 16.791 4.465 15.506 18.341 16.779 16.029 12.912 4.315 13.513 13.241 6.238 19.155 13.098 11.558 0.000
0.0000 5.2142 11.4692 6.0490 11.1669 6.8726 5.9770 11.5783 9.0939 2.0481 6.7576 10.3782 5.4646 5.0372 3.1895 6.8775 4.8514 8.9954 9.5385 5.7007 4.6935 9.3570 6.5874 8.1472 9.8389 3.8758 6.0066 8.2105 4.7638 2.6043 9.8253 4.7339 3.9880 6.3278 9.4022 6.7984 4.8573 8.0735 4.3377 12.8665 6.7700 10.4968 2.6177 6.8781 9.0629 5.2854 5.3834 11.7185 4.4568 6.5766 7.3873
4.4460 0.0000 8.0308 3.4484 5.8859 4.1105 2.6590 9.7198 5.4544 6.1012 2.3454 5.9143 7.0692 8.5169 4.9529 6.7534 7.2856 7.6327 6.1891 3.1622 2.0495 6.6648 2.6564 6.0904 6.4451 6.9853 6.9277 5.5142 3.1021 3.6015 6.1433 1.3526 2.1841 7.5818 6.5620 6.8347 6.5514 7.6364 5.4367 9.0213 4.8964 8.1970 7.3282 8.0277 5.8039 1.7067 7.0299 8.5180 7.0239 4.2758 8.1599
11.3895 8.1566 0.0000 8.0207 4.7563 7.6370 7.9712 1.6571 6.8249 14.9357 7.3664 5.5223 14.6002 15.8174 13.1337 8.4247 14.0231 10.2588 4.7298 9.6686 8.5983 11.5068 8.2478 7.0575 6.1961 18.6389 12.0735 6.6664 10.3909 12.8534 4.6327 8.3898 11.7966 12.1694 7.4525 14.4312 15.0989 13.9915 13.6309 1.4252 10.2546 4.1531 16.6527 12.2069 5.8314 9.5922 15.4473 1.7199 16.7853 6.7128 14.3287
6.1711 3.3868 8.2418 0.0000 8.8995 1.8181 3.0470 8.2217 8.1468 7.5695 3.7030 7.5672 8.1205 8.9919 8.3202 7.9044 6.1004 9.7487 7.8314 1.5738 2.1480 4.5428 1.6583 9.3845 8.0475 7.8004 8.7373 7.6168 1.4480 4.5357 6.2175 3.8892 3.0396 10.9593 8.3521 5.9176 7.9010 10.8354 6.0751 8.0704 2.6894 7.3618 7.1623 9.1654 6.2545 2.1666 10.6480 10.4482 8.6273 5.2652 11.3423
10.4812 7.3420 4.9404 8.9520 0.0000 6.2806 5.5475 5.1155 1.6351 11.7247 5.7344 1.6321 15.7023 9.9727 8.2347 4.9416 11.2260 4.0524 1.7446 6.1870 6.5680 11.1831 7.8062 2.4195 1.8060 12.4672 9.1260 3.3499 8.3009 8.4022 6.7512 5.8252 9.0529 7.9813 2.2842 13.0438 13.0677 10.5497 10.1473 5.1670 8.6230 4.8834 11.9893 6.6991 3.1184 8.3433 9.1461 5.9245 12.7732 3.7392 7.5362
6.6202 4.1571 8.9076 1.7675 7.7508 0.0000 2.1123 7.7941 6.1378 7.8290 3.0316 6.7140 9.4299 11.6464 6.8665 7.1202 8.3517 9.6238 6.8764 1.5274 2.9064 5.1115 1.8083 6.9721 5.5857 8.9573 10.9333 6.2027 2.7354 5.3312 5.7102 4.2577 3.9019 10.2298 8.1014 6.8328 8.3870 9.8838 7.6745 7.6725 3.8982 6.2204 8.8200 9.8562 4.6497 3.0892 10.5800 9.0310 8.7058 4.7674 12.6120
6.4106 2.4127 8.3985 2.3798 5.3170 2.5422 0.0000 8.7098 5.1150 6.6794 1.7804 5.9328 9.0226 8.6574 7.8294 7.5620 8.4832 6.5982 6.6400 2.0311 2.4938 5.6093 2.0936 6.7102 5.5265 8.8664 8.4734 5.1509 3.1113 4.2533 6.4220 2.2440 3.8220 8.1325 6.3666 7.6850 7.7732 10.8321 6.0589 8.1699 4.0817 6.1346 8.4566 8.5426 4.5010 2.7141 10.0395 9.4623 9.3365 3.9250 10.8232
14.3667 10.2453 1.5460 8.5467 5.3699 7.2514 9.0834 0.0000 6.7482 12.8076 8.1897 7.0417 14.9818 13.6701 14.6996 8.6892 17.0961 9.8648 4.7678 7.8556 11.1019 12.5258 10.2507 6.3776 6.0843 18.1650 14.4752 8.9121 11.4082 12.6238 5.1690 7.9730 11.5632 14.7982 6.1951 14.4756 14.0993 12.7969 12.4619 1.5047 12.1667 4.1760 13.1757 11.4911 5.1060 9.0185 12.2349 1.2394 14.3763 7.2099 13.4198
7.8950 5.8402 5.7845 8.3056 1.9716 6.2864 6.7225 6.0651 0.0000 10.7857 5.2652 1.8226 14.3320 8.4140 7.9148 4.0530 12.5059 3.5646 2.3539 6.2862 6.5593 11.4603 8.0845 1.9494 2.2321 11.9068 9.4807 2.3958 8.2462 8.7428 6.6294 6.6091 6.9935 9.0250 2.1643 14.3177 11.2983 8.1463 11.8247 6.3533 9.2218 6.9661 11.8637 6.9248 3.0420 7.2667 8.7525 6.8309 12.3728 3.0754 6.9483
2.2996 5.1078 13.3860 6.1137 10.7414 7.9347 7.6129 13.2872 9.0340 0.0000 7.7248 11.2141 5.0279 6.1496 3.9417 7.6350 5.0957 8.6759 11.1850 7.8928 6.7120 8.5260 7.7687 11.8886 9.4013 3.0023 6.4453 9.6376 5.4835 4.0620 12.8568 5.4958 4.9046 8.7810 12.0635 5.9477 2.8970 7.4414 3.3777 12.0938 7.7639 12.4040 1.3919 8.5507 8.5866 5.3110 5.5561 16.4113 2.7894 7.9229 9.8416
6.3068 2.3103 7.5045 3.3411 5.8708 3.1338 1.8142 7.9291 5.8878 6.2502 0.0000 5.3135 8.2223 8.5862 6.2753 6.0577 8.4770 6.4986 4.9933 2.8542 3.0444 7.1694 3.2536 5.7412 4.9243 8.7535 7.8465 5.7544 4.3291 4.7247 6.9217 1.7569 4.0862 8.0063 5.7314 8.6374 8.5005 8.0681 7.3651 8.7517 4.9259 5.2885 7.5792 6.6133 3.8604 3.1179 7.8015 7.1026 9.1054 3.1115 9.5192
9.2652 6.9401 6.6202 8.0286 1.2878 8.6308 6.0582 7.1859 1.3915 10.4936 5.3835 0.0000 12.4440 10.3034 7.7402 5.5005 12.9572 4.0333 2.1133 7.3070 7.1389 10.9691 8.1168 2.0064 2.2484 11.6836 8.8270 3.0413 8.2723 8.5982 7.9520 5.6725 8.2886 7.5800 1.6866 15.6275 14.3927 9.0060 10.7948 6.3478 9.1744 5.9815 11.4010 7.1528 3.6868 7.7224 8.3182 5.9330 13.4781 4.3012 8.6580
4.9372 9.0785 16.7833 6.6732 13.5875 7.8437 8.9226 15.6094 11.5324 5.0168 10.2855 14.4392 0.0000 8.4857 8.2978 10.5714 1.9153 12.3345 15.6086 8.9745 6.1682 9.1618 6.8924 11.7808 11.3571 2.9318 10.3712 12.7310 7.5589 5.4659 12.8120 8.8463 6.8994 10.6181 14.0695 2.5168 2.2559 11.6764 2.7736 14.4369 7.4385 12.3777 4.0097 11.6669 11.8819 6.4796 10.1026 18.0282 2.7004 9.4576 11.8875
5.6203 7.3899 12.7874 11.1626 8.5945 10.5372 7.7973 15.0558 8.3843 5.5895 8.3952 10.6528 9.2551 0.0000 3.1428 5.1822 9.4551 6.7578 9.6017 10.8629 8.0815 13.4256 9.4442 8.3221 10.2014 8.8666 2.0352 7.0055 10.3352 6.4562 13.6794 8.1693 6.4335 2.7309 7.7479 12.6377 7.3522 2.2397 9.6074 15.4745 11.1494 14.6699 6.1001 3.8429 10.2301 8.3141 1.3675 12.9367 9.0479 7.9805 3.3364
3.1806 4.8647 13.2388 7.0511 8.7707 8.6902 6.1367 15.0375 8.1201 3.8179 6.3509 9.6825 7.6317 2.9790 0.0000 5.7052 6.8631 6.8296 10.1774 7.1355 6.0982 12.1610 7.6821 8.5463 7.2831 7.0890 4.2141 7.8073 7.0473 4.4608 11.3924 4.5791 5.4251 4.6880 8.8653 9.6114 5.5660 4.0268 6.3517 10.8810 9.1927 10.7297 5.3822 4.8845 9.1359 6.7720 3.9675 12.2429 6.4941 7.1521 6.2344
7.0675 6.3063 10.3031 8.3865 4.8065 7.8681 7.4862 9.4080 4.4150 8.4150 4.8364 4.9328 10.9423 5.6194 4.8950 0.0000 12.4549 2.6623 5.3161 6.7819 7.4487 11.7703 7.2537 4.1588 5.1514 10.1375 4.4445 2.8150 7.5335 8.0686 8.5104 5.9307 7.2490 4.6027 3.7507 11.2440 11.4989 5.3919 10.4081 8.2188 10.8902 9.3271 9.3437 3.4491 5.3596 6.3223 4.7523 9.1907 10.0611 5.2688 5.2314
4.4866 6.4493 14.3110 7.0375 13.4296 8.2314 7.4032 15.9344 11.8321 5.0034 7.8395 13.7519 2.0193 10.0543 8.0086 10.4798 0.0000 11.0133 14.0996 6.9013 6.7215 6.5355 7.0399 14.3221 13.8060 3.9439 10.6508 11.9899 5.5425 4.1780 10.7994 6.8481 5.3168 12.1883 13.5223 1.8697 2.6066 10.9765 2.8079 14.3017 5.0285 13.7587 4.4789 12.8869 12.1383 6.5322 10.8818 13.9042 3.2701 8.9584 13.8473
9.9986 7.6469 8.3066 8.1821 4.5538 9.8558 8.2358 9.2034 4.1494 9.5065 7.1849 4.4216 11.8775 6.7034 7.8248 2.4581 14.0575 0.0000 4.5076 7.5442 7.9276 13.2931 7.4681 3.1475 5.2892 12.8601 5.2282 2.4613 8.7829 8.0651 11.0291 5.9329 9.1123 5.0083 2.9265 12.1452 12.9080 5.5721 10.2651 8.4332 10.7498 10.2418 9.8373 4.4275 5.3412 8.6749 7.4838 10.9572 10.3674 4.8677 5.5732
9.8145 6.5936 5.1460 7.0338 1.3636 6.4123 6.6334 5.4736 2.0842 10.3784 5.7654 1.9578 12.7400 9.3799 10.1818 4.8807 13.8886 4.7755 0.0000 6.7568 7.8784 11.6102 7.7880 3.0074 1.6502 12.5980 9.2846 3.7081 8.8938 8.9532 6.6710 6.1465 8.3772 8.1630 2.7150 15.0876 13.7265 8.5446 12.2052 4.2256 10.2367 4.7478 13.5223 7.4301 2.5833 6.6452 10.5751 6.1630 12.7576 2.9922 9.7162
5.4167 2.5597 9.9272 1.4238 6.9266 1.8730 2.2096 8.2016 7.1194 7.3119 2.6172 7.1648 7.5111 8.4054 6.4927 7.9046 7.9481 9.6344 5.9606 0.0000 2.4289 5.1767 1.2622 8.3111 6.7795 7.6041 10.8977 7.2037 2.2666 4.9024 6.4512 3.2151 3.1555 10.2747 8.0812 8.3706 9.2675 9.8433 6.7303 7.8294 3.8828 6.4055 6.4464 9.1992 4.7449 2.3927 8.9363 8.2347 7.2613 4.8999 9.5966
5.2804 2.3933 8.4869 2.3364 8.4382 2.8549 2.7829 9.4668 7.5628 5.8009 3.4409 8.1433 7.5437 8.1914 6.6790 7.3844 6.6955 9.6569 8.5554 2.2273 0.0000 6.0196 2.1909 9.3507 5.9608 8.1719 7.9569 6.9255 1.9436 3.5839 6.2080 3.1241 2.3820 9.0055 7.1014 6.2323 6.9271 10.4586 4.5463 7.9462 2.9570 6.9116 5.7194 7.7507 5.6193 1.4406 9.5243 10.6769 5.8916 5.6274 9.0533
7.5139 7.4633 10.2842 4.5180 12.0200 4.3050 5.6760 9.9262 11.6222 8.3220 6.3623 11.3784 8.7176 11.2835 11.0711 12.6134 6.9607 11.2309 10.4443 4.8865 5.0422 0.0000 5.2084 12.3535 11.6671 10.6946 14.8298 10.9682 4.0069 6.4515 8.0544 7.6375 6.2078 12.9151 13.4634 7.6903 8.4786 15.5659 6.0392 9.9585 3.0821 8.0922 10.4038 12.3532 9.6440 5.9079 14.9009 10.6794 10.2565 7.8202 13.5229
5.1869 2.8379 8.7702 1.4526 7.5685 2.0148 2.3465 8.3743 6.0856 8.0267 3.3180 8.5952 7.2202 10.7471 7.8356 7.1093 6.3849 9.6232 6.5258 1.1026 2.0599 5.3199 0.0000 8.5486 7.2492 9.2692 10.0127 6.3182 1.8966 4.0415 6.0051 3.3739 3.0673 10.8500 6.8414 7.1430 7.9602 10.8731 6.5494 8.2275 3.1667 6.9899 7.9906 10.3189 5.6366 2.1362 10.0795 8.3154 7.4705 4.5610 9.3144
8.9327 6.2587 6.3701 8.1088 2.3321 8.4987 6.0038 7.4882 2.3100 11.2997 6.8086 1.8606 14.5116 9.9195 9.2272 3.7061 12.8181 3.1465 3.0722 7.5824 7.4107 11.4764 8.8708 0.0000 2.8411 11.2049 8.2726 2.0134 8.4354 8.9588 8.7879 6.7248 7.8020 8.5466 1.1014 14.2701 12.7592 6.8388 10.6766 7.4479 11.3648 7.3988 11.7040 6.0285 4.3876 8.6758 7.2494 7.6809 14.2913 4.2493 7.4459
9.3972 5.3672 5.9728 7.5364 1.8656 6.4841 5.8035 6.5043 1.7787 10.4234 4.5381 2.1891 13.7454 10.7359 8.6847 4.9432 12.2648 5.0809 1.4253 5.9059 6.5069 11.5829 5.7911 3.0007 0.0000 13.4960 9.1436 3.1513 7.9351 8.2409 6.3515 5.7438 6.4384 7.5400 3.2861 11.2962 11.7725 9.0720 9.5310 5.9271 9.4604 4.6652 11.3546 7.0983 1.8244 6.5905 10.0557 6.7591 12.1835 2.9902 7.9532
4.9725 7.5513 16.4034 7.2995 14.8865 9.8705 9.8599 18.6785 11.4820 3.3196 9.0009 12.7444 3.0054 8.5854 6.2503 9.4522 3.8279 10.8335 13.3537 7.4088 6.6782 9.2457 8.5980 14.1650 13.8688 0.0000 8.8983 11.6671 6.7111 5.3158 14.0470 7.3089 5.6277 9.2054 14.5392 4.1499 1.6064 9.2417 3.7162 16.6501 8.4953 12.7033 2.4294 10.5596 13.2417 7.1027 7.5786 14.1768 1.7125 10.6337 12.1076
6.1220 8.9013 12.2894 9.1069 9.7764 9.0575 7.8183 13.8152 8.3289 6.3313 8.7402 9.5697 11.0605 2.2614 4.5079 5.1098 12.3569 5.9248 9.5000 8.7042 7.6955 13.9391 9.5431 7.5685 7.9026 10.8163 0.0000 7.7187 9.6700 7.1619 12.0719 6.3874 8.5683 1.7210 7.1905 13.2497 9.0421 1.2708 9.2744 11.9900 12.0690 14.4091 7.9210 2.5222 8.0536 8.6053 1.7019 14.5895 10.5250 7.3548 2.1367
7.1275 5.4445 7.4407 6.9282 3.4425 6.3676 5.1259 8.8879 2.4235 9.2005 5.4401 3.0318 13.0954 7.0715 6.1849 2.9091 11.3481 2.9475 3.9943 7.5033 7.0575 11.1007 6.2096 2.4799 3.0135 13.3905 7.1333 0.0000 8.0722 9.3454 8.2262 5.2521 7.9970 6.3331 2.1186 14.2732 11.6328 6.4987 9.5353 7.1064 8.3767 6.2508 10.6363 5.4991 4.1163 7.6295 7.5548 8.8103 11.8480 3.9291 6.7016
5.3209 2.7866 11.2971 1.6175 7.7243 2.7196 3.3087 9.9381 7.7339 6.4660 3.7086 8.9231 8.0573 8.2264 7.9010 8.2780 6.5542 9.2152 7.9318 1.8451 1.7579 4.1176 1.7158 8.6009 8.4388 6.9216 11.0707 8.3134 0.0000 3.9352 7.5099 3.7178 2.8770 11.1961 9.1165 5.3593 7.3055 8.9712 5.2309 9.6008 2.5993 6.3989 7.1965 9.9478 7.0131 2.4618 10.0531 10.9912 7.7447 5.9505 10.2339
3.1108 3.8254 13.5269 4.5117 9.5566 5.2854 4.4547 12.7634 8.1644 3.6035 4.4993 9.4798 5.0091 6.4611 4.4624 7.8651 4.9349 9.6456 9.6610 5.1414 3.0170 6.0948 4.6579 8.0841 9.4330 5.3633 7.0656 7.5654 3.8281 0.0000 10.0452 3.4987 2.1750 8.4494 10.3611 5.7437 5.0296 9.3241 3.0355 11.3525 4.6195 9.8638 3.9485 7.2379 8.1934 3.0190 6.4092 10.4096 5.0777 6.4099 9.6265
10.7072 7.9317 4.7221 5.7548 5.6978 5.7065 5.1774 5.1700 7.2094 11.0676 5.9314 7.1588 10.9817 11.3514 11.8464 11.0050 12.1265 9.3931 5.8542 5.6535 6.9246 7.6847 6.3670 8.1860 6.3560 15.3022 14.8582 9.1216 7.3302 9.5787 0.0000 7.7312 8.2847 12.8178 8.9329 12.7953 13.6635 13.0298 10.1890 5.1123 6.9561 1.7950 13.7395 12.1602 4.9956 7.4639 11.9917 4.8776 11.5707 4.9560 12.7059
5.5569 1.3705 8.6816 3.4057 6.7818 4.4605 2.3225 8.9647 5.0497 5.7780 2.0673 6.0633 9.2766 7.3723 4.4736 5.0929 6.6411 5.7029 5.7288 3.8686 2.7933 6.8112 3.2092 6.5349 5.3336 7.9356 6.4439 5.9300 4.1454 3.5716 6.8653 0.0000 2.9409 7.8698 6.5859 7.8222 7.2820 7.3575 5.5648 8.0466 4.8997 6.8443 6.9197 7.3090 4.9936 2.4231 7.4431 9.8927 8.5412 3.7585 8.9487
3.2625 2.3072 9.9473 4.0161 8.1555 4.5024 3.5214 12.1637 6.7838 5.1673 3.2979 9.2681 7.0511 7.5260 4.8763 7.0270 6.1640 7.6384 6.8325 3.1579 2.1622 7.3056 3.0929 8.5512 8.1129 6.9390 8.6628 7.5551 2.7614 2.4347 7.1638 2.8460 0.0000 9.2855 8.1318 5.4612 6.2727 8.6173 4.9169 10.8644 4.4904 7.6655 5.7135 7.6957 7.0665 1.9500 7.9291 10.1268 6.4202 4.6461 8.8504
6.7998 7.6543 12.4096 9.7132 9.0894 10.5327 8.0566 14.3038 8.0340 8.8301 8.2107 7.5883 10.3730 2.7659 4.6165 5.1493 10.2498 5.8364 8.5074 8.5886 10.4408 12.6549 9.8244 8.1089 8.1568 10.2341 1.6871 6.7976 10.2469 7.8502 13.0763 7.4969 9.3356 0.0000 6.8042 11.8599 8.9994 1.3000 10.1939 11.1280 10.0212 11.7366 8.2891 2.2874 9.1009 8.1490 2.8093 12.4880 11.0180 7.1355 1.9113
10.1926 7.3044 7.0809 7.9807 2.4872 8.6692 6.9888 6.1496 2.0810 12.6764 6.2248 1.6636 13.1241 8.0506 9.7737 4.3638 13.3834 3.1953 2.7597 8.2081 8.7260 12.4210 8.7457 1.1160 2.8280 15.1920 7.4512 2.5337 7.7460 8.1432 8.6165 6.3502 7.4126 7.4793 0.0000 12.7398 13.6212 7.4044 11.9238 6.1986 9.5913 6.8847 12.6391 6.8716 3.4628 8.5102 9.0809 6.4379 14.3301 4.0037 7.8828
5.7551 8.2796 14.0589 6.1392 14.1686 7.2571 7.9471 14.7259 14.9503 6.0299 9.5460 12.7902 3.0329 9.6141 7.9001 12.1551 2.2523 11.8612 12.2856 8.0342 5.7112 6.5192 7.8696 11.9260 13.5441 4.2421 11.9051 11.9482 6.7071 4.9357 10.1735 7.6004 7.3461 12.5471 15.3701 0.0000 3.4268 11.3179 2.8448 16.3453 5.5858 12.1042 5.4753 10.5813 11.4341 7.2858 10.1909 13.2141 3.7893 9.9570 14.6652
4.5238 7.2436 17.2090 7.4013 11.4222 8.0741 8.0755 15.6055 14.0504 3.0881 8.9815 12.6396 2.1312 8.5767 7.1077 11.0718 3.1310 13.6857 12.8622 7.9150 7.6430 9.8937 8.9978 14.1133 11.7454 1.5338 9.8208 11.7206 8.0721 5.1011 11.3384 8.6541 6.4998 10.5114 12.9315 3.9128 0.0000 11.0792 2.6903 14.0765 7.2510 14.0289 2.6003 10.2243 11.3756 6.3994 7.8663 16.0547 1.1731 10.4315 11.9179
6.4106 8.0316 15.4144 9.1540 10.6141 10.6492 10.8521 12.9669 9.6645 7.6487 9.6776 8.2746 12.3150 2.4989 5.1543 4.7010 10.0762 5.7795 8.3795 9.2226 9.7003 14.4652 11.5913 6.9791 8.2183 10.1957 1.5255 7.9315 9.2636 9.2955 14.1836 7.8294 7.3862 1.4877 9.0745 13.0722 8.6161 0.0000 9.7602 12.5808 10.1789 11.4206 7.6358 2.4676 9.5160 9.4192 2.0348 12.2299 9.4882 7.5185 2.1225
3.9841 6.2231 15.9289 5.7702 11.5441 7.5376 7.5341 15.2158 10.8696 3.3234 8.0318 12.3524 2.6964 8.0224 6.3600 9.9652 2.8338 12.0470 12.4816 7.0555 4.4079 6.2812 5.8356 10.4622 10.7476 3.4807 10.8091 9.4834 5.2235 3.0974 9.4264 6.0213 4.0486 10.1898 10.8160 2.8164 3.0460 11.5700 0.0000 15.2916 5.4799 11.6599 2.9550 8.5435 10.5860 5.8827 7.6916 13.8860 2.8878 8.7581 10.6818
12.1885 9.0206 1.2936 8.3825 4.5557 8.7951 7.0587 1.4706 5.5301 12.5083 7.8592 5.5249 14.6930 15.2933 13.8476 9.5515 14.8435 8.4610 5.2515 7.4970 8.3043 11.9955 8.5062 7.7822 5.7868 17.8871 14.8652 6.9679 9.4716 11.7390 4.0366 8.5038 9.7652 13.2585 5.6138 16.5999 14.6134 14.8018 11.9396 0.0000 10.6445 3.0025 16.1838 13.5601 4.7853 10.1547 13.3280 1.6249 16.1779 6.9740 11.6129
7.1399 4.0542 10.6438 2.7140 9.2864 3.1465 3.8435 11.3882 9.5322 7.6740 5.2885 10.2742 6.4615 9.4415 7.9972 10.0883 5.8745 10.9213 8.4520 3.0752 3.5003 3.6003 3.1783 11.8967 7.9992 7.6643 11.5607 8.6715 2.1478 4.4956 8.0510 5.1572 3.9033 10.4024 9.5529 4.8377 7.9817 10.0461 4.5338 11.4998 0.0000 8.9200 6.5174 9.8564 8.3671 3.8538 10.8331 9.6775 6.4167 7.3169 12.7087
10.8895 8.2186 3.3596 6.0849 5.8128 4.8298 5.2903 4.0469 5.2680 11.3127 6.7521 6.9220 12.2552 11.2444 11.6429 9.8574 10.9427 9.1346 5.0722 5.2462 6.4816 9.1718 6.8554 8.1336 5.6823 15.6672 13.4394 6.6511 6.5920 9.9739 2.0582 6.5952 7.5358 12.2160 6.5545 10.8071 13.5313 12.8349 9.9786 3.5402 7.6447 0.0000 10.9944 11.3278 4.1059 6.3414 11.5184 3.3883 12.7801 4.7860 14.2522
3.0847 7.0879 15.3890 7.0857 10.0313 8.5815 7.8675 15.4690 11.1465 1.8570 7.6764 13.6169 3.6700 7.2302 4.8820 9.4521 3.6554 9.2062 13.5479 7.7442 5.3333 9.9505 6.2076 13.0765 11.0654 2.8583 7.1312 11.3653 7.2922 3.4764 11.6758 7.2212 5.2125 9.4631 10.0318 5.5290 2.3411 8.8108 3.0584 15.0864 5.8478 13.7832 0.0000 9.4655 11.2828 7.0263 7.2728 15.1638 2.3695 7.9430 8.4241
6.1558 7.5700 12.7665 8.6057 8.5965 9.6206 8.1084 11.7443 6.3995 8.5990 6.7683 7.6036 12.4084 3.8371 4.4088 3.0155 12.7996 4.3271 7.6526 9.1040 8.0700 13.8528 8.1254 5.9097 8.2157 10.6992 2.3691 4.7222 8.9323 8.8170 11.9737 6.9520 7.9106 1.8944 6.1588 12.9619 11.1004 2.6519 11.2993 11.3290 10.3219 9.7304 9.7920 0.0000 8.3801 8.8840 3.5287 12.6098 9.1142 6.9972 2.3928
8.4100 5.4295 4.7348 6.3678 3.0724 5.9187 3.8597 5.5892 2.6385 8.9344 3.4100 2.8435 13.7926 10.5034 8.6631 6.2216 11.1156 6.2826 2.7727 6.0671 5.9702 10.1994 4.8282 4.3391 1.8851 10.7359 9.2824 3.8160 6.9737 8.6989 4.7248 4.7185 6.1669 9.3434 4.2649 11.8296 11.4460 9.5751 11.4111 5.8488 8.7265 4.0116 10.1988 8.9308 0.0000 6.0020 10.0332 5.2727 13.0908 2.2925 9.3924
5.0401 2.0743 10.7090 2.2221 6.6698 3.3721 2.3114 8.6738 7.9670 6.1964 2.7744 7.6817 8.2085 7.0571 6.3699 7.3588 6.4481 7.8478 6.9532 2.0555 1.3034 5.7974 2.2548 8.6517 6.6905 7.9860 9.6256 7.4013 2.3088 3.1111 6.8972 2.2738 2.0794 8.4572 8.6378 7.9152 6.8073 7.8118 5.4571 9.6487 4.1996 8.1961 6.0424 8.5808 5.2127 0.0000 9.2429 10.2488 6.2012 4.9129 8.7698
6.7153 7.2572 14.1960 9.9276 8.6102 9.2927 9.8384 16.1295 9.1299 6.2707 7.7298 8.2706 9.8061 1.4250 3.8708 4.6624 8.9755 7.0097 10.8773 9.3542 9.3502 11.5944 10.3122 7.7064 10.1962 9.1287 1.7726 6.2794 10.1969 7.0385 11.9280 7.1110 7.7433 2.2818 9.5763 11.8342 8.5913 1.9958 8.8673 12.6473 11.0762 11.5135 6.1479 3.7079 9.9147 7.8596 0.0000 14.2520 8.8668 8.8207 3.7883
13.7928 9.2200 1.9816 9.6381 6.3735 7.9637 9.3455 1.3798 6.1368 14.6688 7.5219 6.6639 17.3991 16.2622 14.2580 10.9050 16.1412 9.8638 4.6658 7.9872 8.7467 9.1498 10.0302 7.3964 6.9067 17.3280 12.8617 9.2461 9.9607 12.9102 4.0089 10.0552 9.9963 14.3518 6.6453 13.6138 18.0039 13.9615 14.5411 1.6941 11.9637 3.8627 15.6363 12.8007 6.3266 8.8599 14.6584 0.0000 16.6569 7.0013 15.6279
3.7794 8.3324 13.9331 8.8763 11.5027 7.6369 7.1518 15.2849 12.6143 2.6905 8.7126 11.1291 2.9905 7.9172 5.4839 9.3204 3.3647 10.7448 14.6611 9.0761 7.3845 9.8711 7.0349 12.5331 11.1802 1.5044 9.3984 10.2899 7.7659 4.5258 12.0809 6.4217 6.1845 9.9784 11.4346 4.7793 1.5093 11.0137 3.3315 15.6978 7.4726 12.4825 2.1843 10.4204 12.7097 6.1197 8.9026 14.7480 0.0000 10.1515 11.3667
7.1330 3.9262 7.3539 4.9604 3.3459 4.2596 3.6175 6.4392 3.6760 10.0521 2.9582 3.7750 12.3306 9.8114 6.2580 4.5520 11.5744 5.3613 3.6764 5.0799 4.2675 7.4246 4.1192 4.6294 3.2143 11.1902 8.7515 3.1620 5.4411 6.8775 5.5057 3.2193 5.9451 8.9578 4.5598 11.2009 12.0528 8.5764 7.9285 6.5213 7.0990 4.8102 8.3503 8.1600 2.1951 4.6006 7.6381 6.0842 9.3139 0.0000 7.2145
7.3846 9.1304 13.5470 11.2778 7.6785 12.0421 10.8321 13.1726 8.7247 9.5027 8.7429 8.8455 13.8385 4.0669 5.7401 4.6164 11.4802 5.4360 8.3189 9.5766 9.5371 15.7702 10.5633 6.7927 8.2511 10.1725 2.6759 5.8822 9.1725 10.0305 11.5503 8.0604 7.5441 1.8671 7.7656 13.4396 12.1795 1.9784 11.2234 13.5961 12.3240 11.8483 9.1489 1.9908 9.5127 9.3590 3.4087 14.3135 9.4491 8.0250 0.0000
0.000 23.047 47.192 27.044 37.752 29.420 27.056 47.676 36.057 16.709 26.513 38.079 25.089 26.224 19.224 30.635 24.514 35.048 38.152 27.217 23.535 34.580 26.600 36.967 35.982 22.325 28.784 33.191 25.208 17.346 40.495 23.379 19.682 30.287 37.498 27.114 21.754 30.239 20.282 45.964 27.337 41.217 17.529 29.821 34.526 23.051 26.512 47.771 20.776 31.016 32.504
23.047 0.000 36.322 18.985 28.435 19.806 18.843 36.714 27.336 26.562 16.009 29.237 32.422 31.247 24.910 26.479 30.512 29.893 28.337 17.827 17.933 29.309 17.471 29.286 26.302 32.047 32.024 26.023 18.597 20.120 29.664 7.249 18.582 32.528 29.525 31.648 30.896 33.134 26.196 35.044 22.923 30.183 27.800 30.143 24.209 12.484 30.973 36.766 30.296 20.847 33.866
47.192 36.322 0.000 36.266 24.841 33.248 32.973 7.461 27.147 50.828 32.741 26.025 55.850 49.941 46.521 36.841 53.517 35.210 23.223 34.629 37.711 41.611 35.216 29.385 25.021 56.282 48.561 31.373 38.162 44.235 23.688 35.813 40.346 47.676 28.537 53.659 55.031 48.822 49.782 6.596 40.944 20.465 52.121 44.092 25.077 37.401 49.211 12.336 54.524 28.458 47.283
27.044 18.985 36.266 0.000 31.996 13.715 17.107 36.179 31.617 29.711 19.694 33.218 31.882 37.858 31.061 33.057 29.403 35.999 31.269 8.963 16.486 22.430 8.079 34.195 29.661 33.403 38.896 31.535 9.377 22.119 26.746 20.452 19.605 39.481 34.208 29.394 31.911 40.050 26.161 34.823 17.212 28.537 30.226 37.126 26.858 16.704 37.670 35.914 31.703 24.470 40.850
37.752 28.435 24.841 31.996 0.000 29.872 27.068 26.176 10.385 41.511 25.213 7.462 48.802 37.593 35.272 24.087 46.947 22.490 8.322 29.981 31.502 40.986 30.311 16.843 10.402 47.810 35.914 18.611 33.161 36.384 28.087 27.235 32.539 34.916 18.339 47.992 46.869 36.082 42.588 24.375 37.202 25.426 43.177 31.325 17.293 30.645 36.803 26.929 46.113 19.743 34.447
29.420 19.806 33.248 13.715 29.872 0.000 18.938 33.122 29.786 32.344 19.008 31.221 34.966 39.052 32.615 32.602 32.488 35.062 28.950 9.827 17.901 23.351 12.537 32.579 27.537 36.370 39.722 30.312 17.149 24.804 23.712 20.905 21.760 40.090 32.485 32.425 34.906 40.771 29.205 31.796 19.830 25.452 33.011 37.439 24.610 18.446 38.766 32.840 34.653 22.742 41.232
27.056 18.843 32.973 17.107 27.068 18.938 0.000 33.186 26.554 30.404 12.340 28.212 34.969 35.167 29.083 28.389 32.758 31.042 26.505 13.993 16.812 27.233 14.739 29.089 24.754 35.377 35.635 26.466 18.094 23.337 25.477 16.913 19.579 35.921 29.114 33.330 34.080 36.639 28.836 31.616 22.215 26.233 31.440 33.204 22.101 19.710 34.822 33.127 33.620 19.419 37.004
47.676 36.714 7.461 36.179 26.176 33.122 33.186 0.000 28.450 51.267 33.171 27.438 55.914 50.985 47.323 38.072 53.527 36.615 24.484 34.631 37.850 40.964 35.237 30.814 26.161 56.557 49.713 32.629 38.133 44.507 22.909 36.310 40.660 48.889 29.978 53.544 55.264 50.021 49.909 8.285 40.703 19.916 52.493 45.314 25.918 37.620 50.276 4.965 54.799 29.190 48.572
36.057 27.336 27.147 31.617 10.385 29.786 26.554 28.450 0.000 39.805 24.388 8.986 47.505 35.292 33.191 21.751 45.765 20.364 17.700 29.607 30.700 41.078 29.862 14.100 13.473 46.231 33.580 19.000 32.577 35.071 29.503 25.999 31.322 32.580 12.378 46.983 45.361 33.745 41.326 26.632 36.768 27.104 41.536 28.990 17.760 29.743 34.494 29.171 44.559 19.147 32.136
16.709 26.562 50.828 29.711 41.511 32.344 30.404 51.267 39.805 0.000 30.099 41.827 22.526 27.657 21.525 34.053 22.658 38.500 41.907 30.183 26.461 35.995 29.543 40.655 39.739 18.806 30.656 36.870 27.720 19.592 43.718 27.031 22.850 32.375 41.205 25.621 18.565 32.126 19.352 49.578 29.028 44.632 9.181 32.455 38.247 26.184 28.138 51.327 17.458 34.739 34.729
26.513 16.009 32.741 19.694 25.213 19.008 12.340 33.171 24.388 30.099 0.000 26.179 35.886 33.017 27.386 25.613 33.873 28.322 24.936 17.839 18.318 29.973 17.877 26.702 22.986 35.648 33.237 23.861 20.277 23.690 26.758 14.416 19.746 33.407 26.809 34.790 34.487 34.176 29.665 31.480 24.598 26.897 31.386 30.577 20.694 17.435 32.605 33.259 33.896 17.482 34.388
38.079 29.237 26.025 33.218 7.462 31.221 28.212 27.438 8.986 41.827 26.179 0.000 49.476 36.992 35.141 23.269 47.706 21.185 15.552 31.201 32.497 42.418 31.496 15.023 16.738 48.247 35.123 17.913 34.281 37.041 29.765 27.940 33.264 34.014 11.445 48.871 47.370 35.200 43.287 25.681 38.404 27.081 43.556 30.429 18.764 31.578 36.172 28.248 46.573 20.801 33.397
25.089 32.422 55.850 31.882 48.802 34.966 34.969 55.914 47.505 22.526 35.886 49.476 0.000 38.137 31.951 43.502 12.101 47.831 48.759 33.291 30.170 33.239 32.678 48.984 46.715 17.585 41.181 45.334 29.839 24.435 46.560 33.568 28.270 42.895 49.386 17.112 19.869 42.651 18.226 54.450 28.395 48.402 20.556 42.816 44.580 30.635 38.648 55.719 17.589 41.268 45.234
26.224 31.247 49.941 37.858 37.593 39.052 35.167 50.985 35.292 27.657 33.017 36.992 38.137 0.000 19.271 25.844 38.256 29.490 38.893 37.039 34.222 47.339 36.615 34.307 36.941 33.567 15.562 31.083 36.695 30.755 47.436 30.257 30.707 17.540 35.140 41.101 33.905 16.833 34.394 49.122 40.103 46.780 29.581 19.710 37.199 33.154 4.151 51.477 32.738 34.358 19.984
19.224 24.910 46.521 31.061 35.272 32.615 29.083 47.323 33.191 21.525 27.386 35.141 31.951 19.271 0.000 25.516 31.658 29.931 36.158 30.491 27.362 40.192 30.000 33.218 34.015 28.157 21.570 29.495 29.716 23.486 42.141 24.273 23.651 23.072 33.916 34.329 28.085 23.019 27.506 45.495 32.920 42.036 23.587 22.932 33.445 26.395 19.413 47.640 26.962 30.142 25.330
30.635 26.479 36.841 33.057 24.087 32.602 28.389 38.072 21.751 34.053 25.613 23.269 43.502 25.844 25.516 0.000 42.399 19.818 25.618 31.370 30.514 43.476 31.291 20.462 23.955 40.851 23.856 17.480 33.048 31.838 36.998 24.855 29.076 22.838 21.300 44.376 40.387 23.996 37.818 36.225 37.401 35.397 36.046 19.251 25.170 29.281 24.990 38.718 39.385 23.537 22.592
24.514 30.512 53.517 29.403 46.947 32.488 32.758 53.527 45.765 22.658 33.873 47.706 12.101 38.256 31.658 42.399 0.000 46.636 46.802 30.900 27.946 30.536 30.303 47.411 44.802 19.365 41.115 43.838 27.399 22.801 44.009 31.767 26.443 42.720 47.765 13.916 17.863 42.583 16.587 52.102 25.726 45.940 20.939 42.326 42.551 28.519 38.684 53.299 18.738 39.317 44.985
35.048 29.893 35.210 35.999 22.490 35.062 31.042 36.615 20.364 38.500 28.322 21.185 47.831 29.490 29.931 19.818 46.636 0.000 24.299 34.158 33.881 46.275 34.187 17.838 23.232 45.293 26.965 17.070 36.290 35.962 37.453 28.270 32.941 25.514 18.706 48.499 44.802 26.734 42.049 34.841 40.678 35.324 40.484 22.082 25.337 32.689 28.584 37.403 43.812 24.860 24.498
38.152 28.337 23.223 31.269 8.322 28.950 26.505 24.484 17.700 41.907 24.936 15.552 48.759 38.893 36.158 25.618 46.802 24.299 0.000 29.271 31.114 39.873 29.654 18.711 9.696 48.051 37.369 20.153 32.581 36.406 26.317 27.275 32.501 36.455 17.998 47.691 47.039 37.603 42.533 22.657 36.478 23.583 43.497 32.869 19.630 30.348 38.130 25.191 46.332 19.492 36.088
27.217 17.827 34.629 8.963 29.981 9.827 13.993 34.631 29.607 30.183 17.839 31.201 33.291 37.039 30.491 31.370 30.900 34.158 29.271 0.000 16.543 24.139 2.892 32.207 27.647 34.399 37.845 29.614 15.770 22.681 25.689 19.098 19.550 38.305 32.208 31.100 32.974 38.938 27.376 33.207 19.222 27.157 30.908 35.787 24.857 18.837 36.786 34.428 32.668 22.460 39.553
23.535 17.933 37.711 16.486 31.502 17.901 16.812 37.850 30.700 26.461 18.318 32.497 30.170 34.222 27.362 30.514 27.946 33.881 31.114 16.543 0.000 25.494 13.713 32.917 29.242 30.845 35.394 29.839 11.714 18.983 29.348 17.663 17.503 36.082 33.072 28.591 29.474 36.591 24.072 36.331 18.892 30.612 27.216 33.917 26.758 5.541 34.066 37.730 29.099 23.759 37.574
34.580 29.309 41.611 22.430 40.986 23.351 27.233 40.964 41.078 35.995 29.973 42.418 33.239 47.339 40.192 43.476 30.536 46.275 39.873 24.139 25.494 0.000 24.185 43.920 38.678 37.023 48.785 41.625 22.867 29.251 30.074 30.841 28.646 49.553 43.803 28.749 35.356 50.023 29.742 40.135 19.301 33.146 35.650 47.401 35.693 26.712 47.280 40.335 35.674 34.088 51.068
26.600 17.471 35.216 8.079 30.311 12.537 14.739 35.237 29.862 29.543 17.877 31.496 32.678 36.615 30.000 31.291 30.303 34.187 29.654 2.892 13.713 24.185 0.000 32.403 27.983 33.751 37.491 29.718 13.395 22.033 26.340 18.830 18.946 37.993 32.430 30.555 32.329 38.605 26.744 33.799 18.910 27.791 30.259 35.537 25.237 16.319 36.380 35.045 32.019 22.720 39.288
36.967 29.286 29.385 34.195 16.843 32.579 29.089 30.814 14.100 40.655 26.702 15.023 48.984 34.307 33.218 20.462 47.411 17.838 18.711 32.207 32.917 43.920 32.403 0.000 18.189 47.267 32.199 16.865 34.977 36.622 32.649 27.815 33.052 30.964 3.916 48.843 46.524 32.167 42.891 29.060 39.264 30.165 42.495 27.408 20.907 31.871 33.451 31.628 45.651 21.838 30.197
35.982 26.302 25.021 29.661 10.402 27.537 24.754 26.161 13.473 39.739 22.986 16.738 46.715 36.941 34.015 23.955 44.802 23.232 9.696 27.647 29.242 38.678 27.983 18.189 0.000 45.913 35.556 18.615 30.848 34.330 26.471 25.183 30.445 34.740 17.696 45.775 44.919 35.864 40.491 24.304 34.868 24.116 41.341 31.175 13.327 28.419 36.199 26.772 44.199 17.504 34.523
22.325 32.047 56.282 33.403 47.810 36.370 35.377 56.557 46.231 18.806 35.648 48.247 17.585 33.567 28.157 40.851 19.365 45.293 48.051 34.399 30.845 37.023 33.751 47.267 45.913 0.000 36.813 43.501 31.293 24.051 48.070 32.844 27.944 38.656 47.780 22.389 7.411 38.265 19.512 54.958 31.082 49.456 16.813 39.062 44.158 30.948 34.180 56.501 7.814 40.690 41.073
28.784 32.024 48.561 38.896 35.914 39.722 35.635 49.713 33.580 30.656 33.237 35.123 41.181 15.562 21.570 23.856 41.115 26.965 37.369 37.845 35.394 48.785 37.491 32.199 35.556 36.813 0.000 29.306 37.968 32.843 47.135 30.818 32.192 9.096 33.062 43.859 37.050 6.538 37.059 47.853 41.678 46.147 32.644 16.885 36.212 34.242 11.978 50.288 35.888 33.702 19.924
33.191 26.023 31.373 31.535 18.611 30.312 26.466 32.629 19.000 36.870 23.861 17.913 45.334 31.083 29.495 17.480 43.838 17.070 20.153 29.614 29.839 41.625 29.718 16.865 18.615 43.501 29.306 0.000 32.073 33.037 32.465 24.475 29.587 28.316 19.684 45.383 42.783 29.476 39.290 30.791 36.435 30.490 38.720 24.727 20.353 28.721 30.269 33.303 41.895 19.850 27.950
25.208 18.597 38.162 9.377 33.161 17.149 18.094 38.133 32.577 27.720 20.277 34.281 29.839 36.695 29.716 33.048 27.399 36.290 32.581 15.770 11.714 22.867 13.395 34.977 30.848 31.293 37.968 32.073 0.000 20.136 28.844 20.203 18.077 38.692 35.066 27.552 29.802 39.183 24.062 36.733 19.505 30.563 28.167 36.552 28.168 17.211 36.573 37.901 29.595 25.480 40.204
17.346 20.120 44.235 22.119 36.384 24.804 23.337 44.507 35.071 19.592 23.690 37.041 24.435 30.755 23.486 31.838 22.801 35.962 36.406 22.681 18.983 29.251 22.033 36.622 34.330 24.051 32.843 33.037 20.136 0.000 36.330 21.153 17.532 34.059 36.993 24.543 22.814 34.234 18.272 42.907 21.993 37.495 20.232 32.865 32.327 18.926 30.879 44.463 22.293 28.935 36.040
40.495 29.664 23.688 26.746 28.087 23.712 25.477 22.909 29.503 43.718 26.758 29.765 46.560 47.436 42.141 36.998 44.009 37.453 26.317 25.689 29.348 30.074 26.340 32.649 26.471 48.070 47.135 32.465 28.844 36.330 0.000 29.930 32.882 46.894 32.089 43.603 46.616 47.843 40.906 22.249 30.564 15.262 44.561 43.602 24.119 29.534 46.923 22.261 46.346 25.584 47.316
23.379 7.249 35.813 20.452 27.235 20.905 16.913 36.310 25.999 27.031 14.416 27.940 33.568 30.257 24.273 24.855 31.767 28.270 27.275 19.098 17.663 30.841 18.830 27.815 25.183 32.844 30.818 24.475 20.203 21.153 29.930 0.000 17.324 31.216 28.091 33.042 31.780 31.874 27.360 34.588 24.546 30.141 28.427 28.707 23.316 19.732 29.922 36.434 31.108 19.849 32.462
19.682 18.582 40.346 19.605 32.539 21.760 19.579 40.660 31.322 22.850 19.746 33.264 28.270 30.707 23.651 29.076 26.443 32.941 32.501 19.550 17.503 28.646 18.946 33.052 30.445 27.944 32.192 29.587 18.077 17.532 32.882 17.324 0.000 33.087 33.366 27.800 26.747 33.473 22.050 39.034 21.486 33.811 23.867 31.307 28.390 14.985 30.635 40.650 26.187 25.017 34.794
30.287 32.528 47.676 39.481 34.916 40.090 35.921 48.889 32.580 32.375 33.407 34.014 42.895 17.540 23.072 22.838 42.720 25.514 36.455 38.305 36.082 49.553 37.993 30.964 34.740 38.656 9.096 28.316 38.692 34.059 46.894 31.216 33.087 0.000 31.839 45.399 38.832 5.427 38.567 47.037 42.551 45.715 34.390 15.961 35.634 34.894 16.701 49.511 37.676 33.349 10.955
37.498 29.525 28.537 34.208 18.339 32.485 29.114 29.978 12.378 41.205 26.809 11.445 49.386 35.140 33.916 21.300 47.765 18.706 17.998 32.208 33.072 43.803 32.430 3.916 17.696 47.780 33.062 19.684 35.066 36.993 32.089 28.091 33.366 31.839 0.000 49.133 47.006 33.041 43.264 28.235 39.317 29.527 43.021 28.279 20.534 32.056 34.289 30.804 46.149 21.773 31.078
27.114 31.648 53.659 29.394 47.992 32.425 33.330 53.544 46.983 25.621 34.790 48.871 17.112 41.101 34.329 44.376 13.916 48.499 47.691 31.100 28.591 28.749 30.555 48.843 45.775 22.389 43.859 45.383 27.552 24.543 43.603 33.042 27.800 45.399 49.133 0.000 20.953 45.321 18.852 52.214 25.044 45.794 23.995 44.806 43.348 29.356 41.489 53.234 21.862 40.272 47.612
21.754 30.896 55.031 31.911 46.869 34.906 34.080 55.264 45.361 18.565 34.487 47.370 19.869 33.905 28.085 40.387 17.863 44.802 47.039 32.974 29.474 35.356 32.329 46.524 44.919 7.411 37.050 42.783 29.802 22.814 46.616 31.780 26.747 38.832 47.006 20.953 0.000 38.515 17.899 53.690 29.456 48.079 20.000 39.017 43.069 29.645 34.464 55.182 5.190 39.627 41.216
30.239 33.134 48.822 40.050 36.082 40.771 36.639 50.021 33.745 32.126 34.176 35.200 42.651 16.833 23.019 23.996 42.583 26.734 37.603 38.938 36.591 50.023 38.605 32.167 35.864 38.265 6.538 29.476 39.183 34.234 47.843 31.874 33.473 5.427 33.041 45.321 38.515 0.000 38.517 48.167 42.956 46.731 34.112 16.771 36.692 35.422 18.232 50.631 37.352 34.330 14.560
20.282 26.196 49.782 26.161 42.588 29.205 28.836 49.909 41.326 19.352 29.665 43.287 18.226 34.394 27.506 37.818 16.587 42.049 42.533 27.376 24.072 29.742 26.744 42.891 40.491 19.512 37.059 39.290 24.062 18.272 40.906 27.360 22.050 38.567 43.264 18.852 17.899 38.517 0.000 48.402 23.571 42.534 18.267 37.961 38.359 24.458 34.739 49.761 17.992 35.042 40.766
45.964 35.044 6.596 34.823 24.375 31.796 31.616 8.285 26.632 49.578 31.480 25.681 54.450 49.122 45.495 36.225 52.102 34.841 22.657 33.207 36.331 40.135 33.799 29.060 24.304 54.958 47.853 30.791 36.733 42.907 22.249 34.588 39.034 47.037 28.235 52.214 53.690 48.167 48.402 0.000 39.475 18.992 50.839 43.465 24.073 36.049 48.412 11.416 53.200 27.374 46.739
27.337 22.923 40.944 17.212 37.202 19.830 22.215 40.703 36.768 29.028 24.598 38.404 28.395 40.103 32.920 37.401 25.726 40.678 36.478 19.222 18.892 19.301 18.910 39.264 34.868 31.082 41.678 36.435 19.505 21.993 30.564 24.546 21.486 42.551 39.317 25.044 29.456 42.956 23.571 39.475 0.000 32.863 28.942 40.613 32.069 20.134 40.076 40.328 29.540 29.629 44.190
41.217 30.183 20.465 28.537 25.426 25.452 26.233 19.916 27.104 44.632 26.897 27.081 48.402 46.780 42.036 35.397 45.940 35.324 23.583 27.157 30.612 33.146 27.791 30.165 24.116 49.456 46.147 30.490 30.563 37.495 15.262 30.141 33.811 45.715 29.527 45.794 48.079 46.731 42.534 18.992 32.863 0.000 45.660 42.298 22.233 30.575 46.194 19.467 47.708 24.459 45.911
17.529 27.800 52.121 30.226 43.177 33.011 31.440 52.493 41.536 9.181 31.386 43.556 20.556 29.581 23.587 36.046 20.939 40.484 43.497 30.908 27.216 35.650 30.259 42.495 41.341 16.813 32.644 38.720 28.167 20.232 44.561 28.427 23.867 34.390 43.021 23.995 20.000 34.112 18.267 50.839 28.942 45.660 0.000 34.517 39.722 27.096 30.096 52.507 15.086 36.226 36.757
29.821 30.143 44.092 37.126 31.325 37.439 33.204 45.314 28.990 32.455 30.577 30.429 42.816 19.710 22.932 19.251 42.326 22.082 32.869 35.787 33.917 47.401 35.537 27.408 31.175 39.062 16.885 24.727 36.552 32.865 43.602 28.707 31.307 15.961 28.279 44.806 39.017 16.771 37.961 43.465 40.613 42.298 34.517 0.000 32.158 32.691 18.776 45.947 37.893 30.022 16.949
34.526 24.209 25.077 26.858 17.293 24.610 22.101 25.918 17.760 38.247 20.694 18.764 44.580 37.199 33.445 25.170 42.551 25.337 19.630 24.857 26.758 35.693 25.237 20.907 13.327 44.158 36.212 20.353 28.168 32.327 24.119 23.316 28.390 35.634 20.534 43.348 43.069 36.692 38.359 24.073 32.069 22.233 39.722 32.158 0.000 26.046 36.531 26.321 42.419 15.603 35.716
23.051 12.484 37.401 16.704 30.645 18.446 19.710 37.620 29.743 26.184 17.435 31.578 30.635 33.154 26.395 29.281 28.519 32.689 30.348 18.837 5.541 26.712 16.319 31.871 28.419 30.948 34.242 28.721 17.211 18.926 29.534 19.732 14.985 34.894 32.056 29.356 29.645 35.422 24.458 36.049 20.134 30.575 27.096 32.691 26.046 0.000 32.971 37.553 29.192 22.916 36.359
26.512 30.973 49.211 37.670 36.803 38.766 34.822 50.276 34.494 28.138 32.605 36.172 38.648 4.151 19.413 24.990 38.684 28.584 38.130 36.786 34.066 47.280 36.380 33.451 36.199 34.180 11.978 30.269 36.573 30.879 46.923 29.922 30.635 16.701 34.289 41.489 34.464 18.232 34.739 48.412 40.076 46.194 30.096 18.776 36.531 32.971 0.000 50.783 33.299 33.752 19.161
47.771 36.766 12.336 35.914 26.929 32.840 33.127 4.965 29.171 51.327 33.259 28.248 55.719 51.477 47.640 38.718 53.299 37.403 25.191 34.428 37.730 40.335 35.045 31.628 26.772 56.501 50.288 33.303 37.901 44.463 22.261 36.434 40.650 49.511 30.804 53.234 55.182 50.631 49.761 11.416 40.328 19.467 52.507 45.947 26.321 37.553 50.783 0.000 54.745 29.499 49.254
20.776 30.296 54.524 31.703 46.113 34.653 33.620 54.799 44.559 17.458 33.896 46.573 17.589 32.738 26.962 39.385 18.738 43.812 46.332 32.668 29.099 35.674 32.019 45.651 44.199 7.814 35.888 41.895 29.595 22.293 46.346 31.108 26.187 37.676 46.149 21.862 5.190 37.352 17.992 53.200 29.540 47.708 15.086 37.893 42.419 29.192 33.299 54.745 0.000 38.956 40.064
31.016 20.847 28.458 24.470 19.743 22.742 19.419 29.190 19.147 34.739 17.482 20.801 41.268 34.358 30.142 23.537 39.317 24.860 19.492 22.460 23.759 34.088 22.720 21.838 17.504 40.690 33.702 19.850 25.480 28.935 25.584 19.849 25.017 33.349 21.773 40.272 39.627 34.330 35.042 27.374 29.629 24.459 36.226 30.022 15.603 22.916 33.752 29.499 38.956 0.000 33.734
32.504 33.866 47.283 40.850 34.447 41.232 37.004 48.572 32.136 34.729 34.388 33.397 45.234 19.984 25.330 22.592 44.985 24.498 36.088 39.553 37.574 51.068 39.288 30.197 34.523 41.073 19.924 27.950 40.204 36.040 47.316 32.462 34.794 10.955 31.078 47.612 41.216 14.560 40.766 46.739 44.190 45.911 36.757 16.949 35.716 36.359 19.161 49.254 40.064 33.734 0.000
0.0000 3.6822 11.7306 5.0147 8.5841 5.8068 5.0185 11.8919 8.0191 1.2532 4.8375 8.6930 4.3629 4.7412 2.4080 6.2115 4.1713 7.6827 8.7174 5.0722 3.8451 7.5265 4.8666 8.3222 7.9940 3.4415 5.5947 7.0637 4.4028 1.7819 9.4984 3.7929 2.5607 6.0956 8.4995 5.0379 3.2515 6.0796 2.7608 11.3215 5.1124 9.7388 1.8431 5.9404 7.5088 3.6836 4.8373 11.9236 2.9252 6.3386 6.8346
3.6822 0.0000 8.1072 2.3283 5.4785 2.6021 1.4133 8.2380 5.1119 4.8539 1.2006 5.7457 6.8074 6.4157 4.3033 4.8263 6.1705 5.9643 5.4457 1.9422 1.3450 5.7696 1.8237 5.7621 4.7673 6.6825 6.6747 4.6745 2.1989 2.7066 5.8880 0.5437 1.3936 6.8427 5.8415 6.5493 6.2987 7.0445 4.7320 7.6813 3.6411 6.0611 5.2665 6.0476 4.0696 0.9363 6.3243 8.2552 6.0987 2.9491 7.2886
11.7306 8.1072 0.0000 8.0886 4.2802 7.0827 6.9911 0.5596 5.0491 12.9426 6.9138 4.6749 14.6165 12.6471 11.5071 8.2804 13.8389 7.7365 3.7409 7.5431 8.5703 9.8702 7.7387 5.7951 4.3405 14.7607 12.1869 6.4578 8.7207 10.7449 3.8960 7.9378 9.4487 11.8921 5.5122 13.8864 14.3435 12.2740 12.5941 0.4947 9.6479 2.8215 13.3738 10.6973 4.3591 8.4670 12.4037 0.9252 14.1747 5.4861 11.7610
5.0147 2.3283 8.0886 0.0000 6.6654 1.0287 1.7025 8.0597 6.5391 5.9035 2.5647 7.0726 6.6274 8.6193 6.3535 7.0190 5.8010 7.9996 6.4229 0.6722 1.2364 3.4767 0.6059 7.3982 5.8869 7.1343 8.9654 6.5116 0.7033 3.3730 4.9153 2.8172 2.5351 9.1603 7.4026 5.7980 6.6371 9.3499 4.7204 7.6076 1.7372 5.5124 6.0754 8.3753 4.9528 1.5681 8.5568 7.9713 6.5677 4.1568 9.6168
8.5841 5.4785 4.2802 6.6654 0.0000 5.9575 5.0227 4.7252 0.7789 9.8370 4.4042 0.5597 12.2674 8.5311 7.7573 4.0291 11.6488 3.4967 0.6241 5.9938 6.5008 9.6620 6.1038 1.6142 0.7801 11.9367 7.9714 2.2037 7.0536 8.1280 5.3623 5.0783 6.8464 7.6385 1.3754 11.9974 11.6231 8.0272 10.1961 4.1250 8.4005 4.4754 10.3924 6.4415 1.7644 6.2149 8.2677 4.9762 11.3710 2.5811 7.4822
5.8068 2.6021 7.0827 1.0287 5.9575 0.0000 1.4203 7.0407 5.9288 6.7812 2.3361 6.4069 7.6554 9.0173 6.8717 6.8672 6.8294 7.6874 5.6501 0.7370 1.9669 3.7838 0.9403 6.8596 5.1789 8.1233 9.2407 6.1039 1.7162 4.2680 3.9039 2.9682 3.2532 9.3633 6.8283 6.8084 7.6354 9.5904 5.7349 6.5987 2.6100 4.4841 7.0035 8.4796 4.2033 2.1487 8.9220 6.9467 7.5511 3.5806 9.7440
5.0185 1.4133 6.9911 1.7025 5.0227 1.4203 0.0000 7.0619 4.8514 6.1347 0.9255 5.4039 7.6564 7.7225 5.6945 5.4631 6.9194 6.3474 4.8350 1.0495 1.6041 5.0778 1.1054 5.6964 4.2513 7.7922 7.8784 4.8219 2.0315 3.7789 4.4922 1.6376 2.5263 7.9737 5.7047 7.1100 7.3599 8.2130 5.6119 6.5388 3.4049 4.7444 6.4800 7.0680 3.3669 1.4783 7.6074 7.0422 7.2066 2.4731 8.3348
11.8919 8.2380 0.5596 8.0597 4.7252 7.0407 7.0619 0.0000 5.4834 13.0889 7.0571 5.1461 14.6379 12.9951 11.7742 8.6905 13.8425 8.2051 4.1614 7.5438 8.6168 9.6546 7.7458 6.2712 4.7204 14.8522 12.5711 6.8763 8.7110 10.8357 3.6364 8.1033 9.5534 12.2965 5.9926 13.8479 14.4214 12.6737 12.6364 0.6214 9.5676 2.6387 13.4977 11.1048 4.6393 8.5400 12.7585 0.3724 14.2663 5.7299 12.1906
8.0191 5.1119 5.0491 6.5391 0.7789 5.9288 4.8514 5.4834 0.0000 9.2684 4.1294 0.6740 11.8351 7.7640 7.0638 3.2502 11.2549 2.7880 1.3275 5.8689 6.2334 9.6927 5.9540 1.0575 1.0105 11.4102 7.1932 1.4250 6.8590 7.6904 5.8342 4.6665 6.4405 6.8601 0.9283 11.6610 11.1203 7.2485 9.7753 4.8773 8.2561 5.0347 9.8454 5.6632 1.9199 5.9144 7.4980 5.7237 10.8531 2.3823 6.7120
1.2532 4.8539 12.9426 5.9035 9.8370 6.7812 6.1347 13.0889 9.2684 0.0000 6.0330 9.9423 3.5087 5.2189 3.1752 7.3510 3.5526 8.8332 9.9691 6.0611 4.8204 7.9984 5.8478 9.5518 9.2462 2.2687 6.2185 8.2900 5.2399 2.5307 10.5726 5.0102 3.6168 6.7917 9.7348 4.5403 2.1883 6.7087 2.4507 12.5260 5.6759 10.8772 0.6886 6.8182 8.7492 4.7281 5.3794 13.1091 1.8192 7.5796 7.5763
4.8375 1.2006 6.9138 2.5647 4.4042 2.3361 0.9255 7.0571 4.1294 6.0330 0.0000 4.7265 7.9620 7.0058 5.1285 4.5377 7.2911 5.4407 4.3119 1.9464 2.1061 5.9911 1.9590 4.9007 3.6619 7.8828 7.0791 3.9535 2.7590 3.8967 4.9192 1.0812 2.5819 7.1355 4.9363 7.5967 7.4956 7.3921 5.8884 6.4932 4.1993 4.9657 6.4620 6.1925 2.8982 1.8115 6.8684 7.0862 7.2988 1.8273 7.4626
8.6930 5.7457 4.6749 7.0726 0.5597 6.4069 5.4039 5.1461 0.6740 9.9423 4.7265 0.0000 12.4921 8.3305 7.7136 3.7564 11.9019 3.0617 1.1664 6.4004 6.8324 10.1393 6.4985 1.1267 1.2554 12.0823 7.7078 1.9710 7.4269 8.3470 5.9217 5.3132 7.0880 7.3380 0.8584 12.2904 11.7899 7.7334 10.4289 4.5602 8.8013 5.0271 10.5188 6.1431 2.2545 6.5261 8.0573 5.4159 11.5244 2.9337 7.1324
4.3629 6.8074 14.6165 6.6274 12.2674 7.6554 7.6564 14.6379 11.8351 3.5087 7.9620 12.4921 0.0000 8.7123 6.6504 10.5005 0.9076 11.9437 12.2530 7.0969 6.0566 7.0798 6.8927 12.3279 11.5715 1.8618 9.7270 11.1114 5.9463 4.1451 11.5200 7.1894 5.4234 10.2984 12.4619 1.7041 1.4902 10.2171 2.0755 14.1501 5.4650 12.1341 2.8521 10.2720 10.8601 6.2118 8.8828 14.5729 1.8629 9.7561 11.0781
4.7412 6.4157 12.6471 8.6193 8.5311 9.0173 7.7225 12.9951 7.7640 5.2189 7.0058 8.3305 8.7123 0.0000 2.4238 4.6148 8.7519 5.8300 8.9643 8.3465 7.4075 11.7796 8.2050 7.4355 8.3137 7.1888 1.1672 6.3608 8.2317 6.2517 11.8121 6.0856 6.2356 1.8468 7.7134 9.7003 7.3016 1.6111 7.4646 12.3739 9.3676 11.5932 5.8604 2.5700 8.3996 7.0513 0.3113 13.1589 6.9126 7.4528 2.6614
2.4080 4.3033 11.5071 6.3535 7.7573 6.8717 5.6945 11.7742 7.0638 3.1752 5.1285 7.7136 6.6504 2.4238 0.0000 4.5055 6.5528 5.9769 8.0527 6.1637 5.1207 9.3974 5.9999 7.0726 7.3383 5.3856 3.1901 5.8316 5.9052 3.8286 10.0470 4.0912 3.8836 3.6907 7.3054 7.4430 5.3618 3.6731 5.1686 11.1651 6.9734 10.0121 3.8622 3.6439 7.1482 4.7983 2.4711 11.8801 4.9872 6.0474 4.4434
6.2115 4.8263 8.2804 7.0190 4.0291 6.8672 5.4631 8.6905 3.2502 7.3510 4.5377 3.7564 10.5005 4.6148 4.5055 0.0000 10.1330 1.4864 4.5395 6.4566 6.1712 10.4919 6.4302 2.8208 3.9851 9.6171 3.9521 1.8266 7.0161 6.6126 8.3327 4.2849 5.6919 3.6127 3.0998 10.7919 9.4624 3.9987 8.6060 8.0750 8.4669 7.7990 8.0154 2.4170 4.3901 5.7603 4.3300 8.9059 9.1282 3.8455 3.5308
4.1713 6.1705 13.8389 5.8010 11.6488 6.8294 6.9194 13.8425 11.2549 3.5526 7.2911 11.9019 0.9076 8.7519 6.5528 10.1330 0.0000 11.5455 11.6006 6.2998 5.3153 6.1787 6.1010 11.8038 10.9342 2.4549 9.7049 10.6126 5.1331 3.6003 10.6697 6.5891 4.8144 10.2401 11.9217 1.0437 1.9545 10.1944 1.5291 13.3673 4.5754 11.3133 2.9798 10.1086 10.1836 5.5064 8.8947 13.7665 2.2459 9.1058 10.9951
7.6827 5.9643 7.7365 7.9996 3.4967 7.6874 6.3474 8.2051 2.7880 8.8332 5.4407 3.0617 11.9437 5.8300 5.9769 1.4864 11.5455 0.0000 4.0995 7.3862 7.2938 11.4250 7.3957 1.9460 3.7440 11.0976 4.9885 1.6900 8.0966 7.9873 8.4843 5.4233 6.9802 4.5046 2.2353 12.1663 10.9341 4.9113 10.0164 7.6135 9.5595 7.7745 9.4948 3.3606 4.4457 6.8965 5.5278 8.4675 10.6039 4.2865 4.1659
8.7174 5.4457 3.7409 6.4229 0.6241 5.6501 4.8350 4.1614 1.3275 9.9691 4.3119 1.1664 12.2530 8.9643 8.0527 4.5395 11.6006 4.0995 0.0000 5.7570 6.3713 9.2909 5.8847 2.2370 0.7272 12.0169 8.4563 2.7178 6.8604 8.1353 4.7724 5.0918 6.8336 8.1515 1.9992 11.8970 11.6797 8.5344 10.1776 3.5523 8.1594 3.8611 10.4990 6.9565 1.4722 6.1161 8.7099 4.3969 11.4439 2.4972 8.0292
5.0722 1.9422 7.5431 0.6722 5.9938 0.7370 1.0495 7.5438 5.8689 6.0611 1.9464 6.4004 7.0969 8.3465 6.1637 6.4566 6.2998 7.3862 5.7570 0.0000 1.2407 4.0462 0.2169 6.7357 5.2156 7.4664 8.6150 5.8712 1.1828 3.5603 4.5630 2.3658 2.5167 8.7682 6.7359 6.3667 6.9913 8.9795 5.1255 7.0689 2.4072 5.0525 6.3025 7.9291 4.2858 1.4128 8.2621 7.4761 6.8893 3.4867 9.1845
3.8451 1.3450 8.5703 1.2364 6.5008 1.9669 1.6041 8.6168 6.2334 4.8204 2.1061 6.8324 6.0566 7.4075 5.1207 6.1712 5.3153 7.2938 6.3713 1.2407 0.0000 4.4980 1.0285 6.9723 5.7474 6.2815 7.7980 5.9462 0.8785 2.3278 5.7825 1.8875 1.3127 8.0274 7.0242 5.5302 5.8245 8.1971 4.0240 8.1103 2.2974 6.2040 5.0719 7.3058 4.9194 0.4156 7.3553 8.5766 5.6997 3.9196 8.5247
7.5265 5.7696 9.8702 3.4767 9.6620 3.7838 5.0778 9.6546 9.6927 7.9984 5.9911 10.1393 7.0798 11.7796 9.3974 10.4919 6.1787 11.4250 9.2909 4.0462 4.4980 0.0000 4.0618 10.6401 8.8926 8.3411 12.2616 9.8749 3.6224 5.7504 6.0246 6.2802 5.5486 12.5175 10.6011 5.5830 7.7854 12.6743 5.9142 9.3784 2.4336 7.0488 7.8834 11.8003 7.8977 4.9039 11.7601 9.4449 7.8915 7.3626 13.0227
4.8666 1.8237 7.7387 0.6059 6.1038 0.9403 1.1054 7.7458 5.9540 5.8478 1.9590 6.4985 6.8927 8.2050 5.9999 6.4302 6.1010 7.3957 5.8847 0.2169 1.0285 4.0618 0.0000 6.8009 5.3278 7.2504 8.4969 5.9060 1.0046 3.3444 4.7799 2.2766 2.3152 8.6644 6.8100 6.1850 6.7762 8.8682 4.9146 7.2663 2.3033 5.2635 6.0863 7.8457 4.4125 1.2239 8.1268 7.6817 6.6730 3.5732 9.0960
8.3222 5.7621 5.7951 7.3982 1.6142 6.8596 5.6964 6.2712 1.0575 9.5518 4.9007 1.1267 12.3279 7.4355 7.0726 2.8208 11.8038 1.9460 2.2370 6.7357 6.9723 10.6401 6.8009 0.0000 2.0629 11.7558 6.7330 1.2649 7.6590 8.2073 6.8829 5.2717 7.0174 6.3213 0.2937 12.2809 11.5081 6.7225 10.2969 5.6868 9.0879 6.0550 10.1649 5.1359 2.9689 6.6237 7.1503 6.5425 11.2169 3.2793 6.0656
7.9940 4.7673 4.3405 5.8869 0.7801 5.1789 4.2513 4.7204 1.0105 9.2462 3.6619 1.2554 11.5715 8.3137 7.3383 3.9851 10.9342 3.7440 0.7272 5.2156 5.7474 8.8926 5.3278 2.0629 0.0000 11.3042 7.8519 2.2051 6.2828 7.4433 4.8238 4.3942 6.1484 7.5801 1.8988 11.2584 10.9731 7.9548 9.4970 4.1013 7.6226 4.0388 9.7803 6.3917 0.9995 5.4730 8.0664 4.9239 10.7329 1.8346 7.5078
3.4415 6.6825 14.7607 7.1343 11.9367 8.1233 7.7922 14.8522 11.4102 2.2687 7.8828 12.0823 1.8618 7.1888 5.3856 9.6171 2.4549 11.0976 12.0169 7.4664 6.2815 8.3411 7.2504 11.7558 11.3042 0.0000 8.2708 10.5004 6.4311 4.0172 12.0232 6.9479 5.3145 8.8852 11.9266 3.4631 0.5558 8.7550 2.5038 14.3193 6.3605 12.4853 1.6044 9.0206 10.7192 6.3161 7.3932 14.8336 0.5861 9.5632 9.6909
5.5947 6.6747 12.1869 8.9654 7.9714 9.2407 7.8784 12.5711 7.1932 6.2185 7.0791 7.7078 9.7270 1.1672 3.1901 3.9521 9.7049 4.9885 8.4563 8.6150 7.7980 12.2616 8.4969 6.7330 7.8519 8.2708 0.0000 5.7687 8.6559 6.9476 11.7116 6.2725 6.7307 0.6822 7.0208 10.6195 8.3500 0.4903 8.3530 11.9510 9.8927 11.3822 6.8812 1.6284 8.0708 7.4139 0.8984 12.7627 7.9628 7.2341 1.4943
7.0637 4.6745 6.4578 6.5116 2.2037 6.1039 4.8219 6.8763 1.4250 8.2900 3.9535 1.9710 11.1114 6.3608 5.8316 1.8266 10.6126 1.6900 2.7178 5.8712 5.9462 9.8749 5.9060 1.2649 2.2051 10.5004 5.7687 0.0000 6.6911 7.0123 6.8218 4.1584 5.8625 5.4387 1.4763 11.1276 10.2611 5.8253 9.0966 6.2637 8.1450 6.1635 8.9067 4.2423 2.7844 5.5738 6.0896 7.1011 9.9651 2.6168 5.3167
4.4028 2.1989 8.7207 0.7033 7.0536 1.7162 2.0315 8.7110 6.8590 5.2399 2.7590 7.4269 5.9463 8.2317 5.9052 7.0161 5.1331 8.0966 6.8604 1.1828 0.8785 3.6224 1.0046 7.6590 6.2828 6.4311 8.6559 6.6911 0.0000 2.7120 5.6148 2.7343 2.0256 8.8973 7.6886 5.1841 5.9339 9.0609 4.0206 8.2444 1.4629 6.1877 5.3889 8.1841 5.3894 1.2908 8.1909 8.6335 5.8651 4.4932 9.4014
1.7819 2.7066 10.7449 3.3730 8.1280 4.2680 3.7789 10.8357 7.6904 2.5307 3.8967 8.3470 4.1451 6.2517 3.8286 6.6126 3.6003 7.9873 8.1353 3.5603 2.3278 5.7504 3.3444 8.2073 7.4433 4.0172 6.9476 7.0123 2.7120 0.0000 8.1099 3.0509 1.3149 7.3531 8.3309 4.1811 3.6048 7.4113 2.0905 10.3023 3.3311 8.4982 2.7441 6.9550 6.7757 2.3085 6.2931 10.8209 3.4311 5.6450 8.0135
9.4984 5.8880 3.8960 4.9153 5.3623 3.9039 4.4922 3.6364 5.8342 10.5726 4.9192 5.9217 11.5200 11.8121 10.0470 8.3327 10.6697 8.4843 4.7724 4.5630 5.7825 6.0246 4.7799 6.8829 4.8238 12.0232 11.7116 6.8218 5.6148 8.1099 0.0000 5.9768 6.9608 11.6312 6.6965 10.5343 11.5387 11.9477 9.6352 3.4164 6.1881 1.1447 10.8537 10.5341 4.0398 5.8446 11.6411 3.4205 11.4486 4.5279 11.7721
3.7929 0.5437 7.9378 2.8172 5.0783 2.9682 1.6376 8.1033 4.6665 5.0102 1.0812 5.3132 7.1894 6.0856 4.0912 4.2849 6.5891 5.4233 5.0918 2.3658 1.8875 6.2802 2.2766 5.2717 4.3942 6.9479 6.2725 4.1584 2.7343 3.0509 5.9768 0.0000 1.7748 6.4054 5.3636 7.0140 6.5933 6.6246 5.1199 7.5295 4.1820 6.0469 5.4756 5.5692 3.7721 1.4799 5.9742 8.1445 6.3694 2.6165 6.8206
2.5607 1.3936 9.4487 2.5351 6.8464 3.2532 2.5263 9.5534 6.4405 3.6168 2.5819 7.0880 5.4234 6.2356 3.8836 5.6919 4.8144 6.9802 6.8336 2.5167 1.3127 5.5486 2.3152 7.0174 6.1484 5.3145 6.7307 5.8625 2.0256 1.3149 6.9608 1.7748 0.0000 7.0291 7.1220 5.2667 4.9157 7.1575 3.3501 9.0115 3.1621 7.2702 3.9558 6.4356 5.4632 1.1239 6.2116 9.5501 4.7290 4.3391 7.5980
6.0956 6.8427 11.8921 9.1603 7.6385 9.3633 7.9737 12.2965 6.8601 6.7917 7.1355 7.3380 10.2984 1.8468 3.6907 3.6127 10.2401 4.5046 8.1515 8.7682 8.0274 12.5175 8.6644 6.3213 7.5801 8.8852 0.6822 5.4387 8.8973 7.3531 11.6312 6.4054 7.0291 0.0000 6.6129 11.1329 8.9441 0.4070 8.8556 11.6791 10.1836 11.2382 7.4634 1.1970 7.8779 7.6314 1.5671 12.5038 8.5587 7.1162 0.8216
8.4995 5.8415 5.5122 7.4026 1.3754 6.8283 5.7047 5.9926 0.9283 9.7348 4.9363 0.8584 12.4619 7.7134 7.3054 3.0998 11.9217 2.2353 1.9992 6.7359 7.0242 10.6011 6.8100 0.2937 1.8988 11.9266 7.0208 1.4763 7.6886 8.3309 6.6965 5.3636 7.1220 6.6129 0.0000 12.3776 11.6687 7.0137 10.4214 5.4118 9.1056 5.8423 10.3404 5.4265 2.8446 6.6854 7.4298 6.2679 11.3830 3.2576 6.3593
5.0379 6.5493 13.8864 5.7980 11.9974 6.8084 7.1100 13.8479 11.6610 4.5403 7.5967 12.2904 1.7041 9.7003 7.4430 10.7919 1.0437 12.1663 11.8970 6.3667 5.5302 5.5830 6.1850 12.2809 11.2584 3.4631 10.6195 11.1276 5.1841 4.1811 10.5343 7.0140 5.2667 11.1329 12.3776 0.0000 2.9844 11.1071 2.2839 13.4048 4.3480 11.2648 3.9982 10.9353 10.4495 5.7855 9.8296 13.7446 3.2875 9.4241 11.8706
3.2515 6.2987 14.3435 6.6371 11.6231 7.6354 7.3599 14.4214 11.1203 2.1883 7.4956 11.7899 1.4902 7.3016 5.3618 9.4624 1.9545 10.9341 11.6797 6.9913 5.8245 7.7854 6.7762 11.5081 10.9731 0.5558 8.3500 10.2611 5.9339 3.6048 11.5387 6.5933 4.9157 8.9441 11.6687 2.9844 0.0000 8.8382 1.9665 13.8966 5.8186 12.0262 1.5000 9.0056 10.3562 5.8816 7.4880 14.3940 0.3892 9.2090 9.7388
6.0796 7.0445 12.2740 9.3499 8.0272 9.5904 8.2130 12.6737 7.2485 6.7087 7.3921 7.7334 10.2171 1.6111 3.6731 3.9987 10.1944 4.9113 8.5344 8.9795 8.1971 12.6743 8.8682 6.7225 7.9548 8.7550 0.4903 5.8253 9.0609 7.4113 11.9477 6.6246 7.1575 0.4070 7.0137 11.1071 8.8382 0.0000 8.8389 12.0555 10.3187 11.5771 7.3708 1.5904 8.2307 7.8075 1.3674 12.8772 8.4507 7.4435 1.0920
2.7608 4.7320 12.5941 4.7204 10.1961 5.7349 5.6119 12.6364 9.7753 2.4507 5.8884 10.4289 2.0755 7.4646 5.1686 8.6060 1.5291 10.0164 10.1776 5.1255 4.0240 5.9142 4.9146 10.2969 9.4970 2.5038 8.3530 9.0966 4.0206 2.0905 9.6352 5.1199 3.3501 8.8556 10.4214 2.2839 1.9665 8.8389 0.0000 12.1340 3.8571 10.1779 2.0892 8.6536 8.7862 4.1526 7.5795 12.5870 1.9974 7.6807 9.5886
11.3215 7.6813 0.4947 7.6076 4.1250 6.5987 6.5388 0.6214 4.8773 12.5260 6.4932 4.5602 14.1501 12.3739 11.1651 8.0750 13.3673 7.6135 3.5523 7.0689 8.1103 9.3784 7.2663 5.6868 4.1013 14.3193 11.9510 6.2637 8.2444 10.3023 3.4164 7.5295 9.0115 11.6791 5.4118 13.4048 13.8966 12.0555 12.1340 0.0000 9.1585 2.3306 12.9464 10.4883 4.0245 8.0165 12.1372 0.8562 13.7333 5.1248 11.5795
5.1124 3.6411 9.6479 1.7372 8.4005 2.6100 3.4049 9.5676 8.2561 5.6759 4.1993 8.8013 5.4650 9.3676 6.9734 8.4669 4.5754 9.5595 8.1594 2.4072 2.2974 2.4336 2.3033 9.0879 7.6226 6.3605 9.8927 8.1450 1.4629 3.3311 6.1881 4.1820 3.1621 10.1836 9.1056 4.3480 5.8186 10.3187 3.8571 9.1585 0.0000 6.9545 5.6472 9.5377 6.6898 2.7112 9.3587 9.4426 5.8467 5.8762 10.7300
9.7388 6.0611 2.8215 5.5124 4.4754 4.4841 4.7444 2.6387 5.0347 10.8772 4.9657 5.0271 12.1341 11.5932 10.0121 7.7990 11.3133 7.7745 3.8611 5.0525 6.2040 7.0488 5.2635 6.0550 4.0388 12.4853 11.3822 6.1635 6.1877 8.4982 1.1447 6.0469 7.2702 11.2382 5.8423 11.2648 12.0262 11.5771 10.1779 2.3306 6.9545 0.0000 11.2200 10.0994 3.4108 6.1915 11.3980 2.4890 11.9027 4.1529 11.3038
1.8431 5.2665 13.3738 6.0754 10.3924 7.0035 6.4800 13.4977 9.8454 0.6886 6.4620 10.5188 2.8521 5.8604 3.8622 8.0154 2.9798 9.4948 10.4990 6.3025 5.0719 7.8834 6.0863 10.1649 9.7803 1.6044 6.8812 8.9067 5.3889 2.7441 10.8537 5.4756 3.9558 7.4634 10.3404 3.9982 1.5000 7.3708 2.0892 12.9464 5.6472 11.2200 0.0000 7.5058 9.2408 5.0321 6.0318 13.5022 1.1314 8.0754 8.2524
5.9404 6.0476 10.6973 8.3753 6.4415 8.4796 7.0680 11.1048 5.6632 6.8182 6.1925 6.1431 10.2720 2.5700 3.6439 2.4170 10.1086 3.3606 6.9565 7.9291 7.3058 11.8003 7.8457 5.1359 6.3917 9.0206 1.6284 4.2423 8.1841 6.9550 10.5341 5.5692 6.4356 1.1970 5.4265 10.9353 9.0056 1.5904 8.6536 10.4883 9.5377 10.0994 7.5058 0.0000 6.7193 6.8970 2.2588 11.3156 8.6311 6.0072 1.2712
7.5088 4.0696 4.3591 4.9528 1.7644 4.2033 3.3669 4.6393 1.9199 8.7492 2.8982 2.2545 10.8601 8.3996 7.1482 4.3901 10.1836 4.4457 1.4722 4.2858 4.9194 7.8977 4.4125 2.9689 0.9995 10.7192 8.0708 2.7844 5.3894 6.7757 4.0398 3.7721 5.4632 7.8779 2.8446 10.4495 10.3562 8.2307 8.7862 4.0245 6.6898 3.4108 9.2408 6.7193 0.0000 4.6819 8.1770 4.7738 10.1397 1.1702 7.9054
3.6836 0.9363 8.4670 1.5681 6.2149 2.1487 1.4783 8.5400 5.9144 4.7281 1.8115 6.5261 6.2118 7.0513 4.7983 5.7603 5.5064 6.8965 6.1161 1.4128 0.4156 4.9039 1.2239 6.6237 5.4730 6.3161 7.4139 5.5738 1.2908 2.3085 5.8446 1.4799 1.1239 7.6314 6.6854 5.7855 5.8816 7.8075 4.1526 8.0165 2.7112 6.1915 5.0321 6.8970 4.6819 0.0000 6.9903 8.5175 5.7308 3.6387 8.1198
4.8373 6.3243 12.4037 8.5568 8.2677 8.9220 7.6074 12.7585 7.4980 5.3794 6.8684 8.0573 8.8828 0.3113 2.4711 4.3300 8.8947 5.5278 8.7099 8.2621 7.3553 11.7601 8.1268 7.1503 8.0664 7.3932 0.8984 6.0896 8.1909 6.2931 11.6411 5.9742 6.2116 1.5671 7.4298 9.8296 7.4880 1.3674 7.5795 12.1372 9.3587 11.3980 6.0318 2.2588 8.1770 6.9903 0.0000 12.9276 7.0996 7.2506 2.3872
11.9236 8.2552 0.9252 7.9713 4.9762 6.9467 7.0422 0.3724 5.7237 13.1091 7.0862 5.4159 14.5729 13.1589 11.8801 8.9059 13.7665 8.4675 4.3969 7.4761 8.5766 9.4449 7.6817 6.5425 4.9239 14.8336 12.7627 7.1011 8.6335 10.8209 3.4205 8.1445 9.5501 12.5038 6.2679 13.7446 14.3940 12.8772 12.5870 0.8562 9.4426 2.4890 13.5022 11.3156 4.7738 8.5175 12.9276 0.0000 14.2482 5.8331 12.4179
2.9252 6.0987 14.1747 6.5677 11.3710 7.5511 7.2066 14.2663 10.8531 1.8192 7.2988 11.5244 1.8629 6.9126 4.9872 9.1282 2.2459 10.6039 11.4439 6.8893 5.6997 7.8915 6.6730 11.2169 10.7329 0.5861 7.9628 9.9651 5.8651 3.4311 11.4486 6.3694 4.7290 8.5587 11.3830 3.2875 0.3892 8.4507 1.9974 13.7333 5.8467 11.9027 1.1314 8.6311 10.1397 5.7308 7.0996 14.2482 0.0000 8.9855 9.3547
6.3386 2.9491 5.4861 4.1568 2.5811 3.5806 2.4731 5.7299 2.3823 7.5796 1.8273 2.9337 9.7561 7.4528 6.0474 3.8455 9.1058 4.2865 2.4972 3.4867 3.9196 7.3626 3.5732 3.2793 1.8346 9.5632 7.2341 2.6168 4.4932 5.6450 4.5279 2.6165 4.3391 7.1162 3.2576 9.4241 9.2090 7.4435 7.6807 5.1248 5.8762 4.1529 8.0754 6.0072 1.1702 3.6387 7.2506 5.8331 8.9855 0.0000 7.2446
6.8346 7.2886 11.7610 9.6168 7.4822 9.7440 8.3348 12.1906 6.7120 7.5763 7.4626 7.1324 11.0781 2.6614 4.4434 3.5308 10.9951 4.1659 8.0292 9.1845 8.5247 13.0227 9.0960 6.0656 7.5078 9.6909 1.4943 5.3167 9.4014 8.0135 11.7721 6.8206 7.5980 0.8216 6.3593 11.8706 9.7388 1.0920 9.5886 11.5795 10.7300 11.3038 8.2524 1.2712 7.9054 8.1198 2.3872 12.4179 9.3547 7.2446 0.0000
0.000 15.781 50.274 21.492 36.789 24.886 21.508 50.965 34.367 5.371 20.732 37.256 18.698 20.319 10.320 26.621 17.877 32.926 37.360 21.738 16.479 32.256 20.857 35.667 34.260 14.749 23.977 30.273 18.869 7.637 40.707 16.255 10.975 26.124 36.426 21.591 13.935 26.055 11.832 48.521 21.910 41.738 7.899 25.459 32.181 15.787 20.731 51.101 12.537 27.166 29.291
15.781 0.000 34.745 9.979 23.479 11.152 6.057 35.306 21.908 20.802 5.146 24.625 29.174 27.496 18.443 20.684 26.445 25.561 23.339 8.324 5.764 24.727 7.816 24.695 20.431 28.639 28.606 20.033 9.424 11.600 25.234 2.330 5.973 29.326 25.035 28.068 26.994 30.191 20.280 32.920 15.605 25.976 22.571 25.918 17.441 4.013 27.104 35.379 26.137 12.639 31.237
50.274 34.745 0.000 34.665 18.344 30.355 29.962 2.398 21.639 55.468 29.631 20.035 62.642 54.202 49.316 35.487 59.310 33.157 16.032 32.327 36.730 42.301 33.166 24.836 18.602 63.260 52.229 27.676 37.374 46.050 16.697 34.019 40.494 50.966 23.624 59.513 61.472 52.603 53.975 2.120 41.348 12.092 57.316 45.846 18.682 36.287 53.159 3.965 60.749 23.512 50.404
21.492 9.979 34.665 0.000 28.566 4.409 7.296 34.542 28.025 25.301 10.991 30.311 28.403 36.940 27.229 30.081 24.861 34.284 27.527 2.881 5.299 14.900 2.597 31.707 25.229 30.575 38.423 27.907 3.014 14.456 21.066 12.074 10.865 39.259 31.725 24.848 28.445 40.071 20.230 32.604 7.445 23.624 26.038 35.894 21.226 6.720 36.672 34.163 28.147 17.815 41.215
36.789 23.479 18.344 28.566 0.000 25.532 21.526 20.251 3.338 42.159 18.875 2.399 52.575 36.562 33.245 17.267 49.924 14.986 2.675 25.688 27.860 41.408 26.159 6.918 3.343 51.157 34.163 9.445 30.230 34.834 22.981 21.764 29.342 32.737 5.895 51.418 49.813 34.402 43.698 17.679 36.002 19.180 44.539 27.607 7.562 26.635 35.433 21.327 48.733 11.062 32.067
24.886 11.152 30.355 4.409 25.532 0.000 6.087 30.174 25.409 29.062 10.012 27.458 32.809 38.646 29.450 29.431 29.269 32.946 24.215 3.159 8.429 16.216 4.030 29.398 22.195 34.814 39.603 26.160 7.355 18.291 16.731 12.721 13.942 40.128 29.264 29.179 32.723 41.102 24.578 28.280 11.186 19.218 30.015 36.341 18.014 9.209 38.237 29.772 32.362 15.345 41.760
21.508 6.057 29.962 7.296 21.526 6.087 0.000 30.265 20.792 26.291 3.967 23.159 32.813 33.096 24.405 23.413 29.654 27.203 20.721 4.498 6.875 21.762 4.737 24.413 18.220 33.395 33.765 20.665 8.706 16.195 19.252 7.018 10.827 34.173 24.449 30.471 31.542 35.199 24.051 28.024 14.592 20.333 27.771 30.291 14.430 6.335 32.603 30.181 30.885 10.599 35.721
50.965 35.306 2.398 34.542 20.251 30.174 30.265 0.000 23.500 56.095 30.245 22.055 62.734 55.693 50.461 37.245 59.325 35.165 17.835 32.330 36.929 41.377 33.196 26.877 20.230 63.652 53.876 29.470 37.333 46.439 15.584 34.728 40.943 52.699 25.683 59.348 61.806 54.316 54.156 2.663 41.004 11.309 57.847 47.592 19.883 36.600 54.679 1.596 61.141 24.557 52.245
34.367 21.908 21.639 28.025 3.338 25.409 20.792 23.500 0.000 39.722 17.698 2.888 50.722 33.274 30.274 13.929 48.235 11.949 5.689 25.152 26.715 41.540 25.517 4.532 4.331 48.901 30.828 6.107 29.396 32.959 25.004 19.999 27.602 29.401 3.979 49.976 47.659 31.065 41.894 20.903 35.383 21.577 42.195 24.271 8.228 25.347 32.134 24.530 46.513 10.210 28.766
5.371 20.802 55.468 25.301 42.159 29.062 26.291 56.095 39.722 0.000 25.856 42.610 15.037 22.367 13.608 31.504 15.226 37.857 42.725 25.976 20.659 34.279 25.062 40.936 39.627 9.723 26.651 35.528 22.457 10.846 45.311 21.472 15.501 29.107 41.721 19.459 9.378 28.751 10.503 53.683 24.325 46.616 2.951 29.221 37.496 20.263 23.055 56.182 7.797 32.484 32.470
20.732 5.146 29.631 10.991 18.875 10.012 3.967 30.245 17.698 25.856 0.000 20.256 34.123 30.025 21.979 19.447 31.248 23.317 18.480 8.342 9.026 25.676 8.396 21.003 15.694 33.783 30.339 16.944 11.824 16.700 21.082 4.634 11.065 30.581 21.155 32.557 32.124 31.680 25.236 27.828 17.997 21.281 27.694 26.539 12.421 7.764 29.436 30.369 31.280 7.831 31.983
37.256 24.625 20.035 30.311 2.399 27.458 23.159 22.055 2.888 42.610 20.256 0.000 53.537 35.702 33.058 16.099 51.008 13.122 4.999 27.430 29.282 43.454 27.851 4.829 5.380 51.781 33.033 8.447 31.829 35.773 25.379 22.771 30.377 31.449 3.679 52.673 50.528 33.143 44.695 19.544 37.720 21.545 45.081 26.328 9.662 27.969 34.531 23.211 49.390 12.573 30.568
18.698 29.174 62.642 28.403 52.575 32.809 32.813 62.734 50.722 15.037 34.123 53.537 0.000 37.338 28.502 45.002 3.890 51.187 52.513 30.415 25.957 30.342 29.540 52.834 49.592 7.979 41.687 47.620 25.484 17.765 49.372 30.812 23.243 44.136 53.408 7.303 6.386 43.787 8.895 60.643 23.421 52.003 12.223 44.023 46.543 26.622 38.069 62.455 7.984 41.812 47.478
20.319 27.496 54.202 36.940 36.562 38.646 33.096 55.693 33.274 22.367 30.025 35.702 37.338 0.000 10.388 19.778 37.508 24.986 38.419 35.771 31.746 50.484 35.164 31.867 35.630 30.809 5.002 27.261 35.279 26.793 50.623 26.081 26.724 7.915 33.058 41.573 31.293 6.905 31.991 53.031 40.147 49.685 25.116 11.014 35.998 30.220 1.334 56.395 29.625 31.940 11.406
10.320 18.443 49.316 27.229 33.245 29.450 24.405 50.461 30.274 13.608 21.979 33.058 28.502 10.388 0.000 19.309 28.083 25.615 34.511 26.416 21.946 40.275 25.714 30.311 31.450 23.081 13.672 24.993 25.308 16.408 43.059 17.534 16.644 15.817 31.309 31.898 22.979 15.742 22.151 47.851 29.886 42.909 16.552 15.617 30.635 20.564 10.590 50.915 21.374 25.918 19.043
26.621 20.684 35.487 30.081 17.267 29.431 23.413 37.245 13.929 31.504 19.447 16.099 45.002 19.778 19.309 0.000 43.427 6.370 19.455 27.671 26.448 44.965 27.558 12.089 17.079 41.216 16.937 7.828 30.069 28.340 35.712 18.364 24.394 15.483 13.285 46.251 40.553 17.137 36.883 34.607 36.287 33.424 34.352 10.359 18.815 24.687 18.557 38.168 39.121 16.481 15.132
17.877 26.445 59.310 24.861 49.924 29.269 29.654 59.325 48.235 15.226 31.248 51.008 3.890 37.508 28.083 43.427 0.000 49.481 49.717 26.999 22.780 26.480 26.147 50.588 46.861 10.521 41.592 45.483 21.999 15.430 45.727 28.239 20.633 43.886 51.093 4.473 8.376 43.690 6.553 57.288 19.609 48.486 12.770 43.323 43.644 23.599 38.120 58.999 9.625 39.025 47.122
32.926 25.561 33.157 34.284 14.986 32.946 27.203 35.165 11.949 37.857 23.317 13.122 51.187 24.986 25.615 6.370 49.481 0.000 17.569 31.655 31.259 48.964 31.696 8.340 16.046 47.561 21.379 7.243 34.700 34.231 36.361 23.243 29.915 19.306 9.580 52.141 46.861 21.048 42.928 32.629 40.969 33.319 40.692 14.403 19.053 29.556 23.691 36.289 45.445 18.371 17.854
37.360 23.339 16.032 27.527 2.675 24.215 20.721 17.835 5.689 42.725 18.480 4.999 52.513 38.419 34.511 19.455 49.717 17.569 0.000 24.673 27.305 39.818 25.220 9.587 3.116 51.501 36.241 11.648 29.402 34.866 20.453 21.822 29.287 34.935 8.568 50.987 50.056 36.576 43.618 15.224 34.969 16.548 44.996 29.813 6.310 26.212 37.328 18.844 49.045 10.702 34.411
21.738 8.324 32.327 2.881 25.688 3.159 4.498 32.330 25.152 25.976 8.342 27.430 30.415 35.771 26.416 27.671 26.999 31.655 24.673 0.000 5.317 17.341 0.930 28.867 22.353 31.999 36.921 25.162 5.069 15.258 19.556 10.139 10.786 37.578 28.868 27.286 29.963 38.483 21.966 30.295 10.317 21.653 27.011 33.982 18.368 6.055 35.409 32.041 29.525 14.943 39.362
16.479 5.764 36.730 5.299 27.860 8.429 6.875 36.929 26.715 20.659 9.026 29.282 25.957 31.746 21.946 26.448 22.780 31.259 27.305 5.317 0.000 19.277 4.408 29.881 24.632 26.921 33.420 25.484 3.765 9.976 24.782 8.089 5.626 34.403 30.104 23.701 24.962 35.131 17.246 34.758 9.846 26.589 21.737 31.310 21.083 1.781 31.523 36.757 24.427 16.798 36.535
32.256 24.727 42.301 14.900 41.408 16.216 21.762 41.377 41.540 34.279 25.676 43.454 30.342 50.484 40.275 44.965 26.480 48.964 39.818 17.341 19.277 0.000 17.408 45.600 38.111 35.747 52.550 42.321 15.525 24.645 25.820 26.915 23.780 53.646 45.433 23.927 33.366 54.319 25.346 40.193 10.430 30.209 33.786 50.573 33.847 21.017 50.400 40.478 33.821 31.554 55.812
20.857 7.816 33.166 2.597 26.159 4.030 4.737 33.196 25.517 25.062 8.396 27.851 29.540 35.164 25.714 27.558 26.147 31.696 25.220 0.930 4.408 17.408 0.000 29.147 22.833 31.073 36.415 25.312 4.305 14.333 20.485 9.757 9.922 37.133 29.186 26.507 29.041 38.007 21.063 31.141 9.871 22.558 26.084 33.625 18.911 5.245 34.829 32.922 28.598 15.314 38.983
35.667 24.695 24.836 31.707 6.918 29.398 24.413 26.877 4.532 40.936 21.003 4.829 52.834 31.867 30.311 12.089 50.588 8.340 9.587 28.867 29.881 45.600 29.147 0.000 8.841 50.382 28.856 5.421 32.824 35.174 29.498 22.593 30.075 27.091 1.259 52.632 49.321 28.811 44.129 24.372 38.948 25.950 43.564 22.011 12.724 28.387 30.644 28.039 48.072 14.054 25.995
34.260 20.431 18.602 25.229 3.343 22.195 18.220 20.230 4.331 39.627 15.694 5.380 49.592 35.630 31.450 17.079 46.861 16.046 3.116 22.353 24.632 38.111 22.833 8.841 0.000 48.446 33.651 9.450 26.926 31.900 20.673 18.832 26.350 32.486 8.138 48.250 47.028 34.092 40.702 17.577 32.668 17.309 41.916 27.393 4.284 23.456 34.570 21.103 45.998 7.863 32.176
14.749 28.639 63.260 30.575 51.157 34.814 33.395 63.652 48.901 9.723 33.783 51.781 7.979 30.809 23.081 41.216 10.521 47.561 51.501 31.999 26.921 35.747 31.073 50.382 48.446 0.000 35.446 45.002 27.562 17.216 51.528 29.777 22.776 38.079 51.114 14.842 2.382 37.521 10.731 61.369 27.259 53.508 6.876 38.660 45.940 27.069 31.685 63.573 2.512 40.985 41.532
23.977 28.606 52.229 38.423 34.163 39.603 33.765 53.876 30.828 26.651 30.339 33.033 41.687 5.002 13.672 16.937 41.592 21.379 36.241 36.921 33.420 52.550 36.415 28.856 33.651 35.446 0.000 24.723 37.097 29.775 50.193 26.882 28.846 2.924 30.089 45.512 35.786 2.101 35.798 51.218 42.397 48.781 29.491 6.979 34.589 31.774 3.850 54.697 34.126 31.003 6.404
30.273 20.033 27.676 27.907 9.445 26.160 20.665 29.470 6.107 35.528 16.944 8.447 47.620 27.261 24.993 7.828 45.483 7.243 11.648 25.162 25.484 42.321 25.312 5.421 9.450 45.002 24.723 0.000 28.676 30.053 29.236 17.822 25.125 23.309 6.327 47.690 43.976 24.966 38.985 26.844 34.907 26.415 38.172 18.181 11.933 23.888 26.098 30.433 42.708 11.215 22.786
18.869 9.424 37.374 3.014 30.230 7.355 8.706 37.333 29.396 22.457 11.824 31.829 25.484 35.279 25.308 30.069 21.999 34.700 29.402 5.069 3.765 15.525 4.305 32.824 26.926 27.562 37.097 28.676 0.000 11.623 24.063 11.719 8.681 38.131 32.951 22.218 25.431 38.833 17.231 35.333 6.269 26.519 23.095 35.075 23.097 5.532 35.104 37.001 25.136 19.257 40.292
7.637 11.600 46.050 14.456 34.834 18.291 16.195 46.439 32.959 10.846 16.700 35.773 17.765 26.793 16.408 28.340 15.430 34.231 34.866 15.258 9.976 24.645 14.333 35.174 31.900 17.216 29.775 30.053 11.623 0.000 34.757 13.075 5.635 31.513 35.704 17.919 15.449 31.763 8.959 44.153 14.276 36.421 11.760 29.807 29.039 9.894 26.970 46.375 14.705 24.193 34.343
40.707 25.234 16.697 21.066 22.981 16.731 19.252 15.584 25.004 45.311 21.082 25.379 49.372 50.623 43.059 35.712 45.727 36.361 20.453 19.556 24.782 25.820 20.485 29.498 20.673 51.528 50.193 29.236 24.063 34.757 0.000 25.615 29.832 49.848 28.699 45.147 49.452 51.204 41.294 14.642 26.520 4.906 46.516 45.146 17.313 25.048 49.890 14.659 49.065 19.405 50.452
16.255 2.330 34.019 12.074 21.764 12.721 7.018 34.728 19.999 21.472 4.634 22.771 30.812 26.081 17.534 18.364 28.239 23.243 21.822 10.139 8.089 26.915 9.757 22.593 18.832 29.777 26.882 17.822 11.719 13.075 25.615 0.000 7.606 27.452 22.987 30.060 28.257 28.391 21.942 32.269 17.923 25.915 23.467 23.868 16.166 6.343 25.604 34.905 27.297 11.213 29.231
10.975 5.973 40.494 10.865 29.342 13.942 10.827 40.943 27.602 15.501 11.065 30.377 23.243 26.724 16.644 24.394 20.633 29.915 29.287 10.786 5.626 23.780 9.922 30.075 26.350 22.776 28.846 25.125 8.681 5.635 29.832 7.606 0.000 30.125 30.523 22.572 21.067 30.675 14.357 38.621 13.552 31.158 16.953 27.581 23.414 4.817 26.621 40.929 20.267 18.596 32.563
26.124 29.326 50.966 39.259 32.737 40.128 34.173 52.699 29.401 29.107 30.581 31.449 44.136 7.915 15.817 15.483 43.886 19.306 34.935 37.578 34.403 53.646 37.133 27.091 32.486 38.079 2.924 23.309 38.131 31.513 49.848 27.452 30.125 0.000 28.341 47.712 38.332 1.744 37.953 50.053 43.644 48.164 31.986 5.130 33.763 32.706 6.716 53.588 36.680 30.498 3.521
36.426 25.035 23.624 31.725 5.895 29.264 24.449 25.683 3.979 41.721 21.155 3.679 53.408 33.058 31.309 13.285 51.093 9.580 8.568 28.868 30.104 45.433 29.186 1.259 8.138 51.114 30.089 6.327 32.951 35.704 28.699 22.987 30.523 28.341 0.000 53.047 50.009 30.059 44.663 23.193 39.024 25.038 44.316 23.256 12.191 28.652 31.842 26.862 48.784 13.961 27.254
21.591 28.068 59.513 24.848 51.418 29.179 30.471 59.348 49.976 19.459 32.557 52.673 7.303 41.573 31.898 46.251 4.473 52.141 50.987 27.286 23.701 23.927 26.507 52.632 48.250 14.842 45.512 47.690 22.218 17.919 45.147 30.060 22.572 47.712 53.047 0.000 12.790 47.602 9.788 57.449 18.634 48.278 17.135 46.866 44.783 24.795 42.127 58.905 14.089 40.389 50.874
13.935 26.994 61.472 28.445 49.813 32.723 31.542 61.806 47.659 9.378 32.124 50.528 6.386 31.293 22.979 40.553 8.376 46.861 50.056 29.963 24.962 33.366 29.041 49.321 47.028 2.382 35.786 43.976 25.431 15.449 49.452 28.257 21.067 38.332 50.009 12.790 0.000 37.878 8.428 59.557 24.937 51.541 6.428 38.595 44.384 25.207 32.091 61.689 1.668 39.467 41.738
26.055 30.191 52.603 40.071 34.402 41.102 35.199 54.316 31.065 28.751 31.680 33.143 43.787 6.905 15.742 17.137 43.690 21.048 36.576 38.483 35.131 54.319 38.007 28.811 34.092 37.521 2.101 24.966 38.833 31.763 51.204 28.391 30.675 1.744 30.059 47.602 37.878 0.000 37.881 51.667 44.223 49.616 31.589 6.816 35.274 33.461 5.860 55.188 36.217 31.901 4.680
11.832 20.280 53.975 20.230 43.698 24.578 24.051 54.156 41.894 10.503 25.236 44.695 8.895 31.991 22.151 36.883 6.553 42.928 43.618 21.966 17.246 25.346 21.063 44.129 40.702 10.731 35.798 38.985 17.231 8.959 41.294 21.942 14.357 37.953 44.663 9.788 8.428 37.881 0.000 52.003 16.530 43.620 8.954 37.087 37.655 17.797 32.484 53.944 8.560 32.917 41.094
48.521 32.920 2.120 32.604 17.679 28.280 28.024 2.663 20.903 53.683 27.828 19.544 60.643 53.031 47.851 34.607 57.288 32.629 15.224 30.295 34.758 40.193 31.141 24.372 17.577 61.369 51.218 26.844 35.333 44.153 14.642 32.269 38.621 50.053 23.193 57.449 59.557 51.667 52.003 0.000 39.251 9.988 55.484 44.950 17.248 34.356 52.017 3.669 58.857 21.964 49.626
21.910 15.605 41.348 7.445 36.002 11.186 14.592 41.004 35.383 24.325 17.997 37.720 23.421 40.147 29.886 36.287 19.609 40.969 34.969 10.317 9.846 10.430 9.871 38.948 32.668 27.259 42.397 34.907 6.269 14.276 26.520 17.923 13.552 43.644 39.024 18.634 24.937 44.223 16.530 39.251 0.000 29.805 24.202 40.876 28.671 11.620 40.109 40.468 25.057 25.184 45.986
41.738 25.976 12.092 23.624 19.180 19.218 20.333 11.309 21.577 46.616 21.281 21.545 52.003 49.685 42.909 33.424 48.486 33.319 16.548 21.653 26.589 30.209 22.558 25.950 17.309 53.508 48.781 26.415 26.519 36.421 4.906 25.915 31.158 48.164 25.038 48.278 51.541 49.616 43.620 9.988 29.805 0.000 48.086 43.283 14.618 26.535 48.848 10.667 51.012 17.798 48.445
7.899 22.571 57.316 26.038 44.539 30.015 27.771 57.847 42.195 2.951 27.694 45.081 12.223 25.116 16.552 34.352 12.770 40.692 44.996 27.011 21.737 33.786 26.084 43.564 41.916 6.876 29.491 38.172 23.095 11.760 46.516 23.467 16.953 31.986 44.316 17.135 6.428 31.589 8.954 55.484 24.202 48.086 0.000 32.168 39.603 21.566 25.851 57.866 4.849 34.609 35.368
25.459 25.918 45.846 35.894 27.607 36.341 30.291 47.592 24.271 29.221 26.539 26.328 44.023 11.014 15.617 10.359 43.323 14.403 29.813 33.982 31.310 50.573 33.625 22.011 27.393 38.660 6.979 18.181 35.075 29.807 45.146 23.868 27.581 5.130 23.256 46.866 38.595 6.816 37.087 44.950 40.876 43.283 32.168 0.000 28.797 29.558 9.680 48.495 36.990 25.745 5.448
32.181 17.441 18.682 21.226 7.562 18.014 14.430 19.883 8.228 37.496 12.421 9.662 46.543 35.998 30.635 18.815 43.644 19.053 6.310 18.368 21.083 33.847 18.911 12.724 4.284 45.940 34.589 11.933 23.097 29.039 17.313 16.166 23.414 33.763 12.191 44.783 44.384 35.274 37.655 17.248 28.671 14.618 39.603 28.797 0.000 20.065 35.044 20.459 43.456 5.015 33.880
15.787 4.013 36.287 6.720 26.635 9.209 6.335 36.600 25.347 20.263 7.764 27.969 26.622 30.220 20.564 24.687 23.599 29.556 26.212 6.055 1.781 21.017 5.245 28.387 23.456 27.069 31.774 23.888 5.532 9.894 25.048 6.343 4.817 32.706 28.652 24.795 25.207 33.461 17.797 34.356 11.620 26.535 21.566 29.558 20.065 0.000 29.958 36.504 24.560 15.594 34.799
20.731 27.104 53.159 36.672 35.433 38.237 32.603 54.679 32.134 23.055 29.436 34.531 38.069 1.334 10.590 18.557 38.120 23.691 37.328 35.409 31.523 50.400 34.829 30.644 34.570 31.685 3.850 26.098 35.104 26.970 49.890 25.604 26.621 6.716 31.842 42.127 32.091 5.860 32.484 52.017 40.109 48.848 25.851 9.680 35.044 29.958 0.000 55.404 30.427 31.074 10.231
51.101 35.379 3.965 34.163 21.327 29.772 30.181 1.596 24.530 56.182 30.369 23.211 62.455 56.395 50.915 38.168 58.999 36.289 18.844 32.041 36.757 40.478 32.922 28.039 21.103 63.573 54.697 30.433 37.001 46.375 14.659 34.905 40.929 53.588 26.862 58.905 61.689 55.188 53.944 3.669 40.468 10.667 57.866 48.495 20.459 36.504 55.404 0.000 61.064 24.999 53.219
12.537 26.137 60.749 28.147 48.733 32.362 30.885 61.141 46.513 7.797 31.280 49.390 7.984 29.625 21.374 39.121 9.625 45.445 49.045 29.525 24.427 33.821 28.598 48.072 45.998 2.512 34.126 42.708 25.136 14.705 49.065 27.297 20.267 36.680 48.784 14.089 1.668 36.217 8.560 58.857 25.057 51.012 4.849 36.990 43.456 24.560 30.427 61.064 0.000 38.509 40.092
27.166 12.639 23.512 17.815 11.062 15.345 10.599 24.557 10.210 32.484 7.831 12.573 41.812 31.940 25.918 16.481 39.025 18.371 10.702 14.943 16.798 31.554 15.314 14.054 7.863 40.985 31.003 11.215 19.257 24.193 19.405 11.213 18.596 30.498 13.961 40.389 39.467 31.901 32.917 21.964 25.184 17.798 34.609 25.745 5.015 15.594 31.074 24.999 38.509 0.000 31.048
29.291 31.237 50.404 41.215 32.067 41.760 35.721 52.245 28.766 32.470 31.983 30.568 47.478 11.406 19.043 15.132 47.122 17.854 34.411 39.362 36.535 55.812 38.983 25.995 32.176 41.532 6.404 22.786 40.292 34.343 50.452 29.231 32.563 3.521 27.254 50.874 41.738 4.680 41.094 49.626 45.986 48.445 35.368 5.448 33.880 34.799 10.231 53.219 40.092 31.048 0.000
0.0000 3.6822 11.7306 5.0147 8.5841 5.8068 5.0185 11.8919 8.0191 1.2532 4.8375 8.6930 4.3629 4.7412 2.4080 6.2115 4.1713 7.6827 8.7174 5.0722 3.8451 7.5265 4.8666 8.3222 7.9940 3.4415 5.5947 7.0637 4.4028 1.7819 9.4984 3.7929 2.5607 6.0956 8.4995 5.0379 3.2515 6.0796 2.7608 11.3215 5.1124 9.7388 1.8431 5.9404 7.5088 3.6836 4.8373 11.9236 2.9252 6.3386 6.8346
3.6822 0.0000 8.1072 2.3283 5.4785 2.6021 1.4133 8.2380 5.1119 4.8539 1.2006 5.7457 6.8074 6.4157 4.3033 4.8263 6.1705 5.9643 5.4457 1.9422 1.3450 5.7696 1.8237 5.7621 4.7673 6.6825 6.6747 4.6745 2.1989 2.7066 5.8880 0.5437 1.3936 6.8427 5.8415 6.5493 6.2987 7.0445 4.7320 7.6813 3.6411 6.0611 5.2665 6.0476 4.0696 0.9363 6.3243 8.2552 6.0987 2.9491 7.2886
11.7306 8.1072 0.0000 8.0886 4.2802 7.0827 6.9911 0.5596 5.0491 12.9426 6.9138 4.6749 14.6165 12.6471 11.5071 8.2804 13.8389 7.7365 3.7409 7.5431 8.5703 9.8702 7.7387 5.7951 4.3405 14.7607 12.1869 6.4578 8.7207 10.7449 3.8960 7.9378 9.4487 11.8921 5.5122 13.8864 14.3435 12.2740 12.5941 0.4947 9.6479 2.8215 13.3738 10.6973 4.3591 8.4670 12.4037 0.9252 14.1747 5.4861 11.7610
5.0147 2.3283 8.0886 0.0000 6.6654 1.0287 1.7025 8.0597 6.5391 5.9035 2.5647 7.0726 6.6274 8.6193 6.3535 7.0190 5.8010 7.9996 6.4229 0.6722 1.2364 3.4767 0.6059 7.3982 5.8869 7.1343 8.9654 6.5116 0.7033 3.3730 4.9153 2.8172 2.5351 9.1603 7.4026 5.7980 6.6371 9.3499 4.7204 7.6076 1.7372 5.5124 6.0754 8.3753 4.9528 1.5681 8.5568 7.9713 6.5677 4.1568 9.6168
8.5841 5.4785 4.2802 6.6654 0.0000 5.9575 5.0227 4.7252 0.7789 9.8370 4.4042 0.5597 12.2674 8.5311 7.7573 4.0291 11.6488 3.4967 0.6241 5.9938 6.5008 9.6620 6.1038 1.6142 0.7801 11.9367 7.9714 2.2037 7.0536 8.1280 5.3623 5.0783 6.8464 7.6385 1.3754 11.9974 11.6231 8.0272 10.1961 4.1250 8.4005 4.4754 10.3924 6.4415 1.7644 6.2149 8.2677 4.9762 11.3710 2.5811 7.4822
5.8068 2.6021 7.0827 1.0287 5.9575 0.0000 1.4203 7.0407 5.9288 6.7812 2.3361 6.4069 7.6554 9.0173 6.8717 6.8672 6.8294 7.6874 5.6501 0.7370 1.9669 3.7838 0.9403 6.8596 5.1789 8.1233 9.2407 6.1039 1.7162 4.2680 3.9039 2.9682 3.2532 9.3633 6.8283 6.8084 7.6354 9.5904 5.7349 6.5987 2.6100 4.4841 7.0035 8.4796 4.2033 2.1487 8.9220 6.9467 7.5511 3.5806 9.7440
5.0185 1.4133 6.9911 1.7025 5.0227 1.4203 0.0000 7.0619 4.8514 6.1347 0.9255 5.4039 7.6564 7.7225 5.6945 5.4631 6.9194 6.3474 4.8350 1.0495 1.6041 5.0778 1.1054 5.6964 4.2513 7.7922 7.8784 4.8219 2.0315 3.7789 4.4922 1.6376 2.5263 7.9737 5.7047 7.1100 7.3599 8.2130 5.6119 6.5388 3.4049 4.7444 6.4800 7.0680 3.3669 1.4783 7.6074 7.0422 7.2066 2.4731 8.3348
11.8919 8.2380 0.5596 8.0597 4.7252 7.0407 7.0619 0.0000 5.4834 13.0889 7.0571 5.1461 14.6379 12.9951 11.7742 8.6905 13.8425 8.2051 4.1614 7.5438 8.6168 9.6546 7.7458 6.2712 4.7204 14.8522 12.5711 6.8763 8.7110 10.8357 3.6364 8.1033 9.5534 12.2965 5.9926 13.8479 14.4214 12.6737 12.6364 0.6214 9.5676 2.6387 13.4977 11.1048 4.6393 8.5400 12.7585 0.3724 14.2663 5.7299 12.1906
8.0191 5.1119 5.0491 6.5391 0.7789 5.9288 4.8514 5.4834 0.0000 9.2684 4.1294 0.6740 11.8351 7.7640 7.0638 3.2502 11.2549 2.7880 1.3275 5.8689 6.2334 9.6927 5.9540 1.0575 1.0105 11.4102 7.1932 1.4250 6.8590 7.6904 5.8342 4.6665 6.4405 6.8601 0.9283 11.6610 11.1203 7.2485 9.7753 4.8773 8.2561 5.0347 9.8454 5.6632 1.9199 5.9144 7.4980 5.7237 10.8531 2.3823 6.7120
1.2532 4.8539 12.9426 5.9035 9.8370 6.7812 6.1347 13.0889 9.2684 0.0000 6.0330 9.9423 3.5087 5.2189 3.1752 7.3510 3.5526 8.8332 9.9691 6.0611 4.8204 7.9984 5.8478 9.5518 9.2462 2.2687 6.2185 8.2900 5.2399 2.5307 10.5726 5.0102 3.6168 6.7917 9.7348 4.5403 2.1883 6.7087 2.4507 12.5260 5.6759 10.8772 0.6886 6.8182 8.7492 4.7281 5.3794 13.1091 1.8192 7.5796 7.5763
4.8375 1.2006 6.9138 2.5647 4.4042 2.3361 0.9255 7.0571 4.1294 6.0330 0.0000 4.7265 7.9620 7.0058 5.1285 4.5377 7.2911 5.4407 4.3119 1.9464 2.1061 5.9911 1.9590 4.9007 3.6619 7.8828 7.0791 3.9535 2.7590 3.8967 4.9192 1.0812 2.5819 7.1355 4.9363 7.5967 7.4956 7.3921 5.8884 6.4932 4.1993 4.9657 6.4620 6.1925 2.8982 1.8115 6.8684 7.0862 7.2988 1.8273 7.4626
8.6930 5.7457 4.6749 7.0726 0.5597 6.4069 5.4039 5.1461 0.6740 9.9423 4.7265 0.0000 12.4921 8.3305 7.7136 3.7564 11.9019 3.0617 1.1664 6.4004 6.8324 10.1393 6.4985 1.1267 1.2554 12.0823 7.7078 1.9710 7.4269 8.3470 5.9217 5.3132 7.0880 7.3380 0.8584 12.2904 11.7899 7.7334 10.4289 4.5602 8.8013 5.0271 10.5188 6.1431 2.2545 6.5261 8.0573 5.4159 11.5244 2.9337 7.1324
4.3629 6.8074 14.6165 6.6274 12.2674 7.6554 7.6564 14.6379 11.8351 3.5087 7.9620 12.4921 0.0000 8.7123 6.6504 10.5005 0.9076 11.9437 12.2530 7.0969 6.0566 7.0798 6.8927 12.3279 11.5715 1.8618 9.7270 11.1114 5.9463 4.1451 11.5200 7.1894 5.4234 10.2984 12.4619 1.7041 1.4902 10.2171 2.0755 14.1501 5.4650 12.1341 2.8521 10.2720 10.8601 6.2118 8.8828 14.5729 1.8629 9.7561 11.0781
4.7412 6.4157 12.6471 8.6193 8.5311 9.0173 7.7225 12.9951 7.7640 5.2189 7.0058 8.3305 8.7123 0.0000 2.4238 4.6148 8.7519 5.8300 8.9643 8.3465 7.4075 11.7796 8.2050 7.4355 8.3137 7.1888 1.1672 6.3608 8.2317 6.2517 11.8121 6.0856 6.2356 1.8468 7.7134 9.7003 7.3016 1.6111 7.4646 12.3739 9.3676 11.5932 5.8604 2.5700 8.3996 7.0513 0.3113 13.1589 6.9126 7.4528 2.6614
2.4080 4.3033 11.5071 6.3535 7.7573 6.8717 5.6945 11.7742 7.0638 3.1752 5.1285 7.7136 6.6504 2.4238 0.0000 4.5055 6.5528 5.9769 8.0527 6.1637 5.1207 9.3974 5.9999 7.0726 7.3383 5.3856 3.1901 5.8316 5.9052 3.8286 10.0470 4.0912 3.8836 3.6907 7.3054 7.4430 5.3618 3.6731 5.1686 11.1651 6.9734 10.0121 3.8622 3.6439 7.1482 4.7983 2.4711 11.8801 4.9872 6.0474 4.4434
6.2115 4.8263 8.2804 7.0190 4.0291 6.8672 5.4631 8.6905 3.2502 7.3510 4.5377 3.7564 10.5005 4.6148 4.5055 0.0000 10.1330 1.4864 4.5395 6.4566 6.1712 10.4919 6.4302 2.8208 3.9851 9.6171 3.9521 1.8266 7.0161 6.6126 8.3327 4.2849 5.6919 3.6127 3.0998 10.7919 9.4624 3.9987 8.6060 8.0750 8.4669 7.7990 8.0154 2.4170 4.3901 5.7603 4.3300 8.9059 9.1282 3.8455 3.5308
4.1713 6.1705 13.8389 5.8010 11.6488 6.8294 6.9194 13.8425 11.2549 3.5526 7.2911 11.9019 0.9076 8.7519 6.5528 10.1330 0.0000 11.5455 11.6006 6.2998 5.3153 6.1787 6.1010 11.8038 10.9342 2.4549 9.7049 10.6126 5.1331 3.6003 10.6697 6.5891 4.8144 10.2401 11.9217 1.0437 1.9545 10.1944 1.5291 13.3673 4.5754 11.3133 2.9798 10.1086 10.1836 5.5064 8.8947 13.7665 2.2459 9.1058 10.9951
7.6827 5.9643 7.7365 7.9996 3.4967 7.6874 6.3474 8.2051 2.7880 8.8332 5.4407 3.0617 11.9437 5.8300 5.9769 1.4864 11.5455 0.0000 4.0995 7.3862 7.2938 11.4250 7.3957 1.9460 3.7440 11.0976 4.9885 1.6900 8.0966 7.9873 8.4843 5.4233 6.9802 4.5046 2.2353 12.1663 10.9341 4.9113 10.0164 7.6135 9.5595 7.7745 9.4948 3.3606 4.4457 6.8965 5.5278 8.4675 10.6039 4.2865 4.1659
8.7174 5.4457 3.7409 6.4229 0.6241 5.6501 4.8350 4.1614 1.3275 9.9691 4.3119 1.1664 12.2530 8.9643 8.0527 4.5395 11.6006 4.0995 0.0000 5.7570 6.3713 9.2909 5.8847 2.2370 0.7272 12.0169 8.4563 2.7178 6.8604 8.1353 4.7724 5.0918 6.8336 8.1515 1.9992 11.8970 11.6797 8.5344 10.1776 3.5523 8.1594 3.8611 10.4990 6.9565 1.4722 6.1161 8.7099 4.3969 11.4439 2.4972 8.0292
5.0722 1.9422 7.5431 0.6722 5.9938 0.7370 1.0495 7.5438 5.8689 6.0611 1.9464 6.4004 7.0969 8.3465 6.1637 6.4566 6.2998 7.3862 5.7570 0.0000 1.2407 4.0462 0.2169 6.7357 5.2156 7.4664 8.6150 5.8712 1.1828 3.5603 4.5630 2.3658 2.5167 8.7682 6.7359 6.3667 6.9913 8.9795 5.1255 7.0689 2.4072 5.0525 6.3025 7.9291 4.2858 1.4128 8.2621 7.4761 6.8893 3.4867 9.1845
3.8451 1.3450 8.5703 1.2364 6.5008 1.9669 1.6041 8.6168 6.2334 4.8204 2.1061 6.8324 6.0566 7.4075 5.1207 6.1712 5.3153 7.2938 6.3713 1.2407 0.0000 4.4980 1.0285 6.9723 5.7474 6.2815 7.7980 5.9462 0.8785 2.3278 5.7825 1.8875 1.3127 8.0274 7.0242 5.5302 5.8245 8.1971 4.0240 8.1103 2.2974 6.2040 5.0719 7.3058 4.9194 0.4156 7.3553 8.5766 5.6997 3.9196 8.5247
7.5265 5.7696 9.8702 3.4767 9.6620 3.7838 5.0778 9.6546 9.6927 7.9984 5.9911 10.1393 7.0798 11.7796 9.3974 10.4919 6.1787 11.4250 9.2909 4.0462 4.4980 0.0000 4.0618 10.6401 8.8926 8.3411 12.2616 9.8749 3.6224 5.7504 6.0246 6.2802 5.5486 12.5175 10.6011 5.5830 7.7854 12.6743 5.9142 9.3784 2.4336 7.0488 7.8834 11.8003 7.8977 4.9039 11.7601 9.4449 7.8915 7.3626 13.0227
4.8666 1.8237 7.7387 0.6059 6.1038 0.9403 1.1054 7.7458 5.9540 5.8478 1.9590 6.4985 6.8927 8.2050 5.9999 6.4302 6.1010 7.3957 5.8847 0.2169 1.0285 4.0618 0.0000 6.8009 5.3278 7.2504 8.4969 5.9060 1.0046 3.3444 4.7799 2.2766 2.3152 8.6644 6.8100 6.1850 6.7762 8.8682 4.9146 7.2663 2.3033 5.2635 6.0863 7.8457 4.4125 1.2239 8.1268 7.6817 6.6730 3.5732 9.0960
8.3222 5.7621 5.7951 7.3982 1.6142 6.8596 5.6964 6.2712 1.0575 9.5518 4.9007 1.1267 12.3279 7.4355 7.0726 2.8208 11.8038 1.9460 2.2370 6.7357 6.9723 10.6401 6.8009 0.0000 2.0629 11.7558 6.7330 1.2649 7.6590 8.2073 6.8829 5.2717 7.0174 6.3213 0.2937 12.2809 11.5081 6.7225 10.2969 5.6868 9.0879 6.0550 10.1649 5.1359 2.9689 6.6237 7.1503 6.5425 11.2169 3.2793 6.0656
7.9940 4.7673 4.3405 5.8869 0.7801 5.1789 4.2513 4.7204 1.0105 9.2462 3.6619 1.2554 11.5715 8.3137 7.3383 3.9851 10.9342 3.7440 0.7272 5.2156 5.7474 8.8926 5.3278 2.0629 0.0000 11.3042 7.8519 2.2051 6.2828 7.4433 4.8238 4.3942 6.1484 7.5801 1.8988 11.2584 10.9731 7.9548 9.4970 4.1013 7.6226 4.0388 9.7803 6.3917 0.9995 5.4730 8.0664 4.9239 10.7329 1.8346 7.5078
3.4415 6.6825 14.7607 7.1343 11.9367 8.1233 7.7922 14.8522 11.4102 2.2687 7.8828 12.0823 1.8618 7.1888 5.3856 9.6171 2.4549 11.0976 12.0169 7.4664 6.2815 8.3411 7.2504 11.7558 11.3042 0.0000 8.2708 10.5004 6.4311 4.0172 12.0232 6.9479 5.3145 8.8852 11.9266 3.4631 0.5558 8.7550 2.5038 14.3193 6.3605 12.4853 1.6044 9.0206 10.7192 6.3161 7.3932 14.8336 0.5861 9.5632 9.6909
5.5947 6.6747 12.1869 8.9654 7.9714 9.2407 7.8784 12.5711 7.1932 6.2185 7.0791 7.7078 9.7270 1.1672 3.1901 3.9521 9.7049 4.9885 8.4563 8.6150 7.7980 12.2616 8.4969 6.7330 7.8519 8.2708 0.0000 5.7687 8.6559 6.9476 11.7116 6.2725 6.7307 0.6822 7.0208 10.6195 8.3500 0.4903 8.3530 11.9510 9.8927 11.3822 6.8812 1.6284 8.0708 7.4139 0.8984 12.7627 7.9628 7.2341 1.4943
7.0637 4.6745 6.4578 6.5116 2.2037 6.1039 4.8219 6.8763 1.4250 8.2900 3.9535 1.9710 11.1114 6.3608 5.8316 1.8266 10.6126 1.6900 2.7178 5.8712 5.9462 9.8749 5.9060 1.2649 2.2051 10.5004 5.7687 0.0000 6.6911 7.0123 6.8218 4.1584 5.8625 5.4387 1.4763 11.1276 10.2611 5.8253 9.0966 6.2637 8.1450 6.1635 8.9067 4.2423 2.7844 5.5738 6.0896 7.1011 9.9651 2.6168 5.3167
4.4028 2.1989 8.7207 0.7033 7.0536 1.7162 2.0315 8.7110 6.8590 5.2399 2.7590 7.4269 5.9463 8.2317 5.9052 7.0161 5.1331 8.0966 6.8604 1.1828 0.8785 3.6224 1.0046 7.6590 6.2828 6.4311 8.6559 6.6911 0.0000 2.7120 5.6148 2.7343 2.0256 8.8973 7.6886 5.1841 5.9339 9.0609 4.0206 8.2444 1.4629 6.1877 5.3889 8.1841 5.3894 1.2908 8.1909 8.6335 5.8651 4.4932 9.4014
1.7819 2.7066 10.7449 3.3730 8.1280 4.2680 3.7789 10.8357 7.6904 2.5307 3.8967 8.3470 4.1451 6.2517 3.8286 6.6126 3.6003 7.9873 8.1353 3.5603 2.3278 5.7504 3.3444 8.2073 7.4433 4.0172 6.9476 7.0123 2.7120 0.0000 8.1099 3.0509 1.3149 7.3531 8.3309 4.1811 3.6048 7.4113 2.0905 10.3023 3.3311 8.4982 2.7441 6.9550 6.7757 2.3085 6.2931 10.8209 3.4311 5.6450 8.0135
9.4984 5.8880 3.8960 4.9153 5.3623 3.9039 4.4922 3.6364 5.8342 10.5726 4.9192 5.9217 11.5200 11.8121 10.0470 8.3327 10.6697 8.4843 4.7724 4.5630 5.7825 6.0246 4.7799 6.8829 4.8238 12.0232 11.7116 6.8218 5.6148 8.1099 0.0000 5.9768 6.9608 11.6312 6.6965 10.5343 11.5387 11.9477 9.6352 3.4164 6.1881 1.1447 10.8537 10.5341 4.0398 5.8446 11.6411 3.4205 11.4486 4.5279 11.7721
3.7929 0.5437 7.9378 2.8172 5.0783 2.9682 1.6376 8.1033 4.6665 5.0102 1.0812 5.3132 7.1894 6.0856 4.0912 4.2849 6.5891 5.4233 5.0918 2.3658 1.8875 6.2802 2.2766 5.2717 4.3942 6.9479 6.2725 4.1584 2.7343 3.0509 5.9768 0.0000 1.7748 6.4054 5.3636 7.0140 6.5933 6.6246 5.1199 7.5295 4.1820 6.0469 5.4756 5.5692 3.7721 1.4799 5.9742 8.1445 6.3694 2.6165 6.8206
2.5607 1.3936 9.4487 2.5351 6.8464 3.2532 2.5263 9.5534 6.4405 3.6168 2.5819 7.0880 5.4234 6.2356 3.8836 5.6919 4.8144 6.9802 6.8336 2.5167 1.3127 5.5486 2.3152 7.0174 6.1484 5.3145 6.7307 5.8625 2.0256 1.3149 6.9608 1.7748 0.0000 7.0291 7.1220 5.2667 4.9157 7.1575 3.3501 9.0115 3.1621 7.2702 3.9558 6.4356 5.4632 1.1239 6.2116 9.5501 4.7290 4.3391 7.5980
6.0956 6.8427 11.8921 9.1603 7.6385 9.3633 7.9737 12.2965 6.8601 6.7917 7.1355 7.3380 10.2984 1.8468 3.6907 3.6127 10.2401 4.5046 8.1515 8.7682 8.0274 12.5175 8.6644 6.3213 7.5801 8.8852 0.6822 5.4387 8.8973 7.3531 11.6312 6.4054 7.0291 0.0000 6.6129 11.1329 8.9441 0.4070 8.8556 11.6791 10.1836 11.2382 7.4634 1.1970 7.8779 7.6314 1.5671 12.5038 8.5587 7.1162 0.8216
8.4995 5.8415 5.5122 7.4026 1.3754 6.8283 5.7047 5.9926 0.9283 9.7348 4.9363 0.8584 12.4619 7.7134 7.3054 3.0998 11.9217 2.2353 1.9992 6.7359 7.0242 10.6011 6.8100 0.2937 1.8988 11.9266 7.0208 1.4763 7.6886 8.3309 6.6965 5.3636 7.1220 6.6129 0.0000 12.3776 11.6687 7.0137 10.4214 5.4118 9.1056 5.8423 10.3404 5.4265 2.8446 6.6854 7.4298 6.2679 11.3830 3.2576 6.3593
5.0379 6.5493 13.8864 5.7980 11.9974 6.8084 7.1100 13.8479 11.6610 4.5403 7.5967 12.2904 1.7041 9.7003 7.4430 10.7919 1.0437 12.1663 11.8970 6.3667 5.5302 5.5830 6.1850 12.2809 11.2584 3.4631 10.6195 11.1276 5.1841 4.1811 10.5343 7.0140 5.2667 11.1329 12.3776 0.0000 2.9844 11.1071 2.2839 13.4048 4.3480 11.2648 3.9982 10.9353 10.4495 5.7855 9.8296 13.7446 3.2875 9.4241 11.8706
3.2515 6.2987 14.3435 6.6371 11.6231 7.6354 7.3599 14.4214 11.1203 2.1883 7.4956 11.7899 1.4902 7.3016 5.3618 9.4624 1.9545 10.9341 11.6797 6.9913 5.8245 7.7854 6.7762 11.5081 10.9731 0.5558 8.3500 10.2611 5.9339 3.6048 11.5387 6.5933 4.9157 8.9441 11.6687 2.9844 0.0000 8.8382 1.9665 13.8966 5.8186 12.0262 1.5000 9.0056 10.3562 5.8816 7.4880 14.3940 0.3892 9.2090 9.7388
6.0796 7.0445 12.2740 9.3499 8.0272 9.5904 8.2130 12.6737 7.2485 6.7087 7.3921 7.7334 10.2171 1.6111 3.6731 3.9987 10.1944 4.9113 8.5344 8.9795 8.1971 12.6743 8.8682 6.7225 7.9548 8.7550 0.4903 5.8253 9.0609 7.4113 11.9477 6.6246 7.1575 0.4070 7.0137 11.1071 8.8382 0.0000 8.8389 12.0555 10.3187 11.5771 7.3708 1.5904 8.2307 7.8075 1.3674 12.8772 8.4507 7.4435 1.0920
2.7608 4.7320 12.5941 4.7204 10.1961 5.7349 5.6119 12.6364 9.7753 2.4507 5.8884 10.4289 2.0755 7.4646 5.1686 8.6060 1.5291 10.0164 10.1776 5.1255 4.0240 5.9142 4.9146 10.2969 9.4970 2.5038 8.3530 9.0966 4.0206 2.0905 9.6352 5.1199 3.3501 8.8556 10.4214 2.2839 1.9665 8.8389 0.0000 12.1340 3.8571 10.1779 2.0892 8.6536 8.7862 4.1526 7.5795 12.5870 1.9974 7.6807 9.5886
11.3215 7.6813 0.4947 7.6076 4.1250 6.5987 6.5388 0.6214 4.8773 12.5260 6.4932 4.5602 14.1501 12.3739 11.1651 8.0750 13.3673 7.6135 3.5523 7.0689 8.1103 9.3784 7.2663 5.6868 4.1013 14.3193 11.9510 6.2637 8.2444 10.3023 3.4164 7.5295 9.0115 11.6791 5.4118 13.4048 13.8966 12.0555 12.1340 0.0000 9.1585 2.3306 12.9464 10.4883 4.0245 8.0165 12.1372 0.8562 13.7333 5.1248 11.5795
5.1124 3.6411 9.6479 1.7372 8.4005 2.6100 3.4049 9.5676 8.2561 5.6759 4.1993 8.8013 5.4650 9.3676 6.9734 8.4669 4.5754 9.5595 8.1594 2.4072 2.2974 2.4336 2.3033 9.0879 7.6226 6.3605 9.8927 8.1450 1.4629 3.3311 6.1881 4.1820 3.1621 10.1836 9.1056 4.3480 5.8186 10.3187 3.8571 9.1585 0.0000 6.9545 5.6472 9.5377 6.6898 2.7112 9.3587 9.4426 5.8467 5.8762 10.7300
9.7388 6.0611 2.8215 5.5124 4.4754 4.4841 4.7444 2.6387 5.0347 10.8772 4.9657 5.0271 12.1341 11.5932 10.0121 7.7990 11.3133 7.7745 3.8611 5.0525 6.2040 7.0488 5.2635 6.0550 4.0388 12.4853 11.3822 6.1635 6.1877 8.4982 1.1447 6.0469 7.2702 11.2382 5.8423 11.2648 12.0262 11.5771 10.1779 2.3306 6.9545 0.0000 11.2200 10.0994 3.4108 6.1915 11.3980 2.4890 11.9027 4.1529 11.3038
1.8431 5.2665 13.3738 6.0754 10.3924 7.0035 6.4800 13.4977 9.8454 0.6886 6.4620 10.5188 2.8521 5.8604 3.8622 8.0154 2.9798 9.4948 10.4990 6.3025 5.0719 7.8834 6.0863 10.1649 9.7803 1.6044 6.8812 8.9067 5.3889 2.7441 10.8537 5.4756 3.9558 7.4634 10.3404 3.9982 1.5000 7.3708 2.0892 12.9464 5.6472 11.2200 0.0000 7.5058 9.2408 5.0321 6.0318 13.5022 1.1314 8.0754 8.2524
5.9404 6.0476 10.6973 8.3753 6.4415 8.4796 7.0680 11.1048 5.6632 6.8182 6.1925 6.1431 10.2720 2.5700 3.6439 2.4170 10.1086 3.3606 6.9565 7.9291 7.3058 11.8003 7.8457 5.1359 6.3917 9.0206 1.6284 4.2423 8.1841 6.9550 10.5341 5.5692 6.4356 1.1970 5.4265 10.9353 9.0056 1.5904 8.6536 10.4883 9.5377 10.0994 7.5058 0.0000 6.7193 6.8970 2.2588 11.3156 8.6311 6.0072 1.2712
7.5088 4.0696 4.3591 4.9528 1.7644 4.2033 3.3669 4.6393 1.9199 8.7492 2.8982 2.2545 10.8601 8.3996 7.1482 4.3901 10.1836 4.4457 1.4722 4.2858 4.9194 7.8977 4.4125 2.9689 0.9995 10.7192 8.0708 2.7844 5.3894 6.7757 4.0398 3.7721 5.4632 7.8779 2.8446 10.4495 10.3562 8.2307 8.7862 4.0245 6.6898 3.4108 9.2408 6.7193 0.0000 4.6819 8.1770 4.7738 10.1397 1.1702 7.9054
3.6836 0.9363 8.4670 1.5681 6.2149 2.1487 1.4783 8.5400 5.9144 4.7281 1.8115 6.5261 6.2118 7.0513 4.7983 5.7603 5.5064 6.8965 6.1161 1.4128 0.4156 4.9039 1.2239 6.6237 5.4730 6.3161 7.4139 5.5738 1.2908 2.3085 5.8446 1.4799 1.1239 7.6314 6.6854 5.7855 5.8816 7.8075 4.1526 8.0165 2.7112 6.1915 5.0321 6.8970 4.6819 0.0000 6.9903 8.5175 5.7308 3.6387 8.1198
4.8373 6.3243 12.4037 8.5568 8.2677 8.9220 7.6074 12.7585 7.4980 5.3794 6.8684 8.0573 8.8828 0.3113 2.4711 4.3300 8.8947 5.5278 8.7099 8.2621 7.3553 11.7601 8.1268 7.1503 8.0664 7.3932 0.8984 6.0896 8.1909 6.2931 11.6411 5.9742 6.2116 1.5671 7.4298 9.8296 7.4880 1.3674 7.5795 12.1372 9.3587 11.3980 6.0318 2.2588 8.1770 6.9903 0.0000 12.9276 7.0996 7.2506 2.3872
11.9236 8.2552 0.9252 7.9713 4.9762 6.9467 7.0422 0.3724 5.7237 13.1091 7.0862 5.4159 14.5729 13.1589 11.8801 8.9059 13.7665 8.4675 4.3969 7.4761 8.5766 9.4449 7.6817 6.5425 4.9239 14.8336 12.7627 7.1011 8.6335 10.8209 3.4205 8.1445 9.5501 12.5038 6.2679 13.7446 14.3940 12.8772 12.5870 0.8562 9.4426 2.4890 13.5022 11.3156 4.7738 8.5175 12.9276 0.0000 14.2482 5.8331 12.4179
2.9252 6.0987 14.1747 6.5677 11.3710 7.5511 7.2066 14.2663 10.8531 1.8192 7.2988 11.5244 1.8629 6.9126 4.9872 9.1282 2.2459 10.6039 11.4439 6.8893 5.6997 7.8915 6.6730 11.2169 10.7329 0.5861 7.9628 9.9651 5.8651 3.4311 11.4486 6.3694 4.7290 8.5587 11.3830 3.2875 0.3892 8.4507 1.9974 13.7333 5.8467 11.9027 1.1314 8.6311 10.1397 5.7308 7.0996 14.2482 0.0000 8.9855 9.3547
6.3386 2.9491 5.4861 4.1568 2.5811 3.5806 2.4731 5.7299 2.3823 7.5796 1.8273 2.9337 9.7561 7.4528 6.0474 3.8455 9.1058 4.2865 2.4972 3.4867 3.9196 7.3626 3.5732 3.2793 1.8346 9.5632 7.2341 2.6168 4.4932 5.6450 4.5279 2.6165 4.3391 7.1162 3.2576 9.4241 9.2090 7.4435 7.6807 5.1248 5.8762 4.1529 8.0754 6.0072 1.1702 3.6387 7.2506 5.8331 8.9855 0.0000 7.2446
6.8346 7.2886 11.7610 9.6168 7.4822 9.7440 8.3348 12.1906 6.7120 7.5763 7.4626 7.1324 11.0781 2.6614 4.4434 3.5308 10.9951 4.1659 8.0292 9.1845 8.5247 13.0227 9.0960 6.0656 7.5078 9.6909 1.4943 5.3167 9.4014 8.0135 11.7721 6.8206 7.5980 0.8216 6.3593 11.8706 9.7388 1.0920 9.5886 11.5795 10.7300 11.3038 8.2524 1.2712 7.9054 8.1198 2.3872 12.4179 9.3547 7.2446 0.0000
0.000 49.096 156.408 66.863 114.454 77.424 66.913 158.558 106.921 16.709 64.500 115.906 58.172 63.216 32.106 82.820 55.618 102.436 116.232 67.630 51.268 100.353 64.888 110.963 106.587 45.887 74.596 94.182 58.704 23.758 126.645 50.572 34.143 81.274 113.326 67.171 43.353 81.061 36.810 150.953 68.165 129.851 24.575 79.206 100.117 49.115 64.497 158.981 39.003 84.515 91.127
49.096 0.000 108.097 31.044 73.047 34.695 18.843 109.840 68.159 64.718 16.009 76.610 90.765 85.542 57.377 64.351 82.274 79.525 72.609 25.896 17.933 76.927 24.316 76.828 63.564 89.099 88.997 62.326 29.319 36.089 78.507 7.249 18.582 91.236 77.887 87.324 83.983 93.927 63.093 102.417 48.548 80.814 70.220 80.635 54.262 12.484 84.325 110.069 81.316 39.321 97.182
156.408 108.097 0.000 107.848 57.069 94.436 93.215 7.461 67.322 172.568 92.184 62.332 194.887 168.628 153.428 110.405 184.518 103.154 49.879 100.574 114.270 131.603 103.183 77.268 57.873 196.810 162.492 86.104 116.276 143.265 51.947 105.837 125.982 158.561 73.496 185.153 191.247 163.653 167.922 6.596 128.639 37.620 178.317 142.631 58.121 112.894 165.383 12.336 188.996 73.147 156.813
66.863 31.044 107.848 0.000 88.872 13.715 22.700 107.463 87.188 78.714 34.196 94.302 88.365 114.924 84.714 93.587 77.346 106.661 85.638 8.963 16.486 46.355 8.079 98.643 78.492 95.123 119.539 86.822 9.377 44.974 65.538 37.563 33.802 122.138 98.701 77.306 88.495 124.666 62.939 101.435 23.163 73.498 81.006 111.670 66.037 20.907 114.090 106.284 87.569 55.424 128.224
114.454 73.047 57.069 88.872 0.000 79.433 66.969 63.003 10.385 131.160 58.722 7.462 163.565 113.748 103.430 53.721 155.318 46.623 8.322 79.918 86.677 128.826 81.384 21.523 10.402 159.155 106.285 29.383 94.048 108.373 71.497 67.711 91.285 101.847 18.339 159.966 154.975 107.029 135.948 55.000 112.007 59.672 138.565 85.887 23.525 82.866 110.237 66.349 151.614 34.415 99.763
77.424 34.695 94.436 13.715 79.433 0.000 18.938 93.876 79.050 90.416 31.149 85.426 102.072 120.231 91.622 91.563 91.058 102.499 75.335 9.827 26.225 50.450 12.537 91.462 69.052 108.310 123.209 81.385 22.882 56.906 52.052 39.576 43.376 124.844 91.044 90.779 101.805 127.872 76.466 87.982 34.800 59.788 93.380 113.061 56.043 28.649 118.961 92.623 100.682 47.741 129.920
66.913 18.843 93.215 22.700 66.969 18.938 0.000 94.158 64.685 81.796 12.340 72.052 102.085 102.966 75.926 72.842 92.258 84.632 64.466 13.993 21.388 67.704 14.739 75.952 56.684 103.896 105.046 64.293 27.087 50.385 59.896 21.835 33.684 106.316 76.062 94.800 98.132 109.506 74.826 87.184 45.398 63.259 86.400 94.240 44.892 19.710 101.432 93.896 96.087 32.974 111.131
158.558 109.840 7.461 107.463 63.003 93.876 94.158 0.000 73.112 174.519 94.094 68.614 195.172 173.268 156.990 115.874 184.566 109.401 55.486 100.584 114.891 128.728 103.277 83.616 62.939 198.029 167.615 91.684 116.146 144.476 48.485 108.044 127.378 163.953 79.901 184.639 192.285 168.983 168.485 8.285 127.568 35.183 179.969 148.064 61.858 113.866 170.114 4.965 190.217 76.398 162.541
106.921 68.159 67.322 87.188 10.385 79.050 64.685 73.112 0.000 123.578 55.059 8.986 157.802 103.520 94.184 43.336 150.065 37.174 17.700 78.252 83.112 129.236 79.387 14.100 13.473 152.136 95.910 19.000 91.453 102.539 77.790 62.220 85.874 91.469 12.378 155.479 148.271 96.646 130.337 65.030 110.082 67.129 131.272 75.509 25.599 78.858 99.974 76.316 144.707 31.764 89.493
16.709 64.718 172.568 78.714 131.160 90.416 81.796 174.519 123.578 0.000 80.440 132.565 46.783 69.586 42.335 98.013 47.368 117.776 132.922 80.815 64.273 106.645 77.970 127.357 123.283 30.249 82.914 110.533 69.866 33.742 140.968 66.803 48.224 90.556 129.798 60.538 29.177 89.449 32.677 167.013 75.679 145.029 9.181 90.909 116.655 63.041 71.725 174.787 24.257 101.061 101.017
64.500 16.009 92.184 34.196 58.722 31.149 12.340 94.094 55.059 80.440 0.000 63.020 106.160 93.411 68.380 60.503 97.215 72.542 57.493 25.953 28.081 79.882 26.119 65.342 48.825 105.104 94.388 52.714 36.787 51.955 65.589 14.416 34.425 95.140 65.817 101.289 99.941 98.561 78.512 86.576 55.991 66.209 86.160 82.566 38.642 24.153 91.579 94.483 97.317 24.365 99.501
115.906 76.610 62.332 94.302 7.462 85.426 72.052 68.614 8.986 132.565 63.020 0.000 166.561 111.073 102.848 50.086 158.692 40.823 15.552 85.339 91.099 135.190 86.647 15.023 16.738 161.098 102.771 26.280 99.025 111.293 78.956 70.843 94.507 97.841 11.445 163.872 157.199 103.113 139.051 60.803 117.350 67.028 140.251 81.908 30.060 87.015 107.430 72.211 153.658 39.116 95.099
58.172 90.765 194.887 88.365 163.565 102.072 102.085 195.172 157.802 46.783 106.160 166.561 0.000 116.164 88.672 140.007 12.101 159.249 163.373 94.625 80.755 94.397 91.903 164.372 154.287 24.824 129.693 148.152 79.284 55.268 153.601 95.859 72.312 137.312 166.158 22.722 19.869 136.227 27.673 188.669 72.867 161.788 38.027 136.960 144.802 82.824 118.437 194.305 24.839 130.082 147.708
63.216 85.542 168.628 114.924 113.748 120.231 102.966 173.268 103.520 69.586 93.411 111.073 116.164 0.000 32.317 61.531 116.692 77.734 119.524 111.286 98.766 157.062 109.400 99.141 110.849 95.851 15.562 84.811 109.756 83.356 157.494 81.142 83.141 24.623 102.846 129.338 97.354 21.482 99.529 164.985 124.902 154.577 78.138 34.266 111.995 94.017 4.151 175.452 92.168 99.370 35.485
32.106 57.377 153.428 84.714 103.430 91.622 75.926 156.990 94.184 42.335 68.380 102.848 88.672 32.317 0.000 60.073 87.371 79.692 107.369 82.183 68.276 125.299 79.999 94.301 97.844 71.808 42.534 77.755 78.737 51.049 133.960 54.549 51.782 49.209 97.406 99.240 71.491 48.975 68.915 148.868 92.978 133.495 51.496 48.586 95.309 63.978 32.948 158.402 66.496 80.632 59.245
82.820 64.351 110.405 93.587 53.721 91.563 72.842 115.874 43.336 98.013 60.503 50.086 140.007 61.531 60.073 0.000 135.106 19.818 60.527 86.088 82.283 139.893 85.736 37.610 53.134 128.228 52.694 24.354 93.548 88.168 111.103 57.131 75.892 48.169 41.331 143.892 126.165 53.316 114.747 107.667 112.892 103.986 106.872 32.227 58.535 76.804 57.733 118.746 121.709 51.274 47.077
55.618 82.274 184.518 77.346 155.318 91.058 92.258 184.566 150.065 47.368 97.215 158.692 12.101 116.692 87.371 135.106 0.000 153.940 154.675 83.998 70.871 82.383 81.347 157.384 145.789 32.732 129.399 141.502 68.442 48.004 142.263 87.854 64.192 136.535 158.956 13.916 26.060 135.926 20.388 178.231 61.005 150.844 39.730 134.782 135.781 73.419 118.596 183.553 29.945 121.411 146.601
102.436 79.525 103.154 106.661 46.623 102.499 84.632 109.401 37.174 117.776 72.542 40.823 159.249 77.734 79.692 19.818 153.940 0.000 54.660 98.482 97.250 152.334 98.609 25.947 49.921 147.968 66.513 22.533 107.955 106.498 113.125 72.311 93.070 60.062 29.803 162.217 145.788 65.484 133.552 101.514 127.460 103.660 126.597 44.808 59.277 91.953 73.705 112.900 141.385 57.153 55.546
116.232 72.609 49.879 85.638 8.322 75.335 64.466 55.486 17.700 132.922 57.493 15.552 163.373 119.524 107.369 60.527 154.675 54.660 0.000 76.760 84.950 123.879 78.463 29.827 9.696 160.225 112.751 36.237 91.472 108.471 63.631 67.890 91.114 108.687 26.656 158.627 155.730 113.792 135.701 47.364 108.792 51.482 139.987 92.753 19.630 81.548 116.132 58.626 152.586 33.296 107.056
67.630 25.896 100.574 8.963 79.918 9.827 13.993 100.584 78.252 80.815 25.953 85.339 94.625 111.286 82.183 86.088 83.998 98.482 76.760 0.000 16.543 53.949 2.892 89.809 69.541 99.552 114.867 78.283 15.770 47.470 60.841 31.545 33.556 116.910 89.812 84.890 93.217 119.726 68.339 94.252 32.096 67.366 84.034 105.722 57.144 18.837 110.162 99.682 91.857 46.489 122.459
51.268 17.933 114.270 16.486 86.677 26.225 21.388 114.891 83.112 64.273 28.081 91.099 80.755 98.766 68.276 82.283 70.871 97.250 84.950 16.543 0.000 59.974 13.713 92.964 76.632 83.754 103.973 79.283 11.714 31.037 77.100 25.167 17.503 107.032 93.655 73.737 77.660 109.295 53.653 108.137 30.632 82.720 67.625 97.410 65.592 5.541 98.071 114.355 75.995 52.262 113.663
100.353 76.927 131.603 46.355 128.826 50.450 67.704 128.728 129.236 106.645 79.882 135.190 94.397 157.062 125.299 139.893 82.383 152.334 123.879 53.949 59.974 0.000 54.157 141.868 118.568 111.214 163.487 131.665 48.299 76.672 80.327 83.736 73.981 166.900 141.349 74.440 103.805 168.991 78.855 125.046 32.448 93.984 105.112 157.337 105.303 65.386 156.801 125.932 105.220 98.168 173.636
64.888 24.316 103.183 8.079 81.384 12.537 14.739 103.277 79.387 77.970 26.119 86.647 91.903 109.400 79.999 85.736 81.347 98.609 78.463 2.892 13.713 54.157 0.000 90.679 71.037 96.672 113.292 78.747 13.395 44.592 63.732 30.354 30.869 115.526 90.800 82.467 90.350 118.243 65.528 96.884 30.711 70.181 81.150 104.610 58.833 16.319 108.357 102.423 88.973 47.642 121.280
110.963 76.828 77.268 98.643 21.523 91.462 75.952 83.616 14.100 127.357 65.342 15.023 164.372 99.141 94.301 37.610 157.384 25.947 29.827 89.809 92.964 141.868 90.679 0.000 27.506 156.744 89.773 16.865 102.120 109.430 91.771 70.289 93.566 84.284 3.916 163.745 153.442 89.633 137.291 75.824 121.172 80.733 135.531 68.479 39.586 88.315 95.337 87.234 149.559 43.725 80.875
106.587 63.564 57.873 78.492 10.402 69.052 56.684 62.939 13.473 123.283 48.825 16.738 154.287 110.849 97.844 53.134 145.789 49.921 9.696 69.541 76.632 118.568 71.037 27.506 0.000 150.722 104.692 29.401 83.770 99.244 64.317 58.589 81.978 101.068 25.318 150.113 146.308 106.064 126.627 54.684 101.635 53.851 130.404 85.223 13.327 72.973 107.552 65.653 143.105 24.461 100.104
45.887 89.099 196.810 95.123 159.155 108.310 103.896 198.029 152.136 30.249 105.104 161.098 24.824 95.851 71.808 128.228 32.732 147.968 160.225 99.552 83.754 111.214 96.672 156.744 150.722 0.000 110.278 140.006 85.749 53.562 160.310 92.638 70.860 118.469 159.021 46.175 7.411 116.733 33.384 190.925 84.807 166.470 21.392 120.274 142.923 84.215 98.577 197.781 7.814 127.510 129.212
74.596 88.997 162.492 119.539 106.285 123.209 105.046 167.615 95.910 82.914 94.388 102.771 129.693 15.562 42.534 52.694 129.399 66.513 112.751 114.867 103.973 163.487 113.292 89.773 104.692 110.278 0.000 76.916 115.412 92.635 156.155 83.634 89.742 9.096 93.611 141.593 111.334 6.538 111.373 159.346 131.903 151.763 91.749 21.713 107.610 98.852 11.978 170.170 106.170 96.455 19.924
94.182 62.326 86.104 86.822 29.383 81.385 64.293 91.684 19.000 110.533 52.714 26.280 148.152 84.811 77.755 24.354 141.502 22.533 36.237 78.283 79.283 131.665 78.747 16.865 29.401 140.006 76.916 0.000 89.214 93.497 90.957 55.445 78.166 72.516 19.684 148.368 136.814 77.671 121.288 83.515 108.600 82.180 118.756 56.564 37.126 74.317 81.194 94.682 132.868 34.890 70.890
58.704 29.319 116.276 9.377 94.048 22.882 27.087 116.146 91.453 69.866 36.787 99.025 79.284 109.756 78.737 93.548 68.442 107.955 91.472 15.770 11.714 48.299 13.395 102.120 83.770 85.749 115.412 89.214 0.000 36.161 74.864 36.458 27.008 118.631 102.514 69.122 79.118 120.812 53.608 109.925 19.505 82.503 71.852 109.121 71.858 17.211 109.212 115.114 78.202 59.909 125.352
23.758 36.089 143.265 44.974 108.373 56.906 50.385 144.476 102.539 33.742 51.955 111.293 55.268 83.356 51.049 88.168 48.004 106.498 108.471 47.470 31.037 76.672 44.592 109.430 99.244 53.562 92.635 93.497 36.161 0.000 108.132 40.678 17.532 98.041 111.079 55.748 48.064 98.818 27.874 137.364 44.415 113.309 36.588 92.733 90.343 30.780 83.908 144.279 45.748 75.266 106.846
126.645 78.507 51.947 65.538 71.497 52.052 59.896 48.485 77.790 140.968 65.589 78.956 153.601 157.494 133.960 111.103 142.263 113.125 63.631 60.841 77.100 80.327 63.732 91.771 64.317 160.310 156.155 90.957 74.864 108.132 0.000 79.690 92.811 155.083 89.286 140.457 153.850 159.302 128.470 45.552 82.508 15.262 144.716 140.455 53.864 77.928 155.214 45.607 152.647 60.372 156.961
50.572 7.249 105.837 37.563 67.711 39.576 21.835 108.044 62.220 66.803 14.416 70.843 95.859 81.142 54.549 57.131 87.854 72.311 67.890 31.545 25.167 83.736 30.354 70.289 58.589 92.638 83.634 55.445 36.458 40.678 79.690 0.000 23.664 85.406 71.515 93.520 87.911 88.328 68.265 100.393 55.761 80.625 73.008 74.255 50.295 19.732 79.655 108.593 84.925 34.886 90.942
34.143 18.582 125.982 33.802 91.285 43.376 33.684 127.378 85.874 48.224 34.425 94.507 72.312 83.141 51.782 75.892 64.192 93.070 91.114 33.556 17.503 73.981 30.869 93.566 81.978 70.860 89.742 78.166 27.008 17.532 92.811 23.664 0.000 93.721 94.960 70.223 65.543 95.434 44.668 120.153 42.161 96.936 52.744 85.807 72.843 14.985 82.821 127.335 63.053 57.854 101.307
81.274 91.236 158.561 122.138 101.847 124.844 106.316 163.953 91.469 90.556 95.140 97.841 137.312 24.623 49.209 48.169 136.535 60.062 108.687 116.910 107.032 166.900 115.526 84.284 101.068 118.469 9.096 72.516 118.631 98.041 155.083 85.406 93.721 0.000 88.172 148.438 119.255 5.427 118.075 155.722 135.782 149.843 99.511 15.961 105.039 101.752 20.895 166.718 114.116 94.883 10.955
113.326 77.887 73.496 98.701 18.339 91.044 76.062 79.901 12.378 129.798 65.817 11.445 166.158 102.846 97.406 41.331 158.956 29.803 26.656 89.812 93.655 141.349 90.800 3.916 25.318 159.021 93.611 19.684 102.514 111.079 89.286 71.515 94.960 88.172 0.000 165.035 155.582 93.516 138.952 72.157 121.408 77.897 137.872 72.353 37.928 89.138 99.063 83.572 151.773 43.435 84.790
67.171 87.324 185.153 77.306 159.966 90.779 94.800 184.639 155.479 60.538 101.289 163.872 22.722 129.338 99.240 143.892 13.916 162.217 158.627 84.890 73.737 74.440 82.467 163.745 150.113 46.175 141.593 148.368 69.122 55.748 140.457 93.520 70.223 148.438 165.035 0.000 39.792 148.094 30.452 178.731 57.974 150.198 53.309 145.804 139.326 77.140 131.061 183.261 43.833 125.654 158.274
43.353 83.983 191.247 88.495 154.975 101.805 98.132 192.285 148.271 29.177 99.941 157.199 19.869 97.354 71.491 126.165 26.060 145.788 155.730 93.217 77.660 103.805 90.350 153.442 146.308 7.411 111.334 136.814 79.118 48.064 153.850 87.911 65.543 119.255 155.582 39.792 0.000 117.843 26.220 185.288 77.582 160.349 20.000 120.074 138.082 78.421 99.840 191.920 5.190 122.787 129.851
81.061 93.927 163.653 124.666 107.029 127.872 109.506 168.983 96.646 89.449 98.561 103.113 136.227 21.482 48.975 53.316 135.926 65.484 113.792 119.726 109.295 168.991 118.243 89.633 106.064 116.733 6.538 77.671 120.812 98.818 159.302 88.328 95.434 5.427 93.516 148.094 117.843 0.000 117.851 160.740 137.583 154.361 98.277 21.205 109.743 104.099 18.232 171.696 112.676 99.246 14.560
36.810 63.093 167.922 62.939 135.948 76.466 74.826 168.485 130.337 32.677 78.512 139.051 27.673 99.529 68.915 114.747 20.388 133.552 135.701 68.339 53.653 78.855 65.528 137.291 126.627 33.384 111.373 121.288 53.608 27.874 128.470 68.265 44.668 118.075 138.952 30.452 26.220 117.851 0.000 161.787 51.428 135.705 27.855 115.382 117.149 55.368 101.061 167.827 26.632 102.409 127.848
150.953 102.417 6.596 101.435 55.000 87.982 87.184 8.285 65.030 167.013 86.576 60.803 188.669 164.985 148.868 107.667 178.231 101.514 47.364 94.252 108.137 125.046 96.884 75.824 54.684 190.925 159.346 83.515 109.925 137.364 45.552 100.393 120.153 155.722 72.157 178.731 185.288 160.740 161.787 0.000 122.113 31.074 172.618 139.844 53.660 106.886 161.829 11.416 183.110 68.331 154.393
68.165 48.548 128.639 23.163 112.007 34.800 45.398 127.568 110.082 75.679 55.991 117.350 72.867 124.902 92.978 112.892 61.005 127.460 108.792 32.096 30.632 32.448 30.711 121.172 101.635 84.807 131.903 108.600 19.505 44.415 82.508 55.761 42.161 135.782 121.408 57.974 77.582 137.583 51.428 122.113 0.000 92.727 75.296 127.170 89.197 36.150 124.783 125.902 77.956 78.349 143.066
129.851 80.814 37.620 73.498 59.672 59.788 63.259 35.183 67.129 145.029 66.209 67.028 161.788 154.577 133.495 103.986 150.844 103.660 51.482 67.366 82.720 93.984 70.181 80.733 53.851 166.470 151.763 82.180 82.503 113.309 15.262 80.625 96.936 149.843 77.897 150.198 160.349 154.361 135.705 31.074 92.727 0.000 149.600 134.659 45.478 82.554 151.973 33.187 158.703 55.372 150.718
24.575 70.220 178.317 81.006 138.565 93.380 86.400 179.969 131.272 9.181 86.160 140.251 38.027 78.138 51.496 106.872 39.730 126.597 139.987 84.034 67.625 105.112 81.150 135.531 130.404 21.392 91.749 118.756 71.852 36.588 144.716 73.008 52.744 99.511 137.872 53.309 20.000 98.277 27.855 172.618 75.296 149.600 0.000 100.077 123.211 67.095 80.425 180.029 15.086 107.672 110.032
79.206 80.635 142.631 111.670 85.887 113.061 94.240 148.064 75.509 90.909 82.566 81.908 136.960 34.266 48.586 32.227 134.782 44.808 92.753 105.722 97.410 157.337 104.610 68.479 85.223 120.274 21.713 56.564 109.121 92.733 140.455 74.255 85.807 15.961 72.353 145.804 120.074 21.205 115.382 139.844 127.170 134.659 100.077 0.000 89.591 91.960 30.117 150.874 115.081 80.097 16.949
100.117 54.262 58.121 66.037 23.525 56.043 44.892 61.858 25.599 116.655 38.642 30.060 144.802 111.995 95.309 58.535 135.781 59.277 19.630 57.144 65.592 105.303 58.833 39.586 13.327 142.923 107.610 37.126 71.858 90.343 53.864 50.295 72.843 105.039 37.928 139.326 138.082 109.743 117.149 53.660 89.197 45.478 123.211 89.591 0.000 62.425 109.026 63.651 135.196 15.603 105.405
49.115 12.484 112.894 20.907 82.866 28.649 19.710 113.866 78.858 63.041 24.153 87.015 82.824 94.017 63.978 76.804 73.419 91.953 81.548 18.837 5.541 65.386 16.319 88.315 72.973 84.215 98.852 74.317 17.211 30.780 77.928 19.732 14.985 101.752 89.138 77.140 78.421 104.099 55.368 106.886 36.150 82.554 67.095 91.960 62.425 0.000 93.204 113.567 76.410 48.516 108.264
64.497 84.325 165.383 114.090 110.237 118.961 101.432 170.114 99.974 71.725 91.579 107.430 118.437 4.151 32.948 57.733 118.596 73.705 116.132 110.162 98.071 156.801 108.357 95.337 107.552 98.577 11.978 81.194 109.212 83.908 155.214 79.655 82.821 20.895 99.063 131.061 99.840 18.232 101.061 161.829 124.783 151.973 80.425 30.117 109.026 93.204 0.000 172.368 94.662 96.674 31.829
158.981 110.069 12.336 106.284 66.349 92.623 93.896 4.965 76.316 174.787 94.483 72.211 194.305 175.452 158.402 118.746 183.553 112.900 58.626 99.682 114.355 125.932 102.423 87.234 65.653 197.781 170.170 94.682 115.114 144.279 45.607 108.593 127.335 166.718 83.572 183.261 191.920 171.696 167.827 11.416 125.902 33.187 180.029 150.874 63.651 113.567 172.368 0.000 189.976 77.775 165.572
39.003 81.316 188.996 87.569 151.614 100.682 96.087 190.217 144.707 24.257 97.317 153.658 24.839 92.168 66.496 121.709 29.945 141.385 152.586 91.857 75.995 105.220 88.973 149.559 143.105 7.814 106.170 132.868 78.202 45.748 152.647 84.925 63.053 114.116 151.773 43.833 5.190 112.676 26.632 183.110 77.956 158.703 15.086 115.081 135.196 76.410 94.662 189.976 0.000 119.806 124.729
84.515 39.321 73.147 55.424 34.415 47.741 32.974 76.398 31.764 101.061 24.365 39.116 130.082 99.370 80.632 51.274 121.411 57.153 33.296 46.489 52.262 98.168 47.642 43.725 24.461 127.510 96.455 34.890 59.909 75.266 60.372 34.886 57.854 94.883 43.435 125.654 122.787 99.246 102.409 68.331 78.349 55.372 107.672 80.097 15.603 48.516 96.674 77.775 119.806 0.000 96.595
91.127 97.182 156.813 128.224 99.763 129.920 111.131 162.541 89.493 101.017 99.501 95.099 147.708 35.485 59.245 47.077 146.601 55.546 107.056 122.459 113.663 173.636 121.280 80.875 100.104 129.212 19.924 70.890 125.352 106.846 156.961 90.942 101.307 10.955 84.790 158.274 129.851 14.560 127.848 154.393 143.066 150.718 110.032 16.949 105.405 108.264 31.829 165.572 124.729 96.595 0.000
0.0000 3.6822 11.7306 5.0147 8.5841 5.8068 5.0185 11.8919 8.0191 1.2532 4.8375 8.6930 4.3629 4.7412 2.4080 6.2115 4.1713 7.6827 8.7174 5.0722 3.8451 7.5265 4.8666 8.3222 7.9940 3.4415 5.5947 7.0637 4.4028 1.7819 9.4984 3.7929 2.5607 6.0956 8.4995 5.0379 3.2515 6.0796 2.7608 11.3215 5.1124 9.7388 1.8431 5.9404 7.5088 3.6836 4.8373 11.9236 2.9252 6.3386 6.8346
3.6822 0.0000 8.1072 2.3283 5.4785 2.6021 1.4133 8.2380 5.1119 4.8539 1.2006 5.7457 6.8074 6.4157 4.3033 4.8263 6.1705 5.9643 5.4457 1.9422 1.3450 5.7696 1.8237 5.7621 4.7673 6.6825 6.6747 4.6745 2.1989 2.7066 5.8880 0.5437 1.3936 6.8427 5.8415 6.5493 6.2987 7.0445 4.7320 7.6813 3.6411 6.0611 5.2665 6.0476 4.0696 0.9363 6.3243 8.2552 6.0987 2.9491 7.2886
11.7306 8.1072 0.0000 8.0886 4.2802 7.0827 6.9911 0.5596 5.0491 12.9426 6.9138 4.6749 14.6165 12.6471 11.5071 8.2804 13.8389 7.7365 3.7409 7.5431 8.5703 9.8702 7.7387 5.7951 4.3405 14.7607 12.1869 6.4578 8.7207 10.7449 3.8960 7.9378 9.4487 11.8921 5.5122 13.8864 14.3435 12.2740 12.5941 0.4947 9.6479 2.8215 13.3738 10.6973 4.3591 8.4670 12.4037 0.9252 14.1747 5.4861 11.7610
5.0147 2.3283 8.0886 0.0000 6.6654 1.0287 1.7025 8.0597 6.5391 5.9035 2.5647 7.0726 6.6274 8.6193 6.3535 7.0190 5.8010 7.9996 6.4229 0.6722 1.2364 3.4767 0.6059 7.3982 5.8869 7.1343 8.9654 6.5116 0.7033 3.3730 4.9153 2.8172 2.5351 9.1603 7.4026 5.7980 6.6371 9.3499 4.7204 7.6076 1.7372 5.5124 6.0754 8.3753 4.9528 1.5681 8.5568 7.9713 6.5677 4.1568 9.6168
8.5841 5.4785 4.2802 6.6654 0.0000 5.9575 5.0227 4.7252 0.7789 9.8370 4.4042 0.5597 12.2674 8.5311 7.7573 4.0291 11.6488 3.4967 0.6241 5.9938 6.5008 9.6620 6.1038 1.6142 0.7801 11.9367 7.9714 2.2037 7.0536 8.1280 5.3623 5.0783 6.8464 7.6385 1.3754 11.9974 11.6231 8.0272 10.1961 4.1250 8.4005 4.4754 10.3924 6.4415 1.7644 6.2149 8.2677 4.9762 11.3710 2.5811 7.4822
5.8068 2.6021 7.0827 1.0287 5.9575 0.0000 1.4203 7.0407 5.9288 6.7812 2.3361 6.4069 7.6554 9.0173 6.8717 6.8672 6.8294 7.6874 5.6501 0.7370 1.9669 3.7838 0.9403 6.8596 5.1789 8.1233 9.2407 6.1039 1.7162 4.2680 3.9039 2.9682 3.2532 9.3633 6.8283 6.8084 7.6354 9.5904 5.7349 6.5987 2.6100 4.4841 7.0035 8.4796 4.2033 2.1487 8.9220 6.9467 7.5511 3.5806 9.7440
5.0185 1.4133 6.9911 1.7025 5.0227 1.4203 0.0000 7.0619 4.8514 6.1347 0.9255 5.4039 7.6564 7.7225 5.6945 5.4631 6.9194 6.3474 4.8350 1.0495 1.6041 5.0778 1.1054 5.6964 4.2513 7.7922 7.8784 4.8219 2.0315 3.7789 4.4922 1.6376 2.5263 7.9737 5.7047 7.1100 7.3599 8.2130 5.6119 6.5388 3.4049 4.7444 6.4800 7.0680 3.3669 1.4783 7.6074 7.0422 7.2066 2.4731 8.3348
11.8919 8.2380 0.5596 8.0597 4.7252 7.0407 7.0619 0.0000 5.4834 13.0889 7.0571 5.1461 14.6379 12.9951 11.7742 8.6905 13.8425 8.2051 4.1614 7.5438 8.6168 9.6546 7.7458 6.2712 4.7204 14.8522 12.5711 6.8763 8.7110 10.8357 3.6364 8.1033 9.5534 12.2965 5.9926 13.8479 14.4214 12.6737 12.6364 0.6214 9.5676 2.6387 13.4977 11.1048 4.6393 8.5400 12.7585 0.3724 14.2663 5.7299 12.1906
8.0191 5.1119 5.0491 6.5391 0.7789 5.9288 4.8514 5.4834 0.0000 9.2684 4.1294 0.6740 11.8351 7.7640 7.0638 3.2502 11.2549 2.7880 1.3275 5.8689 6.2334 9.6927 5.9540 1.0575 1.0105 11.4102 7.1932 1.4250 6.8590 7.6904 5.8342 4.6665 6.4405 6.8601 0.9283 11.6610 11.1203 7.2485 9.7753 4.8773 8.2561 5.0347 9.8454 5.6632 1.9199 5.9144 7.4980 5.7237 10.8531 2.3823 6.7120
1.2532 4.8539 12.9426 5.9035 9.8370 6.7812 6.1347 13.0889 9.2684 0.0000 6.0330 9.9423 3.5087 5.2189 3.1752 7.3510 3.5526 8.8332 9.9691 6.0611 4.8204 7.9984 5.8478 9.5518 9.2462 2.2687 6.2185 8.2900 5.2399 2.5307 10.5726 5.0102 3.6168 6.7917 9.7348 4.5403 2.1883 6.7087 2.4507 12.5260 5.6759 10.8772 0.6886 6.8182 8.7492 4.7281 5.3794 13.1091 1.8192 7.5796 7.5763
4.8375 1.2006 6.9138 2.5647 4.4042 2.3361 0.9255 7.0571 4.1294 6.0330 0.0000 4.7265 7.9620 7.0058 5.1285 4.5377 7.2911 5.4407 4.3119 1.9464 2.1061 5.9911 1.9590 4.9007 3.6619 7.8828 7.0791 3.9535 2.7590 3.8967 4.9192 1.0812 2.5819 7.1355 4.9363 7.5967 7.4956 7.3921 5.8884 6.4932 4.1993 4.9657 6.4620 6.1925 2.8982 1.8115 6.8684 7.0862 7.2988 1.8273 7.4626
8.6930 5.7457 4.6749 7.0726 0.5597 6.4069 5.4039 5.1461 0.6740 9.9423 4.7265 0.0000 12.4921 8.3305 7.7136 3.7564 11.9019 3.0617 1.1664 6.4004 6.8324 10.1393 6.4985 1.1267 1.2554 12.0823 7.7078 1.9710 7.4269 8.3470 5.9217 5.3132 7.0880 7.3380 0.8584 12.2904 11.7899 7.7334 10.4289 4.5602 8.8013 5.0271 10.5188 6.1431 2.2545 6.5261 8.0573 5.4159 11.5244 2.9337 7.1324
4.3629 6.8074 14.6165 6.6274 12.2674 7.6554 7.6564 14.6379 11.8351 3.5087 7.9620 12.4921 0.0000 8.7123 6.6504 10.5005 0.9076 11.9437 12.2530 7.0969 6.0566 7.0798 6.8927 12.3279 11.5715 1.8618 9.7270 11.1114 5.9463 4.1451 11.5200 7.1894 5.4234 10.2984 12.4619 1.7041 1.4902 10.2171 2.0755 14.1501 5.4650 12.1341 2.8521 10.2720 10.8601 6.2118 8.8828 14.5729 1.8629 9.7561 11.0781
4.7412 6.4157 12.6471 8.6193 8.5311 9.0173 7.7225 12.9951 7.7640 5.2189 7.0058 8.3305 8.7123 0.0000 2.4238 4.6148 8.7519 5.8300 8.9643 8.3465 7.4075 11.7796 8.2050 7.4355 8.3137 7.1888 1.1672 6.3608 8.2317 6.2517 11.8121 6.0856 6.2356 1.8468 7.7134 9.7003 7.3016 1.6111 7.4646 12.3739 9.3676 11.5932 5.8604 2.5700 8.3996 7.0513 0.3113 13.1589 6.9126 7.4528 2.6614
2.4080 4.3033 11.5071 6.3535 7.7573 6.8717 5.6945 11.7742 7.0638 3.1752 5.1285 7.7136 6.6504 2.4238 0.0000 4.5055 6.5528 5.9769 8.0527 6.1637 5.1207 9.3974 5.9999 7.0726 7.3383 5.3856 3.1901 5.8316 5.9052 3.8286 10.0470 4.0912 3.8836 3.6907 7.3054 7.4430 5.3618 3.6731 5.1686 11.1651 6.9734 10.0121 3.8622 3.6439 7.1482 4.7983 2.4711 11.8801 4.9872 6.0474 4.4434
6.2115 4.8263 8.2804 7.0190 4.0291 6.8672 5.4631 8.6905 3.2502 7.3510 4.5377 3.7564 10.5005 4.6148 4.5055 0.0000 10.1330 1.4864 4.5395 6.4566 6.1712 10.4919 6.4302 2.8208 3.9851 9.6171 3.9521 1.8266 7.0161 6.6126 8.3327 4.2849 5.6919 3.6127 3.0998 10.7919 9.4624 3.9987 8.6060 8.0750 8.4669 7.7990 8.0154 2.4170 4.3901 5.7603 4.3300 8.9059 9.1282 3.8455 3.5308
4.1713 6.1705 13.8389 5.8010 11.6488 6.8294 6.9194 13.8425 11.2549 3.5526 7.2911 11.9019 0.9076 8.7519 6.5528 10.1330 0.0000 11.5455 11.6006 6.2998 5.3153 6.1787 6.1010 11.8038 10.9342 2.4549 9.7049 10.6126 5.1331 3.6003 10.6697 6.5891 4.8144 10.2401 11.9217 1.0437 1.9545 10.1944 1.5291 13.3673 4.5754 11.3133 2.9798 10.1086 10.1836 5.5064 8.8947 13.7665 2.2459 9.1058 10.9951
7.6827 5.9643 7.7365 7.9996 3.4967 7.6874 6.3474 8.2051 2.7880 8.8332 5.4407 3.0617 11.9437 5.8300 5.9769 1.4864 11.5455 0.0000 4.0995 7.3862 7.2938 11.4250 7.3957 1.9460 3.7440 11.0976 4.9885 1.6900 8.0966 7.9873 8.4843 5.4233 6.9802 4.5046 2.2353 12.1663 10.9341 4.9113 10.0164 7.6135 9.5595 7.7745 9.4948 3.3606 4.4457 6.8965 5.5278 8.4675 10.6039 4.2865 4.1659
8.7174 5.4457 3.7409 6.4229 0.6241 5.6501 4.8350 4.1614 1.3275 9.9691 4.3119 1.1664 12.2530 8.9643 8.0527 4.5395 11.6006 4.0995 0.0000 5.7570 6.3713 9.2909 5.8847 2.2370 0.7272 12.0169 8.4563 2.7178 6.8604 8.1353 4.7724 5.0918 6.8336 8.1515 1.9992 11.8970 11.6797 8.5344 10.1776 3.5523 8.1594 3.8611 10.4990 6.9565 1.4722 6.1161 8.7099 4.3969 11.4439 2.4972 8.0292
5.0722 1.9422 7.5431 0.6722 5.9938 0.7370 1.0495 7.5438 5.8689 6.0611 1.9464 6.4004 7.0969 8.3465 6.1637 6.4566 6.2998 7.3862 5.7570 0.0000 1.2407 4.0462 0.2169 6.7357 5.2156 7.4664 8.6150 5.8712 1.1828 3.5603 4.5630 2.3658 2.5167 8.7682 6.7359 6.3667 6.9913 8.9795 5.1255 7.0689 2.4072 5.0525 6.3025 7.9291 4.2858 1.4128 8.2621 7.4761 6.8893 3.4867 9.1845
3.8451 1.3450 8.5703 1.2364 6.5008 1.9669 1.6041 8.6168 6.2334 4.8204 2.1061 6.8324 6.0566 7.4075 5.1207 6.1712 5.3153 7.2938 6.3713 1.2407 0.0000 4.4980 1.0285 6.9723 5.7474 6.2815 7.7980 5.9462 0.8785 2.3278 5.7825 1.8875 1.3127 8.0274 7.0242 5.5302 5.8245 8.1971 4.0240 8.1103 2.2974 6.2040 5.0719 7.3058 4.9194 0.4156 7.3553 8.5766 5.6997 3.9196 8.5247
7.5265 5.7696 9.8702 3.4767 9.6620 3.7838 5.0778 9.6546 9.6927 7.9984 5.9911 10.1393 7.0798 11.7796 9.3974 10.4919 6.1787 11.4250 9.2909 4.0462 4.4980 0.0000 4.0618 10.6401 8.8926 8.3411 12.2616 9.8749 3.6224 5.7504 6.0246 6.2802 5.5486 12.5175 10.6011 5.5830 7.7854 12.6743 5.9142 9.3784 2.4336 7.0488 7.8834 11.8003 7.8977 4.9039 11.7601 9.4449 7.8915 7.3626 13.0227
4.8666 1.8237 7.7387 0.6059 6.1038 0.9403 1.1054 7.7458 5.9540 5.8478 1.9590 6.4985 6.8927 8.2050 5.9999 6.4302 6.1010 7.3957 5.8847 0.2169 1.0285 4.0618 0.0000 6.8009 5.3278 7.2504 8.4969 5.9060 1.0046 3.3444 4.7799 2.2766 2.3152 8.6644 6.8100 6.1850 6.7762 8.8682 4.9146 7.2663 2.3033 5.2635 6.0863 7.8457 4.4125 1.2239 8.1268 7.6817 6.6730 3.5732 9.0960
8.3222 5.7621 5.7951 7.3982 1.6142 6.8596 5.6964 6.2712 1.0575 9.5518 4.9007 1.1267 12.3279 7.4355 7.0726 2.8208 11.8038 1.9460 2.2370 6.7357 6.9723 10.6401 6.8009 0.0000 2.0629 11.7558 6.7330 1.2649 7.6590 8.2073 6.8829 5.2717 7.0174 6.3213 0.2937 12.2809 11.5081 6.7225 10.2969 5.6868 9.0879 6.0550 10.1649 5.1359 2.9689 6.6237 7.1503 6.5425 11.2169 3.2793 6.0656
7.9940 4.7673 4.3405 5.8869 0.7801 5.1789 4.2513 4.7204 1.0105 9.2462 3.6619 1.2554 11.5715 8.3137 7.3383 3.9851 10.9342 3.7440 0.7272 5.2156 5.7474 8.8926 5.3278 2.0629 0.0000 11.3042 7.8519 2.2051 6.2828 7.4433 4.8238 4.3942 6.1484 7.5801 1.8988 11.2584 10.9731 7.9548 9.4970 4.1013 7.6226 4.0388 9.7803 6.3917 0.9995 5.4730 8.0664 4.9239 10.7329 1.8346 7.5078
3.4415 6.6825 14.7607 7.1343 11.9367 8.1233 7.7922 14.8522 11.4102 2.2687 7.8828 12.0823 1.8618 7.1888 5.3856 9.6171 2.4549 11.0976 12.0169 7.4664 6.2815 8.3411 7.2504 11.7558 11.3042 0.0000 8.2708 10.5004 6.4311 4.0172 12.0232 6.9479 5.3145 8.8852 11.9266 3.4631 0.5558 8.7550 2.5038 14.3193 6.3605 12.4853 1.6044 9.0206 10.7192 6.3161 7.3932 14.8336 0.5861 9.5632 9.6909
5.5947 6.6747 12.1869 8.9654 7.9714 9.2407 7.8784 12.5711 7.1932 6.2185 7.0791 7.7078 9.7270 1.1672 3.1901 3.9521 9.7049 4.9885 8.4563 8.6150 7.7980 12.2616 8.4969 6.7330 7.8519 8.2708 0.0000 5.7687 8.6559 6.9476 11.7116 6.2725 6.7307 0.6822 7.0208 10.6195 8.3500 0.4903 8.3530 11.9510 9.8927 11.3822 6.8812 1.6284 8.0708 7.4139 0.8984 12.7627 7.9628 7.2341 1.4943
7.0637 4.6745 6.4578 6.5116 2.2037 6.1039 4.8219 6.8763 1.4250 8.2900 3.9535 1.9710 11.1114 6.3608 5.8316 1.8266 10.6126 1.6900 2.7178 5.8712 5.9462 9.8749 5.9060 1.2649 2.2051 10.5004 5.7687 0.0000 6.6911 7.0123 6.8218 4.1584 5.8625 5.4387 1.4763 11.1276 10.2611 5.8253 9.0966 6.2637 8.1450 6.1635 8.9067 4.2423 2.7844 5.5738 6.0896 7.1011 9.9651 2.6168 5.3167
4.4028 2.1989 8.7207 0.7033 7.0536 1.7162 2.0315 8.7110 6.8590 5.2399 2.7590 7.4269 5.9463 8.2317 5.9052 7.0161 5.1331 8.0966 6.8604 1.1828 0.8785 3.6224 1.0046 7.6590 6.2828 6.4311 8.6559 6.6911 0.0000 2.7120 5.6148 2.7343 2.0256 8.8973 7.6886 5.1841 5.9339 9.0609 4.0206 8.2444 1.4629 6.1877 5.3889 8.1841 5.3894 1.2908 8.1909 8.6335 5.8651 4.4932 9.4014
1.7819 2.7066 10.7449 3.3730 8.1280 4.2680 3.7789 10.8357 7.6904 2.5307 3.8967 8.3470 4.1451 6.2517 3.8286 6.6126 3.6003 7.9873 8.1353 3.5603 2.3278 5.7504 3.3444 8.2073 7.4433 4.0172 6.9476 7.0123 2.7120 0.0000 8.1099 3.0509 1.3149 7.3531 8.3309 4.1811 3.6048 7.4113 2.0905 10.3023 3.3311 8.4982 2.7441 6.9550 6.7757 2.3085 6.2931 10.8209 3.4311 5.6450 8.0135
9.4984 5.8880 3.8960 4.9153 5.3623 3.9039 4.4922 3.6364 5.8342 10.5726 4.9192 5.9217 11.5200 11.8121 10.0470 8.3327 10.6697 8.4843 4.7724 4.5630 5.7825 6.0246 4.7799 6.8829 4.8238 12.0232 11.7116 6.8218 5.6148 8.1099 0.0000 5.9768 6.9608 11.6312 6.6965 10.5343 11.5387 11.9477 9.6352 3.4164 6.1881 1.1447 10.8537 10.5341 4.0398 5.8446 11.6411 3.4205 11.4486 4.5279 11.7721
3.7929 0.5437 7.9378 2.8172 5.0783 2.9682 1.6376 8.1033 4.6665 5.0102 1.0812 5.3132 7.1894 6.0856 4.0912 4.2849 6.5891 5.4233 5.0918 2.3658 1.8875 6.2802 2.2766 5.2717 4.3942 6.9479 6.2725 4.1584 2.7343 3.0509 5.9768 0.0000 1.7748 6.4054 5.3636 7.0140 6.5933 6.6246 5.1199 7.5295 4.1820 6.0469 5.4756 5.5692 3.7721 1.4799 5.9742 8.1445 6.3694 2.6165 6.8206
2.5607 1.3936 9.4487 2.5351 6.8464 3.2532 2.5263 9.5534 6.4405 3.6168 2.5819 7.0880 5.4234 6.2356 3.8836 5.6919 4.8144 6.9802 6.8336 2.5167 1.3127 5.5486 2.3152 7.0174 6.1484 5.3145 6.7307 5.8625 2.0256 1.3149 6.9608 1.7748 0.0000 7.0291 7.1220 5.2667 4.9157 7.1575 3.3501 9.0115 3.1621 7.2702 3.9558 6.4356 5.4632 1.1239 6.2116 9.5501 4.7290 4.3391 7.5980
6.0956 6.8427 11.8921 9.1603 7.6385 9.3633 7.9737 12.2965 6.8601 6.7917 7.1355 7.3380 10.2984 1.8468 3.6907 3.6127 10.2401 4.5046 8.1515 8.7682 8.0274 12.5175 8.6644 6.3213 7.5801 8.8852 0.6822 5.4387 8.8973 7.3531 11.6312 6.4054 7.0291 0.0000 6.6129 11.1329 8.9441 0.4070 8.8556 11.6791 10.1836 11.2382 7.4634 1.1970 7.8779 7.6314 1.5671 12.5038 8.5587 7.1162 0.8216
8.4995 5.8415 5.5122 7.4026 1.3754 6.8283 5.7047 5.9926 0.9283 9.7348 4.9363 0.8584 12.4619 7.7134 7.3054 3.0998 11.9217 2.2353 1.9992 6.7359 7.0242 10.6011 6.8100 0.2937 1.8988 11.9266 7.0208 1.4763 7.6886 8.3309 6.6965 5.3636 7.1220 6.6129 0.0000 12.3776 11.6687 7.0137 10.4214 5.4118 9.1056 5.8423 10.3404 5.4265 2.8446 6.6854 7.4298 6.2679 11.3830 3.2576 6.3593
5.0379 6.5493 13.8864 5.7980 11.9974 6.8084 7.1100 13.8479 11.6610 4.5403 7.5967 12.2904 1.7041 9.7003 7.4430 10.7919 1.0437 12.1663 11.8970 6.3667 5.5302 5.5830 6.1850 12.2809 11.2584 3.4631 10.6195 11.1276 5.1841 4.1811 10.5343 7.0140 5.2667 11.1329 12.3776 0.0000 2.9844 11.1071 2.2839 13.4048 4.3480 11.2648 3.9982 10.9353 10.4495 5.7855 9.8296 13.7446 3.2875 9.4241 11.8706
3.2515 6.2987 14.3435 6.6371 11.6231 7.6354 7.3599 14.4214 11.1203 2.1883 7.4956 11.7899 1.4902 7.3016 5.3618 9.4624 1.9545 10.9341 11.6797 6.9913 5.8245 7.7854 6.7762 11.5081 10.9731 0.5558 8.3500 10.2611 5.9339 3.6048 11.5387 6.5933 4.9157 8.9441 11.6687 2.9844 0.0000 8.8382 1.9665 13.8966 5.8186 12.0262 1.5000 9.0056 10.3562 5.8816 7.4880 14.3940 0.3892 9.2090 9.7388
6.0796 7.0445 12.2740 9.3499 8.0272 9.5904 8.2130 12.6737 7.2485 6.7087 7.3921 7.7334 10.2171 1.6111 3.6731 3.9987 10.1944 4.9113 8.5344 8.9795 8.1971 12.6743 8.8682 6.7225 7.9548 8.7550 0.4903 5.8253 9.0609 7.4113 11.9477 6.6246 7.1575 0.4070 7.0137 11.1071 8.8382 0.0000 8.8389 12.0555 10.3187 11.5771 7.3708 1.5904 8.2307 7.8075 1.3674 12.8772 8.4507 7.4435 1.0920
2.7608 4.7320 12.5941 4.7204 10.1961 5.7349 5.6119 12.6364 9.7753 2.4507 5.8884 10.4289 2.0755 7.4646 5.1686 8.6060 1.5291 10.0164 10.1776 5.1255 4.0240 5.9142 4.9146 10.2969 9.4970 2.5038 8.3530 9.0966 4.0206 2.0905 9.6352 5.1199 3.3501 8.8556 10.4214 2.2839 1.9665 8.8389 0.0000 12.1340 3.8571 10.1779 2.0892 8.6536 8.7862 4.1526 7.5795 12.5870 1.9974 7.6807 9.5886
11.3215 7.6813 0.4947 7.6076 4.1250 6.5987 6.5388 0.6214 4.8773 12.5260 6.4932 4.5602 14.1501 12.3739 11.1651 8.0750 13.3673 7.6135 3.5523 7.0689 8.1103 9.3784 7.2663 5.6868 4.1013 14.3193 11.9510 6.2637 8.2444 10.3023 3.4164 7.5295 9.0115 11.6791 5.4118 13.4048 13.8966 12.0555 12.1340 0.0000 9.1585 2.3306 12.9464 10.4883 4.0245 8.0165 12.1372 0.8562 13.7333 5.1248 11.5795
5.1124 3.6411 9.6479 1.7372 8.4005 2.6100 3.4049 9.5676 8.2561 5.6759 4.1993 8.8013 5.4650 9.3676 6.9734 8.4669 4.5754 9.5595 8.1594 2.4072 2.2974 2.4336 2.3033 9.0879 7.6226 6.3605 9.8927 8.1450 1.4629 3.3311 6.1881 4.1820 3.1621 10.1836 9.1056 4.3480 5.8186 10.3187 3.8571 9.1585 0.0000 6.9545 5.6472 9.5377 6.6898 2.7112 9.3587 9.4426 5.8467 5.8762 10.7300
9.7388 6.0611 2.8215 5.5124 4.4754 4.4841 4.7444 2.6387 5.0347 10.8772 4.9657 5.0271 12.1341 11.5932 10.0121 7.7990 11.3133 7.7745 3.8611 5.0525 6.2040 7.0488 5.2635 6.0550 4.0388 12.4853 11.3822 6.1635 6.1877 8.4982 1.1447 6.0469 7.2702 11.2382 5.8423 11.2648 12.0262 11.5771 10.1779 2.3306 6.9545 0.0000 11.2200 10.0994 3.4108 6.1915 11.3980 2.4890 11.9027 4.1529 11.3038
1.8431 5.2665 13.3738 6.0754 10.3924 7.0035 6.4800 13.4977 9.8454 0.6886 6.4620 10.5188 2.8521 5.8604 3.8622 8.0154 2.9798 9.4948 10.4990 6.3025 5.0719 7.8834 6.0863 10.1649 9.7803 1.6044 6.8812 8.9067 5.3889 2.7441 10.8537 5.4756 3.9558 7.4634 10.3404 3.9982 1.5000 7.3708 2.0892 12.9464 5.6472 11.2200 0.0000 7.5058 9.2408 5.0321 6.0318 13.5022 1.1314 8.0754 8.2524
5.9404 6.0476 10.6973 8.3753 6.4415 8.4796 7.0680 11.1048 5.6632 6.8182 6.1925 6.1431 10.2720 2.5700 3.6439 2.4170 10.1086 3.3606 6.9565 7.9291 7.3058 11.8003 7.8457 5.1359 6.3917 9.0206 1.6284 4.2423 8.1841 6.9550 10.5341 5.5692 6.4356 1.1970 5.4265 10.9353 9.0056 1.5904 8.6536 10.4883 9.5377 10.0994 7.5058 0.0000 6.7193 6.8970 2.2588 11.3156 8.6311 6.0072 1.2712
7.5088 4.0696 4.3591 4.9528 1.7644 4.2033 3.3669 4.6393 1.9199 8.7492 2.8982 2.2545 10.8601 8.3996 7.1482 4.3901 10.1836 4.4457 1.4722 4.2858 4.9194 7.8977 4.4125 2.9689 0.9995 10.7192 8.0708 2.7844 5.3894 6.7757 4.0398 3.7721 5.4632 7.8779 2.8446 10.4495 10.3562 8.2307 8.7862 4.0245 6.6898 3.4108 9.2408 6.7193 0.0000 4.6819 8.1770 4.7738 10.1397 1.1702 7.9054
3.6836 0.9363 8.4670 1.5681 6.2149 2.1487 1.4783 8.5400 5.9144 4.7281 1.8115 6.5261 6.2118 7.0513 4.7983 5.7603 5.5064 6.8965 6.1161 1.4128 0.4156 4.9039 1.2239 6.6237 5.4730 6.3161 7.4139 5.5738 1.2908 2.3085 5.8446 1.4799 1.1239 7.6314 6.6854 5.7855 5.8816 7.8075 4.1526 8.0165 2.7112 6.1915 5.0321 6.8970 4.6819 0.0000 6.9903 8.5175 5.7308 3.6387 8.1198
4.8373 6.3243 12.4037 8.5568 8.2677 8.9220 7.6074 12.7585 7.4980 5.3794 6.8684 8.0573 8.8828 0.3113 2.4711 4.3300 8.8947 5.5278 8.7099 8.2621 7.3553 11.7601 8.1268 7.1503 8.0664 7.3932 0.8984 6.0896 8.1909 6.2931 11.6411 5.9742 6.2116 1.5671 7.4298 9.8296 7.4880 1.3674 7.5795 12.1372 9.3587 11.3980 6.0318 2.2588 8.1770 6.9903 0.0000 12.9276 7.0996 7.2506 2.3872
11.9236 8.2552 0.9252 7.9713 4.9762 6.9467 7.0422 0.3724 5.7237 13.1091 7.0862 5.4159 14.5729 13.1589 11.8801 8.9059 13.7665 8.4675 4.3969 7.4761 8.5766 9.4449 7.6817 6.5425 4.9239 14.8336 12.7627 7.1011 8.6335 10.8209 3.4205 8.1445 9.5501 12.5038 6.2679 13.7446 14.3940 12.8772 12.5870 0.8562 9.4426 2.4890 13.5022 11.3156 4.7738 8.5175 12.9276 0.0000 14.2482 5.8331 12.4179
2.9252 6.0987 14.1747 6.5677 11.3710 7.5511 7.2066 14.2663 10.8531 1.8192 7.2988 11.5244 1.8629 6.9126 4.9872 9.1282 2.2459 10.6039 11.4439 6.8893 5.6997 7.8915 6.6730 11.2169 10.7329 0.5861 7.9628 9.9651 5.8651 3.4311 11.4486 6.3694 4.7290 8.5587 11.3830 3.2875 0.3892 8.4507 1.9974 13.7333 5.8467 11.9027 1.1314 8.6311 10.1397 5.7308 7.0996 14.2482 0.0000 8.9855 9.3547
6.3386 2.9491 5.4861 4.1568 2.5811 3.5806 2.4731 5.7299 2.3823 7.5796 1.8273 2.9337 9.7561 7.4528 6.0474 3.8455 9.1058 4.2865 2.4972 3.4867 3.9196 7.3626 3.5732 3.2793 1.8346 9.5632 7.2341 2.6168 4.4932 5.6450 4.5279 2.6165 4.3391 7.1162 3.2576 9.4241 9.2090 7.4435 7.6807 5.1248 5.8762 4.1529 8.0754 6.0072 1.1702 3.6387 7.2506 5.8331 8.9855 0.0000 7.2446
6.8346 7.2886 11.7610 9.6168 7.4822 9.7440 8.3348 12.1906 6.7120 7.5763 7.4626 7.1324 11.0781 2.6614 4.4434 3.5308 10.9951 4.1659 8.0292 9.1845 8.5247 13.0227 9.0960 6.0656 7.5078 9.6909 1.4943 5.3167 9.4014 8.0135 11.7721 6.8206 7.5980 0.8216 6.3593 11.8706 9.7388 1.0920 9.5886 11.5795 10.7300 11.3038 8.2524 1.2712 7.9054 8.1198 2.3872 12.4179 9.3547 7.2446 0.0000
