gen_walk_yugocentr_1
53 11 1
G0 30 600 690 3 0
G1 70 0 120 2 1
G2 80 0 640 1 2
G3 70 480 600 2 1
G4 70 360 480 2 1
G5 80 600 640 1 2
G6 30 120 240 3 0
G7 30 600 690 3 0
G8 80 0 640 1 2
G9 30 120 240 3 0
G10 70 600 650 2 1
G11 70 120 240 2 1
G12 70 0 120 2 1
G13 70 480 600 2 1
G14 20 240 360 3 1
G15 70 480 600 2 1
G16 70 120 240 2 1
G17 70 480 600 2 1
G18 30 360 480 3 0
G19 70 360 480 2 1
G20 70 120 240 2 1
G21 30 0 120 3 0
G22 20 120 240 3 1
G23 20 480 600 3 1
G24 70 480 600 2 1
G25 70 480 600 2 1
G26 70 120 240 2 1
G27 30 120 240 3 0
G28 30 480 600 3 0
G29 20 120 240 3 1
G30 70 120 240 2 1
G31 70 480 600 2 1
G32 30 0 120 3 0
G33 30 120 240 3 0
G34 70 240 360 2 1
G35 70 0 120 2 1
G36 30 120 240 3 0
G37 70 600 650 2 1
G38 30 480 600 3 0
G39 70 480 600 2 1
G40 30 360 480 3 0
G41 30 120 240 3 0
G42 20 0 120 3 1
G43 80 480 600 1 2
G44 70 0 120 2 1
G45 70 480 600 2 1
G46 30 0 120 3 0
G47 30 0 120 3 0
G48 20 360 480 3 1
G49 30 600 690 3 0
G50 30 600 690 3 0
G51 30 0 120 3 0
G52 80 0 120 1 2
0 1 2
0 1 2
0 3 7
0 1 7
0 1 3
0 3 3
0 3 2
0 1 5
0 1 3
0 3 3
0 1 2
0.000 5.988 7.093 13.258 13.277 8.875 12.662 9.961 5.568 10.253 8.974 5.947 6.723 6.059 16.861 11.889 9.234 8.871 10.791 12.313 5.890 10.763 9.772 6.994 8.970 10.503 5.671 16.509 12.649 8.944 7.558 7.942 6.555 14.853 8.229 12.587 10.229 9.200 9.739 12.109 14.641 13.295 6.837 8.570 11.571 11.174 9.423 9.666 11.753 6.543 13.532 11.680 10.933 5.162
6.725 0.000 10.410 17.556 16.140 12.835 14.979 12.574 9.765 14.522 12.025 4.249 5.141 7.723 16.430 17.179 11.866 13.387 14.194 15.863 4.697 16.680 14.097 10.707 11.252 11.028 8.548 17.373 15.496 5.470 12.215 9.884 4.901 17.729 11.192 13.381 11.817 11.337 13.533 13.933 17.625 15.855 4.967 11.367 15.819 13.632 6.785 12.280 14.112 6.487 16.267 15.335 13.712 5.252
7.120 9.470 0.000 9.628 9.084 11.338 12.454 13.078 5.596 6.461 11.485 10.521 11.616 9.481 16.322 11.213 12.886 14.840 12.376 11.482 10.760 7.182 6.613 10.225 11.408 14.216 8.961 16.234 9.996 11.239 11.809 13.821 13.523 14.018 10.015 6.127 5.851 12.475 12.187 6.448 15.967 14.700 10.786 8.847 9.816 6.416 13.493 5.042 7.406 12.016 7.702 8.653 10.700 10.122
11.176 14.993 10.107 0.000 3.058 13.412 5.108 15.974 11.243 5.035 11.349 17.078 14.556 12.278 14.438 6.788 9.991 12.101 7.548 7.683 15.741 9.132 7.742 13.193 14.412 14.545 13.543 12.488 5.370 14.933 11.027 12.957 17.267 10.756 10.757 8.669 7.671 11.300 14.796 10.212 14.373 8.775 16.562 11.442 3.644 6.799 15.917 9.308 4.126 16.191 6.531 4.053 7.397 15.085
13.090 15.222 10.220 3.007 0.000 10.509 4.914 15.919 9.067 5.367 9.373 18.511 14.740 11.825 13.731 6.353 10.080 11.802 6.718 7.424 16.505 8.445 7.733 15.224 13.395 17.753 11.850 13.418 4.465 17.846 11.570 13.046 15.968 8.674 13.202 9.491 7.990 12.734 12.333 9.256 13.196 8.397 15.205 9.659 4.076 8.689 20.347 8.957 5.074 15.331 8.283 3.738 7.100 12.146
10.335 11.354 11.792 10.944 11.291 0.000 11.738 5.494 10.912 10.711 4.427 13.755 9.210 6.414 9.740 10.812 4.415 4.587 7.739 10.069 10.144 13.892 13.351 7.092 5.589 7.500 7.943 9.502 11.519 11.843 5.333 5.041 10.719 7.581 4.493 14.580 12.074 4.109 5.155 15.255 7.517 11.126 14.484 5.458 10.624 13.047 11.974 11.992 11.777 9.744 15.567 9.932 9.511 10.088
15.498 19.091 10.359 5.588 4.728 13.932 0.000 14.066 12.875 8.062 12.142 17.767 17.507 12.888 12.336 5.512 11.307 13.570 7.713 7.449 14.580 9.376 8.922 15.557 15.670 16.274 13.741 15.866 5.182 15.974 14.571 15.408 16.277 7.986 10.889 11.565 10.119 14.443 12.729 9.843 14.178 7.741 18.250 10.184 4.079 9.462 16.527 9.416 5.928 14.720 9.151 5.348 8.080 16.774
9.144 11.027 13.615 12.553 15.930 5.775 13.135 0.000 10.332 12.948 6.514 13.211 10.837 6.490 10.686 14.428 6.706 4.137 9.439 11.307 12.202 17.045 16.624 5.599 5.127 4.709 6.466 10.730 15.575 10.127 5.253 3.867 12.236 10.579 6.511 16.214 12.355 4.932 4.789 19.100 8.882 12.355 10.859 6.094 13.704 15.569 9.602 15.935 12.624 8.581 16.568 11.772 9.720 10.581
6.992 10.857 5.821 11.454 9.234 10.401 12.383 10.093 0.000 8.799 9.837 9.622 8.763 8.426 15.948 13.565 9.521 11.311 12.032 10.604 8.506 7.977 8.076 10.626 10.854 15.110 7.292 17.377 11.824 10.025 10.860 10.246 11.679 13.764 10.621 7.897 7.818 10.968 13.862 9.913 14.312 14.082 11.515 7.898 9.803 8.631 12.541 6.816 8.813 10.141 9.452 9.446 12.181 8.172
8.783 15.054 7.308 5.031 6.133 10.647 7.184 11.146 8.901 0.000 9.087 14.561 14.572 8.414 15.869 7.167 10.926 10.920 8.478 7.371 13.961 6.559 5.706 11.107 10.392 15.632 10.257 14.596 7.450 15.308 11.100 10.921 12.593 8.412 9.159 7.530 5.978 10.537 12.418 9.356 11.970 10.498 16.378 8.361 6.762 7.211 15.995 7.242 4.638 11.837 7.196 5.162 6.228 10.862
8.802 9.700 11.712 11.338 9.562 5.303 13.589 5.843 8.622 10.739 0.000 12.115 8.720 5.766 9.454 10.907 4.723 5.233 7.669 7.639 10.638 13.874 12.622 6.030 5.380 7.323 6.612 10.650 11.984 11.777 4.151 5.937 10.390 8.986 3.927 14.287 11.604 3.794 6.515 14.220 7.540 9.767 12.926 3.596 9.292 10.776 13.049 13.033 9.666 9.671 14.584 11.227 9.251 9.584
6.793 4.164 12.313 17.436 15.276 13.690 15.131 11.105 9.584 12.087 12.033 0.000 5.101 10.419 20.445 18.245 12.374 13.320 13.994 16.195 5.259 14.360 16.196 9.458 11.732 12.676 10.017 19.667 18.474 6.608 10.102 12.597 4.846 19.652 12.229 12.553 12.282 10.932 12.172 14.234 19.612 19.558 4.365 13.314 14.990 13.962 7.474 10.710 14.128 7.750 15.504 14.740 14.290 5.803
5.457 5.163 12.193 13.883 14.196 10.533 16.035 8.871 8.538 12.403 11.025 5.887 0.000 6.471 17.461 17.799 10.892 11.463 13.740 14.231 4.000 16.144 13.252 8.877 9.599 10.487 6.392 18.196 18.449 5.449 8.951 9.598 4.775 13.519 8.585 14.527 12.577 10.203 12.937 16.776 13.609 16.426 5.726 9.415 14.508 13.608 6.378 11.252 12.792 5.489 15.708 16.121 13.033 4.633
5.820 8.759 8.573 10.050 12.299 6.903 14.138 6.530 8.182 9.647 5.296 8.962 7.419 0.000 13.108 12.173 6.257 7.297 9.577 9.847 6.722 12.536 12.553 5.227 5.917 8.556 3.205 13.094 13.134 10.361 6.926 5.746 8.708 10.549 6.110 12.298 9.655 5.114 9.294 12.470 10.085 11.373 10.011 6.424 11.448 11.826 10.358 10.732 10.793 6.370 12.833 12.609 10.882 6.546
15.785 19.010 14.394 13.112 13.141 9.866 14.257 10.532 14.710 13.581 11.591 17.736 18.174 12.662 0.000 11.279 8.976 9.528 8.814 10.677 15.181 16.789 15.759 12.247 10.050 9.104 11.330 4.707 11.719 18.795 9.177 9.403 16.054 9.074 9.134 20.037 14.097 10.457 7.490 16.633 5.745 11.049 16.070 10.997 12.116 18.990 14.582 15.651 15.281 13.535 19.140 12.443 11.930 17.497
13.881 14.970 11.726 6.409 5.678 11.787 5.470 14.926 13.490 6.810 10.357 18.137 17.750 11.560 12.331 0.000 9.549 10.828 5.052 5.025 17.591 10.844 9.214 14.501 11.035 13.571 13.000 10.571 3.739 17.862 13.429 12.604 15.062 6.159 10.677 11.518 9.742 11.811 11.132 11.571 10.740 5.355 16.464 10.093 4.520 9.797 19.050 10.774 6.008 13.629 9.733 5.260 5.353 13.312
10.722 10.633 10.121 12.409 9.568 3.602 10.776 7.089 10.075 11.166 4.111 13.652 10.174 7.694 9.396 11.298 0.000 6.106 7.006 7.243 11.578 15.837 13.812 6.573 5.536 8.110 7.141 8.660 9.209 13.929 4.409 5.294 10.626 7.951 5.127 14.412 12.559 4.280 6.805 13.017 6.911 9.486 14.211 4.205 10.348 13.257 11.974 14.792 10.798 9.870 14.582 9.562 8.836 9.781
10.250 10.611 13.717 14.672 11.561 5.000 14.086 4.265 12.183 11.306 5.750 14.343 10.323 7.220 8.917 12.869 4.761 0.000 10.404 9.169 10.816 14.872 14.299 6.516 4.807 5.588 7.710 8.998 12.718 10.568 4.795 4.854 13.382 10.610 4.733 13.781 13.691 4.817 4.611 17.328 9.100 10.473 12.154 6.947 11.667 13.451 12.429 14.412 13.616 10.376 16.677 10.874 9.634 10.852
11.485 12.998 10.380 6.291 7.820 9.446 8.869 10.138 9.368 6.966 9.008 14.510 13.436 11.114 11.557 5.649 8.001 10.041 0.000 4.078 15.758 11.155 10.261 9.634 11.733 11.205 9.683 9.429 6.767 17.987 10.652 10.532 13.548 5.709 8.646 13.250 9.382 9.543 10.319 10.867 9.086 5.282 16.652 7.799 7.181 9.678 14.913 10.044 7.355 12.013 10.096 6.201 3.941 14.355
11.826 16.714 9.355 6.428 6.775 8.375 6.948 10.710 10.082 6.382 8.474 13.605 16.680 10.699 12.222 5.319 7.361 8.920 3.896 0.000 12.819 10.922 10.779 10.366 12.264 14.262 12.175 11.187 6.146 17.730 9.387 12.624 15.606 6.655 8.190 11.797 10.282 8.406 9.665 13.312 9.224 5.024 16.128 8.803 6.651 9.867 15.440 9.873 6.469 16.081 11.627 6.693 3.651 14.731
5.528 4.877 9.416 16.198 15.570 11.051 15.965 11.874 8.560 11.933 10.760 4.973 4.802 6.367 14.932 16.012 12.188 11.812 13.512 13.807 0.000 12.584 13.984 7.530 8.613 10.241 6.504 15.865 15.422 5.946 8.967 10.525 6.462 14.991 10.804 12.884 12.343 10.607 13.125 13.500 16.543 15.134 5.576 10.420 15.757 12.074 7.412 11.104 14.323 6.307 15.854 12.969 14.471 3.980
10.588 15.517 6.850 9.216 9.154 14.317 9.506 16.237 8.455 6.731 14.593 15.812 16.627 12.028 19.395 10.432 13.248 14.931 13.220 10.570 15.826 0.000 4.963 14.209 13.462 16.582 13.596 18.390 10.590 19.465 13.882 13.829 18.336 14.890 15.830 3.865 6.252 13.050 15.358 4.860 14.129 12.040 15.970 13.566 7.873 5.088 18.737 6.430 9.535 17.298 4.289 8.410 11.646 12.051
12.706 14.264 5.890 6.059 7.616 11.330 8.605 16.977 7.638 6.714 10.469 13.617 12.184 10.995 14.599 10.713 10.844 13.512 8.645 10.839 15.019 4.875 0.000 14.732 12.238 14.868 12.217 15.775 9.862 14.186 14.460 16.531 13.904 12.001 13.929 5.208 5.143 12.264 15.338 5.678 12.963 11.418 15.964 11.978 7.387 3.770 18.092 4.987 7.230 13.551 4.936 8.288 9.419 13.356
7.614 9.432 12.141 11.315 14.118 6.938 12.998 6.131 10.915 12.415 6.166 9.820 8.125 5.225 12.699 13.267 7.361 6.159 10.169 11.739 7.865 16.977 11.904 0.000 4.463 6.888 5.551 12.849 12.806 10.219 5.294 4.576 10.003 10.358 5.715 14.789 11.483 5.108 7.462 14.937 9.236 12.775 11.869 6.924 12.980 13.210 8.354 12.817 10.563 6.130 12.547 14.240 10.891 9.174
8.310 10.642 11.342 12.293 14.923 4.784 15.505 4.409 9.619 11.369 5.262 10.291 8.730 6.294 10.765 13.039 5.549 5.420 10.082 11.971 9.888 15.019 12.888 4.412 0.000 7.003 5.241 11.060 14.739 8.981 4.762 3.996 11.403 9.794 5.556 13.851 14.188 4.738 5.420 16.808 8.818 13.162 10.318 6.943 13.193 14.792 11.340 11.761 10.559 6.945 13.548 11.106 9.479 7.915
12.967 13.272 17.506 17.360 15.042 6.823 14.743 5.837 14.047 13.487 7.998 13.847 11.082 7.864 10.318 16.583 9.398 6.319 10.921 13.122 12.087 17.268 18.277 6.600 6.477 0.000 7.795 12.432 18.134 11.017 6.881 6.074 13.102 12.187 8.916 20.403 16.501 7.345 6.362 18.008 10.307 13.125 11.297 10.207 14.660 18.403 11.631 19.319 15.093 8.700 15.539 16.098 11.362 12.585
6.213 9.365 8.780 10.536 12.515 7.969 14.690 7.281 8.886 10.153 5.871 7.763 7.946 4.179 13.627 11.214 7.095 7.260 11.155 12.361 6.374 12.018 12.854 4.599 5.171 8.933 0.000 14.390 13.972 9.015 5.814 7.079 9.673 11.208 6.157 14.087 9.330 6.251 8.172 11.808 11.261 13.612 9.156 6.394 12.701 10.730 8.858 10.621 10.289 5.740 14.718 10.571 9.778 6.311
14.593 16.951 15.584 15.770 15.976 8.031 13.836 9.484 16.566 12.479 9.918 17.366 16.961 11.818 4.759 11.225 8.168 8.296 9.401 11.394 15.124 18.778 15.292 12.753 11.347 10.569 13.985 0.000 13.918 17.275 9.610 11.508 19.763 8.338 9.165 16.920 16.224 10.252 7.987 18.344 4.313 8.240 16.349 10.487 11.501 17.857 19.511 18.966 14.288 15.549 19.360 11.692 9.837 16.929
15.040 17.921 11.377 5.462 4.469 10.596 4.475 13.319 10.515 7.563 12.139 19.513 18.078 11.556 13.817 4.346 9.355 10.911 6.428 5.080 17.778 9.394 8.171 12.758 13.762 17.625 13.530 12.787 0.000 15.984 12.391 14.072 17.990 7.513 13.329 10.255 8.304 11.512 13.710 9.883 10.387 5.969 19.378 11.039 4.778 8.758 16.926 11.593 5.169 17.165 8.249 4.576 5.717 13.725
8.075 5.988 14.441 18.793 17.345 11.629 20.899 10.431 11.911 16.855 10.496 7.612 6.291 10.350 18.194 17.977 11.048 11.773 13.496 17.568 6.741 16.881 15.187 9.427 10.340 10.804 8.764 17.667 15.897 0.000 9.074 11.014 4.340 15.889 9.671 17.287 14.883 11.263 13.224 16.815 14.835 20.195 5.789 10.157 18.978 14.892 4.160 12.919 17.219 5.751 16.584 14.635 17.938 7.667
8.056 10.646 10.062 12.510 11.902 5.446 12.503 5.551 9.732 9.836 4.721 9.994 10.390 6.735 9.727 10.913 5.561 5.142 10.250 10.279 9.579 15.172 11.931 4.754 4.488 7.700 5.603 11.689 13.279 10.106 0.000 4.381 11.790 10.495 3.620 12.746 10.503 3.415 6.008 14.100 9.061 11.075 10.214 5.824 13.013 11.194 9.988 12.113 12.133 8.385 16.291 11.522 9.152 10.375
9.127 10.922 13.715 12.068 14.120 5.196 15.549 4.378 12.217 10.973 5.918 12.269 9.611 6.424 10.843 12.357 7.064 4.709 9.312 9.788 9.192 15.333 12.420 4.847 3.350 6.523 6.287 9.421 14.184 9.023 4.589 0.000 11.102 10.507 5.910 15.804 13.543 5.234 4.846 13.755 9.687 11.598 13.175 6.622 15.024 15.058 11.280 15.911 11.284 7.022 17.221 14.035 10.872 8.523
6.541 4.583 11.754 14.814 18.734 12.956 20.449 11.366 10.070 12.839 11.969 5.842 5.510 9.438 15.442 16.934 13.741 13.165 15.418 14.968 6.396 16.467 13.641 9.153 9.132 11.089 9.253 16.527 17.740 4.542 11.796 10.570 0.000 18.637 12.172 14.852 13.626 11.574 13.467 18.597 14.162 17.603 4.967 13.075 15.659 15.857 4.527 12.827 14.855 5.019 16.627 17.468 15.355 6.567
14.695 18.299 13.416 8.823 9.472 8.138 8.402 10.147 12.758 10.935 9.919 15.623 16.174 10.951 9.023 7.469 7.362 8.549 5.347 5.177 15.195 15.016 11.559 10.860 11.447 13.450 12.669 7.831 7.340 16.689 10.565 9.641 15.752 0.000 8.112 12.401 10.499 10.478 8.697 16.744 6.730 4.763 20.439 9.982 8.482 13.903 15.295 15.959 9.469 13.965 14.922 9.221 5.776 14.385
9.770 10.484 10.616 13.113 12.349 4.166 12.352 6.291 9.095 11.122 3.480 10.566 10.968 5.936 8.773 10.483 4.339 4.424 7.713 10.748 10.351 15.827 14.443 5.327 5.117 7.591 5.248 11.822 12.648 11.709 3.725 4.768 11.359 10.381 0.000 12.381 10.062 3.821 6.620 13.567 10.069 11.769 10.813 5.040 10.564 10.694 10.874 12.914 11.767 9.170 13.876 11.588 7.994 10.316
12.228 16.415 5.965 9.431 9.307 16.716 9.821 15.554 7.388 6.929 11.650 15.891 12.340 13.640 20.210 13.391 15.566 17.756 12.883 13.016 14.431 4.408 4.873 14.475 16.048 17.175 14.099 20.393 11.031 14.268 12.640 16.398 16.572 13.956 12.677 0.000 5.656 13.129 16.212 3.655 15.304 14.595 13.931 13.574 9.017 4.840 19.414 4.442 10.253 13.371 5.324 9.632 11.452 13.408
8.689 13.419 5.126 6.417 7.788 12.812 7.671 13.027 6.113 6.347 9.849 14.328 11.359 9.056 17.047 11.007 11.103 14.476 9.561 8.905 10.055 5.495 4.848 13.486 11.730 18.172 11.674 16.658 9.513 14.615 11.372 13.812 13.219 12.170 10.079 5.176 0.000 10.095 15.821 5.508 12.459 13.573 13.929 10.106 7.122 4.409 14.826 4.805 6.947 11.398 6.173 7.877 8.883 10.613
8.147 10.526 12.445 12.016 12.947 4.313 13.289 5.435 8.894 10.708 4.309 13.018 10.272 6.378 9.862 12.102 4.278 5.036 9.235 8.940 11.232 13.048 11.218 5.517 4.804 8.205 5.915 10.521 11.252 12.087 3.422 5.176 9.765 10.372 4.056 15.258 10.041 0.000 5.515 15.614 8.821 11.050 12.676 4.335 10.896 11.904 11.638 13.890 11.403 9.767 16.002 11.837 10.492 8.667
12.114 14.523 15.307 12.597 13.432 5.288 13.798 4.317 11.686 13.454 6.645 13.436 13.058 9.502 7.331 11.235 5.736 4.754 10.449 10.303 12.427 19.472 13.646 6.765 5.607 4.991 8.436 7.909 12.996 12.059 6.719 5.726 13.546 9.044 7.310 18.143 15.200 7.090 0.000 19.918 8.210 11.492 14.641 7.365 12.092 14.676 12.942 15.023 11.741 10.725 16.490 13.559 10.018 12.997
13.800 13.043 6.479 9.578 8.978 16.344 11.030 17.669 7.898 9.539 13.243 13.818 12.904 12.706 21.511 11.490 14.314 16.378 11.994 13.505 12.281 4.815 6.251 15.722 17.650 18.643 12.581 20.857 11.230 17.885 14.653 17.373 17.738 14.154 13.173 3.671 5.880 14.983 17.618 0.000 19.511 12.389 17.193 14.778 8.883 5.608 19.765 5.799 9.860 16.067 5.171 8.797 12.493 13.870
12.077 15.880 16.935 14.188 13.477 7.524 13.299 8.896 13.096 13.797 9.591 16.872 17.218 11.437 5.715 8.994 8.717 7.413 7.795 10.076 14.524 16.180 15.120 8.879 9.630 8.877 12.645 5.702 12.697 16.159 7.722 9.750 14.666 6.349 8.479 19.249 12.661 8.560 7.887 15.034 0.000 8.431 17.165 7.582 10.407 14.735 18.677 17.610 10.489 15.571 14.356 11.575 8.006 13.438
13.499 16.370 11.948 8.884 7.962 9.812 7.295 12.610 14.965 10.652 10.004 20.311 14.291 13.318 11.278 6.113 10.256 12.141 6.640 5.770 18.138 11.563 10.483 12.111 13.226 16.241 11.280 9.146 5.811 19.948 12.255 13.292 19.996 4.995 12.102 12.952 13.676 11.826 13.155 15.297 7.778 0.000 18.928 11.453 8.017 12.162 20.716 14.337 8.261 18.521 13.267 7.977 5.988 17.384
7.888 4.824 11.953 16.549 15.008 15.211 19.801 12.092 11.699 12.750 10.540 4.594 6.205 9.310 16.733 16.310 15.372 12.853 15.994 16.294 5.729 16.374 15.592 10.134 11.154 12.061 10.697 20.570 16.776 6.470 10.224 10.723 4.234 18.646 13.541 17.528 15.943 13.718 15.816 14.480 15.657 17.353 0.000 13.739 17.255 16.485 7.088 15.054 16.734 6.786 18.121 17.401 17.326 6.927
7.589 9.707 11.383 11.511 8.933 4.577 11.766 6.535 8.901 9.568 4.102 12.074 8.636 6.759 10.212 9.390 4.758 5.586 7.201 8.845 9.440 14.281 12.808 7.239 6.903 8.376 6.075 9.185 10.316 11.689 5.219 6.349 12.062 7.983 4.119 11.007 9.593 5.060 8.165 15.409 8.156 11.033 11.002 0.000 9.604 10.256 13.007 12.900 9.401 8.744 13.844 10.475 6.997 8.425
14.849 17.830 10.369 4.181 4.558 12.787 3.940 15.870 10.495 6.789 10.763 15.786 14.584 11.295 12.388 4.549 9.584 12.741 7.491 5.912 13.222 7.679 7.313 13.893 11.610 16.243 11.784 14.535 4.882 15.815 10.979 13.461 18.075 9.771 12.641 8.917 7.699 13.557 12.567 8.978 11.605 8.182 15.365 11.197 0.000 7.356 16.143 8.404 5.507 17.628 7.609 3.937 5.693 13.857
9.602 13.665 5.955 8.040 7.408 14.739 9.468 14.968 7.863 6.410 11.966 12.147 15.212 10.970 18.370 10.251 14.335 13.967 11.629 9.121 11.460 5.280 4.295 14.569 12.296 15.799 10.049 17.213 9.328 14.199 13.584 13.121 15.402 11.421 11.898 5.179 3.774 13.503 13.549 5.434 16.846 12.966 15.018 11.471 9.420 0.000 17.814 4.418 6.436 14.034 4.263 8.177 9.201 12.220
9.967 6.329 15.849 19.821 19.660 11.970 19.331 10.230 11.629 15.623 12.556 6.670 6.541 8.591 19.330 20.121 11.375 10.384 18.500 16.450 8.049 19.272 14.855 9.145 10.297 9.514 7.854 17.190 20.272 3.902 11.874 10.130 5.265 18.200 12.000 15.240 14.416 9.674 10.414 17.681 13.871 20.942 6.011 13.434 17.139 18.085 0.000 14.203 15.162 6.561 18.639 15.469 18.789 7.150
10.163 12.849 5.805 8.599 9.145 12.315 10.719 14.176 7.968 6.594 12.601 13.156 11.744 11.897 19.652 11.318 13.833 15.318 12.191 12.805 13.294 5.048 4.902 13.000 13.419 15.260 11.814 16.531 9.332 16.350 12.418 14.027 14.222 12.400 13.415 4.183 4.946 12.079 14.862 4.853 13.999 14.055 14.786 11.273 9.862 4.557 14.480 0.000 9.000 14.310 5.993 8.570 10.803 12.108
12.998 16.642 8.718 4.317 4.515 11.726 6.390 12.440 10.164 4.793 9.162 16.031 13.683 11.499 13.727 6.173 8.602 12.953 6.370 5.492 13.508 7.921 7.762 10.826 11.927 14.837 12.444 11.926 6.571 15.102 12.579 13.017 16.839 9.375 10.071 7.744 6.208 10.993 11.607 8.353 11.020 7.427 17.202 9.289 5.727 6.620 18.803 8.527 0.000 12.945 6.664 4.274 6.321 11.606
7.157 5.722 11.115 14.333 13.429 8.975 15.595 8.922 9.498 14.444 8.139 6.726 5.424 7.521 16.797 17.685 8.594 9.691 13.824 13.413 5.554 14.683 12.965 7.290 8.866 8.454 6.245 14.985 18.218 6.266 7.646 6.918 5.149 15.437 8.141 16.069 13.742 8.164 9.480 17.814 12.144 14.671 8.099 8.093 15.317 15.681 6.499 14.921 12.194 0.000 14.616 13.733 15.775 6.291
12.775 15.420 7.255 8.287 6.676 16.069 8.813 17.449 10.011 6.414 14.056 12.885 13.296 13.042 20.023 9.758 12.792 17.454 10.333 10.592 13.514 3.539 3.896 14.670 14.768 19.731 11.855 19.549 9.337 19.147 16.077 13.910 14.099 11.529 14.232 4.420 5.568 15.588 18.150 5.093 18.461 11.385 16.822 11.543 8.118 4.650 18.981 6.004 7.475 15.164 0.000 9.074 11.527 15.653
13.807 17.190 10.142 4.203 3.993 11.983 4.471 11.521 11.330 5.376 11.464 15.679 14.785 12.403 12.606 5.412 9.227 11.893 7.523 5.281 15.626 8.031 7.855 11.706 11.938 13.360 11.108 14.179 5.397 16.133 10.719 11.567 15.007 9.292 12.446 8.472 8.552 10.724 14.044 9.303 10.801 6.894 14.786 9.065 4.559 7.282 18.813 9.343 4.620 13.106 7.624 0.000 5.256 13.949
11.886 13.817 11.978 5.789 6.457 8.924 6.993 10.263 9.354 7.681 9.643 14.153 12.426 11.787 10.282 4.994 7.584 10.325 4.403 3.863 14.173 12.679 8.649 11.583 11.938 14.315 10.334 10.917 6.466 17.308 8.796 12.692 16.621 5.159 9.223 13.600 10.202 9.701 12.069 10.584 10.037 5.444 17.187 7.435 5.988 10.308 15.942 11.389 5.607 12.958 11.160 6.664 0.000 15.294
4.911 5.442 8.429 12.919 14.689 10.783 14.097 10.278 8.543 12.590 9.538 4.950 5.132 5.995 17.894 16.510 9.636 12.001 12.940 14.961 4.106 12.896 14.368 7.017 9.777 10.335 5.986 15.020 13.514 6.510 8.545 10.644 6.555 16.144 10.172 13.959 11.742 8.606 12.390 12.946 13.785 15.991 6.867 9.407 12.375 11.990 7.959 10.297 14.195 6.260 15.624 14.263 13.397 0.000
0.0000 3.3976 4.4090 9.2713 9.3124 5.8266 9.0553 6.5593 3.1171 6.8142 5.6155 3.4318 3.5801 3.2134 12.2339 8.4378 6.0324 5.8857 7.4413 8.5734 2.9544 7.4926 6.6845 4.2464 5.6438 7.1796 2.9956 12.0251 9.0014 5.5527 4.7729 5.0871 3.9485 10.5654 5.1718 8.6680 6.7433 5.7774 6.6466 8.4195 10.4573 9.5705 4.1962 5.3779 8.1535 7.5291 6.0324 6.4217 8.0295 3.7051 9.4216 8.1057 7.5953 2.3331
3.8159 0.0000 7.0794 12.8331 11.8200 8.8985 11.1009 8.5871 6.3562 10.3150 8.1599 1.8242 2.2440 4.8470 12.1733 12.6665 8.2389 9.2667 10.2742 11.5547 2.0519 12.1019 10.1413 6.9474 7.4802 7.6458 5.3067 12.9246 11.4478 2.8265 8.2247 6.6266 2.1621 13.0532 7.5670 9.6214 8.3250 7.6428 9.5150 10.0741 12.9433 11.7811 2.2168 7.7552 11.6175 9.7067 3.8088 8.6429 10.1787 3.4612 11.8149 11.1606 9.9738 2.5791
4.4255 6.4402 0.0000 6.2353 5.9233 7.8528 8.4209 9.2503 2.6752 3.7928 7.7036 7.0915 7.8373 6.1422 12.0347 7.6743 8.8246 10.4513 8.3685 7.7786 7.1100 4.2721 3.7829 7.0108 7.9035 10.3140 5.8550 11.9739 6.7956 7.9304 8.1127 9.6604 9.4176 9.9224 6.8051 3.4969 2.9214 8.5055 8.7407 3.8069 11.5716 10.4163 7.4897 5.8792 6.5082 3.4072 9.6328 2.4623 4.6638 8.2565 4.6095 5.5989 7.2346 6.5900
7.8157 10.9596 6.5453 0.0000 0.9578 9.2404 2.3600 11.4036 7.4663 2.6136 7.6800 12.4858 10.5498 8.4664 10.3657 3.6535 6.7724 8.5303 4.4668 4.3795 11.3466 5.6260 4.4552 9.3165 10.1815 10.6433 9.4052 8.9249 2.6544 11.0558 7.6812 9.2029 12.7332 6.9785 7.3923 5.5463 4.5795 7.8064 10.5865 6.6017 10.0397 5.5080 12.2510 7.6320 1.4566 4.1200 11.8452 5.9495 1.8201 11.7534 3.9053 1.5774 4.2259 10.7809
9.1812 11.1477 6.6646 0.9419 0.0000 7.2485 2.1862 11.3752 6.0542 2.8444 6.3560 13.5598 10.7037 8.1759 9.8520 3.3710 6.8413 8.3272 3.9692 4.2144 11.9230 5.2420 4.5066 10.7684 9.4769 13.0000 8.2506 9.5818 2.1503 13.2312 8.0718 9.2782 11.7935 5.6122 9.0891 6.1120 4.8251 8.8118 8.8295 6.0185 9.2106 5.2408 11.2650 6.4579 1.5471 5.3185 15.1610 5.7673 2.2989 11.1480 4.9966 1.4706 4.0417 8.7009
6.7852 7.8716 8.1675 7.5405 7.7883 0.0000 8.2128 2.8186 7.3718 7.1758 2.0251 9.6705 6.2196 3.7637 6.1798 7.2871 1.7047 2.0203 4.8279 6.4794 6.8998 10.0047 9.4294 3.8573 2.8539 4.5182 4.6934 6.1170 7.8998 8.1941 2.4088 2.5908 7.4467 4.7956 1.9547 10.5156 8.3894 1.8171 2.6788 11.0692 4.5275 7.4156 10.2624 2.6369 7.2960 9.2156 8.3143 8.5113 7.9007 6.4114 11.1633 6.7309 6.0942 6.7638
11.0831 14.1489 7.0044 2.5818 2.1037 9.7476 0.0000 10.1597 8.8664 4.7523 8.3978 13.1727 12.8801 9.0934 8.8673 2.8465 7.8036 9.6847 4.6677 4.3145 10.6820 6.0336 5.5190 11.1626 11.2357 12.0086 9.7500 11.3372 2.2955 11.9585 10.3188 11.0925 12.1480 5.1639 7.6254 7.6852 6.4657 10.1592 9.1922 6.5795 9.9276 4.7489 13.6606 6.9625 1.7085 6.0797 12.4238 6.2871 3.1769 10.8358 5.7583 2.6188 4.7058 12.2039
6.0216 7.5303 9.6297 8.9610 11.3836 2.9627 9.4870 0.0000 7.1277 9.0356 3.6075 9.1989 7.1784 3.8743 6.9705 10.1686 3.6966 1.7590 6.3472 7.7424 8.2056 12.5087 12.0256 2.8040 2.2677 2.3689 3.8374 7.1312 11.1011 6.8067 2.4888 1.5316 8.3158 7.1484 3.3686 11.8944 8.8098 2.4822 2.2158 14.0823 5.6913 8.6366 7.5853 3.5203 9.7703 11.2436 6.4532 11.5245 8.8452 5.4437 12.1258 8.3126 6.6381 7.0299
3.9141 7.0675 2.7826 7.6061 6.1658 7.0269 8.5274 6.9631 0.0000 5.3460 6.3712 6.2124 5.6206 5.1089 11.6623 9.3543 6.3570 7.7809 8.1100 7.1916 5.2967 5.1267 5.0293 7.0112 7.2775 10.7521 4.4713 12.7253 8.1375 6.8553 7.2221 6.9530 7.8514 9.7030 6.9769 4.9636 4.4805 7.2290 9.7547 6.3547 10.2791 9.9864 7.7360 5.0704 6.6190 5.1821 8.7115 3.9519 5.6702 6.6729 6.0836 6.2334 8.2412 4.9612
5.8374 10.6926 4.2899 2.6112 3.2505 7.1326 4.2349 7.7781 5.4085 0.0000 5.8901 10.3418 10.2310 5.5114 11.3715 4.2996 7.1719 7.5234 5.0493 4.3557 9.7178 3.9367 3.0837 7.5874 7.1260 11.2547 6.7917 10.4372 4.3960 11.0799 7.4832 7.5511 9.0595 5.5416 6.0653 4.6276 3.1135 7.0241 8.7350 5.8676 8.3426 6.8645 11.8263 5.3143 3.7319 4.0239 11.6617 4.3035 2.0828 8.3435 4.2119 2.6077 3.6681 7.4664
5.5077 6.5822 7.8560 7.6727 6.4842 2.4257 9.3988 3.2358 5.5839 6.9611 0.0000 8.3430 5.7333 3.0556 6.2765 7.2854 2.0282 2.7411 4.7245 4.8591 7.0287 9.8189 8.7255 3.1523 2.7594 4.5982 3.5743 7.1293 8.1301 8.0336 1.8700 3.1593 7.0953 5.7703 1.4921 10.1178 7.8411 1.5508 3.7911 10.1469 4.7953 6.5363 9.0110 1.3103 6.2860 7.4376 8.9632 9.0375 6.3226 6.2064 10.2743 7.4589 5.8546 6.2073
3.9196 1.7878 8.2992 12.7477 11.1897 9.6247 11.2183 7.7323 6.1882 8.5847 8.2865 0.0000 2.6086 6.7016 15.2541 13.4825 8.7000 9.3692 10.1735 11.8377 2.5034 10.3665 11.6071 6.3067 7.9807 8.9551 6.3960 14.7237 13.6668 3.7662 6.9327 8.6357 2.4985 14.5389 8.4089 8.9658 8.6132 7.5027 8.6838 10.2244 14.5056 14.5813 1.9762 9.2012 11.0173 9.8892 4.4953 7.4782 10.1985 4.5228 11.2132 10.7370 10.4316 3.0096
2.9057 2.2536 8.2265 10.0623 10.3087 7.1135 11.7966 5.8759 5.4764 8.7081 7.2484 3.0104 0.0000 3.8333 12.7897 13.0009 7.3727 7.7237 9.8134 10.2433 1.6402 11.6656 9.4741 5.4849 6.1321 7.0983 3.7207 13.3918 13.5141 2.8042 5.8179 6.2035 2.2641 9.8388 5.6133 10.4123 8.7902 6.6440 8.8939 12.0982 9.8655 12.0899 3.0260 6.2389 10.5631 9.6331 3.5516 7.8840 9.1284 2.5340 11.3557 11.6190 9.3656 2.0345
3.0864 5.4973 5.5541 6.9301 8.5036 4.0507 9.9747 3.8983 4.9611 6.3194 2.8064 5.7644 4.3948 0.0000 9.1787 8.4340 3.6473 4.3826 6.3280 6.6197 4.0000 8.8155 8.6395 2.6472 3.2118 5.5223 1.0804 9.2249 9.1675 6.6516 3.7334 3.2503 5.5613 7.2292 3.2489 8.6097 6.4423 2.7138 5.8982 8.8063 6.8994 7.9637 6.5905 3.4683 7.9308 8.0745 6.7612 7.3048 7.2273 3.6748 9.0011 8.5862 7.2909 3.7325
11.4530 14.0846 10.6131 9.4140 9.4290 6.2592 10.2482 6.8699 10.7571 9.7321 7.6951 13.2330 13.3117 8.8660 0.0000 7.8224 5.7443 6.0323 5.8828 7.2249 11.1631 12.5429 11.6348 8.3591 6.7322 6.0333 7.9469 1.8760 8.2691 13.8645 6.0684 6.2553 11.8863 5.6916 6.0388 15.0174 10.3549 6.9228 4.6115 12.5069 2.7820 7.3301 12.0232 7.3198 8.6325 14.0603 10.7557 11.6497 10.8577 9.7890 14.2476 8.8427 8.0656 12.7944
9.8511 11.0377 8.0255 3.4494 3.0131 7.9442 2.8248 10.5197 9.3029 4.0857 6.9181 13.4024 12.9650 8.0094 8.5518 0.0000 6.3163 7.4981 2.6193 2.3338 12.8133 7.3212 6.0088 10.1877 7.7273 9.8254 9.0659 7.2653 1.5473 13.2802 9.2446 8.8622 11.1746 3.5586 7.2442 7.9248 6.4112 8.0615 7.8179 8.0123 7.1576 2.7971 12.2758 6.6396 2.2094 6.5336 14.2188 7.3799 3.2726 9.9337 6.4758 2.6954 2.5368 9.6207
7.0044 7.3828 6.9313 8.4112 6.4944 1.3908 7.4372 3.9078 6.7271 7.3289 1.7653 9.5985 6.8868 4.4846 6.0131 7.4731 0.0000 3.0440 4.2235 4.5346 7.8762 11.3014 9.6417 3.6824 2.9798 5.0656 4.2097 5.5995 6.2127 9.6866 2.1269 2.8908 7.4071 4.9264 2.2706 10.3061 8.6130 1.9692 3.7947 9.3713 4.1674 6.2190 10.0852 1.8455 6.9888 9.2599 8.3651 10.3970 7.0935 6.5377 10.3543 6.3575 5.5027 6.5527
6.8003 7.3452 9.6605 10.3425 8.1572 2.2018 10.0526 1.8133 8.3811 7.7893 3.0120 10.0884 6.9557 4.3367 5.6457 8.9110 2.3733 0.0000 6.7997 6.1296 7.3663 10.8540 10.2694 3.4532 2.3037 3.0849 4.6309 5.8153 8.9308 7.2492 2.1940 2.2401 9.2483 6.9540 2.3059 10.0637 9.6931 2.3024 2.0183 12.7209 5.5835 7.1668 8.5918 3.8129 8.2036 9.6539 8.5377 10.3751 9.3995 6.7645 12.1304 7.5674 6.4207 7.2995
7.9201 9.4084 7.0183 3.7227 4.6201 5.8932 5.3671 6.8170 6.3144 4.1491 5.5496 10.5491 9.5963 7.3435 7.7137 2.9288 4.8232 6.5626 0.0000 1.5902 11.2327 7.6492 6.7978 6.4605 7.8170 7.8484 6.4578 6.2443 3.7924 13.1259 6.9018 7.0589 9.8704 2.9874 5.4683 9.1931 6.1715 6.0975 6.9049 7.5973 5.7041 2.8487 12.2270 4.6794 4.1238 6.4968 10.9306 6.8817 4.1324 8.5344 6.8463 3.4810 1.4845 10.1277
8.2345 12.1747 6.3379 3.6643 3.8460 5.3895 4.0242 7.3333 6.8380 3.7714 5.3900 9.9452 12.0063 7.1922 8.2705 2.4702 4.6088 5.9632 1.5193 0.0000 9.2055 7.4369 7.0814 7.0751 8.3282 10.1152 8.2529 7.5049 3.2032 13.0234 6.2275 8.6188 11.4417 3.5663 5.3251 8.1484 6.7398 5.5118 6.5900 9.2633 5.9190 2.6202 11.9037 5.4784 3.6196 6.5900 11.3903 6.7491 3.5297 11.5295 7.8189 3.5888 1.1004 10.4786
2.7729 2.1307 6.2222 11.6755 11.2472 7.5168 11.6970 7.9848 5.3298 8.3063 7.1096 2.3672 1.9691 3.7885 10.9798 11.6629 8.2906 8.0449 9.6321 9.9145 0.0000 9.0046 9.8978 4.7499 5.5975 7.0463 3.8217 11.7142 11.2578 3.3198 5.8966 6.9206 3.3289 10.9128 7.1222 9.1290 8.5155 6.9732 9.1190 9.6305 12.0314 11.1294 2.9544 6.9226 11.4212 8.4443 4.3900 7.6657 10.1583 3.2968 11.3556 9.2990 10.3740 1.5100
7.3713 11.2575 4.0747 5.6776 5.6821 10.3106 6.1173 11.9154 5.4336 4.0403 10.3280 11.4149 12.0143 8.4578 14.4892 7.0430 9.4540 10.8972 9.0648 7.1973 11.3243 0.0000 2.2536 10.2693 9.7692 12.3860 9.6091 13.7186 7.0093 14.3980 10.0000 10.0860 13.4686 10.6262 11.3101 1.6634 3.2986 9.3505 11.3401 2.1251 10.3951 8.5114 11.7083 9.5264 5.0291 2.3642 13.9499 3.3162 5.9328 12.6024 1.5691 5.2977 7.9273 8.5633
8.6920 10.2616 3.3695 3.4869 4.4381 8.0024 5.3230 12.2810 4.7566 3.6285 7.2372 9.7586 8.7107 7.5674 10.7789 6.9866 7.5700 9.7045 5.7271 7.1209 10.6309 2.2137 0.0000 10.4730 8.7378 10.9861 8.4638 11.6271 6.2843 10.4119 10.2257 11.8731 10.1335 8.3819 9.7475 2.6170 2.3499 8.6143 11.1711 2.9755 9.3962 7.8936 11.6297 8.1950 4.4819 1.5592 13.3718 2.5593 4.1654 9.7623 2.0727 4.8945 6.1836 9.3700
4.6231 6.1204 8.3241 7.9900 9.9862 3.7735 9.3266 3.0703 7.2016 8.4809 3.2233 6.5480 5.0201 2.6461 8.6678 9.3211 4.1242 3.2640 6.8192 8.0123 4.9611 12.2700 8.4627 0.0000 1.7543 4.0097 2.7490 8.8653 9.0813 6.5652 2.3897 1.9923 6.4847 7.0867 2.7908 10.6655 7.9999 2.4072 4.2982 10.8404 6.1734 8.9809 7.9809 3.8121 9.1767 9.3518 5.4044 9.0677 7.2932 3.5593 9.0458 9.9429 7.4121 5.6628
5.2284 7.0743 7.8577 8.6848 10.5581 2.4429 11.1173 1.9500 6.4499 7.7962 2.6984 7.0004 5.5775 3.4164 7.2110 9.1306 2.9866 2.5976 6.7169 8.1293 6.4260 10.8991 9.2022 1.7342 0.0000 3.9200 2.8165 7.5073 10.4312 5.9017 1.9288 1.4137 7.5643 6.6292 2.5905 10.0395 9.9486 2.1032 2.9215 12.2548 5.7743 9.1910 7.0647 3.7798 9.3207 10.5301 7.4810 8.3777 7.2974 4.2142 9.8048 7.7542 6.4180 5.0549
8.8635 9.2016 12.7013 12.7033 11.0147 4.1107 10.8784 2.9362 9.9962 9.7106 5.0221 9.7820 7.5010 5.0760 6.8377 12.0060 5.8704 3.4887 7.6493 9.3066 8.3166 12.8984 13.5052 3.8421 3.6253 0.0000 4.9982 8.4062 13.2441 7.4386 4.0254 3.2584 8.9893 8.5210 5.4212 15.2311 12.0587 4.4099 3.3113 13.4960 6.8379 9.4192 7.9649 6.5491 10.7145 13.5768 7.8042 14.2603 10.8970 5.6485 11.5837 11.6859 8.0441 8.6012
3.2817 5.8138 5.7369 7.3165 8.7134 4.7088 10.4228 4.3212 5.4492 6.7235 3.1735 4.9568 4.6250 1.4088 9.5585 7.8201 4.1827 4.3603 7.4394 8.3792 3.7451 8.4941 8.9054 2.2777 2.7790 5.7278 0.0000 10.1591 9.8137 5.7132 3.1394 3.9681 6.1034 7.7248 3.3108 9.9103 6.2768 3.3428 5.1788 8.3758 7.7297 9.5811 5.9796 3.5331 8.8590 7.3751 5.7134 7.2738 6.9536 3.2257 10.3794 7.2558 6.6075 3.5483
10.6295 12.6103 11.4944 11.2708 11.4083 5.1697 9.8862 6.3030 12.1315 8.9232 6.6391 13.0014 12.4829 8.3258 1.8967 7.7145 5.2811 5.3614 6.2259 7.6438 11.1670 14.0077 11.2710 8.7992 7.7022 7.1464 9.8730 0.0000 9.7478 12.8106 6.4364 7.7711 14.7006 5.1172 6.1244 12.6693 11.9066 6.8641 5.0651 13.7797 2.0537 5.3711 12.2772 7.0246 8.1475 13.2071 14.4722 14.1106 10.1133 11.3169 14.3872 8.2691 6.5953 12.4317
10.7026 13.2395 7.7343 2.6998 2.1518 7.2663 1.9823 9.4931 7.2369 4.4627 8.2356 14.4355 13.2419 8.0665 9.7493 1.7986 6.3113 7.6615 3.6027 2.6475 12.9772 6.2177 5.2067 9.0469 9.7396 12.8722 9.5029 8.9554 0.0000 11.9178 8.6398 10.0008 13.3788 4.6030 9.1730 6.9516 5.3844 7.9646 9.7545 6.7429 7.0925 3.3924 14.4700 7.3867 2.0209 5.7424 12.6712 7.8477 2.7304 12.5627 5.3638 2.1992 3.0119 9.9438
5.0133 3.0942 10.1892 13.9140 12.8597 8.0456 15.6452 7.0107 8.1453 12.1995 7.1598 4.3385 3.2373 6.6450 13.4214 13.3657 7.6831 8.0759 9.8481 12.9041 3.7637 12.4862 11.1469 6.0559 6.7946 7.2947 5.5546 13.1014 11.8525 0.0000 6.0839 7.2755 1.8293 11.7389 6.5442 12.7109 10.7509 7.5867 9.1838 12.4186 10.8717 15.0781 3.0555 6.9853 14.0933 10.8543 1.6598 9.3485 12.6000 2.9171 12.2706 10.7863 13.1590 4.4229
5.0870 7.1681 6.9125 8.7141 8.3038 2.4598 8.8540 2.6299 6.4718 6.6313 2.1270 6.8589 6.7529 3.6306 6.4325 7.5129 2.6826 2.3529 6.6414 6.8195 6.2989 10.9287 8.4374 2.1462 1.8180 4.5050 3.0257 7.8283 9.2592 6.7754 0.0000 1.8951 7.9500 6.9416 1.3758 9.1775 7.2871 1.1855 3.2297 10.2174 5.8034 7.5998 7.0702 2.8785 9.0595 7.8984 6.7299 8.5653 8.2394 5.2450 11.6952 7.9145 6.0495 6.6995
5.8455 7.3229 9.5863 8.5717 10.0417 2.6706 11.1939 1.7339 8.2906 7.5872 3.1494 8.4107 6.2121 3.6337 7.2133 8.6886 3.8576 2.1731 6.2417 6.6824 6.0442 11.1826 8.9210 2.1103 1.1852 3.4995 3.5242 6.3618 10.0799 5.9605 1.9849 0.0000 7.4142 7.1245 2.8916 11.5159 9.5676 2.4597 2.5065 10.0779 6.3140 8.1175 9.0746 3.7113 10.6662 10.7881 7.4664 11.4085 7.8527 4.3153 12.5265 9.8574 7.4020 5.5210
3.9397 2.0220 8.1859 10.9243 13.8366 9.0010 15.2619 7.7243 6.7702 9.2364 8.1736 3.0123 2.6126 6.0274 11.4331 12.5641 9.5782 9.0984 11.2334 10.9741 3.2946 12.0952 9.9417 5.9338 6.0581 7.6081 5.8386 12.2936 13.1932 1.9145 7.9541 7.0590 0.0000 13.7719 8.2633 10.8312 9.7574 7.8282 9.4342 13.6271 10.4080 13.1347 2.2931 8.9898 11.5894 11.4620 2.2239 9.1886 10.8220 2.5948 12.2213 12.8252 11.2432 3.5847
10.4525 13.4729 9.4964 5.7243 6.1287 5.1479 5.4326 6.8560 8.9935 7.2037 6.3698 11.5580 11.7712 7.5045 5.6595 4.3150 4.5613 5.6037 2.7979 2.7742 11.0614 10.7162 8.0726 7.4300 7.7481 9.4038 8.7317 4.8058 4.4969 12.3298 6.9879 6.5371 11.6397 0.0000 5.2817 8.9263 7.3092 6.8705 5.7714 12.1120 3.8373 2.2980 15.2229 6.3248 5.3709 9.7981 11.3303 11.3986 6.0383 10.0898 10.5686 5.8357 3.0991 10.3906
6.1406 7.0889 7.2135 9.0115 8.5013 1.8126 8.6496 3.2547 5.9743 7.3652 1.3222 7.2653 7.1711 3.1563 5.7997 7.1125 1.9213 2.1553 4.8784 6.9883 6.8237 11.3074 10.1072 2.6013 2.3858 4.6158 2.8220 7.9001 8.7045 7.9236 1.4156 2.3332 7.7119 6.7588 0.0000 8.8463 6.8967 1.2309 3.6965 9.7608 6.4060 7.9736 7.5142 2.2133 7.2558 7.4693 7.4032 9.0498 7.8540 5.8134 9.8742 7.8375 5.1754 6.6712
8.4209 11.8029 3.4042 6.0336 5.9932 12.0555 6.5259 11.4099 4.6432 4.2582 8.2497 11.3502 8.8448 9.5493 15.1471 9.2136 11.1314 12.9666 8.9387 8.9906 10.2246 1.8972 2.4485 10.4394 11.6318 12.8209 9.9193 15.2694 7.4781 10.4911 9.1019 11.9483 12.0857 10.0459 9.0578 0.0000 2.9752 9.4050 11.9795 1.3123 11.3075 10.4382 10.1263 9.5442 5.9385 2.2438 14.3792 2.0465 6.5601 9.6841 2.5260 6.2515 7.9048 9.4338
5.7279 9.4535 2.5596 3.8312 4.7035 8.9021 4.9013 9.2888 3.5029 3.3056 6.6551 10.0480 7.9391 6.0427 12.5216 7.2435 7.6144 10.2485 6.2891 5.8372 6.9369 2.8992 2.2152 9.3950 8.2246 13.2798 7.8541 12.2251 6.1682 10.5577 7.8899 9.7577 9.4656 8.4725 6.9085 2.7225 0.0000 6.9478 11.3910 3.0430 8.9760 9.4048 9.9705 6.7487 4.4329 1.8120 10.8024 2.2542 4.0256 8.0475 3.2147 4.7380 5.8132 7.2380
5.1163 7.0963 8.4849 8.3011 8.9593 1.9073 9.3473 2.7354 5.8623 7.1385 1.7613 8.9345 6.6888 3.3842 6.5290 8.2601 1.9682 2.4073 5.9006 5.8616 7.3844 9.3485 7.8796 2.5998 2.1327 4.9263 3.1630 7.0445 7.7847 8.1419 1.1882 2.4329 6.6045 6.8011 1.3065 10.9300 6.9111 0.0000 3.0458 11.2607 5.6349 7.5283 8.7871 2.0007 7.5238 8.3433 7.8854 9.7618 7.6620 6.1482 11.4222 8.0548 6.8518 5.5902
8.2673 10.2116 10.9779 9.0130 9.6163 2.7482 9.9643 1.9974 8.2235 9.4633 3.8671 9.5859 8.9765 6.0299 4.5137 7.8904 3.1983 2.0806 6.9919 7.0249 8.6344 14.3782 9.9393 3.8971 3.0226 2.5977 5.3461 5.0155 9.2467 8.3744 3.6118 2.9620 9.4897 6.0019 4.0819 13.4065 10.9438 3.9157 0.0000 14.7840 4.9857 7.9456 10.4732 4.4050 8.6256 10.6870 8.9796 10.9701 8.2601 7.1529 12.1400 9.5952 6.8143 8.9463
9.5952 9.4311 3.8246 6.1921 5.8375 11.8595 7.3723 13.0269 5.0627 5.9821 9.4495 9.9256 9.3055 8.9726 16.1744 7.9561 10.3049 12.0234 8.3852 9.3977 8.7608 2.1054 3.2759 11.4095 12.8687 13.9715 8.9241 15.6671 7.6619 13.2087 10.6179 12.7289 12.9978 10.2389 9.4777 1.3181 3.2487 10.8059 13.0773 0.0000 14.4732 8.9011 12.5550 10.4758 5.8988 2.8000 14.6981 2.8863 6.3943 11.7027 2.5046 5.7720 8.6892 9.8319
8.6260 11.6617 12.2738 9.9105 9.4066 4.5320 9.3117 5.7005 9.4054 9.6159 6.0997 12.4792 12.4816 7.8246 2.7674 5.9943 5.2561 4.5482 4.8938 6.4655 10.5633 11.9046 10.9595 5.9351 6.3062 5.8894 8.6798 2.7154 8.6695 11.8418 4.9457 6.3549 10.7784 3.6202 5.3944 14.2220 9.1212 5.4685 4.7897 11.1522 0.0000 5.2923 12.7507 4.8184 7.1962 10.7215 13.7011 12.9055 7.2222 11.1468 10.5142 7.9725 5.1291 9.7045
9.7171 12.1637 8.4666 5.5762 4.9695 6.5395 4.4756 8.8146 10.6127 6.9655 6.6947 15.1430 10.5188 9.3254 7.4821 3.1931 6.7243 8.3081 3.5807 3.0095 13.3387 8.1741 7.2470 8.5139 9.2360 11.6559 7.9401 5.9615 3.3028 14.8930 8.4099 9.3031 14.9197 2.4100 8.1990 9.2634 9.4766 8.0569 9.0956 10.9906 4.8823 0.0000 14.2083 7.5733 4.8432 8.5148 15.5100 10.2034 5.1634 13.5691 9.2943 4.8864 3.1558 12.6963
4.8410 2.1529 8.3002 12.2416 11.1190 10.7775 14.8217 8.4468 7.8600 9.2062 7.3478 2.0799 3.2787 6.1288 12.5193 12.1606 10.9086 9.0858 11.7439 12.0263 3.0354 12.0041 11.3586 6.8143 7.6370 8.5034 6.9862 15.4467 12.5270 3.4147 7.0773 7.3860 1.9548 13.8874 9.4096 12.7409 11.4122 9.5091 11.3134 10.5741 11.6308 13.0259 0.0000 9.6209 12.8168 11.8981 3.9991 10.7462 12.2421 3.9486 13.3034 12.8264 12.7735 3.9064
4.7622 6.6228 7.5641 7.6785 5.9727 2.2110 8.0439 3.7748 5.7144 6.0820 1.4945 8.3441 5.7231 3.6490 6.7973 6.1770 2.0884 3.0659 4.3203 5.5048 6.2717 10.0282 8.7632 3.9851 3.7581 5.3744 3.3568 6.1525 6.9031 8.0386 2.5793 3.5582 8.2938 5.0586 1.8089 7.7391 6.4060 2.3352 4.8834 10.9230 5.1832 7.2956 7.7040 0.0000 6.4036 7.0106 9.0094 8.8722 6.0318 5.6846 9.6697 6.8418 4.3286 5.4877
10.4633 13.0943 6.8749 1.6709 1.7301 8.7815 1.6503 11.3141 7.0859 3.7466 7.2811 11.6023 10.6185 7.8248 8.8262 2.2237 6.4733 8.9594 4.3012 3.2178 9.5836 4.9050 4.4368 9.8218 8.2023 11.8713 8.2189 10.2968 2.0648 11.7438 7.6435 9.5569 13.3776 6.1869 8.6827 5.8726 4.7920 9.3615 8.9642 5.9617 8.0244 4.9432 11.4134 7.4659 0.0000 4.6405 12.0434 5.5276 2.6026 12.8401 4.7483 1.5779 3.1148 9.9625
6.4703 9.7300 3.1623 4.8721 4.5343 10.4107 6.0838 10.8094 4.7213 3.5772 8.2594 8.6033 10.7685 7.4900 13.6010 6.8361 10.0133 10.0245 7.8063 6.0924 8.0150 2.4534 1.7763 10.3140 8.7534 11.6561 6.9074 12.7303 6.1164 10.3487 9.5849 9.4006 11.1331 8.0490 8.3103 2.4009 1.5511 9.4639 9.8658 2.7134 12.2578 9.0773 10.8391 7.8408 5.9423 0.0000 13.0864 1.9389 3.8573 10.0339 1.9811 5.0286 6.1391 8.4661
6.3809 3.5529 11.3155 14.7509 14.6492 8.3116 14.5314 6.8749 8.0775 11.3906 8.6247 4.0117 3.6424 5.6077 14.2573 15.0180 7.9468 7.1334 13.5599 12.1349 4.7671 14.3488 10.9792 5.9161 6.7934 6.3839 5.0661 12.7507 15.1761 1.5571 8.0007 6.7051 2.5864 13.4824 8.1698 11.2881 10.5035 6.5547 7.2258 13.1486 10.1754 15.6791 3.3912 9.3052 12.7870 13.2857 0.0000 10.3697 11.1605 3.5060 13.8793 11.4614 13.8432 4.3295
6.7520 9.0430 2.8351 5.4964 5.8879 8.7405 7.1569 10.2522 4.6201 3.9188 8.7378 9.1864 8.2285 8.0971 14.6283 7.7523 9.7232 11.0277 8.3527 8.7538 9.1775 2.6038 2.5155 9.1975 9.5594 11.2646 8.0905 12.2995 6.3170 11.8312 8.7809 10.0577 10.1883 8.8560 9.4005 1.9273 2.3202 8.4892 10.8527 2.4154 10.2592 10.0030 10.5545 7.7527 6.4860 2.0000 10.5718 0.0000 5.6748 10.1611 3.1823 5.5220 7.3768 8.2803
8.8796 12.0033 5.4903 1.9042 2.0458 7.8664 3.4244 8.7163 6.5395 2.1523 5.9927 11.5722 9.7643 7.6998 9.7537 3.3626 5.6511 8.9413 3.5787 2.9967 9.5804 4.9287 4.4723 7.4748 8.2430 10.7126 8.4099 8.4412 3.4708 11.0508 8.5428 9.0589 12.2670 5.9783 6.7219 4.9550 3.5976 7.3864 8.1660 5.4170 7.5883 4.6422 12.5847 5.9599 2.7067 3.9672 13.8409 5.3766 0.0000 9.2499 4.0443 1.6686 3.4428 8.1452
4.0530 3.0529 7.6375 10.4047 9.7654 5.9059 11.4796 5.6594 6.2497 10.1815 5.2234 3.9253 2.5039 4.3388 12.1485 12.8902 5.6923 6.3183 9.8213 9.6168 2.9036 10.6975 9.3404 4.2328 5.3800 5.4889 3.5097 10.9060 13.3333 3.1778 4.7828 4.2515 2.6616 11.1540 5.1611 11.6383 9.7025 5.1391 6.3225 12.9753 8.6934 10.7489 4.7128 5.2612 11.1565 11.2109 3.4728 10.5946 8.7131 0.0000 10.6453 9.9052 11.2903 3.2812
8.8949 11.2001 4.3419 4.9551 4.0273 11.5235 5.5455 12.7706 6.4435 3.7542 9.9019 9.3188 9.6121 9.1481 14.9050 6.4922 9.0832 12.6957 7.0073 7.1228 9.6796 1.2946 1.6359 10.5767 10.6873 14.7089 8.3602 14.5278 6.0713 14.1673 11.5412 10.1184 10.3632 8.1657 10.1279 2.0969 2.8998 11.1268 13.3615 2.4668 13.5211 7.9757 12.3495 8.0628 5.0662 2.1612 14.1344 3.1880 4.5360 11.0446 0.0000 5.5769 7.7491 11.1300
9.5820 12.5100 6.5621 1.6359 1.5710 8.1214 2.1892 8.1352 7.4761 2.7156 7.6163 11.4210 10.6562 8.4456 8.9586 2.7734 6.1349 8.2762 4.2230 2.8320 11.2039 5.0592 4.6388 8.1733 8.3353 9.6979 7.6244 10.0280 2.5936 11.8906 7.3634 8.1239 11.0182 5.8809 8.4172 5.4985 5.1442 7.2970 9.9384 6.1037 7.4394 4.2235 10.8992 5.9210 1.8271 4.4783 13.9390 6.0201 1.8038 9.4530 4.6859 0.0000 2.8231 9.9088
8.2569 10.0504 8.0988 3.3075 3.6760 5.7183 4.0728 7.0095 6.3288 4.5238 6.1027 10.3320 8.9289 7.8969 6.9513 2.3664 4.7229 6.8811 1.6584 1.1641 10.1607 8.6303 5.6779 7.8829 8.0827 10.1355 6.9831 7.3195 3.4065 12.6966 5.8144 8.6407 12.1699 2.7681 5.9712 9.3880 6.6763 6.3355 8.2094 7.3613 6.4303 2.8692 12.6709 4.5998 3.2762 6.8776 11.7463 7.7767 3.0538 9.2741 7.5029 3.5796 0.0000 10.8584
2.2199 2.6723 5.4874 9.2333 10.5228 7.2295 10.2566 6.8287 5.1866 8.6545 6.1775 2.5670 2.2532 3.4183 13.0849 11.9314 6.4560 8.0729 9.1295 10.6423 1.5578 9.1638 10.0804 4.3310 6.2440 7.0631 3.3658 11.0296 9.7908 3.7557 5.5179 6.8948 3.5779 11.6605 6.5785 9.8211 8.0079 5.5505 8.5289 9.1770 9.9555 11.6786 3.8728 6.1271 8.8969 8.3068 4.8197 7.0418 9.9624 3.2651 11.1096 10.1317 9.5117 0.0000
0.000 20.296 24.199 34.728 35.169 27.878 38.377 28.131 19.864 28.930 24.577 20.875 18.486 18.387 41.290 37.031 27.483 28.776 32.856 34.125 17.192 34.098 31.882 22.987 24.899 31.798 18.291 42.162 37.487 24.133 25.120 26.038 22.614 37.415 24.834 32.686 28.222 24.786 31.611 33.933 38.144 39.632 23.522 24.743 35.867 30.248 26.005 28.895 31.732 20.231 34.117 33.669 33.809 15.694
20.296 0.000 31.217 43.001 43.448 33.545 46.668 31.689 27.206 37.171 30.978 12.904 13.750 24.754 46.585 45.226 33.736 33.334 40.767 42.166 13.799 41.269 39.509 26.964 28.955 33.546 24.127 47.818 45.762 17.795 30.174 29.752 14.323 44.824 30.599 39.410 35.837 30.297 35.533 40.541 44.157 47.451 14.959 31.583 44.163 37.596 19.952 35.683 40.025 18.537 41.514 41.964 41.842 16.799
24.199 31.217 0.000 26.821 27.341 33.411 30.605 36.469 19.320 21.523 29.798 30.276 30.380 26.850 45.223 31.944 32.014 35.786 30.604 30.805 28.425 22.060 20.568 32.148 33.442 41.272 27.499 45.317 31.185 36.081 32.391 34.657 34.149 36.592 31.127 20.489 17.104 31.501 38.911 21.748 41.036 36.770 33.747 28.919 28.718 18.421 38.067 16.704 24.954 32.410 22.326 26.753 30.603 27.216
34.728 43.001 26.821 0.000 2.312 32.740 17.029 38.052 28.859 17.894 30.693 43.044 41.048 32.841 39.112 18.756 30.863 35.935 21.845 20.450 39.900 23.715 20.777 36.204 36.281 43.258 33.763 38.262 16.916 46.379 34.179 37.164 45.258 26.958 32.431 25.963 22.220 33.081 38.468 26.692 34.569 24.759 46.120 29.265 9.679 22.898 47.925 25.899 14.317 41.394 22.287 8.637 20.525 38.259
35.169 43.448 27.341 2.312 0.000 32.882 14.787 38.233 29.357 18.374 30.911 43.514 41.473 33.190 38.993 18.403 31.007 36.081 21.779 20.308 40.346 24.121 21.240 36.475 36.514 43.427 34.112 38.107 19.848 46.784 34.394 37.381 45.685 26.752 32.645 26.411 22.736 33.298 38.576 27.118 34.459 24.427 46.577 29.482 7.726 23.388 48.315 26.401 15.836 41.776 22.685 9.049 20.403 38.699
27.878 33.545 33.411 32.740 32.882 0.000 34.807 17.642 30.516 29.676 16.411 35.517 30.476 21.505 25.415 30.270 8.343 14.226 24.403 26.363 31.239 39.721 36.238 19.033 17.545 22.624 21.783 26.388 32.177 33.273 15.654 17.679 33.813 25.228 13.581 40.014 33.836 14.453 17.921 41.304 22.612 29.190 36.758 16.519 32.349 36.244 33.746 37.038 29.808 28.067 38.888 30.846 26.066 29.754
38.377 46.668 30.605 17.029 14.787 34.807 0.000 40.320 32.684 21.688 33.232 46.795 44.623 36.071 39.345 17.784 32.957 37.998 22.831 21.011 43.564 26.363 23.936 39.006 38.867 45.428 36.990 38.222 14.543 49.857 36.670 39.651 48.840 26.703 34.931 28.919 25.875 35.594 40.279 29.459 34.913 23.502 49.824 31.811 11.712 26.259 51.333 29.359 18.648 44.771 24.905 16.748 21.216 41.901
28.131 31.689 36.469 38.052 38.233 17.642 40.320 0.000 32.903 34.427 19.539 34.127 28.632 22.215 27.363 35.903 19.405 12.422 30.039 31.997 30.043 43.972 40.631 17.161 14.457 17.247 21.968 28.932 37.771 29.993 18.688 9.315 31.147 30.531 17.823 43.880 37.838 17.256 17.119 45.200 26.069 34.673 34.573 20.914 37.815 40.281 29.985 40.585 35.007 25.405 43.292 36.200 31.697 28.902
19.864 27.206 19.320 28.859 29.357 30.516 32.684 32.903 0.000 23.023 26.825 26.601 26.136 22.922 43.100 32.855 29.358 32.552 30.279 30.926 24.296 26.270 24.304 28.295 29.760 37.489 23.478 43.450 32.606 31.843 28.988 30.985 30.019 35.934 27.928 24.835 20.631 28.206 35.665 26.095 39.179 36.900 29.952 26.197 30.453 22.470 33.794 21.051 26.354 28.065 26.376 28.305 30.667 22.983
28.930 37.171 21.523 17.894 18.374 29.676 21.688 34.427 23.023 0.000 26.888 37.156 35.319 27.699 38.752 22.435 27.863 32.731 22.117 21.787 34.076 22.455 18.863 31.722 32.168 39.667 28.607 38.359 21.727 40.754 30.301 33.195 39.512 28.164 28.611 23.589 17.970 29.208 35.596 24.705 34.250 27.559 40.257 25.535 19.438 19.767 42.386 22.024 15.310 35.924 21.406 17.328 21.651 32.459
24.577 30.978 29.798 30.693 30.911 16.411 33.232 19.539 26.825 26.888 0.000 32.683 27.998 18.370 28.833 29.393 12.917 18.099 23.718 25.581 28.417 36.569 33.169 18.054 17.636 24.783 18.869 29.601 30.958 31.560 15.504 18.471 31.689 26.217 7.761 36.667 30.534 10.615 21.185 37.973 25.569 29.572 34.290 6.352 30.654 32.967 32.367 33.562 27.580 26.174 35.832 28.897 25.255 26.824
20.875 12.904 30.276 43.044 43.514 35.517 46.795 34.127 26.601 37.156 32.683 0.000 17.576 26.327 48.750 45.830 35.525 35.589 41.728 42.995 19.025 40.213 38.770 29.230 31.251 36.271 25.833 49.884 46.156 20.443 32.265 32.131 17.748 46.156 32.503 38.145 35.143 32.269 37.945 39.205 46.095 48.497 15.795 33.129 44.370 36.696 22.550 34.513 40.203 21.293 40.592 42.168 42.680 17.875
18.486 13.750 30.380 41.048 41.473 30.476 44.623 28.632 26.136 35.319 27.998 17.576 0.000 21.886 43.491 42.818 30.717 30.242 38.137 39.616 10.755 40.401 38.323 23.871 25.865 30.708 21.195 44.729 43.508 17.706 27.089 26.676 18.747 41.971 27.552 38.796 34.652 27.233 32.470 39.996 41.087 44.747 18.302 28.671 42.065 36.602 19.702 35.012 37.980 16.981 40.498 39.884 39.288 14.067
18.387 24.754 26.850 32.841 33.190 21.505 36.071 22.215 22.922 27.699 18.370 26.327 21.886 0.000 34.919 33.454 21.248 22.486 28.418 30.015 22.076 35.552 32.612 17.379 18.980 26.577 4.097 35.843 34.467 26.199 18.796 20.195 25.841 32.089 18.454 34.891 29.291 18.402 25.431 36.213 31.897 34.918 28.104 18.837 33.440 31.664 27.420 31.311 29.629 20.864 35.172 31.365 29.682 20.459
41.290 46.585 45.223 39.112 38.993 25.415 39.345 27.363 43.100 38.752 28.833 48.750 43.491 34.919 0.000 33.582 25.984 25.283 29.322 30.689 44.497 49.167 45.583 31.628 29.668 28.672 35.171 9.567 36.086 45.351 28.488 29.019 46.393 24.715 28.467 50.259 44.218 28.583 23.684 51.427 16.558 28.771 49.657 29.065 37.701 46.382 45.316 47.996 37.226 40.597 48.011 37.254 30.591 43.082
37.031 45.226 31.944 18.756 18.403 30.270 17.784 35.903 32.855 22.435 29.393 45.830 42.818 33.454 33.582 0.000 28.512 33.380 17.867 17.364 42.161 30.447 27.351 35.415 34.924 40.818 34.336 32.438 11.163 47.627 32.640 35.542 46.993 20.920 30.968 32.574 28.077 31.629 35.358 33.377 29.183 18.034 48.527 28.047 16.718 29.242 48.865 32.033 19.073 42.318 29.031 17.619 18.705 40.436
27.483 33.736 32.014 30.863 31.007 8.343 32.957 19.405 29.358 27.863 12.917 35.525 30.717 21.248 25.984 28.512 0.000 17.074 22.655 24.608 31.250 37.987 34.481 19.888 18.756 24.472 21.692 26.702 30.367 33.954 19.975 19.142 34.275 24.023 14.529 38.367 32.177 16.772 19.744 39.647 22.665 27.770 37.019 14.048 30.487 34.567 34.591 35.483 27.934 28.633 37.123 28.971 24.304 29.681
28.776 33.334 35.786 35.935 36.081 14.226 37.998 12.422 32.552 32.731 18.099 35.589 30.242 22.486 25.283 33.380 17.074 0.000 27.517 29.478 31.383 42.622 39.184 18.372 19.498 19.450 22.485 26.669 35.336 32.207 16.427 16.954 33.126 27.746 16.660 42.765 36.625 19.317 13.894 44.070 23.508 31.921 36.377 19.284 35.548 39.054 32.377 39.647 32.984 27.324 41.843 34.045 29.188 30.073
32.856 40.767 30.604 21.845 21.779 24.403 22.831 30.039 30.279 22.117 23.718 41.728 38.137 28.418 29.322 17.867 22.655 27.517 0.000 8.715 37.793 32.165 28.650 29.771 29.151 34.960 29.249 28.615 19.899 42.590 26.856 29.722 42.216 18.075 25.219 33.643 28.038 25.874 29.567 34.696 24.766 18.807 44.122 22.437 20.701 29.869 43.672 32.068 19.977 37.206 30.915 19.951 7.451 36.061
34.125 42.166 30.805 20.450 20.308 26.363 21.011 31.997 30.926 21.787 25.581 42.995 39.616 30.015 30.689 17.364 24.608 29.478 8.715 0.000 39.151 31.359 27.936 31.626 31.063 36.920 30.869 29.813 17.984 44.212 28.772 31.656 43.738 18.647 27.118 33.056 27.754 27.776 31.506 34.037 26.163 18.000 45.506 24.268 19.050 29.389 45.355 31.809 19.118 38.851 30.044 18.661 1.483 37.417
17.192 13.799 28.425 39.900 40.346 31.239 43.564 30.043 24.296 34.076 28.417 19.025 10.755 22.076 44.497 42.161 31.250 31.383 37.793 39.151 0.000 38.483 36.584 25.052 27.080 32.572 21.558 45.612 42.668 19.781 28.009 28.010 17.728 42.021 28.223 36.753 32.907 27.993 33.826 37.924 41.814 44.515 18.367 28.900 41.058 34.747 21.879 32.987 36.920 18.052 38.661 38.859 38.830 7.708
34.098 41.269 22.060 23.715 24.121 39.721 26.363 43.972 26.270 22.455 36.569 40.213 40.401 35.552 49.167 30.447 37.987 42.622 32.165 31.359 38.483 0.000 15.966 40.447 41.324 49.114 36.347 48.688 28.567 46.107 39.767 42.464 44.209 37.996 38.199 13.030 18.264 38.725 45.615 13.845 44.643 36.386 43.723 35.339 25.858 17.400 48.064 17.755 24.253 42.212 6.482 24.973 31.320 37.242
31.882 39.509 20.568 20.777 21.240 36.238 23.936 40.631 24.304 18.863 33.169 38.770 38.323 32.612 45.583 27.351 34.481 39.184 28.650 27.936 36.584 15.966 0.000 37.316 38.081 45.813 33.447 45.126 25.693 44.008 36.435 39.194 42.296 34.546 34.829 17.224 16.347 35.376 42.147 18.108 41.064 33.173 42.197 31.904 22.955 11.129 45.880 17.649 20.820 39.791 11.833 21.761 27.877 35.206
22.987 26.964 32.148 36.204 36.475 19.033 39.006 17.161 28.295 31.722 18.054 29.230 23.871 17.379 31.628 35.415 19.888 18.372 29.771 31.626 25.052 40.447 37.316 0.000 9.015 21.199 16.952 32.923 36.893 26.244 15.617 13.622 26.895 31.903 16.702 40.006 34.197 18.324 20.813 41.332 29.459 35.510 30.038 19.368 36.392 36.617 26.740 36.514 33.009 21.103 39.939 34.508 31.299 23.817
24.899 28.955 33.442 36.281 36.514 17.545 38.867 14.457 29.760 32.168 17.636 31.251 25.865 18.980 29.668 34.924 18.756 19.498 29.151 31.063 27.080 41.324 38.081 9.015 0.000 19.859 18.715 31.017 36.565 27.956 10.229 5.446 28.766 30.713 17.622 41.064 35.119 14.666 18.796 42.388 27.672 34.526 31.990 19.058 36.287 37.558 28.285 37.673 33.136 22.962 40.729 34.509 30.744 25.842
31.798 33.546 41.272 43.258 43.427 22.624 45.428 17.247 37.489 39.667 24.783 36.271 30.708 26.577 28.672 40.818 24.472 19.450 34.960 36.920 32.572 49.114 45.813 21.199 19.859 0.000 26.113 30.606 42.787 30.459 21.390 18.674 32.232 34.700 23.056 48.915 42.939 22.469 17.955 50.239 28.773 39.040 35.962 26.161 42.956 45.380 29.830 45.532 40.234 27.009 48.471 41.392 36.633 31.775
18.291 24.127 27.499 33.763 34.112 21.783 36.990 21.968 23.478 28.607 18.869 25.833 21.195 4.097 35.171 34.336 21.692 22.485 29.249 30.869 21.558 36.347 33.447 16.952 18.715 26.113 0.000 36.166 35.372 25.346 18.840 19.903 25.073 32.787 18.732 35.624 30.092 18.590 25.340 36.943 32.288 35.702 27.459 19.475 34.360 32.450 26.530 32.012 30.551 19.987 35.993 32.286 30.536 20.002
42.162 47.818 45.317 38.262 38.107 26.388 38.222 28.932 43.450 38.359 29.601 49.884 44.729 35.843 9.567 32.438 26.702 26.669 28.615 29.813 45.612 48.688 45.126 32.923 31.017 30.606 36.166 0.000 34.950 46.856 29.648 30.464 47.782 23.519 29.434 49.931 43.985 29.622 25.383 51.063 19.046 27.309 50.952 29.666 36.731 46.072 46.916 47.848 36.587 41.978 47.482 36.454 29.750 44.142
37.487 45.762 31.185 16.916 19.848 32.177 14.543 37.771 32.606 21.727 30.958 46.156 43.508 34.467 36.086 11.163 30.367 35.336 19.899 17.984 42.668 28.567 25.693 36.893 36.565 42.787 35.372 34.950 0.000 48.523 34.313 37.263 47.715 23.431 32.601 30.875 26.909 33.267 37.463 31.580 31.671 20.349 49.009 29.566 12.170 27.777 49.870 30.722 18.292 43.298 27.123 19.700 18.232 40.963
24.133 17.795 36.081 46.379 46.784 33.273 49.857 29.993 31.843 40.754 31.560 20.443 17.706 26.199 45.351 47.627 33.954 32.207 42.590 44.212 19.781 46.107 44.008 26.244 27.956 30.459 25.346 46.856 48.523 0.000 29.751 28.397 12.006 45.776 30.685 44.479 40.341 30.213 33.762 45.667 43.627 48.962 18.274 32.514 47.263 42.307 9.610 40.699 43.250 17.408 46.201 45.109 43.879 20.867
25.120 30.174 32.391 34.179 34.394 15.654 36.670 18.688 28.988 30.301 15.504 32.265 27.089 18.796 28.488 32.640 19.975 16.427 26.856 28.772 28.009 39.767 36.435 15.617 10.229 21.390 18.840 29.648 34.313 29.751 0.000 13.281 30.322 28.502 7.771 39.689 33.636 4.902 18.723 41.007 26.039 32.252 33.340 16.914 34.107 36.078 30.245 36.428 31.068 24.558 39.095 32.376 28.454 26.610
26.038 29.752 34.657 37.164 37.381 17.679 39.651 9.315 30.985 33.195 18.471 32.131 26.676 20.195 29.019 35.542 19.142 16.954 29.722 31.656 28.010 42.464 39.194 13.622 5.446 18.674 19.903 30.464 37.263 28.397 13.281 0.000 29.377 30.904 16.736 42.242 36.273 18.147 17.817 43.566 27.306 34.848 32.709 19.899 37.092 38.714 28.571 38.870 34.046 23.588 41.847 35.364 31.343 26.835
22.614 14.323 34.149 45.258 45.685 33.813 48.840 31.147 30.019 39.512 31.689 17.748 18.747 25.841 46.393 46.993 34.275 33.126 42.216 43.738 17.728 44.209 42.296 26.895 28.766 32.232 25.073 47.782 47.715 12.006 30.322 29.377 0.000 45.825 31.033 42.443 38.618 30.634 34.984 43.598 44.348 48.759 16.984 32.491 46.283 40.475 16.806 38.690 42.196 17.804 44.388 44.101 43.408 19.129
37.415 44.824 36.592 26.958 26.752 25.228 26.703 30.531 35.934 28.164 26.217 46.156 41.971 32.089 24.715 20.920 24.023 27.746 18.075 18.647 42.021 37.996 34.546 31.903 30.713 34.700 32.787 23.519 23.431 45.776 28.502 30.904 45.825 0.000 27.224 39.620 34.104 27.781 28.796 40.634 20.457 19.987 48.183 25.334 25.289 35.888 46.543 38.140 25.745 40.387 36.689 25.258 18.676 40.322
24.834 30.599 31.127 32.431 32.645 13.581 34.931 17.823 27.928 28.611 7.761 32.503 27.552 18.454 28.467 30.968 14.529 16.660 25.219 27.118 28.223 38.199 34.829 16.702 17.622 23.056 18.732 29.434 32.601 30.685 7.771 16.736 31.033 27.224 0.000 38.214 32.115 2.959 19.786 39.527 25.593 30.812 33.850 14.078 32.363 34.555 31.339 35.032 29.324 25.368 37.491 30.628 26.796 26.717
32.686 39.410 20.489 25.963 26.411 40.014 28.919 43.880 24.835 23.589 36.667 38.145 38.796 34.891 50.259 32.574 38.367 42.765 33.643 33.056 36.753 13.030 17.224 40.006 41.064 48.915 35.624 49.931 30.875 44.479 39.689 42.242 42.443 39.620 38.214 0.000 18.193 38.692 45.828 5.893 45.790 38.387 41.686 35.534 28.139 17.246 46.497 16.857 25.968 40.899 18.785 26.984 32.978 35.633
28.222 35.837 17.104 22.220 22.736 33.836 25.875 37.838 20.631 17.970 30.534 35.143 34.652 29.291 44.218 28.077 32.177 36.625 28.038 27.754 32.907 18.264 16.347 34.197 35.119 42.939 30.092 43.985 26.909 40.341 33.636 36.273 38.618 34.104 32.115 18.193 0.000 32.615 39.671 19.471 39.794 33.470 38.549 29.371 24.276 10.857 42.226 18.018 21.029 36.187 17.967 22.552 27.621 31.530
24.786 30.297 31.501 33.081 33.298 14.453 35.594 17.256 28.206 29.208 10.615 32.269 27.233 18.402 28.583 31.629 16.772 19.317 25.874 27.776 27.993 38.725 35.376 18.324 14.666 22.469 18.590 29.622 33.267 30.213 4.902 18.147 30.634 27.781 2.959 38.692 32.615 0.000 19.460 40.007 25.861 31.419 33.521 16.961 33.025 35.056 30.819 35.470 29.967 24.931 38.037 31.282 27.455 26.523
31.611 35.533 38.911 38.468 38.576 17.921 40.279 17.119 35.665 35.596 21.185 37.945 32.470 25.431 23.684 35.358 19.744 13.894 29.567 31.506 33.826 45.615 42.147 20.813 18.796 17.955 25.340 25.383 37.463 33.762 18.723 17.817 34.984 28.796 19.786 45.828 39.671 19.460 0.000 47.128 22.997 33.183 38.424 22.300 37.915 42.093 33.645 42.747 35.620 29.254 44.800 36.548 31.240 32.629
33.933 40.541 21.748 26.692 27.118 41.304 29.459 45.200 26.095 24.705 37.973 39.205 39.996 36.213 51.427 33.377 39.647 44.070 34.696 34.037 37.924 13.845 18.108 41.332 42.388 50.239 36.943 51.063 31.580 45.667 41.007 43.566 43.598 40.634 39.527 5.893 19.471 40.007 47.128 0.000 46.943 39.254 42.753 36.832 28.855 17.103 47.698 17.044 26.925 42.154 16.563 27.829 33.972 36.836
38.144 44.157 41.036 34.569 34.459 22.612 34.913 26.069 39.179 34.250 25.569 46.095 41.087 31.897 16.558 29.183 22.665 23.508 24.766 26.163 41.814 44.643 41.064 29.459 27.672 28.773 32.288 19.046 31.671 43.627 26.039 27.306 44.348 20.457 25.593 45.790 39.794 25.861 22.997 46.943 0.000 24.763 47.363 25.518 33.195 41.920 43.877 43.624 32.670 38.563 43.474 32.704 26.056 40.289
39.632 47.451 36.770 24.759 24.427 29.190 23.502 34.673 36.900 27.559 29.572 48.497 44.747 34.918 28.771 18.034 27.770 31.921 18.807 18.000 44.515 36.386 33.173 35.510 34.526 39.040 35.702 27.309 20.349 48.962 32.252 34.848 48.759 19.987 30.812 38.387 33.470 31.419 33.183 39.254 24.763 0.000 50.814 28.481 22.752 34.894 49.900 37.507 24.513 43.555 34.988 23.427 18.240 42.787
23.522 14.959 33.747 46.120 46.577 36.758 49.824 34.573 29.952 40.257 34.290 15.795 18.302 28.104 49.657 48.527 37.019 36.377 44.122 45.506 18.367 43.723 42.197 30.038 31.990 35.962 27.459 50.952 49.009 18.274 33.340 32.709 16.984 48.183 33.850 41.686 38.549 33.521 38.424 42.753 47.363 50.814 0.000 34.926 47.347 40.167 20.109 38.039 43.194 21.182 44.072 45.145 45.184 20.097
24.743 31.583 28.919 29.265 29.482 16.519 31.811 20.914 26.197 25.535 6.352 33.129 28.671 18.837 29.065 28.047 14.048 19.284 22.437 24.268 28.900 35.339 31.904 19.368 19.058 26.161 19.475 29.666 29.566 32.514 16.914 19.899 32.491 25.334 14.078 35.534 29.371 16.961 22.300 36.832 25.518 28.481 34.926 0.000 29.229 31.792 33.420 32.522 26.157 27.108 34.564 27.468 23.939 27.254
35.867 44.163 28.718 9.679 7.726 32.349 11.712 37.815 30.453 19.438 30.654 44.370 42.065 33.440 37.701 16.718 30.487 35.548 20.701 19.050 41.058 25.858 22.955 36.392 36.287 42.956 34.360 36.731 12.170 47.263 34.107 37.092 46.283 25.289 32.363 28.139 24.276 33.025 37.915 28.855 33.195 22.752 47.347 29.229 0.000 25.056 48.721 28.029 18.522 42.156 24.421 9.791 19.194 39.383
30.248 37.596 18.421 22.898 23.388 36.244 26.259 40.281 22.470 19.767 32.967 36.696 36.602 31.664 46.382 29.242 34.567 39.054 29.869 29.389 34.747 17.400 11.129 36.617 37.558 45.380 32.450 46.072 27.777 42.307 36.078 38.714 40.475 35.888 34.555 17.246 10.857 35.056 42.093 17.103 41.920 34.894 40.167 31.792 25.056 0.000 44.239 14.037 22.387 38.325 17.412 23.624 29.290 33.452
26.005 19.952 38.067 47.925 48.315 33.746 51.333 29.985 33.794 42.386 32.367 22.550 19.702 27.420 45.316 48.865 34.591 32.377 43.672 45.355 21.879 48.064 45.880 26.740 28.285 29.830 26.530 46.916 49.870 9.610 30.245 28.571 16.806 46.543 31.339 46.497 42.226 30.819 33.645 47.698 43.877 49.900 20.109 33.420 48.721 44.239 0.000 42.710 44.764 18.574 48.118 46.590 45.022 22.863
28.895 35.683 16.704 25.899 26.401 37.038 29.359 40.585 21.051 22.024 33.562 34.513 35.012 31.311 47.996 32.033 35.483 39.647 32.068 31.809 32.987 17.755 17.649 36.514 37.673 45.532 32.012 47.848 30.722 40.699 36.428 38.870 38.690 38.140 35.032 16.857 18.018 35.470 42.747 17.044 43.624 37.507 38.039 32.522 28.029 14.037 42.710 0.000 25.029 37.113 18.418 26.452 31.675 31.848
31.732 40.025 24.954 14.317 15.836 29.808 18.648 35.007 26.354 15.310 27.580 40.203 37.980 29.629 37.226 19.073 27.934 32.984 19.977 19.118 36.920 24.253 20.820 33.009 33.136 40.234 30.551 36.587 18.292 43.250 31.068 34.046 42.196 25.745 29.324 25.968 21.029 29.967 35.620 26.925 32.670 24.513 43.194 26.157 18.522 22.387 44.764 25.029 0.000 38.220 22.963 8.759 19.069 35.254
20.231 18.537 32.410 41.394 41.776 28.067 44.771 25.405 28.065 35.924 26.174 21.293 16.981 20.864 40.597 42.318 28.633 27.324 37.206 38.851 18.052 42.212 39.791 21.103 22.962 27.009 19.987 41.978 43.298 17.408 24.558 23.588 17.804 40.387 25.368 40.899 36.187 24.931 29.254 42.154 38.563 43.555 21.182 27.108 42.156 38.325 18.574 37.113 38.220 0.000 42.139 40.033 38.518 18.002
34.117 41.514 22.326 22.287 22.685 38.888 24.905 43.292 26.376 21.406 35.832 40.592 40.498 35.172 48.011 29.031 37.123 41.843 30.915 30.044 38.661 6.482 11.833 39.939 40.729 48.471 35.993 47.482 27.123 46.201 39.095 41.847 44.388 36.689 37.491 18.785 17.967 38.037 44.800 16.563 43.474 34.988 44.072 34.564 24.421 17.412 48.118 18.418 22.963 42.139 0.000 23.593 30.017 37.353
33.669 41.964 26.753 8.637 9.049 30.846 16.748 36.200 28.305 17.328 28.897 42.168 39.884 31.365 37.254 17.619 28.971 34.045 19.951 18.661 38.859 24.973 21.761 34.508 34.509 41.392 32.286 36.454 19.700 45.109 32.376 35.364 44.101 25.258 30.628 26.984 22.552 31.282 36.548 27.829 32.704 23.427 45.145 27.468 9.791 23.624 46.590 26.452 8.759 40.033 23.593 0.000 18.705 37.187
33.809 41.842 30.603 20.525 20.403 26.066 21.216 31.697 30.667 21.651 25.255 42.680 39.288 29.682 30.591 18.705 24.304 29.188 7.451 1.483 38.830 31.320 27.877 31.299 30.744 36.633 30.536 29.750 18.232 43.879 28.454 31.343 43.408 18.676 26.796 32.978 27.621 27.455 31.240 33.972 26.056 18.240 45.184 23.939 19.194 29.290 45.022 31.675 19.069 38.518 30.017 18.705 0.000 37.096
15.694 16.799 27.216 38.259 38.699 29.754 41.901 28.902 22.983 32.459 26.824 17.875 14.067 20.459 43.082 40.436 29.681 30.073 36.061 37.417 7.708 37.242 35.206 23.817 25.842 31.775 20.002 44.142 40.963 20.867 26.610 26.835 19.129 40.322 26.717 35.633 31.530 26.523 32.629 36.836 40.289 42.787 20.097 27.254 39.383 33.452 22.863 31.848 35.254 18.002 37.353 37.187 37.096 0.000
0.0000 2.7653 4.0662 7.5760 7.7231 5.2927 8.7924 5.3770 2.6212 5.6432 4.1923 2.9583 2.1621 2.1290 9.7633 8.3437 5.1611 5.5920 6.9519 7.3750 1.7306 7.3662 6.6274 3.6623 4.2998 6.5993 2.0971 10.0540 8.4958 4.0444 4.3733 4.6794 3.5380 8.4718 4.2781 6.8953 5.4074 4.2621 6.5370 7.3109 8.7146 9.2108 3.8408 4.2478 7.9557 6.0827 4.6682 5.6318 6.5773 2.7438 7.3724 7.2229 7.2698 1.1771
2.7653 0.0000 6.4055 10.3337 10.4828 7.1816 11.5561 6.5630 5.0686 8.3902 6.3259 0.9678 1.0313 4.2512 11.5284 11.0753 7.2455 7.1113 9.5888 10.0552 1.0349 9.7564 9.1697 4.9881 5.6516 7.1819 4.0423 11.9395 11.2540 1.9317 6.0581 5.9174 1.0742 10.9413 6.1997 9.1368 7.9455 6.0990 7.8444 9.5136 10.7189 11.8171 1.1219 6.5277 10.7210 8.5321 2.6507 7.8943 9.3417 2.1790 9.8379 9.9881 9.9474 1.5998
4.0662 6.4055 0.0000 4.9405 5.1136 7.1369 6.2017 8.1563 1.4490 3.1745 5.9325 6.0919 6.1268 4.9499 11.0742 6.6482 6.6715 7.9286 6.2015 6.2684 5.4751 3.3535 2.8560 6.7161 7.1473 9.7573 5.1663 11.1056 6.3949 8.0269 6.7971 7.5522 7.3831 8.1974 6.3757 2.8297 1.7015 6.5003 8.9702 3.2494 9.6788 8.2568 7.2491 5.6396 5.5726 2.1403 8.6891 1.5680 4.3180 6.8035 3.4419 4.9175 6.2010 5.0719
7.5760 10.3337 4.9405 0.0000 0.1734 6.9134 1.2772 8.6839 5.6197 1.9646 6.2310 10.3480 9.6827 6.9471 9.0372 2.2519 6.2878 7.9784 3.2818 2.8165 9.3000 3.9050 2.9257 8.0681 8.0937 10.4192 7.2544 8.7540 1.6387 11.4598 7.3930 8.3880 11.0860 4.9861 6.8105 4.6543 3.4067 7.0271 8.8225 4.8973 7.5229 4.2531 11.3733 5.7550 0.7259 3.6326 11.9751 4.6331 1.0738 9.7980 3.4291 0.6478 2.8418 8.7529
7.7231 10.4828 5.1136 0.1734 0.0000 6.9607 1.1090 8.7442 5.7857 2.1248 6.3037 10.5046 9.8242 7.0634 8.9977 2.1342 6.3355 8.0268 3.2597 2.7694 9.4486 4.0402 3.0801 8.1583 8.1714 10.4755 7.3707 8.7022 1.4886 11.5946 7.4645 8.4602 11.2283 4.9172 6.8817 4.8036 3.5787 7.0994 8.8586 5.0394 7.4863 4.1422 11.5256 5.8274 0.5794 3.7959 12.1050 4.8004 1.1877 9.9254 3.5615 0.6787 2.8011 8.8997
5.2927 7.1816 7.1369 6.9134 6.9607 0.0000 7.6022 1.8807 6.1720 5.8922 1.2308 7.8389 6.1587 3.1683 4.4716 6.0900 0.6257 1.0670 4.1345 4.7877 6.4131 9.2403 8.0793 2.3444 1.8482 3.5413 3.2611 4.7960 6.7257 7.0911 1.1741 1.8931 7.2711 4.4094 1.0186 9.3379 7.2785 1.0840 1.9736 9.7681 3.5373 5.7299 8.2526 1.5063 6.7830 8.0813 7.2488 8.3461 5.9359 5.3556 8.9627 6.2821 4.6887 5.9181
8.7924 11.5561 6.2017 1.2772 1.1090 7.6022 0.0000 9.4401 6.8945 3.2293 7.0772 11.5983 10.8742 8.0236 9.1150 1.9279 6.9857 8.6660 3.6105 3.0037 10.5212 4.7877 3.9786 9.0021 8.9557 11.1428 8.3302 8.7406 1.0907 12.6191 8.2233 9.2170 12.2799 4.9010 7.6435 5.6395 4.6250 7.8646 9.4262 5.8197 7.6377 3.8341 12.6081 6.6036 0.8784 4.7529 13.1109 5.7865 2.2160 10.9238 4.3017 1.5828 3.0721 9.9671
5.3770 6.5630 8.1563 8.6839 8.7442 1.8807 9.4401 0.0000 6.9677 7.4756 2.5132 7.3756 5.5439 3.4051 5.1209 7.9678 2.4685 0.9316 6.0129 6.6655 6.0143 10.6573 9.5438 1.7202 1.0843 1.7489 3.3227 5.6439 8.5903 5.9975 1.4016 0.6987 6.3822 6.1771 1.9409 10.6266 8.6128 1.7521 1.2839 11.0665 4.6898 7.5576 7.5243 2.9715 8.6050 9.4271 5.9948 9.5285 7.6689 4.4682 10.4308 8.0668 6.5656 5.6340
2.6212 5.0686 1.4490 5.6197 5.7857 6.1720 6.8945 6.9677 0.0000 3.6744 4.9417 4.8670 4.7122 3.6408 10.3666 6.9515 5.7859 6.8505 6.0929 6.3085 4.0985 4.7567 4.1012 5.4318 5.9200 8.4962 3.8259 10.4834 6.8688 6.6142 5.6626 6.3284 6.0063 7.9779 5.3093 4.2782 2.8770 5.4022 7.8882 4.6984 9.0598 8.3001 5.9841 4.7323 6.1510 3.4899 7.2648 3.0170 4.7846 5.3550 4.7919 5.4351 6.2225 3.6610
5.6432 8.3902 3.1745 1.9646 2.1248 5.8922 3.2293 7.4756 3.6744 0.0000 4.9626 8.3852 7.7730 5.2329 8.9174 3.4783 5.2878 6.9104 3.3724 3.2622 7.3588 3.4852 2.2877 6.5741 6.7225 9.2223 5.5356 8.7862 3.2423 9.5847 6.1003 7.0650 9.1706 5.3880 5.5369 3.8629 1.9899 5.7359 7.8652 4.2349 7.4168 5.1863 9.4190 4.5115 2.4793 2.5890 10.1286 3.3412 1.1482 7.9746 3.1355 1.7761 3.2171 6.8197
4.1923 6.3259 5.9325 6.2310 6.3037 1.2308 7.0772 2.5132 4.9417 4.9626 0.0000 6.8942 5.3326 2.1233 5.6108 5.7977 0.9688 2.0329 3.9059 4.5270 5.4722 8.1896 7.0564 2.0179 1.8785 4.2608 2.2896 5.8669 6.3192 6.5200 1.1628 2.1570 6.5630 4.7388 0.5821 8.2222 6.1780 0.7961 3.0616 8.6577 4.5232 5.8573 7.4300 0.4764 6.2180 6.9890 6.7890 7.1875 5.1934 4.7246 7.9439 5.6324 4.4182 4.9412
2.9583 0.9678 6.0919 10.3480 10.5046 7.8389 11.5983 7.3756 4.8670 8.3852 6.8942 0.0000 1.8586 4.7758 12.2498 11.2766 7.8416 7.8629 9.9094 10.3315 1.4269 9.4042 8.9235 5.7434 6.4169 8.0905 4.6109 12.6280 11.3855 2.8142 6.7550 6.7103 1.9160 11.3852 6.8344 8.7151 7.7142 6.7563 8.6482 9.0683 11.3650 12.1658 1.1846 7.0429 10.7899 8.2321 3.5167 7.5042 9.4011 3.0975 9.5306 10.0559 10.2267 1.9583
2.1621 1.0313 6.1268 9.6827 9.8242 6.1587 10.8742 5.5439 4.7122 7.7730 5.3326 1.8586 0.0000 3.2953 10.4972 10.2727 6.2391 6.0806 8.7122 9.2052 0.8066 9.4671 8.7744 3.9571 4.6216 6.2361 3.0651 10.9098 10.5025 1.9021 5.0295 4.8922 1.4060 9.9903 5.1839 8.9322 7.5507 5.0776 6.8232 9.3320 9.6956 10.9156 2.1008 5.5569 10.0218 8.2006 2.5673 7.6706 8.6600 1.2736 9.4994 9.2945 9.0960 1.0550
2.1290 4.2512 4.9499 6.9471 7.0634 3.1683 8.0236 3.4051 3.6408 5.2329 2.1233 4.7758 3.2953 0.0000 7.6398 7.1512 3.0826 3.4954 5.4727 6.0049 3.3588 7.8506 6.8705 1.7929 2.3266 4.8590 0.3073 7.9476 7.4891 4.7329 2.2655 2.7315 4.6136 6.6963 2.1513 7.6304 5.7636 2.1339 4.4771 8.0710 6.6323 7.6394 5.3681 2.2790 7.1468 6.5547 5.1400 6.4371 5.8763 2.9547 7.7239 6.4549 5.8940 2.8198
9.7633 11.5284 11.0742 9.0372 8.9977 4.4716 9.1150 5.1209 10.3666 8.9174 5.6108 12.2498 10.4972 7.6398 0.0000 7.1940 4.6614 4.4277 5.7741 6.2296 10.8325 12.3890 11.1945 6.5426 5.8894 5.5574 7.7237 0.7175 8.0285 11.1169 5.4961 5.6730 11.4643 4.2384 5.4890 12.7530 10.7392 5.5276 3.8948 13.1423 1.5194 5.5903 12.5525 5.6885 8.5670 11.4608 11.1054 11.9986 8.4087 9.5323 12.0035 8.4180 6.1970 10.3608
8.3437 11.0753 6.6482 2.2519 2.1342 6.0900 1.9279 7.9678 6.9515 3.4783 5.7977 11.2766 10.2727 7.1512 7.1940 0.0000 5.5041 7.1266 1.9556 1.3023 10.0536 6.1491 5.1170 7.8049 7.6413 9.6061 7.4454 6.8127 0.8372 11.8757 6.8801 7.8473 11.6643 2.9732 6.3225 6.8581 5.3591 6.5431 7.7859 7.1257 5.7276 2.0114 12.1756 5.3490 1.5728 5.7473 12.2883 6.6777 2.3577 10.1059 5.6769 1.8732 1.4029 9.4785
5.1611 7.2455 6.6715 6.2878 6.3355 0.6257 6.9857 2.4685 5.7859 5.2878 0.9688 7.8416 6.2391 3.0826 4.6614 5.5041 0.0000 1.6914 3.5517 4.2026 6.4166 8.6622 7.4935 2.6292 2.2519 4.1574 3.2307 4.9006 6.1223 7.3179 1.4981 2.3806 7.4251 4.0077 1.0897 8.7888 6.7255 1.2579 2.5815 9.2157 3.5549 5.2568 8.3398 1.0536 6.1623 7.5224 7.5302 7.8276 5.3112 5.5443 8.3744 5.6569 4.1013 5.8938
5.5920 7.1113 7.9286 7.9784 8.0268 1.0670 8.6660 0.9316 6.8505 6.9104 2.0329 7.8629 6.0806 3.4954 4.4277 7.1266 1.6914 0.0000 5.1723 5.8259 6.4610 10.2072 9.0614 2.1241 1.4623 2.4834 3.4950 4.8897 7.7788 6.7356 1.2320 1.2716 7.0421 5.2488 1.5534 10.2548 8.2082 1.4488 1.0421 10.6899 3.8361 6.6403 8.1257 2.4278 7.8493 9.0181 6.7924 9.2157 6.9946 5.1081 9.9478 7.3482 5.7294 6.0243
6.9519 9.5888 6.2015 3.2818 3.2597 4.1345 3.6105 6.0129 6.0929 3.3724 3.9059 9.9094 8.7122 5.4727 5.7741 1.9556 3.5517 5.1723 0.0000 0.6536 8.5978 6.7217 5.5499 5.9236 5.7171 7.6533 5.7496 5.5384 2.6331 10.1967 4.9519 5.9073 10.0718 2.0249 4.4064 7.2143 5.3459 4.6247 5.8555 7.5653 4.2554 2.2690 10.7073 3.4791 2.9003 5.9565 10.5573 6.6895 2.6590 8.4019 6.3050 2.6504 0.5588 8.0202
7.3750 10.0552 6.2684 2.8165 2.7694 4.7877 3.0037 6.6655 6.3085 3.2622 4.5270 10.3315 9.2052 6.0049 6.2296 1.3023 4.2026 5.8259 0.6536 0.0000 9.0505 6.4529 5.3119 6.5421 6.3544 8.3067 6.2898 5.9377 1.9948 10.7374 5.5908 6.5520 10.5792 2.2156 5.0393 7.0188 5.2515 5.2588 6.5019 7.3457 4.7211 2.0001 11.1686 4.0892 2.3499 5.7962 11.1184 6.6028 2.3726 8.9503 6.0148 2.2202 0.1113 8.4724
1.7306 1.0349 5.4751 9.3000 9.4486 6.4131 10.5212 6.0143 4.0985 7.3588 5.4722 1.4269 0.8066 3.3588 10.8325 10.0536 6.4166 6.4610 8.5978 9.0505 0.0000 8.8278 8.1948 4.3507 5.0266 6.8573 3.1860 11.2040 10.2227 2.5937 5.3364 5.3367 1.9095 10.0068 5.4076 8.2509 6.9689 5.3310 7.2754 8.6412 9.9381 10.8384 2.1222 5.6332 9.6861 7.5823 3.2931 6.9958 8.3067 2.0174 8.8869 8.9532 8.9435 0.5781
7.3662 9.7564 3.3535 3.9050 4.0402 9.2403 4.7877 10.6573 4.7567 3.4852 8.1896 9.4042 9.4671 7.8506 12.3890 6.1491 8.6622 10.2072 6.7217 6.4529 8.8278 0.0000 1.1975 9.4824 9.7748 12.3714 8.1157 12.2293 5.5222 11.3690 9.2558 10.1545 10.7363 8.6653 8.7331 0.9773 2.0881 8.9084 11.2051 1.0384 10.8809 8.1286 10.5743 7.7795 4.6195 1.3050 12.0214 1.9184 4.0842 10.0707 0.4861 4.3242 6.4399 8.4139
6.6274 9.1697 2.8560 2.9257 3.0801 8.0793 3.9786 9.5438 4.1012 2.2877 7.0564 8.9235 8.7744 6.8705 11.1945 5.1170 7.4935 9.0614 5.5499 5.3119 8.1948 1.1975 0.0000 8.4388 8.6937 11.2710 7.1489 11.0420 4.5643 10.6694 8.1450 9.0648 10.0987 7.5153 7.6098 1.7413 1.2260 7.7919 10.0490 2.0360 9.6880 7.0576 10.0656 6.6347 3.6516 0.8347 11.2935 1.8831 2.9400 9.2637 0.8874 3.2537 5.2923 7.7353
3.6623 4.9881 6.7161 8.0681 8.1583 2.3444 9.0021 1.7202 5.4318 6.5741 2.0179 5.7434 3.9571 1.7929 6.5426 7.8049 2.6292 2.1241 5.9236 6.5421 4.3507 9.4824 8.4388 0.0000 0.6761 3.0662 1.6508 6.9742 8.2975 4.7479 1.1713 1.0216 4.9652 6.6344 1.5672 9.3353 7.3990 1.3743 2.9378 9.7772 5.8198 7.8366 6.0127 2.4560 8.1307 8.2058 4.9132 8.1715 7.0031 3.0345 9.3131 7.5026 6.4328 3.9391
4.2998 5.6516 7.1473 8.0937 8.1714 1.8482 8.9557 1.0843 5.9200 6.7225 1.8785 6.4169 4.6216 2.3266 5.8894 7.6413 2.2519 1.4623 5.7171 6.3544 5.0266 9.7748 8.6937 0.6761 0.0000 2.6197 2.2385 6.3389 8.1883 5.3186 0.7672 0.4084 5.5887 6.2377 1.3217 9.6879 7.7065 1.0999 2.2652 10.1294 5.2240 7.5086 6.6634 2.3527 8.0958 8.5193 5.4282 8.5577 7.0453 3.6539 9.5764 7.5030 6.2479 4.6139
6.5993 7.1819 9.7573 10.4192 10.4755 3.5413 11.1428 1.7489 8.4962 9.2223 4.2608 8.0905 6.2361 4.8590 5.5574 9.6061 4.1574 2.4834 7.6533 8.3067 6.8573 12.3714 11.2710 3.0662 2.6197 0.0000 4.7045 6.2020 10.2622 6.1529 3.1298 2.2245 6.7441 7.5667 3.6855 12.3051 10.3129 3.4898 1.9848 12.7464 5.5909 9.0135 7.9872 4.7204 10.3187 11.1268 5.9433 11.1773 9.4115 5.0031 12.1569 9.7972 8.2110 6.5915
2.0971 4.0423 5.1663 7.2544 7.3707 3.2611 8.3302 3.3227 3.8259 5.5356 2.2896 4.6109 3.0651 0.3073 7.7237 7.4454 3.2307 3.4950 5.7496 6.2898 3.1860 8.1157 7.1489 1.6508 2.2385 4.7045 0.0000 8.0555 7.7908 4.4486 2.2801 2.6343 4.3577 6.9288 2.2441 7.8748 6.0307 2.1968 4.4466 8.3144 6.7627 7.9008 5.1528 2.4918 7.4532 6.8167 4.8433 6.6706 6.1835 2.6624 7.9977 6.7619 6.1788 2.6672
10.0540 11.9395 11.1056 8.7540 8.7022 4.7960 8.7406 5.6439 10.4834 8.7862 5.8669 12.6280 10.9098 7.9476 0.7175 6.8127 4.9006 4.8897 5.5384 5.9377 11.2040 12.2293 11.0420 6.9742 6.3389 6.2020 8.0555 0.0000 7.6500 11.6186 5.8825 6.1548 11.9275 3.8395 5.8114 12.6438 10.6616 5.8741 4.4611 13.0211 1.4284 5.1030 12.9841 5.8886 8.2436 11.3574 11.6387 11.9493 8.1957 9.9927 11.8274 8.1514 5.9168 10.7139
8.4958 11.2540 6.3949 1.6387 1.4886 6.7257 1.0907 8.5903 6.8688 3.2423 6.3192 11.3855 10.5025 7.4891 8.0285 0.8372 6.1223 7.7788 2.6331 1.9948 10.2227 5.5222 4.5643 8.2975 8.1883 10.2622 7.7908 7.6500 0.0000 12.1742 7.4378 8.4211 11.9050 3.8105 6.8670 6.2917 4.9697 7.0889 8.4877 6.5267 6.5569 2.7830 12.3363 5.8552 0.9127 5.2590 12.6234 6.2405 2.0972 10.4327 5.0410 1.4775 2.0773 9.6545
4.0444 1.9317 8.0269 11.4598 11.5946 7.0911 12.6191 5.9975 6.6142 9.5847 6.5200 2.8142 1.9021 4.7329 11.1169 11.8757 7.3179 6.7356 10.1967 10.7374 2.5937 11.3690 10.6694 4.7479 5.3186 6.1529 4.4486 11.6186 12.1742 0.0000 5.9170 5.4656 0.9004 11.2588 6.2282 10.8262 9.4471 6.0711 7.2541 11.2224 10.5425 12.3207 2.0912 6.8380 11.7542 10.1022 0.7207 9.5663 10.4166 1.8027 11.4002 11.0364 10.6265 2.9555
4.3733 6.0581 6.7971 7.3930 7.4645 1.1741 8.2233 1.4016 5.6626 6.1003 1.1628 6.7550 5.0295 2.2655 5.4961 6.8801 1.4981 1.2320 4.9519 5.5908 5.3364 9.2558 8.1450 1.1713 0.7672 3.1298 2.2801 5.8825 7.4378 5.9170 0.0000 0.9961 6.1073 5.5008 0.5828 9.2297 7.2119 0.3676 2.2411 9.6691 4.6796 6.7508 7.1134 1.6381 7.3689 8.0261 6.0816 8.1426 6.3562 4.1861 9.0317 6.7920 5.4847 4.8699
4.6794 5.9174 7.5522 8.3880 8.4602 1.8931 9.2170 0.6987 6.3284 7.0650 2.1570 6.7103 4.8922 2.7315 5.6730 7.8473 2.3806 1.2716 5.9073 6.5520 5.3367 10.1545 9.0648 1.0216 0.4084 2.2245 2.6343 6.1548 8.4211 5.4656 0.9961 0.0000 5.7922 6.3012 1.5788 10.0806 8.0911 1.3610 1.9391 10.5219 5.1019 7.6161 6.9031 2.6331 8.3640 8.9047 5.5238 8.9566 7.3487 3.8628 9.9491 7.7880 6.4475 4.9451
3.5380 1.0742 7.3831 11.0860 11.2283 7.2711 12.2799 6.3822 6.0063 9.1706 6.5630 1.9160 1.4060 4.6136 11.4643 11.6643 7.4251 7.0421 10.0718 10.5792 1.9095 10.7363 10.0987 4.9652 5.5887 6.7441 4.3577 11.9275 11.9050 0.9004 6.1073 5.7922 0.0000 11.2751 6.3444 10.1478 8.8727 6.2113 7.6612 10.5326 10.7826 12.2530 1.2738 6.8305 11.4278 9.4916 1.6019 8.8966 10.0654 1.9348 10.7961 10.7004 10.4694 2.3764
8.4718 10.9413 8.1974 4.9861 4.9172 4.4094 4.9010 6.1771 7.9779 5.3880 4.7388 11.3852 9.9903 6.6963 4.2384 2.9732 4.0077 5.2488 2.0249 2.2156 10.0068 8.6653 7.5153 6.6344 6.2377 7.5667 6.9288 3.8395 3.8105 11.2588 5.5008 6.3012 11.2751 0.0000 5.0748 9.2068 7.3681 5.2602 5.5988 9.5447 2.8189 1.4990 12.0611 4.4446 4.4297 7.9628 11.5143 8.7133 4.5815 9.4623 8.2298 4.4195 2.2254 9.4408
4.2781 6.1997 6.3757 6.8105 6.8817 1.0186 7.6435 1.9409 5.3093 5.5369 0.5821 6.8344 5.1839 2.1513 5.4890 6.3225 1.0897 1.5534 4.4064 5.0393 5.4076 8.7331 7.6098 1.5672 1.3217 3.6855 2.2441 5.8114 6.8670 6.2282 0.5828 1.5788 6.3444 5.0748 0.0000 8.7380 6.7051 0.2220 2.5954 9.1756 4.5310 6.2708 7.2834 1.0559 6.7877 7.5182 6.4463 7.6772 5.7748 4.4561 8.4972 6.2092 4.9321 4.9055
6.8953 9.1368 2.8297 4.6543 4.8036 9.3379 5.6395 10.6266 4.2782 3.8629 8.2222 8.7151 8.9322 7.6304 12.7530 6.8581 8.7888 10.2548 7.2143 7.0188 8.2509 0.9773 1.7413 9.3353 9.6879 12.3051 7.8748 12.6438 6.2917 10.8262 9.2297 10.0806 10.1478 9.2068 8.7380 0.0000 2.0644 8.8972 11.2759 0.4420 11.2635 8.7955 9.8955 7.8446 5.3796 1.2935 11.4989 1.2643 4.6559 9.6331 1.4089 4.9945 6.9927 7.8778
5.4074 7.9455 1.7015 3.4067 3.5787 7.2785 4.6250 8.6128 2.8770 1.9899 6.1780 7.7142 7.5507 5.7636 10.7392 5.3591 6.7255 8.2082 5.3459 5.2515 6.9689 2.0881 1.2260 7.3990 7.7065 10.3129 6.0307 10.6616 4.9697 9.4471 7.2119 8.0911 8.8727 7.3681 6.7051 2.0644 0.0000 6.8716 9.2236 2.4903 9.2645 7.1566 8.8496 5.7903 4.0921 0.8143 10.0752 1.3514 3.0098 8.0622 1.9889 3.5174 5.2071 6.5101
4.2621 6.0990 6.5003 7.0271 7.0994 1.0840 7.8646 1.7521 5.4022 5.7359 0.7961 6.7563 5.0776 2.1339 5.5276 6.5431 1.2579 1.4488 4.6247 5.2588 5.3310 8.9084 7.7919 1.3743 1.0999 3.4898 2.1968 5.8741 7.0889 6.0711 0.3676 1.3610 6.2113 5.2602 0.2220 8.8972 6.8716 0.0000 2.4865 9.3358 4.6203 6.4729 7.1737 1.2721 7.0082 7.6855 6.2729 7.8232 5.9890 4.3102 8.6789 6.4275 5.1518 4.8411
6.5370 7.8444 8.9702 8.8225 8.8586 1.9736 9.4262 1.2839 7.8882 7.8652 3.0616 8.6482 6.8232 4.4771 3.8948 7.7859 2.5815 1.0421 5.8555 6.5019 7.2754 11.2051 10.0490 2.9378 2.2652 1.9848 4.4466 4.4611 8.4877 7.2541 2.2411 1.9391 7.6612 5.5988 2.5954 11.2759 9.2236 2.4865 0.0000 11.7094 3.6657 7.0610 8.8080 3.4335 8.6383 10.0309 7.2151 10.2490 7.8734 5.7512 10.9333 8.1827 6.4134 6.8764
7.3109 9.5136 3.2494 4.8973 5.0394 9.7681 5.8197 11.0665 4.6984 4.2349 8.6577 9.0683 9.3320 8.0710 13.1423 7.1257 9.2157 10.6899 7.5653 7.3457 8.6412 1.0384 2.0360 9.7772 10.1294 12.7464 8.3144 13.0211 6.5267 11.2224 9.6691 10.5219 10.5326 9.5447 9.1756 0.4420 2.4903 9.3358 11.7094 0.0000 11.6478 9.0848 10.2510 8.2772 5.6184 1.7011 11.8993 1.6815 4.9749 10.0514 1.5211 5.2762 7.3241 8.2788
8.7146 10.7189 9.6788 7.5229 7.4863 3.5373 7.6377 4.6898 9.0598 7.4168 4.5232 11.3650 9.6956 6.6323 1.5194 5.7276 3.5549 3.8361 4.2554 4.7211 9.9381 10.8809 9.6880 5.8198 5.2240 5.5909 6.7627 1.4284 6.5569 10.5425 4.6796 5.1019 10.7826 2.8189 4.5310 11.2635 9.2645 4.6203 3.6657 11.6478 0.0000 4.2544 11.7877 4.5059 7.0651 9.9734 10.6256 10.5414 6.8899 8.8542 10.4912 6.9012 4.6853 9.4298
9.2108 11.8171 8.2568 4.2531 4.1422 5.7299 3.8341 7.5576 8.3001 5.1863 5.8573 12.1658 10.9156 7.6394 5.5903 2.0114 5.2568 6.6403 2.2690 2.0001 10.8384 8.1286 7.0576 7.8366 7.5086 9.0135 7.9008 5.1030 2.7830 12.3207 6.7508 7.6161 12.2530 1.4990 6.2708 8.7955 7.1566 6.4729 7.0610 9.0848 4.2544 0.0000 12.9381 5.4936 3.5842 7.6315 12.6334 8.5022 4.1709 10.5182 7.6627 3.8090 2.0801 10.2622
3.8408 1.1219 7.2491 11.3733 11.5256 8.2526 12.6081 7.5243 5.9841 9.4190 7.4300 1.1846 2.1008 5.3681 12.5525 12.1756 8.3398 8.1257 10.7073 11.1686 2.1222 10.5743 10.0656 6.0127 6.6634 7.9872 5.1528 12.9841 12.3363 2.0912 7.1134 6.9031 1.2738 12.0611 7.2834 9.8955 8.8496 7.1737 8.8080 10.2510 11.7877 12.9381 0.0000 7.6420 11.7822 9.3891 2.7031 8.6796 10.3979 3.0605 10.6907 11.0482 11.0612 2.6989
4.2478 6.5277 5.6396 5.7550 5.8274 1.5063 6.6036 2.9715 4.7323 4.5115 0.4764 7.0429 5.5569 2.2790 5.6885 5.3490 1.0536 2.4278 3.4791 4.0892 5.6332 7.7795 6.6347 2.4560 2.3527 4.7204 2.4918 5.8886 5.8552 6.8380 1.6381 2.6331 6.8305 4.4446 1.0559 7.8446 5.7903 1.2721 3.4335 8.2772 4.5059 5.4936 7.6420 0.0000 5.7430 6.5975 7.1399 6.8407 4.7191 5.0360 7.5215 5.1560 3.9795 5.0847
7.9557 10.7210 5.5726 0.7259 0.5794 6.7830 0.8784 8.6050 6.1510 2.4793 6.2180 10.7899 10.0218 7.1468 8.5670 1.5728 6.1623 7.8493 2.9003 2.3499 9.6861 4.6195 3.6516 8.1307 8.0958 10.3187 7.4532 8.2436 0.9127 11.7542 7.3689 8.3640 11.4278 4.4297 6.7877 5.3796 4.0921 7.0082 8.6383 5.6184 7.0651 3.5842 11.7822 5.7430 0.0000 4.3521 12.2402 5.3430 1.3892 10.0519 4.1404 0.7343 2.3980 9.1277
6.0827 8.5321 2.1403 3.6326 3.7959 8.0813 4.7529 9.4271 3.4899 2.5890 6.9890 8.2321 8.2006 6.5547 11.4608 5.7473 7.5224 9.0181 5.9565 5.7962 7.5823 1.3050 0.8347 8.2058 8.5193 11.1268 6.8167 11.3574 5.2590 10.1022 8.0261 8.9047 9.4916 7.9628 7.5182 1.2935 0.8143 7.6855 10.0309 1.7011 9.9734 7.6315 9.3891 6.5975 4.3521 0.0000 10.7462 1.0528 3.4625 8.7749 1.3059 3.8747 5.7632 7.1507
4.6682 2.6507 8.6891 11.9751 12.1050 7.2488 13.1109 5.9948 7.2648 10.1286 6.7890 3.5167 2.5673 5.1400 11.1054 12.2883 7.5302 6.7924 10.5573 11.1184 3.2931 12.0214 11.2935 4.9132 5.4282 5.9433 4.8433 11.6387 12.6234 0.7207 6.0816 5.5238 1.6019 11.5143 6.4463 11.4989 10.0752 6.2729 7.2151 11.8993 10.6256 12.6334 2.7031 7.1399 12.2402 10.7462 0.0000 10.2367 10.9214 2.1912 12.0394 11.5302 11.0072 3.6211
5.6318 7.8943 1.5680 4.6331 4.8004 8.3461 5.7865 9.5285 3.0170 3.3412 7.1875 7.5042 7.6706 6.4371 11.9986 6.6777 7.8276 9.2157 6.6895 6.6028 6.9958 1.9184 1.8831 8.1715 8.5577 11.1773 6.6706 11.9493 6.2405 9.5663 8.1426 8.9566 8.8966 8.7133 7.6772 1.2643 1.3514 7.8232 10.2490 1.6815 10.5414 8.5022 8.6796 6.8407 5.3430 1.0528 10.2367 0.0000 4.3430 8.3709 2.1394 4.8172 6.5583 6.6159
6.5773 9.3417 4.3180 1.0738 1.1877 5.9359 2.2160 7.6689 4.7846 1.1482 5.1934 9.4011 8.6600 5.8763 8.4087 2.3577 5.3112 6.9946 2.6590 2.3726 8.3067 4.0842 2.9400 7.0031 7.0453 9.4115 6.1835 8.1957 2.0972 10.4166 6.3562 7.3487 10.0654 4.5815 5.7748 4.6559 3.0098 5.9890 7.8734 4.9749 6.8899 4.1709 10.3979 4.7191 1.3892 3.4625 10.9214 4.3430 0.0000 8.7399 3.6544 0.6569 2.3562 7.7515
2.7438 2.1790 6.8035 9.7980 9.9254 5.3556 10.9238 4.4682 5.3550 7.9746 4.7246 3.0975 1.2736 2.9547 9.5323 10.1059 5.5443 5.1081 8.4019 8.9503 2.0174 10.0707 9.2637 3.0345 3.6539 5.0031 2.6624 9.9927 10.4327 1.8027 4.1861 3.8628 1.9348 9.4623 4.4561 9.6331 8.0622 4.3102 5.7512 10.0514 8.8542 10.5182 3.0605 5.0360 10.0519 8.7749 2.1912 8.3709 8.7399 0.0000 10.0464 9.3442 8.8392 2.0005
7.3724 9.8379 3.4419 3.4291 3.5615 8.9627 4.3017 10.4308 4.7919 3.1355 7.9439 9.5306 9.4994 7.7239 12.0035 5.6769 8.3744 9.9478 6.3050 6.0148 8.8869 0.4861 0.8874 9.3131 9.5764 12.1569 7.9977 11.8274 5.0410 11.4002 9.0317 9.9491 10.7961 8.2298 8.4972 1.4089 1.9889 8.6789 10.9333 1.5211 10.4912 7.6627 10.6907 7.5215 4.1404 1.3059 12.0394 2.1394 3.6544 10.0464 0.0000 3.8645 6.0056 8.4511
7.2229 9.9881 4.9175 0.6478 0.6787 6.2821 1.5828 8.0668 5.4351 1.7761 5.6324 10.0559 9.2945 6.4549 8.4180 1.8732 5.6569 7.3482 2.6504 2.2202 8.9532 4.3242 3.2537 7.5026 7.5030 9.7972 6.7619 8.1514 1.4775 11.0364 6.7920 7.7880 10.7004 4.4195 6.2092 4.9945 3.5174 6.4275 8.1827 5.2762 6.9012 3.8090 11.0482 5.1560 0.7343 3.8747 11.5302 4.8172 0.6569 9.3442 3.8645 0.0000 2.2350 8.3956
7.2698 9.9474 6.2010 2.8418 2.8011 4.6887 3.0721 6.5656 6.2225 3.2171 4.4182 10.2267 9.0960 5.8940 6.1970 1.4029 4.1013 5.7294 0.5588 0.1113 8.9435 6.4399 5.2923 6.4328 6.2479 8.2110 6.1788 5.9168 2.0773 10.6265 5.4847 6.4475 10.4694 2.2254 4.9321 6.9927 5.2071 5.1518 6.4134 7.3241 4.6853 2.0801 11.0612 3.9795 2.3980 5.7632 11.0072 6.5583 2.3562 8.8392 6.0056 2.2350 0.0000 8.3654
1.1771 1.5998 5.0719 8.7529 8.8997 5.9181 9.9671 5.6340 3.6610 6.8197 4.9412 1.9583 1.0550 2.8198 10.3608 9.4785 5.8938 6.0243 8.0202 8.4724 0.5781 8.4139 7.7353 3.9391 4.6139 6.5915 2.6672 10.7139 9.6545 2.9555 4.8699 4.9451 2.3764 9.4408 4.9055 7.8778 6.5101 4.8411 6.8764 8.2788 9.4298 10.2622 2.6989 5.0847 9.1277 7.1507 3.6211 6.6159 7.7515 2.0005 8.4511 8.3956 8.3654 0.0000
0.000 11.851 17.427 32.469 33.099 22.683 37.682 23.044 11.234 24.185 17.967 12.679 9.266 9.124 41.843 35.759 22.119 23.966 29.794 31.607 7.417 31.569 28.403 15.696 18.428 28.283 8.987 43.088 36.411 17.333 18.743 20.055 15.163 36.308 18.335 29.551 23.175 18.266 28.016 31.332 37.348 39.475 16.460 18.205 34.096 26.069 20.007 24.136 28.188 11.759 31.596 30.955 31.156 5.045
11.851 0.000 27.452 44.287 44.926 30.778 49.526 28.127 21.723 35.958 27.111 4.148 4.420 18.219 49.408 47.465 31.052 30.477 41.095 43.094 4.435 41.813 39.299 21.378 24.221 30.780 17.324 51.169 48.232 8.279 25.963 25.360 4.604 46.891 26.570 39.158 34.052 26.139 33.619 40.773 45.938 50.645 4.808 27.976 45.947 36.566 11.360 33.833 40.036 9.339 42.163 42.806 42.632 6.856
17.427 27.452 0.000 21.173 21.915 30.587 26.579 34.956 6.210 13.605 25.425 26.108 26.258 21.214 47.461 28.492 28.592 33.980 26.578 26.865 23.465 14.372 12.240 28.783 30.631 41.817 22.141 47.595 27.407 34.401 29.131 32.367 31.642 35.132 27.324 12.127 7.292 27.858 38.444 13.926 41.481 35.386 31.068 24.170 23.882 9.173 37.239 6.720 18.506 29.158 14.751 21.075 26.576 21.737
32.469 44.287 21.173 0.000 0.743 29.629 5.474 37.217 24.084 8.420 26.704 44.349 41.497 29.773 38.731 9.651 26.948 34.193 14.065 12.071 39.857 16.736 12.539 34.578 34.687 44.654 31.090 37.517 7.023 49.113 31.684 35.949 47.512 21.369 29.188 19.947 14.600 30.116 37.811 20.989 32.241 18.228 48.743 24.664 3.111 15.568 51.322 19.856 4.602 41.991 14.696 2.776 12.179 37.512
33.099 44.926 21.915 0.743 0.000 29.831 4.753 37.475 24.796 9.106 27.016 45.020 42.104 30.272 38.562 9.146 27.152 34.401 13.970 11.869 40.494 17.315 13.200 34.964 35.020 44.895 31.589 37.295 6.380 49.691 31.991 36.258 48.121 21.074 29.493 20.587 15.337 30.426 37.965 21.597 32.084 17.752 49.396 24.975 2.483 16.268 51.879 20.573 5.090 42.537 15.264 2.909 12.005 38.141
22.683 30.778 30.587 29.629 29.831 0.000 32.581 8.060 26.451 25.252 5.275 33.595 26.394 13.578 19.164 26.100 2.682 4.573 17.719 20.519 27.485 39.601 34.626 10.048 7.921 15.177 13.976 20.554 28.825 30.390 5.032 8.113 31.162 18.897 4.365 40.019 31.194 4.646 8.458 41.863 15.160 24.557 35.368 6.456 29.070 34.634 31.066 35.769 25.440 22.953 38.412 26.923 20.095 25.363
37.682 49.526 26.579 5.474 4.753 32.581 0.000 40.457 29.548 13.840 30.331 49.707 46.604 34.387 39.064 8.262 29.939 37.140 15.474 12.873 45.091 20.519 17.051 38.581 38.382 47.755 35.701 37.460 4.675 54.082 35.243 39.501 52.628 21.004 32.758 24.169 19.821 33.705 40.398 24.941 32.733 16.432 54.035 28.301 3.765 20.369 56.189 24.799 9.497 46.816 18.436 6.783 13.166 42.716
23.044 28.127 34.956 37.217 37.475 8.060 40.457 0.000 29.861 32.038 10.771 31.610 23.760 14.593 21.947 34.148 10.579 3.993 25.770 28.567 25.776 45.674 40.902 7.372 4.647 7.495 14.240 24.188 36.816 25.704 6.007 2.994 27.352 26.473 8.318 45.543 36.912 7.509 5.502 47.428 20.099 32.390 32.247 12.735 36.878 40.402 25.692 40.836 32.867 19.149 44.703 34.572 28.138 24.146
11.234 21.723 6.210 24.084 24.796 26.451 29.548 29.861 0.000 15.747 21.179 20.858 20.195 15.603 44.428 29.792 24.797 29.359 26.112 27.036 17.565 20.386 17.577 23.279 25.371 36.412 16.397 44.929 29.438 28.346 24.268 27.122 25.741 34.191 22.754 18.335 12.330 23.152 33.807 20.136 38.828 35.572 25.646 20.281 26.362 14.957 31.135 12.930 20.505 22.950 20.537 23.293 26.668 15.690
24.185 35.958 13.605 8.420 9.106 25.252 13.840 32.038 15.747 0.000 21.268 35.937 33.313 22.427 38.217 14.907 22.662 29.616 14.453 13.981 31.538 14.936 9.805 28.175 28.811 39.524 23.724 37.655 13.896 41.077 26.144 30.279 39.303 23.091 23.730 16.555 8.528 24.583 33.708 18.150 31.786 22.227 40.367 19.335 10.625 11.096 43.408 14.319 4.921 34.177 13.438 7.612 13.788 29.227
17.967 27.111 25.425 26.704 27.016 5.275 30.331 10.771 21.179 21.268 0.000 29.546 22.854 9.100 24.046 24.847 4.152 8.712 16.739 19.401 23.452 35.098 30.242 8.648 8.051 18.261 9.813 25.144 27.082 27.943 4.984 9.244 28.127 20.309 2.495 35.238 26.477 3.412 13.121 37.104 19.385 25.103 31.843 2.042 26.648 29.953 29.096 30.803 22.257 20.248 34.045 24.139 18.935 21.177
12.679 4.148 26.108 44.349 45.020 33.595 49.707 31.610 20.858 35.937 29.546 0.000 7.965 20.468 52.499 48.328 33.607 33.698 42.469 44.278 6.115 40.304 38.243 24.614 27.501 34.673 19.761 54.120 48.795 12.061 28.950 28.759 8.211 48.794 29.290 37.350 33.061 28.956 37.064 38.864 48.707 52.139 5.077 30.184 46.242 35.280 15.071 32.161 40.290 13.275 40.845 43.097 43.829 8.393
9.266 4.420 26.258 41.497 42.104 26.394 46.604 23.760 20.195 33.313 22.854 7.965 0.000 14.123 44.988 44.026 26.739 26.060 37.338 39.451 3.457 40.573 37.605 16.959 19.807 26.726 13.136 46.756 45.011 8.152 21.555 20.966 6.026 42.815 22.217 38.281 32.360 21.761 29.242 39.994 41.552 46.781 9.003 23.815 42.951 35.145 11.003 32.874 37.114 5.458 40.712 39.834 38.983 4.521
9.124 18.219 21.214 29.773 30.272 13.578 34.387 14.593 15.603 22.427 9.100 20.468 14.123 0.000 32.742 30.648 13.211 14.980 23.454 25.735 14.395 33.645 29.445 7.684 9.971 20.824 1.317 34.061 32.096 20.284 9.709 11.707 19.773 28.698 9.220 32.702 24.701 9.145 19.188 34.590 28.424 32.740 23.006 9.767 30.629 28.092 22.028 27.588 25.184 12.663 33.102 27.664 25.260 12.085
41.843 49.408 47.461 38.731 38.562 19.164 39.064 21.947 44.428 38.217 24.046 52.499 44.988 32.742 0.000 30.831 19.977 18.976 24.746 26.698 46.425 53.096 47.976 28.040 25.240 23.817 33.102 3.075 34.408 47.644 23.555 24.313 49.133 18.165 23.524 54.656 46.025 23.690 16.692 56.324 6.512 23.959 53.796 24.379 36.716 49.118 47.595 51.422 36.037 40.853 51.444 36.077 26.559 44.403
35.759 47.465 28.492 9.651 9.146 26.100 8.262 34.148 29.792 14.907 24.847 48.328 44.026 30.648 30.831 0.000 23.589 30.543 8.381 5.581 43.087 26.353 21.930 33.450 32.748 41.169 31.909 29.197 3.588 50.896 29.486 33.631 49.990 12.742 27.096 29.392 22.968 28.042 33.368 30.539 24.547 8.620 52.181 22.924 6.741 24.631 52.664 28.619 10.105 43.311 24.330 8.028 6.012 40.622
22.119 31.052 28.592 26.948 27.152 2.682 29.939 10.579 24.797 22.662 4.152 33.607 26.739 13.211 19.977 23.589 0.000 7.249 15.221 18.011 27.500 37.124 32.115 11.268 9.651 17.818 13.846 21.002 26.239 31.362 6.421 10.202 31.822 17.176 4.670 37.666 28.824 5.391 11.063 39.496 15.235 22.529 35.742 4.515 26.410 32.239 32.272 33.547 22.762 23.761 35.890 24.244 17.577 25.259
23.966 30.477 33.980 34.193 34.401 4.573 37.140 3.993 29.359 29.616 8.712 33.698 26.060 14.980 18.976 30.543 7.249 0.000 22.167 24.968 27.690 43.745 38.835 9.103 6.267 10.643 14.979 20.956 33.338 28.867 5.280 5.450 30.180 22.495 6.657 43.949 35.178 6.209 4.466 45.814 16.440 28.458 34.824 10.405 33.640 38.649 29.110 39.496 29.977 21.892 42.633 31.492 24.555 25.819
29.794 41.095 26.578 14.065 13.970 17.719 15.474 25.770 26.112 14.453 16.739 42.469 37.338 23.454 24.746 8.381 15.221 22.167 0.000 2.801 36.848 28.807 23.785 25.387 24.502 32.800 24.641 23.736 11.285 43.700 21.222 25.317 43.165 8.678 18.885 30.919 22.911 19.820 25.095 32.423 18.237 9.724 45.889 14.910 12.430 25.528 45.246 28.669 11.396 36.008 27.022 11.359 2.395 34.372
31.607 43.094 26.865 12.071 11.869 20.519 12.873 28.567 27.036 13.981 19.401 44.278 39.451 25.735 26.698 5.581 18.011 24.968 2.801 0.000 38.788 27.655 22.765 28.037 27.233 35.600 26.956 25.447 8.549 46.018 23.960 28.080 45.340 9.495 21.597 30.081 22.506 22.538 27.865 31.482 20.233 8.572 47.866 17.525 10.071 24.841 47.650 28.298 10.168 38.359 25.778 9.515 0.477 36.310
7.417 4.435 23.465 39.857 40.494 27.485 45.091 25.776 17.565 31.538 23.452 6.115 3.457 14.395 46.425 43.087 27.500 27.690 36.848 38.788 0.000 37.833 35.121 18.646 21.542 29.388 13.654 48.017 43.812 11.116 22.870 22.872 8.183 42.886 23.176 35.361 29.867 22.847 31.180 37.034 42.592 46.450 9.095 24.142 41.512 32.495 14.113 29.982 35.600 8.646 38.087 38.371 38.329 2.478
31.569 41.813 14.372 16.736 17.315 39.601 20.519 45.674 20.386 14.936 35.098 40.304 40.573 33.645 53.096 26.353 37.124 43.745 28.807 27.655 37.833 0.000 5.132 40.639 41.892 53.020 34.781 52.411 23.667 48.724 39.668 43.519 46.013 37.137 37.427 4.188 8.949 38.179 48.022 4.450 46.632 34.837 45.319 33.341 19.798 5.593 51.520 8.222 17.504 43.160 2.083 18.532 27.600 36.060
28.403 39.299 12.240 12.539 13.200 34.626 17.051 40.902 17.577 9.805 30.242 38.243 37.605 29.445 47.976 21.930 32.115 38.835 23.785 22.765 35.121 5.132 0.000 36.166 37.259 48.304 30.638 47.323 19.561 45.726 34.907 38.849 43.280 32.209 32.613 7.463 5.254 33.394 43.067 8.726 41.520 30.247 43.138 28.435 15.650 3.577 48.401 8.070 12.600 39.702 3.803 13.945 22.681 33.151
15.696 21.378 28.783 34.578 34.964 10.048 38.581 7.372 23.279 28.175 8.648 24.614 16.959 7.684 28.040 33.450 11.268 9.103 25.387 28.037 18.646 40.639 36.166 0.000 2.898 13.141 7.075 29.890 35.561 20.348 5.020 4.378 21.279 28.433 6.717 40.008 31.710 5.890 12.590 41.902 24.942 33.585 25.769 10.526 34.846 35.168 21.057 35.021 30.013 13.005 39.913 32.154 27.569 16.882
18.428 24.221 30.631 34.687 35.020 7.921 38.382 4.647 25.371 28.811 8.051 27.501 19.807 9.971 25.240 32.748 9.651 6.267 24.502 27.233 21.542 41.892 37.259 2.898 0.000 11.227 9.593 27.167 35.093 22.794 3.288 1.750 23.951 26.733 5.664 41.520 33.028 4.714 9.708 43.412 22.388 32.180 28.558 10.083 34.696 36.511 23.264 36.676 30.194 15.659 41.042 32.156 26.777 19.774
28.283 30.780 41.817 44.654 44.895 15.177 47.755 7.495 36.412 39.524 18.261 34.673 26.726 20.824 23.817 41.169 17.818 10.643 32.800 35.600 29.388 53.020 48.304 13.141 11.227 0.000 20.162 26.580 43.981 26.369 13.414 9.534 28.903 32.429 15.795 52.736 44.198 14.956 8.506 54.627 23.961 38.629 34.231 20.230 44.223 47.686 25.471 47.903 40.335 21.442 52.101 41.988 35.190 28.249
8.987 17.324 22.141 31.090 31.589 13.976 35.701 14.240 16.397 23.724 9.813 19.761 13.136 1.317 33.102 31.909 13.846 14.979 24.641 26.956 13.654 34.781 30.638 7.075 9.593 20.162 0.000 34.524 33.389 19.065 9.772 11.290 18.676 29.695 9.618 33.749 25.846 9.415 19.057 35.633 28.983 33.861 22.084 10.679 31.942 29.215 20.757 28.588 26.501 11.410 34.276 28.980 26.480 11.431
43.088 51.169 47.595 37.517 37.295 20.554 37.460 24.188 44.929 37.655 25.144 54.120 46.756 34.061 3.075 29.197 21.002 20.956 23.736 25.447 48.017 52.411 47.323 29.890 27.167 26.580 34.524 0.000 32.786 49.794 25.211 26.378 51.118 16.455 24.906 54.188 45.692 25.175 19.119 55.805 6.122 21.870 55.646 25.237 35.330 48.674 49.880 51.211 35.124 42.826 50.689 34.935 25.358 45.917
36.411 48.232 27.407 7.023 6.380 28.825 4.675 36.816 29.438 13.896 27.082 48.795 45.011 32.096 34.408 3.588 26.239 33.338 11.285 8.549 43.812 23.667 19.561 35.561 35.093 43.981 33.389 32.786 0.000 52.175 31.876 36.090 51.021 16.331 29.430 26.964 21.299 30.381 36.376 27.972 28.101 11.927 52.870 25.094 3.912 22.538 54.100 26.745 8.988 44.711 21.604 6.332 8.903 41.376
17.333 8.279 34.401 49.113 49.691 30.390 54.082 25.704 28.346 41.077 27.943 12.061 8.152 20.284 47.644 50.896 31.362 28.867 43.700 46.018 11.116 48.724 45.726 20.348 22.794 26.369 19.065 49.794 52.175 0.000 25.358 23.424 3.859 48.252 26.692 46.398 40.488 26.019 31.089 48.096 45.182 52.803 8.962 29.306 50.375 43.295 3.089 40.998 44.643 7.726 48.858 47.299 45.542 12.666
18.743 25.963 29.131 31.684 31.991 5.032 35.243 6.007 24.268 26.144 4.984 28.950 21.555 9.709 23.555 29.486 6.421 5.280 21.222 23.960 22.870 39.668 34.907 5.020 3.288 13.414 9.772 25.211 31.876 25.358 0.000 4.269 26.174 23.575 2.498 39.556 30.908 1.576 9.605 41.439 20.056 28.932 30.486 7.020 31.581 34.398 26.064 34.897 27.241 17.940 38.707 29.109 23.506 20.871
20.055 25.360 32.367 35.949 36.258 8.113 39.501 2.994 27.122 30.279 9.244 28.759 20.966 11.707 24.313 33.631 10.202 5.450 25.317 28.080 22.872 43.519 38.849 4.378 1.750 9.534 11.290 26.378 36.090 23.424 4.269 0.000 24.824 27.005 6.766 43.202 34.676 5.833 8.311 45.094 21.865 32.640 29.585 11.285 35.846 38.163 23.674 38.385 31.494 16.555 42.639 33.377 27.632 21.193
15.163 4.604 31.642 47.512 48.121 31.162 52.628 27.352 25.741 39.303 28.127 8.211 6.026 19.773 49.133 49.990 31.822 30.180 43.165 45.340 8.183 46.013 43.280 21.279 23.951 28.903 18.676 51.118 51.021 3.859 26.174 24.824 0.000 48.322 27.190 43.491 38.026 26.620 32.834 45.140 46.211 52.513 5.459 29.273 48.976 40.678 6.865 38.128 43.138 8.292 46.269 45.859 44.869 10.185
36.308 46.891 35.132 21.369 21.074 18.897 21.004 26.473 34.191 23.091 20.309 48.794 42.815 28.698 18.165 12.742 17.176 22.495 8.678 9.495 42.886 37.137 32.209 28.433 26.733 32.429 29.695 16.455 16.331 48.252 23.575 27.005 48.322 0.000 21.749 39.458 31.577 22.544 23.995 40.906 12.081 6.424 51.690 19.048 18.984 34.126 49.347 37.343 19.635 40.553 35.270 18.941 9.537 40.461
18.335 26.570 27.324 29.188 29.493 4.365 32.758 8.318 22.754 23.730 2.495 29.290 22.217 9.220 23.524 27.096 4.670 6.657 18.885 21.597 23.176 37.427 32.613 6.717 5.664 15.795 9.618 24.906 29.430 26.692 2.498 6.766 27.190 21.749 0.000 37.449 28.736 0.951 11.123 39.324 19.419 26.875 31.215 4.525 29.090 32.221 27.627 32.902 24.749 19.098 36.416 26.611 21.138 21.024
29.551 39.158 12.127 19.947 20.587 40.019 24.169 45.543 18.335 16.555 35.238 37.350 38.281 32.702 54.656 29.392 37.666 43.949 30.919 30.081 35.361 4.188 7.463 40.008 41.520 52.736 33.749 54.188 26.964 46.398 39.556 43.202 43.491 39.458 37.449 0.000 8.848 38.131 48.325 1.894 48.272 37.695 42.409 33.620 23.055 5.543 49.281 5.418 19.954 41.285 6.038 21.405 29.969 33.762
23.175 34.052 7.292 14.600 15.337 31.194 19.821 36.912 12.330 8.528 26.477 33.061 32.360 24.701 46.025 22.968 28.824 35.178 22.911 22.506 29.867 8.949 5.254 31.710 33.028 44.198 25.846 45.692 21.299 40.488 30.908 34.676 38.026 31.577 28.736 8.848 0.000 29.450 39.530 10.673 39.705 30.671 37.927 24.816 17.538 3.490 43.179 5.792 12.899 34.552 8.524 15.075 22.316 27.900
18.266 26.139 27.858 30.116 30.426 4.646 33.705 7.509 23.152 24.583 3.412 28.956 21.761 9.145 23.690 28.042 5.391 6.209 19.820 22.538 22.847 38.179 33.394 5.890 4.714 14.956 9.415 25.175 30.381 26.019 1.576 5.833 26.620 22.544 0.951 38.131 29.450 0.000 10.656 40.010 19.801 27.741 30.745 5.452 30.035 32.938 26.884 33.528 25.667 18.472 37.195 27.546 22.079 20.748
28.016 33.619 38.444 37.811 37.965 8.458 40.398 5.502 33.807 33.708 13.121 37.064 29.242 19.188 16.692 33.368 11.063 4.466 25.095 27.865 31.180 48.022 43.067 12.590 9.708 8.506 19.057 19.119 36.376 31.089 9.605 8.311 32.834 23.995 11.123 48.325 39.530 10.656 0.000 50.183 15.710 30.261 37.749 14.715 37.021 42.990 30.922 43.924 33.743 24.648 46.857 35.069 27.486 29.470
31.332 40.773 13.926 20.989 21.597 41.863 24.941 47.428 20.136 18.150 37.104 38.864 39.994 34.590 56.324 30.539 39.496 45.814 32.423 31.482 37.034 4.450 8.726 41.902 43.412 54.627 35.633 55.805 27.972 48.096 41.439 45.094 45.140 40.906 39.324 1.894 10.673 40.010 50.183 0.000 49.919 38.935 43.933 35.474 24.079 7.290 50.997 7.206 21.321 43.078 6.519 22.612 31.389 35.480
37.348 45.938 41.481 32.241 32.084 15.160 32.733 20.099 38.828 31.786 19.385 48.707 41.552 28.424 6.512 24.547 15.235 16.440 18.237 20.233 42.592 46.632 41.520 24.942 22.388 23.961 28.983 6.122 28.101 45.182 20.056 21.865 46.211 12.081 19.419 48.272 39.705 19.801 15.710 49.919 0.000 18.233 50.519 19.311 30.279 42.743 45.538 45.178 29.528 37.946 44.962 29.577 20.080 40.413
39.475 50.645 35.386 18.228 17.752 24.557 16.432 32.390 35.572 22.227 25.103 52.139 46.781 32.740 23.959 8.620 22.529 28.458 9.724 8.572 46.450 34.837 30.247 33.585 32.180 38.629 33.861 21.870 11.927 52.803 28.932 32.640 52.513 6.424 26.875 37.695 30.671 27.741 30.261 38.935 18.233 0.000 55.449 23.544 15.361 32.706 54.143 36.438 17.875 45.078 32.840 16.324 8.915 43.981
16.460 4.808 31.068 48.743 49.396 35.368 54.035 32.247 25.646 40.367 31.843 5.077 9.003 23.006 53.796 52.181 35.742 34.824 45.889 47.866 9.095 45.319 43.138 25.769 28.558 34.231 22.084 55.646 52.870 8.962 30.486 29.585 5.459 51.690 31.215 42.409 37.927 30.745 37.749 43.933 50.519 55.449 0.000 32.752 50.495 40.239 11.585 37.198 44.563 13.117 45.817 47.349 47.405 11.567
18.205 27.976 24.170 24.664 24.975 6.456 28.301 12.735 20.281 19.335 2.042 30.184 23.815 9.767 24.379 22.924 4.515 10.405 14.910 17.525 24.142 33.341 28.435 10.526 10.083 20.230 10.679 25.237 25.094 29.306 7.020 11.285 29.273 19.048 4.525 33.620 24.816 5.452 14.715 35.474 19.311 23.544 32.752 0.000 24.613 28.275 30.600 29.317 20.225 21.583 32.235 22.097 17.055 21.791
34.096 45.947 23.882 3.111 2.483 29.070 3.765 36.878 26.362 10.625 26.648 46.242 42.951 30.629 36.716 6.741 26.410 33.640 12.430 10.071 41.512 19.798 15.650 34.846 34.696 44.223 31.942 35.330 3.912 50.375 31.581 35.846 48.976 18.984 29.090 23.055 17.538 30.035 37.021 24.079 30.279 15.361 50.495 24.613 0.000 18.652 52.458 22.899 5.954 43.080 17.745 3.147 10.277 39.119
26.069 36.566 9.173 15.568 16.268 34.634 20.369 40.402 14.957 11.096 29.953 35.280 35.145 28.092 49.118 24.631 32.239 38.649 25.528 24.841 32.495 5.593 3.577 35.168 36.511 47.686 29.215 48.674 22.538 43.295 34.398 38.163 40.678 34.126 32.221 5.543 3.490 32.938 42.990 7.290 42.743 32.706 40.239 28.275 18.652 0.000 46.055 4.512 14.839 37.607 5.597 16.606 24.699 30.646
20.007 11.360 37.239 51.322 51.879 31.066 56.189 25.692 31.135 43.408 29.096 15.071 11.003 22.028 47.595 52.664 32.272 29.110 45.246 47.650 14.113 51.520 48.401 21.057 23.264 25.471 20.757 49.880 54.100 3.089 26.064 23.674 6.865 49.347 27.627 49.281 43.179 26.884 30.922 50.997 45.538 54.143 11.585 30.600 52.458 46.055 0.000 43.872 46.806 9.391 51.597 49.415 47.174 15.519
24.136 33.833 6.720 19.856 20.573 35.769 24.799 40.836 12.930 14.319 30.803 32.161 32.874 27.588 51.422 28.619 33.547 39.496 28.669 28.298 29.982 8.222 8.070 35.021 36.676 47.903 28.588 51.211 26.745 40.998 34.897 38.385 38.128 37.343 32.902 5.418 5.792 33.528 43.924 7.206 45.178 36.438 37.198 29.317 22.899 4.512 43.872 0.000 18.613 35.875 9.169 20.645 28.107 28.354
28.188 40.036 18.506 4.602 5.090 25.440 9.497 32.867 20.505 4.921 22.257 40.290 37.114 25.184 36.037 10.105 22.762 29.977 11.396 10.168 35.600 17.504 12.600 30.013 30.194 40.335 26.501 35.124 8.988 44.643 27.241 31.494 43.138 19.635 24.749 19.954 12.899 25.667 33.743 21.321 29.528 17.875 44.563 20.225 5.954 14.839 46.806 18.613 0.000 37.457 15.662 2.815 10.098 33.221
11.759 9.339 29.158 41.991 42.537 22.953 46.816 19.149 22.950 34.177 20.248 13.275 5.458 12.663 40.853 43.311 23.761 21.892 36.008 38.359 8.646 43.160 39.702 13.005 15.659 21.442 11.410 42.826 44.711 7.726 17.940 16.555 8.292 40.553 19.098 41.285 34.552 18.472 24.648 43.078 37.946 45.078 13.117 21.583 43.080 37.607 9.391 35.875 37.457 0.000 43.056 40.047 37.882 8.574
31.596 42.163 14.751 14.696 15.264 38.412 18.436 44.703 20.537 13.438 34.045 40.845 40.712 33.102 51.444 24.330 35.890 42.633 27.022 25.778 38.087 2.083 3.803 39.913 41.042 52.101 34.276 50.689 21.604 48.858 38.707 42.639 46.269 35.270 36.416 6.038 8.524 37.195 46.857 6.519 44.962 32.840 45.817 32.235 17.745 5.597 51.597 9.169 15.662 43.056 0.000 16.562 25.738 36.219
30.955 42.806 21.075 2.776 2.909 26.923 6.783 34.572 23.293 7.612 24.139 43.097 39.834 27.664 36.077 8.028 24.244 31.492 11.359 9.515 38.371 18.532 13.945 32.154 32.156 41.988 28.980 34.935 6.332 47.299 29.109 33.377 45.859 18.941 26.611 21.405 15.075 27.546 35.069 22.612 29.577 16.324 47.349 22.097 3.147 16.606 49.415 20.645 2.815 40.047 16.562 0.000 9.578 35.981
31.156 42.632 26.576 12.179 12.005 20.095 13.166 28.138 26.668 13.788 18.935 43.829 38.983 25.260 26.559 6.012 17.577 24.555 2.395 0.477 38.329 27.600 22.681 27.569 26.777 35.190 26.480 25.358 8.903 45.542 23.506 27.632 44.869 9.537 21.138 29.969 22.316 22.079 27.486 31.389 20.080 8.915 47.405 17.055 10.277 24.699 47.174 28.107 10.098 37.882 25.738 9.578 0.000 35.852
5.045 6.856 21.737 37.512 38.141 25.363 42.716 24.146 15.690 29.227 21.177 8.393 4.521 12.085 44.403 40.622 25.259 25.819 34.372 36.310 2.478 36.060 33.151 16.882 19.774 28.249 11.431 45.917 41.376 12.666 20.871 21.193 10.185 40.461 21.024 33.762 27.900 20.748 29.470 35.480 40.413 43.981 11.567 21.791 39.119 30.646 15.519 28.354 33.221 8.574 36.219 35.981 35.852 0.000
0.0000 2.7653 4.0662 7.5760 7.7231 5.2927 8.7924 5.3770 2.6212 5.6432 4.1923 2.9583 2.1621 2.1290 9.7633 8.3437 5.1611 5.5920 6.9519 7.3750 1.7306 7.3662 6.6274 3.6623 4.2998 6.5993 2.0971 10.0540 8.4958 4.0444 4.3733 4.6794 3.5380 8.4718 4.2781 6.8953 5.4074 4.2621 6.5370 7.3109 8.7146 9.2108 3.8408 4.2478 7.9557 6.0827 4.6682 5.6318 6.5773 2.7438 7.3724 7.2229 7.2698 1.1771
2.7653 0.0000 6.4055 10.3337 10.4828 7.1816 11.5561 6.5630 5.0686 8.3902 6.3259 0.9678 1.0313 4.2512 11.5284 11.0753 7.2455 7.1113 9.5888 10.0552 1.0349 9.7564 9.1697 4.9881 5.6516 7.1819 4.0423 11.9395 11.2540 1.9317 6.0581 5.9174 1.0742 10.9413 6.1997 9.1368 7.9455 6.0990 7.8444 9.5136 10.7189 11.8171 1.1219 6.5277 10.7210 8.5321 2.6507 7.8943 9.3417 2.1790 9.8379 9.9881 9.9474 1.5998
4.0662 6.4055 0.0000 4.9405 5.1136 7.1369 6.2017 8.1563 1.4490 3.1745 5.9325 6.0919 6.1268 4.9499 11.0742 6.6482 6.6715 7.9286 6.2015 6.2684 5.4751 3.3535 2.8560 6.7161 7.1473 9.7573 5.1663 11.1056 6.3949 8.0269 6.7971 7.5522 7.3831 8.1974 6.3757 2.8297 1.7015 6.5003 8.9702 3.2494 9.6788 8.2568 7.2491 5.6396 5.5726 2.1403 8.6891 1.5680 4.3180 6.8035 3.4419 4.9175 6.2010 5.0719
7.5760 10.3337 4.9405 0.0000 0.1734 6.9134 1.2772 8.6839 5.6197 1.9646 6.2310 10.3480 9.6827 6.9471 9.0372 2.2519 6.2878 7.9784 3.2818 2.8165 9.3000 3.9050 2.9257 8.0681 8.0937 10.4192 7.2544 8.7540 1.6387 11.4598 7.3930 8.3880 11.0860 4.9861 6.8105 4.6543 3.4067 7.0271 8.8225 4.8973 7.5229 4.2531 11.3733 5.7550 0.7259 3.6326 11.9751 4.6331 1.0738 9.7980 3.4291 0.6478 2.8418 8.7529
7.7231 10.4828 5.1136 0.1734 0.0000 6.9607 1.1090 8.7442 5.7857 2.1248 6.3037 10.5046 9.8242 7.0634 8.9977 2.1342 6.3355 8.0268 3.2597 2.7694 9.4486 4.0402 3.0801 8.1583 8.1714 10.4755 7.3707 8.7022 1.4886 11.5946 7.4645 8.4602 11.2283 4.9172 6.8817 4.8036 3.5787 7.0994 8.8586 5.0394 7.4863 4.1422 11.5256 5.8274 0.5794 3.7959 12.1050 4.8004 1.1877 9.9254 3.5615 0.6787 2.8011 8.8997
5.2927 7.1816 7.1369 6.9134 6.9607 0.0000 7.6022 1.8807 6.1720 5.8922 1.2308 7.8389 6.1587 3.1683 4.4716 6.0900 0.6257 1.0670 4.1345 4.7877 6.4131 9.2403 8.0793 2.3444 1.8482 3.5413 3.2611 4.7960 6.7257 7.0911 1.1741 1.8931 7.2711 4.4094 1.0186 9.3379 7.2785 1.0840 1.9736 9.7681 3.5373 5.7299 8.2526 1.5063 6.7830 8.0813 7.2488 8.3461 5.9359 5.3556 8.9627 6.2821 4.6887 5.9181
8.7924 11.5561 6.2017 1.2772 1.1090 7.6022 0.0000 9.4401 6.8945 3.2293 7.0772 11.5983 10.8742 8.0236 9.1150 1.9279 6.9857 8.6660 3.6105 3.0037 10.5212 4.7877 3.9786 9.0021 8.9557 11.1428 8.3302 8.7406 1.0907 12.6191 8.2233 9.2170 12.2799 4.9010 7.6435 5.6395 4.6250 7.8646 9.4262 5.8197 7.6377 3.8341 12.6081 6.6036 0.8784 4.7529 13.1109 5.7865 2.2160 10.9238 4.3017 1.5828 3.0721 9.9671
5.3770 6.5630 8.1563 8.6839 8.7442 1.8807 9.4401 0.0000 6.9677 7.4756 2.5132 7.3756 5.5439 3.4051 5.1209 7.9678 2.4685 0.9316 6.0129 6.6655 6.0143 10.6573 9.5438 1.7202 1.0843 1.7489 3.3227 5.6439 8.5903 5.9975 1.4016 0.6987 6.3822 6.1771 1.9409 10.6266 8.6128 1.7521 1.2839 11.0665 4.6898 7.5576 7.5243 2.9715 8.6050 9.4271 5.9948 9.5285 7.6689 4.4682 10.4308 8.0668 6.5656 5.6340
2.6212 5.0686 1.4490 5.6197 5.7857 6.1720 6.8945 6.9677 0.0000 3.6744 4.9417 4.8670 4.7122 3.6408 10.3666 6.9515 5.7859 6.8505 6.0929 6.3085 4.0985 4.7567 4.1012 5.4318 5.9200 8.4962 3.8259 10.4834 6.8688 6.6142 5.6626 6.3284 6.0063 7.9779 5.3093 4.2782 2.8770 5.4022 7.8882 4.6984 9.0598 8.3001 5.9841 4.7323 6.1510 3.4899 7.2648 3.0170 4.7846 5.3550 4.7919 5.4351 6.2225 3.6610
5.6432 8.3902 3.1745 1.9646 2.1248 5.8922 3.2293 7.4756 3.6744 0.0000 4.9626 8.3852 7.7730 5.2329 8.9174 3.4783 5.2878 6.9104 3.3724 3.2622 7.3588 3.4852 2.2877 6.5741 6.7225 9.2223 5.5356 8.7862 3.2423 9.5847 6.1003 7.0650 9.1706 5.3880 5.5369 3.8629 1.9899 5.7359 7.8652 4.2349 7.4168 5.1863 9.4190 4.5115 2.4793 2.5890 10.1286 3.3412 1.1482 7.9746 3.1355 1.7761 3.2171 6.8197
4.1923 6.3259 5.9325 6.2310 6.3037 1.2308 7.0772 2.5132 4.9417 4.9626 0.0000 6.8942 5.3326 2.1233 5.6108 5.7977 0.9688 2.0329 3.9059 4.5270 5.4722 8.1896 7.0564 2.0179 1.8785 4.2608 2.2896 5.8669 6.3192 6.5200 1.1628 2.1570 6.5630 4.7388 0.5821 8.2222 6.1780 0.7961 3.0616 8.6577 4.5232 5.8573 7.4300 0.4764 6.2180 6.9890 6.7890 7.1875 5.1934 4.7246 7.9439 5.6324 4.4182 4.9412
2.9583 0.9678 6.0919 10.3480 10.5046 7.8389 11.5983 7.3756 4.8670 8.3852 6.8942 0.0000 1.8586 4.7758 12.2498 11.2766 7.8416 7.8629 9.9094 10.3315 1.4269 9.4042 8.9235 5.7434 6.4169 8.0905 4.6109 12.6280 11.3855 2.8142 6.7550 6.7103 1.9160 11.3852 6.8344 8.7151 7.7142 6.7563 8.6482 9.0683 11.3650 12.1658 1.1846 7.0429 10.7899 8.2321 3.5167 7.5042 9.4011 3.0975 9.5306 10.0559 10.2267 1.9583
2.1621 1.0313 6.1268 9.6827 9.8242 6.1587 10.8742 5.5439 4.7122 7.7730 5.3326 1.8586 0.0000 3.2953 10.4972 10.2727 6.2391 6.0806 8.7122 9.2052 0.8066 9.4671 8.7744 3.9571 4.6216 6.2361 3.0651 10.9098 10.5025 1.9021 5.0295 4.8922 1.4060 9.9903 5.1839 8.9322 7.5507 5.0776 6.8232 9.3320 9.6956 10.9156 2.1008 5.5569 10.0218 8.2006 2.5673 7.6706 8.6600 1.2736 9.4994 9.2945 9.0960 1.0550
2.1290 4.2512 4.9499 6.9471 7.0634 3.1683 8.0236 3.4051 3.6408 5.2329 2.1233 4.7758 3.2953 0.0000 7.6398 7.1512 3.0826 3.4954 5.4727 6.0049 3.3588 7.8506 6.8705 1.7929 2.3266 4.8590 0.3073 7.9476 7.4891 4.7329 2.2655 2.7315 4.6136 6.6963 2.1513 7.6304 5.7636 2.1339 4.4771 8.0710 6.6323 7.6394 5.3681 2.2790 7.1468 6.5547 5.1400 6.4371 5.8763 2.9547 7.7239 6.4549 5.8940 2.8198
9.7633 11.5284 11.0742 9.0372 8.9977 4.4716 9.1150 5.1209 10.3666 8.9174 5.6108 12.2498 10.4972 7.6398 0.0000 7.1940 4.6614 4.4277 5.7741 6.2296 10.8325 12.3890 11.1945 6.5426 5.8894 5.5574 7.7237 0.7175 8.0285 11.1169 5.4961 5.6730 11.4643 4.2384 5.4890 12.7530 10.7392 5.5276 3.8948 13.1423 1.5194 5.5903 12.5525 5.6885 8.5670 11.4608 11.1054 11.9986 8.4087 9.5323 12.0035 8.4180 6.1970 10.3608
8.3437 11.0753 6.6482 2.2519 2.1342 6.0900 1.9279 7.9678 6.9515 3.4783 5.7977 11.2766 10.2727 7.1512 7.1940 0.0000 5.5041 7.1266 1.9556 1.3023 10.0536 6.1491 5.1170 7.8049 7.6413 9.6061 7.4454 6.8127 0.8372 11.8757 6.8801 7.8473 11.6643 2.9732 6.3225 6.8581 5.3591 6.5431 7.7859 7.1257 5.7276 2.0114 12.1756 5.3490 1.5728 5.7473 12.2883 6.6777 2.3577 10.1059 5.6769 1.8732 1.4029 9.4785
5.1611 7.2455 6.6715 6.2878 6.3355 0.6257 6.9857 2.4685 5.7859 5.2878 0.9688 7.8416 6.2391 3.0826 4.6614 5.5041 0.0000 1.6914 3.5517 4.2026 6.4166 8.6622 7.4935 2.6292 2.2519 4.1574 3.2307 4.9006 6.1223 7.3179 1.4981 2.3806 7.4251 4.0077 1.0897 8.7888 6.7255 1.2579 2.5815 9.2157 3.5549 5.2568 8.3398 1.0536 6.1623 7.5224 7.5302 7.8276 5.3112 5.5443 8.3744 5.6569 4.1013 5.8938
5.5920 7.1113 7.9286 7.9784 8.0268 1.0670 8.6660 0.9316 6.8505 6.9104 2.0329 7.8629 6.0806 3.4954 4.4277 7.1266 1.6914 0.0000 5.1723 5.8259 6.4610 10.2072 9.0614 2.1241 1.4623 2.4834 3.4950 4.8897 7.7788 6.7356 1.2320 1.2716 7.0421 5.2488 1.5534 10.2548 8.2082 1.4488 1.0421 10.6899 3.8361 6.6403 8.1257 2.4278 7.8493 9.0181 6.7924 9.2157 6.9946 5.1081 9.9478 7.3482 5.7294 6.0243
6.9519 9.5888 6.2015 3.2818 3.2597 4.1345 3.6105 6.0129 6.0929 3.3724 3.9059 9.9094 8.7122 5.4727 5.7741 1.9556 3.5517 5.1723 0.0000 0.6536 8.5978 6.7217 5.5499 5.9236 5.7171 7.6533 5.7496 5.5384 2.6331 10.1967 4.9519 5.9073 10.0718 2.0249 4.4064 7.2143 5.3459 4.6247 5.8555 7.5653 4.2554 2.2690 10.7073 3.4791 2.9003 5.9565 10.5573 6.6895 2.6590 8.4019 6.3050 2.6504 0.5588 8.0202
7.3750 10.0552 6.2684 2.8165 2.7694 4.7877 3.0037 6.6655 6.3085 3.2622 4.5270 10.3315 9.2052 6.0049 6.2296 1.3023 4.2026 5.8259 0.6536 0.0000 9.0505 6.4529 5.3119 6.5421 6.3544 8.3067 6.2898 5.9377 1.9948 10.7374 5.5908 6.5520 10.5792 2.2156 5.0393 7.0188 5.2515 5.2588 6.5019 7.3457 4.7211 2.0001 11.1686 4.0892 2.3499 5.7962 11.1184 6.6028 2.3726 8.9503 6.0148 2.2202 0.1113 8.4724
1.7306 1.0349 5.4751 9.3000 9.4486 6.4131 10.5212 6.0143 4.0985 7.3588 5.4722 1.4269 0.8066 3.3588 10.8325 10.0536 6.4166 6.4610 8.5978 9.0505 0.0000 8.8278 8.1948 4.3507 5.0266 6.8573 3.1860 11.2040 10.2227 2.5937 5.3364 5.3367 1.9095 10.0068 5.4076 8.2509 6.9689 5.3310 7.2754 8.6412 9.9381 10.8384 2.1222 5.6332 9.6861 7.5823 3.2931 6.9958 8.3067 2.0174 8.8869 8.9532 8.9435 0.5781
7.3662 9.7564 3.3535 3.9050 4.0402 9.2403 4.7877 10.6573 4.7567 3.4852 8.1896 9.4042 9.4671 7.8506 12.3890 6.1491 8.6622 10.2072 6.7217 6.4529 8.8278 0.0000 1.1975 9.4824 9.7748 12.3714 8.1157 12.2293 5.5222 11.3690 9.2558 10.1545 10.7363 8.6653 8.7331 0.9773 2.0881 8.9084 11.2051 1.0384 10.8809 8.1286 10.5743 7.7795 4.6195 1.3050 12.0214 1.9184 4.0842 10.0707 0.4861 4.3242 6.4399 8.4139
6.6274 9.1697 2.8560 2.9257 3.0801 8.0793 3.9786 9.5438 4.1012 2.2877 7.0564 8.9235 8.7744 6.8705 11.1945 5.1170 7.4935 9.0614 5.5499 5.3119 8.1948 1.1975 0.0000 8.4388 8.6937 11.2710 7.1489 11.0420 4.5643 10.6694 8.1450 9.0648 10.0987 7.5153 7.6098 1.7413 1.2260 7.7919 10.0490 2.0360 9.6880 7.0576 10.0656 6.6347 3.6516 0.8347 11.2935 1.8831 2.9400 9.2637 0.8874 3.2537 5.2923 7.7353
3.6623 4.9881 6.7161 8.0681 8.1583 2.3444 9.0021 1.7202 5.4318 6.5741 2.0179 5.7434 3.9571 1.7929 6.5426 7.8049 2.6292 2.1241 5.9236 6.5421 4.3507 9.4824 8.4388 0.0000 0.6761 3.0662 1.6508 6.9742 8.2975 4.7479 1.1713 1.0216 4.9652 6.6344 1.5672 9.3353 7.3990 1.3743 2.9378 9.7772 5.8198 7.8366 6.0127 2.4560 8.1307 8.2058 4.9132 8.1715 7.0031 3.0345 9.3131 7.5026 6.4328 3.9391
4.2998 5.6516 7.1473 8.0937 8.1714 1.8482 8.9557 1.0843 5.9200 6.7225 1.8785 6.4169 4.6216 2.3266 5.8894 7.6413 2.2519 1.4623 5.7171 6.3544 5.0266 9.7748 8.6937 0.6761 0.0000 2.6197 2.2385 6.3389 8.1883 5.3186 0.7672 0.4084 5.5887 6.2377 1.3217 9.6879 7.7065 1.0999 2.2652 10.1294 5.2240 7.5086 6.6634 2.3527 8.0958 8.5193 5.4282 8.5577 7.0453 3.6539 9.5764 7.5030 6.2479 4.6139
6.5993 7.1819 9.7573 10.4192 10.4755 3.5413 11.1428 1.7489 8.4962 9.2223 4.2608 8.0905 6.2361 4.8590 5.5574 9.6061 4.1574 2.4834 7.6533 8.3067 6.8573 12.3714 11.2710 3.0662 2.6197 0.0000 4.7045 6.2020 10.2622 6.1529 3.1298 2.2245 6.7441 7.5667 3.6855 12.3051 10.3129 3.4898 1.9848 12.7464 5.5909 9.0135 7.9872 4.7204 10.3187 11.1268 5.9433 11.1773 9.4115 5.0031 12.1569 9.7972 8.2110 6.5915
2.0971 4.0423 5.1663 7.2544 7.3707 3.2611 8.3302 3.3227 3.8259 5.5356 2.2896 4.6109 3.0651 0.3073 7.7237 7.4454 3.2307 3.4950 5.7496 6.2898 3.1860 8.1157 7.1489 1.6508 2.2385 4.7045 0.0000 8.0555 7.7908 4.4486 2.2801 2.6343 4.3577 6.9288 2.2441 7.8748 6.0307 2.1968 4.4466 8.3144 6.7627 7.9008 5.1528 2.4918 7.4532 6.8167 4.8433 6.6706 6.1835 2.6624 7.9977 6.7619 6.1788 2.6672
10.0540 11.9395 11.1056 8.7540 8.7022 4.7960 8.7406 5.6439 10.4834 8.7862 5.8669 12.6280 10.9098 7.9476 0.7175 6.8127 4.9006 4.8897 5.5384 5.9377 11.2040 12.2293 11.0420 6.9742 6.3389 6.2020 8.0555 0.0000 7.6500 11.6186 5.8825 6.1548 11.9275 3.8395 5.8114 12.6438 10.6616 5.8741 4.4611 13.0211 1.4284 5.1030 12.9841 5.8886 8.2436 11.3574 11.6387 11.9493 8.1957 9.9927 11.8274 8.1514 5.9168 10.7139
8.4958 11.2540 6.3949 1.6387 1.4886 6.7257 1.0907 8.5903 6.8688 3.2423 6.3192 11.3855 10.5025 7.4891 8.0285 0.8372 6.1223 7.7788 2.6331 1.9948 10.2227 5.5222 4.5643 8.2975 8.1883 10.2622 7.7908 7.6500 0.0000 12.1742 7.4378 8.4211 11.9050 3.8105 6.8670 6.2917 4.9697 7.0889 8.4877 6.5267 6.5569 2.7830 12.3363 5.8552 0.9127 5.2590 12.6234 6.2405 2.0972 10.4327 5.0410 1.4775 2.0773 9.6545
4.0444 1.9317 8.0269 11.4598 11.5946 7.0911 12.6191 5.9975 6.6142 9.5847 6.5200 2.8142 1.9021 4.7329 11.1169 11.8757 7.3179 6.7356 10.1967 10.7374 2.5937 11.3690 10.6694 4.7479 5.3186 6.1529 4.4486 11.6186 12.1742 0.0000 5.9170 5.4656 0.9004 11.2588 6.2282 10.8262 9.4471 6.0711 7.2541 11.2224 10.5425 12.3207 2.0912 6.8380 11.7542 10.1022 0.7207 9.5663 10.4166 1.8027 11.4002 11.0364 10.6265 2.9555
4.3733 6.0581 6.7971 7.3930 7.4645 1.1741 8.2233 1.4016 5.6626 6.1003 1.1628 6.7550 5.0295 2.2655 5.4961 6.8801 1.4981 1.2320 4.9519 5.5908 5.3364 9.2558 8.1450 1.1713 0.7672 3.1298 2.2801 5.8825 7.4378 5.9170 0.0000 0.9961 6.1073 5.5008 0.5828 9.2297 7.2119 0.3676 2.2411 9.6691 4.6796 6.7508 7.1134 1.6381 7.3689 8.0261 6.0816 8.1426 6.3562 4.1861 9.0317 6.7920 5.4847 4.8699
4.6794 5.9174 7.5522 8.3880 8.4602 1.8931 9.2170 0.6987 6.3284 7.0650 2.1570 6.7103 4.8922 2.7315 5.6730 7.8473 2.3806 1.2716 5.9073 6.5520 5.3367 10.1545 9.0648 1.0216 0.4084 2.2245 2.6343 6.1548 8.4211 5.4656 0.9961 0.0000 5.7922 6.3012 1.5788 10.0806 8.0911 1.3610 1.9391 10.5219 5.1019 7.6161 6.9031 2.6331 8.3640 8.9047 5.5238 8.9566 7.3487 3.8628 9.9491 7.7880 6.4475 4.9451
3.5380 1.0742 7.3831 11.0860 11.2283 7.2711 12.2799 6.3822 6.0063 9.1706 6.5630 1.9160 1.4060 4.6136 11.4643 11.6643 7.4251 7.0421 10.0718 10.5792 1.9095 10.7363 10.0987 4.9652 5.5887 6.7441 4.3577 11.9275 11.9050 0.9004 6.1073 5.7922 0.0000 11.2751 6.3444 10.1478 8.8727 6.2113 7.6612 10.5326 10.7826 12.2530 1.2738 6.8305 11.4278 9.4916 1.6019 8.8966 10.0654 1.9348 10.7961 10.7004 10.4694 2.3764
8.4718 10.9413 8.1974 4.9861 4.9172 4.4094 4.9010 6.1771 7.9779 5.3880 4.7388 11.3852 9.9903 6.6963 4.2384 2.9732 4.0077 5.2488 2.0249 2.2156 10.0068 8.6653 7.5153 6.6344 6.2377 7.5667 6.9288 3.8395 3.8105 11.2588 5.5008 6.3012 11.2751 0.0000 5.0748 9.2068 7.3681 5.2602 5.5988 9.5447 2.8189 1.4990 12.0611 4.4446 4.4297 7.9628 11.5143 8.7133 4.5815 9.4623 8.2298 4.4195 2.2254 9.4408
4.2781 6.1997 6.3757 6.8105 6.8817 1.0186 7.6435 1.9409 5.3093 5.5369 0.5821 6.8344 5.1839 2.1513 5.4890 6.3225 1.0897 1.5534 4.4064 5.0393 5.4076 8.7331 7.6098 1.5672 1.3217 3.6855 2.2441 5.8114 6.8670 6.2282 0.5828 1.5788 6.3444 5.0748 0.0000 8.7380 6.7051 0.2220 2.5954 9.1756 4.5310 6.2708 7.2834 1.0559 6.7877 7.5182 6.4463 7.6772 5.7748 4.4561 8.4972 6.2092 4.9321 4.9055
6.8953 9.1368 2.8297 4.6543 4.8036 9.3379 5.6395 10.6266 4.2782 3.8629 8.2222 8.7151 8.9322 7.6304 12.7530 6.8581 8.7888 10.2548 7.2143 7.0188 8.2509 0.9773 1.7413 9.3353 9.6879 12.3051 7.8748 12.6438 6.2917 10.8262 9.2297 10.0806 10.1478 9.2068 8.7380 0.0000 2.0644 8.8972 11.2759 0.4420 11.2635 8.7955 9.8955 7.8446 5.3796 1.2935 11.4989 1.2643 4.6559 9.6331 1.4089 4.9945 6.9927 7.8778
5.4074 7.9455 1.7015 3.4067 3.5787 7.2785 4.6250 8.6128 2.8770 1.9899 6.1780 7.7142 7.5507 5.7636 10.7392 5.3591 6.7255 8.2082 5.3459 5.2515 6.9689 2.0881 1.2260 7.3990 7.7065 10.3129 6.0307 10.6616 4.9697 9.4471 7.2119 8.0911 8.8727 7.3681 6.7051 2.0644 0.0000 6.8716 9.2236 2.4903 9.2645 7.1566 8.8496 5.7903 4.0921 0.8143 10.0752 1.3514 3.0098 8.0622 1.9889 3.5174 5.2071 6.5101
4.2621 6.0990 6.5003 7.0271 7.0994 1.0840 7.8646 1.7521 5.4022 5.7359 0.7961 6.7563 5.0776 2.1339 5.5276 6.5431 1.2579 1.4488 4.6247 5.2588 5.3310 8.9084 7.7919 1.3743 1.0999 3.4898 2.1968 5.8741 7.0889 6.0711 0.3676 1.3610 6.2113 5.2602 0.2220 8.8972 6.8716 0.0000 2.4865 9.3358 4.6203 6.4729 7.1737 1.2721 7.0082 7.6855 6.2729 7.8232 5.9890 4.3102 8.6789 6.4275 5.1518 4.8411
6.5370 7.8444 8.9702 8.8225 8.8586 1.9736 9.4262 1.2839 7.8882 7.8652 3.0616 8.6482 6.8232 4.4771 3.8948 7.7859 2.5815 1.0421 5.8555 6.5019 7.2754 11.2051 10.0490 2.9378 2.2652 1.9848 4.4466 4.4611 8.4877 7.2541 2.2411 1.9391 7.6612 5.5988 2.5954 11.2759 9.2236 2.4865 0.0000 11.7094 3.6657 7.0610 8.8080 3.4335 8.6383 10.0309 7.2151 10.2490 7.8734 5.7512 10.9333 8.1827 6.4134 6.8764
7.3109 9.5136 3.2494 4.8973 5.0394 9.7681 5.8197 11.0665 4.6984 4.2349 8.6577 9.0683 9.3320 8.0710 13.1423 7.1257 9.2157 10.6899 7.5653 7.3457 8.6412 1.0384 2.0360 9.7772 10.1294 12.7464 8.3144 13.0211 6.5267 11.2224 9.6691 10.5219 10.5326 9.5447 9.1756 0.4420 2.4903 9.3358 11.7094 0.0000 11.6478 9.0848 10.2510 8.2772 5.6184 1.7011 11.8993 1.6815 4.9749 10.0514 1.5211 5.2762 7.3241 8.2788
8.7146 10.7189 9.6788 7.5229 7.4863 3.5373 7.6377 4.6898 9.0598 7.4168 4.5232 11.3650 9.6956 6.6323 1.5194 5.7276 3.5549 3.8361 4.2554 4.7211 9.9381 10.8809 9.6880 5.8198 5.2240 5.5909 6.7627 1.4284 6.5569 10.5425 4.6796 5.1019 10.7826 2.8189 4.5310 11.2635 9.2645 4.6203 3.6657 11.6478 0.0000 4.2544 11.7877 4.5059 7.0651 9.9734 10.6256 10.5414 6.8899 8.8542 10.4912 6.9012 4.6853 9.4298
9.2108 11.8171 8.2568 4.2531 4.1422 5.7299 3.8341 7.5576 8.3001 5.1863 5.8573 12.1658 10.9156 7.6394 5.5903 2.0114 5.2568 6.6403 2.2690 2.0001 10.8384 8.1286 7.0576 7.8366 7.5086 9.0135 7.9008 5.1030 2.7830 12.3207 6.7508 7.6161 12.2530 1.4990 6.2708 8.7955 7.1566 6.4729 7.0610 9.0848 4.2544 0.0000 12.9381 5.4936 3.5842 7.6315 12.6334 8.5022 4.1709 10.5182 7.6627 3.8090 2.0801 10.2622
3.8408 1.1219 7.2491 11.3733 11.5256 8.2526 12.6081 7.5243 5.9841 9.4190 7.4300 1.1846 2.1008 5.3681 12.5525 12.1756 8.3398 8.1257 10.7073 11.1686 2.1222 10.5743 10.0656 6.0127 6.6634 7.9872 5.1528 12.9841 12.3363 2.0912 7.1134 6.9031 1.2738 12.0611 7.2834 9.8955 8.8496 7.1737 8.8080 10.2510 11.7877 12.9381 0.0000 7.6420 11.7822 9.3891 2.7031 8.6796 10.3979 3.0605 10.6907 11.0482 11.0612 2.6989
4.2478 6.5277 5.6396 5.7550 5.8274 1.5063 6.6036 2.9715 4.7323 4.5115 0.4764 7.0429 5.5569 2.2790 5.6885 5.3490 1.0536 2.4278 3.4791 4.0892 5.6332 7.7795 6.6347 2.4560 2.3527 4.7204 2.4918 5.8886 5.8552 6.8380 1.6381 2.6331 6.8305 4.4446 1.0559 7.8446 5.7903 1.2721 3.4335 8.2772 4.5059 5.4936 7.6420 0.0000 5.7430 6.5975 7.1399 6.8407 4.7191 5.0360 7.5215 5.1560 3.9795 5.0847
7.9557 10.7210 5.5726 0.7259 0.5794 6.7830 0.8784 8.6050 6.1510 2.4793 6.2180 10.7899 10.0218 7.1468 8.5670 1.5728 6.1623 7.8493 2.9003 2.3499 9.6861 4.6195 3.6516 8.1307 8.0958 10.3187 7.4532 8.2436 0.9127 11.7542 7.3689 8.3640 11.4278 4.4297 6.7877 5.3796 4.0921 7.0082 8.6383 5.6184 7.0651 3.5842 11.7822 5.7430 0.0000 4.3521 12.2402 5.3430 1.3892 10.0519 4.1404 0.7343 2.3980 9.1277
6.0827 8.5321 2.1403 3.6326 3.7959 8.0813 4.7529 9.4271 3.4899 2.5890 6.9890 8.2321 8.2006 6.5547 11.4608 5.7473 7.5224 9.0181 5.9565 5.7962 7.5823 1.3050 0.8347 8.2058 8.5193 11.1268 6.8167 11.3574 5.2590 10.1022 8.0261 8.9047 9.4916 7.9628 7.5182 1.2935 0.8143 7.6855 10.0309 1.7011 9.9734 7.6315 9.3891 6.5975 4.3521 0.0000 10.7462 1.0528 3.4625 8.7749 1.3059 3.8747 5.7632 7.1507
4.6682 2.6507 8.6891 11.9751 12.1050 7.2488 13.1109 5.9948 7.2648 10.1286 6.7890 3.5167 2.5673 5.1400 11.1054 12.2883 7.5302 6.7924 10.5573 11.1184 3.2931 12.0214 11.2935 4.9132 5.4282 5.9433 4.8433 11.6387 12.6234 0.7207 6.0816 5.5238 1.6019 11.5143 6.4463 11.4989 10.0752 6.2729 7.2151 11.8993 10.6256 12.6334 2.7031 7.1399 12.2402 10.7462 0.0000 10.2367 10.9214 2.1912 12.0394 11.5302 11.0072 3.6211
5.6318 7.8943 1.5680 4.6331 4.8004 8.3461 5.7865 9.5285 3.0170 3.3412 7.1875 7.5042 7.6706 6.4371 11.9986 6.6777 7.8276 9.2157 6.6895 6.6028 6.9958 1.9184 1.8831 8.1715 8.5577 11.1773 6.6706 11.9493 6.2405 9.5663 8.1426 8.9566 8.8966 8.7133 7.6772 1.2643 1.3514 7.8232 10.2490 1.6815 10.5414 8.5022 8.6796 6.8407 5.3430 1.0528 10.2367 0.0000 4.3430 8.3709 2.1394 4.8172 6.5583 6.6159
6.5773 9.3417 4.3180 1.0738 1.1877 5.9359 2.2160 7.6689 4.7846 1.1482 5.1934 9.4011 8.6600 5.8763 8.4087 2.3577 5.3112 6.9946 2.6590 2.3726 8.3067 4.0842 2.9400 7.0031 7.0453 9.4115 6.1835 8.1957 2.0972 10.4166 6.3562 7.3487 10.0654 4.5815 5.7748 4.6559 3.0098 5.9890 7.8734 4.9749 6.8899 4.1709 10.3979 4.7191 1.3892 3.4625 10.9214 4.3430 0.0000 8.7399 3.6544 0.6569 2.3562 7.7515
2.7438 2.1790 6.8035 9.7980 9.9254 5.3556 10.9238 4.4682 5.3550 7.9746 4.7246 3.0975 1.2736 2.9547 9.5323 10.1059 5.5443 5.1081 8.4019 8.9503 2.0174 10.0707 9.2637 3.0345 3.6539 5.0031 2.6624 9.9927 10.4327 1.8027 4.1861 3.8628 1.9348 9.4623 4.4561 9.6331 8.0622 4.3102 5.7512 10.0514 8.8542 10.5182 3.0605 5.0360 10.0519 8.7749 2.1912 8.3709 8.7399 0.0000 10.0464 9.3442 8.8392 2.0005
7.3724 9.8379 3.4419 3.4291 3.5615 8.9627 4.3017 10.4308 4.7919 3.1355 7.9439 9.5306 9.4994 7.7239 12.0035 5.6769 8.3744 9.9478 6.3050 6.0148 8.8869 0.4861 0.8874 9.3131 9.5764 12.1569 7.9977 11.8274 5.0410 11.4002 9.0317 9.9491 10.7961 8.2298 8.4972 1.4089 1.9889 8.6789 10.9333 1.5211 10.4912 7.6627 10.6907 7.5215 4.1404 1.3059 12.0394 2.1394 3.6544 10.0464 0.0000 3.8645 6.0056 8.4511
7.2229 9.9881 4.9175 0.6478 0.6787 6.2821 1.5828 8.0668 5.4351 1.7761 5.6324 10.0559 9.2945 6.4549 8.4180 1.8732 5.6569 7.3482 2.6504 2.2202 8.9532 4.3242 3.2537 7.5026 7.5030 9.7972 6.7619 8.1514 1.4775 11.0364 6.7920 7.7880 10.7004 4.4195 6.2092 4.9945 3.5174 6.4275 8.1827 5.2762 6.9012 3.8090 11.0482 5.1560 0.7343 3.8747 11.5302 4.8172 0.6569 9.3442 3.8645 0.0000 2.2350 8.3956
7.2698 9.9474 6.2010 2.8418 2.8011 4.6887 3.0721 6.5656 6.2225 3.2171 4.4182 10.2267 9.0960 5.8940 6.1970 1.4029 4.1013 5.7294 0.5588 0.1113 8.9435 6.4399 5.2923 6.4328 6.2479 8.2110 6.1788 5.9168 2.0773 10.6265 5.4847 6.4475 10.4694 2.2254 4.9321 6.9927 5.2071 5.1518 6.4134 7.3241 4.6853 2.0801 11.0612 3.9795 2.3980 5.7632 11.0072 6.5583 2.3562 8.8392 6.0056 2.2350 0.0000 8.3654
1.1771 1.5998 5.0719 8.7529 8.8997 5.9181 9.9671 5.6340 3.6610 6.8197 4.9412 1.9583 1.0550 2.8198 10.3608 9.4785 5.8938 6.0243 8.0202 8.4724 0.5781 8.4139 7.7353 3.9391 4.6139 6.5915 2.6672 10.7139 9.6545 2.9555 4.8699 4.9451 2.3764 9.4408 4.9055 7.8778 6.5101 4.8411 6.8764 8.2788 9.4298 10.2622 2.6989 5.0847 9.1277 7.1507 3.6211 6.6159 7.7515 2.0005 8.4511 8.3956 8.3654 0.0000
0.000 36.871 54.216 101.014 102.975 70.569 117.232 71.693 34.950 75.243 55.898 39.445 28.828 28.387 130.177 111.250 68.815 74.560 92.692 98.334 23.075 98.215 88.365 48.831 57.331 87.991 27.961 134.053 113.278 53.925 58.311 62.392 47.174 112.957 57.042 91.937 72.099 56.827 87.160 97.478 116.195 122.810 51.210 56.637 106.076 81.103 62.243 75.090 87.697 36.584 98.298 96.306 96.931 15.694
36.871 0.000 85.407 137.783 139.770 95.755 154.081 87.507 67.581 111.870 84.346 12.904 13.750 56.682 153.712 147.670 96.606 94.817 127.851 134.069 13.799 130.085 122.263 66.509 75.355 95.759 53.897 159.193 150.054 25.756 80.775 78.898 14.323 145.884 82.663 121.824 105.940 81.320 104.592 126.849 142.918 157.562 14.959 87.037 142.946 113.761 35.342 105.257 124.556 29.054 131.172 133.174 132.632 21.331
54.216 85.407 0.000 65.873 68.182 95.159 82.690 108.751 19.320 42.326 79.100 81.226 81.690 65.999 147.656 88.642 88.953 105.715 82.686 83.579 73.002 44.713 38.080 89.548 95.297 130.097 68.884 148.074 85.266 107.026 90.628 100.696 98.441 109.298 85.009 37.729 22.687 86.671 119.603 43.326 129.050 110.090 96.655 75.194 74.301 28.538 115.854 20.907 57.574 90.713 45.892 65.567 82.679 67.626
101.014 137.783 65.873 0.000 2.312 92.179 17.029 115.786 74.929 26.194 83.080 137.974 129.103 92.629 120.496 30.026 83.837 106.378 43.757 37.554 124.000 52.067 39.010 107.575 107.917 138.923 96.725 116.721 21.849 152.797 98.574 111.841 147.814 66.482 90.806 62.057 45.423 93.694 117.634 65.298 100.305 56.708 151.645 76.734 9.679 48.435 159.668 61.775 14.317 130.639 45.721 8.637 37.890 116.705
102.975 139.770 68.182 2.312 0.000 92.809 14.787 116.590 77.143 28.330 84.050 140.062 130.990 94.178 119.970 28.456 84.474 107.025 43.463 36.926 125.982 53.869 41.068 108.778 108.951 139.674 98.275 116.029 19.848 154.594 99.527 112.803 149.711 65.562 91.756 64.047 47.717 94.658 118.115 67.192 99.818 55.229 153.675 77.699 7.726 50.612 161.400 64.005 15.836 132.338 47.487 9.049 37.348 118.662
70.569 95.755 95.159 92.179 92.809 0.000 101.363 25.076 82.293 78.562 16.411 104.519 82.116 42.244 59.621 81.200 8.343 14.226 55.127 63.836 85.507 123.204 107.724 31.259 24.643 47.218 43.481 63.947 89.676 94.547 15.654 25.241 96.948 58.792 13.581 124.505 97.047 14.453 26.315 130.242 47.164 76.399 110.035 20.085 90.440 107.751 96.651 111.281 79.145 71.409 119.503 83.761 62.516 78.908
117.232 154.081 82.690 17.029 14.787 101.363 0.000 125.868 91.927 43.057 94.363 154.644 144.989 106.982 121.534 25.705 93.143 115.547 48.140 40.049 140.283 63.835 53.048 120.028 119.410 148.570 111.069 116.541 14.543 168.255 109.644 122.893 163.732 65.347 101.913 75.194 61.666 104.861 125.683 77.596 101.836 51.122 168.107 88.047 11.712 63.372 174.812 77.153 29.546 145.650 57.355 21.104 40.961 132.894
71.693 87.507 108.751 115.786 116.590 25.076 125.868 0.000 92.902 99.675 33.509 98.341 73.919 45.401 68.279 106.238 32.913 12.422 80.172 88.874 80.191 142.097 127.251 22.936 14.457 23.319 44.303 75.252 114.538 79.967 18.688 9.315 85.096 82.361 25.878 141.688 114.838 23.361 17.119 147.554 62.530 100.769 100.324 39.620 114.733 125.695 79.931 127.046 102.252 59.576 139.077 107.557 87.541 75.121
34.950 67.581 19.320 74.929 77.143 82.293 91.927 92.902 0.000 48.991 65.889 64.893 62.829 48.544 138.221 92.687 77.145 91.341 81.239 84.114 54.647 63.423 54.683 72.424 78.933 113.282 51.012 139.778 91.584 88.189 75.502 84.378 80.085 106.372 70.790 57.043 38.360 72.029 105.176 62.645 120.798 110.668 79.788 63.098 82.014 46.532 96.864 40.227 63.795 71.400 63.892 72.469 82.967 48.813
75.243 111.870 42.326 26.194 28.330 78.562 43.057 99.675 48.991 0.000 66.168 111.803 103.641 69.773 118.898 46.378 70.504 92.139 44.965 43.496 98.117 46.469 30.503 87.654 89.633 122.964 73.808 117.149 43.230 127.796 81.337 94.200 122.275 71.840 73.826 51.505 26.533 76.479 104.870 56.465 98.891 69.151 125.587 60.154 33.057 34.519 135.048 44.549 15.310 106.328 41.806 23.681 42.895 90.929
55.898 84.346 79.100 83.080 84.050 16.411 94.363 33.509 65.889 66.168 0.000 91.922 71.101 28.310 74.811 77.302 12.917 27.105 52.078 60.359 72.963 109.195 94.086 26.906 25.047 56.811 30.528 78.225 84.256 86.933 15.504 28.761 87.507 63.184 7.761 109.630 82.373 10.615 40.822 115.436 60.309 78.098 99.067 6.352 82.906 93.187 90.521 95.833 69.245 62.995 105.918 75.098 58.910 65.883
39.445 12.904 81.226 137.974 140.062 104.519 154.644 98.341 64.893 111.803 91.922 0.000 24.781 63.677 163.331 150.355 104.554 104.838 132.126 137.754 19.025 125.389 118.980 76.578 85.558 107.873 61.479 168.374 151.806 37.523 90.066 89.471 25.547 151.803 91.125 116.201 102.856 90.084 115.310 120.910 151.533 162.210 15.795 93.906 143.865 109.761 46.889 100.056 125.347 41.301 127.074 134.079 136.356 26.111
28.828 13.750 81.690 129.103 130.990 82.116 144.989 73.919 62.829 103.641 71.101 24.781 0.000 43.937 139.962 136.969 83.188 81.075 116.163 122.737 10.755 126.228 116.992 52.762 61.622 83.148 40.869 145.463 140.034 25.361 67.060 65.229 18.747 133.203 69.119 119.096 100.676 67.702 90.976 124.427 129.274 145.542 28.010 74.092 133.624 109.342 34.231 102.274 115.466 16.981 126.658 123.927 121.280 14.067
28.387 56.682 65.999 92.629 94.178 42.244 106.982 45.401 48.544 69.773 28.310 63.677 43.937 0.000 101.864 95.350 41.101 46.606 72.969 80.066 44.784 104.675 91.607 23.905 31.021 64.787 4.097 105.968 99.854 63.105 30.206 36.420 61.515 89.284 28.683 101.739 76.848 28.452 59.695 107.613 88.431 101.859 71.574 30.387 95.291 87.396 68.533 85.828 78.350 39.396 102.985 86.065 78.587 37.597
130.177 153.712 147.656 120.496 119.970 59.621 121.534 68.279 138.221 118.898 74.811 163.331 139.962 101.864 0.000 95.920 62.152 59.036 76.988 83.061 144.433 165.186 149.259 87.235 78.525 74.098 102.983 9.567 107.047 148.225 73.282 75.640 152.858 56.512 73.187 170.039 143.190 73.701 51.930 175.231 20.259 74.538 167.367 75.846 114.227 152.811 148.072 159.981 112.116 127.098 160.047 112.240 82.627 138.144
111.250 147.670 88.642 30.026 28.456 81.200 25.705 106.238 92.687 46.378 77.302 150.355 136.969 95.350 95.920 0.000 73.388 95.022 26.074 17.364 134.049 81.988 68.227 104.066 101.884 128.081 99.272 90.836 11.163 158.343 91.734 104.631 155.524 39.643 84.300 91.441 71.455 87.241 103.812 95.010 76.367 26.818 162.341 71.320 20.971 76.631 163.844 89.035 31.436 134.746 75.692 24.975 18.705 126.381
68.815 96.606 88.953 83.837 84.474 8.343 93.143 32.913 77.145 70.504 12.917 104.554 83.188 41.101 62.152 73.388 0.000 22.551 47.356 56.035 85.554 115.496 99.913 35.056 30.025 55.433 43.076 65.341 81.631 97.572 19.975 31.741 99.001 53.436 14.529 117.184 89.674 16.772 34.419 122.875 47.399 70.090 111.198 14.048 82.164 100.299 100.403 104.367 70.816 73.924 111.659 75.426 54.683 78.584
74.560 94.817 105.715 106.378 107.025 14.226 115.547 12.422 91.341 92.139 27.105 104.838 81.075 46.606 59.036 95.022 22.551 0.000 68.964 77.679 86.146 136.096 120.819 28.322 19.498 33.112 46.600 65.196 103.718 89.808 16.427 16.954 93.895 69.984 20.712 136.731 109.443 19.317 13.894 142.533 51.148 88.537 108.342 32.371 104.657 120.241 90.565 122.876 93.262 68.108 132.637 97.976 76.392 80.325
92.692 127.851 82.686 43.757 43.463 55.127 48.140 80.172 81.239 44.965 52.078 132.126 116.163 72.969 76.988 26.074 47.356 68.964 0.000 8.715 114.637 89.623 73.999 78.982 76.228 102.044 76.661 73.845 35.108 135.955 66.025 78.764 134.291 26.998 58.752 96.191 71.279 61.662 78.074 100.871 56.738 30.254 142.764 46.388 38.671 79.420 140.764 89.193 35.453 112.025 84.067 35.339 7.451 106.937
98.334 134.069 83.579 37.554 36.926 63.836 40.049 88.874 84.114 43.496 60.359 137.754 122.737 80.066 83.061 17.364 56.035 77.679 8.715 0.000 120.673 86.039 70.825 87.227 84.726 110.755 83.864 79.169 26.597 143.166 74.543 87.360 141.056 29.541 67.191 93.584 70.020 70.118 86.693 97.943 62.949 26.668 148.915 54.523 31.332 77.283 148.246 88.038 31.634 119.338 80.198 29.602 1.483 112.966
23.075 13.799 73.002 124.000 125.982 85.507 140.283 80.191 54.647 98.117 72.963 19.025 10.755 44.784 144.433 134.049 85.554 86.146 114.637 120.673 0.000 117.703 109.264 58.009 67.021 91.430 42.480 149.387 136.303 34.582 71.152 71.156 25.459 133.425 72.102 110.012 92.918 71.080 97.006 115.216 132.509 144.512 28.296 75.110 129.148 101.097 43.908 93.277 110.756 26.898 118.492 119.375 119.246 7.708
98.215 130.085 44.713 52.067 53.869 123.204 63.835 142.097 63.423 46.469 109.195 125.389 126.228 104.675 165.186 81.988 115.496 136.096 89.623 86.039 117.703 0.000 15.966 126.432 130.331 164.952 108.209 163.057 73.630 151.587 123.411 135.394 143.150 115.537 116.441 13.030 27.841 118.778 149.401 13.845 145.078 108.382 140.991 103.727 61.593 17.400 160.285 25.579 54.456 134.275 6.482 57.656 85.866 112.185
88.365 122.263 38.080 39.010 41.068 107.724 53.048 127.251 54.683 30.503 94.086 118.980 116.992 91.607 149.259 68.227 99.913 120.819 73.999 70.825 109.264 15.966 0.000 112.518 115.915 150.280 95.319 147.226 60.858 142.259 108.601 120.864 134.650 100.204 101.464 23.217 16.347 103.891 133.986 27.146 129.174 94.102 134.207 88.463 48.688 11.129 150.580 25.108 39.200 123.516 11.833 43.383 70.564 103.137
48.831 66.509 89.548 107.575 108.778 31.259 120.028 22.936 72.424 87.654 26.906 76.578 52.762 23.905 87.235 104.066 35.056 28.322 78.982 87.227 58.009 126.432 112.518 0.000 9.015 40.882 22.010 92.990 110.634 63.305 15.617 13.622 66.202 88.459 20.896 124.470 98.653 18.324 39.170 130.363 77.597 104.488 80.170 32.747 108.409 109.411 65.509 108.953 93.375 40.460 124.175 100.035 85.771 52.521
57.331 75.355 95.297 107.917 108.951 24.643 119.410 14.457 78.933 89.633 25.047 85.558 61.622 31.021 78.525 101.884 30.025 19.498 76.228 84.726 67.021 130.331 115.915 9.015 0.000 34.929 29.846 84.518 109.178 70.915 10.229 5.446 74.515 83.170 17.622 129.172 102.753 14.666 30.203 135.059 69.653 100.115 88.846 31.370 107.944 113.591 72.376 114.103 93.937 48.718 127.686 100.039 83.306 61.519
87.991 95.759 130.097 138.923 139.674 47.218 148.570 23.319 113.282 122.964 56.811 107.873 83.148 64.787 74.098 128.081 55.433 33.112 102.044 110.755 91.430 164.952 150.280 40.882 34.929 0.000 62.726 82.694 136.829 82.038 41.731 29.660 89.921 100.889 49.140 164.068 137.505 46.531 26.465 169.952 74.545 120.180 106.496 62.939 137.582 148.357 79.244 149.030 125.486 66.708 162.092 130.630 109.480 87.887
27.961 53.897 68.884 96.725 98.275 43.481 111.069 44.303 51.012 73.808 30.528 61.479 40.869 4.097 102.983 99.272 43.076 46.600 76.661 83.864 42.480 108.209 95.319 22.010 29.846 62.726 0.000 107.406 103.877 59.314 30.401 35.124 58.102 92.385 29.921 104.997 80.409 29.291 59.288 110.859 90.170 105.344 68.705 33.224 99.376 90.890 64.577 88.942 82.447 35.499 106.636 90.159 82.383 35.563
134.053 159.193 148.074 116.721 116.029 63.947 116.541 75.252 139.778 117.149 78.225 168.374 145.463 105.968 9.567 90.836 65.341 65.196 73.845 79.169 149.387 163.057 147.226 92.990 84.518 82.694 107.406 0.000 101.999 154.915 78.433 82.064 159.033 51.194 77.485 168.584 142.154 78.322 59.482 173.614 19.046 68.040 173.122 78.515 109.915 151.431 155.183 159.324 109.275 133.236 157.699 108.685 78.891 142.852
113.278 150.054 85.266 21.849 19.848 89.676 14.543 114.538 91.584 43.230 84.256 151.806 140.034 99.854 107.047 11.163 81.631 103.718 35.108 26.597 136.303 73.630 60.858 110.634 109.178 136.829 103.877 101.999 0.000 162.323 99.170 112.281 158.733 50.806 91.560 83.889 66.263 94.519 113.170 87.023 87.425 37.106 164.484 78.070 12.170 70.120 168.312 83.207 27.962 139.102 67.213 19.700 27.697 128.726
53.925 25.756 107.026 152.797 154.594 94.547 168.255 79.967 88.189 127.796 86.933 37.523 25.361 63.105 148.225 158.343 97.572 89.808 135.955 143.166 34.582 151.587 142.259 63.305 70.915 82.038 59.314 154.915 162.323 0.000 78.893 72.875 12.006 150.117 83.043 144.350 125.961 80.948 96.721 149.632 140.566 164.277 27.883 91.173 156.723 134.697 9.610 127.551 138.888 24.036 152.003 147.152 141.686 39.407
58.311 80.775 90.628 98.574 99.527 15.654 109.644 18.688 75.502 81.337 15.504 90.066 67.060 30.206 73.282 91.734 19.975 16.427 66.025 74.543 71.152 123.411 108.601 15.617 10.229 41.731 30.401 78.433 99.170 78.893 0.000 13.281 81.431 73.344 7.771 123.063 96.159 4.902 29.881 128.922 62.395 90.010 94.845 21.841 98.252 107.015 81.089 108.568 84.749 55.815 120.423 90.560 73.129 64.932
62.392 78.898 100.696 111.841 112.803 25.241 122.893 9.315 84.378 94.200 28.761 89.471 65.229 36.420 75.640 104.631 31.741 16.954 78.764 87.360 71.156 135.394 120.864 13.622 5.446 29.660 35.124 82.064 112.281 72.875 13.281 0.000 77.229 84.017 21.051 134.408 107.882 18.147 25.855 140.291 68.025 101.548 92.041 35.108 111.520 118.729 73.651 119.421 97.982 51.504 132.654 103.840 85.967 65.935
47.174 14.323 98.441 147.814 149.711 96.948 163.732 85.096 80.085 122.275 87.507 25.547 18.747 61.515 152.858 155.524 99.001 93.895 134.291 141.056 25.459 143.150 134.650 66.202 74.515 89.921 58.102 159.033 158.733 12.006 81.431 77.229 0.000 150.334 84.592 135.304 118.303 82.818 102.149 140.435 143.768 163.374 16.984 91.073 152.371 126.555 21.358 118.621 134.206 25.797 143.948 142.673 139.592 31.686
112.957 145.884 109.298 66.482 65.562 58.792 65.347 82.361 106.372 71.840 63.184 151.803 133.203 89.284 56.512 39.643 53.436 69.984 26.998 29.541 133.425 115.537 100.204 88.459 83.170 100.889 92.385 51.194 50.806 150.117 73.344 84.017 150.334 0.000 67.664 122.757 98.241 70.136 74.651 127.263 37.586 19.987 160.815 59.262 59.063 106.171 153.524 116.178 61.087 126.164 109.730 58.926 29.672 125.878
57.042 82.663 85.009 90.806 91.756 13.581 101.913 25.878 70.790 73.826 7.761 91.125 69.119 28.683 73.187 84.300 14.529 20.712 58.752 67.191 72.102 116.441 101.464 20.896 17.622 49.140 29.921 77.485 91.560 83.043 7.771 21.051 84.592 67.664 0.000 116.507 89.401 2.959 34.606 122.342 60.413 83.611 97.112 14.078 90.503 100.243 85.951 102.363 76.997 59.415 113.295 82.790 65.762 65.407
91.937 121.824 37.729 62.057 64.047 124.505 75.194 141.688 57.043 51.505 109.630 116.201 119.096 101.739 170.039 91.441 117.184 136.731 96.191 93.584 110.012 13.030 23.217 124.470 129.172 164.068 104.997 168.584 83.889 144.350 123.063 134.408 135.304 122.757 116.507 0.000 27.526 118.629 150.345 5.893 150.180 117.274 131.940 104.595 71.727 17.246 153.318 16.857 62.078 128.441 18.785 66.594 93.237 105.038
72.099 105.940 22.687 45.423 47.717 97.047 61.666 114.838 38.360 26.533 82.373 102.856 100.676 76.848 143.190 71.455 89.674 109.443 71.279 70.020 92.918 27.841 16.347 98.653 102.753 137.505 80.409 142.154 66.263 125.961 96.159 107.882 118.303 98.241 89.401 27.526 0.000 91.622 122.981 33.204 123.527 95.421 117.995 77.204 54.561 10.857 134.336 18.018 40.131 107.496 26.518 46.899 69.428 86.802
56.827 81.320 86.671 93.694 94.658 14.453 104.861 23.361 72.029 76.479 10.615 90.084 67.702 28.452 73.701 87.241 16.772 19.317 61.662 70.118 71.080 118.778 103.891 18.324 14.666 46.531 29.291 78.322 94.519 80.948 4.902 18.147 82.818 70.136 2.959 118.629 91.622 0.000 33.154 124.477 61.604 86.305 95.650 16.961 93.443 102.473 83.639 104.309 79.854 57.470 115.719 85.699 68.691 64.548
87.160 104.592 119.603 117.634 118.115 26.315 125.683 17.119 105.176 104.870 40.822 115.310 90.976 59.695 51.930 103.812 34.419 13.894 78.074 86.693 97.006 149.401 133.986 39.170 30.203 26.465 59.288 59.482 113.170 96.721 29.881 25.855 102.149 74.651 34.606 150.345 122.981 33.154 0.000 156.125 48.876 94.147 117.441 45.780 115.177 133.746 96.202 136.653 104.979 76.682 145.778 109.103 85.512 91.685
97.478 126.849 43.326 65.298 67.192 130.242 77.596 147.554 62.645 56.465 115.436 120.910 124.427 107.613 175.231 95.010 122.875 142.533 100.871 97.943 115.216 13.845 27.146 130.363 135.059 169.952 110.859 173.614 87.023 149.632 128.922 140.291 140.435 127.263 122.342 5.893 33.204 124.477 156.125 0.000 155.304 121.131 136.680 110.362 74.912 22.681 158.658 22.420 66.333 134.019 20.281 70.350 97.655 110.383
116.195 142.918 129.050 100.305 99.818 47.164 101.836 62.530 120.798 98.891 60.309 151.533 129.274 88.431 20.259 76.367 47.399 51.148 56.738 62.949 132.509 145.078 129.174 77.597 69.653 74.545 90.170 19.046 87.425 140.566 62.395 68.025 143.768 37.586 60.413 150.180 123.527 61.604 48.876 155.304 0.000 56.726 157.169 60.078 94.201 132.979 141.675 140.553 91.865 118.056 139.883 92.016 62.471 125.731
122.810 157.562 110.090 56.708 55.229 76.399 51.122 100.769 110.668 69.151 78.098 162.210 145.542 101.859 74.538 26.818 70.090 88.537 30.254 26.668 144.512 108.382 94.102 104.488 100.115 120.180 105.344 68.040 37.106 164.277 90.010 101.548 163.374 19.987 83.611 117.274 95.421 86.305 94.147 121.131 56.726 0.000 172.508 73.248 47.789 101.753 168.445 113.362 55.612 140.243 102.169 50.786 27.735 136.829
51.210 14.959 96.655 151.645 153.675 110.035 168.107 100.324 79.788 125.587 99.067 15.795 28.010 71.574 167.367 162.341 111.198 108.342 142.764 148.915 28.296 140.991 134.207 80.170 88.846 106.496 68.705 173.122 164.484 27.883 94.845 92.041 16.984 160.815 97.112 131.940 117.995 95.650 117.441 136.680 157.169 172.508 0.000 101.894 157.096 125.187 36.041 115.727 138.639 40.807 142.543 147.309 147.483 35.985
56.637 87.037 75.194 76.734 77.699 20.085 88.047 39.620 63.098 60.154 6.352 93.906 74.092 30.387 75.846 71.320 14.048 32.371 46.388 54.523 75.110 103.727 88.463 32.747 31.370 62.939 33.224 78.515 78.070 91.173 21.841 35.108 91.073 59.262 14.078 104.595 77.204 16.961 45.780 110.362 60.078 73.248 101.894 0.000 76.574 87.966 95.199 91.209 62.921 67.146 100.286 68.746 53.060 67.795
106.076 142.946 74.301 9.679 7.726 90.440 11.712 114.733 82.014 33.057 82.906 143.865 133.624 95.291 114.227 20.971 82.164 104.657 38.671 31.332 129.148 61.593 48.688 108.409 107.944 137.582 99.376 109.915 12.170 156.723 98.252 111.520 152.371 59.063 90.503 71.727 54.561 93.443 115.177 74.912 94.201 47.789 157.096 76.574 0.000 58.027 163.203 71.240 18.522 134.025 55.206 9.791 31.974 121.703
81.103 113.761 28.538 48.435 50.612 107.751 63.372 125.695 46.532 34.519 93.187 109.761 109.342 87.396 152.811 76.631 100.299 120.241 79.420 77.283 101.097 17.400 11.129 109.411 113.591 148.357 90.890 151.431 70.120 134.697 107.015 118.729 126.555 106.171 100.243 17.246 10.857 102.473 133.746 22.681 132.979 101.753 125.187 87.966 58.027 0.000 143.283 14.037 46.166 116.999 17.412 51.663 76.842 95.342
62.243 35.342 115.854 159.668 161.400 96.651 174.812 79.931 96.864 135.048 90.521 46.889 34.231 68.533 148.072 163.844 100.403 90.565 140.764 148.246 43.908 160.285 150.580 65.509 72.376 79.244 64.577 155.183 168.312 9.610 81.089 73.651 21.358 153.524 85.951 153.318 134.336 83.639 96.202 158.658 141.675 168.445 36.041 95.199 163.203 143.283 0.000 136.490 145.618 29.217 160.525 153.735 146.763 48.281
75.090 105.257 20.907 61.775 64.005 111.281 77.153 127.046 40.227 44.549 95.833 100.056 102.274 85.828 159.981 89.035 104.367 122.876 89.193 88.038 93.277 25.579 25.108 108.953 114.103 149.030 88.942 159.324 83.207 127.551 108.568 119.421 118.621 116.178 102.363 16.857 18.018 104.309 136.653 22.420 140.553 113.362 115.727 91.209 71.240 14.037 136.490 0.000 57.906 111.612 28.526 64.229 87.444 88.212
87.697 124.556 57.574 14.317 15.836 79.145 29.546 102.252 63.795 15.310 69.245 125.347 115.466 78.350 112.116 31.436 70.816 93.262 35.453 31.634 110.756 54.456 39.200 93.375 93.937 125.486 82.447 109.275 27.962 138.888 84.749 97.982 134.206 61.087 76.997 62.078 40.131 79.854 104.979 66.333 91.865 55.612 138.639 62.921 18.522 46.166 145.618 57.906 0.000 116.532 48.726 8.759 31.416 103.353
36.584 29.054 90.713 130.639 132.338 71.409 145.650 59.576 71.400 106.328 62.995 41.301 16.981 39.396 127.098 134.746 73.924 68.108 112.025 119.338 26.898 134.275 123.516 40.460 48.718 66.708 35.499 133.236 139.102 24.036 55.815 51.504 25.797 126.164 59.415 128.441 107.496 57.470 76.682 134.019 118.056 140.243 40.807 67.146 134.025 116.999 29.217 111.612 116.532 0.000 133.952 124.590 117.856 26.674
98.298 131.172 45.892 45.721 47.487 119.503 57.355 139.077 63.892 41.806 105.918 127.074 126.658 102.985 160.047 75.692 111.659 132.637 84.067 80.198 118.492 6.482 11.833 124.175 127.686 162.092 106.636 157.699 67.213 152.003 120.423 132.654 143.948 109.730 113.295 18.785 26.518 115.719 145.778 20.281 139.883 102.169 142.543 100.286 55.206 17.412 160.525 28.526 48.726 133.952 0.000 51.526 80.075 112.682
96.306 133.174 65.567 8.637 9.049 83.761 21.104 107.557 72.469 23.681 75.098 134.079 123.927 86.065 112.240 24.975 75.426 97.976 35.339 29.602 119.375 57.656 43.383 100.035 100.039 130.630 90.159 108.685 19.700 147.152 90.560 103.840 142.673 58.926 82.790 66.594 46.899 85.699 109.103 70.350 92.016 50.786 147.309 68.746 9.791 51.663 153.735 64.229 8.759 124.590 51.526 0.000 29.799 111.941
96.931 132.632 82.679 37.890 37.348 62.516 40.961 87.541 82.967 42.895 58.910 136.356 121.280 78.587 82.627 18.705 54.683 76.392 7.451 1.483 119.246 85.866 70.564 85.771 83.306 109.480 82.383 78.891 27.697 141.686 73.129 85.967 139.592 29.672 65.762 93.237 69.428 68.691 85.512 97.655 62.471 27.735 147.483 53.060 31.974 76.842 146.763 87.444 31.416 117.856 80.075 29.799 0.000 111.539
15.694 21.331 67.626 116.705 118.662 78.908 132.894 75.121 48.813 90.929 65.883 26.111 14.067 37.597 138.144 126.381 78.584 80.325 106.937 112.966 7.708 112.185 103.137 52.521 61.519 87.887 35.563 142.852 128.726 39.407 64.932 65.935 31.686 125.878 65.407 105.038 86.802 64.548 91.685 110.383 125.731 136.829 35.985 67.795 121.703 95.342 48.281 88.212 103.353 26.674 112.682 111.941 111.539 0.000
0.0000 2.7653 4.0662 7.5760 7.7231 5.2927 8.7924 5.3770 2.6212 5.6432 4.1923 2.9583 2.1621 2.1290 9.7633 8.3437 5.1611 5.5920 6.9519 7.3750 1.7306 7.3662 6.6274 3.6623 4.2998 6.5993 2.0971 10.0540 8.4958 4.0444 4.3733 4.6794 3.5380 8.4718 4.2781 6.8953 5.4074 4.2621 6.5370 7.3109 8.7146 9.2108 3.8408 4.2478 7.9557 6.0827 4.6682 5.6318 6.5773 2.7438 7.3724 7.2229 7.2698 1.1771
2.7653 0.0000 6.4055 10.3337 10.4828 7.1816 11.5561 6.5630 5.0686 8.3902 6.3259 0.9678 1.0313 4.2512 11.5284 11.0753 7.2455 7.1113 9.5888 10.0552 1.0349 9.7564 9.1697 4.9881 5.6516 7.1819 4.0423 11.9395 11.2540 1.9317 6.0581 5.9174 1.0742 10.9413 6.1997 9.1368 7.9455 6.0990 7.8444 9.5136 10.7189 11.8171 1.1219 6.5277 10.7210 8.5321 2.6507 7.8943 9.3417 2.1790 9.8379 9.9881 9.9474 1.5998
4.0662 6.4055 0.0000 4.9405 5.1136 7.1369 6.2017 8.1563 1.4490 3.1745 5.9325 6.0919 6.1268 4.9499 11.0742 6.6482 6.6715 7.9286 6.2015 6.2684 5.4751 3.3535 2.8560 6.7161 7.1473 9.7573 5.1663 11.1056 6.3949 8.0269 6.7971 7.5522 7.3831 8.1974 6.3757 2.8297 1.7015 6.5003 8.9702 3.2494 9.6788 8.2568 7.2491 5.6396 5.5726 2.1403 8.6891 1.5680 4.3180 6.8035 3.4419 4.9175 6.2010 5.0719
7.5760 10.3337 4.9405 0.0000 0.1734 6.9134 1.2772 8.6839 5.6197 1.9646 6.2310 10.3480 9.6827 6.9471 9.0372 2.2519 6.2878 7.9784 3.2818 2.8165 9.3000 3.9050 2.9257 8.0681 8.0937 10.4192 7.2544 8.7540 1.6387 11.4598 7.3930 8.3880 11.0860 4.9861 6.8105 4.6543 3.4067 7.0271 8.8225 4.8973 7.5229 4.2531 11.3733 5.7550 0.7259 3.6326 11.9751 4.6331 1.0738 9.7980 3.4291 0.6478 2.8418 8.7529
7.7231 10.4828 5.1136 0.1734 0.0000 6.9607 1.1090 8.7442 5.7857 2.1248 6.3037 10.5046 9.8242 7.0634 8.9977 2.1342 6.3355 8.0268 3.2597 2.7694 9.4486 4.0402 3.0801 8.1583 8.1714 10.4755 7.3707 8.7022 1.4886 11.5946 7.4645 8.4602 11.2283 4.9172 6.8817 4.8036 3.5787 7.0994 8.8586 5.0394 7.4863 4.1422 11.5256 5.8274 0.5794 3.7959 12.1050 4.8004 1.1877 9.9254 3.5615 0.6787 2.8011 8.8997
5.2927 7.1816 7.1369 6.9134 6.9607 0.0000 7.6022 1.8807 6.1720 5.8922 1.2308 7.8389 6.1587 3.1683 4.4716 6.0900 0.6257 1.0670 4.1345 4.7877 6.4131 9.2403 8.0793 2.3444 1.8482 3.5413 3.2611 4.7960 6.7257 7.0911 1.1741 1.8931 7.2711 4.4094 1.0186 9.3379 7.2785 1.0840 1.9736 9.7681 3.5373 5.7299 8.2526 1.5063 6.7830 8.0813 7.2488 8.3461 5.9359 5.3556 8.9627 6.2821 4.6887 5.9181
8.7924 11.5561 6.2017 1.2772 1.1090 7.6022 0.0000 9.4401 6.8945 3.2293 7.0772 11.5983 10.8742 8.0236 9.1150 1.9279 6.9857 8.6660 3.6105 3.0037 10.5212 4.7877 3.9786 9.0021 8.9557 11.1428 8.3302 8.7406 1.0907 12.6191 8.2233 9.2170 12.2799 4.9010 7.6435 5.6395 4.6250 7.8646 9.4262 5.8197 7.6377 3.8341 12.6081 6.6036 0.8784 4.7529 13.1109 5.7865 2.2160 10.9238 4.3017 1.5828 3.0721 9.9671
5.3770 6.5630 8.1563 8.6839 8.7442 1.8807 9.4401 0.0000 6.9677 7.4756 2.5132 7.3756 5.5439 3.4051 5.1209 7.9678 2.4685 0.9316 6.0129 6.6655 6.0143 10.6573 9.5438 1.7202 1.0843 1.7489 3.3227 5.6439 8.5903 5.9975 1.4016 0.6987 6.3822 6.1771 1.9409 10.6266 8.6128 1.7521 1.2839 11.0665 4.6898 7.5576 7.5243 2.9715 8.6050 9.4271 5.9948 9.5285 7.6689 4.4682 10.4308 8.0668 6.5656 5.6340
2.6212 5.0686 1.4490 5.6197 5.7857 6.1720 6.8945 6.9677 0.0000 3.6744 4.9417 4.8670 4.7122 3.6408 10.3666 6.9515 5.7859 6.8505 6.0929 6.3085 4.0985 4.7567 4.1012 5.4318 5.9200 8.4962 3.8259 10.4834 6.8688 6.6142 5.6626 6.3284 6.0063 7.9779 5.3093 4.2782 2.8770 5.4022 7.8882 4.6984 9.0598 8.3001 5.9841 4.7323 6.1510 3.4899 7.2648 3.0170 4.7846 5.3550 4.7919 5.4351 6.2225 3.6610
5.6432 8.3902 3.1745 1.9646 2.1248 5.8922 3.2293 7.4756 3.6744 0.0000 4.9626 8.3852 7.7730 5.2329 8.9174 3.4783 5.2878 6.9104 3.3724 3.2622 7.3588 3.4852 2.2877 6.5741 6.7225 9.2223 5.5356 8.7862 3.2423 9.5847 6.1003 7.0650 9.1706 5.3880 5.5369 3.8629 1.9899 5.7359 7.8652 4.2349 7.4168 5.1863 9.4190 4.5115 2.4793 2.5890 10.1286 3.3412 1.1482 7.9746 3.1355 1.7761 3.2171 6.8197
4.1923 6.3259 5.9325 6.2310 6.3037 1.2308 7.0772 2.5132 4.9417 4.9626 0.0000 6.8942 5.3326 2.1233 5.6108 5.7977 0.9688 2.0329 3.9059 4.5270 5.4722 8.1896 7.0564 2.0179 1.8785 4.2608 2.2896 5.8669 6.3192 6.5200 1.1628 2.1570 6.5630 4.7388 0.5821 8.2222 6.1780 0.7961 3.0616 8.6577 4.5232 5.8573 7.4300 0.4764 6.2180 6.9890 6.7890 7.1875 5.1934 4.7246 7.9439 5.6324 4.4182 4.9412
2.9583 0.9678 6.0919 10.3480 10.5046 7.8389 11.5983 7.3756 4.8670 8.3852 6.8942 0.0000 1.8586 4.7758 12.2498 11.2766 7.8416 7.8629 9.9094 10.3315 1.4269 9.4042 8.9235 5.7434 6.4169 8.0905 4.6109 12.6280 11.3855 2.8142 6.7550 6.7103 1.9160 11.3852 6.8344 8.7151 7.7142 6.7563 8.6482 9.0683 11.3650 12.1658 1.1846 7.0429 10.7899 8.2321 3.5167 7.5042 9.4011 3.0975 9.5306 10.0559 10.2267 1.9583
2.1621 1.0313 6.1268 9.6827 9.8242 6.1587 10.8742 5.5439 4.7122 7.7730 5.3326 1.8586 0.0000 3.2953 10.4972 10.2727 6.2391 6.0806 8.7122 9.2052 0.8066 9.4671 8.7744 3.9571 4.6216 6.2361 3.0651 10.9098 10.5025 1.9021 5.0295 4.8922 1.4060 9.9903 5.1839 8.9322 7.5507 5.0776 6.8232 9.3320 9.6956 10.9156 2.1008 5.5569 10.0218 8.2006 2.5673 7.6706 8.6600 1.2736 9.4994 9.2945 9.0960 1.0550
2.1290 4.2512 4.9499 6.9471 7.0634 3.1683 8.0236 3.4051 3.6408 5.2329 2.1233 4.7758 3.2953 0.0000 7.6398 7.1512 3.0826 3.4954 5.4727 6.0049 3.3588 7.8506 6.8705 1.7929 2.3266 4.8590 0.3073 7.9476 7.4891 4.7329 2.2655 2.7315 4.6136 6.6963 2.1513 7.6304 5.7636 2.1339 4.4771 8.0710 6.6323 7.6394 5.3681 2.2790 7.1468 6.5547 5.1400 6.4371 5.8763 2.9547 7.7239 6.4549 5.8940 2.8198
9.7633 11.5284 11.0742 9.0372 8.9977 4.4716 9.1150 5.1209 10.3666 8.9174 5.6108 12.2498 10.4972 7.6398 0.0000 7.1940 4.6614 4.4277 5.7741 6.2296 10.8325 12.3890 11.1945 6.5426 5.8894 5.5574 7.7237 0.7175 8.0285 11.1169 5.4961 5.6730 11.4643 4.2384 5.4890 12.7530 10.7392 5.5276 3.8948 13.1423 1.5194 5.5903 12.5525 5.6885 8.5670 11.4608 11.1054 11.9986 8.4087 9.5323 12.0035 8.4180 6.1970 10.3608
8.3437 11.0753 6.6482 2.2519 2.1342 6.0900 1.9279 7.9678 6.9515 3.4783 5.7977 11.2766 10.2727 7.1512 7.1940 0.0000 5.5041 7.1266 1.9556 1.3023 10.0536 6.1491 5.1170 7.8049 7.6413 9.6061 7.4454 6.8127 0.8372 11.8757 6.8801 7.8473 11.6643 2.9732 6.3225 6.8581 5.3591 6.5431 7.7859 7.1257 5.7276 2.0114 12.1756 5.3490 1.5728 5.7473 12.2883 6.6777 2.3577 10.1059 5.6769 1.8732 1.4029 9.4785
5.1611 7.2455 6.6715 6.2878 6.3355 0.6257 6.9857 2.4685 5.7859 5.2878 0.9688 7.8416 6.2391 3.0826 4.6614 5.5041 0.0000 1.6914 3.5517 4.2026 6.4166 8.6622 7.4935 2.6292 2.2519 4.1574 3.2307 4.9006 6.1223 7.3179 1.4981 2.3806 7.4251 4.0077 1.0897 8.7888 6.7255 1.2579 2.5815 9.2157 3.5549 5.2568 8.3398 1.0536 6.1623 7.5224 7.5302 7.8276 5.3112 5.5443 8.3744 5.6569 4.1013 5.8938
5.5920 7.1113 7.9286 7.9784 8.0268 1.0670 8.6660 0.9316 6.8505 6.9104 2.0329 7.8629 6.0806 3.4954 4.4277 7.1266 1.6914 0.0000 5.1723 5.8259 6.4610 10.2072 9.0614 2.1241 1.4623 2.4834 3.4950 4.8897 7.7788 6.7356 1.2320 1.2716 7.0421 5.2488 1.5534 10.2548 8.2082 1.4488 1.0421 10.6899 3.8361 6.6403 8.1257 2.4278 7.8493 9.0181 6.7924 9.2157 6.9946 5.1081 9.9478 7.3482 5.7294 6.0243
6.9519 9.5888 6.2015 3.2818 3.2597 4.1345 3.6105 6.0129 6.0929 3.3724 3.9059 9.9094 8.7122 5.4727 5.7741 1.9556 3.5517 5.1723 0.0000 0.6536 8.5978 6.7217 5.5499 5.9236 5.7171 7.6533 5.7496 5.5384 2.6331 10.1967 4.9519 5.9073 10.0718 2.0249 4.4064 7.2143 5.3459 4.6247 5.8555 7.5653 4.2554 2.2690 10.7073 3.4791 2.9003 5.9565 10.5573 6.6895 2.6590 8.4019 6.3050 2.6504 0.5588 8.0202
7.3750 10.0552 6.2684 2.8165 2.7694 4.7877 3.0037 6.6655 6.3085 3.2622 4.5270 10.3315 9.2052 6.0049 6.2296 1.3023 4.2026 5.8259 0.6536 0.0000 9.0505 6.4529 5.3119 6.5421 6.3544 8.3067 6.2898 5.9377 1.9948 10.7374 5.5908 6.5520 10.5792 2.2156 5.0393 7.0188 5.2515 5.2588 6.5019 7.3457 4.7211 2.0001 11.1686 4.0892 2.3499 5.7962 11.1184 6.6028 2.3726 8.9503 6.0148 2.2202 0.1113 8.4724
1.7306 1.0349 5.4751 9.3000 9.4486 6.4131 10.5212 6.0143 4.0985 7.3588 5.4722 1.4269 0.8066 3.3588 10.8325 10.0536 6.4166 6.4610 8.5978 9.0505 0.0000 8.8278 8.1948 4.3507 5.0266 6.8573 3.1860 11.2040 10.2227 2.5937 5.3364 5.3367 1.9095 10.0068 5.4076 8.2509 6.9689 5.3310 7.2754 8.6412 9.9381 10.8384 2.1222 5.6332 9.6861 7.5823 3.2931 6.9958 8.3067 2.0174 8.8869 8.9532 8.9435 0.5781
7.3662 9.7564 3.3535 3.9050 4.0402 9.2403 4.7877 10.6573 4.7567 3.4852 8.1896 9.4042 9.4671 7.8506 12.3890 6.1491 8.6622 10.2072 6.7217 6.4529 8.8278 0.0000 1.1975 9.4824 9.7748 12.3714 8.1157 12.2293 5.5222 11.3690 9.2558 10.1545 10.7363 8.6653 8.7331 0.9773 2.0881 8.9084 11.2051 1.0384 10.8809 8.1286 10.5743 7.7795 4.6195 1.3050 12.0214 1.9184 4.0842 10.0707 0.4861 4.3242 6.4399 8.4139
6.6274 9.1697 2.8560 2.9257 3.0801 8.0793 3.9786 9.5438 4.1012 2.2877 7.0564 8.9235 8.7744 6.8705 11.1945 5.1170 7.4935 9.0614 5.5499 5.3119 8.1948 1.1975 0.0000 8.4388 8.6937 11.2710 7.1489 11.0420 4.5643 10.6694 8.1450 9.0648 10.0987 7.5153 7.6098 1.7413 1.2260 7.7919 10.0490 2.0360 9.6880 7.0576 10.0656 6.6347 3.6516 0.8347 11.2935 1.8831 2.9400 9.2637 0.8874 3.2537 5.2923 7.7353
3.6623 4.9881 6.7161 8.0681 8.1583 2.3444 9.0021 1.7202 5.4318 6.5741 2.0179 5.7434 3.9571 1.7929 6.5426 7.8049 2.6292 2.1241 5.9236 6.5421 4.3507 9.4824 8.4388 0.0000 0.6761 3.0662 1.6508 6.9742 8.2975 4.7479 1.1713 1.0216 4.9652 6.6344 1.5672 9.3353 7.3990 1.3743 2.9378 9.7772 5.8198 7.8366 6.0127 2.4560 8.1307 8.2058 4.9132 8.1715 7.0031 3.0345 9.3131 7.5026 6.4328 3.9391
4.2998 5.6516 7.1473 8.0937 8.1714 1.8482 8.9557 1.0843 5.9200 6.7225 1.8785 6.4169 4.6216 2.3266 5.8894 7.6413 2.2519 1.4623 5.7171 6.3544 5.0266 9.7748 8.6937 0.6761 0.0000 2.6197 2.2385 6.3389 8.1883 5.3186 0.7672 0.4084 5.5887 6.2377 1.3217 9.6879 7.7065 1.0999 2.2652 10.1294 5.2240 7.5086 6.6634 2.3527 8.0958 8.5193 5.4282 8.5577 7.0453 3.6539 9.5764 7.5030 6.2479 4.6139
6.5993 7.1819 9.7573 10.4192 10.4755 3.5413 11.1428 1.7489 8.4962 9.2223 4.2608 8.0905 6.2361 4.8590 5.5574 9.6061 4.1574 2.4834 7.6533 8.3067 6.8573 12.3714 11.2710 3.0662 2.6197 0.0000 4.7045 6.2020 10.2622 6.1529 3.1298 2.2245 6.7441 7.5667 3.6855 12.3051 10.3129 3.4898 1.9848 12.7464 5.5909 9.0135 7.9872 4.7204 10.3187 11.1268 5.9433 11.1773 9.4115 5.0031 12.1569 9.7972 8.2110 6.5915
2.0971 4.0423 5.1663 7.2544 7.3707 3.2611 8.3302 3.3227 3.8259 5.5356 2.2896 4.6109 3.0651 0.3073 7.7237 7.4454 3.2307 3.4950 5.7496 6.2898 3.1860 8.1157 7.1489 1.6508 2.2385 4.7045 0.0000 8.0555 7.7908 4.4486 2.2801 2.6343 4.3577 6.9288 2.2441 7.8748 6.0307 2.1968 4.4466 8.3144 6.7627 7.9008 5.1528 2.4918 7.4532 6.8167 4.8433 6.6706 6.1835 2.6624 7.9977 6.7619 6.1788 2.6672
10.0540 11.9395 11.1056 8.7540 8.7022 4.7960 8.7406 5.6439 10.4834 8.7862 5.8669 12.6280 10.9098 7.9476 0.7175 6.8127 4.9006 4.8897 5.5384 5.9377 11.2040 12.2293 11.0420 6.9742 6.3389 6.2020 8.0555 0.0000 7.6500 11.6186 5.8825 6.1548 11.9275 3.8395 5.8114 12.6438 10.6616 5.8741 4.4611 13.0211 1.4284 5.1030 12.9841 5.8886 8.2436 11.3574 11.6387 11.9493 8.1957 9.9927 11.8274 8.1514 5.9168 10.7139
8.4958 11.2540 6.3949 1.6387 1.4886 6.7257 1.0907 8.5903 6.8688 3.2423 6.3192 11.3855 10.5025 7.4891 8.0285 0.8372 6.1223 7.7788 2.6331 1.9948 10.2227 5.5222 4.5643 8.2975 8.1883 10.2622 7.7908 7.6500 0.0000 12.1742 7.4378 8.4211 11.9050 3.8105 6.8670 6.2917 4.9697 7.0889 8.4877 6.5267 6.5569 2.7830 12.3363 5.8552 0.9127 5.2590 12.6234 6.2405 2.0972 10.4327 5.0410 1.4775 2.0773 9.6545
4.0444 1.9317 8.0269 11.4598 11.5946 7.0911 12.6191 5.9975 6.6142 9.5847 6.5200 2.8142 1.9021 4.7329 11.1169 11.8757 7.3179 6.7356 10.1967 10.7374 2.5937 11.3690 10.6694 4.7479 5.3186 6.1529 4.4486 11.6186 12.1742 0.0000 5.9170 5.4656 0.9004 11.2588 6.2282 10.8262 9.4471 6.0711 7.2541 11.2224 10.5425 12.3207 2.0912 6.8380 11.7542 10.1022 0.7207 9.5663 10.4166 1.8027 11.4002 11.0364 10.6265 2.9555
4.3733 6.0581 6.7971 7.3930 7.4645 1.1741 8.2233 1.4016 5.6626 6.1003 1.1628 6.7550 5.0295 2.2655 5.4961 6.8801 1.4981 1.2320 4.9519 5.5908 5.3364 9.2558 8.1450 1.1713 0.7672 3.1298 2.2801 5.8825 7.4378 5.9170 0.0000 0.9961 6.1073 5.5008 0.5828 9.2297 7.2119 0.3676 2.2411 9.6691 4.6796 6.7508 7.1134 1.6381 7.3689 8.0261 6.0816 8.1426 6.3562 4.1861 9.0317 6.7920 5.4847 4.8699
4.6794 5.9174 7.5522 8.3880 8.4602 1.8931 9.2170 0.6987 6.3284 7.0650 2.1570 6.7103 4.8922 2.7315 5.6730 7.8473 2.3806 1.2716 5.9073 6.5520 5.3367 10.1545 9.0648 1.0216 0.4084 2.2245 2.6343 6.1548 8.4211 5.4656 0.9961 0.0000 5.7922 6.3012 1.5788 10.0806 8.0911 1.3610 1.9391 10.5219 5.1019 7.6161 6.9031 2.6331 8.3640 8.9047 5.5238 8.9566 7.3487 3.8628 9.9491 7.7880 6.4475 4.9451
3.5380 1.0742 7.3831 11.0860 11.2283 7.2711 12.2799 6.3822 6.0063 9.1706 6.5630 1.9160 1.4060 4.6136 11.4643 11.6643 7.4251 7.0421 10.0718 10.5792 1.9095 10.7363 10.0987 4.9652 5.5887 6.7441 4.3577 11.9275 11.9050 0.9004 6.1073 5.7922 0.0000 11.2751 6.3444 10.1478 8.8727 6.2113 7.6612 10.5326 10.7826 12.2530 1.2738 6.8305 11.4278 9.4916 1.6019 8.8966 10.0654 1.9348 10.7961 10.7004 10.4694 2.3764
8.4718 10.9413 8.1974 4.9861 4.9172 4.4094 4.9010 6.1771 7.9779 5.3880 4.7388 11.3852 9.9903 6.6963 4.2384 2.9732 4.0077 5.2488 2.0249 2.2156 10.0068 8.6653 7.5153 6.6344 6.2377 7.5667 6.9288 3.8395 3.8105 11.2588 5.5008 6.3012 11.2751 0.0000 5.0748 9.2068 7.3681 5.2602 5.5988 9.5447 2.8189 1.4990 12.0611 4.4446 4.4297 7.9628 11.5143 8.7133 4.5815 9.4623 8.2298 4.4195 2.2254 9.4408
4.2781 6.1997 6.3757 6.8105 6.8817 1.0186 7.6435 1.9409 5.3093 5.5369 0.5821 6.8344 5.1839 2.1513 5.4890 6.3225 1.0897 1.5534 4.4064 5.0393 5.4076 8.7331 7.6098 1.5672 1.3217 3.6855 2.2441 5.8114 6.8670 6.2282 0.5828 1.5788 6.3444 5.0748 0.0000 8.7380 6.7051 0.2220 2.5954 9.1756 4.5310 6.2708 7.2834 1.0559 6.7877 7.5182 6.4463 7.6772 5.7748 4.4561 8.4972 6.2092 4.9321 4.9055
6.8953 9.1368 2.8297 4.6543 4.8036 9.3379 5.6395 10.6266 4.2782 3.8629 8.2222 8.7151 8.9322 7.6304 12.7530 6.8581 8.7888 10.2548 7.2143 7.0188 8.2509 0.9773 1.7413 9.3353 9.6879 12.3051 7.8748 12.6438 6.2917 10.8262 9.2297 10.0806 10.1478 9.2068 8.7380 0.0000 2.0644 8.8972 11.2759 0.4420 11.2635 8.7955 9.8955 7.8446 5.3796 1.2935 11.4989 1.2643 4.6559 9.6331 1.4089 4.9945 6.9927 7.8778
5.4074 7.9455 1.7015 3.4067 3.5787 7.2785 4.6250 8.6128 2.8770 1.9899 6.1780 7.7142 7.5507 5.7636 10.7392 5.3591 6.7255 8.2082 5.3459 5.2515 6.9689 2.0881 1.2260 7.3990 7.7065 10.3129 6.0307 10.6616 4.9697 9.4471 7.2119 8.0911 8.8727 7.3681 6.7051 2.0644 0.0000 6.8716 9.2236 2.4903 9.2645 7.1566 8.8496 5.7903 4.0921 0.8143 10.0752 1.3514 3.0098 8.0622 1.9889 3.5174 5.2071 6.5101
4.2621 6.0990 6.5003 7.0271 7.0994 1.0840 7.8646 1.7521 5.4022 5.7359 0.7961 6.7563 5.0776 2.1339 5.5276 6.5431 1.2579 1.4488 4.6247 5.2588 5.3310 8.9084 7.7919 1.3743 1.0999 3.4898 2.1968 5.8741 7.0889 6.0711 0.3676 1.3610 6.2113 5.2602 0.2220 8.8972 6.8716 0.0000 2.4865 9.3358 4.6203 6.4729 7.1737 1.2721 7.0082 7.6855 6.2729 7.8232 5.9890 4.3102 8.6789 6.4275 5.1518 4.8411
6.5370 7.8444 8.9702 8.8225 8.8586 1.9736 9.4262 1.2839 7.8882 7.8652 3.0616 8.6482 6.8232 4.4771 3.8948 7.7859 2.5815 1.0421 5.8555 6.5019 7.2754 11.2051 10.0490 2.9378 2.2652 1.9848 4.4466 4.4611 8.4877 7.2541 2.2411 1.9391 7.6612 5.5988 2.5954 11.2759 9.2236 2.4865 0.0000 11.7094 3.6657 7.0610 8.8080 3.4335 8.6383 10.0309 7.2151 10.2490 7.8734 5.7512 10.9333 8.1827 6.4134 6.8764
7.3109 9.5136 3.2494 4.8973 5.0394 9.7681 5.8197 11.0665 4.6984 4.2349 8.6577 9.0683 9.3320 8.0710 13.1423 7.1257 9.2157 10.6899 7.5653 7.3457 8.6412 1.0384 2.0360 9.7772 10.1294 12.7464 8.3144 13.0211 6.5267 11.2224 9.6691 10.5219 10.5326 9.5447 9.1756 0.4420 2.4903 9.3358 11.7094 0.0000 11.6478 9.0848 10.2510 8.2772 5.6184 1.7011 11.8993 1.6815 4.9749 10.0514 1.5211 5.2762 7.3241 8.2788
8.7146 10.7189 9.6788 7.5229 7.4863 3.5373 7.6377 4.6898 9.0598 7.4168 4.5232 11.3650 9.6956 6.6323 1.5194 5.7276 3.5549 3.8361 4.2554 4.7211 9.9381 10.8809 9.6880 5.8198 5.2240 5.5909 6.7627 1.4284 6.5569 10.5425 4.6796 5.1019 10.7826 2.8189 4.5310 11.2635 9.2645 4.6203 3.6657 11.6478 0.0000 4.2544 11.7877 4.5059 7.0651 9.9734 10.6256 10.5414 6.8899 8.8542 10.4912 6.9012 4.6853 9.4298
9.2108 11.8171 8.2568 4.2531 4.1422 5.7299 3.8341 7.5576 8.3001 5.1863 5.8573 12.1658 10.9156 7.6394 5.5903 2.0114 5.2568 6.6403 2.2690 2.0001 10.8384 8.1286 7.0576 7.8366 7.5086 9.0135 7.9008 5.1030 2.7830 12.3207 6.7508 7.6161 12.2530 1.4990 6.2708 8.7955 7.1566 6.4729 7.0610 9.0848 4.2544 0.0000 12.9381 5.4936 3.5842 7.6315 12.6334 8.5022 4.1709 10.5182 7.6627 3.8090 2.0801 10.2622
3.8408 1.1219 7.2491 11.3733 11.5256 8.2526 12.6081 7.5243 5.9841 9.4190 7.4300 1.1846 2.1008 5.3681 12.5525 12.1756 8.3398 8.1257 10.7073 11.1686 2.1222 10.5743 10.0656 6.0127 6.6634 7.9872 5.1528 12.9841 12.3363 2.0912 7.1134 6.9031 1.2738 12.0611 7.2834 9.8955 8.8496 7.1737 8.8080 10.2510 11.7877 12.9381 0.0000 7.6420 11.7822 9.3891 2.7031 8.6796 10.3979 3.0605 10.6907 11.0482 11.0612 2.6989
4.2478 6.5277 5.6396 5.7550 5.8274 1.5063 6.6036 2.9715 4.7323 4.5115 0.4764 7.0429 5.5569 2.2790 5.6885 5.3490 1.0536 2.4278 3.4791 4.0892 5.6332 7.7795 6.6347 2.4560 2.3527 4.7204 2.4918 5.8886 5.8552 6.8380 1.6381 2.6331 6.8305 4.4446 1.0559 7.8446 5.7903 1.2721 3.4335 8.2772 4.5059 5.4936 7.6420 0.0000 5.7430 6.5975 7.1399 6.8407 4.7191 5.0360 7.5215 5.1560 3.9795 5.0847
7.9557 10.7210 5.5726 0.7259 0.5794 6.7830 0.8784 8.6050 6.1510 2.4793 6.2180 10.7899 10.0218 7.1468 8.5670 1.5728 6.1623 7.8493 2.9003 2.3499 9.6861 4.6195 3.6516 8.1307 8.0958 10.3187 7.4532 8.2436 0.9127 11.7542 7.3689 8.3640 11.4278 4.4297 6.7877 5.3796 4.0921 7.0082 8.6383 5.6184 7.0651 3.5842 11.7822 5.7430 0.0000 4.3521 12.2402 5.3430 1.3892 10.0519 4.1404 0.7343 2.3980 9.1277
6.0827 8.5321 2.1403 3.6326 3.7959 8.0813 4.7529 9.4271 3.4899 2.5890 6.9890 8.2321 8.2006 6.5547 11.4608 5.7473 7.5224 9.0181 5.9565 5.7962 7.5823 1.3050 0.8347 8.2058 8.5193 11.1268 6.8167 11.3574 5.2590 10.1022 8.0261 8.9047 9.4916 7.9628 7.5182 1.2935 0.8143 7.6855 10.0309 1.7011 9.9734 7.6315 9.3891 6.5975 4.3521 0.0000 10.7462 1.0528 3.4625 8.7749 1.3059 3.8747 5.7632 7.1507
4.6682 2.6507 8.6891 11.9751 12.1050 7.2488 13.1109 5.9948 7.2648 10.1286 6.7890 3.5167 2.5673 5.1400 11.1054 12.2883 7.5302 6.7924 10.5573 11.1184 3.2931 12.0214 11.2935 4.9132 5.4282 5.9433 4.8433 11.6387 12.6234 0.7207 6.0816 5.5238 1.6019 11.5143 6.4463 11.4989 10.0752 6.2729 7.2151 11.8993 10.6256 12.6334 2.7031 7.1399 12.2402 10.7462 0.0000 10.2367 10.9214 2.1912 12.0394 11.5302 11.0072 3.6211
5.6318 7.8943 1.5680 4.6331 4.8004 8.3461 5.7865 9.5285 3.0170 3.3412 7.1875 7.5042 7.6706 6.4371 11.9986 6.6777 7.8276 9.2157 6.6895 6.6028 6.9958 1.9184 1.8831 8.1715 8.5577 11.1773 6.6706 11.9493 6.2405 9.5663 8.1426 8.9566 8.8966 8.7133 7.6772 1.2643 1.3514 7.8232 10.2490 1.6815 10.5414 8.5022 8.6796 6.8407 5.3430 1.0528 10.2367 0.0000 4.3430 8.3709 2.1394 4.8172 6.5583 6.6159
6.5773 9.3417 4.3180 1.0738 1.1877 5.9359 2.2160 7.6689 4.7846 1.1482 5.1934 9.4011 8.6600 5.8763 8.4087 2.3577 5.3112 6.9946 2.6590 2.3726 8.3067 4.0842 2.9400 7.0031 7.0453 9.4115 6.1835 8.1957 2.0972 10.4166 6.3562 7.3487 10.0654 4.5815 5.7748 4.6559 3.0098 5.9890 7.8734 4.9749 6.8899 4.1709 10.3979 4.7191 1.3892 3.4625 10.9214 4.3430 0.0000 8.7399 3.6544 0.6569 2.3562 7.7515
2.7438 2.1790 6.8035 9.7980 9.9254 5.3556 10.9238 4.4682 5.3550 7.9746 4.7246 3.0975 1.2736 2.9547 9.5323 10.1059 5.5443 5.1081 8.4019 8.9503 2.0174 10.0707 9.2637 3.0345 3.6539 5.0031 2.6624 9.9927 10.4327 1.8027 4.1861 3.8628 1.9348 9.4623 4.4561 9.6331 8.0622 4.3102 5.7512 10.0514 8.8542 10.5182 3.0605 5.0360 10.0519 8.7749 2.1912 8.3709 8.7399 0.0000 10.0464 9.3442 8.8392 2.0005
7.3724 9.8379 3.4419 3.4291 3.5615 8.9627 4.3017 10.4308 4.7919 3.1355 7.9439 9.5306 9.4994 7.7239 12.0035 5.6769 8.3744 9.9478 6.3050 6.0148 8.8869 0.4861 0.8874 9.3131 9.5764 12.1569 7.9977 11.8274 5.0410 11.4002 9.0317 9.9491 10.7961 8.2298 8.4972 1.4089 1.9889 8.6789 10.9333 1.5211 10.4912 7.6627 10.6907 7.5215 4.1404 1.3059 12.0394 2.1394 3.6544 10.0464 0.0000 3.8645 6.0056 8.4511
7.2229 9.9881 4.9175 0.6478 0.6787 6.2821 1.5828 8.0668 5.4351 1.7761 5.6324 10.0559 9.2945 6.4549 8.4180 1.8732 5.6569 7.3482 2.6504 2.2202 8.9532 4.3242 3.2537 7.5026 7.5030 9.7972 6.7619 8.1514 1.4775 11.0364 6.7920 7.7880 10.7004 4.4195 6.2092 4.9945 3.5174 6.4275 8.1827 5.2762 6.9012 3.8090 11.0482 5.1560 0.7343 3.8747 11.5302 4.8172 0.6569 9.3442 3.8645 0.0000 2.2350 8.3956
7.2698 9.9474 6.2010 2.8418 2.8011 4.6887 3.0721 6.5656 6.2225 3.2171 4.4182 10.2267 9.0960 5.8940 6.1970 1.4029 4.1013 5.7294 0.5588 0.1113 8.9435 6.4399 5.2923 6.4328 6.2479 8.2110 6.1788 5.9168 2.0773 10.6265 5.4847 6.4475 10.4694 2.2254 4.9321 6.9927 5.2071 5.1518 6.4134 7.3241 4.6853 2.0801 11.0612 3.9795 2.3980 5.7632 11.0072 6.5583 2.3562 8.8392 6.0056 2.2350 0.0000 8.3654
1.1771 1.5998 5.0719 8.7529 8.8997 5.9181 9.9671 5.6340 3.6610 6.8197 4.9412 1.9583 1.0550 2.8198 10.3608 9.4785 5.8938 6.0243 8.0202 8.4724 0.5781 8.4139 7.7353 3.9391 4.6139 6.5915 2.6672 10.7139 9.6545 2.9555 4.8699 4.9451 2.3764 9.4408 4.9055 7.8778 6.5101 4.8411 6.8764 8.2788 9.4298 10.2622 2.6989 5.0847 9.1277 7.1507 3.6211 6.6159 7.7515 2.0005 8.4511 8.3956 8.3654 0.0000
