gen_real_yugovostok_5
80 12 5
G0 30 0 120 3 0
G1 70 0 120 2 1
G2 30 120 240 3 0
G3 30 360 480 3 0
G4 70 0 120 2 1
G5 80 0 640 1 2
G6 30 120 240 3 0
G7 30 0 120 3 0
G8 70 360 480 2 1
G9 30 480 600 3 0
G10 30 120 240 3 0
G11 30 360 480 3 0
G12 30 120 240 3 0
G13 30 0 120 3 0
G14 70 360 480 2 1
G15 70 480 600 2 1
G16 20 0 120 3 1
G17 30 480 600 3 0
G18 30 120 240 3 0
G19 30 0 120 3 0
G20 20 480 600 3 1
G21 80 0 640 1 2
G22 80 0 640 1 2
G23 30 240 360 3 0
G24 70 240 360 2 1
G25 70 480 600 2 1
G26 70 0 120 2 1
G27 70 240 360 2 1
G28 70 480 600 2 1
G29 30 120 240 3 0
G30 30 240 360 3 0
G31 80 0 640 1 2
G32 70 240 360 2 1
G33 70 120 240 2 1
G34 70 240 360 2 1
G35 30 120 240 3 0
G36 70 0 120 2 1
G37 70 0 120 2 1
G38 30 120 240 3 0
G39 30 0 120 3 0
G40 70 120 240 2 1
G41 30 0 120 3 0
G42 80 0 640 1 2
G43 30 120 240 3 0
G44 70 120 240 2 1
G45 30 240 360 3 0
G46 30 120 240 3 0
G47 30 240 360 3 0
G48 20 120 240 3 1
G49 70 240 360 2 1
G50 30 120 240 3 0
G51 80 480 600 1 2
G52 70 0 120 2 1
G53 20 360 480 3 1
G54 30 120 240 3 0
G55 70 120 240 2 1
G56 70 0 120 2 1
G57 70 240 360 2 1
G58 30 0 120 3 0
G59 70 120 240 2 1
G60 70 120 240 2 1
G61 70 360 480 2 1
G62 30 0 120 3 0
G63 70 120 240 2 1
G64 20 120 240 3 1
G65 30 480 600 3 0
G66 70 0 120 2 1
G67 70 120 240 2 1
G68 80 0 640 1 2
G69 30 0 120 3 0
G70 20 360 480 3 1
G71 70 480 600 2 1
G72 20 120 240 3 1
G73 70 120 240 2 1
G74 70 120 240 2 1
G75 70 0 120 2 1
G76 70 0 120 2 1
G77 70 120 240 2 1
G78 20 360 480 3 1
G79 30 240 360 3 0
1 0 7
2 0 7
3 0 7
4 0 7
0 1 3
0 0 7
0 1 3
0 3 7
0 0 3
0 2 7
0 2 7
0 0 3
0.000 83.445 83.445 26.843 26.843 20.202 83.785 17.118 10.285 77.930 79.458 10.730 7.592 18.517 20.088 77.710 6.558 82.765 83.268 14.535 10.342 2.587 7.385 13.587 15.897 21.195 82.430 19.528 7.105 7.358 29.450 12.687 13.240 83.137 18.015 11.425 11.512 83.485 12.593 83.903 11.317 3.055 19.737 11.568 82.830 5.407 11.937 12.025 4.057 11.515 11.118 28.172 12.008 9.017 18.003 4.615 19.768 2.188 8.820 7.003 10.523 26.725 68.913 18.628 19.550 24.305 10.183 13.613 20.238 3.548 11.077 4.045 13.925 8.740 8.005 83.035 9.783 2.757 14.537 3.560 1.895 11.432 1.837 11.507 10.613
83.635 0.000 0.000 82.925 82.925 95.198 2.887 92.115 90.763 7.815 8.572 87.900 84.125 71.822 68.475 5.850 87.037 2.362 2.745 89.672 90.820 81.250 87.863 88.583 90.893 68.193 1.907 69.720 83.638 83.892 72.765 93.165 88.237 2.107 72.242 87.023 86.508 2.885 88.910 2.412 87.978 83.045 75.818 87.763 2.427 86.198 86.933 87.022 86.300 86.512 86.115 71.487 88.188 89.495 71.415 86.598 73.073 83.837 89.298 87.482 91.002 70.040 21.488 69.660 68.043 80.387 90.702 88.610 76.320 83.538 91.555 84.563 88.922 85.273 84.538 1.708 88.888 81.305 90.022 81.925 84.872 88.093 84.788 91.985 86.952
83.635 0.000 0.000 82.925 82.925 95.198 2.887 92.115 90.763 7.815 8.572 87.900 84.125 71.822 68.475 5.850 87.037 2.362 2.745 89.672 90.820 81.250 87.863 88.583 90.893 68.193 1.907 69.720 83.638 83.892 72.765 93.165 88.237 2.107 72.242 87.023 86.508 2.885 88.910 2.412 87.978 83.045 75.818 87.763 2.427 86.198 86.933 87.022 86.300 86.512 86.115 71.487 88.188 89.495 71.415 86.598 73.073 83.837 89.298 87.482 91.002 70.040 21.488 69.660 68.043 80.387 90.702 88.610 76.320 83.538 91.555 84.563 88.922 85.273 84.538 1.708 88.888 81.305 90.022 81.925 84.872 88.093 84.788 91.985 86.952
28.670 82.325 82.325 0.000 0.000 40.233 82.665 37.150 35.798 76.810 78.338 32.935 29.160 18.590 20.162 76.590 32.072 81.645 82.148 34.707 35.855 26.285 32.898 33.618 35.928 21.268 81.310 19.602 28.673 28.927 28.330 38.200 33.272 82.017 18.088 32.058 31.543 82.365 33.945 82.783 33.013 28.080 9.715 32.798 81.710 31.233 31.968 32.057 31.335 31.547 31.150 27.052 33.223 34.530 18.077 31.633 19.842 28.872 34.333 32.517 36.037 25.605 67.793 18.702 19.623 5.450 35.737 33.645 7.847 28.573 36.590 29.598 33.957 30.308 29.573 81.915 33.923 26.340 35.057 26.960 29.907 33.128 29.823 37.020 31.987
28.670 82.325 82.325 0.000 0.000 40.233 82.665 37.150 35.798 76.810 78.338 32.935 29.160 18.590 20.162 76.590 32.072 81.645 82.148 34.707 35.855 26.285 32.898 33.618 35.928 21.268 81.310 19.602 28.673 28.927 28.330 38.200 33.272 82.017 18.088 32.058 31.543 82.365 33.945 82.783 33.013 28.080 9.715 32.798 81.710 31.233 31.968 32.057 31.335 31.547 31.150 27.052 33.223 34.530 18.077 31.633 19.842 28.872 34.333 32.517 36.037 25.605 67.793 18.702 19.623 5.450 35.737 33.645 7.847 28.573 36.590 29.598 33.957 30.308 29.573 81.915 33.923 26.340 35.057 26.960 29.907 33.128 29.823 37.020 31.987
21.270 97.525 97.525 40.923 40.923 0.000 97.865 11.352 19.050 92.010 93.538 15.362 20.923 32.597 34.168 91.790 18.408 96.845 97.348 12.093 16.027 18.885 18.490 13.255 10.130 35.275 96.510 33.608 20.437 20.690 38.292 16.423 14.800 97.217 32.095 16.287 15.772 97.565 13.948 97.983 13.855 20.680 33.817 15.500 96.910 19.033 12.930 13.483 23.935 13.113 13.387 38.537 15.650 17.782 32.083 21.838 33.848 21.472 19.180 18.535 17.587 37.817 82.993 32.708 33.630 38.385 15.918 11.122 34.318 21.173 16.622 19.030 12.770 22.072 21.337 97.115 24.478 18.940 12.095 19.560 22.507 13.970 22.423 18.288 14.545
83.930 2.955 2.955 83.220 83.220 95.493 0.000 92.410 91.058 8.110 8.867 88.195 84.420 72.117 68.770 6.145 87.332 1.323 2.767 89.967 91.115 81.545 88.158 88.878 91.188 68.488 2.000 70.015 83.933 84.187 73.060 93.460 88.532 1.517 72.537 87.318 86.803 2.295 89.205 2.123 88.273 83.340 76.113 88.058 1.903 86.493 87.228 87.317 86.595 86.807 86.410 71.782 88.483 89.790 71.710 86.893 73.368 84.132 89.593 87.777 91.297 70.335 21.783 69.955 68.338 80.682 90.997 88.905 76.615 83.833 91.850 84.858 89.217 85.568 84.833 2.545 89.183 81.600 90.317 82.220 85.167 88.388 85.083 92.280 87.247
16.373 92.628 92.628 36.027 36.027 9.335 92.968 0.000 16.652 87.113 88.642 10.313 16.027 27.700 29.272 86.893 15.335 91.948 92.452 7.197 13.102 13.988 16.162 8.207 4.323 30.378 91.613 28.712 15.540 15.793 33.395 14.995 9.752 92.320 27.198 11.238 10.723 92.668 8.900 93.087 8.807 15.783 28.920 10.452 92.013 13.985 7.882 8.435 19.038 8.065 8.338 33.640 10.602 15.383 27.187 16.790 28.952 16.575 17.597 15.780 14.727 32.920 78.097 27.812 28.733 33.488 10.870 6.225 29.422 16.277 13.762 13.982 7.873 17.175 16.440 92.218 20.790 14.043 7.198 14.663 17.610 8.922 17.527 16.652 9.497
11.923 92.993 92.993 36.392 36.392 18.612 93.333 17.047 0.000 87.478 89.007 13.428 15.945 28.065 29.637 87.258 6.767 92.313 92.817 15.613 7.575 12.765 6.947 14.783 16.770 30.743 91.978 29.077 16.653 16.907 37.550 9.920 17.143 92.685 27.563 14.448 13.978 93.033 13.672 93.452 12.395 14.560 29.285 13.567 92.378 8.300 13.133 13.222 15.980 13.452 12.315 37.720 13.717 1.742 27.552 11.685 29.317 14.112 8.382 6.893 9.300 36.273 78.462 28.177 29.098 33.853 12.210 15.385 29.787 15.053 9.525 9.430 15.697 15.362 14.627 92.583 13.267 12.568 15.615 13.440 13.818 12.510 12.947 9.955 12.612
78.015 7.807 7.807 77.305 77.305 89.578 8.147 86.495 85.143 0.000 2.087 82.280 78.505 66.202 62.855 2.072 81.417 7.127 7.630 84.052 85.200 75.630 82.243 82.963 85.273 62.573 6.792 64.100 78.018 78.272 67.145 87.545 82.617 7.498 66.622 81.403 80.888 7.847 83.290 8.265 82.358 77.425 70.198 82.143 7.192 80.578 81.313 81.402 80.680 80.892 80.495 65.867 82.568 83.875 65.795 80.978 67.453 78.217 83.678 81.862 85.382 64.420 15.868 64.040 62.423 74.767 85.082 82.990 70.700 77.918 85.935 78.943 83.302 79.653 78.918 7.397 83.268 75.685 84.402 76.305 79.252 82.473 79.168 86.365 81.332
79.435 8.467 8.467 78.725 78.725 90.998 8.807 87.915 86.563 2.088 0.000 83.700 79.925 67.622 64.275 2.732 82.837 7.787 8.290 85.472 86.620 77.050 83.663 84.383 86.693 63.993 7.452 65.520 79.438 79.692 68.565 88.965 84.037 8.158 68.042 82.823 82.308 8.507 84.710 8.925 83.778 78.845 71.618 83.563 7.852 81.998 82.733 82.822 82.100 82.312 81.915 67.287 83.988 85.295 67.215 82.398 68.873 79.637 85.098 83.282 86.802 65.840 17.288 65.460 63.843 76.187 86.502 84.410 72.120 79.338 87.355 80.363 84.722 81.073 80.338 8.057 84.688 77.105 85.822 77.725 80.672 83.893 80.588 87.785 82.752
10.620 88.047 88.047 31.445 31.445 13.752 88.387 10.537 12.372 82.532 84.060 0.000 11.445 23.118 24.690 82.312 8.927 87.367 87.870 6.680 8.822 9.407 9.753 5.017 9.315 25.797 87.032 24.130 10.958 11.212 27.883 10.715 7.377 87.738 22.617 3.193 2.908 88.087 5.343 88.505 4.412 11.202 24.338 2.497 87.432 7.577 3.367 3.455 14.457 3.685 2.548 28.128 3.030 11.103 22.605 10.382 24.370 11.993 11.188 9.372 10.447 27.408 73.515 23.230 24.152 28.907 4.843 5.618 24.840 11.695 9.482 7.573 5.930 12.593 11.858 87.637 15.482 9.462 7.030 10.082 12.515 4.527 11.643 12.372 1.542
9.360 84.010 84.010 27.408 27.408 20.093 84.350 17.010 14.952 78.495 80.023 12.795 0.000 19.082 20.653 78.275 11.798 83.330 83.833 14.567 14.847 6.975 12.427 13.478 15.788 21.760 82.995 20.093 3.238 3.493 29.632 17.353 13.132 83.702 18.580 11.918 11.403 84.050 13.805 84.468 12.873 8.770 20.302 12.658 83.395 10.647 11.828 11.917 12.025 11.407 11.010 28.737 13.083 13.683 18.568 10.417 20.333 9.562 10.830 11.198 11.950 27.290 69.478 19.193 20.115 24.870 15.423 13.505 20.803 9.263 13.807 9.285 13.817 2.768 2.033 83.600 7.610 7.030 14.917 7.650 10.597 12.988 10.513 14.237 11.847
19.362 72.105 72.105 18.842 18.842 30.925 72.445 27.842 26.490 66.590 68.118 23.627 19.852 0.000 5.100 66.370 22.763 71.425 71.928 25.398 26.547 16.977 23.590 24.310 26.620 6.207 71.090 4.540 19.365 19.618 15.997 28.892 23.963 71.797 2.022 22.750 22.235 72.145 24.637 72.563 23.705 18.772 11.735 23.490 71.490 21.925 22.660 22.748 22.027 22.238 21.842 14.718 23.915 25.222 3.015 22.325 1.718 19.563 25.025 23.208 26.728 13.272 57.573 3.640 4.562 16.303 26.428 24.337 12.237 19.265 27.282 20.290 24.648 21.000 20.265 71.695 24.615 17.032 25.748 17.652 20.598 23.820 20.515 27.712 22.678
20.492 69.395 69.395 19.972 19.972 32.055 69.735 28.972 27.620 63.880 65.408 24.757 20.982 4.858 0.000 63.660 23.893 68.715 69.218 26.528 27.677 18.107 24.720 25.440 27.750 3.497 68.380 2.757 20.495 20.748 13.287 30.022 25.093 69.087 5.278 23.880 23.365 69.435 25.767 69.853 24.835 19.902 12.865 24.620 68.780 23.055 23.790 23.878 23.157 23.368 22.972 12.008 25.045 26.352 4.452 23.455 6.110 20.693 26.155 24.338 27.858 10.562 54.863 2.697 1.852 17.433 27.558 25.467 13.367 20.395 28.412 21.420 25.778 22.130 21.395 68.985 25.745 18.162 26.878 18.782 21.728 24.950 21.645 28.842 23.808
77.785 5.735 5.735 77.075 77.075 89.348 6.075 86.265 84.913 1.965 2.722 82.050 78.275 65.972 62.625 0.000 81.187 5.055 5.558 83.822 84.970 75.400 82.013 82.733 85.043 62.343 4.720 63.870 77.788 78.042 66.915 87.315 82.387 5.427 66.392 81.173 80.658 5.775 83.060 6.193 82.128 77.195 69.968 81.913 5.120 80.348 81.083 81.172 80.450 80.662 80.265 65.637 82.338 83.645 65.565 80.748 67.223 77.987 83.448 81.632 85.152 64.190 15.638 63.810 62.193 74.537 84.852 82.760 70.470 77.688 85.705 78.713 83.072 79.423 78.688 5.325 83.038 75.455 84.172 76.075 79.022 82.243 78.938 86.135 81.102
7.958 89.028 89.028 32.427 32.427 18.143 89.368 16.942 7.878 83.513 85.042 12.150 13.175 24.100 25.672 83.293 0.000 88.348 88.852 15.508 6.465 8.800 1.512 14.678 16.665 26.778 88.013 25.112 12.688 12.942 35.033 10.280 17.038 88.720 23.598 12.845 13.400 89.068 13.567 89.487 12.290 10.595 25.320 12.988 88.413 4.335 13.028 13.117 12.015 13.347 12.210 33.755 13.428 6.610 23.587 7.720 25.352 10.147 2.947 1.775 4.978 32.308 74.497 24.212 25.133 29.888 11.603 15.280 25.822 11.088 5.203 5.465 15.592 12.712 11.977 88.618 10.617 8.603 15.510 9.475 9.853 12.405 8.982 5.633 12.033
82.950 2.467 2.467 82.240 82.240 94.513 1.307 91.430 90.078 7.130 7.887 87.215 83.440 71.137 67.790 5.165 86.352 0.000 1.787 88.987 90.135 80.565 87.178 87.898 90.208 67.508 1.027 69.035 82.953 83.207 72.080 92.480 87.552 1.230 71.557 86.338 85.823 1.578 88.225 1.997 87.293 82.360 75.133 87.078 0.923 85.513 86.248 86.337 85.615 85.827 85.430 70.802 87.503 88.810 70.730 85.913 72.388 83.152 88.613 86.797 90.317 69.355 20.803 68.975 67.358 79.702 90.017 87.925 75.635 82.853 90.870 83.878 88.237 84.588 83.853 2.057 88.203 80.620 89.337 81.240 84.187 87.408 84.103 91.300 86.267
83.345 2.740 2.740 82.635 82.635 94.908 2.742 91.825 90.473 7.525 8.282 87.610 83.835 71.532 68.185 5.560 86.747 1.787 0.000 89.382 90.530 80.960 87.573 88.293 90.603 67.903 1.135 69.430 83.348 83.602 72.475 92.875 87.947 1.278 71.952 86.733 86.218 1.627 88.620 2.045 87.688 82.755 75.528 87.473 1.488 85.908 86.643 86.732 86.010 86.222 85.825 71.197 87.898 89.205 71.125 86.308 72.783 83.547 89.008 87.192 90.712 69.750 21.198 69.370 67.753 80.097 90.412 88.320 76.030 83.248 91.265 84.273 88.632 84.983 84.248 2.330 88.598 81.015 89.732 81.635 84.582 87.803 84.498 91.695 86.662
14.032 90.287 90.287 33.685 33.685 10.687 90.627 7.472 14.540 84.772 86.300 6.660 13.685 25.358 26.930 84.552 12.793 89.607 90.110 0.000 10.990 11.647 13.620 4.585 6.250 28.037 89.272 26.370 13.198 13.452 30.123 12.883 6.238 89.978 24.857 7.680 7.210 90.327 6.345 90.745 6.265 13.442 26.578 6.798 89.672 11.443 4.228 4.782 16.697 4.547 4.685 30.368 6.948 13.272 24.845 14.248 26.610 14.233 15.055 13.238 12.615 29.648 75.755 25.470 26.392 31.147 8.328 1.805 27.080 13.935 11.650 11.440 2.367 14.833 14.098 89.877 18.448 11.702 2.087 12.322 15.268 6.380 15.185 14.540 5.843
12.278 93.348 93.348 36.747 36.747 14.773 93.688 13.572 6.920 87.833 89.362 9.953 16.300 28.420 29.992 87.613 7.122 92.668 93.172 12.138 0.000 13.120 6.625 11.308 13.295 31.098 92.333 29.432 17.008 17.262 34.075 7.057 13.668 93.040 27.918 10.973 10.503 93.388 10.197 93.807 8.920 14.915 29.640 10.092 92.733 8.655 9.658 9.747 16.335 9.977 8.840 34.320 10.242 5.652 27.907 12.040 29.672 14.467 7.315 6.888 5.143 33.600 78.817 28.532 29.453 34.208 8.735 11.910 30.142 15.408 4.178 9.785 12.222 15.717 14.982 92.938 13.622 12.923 12.140 13.795 14.173 9.035 13.302 6.330 9.137
2.492 82.243 82.243 25.642 25.642 19.000 82.583 15.917 11.613 76.728 78.257 11.702 6.390 17.315 18.887 76.508 7.887 81.563 82.067 13.473 11.670 0.000 8.713 12.385 14.695 19.993 81.228 18.327 5.903 6.157 28.248 14.015 12.038 81.935 16.813 10.825 10.310 82.283 12.712 82.702 11.780 1.795 18.535 11.565 81.628 7.048 10.735 10.823 5.050 10.313 9.917 26.970 11.990 10.345 16.802 7.107 18.567 2.587 10.148 8.332 11.852 25.523 67.712 17.427 18.348 23.103 11.552 12.412 19.037 2.288 12.405 5.413 12.723 7.538 6.803 81.833 11.153 2.155 13.823 0.973 3.652 11.895 4.328 12.835 10.753
8.640 89.710 89.710 33.108 33.108 18.225 90.050 17.023 9.002 84.195 85.723 12.832 12.788 24.782 26.353 83.975 4.318 89.030 89.533 15.590 6.325 9.482 0.000 14.760 16.747 27.460 88.695 25.793 13.370 13.623 35.715 10.508 17.120 89.402 24.280 13.527 13.955 89.750 13.648 90.168 12.372 11.277 26.002 13.543 89.095 5.017 13.110 13.198 12.697 13.428 12.292 34.437 13.693 7.733 24.268 8.402 26.033 10.828 1.913 2.457 4.728 32.990 75.178 24.893 25.815 30.570 12.187 15.362 26.503 11.770 5.285 6.147 15.673 12.205 11.470 89.300 10.110 9.285 15.592 10.157 10.535 12.487 9.663 5.715 12.588
12.973 89.228 89.228 32.627 32.627 11.497 89.568 8.282 13.412 83.713 85.242 4.898 12.627 24.300 25.872 83.493 12.180 88.548 89.052 4.593 9.862 10.588 12.950 0.000 7.060 26.978 88.213 25.312 12.140 12.393 29.065 11.755 5.290 88.920 23.798 5.918 5.448 89.268 4.583 89.687 4.655 12.383 25.520 5.037 88.613 10.830 2.467 3.020 15.638 2.785 2.923 29.310 5.187 12.143 23.787 13.635 25.552 13.175 14.385 12.625 11.487 28.590 74.697 24.412 25.333 30.088 7.887 3.532 26.022 12.877 10.522 10.827 3.843 13.775 13.040 88.818 17.390 10.643 4.943 11.263 14.210 4.770 14.127 13.412 4.082
15.215 91.470 91.470 34.868 34.868 7.850 91.810 4.498 15.923 85.955 87.483 9.155 14.868 26.542 28.113 85.735 14.177 90.790 91.293 6.038 12.373 12.830 15.003 7.048 0.000 29.220 90.455 27.553 14.382 14.635 32.237 14.267 8.593 91.162 26.040 10.080 9.565 91.510 7.742 91.928 7.648 14.625 27.762 9.293 90.855 12.827 6.723 7.277 17.880 6.907 7.180 32.482 9.443 14.655 26.028 15.632 27.793 15.417 16.438 14.622 13.998 31.762 76.938 26.653 27.575 32.330 9.712 5.067 28.263 15.118 13.033 12.823 6.715 16.017 15.282 91.060 19.632 12.885 6.040 13.505 16.452 7.763 16.368 15.923 8.338
21.548 68.973 68.973 21.028 21.028 33.112 69.313 30.028 28.677 63.458 64.987 25.813 22.038 5.915 2.568 63.238 24.950 68.293 68.797 27.585 28.733 19.163 25.777 26.497 28.807 0.000 67.958 3.813 21.552 21.805 12.865 31.078 26.150 68.665 6.335 24.937 24.422 69.013 26.823 69.432 25.892 20.958 13.922 25.677 68.358 24.112 24.847 24.935 24.213 24.425 24.028 11.587 26.102 27.408 5.508 24.512 7.167 21.750 27.212 25.395 28.915 10.140 54.442 3.753 2.137 18.490 28.615 26.523 14.423 21.452 29.468 22.477 26.835 23.187 22.452 68.563 26.802 19.218 27.935 19.838 22.785 26.007 22.702 29.898 24.865
82.562 1.957 1.957 81.852 81.852 94.125 2.092 91.042 89.690 6.742 7.498 86.827 83.052 70.748 67.402 4.777 85.963 1.082 1.080 88.598 89.747 80.177 86.790 87.510 89.820 67.120 0.000 68.647 82.565 82.818 71.692 92.092 87.163 1.453 71.168 85.950 85.435 1.802 87.837 2.220 86.905 81.972 74.745 86.690 1.147 85.125 85.860 85.948 85.227 85.438 85.042 70.413 87.115 88.422 70.342 85.525 72.000 82.763 88.225 86.408 89.928 68.967 20.415 68.587 66.970 79.313 89.628 87.537 75.247 82.465 90.482 83.490 87.848 84.200 83.465 1.547 87.815 80.232 88.948 80.852 83.798 87.020 83.715 90.912 85.878
20.485 70.113 70.113 19.965 19.965 32.048 70.453 28.965 27.613 64.598 66.127 24.750 20.975 4.753 3.108 64.378 23.887 69.433 69.937 26.522 27.670 18.100 24.713 25.433 27.743 4.215 69.098 0.000 20.488 20.742 14.005 30.015 25.087 69.805 5.272 23.873 23.358 70.153 25.760 70.572 24.828 19.895 12.858 24.613 69.498 23.048 23.783 23.872 23.150 23.362 22.965 12.727 25.038 26.345 4.445 23.448 6.103 20.687 26.148 24.332 27.852 11.280 55.582 2.690 2.570 17.427 27.552 25.460 13.360 20.388 28.405 21.413 25.772 22.123 21.388 69.703 25.738 18.155 26.872 18.775 21.722 24.943 21.638 28.835 23.802
9.092 83.742 83.742 27.140 27.140 19.825 84.082 16.742 15.780 78.227 79.755 12.527 3.182 18.813 20.385 78.007 12.493 83.062 83.565 14.298 15.675 6.707 13.255 13.210 15.520 21.492 82.727 19.825 0.000 3.225 29.363 18.182 12.863 83.433 18.312 11.650 11.135 83.782 13.537 84.200 12.605 8.502 20.033 12.390 83.127 11.655 11.560 11.648 11.757 11.138 10.742 28.468 12.815 14.512 18.300 11.545 20.065 9.293 11.658 12.027 12.778 27.022 69.210 18.925 19.847 24.602 15.368 13.237 20.535 8.995 14.635 10.020 13.548 4.447 3.712 83.332 8.738 6.762 14.648 7.382 10.328 12.720 10.245 15.065 11.578
8.317 82.967 82.967 26.365 26.365 19.050 83.307 15.967 15.445 77.452 78.980 11.752 3.602 18.038 19.610 77.232 11.718 82.287 82.790 13.523 15.502 5.932 12.545 12.435 14.745 20.717 81.952 19.050 3.115 0.000 28.588 17.847 12.088 82.658 17.537 10.875 10.360 83.007 12.762 83.425 11.830 7.727 19.258 11.615 82.352 10.880 10.785 10.873 10.982 10.363 9.967 27.693 12.040 14.177 17.525 11.280 19.290 8.518 11.803 12.163 12.923 26.247 68.435 18.150 19.072 23.827 14.593 12.462 19.760 8.220 14.780 9.245 12.773 4.867 4.132 82.557 8.883 5.987 13.873 6.607 9.553 11.945 9.470 15.210 10.803
29.888 73.363 73.363 29.178 29.178 37.135 73.703 34.052 36.367 67.848 69.377 28.568 30.378 16.027 12.680 67.628 33.290 72.683 73.187 30.340 32.817 27.503 34.117 29.252 32.830 12.398 72.348 13.925 29.892 30.145 0.000 34.710 28.905 73.055 16.447 27.692 27.177 73.403 29.578 73.822 28.647 29.298 22.072 28.432 72.748 32.452 27.602 27.690 32.553 27.180 26.783 2.392 28.857 35.098 15.620 32.852 17.278 30.090 35.552 33.735 34.442 3.747 58.832 13.865 12.248 26.640 31.410 29.278 22.573 29.792 33.477 30.817 29.590 31.527 30.792 72.953 35.142 27.558 30.690 28.178 31.125 28.762 31.042 36.367 27.620
10.322 91.902 91.902 35.300 35.300 19.722 92.242 18.520 11.035 86.387 87.915 14.902 10.733 26.973 28.545 86.167 6.510 91.222 91.725 17.087 8.760 11.673 5.702 16.257 18.243 29.652 90.887 27.985 12.360 12.615 37.625 0.000 18.617 91.593 26.472 15.718 15.452 91.942 15.145 92.360 13.868 13.377 28.193 15.040 91.287 7.208 14.607 14.695 14.378 14.925 13.788 36.628 15.190 9.767 26.460 10.593 28.225 12.510 4.105 4.648 5.753 35.182 77.370 27.085 28.007 32.762 13.683 16.858 28.695 13.870 7.720 8.338 17.170 10.150 9.415 91.492 8.055 11.477 17.088 12.348 12.217 13.983 11.345 8.150 14.085
12.422 88.677 88.677 32.075 32.075 12.888 89.017 9.673 15.327 83.162 84.690 7.182 12.075 23.748 25.320 82.942 13.917 87.997 88.500 5.955 11.777 10.037 14.743 5.107 8.452 26.427 87.662 24.760 11.588 11.842 28.513 13.670 0.000 88.368 23.247 6.115 5.600 88.717 6.867 89.135 6.938 11.832 24.968 6.855 88.062 12.567 4.670 5.223 15.087 4.043 5.207 28.758 7.470 14.058 23.235 15.372 25.000 12.623 16.178 14.362 13.402 28.038 74.145 23.860 24.782 29.537 9.752 4.893 25.470 12.325 12.437 12.563 5.205 13.223 12.488 88.267 16.838 10.092 6.305 10.712 13.658 7.053 13.575 15.327 6.043
83.322 2.138 2.138 82.612 82.612 94.885 1.463 91.802 90.450 7.502 8.258 87.587 83.812 71.508 68.162 5.537 86.723 1.340 1.278 89.358 90.507 80.937 87.550 88.270 90.580 67.880 1.398 69.407 83.325 83.578 72.452 92.852 87.923 0.000 71.928 86.710 86.195 0.778 88.597 0.767 87.665 82.732 75.505 87.450 1.042 85.885 86.620 86.708 85.987 86.198 85.802 71.173 87.875 89.182 71.102 86.285 72.760 83.523 88.985 87.168 90.688 69.727 21.175 69.347 67.730 80.073 90.388 88.297 76.007 83.225 91.242 84.250 88.608 84.960 84.225 1.870 88.575 80.992 89.708 81.612 84.558 87.780 84.475 91.672 86.638
19.882 72.625 72.625 19.362 19.362 31.445 72.965 28.362 27.010 67.110 68.638 24.147 20.372 2.012 5.620 66.890 23.283 71.945 72.448 25.918 27.067 17.497 24.110 24.830 27.140 6.727 71.610 5.060 19.885 20.138 16.517 29.412 24.483 72.317 0.000 23.270 22.755 72.665 25.157 73.083 24.225 19.292 12.255 24.010 72.010 22.445 23.180 23.268 22.547 22.758 22.362 15.238 24.435 25.742 3.535 22.845 3.263 20.083 25.545 23.728 27.248 13.792 58.093 4.160 5.082 16.823 26.948 24.857 12.757 19.785 27.802 20.810 25.168 21.520 20.785 72.215 25.135 17.552 26.268 18.172 21.118 24.340 21.035 28.232 23.198
10.568 86.823 86.823 30.222 30.222 14.517 87.163 11.302 13.302 81.308 82.837 3.087 10.222 21.895 23.467 81.088 9.625 86.143 86.647 7.583 9.752 8.183 10.452 5.947 10.080 24.573 85.808 22.907 9.735 9.988 26.660 11.645 6.148 86.515 21.393 0.000 1.463 86.863 6.273 87.282 5.342 9.978 23.115 2.718 86.208 8.275 4.297 4.385 13.233 4.423 3.478 26.905 3.583 12.033 21.382 11.080 23.147 10.770 11.887 10.070 11.377 26.185 72.292 22.007 22.928 27.683 5.542 6.522 23.617 10.472 10.412 8.272 6.833 11.370 10.635 86.413 14.985 8.238 7.933 8.858 11.805 5.457 11.722 13.302 1.907
10.202 86.457 86.457 29.855 29.855 14.142 86.797 10.927 12.762 80.942 82.470 2.952 9.855 21.528 23.100 80.722 10.233 85.777 86.280 7.070 9.212 7.817 11.060 5.407 9.705 24.207 85.442 22.540 9.368 9.622 26.293 11.105 5.782 86.148 21.027 1.503 0.000 86.497 5.733 86.915 4.802 9.612 22.748 2.178 85.842 8.883 3.757 3.845 12.867 4.057 2.938 26.538 3.043 11.493 21.015 11.688 22.780 10.403 12.495 10.678 10.837 25.818 71.925 21.640 22.562 27.317 5.887 6.008 23.250 10.105 9.872 8.880 6.320 11.003 10.268 86.047 14.618 7.872 7.420 8.492 11.438 4.917 11.355 12.762 1.367
83.617 2.972 2.972 82.907 82.907 95.180 2.297 92.097 90.745 7.797 8.553 87.882 84.107 71.803 68.457 5.832 87.018 1.635 1.573 89.653 90.802 81.232 87.845 88.565 90.875 68.175 1.693 69.702 83.620 83.873 72.747 93.147 88.218 0.833 72.223 87.005 86.490 0.000 88.892 1.600 87.960 83.027 75.800 87.745 1.337 86.180 86.915 87.003 86.282 86.493 86.097 71.468 88.170 89.477 71.397 86.580 73.055 83.818 89.280 87.463 90.983 70.022 21.470 69.642 68.025 80.368 90.683 88.592 76.302 83.520 91.537 84.545 88.903 85.255 84.520 2.703 88.870 81.287 90.003 81.907 84.853 88.075 84.770 91.967 86.933
12.543 89.485 89.485 32.883 32.883 12.203 89.825 8.988 12.597 83.970 85.498 5.155 12.883 24.557 26.128 83.750 10.850 88.805 89.308 6.225 9.047 10.845 11.677 4.562 7.767 27.235 88.470 25.568 12.397 12.650 29.322 10.940 6.922 89.177 24.055 6.175 5.705 89.525 0.000 89.943 2.868 12.640 25.777 5.293 88.870 9.500 2.797 3.350 15.895 3.115 3.045 29.567 5.443 11.328 24.043 12.305 25.808 13.432 13.112 11.295 10.672 28.847 74.953 24.668 25.590 30.345 6.385 5.163 26.278 13.133 9.707 9.497 5.475 14.032 13.297 89.075 17.405 10.900 6.278 11.520 14.438 2.983 13.567 12.597 4.338
84.038 2.465 2.465 83.328 83.328 95.602 2.128 92.518 91.167 8.218 8.975 88.303 84.528 72.225 68.878 6.253 87.440 2.057 1.995 90.075 91.223 81.653 88.267 88.987 91.297 68.597 2.115 70.123 84.042 84.295 73.168 93.568 88.640 0.717 72.645 87.427 86.912 1.495 89.313 0.000 88.382 83.448 76.222 88.167 1.758 86.602 87.337 87.425 86.703 86.915 86.518 71.890 88.592 89.898 71.818 87.002 73.477 84.240 89.702 87.885 91.405 70.443 21.892 70.063 68.447 80.790 91.105 89.013 76.723 83.942 91.958 84.967 89.325 85.677 84.942 2.197 89.292 81.708 90.425 82.328 85.275 88.497 85.192 92.388 87.355
11.275 88.693 88.693 32.092 32.092 12.088 89.033 8.873 11.328 83.178 84.707 4.363 12.092 23.765 25.337 82.958 9.582 88.013 88.517 6.162 7.778 10.053 10.408 4.835 7.652 26.443 87.678 24.777 11.605 11.858 28.530 9.672 7.195 88.385 23.263 5.383 4.913 88.733 2.765 89.152 0.000 11.848 24.985 4.502 88.078 8.232 3.185 3.273 15.103 3.503 2.253 28.775 4.652 10.060 23.252 11.037 25.017 12.640 11.843 10.027 9.403 28.055 74.162 23.877 24.798 29.553 5.117 5.437 25.487 12.342 8.438 8.228 5.748 13.240 12.505 88.283 16.137 10.108 6.163 10.728 13.170 0.292 12.298 11.328 3.547
2.997 83.965 83.965 27.363 27.363 20.722 84.305 17.638 13.282 78.450 79.978 13.423 8.112 19.037 20.608 78.230 9.555 83.285 83.788 15.195 13.338 1.722 10.382 14.107 16.417 21.715 82.950 20.048 7.625 7.878 29.970 15.683 13.760 83.657 18.535 12.547 12.032 84.005 14.433 84.423 13.502 0.000 20.257 13.287 83.350 8.403 12.457 12.545 5.555 12.035 11.638 28.692 13.712 12.013 18.523 7.612 20.288 3.092 11.817 10.000 13.520 27.245 69.433 19.148 20.070 24.825 13.180 14.133 20.758 1.453 14.073 7.042 14.445 9.260 8.525 83.555 12.780 3.877 15.545 2.695 4.157 13.617 4.833 14.503 12.475
21.530 75.185 75.185 9.630 9.630 33.093 75.525 30.010 28.658 69.670 71.198 25.795 22.020 11.450 13.022 69.450 24.932 74.505 75.008 27.567 28.715 19.145 25.758 26.478 28.788 14.128 74.170 12.462 21.533 21.787 21.190 31.060 26.132 74.877 10.948 24.918 24.403 75.225 26.805 75.643 25.873 20.940 0.000 25.658 74.570 24.093 24.828 24.917 24.195 24.407 24.010 19.912 26.083 27.390 10.937 24.493 12.702 21.732 27.193 25.377 28.897 18.465 60.653 11.562 12.483 7.092 28.597 26.505 2.483 21.433 29.450 22.458 26.817 23.168 22.433 74.775 26.783 19.200 27.917 19.820 22.767 25.988 22.683 29.880 24.847
11.345 87.600 87.600 30.998 30.998 13.775 87.940 10.560 12.395 82.085 83.613 2.585 10.998 22.672 24.243 81.865 9.867 86.920 87.423 6.703 8.845 8.960 10.693 5.040 9.338 25.350 86.585 23.683 10.512 10.765 27.437 10.738 6.925 87.292 22.170 2.647 2.177 87.640 5.367 88.058 4.435 10.755 23.892 0.000 86.985 8.517 3.390 3.478 14.010 3.708 2.572 27.682 2.893 11.127 22.158 11.322 23.923 11.547 12.128 10.312 10.470 26.962 73.068 22.783 23.705 28.460 5.520 5.642 24.393 11.248 9.505 8.513 5.953 12.147 11.412 87.190 15.762 9.015 7.053 9.635 12.582 4.550 12.498 12.395 1.065
82.960 2.477 2.477 82.250 82.250 94.523 1.998 91.440 90.088 7.140 7.897 87.225 83.450 71.147 67.800 5.175 86.362 0.978 1.433 88.997 90.145 80.575 87.188 87.908 90.218 67.518 1.037 69.045 82.963 83.217 72.090 92.490 87.562 0.877 71.567 86.348 85.833 1.225 88.235 1.643 87.303 82.370 75.143 87.088 0.000 85.523 86.258 86.347 85.625 85.837 85.440 70.812 87.513 88.820 70.740 85.923 72.398 83.162 88.623 86.807 90.327 69.365 20.813 68.985 67.368 79.712 90.027 87.935 75.645 82.863 90.880 83.888 88.247 84.598 83.863 2.067 88.213 80.630 89.347 81.250 84.197 87.418 84.113 91.310 86.277
4.342 85.412 85.412 28.810 28.810 18.265 85.752 15.050 8.088 79.897 81.425 8.533 9.558 20.483 22.055 79.677 4.362 84.732 85.235 12.338 8.145 5.183 5.188 11.630 13.828 23.162 84.397 21.495 9.072 9.325 31.417 10.490 13.533 85.103 19.982 9.228 9.783 85.452 10.397 85.870 9.120 6.978 21.703 9.372 84.797 0.000 9.980 10.068 8.398 10.298 9.162 30.138 9.812 6.820 19.970 3.780 21.735 6.530 6.623 4.807 8.327 28.692 70.880 20.595 21.517 26.272 7.987 12.232 22.205 7.472 8.880 1.848 12.543 9.375 8.640 85.002 9.272 4.987 12.340 5.858 6.237 9.235 5.365 9.310 8.417
11.170 87.425 87.425 30.823 30.823 11.213 87.765 7.998 11.883 81.910 83.438 3.370 10.823 22.497 24.068 81.690 10.652 86.745 87.248 4.142 8.333 8.785 11.422 2.478 6.777 25.175 86.410 23.508 10.337 10.590 27.262 10.227 4.700 87.117 21.995 4.390 3.920 87.465 2.938 87.883 3.127 10.580 23.717 3.508 86.810 9.302 0.000 0.553 13.835 0.748 1.395 27.507 3.658 10.615 21.983 12.107 23.748 11.372 12.857 11.097 9.958 26.787 72.893 22.608 23.530 28.285 6.358 3.080 24.218 11.073 8.993 9.298 3.392 11.972 11.237 87.015 15.587 8.840 4.492 9.460 12.407 3.242 12.323 11.883 2.553
11.723 87.978 87.978 31.377 31.377 11.767 88.318 8.552 12.437 82.463 83.992 3.923 11.377 23.050 24.622 82.243 11.205 87.298 87.802 4.695 8.887 9.338 11.975 3.032 7.330 25.728 86.963 24.062 10.890 11.143 27.815 10.780 5.253 87.670 22.548 4.943 4.473 88.018 3.492 88.437 3.680 11.133 24.270 4.062 87.363 9.855 0.553 0.000 14.388 1.302 1.948 28.060 4.212 11.168 22.537 12.660 24.302 11.925 13.410 11.650 10.512 27.340 73.447 23.162 24.083 28.838 6.912 3.633 24.772 11.627 9.547 9.852 3.945 12.525 11.790 87.568 16.140 9.393 5.045 10.013 12.960 3.795 12.877 12.437 3.107
4.100 86.507 86.507 29.905 29.905 23.263 86.847 20.180 14.385 80.992 82.520 14.830 10.653 21.578 23.150 80.772 10.658 85.827 86.330 17.737 14.442 5.047 11.485 16.648 18.958 24.257 85.492 22.590 10.167 10.420 32.512 16.787 16.302 86.198 21.077 15.088 14.573 86.547 16.693 86.965 15.417 5.515 22.798 15.668 85.892 9.507 14.998 15.087 0.000 14.577 14.180 31.233 16.108 13.117 21.065 8.715 22.830 3.470 12.920 11.103 14.623 29.787 71.975 21.690 22.612 27.367 14.283 16.675 23.300 6.008 15.177 8.145 16.987 11.802 11.067 86.097 13.883 5.818 18.087 6.020 2.515 15.532 5.937 15.607 14.713
10.730 86.985 86.985 30.383 30.383 11.400 87.325 8.185 12.093 81.470 82.998 3.580 10.383 22.057 23.628 81.250 10.862 86.305 86.808 4.352 8.543 8.345 11.632 2.688 6.963 24.735 85.970 23.068 9.897 10.150 26.822 10.437 4.133 86.677 21.555 4.423 3.908 87.025 3.148 87.443 3.337 10.140 23.277 3.718 86.370 9.512 0.750 1.303 13.395 0.000 1.605 27.067 3.868 10.825 21.543 12.317 23.308 10.932 13.067 11.307 10.168 26.347 72.453 22.168 23.090 27.845 6.568 3.290 23.778 10.633 9.203 9.508 3.602 11.532 10.797 86.575 15.147 8.400 4.702 9.020 11.967 3.452 11.883 12.093 2.763
10.405 86.660 86.660 30.058 30.058 12.668 87.000 9.453 11.628 81.145 82.673 3.528 10.058 21.732 23.303 80.925 10.810 85.980 86.483 5.597 8.078 8.020 11.167 3.933 8.232 24.410 85.645 22.743 9.572 9.825 26.497 9.972 5.205 86.352 21.230 4.098 3.583 86.700 4.393 87.118 3.607 9.815 22.952 3.667 86.045 9.460 1.995 2.548 13.070 1.317 0.000 26.742 3.817 10.360 21.218 12.265 22.983 10.607 12.602 11.113 9.703 26.022 72.128 21.843 22.765 27.520 6.583 4.535 23.453 10.308 8.738 9.457 4.847 11.207 10.472 86.250 14.822 8.075 5.947 8.695 11.642 3.722 11.558 11.628 2.712
28.708 72.183 72.183 27.998 27.998 37.253 72.523 34.170 35.837 66.668 68.197 28.687 29.198 14.847 11.500 66.448 32.110 71.503 72.007 30.458 32.935 26.323 32.937 29.370 32.948 11.218 71.168 12.745 28.712 28.965 2.422 34.828 29.023 71.875 15.267 27.810 27.295 72.223 29.697 72.642 28.765 28.118 20.892 28.550 71.568 31.272 27.720 27.808 31.373 27.298 26.902 0.000 28.975 34.568 14.440 31.672 16.098 28.910 34.372 32.555 34.560 2.567 57.652 12.685 11.068 25.460 31.528 29.397 21.393 28.612 33.595 29.637 29.708 30.347 29.612 71.773 33.962 26.378 30.808 26.998 29.945 28.880 29.862 36.485 27.738
11.870 88.125 88.125 31.523 31.523 13.830 88.465 10.615 12.450 82.610 84.138 2.923 11.523 23.197 24.768 82.390 10.205 87.445 87.948 6.758 8.900 9.485 11.032 5.095 9.393 25.875 87.110 24.208 11.037 11.290 27.962 10.793 7.455 87.817 22.695 3.622 3.152 88.165 5.422 88.583 4.490 11.280 24.417 2.893 87.510 8.855 3.445 3.533 14.535 3.763 2.627 28.207 0.000 11.182 22.683 11.660 24.448 12.072 12.467 10.650 10.525 27.487 73.593 23.308 24.230 28.985 5.978 5.697 24.918 11.773 9.560 8.852 6.008 12.672 11.937 87.715 16.287 9.540 7.108 10.160 13.107 4.605 12.922 12.450 2.008
10.512 91.582 91.582 34.980 34.980 17.200 91.922 15.635 1.652 86.067 87.595 12.017 14.533 26.653 28.225 85.847 5.355 90.902 91.405 14.202 6.163 11.353 5.535 13.372 15.358 29.332 90.567 27.665 15.242 15.495 36.138 8.508 15.732 91.273 26.152 13.037 12.567 91.622 12.260 92.040 10.983 13.148 27.873 12.155 90.967 6.888 11.722 11.810 14.568 12.040 10.903 36.308 12.305 0.000 26.140 10.273 27.905 12.700 6.970 5.482 7.888 34.862 77.050 26.765 27.687 32.442 10.798 13.973 28.375 13.642 8.113 8.018 14.285 13.950 13.215 91.172 11.855 11.157 14.203 12.028 12.407 11.098 11.535 8.543 11.200
19.847 70.245 70.245 19.327 19.327 31.410 70.585 28.327 26.975 64.730 66.258 24.112 20.337 3.943 3.240 64.510 23.248 69.565 70.068 25.883 27.032 17.462 24.075 24.795 27.105 4.347 69.230 2.680 19.850 20.103 14.137 29.377 24.448 69.937 4.633 23.235 22.720 70.285 25.122 70.703 24.190 19.257 12.220 23.975 69.630 22.410 23.145 23.233 22.512 22.723 22.327 12.858 24.400 25.707 0.000 22.810 5.303 20.048 25.510 23.693 27.213 11.412 55.713 1.780 2.702 16.788 26.913 24.822 12.722 19.750 27.767 20.775 25.133 21.485 20.750 69.835 25.100 17.517 26.233 18.137 21.083 24.305 21.000 28.197 23.163
6.143 88.243 88.243 31.642 31.642 21.118 88.583 17.903 10.942 82.728 84.257 11.387 9.230 23.315 24.887 82.508 7.215 87.563 88.067 15.192 10.998 8.015 8.042 14.483 16.682 25.993 87.228 24.327 10.857 11.112 34.248 13.343 16.387 87.935 22.813 12.082 12.637 88.283 13.250 88.702 11.973 9.198 24.535 12.225 87.628 3.892 12.833 12.922 10.200 13.152 12.015 32.970 12.665 9.673 22.802 0.000 24.567 8.332 9.477 7.660 11.180 31.523 73.712 23.427 24.348 29.103 10.840 15.085 25.037 9.692 11.733 4.702 15.397 8.647 7.912 87.833 8.543 7.818 15.193 8.690 8.038 12.088 4.420 12.163 11.270
20.668 73.307 73.307 20.148 20.148 32.232 73.647 29.148 27.797 67.792 69.320 24.933 21.158 1.663 6.302 67.572 24.070 72.627 73.130 26.705 27.853 18.283 24.897 25.617 27.927 7.408 72.292 5.742 20.672 20.925 17.198 30.198 25.270 72.998 3.328 24.057 23.542 73.347 25.943 73.765 25.012 20.078 13.042 24.797 72.692 23.232 23.967 24.055 23.333 23.545 23.148 15.920 25.222 26.528 4.322 23.632 0.000 20.870 26.332 24.515 28.035 14.473 58.775 4.488 5.763 17.610 27.735 25.643 13.543 20.572 28.588 21.597 25.955 22.307 21.572 72.897 25.922 18.338 27.055 18.958 21.905 25.127 21.822 29.018 23.985
2.117 84.528 84.528 27.927 27.927 21.285 84.868 18.202 12.402 79.013 80.542 12.847 8.675 19.600 21.172 78.793 8.675 83.848 84.352 15.758 12.458 2.533 9.502 14.670 16.980 22.278 83.513 20.612 8.188 8.442 30.533 14.803 14.323 84.220 19.098 13.110 12.595 84.568 14.710 84.987 13.433 3.002 20.820 13.685 83.913 7.523 13.020 13.108 3.383 12.598 12.202 29.255 14.125 11.133 19.087 6.732 20.852 0.000 10.937 9.120 12.640 27.808 69.997 19.712 20.633 25.388 12.300 14.697 21.322 3.495 13.193 6.162 15.008 9.823 9.088 84.118 11.900 3.840 16.108 3.507 3.040 13.548 3.953 13.623 12.730
8.045 89.115 89.115 32.513 32.513 18.433 89.455 17.232 8.818 83.600 85.128 12.237 13.262 24.187 25.758 83.380 3.723 88.435 88.938 15.798 6.755 8.887 2.915 14.968 16.955 26.865 88.100 25.198 12.775 13.028 35.120 10.717 17.237 88.807 23.685 12.932 13.487 89.155 13.857 89.573 12.580 10.682 25.407 13.075 88.500 4.422 13.318 13.407 12.102 13.637 12.500 33.842 13.515 7.550 23.673 7.807 25.438 10.233 0.000 1.862 5.268 32.395 74.583 24.298 25.220 29.975 11.690 15.570 25.908 11.175 5.493 5.552 15.882 12.798 12.063 88.705 10.703 8.690 15.800 9.562 9.940 12.695 9.068 5.923 12.120
6.183 87.253 87.253 30.652 30.652 18.260 87.593 16.892 7.483 81.738 83.267 10.375 11.400 22.325 23.897 81.518 1.862 86.573 87.077 14.180 7.540 7.025 2.688 13.472 15.670 25.003 86.238 23.337 10.913 11.167 33.258 9.885 15.375 86.945 21.823 11.070 11.625 87.293 12.238 87.712 10.962 8.820 23.545 11.213 86.638 2.560 11.822 11.910 10.240 12.140 11.003 31.980 11.653 6.215 21.812 5.945 23.577 8.372 3.068 0.000 4.700 30.533 72.722 22.437 23.358 28.113 9.828 14.073 24.047 9.313 6.380 3.690 14.385 10.937 10.202 86.843 8.842 6.828 14.182 7.700 8.078 11.077 7.207 6.810 10.258
10.800 91.870 91.870 35.268 35.268 17.047 92.210 14.807 10.502 86.355 87.883 11.188 12.898 26.942 28.513 86.135 6.478 91.190 91.693 13.373 4.333 11.642 4.353 12.543 14.530 29.620 90.855 27.953 14.525 14.780 35.310 9.058 14.903 91.562 26.440 12.208 11.738 91.910 11.432 92.328 10.155 13.437 28.162 11.327 91.255 7.177 10.893 10.982 14.857 11.212 10.075 35.555 11.477 9.233 26.428 10.562 28.193 12.988 5.043 4.617 0.000 34.835 77.338 27.053 27.975 32.730 9.970 13.145 28.663 13.930 2.238 8.307 13.457 12.315 11.580 91.460 10.220 11.445 13.375 12.317 12.695 10.270 11.823 4.598 10.372
27.200 70.675 70.675 26.490 26.490 36.625 71.015 33.542 34.328 65.160 66.688 28.058 27.690 13.338 9.992 64.940 30.602 69.995 70.498 29.830 32.307 24.815 31.428 28.742 32.320 9.710 69.660 11.237 27.203 27.457 3.828 34.200 28.395 70.367 13.758 27.182 26.667 70.715 29.068 71.133 28.137 26.610 19.383 27.922 70.060 29.763 27.092 27.180 29.865 26.670 26.273 2.550 28.347 33.060 12.932 30.163 14.590 27.402 32.863 31.047 33.932 0.000 56.143 11.177 9.560 23.952 30.900 28.768 19.885 27.103 32.967 28.128 29.080 28.838 28.103 70.265 32.453 24.870 30.180 25.490 28.437 28.252 28.353 35.550 27.110
69.543 22.032 22.032 68.833 68.833 81.107 22.372 78.023 76.672 16.517 18.045 73.808 70.033 57.730 54.383 16.297 72.945 21.352 21.855 75.580 76.728 67.158 73.772 74.492 76.802 54.102 21.017 55.628 69.547 69.800 58.673 79.073 74.145 21.723 58.150 72.932 72.417 22.072 74.818 22.490 73.887 68.953 61.727 73.672 21.417 72.107 72.842 72.930 72.208 72.420 72.023 57.395 74.097 75.403 57.323 72.507 58.982 69.745 75.207 73.390 76.910 55.948 0.000 55.568 53.952 66.295 76.610 74.518 62.228 69.447 77.463 70.472 74.830 71.182 70.447 21.622 74.797 67.213 75.930 67.833 70.780 74.002 70.697 77.893 72.860
19.422 69.907 69.907 18.902 18.902 30.985 70.247 27.902 26.550 64.392 65.920 23.687 19.912 3.362 2.902 64.172 22.823 69.227 69.730 25.458 26.607 17.037 23.650 24.370 26.680 4.008 68.892 2.342 19.425 19.678 13.798 28.952 24.023 69.598 4.208 22.810 22.295 69.947 24.697 70.365 23.765 18.832 11.795 23.550 69.292 21.985 22.720 22.808 22.087 22.298 21.902 12.520 23.975 25.282 3.382 22.385 4.722 19.623 25.085 23.268 26.788 11.073 55.375 0.000 2.363 16.363 26.488 24.397 12.297 19.325 27.342 20.350 24.708 21.060 20.325 69.497 24.675 17.092 25.808 17.712 20.658 23.880 20.575 27.772 22.738
20.992 67.678 67.678 20.472 20.472 32.555 68.018 29.472 28.120 62.163 63.692 25.257 21.482 5.358 2.012 61.943 24.393 66.998 67.502 27.028 28.177 18.607 25.220 25.940 28.250 1.780 66.663 3.257 20.995 21.248 11.570 30.522 25.593 67.370 5.778 24.380 23.865 67.718 26.267 68.137 25.335 20.402 13.365 25.120 67.063 23.555 24.290 24.378 23.657 23.868 23.472 10.292 25.545 26.852 4.952 23.955 6.610 21.193 26.655 24.838 28.358 8.845 53.147 3.197 0.000 17.933 28.058 25.967 13.867 20.895 28.912 21.920 26.278 22.630 21.895 67.268 26.245 18.662 27.378 19.282 22.228 25.450 22.145 29.342 24.308
26.025 79.680 79.680 5.503 5.503 37.588 80.020 34.505 33.153 74.165 75.693 30.290 26.515 15.945 17.517 73.945 29.427 79.000 79.503 32.062 33.210 23.640 30.253 30.973 33.283 18.623 78.665 16.957 26.028 26.282 25.685 35.555 30.627 79.372 15.443 29.413 28.898 79.720 31.300 80.138 30.368 25.435 7.070 30.153 79.065 28.588 29.323 29.412 28.690 28.902 28.505 24.407 30.578 31.885 15.432 28.988 17.197 26.227 31.688 29.872 33.392 22.960 65.148 16.057 16.978 0.000 33.092 31.000 6.102 25.928 33.945 26.953 31.312 27.663 26.928 79.270 31.278 23.695 32.412 24.315 27.262 30.483 27.178 34.375 29.342
10.040 90.510 90.510 33.908 33.908 14.270 90.850 11.055 11.517 84.995 86.523 4.907 13.908 25.582 27.153 84.775 8.347 89.830 90.333 8.343 7.967 10.882 9.173 7.600 9.833 28.260 89.495 26.593 13.422 13.675 30.367 9.860 9.907 90.202 25.080 5.602 5.897 90.550 6.402 90.968 5.125 12.677 26.802 5.485 89.895 6.997 5.950 6.038 14.097 6.268 5.132 30.612 6.045 10.248 25.068 9.802 26.833 12.228 10.608 8.792 9.592 29.892 75.978 25.693 26.615 31.370 0.000 8.202 27.303 13.170 8.627 6.993 8.513 15.057 14.322 90.100 14.902 10.685 8.345 11.557 11.935 5.240 11.063 11.517 4.530
12.885 89.140 89.140 32.538 32.538 9.717 89.480 6.502 14.027 83.625 85.153 5.513 12.538 24.212 25.783 83.405 12.658 88.460 88.963 1.652 10.477 10.500 13.485 3.438 5.280 26.890 88.125 25.223 12.052 12.305 28.977 12.370 5.092 88.832 23.710 6.533 6.063 89.180 5.198 89.598 5.270 12.295 25.432 5.652 88.525 11.308 3.082 3.635 15.550 3.400 3.538 29.222 5.802 12.758 23.698 14.113 25.463 13.087 14.920 13.103 12.102 28.502 74.608 24.323 25.245 30.000 8.193 0.000 25.933 12.788 11.137 11.305 1.855 13.687 12.952 88.730 17.302 10.555 3.160 11.175 14.122 5.385 14.038 14.027 4.697
22.057 75.712 75.712 7.758 7.758 33.620 76.052 30.537 29.185 70.197 71.725 26.322 22.547 11.977 13.548 69.977 25.458 75.032 75.535 28.093 29.242 19.672 26.285 27.005 29.315 14.655 74.697 12.988 22.060 22.313 21.717 31.587 26.658 75.403 11.475 25.445 24.930 75.752 27.332 76.170 26.400 21.467 2.610 26.185 75.097 24.620 25.355 25.443 24.722 24.933 24.537 20.438 26.610 27.917 11.463 25.020 13.228 22.258 27.720 25.903 29.423 18.992 61.180 12.088 13.010 6.068 29.123 27.032 0.000 21.960 29.977 22.985 27.343 23.695 22.960 75.302 27.310 19.727 28.443 20.347 23.293 26.515 23.210 30.407 25.373
3.548 84.517 84.517 27.915 27.915 21.273 84.857 18.190 13.833 79.002 80.530 13.975 8.663 19.588 21.160 78.782 10.107 83.837 84.340 15.747 13.890 2.273 10.933 14.658 16.968 22.267 83.502 20.600 8.177 8.430 30.522 16.235 14.312 84.208 19.087 13.098 12.583 84.557 14.985 84.975 14.053 1.497 20.808 13.838 83.902 8.955 13.008 13.097 6.107 12.587 12.190 29.243 14.263 12.565 19.075 8.163 20.840 3.643 12.368 10.552 14.072 27.797 69.985 19.700 20.622 25.377 13.732 14.685 21.310 0.000 14.625 7.593 14.997 9.812 9.077 84.107 13.332 4.428 16.097 3.247 4.708 14.168 5.385 15.055 13.027
11.012 92.082 92.082 35.480 35.480 15.848 92.422 13.590 9.498 86.567 88.095 9.972 14.483 27.153 28.725 86.347 6.690 91.402 91.905 12.157 3.378 11.853 4.565 11.327 13.313 29.832 91.067 28.165 15.742 15.995 34.093 7.842 13.687 91.773 26.652 10.992 10.522 92.122 10.215 92.540 8.938 13.648 28.373 10.110 91.467 7.388 9.677 9.765 15.068 9.995 8.858 34.338 10.260 8.230 26.640 10.773 28.405 13.200 5.255 4.828 2.078 33.618 77.550 27.265 28.187 32.942 8.753 11.928 28.875 14.142 0.000 8.518 12.240 13.900 13.165 91.672 11.805 11.657 12.158 12.528 12.907 9.053 12.035 4.810 9.155
4.773 85.843 85.843 29.242 29.242 16.512 86.183 13.297 7.313 80.328 81.857 6.780 9.990 20.915 22.487 80.108 3.587 85.163 85.667 10.585 7.370 5.615 4.413 9.877 12.075 23.593 84.828 21.927 9.503 9.757 31.848 9.715 11.780 85.535 20.413 7.475 8.030 85.883 8.643 86.302 7.367 7.410 22.135 7.618 85.228 1.730 8.227 8.315 8.830 8.545 7.408 30.570 8.058 6.045 20.402 4.535 22.167 6.962 5.848 4.032 7.552 29.123 71.312 21.027 21.948 26.703 6.233 10.478 22.637 7.903 8.105 0.000 10.790 9.807 9.072 85.433 9.703 5.418 10.587 6.290 6.668 7.482 5.797 8.535 6.663
13.158 89.413 89.413 32.812 32.812 11.447 89.753 8.232 14.300 83.898 85.427 5.787 12.812 24.485 26.057 83.678 12.932 88.733 89.237 2.352 10.750 10.773 13.758 3.712 7.010 27.163 88.398 25.497 12.325 12.578 29.250 12.643 5.365 89.105 23.983 6.807 6.337 89.453 5.472 89.872 5.543 12.568 25.705 5.925 88.798 11.582 3.355 3.908 15.823 3.673 3.812 29.495 6.075 13.032 23.972 14.387 25.737 13.360 15.193 13.377 12.375 28.775 74.882 24.597 25.518 30.273 8.467 1.862 26.207 13.062 11.410 11.578 0.000 13.960 13.225 89.003 17.575 10.828 2.907 11.448 14.395 5.658 14.312 14.300 4.970
9.340 85.313 85.313 28.712 28.712 21.397 85.653 18.313 14.415 79.798 81.327 14.098 2.915 20.385 21.957 79.578 11.262 84.633 85.137 15.870 14.310 8.278 11.890 14.782 17.092 23.063 84.298 21.397 4.542 4.797 30.935 16.817 14.435 85.005 19.883 13.222 12.707 85.353 15.108 85.772 14.177 10.073 21.605 13.962 84.698 10.110 13.132 13.220 13.328 12.710 12.313 30.040 14.387 13.147 19.872 9.880 21.637 10.865 10.293 10.662 11.413 28.593 70.782 20.497 21.418 26.173 14.887 14.808 22.107 10.567 13.270 8.748 15.120 0.000 0.783 84.903 7.073 8.333 16.220 8.953 11.235 14.292 10.363 13.700 13.150
8.557 84.530 84.530 27.928 27.928 20.613 84.870 17.530 13.632 79.015 80.543 13.315 2.132 19.602 21.173 78.795 10.478 83.850 84.353 15.087 13.527 7.495 11.107 13.998 16.308 22.280 83.515 20.613 3.758 4.013 30.152 16.033 13.652 84.222 19.100 12.438 11.923 84.570 14.325 84.988 13.393 9.290 20.822 13.178 83.915 9.327 12.348 12.437 12.545 11.927 11.530 29.257 13.603 12.363 19.088 9.097 20.853 10.082 9.510 9.878 10.630 27.810 69.998 19.713 20.635 25.390 14.103 14.025 21.323 9.783 12.487 7.965 14.337 0.735 0.000 84.120 6.290 7.550 15.437 8.170 10.452 13.508 9.580 12.917 12.367
83.220 1.593 1.593 82.510 82.510 94.783 2.472 91.700 90.348 7.400 8.157 87.485 83.710 71.407 68.060 5.435 86.622 1.947 2.330 89.257 90.405 80.835 87.448 88.168 90.478 67.778 1.492 69.305 83.223 83.477 72.350 92.750 87.822 1.762 71.827 86.608 86.093 2.540 88.495 2.067 87.563 82.630 75.403 87.348 2.012 85.783 86.518 86.607 85.885 86.097 85.700 71.072 87.773 89.080 71.000 86.183 72.658 83.422 88.883 87.067 90.587 69.625 21.073 69.245 67.628 79.972 90.287 88.195 75.905 83.123 91.140 84.148 88.507 84.858 84.123 0.000 88.473 80.890 89.607 81.510 84.457 87.678 84.373 91.570 86.537
9.350 88.853 88.853 32.252 32.252 24.937 89.193 21.853 14.998 83.338 84.867 15.443 7.583 23.925 25.497 83.118 11.272 88.173 88.677 19.248 14.978 11.598 12.098 18.322 20.632 26.603 87.838 24.937 9.210 9.465 34.475 17.400 17.975 88.545 23.423 16.138 16.247 88.893 17.307 89.312 16.030 12.405 25.145 16.282 88.238 10.120 16.672 16.760 13.407 16.250 15.853 33.580 16.722 13.730 23.412 9.890 25.177 11.538 10.962 11.330 11.987 32.133 74.322 24.037 24.958 29.713 14.897 18.348 25.647 12.898 13.938 8.758 18.660 7.000 6.265 88.443 0.000 11.402 19.250 12.273 11.245 16.145 10.373 14.368 15.327
2.330 83.795 83.795 27.193 27.193 19.675 84.135 16.460 9.458 78.280 79.808 9.943 7.942 18.867 20.438 78.060 5.732 83.115 83.618 13.748 9.515 3.567 6.558 13.040 15.238 21.545 82.780 19.878 7.455 7.708 29.800 11.860 13.590 83.487 18.365 10.638 11.193 83.835 11.807 84.253 10.530 5.362 20.087 10.782 83.180 4.893 11.390 11.478 6.387 11.708 10.572 28.522 11.222 8.190 18.353 5.293 20.118 4.518 7.993 6.177 9.697 27.075 69.263 18.978 19.900 24.655 9.397 13.642 20.588 5.855 10.250 3.258 13.953 9.090 8.355 83.385 10.462 0.000 13.750 4.242 4.225 10.645 3.483 10.680 9.827
14.192 90.447 90.447 33.845 33.845 10.730 90.787 7.515 14.583 84.932 86.460 6.820 13.845 25.518 27.090 84.712 12.837 89.767 90.270 2.077 11.033 11.807 13.663 4.745 6.293 28.197 89.432 26.530 13.358 13.612 30.283 12.927 6.398 90.138 25.017 7.840 7.370 90.487 6.402 90.905 6.308 13.602 26.738 6.958 89.832 11.487 4.388 4.942 16.857 4.707 4.845 30.528 7.108 13.315 25.005 14.292 26.770 14.393 15.098 13.282 12.658 29.808 75.915 25.630 26.552 31.307 8.372 3.123 27.240 14.095 11.693 11.483 2.755 14.993 14.258 90.037 18.608 11.862 0.000 12.482 15.428 6.423 15.345 14.583 6.003
3.572 82.918 82.918 26.317 26.317 19.675 83.258 16.592 12.288 77.403 78.932 12.377 7.065 17.990 19.562 77.183 8.562 82.238 82.742 14.148 12.345 1.080 9.388 13.060 15.370 20.668 81.903 19.002 6.578 6.832 28.923 14.690 12.713 82.610 17.488 11.500 10.985 82.958 13.387 83.377 12.455 2.875 19.210 12.240 82.303 7.723 11.410 11.498 6.130 10.988 10.592 27.645 12.665 11.020 17.477 8.123 19.242 3.667 10.823 9.007 12.527 26.198 68.387 18.102 19.023 23.778 12.227 13.087 19.712 3.368 13.080 6.088 13.398 8.213 7.478 82.508 11.828 2.830 14.498 0.000 4.732 12.570 5.408 13.510 11.428
1.990 84.397 84.397 27.795 27.795 21.153 84.737 18.070 12.275 78.882 80.410 12.720 8.543 19.468 21.040 78.662 8.548 83.717 84.220 15.627 12.332 3.538 9.375 14.538 16.848 22.147 83.382 20.480 8.057 8.310 30.402 14.677 14.192 84.088 18.967 12.978 12.463 84.437 14.583 84.855 13.307 4.007 20.688 13.558 83.782 7.397 12.888 12.977 2.677 12.467 12.070 29.123 13.998 11.007 18.955 6.605 20.720 3.140 10.810 8.993 12.513 27.677 69.865 19.580 20.502 25.257 12.173 14.565 21.190 4.500 13.067 6.035 14.877 9.692 8.957 83.987 11.773 3.708 15.977 4.512 0.000 13.422 3.827 13.497 12.603
11.280 88.698 88.698 32.097 32.097 12.093 89.038 8.878 11.333 83.183 84.712 4.368 12.097 23.770 25.342 82.963 9.587 88.018 88.522 6.167 7.783 10.058 10.413 4.840 7.657 26.448 87.683 24.782 11.610 11.863 28.535 9.677 7.200 88.390 23.268 5.388 4.918 88.738 2.770 89.157 0.292 11.853 24.990 4.507 88.083 8.237 3.190 3.278 15.108 3.508 2.258 28.780 4.657 10.065 23.257 11.042 25.022 12.645 11.848 10.032 9.408 28.060 74.167 23.882 24.803 29.558 5.122 5.442 25.492 12.347 8.443 8.233 5.753 13.245 12.510 88.288 16.142 10.113 6.168 10.733 13.175 0.000 12.303 11.333 3.552
1.795 85.240 85.240 28.638 28.638 20.958 85.580 17.743 10.782 79.725 81.253 11.227 9.387 20.312 21.883 79.505 7.055 84.560 85.063 15.032 10.838 4.382 7.882 14.323 16.522 22.990 84.225 21.323 8.900 9.153 31.245 13.183 15.035 84.932 19.810 11.922 12.477 85.280 13.090 85.698 11.813 4.850 21.532 12.065 84.625 5.903 12.673 12.762 5.852 12.992 11.855 29.967 12.505 9.513 19.798 4.590 21.563 3.983 9.317 7.500 11.020 28.520 70.708 20.423 21.345 26.100 10.680 14.925 22.033 5.343 11.573 4.542 15.237 10.383 9.648 84.830 10.280 4.552 15.033 5.355 3.690 11.928 0.000 12.003 11.110
12.647 93.717 93.717 37.115 37.115 18.765 94.057 16.507 12.010 88.202 89.730 12.888 16.118 28.788 30.360 87.982 8.325 93.037 93.540 15.073 5.532 13.488 6.200 14.243 16.230 31.467 92.702 29.800 17.377 17.630 37.010 10.758 16.603 93.408 28.287 13.908 13.438 93.757 13.132 94.175 11.855 15.283 30.008 13.027 93.102 9.023 12.593 12.682 16.703 12.912 11.775 37.255 13.177 10.742 28.275 12.408 30.040 14.835 6.890 6.463 3.713 36.535 79.185 28.900 29.822 34.577 11.670 14.845 30.510 15.777 3.938 10.153 15.157 15.535 14.800 93.307 13.440 13.292 15.075 14.163 14.542 11.970 13.670 0.000 12.072
10.535 86.790 86.790 30.188 30.188 12.775 87.130 9.560 11.395 81.275 82.803 1.585 10.188 21.862 23.433 81.055 8.867 86.110 86.613 5.703 7.845 8.150 9.693 4.040 8.338 24.540 85.775 22.873 9.702 9.955 26.627 9.738 6.115 86.482 21.360 1.837 1.367 86.830 4.367 87.248 3.435 9.945 23.082 1.108 86.175 7.517 2.390 2.478 13.200 2.708 1.572 26.872 2.008 10.127 21.348 10.322 23.113 10.737 11.128 9.312 9.470 26.152 72.258 21.973 22.895 27.650 4.520 4.642 23.583 10.438 8.505 7.513 4.953 11.337 10.602 86.380 14.952 8.205 6.053 8.825 11.772 3.550 11.583 11.395 0.000
0.0000 106.8860 106.8860 20.9221 20.9221 17.3613 107.3988 14.5340 5.5555 101.8147 102.4268 7.4457 5.5196 19.0048 20.8734 102.3550 4.5098 107.1624 107.5675 10.0822 6.8339 1.5250 5.0761 10.3827 13.7794 21.2811 106.9509 19.9981 5.4542 5.5751 30.8745 9.2819 9.8784 107.6756 17.9746 7.9216 8.8733 107.6430 8.0508 108.0083 7.8195 1.3569 19.8747 8.0004 107.2797 2.9325 9.6819 9.4454 1.5260 9.1749 9.1062 30.4547 8.0824 5.2282 18.8131 2.3411 19.6220 0.7260 5.8242 4.6017 7.7734 29.3585 91.3503 19.3046 20.7706 20.9474 6.6599 10.9209 20.1646 1.5084 7.6951 2.6405 10.6855 6.6929 6.4068 106.7063 5.9789 1.5778 10.0961 1.8328 0.7619 7.8353 0.8107 7.1765 7.7962
107.0414 0.0000 0.0000 93.9010 93.9010 118.2901 0.9085 115.4629 110.9864 5.8217 5.6790 110.9411 107.7468 89.0979 85.9173 4.5310 109.9407 1.0353 1.4404 111.8921 112.2648 105.4125 110.5070 111.3116 114.7082 85.1704 0.8238 86.8878 107.6814 107.8024 86.1175 114.7128 110.8072 0.9633 89.0666 109.9127 109.8021 1.2482 110.8564 1.0260 110.7834 106.0506 92.8536 110.3707 1.1526 108.6521 110.6107 110.3743 107.1353 110.1038 110.0350 85.6976 110.6658 110.6591 88.9062 108.7139 89.7151 106.5673 111.2550 110.0325 113.2042 84.6014 19.7118 87.0690 85.8146 93.9263 112.0952 111.8498 93.1435 106.2021 113.1260 108.0758 111.6144 108.9201 108.6340 0.4266 111.5126 105.5179 111.6650 105.4730 107.2162 110.7993 107.5041 112.6074 110.2749
107.0414 0.0000 0.0000 93.9010 93.9010 118.2901 0.9085 115.4629 110.9864 5.8217 5.6790 110.9411 107.7468 89.0979 85.9173 4.5310 109.9407 1.0353 1.4404 111.8921 112.2648 105.4125 110.5070 111.3116 114.7082 85.1704 0.8238 86.8878 107.6814 107.8024 86.1175 114.7128 110.8072 0.9633 89.0666 109.9127 109.8021 1.2482 110.8564 1.0260 110.7834 106.0506 92.8536 110.3707 1.1526 108.6521 110.6107 110.3743 107.1353 110.1038 110.0350 85.6976 110.6658 110.6591 88.9062 108.7139 89.7151 106.5673 111.2550 110.0325 113.2042 84.6014 19.7118 87.0690 85.8146 93.9263 112.0952 111.8498 93.1435 106.2021 113.1260 108.0758 111.6144 108.9201 108.6340 0.4266 111.5126 105.5179 111.6650 105.4730 107.2162 110.7993 107.5041 112.6074 110.2749
22.4366 94.8807 94.8807 0.0000 0.0000 33.6854 95.3934 30.8581 26.3816 89.8094 90.4214 26.3364 23.1420 8.5562 10.4247 90.3497 25.3359 95.1571 95.5622 27.2874 27.6601 20.8077 25.9022 26.7068 30.1035 10.8324 94.9456 9.5495 23.0766 23.1976 18.8692 30.1080 26.2024 95.6703 7.5259 25.3079 25.1974 95.6377 26.2516 96.0029 26.1787 21.4458 2.1344 25.7660 95.2744 24.0474 26.0060 25.7695 22.5306 25.4990 25.4303 18.4493 26.0611 26.0543 8.3645 24.1092 9.1734 21.9625 26.6503 25.4278 28.5995 17.3532 79.3449 8.8559 10.3220 0.6781 27.4905 27.2450 1.2086 21.5973 28.5212 23.4711 27.0096 24.3153 24.0293 94.7010 26.9078 20.9132 27.0602 20.8682 22.6114 26.1945 22.8993 28.0026 25.6701
22.4366 94.8807 94.8807 0.0000 0.0000 33.6854 95.3934 30.8581 26.3816 89.8094 90.4214 26.3364 23.1420 8.5562 10.4247 90.3497 25.3359 95.1571 95.5622 27.2874 27.6601 20.8077 25.9022 26.7068 30.1035 10.8324 94.9456 9.5495 23.0766 23.1976 18.8692 30.1080 26.2024 95.6703 7.5259 25.3079 25.1974 95.6377 26.2516 96.0029 26.1787 21.4458 2.1344 25.7660 95.2744 24.0474 26.0060 25.7695 22.5306 25.4990 25.4303 18.4493 26.0611 26.0543 8.3645 24.1092 9.1734 21.9625 26.6503 25.4278 28.5995 17.3532 79.3449 8.8559 10.3220 0.6781 27.4905 27.2450 1.2086 21.5973 28.5212 23.4711 27.0096 24.3153 24.0293 94.7010 26.9078 20.9132 27.0602 20.8682 22.6114 26.1945 22.8993 28.0026 25.6701
17.6725 119.7899 119.7899 33.8259 33.8259 0.0000 120.3027 6.2803 12.3646 114.7186 115.3306 10.1373 18.1931 31.9087 33.7772 115.2589 13.3038 120.0663 120.4714 6.7719 11.2811 16.0436 13.1163 7.3624 5.5257 34.1850 119.8548 32.9020 18.1277 18.2487 36.1420 12.2309 9.0645 120.5795 30.8784 10.6533 10.5428 120.5469 8.1893 120.9121 8.5287 16.6817 32.7786 9.9877 120.1836 13.2405 8.3349 8.4732 17.7664 8.4846 8.8675 37.0866 9.8620 12.0373 31.7170 14.6459 32.5259 17.1984 13.2519 13.3414 12.3323 36.6968 104.2542 32.2085 33.6745 33.8513 10.1545 6.8986 33.0684 16.8332 11.4550 12.8430 7.1030 19.3664 19.0803 119.6102 18.0550 16.1490 6.7858 16.1041 17.8473 8.5445 18.1352 12.0232 9.7836
107.5542 0.9085 0.9085 94.4138 94.4138 118.8029 0.0000 115.9756 111.4992 6.3344 6.1918 111.4539 108.2596 89.6107 86.4301 5.0438 110.4535 0.2958 1.2806 112.4049 112.7776 105.9253 111.0198 111.8244 115.2210 85.6831 0.6376 87.4006 108.1942 108.3151 86.6302 115.2256 111.3200 0.3809 89.5794 110.4255 110.3149 0.6657 111.3692 0.6405 111.2962 106.5634 93.3664 110.8835 0.5518 109.1649 111.1235 110.8870 107.6481 110.6166 110.5478 86.2104 111.1786 111.1718 89.4189 109.2267 90.2278 107.0801 111.7678 110.5453 113.7170 85.1142 20.2246 87.5818 86.3273 94.4391 112.6080 112.3626 93.6562 106.7149 113.6388 108.5886 112.1271 109.4329 109.1468 0.7288 112.0254 106.0307 112.1777 105.9858 107.7290 111.3120 108.0169 113.1202 110.7876
14.0572 116.1746 116.1746 30.2106 30.2106 5.4645 116.6873 0.0000 9.0001 111.1033 111.7153 6.5707 14.5778 28.2934 30.1619 111.6436 10.7558 116.4509 116.8561 3.1566 7.9140 12.4283 11.3221 3.7958 1.5188 30.5697 116.2394 29.2867 14.5124 14.6333 32.5267 9.2994 5.4979 116.9641 27.2631 7.0867 6.9762 116.9316 4.6227 117.2968 4.9621 13.0663 29.1633 6.4211 116.5682 9.6739 4.7683 4.9066 14.1511 4.9180 5.3009 33.4713 6.2954 8.6728 28.1017 11.0793 28.9106 13.5831 12.0701 10.8476 8.6053 33.0815 100.6388 28.5931 30.0592 30.2359 6.5879 3.2833 29.4531 13.2178 7.7281 9.2764 3.4877 15.7511 15.4650 115.9949 18.3436 12.5337 3.1705 12.4888 14.2320 4.9779 14.5198 8.3314 6.2169
6.5199 112.4965 112.4965 26.5326 26.5326 10.5567 113.0093 8.9822 0.0000 107.4252 108.0373 8.3163 9.8253 24.6154 26.4839 107.9656 2.6949 112.7729 113.1780 9.3646 3.0342 7.5605 2.9941 8.9740 8.4088 26.8916 112.5614 25.6087 11.0647 11.1857 33.5632 5.4821 10.7798 113.2861 23.5851 8.7711 8.6175 113.2536 7.3332 113.6188 7.1019 8.1986 25.4853 8.1667 112.8902 3.8914 8.2731 8.0367 8.0459 8.5012 7.6975 36.0652 8.0410 0.3914 24.4236 5.8102 25.2325 7.2459 3.7421 2.7325 4.7424 34.9691 96.9608 24.9151 26.3812 26.5579 6.8285 10.0739 25.7751 8.3501 4.7416 4.8005 9.8385 9.5662 9.2801 112.3169 6.8141 7.2331 9.3784 7.6210 7.2818 7.1177 6.5160 4.2230 7.9625
101.9701 5.8217 5.8217 88.8297 88.8297 113.2189 6.3344 110.3916 105.9151 0.0000 0.7345 105.8699 102.6755 84.0266 80.8460 1.2907 104.8694 6.0980 6.5032 106.8208 107.1935 100.3412 105.4357 106.2403 109.6369 80.0991 5.8866 81.8165 102.6101 102.7311 81.0462 109.6415 105.7359 6.6112 83.9953 104.8414 104.7308 6.5787 105.7851 6.9439 105.7122 100.9793 87.7823 105.2995 6.2154 103.5808 105.5394 105.3030 102.0640 105.0325 104.9637 80.6263 105.5945 105.5878 83.8349 103.6426 84.6438 101.4960 106.1838 104.9612 108.1329 79.5301 14.6405 81.9977 80.7433 88.8550 107.0240 106.7785 88.0722 101.1308 108.0547 103.0045 106.5431 103.8488 103.5627 5.6420 106.4413 100.4466 106.5937 100.4017 102.1449 105.7280 102.4328 107.5361 105.2036
102.5822 5.6272 5.6272 89.4417 89.4417 113.8309 6.1399 111.0036 106.5271 0.7345 0.0000 106.4819 103.2876 84.6387 81.4581 1.0962 105.4814 5.9035 6.3087 107.4329 107.8056 100.9533 106.0478 106.8524 110.2490 80.7111 5.6921 82.4286 103.2222 103.3431 81.6582 110.2536 106.3480 6.4167 84.6074 105.4535 105.3429 6.3842 106.3971 6.7494 106.3242 101.5913 88.3944 105.9115 6.0209 104.1929 106.1515 105.9150 102.6761 105.6445 105.5758 81.2383 106.2066 106.1998 84.4469 104.2547 85.2558 102.1081 106.7958 105.5733 108.7450 80.1422 15.2526 82.6097 81.3553 89.4671 107.6360 107.3906 88.6842 101.7428 108.6668 103.6166 107.1551 104.4608 104.1748 5.4475 107.0534 101.0587 107.2057 101.0138 102.7570 106.3400 103.0448 108.1482 105.8156
7.4209 111.2785 111.2785 25.3146 25.3146 9.3980 111.7913 6.5707 8.4090 106.2072 106.8193 0.0000 9.6818 23.3974 25.2659 106.7476 6.3876 111.5549 111.9600 3.8999 7.3230 7.5322 6.9540 2.7577 5.8161 25.6736 111.3434 24.3907 9.6164 9.7373 27.3674 8.7084 4.5634 112.0681 22.3671 1.3929 1.1804 112.0356 2.3025 112.4008 2.2295 8.1703 24.2673 0.7295 111.6722 5.3058 2.0568 1.8203 9.2551 2.2849 1.4811 28.3120 1.0100 8.0817 23.2056 6.7112 24.0145 8.6871 7.7020 6.4795 8.0143 27.9222 95.7428 23.6971 25.1632 25.3399 2.4670 3.8576 24.5571 8.3218 7.1370 4.9082 3.6221 10.8550 10.5690 111.0989 10.2470 7.6377 3.6727 7.5927 8.1828 2.2453 7.4170 7.7403 0.5254
7.1987 108.0260 108.0260 22.0621 22.0621 18.1889 108.5388 15.3616 9.1851 102.9547 103.5668 10.8399 0.0000 20.1449 22.0134 103.4951 8.0661 108.3024 108.7075 11.7909 10.5188 5.5699 9.3707 11.2104 14.6070 22.4211 108.0909 21.1382 1.5902 1.8264 30.6794 12.9115 10.7060 108.8156 19.1146 9.8115 9.7009 108.7831 10.7552 109.1483 10.6822 6.2079 21.0148 10.2695 108.4197 6.4888 10.5095 10.2731 7.2927 10.0026 9.9338 31.5947 10.5646 8.8577 19.9531 6.2127 20.7620 6.7247 8.0145 8.0858 9.8381 30.4986 92.4903 20.4446 21.9107 22.0874 10.2163 11.7486 21.3046 6.3594 10.4199 6.1969 11.5132 1.2532 0.9672 107.8464 4.3102 5.6753 11.5638 5.6303 7.3736 10.6981 7.6614 9.9013 10.1737
20.2465 89.0280 89.0280 8.6975 8.6975 31.4952 89.5408 28.6680 24.1915 83.9567 84.5688 24.1463 20.9519 0.0000 3.9950 84.4970 23.1458 89.3044 89.7095 25.0972 25.4699 18.6176 23.7121 24.5167 27.9133 4.4027 89.0929 3.1198 20.8865 21.0075 12.4912 27.9179 24.0123 89.8176 0.8482 23.1178 23.0072 89.7851 24.0615 90.1503 23.9886 19.2557 7.6501 23.5759 89.4217 21.8572 23.8158 23.5794 20.3404 23.3089 23.2401 12.0713 23.8709 23.8642 1.9347 21.9190 0.7362 19.7724 24.4602 23.2376 26.4093 10.9752 73.4923 2.4262 3.8923 8.7228 25.3004 25.0549 7.9400 19.4072 26.3311 21.2809 24.8195 22.1252 21.8391 88.8483 24.7177 18.7230 24.8701 18.6781 20.4213 24.0044 20.7092 25.8125 23.4800
21.6483 86.4286 86.4286 10.0993 10.0993 32.8971 86.9414 30.0698 25.5933 81.3573 81.9693 25.5481 22.3537 3.5458 0.0000 81.8976 24.5476 86.7050 87.1101 26.4991 26.8718 20.0194 25.1140 25.9186 29.3152 1.8033 86.4935 1.3357 22.2883 22.4093 9.8917 29.3197 25.4142 87.2182 3.5145 24.5197 24.4091 87.1856 25.4633 87.5508 25.3904 20.6575 9.0520 24.9777 86.8223 23.2591 25.2177 24.9812 21.7423 24.7107 24.6420 9.4719 25.2728 25.2660 3.3541 23.3209 4.1630 21.1742 25.8620 24.6395 27.8112 8.3757 70.8929 1.5169 1.2928 10.1246 26.7022 26.4567 9.3418 20.8090 27.7329 22.6828 26.2213 23.5270 23.2410 86.2489 26.1196 20.1249 26.2719 20.0799 21.8232 25.4062 22.1110 27.2143 24.8818
102.5104 4.5310 4.5310 89.3700 89.3700 113.7592 5.0438 110.9319 106.4554 1.2907 1.1480 106.4102 103.2158 84.5669 81.3863 0.0000 105.4097 4.8074 5.2125 107.3612 107.7339 100.8815 105.9760 106.7806 110.1772 80.6394 4.5959 82.3568 103.1504 103.2714 81.5865 110.1818 106.2762 5.3206 84.5356 105.3817 105.2712 5.2880 106.3254 5.6532 106.2525 101.5196 88.3226 105.8398 4.9247 104.1212 106.0797 105.8433 102.6044 105.5728 105.5041 81.1666 106.1349 106.1281 84.3752 104.1830 85.1841 102.0363 106.7241 105.5016 108.6733 80.0705 15.1808 82.5380 81.2836 89.3953 107.5643 107.3188 88.6125 101.6711 108.5950 103.5449 107.0834 104.3891 104.1031 4.3513 106.9816 100.9870 107.1340 100.9420 102.6852 106.2683 102.9731 108.0764 105.7439
5.3075 111.2842 111.2842 25.3202 25.3202 11.7542 111.7970 9.8267 3.1833 106.2129 106.8250 8.3933 9.9178 23.4030 25.2716 106.7532 0.0000 111.5606 111.9657 10.2091 3.4394 6.3482 0.7215 9.8186 9.2534 25.6793 111.3491 24.3963 9.8524 9.9733 35.2727 6.9097 11.6244 112.0738 22.3727 8.8692 9.3988 112.0412 8.1778 112.4064 7.9465 6.9862 24.2729 8.9480 111.6779 2.6790 9.1177 8.8813 6.8335 9.3458 8.5421 34.8528 9.0301 2.8560 23.2113 4.5979 24.0202 6.0335 1.4695 1.0027 3.3413 33.7567 95.7485 23.7028 25.1688 25.3456 7.6076 10.9185 24.5627 7.1377 3.3405 3.5882 10.6831 9.1937 8.9077 111.1045 6.4416 6.0208 10.2230 6.4086 6.0694 7.9623 5.3036 2.8219 8.7439
107.3178 1.0353 1.0353 94.1774 94.1774 118.5665 0.2958 115.7392 111.2628 6.0980 5.9554 111.2175 108.0232 89.3743 86.1937 4.8074 110.2171 0.0000 1.0442 112.1685 112.5412 105.6889 110.7834 111.5880 114.9846 85.4468 0.4374 87.1642 107.9578 108.0787 86.3939 114.9892 111.0836 0.7113 89.3430 110.1891 110.0785 0.6788 111.1328 1.0440 111.0598 106.3270 93.1300 110.6471 0.3155 108.9285 110.8871 110.6507 107.4117 110.3802 110.3114 85.9740 110.9422 110.9354 89.1826 108.9903 89.9915 106.8437 111.5314 110.3089 113.4806 84.8778 19.9882 87.3454 86.0910 94.2027 112.3716 112.1262 93.4198 106.4785 113.4024 108.3522 111.8908 109.1965 108.9104 0.8556 111.7890 105.7943 111.9414 105.7494 107.4926 111.0756 107.7805 112.8838 110.5512
107.7229 1.4404 1.4404 94.5825 94.5825 118.9716 1.2373 116.1444 111.6679 6.5032 6.3605 111.6226 108.4283 89.7794 86.5988 5.2125 110.6222 1.0442 0.0000 112.5736 112.9463 106.0940 111.1885 111.9931 115.3897 85.8519 0.6601 87.5693 108.3629 108.4839 86.7990 115.3943 111.4887 0.8564 89.7481 110.5942 110.4836 0.8239 111.5379 1.1891 111.4649 106.7321 93.5351 111.0522 0.8233 109.3336 111.2922 111.0558 107.8168 110.7853 110.7165 86.3791 111.3473 111.3406 89.5877 109.3954 90.3966 107.2488 111.9365 110.7140 113.8857 85.2829 20.3933 87.7505 86.4961 94.6078 112.7767 112.5313 93.8250 106.8836 113.8075 108.7573 112.2959 109.6016 109.3155 1.2607 112.1941 106.1994 112.3465 106.1545 107.8977 111.4808 108.1856 113.2889 110.9564
10.3668 112.4842 112.4842 26.5202 26.5202 6.0704 112.9970 3.2431 9.3781 107.4129 108.0249 3.8999 10.8874 24.6030 26.4715 107.9532 9.0242 112.7606 113.1657 0.0000 8.2920 8.7379 9.5905 1.7622 2.4884 26.8793 112.5491 25.5963 10.8220 10.9430 28.5730 9.6774 2.8271 113.2738 23.5727 4.3547 4.2011 113.2412 2.8404 113.6064 3.2305 9.3760 25.4729 3.7503 112.8779 7.9423 2.0975 2.2358 10.4607 2.3255 2.6301 29.5177 3.6246 9.0507 24.4113 9.3477 25.2202 9.8927 10.3386 9.1160 8.9833 29.1279 96.9484 24.9028 26.3688 26.5456 4.8563 0.4923 25.7627 9.5275 8.1061 7.5448 0.5825 12.0607 11.7746 112.3045 14.6532 8.8433 0.4881 8.7984 10.5416 3.2463 10.8295 8.7094 3.5462
8.2023 114.1789 114.1789 28.2150 28.2150 9.2977 114.6917 7.3702 2.1105 109.1076 109.7197 6.7044 11.5077 26.2977 28.1663 109.6479 4.3773 114.4553 114.8604 7.7526 0.0000 9.2429 3.1620 7.3621 6.7969 28.5740 114.2438 27.2910 12.7471 12.8681 31.9513 4.6325 9.1679 114.9685 25.2675 7.1592 7.0056 114.9360 5.7213 115.3012 5.4900 9.8810 27.1676 6.5548 114.5726 5.5737 6.6612 6.4248 9.7282 6.8893 6.0856 32.8959 6.4290 1.7832 26.1060 7.4926 26.9149 8.9282 3.2977 3.4433 3.0459 32.5062 98.6432 26.5975 28.0636 28.2403 5.2166 8.4620 27.4575 10.0325 2.1686 6.4829 8.2266 11.2486 10.9625 113.9992 8.4964 8.9155 7.7665 9.3034 8.9642 5.5058 8.1984 2.0851 6.3506
1.5061 105.9775 105.9775 20.0135 20.0135 16.4528 106.4903 13.6255 6.5648 100.9062 101.5182 9.1038 4.6111 18.0963 19.9649 101.4465 5.5191 106.2539 106.6590 10.0548 7.8433 0.0000 6.0854 9.4742 12.8708 20.3726 106.0424 19.0896 4.5457 4.6666 29.9660 10.2912 8.9698 106.7671 17.0660 8.0753 7.9647 106.7345 9.0190 107.0997 8.9461 0.6381 18.9662 8.5334 106.3712 4.2306 8.7733 8.5369 1.7228 8.2664 8.1976 29.5461 8.8284 6.2375 17.9046 3.8471 18.7135 1.1548 6.8335 5.6110 8.7827 28.4500 90.4418 18.3961 19.8621 20.0389 7.6737 10.0124 19.2560 0.7896 8.7044 3.6543 9.7770 5.7843 5.4983 105.7978 8.3769 1.0964 9.8276 0.3079 1.8726 8.9619 2.3167 8.1858 8.4375
5.8602 111.8369 111.8369 25.8730 25.8730 11.6708 112.3497 9.7433 4.0342 106.7656 107.3777 8.9460 9.5265 23.9557 25.8243 107.3059 2.5636 112.1133 112.5184 10.1257 3.3559 6.9009 0.0000 9.7351 9.1699 26.2320 111.9018 24.9490 10.4051 10.5260 35.8254 7.0055 11.5409 112.6265 22.9255 9.4220 9.3786 112.5939 8.0943 112.9592 7.8630 7.5390 24.8256 8.9278 112.2306 3.2317 9.0343 8.7978 7.3862 9.2623 8.4586 35.4056 8.8021 3.7069 23.7640 5.1506 24.5729 6.5862 0.8503 1.5554 3.7328 34.3094 96.3012 24.2555 25.7215 25.8983 7.5896 10.8350 25.1155 7.6904 3.2570 4.1409 10.5996 9.2673 8.9813 111.6572 6.5152 6.5735 10.1395 6.9614 6.6221 7.8788 5.8563 2.7384 8.7236
9.7722 111.8896 111.8896 25.9257 25.9257 6.6231 112.4024 3.7958 8.9877 106.8183 107.4304 2.7577 10.2929 24.0085 25.8770 107.3586 8.7721 112.1660 112.5711 1.7622 7.9016 8.1433 10.2261 0.0000 3.0411 26.2847 111.9545 25.0018 10.2275 10.3484 27.9785 9.2870 2.4258 112.6792 22.9782 3.2125 3.0589 112.6467 1.6982 113.0119 2.2363 8.7814 24.8784 2.6081 112.2833 7.6902 0.9553 1.0936 9.8662 1.1833 1.4879 28.9231 2.4824 8.6604 23.8167 9.0957 24.6256 9.2981 10.9741 8.8640 8.5929 28.5333 96.3539 24.3082 25.7743 25.9510 4.4652 1.7199 25.1682 8.9329 7.7157 7.2927 1.4845 11.4661 11.1801 111.7100 14.0587 8.2488 1.5351 8.2038 9.9471 2.2521 10.2349 8.3190 2.4039
13.3025 115.4199 115.4199 29.4560 29.4560 4.4981 115.9327 1.5188 10.3550 110.3486 110.9607 5.8161 13.8232 27.5388 29.4073 110.8889 10.0011 115.6963 116.1014 2.4020 9.2690 11.6736 10.5675 3.0411 0.0000 29.8150 115.4848 28.5320 13.7578 13.8787 31.7720 10.6544 4.7433 116.2095 26.5085 6.3321 6.2215 116.1770 3.8681 116.5422 4.2074 12.3117 28.4087 5.6665 115.8136 8.9193 4.0136 4.1520 13.3965 4.1634 4.5462 32.7167 5.5407 10.0277 27.3470 10.3247 28.1559 12.8284 11.3155 10.0930 9.9603 32.3269 99.8842 27.8385 29.3046 29.4813 5.8332 2.5287 28.6985 12.4632 9.0830 8.5217 2.7331 14.9964 14.7104 115.2403 17.5890 11.7791 2.4159 11.7341 13.4774 4.2232 13.7652 9.6863 5.4623
22.3681 85.1184 85.1184 10.8190 10.8190 33.6168 85.6312 30.7895 26.3130 80.0471 80.6592 26.2678 23.0735 4.2655 1.0849 80.5874 25.2673 85.3948 85.7999 27.2188 27.5915 20.7392 25.8337 26.6383 30.0349 0.0000 85.1833 2.0554 23.0081 23.1290 8.5816 30.0395 26.1339 85.9080 4.2342 25.2394 25.1288 85.8755 26.1830 86.2407 26.1101 21.3772 9.7717 25.6974 85.5121 23.9788 25.9374 25.7009 22.4620 25.4304 25.3617 8.1617 25.9925 25.9857 4.0738 24.0406 4.8827 21.8940 26.5817 25.3592 28.5309 7.0656 69.5827 2.2366 0.9822 10.8444 27.4219 27.1765 10.0615 21.5287 28.4527 23.4025 26.9410 24.2467 23.9607 84.9388 26.8393 20.8446 26.9916 20.7997 22.5429 26.1259 22.8307 27.9341 25.6015
107.1063 0.8238 0.8238 93.9659 93.9659 118.3550 0.6376 115.5277 111.0513 5.8866 5.7439 111.0060 107.8117 89.1628 85.9822 4.5959 110.0056 0.4374 0.6601 111.9570 112.3297 105.4774 110.5719 111.3765 114.7731 85.2353 0.0000 86.9527 107.7463 107.8673 86.1824 114.7777 110.8721 0.9506 89.1315 109.9776 109.8670 0.9181 110.9213 1.2833 110.8483 106.1155 92.9185 110.4356 0.5547 108.7170 110.6756 110.4392 107.2002 110.1687 110.0999 85.7625 110.7307 110.7240 88.9711 108.7788 89.7800 106.6322 111.3199 110.0974 113.2691 84.6663 19.7767 87.1339 85.8795 93.9912 112.1601 111.9147 93.2084 106.2670 113.1909 108.1407 111.6793 108.9850 108.6989 0.6441 111.5775 105.5828 111.7299 105.5379 107.2811 110.8642 107.5690 112.6723 110.3397
21.2423 86.8210 86.8210 9.6932 9.6932 32.4910 87.3338 29.6637 25.1872 81.7497 82.3618 25.1420 21.9477 2.4220 1.7880 82.2901 24.1415 87.0974 87.5025 26.0930 26.4657 19.6134 24.7079 25.5125 28.9091 2.1958 86.8859 0.0000 21.8823 22.0032 10.2842 28.9137 25.0081 87.6106 3.1084 24.1136 24.0030 87.5781 25.0572 87.9433 24.9843 20.2514 8.6459 24.5716 87.2147 22.8530 24.8116 24.5751 21.3362 24.3046 24.2359 9.8643 24.8667 24.8599 2.9480 22.9148 3.7569 20.7682 25.4559 24.2334 27.4051 8.7682 71.2853 1.1108 1.6853 9.7186 26.2961 26.0506 8.9357 20.4029 27.3269 22.2767 25.8152 23.1209 22.8349 86.6414 25.7135 19.7188 25.8658 19.6739 21.4171 25.0001 21.7049 26.8083 24.4757
7.1923 108.0196 108.0196 22.0557 22.0557 18.1825 108.5324 15.3552 11.3285 102.9483 103.5604 10.8335 1.5902 20.1384 22.0070 103.4886 10.0916 108.2960 108.7011 11.7845 12.6622 5.5634 11.5141 11.2040 14.6006 22.4147 108.0845 21.1317 0.0000 1.8200 30.6730 15.0549 10.6996 108.8092 19.1082 9.8051 9.6945 108.7766 10.7487 109.1419 10.6758 6.2015 21.0083 10.2631 108.4133 8.8031 10.5031 10.2666 7.2863 9.9961 9.9274 31.5883 10.5582 11.0011 19.9467 7.6831 20.7556 6.7182 10.1579 10.2292 11.9815 30.4921 92.4839 20.4382 21.9042 22.0810 12.6569 11.7421 21.2982 6.3530 12.5633 8.2268 11.5067 2.4870 2.2009 107.8399 5.7806 5.6689 11.5573 5.6239 7.3671 10.6916 7.6550 12.0447 10.1672
6.5538 107.3811 107.3811 21.4171 21.4171 17.5440 107.8938 14.7167 10.4988 102.3098 102.9218 10.1950 1.8788 19.4999 21.3684 102.8501 9.4531 107.6574 108.0626 11.1459 11.7772 4.9249 10.0194 10.5654 13.9620 21.7762 107.4460 20.4932 1.8134 0.0000 30.0344 14.2252 10.0610 108.1706 18.4696 9.1665 9.0559 108.1381 10.1102 108.5033 10.0373 5.5629 20.3698 9.6246 107.7747 8.1645 9.8645 9.6281 6.6477 9.3576 9.2888 30.9497 9.9196 10.1714 19.3082 8.2263 20.1171 6.0797 10.2722 9.5449 12.0959 29.8536 91.8453 19.7996 21.2657 21.4424 12.0183 11.1036 20.6596 5.7144 12.6777 7.5882 10.8682 2.7756 2.4895 107.2014 5.8949 5.0303 10.9188 4.9854 6.7286 10.0531 7.0164 12.1590 9.5287
30.9559 87.5138 87.5138 17.8155 17.8155 35.8396 88.0265 33.0123 34.2990 82.4425 83.0545 28.2587 31.6613 12.5021 9.3215 82.9828 33.8552 87.7901 88.1953 29.2097 33.2129 29.3270 34.4216 28.6291 32.2577 8.5746 87.5787 10.2921 31.5959 31.7169 0.0000 34.5984 28.1248 88.3033 12.4708 27.2302 27.1197 88.2708 28.1739 88.6360 28.1010 29.9651 16.7682 27.6883 87.9075 32.5667 27.9283 27.6918 31.0499 27.4213 27.3526 0.8678 27.9834 33.9717 12.3104 32.6285 13.1193 30.4818 35.1696 33.9471 33.9042 1.6699 71.9780 10.4732 9.2188 17.8408 30.0820 29.1673 17.0580 30.1166 33.0270 31.9904 28.9319 32.8346 32.5486 87.3341 35.4272 29.4325 28.9825 29.3875 31.1308 28.1168 31.4186 33.6303 27.5924
8.0594 113.8411 113.8411 27.8772 27.8772 13.6488 114.3539 11.7213 5.5262 108.7698 109.3819 11.0554 8.8354 25.9599 27.8285 109.3101 4.5678 114.1175 114.5226 12.1037 5.4003 8.9051 4.2106 11.7132 11.1479 28.2362 113.9060 26.9532 10.0692 10.3055 38.8974 0.0000 13.5189 114.6307 24.9296 11.4262 11.3566 114.5981 10.0723 114.9633 9.8410 9.4164 26.8298 10.9058 114.2348 5.2359 11.0123 10.7758 9.5854 11.2403 10.4366 37.4097 10.7801 5.1989 25.7682 7.1548 26.5771 8.7854 2.8544 3.5596 4.2668 36.3136 98.3054 26.2597 27.7257 27.9025 9.5676 12.8130 27.1196 9.5679 5.3014 6.1451 12.5776 8.5763 8.2902 113.6614 5.8241 8.5777 12.1176 8.9656 8.8213 9.8568 8.0555 4.7828 10.7017
9.2819 111.3992 111.3992 25.4353 25.4353 8.3252 111.9120 5.4979 10.7077 106.3280 106.9400 4.5634 9.8025 23.5181 25.3866 106.8683 10.1035 111.6756 112.0807 2.8271 9.6217 7.6530 10.6698 2.4258 4.7433 25.7943 111.4641 24.5114 9.7371 9.8580 27.4881 11.0071 0.0000 112.1888 22.4878 3.3310 3.2205 112.1563 3.5039 112.5215 4.0420 8.2910 24.3880 3.7891 111.7929 9.0216 2.4620 2.6004 9.3758 2.1519 3.2936 28.4327 4.2881 10.3804 23.3264 10.4270 24.1353 8.8078 11.4179 10.1954 10.3130 28.0429 95.8635 23.8178 25.2839 25.4606 6.3623 2.7848 24.6778 8.4425 9.4357 8.6241 2.5493 10.9758 10.6897 111.2196 13.5683 7.7584 2.5999 7.7135 9.4567 4.0578 9.7445 10.0390 3.6932
107.8310 0.9633 0.9633 94.6906 94.6906 119.0797 0.3809 116.2524 111.7760 6.6112 6.4686 111.7307 108.5364 89.8875 86.7069 5.3206 110.7303 0.7113 0.8564 112.6817 113.0544 106.2021 111.2966 112.1012 115.4978 85.9599 0.9506 87.6774 108.4710 108.5919 86.9071 115.5024 111.5968 0.0000 89.8562 110.7023 110.5917 0.2848 111.6460 0.3327 111.5730 106.8402 93.6432 111.1603 0.4904 109.4417 111.4003 111.1638 107.9249 110.8934 110.8246 86.4872 111.4554 111.4486 89.6958 109.5035 90.5047 107.3569 112.0446 110.8221 113.9938 85.3910 20.5014 87.8586 86.6042 94.7159 112.8848 112.6394 93.9331 106.9917 113.9156 108.8654 112.4039 109.7097 109.4236 0.9256 112.3022 106.3075 112.4545 106.2626 108.0058 111.5888 108.2937 113.3970 111.0644
20.2152 88.9967 88.9967 8.6662 8.6662 31.4640 89.5095 28.6367 24.1602 83.9254 84.5375 24.1150 20.9206 0.8482 3.9637 84.4657 23.1145 89.2731 89.6782 25.0660 25.4386 18.5863 23.6808 24.4854 27.8820 4.3714 89.0616 3.0885 20.8552 20.9762 12.4599 27.8866 23.9810 89.7863 0.0000 23.0865 22.9760 89.7538 24.0302 90.1190 23.9573 19.2244 7.6189 23.5446 89.3904 21.8260 23.7845 23.5481 20.3092 23.2776 23.2088 12.0400 23.8396 23.8329 1.9034 21.8878 1.4654 19.7411 24.4289 23.2064 26.3780 10.9439 73.4610 2.3949 3.8610 8.6915 25.2691 25.0236 7.9087 19.3759 26.2998 21.2497 24.7882 22.0939 21.8078 88.8171 24.6864 18.6918 24.8388 18.6468 20.3900 23.9731 20.6779 25.7812 23.4487
7.9816 110.0990 110.0990 24.1351 24.1351 9.9315 110.6118 7.1042 8.8639 105.0277 105.6398 1.3929 8.5022 22.2178 24.0864 105.5680 6.8636 110.3754 110.7805 4.4334 7.7778 6.3527 7.4299 3.2125 6.3495 24.4941 110.1639 23.2111 8.4368 8.5578 26.1879 9.1632 3.3485 110.8886 21.1876 0.0000 0.3359 110.8560 2.7573 111.2213 2.6844 6.9908 23.0877 0.9045 110.4927 5.7817 2.5116 2.2752 8.0756 2.6450 1.9359 27.1325 1.1503 8.5365 22.0261 7.1871 22.8350 7.5075 8.1780 6.9554 8.4691 26.7427 94.5633 22.5176 23.9837 24.1604 2.9429 4.3910 23.3776 7.1423 7.5919 5.3842 4.1556 9.6755 9.3895 109.9193 12.2681 6.4582 4.2062 6.4132 8.1564 2.7002 8.4443 8.1952 0.8086
7.8710 109.9884 109.9884 24.0245 24.0245 9.6992 110.5012 6.8719 8.7103 104.9171 105.5292 1.3788 8.3917 22.1073 23.9758 105.4575 7.3932 110.2648 110.6699 4.2011 7.6242 6.2421 7.9595 3.0589 6.1173 24.3835 110.0533 23.1006 8.3263 8.4472 26.0773 9.0096 3.2379 110.7780 21.0770 0.3359 0.0000 110.7455 2.6037 111.1107 2.5308 6.8802 22.9772 0.7509 110.3821 6.3113 2.3580 2.1216 7.9650 2.5344 1.7823 27.0219 0.9967 8.3830 21.9155 7.7167 22.7244 7.3970 8.7076 7.4850 8.3155 26.6321 94.4527 22.4070 23.8731 24.0498 3.0895 4.1588 23.2670 7.0317 7.4383 5.9138 3.9234 9.5649 9.2789 109.8088 12.1575 6.3476 3.9740 6.3026 8.0459 2.5466 8.3337 8.0416 0.6550
107.7984 1.2482 1.2482 94.6580 94.6580 119.0472 0.6657 116.2199 111.7434 6.5787 6.4360 111.6982 108.5038 89.8549 86.6743 5.2880 110.6977 0.6788 0.8239 112.6492 113.0219 106.1695 111.2640 112.0686 115.4653 85.9274 0.9181 87.6448 108.4384 108.5594 86.8745 115.4698 111.5642 0.2848 89.8236 110.6697 110.5592 0.0000 111.6134 0.6175 111.5405 106.8076 93.6107 111.1278 0.4578 109.4092 111.3677 111.1313 107.8924 110.8608 110.7921 86.4546 111.4229 111.4161 89.6632 109.4710 90.4721 107.3243 112.0121 110.7896 113.9613 85.3585 20.4688 87.8260 86.5716 94.6833 112.8523 112.6068 93.9005 106.9591 113.8830 108.8329 112.3714 109.6771 109.3911 1.2105 112.2696 106.2750 112.4220 106.2300 107.9732 111.5563 108.2611 113.3644 111.0319
8.0260 111.4344 111.4344 25.4705 25.4705 7.4500 111.9472 4.6227 7.3467 106.3631 106.9752 2.3025 9.8376 23.5532 25.4218 106.9034 6.9928 111.7108 112.1159 2.8404 6.2606 7.6881 7.5591 1.6982 3.8681 25.8295 111.4993 24.5465 9.7722 9.8932 27.5233 7.6460 3.5039 112.2240 22.5230 2.7573 2.6037 112.1914 0.0000 112.5567 0.6326 8.3262 24.4231 2.1529 111.8281 5.9109 0.9973 1.1357 9.4109 1.2254 1.0326 28.4679 2.0271 7.0194 23.3615 7.3163 24.1704 8.8429 8.3072 7.0847 6.9519 28.0781 95.8987 23.8530 25.3190 25.4958 2.8249 2.7981 24.7130 8.4777 6.0747 5.5134 2.5627 11.0109 10.7249 111.2547 10.8521 7.7936 2.9050 7.7486 8.7879 0.6484 8.0221 6.6780 1.9487
108.1636 0.8690 0.8690 95.0232 95.0232 119.4124 0.6405 116.5851 112.1086 6.9439 6.8012 112.0634 108.8691 90.2202 87.0396 5.6532 111.0629 1.0440 1.1891 113.0144 113.3871 106.5347 111.6293 112.4339 115.8305 86.2926 1.2833 88.0101 108.8037 108.9246 87.2397 115.8350 111.9295 0.3327 90.1889 111.0350 110.9244 0.6175 111.9786 0.0000 111.9057 107.1728 93.9759 111.4930 0.8230 109.7744 111.7330 111.4965 108.2576 111.2260 111.1573 86.8198 111.7881 111.7813 90.0284 109.8362 90.8373 107.6896 112.3773 111.1548 114.3265 85.7237 20.8341 88.1912 86.9368 95.0485 113.2175 112.9720 94.2657 107.3243 114.2483 109.1981 112.7366 110.0423 109.7563 0.8312 112.6349 106.6402 112.7872 106.5952 108.3385 111.9215 108.6263 113.7296 111.3971
7.7947 111.3615 111.3615 25.3975 25.3975 7.7893 111.8742 4.9621 7.1154 106.2902 106.9022 2.2295 9.7647 23.4803 25.3488 106.8305 6.7615 111.6379 112.0430 3.2305 6.0294 7.6152 7.3279 2.2363 4.2074 25.7566 111.4264 24.4736 9.6993 9.8203 27.4503 7.4148 4.0420 112.1511 22.4500 2.6844 2.5308 112.1185 0.6326 112.4837 0.0000 8.2533 24.3502 2.0799 111.7552 5.6797 1.5354 1.2989 9.3380 1.7635 0.9597 28.3950 1.9542 6.7881 23.2886 7.0851 24.0975 8.7700 8.0759 6.8534 6.7206 28.0052 95.8257 23.7801 25.2461 25.4229 2.5936 3.3362 24.6400 8.4048 5.8434 5.2821 3.1007 10.9380 10.6519 111.1818 10.6209 7.7206 3.2443 7.6757 8.5566 0.0727 7.7908 6.4467 1.8758
1.3380 106.6156 106.6156 20.6516 20.6516 17.0908 107.1283 14.2635 6.8935 101.5443 102.1563 9.7418 5.2491 18.7344 20.6029 102.0846 5.8478 106.8919 107.2971 10.6928 8.1720 0.6381 6.4142 10.1123 13.5089 21.0107 106.6805 19.7277 5.1837 5.3047 30.6041 10.6199 9.6079 107.4051 17.7041 8.7134 8.6028 107.3726 9.6571 107.7378 9.5841 0.0000 19.6043 9.1714 107.0093 4.2705 9.4114 9.1750 1.5548 8.9045 8.8357 30.1842 9.4665 6.5662 18.5427 3.6791 19.3516 0.9868 7.1622 5.9397 9.1114 29.0881 91.0798 19.0341 20.5002 20.6769 7.9979 10.6505 19.8941 0.3210 9.0332 3.9785 10.4151 6.4224 6.1364 106.4359 7.3169 1.7345 10.4657 0.9459 1.7046 9.6000 2.1487 8.5146 9.0756
21.3893 93.8333 93.8333 2.1344 2.1344 32.6380 94.3461 29.8107 25.3343 88.7620 89.3741 25.2890 22.0947 7.5088 9.3774 89.3023 24.2886 94.1097 94.5148 26.2400 26.6127 19.7604 24.8549 25.6595 29.0561 9.7851 93.8982 8.5021 22.0293 22.1502 17.8219 29.0607 25.1551 94.6229 6.4786 24.2606 24.1500 94.5904 25.2043 94.9556 25.1313 20.3985 0.0000 24.7186 94.2270 23.0000 24.9586 24.7222 21.4832 24.4517 24.3829 17.4020 25.0137 25.0070 7.3171 23.0618 8.1260 20.9152 25.6029 24.3804 27.5521 16.3059 78.2976 7.8086 9.2747 2.1597 26.4431 26.1977 1.0831 20.5500 27.4739 22.4237 25.9623 23.2680 22.9819 93.6537 25.8605 19.8658 26.0129 19.8209 21.5641 25.1471 21.8520 26.9553 24.6227
8.4397 110.5570 110.5570 24.5931 24.5931 9.2484 111.0698 6.4211 8.2594 105.4858 106.0978 0.9279 8.9603 22.6759 24.5444 106.0261 6.9423 110.8334 111.2385 3.7503 7.1734 6.8108 7.5087 2.6081 5.6665 24.9521 110.6219 23.6692 8.8949 9.0158 26.6459 8.5588 3.8065 111.3466 21.6456 0.9045 0.7509 111.3141 2.1529 111.6793 2.0799 7.4488 23.5458 0.0000 110.9507 5.8605 1.9072 1.6707 8.5336 2.1353 1.3315 27.5905 0.6706 7.9321 22.4842 7.2659 23.2931 7.9656 8.2567 7.0342 7.8647 27.2007 95.0213 22.9756 24.4417 24.6184 2.6387 3.7080 23.8356 7.6003 6.9874 5.4629 3.4725 10.1336 9.8475 110.3774 12.7261 6.9162 3.5231 6.8713 8.6145 2.0957 8.9023 7.5907 0.2831
107.4351 1.1526 1.1526 94.2947 94.2947 118.6838 0.5518 115.8565 111.3801 6.2154 6.0727 111.3348 108.1405 89.4916 86.3110 4.9247 110.3344 0.3155 0.8233 112.2858 112.6585 105.8062 110.9007 111.7053 115.1019 85.5641 0.5547 87.2815 108.0751 108.1961 86.5112 115.1065 111.2009 0.4904 89.4603 110.3064 110.1958 0.4578 111.2501 0.8230 111.1771 106.4443 93.2473 110.7644 0.0000 109.0458 111.0044 110.7680 107.5290 110.4975 110.4287 86.0913 111.0595 111.0528 89.2999 109.1076 90.1088 106.9610 111.6487 110.4262 113.5979 84.9951 20.1055 87.4627 86.2083 94.3200 112.4889 112.2435 93.5372 106.5958 113.5197 108.4695 112.0081 109.3138 109.0277 0.9729 111.9063 105.9116 112.0586 105.8667 107.6099 111.1930 107.8978 113.0011 110.6685
2.7498 108.7265 108.7265 22.7626 22.7626 13.0310 109.2393 10.2038 3.9455 103.6552 104.2673 5.8356 7.3601 20.8453 22.7139 104.1955 2.8998 109.0029 109.4080 8.4722 5.2239 3.7905 3.4661 8.0816 9.4491 23.1216 108.7914 21.8386 7.2947 7.4156 32.7150 7.6719 9.5689 109.5161 19.8151 6.3116 6.8412 109.4835 6.4408 109.8488 6.2095 4.4286 21.7152 6.3903 109.1202 0.0000 7.3808 7.1443 4.2758 7.6088 6.8051 32.2952 6.4724 3.6182 20.6536 1.4826 21.4625 3.4758 4.2141 2.9916 6.1633 31.1990 93.1908 21.1451 22.6111 22.7879 5.0499 9.1815 22.0051 4.5800 6.0851 1.0305 8.9461 6.1341 5.8480 108.5468 5.6780 3.4631 8.4860 3.8510 3.5117 6.2253 2.7459 5.5665 6.1862
8.8324 110.9498 110.9498 24.9858 24.9858 7.5956 111.4625 4.7683 8.2868 105.8785 106.4905 2.0568 9.3530 23.0686 24.9371 106.4188 8.0712 111.2262 111.6313 2.0975 7.2007 7.2035 9.5252 0.9553 4.0136 25.3449 111.0147 24.0619 9.2876 9.4086 27.0386 8.5862 2.4620 111.7394 22.0383 2.5116 2.3580 111.7068 0.9973 112.0720 1.5354 7.8416 23.9385 1.9072 111.3435 6.9893 0.0000 0.1383 8.9263 0.3190 0.7870 27.9832 1.7815 7.9595 22.8769 8.3948 23.6858 8.3583 10.2732 8.1631 7.8920 27.5935 95.4140 23.3684 24.8344 25.0112 3.7643 2.0551 24.2283 7.9930 7.0148 6.5918 1.8197 10.5263 10.2402 110.7701 13.1188 7.3089 1.8703 7.2640 9.0072 1.5512 9.2951 7.6181 1.7030
8.9707 111.0881 111.0881 25.1242 25.1242 7.7339 111.6009 4.9066 8.4251 106.0168 106.6289 2.1951 9.4913 23.2069 25.0755 106.5571 8.2096 111.3645 111.7696 2.2358 7.3391 7.3418 9.6635 1.0936 4.1520 25.4832 111.1530 24.2002 9.4259 9.5469 27.1770 8.7245 2.6004 111.8777 22.1767 2.6500 2.4964 111.8451 1.1357 112.2104 1.6737 7.9799 24.0768 2.0455 111.4818 7.1277 0.1383 0.0000 9.0647 0.4573 0.9253 28.1216 1.9198 8.0978 23.0152 8.5331 23.8241 8.4966 10.4116 8.3014 8.0304 27.7318 95.5524 23.5067 24.9728 25.1495 3.9026 2.1935 24.3667 8.1314 7.1531 6.7302 1.9580 10.6646 10.3786 110.9084 13.2572 7.4473 2.0086 7.4023 9.1455 1.6895 9.4334 7.7564 1.8414
1.5691 107.9710 107.9710 22.0071 22.0071 18.4463 108.4838 15.6190 7.1246 102.8997 103.5118 9.0148 6.6046 20.0899 21.9584 103.4401 6.0789 108.2474 108.6525 12.0483 8.4031 1.7228 6.6453 11.4678 14.8644 22.3661 108.0359 21.0832 6.5392 6.6602 31.9596 10.8510 10.9634 108.7606 19.0596 10.0689 9.9583 108.7281 9.6199 109.0933 9.3887 1.5548 20.9598 9.5695 108.3647 4.5016 10.7669 10.5304 0.0000 10.2599 10.1912 31.5397 9.6516 6.7973 19.8981 3.9102 20.7070 0.7781 7.3933 6.1708 9.3425 30.4436 92.4353 20.3896 21.8557 22.0324 8.2290 12.0060 21.2496 1.7063 9.2643 4.2096 11.7705 7.7779 7.4919 107.7914 7.5480 2.6628 11.8211 2.0307 0.8489 9.4045 2.3798 8.7457 9.3654
8.5784 110.6958 110.6958 24.7319 24.7319 7.7453 111.2086 4.9180 8.5149 105.6245 106.2366 2.2849 9.0990 22.8146 24.6832 106.1648 8.2993 110.9722 111.3773 2.3255 7.4288 6.9495 9.7532 1.1833 4.1634 25.0909 110.7607 23.8079 9.0336 9.1546 26.7847 8.8142 2.1519 111.4854 21.7844 2.6276 2.5170 111.4528 1.2254 111.8181 1.7635 7.5876 23.6845 2.1353 111.0895 7.2174 0.3190 0.4573 8.6724 0.0000 1.0150 27.7293 2.0095 8.1875 22.6229 8.6228 23.4318 8.1043 10.5013 8.3911 8.1201 27.3395 95.1601 23.1144 24.5805 24.7572 3.9924 2.2832 23.9744 7.7391 7.2429 6.8199 2.0478 10.2723 9.9863 110.5161 12.8648 7.0550 2.0984 7.0100 8.7532 1.7793 9.0411 7.8462 1.9311
8.2505 110.3679 110.3679 24.4039 24.4039 8.5627 110.8806 5.7354 8.1259 105.2966 105.9086 2.0785 8.7711 22.4867 24.3552 105.8369 8.0929 110.6442 111.0494 3.0647 7.0399 6.6216 9.3643 1.9224 4.9808 24.7630 110.4327 23.4800 8.7057 8.8266 26.4567 8.4253 2.9859 111.1574 21.4564 2.2996 2.1891 111.1249 1.9645 111.4901 1.9208 7.2596 23.3566 1.9289 110.7616 7.0110 1.0581 1.1964 8.3444 0.8041 0.0000 27.4013 1.8032 7.7986 22.2950 8.4165 23.1039 7.7764 10.1124 9.1027 7.7312 27.0116 94.8321 22.7864 24.2525 24.4292 3.7892 3.0223 23.6464 7.4111 6.8539 6.6135 2.7869 9.9444 9.6583 110.1882 12.5369 6.7270 2.8375 6.6821 8.4253 1.9366 8.7131 7.4573 1.7247
30.5361 87.0939 87.0939 17.3956 17.3956 36.7842 87.6067 33.9569 34.4810 82.0226 82.6347 29.2033 31.2415 12.0823 8.9017 82.5629 33.4353 87.3703 87.7754 30.1543 34.1576 28.9072 34.0017 29.5738 33.2023 8.1547 87.1588 9.8722 31.1761 31.2970 0.8678 35.5430 29.0694 87.8835 12.0510 28.1749 28.0643 87.8509 29.1185 88.2161 29.0456 29.5452 16.3483 28.6329 87.4876 32.1468 28.8729 28.6364 30.6300 28.3659 28.2972 0.0000 28.9280 34.1537 11.8905 32.2086 12.6994 30.0620 34.7497 33.5272 34.8489 1.2500 71.5582 10.0533 8.7989 17.4210 31.0267 30.1120 16.6381 29.6967 33.9716 31.5705 29.8765 32.4147 32.1287 86.9142 35.0073 29.0126 29.9271 28.9677 30.7109 29.0614 30.9987 34.5749 28.5370
8.8858 111.0032 111.0032 25.0393 25.0393 9.1227 111.5160 6.2954 8.1337 105.9319 106.5440 1.0100 9.4065 23.1220 24.9906 106.4722 7.0244 111.2796 111.6847 3.6246 7.0477 7.2569 7.5907 2.4824 5.5408 25.3983 111.0681 24.1153 9.3410 9.4620 27.0921 8.4331 4.2881 111.7928 22.0918 1.1503 0.9967 111.7602 2.0271 112.1255 1.9542 7.8950 23.9919 0.6706 111.3969 5.9425 1.7815 1.5450 8.9798 2.0095 1.2058 28.0367 0.0000 7.8064 22.9303 7.3480 23.7392 8.4117 8.3388 7.1163 7.7390 27.6469 95.4675 23.4218 24.8879 25.0646 2.7207 3.5822 24.2818 8.0465 6.8617 5.5450 3.3468 10.5797 10.2937 110.8235 13.1723 7.3624 3.3974 7.3174 9.0606 1.9700 8.0537 7.4650 0.5326
6.1926 112.1692 112.1692 26.2053 26.2053 10.2293 112.6820 8.6548 0.3914 107.0979 107.7100 7.9889 9.4980 24.2881 26.1566 107.6382 2.3676 112.4456 112.8507 9.0372 2.7068 7.2332 2.6668 8.6467 8.0815 26.5643 112.2341 25.2813 10.7374 10.8584 33.2359 5.1548 10.4525 112.9588 23.2578 8.4438 8.2902 112.9263 7.0058 113.2915 6.7746 7.8713 25.1579 7.8393 112.5629 3.5641 7.9458 7.7094 7.7186 8.1739 7.3701 35.7379 7.7136 0.0000 24.0963 5.4829 24.9052 6.9185 3.4148 2.4052 4.4151 34.6417 96.6335 24.5878 26.0539 26.2306 6.5011 9.7466 25.4478 8.0228 4.4143 4.4732 9.5112 9.2389 8.9528 111.9896 6.4867 6.9058 9.0511 7.2937 6.9545 6.7904 6.1887 3.8957 7.6352
20.9149 87.3661 87.3661 9.3659 9.3659 32.1637 87.8789 29.3364 24.8599 82.2948 82.9069 24.8147 21.6203 2.5566 2.3331 82.8351 23.8142 87.6425 88.0476 25.7657 26.1384 19.2860 24.3805 25.1851 28.5818 2.7408 87.4310 1.4579 21.5549 21.6759 10.8293 28.5863 24.6808 88.1557 2.7811 23.7862 23.6757 88.1232 24.7299 88.4884 24.6570 19.9241 8.3186 24.2443 87.7598 22.5257 24.4843 24.2478 21.0089 23.9773 23.9086 10.4094 24.5394 24.5326 0.0000 22.5875 3.2615 20.4408 25.1286 23.9061 27.0778 9.3133 71.8304 0.7643 2.2304 9.3912 25.9688 25.7233 8.6084 20.0756 26.9995 21.9494 25.4879 22.7936 22.5076 87.1865 25.3861 19.3915 25.5385 19.3465 21.0897 24.6728 21.3776 26.4809 24.1484
2.9709 109.1717 109.1717 23.2078 23.2078 14.1669 109.6845 11.3396 5.0813 104.1004 104.7125 6.9715 5.2445 21.2905 23.1591 104.6407 4.0356 109.4481 109.8532 9.6080 6.3598 4.2357 4.6020 9.2175 10.5850 23.5668 109.2366 22.2838 6.4783 6.7145 33.1603 8.8078 10.7048 109.9613 20.2603 7.4474 7.9770 109.9287 7.5766 110.2940 7.3454 4.3279 22.1604 7.5262 109.5654 1.5081 8.5166 8.2802 4.4969 8.7447 7.9409 32.7404 7.6083 4.7540 21.0988 0.0000 21.9077 3.6969 5.3500 4.1275 7.2992 31.6442 93.6360 21.5903 23.0564 23.2331 6.1858 10.3174 22.4503 4.4794 7.2210 2.1663 10.0820 4.9854 4.6993 108.9920 4.5293 3.9083 9.6219 4.2962 3.7328 7.3612 1.6422 6.7024 7.3221
20.8637 89.3791 89.3791 9.3147 9.3147 32.1124 89.8918 29.2851 24.8087 84.3078 84.9198 24.7634 21.5691 0.7362 4.3461 84.8481 23.7630 89.6554 90.0606 25.7144 26.0871 19.2348 24.3293 25.1339 28.5305 4.7538 89.4440 3.4708 21.5037 21.6246 12.8422 28.5351 24.6295 90.1687 1.4654 23.7350 23.6244 90.1361 24.6787 90.5013 24.6057 19.8729 8.2673 24.1930 89.7728 22.4744 24.4330 24.1966 20.9576 23.9261 23.8573 12.4223 24.4881 24.4813 2.5519 22.5362 0.0000 20.3896 25.0773 23.8548 27.0265 11.3262 73.8433 2.6059 4.2433 9.3400 25.9175 25.6721 8.5572 20.0244 26.9483 21.8981 25.4367 22.7424 22.4563 89.1994 25.3349 19.3402 25.4872 19.2953 21.0385 24.6215 21.3264 26.4297 24.0971
0.7071 107.0861 107.0861 21.1222 21.1222 17.5614 107.5989 14.7341 6.2626 102.0148 102.6269 8.1527 5.7197 19.2049 21.0735 102.5551 5.2169 107.3625 107.7676 11.1634 7.5410 1.1548 5.7832 10.5829 13.9795 21.4812 107.1510 20.1982 5.6543 5.7753 31.0747 9.9890 10.0785 107.8757 18.1747 9.1840 9.0734 107.8432 8.7579 108.2084 8.5266 0.9868 20.0748 8.7074 107.4798 3.6396 9.8820 9.6455 0.7781 9.3750 9.3063 30.6548 8.7895 5.9353 19.0132 3.0481 19.8221 0.0000 6.5313 5.3087 8.4804 29.5586 91.5504 19.5047 20.9708 21.1475 7.3670 11.1210 20.3647 1.1383 8.4022 3.3476 10.8856 6.8930 6.6069 106.9065 6.6860 1.7779 10.9362 1.4627 0.7498 8.5424 1.5177 7.8836 8.5033
5.3238 111.3005 111.3005 25.3366 25.3366 11.8313 111.8133 9.9038 3.6154 106.2292 106.8413 8.4096 9.9341 23.4193 25.2879 106.7695 2.0272 111.5769 111.9820 10.2862 3.5164 6.3645 1.6700 9.8957 9.3304 25.6956 111.3654 24.4126 9.8687 9.9896 35.2890 7.1660 12.1429 112.0901 22.3891 8.8856 9.4152 112.0575 8.2548 112.4228 8.0235 7.0026 24.2892 8.9643 111.6942 2.6953 9.1948 8.9583 6.8498 9.4228 8.6191 34.8692 9.0464 3.2881 23.2276 4.6142 24.0365 6.0498 0.0000 1.0191 3.4183 33.7730 95.7648 23.7191 25.1851 25.3619 7.6239 10.9955 24.5791 7.1540 3.4175 3.6045 10.7601 9.2100 8.9240 111.1208 6.4579 6.0371 10.3001 6.4250 6.0857 8.0393 5.3199 2.8989 8.7602
4.3048 110.2815 110.2815 24.3175 24.3175 12.4791 110.7942 11.7587 3.1876 105.2102 105.8222 7.3906 8.9150 22.4003 24.2688 105.7505 1.0081 110.5578 110.9630 10.0271 4.4660 5.3454 1.5745 9.6366 11.0041 24.6765 110.3463 23.3936 8.8496 8.9706 34.2700 6.9140 11.1239 111.0710 21.3700 7.8665 8.3961 111.0385 7.9957 111.4037 7.7645 5.9835 23.2702 7.9453 110.6751 1.6763 8.9357 8.6993 5.8308 9.1638 8.3600 33.8501 8.0274 2.8602 22.2086 3.5951 23.0175 5.0308 1.5498 0.0000 3.5748 32.7540 94.7457 22.7000 24.1661 24.3428 6.6048 10.7365 23.5600 6.1350 4.1935 2.5854 10.5010 8.1910 7.9049 110.1018 5.4389 5.0180 10.0410 5.4059 5.0667 7.7803 4.3009 3.6749 7.7411
7.5588 113.5355 113.5355 27.5716 27.5716 10.9855 114.0483 8.6334 5.7099 108.4642 109.0763 7.9676 10.4421 25.6543 27.5229 109.0045 4.2622 113.8119 114.2170 9.0158 2.6174 8.5995 2.9728 8.6253 8.0601 27.9306 113.6004 26.6476 11.6759 11.9122 33.2145 6.2641 10.4311 114.3251 24.6240 8.4224 8.2688 114.2925 6.9845 114.6577 6.7532 9.2375 26.5242 7.8180 113.9292 4.9303 7.9244 7.6880 9.0848 8.1525 7.3488 34.1591 7.6922 5.3826 25.4626 6.8492 26.2715 8.2848 3.1084 3.2540 0.0000 33.7694 97.9998 25.9541 27.4201 27.5969 6.4798 9.7252 26.8140 9.3890 1.2730 5.8395 9.4898 10.1830 9.8969 113.3558 7.4308 8.2721 9.0297 8.6600 8.3207 6.7690 7.5549 2.0274 7.6138
29.4399 85.9977 85.9977 16.2995 16.2995 36.3944 86.5105 33.5672 33.3849 80.9264 81.5385 28.8135 30.1453 10.9861 7.8055 81.4668 32.3392 86.2741 86.6792 29.7645 33.7678 27.8110 32.9055 29.1840 32.8125 7.0586 86.0626 8.7761 30.0799 30.2009 1.6699 35.1532 28.6796 86.7873 10.9548 27.7851 27.6745 86.7548 28.7288 87.1200 28.6558 28.4491 15.2522 28.2431 86.3914 31.0507 28.4831 28.2466 29.5339 27.9762 27.9074 1.2500 28.5382 33.0576 10.7944 31.1125 11.6033 28.9658 33.6536 32.4311 34.4591 0.0000 70.4620 8.9572 7.7028 16.3248 30.6369 29.7222 15.5420 28.6006 33.5818 30.4744 29.4867 31.3186 31.0326 85.8181 33.9111 27.9165 29.5373 27.8715 29.6147 28.6716 29.9026 35.0059 28.1472
91.4148 20.0782 20.0782 78.2744 78.2744 102.6635 20.5910 99.8362 95.3598 15.0069 15.6190 95.3145 92.1202 73.4713 70.2907 15.5472 94.3141 20.3546 20.7597 96.2655 96.6382 89.7859 94.8804 95.6850 99.0816 69.5438 20.1431 71.2612 92.0548 92.1757 70.4909 99.0862 95.1806 20.8678 73.4400 94.2861 94.1755 20.8352 95.2298 21.2005 95.1568 90.4240 77.2270 94.7441 20.4719 93.0255 94.9841 94.7477 91.5087 94.4772 94.4084 70.0710 95.0392 95.0324 73.2796 93.0873 74.0885 90.9407 95.6284 94.4059 97.5776 68.9748 0.0000 71.4424 70.1880 78.2997 96.4686 96.2232 77.5169 90.5755 97.4994 92.4492 95.9878 93.2935 93.0074 19.8985 95.8860 89.8913 96.0383 89.8464 91.5896 95.1727 91.8775 96.9808 94.6482
20.5509 87.0021 87.0021 9.0019 9.0019 31.7997 87.5149 28.9724 24.4959 81.9308 82.5429 24.4507 21.2563 2.0212 1.9691 82.4711 23.4502 87.2785 87.6836 25.4017 25.7744 18.9220 24.0165 24.8211 28.2178 2.3768 87.0670 1.0939 21.1909 21.3119 10.4653 28.2223 24.3168 87.7917 2.4171 23.4222 23.3117 87.7592 24.3659 88.1244 24.2930 19.5601 7.9546 23.8803 87.3958 22.1617 24.1203 23.8838 20.6449 23.6133 23.5446 10.0454 24.1754 24.1686 2.2566 22.2235 2.7261 20.0768 24.7646 23.5421 26.7138 8.9493 71.4664 0.0000 1.8664 9.0272 25.6048 25.3593 8.2444 19.7116 26.6355 21.5854 25.1239 22.4296 22.1436 86.8225 25.0221 19.0275 25.1745 18.9825 20.7257 24.3088 21.0136 26.1169 23.7844
22.4217 85.1524 85.1524 10.8726 10.8726 33.6704 85.6652 30.8431 26.3666 80.0812 80.6932 26.3214 23.1271 4.3191 1.1385 80.6215 25.3209 85.4288 85.8339 27.2724 27.6451 20.7928 25.8873 26.6919 30.0885 0.5272 85.2173 2.1090 23.0617 23.1826 8.6156 30.0931 26.1875 85.9420 4.2878 25.2930 25.1824 85.9095 26.2366 86.2747 26.1637 21.4308 9.8253 25.7510 85.5462 24.0324 25.9910 25.7545 22.5156 25.4840 25.4153 8.1957 26.0461 26.0393 4.1274 24.0942 4.9363 21.9476 26.6353 25.4128 28.5845 7.0996 69.6167 2.2902 0.0000 10.8980 27.4755 27.2301 10.1151 21.5823 28.5063 23.4561 26.9946 24.3003 24.0143 84.9728 26.8929 20.8982 27.0452 20.8533 22.5965 26.1795 22.8843 27.9877 25.6551
22.4619 94.9060 94.9060 0.6781 0.6781 33.7107 95.4188 30.8834 26.4069 89.8347 90.4468 26.3617 23.1674 8.5815 10.4500 90.3750 25.3612 95.1824 95.5875 27.3127 27.6854 20.8330 25.9276 26.7322 30.1288 10.8578 94.9709 9.5748 23.1020 23.2229 18.8945 30.1333 26.2278 95.6956 7.5512 25.3333 25.2227 95.6630 26.2769 96.0282 26.2040 21.4711 2.1597 25.7913 95.2997 24.0727 26.0313 25.7948 22.5559 25.5243 25.4556 18.4746 26.0864 26.0796 8.3898 24.1345 9.1987 21.9879 26.6756 25.4531 28.6248 17.3785 79.3703 8.8813 10.3473 0.0000 27.5158 27.2703 1.4124 21.6226 28.5466 23.4964 27.0349 24.3406 24.0546 94.7263 26.9332 20.9385 27.0855 20.8935 22.6368 26.2198 22.9246 28.0279 25.6954
6.6351 112.1410 112.1410 26.1771 26.1771 9.4151 112.6538 6.5879 6.9243 107.0697 107.6818 2.4670 10.5443 24.2598 26.1284 107.6100 5.6019 112.4174 112.8225 4.8563 5.8383 7.6757 6.1682 4.3594 5.8332 26.5361 112.2059 25.2531 10.4788 10.5998 28.9485 7.2237 6.2003 112.9306 23.2296 2.9429 3.0895 112.8981 2.8249 113.2633 2.5936 8.3138 25.1297 2.6387 112.5347 4.5200 3.6585 3.4220 8.1611 3.8865 3.0828 29.8932 2.7207 6.5970 24.0681 5.9254 24.8770 7.3611 6.9163 5.6938 6.5296 29.5034 96.6053 24.5596 26.0257 26.2024 0.0000 5.4592 25.4196 8.4653 5.6523 4.1225 5.2238 11.7175 11.4315 111.9614 9.4613 7.3483 4.8701 7.7362 7.3970 2.6094 6.6312 6.2556 2.4345
10.3244 112.4418 112.4418 26.4779 26.4779 6.1970 112.9546 3.3697 10.0876 107.3705 107.9826 3.8576 10.8451 24.5606 26.4292 107.9108 9.8244 112.7182 113.1233 0.4923 9.0015 8.6955 10.3907 1.7199 2.6151 26.8369 112.5067 25.5539 10.7797 10.9006 28.5307 10.3869 2.7848 113.2314 23.5304 4.3124 4.1588 113.1989 2.7981 113.5641 3.3362 9.3336 25.4305 3.7080 112.8355 8.7425 2.0551 2.1935 10.4184 2.2832 2.5877 29.4753 3.5822 9.7602 24.3689 10.1479 25.1778 9.8503 11.1387 9.9162 9.6928 29.0855 96.9061 24.8604 26.3265 26.5032 5.6564 0.0000 25.7204 9.4851 8.8156 8.3450 0.7261 12.0183 11.7323 112.2621 14.6109 8.8010 1.2378 8.7560 10.4992 3.3520 10.7871 9.4189 3.5038
21.6881 94.1322 94.1322 1.2176 1.2176 32.9369 94.6449 30.1096 25.6331 89.0609 89.6729 25.5879 22.3935 7.8077 9.6762 89.6012 24.5874 94.4085 94.8137 26.5389 26.9116 20.0592 25.1537 25.9583 29.3549 10.0839 94.1971 8.8010 22.3281 22.4491 18.1207 29.3595 25.4539 94.9217 6.7774 24.5594 24.4489 94.8892 25.5031 95.2544 25.4302 20.6973 1.0921 25.0175 94.5258 23.2989 25.2574 25.0210 21.7821 24.7505 24.6818 17.7008 25.3126 25.3058 7.6159 23.3607 8.4248 21.2140 25.9018 24.6793 27.8510 16.6047 78.5964 8.1074 9.5735 1.4214 26.7420 26.4965 0.0000 20.8488 27.7727 22.7226 26.2611 23.5668 23.2808 93.9525 26.1593 20.1647 26.3117 20.1197 21.8629 25.4460 22.1508 27.2541 24.9216
1.4895 106.7671 106.7671 20.8031 20.8031 17.2423 107.2798 14.4150 7.0450 101.6958 102.3078 9.8933 5.4006 18.8859 20.7544 102.2361 5.9993 107.0434 107.4486 10.8443 8.3235 0.7896 6.5657 10.2638 13.6604 21.1621 106.8319 19.8792 5.3352 5.4562 30.7556 10.7714 9.7594 107.5566 17.8556 8.8649 8.7543 107.5241 9.8086 107.8893 9.7356 0.3210 19.7558 9.3229 107.1607 4.4220 9.5629 9.3265 1.7063 9.0560 8.9872 30.3357 9.6180 6.7177 18.6942 3.8306 19.5031 1.1383 7.3137 6.0912 9.2629 29.2396 91.2313 19.1856 20.6517 20.8284 8.1494 10.8020 20.0456 0.0000 9.1847 4.1300 10.5666 6.5739 6.2879 106.5874 7.4684 1.8860 10.6171 1.0974 1.8561 9.7514 2.3002 8.6660 9.2270
7.5571 113.5338 113.5338 27.5698 27.5698 9.5923 114.0465 7.8304 5.1617 108.4625 109.0745 7.1645 11.0372 25.6526 27.5211 109.0028 4.2604 113.8101 114.2153 8.2128 1.7498 8.5977 2.9711 7.8223 7.2570 27.9289 113.5986 26.6459 12.1019 12.2229 32.4114 5.4610 9.6280 114.3233 24.6223 7.6193 7.4657 114.2908 6.1814 114.6560 5.9501 9.2358 26.5225 7.0149 113.9275 4.9286 7.1214 6.8849 9.0831 7.3494 6.5457 33.3561 6.8892 4.8343 25.4609 6.8474 26.2698 8.2831 3.1067 3.2523 1.2300 32.9663 97.9980 25.9523 27.4184 27.5951 5.6767 8.9221 26.8123 9.3873 0.0000 5.8377 8.6867 10.7780 10.4920 113.3541 8.0259 8.2703 8.2267 8.6582 8.3190 5.9659 7.5532 2.0257 6.8107
2.6982 108.6749 108.6749 22.7109 22.7109 12.0074 109.1876 9.1801 3.5888 103.6036 104.2156 4.8120 7.3084 20.7937 22.6622 104.1439 2.5431 108.9512 109.3564 7.4485 4.8672 3.7388 3.1094 7.0580 8.4255 23.0700 108.7398 21.7870 7.2430 7.3640 32.6634 7.3152 8.5453 109.4644 19.7634 5.2879 5.8175 109.4319 5.4171 109.7971 5.1859 4.3769 21.6636 5.3667 109.0686 0.5831 6.3571 6.1206 4.2242 6.5852 5.7814 32.2435 5.4487 3.2615 20.6020 1.9885 21.4109 3.4242 3.8574 2.6349 5.8066 31.1474 93.1391 21.0934 22.5595 22.7362 4.0262 8.1579 21.9534 4.5284 5.7284 0.0000 7.9224 6.0824 5.7964 108.4952 5.6264 3.4114 7.4624 3.7993 3.4601 5.2017 2.6943 5.2098 5.1625
10.0890 112.2064 112.2064 26.2425 26.2425 6.4015 112.7192 3.5742 9.8521 107.1351 107.7472 3.6221 10.6096 24.3252 26.1938 107.6754 9.5889 112.4828 112.8879 0.5825 8.7661 8.4601 10.1553 1.4845 2.8195 26.6015 112.2713 25.3185 10.5442 10.6652 28.2953 10.1515 2.5493 112.9960 23.2950 4.0770 3.9234 112.9634 2.5627 113.3287 3.1007 9.0982 25.1951 3.4725 112.6001 8.5071 1.8197 1.9580 10.1830 2.0478 2.3523 29.2399 3.3468 9.5248 24.1335 9.9125 24.9424 9.6149 10.9033 9.6808 9.4574 28.8501 96.6707 24.6250 26.0910 26.2678 5.4210 0.7261 25.4850 9.2497 8.5801 8.1095 0.0000 11.7829 11.4969 112.0267 14.3754 8.5656 0.8164 8.5206 10.2638 3.1165 10.5517 9.1834 3.2684
6.2919 108.9229 108.9229 22.9589 22.9589 19.0858 109.4356 16.2585 8.9314 103.8516 104.4636 11.7368 1.2532 21.0417 22.9102 104.3919 7.8125 109.1993 109.6044 12.6878 10.2651 6.4667 9.1170 12.1072 15.5038 23.3180 108.9878 22.0350 2.4870 2.7232 31.5762 12.6578 11.6028 109.7125 20.0114 10.7083 10.5978 109.6799 11.6520 110.0451 11.5791 7.1048 21.9116 11.1664 109.3166 6.2351 11.4063 11.1699 8.1895 10.8994 10.8307 32.4915 11.4615 8.6041 20.8500 5.9590 21.6589 7.6215 7.7608 7.8321 9.5844 31.3954 93.3871 21.3415 22.8075 22.9843 9.9626 12.6454 22.2014 7.2563 10.1662 5.9432 12.4100 0.0000 0.2860 108.7432 4.0566 6.5721 12.4606 6.5272 7.0538 11.5949 6.2880 9.6476 11.0705
6.0058 108.6368 108.6368 22.6729 22.6729 18.7997 109.1496 15.9724 8.6453 103.5655 104.1776 11.4507 0.9672 20.7557 22.6242 104.1058 7.5264 108.9132 109.3183 12.4017 9.9791 6.1806 8.8310 11.8212 15.2178 23.0319 108.7017 21.7490 2.2009 2.4372 31.2902 12.3717 11.3168 109.4264 19.7254 10.4223 10.3117 109.3939 11.3660 109.7591 11.2930 6.8187 21.6256 10.8803 109.0305 5.9491 11.1203 10.8838 7.9035 10.6134 10.5446 32.2055 11.1754 8.3180 20.5639 5.6730 21.3728 7.3354 7.4748 7.5461 9.2984 31.1094 93.1011 21.0554 22.5215 22.6982 9.6765 12.3594 21.9154 6.9702 9.8802 5.6571 12.1239 0.2860 0.0000 108.4572 3.7705 6.2861 12.1745 6.2411 6.7677 11.3088 6.0019 9.3616 10.7844
106.8617 0.4266 0.4266 93.7213 93.7213 118.1105 0.7288 115.2832 110.8067 5.6420 5.4993 110.7615 107.5671 88.9182 85.7376 4.3513 109.7610 0.8556 1.2607 111.7125 112.0852 105.2328 110.3273 111.1319 114.5286 84.9907 0.6441 86.7082 107.5017 107.6227 85.9378 114.5331 110.6275 0.9256 88.8869 109.7330 109.6225 1.2105 110.6767 0.9883 110.6038 105.8709 92.6740 110.1911 0.9729 108.4725 110.4310 110.1946 106.9557 109.9241 109.8554 85.5179 110.4862 110.4794 88.7265 108.5343 89.5354 106.3876 111.0754 109.8529 113.0246 84.4218 19.5321 86.8893 85.6349 93.7466 111.9156 111.6701 92.9638 106.0224 112.9463 107.8962 111.4347 108.7404 108.4544 0.0000 111.3329 105.3383 111.4853 105.2933 107.0365 110.6196 107.3244 112.4277 110.0952
5.9515 111.6560 111.6560 25.6921 25.6921 21.8189 112.1688 18.9916 8.5178 106.5847 107.1968 10.4079 4.2474 23.7749 25.6434 107.1251 7.4721 111.9324 112.3375 13.0445 10.1544 7.9111 8.0384 14.8404 18.2370 26.0511 111.7209 24.7682 5.4812 5.7175 34.3094 12.2442 14.3360 112.4456 22.7446 10.8839 13.3309 112.4131 11.0131 112.7783 10.7818 7.3084 24.6448 10.9626 112.0497 5.8947 14.1395 13.9031 7.4774 13.6326 13.5638 35.2247 11.0447 8.1904 23.5831 5.6186 24.3920 6.6774 7.6501 7.7214 8.6353 34.1286 96.1203 24.0746 25.5407 25.7174 9.6222 15.3786 24.9346 7.4599 10.0555 5.6028 15.1432 3.9883 3.7022 111.4764 0.0000 7.5837 13.0583 7.9716 6.7134 10.7976 5.9476 9.5369 10.7585
1.5234 107.4647 107.4647 21.5008 21.5008 14.5585 107.9775 11.7312 5.4684 102.3934 103.0055 7.3631 6.0983 19.5836 21.4521 102.9338 4.4227 107.7411 108.1462 9.9996 6.7469 2.5287 4.9891 9.6091 10.9765 21.8598 107.5296 20.5769 6.0329 6.1539 31.4533 9.1948 10.4571 108.2543 18.5533 7.8390 8.3686 108.2218 7.9682 108.5870 7.7369 3.1668 20.4535 7.9178 107.8584 3.1342 8.9082 8.6717 3.0494 9.1362 8.3325 31.0334 7.9998 5.1411 19.3918 3.1960 20.2007 2.2494 5.7371 4.5146 7.6863 29.9373 91.9290 19.8833 21.3494 21.5261 6.5773 10.7089 20.7433 3.3183 7.6081 2.5579 10.4735 7.2716 6.9856 107.2851 6.8338 0.0000 10.0135 2.5892 2.2853 7.7527 1.9861 7.0894 7.7136
10.1396 112.2570 112.2570 26.2931 26.2931 6.0842 112.7698 3.2569 9.3919 107.1857 107.7978 3.6727 10.6602 24.3758 26.2444 107.7260 9.0381 112.5334 112.9385 0.4881 8.3059 8.5107 9.6044 1.5351 2.5023 26.6521 112.3219 25.3691 10.5948 10.7158 28.3458 9.6913 2.5999 113.0466 23.3456 4.1276 3.9740 113.0140 2.9050 113.3793 3.2443 9.1488 25.2457 3.5231 112.6507 7.9562 1.8703 2.0086 10.2335 2.0984 2.4029 29.2905 3.3974 9.0646 24.1841 9.3616 24.9930 9.6655 10.3524 9.1299 8.9972 28.9007 96.7213 24.6756 26.1416 26.3184 4.8701 1.2378 25.5356 9.3003 8.1199 7.5587 0.8164 11.8335 11.5475 112.0773 14.4260 8.6162 0.0000 8.5712 10.3144 3.2602 10.6023 8.7233 3.3190
1.8139 106.0380 106.0380 20.0740 20.0740 16.5133 106.5508 13.6860 6.6253 100.9667 101.5787 9.1643 4.6716 18.1568 20.0253 101.5070 5.5796 106.3144 106.7195 10.1152 7.9038 0.3079 6.1459 9.5347 12.9313 20.4331 106.1029 19.1501 4.6062 4.7271 30.0265 10.3517 9.0303 106.8276 17.1265 8.1358 8.0252 106.7950 9.0795 107.1602 9.0066 0.9459 19.0267 8.5939 106.4317 4.2911 8.8338 8.5974 2.0307 8.3269 8.2581 29.6066 8.8889 6.2980 17.9651 4.3529 18.7740 1.4627 6.8940 5.6715 8.8432 28.5105 90.5023 18.4566 19.9226 20.0994 7.7342 10.0729 19.3165 1.0974 8.7649 3.7148 9.8375 5.8448 5.5588 105.8583 8.4374 1.1569 9.8881 0.0000 2.1805 9.0224 2.6246 8.2463 8.4980
0.8051 107.2070 107.2070 21.2430 21.2430 17.6822 107.7197 14.8549 6.3606 102.1357 102.7477 8.2507 5.8405 19.3258 21.1943 102.6760 5.3148 107.4833 107.8885 11.2842 7.6390 1.8459 5.8812 10.7037 14.1003 21.6020 107.2719 20.3191 5.7751 5.8961 31.1955 10.0870 10.1993 107.9965 18.2955 9.3048 9.1942 107.9640 8.8559 108.3292 8.6246 1.6779 20.1957 8.8054 107.6006 3.7375 10.0028 9.7664 0.8489 9.4959 9.4271 30.7756 8.8875 6.0332 19.1341 3.1461 19.9430 1.0469 6.6292 5.4067 8.5784 29.6795 91.6712 19.6255 21.0916 21.2683 7.4650 11.2419 20.4855 1.8294 8.5002 3.4456 11.0064 7.0138 6.7278 107.0273 6.7839 1.8987 11.0570 2.1538 0.0000 8.6404 1.6157 7.9816 8.6013
7.8105 111.3773 111.3773 25.4133 25.4133 7.8052 111.8901 4.9779 7.1312 106.3060 106.9180 2.2453 9.7805 23.4961 25.3646 106.8463 6.7773 111.6537 112.0588 3.2463 6.0452 7.6310 7.3437 2.2521 4.2232 25.7724 111.4422 24.4894 9.7151 9.8361 27.4661 7.4306 4.0578 112.1669 22.4658 2.7002 2.5466 112.1343 0.6484 112.4995 0.0727 8.2691 24.3660 2.0957 111.7710 5.6955 1.5512 1.3147 9.3538 1.7793 0.9755 28.4108 1.9700 6.8039 23.3044 7.1009 24.1133 8.7858 8.0917 6.8692 6.7364 28.0210 95.8416 23.7959 25.2619 25.4387 2.6094 3.3520 24.6558 8.4206 5.8592 5.2979 3.1165 10.9538 10.6677 111.1976 10.6367 7.7364 3.2602 7.6915 8.5724 0.0000 7.8067 6.4625 1.8916
0.8107 107.6967 107.6967 21.7327 21.7327 14.5214 108.2094 11.6941 5.4358 102.6254 103.2374 7.3260 6.3303 19.8155 21.6840 103.1657 4.3901 107.9731 108.3782 9.9625 6.7143 2.3356 4.9565 9.5720 10.9395 22.0918 107.7616 20.8088 6.2648 6.3858 31.6852 9.1622 10.6890 108.4863 18.7852 7.8019 8.3315 108.4537 7.9311 108.8189 7.6999 2.1676 20.6854 7.8807 108.0904 2.8128 8.8711 8.6347 2.3367 9.0992 8.2954 31.2653 7.9628 5.1085 19.6238 1.6422 20.4327 1.5366 5.7045 4.4820 7.6537 30.1692 92.1609 20.1153 21.5813 21.7581 6.5402 10.6719 20.9752 2.3191 7.5755 2.5208 10.4365 6.3153 6.0292 107.5170 5.8592 2.3884 9.9764 2.6435 1.5726 7.7157 0.0000 7.0568 7.6765
7.8339 113.8106 113.8106 27.8467 27.8467 10.6284 114.3234 8.8664 4.5757 108.7393 109.3514 8.2006 11.3140 25.9294 27.7980 109.2796 4.5373 114.0870 114.4921 9.2488 1.8265 8.8746 3.2479 8.8583 8.2931 28.2057 113.8755 26.9227 12.3788 12.4997 33.4475 6.4971 10.6641 114.6002 24.8992 8.6554 8.5018 114.5676 7.2175 114.9329 6.9862 9.5127 26.7993 8.0509 114.2043 5.2054 8.1574 7.9210 9.3599 8.3855 7.5817 34.3921 7.9252 4.2484 25.7377 7.1243 26.5466 8.5599 3.3836 3.5291 1.5068 34.0023 98.2749 26.2292 27.6952 27.8720 6.7128 9.9582 27.0892 9.6641 1.5060 6.1146 9.7228 11.0549 10.7688 113.6309 8.3027 8.5472 9.2627 8.9351 8.5958 7.0020 7.8300 0.0000 7.8468
8.3438 110.4612 110.4612 24.4972 24.4972 9.0442 110.9739 6.2169 8.0553 105.3899 106.0019 0.7238 8.8644 22.5800 24.4485 105.9302 6.7382 110.7375 111.1427 3.5462 6.9692 6.7149 7.3045 2.4039 5.4623 24.8563 110.5261 23.5733 8.7990 8.9199 26.5500 8.3546 3.7106 111.2507 21.5497 0.8086 0.6550 111.2182 1.9487 111.5834 1.8758 7.3529 23.4499 0.3289 110.8549 5.6563 1.7030 1.4666 8.4377 1.9311 1.1274 27.4946 0.5326 7.7280 22.3883 7.0617 23.1972 7.8697 8.0526 6.8301 7.6605 27.1049 94.9254 22.8797 24.3458 24.5225 2.4345 3.5038 23.7397 7.5044 6.7833 5.2588 3.2684 10.0377 9.7516 110.2815 12.6302 6.8203 3.3190 6.7754 8.5186 1.8916 7.7675 7.3866 0.0000
0.000 196.181 196.181 74.766 74.766 64.084 196.865 55.602 28.666 189.420 190.236 34.337 28.559 69.014 74.620 190.140 25.529 196.550 197.090 42.247 32.502 16.575 27.228 43.148 53.338 75.843 196.268 71.994 19.373 28.725 94.833 39.846 41.635 197.234 65.924 35.765 38.620 197.191 36.152 197.678 35.459 17.665 71.624 36.001 196.706 20.797 41.046 40.336 15.683 39.525 39.319 94.273 36.247 27.685 68.439 19.023 70.866 9.745 29.473 25.805 35.320 92.811 175.467 69.914 74.312 74.842 31.980 44.763 72.494 17.343 35.085 19.922 44.056 26.322 27.055 195.942 29.937 13.303 42.288 17.498 9.577 35.506 11.902 33.529 35.389
196.389 0.000 0.000 178.868 178.868 211.387 7.477 207.617 201.649 29.465 29.037 201.588 197.329 172.464 168.223 25.593 200.254 10.655 17.237 202.856 203.353 194.217 201.009 202.082 206.611 167.227 9.857 169.517 197.242 197.403 168.490 206.617 201.410 11.510 172.422 200.217 200.069 14.943 201.475 10.413 201.378 195.067 177.471 200.828 12.712 198.536 201.148 200.832 196.514 200.472 200.380 167.930 201.221 201.212 172.208 198.619 173.287 195.756 202.007 200.377 204.606 166.469 71.135 169.759 168.086 178.902 203.127 202.800 177.858 195.269 204.501 197.768 202.486 198.893 198.512 5.778 202.350 194.357 202.553 194.297 196.622 201.399 197.005 203.810 200.700
196.389 0.000 0.000 178.868 178.868 211.387 7.477 207.617 201.649 29.465 29.037 201.588 197.329 172.464 168.223 25.593 200.254 10.655 17.237 202.856 203.353 194.217 201.009 202.082 206.611 167.227 9.857 169.517 197.242 197.403 168.490 206.617 201.410 11.510 172.422 200.217 200.069 14.943 201.475 10.413 201.378 195.067 177.471 200.828 12.712 198.536 201.148 200.832 196.514 200.472 200.380 167.930 201.221 201.212 172.208 198.619 173.287 195.756 202.007 200.377 204.606 166.469 71.135 169.759 168.086 178.902 203.127 202.800 177.858 195.269 204.501 197.768 202.486 198.893 198.512 5.778 202.350 194.357 202.553 194.297 196.622 201.399 197.005 203.810 200.700
79.310 180.174 180.174 0.000 0.000 98.581 180.858 94.811 88.842 173.413 174.229 88.782 81.426 37.669 18.242 174.133 87.448 180.543 181.083 90.050 90.547 74.423 88.203 89.276 93.805 16.482 180.261 27.172 81.230 81.593 67.567 93.811 88.603 181.227 34.578 87.411 87.263 181.184 88.669 181.671 88.572 76.337 18.403 88.021 180.699 84.142 88.341 88.026 79.592 87.665 87.574 67.348 88.415 88.406 32.228 84.328 39.520 77.888 89.200 87.570 91.799 63.587 159.460 26.543 17.108 8.638 90.321 89.993 1.197 76.792 91.695 82.413 89.679 84.946 84.088 179.935 89.544 74.740 89.747 74.605 79.834 88.593 80.698 91.003 87.893
79.310 180.174 180.174 0.000 0.000 98.581 180.858 94.811 88.842 173.413 174.229 88.782 81.426 37.669 18.242 174.133 87.448 180.543 181.083 90.050 90.547 74.423 88.203 89.276 93.805 16.482 180.261 27.172 81.230 81.593 67.567 93.811 88.603 181.227 34.578 87.411 87.263 181.184 88.669 181.671 88.572 76.337 18.403 88.021 180.699 84.142 88.341 88.026 79.592 87.665 87.574 67.348 88.415 88.406 32.228 84.328 39.520 77.888 89.200 87.570 91.799 63.587 159.460 26.543 17.108 8.638 90.321 89.993 1.197 76.792 91.695 82.413 89.679 84.946 84.088 179.935 89.544 74.740 89.747 74.605 79.834 88.593 80.698 91.003 87.893
65.017 213.387 213.387 98.768 98.768 0.000 214.070 30.841 49.094 206.625 207.441 42.412 66.579 96.212 98.703 207.345 51.911 213.755 214.295 32.316 45.843 60.131 51.349 34.087 28.577 99.247 213.473 97.536 66.383 66.746 101.856 48.693 39.194 214.439 94.838 43.960 43.628 214.396 36.568 214.883 37.586 62.045 97.371 41.963 213.911 51.722 37.005 37.420 65.299 37.454 38.602 103.115 41.586 48.112 95.956 55.938 97.035 63.595 51.756 52.024 48.997 102.596 192.672 96.611 98.566 98.802 42.463 32.696 97.758 62.500 46.365 50.529 33.309 70.099 69.241 213.147 66.165 60.447 32.357 60.312 65.542 37.633 66.406 48.070 41.351
197.072 7.477 7.477 179.552 179.552 212.071 0.000 208.301 202.332 31.003 30.575 202.272 198.013 173.148 168.907 27.131 200.938 3.540 12.573 203.540 204.037 194.900 201.693 202.766 207.295 167.911 7.183 170.201 197.926 198.087 169.174 207.301 202.093 4.415 173.106 200.901 200.753 7.967 202.159 7.618 202.062 195.751 178.155 201.511 5.568 199.220 201.831 201.516 197.197 201.155 201.064 168.614 201.905 201.896 172.892 199.302 173.970 196.440 202.690 201.060 205.289 167.152 72.674 170.442 168.770 179.585 203.811 203.483 178.542 195.953 205.185 198.451 203.169 199.577 199.196 6.263 203.034 195.041 203.237 194.981 197.305 202.083 197.689 204.494 201.383
54.172 208.566 208.566 93.947 93.947 28.393 209.250 0.000 39.000 201.804 202.620 31.712 55.733 91.391 93.883 202.525 44.267 208.935 209.475 21.470 35.742 49.285 45.966 23.387 3.592 94.426 208.653 92.716 55.537 55.900 97.036 39.898 28.494 209.619 90.017 33.260 32.929 209.575 25.868 210.062 26.886 51.199 92.551 31.263 209.091 41.022 26.305 26.720 54.453 26.754 27.903 98.295 30.886 38.018 91.136 45.238 92.214 52.749 48.210 44.543 37.816 97.775 187.852 91.791 93.746 93.981 31.764 21.850 92.937 51.653 35.184 39.829 22.463 59.253 58.395 208.327 67.031 49.601 21.511 49.466 54.696 26.934 55.559 36.994 30.651
31.560 203.662 203.662 89.043 89.043 43.670 204.346 38.947 0.000 196.900 197.716 36.949 41.476 85.846 88.979 197.621 11.758 204.031 204.571 40.094 13.832 34.681 15.212 38.922 37.226 89.522 203.749 87.812 45.194 45.557 98.418 28.446 44.339 204.715 82.755 38.313 37.852 204.671 34.000 205.158 33.306 36.596 87.647 36.500 204.187 23.674 36.819 36.110 36.138 37.504 35.093 101.754 36.123 3.523 85.271 29.431 87.310 33.738 16.347 14.852 26.227 100.292 182.948 86.745 88.842 89.077 32.486 42.222 88.033 37.050 26.225 26.401 41.516 40.699 39.840 203.423 32.442 33.699 40.135 34.863 33.845 33.353 31.548 24.669 35.888
189.627 29.465 29.465 172.106 172.106 204.625 31.003 200.855 194.887 0.000 8.690 194.827 190.567 165.702 161.461 11.500 193.493 30.294 31.510 196.094 196.591 187.455 194.248 195.320 199.849 160.465 29.660 162.755 190.480 190.641 161.728 199.855 194.648 31.834 165.660 193.455 193.308 31.736 194.713 32.832 194.616 188.306 170.710 194.066 30.646 191.774 194.386 194.071 189.752 193.710 193.618 161.168 194.459 194.450 165.447 191.857 166.525 188.995 195.245 193.615 197.844 159.707 55.921 162.997 161.324 172.140 196.365 196.038 171.096 188.508 197.740 191.006 195.724 192.132 191.750 28.926 195.588 187.595 195.792 187.536 189.860 194.637 190.244 197.048 193.938
190.443 28.882 28.882 172.922 172.922 205.441 30.420 201.671 195.703 8.690 0.000 195.643 191.383 166.518 162.277 12.163 194.309 29.710 30.926 196.911 197.407 188.271 195.064 196.137 200.665 161.281 29.076 163.571 191.296 191.457 162.544 200.671 195.464 31.250 166.477 194.271 194.124 31.153 195.529 32.248 195.432 189.122 171.526 194.882 30.063 192.591 195.202 194.887 190.568 194.526 194.434 161.984 195.275 195.266 166.263 192.673 167.341 189.811 196.061 194.431 198.660 160.523 57.758 163.813 162.140 172.956 197.181 196.854 171.912 189.324 198.556 191.822 196.540 192.948 192.566 28.342 196.405 188.412 196.608 188.352 190.676 195.453 191.060 197.864 194.754
34.263 202.038 202.038 87.419 87.419 40.194 202.722 31.712 37.227 195.276 196.092 0.000 41.045 82.192 87.355 195.997 31.163 202.407 202.947 23.700 33.969 34.597 32.862 20.273 29.448 87.898 202.125 85.172 40.849 41.212 90.157 38.125 25.690 203.091 79.101 12.227 14.065 203.047 18.907 203.534 18.688 36.511 84.802 6.918 202.563 27.917 18.170 17.461 39.765 18.855 16.028 91.416 9.888 36.245 81.617 32.134 84.044 38.061 35.106 31.439 36.043 90.896 181.324 83.091 87.218 87.453 19.401 23.573 85.671 36.965 33.411 26.725 22.866 44.565 43.707 201.799 42.741 34.913 23.018 34.778 36.548 18.736 34.251 35.221 6.485
30.747 197.701 197.701 78.186 78.186 66.567 198.385 58.085 39.555 190.940 191.756 44.520 0.000 72.435 78.040 191.660 36.198 198.070 198.610 47.373 43.556 28.710 40.112 45.631 55.821 79.263 197.788 75.415 13.340 17.479 94.573 50.734 44.118 198.754 69.344 41.434 41.103 198.711 44.266 199.198 44.047 26.288 75.044 42.809 198.226 31.466 43.528 42.819 20.467 42.008 41.801 95.793 43.694 38.573 71.859 30.638 74.286 22.838 36.044 36.257 41.514 94.331 176.987 73.334 77.732 78.262 42.649 47.246 75.914 23.093 43.260 30.591 46.540 5.853 9.268 197.462 24.931 29.026 46.691 28.891 21.677 44.094 29.300 41.704 42.521
72.740 172.371 172.371 38.093 38.093 95.660 173.054 91.891 84.575 165.609 166.425 84.439 74.856 0.000 23.985 166.329 81.437 172.739 173.279 87.130 87.627 67.853 83.136 85.550 90.884 25.208 172.457 21.359 74.660 75.023 49.474 90.891 84.037 173.423 9.997 81.353 81.022 173.380 84.184 173.867 83.966 69.767 30.303 82.728 172.896 77.572 83.447 82.738 73.021 81.927 81.720 48.214 83.613 83.593 17.804 77.757 8.577 71.317 85.381 81.713 88.879 44.926 151.656 19.279 23.677 38.168 87.401 87.073 35.820 70.222 88.775 75.843 86.459 78.376 77.517 172.131 86.153 68.169 86.610 68.034 73.264 84.013 74.128 88.083 82.440
76.945 168.905 168.905 18.242 18.242 97.529 169.589 93.760 87.791 162.143 162.959 87.731 79.061 22.637 0.000 162.863 85.643 169.273 169.813 88.999 89.496 72.058 87.152 88.225 92.754 11.933 168.991 13.127 78.865 79.228 41.675 92.760 87.552 169.958 22.544 85.559 85.227 169.914 87.618 170.401 87.521 73.972 20.707 86.933 169.430 81.777 87.290 86.944 77.227 86.132 85.926 40.416 87.364 87.355 21.780 81.963 24.489 75.523 88.149 85.919 90.748 37.127 148.191 14.313 8.185 17.790 89.270 88.942 19.438 74.427 90.644 80.048 88.628 82.581 81.723 168.665 88.493 72.375 88.696 72.240 77.470 87.542 78.333 89.952 86.645
190.347 25.593 25.593 172.827 172.827 205.346 27.131 201.576 195.607 11.500 12.163 195.547 191.288 166.423 162.182 0.000 194.213 26.422 27.637 196.815 197.312 188.175 194.968 196.041 200.570 161.186 25.788 163.476 191.201 191.362 162.449 200.576 195.368 27.962 166.381 194.176 194.028 27.864 195.434 28.960 195.337 189.026 171.430 194.786 26.774 192.495 195.106 194.791 190.473 194.430 194.339 161.889 195.180 195.171 166.167 192.577 167.245 189.715 195.965 194.335 198.564 160.427 57.542 163.717 162.045 172.860 197.086 196.758 171.817 189.228 198.460 191.727 196.445 192.852 192.471 25.054 196.309 188.316 196.512 188.256 190.580 195.358 190.964 197.769 194.659
27.922 202.046 202.046 87.427 87.427 47.263 202.729 41.480 11.758 195.284 196.100 37.180 41.753 82.209 87.362 196.004 0.000 202.414 202.954 42.627 18.685 31.045 7.685 41.456 39.760 87.906 202.132 85.189 41.557 41.920 100.697 32.729 46.873 203.098 79.118 38.608 40.196 203.055 36.533 203.542 35.840 32.959 84.819 38.844 202.571 20.037 39.353 38.644 32.501 40.037 37.626 100.137 39.090 10.103 81.634 25.794 84.061 30.101 7.495 4.508 22.024 98.676 181.331 83.108 87.225 87.461 34.823 44.755 85.688 33.413 22.021 22.765 44.049 39.581 38.723 201.806 31.325 30.062 42.669 31.226 30.208 35.887 27.911 20.466 38.232
196.757 10.655 10.655 179.237 179.237 211.755 3.540 207.986 202.017 30.294 29.866 201.957 197.698 172.832 168.592 26.422 200.623 0.000 9.743 203.225 203.722 194.585 201.378 202.451 206.979 167.596 4.115 169.886 197.610 197.772 168.859 206.986 201.778 7.858 172.791 200.585 200.438 7.843 201.844 11.062 201.746 195.436 177.840 201.196 3.478 198.905 201.516 201.201 196.882 200.840 200.749 168.299 201.590 201.581 172.577 198.987 173.655 196.125 202.375 200.745 204.974 166.837 71.965 170.127 168.455 179.270 203.495 203.168 178.226 195.638 204.870 198.136 202.854 199.262 198.881 9.175 202.719 194.726 202.922 194.666 196.990 201.767 197.374 204.178 201.068
197.297 17.237 17.237 179.777 179.777 212.295 12.573 208.526 202.557 31.510 31.081 202.497 198.238 173.373 169.132 27.637 201.163 9.743 0.000 203.765 204.262 195.125 201.918 202.991 207.520 168.136 7.758 170.426 198.151 198.312 169.399 207.526 202.318 10.197 173.331 201.126 200.978 9.860 202.384 14.225 202.287 195.976 178.380 201.736 9.678 199.445 202.056 201.741 197.422 201.380 201.289 168.839 202.130 202.121 173.117 199.527 174.195 196.665 202.915 201.285 205.514 167.377 73.180 170.667 168.995 179.810 204.036 203.708 178.767 196.178 205.410 198.676 203.395 199.802 199.421 15.755 203.259 195.266 203.462 195.206 197.530 202.308 197.914 204.719 201.609
43.100 203.646 203.646 89.027 89.027 30.211 204.329 21.729 40.134 196.884 197.700 23.700 44.662 85.809 88.962 197.604 39.073 204.014 204.554 0.000 36.876 38.214 40.772 17.287 19.465 89.506 203.732 87.795 44.466 44.829 91.764 41.032 20.481 204.698 82.718 25.064 24.603 204.655 20.521 205.142 21.691 40.128 87.631 23.251 204.171 35.827 18.293 18.707 43.382 18.977 19.890 93.024 22.874 39.152 85.234 40.043 87.294 41.678 43.016 39.348 38.950 92.504 182.931 86.708 88.825 89.061 26.569 6.037 88.017 40.582 36.318 34.634 7.667 48.182 47.324 203.406 55.960 38.530 7.025 38.395 43.625 21.739 44.488 38.128 22.639
36.607 205.905 205.905 91.287 91.287 39.893 206.589 34.111 13.832 199.143 199.960 32.113 46.523 88.730 91.222 199.864 18.685 206.274 206.814 35.258 0.000 39.729 18.445 34.086 32.391 91.765 205.992 90.055 50.241 50.604 96.268 25.898 39.504 206.958 87.357 33.478 33.017 206.915 29.164 207.402 28.470 41.643 89.890 31.664 206.430 28.721 31.984 31.274 41.185 32.668 30.257 97.528 31.287 16.185 88.475 34.478 89.553 38.785 21.628 21.462 21.138 97.008 185.191 89.130 91.085 91.320 27.650 37.386 90.277 42.097 18.506 31.449 36.680 45.746 44.887 205.666 37.489 38.746 35.299 39.910 38.893 28.517 36.595 17.708 31.052
16.518 194.970 194.970 72.041 72.041 61.358 195.654 52.877 31.694 188.208 189.024 39.311 25.833 66.289 71.895 188.929 28.557 195.339 195.879 42.164 35.530 0.000 30.256 40.423 50.612 73.118 195.057 69.269 21.197 26.000 93.621 42.874 38.909 196.023 63.198 36.226 35.894 195.979 39.057 196.466 38.838 7.475 68.899 37.600 195.495 24.692 38.320 37.611 15.072 36.799 36.593 93.061 38.485 30.713 65.714 23.541 68.141 13.557 32.501 28.833 38.348 91.600 174.256 67.188 71.586 72.117 35.021 42.037 69.768 9.290 38.113 22.963 41.331 28.562 28.495 194.730 37.131 15.758 41.483 4.000 16.795 38.886 18.950 36.557 37.312
29.581 202.783 202.783 88.164 88.164 47.012 203.466 41.230 15.212 196.021 196.837 38.838 40.579 83.867 88.099 196.741 7.685 203.151 203.691 42.377 18.445 32.703 0.000 41.205 39.510 88.643 202.869 86.847 43.215 43.578 101.434 28.567 46.623 203.835 80.776 40.266 40.136 203.792 36.283 204.279 35.589 34.617 86.477 38.783 203.307 21.695 39.103 38.393 34.159 39.787 37.376 100.874 38.406 15.440 83.292 27.452 85.719 31.759 4.502 8.092 23.198 99.413 182.068 84.767 87.962 88.198 34.769 44.505 87.154 35.071 21.771 24.423 43.799 39.802 38.944 202.543 31.546 31.721 42.418 32.884 31.866 35.636 29.569 20.215 38.171
41.317 202.853 202.853 88.234 88.234 31.869 203.537 23.387 38.963 196.091 196.907 20.273 42.879 84.026 88.169 196.811 38.316 203.221 203.761 17.287 35.705 36.430 42.678 0.000 21.123 88.713 202.939 87.002 42.682 43.045 90.971 39.861 19.277 203.906 80.935 21.637 21.177 203.862 16.967 204.349 18.550 38.344 86.635 19.824 203.378 35.071 10.652 12.642 41.599 13.142 17.170 92.231 19.447 37.981 83.450 39.287 85.877 39.894 44.922 38.592 37.779 91.711 182.139 84.925 88.032 88.268 25.396 17.160 87.224 38.799 35.147 33.878 13.297 46.398 45.540 202.613 54.176 36.746 11.865 36.611 41.841 18.756 42.705 36.957 19.212
51.907 207.560 207.560 92.941 92.941 25.494 208.244 3.592 43.065 200.798 201.614 29.448 53.470 90.385 92.876 201.519 42.003 207.928 208.469 19.206 39.807 47.021 43.703 21.123 0.000 93.420 207.646 91.709 53.273 53.636 96.029 43.963 26.230 208.613 89.011 30.996 30.665 208.569 23.604 209.056 24.622 48.935 91.545 29.000 208.085 38.758 24.041 24.456 52.190 24.490 25.639 97.289 28.622 42.083 90.129 42.974 91.208 50.485 45.947 42.279 41.881 96.769 186.846 90.785 92.739 92.975 29.500 19.586 91.931 49.390 39.249 37.565 20.199 56.989 56.131 207.320 64.767 47.337 19.248 47.202 52.432 24.670 53.296 41.059 28.387
79.104 167.158 167.158 16.482 16.482 98.489 167.842 94.719 88.751 160.396 161.212 88.690 81.221 24.797 11.933 161.117 87.356 167.526 168.067 89.958 90.455 74.218 88.112 89.184 93.713 0.000 167.244 18.166 81.024 81.387 37.745 93.719 88.512 168.211 24.703 87.319 87.172 168.167 88.577 168.654 88.480 76.132 24.320 87.930 167.683 83.936 88.250 87.935 79.386 87.574 87.482 36.485 88.323 88.314 24.221 84.122 26.648 77.682 89.109 87.479 91.708 33.197 146.444 18.710 4.942 16.030 90.229 89.902 17.678 76.586 91.604 82.208 89.588 84.740 83.882 166.918 89.452 74.534 89.655 74.399 79.629 88.501 80.492 90.912 87.802
196.475 9.857 9.857 178.955 178.955 211.473 7.183 207.704 201.735 29.660 29.232 201.675 197.416 172.550 168.310 25.788 200.341 4.115 7.758 202.943 203.440 194.303 201.096 202.169 206.697 167.314 0.000 169.604 197.328 197.490 168.577 206.704 201.496 10.383 172.509 200.303 200.156 10.113 201.562 14.462 201.464 195.154 177.558 200.914 5.750 198.623 201.234 200.919 196.600 200.558 200.467 168.017 201.308 201.299 172.295 198.705 173.373 195.843 202.093 200.463 204.692 166.555 71.330 169.845 168.173 178.988 203.213 202.886 177.945 195.356 204.588 197.854 202.572 198.980 198.599 8.375 202.437 194.444 202.640 194.384 196.708 201.486 197.092 203.896 200.786
75.727 169.428 169.428 27.172 27.172 96.988 170.112 93.218 87.250 162.666 163.482 87.189 77.843 19.266 13.127 163.387 84.425 169.797 170.337 88.457 88.954 70.840 86.124 87.683 92.212 18.587 169.515 0.000 77.647 78.010 42.853 92.218 87.011 170.481 21.325 84.341 84.009 170.437 87.076 170.924 86.953 72.754 14.050 85.715 169.953 80.559 86.435 85.725 76.009 84.914 84.708 41.593 86.600 86.580 12.125 80.744 23.271 74.305 87.608 84.700 90.207 38.305 148.714 4.115 17.056 26.720 88.728 88.401 28.368 73.209 90.103 78.830 88.087 81.363 80.505 169.189 87.951 71.156 88.154 71.022 76.251 87.000 77.115 89.411 85.427
19.373 197.693 197.693 78.167 78.167 66.548 198.377 58.066 45.985 190.931 191.747 44.501 13.340 72.415 78.021 191.651 42.275 198.061 198.601 47.353 49.987 21.197 46.542 45.612 55.802 79.244 197.779 75.395 0.000 17.460 94.564 57.165 44.099 198.746 69.325 41.415 41.084 198.702 44.246 199.189 44.027 15.647 75.025 42.789 198.218 38.409 43.509 42.800 9.347 41.988 41.782 95.784 43.675 45.003 71.840 35.049 74.267 11.465 42.474 42.688 47.945 94.323 176.979 73.315 77.713 78.243 49.971 47.226 75.895 12.452 49.690 36.680 46.520 10.587 11.972 197.453 29.342 26.742 46.672 24.122 10.303 44.075 22.500 48.134 42.502
31.661 196.841 196.841 76.251 76.251 64.632 197.525 56.150 43.496 190.080 190.896 42.585 17.636 70.500 76.105 190.800 40.359 197.210 197.750 45.438 47.332 26.775 42.058 43.696 53.886 77.329 196.928 73.480 17.440 0.000 93.713 54.676 42.183 197.894 67.409 39.499 39.168 197.851 42.331 198.338 42.112 28.552 73.109 40.874 197.366 36.493 41.593 40.884 24.188 40.073 39.866 94.933 41.759 42.514 69.925 36.679 72.351 30.239 42.817 40.635 48.288 93.471 176.127 71.399 75.797 76.327 48.055 45.311 73.979 25.357 50.033 34.765 44.605 20.327 19.468 196.602 29.685 27.091 44.756 26.956 29.835 42.159 33.049 48.477 40.586
94.941 170.352 170.352 65.447 65.447 101.453 171.035 97.683 99.399 163.590 164.406 91.345 95.882 49.506 39.965 164.310 98.807 170.720 171.260 92.613 97.951 92.769 99.562 91.839 96.677 37.724 170.438 42.876 95.795 95.956 0.000 99.798 91.166 171.404 49.412 89.974 89.826 171.361 91.232 171.848 91.135 93.620 62.305 90.584 170.877 97.089 90.904 90.589 95.067 90.228 90.137 10.308 90.978 98.962 48.931 97.171 51.358 94.309 100.559 98.929 98.872 17.010 149.637 43.420 39.656 58.928 93.776 92.556 63.174 93.822 97.703 96.321 92.243 97.446 97.065 170.112 100.903 92.910 92.310 92.850 95.174 91.156 95.558 98.507 90.457
36.178 205.455 205.455 90.836 90.836 52.946 206.139 47.164 28.579 198.693 199.509 45.166 38.506 88.280 90.771 199.413 25.703 205.823 206.363 48.311 28.201 38.715 24.632 47.140 45.444 91.315 205.541 89.604 42.208 42.916 105.530 0.000 52.557 206.508 86.789 46.279 46.070 206.464 42.217 206.951 41.523 40.249 89.440 44.717 205.980 27.708 45.037 44.327 40.756 45.721 43.310 103.546 44.340 27.597 88.024 33.464 89.103 38.356 20.563 22.679 21.812 102.085 184.741 88.680 90.634 90.870 40.703 50.439 89.826 40.704 27.904 30.435 49.733 37.729 36.871 205.215 29.472 37.733 48.353 38.897 38.464 41.570 36.166 26.348 44.105
39.846 202.199 202.199 87.580 87.580 36.976 202.883 28.494 44.123 195.437 196.253 25.690 41.407 82.554 87.515 196.158 42.311 202.567 203.108 20.481 40.865 34.959 44.009 19.277 26.230 88.059 202.285 85.534 41.211 41.574 90.317 45.021 0.000 203.252 79.463 21.993 21.662 203.208 22.512 203.695 24.126 36.873 85.164 23.367 202.724 39.065 19.386 19.801 40.127 18.292 21.881 91.577 24.864 43.141 81.979 43.281 84.406 38.423 46.254 42.586 42.939 91.057 181.485 83.453 87.379 87.614 31.087 20.354 86.033 37.328 40.307 37.872 17.262 44.927 44.069 201.959 52.705 35.275 19.800 35.141 40.370 24.173 41.233 42.117 23.080
197.441 11.510 11.510 179.921 179.921 212.440 4.415 208.670 202.701 31.834 31.406 202.641 198.382 173.517 169.276 27.962 201.307 7.858 10.197 203.909 204.406 195.269 202.062 203.135 207.664 168.280 10.383 170.570 198.295 198.456 169.543 207.670 202.462 0.000 173.475 201.270 201.122 4.428 202.528 4.132 202.431 196.120 178.524 201.880 5.465 199.589 202.200 201.885 197.567 201.525 201.433 168.983 202.274 202.265 173.261 199.671 174.340 196.809 203.059 201.429 205.658 167.521 73.504 170.811 169.139 179.955 204.180 203.853 178.911 196.322 205.554 198.821 203.539 199.946 199.565 10.678 203.403 195.410 203.606 195.350 197.674 202.452 198.058 204.863 201.753
72.646 172.329 172.329 37.999 37.999 95.619 173.013 91.849 84.481 165.567 166.383 84.345 74.762 9.997 23.891 166.288 81.343 172.697 173.238 87.088 87.585 67.759 83.042 85.456 90.843 25.114 172.415 21.265 74.566 74.929 49.380 90.849 83.943 173.382 0.000 81.260 80.928 173.338 84.091 173.825 83.872 69.673 29.522 82.634 172.854 77.478 83.353 82.644 72.928 81.833 81.626 48.120 83.519 83.499 17.710 77.663 14.762 71.223 85.287 81.619 88.837 44.832 151.615 19.185 23.583 38.075 87.359 87.031 35.726 70.128 88.733 75.749 86.365 78.282 77.423 172.089 86.059 68.075 86.516 67.940 73.170 83.919 74.034 88.042 82.346
35.945 200.465 200.465 84.405 84.405 41.794 201.149 33.313 38.592 193.704 194.520 12.227 37.507 78.653 84.259 194.424 32.591 200.834 201.374 25.300 35.333 31.058 34.290 21.637 31.049 85.482 200.552 81.633 37.310 37.673 88.584 39.490 22.045 201.518 75.563 0.000 4.168 201.475 20.272 201.962 20.053 32.972 81.263 5.618 200.990 29.345 19.535 18.826 36.227 19.935 16.708 89.843 9.693 37.609 78.078 33.561 80.505 34.523 36.534 32.866 37.407 89.324 179.751 79.553 83.951 84.481 20.829 25.173 82.133 33.427 34.776 28.153 24.467 41.026 40.168 200.226 48.804 31.375 24.619 31.240 36.469 20.101 37.333 36.586 7.290
35.613 200.318 200.318 84.073 84.073 41.098 201.002 32.616 38.131 193.556 194.372 14.065 37.175 78.322 83.927 194.277 34.180 200.686 201.227 24.603 34.873 30.726 35.879 21.177 30.352 85.151 200.404 81.302 36.979 37.342 88.436 39.029 21.714 201.371 75.231 4.168 0.000 201.327 19.811 201.814 19.592 32.641 80.932 8.083 200.843 30.934 19.074 18.365 35.895 19.603 15.815 89.696 9.798 37.149 77.747 35.150 80.173 34.191 38.123 34.455 36.947 89.176 179.604 79.221 83.619 84.149 21.268 24.476 81.801 33.095 34.315 29.741 23.770 40.695 39.837 200.078 48.473 31.043 23.922 30.908 36.138 19.640 37.001 36.125 7.667
197.398 14.943 14.943 179.877 179.877 212.396 7.967 208.627 202.658 31.736 31.308 202.598 198.338 173.473 169.232 27.864 201.264 7.843 9.860 203.866 204.363 195.226 202.019 203.091 207.620 168.237 10.113 170.526 198.251 198.413 169.499 207.626 202.419 4.428 173.431 201.226 201.079 0.000 202.485 7.380 202.387 196.077 178.481 201.837 5.197 199.546 202.157 201.842 197.523 201.481 201.389 168.939 202.231 202.221 173.218 199.628 174.296 196.766 203.016 201.386 205.615 167.478 73.406 170.768 169.095 179.911 204.136 203.809 178.867 196.279 205.511 198.777 203.495 199.903 199.521 14.230 203.359 195.367 203.563 195.307 197.631 202.408 198.015 204.819 201.709
36.078 202.246 202.246 87.627 87.627 34.350 202.930 25.868 34.040 195.484 196.300 18.907 41.513 82.660 87.562 196.205 32.978 202.614 203.155 20.521 30.782 35.064 34.677 16.967 23.604 88.106 202.332 85.639 41.317 41.680 90.364 34.938 22.512 203.299 79.569 20.272 19.811 203.255 0.000 203.742 3.207 36.979 85.269 18.459 202.771 29.733 10.640 12.630 40.233 14.137 11.760 91.624 18.081 33.058 82.084 33.949 84.511 38.529 36.922 33.254 32.856 91.104 181.532 83.559 87.425 87.661 20.475 20.394 86.139 37.433 30.224 28.540 19.688 45.033 44.175 202.006 44.556 35.381 20.715 35.246 38.364 4.023 36.066 32.034 17.846
197.885 10.413 10.413 180.364 180.364 212.883 7.618 209.113 203.145 32.832 32.404 203.085 198.825 173.960 169.719 28.960 201.751 11.062 14.225 204.353 204.849 195.713 202.506 203.579 208.107 168.723 14.462 171.013 198.738 198.899 169.986 208.113 202.906 4.132 173.919 201.713 201.566 7.380 202.971 0.000 202.874 196.564 178.968 202.324 9.562 200.033 202.644 202.329 198.010 201.968 201.876 169.426 202.717 202.708 173.705 200.115 174.783 197.253 203.503 201.873 206.102 167.965 74.502 171.255 169.582 180.398 204.623 204.296 179.354 196.766 205.998 199.264 203.982 200.390 200.008 10.632 203.847 195.854 204.050 195.794 198.118 202.895 198.502 205.306 202.196
35.384 202.149 202.149 87.530 87.530 35.368 202.832 26.886 33.346 195.387 196.203 18.688 41.294 82.441 87.465 196.107 32.285 202.517 203.057 21.691 30.088 34.846 33.984 18.550 24.622 88.009 202.235 85.421 41.098 41.461 90.267 34.244 24.126 203.201 79.350 20.053 19.592 203.158 3.207 203.645 0.000 36.760 85.051 18.240 202.674 29.039 11.948 10.837 40.014 15.480 9.548 91.527 15.870 32.364 81.866 33.255 84.292 38.310 36.228 32.560 32.162 91.007 181.434 83.340 87.328 87.564 19.781 22.009 85.920 37.214 29.530 27.846 21.302 44.814 43.956 201.909 43.863 35.162 21.733 35.027 37.670 1.815 35.372 31.340 17.627
17.665 195.821 195.821 73.955 73.955 63.272 196.504 54.791 32.681 189.059 189.875 41.225 26.288 68.203 73.809 189.779 29.543 196.189 196.729 44.078 36.516 7.475 31.243 42.337 52.527 75.032 195.907 71.183 15.647 27.914 94.472 43.860 40.824 196.873 65.112 38.140 37.808 196.830 40.971 197.317 40.752 0.000 70.813 39.514 196.346 24.812 40.234 39.525 9.568 38.714 38.507 93.912 40.400 31.699 67.628 23.037 70.055 11.358 33.487 29.819 39.334 92.451 175.106 69.102 73.501 74.031 35.994 43.951 71.682 3.195 39.100 23.935 43.245 24.920 25.653 195.581 33.951 17.203 43.397 10.912 14.513 40.800 18.446 37.544 39.227
76.168 178.778 178.778 18.403 18.403 97.184 179.461 93.414 87.446 172.016 172.832 87.385 78.284 30.303 20.707 172.736 84.866 179.146 179.686 88.653 89.150 71.281 86.565 87.879 92.408 24.320 178.864 14.050 78.088 78.451 65.466 92.414 87.207 179.831 29.522 84.782 84.450 179.787 87.272 180.274 87.175 73.195 0.000 86.156 179.303 81.000 86.876 86.167 76.450 85.355 85.149 64.206 87.018 87.009 14.393 81.185 36.378 74.746 87.804 85.141 90.403 60.918 158.063 10.498 24.870 18.479 88.924 88.597 15.249 73.650 90.299 79.271 88.283 81.804 80.946 178.538 88.147 71.597 88.351 71.463 76.692 87.196 77.556 89.607 85.868
37.319 201.076 201.076 85.779 85.779 39.745 201.760 31.263 36.778 194.314 195.130 6.918 38.881 80.028 85.633 195.035 32.827 201.445 201.985 23.251 33.520 32.432 34.526 19.824 29.000 86.856 201.163 83.008 38.685 39.047 89.195 37.676 23.419 202.129 76.937 5.618 8.083 202.085 18.459 202.572 18.240 34.346 82.637 0.000 201.601 29.581 17.722 17.012 37.601 18.406 14.735 90.454 7.558 35.796 79.453 33.798 81.879 35.897 36.770 33.103 35.594 89.934 180.362 80.927 85.325 85.855 19.916 23.124 83.507 34.801 32.962 28.389 22.418 42.401 41.543 200.837 50.178 32.749 22.569 32.614 37.843 18.287 38.707 34.772 3.615
196.913 12.712 12.712 179.393 179.393 211.912 5.568 208.142 202.173 30.646 30.218 202.113 197.854 172.989 168.748 26.774 200.779 3.478 9.678 203.381 203.878 194.742 201.534 202.607 207.136 167.752 5.750 170.042 197.767 197.928 169.015 207.142 201.935 5.465 172.947 200.742 200.594 5.197 202.000 9.562 201.903 195.592 177.996 201.353 0.000 199.061 201.673 201.357 197.039 200.997 200.905 168.455 201.746 201.737 172.733 199.143 173.812 196.281 202.532 200.902 205.131 166.993 72.316 170.284 168.611 179.427 203.652 203.325 178.383 195.794 205.026 198.293 203.011 199.418 199.037 11.378 202.875 194.882 203.078 194.822 197.147 201.924 197.530 204.335 201.225
20.249 198.635 198.635 80.288 80.288 51.093 199.319 42.611 23.837 191.874 192.690 29.507 34.080 74.536 80.142 192.594 20.699 199.004 199.544 37.417 27.672 23.371 22.398 36.245 40.347 81.365 198.722 77.516 33.884 34.247 97.287 35.016 40.707 199.688 71.445 30.935 32.524 199.645 31.322 200.132 30.628 25.286 77.146 31.171 199.160 0.000 34.142 33.433 24.827 34.826 32.415 96.727 31.417 22.855 73.961 16.352 76.387 22.427 24.642 19.855 30.490 95.265 177.921 75.435 79.833 80.364 27.150 39.544 78.015 25.740 30.255 4.495 38.838 30.402 29.544 198.396 22.850 22.389 37.458 23.553 22.535 30.676 20.238 28.700 30.559
38.497 201.600 201.600 86.957 86.957 34.787 202.283 26.305 36.860 194.838 195.654 18.170 40.059 81.206 86.811 195.558 36.214 201.968 202.508 18.293 33.602 33.611 40.576 10.652 24.041 87.460 201.686 84.186 39.863 40.226 89.718 37.759 19.386 202.653 78.115 19.535 19.074 202.609 10.640 203.096 11.948 35.525 83.816 17.722 202.125 32.968 0.000 1.990 38.779 4.112 6.968 90.978 14.352 35.879 80.631 37.184 83.057 37.075 42.820 36.489 35.676 90.458 180.885 82.105 86.503 87.015 23.293 18.165 84.685 35.979 33.044 31.775 17.459 43.579 42.721 201.360 51.356 33.927 17.611 33.792 39.022 13.763 39.885 34.854 17.109
38.912 201.784 201.784 87.166 87.166 35.202 202.468 26.720 37.275 195.022 195.839 18.585 40.474 81.621 87.101 195.743 36.629 202.153 202.693 18.707 34.017 34.025 40.990 12.642 24.456 87.644 201.871 84.601 40.278 40.641 89.903 38.174 19.801 202.837 78.530 19.950 19.489 202.793 12.630 203.281 10.837 35.940 84.230 18.136 202.309 33.383 1.990 0.000 39.194 5.260 5.350 91.162 12.733 36.293 81.046 37.599 83.472 37.490 43.235 36.904 36.091 90.642 181.070 82.520 86.918 87.199 23.708 18.581 85.100 36.394 33.459 32.191 17.874 43.994 43.136 201.545 51.772 34.342 18.026 34.207 39.436 12.652 40.300 35.269 17.257
15.683 197.628 197.628 78.021 78.021 67.339 198.312 58.857 33.374 190.866 191.682 39.044 20.467 72.270 77.875 191.587 30.237 197.997 198.537 48.145 37.209 15.072 31.936 46.403 56.593 79.098 197.715 75.250 9.347 24.188 96.279 44.553 44.890 198.681 69.179 42.207 41.875 198.637 40.860 199.124 40.166 9.568 74.879 40.709 198.153 25.505 44.301 43.591 0.000 42.780 42.574 95.720 40.955 32.392 71.694 23.731 74.121 6.513 34.180 30.512 40.027 94.258 176.914 73.169 77.567 78.097 36.687 48.018 75.749 6.373 39.793 24.629 47.311 16.295 17.028 197.389 34.644 19.988 47.463 18.043 6.613 40.213 19.139 38.237 40.096
37.735 201.261 201.261 86.196 86.196 35.236 201.945 26.754 37.545 194.499 195.315 18.855 39.297 80.444 86.050 195.220 36.898 201.630 202.170 18.977 34.286 32.849 41.260 13.142 24.490 87.121 201.348 83.424 39.101 39.464 89.380 38.443 18.292 202.314 77.353 19.883 19.551 202.270 14.137 202.757 15.480 34.763 83.053 18.406 201.786 33.652 4.112 5.260 38.017 0.000 8.602 90.639 16.582 36.562 79.869 37.868 82.295 36.313 43.504 37.173 36.360 90.119 180.547 81.343 85.742 86.272 23.977 18.850 83.923 35.217 33.729 32.460 18.143 42.817 41.959 201.021 50.594 33.165 18.295 33.030 38.260 17.293 39.123 35.539 17.793
36.752 200.824 200.824 85.212 85.212 37.688 201.507 29.206 36.378 194.062 194.878 16.028 38.313 79.460 85.066 194.783 36.279 201.192 201.733 21.194 33.120 31.865 40.093 17.170 26.942 86.289 200.910 82.440 38.117 38.480 88.942 37.276 20.958 201.877 76.369 16.708 15.815 201.833 11.760 202.320 9.548 33.779 82.070 14.735 201.349 33.033 6.968 5.350 37.033 8.602 0.000 90.202 8.260 35.396 78.885 37.249 81.312 35.329 42.337 39.308 35.194 89.682 180.109 80.359 84.758 85.288 23.368 21.067 82.939 34.233 32.562 31.840 20.361 41.833 40.975 200.584 49.611 32.181 20.512 32.046 37.276 11.363 38.139 34.372 12.783
94.381 169.792 169.792 64.187 64.187 102.712 170.476 98.943 99.641 163.030 163.846 92.604 95.322 48.247 38.705 163.751 98.247 170.160 170.701 93.872 99.210 92.210 99.002 93.098 97.936 36.464 169.878 41.617 95.235 95.396 10.308 101.057 92.426 170.845 48.153 91.233 91.086 170.801 92.491 171.288 92.394 93.060 61.045 91.844 170.317 96.529 92.164 91.849 94.507 91.488 91.396 0.000 92.237 99.205 47.671 96.611 50.098 93.749 100.000 98.370 100.132 14.962 149.078 42.160 38.397 63.625 95.036 93.816 61.914 93.262 98.962 95.761 93.502 96.886 96.505 169.552 100.343 92.350 93.569 92.290 94.615 92.415 94.998 99.767 91.716
38.657 201.671 201.671 87.052 87.052 39.368 202.355 30.886 36.401 194.909 195.725 9.888 40.219 81.366 86.972 195.630 33.073 202.039 202.580 22.874 33.143 33.771 34.772 19.447 28.622 87.531 201.757 84.346 40.023 40.386 89.789 37.299 24.864 202.724 78.275 9.693 9.798 202.680 18.081 203.167 15.870 35.685 83.976 7.558 202.196 29.827 14.352 12.733 38.939 16.582 8.260 91.049 0.000 35.419 80.791 34.044 83.218 37.235 37.016 33.349 35.217 90.529 180.957 82.265 86.664 87.086 20.162 22.747 84.845 36.139 32.585 28.635 22.040 43.739 42.881 201.431 51.517 34.087 22.192 33.952 39.182 17.685 36.161 34.395 5.607
30.578 203.226 203.226 88.607 88.607 42.688 203.909 37.964 3.523 196.464 197.280 35.967 40.494 84.864 88.542 197.184 10.103 203.594 204.134 39.112 16.185 33.700 15.440 37.940 36.245 89.086 203.312 87.375 44.212 44.575 97.981 27.464 43.358 204.278 81.773 37.331 36.871 204.235 33.017 204.722 32.324 35.614 87.211 35.518 203.751 22.692 35.837 35.128 35.156 36.522 34.110 101.317 35.141 0.000 84.289 28.449 86.716 32.755 16.353 12.613 25.245 99.856 182.511 85.763 88.405 88.641 31.503 41.240 87.597 36.068 25.243 25.420 40.534 39.717 38.858 202.986 31.460 32.717 39.153 33.881 32.864 32.371 30.566 23.687 34.906
74.745 170.155 170.155 32.228 32.228 96.552 170.839 92.782 86.580 163.393 164.209 86.444 76.861 19.670 18.999 164.113 83.443 170.523 171.063 88.021 88.518 69.858 85.142 87.247 91.776 20.222 170.241 12.125 76.665 77.028 44.488 91.782 86.042 171.208 20.343 83.359 83.027 171.164 86.190 171.651 85.971 71.772 14.393 84.733 170.680 79.577 85.453 84.743 75.027 83.932 83.726 43.228 85.618 85.598 0.000 79.763 21.785 73.322 87.171 83.718 89.770 39.940 149.441 8.622 18.691 31.777 88.292 87.964 33.425 72.227 89.666 77.848 87.651 80.381 79.523 169.915 87.515 70.174 87.718 70.040 75.269 86.018 76.133 88.975 84.445
20.913 199.229 199.229 81.623 81.623 54.501 199.913 46.019 27.244 192.467 193.283 32.914 27.734 75.872 81.477 193.188 24.107 199.597 200.138 40.824 31.079 24.707 25.806 39.653 43.755 82.700 199.315 78.851 31.435 32.144 97.880 38.423 44.114 200.282 72.781 34.342 35.931 200.238 34.730 200.725 34.036 24.984 78.481 34.579 199.754 16.352 37.550 36.841 25.491 38.234 35.823 97.321 34.825 26.262 75.296 0.000 77.723 23.091 28.050 24.383 33.898 95.859 178.515 76.771 81.169 81.699 30.557 42.952 79.351 25.438 33.663 16.910 42.246 26.956 26.098 198.989 25.588 23.725 40.866 24.889 23.198 34.084 16.927 32.107 33.966
74.591 172.839 172.839 39.944 39.944 96.483 173.522 92.713 86.426 166.077 166.893 86.290 76.707 8.577 25.038 166.797 83.289 173.207 173.747 87.953 88.449 69.704 84.988 87.179 91.707 26.261 172.925 22.412 76.511 76.874 50.527 91.713 85.889 173.892 14.762 83.205 82.873 173.848 86.036 174.335 85.817 71.619 36.802 84.579 173.364 79.423 85.299 84.590 74.873 83.778 83.572 49.267 85.464 85.444 19.656 79.609 0.000 73.169 87.103 83.564 89.702 45.979 152.124 19.818 24.730 40.020 88.223 87.896 37.672 72.073 89.598 77.694 87.582 80.227 79.369 172.599 87.447 70.021 87.650 69.886 75.115 85.865 75.979 88.906 84.291
9.745 196.448 196.448 75.367 75.367 64.684 197.132 56.202 30.788 189.686 190.503 36.458 22.838 69.615 75.220 190.407 27.651 196.817 197.357 45.490 34.623 13.557 29.350 43.749 53.938 76.444 196.535 72.595 11.465 29.326 95.100 41.967 42.236 197.501 66.524 39.552 39.220 197.458 38.274 197.945 37.580 11.358 72.224 38.122 196.973 22.919 41.646 40.937 6.513 40.125 39.919 94.540 38.368 29.806 69.040 21.144 71.466 0.000 31.594 27.926 37.441 93.078 175.734 70.514 74.912 75.442 34.101 45.363 73.094 8.508 37.207 22.043 44.657 18.413 19.147 196.209 32.058 16.948 44.809 16.993 5.962 37.627 16.553 35.651 37.510
27.971 202.067 202.067 87.449 87.449 47.494 202.751 41.711 16.347 195.306 196.122 37.229 41.802 82.258 87.384 196.026 7.495 202.436 202.976 42.859 21.628 31.093 4.502 41.687 39.991 87.927 202.154 85.238 41.606 41.969 100.719 29.928 48.429 203.120 79.167 38.657 40.246 203.077 36.764 203.564 36.070 33.008 84.868 38.893 202.592 20.086 39.584 38.875 32.549 40.268 37.857 100.159 39.139 16.353 81.683 25.843 84.109 30.149 0.000 7.730 22.255 98.697 181.353 83.157 87.247 87.483 34.872 44.986 85.737 33.462 22.252 22.813 44.280 39.630 38.772 201.828 31.374 30.111 42.900 31.275 30.257 36.118 27.960 20.697 38.281
24.914 200.709 200.709 84.953 84.953 49.437 201.392 47.276 14.852 193.947 194.763 34.172 38.745 79.201 84.806 194.667 4.508 201.077 201.617 42.081 21.462 28.036 8.092 40.910 45.012 86.029 200.795 82.181 38.549 38.912 99.360 32.742 45.372 201.761 76.110 35.600 37.188 201.718 35.987 202.205 35.293 29.951 81.811 35.836 201.233 17.029 38.807 38.098 29.492 39.491 37.080 98.800 36.082 12.613 78.626 22.785 81.052 27.092 7.730 0.000 22.724 97.339 179.994 80.100 84.498 85.028 31.814 44.209 82.680 30.405 24.581 19.756 43.503 36.573 35.715 200.469 28.317 27.054 42.123 28.218 27.200 35.341 24.903 23.025 35.223
34.676 205.047 205.047 90.429 90.429 44.956 205.731 37.900 29.130 198.286 199.102 35.903 43.326 87.872 90.364 199.006 24.787 205.416 205.956 39.047 19.852 37.799 20.918 37.876 36.180 90.907 205.134 89.197 47.028 47.737 97.953 21.812 43.293 206.100 85.872 37.267 36.806 206.057 32.954 206.544 32.260 39.713 89.032 35.454 205.572 26.791 35.773 35.064 39.254 36.457 34.046 99.212 35.077 28.148 87.617 32.548 88.695 36.854 21.325 21.762 0.000 98.693 184.333 88.272 90.227 90.463 31.439 41.176 89.419 40.167 12.525 29.518 40.469 42.549 41.691 204.808 34.292 36.816 39.089 37.980 36.962 32.307 34.665 14.483 34.841
92.920 168.330 168.330 60.898 60.898 102.193 169.014 98.423 98.180 161.569 162.385 92.085 93.860 44.958 35.416 162.289 96.786 168.699 169.239 93.353 98.690 90.748 97.541 92.579 97.417 33.176 168.417 38.328 93.773 93.935 17.010 100.538 91.906 169.383 44.864 90.713 90.566 169.340 91.972 169.827 91.874 91.599 57.757 91.324 168.855 95.068 91.644 91.329 93.045 90.968 90.877 14.962 91.718 97.743 44.383 95.150 46.810 92.288 98.538 96.908 99.612 0.000 147.616 38.872 35.108 54.948 94.516 93.296 58.626 91.801 98.442 94.299 92.982 95.425 95.043 168.091 98.881 90.889 93.050 90.829 93.153 91.895 93.537 100.341 91.196
175.553 72.235 72.235 158.033 158.033 190.551 73.773 186.782 180.813 57.021 58.857 180.753 176.494 151.628 147.388 58.642 179.419 73.064 74.279 182.021 182.518 173.381 180.174 181.247 185.775 146.392 72.429 148.682 176.406 176.568 147.655 185.782 180.574 74.603 151.587 179.381 179.234 74.506 180.640 75.602 180.542 174.232 156.636 179.992 73.416 177.701 180.312 179.997 175.678 179.636 179.545 147.095 180.386 180.377 151.373 177.783 152.451 174.921 181.171 179.541 183.770 145.633 0.000 148.923 147.251 158.066 182.291 181.964 157.023 174.434 183.666 176.932 181.650 178.058 177.677 71.695 181.515 173.522 181.718 173.462 175.786 180.564 176.170 182.974 179.864
73.653 169.669 169.669 26.543 26.543 96.066 170.353 92.297 85.488 162.908 163.724 85.352 75.769 18.064 14.313 163.628 82.351 170.038 170.578 87.536 88.033 68.766 84.049 86.463 91.290 19.130 169.756 4.115 75.573 75.936 43.396 91.296 84.950 170.722 19.251 82.267 81.935 170.679 85.098 171.166 84.879 70.680 10.498 83.641 170.194 78.485 84.361 83.651 73.935 82.840 82.634 42.136 84.526 84.506 8.622 78.671 20.178 72.230 86.294 82.626 89.285 38.848 148.955 0.000 17.599 26.092 87.806 87.479 27.740 71.135 89.181 76.756 87.165 79.289 78.431 169.430 87.029 69.082 87.233 68.948 74.177 84.926 75.041 88.489 83.353
79.265 167.203 167.203 17.108 17.108 98.561 167.887 94.791 88.822 160.442 161.258 88.762 81.381 24.957 8.185 161.162 87.428 167.572 168.112 90.030 90.527 74.378 88.183 89.256 93.785 4.942 167.290 18.327 81.185 81.548 37.847 93.791 88.583 168.256 24.863 87.391 87.243 168.213 88.649 168.700 88.552 76.292 24.870 88.001 167.728 84.097 88.321 88.006 79.547 87.645 87.554 36.587 88.395 88.386 24.382 84.283 26.809 77.843 89.180 87.550 91.779 33.299 146.489 18.871 0.000 16.657 90.301 89.973 18.305 76.747 91.675 82.368 89.659 84.901 84.043 166.964 89.524 74.695 89.727 74.560 79.789 88.573 80.653 90.984 87.873
79.386 180.208 180.208 8.638 8.638 98.614 180.892 94.845 88.876 173.446 174.262 88.816 81.502 37.745 17.790 174.167 87.482 180.577 181.117 90.084 90.581 74.499 88.237 89.310 93.838 16.030 180.295 26.720 81.306 81.669 58.928 93.844 88.637 181.261 34.654 87.444 87.297 181.217 88.703 181.704 88.605 76.413 18.479 88.055 180.733 84.218 88.375 88.060 79.668 87.699 87.607 63.625 88.449 88.439 31.777 84.404 39.596 77.964 89.234 87.604 91.833 54.948 159.494 26.092 16.657 0.000 90.354 90.027 9.835 76.868 91.729 82.489 89.713 85.022 84.164 179.968 89.578 74.816 89.781 74.680 79.910 88.626 80.774 91.037 87.927
31.905 203.188 203.188 88.569 88.569 40.245 203.872 31.764 32.773 196.426 197.242 19.401 43.633 84.779 88.505 197.147 28.806 203.557 204.097 26.569 29.515 35.027 30.505 25.078 29.500 89.048 203.275 87.337 43.436 43.799 92.265 33.671 30.601 204.241 81.689 20.829 21.268 204.197 20.475 204.684 19.781 36.941 87.173 19.916 203.713 25.560 22.976 22.266 36.483 23.660 21.248 93.524 20.162 31.682 84.204 29.776 86.631 34.083 32.749 29.081 31.589 93.005 182.474 85.679 88.368 88.603 0.000 28.378 87.559 37.396 28.957 24.367 27.671 47.152 46.294 202.949 40.384 34.045 26.610 35.209 34.191 19.828 31.894 30.767 19.303
42.973 203.589 203.589 88.971 88.971 30.591 204.273 22.109 42.263 196.827 197.643 23.573 44.535 85.682 88.906 197.548 41.473 203.958 204.498 6.037 39.005 38.087 43.172 17.160 19.845 89.449 203.676 87.739 44.339 44.702 91.708 43.161 20.354 204.642 82.591 24.937 24.476 204.599 20.394 205.085 22.009 40.001 87.574 23.124 204.114 38.227 18.165 18.581 43.255 18.850 19.763 92.967 22.747 41.281 85.107 42.444 87.237 41.551 45.416 41.749 41.078 92.447 182.875 86.581 88.769 89.004 28.969 0.000 87.961 40.455 38.447 37.035 7.847 48.055 47.197 203.349 55.833 38.403 10.767 38.268 43.498 22.056 44.361 40.257 22.511
77.064 179.176 179.176 1.197 1.197 97.583 179.860 93.813 87.844 172.415 173.231 87.784 79.180 35.423 19.438 173.135 85.762 179.545 180.085 89.052 89.549 72.178 87.205 88.278 92.807 17.678 179.263 28.368 78.984 79.347 66.362 92.813 87.605 180.229 32.332 85.678 85.347 180.186 87.671 180.673 87.574 74.092 15.276 87.023 179.701 81.897 87.343 87.028 77.346 86.251 86.045 65.102 87.417 87.408 33.425 82.082 37.274 75.642 88.202 86.038 90.801 61.814 158.462 27.740 18.305 9.835 89.323 88.995 0.000 74.546 90.697 80.168 88.681 82.700 81.842 178.937 88.546 72.494 88.749 72.359 77.589 87.595 78.452 90.005 86.765
17.343 196.023 196.023 74.409 74.409 63.727 196.706 55.245 33.135 189.261 190.077 41.680 23.093 68.658 74.263 189.981 29.998 196.391 196.931 44.533 36.971 9.290 31.697 42.791 52.981 75.486 196.109 71.638 12.452 25.357 94.674 44.314 41.278 197.075 65.567 38.595 38.263 197.032 41.426 197.519 41.207 3.195 71.267 39.969 196.548 25.266 40.689 39.980 6.373 39.168 38.962 94.114 40.854 32.153 68.083 23.492 70.509 8.508 33.941 30.274 39.789 92.653 175.308 69.557 73.955 74.485 36.448 44.406 72.137 0.000 39.554 24.390 43.700 21.725 22.458 195.783 34.405 17.658 43.851 12.152 11.318 41.254 18.901 37.998 39.681
34.671 205.045 205.045 90.426 90.426 40.777 205.729 35.491 27.485 198.283 199.099 33.493 45.112 87.870 90.361 199.004 24.781 205.413 205.954 36.638 17.249 37.793 20.913 35.467 33.771 90.905 205.131 89.195 48.306 48.669 96.882 28.383 40.884 206.098 85.867 34.858 34.397 206.054 30.544 206.541 29.850 39.707 89.030 33.045 205.570 26.786 33.364 32.655 39.249 34.048 31.637 98.141 32.668 26.503 87.615 32.542 88.693 36.849 21.320 21.757 12.525 97.622 184.331 88.270 90.225 90.460 29.030 38.766 89.416 40.162 0.000 29.513 38.060 44.334 43.476 204.805 36.078 36.811 36.680 37.975 36.957 29.898 34.660 8.523 32.432
20.095 198.567 198.567 80.133 80.133 48.022 199.250 39.540 22.766 191.805 192.621 26.436 33.925 74.381 79.987 192.525 19.629 198.935 199.475 34.346 26.602 23.216 21.328 33.174 37.276 81.210 198.653 77.361 33.729 34.092 97.218 33.946 37.636 199.619 71.290 27.864 29.453 199.576 28.251 200.063 27.558 25.131 76.991 28.100 199.091 4.495 31.071 30.362 24.673 31.756 29.344 96.658 28.346 21.785 73.806 16.910 76.233 22.273 23.572 19.905 29.420 95.197 177.852 75.280 79.678 80.209 24.079 36.474 77.860 25.585 29.185 0.000 35.767 30.247 29.389 198.327 23.408 22.234 34.387 23.398 22.380 27.605 20.083 27.629 27.487
42.267 203.275 203.275 88.657 88.657 31.204 203.959 22.723 41.556 196.513 197.330 22.866 43.829 84.976 88.592 197.234 40.767 203.644 204.184 7.667 38.298 37.380 42.466 13.297 20.459 89.135 203.362 87.425 43.633 43.996 91.394 42.454 17.262 204.328 81.885 24.231 23.770 204.285 19.688 204.772 21.302 39.295 87.260 22.418 203.800 37.521 17.459 17.874 42.549 18.143 19.057 92.653 22.040 40.574 84.401 41.737 86.827 40.845 44.710 41.042 40.372 92.133 182.561 85.875 88.455 88.690 28.263 7.847 87.647 39.749 37.740 36.329 0.000 47.349 46.491 203.036 55.126 37.697 6.410 37.562 42.791 21.349 43.655 39.550 21.805
26.322 198.897 198.897 80.877 80.877 69.257 199.581 60.776 38.794 192.135 192.951 47.210 5.853 75.125 80.731 192.856 35.438 199.266 199.806 50.063 42.795 28.562 39.351 48.322 58.511 81.954 198.984 78.105 10.587 20.170 95.768 49.973 46.808 199.950 72.034 44.125 43.793 199.907 46.956 200.393 46.737 24.920 77.735 45.499 199.422 30.705 46.219 45.510 16.295 44.698 44.492 96.989 46.385 37.812 74.550 29.877 76.977 18.413 35.282 35.496 40.753 95.527 178.183 76.025 80.423 80.953 41.888 49.936 78.604 21.725 42.499 29.830 49.230 0.000 3.415 198.658 24.170 31.716 49.382 31.582 17.252 46.785 23.447 40.943 45.211
27.055 198.516 198.516 80.019 80.019 68.399 199.199 59.917 37.936 191.754 192.570 46.352 9.268 74.267 79.873 192.474 34.579 198.884 199.424 49.205 41.937 29.295 38.493 47.464 57.653 81.096 198.602 77.247 11.972 19.312 95.387 49.115 45.950 199.569 71.176 43.267 42.935 199.525 46.098 200.012 45.879 25.653 76.877 44.641 199.041 29.847 45.361 44.651 17.028 43.840 43.634 96.607 45.526 36.954 73.692 29.019 76.118 19.147 34.424 34.638 39.895 95.146 177.801 75.166 79.564 80.095 41.029 49.078 77.746 22.458 41.641 28.971 48.372 3.415 0.000 198.276 23.312 30.858 48.523 30.723 17.985 45.926 23.265 40.085 44.353
196.149 5.778 5.778 178.628 178.628 211.147 6.263 207.378 201.409 28.926 28.498 201.349 197.089 172.224 167.983 25.054 200.015 9.175 15.755 202.617 203.114 193.977 200.770 201.843 206.371 166.988 8.375 169.278 197.002 197.164 168.250 206.377 201.170 10.678 172.183 199.977 199.830 14.230 201.236 10.632 201.138 194.828 177.232 200.588 11.378 198.297 200.908 200.593 196.274 200.232 200.141 167.691 200.982 200.973 171.969 198.379 173.047 195.517 201.767 200.137 204.366 166.229 70.596 169.519 167.847 178.662 202.887 202.560 177.618 195.030 204.262 197.528 202.246 198.654 198.273 0.000 202.111 194.118 202.314 194.058 196.382 201.159 196.766 203.570 200.460
29.855 202.541 202.541 87.923 87.923 77.457 203.225 68.975 37.553 195.780 196.596 43.224 24.742 83.325 87.858 196.500 34.416 202.910 203.450 51.133 42.463 35.733 36.115 56.521 66.711 88.401 202.628 86.305 28.444 29.152 99.413 48.733 55.008 203.594 80.234 44.652 51.993 203.551 45.039 204.038 44.345 33.925 85.934 44.888 203.066 22.850 54.419 53.709 34.432 52.898 52.691 100.633 45.134 36.571 82.749 25.880 85.176 32.032 34.950 35.164 37.906 99.171 181.827 84.224 87.721 87.957 40.867 58.136 86.804 34.380 42.166 23.408 57.430 23.965 23.107 202.302 0.000 34.751 51.175 35.915 32.140 44.393 19.657 40.611 44.276
13.303 196.953 196.953 76.502 76.502 55.675 197.637 47.194 28.405 190.191 191.007 34.089 30.295 70.751 76.356 190.912 25.268 197.321 197.862 41.999 32.241 15.758 26.967 40.827 44.929 77.579 197.039 73.731 26.742 30.462 95.604 39.584 43.371 198.006 67.660 35.517 37.106 197.962 35.905 198.449 35.211 18.910 73.361 35.753 197.478 21.403 38.725 38.015 21.148 39.409 36.998 95.045 35.999 27.423 70.175 21.588 72.602 16.948 29.211 25.544 35.059 93.583 176.239 71.650 76.048 76.578 31.732 44.127 74.230 20.598 34.824 19.674 43.421 33.690 32.957 196.713 32.501 0.000 42.040 16.575 17.635 35.258 17.958 33.268 35.141
42.419 203.343 203.343 88.724 88.724 30.253 204.026 21.771 40.176 196.581 197.397 23.018 43.981 85.127 88.659 197.301 39.114 203.711 204.251 7.025 36.918 37.532 40.813 11.865 19.507 89.203 203.429 87.492 43.784 44.147 91.461 41.074 19.800 204.395 82.037 24.383 23.922 204.352 20.715 204.839 21.733 39.446 87.328 22.569 203.868 35.869 17.611 18.026 42.700 18.295 19.209 92.721 22.192 39.194 84.552 40.085 86.979 40.996 43.057 39.390 38.992 92.201 182.628 86.027 88.522 88.758 26.610 10.767 87.714 39.901 36.360 34.676 6.410 47.501 46.642 203.103 55.278 37.849 0.000 37.714 42.943 21.781 43.807 38.170 21.957
17.442 195.051 195.051 72.222 72.222 61.540 195.734 53.058 31.876 188.289 189.105 39.493 26.015 66.470 72.076 189.009 28.739 195.419 195.959 42.346 35.711 4.000 30.438 40.604 50.794 73.299 195.137 69.450 24.122 26.181 93.702 43.055 39.091 196.103 63.380 36.407 36.076 196.060 39.239 196.547 39.020 10.912 69.080 37.782 195.576 24.873 38.501 37.792 18.043 36.981 36.774 93.142 38.667 30.894 65.895 25.059 68.322 16.993 32.682 29.015 38.530 91.681 174.336 67.370 71.768 72.298 35.203 42.219 69.950 12.152 38.295 23.144 41.513 29.534 28.676 194.811 37.312 16.575 41.664 0.000 18.541 39.067 19.874 36.739 37.494
9.577 196.609 196.609 75.729 75.729 65.047 197.293 56.565 31.082 189.848 190.664 36.752 21.677 69.977 75.583 190.568 27.944 196.978 197.518 45.853 34.917 16.795 29.644 44.111 54.301 76.806 196.696 72.957 10.303 29.688 95.261 42.261 42.598 197.662 66.886 39.914 39.583 197.619 38.568 198.106 37.874 14.513 72.587 38.416 197.134 23.212 42.008 41.299 6.613 40.488 40.281 94.701 38.662 30.100 69.402 21.438 71.829 5.962 31.888 28.220 37.735 93.239 175.895 70.876 75.275 75.805 34.395 45.726 73.456 11.318 37.501 22.337 45.019 17.252 17.985 196.370 32.352 17.635 45.171 18.461 0.000 37.921 17.565 35.945 37.804
35.431 202.170 202.170 87.551 87.551 35.416 202.853 26.934 33.394 195.408 196.224 18.736 41.341 82.488 87.486 196.128 32.332 202.538 203.078 21.739 30.136 34.893 34.031 18.756 24.670 88.030 202.256 85.468 41.145 41.508 90.288 34.292 24.173 203.223 79.397 20.101 19.640 203.179 4.023 203.666 1.815 36.807 85.098 18.287 202.695 29.087 13.763 12.652 40.061 17.293 11.363 91.548 17.685 32.412 81.913 33.303 84.340 38.357 36.275 32.608 32.209 91.028 181.455 83.388 87.349 87.585 19.828 22.056 85.967 37.262 29.578 27.894 21.349 44.861 44.003 201.930 43.910 35.209 21.781 35.075 37.717 0.000 35.420 31.387 17.675
11.902 197.262 197.262 77.198 77.198 55.564 197.946 47.082 28.307 190.501 191.317 33.978 29.300 71.447 77.052 191.221 25.170 197.631 198.171 41.888 32.143 19.007 26.870 40.716 44.819 78.275 197.349 74.426 22.500 31.157 95.914 39.487 44.067 198.315 68.356 35.406 36.995 198.272 35.793 198.759 35.100 18.503 74.056 35.642 197.787 20.438 38.613 37.904 19.010 39.298 36.886 95.354 35.888 27.326 70.871 16.927 73.298 16.610 29.114 25.446 34.961 93.892 176.548 72.346 76.744 77.274 31.621 44.016 74.926 18.957 34.727 19.562 43.309 23.447 23.265 197.023 19.657 19.165 41.929 19.930 17.565 35.147 0.000 33.170 35.029
35.502 205.414 205.414 90.796 90.796 43.885 206.098 38.599 25.727 198.652 199.469 36.602 45.942 88.239 90.731 199.373 25.612 205.783 206.323 39.746 17.708 38.624 21.744 38.575 36.879 91.274 205.501 89.564 49.136 49.499 98.263 26.872 43.992 206.467 86.698 37.966 37.505 206.423 33.653 206.911 32.959 40.538 89.399 36.153 205.939 27.616 36.472 35.763 40.080 37.157 34.745 99.523 35.776 24.745 87.984 33.373 89.062 37.680 22.151 22.587 14.483 99.003 184.700 88.639 90.594 90.829 32.138 41.875 89.786 40.992 8.523 30.344 41.168 45.165 44.306 205.175 36.908 37.642 39.788 38.805 37.787 33.006 35.490 0.000 35.540
37.031 200.948 200.948 85.492 85.492 39.133 201.632 30.651 36.166 194.187 195.003 6.485 38.593 79.740 85.345 194.907 32.215 201.317 201.857 22.639 32.908 32.145 33.913 19.212 28.387 86.569 201.035 82.720 38.397 38.760 89.067 37.064 23.132 202.001 76.649 7.290 7.667 201.958 17.846 202.445 17.627 34.059 82.350 3.615 201.473 28.969 17.109 17.257 37.313 17.793 12.783 90.326 5.607 35.184 79.165 33.185 81.592 35.609 36.158 32.490 34.981 89.807 180.234 80.639 85.037 85.568 19.303 22.511 83.219 34.513 32.350 27.776 21.805 42.113 41.255 200.709 49.891 32.461 21.957 32.326 37.556 17.675 35.303 34.160 0.000
0.0000 106.8860 106.8860 20.9221 20.9221 17.3613 107.3988 14.5340 5.5555 101.8147 102.4268 7.4457 5.5196 19.0048 20.8734 102.3550 4.5098 107.1624 107.5675 10.0822 6.8339 1.5250 5.0761 10.3827 13.7794 21.2811 106.9509 19.9981 1.6165 5.5751 30.8745 9.2819 9.8784 107.6756 17.9746 7.9216 8.8733 107.6430 8.0508 108.0083 7.8195 1.4749 19.8747 8.0004 107.2797 2.9325 9.6819 9.4454 1.3084 9.1749 9.1062 30.4547 8.0824 5.2282 18.8131 2.3411 19.6220 0.8136 5.8242 4.6017 7.7734 29.3585 91.3503 19.3046 20.7706 20.9474 6.6599 10.9209 20.1646 1.4479 7.6951 2.6405 10.6855 2.1950 2.2591 106.7063 5.9789 1.1108 10.0961 1.8328 0.7992 7.8353 0.9939 7.1765 7.7962
107.0414 0.0000 0.0000 93.9010 93.9010 118.2901 0.6242 115.4629 110.9864 5.8217 5.6790 110.9411 107.7468 89.0979 85.9173 4.5310 109.9407 0.8903 1.4404 111.8921 112.2648 105.4125 110.5070 111.3116 114.7082 85.1704 0.8238 86.8878 107.6814 107.8024 86.1175 114.7128 110.8072 0.9606 89.0666 109.9127 109.8021 1.2475 110.8564 0.8690 110.7834 106.0506 92.8536 110.3707 1.0614 108.6521 110.6107 110.3743 107.1353 110.1038 110.0350 85.6976 110.6658 110.6591 88.9062 108.7139 89.7151 106.5673 111.2550 110.0325 113.2042 84.6014 19.7118 87.0690 85.8146 93.9263 112.0952 111.8498 93.1435 106.2021 113.1260 108.0758 111.6144 108.9201 108.6340 0.4825 111.5126 105.5179 111.6650 105.4730 107.2162 110.7993 107.5041 112.6074 110.2749
107.0414 0.0000 0.0000 93.9010 93.9010 118.2901 0.6242 115.4629 110.9864 5.8217 5.6790 110.9411 107.7468 89.0979 85.9173 4.5310 109.9407 0.8903 1.4404 111.8921 112.2648 105.4125 110.5070 111.3116 114.7082 85.1704 0.8238 86.8878 107.6814 107.8024 86.1175 114.7128 110.8072 0.9606 89.0666 109.9127 109.8021 1.2475 110.8564 0.8690 110.7834 106.0506 92.8536 110.3707 1.0614 108.6521 110.6107 110.3743 107.1353 110.1038 110.0350 85.6976 110.6658 110.6591 88.9062 108.7139 89.7151 106.5673 111.2550 110.0325 113.2042 84.6014 19.7118 87.0690 85.8146 93.9263 112.0952 111.8498 93.1435 106.2021 113.1260 108.0758 111.6144 108.9201 108.6340 0.4825 111.5126 105.5179 111.6650 105.4730 107.2162 110.7993 107.5041 112.6074 110.2749
22.4366 94.8807 94.8807 0.0000 0.0000 33.6854 95.3934 30.8581 26.3816 89.8094 90.4214 26.3364 23.1420 8.5562 1.5209 90.3497 25.3359 95.1571 95.5622 27.2874 27.6601 20.8077 25.9022 26.7068 30.1035 1.3732 94.9456 2.2631 23.0766 23.1976 5.6411 30.1080 26.2024 95.6703 7.5259 25.3079 25.1974 95.6377 26.2516 96.0029 26.1787 21.4458 2.1344 25.7660 95.2744 24.0474 26.0060 25.7695 22.5306 25.4990 25.4303 18.4493 26.0611 26.0543 2.6903 24.1092 9.1734 21.9625 26.6503 25.4278 28.5995 5.3092 79.3449 2.2155 1.4229 0.7214 27.4905 27.2450 0.0999 21.5973 28.5212 23.4711 27.0096 24.3153 24.0293 94.7010 26.9078 20.9132 27.0602 20.8682 22.6114 26.1945 22.8993 28.0026 25.6701
22.4366 94.8807 94.8807 0.0000 0.0000 33.6854 95.3934 30.8581 26.3816 89.8094 90.4214 26.3364 23.1420 8.5562 1.5209 90.3497 25.3359 95.1571 95.5622 27.2874 27.6601 20.8077 25.9022 26.7068 30.1035 1.3732 94.9456 2.2631 23.0766 23.1976 5.6411 30.1080 26.2024 95.6703 7.5259 25.3079 25.1974 95.6377 26.2516 96.0029 26.1787 21.4458 2.1344 25.7660 95.2744 24.0474 26.0060 25.7695 22.5306 25.4990 25.4303 18.4493 26.0611 26.0543 2.6903 24.1092 9.1734 21.9625 26.6503 25.4278 28.5995 5.3092 79.3449 2.2155 1.4229 0.7214 27.4905 27.2450 0.0999 21.5973 28.5212 23.4711 27.0096 24.3153 24.0293 94.7010 26.9078 20.9132 27.0602 20.8682 22.6114 26.1945 22.8993 28.0026 25.6701
17.6725 119.7899 119.7899 33.8259 33.8259 0.0000 120.3027 6.2803 12.3646 114.7186 115.3306 10.1373 18.1931 31.9087 33.7772 115.2589 13.3038 120.0663 120.4714 6.7719 11.2811 16.0436 13.1163 7.3624 5.5257 34.1850 119.8548 32.9020 18.1277 18.2487 36.1420 12.2309 9.0645 120.5795 30.8784 10.6533 10.5428 120.5469 8.1893 120.9121 8.5287 16.6817 32.7786 9.9877 120.1836 13.2405 8.3349 8.4732 17.7664 8.4846 8.8675 37.0866 9.8620 12.0373 31.7170 14.6459 32.5259 17.1984 13.2519 13.3414 12.3323 36.6968 104.2542 32.2085 33.6745 33.8513 10.1545 6.8986 33.0684 16.8332 11.4550 12.8430 7.1030 19.3664 19.0803 119.6102 18.0550 16.1490 6.7858 16.1041 17.8473 8.5445 18.1352 12.0232 9.7836
107.5542 0.6242 0.6242 94.4138 94.4138 118.8029 0.0000 115.9756 111.4992 6.3344 6.1918 111.4539 108.2596 89.6107 86.4301 5.0438 110.4535 0.2958 1.0505 112.4049 112.7776 105.9253 111.0198 111.8244 115.2210 85.6831 0.5999 87.4006 108.1942 108.3151 86.6302 115.2256 111.3200 0.3683 89.5794 110.4255 110.3149 0.6651 111.3692 0.6360 111.2962 106.5634 93.3664 110.8835 0.4647 109.1649 111.1235 110.8870 107.6481 110.6166 110.5478 86.2104 111.1786 111.1718 89.4189 109.2267 90.2278 107.0801 111.7678 110.5453 113.7170 85.1142 20.2246 87.5818 86.3273 94.4391 112.6080 112.3626 93.6562 106.7149 113.6388 108.5886 112.1271 109.4329 109.1468 0.5228 112.0254 106.0307 112.1777 105.9858 107.7290 111.3120 108.0169 113.1202 110.7876
14.0572 116.1746 116.1746 30.2106 30.2106 5.4645 116.6873 0.0000 9.0001 111.1033 111.7153 6.5707 14.5778 28.2934 30.1619 111.6436 10.7558 116.4509 116.8561 3.1566 7.9140 12.4283 11.3221 3.7958 0.2998 30.5697 116.2394 29.2867 14.5124 14.6333 32.5267 9.2994 5.4979 116.9641 27.2631 7.0867 6.9762 116.9316 4.6227 117.2968 4.9621 13.0663 29.1633 6.4211 116.5682 9.6739 4.7683 4.9066 14.1511 4.9180 5.3009 33.4713 6.2954 8.6728 28.1017 11.0793 28.9106 13.5831 12.0701 10.8476 8.6053 33.0815 100.6388 28.5931 30.0592 30.2359 6.5879 3.2833 29.4531 13.2178 7.7281 9.2764 3.4877 15.7511 15.4650 115.9949 18.3436 12.5337 3.1705 12.4888 14.2320 4.9779 14.5198 8.3314 6.2169
6.5199 112.4965 112.4965 26.5326 26.5326 10.5567 113.0093 8.9822 0.0000 107.4252 108.0373 8.3163 9.8253 24.6154 26.4839 107.9656 0.9821 112.7729 113.1780 9.3646 1.1546 7.5605 1.2704 8.9740 8.4088 26.8916 112.5614 25.6087 11.0647 11.1857 33.5632 5.4821 10.7798 113.2861 23.5851 8.7711 8.6175 113.2536 7.3332 113.6188 7.1019 8.1986 25.4853 8.1667 112.8902 3.8914 8.2731 8.0367 8.0459 8.5012 7.6975 36.0652 8.0410 0.2942 24.4236 5.8102 25.2325 7.2459 1.3657 1.2401 4.7424 34.9691 96.9608 24.9151 26.3812 26.5579 6.8285 10.0739 25.7751 8.3501 4.7416 4.8005 9.8385 9.5662 9.2801 112.3169 6.8141 7.2331 9.3784 7.6210 7.2818 7.1177 6.5160 4.2230 7.9625
101.9701 5.8217 5.8217 88.8297 88.8297 113.2189 6.3344 110.3916 105.9151 0.0000 0.7256 105.8699 102.6755 84.0266 80.8460 0.9613 104.8694 6.0980 6.5032 106.8208 107.1935 100.3412 105.4357 106.2403 109.6369 80.0991 5.8866 81.8165 102.6101 102.7311 81.0462 109.6415 105.7359 6.6112 83.9953 104.8414 104.7308 6.5787 105.7851 6.9439 105.7122 100.9793 87.7823 105.2995 6.2154 103.5808 105.5394 105.3030 102.0640 105.0325 104.9637 80.6263 105.5945 105.5878 83.8349 103.6426 84.6438 101.4960 106.1838 104.9612 108.1329 79.5301 14.6405 81.9977 80.7433 88.8550 107.0240 106.7785 88.0722 101.1308 108.0547 103.0045 106.5431 103.8488 103.5627 5.6420 106.4413 100.4466 106.5937 100.4017 102.1449 105.7280 102.4328 107.5361 105.2036
102.5822 5.6272 5.6272 89.4417 89.4417 113.8309 6.1399 111.0036 106.5271 0.7256 0.0000 106.4819 103.2876 84.6387 81.4581 1.0152 105.4814 5.9035 6.3087 107.4329 107.8056 100.9533 106.0478 106.8524 110.2490 80.7111 5.6921 82.4286 103.2222 103.3431 81.6582 110.2536 106.3480 6.4167 84.6074 105.4535 105.3429 6.3842 106.3971 6.7494 106.3242 101.5913 88.3944 105.9115 6.0209 104.1929 106.1515 105.9150 102.6761 105.6445 105.5758 81.2383 106.2066 106.1998 84.4469 104.2547 85.2558 102.1081 106.7958 105.5733 108.7450 80.1422 15.2526 82.6097 81.3553 89.4671 107.6360 107.3906 88.6842 101.7428 108.6668 103.6166 107.1551 104.4608 104.1748 5.4475 107.0534 101.0587 107.2057 101.0138 102.7570 106.3400 103.0448 108.1482 105.8156
7.4209 111.2785 111.2785 25.3146 25.3146 9.3980 111.7913 6.5707 8.4090 106.2072 106.8193 0.0000 9.6818 23.3974 25.2659 106.7476 6.3876 111.5549 111.9600 3.8999 7.3230 7.5322 6.9540 2.7577 5.8161 25.6736 111.3434 24.3907 9.6164 9.7373 27.3674 8.7084 4.5634 112.0681 22.3671 1.0207 1.1740 112.0356 2.3025 112.4008 2.2295 8.1703 24.2673 0.5776 111.6722 5.3058 2.0568 1.8203 9.2551 2.2849 1.3391 28.3120 0.8260 8.0817 23.2056 6.7112 24.0145 8.6871 7.7020 6.4795 8.0143 27.9222 95.7428 23.6971 25.1632 25.3399 2.4670 3.8576 24.5571 8.3218 7.1370 4.9082 3.6221 10.8550 10.5690 111.0989 10.2470 7.6377 3.6727 7.5927 8.1828 2.2453 7.4170 7.7403 0.5414
2.5669 108.0260 108.0260 22.0621 22.0621 18.1889 108.5388 15.3616 9.1851 102.9547 103.5668 10.8399 0.0000 20.1449 22.0134 103.4951 8.0661 108.3024 108.7075 11.7909 10.5188 5.5699 9.3707 11.2104 14.6070 22.4211 108.0909 21.1382 1.1144 1.8264 30.6794 12.9115 10.7060 108.8156 19.1146 9.8115 9.7009 108.7831 10.7552 109.1483 10.6822 2.1963 21.0148 10.2695 108.4197 6.4888 10.5095 10.2731 1.7096 10.0026 9.9338 31.5947 10.5646 8.8577 19.9531 6.2127 20.7620 1.9074 8.0145 8.0858 9.8381 30.4986 92.4903 20.4446 21.9107 22.0874 10.2163 11.7486 21.3046 1.9294 10.4199 6.1969 11.5132 0.4888 0.7742 107.8464 4.3102 5.6753 11.5638 5.6303 1.8103 10.6981 2.4404 9.9013 10.1737
20.2465 89.0280 89.0280 8.6975 8.6975 31.4952 89.5408 28.6680 24.1915 83.9567 84.5688 24.1463 20.9519 0.0000 3.9950 84.4970 23.1458 89.3044 89.7095 25.0972 25.4699 18.6176 23.7121 24.5167 27.9133 4.4027 89.0929 3.1198 20.8865 21.0075 12.4912 27.9179 24.0123 89.8176 0.8346 23.1178 23.0072 89.7851 24.0615 90.1503 23.9886 19.2557 2.5247 23.5759 89.4217 21.8572 23.8158 23.5794 20.3404 23.3089 23.2401 12.0713 23.8709 23.8642 1.9347 21.9190 0.7162 19.7724 24.4602 23.2376 26.4093 10.9752 73.4923 2.4262 3.8923 8.7228 25.3004 25.0549 7.9400 19.4072 26.3311 21.2809 24.8195 22.1252 21.8391 88.8483 24.7177 18.7230 24.8701 18.6781 20.4213 24.0044 20.7092 25.8125 23.4800
21.6483 86.4286 86.4286 1.5209 1.5209 32.8971 86.9414 30.0698 25.5933 81.3573 81.9693 25.5481 22.3537 3.5458 0.0000 81.8976 24.5476 86.7050 87.1101 26.4991 26.8718 20.0194 25.1140 25.9186 29.3152 0.9960 86.4935 1.0955 22.2883 22.4093 9.8917 29.3197 25.4142 87.2182 3.5145 24.5197 24.4091 87.1856 25.4633 87.5508 25.3904 20.6575 1.7236 24.9777 86.8223 23.2591 25.2177 24.9812 21.7423 24.7107 24.6420 9.4719 25.2728 25.2660 1.8179 23.3209 4.1630 21.1742 25.8620 24.6395 27.8112 8.3757 70.8929 1.1944 0.6834 1.4838 26.7022 26.4567 1.6208 20.8090 27.7329 22.6828 26.2213 23.5270 23.2410 86.2489 26.1196 20.1249 26.2719 20.0799 21.8232 25.4062 22.1110 27.2143 24.8818
102.5104 4.5310 4.5310 89.3700 89.3700 113.7592 5.0438 110.9319 106.4554 0.9613 1.0152 106.4102 103.2158 84.5669 81.3863 0.0000 105.4097 4.8074 5.2125 107.3612 107.7339 100.8815 105.9760 106.7806 110.1772 80.6394 4.5959 82.3568 103.1504 103.2714 81.5865 110.1818 106.2762 5.3206 84.5356 105.3817 105.2712 5.2880 106.3254 5.6532 106.2525 101.5196 88.3226 105.8398 4.9247 104.1212 106.0797 105.8433 102.6044 105.5728 105.5041 81.1666 106.1349 106.1281 84.3752 104.1830 85.1841 102.0363 106.7241 105.5016 108.6733 80.0705 15.1808 82.5380 81.2836 89.3953 107.5643 107.3188 88.6125 101.6711 108.5950 103.5449 107.0834 104.3891 104.1031 4.3513 106.9816 100.9870 107.1340 100.9420 102.6852 106.2683 102.9731 108.0764 105.7439
5.3075 111.2842 111.2842 25.3202 25.3202 11.7542 111.7970 9.8267 0.9821 106.2129 106.8250 8.3933 9.9178 23.4030 25.2716 106.7532 0.0000 111.5606 111.9657 10.2091 1.5609 6.3482 0.6412 9.8186 9.2534 25.6793 111.3491 24.3963 9.8524 9.9733 35.2727 6.9097 11.6244 112.0738 22.3727 8.8692 9.3988 112.0412 8.1778 112.4064 7.9465 6.9862 24.2729 8.9480 111.6779 2.6790 9.1177 8.8813 6.8335 9.3458 8.5421 34.8528 9.0301 0.8442 23.2113 4.5979 24.0202 6.0335 0.6258 0.3767 3.3413 33.7567 95.7485 23.7028 25.1688 25.3456 7.6076 10.9185 24.5627 7.1377 3.3405 3.5882 10.6831 9.1937 8.9077 111.1045 6.4416 6.0208 10.2230 6.4086 6.0694 7.9623 5.3036 2.8219 8.7439
107.3178 0.8903 0.8903 94.1774 94.1774 118.5665 0.2958 115.7392 111.2628 6.0980 5.9554 111.2175 108.0232 89.3743 86.1937 4.8074 110.2171 0.0000 0.8141 112.1685 112.5412 105.6889 110.7834 111.5880 114.9846 85.4468 0.3440 87.1642 107.9578 108.0787 86.3939 114.9892 111.0836 0.6562 89.3430 110.1891 110.0785 0.6548 111.1328 0.9240 111.0598 106.3270 93.1300 110.6471 0.2904 108.9285 110.8871 110.6507 107.4117 110.3802 110.3114 85.9740 110.9422 110.9354 89.1826 108.9903 89.9915 106.8437 111.5314 110.3089 113.4806 84.8778 19.9882 87.3454 86.0910 94.2027 112.3716 112.1262 93.4198 106.4785 113.4024 108.3522 111.8908 109.1965 108.9104 0.7664 111.7890 105.7943 111.9414 105.7494 107.4926 111.0756 107.7805 112.8838 110.5512
107.7229 1.4404 1.4404 94.5825 94.5825 118.9716 1.0505 116.1444 111.6679 6.5032 6.3605 111.6226 108.4283 89.7794 86.5988 5.2125 110.6222 0.8141 0.0000 112.5736 112.9463 106.0940 111.1885 111.9931 115.3897 85.8519 0.6482 87.5693 108.3629 108.4839 86.7990 115.3943 111.4887 0.8524 89.7481 110.5942 110.4836 0.8239 111.5379 1.1891 111.4649 106.7321 93.5351 111.0522 0.8084 109.3336 111.2922 111.0558 107.8168 110.7853 110.7165 86.3791 111.3473 111.3406 89.5877 109.3954 90.3966 107.2488 111.9365 110.7140 113.8857 85.2829 20.3933 87.7505 86.4961 94.6078 112.7767 112.5313 93.8250 106.8836 113.8075 108.7573 112.2959 109.6016 109.3155 1.3164 112.1941 106.1994 112.3465 106.1545 107.8977 111.4808 108.1856 113.2889 110.9564
10.3668 112.4842 112.4842 26.5202 26.5202 6.0704 112.9970 3.2431 9.3781 107.4129 108.0249 3.8999 10.8874 24.6030 26.4715 107.9532 9.0242 112.7606 113.1657 0.0000 8.2920 8.7379 9.5905 1.7622 2.4884 26.8793 112.5491 25.5963 10.8220 10.9430 28.5730 9.6774 2.8271 113.2738 23.5727 4.3547 4.2011 113.2412 2.8404 113.6064 3.2305 9.3760 25.4729 3.7503 112.8779 7.9423 2.0975 2.2358 10.4607 2.3255 2.6301 29.5177 3.6246 9.0507 24.4113 9.3477 25.2202 9.8927 10.3386 9.1160 8.9833 29.1279 96.9484 24.9028 26.3688 26.5456 4.8563 0.5037 25.7627 9.5275 8.1061 7.5448 0.6393 12.0607 11.7746 112.3045 14.6532 8.8433 0.5865 8.7984 10.5416 3.2463 10.8295 8.7094 3.5462
8.2023 114.1789 114.1789 28.2150 28.2150 9.2977 114.6917 7.3702 1.1546 109.1076 109.7197 6.7044 11.5077 26.2977 28.1663 109.6479 1.5609 114.4553 114.8604 7.7526 0.0000 9.2429 1.5404 7.3621 6.7969 28.5740 114.2438 27.2910 12.7471 12.8681 31.9513 4.6325 9.1679 114.9685 25.2675 7.1592 7.0056 114.9360 5.7213 115.3012 5.4900 9.8810 27.1676 6.5548 114.5726 5.5737 6.6612 6.4248 9.7282 6.8893 6.0856 32.8959 6.4290 1.3512 26.1060 7.4926 26.9149 8.9282 1.8064 1.7924 3.0459 32.5062 98.6432 26.5975 28.0636 28.2403 5.2166 8.4620 27.4575 10.0325 2.1686 6.4829 8.2266 11.2486 10.9625 113.9992 8.4964 8.9155 7.7665 9.3034 8.9642 5.5058 8.1984 1.4788 6.3506
1.5061 105.9775 105.9775 20.0135 20.0135 16.4528 106.4903 13.6255 6.5648 100.9062 101.5182 9.1038 4.6111 18.0963 19.9649 101.4465 5.5191 106.2539 106.6590 10.0548 7.8433 0.0000 6.0854 9.4742 12.8708 20.3726 106.0424 19.0896 1.7710 4.6666 29.9660 10.2912 8.9698 106.7671 17.0660 8.0753 7.9647 106.7345 9.0190 107.0997 8.9461 0.6248 18.9662 8.5334 106.3712 4.2306 8.7733 8.5369 1.2598 8.2664 8.1976 29.5461 8.8284 6.2375 17.9046 3.8471 18.7135 1.1330 6.8335 5.6110 8.7827 28.4500 90.4418 18.3961 19.8621 20.0389 7.6737 10.0124 19.2560 0.7763 8.7044 3.6543 9.7770 2.3842 5.4983 105.7978 8.3769 1.3155 9.8276 0.3339 1.4038 8.9619 2.3167 8.1858 8.4375
5.8602 111.8369 111.8369 25.8730 25.8730 11.6708 112.3497 9.7433 1.2704 106.7656 107.3777 8.9460 9.5265 23.9557 25.8243 107.3059 0.6412 112.1133 112.5184 10.1257 1.5404 6.9009 0.0000 9.7351 9.1699 26.2320 111.9018 24.9490 10.4051 10.5260 35.8254 2.3837 11.5409 112.6265 22.9255 9.4220 9.3786 112.5939 8.0943 112.9592 7.8630 7.5390 24.8256 8.9278 112.2306 3.2317 9.0343 8.7978 7.3862 9.2623 8.4586 35.4056 8.8021 1.2899 23.7640 5.1506 24.5729 6.5862 0.3762 0.6756 3.7328 34.3094 96.3012 24.2555 25.7215 25.8983 7.5896 10.8350 25.1155 7.6904 3.2570 4.1409 10.5996 9.2673 8.9813 111.6572 6.5152 6.5735 10.1395 6.9614 6.6221 7.8788 5.8563 2.7384 8.7236
9.7722 111.8896 111.8896 25.9257 25.9257 6.6231 112.4024 3.7958 8.9877 106.8183 107.4304 2.7577 10.2929 24.0085 25.8770 107.3586 8.7721 112.1660 112.5711 1.7622 7.9016 8.1433 10.2261 0.0000 3.0411 26.2847 111.9545 25.0018 10.2275 10.3484 27.9785 9.2870 2.4258 112.6792 22.9782 3.2125 3.0589 112.6467 1.4177 113.0119 1.5499 8.7814 24.8784 2.6081 112.2833 7.6902 0.8897 1.0559 9.8662 1.0975 1.4343 28.9231 2.4824 8.6604 23.8167 9.0957 24.6256 9.2981 10.9741 8.8640 8.5929 28.5333 96.3539 24.3082 25.7743 25.9510 4.4652 1.7199 25.1682 8.9329 7.7157 7.2927 1.1104 11.4661 11.1801 111.7100 14.0587 8.2488 0.9913 8.2038 9.9471 2.2521 10.2349 8.3190 2.4039
13.3025 115.4199 115.4199 29.4560 29.4560 4.4981 115.9327 0.2998 10.3550 110.3486 110.9607 5.8161 13.8232 27.5388 29.4073 110.8889 10.0011 115.6963 116.1014 2.4020 9.2690 11.6736 10.5675 3.0411 0.0000 29.8150 115.4848 28.5320 13.7578 13.8787 31.7720 10.6544 4.7433 116.2095 26.5085 6.3321 6.2215 116.1770 3.8681 116.5422 4.2074 12.3117 28.4087 5.6665 115.8136 8.9193 4.0136 4.1520 13.3965 4.1634 4.5462 32.7167 5.5407 10.0277 27.3470 10.3247 28.1559 12.8284 11.3155 10.0930 9.9603 32.3269 99.8842 27.8385 29.3046 29.4813 5.8332 2.5287 28.6985 12.4632 9.0830 8.5217 2.7331 14.9964 14.7104 115.2403 17.5890 11.7791 2.4159 11.7341 13.4774 4.2232 13.7652 9.6863 5.4623
22.3681 85.1184 85.1184 1.3732 1.3732 33.6168 85.6312 30.7895 26.3130 80.0471 80.6592 26.2678 23.0735 4.2655 0.9960 80.5874 25.2673 85.3948 85.7999 27.2188 27.5915 20.7392 25.8337 26.6383 30.0349 0.0000 85.1833 2.0554 23.0081 23.1290 8.5816 30.0395 26.1339 85.9080 4.2342 25.2394 25.1288 85.8755 26.1830 86.2407 26.1101 21.3772 2.0304 25.6974 85.5121 23.9788 25.9374 25.7009 22.4620 25.4304 25.3617 8.1617 25.9925 25.9857 4.0738 24.0406 4.8827 21.8940 26.5817 25.3592 28.5309 7.0656 69.5827 2.2366 0.4125 1.3362 27.4219 27.1765 1.4731 21.5287 28.4527 23.4025 26.9410 24.2467 23.9607 84.9388 26.8393 20.8446 26.9916 20.7997 22.5429 26.1259 22.8307 27.9341 25.6015
107.1063 0.8238 0.8238 93.9659 93.9659 118.3550 0.5999 115.5277 111.0513 5.8866 5.7439 111.0060 107.8117 89.1628 85.9822 4.5959 110.0056 0.3440 0.6482 111.9570 112.3297 105.4774 110.5719 111.3765 114.7731 85.2353 0.0000 86.9527 107.7463 107.8673 86.1824 114.7777 110.8721 0.8673 89.1315 109.9776 109.8670 0.8442 110.9213 1.2077 110.8483 106.1155 92.9185 110.4356 0.4800 108.7170 110.6756 110.4392 107.2002 110.1687 110.0999 85.7625 110.7307 110.7240 88.9711 108.7788 89.7800 106.6322 111.3199 110.0974 113.2691 84.6663 19.7767 87.1339 85.8795 93.9912 112.1601 111.9147 93.2084 106.2670 113.1909 108.1407 111.6793 108.9850 108.6989 0.6998 111.5775 105.5828 111.7299 105.5379 107.2811 110.8642 107.5690 112.6723 110.3397
21.2423 86.8210 86.8210 2.2631 2.2631 32.4910 87.3338 29.6637 25.1872 81.7497 82.3618 25.1420 21.9477 2.4220 1.0955 82.2901 24.1415 87.0974 87.5025 26.0930 26.4657 19.6134 24.7079 25.5125 28.9091 2.1958 86.8859 0.0000 21.8823 22.0032 10.2842 28.9137 25.0081 87.6106 3.1084 24.1136 24.0030 87.5781 25.0572 87.9433 24.9843 20.2514 1.1738 24.5716 87.2147 22.8530 24.8116 24.5751 21.3362 24.3046 24.2359 9.8643 24.8667 24.8599 1.0123 22.9148 3.7569 20.7682 25.4559 24.2334 27.4051 8.7682 71.2853 0.3438 1.6853 2.2261 26.2961 26.0506 2.3630 20.4029 27.3269 22.2767 25.8152 23.1209 22.8349 86.6414 25.7135 19.7188 25.8658 19.6739 21.4171 25.0001 21.7049 26.8083 24.4757
1.6165 108.0196 108.0196 22.0557 22.0557 18.1825 108.5324 15.3552 11.3285 102.9483 103.5604 10.8335 1.1144 20.1384 22.0070 103.4886 10.0916 108.2960 108.7011 11.7845 12.6622 1.7710 11.5141 11.2040 14.6006 22.4147 108.0845 21.1317 0.0000 1.8200 30.6730 15.0549 10.6996 108.8092 19.1082 9.8051 9.6945 108.7766 10.7487 109.1419 10.6758 1.3068 21.0083 10.2631 108.4133 8.8031 10.5031 10.2666 0.7802 9.9961 9.9274 31.5883 10.5582 11.0011 19.9467 7.6831 20.7556 0.9569 10.1579 10.2292 11.9815 30.4921 92.4839 20.4382 21.9042 22.0810 12.6569 11.7421 21.2982 1.0399 12.5633 8.2268 11.5067 0.8848 1.0008 107.8399 5.7806 2.2332 11.5573 2.0151 0.8598 10.6916 1.8720 12.0447 10.1672
6.5538 107.3811 107.3811 21.4171 21.4171 17.5440 107.8938 14.7167 10.4988 102.3098 102.9218 10.1950 1.8788 19.4999 21.3684 102.8501 9.4531 107.6574 108.0626 11.1459 11.7772 4.9249 10.0194 10.5654 13.9620 21.7762 107.4460 20.4932 1.8134 0.0000 30.0344 14.2252 10.0610 108.1706 18.4696 9.1665 9.0559 108.1381 10.1102 108.5033 10.0373 2.3850 20.3698 9.6246 107.7747 8.1645 9.8645 9.6281 2.0200 9.3576 9.2888 30.9497 9.9196 10.1714 19.3082 8.2263 20.1171 6.0797 10.2722 9.5449 12.0959 29.8536 91.8453 19.7996 21.2657 21.4424 12.0183 11.1036 20.6596 2.1181 12.6777 7.5882 10.8682 2.7756 2.4895 107.2014 5.8949 5.0303 10.9188 4.9854 2.4908 10.0531 7.0164 12.1590 9.5287
30.9559 87.5138 87.5138 17.8155 17.8155 35.8396 88.0265 33.0123 34.2990 82.4425 83.0545 28.2587 31.6613 12.5021 9.3215 82.9828 33.8552 87.7901 88.1953 29.2097 33.2129 29.3270 34.4216 28.6291 32.2577 8.5746 87.5787 10.2921 31.5959 31.7169 0.0000 34.5984 28.1248 88.3033 12.4708 27.2302 27.1197 88.2708 28.1739 88.6360 28.1010 29.9651 16.7682 27.6883 87.9075 32.5667 27.9283 27.6918 31.0499 27.4213 27.3526 0.8612 27.9834 33.9717 12.3104 32.6285 13.1193 30.4818 35.1696 33.9471 33.9042 1.6699 71.9780 10.4732 9.2188 4.9197 30.0820 29.1673 17.0580 30.1166 33.0270 31.9904 28.9319 32.8346 32.5486 87.3341 35.4272 29.4325 28.9825 29.3875 31.1308 28.1168 31.4186 33.6303 27.5924
8.0594 113.8411 113.8411 27.8772 27.8772 13.6488 114.3539 11.7213 5.5262 108.7698 109.3819 11.0554 8.8354 25.9599 27.8285 109.3101 4.5678 114.1175 114.5226 12.1037 5.4003 8.9051 4.2106 11.7132 11.1479 28.2362 113.9060 26.9532 10.0692 10.3055 38.8974 0.0000 13.5189 114.6307 24.9296 11.4262 11.3566 114.5981 10.0723 114.9633 9.8410 9.4164 26.8298 10.9058 114.2348 5.2359 11.0123 10.7758 9.5854 11.2403 10.4366 37.4097 10.7801 5.1989 25.7682 7.1548 26.5771 8.7854 2.8544 3.5596 1.8199 36.3136 98.3054 26.2597 27.7257 27.9025 9.5676 12.8130 27.1196 9.5679 5.3014 6.1451 12.5776 8.5763 8.2902 113.6614 5.8241 8.5777 12.1176 8.9656 8.8213 9.8568 8.0555 4.7828 10.7017
9.2819 111.3992 111.3992 25.4353 25.4353 8.3252 111.9120 5.4979 10.7077 106.3280 106.9400 4.5634 9.8025 23.5181 25.3866 106.8683 10.1035 111.6756 112.0807 2.8271 9.6217 7.6530 10.6698 2.4258 4.7433 25.7943 111.4641 24.5114 9.7371 9.8580 27.4881 11.0071 0.0000 112.1888 22.4878 3.3310 3.2205 112.1563 3.5039 112.5215 4.0420 8.2910 24.3880 3.7891 111.7929 9.0216 2.4620 2.6004 9.3758 1.5278 3.2936 28.4327 4.2881 10.3804 23.3264 10.4270 24.1353 8.8078 11.4179 10.1954 10.3130 28.0429 95.8635 23.8178 25.2839 25.4606 6.3623 2.7848 24.6778 8.4425 9.4357 8.6241 1.4405 10.9758 10.6897 111.2196 13.5683 7.7584 2.5999 7.7135 9.4567 4.0578 9.7445 10.0390 3.6932
107.8310 0.9606 0.9606 94.6906 94.6906 119.0797 0.3683 116.2524 111.7760 6.6112 6.4686 111.7307 108.5364 89.8875 86.7069 5.3206 110.7303 0.6562 0.8524 112.6817 113.0544 106.2021 111.2966 112.1012 115.4978 85.9599 0.8673 87.6774 108.4710 108.5919 86.9071 115.5024 111.5968 0.0000 89.8562 110.7023 110.5917 0.3699 111.6460 0.3453 111.5730 106.8402 93.6432 111.1603 0.4564 109.4417 111.4003 111.1638 107.9249 110.8934 110.8246 86.4872 111.4554 111.4486 89.6958 109.5035 90.5047 107.3569 112.0446 110.8221 113.9938 85.3910 20.5014 87.8586 86.6042 94.7159 112.8848 112.6394 93.9331 106.9917 113.9156 108.8654 112.4039 109.7097 109.4236 0.8911 112.3022 106.3075 112.4545 106.2626 108.0058 111.5888 108.2937 113.3970 111.0644
20.2152 88.9967 88.9967 8.6662 8.6662 31.4640 89.5095 28.6367 24.1602 83.9254 84.5375 24.1150 20.9206 0.8346 3.9637 84.4657 23.1145 89.2731 89.6782 25.0660 25.4386 18.5863 23.6808 24.4854 27.8820 4.3714 89.0616 3.0885 20.8552 20.9762 12.4599 27.8866 23.9810 89.7863 0.0000 23.0865 22.9760 89.7538 24.0302 90.1190 23.9573 19.2244 2.4647 23.5446 89.3904 21.8260 23.7845 23.5481 20.3092 23.2776 23.2088 12.0400 23.8396 23.8329 1.9034 21.8878 1.2335 19.7411 24.4289 23.2064 26.3780 10.9439 73.4610 2.3949 3.8610 8.6915 25.2691 25.0236 7.9087 19.3759 26.2998 21.2497 24.7882 22.0939 21.8078 88.8171 24.6864 18.6918 24.8388 18.6468 20.3900 23.9731 20.6779 25.7812 23.4487
7.9816 110.0990 110.0990 24.1351 24.1351 9.9315 110.6118 7.1042 8.8639 105.0277 105.6398 1.0207 8.5022 22.2178 24.0864 105.5680 6.8636 110.3754 110.7805 4.4334 7.7778 6.3527 7.4299 3.2125 6.3495 24.4941 110.1639 23.2111 8.4368 8.5578 26.1879 9.1632 3.3485 110.8886 21.1876 0.0000 0.3453 110.8560 2.7573 111.2213 2.6844 6.9908 23.0877 0.4687 110.4927 5.7817 2.5116 2.2752 8.0756 2.6450 1.3926 27.1325 0.8062 8.5365 22.0261 7.1871 22.8350 7.5075 8.1780 6.9554 8.4691 26.7427 94.5633 22.5176 23.9837 24.1604 2.9429 4.3910 23.3776 7.1423 7.5919 5.3842 4.1556 9.6755 9.3895 109.9193 12.2681 6.4582 4.2062 6.4132 8.1564 2.7002 8.4443 8.1952 0.6088
7.8710 109.9884 109.9884 24.0245 24.0245 9.6992 110.5012 6.8719 8.7103 104.9171 105.5292 1.1740 8.3917 22.1073 23.9758 105.4575 7.3932 110.2648 110.6699 4.2011 7.6242 6.2421 7.9595 3.0589 6.1173 24.3835 110.0533 23.1006 8.3263 8.4472 26.0773 9.0096 3.2379 110.7780 21.0770 0.3453 0.0000 110.7455 2.6037 111.1107 2.5308 6.8802 22.9772 0.6745 110.3821 6.3113 2.3580 2.1216 7.9650 2.5344 1.3203 27.0219 0.8176 8.3830 21.9155 7.7167 22.7244 7.3970 8.7076 7.4850 8.3155 26.6321 94.4527 22.4070 23.8731 24.0498 3.0895 4.1588 23.2670 7.0317 7.4383 5.9138 3.9234 9.5649 9.2789 109.8088 12.1575 6.3476 3.9740 6.3026 8.0459 2.5466 8.3337 8.0416 0.6399
107.7984 1.2475 1.2475 94.6580 94.6580 119.0472 0.6651 116.2199 111.7434 6.5787 6.4360 111.6982 108.5038 89.8549 86.6743 5.2880 110.6977 0.6548 0.8239 112.6492 113.0219 106.1695 111.2640 112.0686 115.4653 85.9274 0.8442 87.6448 108.4384 108.5594 86.8745 115.4698 111.5642 0.3699 89.8236 110.6697 110.5592 0.0000 111.6134 0.6169 111.5405 106.8076 93.6107 111.1278 0.4336 109.4092 111.3677 111.1313 107.8924 110.8608 110.7921 86.4546 111.4229 111.4161 89.6632 109.4710 90.4721 107.3243 112.0121 110.7896 113.9613 85.3585 20.4688 87.8260 86.5716 94.6833 112.8523 112.6068 93.9005 106.9591 113.8830 108.8329 112.3714 109.6771 109.3911 1.1878 112.2696 106.2750 112.4220 106.2300 107.9732 111.5563 108.2611 113.3644 111.0319
8.0260 111.4344 111.4344 25.4705 25.4705 7.4500 111.9472 4.6227 7.3467 106.3631 106.9752 2.3025 9.8376 23.5532 25.4218 106.9034 6.9928 111.7108 112.1159 2.8404 6.2606 7.6881 7.5591 1.4177 3.8681 25.8295 111.4993 24.5465 9.7722 9.8932 27.5233 7.6460 3.5039 112.2240 22.5230 2.7573 2.6037 112.1914 0.0000 112.5567 0.2679 8.3262 24.4231 2.1529 111.8281 5.9109 0.8880 1.0541 9.4109 1.1798 0.9813 28.4679 2.0271 7.0194 23.3615 7.3163 24.1704 8.8429 8.3072 7.0847 6.9519 28.0781 95.8987 23.8530 25.3190 25.4958 2.8249 2.7981 24.7130 8.4777 6.0747 5.5134 2.5627 11.0109 10.7249 111.2547 10.8521 7.7936 2.9050 7.7486 8.7879 0.3360 8.0221 6.6780 1.9487
108.1636 0.8690 0.8690 95.0232 95.0232 119.4124 0.6360 116.5851 112.1086 6.9439 6.8012 112.0634 108.8691 90.2202 87.0396 5.6532 111.0629 0.9240 1.1891 113.0144 113.3871 106.5347 111.6293 112.4339 115.8305 86.2926 1.2077 88.0101 108.8037 108.9246 87.2397 115.8350 111.9295 0.3453 90.1889 111.0350 110.9244 0.6169 111.9786 0.0000 111.9057 107.1728 93.9759 111.4930 0.7988 109.7744 111.7330 111.4965 108.2576 111.2260 111.1573 86.8198 111.7881 111.7813 90.0284 109.8362 90.8373 107.6896 112.3773 111.1548 114.3265 85.7237 20.8341 88.1912 86.9368 95.0485 113.2175 112.9720 94.2657 107.3243 114.2483 109.1981 112.7366 110.0423 109.7563 0.8872 112.6349 106.6402 112.7872 106.5952 108.3385 111.9215 108.6263 113.7296 111.3971
7.7947 111.3615 111.3615 25.3975 25.3975 7.7893 111.8742 4.9621 7.1154 106.2902 106.9022 2.2295 9.7647 23.4803 25.3488 106.8305 6.7615 111.6379 112.0430 3.2305 6.0294 7.6152 7.3279 1.5499 4.2074 25.7566 111.4264 24.4736 9.6993 9.8203 27.4503 7.4148 4.0420 112.1511 22.4500 2.6844 2.5308 112.1185 0.2679 112.4837 0.0000 8.2533 24.3502 2.0799 111.7552 5.6797 0.9971 0.9043 9.3380 1.2921 0.7963 28.3950 1.3246 6.7881 23.2886 7.0851 24.0975 8.7700 8.0759 6.8534 6.7206 28.0052 95.8257 23.7801 25.2461 25.4229 2.5936 3.3362 24.6400 8.4048 5.8434 5.2821 3.1007 10.9380 10.6519 111.1818 10.6209 7.7206 3.2443 7.6757 8.5566 0.1517 7.7908 6.4467 1.8758
1.4749 106.6156 106.6156 20.6516 20.6516 17.0908 107.1283 14.2635 6.8935 101.5443 102.1563 9.7418 2.1963 18.7344 20.6029 102.0846 5.8478 106.8919 107.2971 10.6928 8.1720 0.6248 6.4142 10.1123 13.5089 21.0107 106.6805 19.7277 1.3068 5.3047 30.6041 10.6199 9.6079 107.4051 17.7041 8.7134 8.6028 107.3726 9.6571 107.7378 9.5841 0.0000 19.6043 9.1714 107.0093 4.2705 9.4114 9.1750 0.7998 8.9045 8.8357 30.1842 9.4665 6.5662 18.5427 3.6791 19.3516 0.9490 7.1622 5.9397 9.1114 29.0881 91.0798 19.0341 20.5002 20.6769 7.9979 10.6505 19.8941 0.2669 9.0332 3.9785 10.4151 2.0795 2.1436 106.4359 7.3169 1.7345 10.4657 0.9117 1.2125 9.6000 2.1487 8.5146 9.0756
21.3893 93.8333 93.8333 2.1344 2.1344 32.6380 94.3461 29.8107 25.3343 88.7620 89.3741 25.2890 22.0947 2.5247 1.7236 89.3023 24.2886 94.1097 94.5148 26.2400 26.6127 19.7604 24.8549 25.6595 29.0561 2.0304 93.8982 1.1738 22.0293 22.1502 17.8219 29.0607 25.1551 94.6229 2.4647 24.2606 24.1500 94.5904 25.2043 94.9556 25.1313 20.3985 0.0000 24.7186 94.2270 23.0000 24.9586 24.7222 21.4832 24.4517 24.3829 17.4020 25.0137 25.0070 1.2025 23.0618 8.1260 20.9152 25.6029 24.3804 27.5521 16.3059 78.2976 0.8767 2.0730 2.1597 26.4431 26.1977 1.0831 20.5500 27.4739 22.4237 25.9623 23.2680 22.9819 93.6537 25.8605 19.8658 26.0129 19.8209 21.5641 25.1471 21.8520 26.9553 24.6227
8.4397 110.5570 110.5570 24.5931 24.5931 9.2484 111.0698 6.4211 8.2594 105.4858 106.0978 0.5776 8.9603 22.6759 24.5444 106.0261 6.9423 110.8334 111.2385 3.7503 7.1734 6.8108 7.5087 2.6081 5.6665 24.9521 110.6219 23.6692 8.8949 9.0158 26.6459 8.5588 3.8065 111.3466 21.6456 0.4687 0.6745 111.3141 2.1529 111.6793 2.0799 7.4488 23.5458 0.0000 110.9507 5.8605 1.9072 1.6707 8.5336 2.1353 1.2306 27.5905 0.6312 7.9321 22.4842 7.2659 23.2931 7.9656 8.2567 7.0342 7.8647 27.2007 95.0213 22.9756 24.4417 24.6184 2.6387 3.7080 23.8356 7.6003 6.9874 5.4629 3.4725 10.1336 9.8475 110.3774 12.7261 6.9162 3.5231 6.8713 8.6145 2.0957 8.9023 7.5907 0.3017
107.4351 1.0614 1.0614 94.2947 94.2947 118.6838 0.4647 115.8565 111.3801 6.2154 6.0727 111.3348 108.1405 89.4916 86.3110 4.9247 110.3344 0.2904 0.8084 112.2858 112.6585 105.8062 110.9007 111.7053 115.1019 85.5641 0.4800 87.2815 108.0751 108.1961 86.5112 115.1065 111.2009 0.4564 89.4603 110.3064 110.1958 0.4336 111.2501 0.7988 111.1771 106.4443 93.2473 110.7644 0.0000 109.0458 111.0044 110.7680 107.5290 110.4975 110.4287 86.0913 111.0595 111.0528 89.2999 109.1076 90.1088 106.9610 111.6487 110.4262 113.5979 84.9951 20.1055 87.4627 86.2083 94.3200 112.4889 112.2435 93.5372 106.5958 113.5197 108.4695 112.0081 109.3138 109.0277 0.9498 111.9063 105.9116 112.0586 105.8667 107.6099 111.1930 107.8978 113.0011 110.6685
2.7498 108.7265 108.7265 22.7626 22.7626 13.0310 109.2393 10.2038 3.9455 103.6552 104.2673 5.8356 7.3601 20.8453 22.7139 104.1955 2.8998 109.0029 109.4080 8.4722 5.2239 3.7905 3.4661 8.0816 9.4491 23.1216 108.7914 21.8386 7.2947 7.4156 32.7150 7.6719 9.5689 109.5161 19.8151 6.3116 6.8412 109.4835 6.4408 109.8488 6.2095 4.4286 21.7152 6.3903 109.1202 0.0000 7.3808 7.1443 4.2758 7.6088 6.8051 32.2952 6.4724 3.6182 20.6536 1.3656 21.4625 3.4758 4.2141 1.6565 6.1633 31.1990 93.1908 21.1451 22.6111 22.7879 5.0499 9.1815 22.0051 4.5800 6.0851 0.3753 8.9461 6.1341 5.8480 108.5468 1.8635 3.4631 8.4860 3.8510 3.5117 6.2253 2.7459 5.5665 6.1862
8.8324 110.9498 110.9498 24.9858 24.9858 7.5956 111.4625 4.7683 8.2868 105.8785 106.4905 2.0568 9.3530 23.0686 24.9371 106.4188 8.0712 111.2262 111.6313 2.0975 7.2007 7.2035 9.5252 0.8897 4.0136 25.3449 111.0147 24.0619 9.2876 9.4086 27.0386 8.5862 2.4620 111.7394 22.0383 2.5116 2.3580 111.7068 0.8880 112.0720 0.9971 7.8416 23.9385 1.9072 111.3435 6.9893 0.0000 0.1662 8.9263 0.3429 0.5820 27.9832 1.1985 7.9595 22.8769 8.3948 23.6858 8.3583 10.2732 8.1631 7.8920 27.5935 95.4140 23.3684 24.8344 25.0112 3.7643 2.0551 24.2283 7.9930 7.0148 6.5918 1.8197 10.5263 10.2402 110.7701 13.1188 7.3089 1.8703 7.2640 9.0072 1.1488 9.2951 7.6181 1.7030
8.9707 111.0881 111.0881 25.1242 25.1242 7.7339 111.6009 4.9066 8.4251 106.0168 106.6289 2.1951 9.4913 23.2069 25.0755 106.5571 8.2096 111.3645 111.7696 2.2358 7.3391 7.3418 9.6635 1.0559 4.1520 25.4832 111.1530 24.2002 9.4259 9.5469 27.1770 8.7245 2.6004 111.8777 22.1767 2.6500 2.4964 111.8451 1.0541 112.2104 0.9043 7.9799 24.0768 2.0455 111.4818 7.1277 0.1662 0.0000 9.0647 0.4392 0.4468 28.1216 1.0633 8.0978 23.0152 8.5331 23.8241 8.4966 10.4116 8.3014 8.0304 27.7318 95.5524 23.5067 24.9728 25.1495 3.9026 2.1935 24.3667 8.1314 7.1531 6.7302 1.9580 10.6646 10.3786 110.9084 13.2572 7.4473 2.0086 7.4023 9.1455 1.0560 9.4334 7.7564 1.4410
1.3084 107.9710 107.9710 22.0071 22.0071 18.4463 108.4838 15.6190 7.1246 102.8997 103.5118 9.0148 1.7096 20.0899 21.9584 103.4401 6.0789 108.2474 108.6525 12.0483 8.4031 1.2598 6.6453 11.4678 14.8644 22.3661 108.0359 21.0832 0.7802 2.0200 31.9596 10.8510 10.9634 108.7606 19.0596 10.0689 9.9583 108.7281 9.6199 109.0933 9.3887 0.7998 20.9598 9.5695 108.3647 4.5016 10.7669 10.5304 0.0000 10.2599 10.1912 31.5397 9.6516 6.7973 19.8981 3.9102 20.7070 0.5439 7.3933 6.1708 9.3425 30.4436 92.4353 20.3896 21.8557 22.0324 8.2290 12.0060 21.2496 0.5329 9.2643 4.2096 11.7705 1.3587 1.4228 107.7914 7.5480 2.6628 11.8211 1.5081 0.5518 9.4045 2.3798 8.7457 9.3654
8.5784 110.6958 110.6958 24.7319 24.7319 7.7453 111.2086 4.9180 8.5149 105.6245 106.2366 2.2849 9.0990 22.8146 24.6832 106.1648 8.2993 110.9722 111.3773 2.3255 7.4288 6.9495 9.7532 1.0975 4.1634 25.0909 110.7607 23.8079 9.0336 9.1546 26.7847 8.8142 1.5278 111.4854 21.7844 2.6276 2.5170 111.4528 1.1798 111.8181 1.2921 7.5876 23.6845 2.1353 111.0895 7.2174 0.3429 0.4392 8.6724 0.0000 0.7180 27.7293 1.3849 8.1875 22.6229 8.6228 23.4318 8.1043 10.5013 8.3911 8.1201 27.3395 95.1601 23.1144 24.5805 24.7572 3.9924 2.2832 23.9744 7.7391 7.2429 6.8199 2.0478 10.2723 9.9863 110.5161 12.8648 7.0550 2.0984 7.0100 8.7532 1.4435 9.0411 7.8462 1.9311
8.2505 110.3679 110.3679 24.4039 24.4039 8.5627 110.8806 5.7354 8.1259 105.2966 105.9086 1.3391 8.7711 22.4867 24.3552 105.8369 8.0929 110.6442 111.0494 3.0647 7.0399 6.6216 9.3643 1.4343 4.9808 24.7630 110.4327 23.4800 8.7057 8.8266 26.4567 8.4253 2.9859 111.1574 21.4564 1.3926 1.3203 111.1249 0.9813 111.4901 0.7963 7.2596 23.3566 1.2306 110.7616 7.0110 0.5820 0.4468 8.3444 0.7180 0.0000 27.4013 0.6898 7.7986 22.2950 8.4165 23.1039 7.7764 10.1124 9.1027 7.7312 27.0116 94.8321 22.7864 24.2525 24.4292 3.7892 3.0223 23.6464 7.4111 6.8539 6.6135 2.7869 9.9444 9.6583 110.1882 12.5369 6.7270 2.8375 6.6821 8.4253 0.9480 8.7131 7.4573 1.0674
30.5361 87.0939 87.0939 17.3956 17.3956 36.7842 87.6067 33.9569 34.4810 82.0226 82.6347 29.2033 31.2415 12.0823 8.9017 82.5629 33.4353 87.3703 87.7754 30.1543 34.1576 28.9072 34.0017 29.5738 33.2023 8.1547 87.1588 9.8722 31.1761 31.2970 0.8612 35.5430 29.0694 87.8835 12.0510 28.1749 28.0643 87.8509 29.1185 88.2161 29.0456 29.5452 16.3483 28.6329 87.4876 32.1468 28.8729 28.6364 30.6300 28.3659 28.2972 0.0000 28.9280 34.1537 11.8905 32.2086 12.6994 30.0620 34.7497 33.5272 34.8489 1.2463 71.5582 10.0533 8.7989 5.3136 31.0267 30.1120 16.6381 29.6967 33.9716 31.5705 29.8765 32.4147 32.1287 86.9142 35.0073 29.0126 29.9271 28.9677 30.7109 29.0614 30.9987 34.5749 28.5370
8.8858 111.0032 111.0032 25.0393 25.0393 9.1227 111.5160 6.2954 8.1337 105.9319 106.5440 0.8260 9.4065 23.1220 24.9906 106.4722 7.0244 111.2796 111.6847 3.6246 7.0477 7.2569 7.5907 2.4824 5.5408 25.3983 111.0681 24.1153 9.3410 9.4620 27.0921 8.4331 4.2881 111.7928 22.0918 0.8062 0.8176 111.7602 2.0271 112.1255 1.3246 7.8950 23.9919 0.6312 111.3969 5.9425 1.1985 1.0633 8.9798 1.3849 0.6898 28.0367 0.0000 7.8064 22.9303 7.3480 23.7392 8.4117 8.3388 7.1163 7.7390 27.6469 95.4675 23.4218 24.8879 25.0646 2.7207 3.5822 24.2818 8.0465 6.8617 5.5450 3.3468 10.5797 10.2937 110.8235 13.1723 7.3624 3.3974 7.3174 9.0606 1.4763 8.0537 7.4650 0.4680
6.1926 112.1692 112.1692 26.2053 26.2053 10.2293 112.6820 8.6548 0.2942 107.0979 107.7100 7.9889 9.4980 24.2881 26.1566 107.6382 0.8442 112.4456 112.8507 9.0372 1.3512 7.2332 1.2899 8.6467 8.0815 26.5643 112.2341 25.2813 10.7374 10.8584 33.2359 5.1548 10.4525 112.9588 23.2578 8.4438 8.2902 112.9263 7.0058 113.2915 6.7746 7.8713 25.1579 7.8393 112.5629 3.5641 7.9458 7.7094 7.7186 8.1739 7.3701 35.7379 7.7136 0.0000 24.0963 5.4829 24.9052 6.9185 1.3662 1.0539 4.4151 34.6417 96.6335 24.5878 26.0539 26.2306 6.5011 9.7466 25.4478 8.0228 4.4143 4.4732 9.5112 9.2389 8.9528 111.9896 6.4867 6.9058 9.0511 7.2937 6.9545 6.7904 6.1887 3.8957 7.6352
20.9149 87.3661 87.3661 2.6903 2.6903 32.1637 87.8789 29.3364 24.8599 82.2948 82.9069 24.8147 21.6203 2.5566 2.3331 82.8351 23.8142 87.6425 88.0476 25.7657 26.1384 19.2860 24.3805 25.1851 28.5818 2.7408 87.4310 1.0123 21.5549 21.6759 10.8293 28.5863 24.6808 88.1557 2.7811 23.7862 23.6757 88.1232 24.7299 88.4884 24.6570 19.9241 1.2025 24.2443 87.7598 22.5257 24.4843 24.2478 21.0089 23.9773 23.9086 10.4094 24.5394 24.5326 0.0000 22.5875 3.2615 20.4408 25.1286 23.9061 27.0778 9.3133 71.8304 0.7194 2.2304 2.6532 25.9688 25.7233 2.7902 20.0756 26.9995 21.9494 25.4879 22.7936 22.5076 87.1865 25.3861 19.3915 25.5385 19.3465 21.0897 24.6728 21.3776 26.4809 24.1484
2.9709 109.1717 109.1717 23.2078 23.2078 14.1669 109.6845 11.3396 5.0813 104.1004 104.7125 6.9715 5.2445 21.2905 23.1591 104.6407 4.0356 109.4481 109.8532 9.6080 6.3598 4.2357 4.6020 9.2175 10.5850 23.5668 109.2366 22.2838 6.4783 6.7145 33.1603 8.8078 10.7048 109.9613 20.2603 7.4474 7.9770 109.9287 7.5766 110.2940 7.3454 4.3279 22.1604 7.5262 109.5654 1.3656 8.5166 8.2802 4.4969 8.7447 7.9409 32.7404 7.6083 4.7540 21.0988 0.0000 21.9077 3.6969 5.3500 4.1275 7.2992 31.6442 93.6360 21.5903 23.0564 23.2331 6.1858 10.3174 22.4503 4.4794 7.2210 1.4122 10.0820 4.9854 4.6993 108.9920 4.5293 3.9083 9.6219 4.2962 3.7328 7.3612 1.6422 6.7024 7.3221
20.8637 89.3791 89.3791 9.3147 9.3147 32.1124 89.8918 29.2851 24.8087 84.3078 84.9198 24.7634 21.5691 0.7162 4.3461 84.8481 23.7630 89.6554 90.0606 25.7144 26.0871 19.2348 24.3293 25.1339 28.5305 4.7538 89.4440 3.4708 21.5037 21.6246 12.8422 28.5351 24.6295 90.1687 1.2335 23.7350 23.6244 90.1361 24.6787 90.5013 24.6057 19.8729 8.2673 24.1930 89.7728 22.4744 24.4330 24.1966 20.9576 23.9261 23.8573 12.4223 24.4881 24.4813 2.5519 22.5362 0.0000 20.3896 25.0773 23.8548 27.0265 11.3262 73.8433 2.6059 4.2433 9.3400 25.9175 25.6721 8.5572 20.0244 26.9483 21.8981 25.4367 22.7424 22.4563 89.1994 25.3349 19.3402 25.4872 19.2953 21.0385 24.6215 21.3264 26.4297 24.0971
0.8136 107.0861 107.0861 21.1222 21.1222 17.5614 107.5989 14.7341 6.2626 102.0148 102.6269 8.1527 1.9074 19.2049 21.0735 102.5551 5.2169 107.3625 107.7676 11.1634 7.5410 1.1330 5.7832 10.5829 13.9795 21.4812 107.1510 20.1982 0.9569 5.7753 31.0747 9.9890 10.0785 107.8757 18.1747 9.1840 9.0734 107.8432 8.7579 108.2084 8.5266 0.9490 20.0748 8.7074 107.4798 3.6396 9.8820 9.6455 0.5439 9.3750 9.3063 30.6548 8.7895 5.9353 19.0132 3.0481 19.8221 0.0000 6.5313 5.3087 8.4804 29.5586 91.5504 19.5047 20.9708 21.1475 7.3670 11.1210 20.3647 0.7102 8.4022 3.3476 10.8856 1.5355 1.5995 106.9065 6.6860 1.4159 10.9362 1.4199 0.4978 8.5424 1.5177 7.8836 8.5033
5.3238 111.3005 111.3005 25.3366 25.3366 11.8313 111.8133 9.9038 1.3657 106.2292 106.8413 8.4096 9.9341 23.4193 25.2879 106.7695 0.6258 111.5769 111.9820 10.2862 1.8064 6.3645 0.3762 9.8957 9.3304 25.6956 111.3654 24.4126 9.8687 9.9896 35.2890 2.4977 12.1429 112.0901 22.3891 8.8856 9.4152 112.0575 8.2548 112.4228 8.0235 7.0026 24.2892 8.9643 111.6942 2.6953 9.1948 8.9583 6.8498 9.4228 8.6191 34.8692 9.0464 1.3662 23.2276 4.6142 24.0365 6.0498 0.0000 0.6457 3.4183 33.7730 95.7648 23.7191 25.1851 25.3619 7.6239 10.9955 24.5791 7.1540 3.4175 3.6045 10.7601 9.2100 8.9240 111.1208 6.4579 6.0371 10.3001 6.4250 6.0857 8.0393 5.3199 2.8989 8.7602
4.3048 110.2815 110.2815 24.3175 24.3175 12.4791 110.7942 11.7587 1.2401 105.2102 105.8222 7.3906 8.9150 22.4003 24.2688 105.7505 0.3767 110.5578 110.9630 10.0271 1.7924 5.3454 0.6756 9.6366 11.0041 24.6765 110.3463 23.3936 8.8496 8.9706 34.2700 6.9140 11.1239 111.0710 21.3700 7.8665 8.3961 111.0385 7.9957 111.4037 7.7645 5.9835 23.2702 7.9453 110.6751 1.6763 8.9357 8.6993 5.8308 9.1638 8.3600 33.8501 8.0274 1.0539 22.2086 3.5951 23.0175 5.0308 0.6457 0.0000 3.5748 32.7540 94.7457 22.7000 24.1661 24.3428 6.6048 10.7365 23.5600 6.1350 4.1935 2.5854 10.5010 8.1910 7.9049 110.1018 5.4389 5.0180 10.0410 5.4059 5.0667 7.7803 4.3009 3.6749 7.7411
7.5588 113.5355 113.5355 27.5716 27.5716 10.9855 114.0483 8.6334 5.7099 108.4642 109.0763 7.9676 10.4421 25.6543 27.5229 109.0045 4.2622 113.8119 114.2170 9.0158 2.6174 8.5995 2.9728 8.6253 8.0601 27.9306 113.6004 26.6476 11.6759 11.9122 33.2145 1.8199 10.4311 114.3251 24.6240 8.4224 8.2688 114.2925 6.9845 114.6577 6.7532 9.2375 26.5242 7.8180 113.9292 4.9303 7.9244 7.6880 9.0848 8.1525 7.3488 34.1591 7.6922 5.3826 25.4626 6.8492 26.2715 8.2848 3.1084 3.2540 0.0000 33.7694 97.9998 25.9541 27.4201 27.5969 6.4798 9.7252 26.8140 9.3890 1.0462 5.8395 9.4898 10.1830 9.8969 113.3558 7.4308 8.2721 9.0297 8.6600 8.3207 6.7690 7.5549 1.2088 7.6138
29.4399 85.9977 85.9977 16.2995 16.2995 36.3944 86.5105 33.5672 33.3849 80.9264 81.5385 28.8135 30.1453 10.9861 7.8055 81.4668 32.3392 86.2741 86.6792 29.7645 33.7678 27.8110 32.9055 29.1840 32.8125 7.0586 86.0626 8.7761 30.0799 30.2009 1.6699 35.1532 28.6796 86.7873 10.9548 27.7851 27.6745 86.7548 28.7288 87.1200 28.6558 28.4491 15.2522 28.2431 86.3914 31.0507 28.4831 28.2466 29.5339 27.9762 27.9074 1.2463 28.5382 33.0576 10.7944 31.1125 11.6033 28.9658 33.6536 32.4311 34.4591 0.0000 70.4620 8.9572 7.7028 4.5878 30.6369 29.7222 15.5420 28.6006 33.5818 30.4744 29.4867 31.3186 31.0326 85.8181 33.9111 27.9165 29.5373 27.8715 29.6147 28.6716 29.9026 35.0059 28.1472
91.4148 20.0782 20.0782 78.2744 78.2744 102.6635 20.5910 99.8362 95.3598 15.0069 15.6190 95.3145 92.1202 73.4713 70.2907 15.5472 94.3141 20.3546 20.7597 96.2655 96.6382 89.7859 94.8804 95.6850 99.0816 69.5438 20.1431 71.2612 92.0548 92.1757 70.4909 99.0862 95.1806 20.8678 73.4400 94.2861 94.1755 20.8352 95.2298 21.2005 95.1568 90.4240 77.2270 94.7441 20.4719 93.0255 94.9841 94.7477 91.5087 94.4772 94.4084 70.0710 95.0392 95.0324 73.2796 93.0873 74.0885 90.9407 95.6284 94.4059 97.5776 68.9748 0.0000 71.4424 70.1880 78.2997 96.4686 96.2232 77.5169 90.5755 97.4994 92.4492 95.9878 93.2935 93.0074 19.8985 95.8860 89.8913 96.0383 89.8464 91.5896 95.1727 91.8775 96.9808 94.6482
20.5509 87.0021 87.0021 2.2155 2.2155 31.7997 87.5149 28.9724 24.4959 81.9308 82.5429 24.4507 21.2563 2.0212 1.1944 82.4711 23.4502 87.2785 87.6836 25.4017 25.7744 18.9220 24.0165 24.8211 28.2178 2.3768 87.0670 0.3438 21.1909 21.3119 10.4653 28.2223 24.3168 87.7917 2.4171 23.4222 23.3117 87.7592 24.3659 88.1244 24.2930 19.5601 0.8767 23.8803 87.3958 22.1617 24.1203 23.8838 20.6449 23.6133 23.5446 10.0454 24.1754 24.1686 0.7194 22.2235 2.7261 20.0768 24.7646 23.5421 26.7138 8.9493 71.4664 0.0000 1.8664 2.1785 25.6048 25.3593 2.3154 19.7116 26.6355 21.5854 25.1239 22.4296 22.1436 86.8225 25.0221 19.0275 25.1745 18.9825 20.7257 24.3088 21.0136 26.1169 23.7844
22.4217 85.1524 85.1524 1.4229 1.4229 33.6704 85.6652 30.8431 26.3666 80.0812 80.6932 26.3214 23.1271 4.3191 0.6834 80.6215 25.3209 85.4288 85.8339 27.2724 27.6451 20.7928 25.8873 26.6919 30.0885 0.4125 85.2173 2.1090 23.0617 23.1826 8.6156 30.0931 26.1875 85.9420 4.2878 25.2930 25.1824 85.9095 26.2366 86.2747 26.1637 21.4308 2.0730 25.7510 85.5462 24.0324 25.9910 25.7545 22.5156 25.4840 25.4153 8.1957 26.0461 26.0393 4.1274 24.0942 4.9363 21.9476 26.6353 25.4128 28.5845 7.0996 69.6167 2.2902 0.0000 1.3859 27.4755 27.2301 1.5228 21.5823 28.5063 23.4561 26.9946 24.3003 24.0143 84.9728 26.8929 20.8982 27.0452 20.8533 22.5965 26.1795 22.8843 27.9877 25.6551
22.4619 94.9060 94.9060 0.7214 0.7214 33.7107 95.4188 30.8834 26.4069 89.8347 90.4468 26.3617 23.1674 8.5815 1.4838 90.3750 25.3612 95.1824 95.5875 27.3127 27.6854 20.8330 25.9276 26.7322 30.1288 1.3362 94.9709 2.2261 23.1020 23.2229 4.9197 30.1333 26.2278 95.6956 7.5512 25.3333 25.2227 95.6630 26.2769 96.0282 26.2040 21.4711 2.1597 25.7913 95.2997 24.0727 26.0313 25.7948 22.5559 25.5243 25.4556 5.3136 26.0864 26.0796 2.6532 24.1345 9.1987 21.9879 26.6756 25.4531 28.6248 4.5878 79.3703 2.1785 1.3859 0.0000 27.5158 27.2703 0.8214 21.6226 28.5466 23.4964 27.0349 24.3406 24.0546 94.7263 26.9332 20.9385 27.0855 20.8935 22.6368 26.2198 22.9246 28.0279 25.6954
6.6351 112.1410 112.1410 26.1771 26.1771 9.4151 112.6538 6.5879 6.9243 107.0697 107.6818 2.4670 10.5443 24.2598 26.1284 107.6100 5.6019 112.4174 112.8225 4.8563 5.8383 7.6757 6.1682 4.3594 5.8332 26.5361 112.2059 25.2531 10.4788 10.5998 28.9485 7.2237 6.2003 112.9306 23.2296 2.9429 3.0895 112.8981 2.8249 113.2633 2.5936 8.3138 25.1297 2.6387 112.5347 4.5200 3.6585 3.4220 8.1611 3.8865 3.0828 29.8932 2.7207 2.6459 24.0681 5.9254 24.8770 7.3611 6.9163 5.6938 6.5296 29.5034 96.6053 24.5596 26.0257 26.2024 0.0000 5.4592 25.4196 8.4653 5.6523 4.1225 5.2238 11.7175 11.4315 111.9614 9.4613 7.3483 4.8701 7.7362 7.3970 2.6094 6.6312 6.2556 2.4345
10.3244 112.4418 112.4418 26.4779 26.4779 6.1970 112.9546 3.3697 10.0876 107.3705 107.9826 3.8576 10.8451 24.5606 26.4292 107.9108 9.8244 112.7182 113.1233 0.5037 9.0015 8.6955 10.3907 1.7199 2.6151 26.8369 112.5067 25.5539 10.7797 10.9006 28.5307 10.3869 2.7848 113.2314 23.5304 4.3124 4.1588 113.1989 2.7981 113.5641 3.3362 9.3336 25.4305 3.7080 112.8355 8.7425 2.0551 2.1935 10.4184 2.2832 2.5877 29.4753 3.5822 9.7602 24.3689 10.1479 25.1778 9.8503 11.1387 9.9162 9.6928 29.0855 96.9061 24.8604 26.3265 26.5032 5.6564 0.0000 25.7204 9.4851 8.8156 8.3450 0.6551 12.0183 11.7323 112.2621 14.6109 8.8010 0.8993 8.7560 10.4992 3.3520 10.7871 9.4189 3.5038
21.6881 94.1322 94.1322 0.0999 0.0999 32.9369 94.6449 30.1096 25.6331 89.0609 89.6729 25.5879 22.3935 7.8077 1.6208 89.6012 24.5874 94.4085 94.8137 26.5389 26.9116 20.0592 25.1537 25.9583 29.3549 1.4731 94.1971 2.3630 22.3281 22.4491 18.1207 29.3595 25.4539 94.9217 6.7774 24.5594 24.4489 94.8892 25.5031 95.2544 25.4302 20.6973 1.0921 25.0175 94.5258 23.2989 25.2574 25.0210 21.7821 24.7505 24.6818 17.7008 25.3126 25.3058 2.7902 23.3607 8.4248 21.2140 25.9018 24.6793 27.8510 16.6047 78.5964 2.3154 1.5228 0.8214 26.7420 26.4965 0.0000 20.8488 27.7727 22.7226 26.2611 23.5668 23.2808 93.9525 26.1593 20.1647 26.3117 20.1197 21.8629 25.4460 22.1508 27.2541 24.9216
1.4479 106.7671 106.7671 20.8031 20.8031 17.2423 107.2798 14.4150 7.0450 101.6958 102.3078 9.8933 1.9294 18.8859 20.7544 102.2361 5.9993 107.0434 107.4486 10.8443 8.3235 0.7763 6.5657 10.2638 13.6604 21.1621 106.8319 19.8792 1.0399 2.1181 30.7556 10.7714 9.7594 107.5566 17.8556 8.8649 8.7543 107.5241 9.8086 107.8893 9.7356 0.2669 19.7558 9.3229 107.1607 4.4220 9.5629 9.3265 0.5329 9.0560 8.9872 30.3357 9.6180 6.7177 18.6942 3.8306 19.5031 0.7102 7.3137 6.0912 9.2629 29.2396 91.2313 19.1856 20.6517 20.8284 8.1494 10.8020 20.0456 0.0000 9.1847 4.1300 10.5666 1.8126 1.8767 106.5874 7.4684 1.8860 10.6171 1.0157 0.9456 9.7514 2.3002 8.6660 9.2270
7.5571 113.5338 113.5338 27.5698 27.5698 9.5923 114.0465 7.8304 5.1617 108.4625 109.0745 7.1645 11.0372 25.6526 27.5211 109.0028 4.2604 113.8101 114.2153 8.2128 1.7498 8.5977 2.9711 7.8223 7.2570 27.9289 113.5986 26.6459 12.1019 12.2229 32.4114 5.4610 9.6280 114.3233 24.6223 7.6193 7.4657 114.2908 6.1814 114.6560 5.9501 9.2358 26.5225 7.0149 113.9275 4.9286 7.1214 6.8849 9.0831 7.3494 6.5457 33.3561 6.8892 4.8343 25.4609 6.8474 26.2698 8.2831 3.1067 3.2523 1.0462 32.9663 97.9980 25.9523 27.4184 27.5951 5.6767 8.9221 26.8123 9.3873 0.0000 5.8377 8.6867 10.7780 10.4920 113.3541 8.0259 8.2703 8.2267 8.6582 8.3190 5.9659 7.5532 0.7117 6.8107
2.6982 108.6749 108.6749 22.7109 22.7109 12.0074 109.1876 9.1801 3.5888 103.6036 104.2156 4.8120 7.3084 20.7937 22.6622 104.1439 2.5431 108.9512 109.3564 7.4485 4.8672 3.7388 3.1094 7.0580 8.4255 23.0700 108.7398 21.7870 7.2430 7.3640 32.6634 7.3152 8.5453 109.4644 19.7634 5.2879 5.8175 109.4319 5.4171 109.7971 5.1859 4.3769 21.6636 5.3667 109.0686 0.3753 6.3571 6.1206 4.2242 6.5852 5.7814 32.2435 5.4487 3.2615 20.6020 1.4122 21.4109 3.4242 3.8574 2.6349 5.8066 31.1474 93.1391 21.0934 22.5595 22.7362 4.0262 8.1579 21.9534 4.5284 5.7284 0.0000 7.9224 6.0824 5.7964 108.4952 1.9101 3.4114 7.4624 3.7993 3.4601 5.2017 2.6943 5.2098 5.1625
10.0890 112.2064 112.2064 26.2425 26.2425 6.4015 112.7192 3.5742 9.8521 107.1351 107.7472 3.6221 10.6096 24.3252 26.1938 107.6754 9.5889 112.4828 112.8879 0.6393 8.7661 8.4601 10.1553 1.1104 2.8195 26.6015 112.2713 25.3185 10.5442 10.6652 28.2953 10.1515 1.4405 112.9960 23.2950 4.0770 3.9234 112.9634 2.5627 113.3287 3.1007 9.0982 25.1951 3.4725 112.6001 8.5071 1.8197 1.9580 10.1830 2.0478 2.3523 29.2399 3.3468 9.5248 24.1335 9.9125 24.9424 9.6149 10.9033 9.6808 9.4574 28.8501 96.6707 24.6250 26.0910 26.2678 5.4210 0.6551 25.4850 9.2497 8.5801 8.1095 0.0000 11.7829 11.4969 112.0267 14.3754 8.5656 0.5353 8.5206 10.2638 3.1165 10.5517 9.1834 3.2684
2.1950 108.9229 108.9229 22.9589 22.9589 19.0858 109.4356 16.2585 8.9314 103.8516 104.4636 11.7368 0.4888 21.0417 22.9102 104.3919 7.8125 109.1993 109.6044 12.6878 10.2651 2.3842 9.1170 12.1072 15.5038 23.3180 108.9878 22.0350 0.8848 2.7232 31.5762 12.6578 11.6028 109.7125 20.0114 10.7083 10.5978 109.6799 11.6520 110.0451 11.5791 2.0795 21.9116 11.1664 109.3166 6.2351 11.4063 11.1699 1.3587 10.8994 10.8307 32.4915 11.4615 8.6041 20.8500 5.9590 21.6589 1.5355 7.7608 7.8321 9.5844 31.3954 93.3871 21.3415 22.8075 22.9843 9.9626 12.6454 22.2014 1.8126 10.1662 5.9432 12.4100 0.0000 0.2853 108.7432 4.0566 6.5721 12.4606 6.5272 1.4383 11.5949 1.9516 9.6476 11.0705
2.2591 108.6368 108.6368 22.6729 22.6729 18.7997 109.1496 15.9724 8.6453 103.5655 104.1776 11.4507 0.7742 20.7557 22.6242 104.1058 7.5264 108.9132 109.3183 12.4017 9.9791 2.4483 8.8310 11.8212 15.2178 23.0319 108.7017 21.7490 1.0008 2.4372 31.2902 12.3717 11.3168 109.4264 19.7254 10.4223 10.3117 109.3939 11.3660 109.7591 11.2930 2.1436 21.6256 10.8803 109.0305 5.9491 11.1203 10.8838 1.4228 10.6134 10.5446 32.2055 11.1754 8.3180 20.5639 5.6730 21.3728 1.5995 7.4748 7.5461 9.2984 31.1094 93.1011 21.0554 22.5215 22.6982 9.6765 12.3594 21.9154 1.8767 9.8802 5.6571 12.1239 0.2853 0.0000 108.4572 3.7705 6.2861 12.1745 6.2411 1.5024 11.3088 1.9390 9.3616 10.7844
106.8617 0.4825 0.4825 93.7213 93.7213 118.1105 0.5228 115.2832 110.8067 5.6420 5.4993 110.7615 107.5671 88.9182 85.7376 4.3513 109.7610 0.7664 1.3164 111.7125 112.0852 105.2328 110.3273 111.1319 114.5286 84.9907 0.6998 86.7082 107.5017 107.6227 85.9378 114.5331 110.6275 0.8911 88.8869 109.7330 109.6225 1.1878 110.6767 0.8872 110.6038 105.8709 92.6740 110.1911 0.9498 108.4725 110.4310 110.1946 106.9557 109.9241 109.8554 85.5179 110.4862 110.4794 88.7265 108.5343 89.5354 106.3876 111.0754 109.8529 113.0246 84.4218 19.5321 86.8893 85.6349 93.7466 111.9156 111.6701 92.9638 106.0224 112.9463 107.8962 111.4347 108.7404 108.4544 0.0000 111.3329 105.3383 111.4853 105.2933 107.0365 110.6196 107.3244 112.4277 110.0952
5.9515 111.6560 111.6560 25.6921 25.6921 21.8189 112.1688 18.9916 8.5178 106.5847 107.1968 10.4079 4.2474 23.7749 25.6434 107.1251 7.4721 111.9324 112.3375 13.0445 10.1544 7.9111 8.0384 14.8404 18.2370 26.0511 111.7209 24.7682 5.4812 5.7175 34.3094 12.2442 14.3360 112.4456 22.7446 10.8839 13.3309 112.4131 11.0131 112.7783 10.7818 7.3084 24.6448 10.9626 112.0497 1.8635 14.1395 13.9031 7.4774 13.6326 13.5638 35.2247 11.0447 8.1904 23.5831 2.1165 24.3920 6.6774 7.6501 7.7214 8.6353 34.1286 96.1203 24.0746 25.5407 25.7174 9.6222 15.3786 24.9346 7.4599 10.0555 1.9101 15.1432 3.9883 3.7022 111.4764 0.0000 7.5837 13.0583 7.9716 6.7134 10.7976 1.6410 9.5369 10.7585
1.1108 107.4647 107.4647 21.5008 21.5008 14.5585 107.9775 11.7312 5.4684 102.3934 103.0055 7.3631 6.0983 19.5836 21.4521 102.9338 4.4227 107.7411 108.1462 9.9996 6.7469 1.3155 4.9891 9.6091 10.9765 21.8598 107.5296 20.5769 2.2332 6.1539 31.4533 9.1948 10.4571 108.2543 18.5533 7.8390 8.3686 108.2218 7.9682 108.5870 7.7369 1.5789 20.4535 7.9178 107.8584 3.1342 8.9082 8.6717 3.0494 9.1362 8.3325 31.0334 7.9998 5.1411 19.3918 3.1960 20.2007 1.4159 5.7371 4.5146 7.6863 29.9373 91.9290 19.8833 21.3494 21.5261 6.5773 10.7089 20.7433 1.7201 7.6081 2.5579 10.4735 2.8117 6.9856 107.2851 6.8338 0.0000 10.0135 1.3833 1.4733 7.7527 1.9861 7.0894 7.7136
10.1396 112.2570 112.2570 26.2931 26.2931 6.0842 112.7698 3.2569 9.3919 107.1857 107.7978 3.6727 10.6602 24.3758 26.2444 107.7260 9.0381 112.5334 112.9385 0.5865 8.3059 8.5107 9.6044 0.9913 2.5023 26.6521 112.3219 25.3691 10.5948 10.7158 28.3458 9.6913 2.5999 113.0466 23.3456 4.1276 3.9740 113.0140 2.9050 113.3793 3.2443 9.1488 25.2457 3.5231 112.6507 7.9562 1.8703 2.0086 10.2335 2.0984 2.4029 29.2905 3.3974 9.0646 24.1841 9.3616 24.9930 9.6655 10.3524 9.1299 8.9972 28.9007 96.7213 24.6756 26.1416 26.3184 4.8701 0.8993 25.5356 9.3003 8.1199 7.5587 0.5353 11.8335 11.5475 112.0773 14.4260 8.6162 0.0000 8.5712 10.3144 3.2602 10.6023 8.7233 3.3190
1.8139 106.0380 106.0380 20.0740 20.0740 16.5133 106.5508 13.6860 6.6253 100.9667 101.5787 9.1643 4.6716 18.1568 20.0253 101.5070 5.5796 106.3144 106.7195 10.1152 7.9038 0.3339 6.1459 9.5347 12.9313 20.4331 106.1029 19.1501 2.0151 4.7271 30.0265 10.3517 9.0303 106.8276 17.1265 8.1358 8.0252 106.7950 9.0795 107.1602 9.0066 0.9117 19.0267 8.5939 106.4317 4.2911 8.8338 8.5974 1.5081 8.3269 8.2581 29.6066 8.8889 6.2980 17.9651 4.3529 18.7740 1.4199 6.8940 5.6715 8.8432 28.5105 90.5023 18.4566 19.9226 20.0994 7.7342 10.0729 19.3165 1.0157 8.7649 3.7148 9.8375 5.8448 5.5588 105.8583 8.4374 1.3833 9.8881 0.0000 2.1805 9.0224 2.6246 8.2463 8.4980
0.7992 107.2070 107.2070 21.2430 21.2430 17.6822 107.7197 14.8549 6.3606 102.1357 102.7477 8.2507 1.8103 19.3258 21.1943 102.6760 5.3148 107.4833 107.8885 11.2842 7.6390 1.4038 5.8812 10.7037 14.1003 21.6020 107.2719 20.3191 0.8598 5.8961 31.1955 10.0870 10.1993 107.9965 18.2955 9.3048 9.1942 107.9640 8.8559 108.3292 8.6246 1.2125 20.1957 8.8054 107.6006 3.7375 10.0028 9.7664 0.5518 9.4959 9.4271 30.7756 8.8875 6.0332 19.1341 3.1461 19.9430 0.4978 6.6292 5.4067 8.5784 29.6795 91.6712 19.6255 21.0916 21.2683 7.4650 11.2419 20.4855 0.9456 8.5002 3.4456 11.0064 1.4383 1.5024 107.0273 6.7839 1.4733 11.0570 2.1538 0.0000 8.6404 1.4669 7.9816 8.6013
7.8105 111.3773 111.3773 25.4133 25.4133 7.8052 111.8901 4.9779 7.1312 106.3060 106.9180 2.2453 9.7805 23.4961 25.3646 106.8463 6.7773 111.6537 112.0588 3.2463 6.0452 7.6310 7.3437 2.2521 4.2232 25.7724 111.4422 24.4894 9.7151 9.8361 27.4661 7.4306 4.0578 112.1669 22.4658 2.7002 2.5466 112.1343 0.3360 112.4995 0.1517 8.2691 24.3660 2.0957 111.7710 5.6955 1.1488 1.0560 9.3538 1.4435 0.9480 28.4108 1.4763 6.8039 23.3044 7.1009 24.1133 8.7858 8.0917 6.8692 6.7364 28.0210 95.8416 23.7959 25.2619 25.4387 2.6094 3.3520 24.6558 8.4206 5.8592 5.2979 3.1165 10.9538 10.6677 111.1976 10.6367 7.7364 3.2602 7.6915 8.5724 0.0000 7.8067 6.4625 1.8916
0.9939 107.6967 107.6967 21.7327 21.7327 14.5214 108.2094 11.6941 5.4358 102.6254 103.2374 7.3260 2.4404 19.8155 21.6840 103.1657 4.3901 107.9731 108.3782 9.9625 6.7143 2.3356 4.9565 9.5720 10.9395 22.0918 107.7616 20.8088 1.8720 6.3858 31.6852 9.1622 10.6890 108.4863 18.7852 7.8019 8.3315 108.4537 7.9311 108.8189 7.6999 2.1676 20.6854 7.8807 108.0904 2.8128 8.8711 8.6347 2.3367 9.0992 8.2954 31.2653 7.9628 5.1085 19.6238 1.6422 20.4327 1.5366 5.7045 4.4820 7.6537 30.1692 92.1609 20.1153 21.5813 21.7581 6.5402 10.6719 20.9752 2.3191 7.5755 2.5208 10.4365 1.9516 1.9390 107.5170 1.6410 2.3884 9.9764 2.6435 1.4669 7.7157 0.0000 7.0568 7.6765
7.8339 113.8106 113.8106 27.8467 27.8467 10.6284 114.3234 8.8664 4.5757 108.7393 109.3514 8.2006 11.3140 25.9294 27.7980 109.2796 4.5373 114.0870 114.4921 9.2488 1.4788 8.8746 3.2479 8.8583 8.2931 28.2057 113.8755 26.9227 12.3788 12.4997 33.4475 2.2433 10.6641 114.6002 24.8992 8.6554 8.5018 114.5676 7.2175 114.9329 6.9862 9.5127 26.7993 8.0509 114.2043 5.2054 8.1574 7.9210 9.3599 8.3855 7.5817 34.3921 7.9252 4.2484 25.7377 7.1243 26.5466 8.5599 3.3836 3.5291 1.2088 34.0023 98.2749 26.2292 27.6952 27.8720 6.7128 9.9582 27.0892 9.6641 0.7117 6.1146 9.7228 11.0549 10.7688 113.6309 8.3027 8.5472 9.2627 8.9351 8.5958 7.0020 7.8300 0.0000 7.8468
8.3438 110.4612 110.4612 24.4972 24.4972 9.0442 110.9739 6.2169 8.0553 105.3899 106.0019 0.5414 8.8644 22.5800 24.4485 105.9302 6.7382 110.7375 111.1427 3.5462 6.9692 6.7149 7.3045 2.4039 5.4623 24.8563 110.5261 23.5733 8.7990 8.9199 26.5500 8.3546 3.7106 111.2507 21.5497 0.6088 0.6399 111.2182 1.9487 111.5834 1.8758 7.3529 23.4499 0.3017 110.8549 5.6563 1.7030 1.4410 8.4377 1.9311 1.0674 27.4946 0.4680 7.7280 22.3883 7.0617 23.1972 7.8697 8.0526 6.8301 7.6605 27.1049 94.9254 22.8797 24.3458 24.5225 2.4345 3.5038 23.7397 7.5044 6.7833 5.2588 3.2684 10.0377 9.7516 110.2815 12.6302 6.8203 3.3190 6.7754 8.5186 1.8916 7.7675 7.3866 0.0000
0.000 453.092 453.092 107.795 107.795 57.717 453.822 49.855 24.040 432.785 435.297 31.937 15.238 94.628 104.032 434.793 21.702 453.685 455.698 43.047 29.735 9.757 23.928 39.242 46.830 106.548 453.307 99.328 10.068 17.207 132.877 36.703 37.637 455.757 91.705 29.232 28.275 456.065 35.610 456.030 35.805 7.185 98.662 30.918 454.747 12.233 36.508 35.440 7.027 34.380 34.007 134.757 31.533 22.775 94.890 10.243 96.388 4.540 24.328 21.418 35.172 132.338 382.630 97.695 103.945 108.640 29.393 42.162 108.393 7.515 35.335 12.758 41.123 13.963 14.095 451.880 17.263 6.088 40.887 8.855 3.608 35.270 3.922 34.040 30.287
453.848 0.000 0.000 355.797 355.797 480.258 3.630 470.658 477.437 23.785 23.123 467.097 450.763 363.702 351.540 18.442 475.098 3.767 5.780 462.793 483.132 452.265 477.325 460.145 467.608 348.438 3.388 355.467 446.930 447.235 354.190 488.090 454.763 4.637 365.352 463.967 462.342 5.180 463.345 4.910 464.825 450.343 361.440 465.140 4.828 466.082 460.415 459.927 449.028 458.287 462.120 352.630 465.348 476.172 359.297 464.092 366.660 450.580 477.725 474.815 486.558 348.173 79.632 356.612 350.408 356.642 473.707 461.620 356.395 448.747 488.403 466.493 461.112 451.557 451.745 3.190 463.237 454.278 460.875 449.312 449.740 465.283 457.770 487.108 464.485
453.848 0.000 0.000 355.797 355.797 480.258 3.630 470.658 477.437 23.785 23.123 467.097 450.763 363.702 351.540 18.442 475.098 3.767 5.780 462.793 483.132 452.265 477.325 460.145 467.608 348.438 3.388 355.467 446.930 447.235 354.190 488.090 454.763 4.637 365.352 463.967 462.342 5.180 463.345 4.910 464.825 450.343 361.440 465.140 4.828 466.082 460.415 459.927 449.028 458.287 462.120 352.630 465.348 476.172 359.297 464.092 366.660 450.580 477.725 474.815 486.558 348.173 79.632 356.612 350.408 356.642 473.707 461.620 356.395 448.747 488.403 466.493 461.112 451.557 451.745 3.190 463.237 454.278 460.875 449.312 449.740 465.283 457.770 487.108 464.485
110.017 356.685 356.685 0.000 0.000 136.427 357.415 126.827 133.605 336.378 338.890 123.265 106.932 19.680 8.342 338.387 131.267 357.278 359.292 118.962 139.300 108.433 133.493 116.313 123.777 8.832 356.900 11.445 103.098 103.403 31.977 144.258 110.932 359.350 21.520 120.135 118.510 359.658 119.513 359.623 120.993 106.512 15.110 121.308 358.340 122.250 116.583 116.095 105.197 114.455 118.288 33.857 121.517 132.340 15.465 120.260 22.638 106.748 133.893 130.983 142.727 31.827 286.223 12.590 8.048 5.698 129.875 117.788 0.598 104.915 144.572 122.662 117.280 107.725 107.913 355.473 119.405 110.447 117.043 105.480 105.908 121.452 113.938 143.277 120.653
110.017 356.685 356.685 0.000 0.000 136.427 357.415 126.827 133.605 336.378 338.890 123.265 106.932 19.680 8.342 338.387 131.267 357.278 359.292 118.962 139.300 108.433 133.493 116.313 123.777 8.832 356.900 11.445 103.098 103.403 31.977 144.258 110.932 359.350 21.520 120.135 118.510 359.658 119.513 359.623 120.993 106.512 15.110 121.308 358.340 122.250 116.583 116.095 105.197 114.455 118.288 33.857 121.517 132.340 15.465 120.260 22.638 106.748 133.893 130.983 142.727 31.827 286.223 12.590 8.048 5.698 129.875 117.788 0.598 104.915 144.572 122.662 117.280 107.725 107.913 355.473 119.405 110.447 117.043 105.480 105.908 121.452 113.938 143.277 120.653
58.630 494.168 494.168 148.872 148.872 0.000 494.898 17.453 40.167 473.862 476.373 36.412 72.095 135.705 145.108 475.870 45.077 494.762 496.775 23.905 37.282 60.112 45.208 25.663 15.155 147.625 494.383 140.405 66.925 72.163 173.953 41.568 33.045 496.833 132.782 37.897 37.090 497.142 28.160 497.107 29.640 60.987 139.738 36.457 495.823 48.398 29.618 29.500 64.867 29.955 31.840 175.833 35.283 39.643 135.967 54.057 137.465 62.130 47.087 46.045 41.620 173.415 423.707 138.772 145.022 149.717 32.307 24.407 149.470 61.317 37.292 46.720 25.505 69.743 70.090 492.957 57.297 58.405 22.975 58.930 62.238 28.708 58.612 39.380 35.378
454.483 3.752 3.752 356.432 356.432 480.893 0.000 471.293 478.072 24.420 23.758 467.732 451.398 364.337 352.175 19.077 475.733 1.613 5.118 463.428 483.767 452.900 477.960 460.780 468.243 349.073 2.828 356.102 447.565 447.870 354.825 488.725 455.398 2.015 365.987 464.602 462.977 2.870 463.980 3.942 465.460 450.978 362.075 465.775 2.560 466.717 461.050 460.562 449.663 458.922 462.755 353.265 465.983 476.807 359.932 464.727 367.295 451.215 478.360 475.450 487.193 348.808 80.267 357.247 351.043 357.277 474.342 462.255 357.030 449.382 489.038 467.128 461.747 452.192 452.380 4.397 463.872 454.913 461.510 449.947 450.375 465.918 458.405 487.743 465.120
49.097 484.380 484.380 139.083 139.083 17.063 485.110 0.000 35.377 464.073 466.585 26.565 62.248 125.917 135.320 466.082 40.287 484.973 486.987 14.117 32.713 50.265 40.835 15.817 3.295 137.837 484.595 130.617 57.078 62.317 164.165 37.527 23.198 487.045 122.993 28.050 27.243 487.353 18.457 487.318 19.937 51.140 129.950 26.610 486.035 39.343 19.772 19.653 55.020 20.108 21.993 166.045 25.437 34.853 126.178 44.523 127.677 52.283 43.045 41.255 36.830 163.627 413.918 128.983 135.233 139.928 24.192 14.618 139.682 51.470 32.502 37.187 15.717 60.210 60.557 483.168 47.763 48.558 13.187 49.083 52.705 18.862 49.078 35.338 25.532
26.190 479.008 479.008 133.712 133.712 39.362 479.738 34.548 0.000 458.702 461.213 24.758 38.875 120.545 129.948 460.710 7.367 479.602 481.615 35.488 7.900 31.052 8.432 31.862 32.250 132.465 479.223 125.245 36.258 43.123 158.793 20.075 39.873 481.673 117.622 27.275 27.287 481.982 26.432 481.947 26.627 31.222 124.578 25.497 480.663 14.310 30.317 29.330 33.217 30.627 28.462 160.673 25.930 1.897 120.807 20.787 122.305 30.730 9.435 7.625 17.005 158.255 408.547 123.612 129.862 134.557 20.215 37.707 134.310 31.552 14.538 15.945 36.695 36.950 36.507 477.797 24.027 28.262 33.627 29.890 29.798 26.092 25.818 14.030 24.418
433.413 23.797 23.797 335.362 335.362 459.823 24.527 450.223 457.002 0.000 3.143 446.662 430.328 343.267 331.105 5.498 454.663 24.390 26.403 442.358 462.697 431.830 456.890 439.710 447.173 328.003 24.012 335.032 426.495 426.800 333.755 467.655 434.328 26.462 344.917 443.532 441.907 26.770 442.910 26.735 444.390 429.908 341.005 444.705 25.452 445.647 439.980 439.492 428.593 437.852 441.685 332.195 444.913 455.737 338.862 443.657 346.225 430.145 457.290 454.380 466.123 327.738 59.197 336.177 329.973 336.207 453.272 441.185 335.960 428.312 467.968 446.058 440.677 431.122 431.310 22.585 442.802 433.843 440.440 428.877 429.305 444.848 437.335 466.673 444.050
435.790 22.983 22.983 337.738 337.738 462.200 23.713 452.600 459.378 3.145 0.000 449.038 432.705 345.643 333.482 4.685 457.040 23.577 25.590 444.735 465.073 434.207 459.267 442.087 449.550 330.380 23.198 337.408 428.872 429.177 336.132 470.032 436.705 25.648 347.293 445.908 444.283 25.957 445.287 25.922 446.767 432.285 343.382 447.082 24.638 448.023 442.357 441.868 430.970 440.228 444.062 334.572 447.290 458.113 341.238 446.033 348.602 432.522 459.667 456.757 468.500 330.115 61.573 338.553 332.350 338.583 455.648 443.562 338.337 430.688 470.345 448.435 443.053 433.498 433.687 21.772 445.178 436.220 442.817 431.253 431.682 447.225 439.712 469.050 446.427
32.600 477.007 477.007 131.710 131.710 36.202 477.737 26.577 24.578 456.700 459.212 0.000 41.053 118.543 127.947 458.708 26.240 477.600 479.613 17.608 30.273 29.070 28.757 11.758 23.552 130.463 477.222 123.243 35.883 41.122 156.792 35.227 18.797 479.672 115.620 5.608 5.278 479.980 10.150 479.945 10.055 29.945 122.577 3.488 478.662 23.602 9.278 7.837 33.825 9.743 7.160 158.672 3.922 23.313 118.805 28.782 120.303 31.088 28.948 26.418 34.530 156.253 406.545 121.610 127.860 132.555 10.993 16.723 132.308 30.275 30.202 21.445 15.685 40.567 40.698 475.795 32.022 27.363 15.448 27.888 33.015 10.310 33.337 33.038 2.410
15.988 450.622 450.622 105.325 105.325 70.852 451.352 61.283 37.175 430.315 432.827 40.783 0.000 92.158 101.562 432.323 34.812 451.215 453.228 51.893 42.755 16.210 34.758 48.088 58.258 104.078 450.837 96.858 7.033 10.112 130.407 42.468 46.483 453.287 89.235 38.078 37.122 453.595 46.537 453.560 46.442 13.353 96.192 39.765 452.277 26.153 45.355 44.287 11.168 43.227 42.853 132.287 40.380 35.910 92.420 21.912 93.483 12.720 32.547 32.978 40.937 129.868 380.160 95.225 101.475 106.170 44.098 51.008 105.923 11.757 42.782 27.463 49.970 3.148 4.060 449.410 16.435 17.840 49.733 14.922 11.880 46.697 14.960 41.487 39.133
97.332 365.290 365.290 19.993 19.993 123.742 366.020 114.142 120.920 344.983 347.495 110.580 94.247 0.000 14.622 346.992 118.582 365.883 367.897 106.277 126.615 95.748 120.808 103.628 111.092 18.747 365.505 10.580 90.413 90.718 45.742 131.573 98.247 367.955 3.797 107.450 105.825 368.263 106.828 368.228 108.308 93.827 11.527 108.623 366.945 109.565 103.898 103.410 92.512 101.770 105.603 47.622 108.832 119.655 7.088 107.575 3.330 94.063 121.208 118.298 130.042 44.537 294.828 9.740 16.143 20.838 117.190 105.103 20.592 92.230 131.887 109.977 104.595 95.040 95.228 364.078 106.720 97.762 104.358 92.795 93.223 108.767 101.253 130.592 107.968
104.215 353.733 353.733 9.983 9.983 130.625 354.463 121.025 127.803 333.427 335.938 117.463 101.130 13.048 0.000 335.435 125.465 354.327 356.340 113.160 133.498 102.632 127.692 110.512 117.975 7.190 353.948 4.813 97.297 97.602 37.107 138.457 105.130 356.398 15.572 114.333 112.708 356.707 113.712 356.672 115.192 100.710 12.375 115.507 355.388 116.448 110.782 110.293 99.395 108.653 112.487 37.890 115.715 126.538 9.663 114.458 15.815 100.947 128.092 125.182 136.925 32.980 283.272 6.533 4.543 10.828 124.073 111.987 10.582 99.113 138.770 116.860 111.478 101.923 102.112 352.522 113.603 104.645 111.242 99.678 100.107 115.650 108.137 137.475 114.852
435.407 18.298 18.298 337.355 337.355 461.817 19.028 452.217 458.995 5.343 4.682 448.655 432.322 345.260 333.098 0.000 456.657 18.892 20.905 444.352 464.690 433.823 458.883 441.703 449.167 329.997 18.513 337.025 428.488 428.793 335.748 469.648 436.322 20.963 346.910 445.525 443.900 21.272 444.903 21.237 446.383 431.902 342.998 446.698 19.953 447.640 441.973 441.485 430.587 439.845 443.678 334.188 446.907 457.730 340.855 445.650 348.218 432.138 459.283 456.373 468.117 329.732 61.190 338.170 331.967 338.200 455.265 443.178 337.953 430.305 469.962 448.052 442.670 433.115 433.303 17.087 444.795 435.837 442.433 430.870 431.298 446.842 439.328 468.667 446.043
23.038 475.857 475.857 130.560 130.560 44.638 476.587 39.825 7.255 455.550 458.062 25.845 36.400 117.393 126.797 457.558 0.000 476.450 478.463 36.575 11.938 27.900 5.272 32.948 37.527 129.313 476.072 122.093 33.107 39.972 155.642 18.877 40.960 478.522 114.470 28.362 28.373 478.830 27.518 478.795 27.713 28.070 121.427 26.583 477.512 11.158 31.403 30.417 30.065 31.713 29.548 157.522 27.017 6.383 117.655 17.635 119.153 27.578 5.672 3.862 18.068 155.103 405.395 120.460 126.710 131.405 21.302 38.793 131.158 28.400 16.527 12.905 37.782 33.798 34.145 474.645 20.875 25.110 34.713 26.738 26.647 27.178 22.667 15.232 25.505
454.442 3.903 3.903 356.390 356.390 480.852 1.542 471.252 478.030 24.378 23.717 467.690 451.357 364.295 352.133 19.035 475.692 0.000 4.205 463.387 483.725 452.858 477.918 460.738 468.202 349.032 1.725 356.060 447.523 447.828 354.783 488.683 455.357 3.557 365.945 464.560 462.935 2.985 463.938 5.483 465.418 450.937 362.033 465.733 1.542 466.675 461.008 460.520 449.622 458.880 462.713 353.223 465.942 476.765 359.890 464.685 367.253 451.173 478.318 475.408 487.152 348.767 80.225 357.205 351.002 357.235 474.300 462.213 356.988 449.340 488.997 467.087 461.705 452.150 452.338 4.548 463.830 454.872 461.468 449.905 450.333 465.877 458.363 487.702 465.078
456.328 5.790 5.790 358.277 358.277 482.738 5.028 473.138 479.917 26.265 25.603 469.577 453.243 366.182 354.020 20.922 477.578 4.222 0.000 465.273 485.612 454.745 479.805 462.625 470.088 350.918 2.785 357.947 449.410 449.715 356.670 490.570 457.243 4.322 367.832 466.447 464.822 3.435 465.825 6.097 467.305 452.823 363.920 467.620 3.650 468.562 462.895 462.407 451.508 460.767 464.600 355.110 467.828 478.652 361.777 466.572 369.140 453.060 480.205 477.295 489.038 350.653 82.112 359.092 352.888 359.122 476.187 464.100 358.875 451.227 490.883 468.973 463.592 454.037 454.225 6.435 465.717 456.758 463.355 451.792 452.220 467.763 460.250 489.588 466.965
44.198 479.100 479.100 133.803 133.803 24.132 479.830 14.507 35.422 458.793 461.305 17.922 53.115 120.637 130.040 460.802 37.083 479.693 481.707 0.000 35.898 41.132 39.600 9.025 11.482 132.557 479.315 125.337 47.945 53.183 158.885 40.712 14.065 481.765 117.713 19.407 18.600 482.073 13.558 482.038 15.038 42.007 124.670 17.967 480.755 34.445 11.128 11.010 45.887 11.067 13.350 160.765 16.793 34.157 120.898 39.625 122.397 43.150 39.792 37.262 40.015 158.347 408.638 123.703 129.953 134.648 20.837 4.098 134.402 42.337 35.687 32.288 5.107 52.628 52.760 477.888 42.865 39.425 3.502 39.950 45.077 13.963 44.180 38.523 16.888
30.317 483.135 483.135 137.838 137.838 35.425 483.865 30.612 7.545 462.828 465.340 26.633 43.678 124.672 134.075 464.837 11.947 483.728 485.742 33.513 0.000 35.178 9.417 29.887 28.313 136.592 483.350 129.372 40.385 47.250 162.920 14.800 37.898 485.800 121.748 29.150 28.705 486.108 24.457 486.073 24.435 35.348 128.705 27.538 484.790 18.437 28.342 27.138 37.343 28.652 26.270 164.800 26.898 8.455 124.933 24.913 126.432 34.857 11.743 10.607 13.108 162.382 412.673 127.738 133.988 138.683 19.498 35.593 138.437 35.678 9.263 20.183 34.720 41.077 41.423 481.923 28.153 32.388 31.652 34.017 33.925 24.058 29.945 8.755 26.460
9.967 452.385 452.385 107.088 107.088 59.198 453.115 49.573 29.665 432.078 434.590 29.073 16.443 93.922 103.325 434.087 27.327 452.978 454.992 40.183 35.360 0.000 29.553 36.378 46.548 105.842 452.600 98.622 11.273 16.500 132.170 42.328 34.773 455.050 90.998 26.368 25.412 455.358 34.827 455.323 34.732 5.335 97.955 28.055 454.040 20.042 33.645 32.577 9.917 31.517 31.143 134.050 28.670 28.400 94.183 20.210 95.682 7.180 29.953 27.043 40.797 131.632 381.923 96.988 103.238 107.933 35.357 39.298 107.687 5.665 40.960 18.722 38.260 15.957 16.088 451.173 27.230 6.507 38.023 3.267 9.107 34.987 13.888 39.665 27.423
24.275 477.093 477.093 131.797 131.797 45.117 477.823 40.303 9.095 456.787 459.298 29.795 37.637 118.630 128.033 458.795 7.273 477.687 479.700 40.525 11.035 29.137 0.000 36.898 38.005 130.550 477.308 123.330 34.343 41.208 156.878 14.157 44.910 479.758 115.707 32.312 32.323 480.067 31.468 480.032 31.663 29.307 122.663 30.533 478.748 12.395 35.353 34.367 31.302 35.663 33.498 158.758 30.967 9.213 118.892 18.872 120.390 28.815 2.878 4.565 14.892 156.340 406.632 121.697 127.947 132.642 25.252 42.743 132.395 29.637 13.350 14.142 41.732 35.035 35.382 475.882 22.112 26.347 38.663 27.975 27.883 31.128 23.903 12.055 29.455
40.438 477.453 477.453 132.157 132.157 25.503 478.183 15.878 31.662 457.147 459.658 11.880 49.057 118.990 128.393 459.155 33.323 478.047 480.060 9.052 32.138 37.073 35.840 0.000 12.853 130.910 477.668 123.690 43.887 49.125 157.238 36.952 10.975 480.118 116.067 13.365 12.558 480.427 7.685 480.392 9.165 37.948 123.023 11.925 479.108 30.685 5.087 4.968 41.828 5.423 7.308 159.118 10.752 30.397 119.252 35.865 120.750 39.092 36.032 33.502 36.255 156.700 406.992 122.057 128.307 133.002 17.077 8.207 132.755 38.278 31.927 28.528 7.168 48.570 48.702 476.242 39.105 35.367 5.660 35.892 41.018 9.623 40.420 34.763 10.847
46.063 481.288 481.288 135.992 135.992 14.807 482.018 3.228 33.120 460.982 463.493 23.532 59.215 122.825 132.228 462.990 38.030 481.882 483.895 11.025 30.457 47.232 38.578 12.783 0.000 134.745 481.503 127.525 54.045 59.283 161.073 35.270 20.165 483.953 119.902 25.017 24.210 484.262 15.423 484.227 16.903 48.107 126.858 23.577 482.943 36.310 16.738 16.620 51.987 17.075 18.960 162.953 22.403 32.597 123.087 41.490 124.585 49.250 40.788 38.998 34.573 160.535 410.827 125.892 132.142 136.837 21.158 11.527 136.590 48.437 30.245 34.153 12.625 57.177 57.523 480.077 44.730 45.525 10.095 46.050 49.672 15.828 46.045 33.082 22.498
106.957 349.353 349.353 8.923 8.923 133.367 350.083 123.767 130.545 329.047 331.558 120.205 103.872 16.810 4.648 331.055 128.207 349.947 351.960 115.902 136.240 105.373 130.433 113.253 120.717 0.000 349.568 8.575 100.038 100.343 35.070 141.198 107.872 352.018 18.460 117.075 115.450 352.327 116.453 352.292 117.933 103.452 14.567 118.248 351.008 119.190 113.523 113.035 102.137 111.395 115.228 33.510 118.457 129.280 12.405 117.200 19.768 103.688 130.833 127.923 139.667 28.600 278.892 9.720 3.825 9.768 126.815 114.728 9.522 101.855 141.512 119.602 114.220 104.665 104.853 348.142 116.345 107.387 113.983 102.420 102.848 118.392 110.878 140.217 117.593
453.995 3.457 3.457 355.943 355.943 480.405 2.992 470.805 477.583 23.932 23.270 467.243 450.910 363.848 351.687 18.588 475.245 1.655 2.707 462.940 483.278 452.412 477.472 460.292 467.755 348.585 0.000 355.613 447.077 447.382 354.337 488.237 454.910 4.783 365.498 464.113 462.488 3.897 463.492 6.395 464.972 450.490 361.587 465.287 2.453 466.228 460.562 460.073 449.175 458.433 462.267 352.777 465.495 476.318 359.443 464.238 366.807 450.727 477.872 474.962 486.705 348.320 79.778 356.758 350.555 356.788 473.853 461.767 356.542 448.893 488.550 466.640 461.258 451.703 451.892 4.102 463.383 454.425 461.022 449.458 449.887 465.430 457.917 487.255 464.632
101.197 356.265 356.265 11.453 11.453 127.607 356.995 118.007 124.785 335.958 338.470 114.445 98.112 9.417 6.227 337.967 122.447 356.858 358.872 110.142 130.480 99.613 124.673 107.493 114.957 9.722 356.480 0.000 94.278 94.583 38.577 135.438 102.112 358.930 11.788 111.315 109.690 359.238 110.693 359.203 112.173 97.692 10.597 112.488 357.920 113.430 107.763 107.275 96.377 105.635 109.468 40.422 112.697 123.520 6.645 111.440 12.335 97.928 125.073 122.163 133.907 35.512 285.803 1.875 7.118 12.298 121.055 108.968 12.052 96.095 135.752 113.842 108.460 98.905 99.093 355.053 110.585 101.627 108.223 96.660 97.088 112.632 105.118 134.457 111.833
11.190 447.178 447.178 101.882 101.882 66.110 447.908 56.485 35.230 426.872 429.383 35.985 6.787 88.715 98.118 428.880 32.892 447.772 449.785 47.095 40.925 11.412 35.118 43.290 53.460 100.635 447.393 93.415 0.000 10.805 126.963 45.783 41.685 449.843 85.792 33.280 32.323 450.152 41.738 450.117 41.643 8.555 92.748 34.967 448.833 23.423 40.557 39.488 6.370 38.428 38.055 128.843 35.582 33.965 88.977 19.210 90.475 7.922 35.518 32.608 44.252 126.425 376.717 91.782 98.032 102.727 40.583 46.210 102.480 6.958 46.097 23.948 45.172 5.420 5.552 445.967 17.465 13.042 44.935 10.123 7.082 41.898 12.258 44.802 34.335
18.022 447.840 447.840 102.543 102.543 70.583 448.570 60.958 41.610 427.533 430.045 40.458 10.870 89.377 98.780 429.542 39.272 448.433 450.447 51.568 47.305 16.438 41.498 47.763 57.933 101.297 448.055 94.077 10.413 0.000 127.625 51.765 46.158 450.505 86.453 37.753 36.797 450.813 46.212 450.778 46.117 14.517 93.410 39.440 449.495 30.255 45.030 43.962 13.202 42.902 42.528 129.505 40.055 40.345 89.638 28.265 90.853 14.753 41.843 38.988 50.233 127.087 377.378 92.443 98.693 103.388 47.302 50.683 103.142 12.920 52.078 30.667 49.645 11.663 11.860 446.628 25.378 18.452 49.408 13.485 13.913 46.372 21.513 50.783 38.808
134.850 355.108 355.108 32.158 32.158 161.260 355.838 151.660 158.438 334.802 337.313 148.098 131.765 46.132 35.800 336.810 156.100 355.702 357.715 143.795 164.133 133.267 158.327 141.147 148.610 33.005 355.323 38.903 127.932 128.237 0.000 169.092 135.765 357.773 46.105 144.968 143.343 358.082 144.347 358.047 145.827 131.345 38.213 146.142 356.763 147.083 141.417 140.928 130.030 139.288 143.122 3.807 146.350 157.173 42.923 145.093 48.700 131.582 158.727 155.817 167.560 6.988 284.647 40.048 34.975 26.723 154.708 142.622 32.757 129.748 169.405 147.495 142.113 132.558 132.747 353.897 144.238 135.280 141.877 130.313 130.742 146.285 138.772 168.110 145.487
31.577 483.712 483.712 138.415 138.415 48.958 484.442 44.145 19.833 463.405 465.917 37.003 34.813 125.248 134.652 465.413 14.970 484.305 486.318 47.047 17.962 36.438 13.685 43.420 41.847 137.168 483.927 129.948 38.072 43.202 163.497 0.000 51.432 486.377 122.325 39.520 39.532 486.685 37.990 486.650 37.968 36.608 129.282 37.742 485.367 19.697 41.875 40.672 38.603 42.185 39.803 165.377 38.175 19.320 125.510 26.173 126.573 36.117 12.200 13.137 14.655 162.958 413.250 128.315 134.565 139.260 32.460 49.127 139.013 36.938 17.270 21.443 48.253 33.683 32.445 482.500 29.413 33.648 45.185 35.277 35.185 37.592 31.205 15.975 36.663
39.030 472.480 472.480 127.183 127.183 32.722 473.210 23.097 39.705 452.173 454.685 18.568 47.483 114.017 123.420 454.182 41.367 473.073 475.087 13.707 40.182 35.500 43.883 10.817 20.072 125.937 472.695 118.717 42.313 47.552 152.265 44.995 0.000 475.145 111.093 15.438 13.813 475.453 14.758 475.418 16.238 36.375 118.050 16.612 474.135 38.728 11.828 11.340 40.255 9.298 13.592 154.145 16.820 38.440 114.278 43.908 115.777 37.518 44.075 41.545 44.298 151.727 402.018 117.083 123.333 128.028 25.120 12.822 127.782 36.705 39.970 36.572 11.783 46.997 47.128 471.268 47.148 33.793 11.547 34.318 39.445 16.697 42.317 42.807 15.957
456.432 4.750 4.750 358.380 358.380 482.842 1.948 473.242 480.020 26.368 25.707 469.680 453.347 366.285 354.123 21.025 477.682 3.562 4.483 465.377 485.715 454.848 479.908 462.728 470.192 351.022 4.777 358.050 449.513 449.818 356.773 490.673 457.347 0.000 367.935 466.550 464.925 2.235 465.928 3.330 467.408 452.927 364.023 467.723 3.393 468.665 462.998 462.510 451.612 460.870 464.703 355.213 467.932 478.755 361.880 466.675 369.243 453.163 480.308 477.398 489.142 350.757 82.215 359.195 352.992 359.225 476.290 464.203 358.978 451.330 490.987 469.077 463.695 454.140 454.328 5.835 465.820 456.862 463.458 451.895 452.323 467.867 460.353 489.692 467.068
94.523 366.280 366.280 20.983 20.983 120.933 367.010 111.333 118.112 345.973 348.485 107.772 91.438 3.777 16.188 347.982 115.773 366.873 368.887 103.468 123.807 92.940 118.000 100.820 108.283 19.737 366.495 11.753 87.605 87.910 45.835 128.765 95.438 368.945 0.000 104.642 103.017 369.253 104.020 369.218 105.500 91.018 11.620 105.815 367.935 106.757 101.090 100.602 89.703 98.962 102.795 47.715 106.023 116.847 8.078 104.767 6.345 91.255 118.400 115.490 127.233 45.527 295.818 10.883 17.133 21.828 114.382 102.295 21.582 89.422 129.078 107.168 101.787 92.232 92.420 365.068 103.912 94.953 101.550 89.987 90.415 105.958 98.445 127.783 105.160
29.818 474.225 474.225 128.928 128.928 38.500 474.955 28.875 27.023 453.918 456.430 5.882 38.272 115.762 125.165 455.927 28.685 474.818 476.832 19.907 32.718 26.288 31.202 14.057 25.850 127.682 474.440 120.462 33.102 38.340 154.010 38.107 15.847 476.890 112.838 0.000 2.285 477.198 12.448 477.163 12.353 27.163 119.795 3.360 475.880 26.047 11.577 10.135 31.043 10.977 9.458 155.890 4.517 25.758 116.023 31.227 117.522 28.307 31.393 28.863 37.410 153.472 403.763 118.828 125.078 129.773 13.933 19.022 129.527 27.493 33.082 23.890 17.983 37.785 37.917 473.013 34.467 24.582 17.747 25.107 30.233 12.608 33.105 35.918 3.270
28.795 473.202 473.202 127.905 127.905 38.097 473.932 28.472 27.155 452.895 455.407 5.478 37.248 114.738 124.142 454.903 28.817 473.795 475.808 19.503 32.850 25.265 31.333 13.653 25.447 126.658 473.417 119.438 32.078 37.317 152.987 37.703 14.100 475.867 111.815 2.348 0.000 476.175 12.045 476.140 11.950 26.140 118.772 3.522 474.857 26.178 11.173 9.732 30.020 10.085 9.055 154.867 4.100 25.890 115.000 31.358 116.498 27.283 31.525 28.995 37.007 152.448 402.740 117.805 124.055 128.750 13.530 18.618 128.503 26.470 32.678 24.022 17.580 36.762 36.893 471.990 34.598 23.558 17.343 24.083 29.210 12.205 32.082 35.515 2.867
456.767 5.367 5.367 358.715 358.715 483.177 2.878 473.577 480.355 26.703 26.042 470.015 453.682 366.620 354.458 21.360 478.017 3.060 3.397 465.712 486.050 455.183 480.243 463.063 470.527 351.357 3.900 358.385 449.848 450.153 357.108 491.008 457.682 2.172 368.270 466.885 465.260 0.000 466.263 3.947 467.743 453.262 364.358 468.058 2.307 469.000 463.333 462.845 451.947 461.205 465.038 355.548 468.267 479.090 362.215 467.010 369.578 453.498 480.643 477.733 489.477 351.092 82.550 359.530 353.327 359.560 476.625 464.538 359.313 451.665 491.322 469.412 464.030 454.475 454.663 6.452 466.155 457.197 463.793 452.230 452.658 468.202 460.688 490.027 467.403
35.075 481.150 481.150 135.853 135.853 28.148 481.880 18.523 26.298 460.843 463.355 10.277 47.383 122.687 132.090 462.852 27.960 481.743 483.757 13.335 26.775 35.400 30.477 7.632 15.498 134.607 481.365 127.387 42.213 47.452 160.935 31.588 14.673 483.815 119.763 11.762 10.955 484.123 0.000 484.088 2.627 36.275 126.720 10.322 482.805 25.322 5.117 4.972 40.155 5.427 5.488 162.815 9.148 25.033 122.948 30.502 124.447 37.418 30.668 28.138 30.892 160.397 410.688 125.753 132.003 136.698 11.713 12.597 136.452 36.605 26.563 23.165 11.558 46.188 46.535 479.938 33.742 33.693 11.322 34.218 38.683 2.523 35.057 29.400 9.243
456.767 5.023 5.023 358.715 358.715 483.177 3.953 473.577 480.355 26.703 26.042 470.015 453.682 366.620 354.458 21.360 478.017 5.567 6.063 465.712 486.050 455.183 480.243 463.063 470.527 351.357 6.307 358.385 449.848 450.153 357.108 491.008 457.682 3.272 368.270 466.885 465.260 3.815 466.263 0.000 467.743 453.262 364.358 468.058 4.973 469.000 463.333 462.845 451.947 461.205 465.038 355.548 468.267 479.090 362.215 467.010 369.578 453.498 480.643 477.733 489.477 351.092 82.550 359.530 353.327 359.560 476.625 464.538 359.313 451.665 491.322 469.412 464.030 454.475 454.663 6.108 466.155 457.197 463.793 452.230 452.658 468.202 460.688 490.027 467.403
35.348 482.650 482.650 137.353 137.353 29.648 483.380 20.023 26.572 462.343 464.855 10.272 47.378 124.187 133.590 464.352 28.233 483.243 485.257 14.835 27.048 35.395 30.750 9.132 16.998 136.107 482.865 128.887 42.208 47.447 162.435 31.862 16.173 485.315 121.263 11.757 10.950 485.623 2.533 485.588 0.000 36.270 128.220 10.317 484.305 25.595 6.617 6.352 40.150 6.927 5.483 164.315 9.143 25.307 124.448 30.775 125.947 37.413 30.942 28.412 31.165 161.897 412.188 127.253 133.503 138.198 11.987 14.097 137.952 36.600 26.837 23.438 13.058 46.462 46.808 481.438 34.015 33.688 12.822 34.213 38.957 1.533 35.330 29.673 9.238
7.483 450.703 450.703 105.407 105.407 59.985 451.433 50.360 30.220 430.397 432.908 29.860 13.675 92.240 101.643 432.405 27.882 451.297 453.310 40.970 35.915 5.287 30.108 37.165 47.335 104.160 450.918 96.940 8.505 14.818 130.488 42.883 35.560 453.368 89.317 27.155 26.198 453.677 35.613 453.642 35.518 0.000 96.273 28.842 452.358 19.717 34.432 33.363 7.433 32.303 31.930 132.368 29.457 28.955 92.502 17.727 94.000 4.697 30.508 27.598 41.352 129.950 380.242 95.307 101.557 106.252 35.912 40.085 106.005 1.730 41.515 19.277 39.047 13.188 13.320 449.492 24.747 7.062 38.810 4.385 6.623 35.773 11.405 40.220 28.210
100.387 362.468 362.468 15.388 15.388 126.797 363.198 117.197 123.975 342.162 344.673 113.635 97.302 11.668 13.817 344.170 121.637 363.062 365.075 109.332 129.670 98.803 123.863 106.683 114.147 14.615 362.683 10.017 93.468 93.773 37.822 134.628 101.302 365.133 11.642 110.505 108.880 365.442 109.883 365.407 111.363 96.882 0.000 111.678 364.123 112.620 106.953 106.465 95.567 104.825 108.658 39.702 111.887 122.710 10.372 110.630 14.237 97.118 124.263 121.353 133.097 37.672 292.007 8.992 13.730 16.233 120.245 108.158 15.987 95.285 134.942 113.032 107.650 98.095 98.283 361.257 109.775 100.817 107.413 95.850 96.278 111.822 104.308 133.647 111.023
31.510 475.917 475.917 130.620 130.620 36.312 476.647 26.687 25.370 455.610 458.122 3.693 39.963 117.453 126.857 457.618 27.032 476.510 478.523 17.718 31.065 27.980 29.548 11.868 23.662 129.373 476.132 122.153 34.793 40.032 155.702 35.918 17.078 478.582 114.530 3.500 3.560 478.890 10.260 478.855 10.165 28.855 121.487 0.000 477.572 24.393 9.388 7.947 32.735 9.853 7.270 157.582 3.227 24.105 117.715 29.573 119.213 29.998 29.740 27.210 35.222 155.163 405.455 120.520 126.770 131.465 11.745 16.833 131.218 29.185 30.893 22.237 15.795 39.477 39.608 474.705 32.813 26.273 15.558 26.798 31.925 10.420 34.128 33.730 1.327
455.427 4.888 4.888 357.375 357.375 481.837 2.703 472.237 479.015 25.363 24.702 468.675 452.342 365.280 353.118 20.020 476.677 1.613 3.605 464.372 484.710 453.843 478.903 461.723 469.187 350.017 2.453 357.045 448.508 448.813 355.768 489.668 456.342 3.053 366.930 465.545 463.920 2.167 464.923 4.828 466.403 451.922 363.018 466.718 0.000 467.660 461.993 461.505 450.607 459.865 463.698 354.208 466.927 477.750 360.875 465.670 368.238 452.158 479.303 476.393 488.137 349.752 81.210 358.190 351.987 358.220 475.285 463.198 357.973 450.325 489.982 468.072 462.690 453.135 453.323 5.533 464.815 455.857 462.453 450.890 451.318 466.862 459.348 488.687 466.063
12.188 465.113 465.113 119.817 119.817 46.167 465.843 39.985 12.490 444.807 447.318 24.067 25.242 106.650 116.053 446.815 10.152 465.707 467.720 34.797 18.185 17.157 12.378 31.170 36.960 118.570 465.328 111.350 22.257 29.228 144.898 25.153 39.182 467.778 103.727 26.583 26.595 468.087 25.740 468.052 25.935 17.327 110.683 24.805 466.768 0.000 29.625 28.638 19.215 29.935 27.770 146.778 25.238 11.225 106.912 6.477 108.410 16.728 12.778 9.868 23.622 144.360 394.652 109.717 115.967 120.662 19.523 37.015 120.415 17.657 23.785 3.697 36.003 22.640 22.987 463.902 9.717 14.367 32.935 15.995 15.797 25.400 11.508 22.490 23.727
37.753 478.297 478.297 133.000 133.000 29.473 479.027 19.848 30.222 457.990 460.502 9.480 46.207 119.833 129.237 459.998 31.883 478.890 480.903 10.880 30.698 34.223 34.400 5.030 16.823 131.753 478.512 124.533 41.037 46.275 158.082 35.512 11.820 480.962 116.910 10.965 10.158 481.270 5.275 481.235 6.755 35.098 123.867 9.525 479.952 29.245 0.000 1.708 38.978 2.573 4.890 159.962 8.352 28.957 120.095 34.425 121.593 36.242 34.592 32.062 34.815 157.543 407.835 122.900 129.150 133.845 15.637 9.995 133.598 35.428 30.487 27.088 8.957 45.720 45.852 477.085 37.665 32.517 8.720 33.042 38.168 7.213 38.980 33.323 8.447
36.790 477.788 477.788 132.492 132.492 29.410 478.518 19.785 29.087 457.482 459.993 7.955 45.243 119.325 128.728 459.490 30.748 478.382 480.395 10.817 29.563 33.260 33.265 4.967 16.760 131.245 478.003 124.025 40.073 45.312 157.573 34.377 11.312 480.453 116.402 9.440 8.633 480.762 5.163 480.727 6.238 34.135 123.358 8.000 479.443 28.110 1.695 0.000 38.015 2.065 3.182 159.453 6.827 27.822 119.587 33.290 121.085 35.278 33.457 30.927 33.680 157.035 407.327 122.392 128.642 133.337 14.502 9.932 133.090 34.465 29.352 25.953 8.893 44.757 44.888 476.577 36.530 31.553 8.657 32.078 37.205 6.493 37.845 32.188 6.922
7.728 449.158 449.158 103.862 103.862 63.937 449.888 54.312 31.768 428.852 431.363 33.812 11.305 90.695 100.098 430.860 29.430 449.752 451.765 44.922 37.463 9.747 31.657 41.117 51.287 102.615 449.373 95.395 6.135 13.273 128.943 44.432 39.512 451.823 87.772 31.107 30.150 452.132 39.565 452.097 39.470 7.175 94.728 32.793 450.813 19.962 38.383 37.315 0.000 36.255 35.882 130.823 33.408 30.503 90.957 17.972 92.455 3.807 32.057 29.147 42.900 128.405 378.697 93.762 100.012 104.707 37.122 44.037 104.460 6.500 43.063 20.487 42.998 10.818 10.950 447.947 20.850 10.565 42.762 8.845 3.802 39.725 11.650 41.768 32.162
35.747 475.723 475.723 130.427 130.427 29.735 476.453 20.110 30.435 455.417 457.928 9.825 44.200 117.260 126.663 457.425 32.097 476.317 478.330 10.885 30.912 32.217 34.613 5.292 17.085 129.180 475.938 121.960 39.030 44.268 155.508 35.725 9.247 478.388 114.337 11.235 10.428 478.697 5.488 478.662 6.968 33.092 121.293 9.870 477.378 29.458 2.558 2.070 36.972 0.000 4.375 157.388 8.697 29.170 117.522 34.638 119.020 34.235 34.805 32.275 35.028 154.970 405.262 120.327 126.577 131.272 15.850 10.000 131.025 33.422 30.700 27.302 8.962 43.713 43.845 474.512 37.878 30.510 8.725 31.035 36.162 7.427 39.033 33.537 8.792
35.303 479.710 479.710 134.413 134.413 31.662 480.440 22.037 28.295 459.403 461.915 7.352 43.757 121.247 130.650 461.412 29.957 480.303 482.317 13.068 28.772 31.773 32.473 7.218 19.012 133.167 479.925 125.947 38.587 43.825 159.495 33.585 13.692 482.375 118.323 8.837 8.030 482.683 5.542 482.648 5.447 32.648 125.280 7.397 481.365 27.318 4.738 3.095 36.528 4.445 0.000 161.375 6.223 27.030 121.508 32.498 123.007 33.792 32.665 30.135 32.888 158.957 409.248 124.313 130.563 135.258 13.710 12.183 135.012 32.978 28.560 25.162 11.145 43.270 43.402 478.498 35.738 30.067 10.908 30.592 35.718 5.702 37.053 31.397 6.318
136.780 353.630 353.630 34.088 34.088 163.190 354.360 153.590 160.368 333.323 335.835 150.028 133.695 46.790 34.628 335.332 158.030 354.223 356.237 145.725 166.063 135.197 160.257 143.077 150.540 31.527 353.845 38.555 129.862 130.167 3.862 171.022 137.695 356.295 48.035 146.898 145.273 356.603 146.277 356.568 147.757 133.275 40.143 148.072 355.285 149.013 143.347 142.858 131.960 141.218 145.052 0.000 148.280 159.103 42.385 147.023 49.748 133.512 160.657 157.747 169.490 5.510 283.168 39.700 33.497 28.653 156.638 144.552 34.687 131.678 171.335 149.425 144.043 134.488 134.677 352.418 146.168 137.210 143.807 132.243 132.672 148.215 140.702 170.040 147.417
32.122 476.528 476.528 131.232 131.232 35.570 477.258 25.945 25.735 456.222 458.733 4.058 40.575 118.065 127.468 458.230 27.397 477.122 479.135 16.977 30.363 28.592 29.913 11.127 22.920 129.985 476.743 122.765 35.405 40.643 156.313 35.177 16.393 479.193 115.142 4.502 4.172 479.502 9.518 479.467 9.423 29.467 122.098 3.187 478.183 24.758 8.647 7.205 33.347 9.112 6.528 158.193 0.000 24.470 118.327 29.938 119.825 30.610 30.105 27.575 34.480 155.775 406.067 121.132 127.382 132.077 12.110 16.092 131.830 29.797 30.152 22.602 15.053 40.088 40.220 475.317 33.178 26.885 14.817 27.410 32.537 9.678 34.493 32.988 2.348
24.695 477.513 477.513 132.217 132.217 39.273 478.243 34.460 1.808 457.207 459.718 23.263 37.380 119.050 128.453 459.215 6.430 478.107 480.120 33.993 8.813 29.557 8.307 30.367 32.162 130.970 477.728 123.750 34.763 41.628 157.298 20.678 38.378 480.178 116.127 25.780 25.792 480.487 24.937 480.452 25.132 29.727 123.083 24.002 479.168 12.815 28.822 27.835 31.722 29.132 26.967 159.178 24.435 0.000 119.312 19.292 120.810 29.235 8.498 6.688 17.195 156.760 407.052 122.117 128.367 133.062 18.720 36.212 132.815 30.057 15.452 14.450 35.200 35.455 35.012 476.302 22.532 26.767 32.132 28.395 28.303 24.597 24.323 14.358 22.923
98.708 359.430 359.430 14.133 14.133 125.118 360.160 115.518 122.297 339.123 341.635 111.957 95.623 9.548 10.370 341.132 119.958 360.023 362.037 107.653 127.992 97.125 122.185 105.005 112.468 12.887 359.645 5.667 91.790 92.095 41.257 132.950 99.623 362.095 10.212 108.827 107.202 362.403 108.205 362.368 109.685 95.203 9.835 110.000 361.085 110.942 105.275 104.787 93.888 103.147 106.980 43.137 110.208 121.032 0.000 108.952 12.807 95.440 122.585 119.675 131.418 38.677 288.968 4.033 10.283 14.978 118.567 106.480 14.732 93.607 133.263 111.353 105.972 96.417 96.605 358.218 108.097 99.138 105.735 94.172 94.600 110.143 102.630 131.968 109.345
10.067 463.158 463.158 117.862 117.862 52.883 463.888 46.498 19.207 442.852 445.363 30.580 21.650 104.695 114.098 444.860 16.868 463.752 465.765 41.310 24.902 19.823 19.095 37.683 43.473 116.615 463.373 109.395 18.915 27.273 142.943 31.870 45.695 465.823 101.772 33.097 33.108 466.132 32.253 466.097 32.448 17.252 108.728 31.318 464.813 6.717 36.138 35.152 17.093 36.448 34.283 144.823 31.752 17.942 104.957 0.000 106.455 14.607 19.495 16.585 30.338 142.405 392.697 107.762 114.012 118.707 26.037 43.528 118.460 17.582 30.502 9.402 42.517 18.502 18.848 461.947 11.798 15.833 39.448 18.673 13.675 31.913 7.370 29.207 30.240
98.102 367.080 367.080 22.268 22.268 124.512 367.810 114.912 121.690 346.773 349.285 111.350 94.255 3.257 15.902 348.782 119.352 367.673 369.687 107.047 127.385 96.518 121.578 104.398 111.862 20.537 367.295 11.892 91.183 90.727 48.377 131.582 99.017 369.745 6.432 108.220 106.595 370.053 107.598 370.018 109.078 94.597 14.162 109.393 368.735 110.335 104.668 104.180 93.282 102.540 106.373 50.257 109.602 120.425 10.295 108.345 0.000 94.833 121.660 119.068 130.050 46.327 296.618 11.052 17.933 23.113 117.960 105.873 22.867 93.000 131.895 110.747 105.365 95.048 95.245 365.868 107.490 98.532 105.128 93.565 93.993 109.537 102.023 130.600 108.738
4.775 450.735 450.735 105.438 105.438 61.377 451.465 51.752 28.815 430.428 432.940 31.252 12.882 92.272 101.675 432.437 26.477 451.328 453.342 42.362 34.510 7.187 28.703 38.557 48.727 104.192 450.950 96.972 7.712 14.850 130.520 41.478 36.952 453.400 89.348 28.547 27.590 453.708 37.005 453.673 36.910 4.615 96.305 30.233 452.390 17.008 35.823 34.755 3.892 33.695 33.322 132.400 30.848 27.550 92.533 15.018 94.032 0.000 29.103 26.193 39.947 129.982 380.273 95.338 101.588 106.283 34.168 41.477 106.037 4.945 40.110 17.533 40.438 12.395 12.527 449.523 21.575 7.783 40.202 6.285 3.205 37.165 8.697 38.815 29.602
23.818 476.637 476.637 131.340 131.340 45.298 477.367 40.485 9.277 456.330 458.842 29.322 37.180 118.173 127.577 458.338 6.817 477.230 479.243 40.052 11.217 28.680 3.128 36.425 38.187 130.093 476.852 122.873 33.887 40.752 156.422 14.738 44.437 479.302 115.250 31.838 31.850 479.610 30.995 479.575 31.190 28.850 122.207 30.060 478.292 11.938 34.880 33.893 30.845 35.190 33.025 158.302 30.493 9.395 118.435 18.415 119.933 28.358 0.000 4.108 15.962 155.883 406.175 121.240 127.490 132.185 24.778 42.270 131.938 29.180 15.245 13.685 41.258 34.578 34.925 475.425 21.655 25.890 38.190 27.518 27.427 30.655 23.447 13.950 28.982
19.710 472.528 472.528 127.232 127.232 44.632 473.258 39.818 8.567 452.222 454.733 25.230 33.072 114.065 123.468 454.230 3.065 473.122 475.135 35.960 12.110 24.572 5.292 32.333 37.520 125.985 472.743 118.765 29.778 36.643 152.313 17.830 40.345 475.193 111.142 27.747 27.758 475.502 26.903 475.467 27.098 24.742 118.098 25.968 474.183 7.830 30.788 29.802 26.737 31.098 28.933 154.193 26.402 7.415 114.327 14.307 115.825 24.250 5.510 0.000 16.298 151.775 402.067 117.132 123.382 128.077 20.687 38.178 127.830 25.072 16.698 9.577 37.167 30.470 30.817 471.317 17.547 21.782 34.098 23.410 23.318 26.563 19.338 15.403 24.890
35.062 487.880 487.880 142.583 142.583 42.313 488.610 37.500 16.987 467.573 470.085 33.522 42.535 129.417 138.820 469.582 17.773 488.473 490.487 40.347 13.333 39.923 13.407 36.720 35.202 141.337 488.095 134.117 45.130 50.923 167.665 9.433 44.732 490.545 126.493 36.038 35.538 490.853 31.290 490.818 31.268 40.093 133.450 34.427 489.535 23.182 35.175 33.972 42.088 35.485 33.103 169.545 33.732 17.105 129.678 29.658 131.177 39.602 15.285 15.352 0.000 167.127 417.418 132.483 138.733 143.428 26.387 42.482 143.182 40.423 6.133 24.928 41.553 41.405 40.167 486.668 32.898 37.133 38.485 38.762 38.670 30.892 34.690 8.207 33.348
131.427 349.092 349.092 31.827 31.827 157.837 349.822 148.237 155.015 328.785 331.297 144.675 128.342 41.280 29.118 330.793 152.677 349.685 351.698 140.372 160.710 129.843 154.903 137.723 145.187 26.017 349.307 33.045 124.508 124.813 7.025 165.668 132.342 351.757 42.930 141.545 139.920 352.065 140.923 352.030 142.403 127.922 37.882 142.718 350.747 143.660 137.993 137.505 126.607 135.865 139.698 5.465 142.927 153.750 36.875 141.670 44.238 128.158 155.303 152.393 164.137 0.000 278.630 34.190 27.987 26.392 151.285 139.198 32.425 126.325 165.982 144.072 138.690 129.135 129.323 347.880 140.815 131.857 138.453 126.890 127.318 142.862 135.348 164.687 142.063
381.755 79.460 79.460 283.703 283.703 408.165 80.190 398.565 405.343 59.153 61.665 395.003 378.670 291.608 279.447 61.162 403.005 80.053 82.067 390.700 411.038 380.172 405.232 388.052 395.515 276.345 79.675 283.373 374.837 375.142 282.097 415.997 382.670 82.125 293.258 391.873 390.248 82.433 391.252 82.398 392.732 378.250 289.347 393.047 81.115 393.988 388.322 387.833 376.935 386.193 390.027 280.537 393.255 404.078 287.203 391.998 294.567 378.487 405.632 402.722 414.465 276.080 0.000 284.518 278.315 284.548 401.613 389.527 284.302 376.653 416.310 394.400 389.018 379.463 379.652 78.248 391.143 382.185 388.782 377.218 377.647 393.190 385.677 415.015 392.392
99.563 356.492 356.492 11.870 11.870 125.973 357.222 116.373 123.152 336.185 338.697 112.812 96.478 8.487 7.432 338.193 120.813 357.085 359.098 108.508 128.847 97.980 123.040 105.860 113.323 9.948 356.707 1.865 92.645 92.950 38.993 133.805 100.478 359.157 10.858 109.682 108.057 359.465 109.060 359.430 110.540 96.058 8.963 110.855 358.147 111.797 106.130 105.642 94.743 104.002 107.835 40.648 111.063 121.887 5.012 109.807 11.405 96.295 123.440 120.530 132.273 35.738 286.030 0.000 7.345 12.715 119.422 107.335 12.468 94.462 134.118 112.208 106.827 97.272 97.460 355.280 108.952 99.993 106.590 95.027 95.455 110.998 103.485 132.823 110.200
106.520 349.355 349.355 8.858 8.858 132.930 350.085 123.330 130.108 329.048 331.560 119.768 103.435 16.127 3.078 331.057 127.770 349.948 351.962 115.465 135.803 104.937 129.997 112.817 120.280 2.812 349.570 7.892 99.602 99.907 35.072 140.762 107.435 352.020 18.023 116.638 115.013 352.328 116.017 352.293 117.497 103.015 14.502 117.812 351.010 118.753 113.087 112.598 101.700 110.958 114.792 33.512 118.020 128.843 11.968 116.763 18.893 103.252 130.397 127.487 139.230 28.602 278.893 9.283 0.000 9.703 126.378 114.292 9.457 101.418 141.075 119.165 113.783 104.228 104.417 348.143 115.908 106.950 113.547 101.983 102.412 117.955 110.442 139.780 117.157
111.007 357.675 357.675 5.690 5.690 137.417 358.405 127.817 134.595 337.368 339.880 124.255 107.922 20.670 9.332 339.377 132.257 358.268 360.282 119.952 140.290 109.423 134.483 117.303 124.767 9.822 357.890 12.435 104.088 104.393 26.502 145.248 111.922 360.340 22.510 121.125 119.500 360.648 120.503 360.613 121.983 107.502 16.100 122.298 359.330 123.240 117.573 117.085 106.187 115.445 119.278 28.382 122.507 133.330 16.455 121.250 23.628 107.738 134.883 131.973 143.717 26.352 287.213 13.580 9.038 0.000 130.865 118.778 6.288 105.905 145.562 123.652 118.270 108.715 108.903 356.463 120.395 111.437 118.033 106.470 106.898 122.442 114.928 144.267 121.643
28.652 481.470 481.470 136.173 136.173 32.400 482.200 24.303 19.875 461.163 463.675 11.017 42.843 123.007 132.410 463.172 21.537 482.063 484.077 20.838 25.222 33.513 24.053 17.212 21.278 134.927 481.685 127.707 38.720 45.585 161.255 30.035 25.223 484.135 120.083 13.835 13.505 484.443 11.782 484.408 11.977 33.683 127.040 11.715 483.125 18.898 15.667 14.680 35.678 15.977 13.812 163.135 12.148 18.610 123.268 24.078 124.767 33.192 24.245 21.715 29.338 160.717 411.008 126.073 132.323 137.018 0.000 23.057 136.772 34.013 25.010 16.742 22.045 39.765 40.112 480.258 27.318 30.723 18.977 32.352 32.260 11.442 28.633 27.847 10.637
43.598 478.282 478.282 132.985 132.985 24.543 479.012 14.918 37.337 457.975 460.487 16.858 52.052 119.818 129.222 459.983 38.998 478.875 480.888 4.098 37.813 40.068 41.515 8.092 11.893 131.738 478.497 124.518 46.882 52.120 158.067 42.627 13.002 480.947 116.895 18.343 17.537 481.255 12.663 481.220 14.143 40.943 123.852 16.903 479.937 36.360 10.065 9.947 44.823 10.003 12.287 159.947 15.730 36.072 120.080 41.540 121.578 42.087 41.707 39.177 41.930 157.528 407.820 122.885 129.135 133.830 22.752 0.000 133.583 41.273 37.602 34.203 5.013 51.565 51.697 477.070 44.780 38.362 5.232 38.887 44.013 14.602 46.095 40.438 15.825
110.615 357.283 357.283 0.598 0.598 137.025 358.013 127.425 134.203 336.977 339.488 123.863 107.530 20.278 8.940 338.985 131.865 357.877 359.890 119.560 139.898 109.032 134.092 116.912 124.375 9.430 357.498 12.043 103.697 104.002 32.575 144.857 111.530 359.948 22.118 120.733 119.108 360.257 120.112 360.222 121.592 107.110 15.708 121.907 358.938 122.848 117.182 116.693 105.795 115.053 118.887 34.455 122.115 132.938 16.063 120.858 23.237 107.347 134.492 131.582 143.325 32.425 286.822 13.188 8.647 6.297 130.473 118.387 0.000 105.513 145.170 123.260 117.878 108.323 108.512 356.072 120.003 111.045 117.642 106.078 106.507 122.050 114.537 143.875 121.252
7.833 448.973 448.973 103.677 103.677 60.335 449.703 50.710 30.570 428.667 431.178 30.210 11.945 90.510 99.913 430.675 28.232 449.567 451.580 41.320 36.265 5.637 30.458 37.515 47.685 102.430 449.188 95.210 6.775 13.088 128.758 43.233 35.910 451.638 87.587 27.505 26.548 451.947 35.963 451.912 35.868 1.597 94.543 29.192 450.628 20.067 34.782 33.713 6.370 32.653 32.280 130.638 29.807 29.305 90.772 18.077 92.270 5.047 30.858 27.948 41.702 128.220 378.512 93.577 99.827 104.522 36.262 40.435 104.275 0.000 41.865 19.627 39.397 11.458 11.590 447.762 23.082 7.412 39.160 4.735 6.483 36.123 11.755 40.570 28.560
33.853 486.672 486.672 141.375 141.375 38.115 487.402 33.302 15.778 466.365 468.877 29.323 44.470 128.208 137.612 468.373 16.565 487.265 489.278 36.148 9.688 38.715 12.198 32.522 31.003 140.128 486.887 132.908 43.922 50.787 166.457 13.232 40.533 489.337 125.285 31.840 31.340 489.645 27.092 489.610 27.070 38.885 132.242 30.228 488.327 21.973 30.977 29.773 40.880 31.287 28.905 168.337 29.533 15.897 128.470 28.450 129.968 38.393 14.077 14.143 5.988 165.918 416.210 131.275 137.525 142.220 22.188 38.283 141.973 39.215 0.000 23.720 37.355 43.340 42.102 485.460 31.690 35.925 34.287 37.553 37.462 26.693 33.482 5.702 29.150
12.212 465.030 465.030 119.733 119.733 46.222 465.760 37.262 12.545 444.723 447.235 21.343 26.403 106.567 115.970 446.732 10.207 465.623 467.637 32.073 18.240 17.073 12.433 28.447 34.237 118.487 465.245 111.267 22.280 29.145 144.815 25.208 36.458 467.695 103.643 23.860 23.872 468.003 23.017 467.968 23.212 17.243 110.600 22.082 466.685 2.613 26.902 25.915 19.238 27.212 25.047 146.695 22.515 11.280 106.828 7.638 108.327 16.752 12.833 9.923 23.677 144.277 394.568 109.633 115.883 120.578 16.800 34.292 120.332 17.573 23.840 0.000 33.280 23.325 23.672 463.818 10.878 14.283 30.212 15.912 15.820 22.677 12.193 22.545 21.003
42.502 478.383 478.383 133.087 133.087 25.750 479.113 16.125 36.513 458.077 460.588 15.762 50.955 119.920 129.323 460.085 38.175 478.977 480.990 5.063 36.990 38.972 40.692 6.995 13.100 131.840 478.598 124.620 45.785 51.023 158.168 41.803 11.905 481.048 116.997 17.247 16.440 481.357 11.567 481.322 13.047 39.847 123.953 15.807 480.038 35.537 8.968 8.850 43.727 8.907 11.190 160.048 14.633 35.248 120.182 40.717 121.680 40.990 40.883 38.353 41.107 157.630 407.922 122.987 129.237 133.932 21.928 5.105 133.685 40.177 36.778 33.380 0.000 50.468 50.600 477.172 43.957 37.265 4.395 37.790 42.917 13.505 45.272 39.615 14.728
14.720 451.467 451.467 106.170 106.170 69.172 452.197 61.092 35.495 431.160 433.672 40.592 3.148 93.003 102.407 433.168 33.157 452.060 454.073 51.702 41.190 16.018 33.822 47.897 58.067 104.923 451.682 97.703 5.417 10.957 131.252 41.532 46.292 454.132 90.080 37.887 36.930 454.440 46.345 454.405 46.250 13.162 97.037 39.573 453.122 23.005 45.163 44.095 10.977 43.035 42.662 133.132 40.188 34.230 93.265 18.763 94.328 12.340 31.610 32.042 40.000 130.713 381.005 96.070 102.320 107.015 40.950 50.817 106.768 11.565 41.845 24.315 49.778 0.000 1.300 450.255 14.663 17.648 49.542 14.730 10.612 46.505 11.812 40.550 38.942
14.930 451.918 451.918 106.622 106.622 68.615 452.648 61.302 34.938 431.612 434.123 40.802 4.218 93.455 102.858 433.620 32.575 452.512 454.525 51.912 40.518 16.228 32.522 48.107 58.277 105.375 452.133 98.155 5.627 11.408 131.703 40.232 46.502 454.583 90.532 38.097 37.140 454.892 46.555 454.857 46.460 13.372 97.488 39.783 453.573 23.415 45.373 44.305 11.187 43.245 42.872 133.583 40.398 33.673 93.717 19.173 94.780 12.550 30.310 30.742 38.700 131.165 381.457 96.522 102.772 107.467 41.360 51.027 107.220 11.775 40.545 24.725 49.988 1.238 0.000 450.707 14.230 17.858 49.752 14.940 10.822 46.715 12.222 39.250 39.152
452.548 3.053 3.053 354.497 354.497 478.958 4.355 469.358 476.137 22.485 21.823 465.797 449.463 362.402 350.240 17.142 473.798 4.412 6.425 461.493 481.832 450.965 476.025 458.845 466.308 347.138 4.033 354.167 445.630 445.935 352.890 486.790 453.463 5.718 364.052 462.667 461.042 6.262 462.045 5.992 463.525 449.043 360.140 463.840 5.473 464.782 459.115 458.627 447.728 456.987 460.820 351.330 464.048 474.872 357.997 462.792 365.360 449.280 476.425 473.515 485.258 346.873 78.332 355.312 349.108 355.342 472.407 460.320 355.095 447.447 487.103 465.193 459.812 450.257 450.445 0.000 461.937 452.978 459.575 448.012 448.440 463.983 456.470 485.808 463.185
17.373 463.720 463.720 118.423 118.423 55.920 464.450 49.535 22.243 443.413 445.925 33.617 16.558 105.257 114.660 445.422 19.905 464.313 466.327 44.347 27.938 25.183 22.132 40.720 46.510 117.177 463.935 109.957 17.560 24.947 143.505 34.907 48.732 466.385 102.333 36.133 36.145 466.693 35.290 466.658 35.485 24.558 109.290 34.355 465.375 9.753 39.175 38.188 21.097 39.485 37.320 145.385 34.788 20.978 105.518 11.457 107.017 21.873 22.532 19.622 33.375 142.967 393.258 108.323 114.573 119.268 29.073 46.565 119.022 23.500 33.538 12.438 45.553 14.740 14.325 462.508 0.000 22.393 42.485 24.022 20.145 34.950 14.375 32.243 33.277
6.273 459.365 459.365 114.068 114.068 56.835 460.095 49.312 23.158 439.058 441.570 33.383 21.512 100.902 110.305 441.067 20.820 459.958 461.972 44.123 28.853 11.830 23.047 40.497 46.287 112.822 459.580 105.602 16.342 23.480 139.150 35.822 39.083 462.030 97.978 30.678 29.722 462.338 35.067 462.303 35.262 12.000 104.935 32.365 461.020 13.535 37.955 36.887 13.300 35.827 35.453 141.030 32.980 21.893 101.163 14.523 102.662 10.813 23.447 20.537 34.290 138.612 388.903 103.968 110.218 114.913 28.850 43.608 114.667 12.330 34.453 12.215 42.570 19.547 19.893 458.153 21.632 0.000 42.262 10.668 9.882 34.727 8.523 33.158 31.733
42.237 478.118 478.118 132.822 132.822 23.238 478.848 13.613 33.535 457.812 460.323 15.497 50.690 119.655 129.058 459.820 35.197 478.712 480.725 3.392 34.012 38.707 37.713 5.523 10.588 131.575 478.333 124.355 45.520 50.758 157.903 38.825 11.640 480.783 116.732 16.982 16.175 481.092 11.302 481.057 12.782 39.582 123.688 15.542 479.773 32.558 8.703 8.585 43.462 8.642 10.925 159.783 14.368 32.270 119.917 37.738 121.415 40.725 37.905 35.375 38.128 157.365 407.657 122.722 128.972 133.667 18.950 5.377 133.420 39.912 33.800 30.402 4.433 50.203 50.335 476.907 40.978 37.000 0.000 37.525 42.652 12.077 42.293 36.637 14.463
9.188 449.377 449.377 104.080 104.080 58.053 450.107 48.428 28.520 429.070 431.582 27.928 15.042 90.913 100.317 431.078 26.182 449.970 451.983 39.038 34.215 3.398 28.408 35.233 45.403 102.833 449.592 95.613 9.872 13.492 129.162 41.183 33.628 452.042 87.990 25.223 24.267 452.350 33.682 452.315 33.587 4.557 94.947 26.910 451.032 18.897 32.500 31.432 9.138 30.372 29.998 131.042 27.525 27.255 91.175 19.432 92.673 6.402 28.808 25.898 39.652 128.623 378.915 93.980 100.230 104.925 34.212 38.153 104.678 4.887 39.815 17.577 37.115 14.555 14.687 448.165 26.178 5.362 36.878 0.000 8.328 33.842 13.110 38.520 26.278
4.428 449.863 449.863 104.567 104.567 62.145 450.593 53.212 28.468 429.557 432.068 32.712 12.010 91.400 100.803 431.565 26.130 450.457 452.470 43.822 34.163 9.008 28.357 40.017 50.187 103.320 450.078 96.100 6.840 13.978 129.648 41.132 38.412 452.528 88.477 30.007 29.050 452.837 38.465 452.802 38.370 6.437 95.433 31.693 451.518 16.662 37.283 36.215 3.810 35.155 34.782 131.528 32.308 27.203 91.662 14.672 93.160 3.245 28.757 25.847 39.600 129.110 379.402 94.467 100.717 105.412 33.822 42.937 105.165 6.525 39.763 17.187 41.898 10.735 10.867 448.652 19.770 8.155 41.662 8.107 0.000 38.625 8.350 38.468 31.062
34.653 483.055 483.055 137.758 137.758 28.600 483.785 18.975 25.877 462.748 465.260 10.430 47.537 124.592 133.995 464.757 27.538 483.648 485.662 13.787 26.353 35.553 30.055 9.537 15.950 136.512 483.270 129.292 42.367 47.605 162.840 31.167 16.578 485.720 121.668 11.915 11.108 486.028 2.345 485.993 1.533 36.428 128.625 10.475 484.710 24.900 7.022 6.510 40.308 7.332 5.642 164.720 9.302 24.612 124.853 30.080 126.352 37.572 30.247 27.717 30.470 162.302 412.593 127.658 133.908 138.603 11.292 14.502 138.357 36.758 26.142 22.743 13.463 45.767 46.113 481.843 33.320 33.847 11.925 34.372 38.262 0.000 34.635 28.978 9.397
3.878 456.970 456.970 111.673 111.673 57.995 457.700 50.235 24.318 436.663 439.175 34.317 14.917 98.507 107.910 438.672 21.980 457.563 459.577 45.047 30.013 13.635 24.207 41.420 47.210 110.427 457.185 103.207 12.182 21.085 136.755 36.982 41.193 459.635 95.583 32.788 31.832 459.943 35.990 459.908 36.185 11.063 102.540 34.475 458.625 11.828 39.875 38.888 10.905 37.937 37.563 138.635 35.090 23.053 98.768 7.587 100.267 8.418 24.607 21.697 35.450 136.217 386.508 101.573 107.823 112.518 29.773 45.718 112.272 11.393 35.613 13.138 44.680 11.768 12.115 455.758 14.087 9.645 43.185 12.733 7.487 35.650 0.000 34.318 33.843
34.743 487.562 487.562 142.265 142.265 39.223 488.292 34.410 14.895 467.255 469.767 30.432 45.360 129.098 138.502 469.263 17.455 488.155 490.168 37.257 8.645 39.605 13.088 33.630 32.112 141.018 487.777 133.798 44.812 51.677 167.347 13.235 41.642 490.227 126.175 32.948 32.448 490.535 28.200 490.500 28.178 39.775 133.132 31.337 489.217 22.863 32.085 30.882 41.770 32.395 30.013 169.227 30.642 15.805 129.360 29.340 130.858 39.283 14.967 15.033 7.040 166.808 417.100 132.165 138.415 143.110 23.297 39.392 142.863 40.105 5.498 24.610 38.463 44.230 42.992 486.350 32.580 36.815 35.395 38.443 38.352 27.802 34.372 0.000 30.258
30.818 475.225 475.225 129.928 129.928 35.230 475.955 25.605 24.288 454.918 457.430 2.612 39.272 116.762 126.165 456.927 25.950 475.818 477.832 16.637 29.983 27.288 28.467 10.787 22.580 128.682 475.440 121.462 34.102 39.340 155.010 34.837 16.387 477.890 113.838 3.198 2.868 478.198 9.178 478.163 9.083 28.163 120.795 1.457 476.880 23.312 8.307 6.865 32.043 8.772 6.188 156.890 2.352 23.023 117.023 28.492 118.522 29.307 28.658 26.128 34.140 154.472 404.763 119.828 126.078 130.773 10.663 15.752 130.527 28.493 29.812 21.155 14.713 38.785 38.917 474.013 31.732 25.582 14.477 26.107 31.233 9.338 33.047 32.648 0.000
0.0000 110.0911 110.0911 23.8917 23.8917 13.2743 110.2051 11.4336 5.4265 105.0198 105.6319 6.8766 3.2864 21.1138 23.2525 105.5602 4.5963 110.1974 110.7371 9.2378 6.5750 1.5262 5.0761 8.4565 10.7941 23.8712 110.1204 22.2048 2.1268 3.2919 29.3885 7.5139 7.9038 110.6028 20.4070 6.0691 5.7560 110.7114 8.0508 110.4958 7.8827 1.3569 22.1226 6.5436 110.3704 2.6336 7.6377 7.4780 1.2395 7.3482 7.1069 29.7620 6.5256 5.0992 21.4179 2.3411 21.4725 0.7260 5.0786 4.6017 7.8281 29.5416 91.8423 21.9085 23.3975 23.8546 6.6599 9.0986 23.9916 1.5084 7.4912 2.6405 8.7435 2.3667 2.4486 109.4386 2.7441 1.2436 8.9094 1.8328 0.6892 7.8052 0.8219 7.1765 6.3006
109.9280 0.0000 0.0000 87.7635 87.7635 118.1867 0.6242 116.1531 115.5860 5.8217 5.5478 112.4810 110.4570 90.1593 87.1715 4.5310 114.7558 0.9008 1.4404 111.3782 116.7345 109.3525 115.2356 112.1780 115.5162 86.4270 0.8238 88.1421 108.4746 109.6912 87.7760 119.2656 109.7501 0.9760 90.3363 111.6198 111.4071 1.2482 111.7003 0.8690 111.8325 109.0455 88.4257 112.0530 1.0738 112.5616 110.8294 110.9322 108.7705 110.5399 111.2879 87.4286 111.7934 115.2587 88.6841 112.2690 90.8620 109.3304 115.2381 114.7612 119.5798 86.3324 17.8242 88.1773 86.8829 87.7264 114.0228 111.1288 87.8634 108.7786 119.9029 112.8045 112.1863 110.5299 109.4858 0.4825 111.7678 110.2466 112.3522 109.1194 109.2467 112.0022 110.7499 119.5882 111.9521
109.9280 0.0000 0.0000 87.7635 87.7635 118.1867 0.6242 116.1531 115.5860 5.8217 5.5478 112.4810 110.4570 90.1593 87.1715 4.5310 114.7558 0.9008 1.4404 111.3782 116.7345 109.3525 115.2356 112.1780 115.5162 86.4270 0.8238 88.1421 108.4746 109.6912 87.7760 119.2656 109.7501 0.9760 90.3363 111.6198 111.4071 1.2482 111.7003 0.8690 111.8325 109.0455 88.4257 112.0530 1.0738 112.5616 110.8294 110.9322 108.7705 110.5399 111.2879 87.4286 111.7934 115.2587 88.6841 112.2690 90.8620 109.3304 115.2381 114.7612 119.5798 86.3324 17.8242 88.1773 86.8829 87.7264 114.0228 111.1288 87.8634 108.7786 119.9029 112.8045 112.1863 110.5299 109.4858 0.4825 111.7678 110.2466 112.3522 109.1194 109.2467 112.0022 110.7499 119.5882 111.9521
24.0978 88.0128 88.0128 0.0000 0.0000 32.3566 88.1268 30.3230 29.7559 82.9415 83.5536 26.6509 24.6269 4.3291 1.5248 83.4818 28.9257 88.1191 88.6587 25.5481 30.9043 23.5224 29.4055 26.3478 29.6860 1.3875 88.0421 2.3119 22.6445 23.8610 5.8186 33.4354 23.9200 88.5245 4.5062 25.7896 25.5770 88.6331 25.8702 88.4175 26.0024 23.2154 2.0101 26.2229 88.2921 26.7314 24.9993 25.1021 22.9404 24.7098 25.4577 6.1922 25.9632 29.4286 2.8539 26.4389 5.0319 23.5002 29.4080 28.9310 33.7496 5.4284 69.7640 2.3471 1.4221 0.7214 28.1926 25.2986 0.0999 22.9485 34.0727 26.9743 26.3561 24.6997 23.6557 87.3603 25.9377 24.4164 26.5220 23.2893 23.4166 26.1720 24.9197 33.7580 26.1219
24.0978 88.0128 88.0128 0.0000 0.0000 32.3566 88.1268 30.3230 29.7559 82.9415 83.5536 26.6509 24.6269 4.3291 1.5248 83.4818 28.9257 88.1191 88.6587 25.5481 30.9043 23.5224 29.4055 26.3478 29.6860 1.3875 88.0421 2.3119 22.6445 23.8610 5.8186 33.4354 23.9200 88.5245 4.5062 25.7896 25.5770 88.6331 25.8702 88.4175 26.0024 23.2154 2.0101 26.2229 88.2921 26.7314 24.9993 25.1021 22.9404 24.7098 25.4577 6.1922 25.9632 29.4286 2.8539 26.4389 5.0319 23.5002 29.4080 28.9310 33.7496 5.4284 69.7640 2.3471 1.4221 0.7214 28.1926 25.2986 0.0999 22.9485 34.0727 26.9743 26.3561 24.6997 23.6557 87.3603 25.9377 24.4164 26.5220 23.2893 23.4166 26.1720 24.9197 33.7580 26.1219
13.2463 120.9677 120.9677 34.7682 34.7682 0.0000 121.0816 3.1956 9.2547 115.8964 116.5084 8.1001 15.5970 31.9904 34.1291 116.4367 10.4420 121.0740 121.6136 4.9828 8.8044 12.6972 10.7134 5.7117 3.1269 34.7478 120.9970 33.0813 14.4374 15.2495 40.2651 10.1606 7.2660 121.4793 31.2835 8.3970 8.3241 121.5879 6.0945 121.3723 6.2267 13.1781 32.9991 8.0966 121.2470 11.4420 6.4469 6.6308 13.9184 6.7206 7.0097 40.6386 7.7647 9.3291 32.2944 12.0778 32.3490 13.5161 11.1272 10.8093 9.5301 40.4181 102.7189 32.7850 34.2740 34.7311 6.8640 5.2102 34.8681 13.3296 8.5798 10.4423 5.2856 15.1247 15.1121 120.3151 12.4604 12.7571 4.8766 12.7918 13.9355 6.1801 13.0606 9.4711 7.9412
110.0420 0.6465 0.6465 87.8775 87.8775 118.3007 0.0000 116.2671 115.7000 5.9356 5.6618 112.5950 110.5710 90.2732 87.2855 4.6450 114.8698 0.2958 1.2373 111.4922 116.8485 109.4665 115.3496 112.2920 115.6302 86.5409 0.6376 88.2560 108.5886 109.8051 87.8899 119.3795 109.8641 0.3683 90.4503 111.7338 111.5211 0.6657 111.8143 0.6360 111.9465 109.1595 88.5397 112.1670 0.4792 112.6756 110.9434 111.0462 108.8845 110.6539 111.4019 87.5426 111.9073 115.3727 88.7980 112.3830 90.9760 109.4443 115.3521 114.8751 119.6937 86.4464 17.9382 88.2912 86.9969 87.8404 114.1367 111.2428 87.9774 108.8926 120.0169 112.9184 112.3002 110.6438 109.5998 0.5228 111.8818 110.3605 112.4661 109.2334 109.3607 112.1161 110.8638 119.7022 112.0660
11.5928 118.9353 118.9353 32.7358 32.7358 3.2102 119.0493 0.0000 7.8407 113.8640 114.4761 6.0691 13.5660 29.9580 32.0967 114.4043 9.0280 119.0416 119.5812 2.9504 7.3015 10.6661 8.8136 3.6806 0.2998 32.7154 118.9646 31.0490 12.4063 13.2185 38.2327 8.7179 5.2349 119.4470 29.2512 6.3660 6.2930 119.5556 4.2426 119.3400 4.3748 11.1470 30.9668 6.0655 119.2146 9.2274 4.4158 4.5998 11.8873 4.6895 4.9786 38.6062 5.7336 7.9151 30.2620 10.4243 30.3167 11.4850 9.6844 9.3953 8.1162 38.3858 100.6865 30.7526 32.2417 32.6988 5.3340 3.1778 32.8357 11.2985 7.1658 8.7888 3.2532 13.4712 13.4587 118.2828 10.8069 10.7260 2.8442 10.7607 12.2821 4.1490 11.4071 8.0284 5.9101
6.0488 116.1749 116.1749 29.9754 29.9754 8.6202 116.2889 7.2701 0.0000 111.1036 111.7156 4.6364 9.3536 27.1976 29.3363 111.6439 1.1683 116.2812 116.8208 7.3172 1.3967 6.8378 1.4038 6.5012 7.2014 29.9550 116.2042 28.2885 8.1756 9.3756 35.4723 3.9808 7.8467 116.6866 26.4907 5.1301 5.5471 116.7951 5.2342 116.5795 5.0661 7.1280 28.2063 5.0475 116.4542 3.2363 6.0062 5.9372 7.2883 6.2800 5.6117 35.8458 5.1783 0.3914 27.5016 4.7189 27.5562 6.7748 1.6461 1.4326 3.2339 35.6253 97.9261 27.9922 29.4813 29.9383 3.8433 7.7496 30.0753 7.2795 2.8995 2.8421 7.5788 7.9519 8.8084 115.5223 5.1015 6.5780 6.9829 6.9179 6.7380 4.9886 5.8878 2.8945 4.8921
104.8567 5.8217 5.8217 82.6922 82.6922 113.1154 5.9356 111.0818 110.5147 0.0000 0.7345 107.4097 105.3857 85.0880 82.1002 1.2907 109.6845 5.9279 6.4676 106.3069 111.6632 104.2812 110.1643 107.1067 110.4449 81.3557 5.8510 83.0708 103.4033 104.6199 82.7047 114.1943 104.6788 6.3333 85.2650 106.5485 106.3358 6.4419 106.6290 6.2263 106.7612 103.9742 83.3544 106.9817 6.1010 107.4903 105.7581 105.8609 103.6992 105.4686 106.2166 82.3573 106.7221 110.1874 83.6128 107.1977 85.7907 104.2591 110.1669 109.6899 114.5085 81.2612 12.7529 83.1060 81.8116 82.6551 108.9515 106.0575 82.7921 103.7073 114.8316 107.7332 107.1150 105.4586 104.4145 5.1691 106.6965 105.1753 107.2809 104.0481 104.1754 106.9309 105.6786 114.5169 106.8808
105.4687 5.5478 5.5478 83.3042 83.3042 113.7275 5.6618 111.6939 111.1268 0.7345 0.0000 108.0218 105.9978 85.7000 82.7123 1.0168 110.2966 5.6541 6.1937 106.9190 112.2753 104.8933 110.7764 107.7187 111.0569 81.9677 5.5771 83.6828 104.0154 105.2319 83.3167 114.8063 105.2909 6.0595 85.8771 107.1606 106.9479 6.1680 107.2411 5.9524 107.3733 104.5863 83.9665 107.5938 5.8271 108.1024 106.3702 106.4730 104.3113 106.0807 106.8286 82.9693 107.3341 110.7995 84.2248 107.8098 86.4028 104.8711 110.7789 110.3019 115.1205 81.8732 13.3650 83.7180 82.4237 83.2672 109.5635 106.6696 83.4042 104.3194 115.4436 108.3452 107.7270 106.0706 105.0266 4.8952 107.3086 105.7873 107.8929 104.6602 104.7875 107.5429 106.2906 115.1290 107.4928
6.9328 115.1953 115.1953 28.9958 28.9958 8.1001 115.3093 6.0691 4.6364 110.1240 110.7361 0.0000 8.7435 26.2180 28.3567 110.6644 4.5363 115.3016 115.8412 3.8063 5.7848 5.8437 5.2772 2.5528 5.4296 28.9754 115.2246 27.3090 7.5839 8.3961 34.4927 8.3455 4.1146 115.7070 25.5112 1.1251 1.1840 115.8156 2.0912 115.6000 1.9062 6.3246 27.2268 0.6844 115.4746 5.2467 1.7888 1.6256 7.0649 2.0904 1.3001 34.8662 0.8152 4.3090 26.5220 6.4436 26.5767 6.6626 5.2797 5.0660 7.7438 34.6458 96.9465 27.0127 28.5017 28.9588 2.4203 3.6672 29.0958 6.4761 6.7935 4.8081 3.3121 8.5133 8.5951 114.5428 6.8262 5.9036 3.4779 5.9383 7.0923 2.0597 7.4264 7.6560 0.5290
3.2898 110.6716 110.6716 24.4721 24.4721 16.9039 110.7856 13.4961 9.0561 105.6003 106.2124 8.6805 0.0000 21.6943 23.8330 106.1406 8.2480 110.7779 111.3175 11.0416 10.2952 3.0575 8.2561 10.2603 12.8566 24.4517 110.7009 22.7853 1.5314 2.2763 29.9690 9.5787 9.7076 111.1833 20.9875 7.8729 7.5599 111.2919 9.8568 111.0763 9.6718 2.5487 22.7031 8.3474 110.9509 5.2897 9.4416 9.2819 2.1324 9.1521 8.9108 30.3425 8.3295 8.7288 21.9983 4.2664 21.6108 2.6922 7.8177 8.0858 9.8929 30.1220 92.4228 22.4889 23.9780 24.4351 9.1644 10.9025 24.5720 2.2819 10.2160 5.1450 10.5474 0.5487 0.9672 110.0191 3.7679 3.7342 10.7133 3.3113 2.6085 9.8252 2.6124 9.9013 8.1045
21.3303 90.3845 90.3845 4.1850 4.1850 29.5891 90.4985 27.5555 26.9884 85.3132 85.9253 23.8834 21.8594 0.0000 3.3479 85.8535 26.1581 90.4908 91.0304 22.7806 28.1368 20.7549 26.6380 23.5803 26.9185 4.1646 90.4138 2.3972 19.8770 21.0935 9.9054 30.6679 21.1525 90.8962 0.8482 23.0221 22.8095 91.0048 23.1027 90.7892 23.2349 20.4479 2.6395 23.4554 90.6638 23.9639 22.2318 22.3346 20.1729 21.9423 22.6902 10.2789 23.1957 26.6611 1.7112 23.6714 0.7362 20.7327 26.6405 26.1635 30.9821 9.8350 72.1357 2.3063 3.6909 4.1480 25.4251 22.5311 4.2849 20.1810 31.3052 24.2068 23.5886 21.9322 20.8882 89.7320 23.1702 21.6489 23.7545 20.5218 20.6491 23.4045 22.1522 30.9905 23.3544
23.1216 87.6938 87.6938 1.8146 1.8146 31.3804 87.8078 29.3468 28.7797 82.6225 83.2345 25.6747 23.6506 3.1127 0.0000 83.1628 27.9494 87.8001 88.3397 24.5718 29.9281 22.5462 28.4293 25.3716 28.7098 1.4739 87.7231 1.0955 21.6683 22.8848 6.8747 32.4592 22.9437 88.2055 3.6637 24.8134 24.6007 88.3140 24.8939 88.0984 25.0261 22.2392 1.7451 25.2466 87.9731 25.7552 24.0231 24.1259 21.9642 23.7336 24.4815 9.1792 24.9870 28.4523 1.8777 25.4627 3.7767 22.5240 28.4318 27.9548 32.7734 7.1442 69.4450 1.1944 0.9868 1.7775 27.2164 24.3224 1.9145 21.9723 33.0965 25.9981 25.3799 23.7235 22.6795 87.0412 24.9614 23.4402 25.5458 22.3131 22.4403 25.1958 23.9435 32.7818 25.1457
105.3970 4.5310 4.5310 83.2325 83.2325 113.6558 4.6450 111.6221 111.0550 1.2907 1.0168 107.9501 105.9260 85.6283 82.6406 0.0000 110.2248 4.6373 5.1769 106.8472 112.2035 104.8215 110.7046 107.6470 110.9852 81.8960 4.5603 83.6111 103.9436 105.1602 83.2450 114.7346 105.2191 5.0427 85.8053 107.0888 106.8761 5.1512 107.1693 4.9356 107.3015 104.5145 83.8947 107.5220 4.8103 108.0306 106.2985 106.4013 104.2396 106.0090 106.7569 82.8976 107.2624 110.7277 84.1531 107.7380 86.3311 104.7994 110.7072 110.2302 115.0488 81.8015 13.2932 83.6463 82.3519 83.1954 109.4918 106.5978 83.3324 104.2476 115.3719 108.2735 107.6553 105.9989 104.9548 3.8784 107.2368 105.7156 107.8212 104.5884 104.7157 107.4712 106.2189 115.0572 107.4211
4.7703 114.8964 114.8964 28.6969 28.6969 10.0840 115.0104 8.7339 1.1683 109.8251 110.4372 4.5846 7.9678 25.9191 28.0578 110.3654 0.0000 115.0027 115.5423 7.2654 1.9635 5.5594 0.8080 6.4494 8.6653 28.6765 114.9257 27.0101 6.8971 8.0972 34.1938 3.1534 7.7949 115.4081 25.2123 5.0783 5.4953 115.5167 5.1824 115.3011 5.0143 5.8495 26.9279 4.9957 115.1757 1.9578 5.9544 5.8854 6.0098 6.2282 5.5599 34.5673 5.1265 1.0157 26.2231 3.4405 26.2778 5.4963 0.8105 0.5970 3.4395 34.3469 96.6476 26.7138 28.2028 28.6599 3.7915 7.6978 28.7968 6.0010 3.1530 2.0673 7.5270 6.6735 6.6609 114.2439 3.8231 5.2996 6.9311 5.6394 5.4596 4.9368 4.6094 2.8383 4.8403
110.0343 0.9008 0.9008 87.8698 87.8698 118.2930 0.2958 116.2594 115.6923 5.9279 5.6541 112.5873 110.5633 90.2656 87.2778 4.6373 114.8621 0.0000 0.8183 111.4845 116.8408 109.4588 115.3419 112.2843 115.6225 86.5333 0.3442 88.2483 108.5809 109.7974 87.8822 119.3718 109.8564 0.6641 90.4426 111.7261 111.5134 0.6788 111.8066 0.9318 111.9388 109.1518 88.5320 112.1593 0.3147 112.6679 110.9357 111.0385 108.8768 110.6462 111.3942 87.5349 111.8996 115.3650 88.7903 112.3753 90.9683 109.4366 115.3444 114.8674 119.6861 86.4387 17.9305 88.2835 86.9892 87.8327 114.1291 111.2351 87.9697 108.8849 120.0092 112.9107 112.2926 110.6361 109.5921 0.7770 111.8741 110.3528 112.4584 109.2257 109.3530 112.1084 110.8561 119.6945 112.0583
110.5739 1.4404 1.4404 88.4094 88.4094 118.8326 1.2373 116.7990 116.2319 6.4676 6.1937 113.1270 111.1029 90.8052 87.8174 5.1769 115.4017 1.0041 0.0000 112.0241 117.3804 109.9984 115.8815 112.8239 116.1621 87.0729 0.6601 88.7880 109.1205 110.3371 88.4219 119.9115 110.3960 0.9421 90.9822 112.2657 112.0530 0.8239 112.3462 1.1891 112.4784 109.6914 89.0716 112.6989 0.8233 113.2075 111.4754 111.5781 109.4165 111.1858 111.9338 88.0745 112.4393 115.9046 89.3300 112.9149 91.5079 109.9763 115.8841 115.4071 120.2257 86.9784 18.4701 88.8232 87.5288 88.3723 114.6687 111.7747 88.5093 109.4245 120.5488 113.4504 112.8322 111.1758 110.1317 1.3167 112.4137 110.8925 112.9981 109.7653 109.8926 112.6481 111.3958 120.2341 112.5980
10.2930 117.1648 117.1648 30.9653 30.9653 5.0680 117.2788 3.0369 7.3172 112.0935 112.7056 3.8063 11.1115 28.1875 30.3262 112.6338 7.2171 117.2711 117.8107 0.0000 8.2572 8.2116 7.9581 1.6140 2.3974 30.9449 117.1941 29.2785 9.9518 10.7640 36.4622 9.6736 2.7804 117.6765 27.4807 4.1032 4.0303 117.7851 2.9427 117.5695 3.0749 8.6925 29.1963 3.8028 117.4441 7.9276 2.1530 2.3370 9.4328 2.3484 2.7159 36.8357 3.4708 6.9899 28.4915 9.1245 28.5462 9.0305 7.9606 7.7469 9.0719 36.6153 98.9160 28.9821 30.4712 30.9283 4.5850 0.5581 31.0652 8.8440 8.1215 7.4890 0.6657 10.8812 10.9630 116.5123 9.5071 8.2715 0.5893 8.3062 9.4602 2.8492 10.1073 8.9841 3.6473
6.4107 116.5368 116.5368 30.3373 30.3373 7.7976 116.6507 6.4475 1.1723 111.4655 112.0775 5.7972 9.6081 27.5595 29.6982 112.0058 2.0304 116.6431 117.1827 7.3406 0.0000 7.1997 1.6407 6.5246 6.3788 30.3169 116.5661 28.6504 8.5375 9.7375 35.8342 2.9502 7.8701 117.0484 26.8526 6.2910 6.3125 117.1570 5.2576 116.9414 5.0894 7.4899 28.5682 6.2083 116.8161 3.5982 6.0295 5.9605 7.6502 6.3034 5.6350 36.2077 5.7531 1.4980 27.8635 5.0808 27.9181 7.1367 1.9616 1.9219 2.7035 35.9872 98.2880 28.3541 29.8432 30.3002 3.9268 7.9496 30.4372 7.6414 1.8689 3.7077 7.6021 8.3138 8.3013 115.8842 5.4634 6.9399 7.0062 7.2797 7.0999 5.0677 6.2497 1.8640 6.0529
1.5073 109.5924 109.5924 23.3929 23.3929 12.6281 109.7063 10.5970 6.4163 104.5211 105.1331 5.7814 3.0583 20.6151 22.7537 105.0614 5.5861 109.6986 110.2383 8.1426 7.5648 0.0000 6.0659 7.3612 9.9575 23.3725 109.6217 21.7060 1.8986 2.7931 28.8898 8.5037 6.8086 110.1040 19.9082 4.9739 4.6608 110.2126 6.9577 109.9970 6.7727 0.6393 21.6238 5.4484 109.8717 4.0583 6.5425 6.3828 1.5583 6.2530 6.0117 29.2633 5.4304 6.0890 20.9191 3.8483 20.9737 1.1560 6.0684 5.5914 8.8179 29.0428 91.3436 21.4097 22.8987 23.3558 7.6541 8.0034 23.4928 0.7908 8.4810 3.6347 7.6483 2.8280 2.9098 108.9398 4.2514 1.0768 7.8142 0.3353 1.5857 6.9261 2.3292 8.1663 5.2054
5.2081 115.3342 115.3342 29.1347 29.1347 9.5728 115.4481 8.2227 1.3042 110.2629 110.8749 5.5204 8.4055 26.3569 28.4956 110.8032 0.6972 115.4405 115.9801 8.2013 1.7325 5.9971 0.0000 7.3853 8.1540 29.1143 115.3635 27.4478 7.3349 8.5349 34.6316 2.4476 8.7308 115.8458 25.6500 6.0142 6.4312 115.9544 6.1183 115.7388 5.9502 6.2873 27.3656 5.9316 115.6135 2.3956 6.8903 6.8213 6.4476 7.1641 6.4958 35.0051 6.0624 1.4096 26.6609 3.8782 26.7155 5.9341 0.4231 0.7193 2.8344 34.7846 97.0854 27.1515 28.6406 29.0976 4.7274 8.6337 29.2346 6.4388 2.5479 2.5051 8.4629 7.1112 7.0987 114.6816 4.2608 5.7373 7.8670 6.0771 5.8973 5.8727 5.0471 2.2332 5.7762
9.4770 114.6619 114.6619 28.4624 28.4624 5.7117 114.7759 3.6806 6.5012 109.5906 110.2026 2.5528 10.3302 25.6846 27.8233 110.1309 6.4012 114.7682 115.3078 1.6140 7.4412 7.4303 7.1421 0.0000 3.0411 28.4420 114.6912 26.7755 9.1705 9.9827 33.9593 8.8576 2.2779 115.1736 24.9777 2.8497 2.7768 115.2821 1.6881 115.0665 1.8203 7.9112 26.6933 2.5493 114.9412 7.1116 0.8995 1.0835 8.6515 1.1732 1.4624 34.3328 2.2174 6.1739 25.9886 8.3085 26.0432 8.2492 7.1446 6.9309 8.2559 34.1123 96.4131 26.4792 27.9683 28.4253 3.7690 1.7243 28.5623 8.0627 7.3055 6.6730 1.3692 10.0999 10.1817 114.0094 8.6911 7.4902 1.0247 7.5249 8.6789 1.9900 9.2913 8.1681 2.3939
10.9533 118.2971 118.2971 32.0976 32.0976 3.1415 118.4111 0.2998 7.7721 113.2258 113.8379 5.4296 12.9265 29.3198 31.4585 113.7661 8.9594 118.4034 118.9430 2.3122 7.2328 10.0266 8.7450 3.0411 0.0000 32.0772 118.3264 30.4108 11.7668 12.5790 37.5945 8.6493 4.5954 118.8088 28.6130 5.7265 5.6535 118.9174 3.6031 118.7017 3.7353 10.5075 30.3286 5.4260 118.5764 8.5879 3.7763 3.9603 11.2478 4.0500 4.3392 37.9680 5.0941 7.8465 29.6238 9.7848 29.6784 10.8455 9.6158 9.3267 8.0475 37.7475 100.0483 30.1144 31.6035 32.0606 4.6945 2.5396 32.1975 10.6590 7.0972 8.1493 2.6150 12.8317 12.8192 117.6446 10.1674 10.0865 2.2060 10.1212 11.6426 3.5095 10.7676 7.9597 5.2706
23.7648 86.6763 86.6763 1.3875 1.3875 32.0236 86.7903 29.9900 29.4229 81.6050 82.2171 26.3179 24.2939 3.9961 1.0084 82.1453 28.5927 86.7826 87.3222 25.2151 30.5713 23.1894 29.0725 26.0148 29.3530 0.0000 86.7056 1.9789 22.3115 23.5280 8.5091 33.1024 23.5870 87.1880 4.1732 25.4566 25.2440 87.2966 25.5372 87.0809 25.6694 22.8824 2.0498 25.8899 86.9556 26.3984 24.6663 24.7691 22.6074 24.3768 25.1247 8.1617 25.6302 29.0956 2.5209 26.1059 4.6989 23.1672 29.0750 28.5980 33.4166 6.1267 68.4275 2.0141 0.7667 1.3505 27.8596 24.9656 1.4875 22.6155 33.7397 26.6413 26.0231 24.3667 23.3227 86.0238 25.6047 24.0834 26.1890 22.9563 23.0836 25.8390 24.5867 33.4250 25.7889
109.9573 0.8238 0.8238 87.7928 87.7928 118.2161 0.6376 116.1824 115.6153 5.8510 5.5771 112.5104 110.4863 90.1886 87.2008 4.5603 114.7851 0.3442 0.6601 111.4075 116.7638 109.3818 115.2649 112.2073 115.5455 86.4563 0.0000 88.1714 108.5039 109.7205 87.8053 119.2949 109.7794 0.9906 90.3656 111.6491 111.4364 0.8724 111.7296 1.2284 111.8618 109.0748 88.4550 112.0823 0.5082 112.5909 110.8588 110.9616 108.7999 110.5692 111.3172 87.4579 111.8227 115.2880 88.7134 112.2983 90.8913 109.3597 115.2675 114.7905 119.6091 86.3618 17.8535 88.2066 86.9122 87.7557 114.0521 111.1581 87.8927 108.8079 119.9322 112.8338 112.2156 110.5592 109.5151 0.7001 111.7971 110.2759 112.3815 109.1487 109.2760 112.0315 110.7792 119.6175 111.9814
22.3023 88.3789 88.3789 2.2631 2.2631 30.5610 88.4929 28.5274 27.9603 83.3076 83.9197 24.8553 22.8313 2.0929 1.2795 83.8479 27.1301 88.4852 89.0248 23.7525 29.1088 21.7268 27.6099 24.5523 27.8905 2.1590 88.4082 0.0000 20.8489 22.0655 7.3233 31.6399 22.1244 88.8906 2.6487 23.9941 23.7814 88.9992 24.0746 88.7836 24.2068 21.4198 1.2291 24.4273 88.6582 24.9359 23.2037 23.3065 21.1449 22.9142 23.6622 9.8643 24.1677 27.6330 1.0584 24.6433 2.8332 21.7047 27.6125 27.1355 31.9541 7.8294 70.1301 0.3438 1.6853 2.2261 26.3971 23.5031 2.3630 21.1529 32.2772 25.1788 24.5606 22.9042 21.8601 87.7264 24.1421 22.6209 24.7265 21.4937 21.6210 24.3765 23.1242 31.9625 24.3264
2.0982 108.6092 108.6092 22.4098 22.4098 14.3356 108.7232 12.3045 7.5247 103.5379 104.1500 7.4889 1.5314 19.6319 21.7706 104.0783 6.6945 108.7155 109.2551 9.8500 8.6732 1.8659 7.1744 9.0687 11.6650 22.3893 108.6385 20.7229 0.0000 2.3367 27.9066 10.1332 8.5160 109.1209 18.9251 6.6813 6.3683 109.2295 8.6652 109.0139 8.4802 1.3571 20.6407 7.1558 108.8885 4.7318 8.2500 8.0903 0.9408 7.9605 7.7192 28.2801 7.1379 7.1974 19.9359 3.5698 19.9906 1.5006 7.1769 6.6999 10.4475 28.0597 90.3604 20.4266 21.9156 22.3727 8.7581 9.7109 22.5097 1.0903 10.7706 4.7387 9.3558 1.0125 1.0943 107.9567 3.3532 2.5426 9.5217 2.1197 1.4169 8.6336 1.9158 10.4559 6.9129
3.2989 108.6154 108.6154 22.4160 22.4160 15.2968 108.7294 13.2658 8.9570 103.5441 104.1562 8.4502 2.3061 19.6381 21.7768 104.0845 8.1268 108.7217 109.2614 10.8113 10.1055 2.7235 8.6066 10.0300 12.6263 22.3955 108.6447 20.7291 2.3501 0.0000 27.9128 11.5284 9.4773 109.1271 18.9313 7.6426 7.3295 109.2357 9.6264 109.0201 9.4415 2.4165 20.6469 8.1171 108.8947 5.9326 9.2113 9.0516 2.1415 8.9217 8.6804 28.2863 8.0992 8.6297 19.9421 5.6400 20.8748 2.7013 9.7674 8.1321 11.8426 28.0659 90.3666 20.4328 21.9218 22.3789 10.1948 10.6722 22.5159 2.1496 12.1657 6.1754 10.3170 2.3789 2.5503 107.9629 5.4228 3.6175 10.4829 2.4904 2.6177 9.5949 4.2059 11.8510 7.8742
29.4031 88.0207 88.0207 5.7559 5.7559 37.6618 88.1346 35.6282 35.0611 82.9494 83.5614 31.9561 29.9321 9.8427 6.5222 83.4897 34.2309 88.1270 88.6666 30.8533 36.2096 28.8276 34.7107 31.6531 34.9913 7.1882 88.0500 7.3093 27.9497 29.1663 0.0000 38.7407 29.2252 88.5323 9.8114 31.0949 30.8822 88.6409 31.1754 88.4253 31.3076 28.5206 7.8101 31.5281 88.3000 32.0367 30.3045 30.4073 28.2456 30.0150 30.7630 0.8678 31.2684 34.7338 7.8513 31.7441 10.4599 28.8055 34.7132 34.2363 39.0549 1.5974 69.7719 7.3445 7.6442 5.0067 33.4979 30.6039 5.8558 28.2537 39.3780 32.2796 31.6614 30.0050 28.9609 87.3681 31.2429 29.7217 31.8272 28.5945 28.7218 31.4773 30.2250 39.0633 31.4272
6.5575 118.8079 118.8079 32.6084 32.6084 10.9210 118.9219 9.5709 4.1364 113.7366 114.3487 6.8699 8.4927 29.8306 31.9693 114.2769 2.4978 118.9142 119.4538 10.4640 3.5139 7.3466 3.0961 9.6480 9.5022 32.5880 118.8372 30.9216 9.0418 10.4126 38.1053 0.0000 10.9935 119.3196 29.1238 7.3636 7.7806 119.4282 8.3810 119.2126 8.2128 7.6367 30.8394 7.2810 119.0872 3.7450 9.1529 9.0839 7.7970 9.4268 8.7584 38.4788 7.4118 3.4182 30.1346 5.2277 29.7471 7.2835 2.8623 2.3356 2.6588 38.2583 100.5591 30.6252 32.1143 32.5714 6.0768 11.0730 32.7083 7.7882 3.3712 3.8545 10.7255 8.2335 7.9475 118.1554 5.6103 7.0868 10.1296 7.4266 7.2468 8.1911 6.3966 3.0565 7.1256
7.9668 113.4605 113.4605 27.2611 27.2611 7.2660 113.5745 5.2349 8.1951 108.3893 109.0013 4.0013 9.7775 24.4833 26.6219 108.9296 8.0950 113.5668 114.1065 2.7804 9.1350 6.8776 8.8359 2.2779 4.5954 27.2407 113.4899 25.5742 8.6178 9.4300 32.7580 10.5515 0.0000 113.9722 23.7764 3.1401 2.9274 114.0808 3.1404 113.8652 3.2726 7.3585 25.4920 3.5733 113.7399 8.8054 2.2696 2.3724 8.0988 1.5667 2.8081 33.1315 3.3136 7.8678 24.7873 10.0023 24.8419 7.6966 8.8385 8.6247 9.9497 32.9110 95.2118 25.2779 26.7669 27.2240 5.4629 2.6413 27.3610 7.5100 8.9994 8.3669 2.2862 9.5472 9.6290 112.8080 10.3850 6.9375 2.4521 6.9723 8.1262 3.4423 8.9349 9.8620 3.4723
110.4103 0.9760 0.9760 88.2458 88.2458 118.6690 0.3683 116.6354 116.0683 6.3040 6.0301 112.9634 110.9393 90.6416 87.6538 5.0133 115.2381 0.6641 0.9421 111.8605 117.2168 109.8348 115.7179 112.6603 115.9985 86.9093 1.0060 88.6244 108.9569 110.1735 88.2583 119.7479 110.2324 0.0000 90.8186 112.1021 111.8894 0.3705 112.1826 0.3453 112.3148 109.5278 88.9080 112.5353 0.5760 113.0439 111.3117 111.4145 109.2529 111.0222 111.7702 87.9109 112.2757 115.7410 89.1664 112.7513 91.3443 109.8127 115.7205 115.2435 120.0621 86.8148 18.3065 88.6596 87.3652 88.2087 114.5051 111.6111 88.3457 109.2609 120.3852 113.2868 112.6686 111.0122 109.9681 0.9942 112.2501 110.7289 112.8345 109.6017 109.7290 112.4845 111.2322 120.0705 112.4344
20.6235 90.5767 90.5767 4.3773 4.3773 28.8823 90.6907 26.8486 26.2815 85.5054 86.1175 23.1766 21.1525 0.8482 3.7605 86.0458 25.4513 90.6830 91.2226 22.0737 27.4300 20.0480 25.9311 22.8735 26.2117 4.3568 90.6060 2.6487 19.1701 20.3867 9.8741 29.9611 20.4456 91.0884 0.0000 22.3153 22.1026 91.1970 22.3958 90.9814 22.5280 19.7410 2.6082 22.7485 90.8560 23.2571 21.5250 21.6277 19.4661 21.2354 21.9834 10.2476 22.4889 25.9542 1.9034 22.9645 1.4654 20.0259 25.9337 25.4567 30.2753 10.0272 72.3279 2.3941 3.8831 4.3402 24.7183 21.8243 4.4772 19.4741 30.5984 23.5000 22.8818 21.2254 20.1813 89.9242 22.4633 20.9421 23.0477 19.8150 19.9422 22.6977 21.4454 30.2837 22.6476
6.1253 114.3877 114.3877 28.1883 28.1883 8.5373 114.5017 6.5063 5.1301 109.3165 109.9285 1.1251 7.9360 25.4105 27.5491 109.8568 5.0300 114.4940 115.0337 4.2435 6.2786 5.0361 5.7710 2.9900 5.8668 28.1678 114.4171 26.5014 6.7763 7.5885 33.6852 8.9581 3.2524 114.8994 24.7036 0.0000 0.3227 115.0080 2.5284 114.7924 2.3434 5.5170 26.4192 0.5364 114.6671 5.7405 2.2260 2.0627 6.2573 1.7826 1.7373 34.0587 0.8211 4.8028 25.7145 6.9374 25.7691 5.8550 5.7735 5.5598 8.3563 33.8382 96.1390 26.2051 27.6941 28.1512 3.0053 4.1044 28.2882 5.6685 7.4060 5.3019 3.7492 7.7057 7.7875 113.7352 7.3200 5.0960 3.9151 5.1307 6.2847 2.4968 7.0934 8.2686 0.5961
5.8144 114.0769 114.0769 27.8775 27.8775 8.5962 114.1909 6.5651 5.5471 109.0056 109.6177 1.1840 7.6252 25.0996 27.2383 109.5460 5.4470 114.1832 114.7229 4.3023 6.6955 4.7253 6.1879 3.0488 5.9256 27.8570 114.1062 26.1906 6.4655 7.2777 33.3743 9.0169 3.0397 114.5886 24.3928 0.3227 0.0000 114.6972 2.5872 114.4816 2.4023 5.2062 26.1084 0.7559 114.3562 6.1574 2.2849 2.1216 5.9465 1.7096 1.7961 33.7478 0.8370 5.2197 25.4036 7.3543 25.4583 5.5442 6.1904 5.9767 8.4152 33.5274 95.8281 25.8943 27.3833 27.8404 3.0642 4.1632 27.9774 5.3577 7.4648 5.7188 3.8081 7.3949 7.4767 113.4244 7.7369 4.7852 3.9740 4.8199 5.9739 2.5557 6.7826 8.3274 0.6550
110.5482 1.2482 1.2482 88.3837 88.3837 118.8070 0.6657 116.7734 116.2063 6.4419 6.1680 113.1013 111.0773 90.7795 87.7918 5.1512 115.3761 0.6788 0.8239 111.9985 117.3548 109.9728 115.8559 112.7982 116.1364 87.0472 0.8724 88.7623 109.0949 110.3114 88.3962 119.8858 110.3704 0.3705 90.9566 112.2401 112.0274 0.0000 112.3206 0.6175 112.4528 109.6658 89.0460 112.6733 0.4578 113.1819 111.4497 111.5525 109.3908 111.1602 111.9081 88.0488 112.4136 115.8790 89.3043 112.8893 91.4823 109.9506 115.8584 115.3814 120.2000 86.9527 18.4445 88.7975 87.5032 88.3467 114.6430 111.7491 88.4837 109.3989 120.5231 113.4247 112.8065 111.1501 110.1061 1.2664 112.3881 110.8668 112.9724 109.7397 109.8670 112.6224 111.3701 120.2085 112.5723
8.2100 115.6134 115.6134 29.4139 29.4139 6.2736 115.7274 4.2426 5.2342 110.5421 111.1542 2.1077 9.9266 26.6361 28.7748 111.0824 5.1341 115.7197 116.2593 2.9427 6.1742 7.0268 5.8751 1.6881 3.6031 29.3935 115.6427 27.7271 8.7669 9.5791 34.9108 7.5906 2.7921 116.1251 25.9293 2.4046 2.3316 116.2337 0.0000 116.0181 0.3485 7.5077 27.6449 2.1041 115.8927 5.8446 0.9515 1.1357 8.2479 1.2254 1.0464 35.2843 1.7722 4.9069 26.9401 7.0415 26.9948 7.8457 5.8776 5.6638 6.9888 35.0638 97.3646 27.4307 28.9198 29.3769 2.5020 2.8025 29.5138 7.6591 6.0385 5.4060 2.4474 10.0884 10.0758 114.9609 7.4241 7.0867 2.6132 7.1214 8.8992 0.3742 8.0243 6.9011 1.9487
110.3326 0.8690 0.8690 88.1681 88.1681 118.5914 0.6360 116.5578 115.9907 6.2263 5.9524 112.8857 110.8616 90.5639 87.5762 4.9356 115.1604 0.9318 1.1891 111.7829 117.1391 109.7572 115.6403 112.5826 115.9208 86.8316 1.2284 88.5467 108.8793 110.0958 88.1806 119.6702 110.1548 0.3453 90.7410 112.0244 111.8118 0.6175 112.1050 0.0000 112.2372 109.4502 88.8304 112.4577 0.8230 112.9662 111.2341 111.3369 109.1752 110.9446 111.6925 87.8332 112.1980 115.6634 89.0887 112.6737 91.2667 109.7350 115.6428 115.1658 119.9844 86.7371 18.2289 88.5819 87.2876 88.1311 114.4274 111.5334 88.2680 109.1833 120.3075 113.2091 112.5909 110.9345 109.8905 0.8872 112.1725 110.6512 112.7568 109.5241 109.6514 112.4068 111.1545 119.9928 112.3567
8.0864 115.7456 115.7456 29.5461 29.5461 6.4058 115.8596 4.3748 5.1106 110.6743 111.2864 1.9227 9.7416 26.7683 28.9070 111.2146 5.0105 115.8519 116.3915 3.0749 6.0505 6.8418 5.7514 1.8203 3.7353 29.5257 115.7749 27.8593 8.5820 9.3942 35.0430 7.4670 2.9243 116.2573 26.0615 2.2196 2.1467 116.3659 0.2679 116.1502 0.0000 7.3227 27.7770 1.9191 116.0249 5.7209 1.0837 1.1869 8.0630 1.3576 0.8614 35.4165 1.5872 4.7833 27.0723 6.9178 27.1269 7.6607 5.7540 5.5402 6.8652 35.1960 97.4968 27.5629 29.0520 29.5091 2.3784 2.9347 29.6460 7.4742 5.9149 5.2823 2.5796 9.9648 9.9522 115.0931 7.3005 6.9017 2.7454 6.9364 8.7756 0.1517 7.9007 6.7775 1.7637
1.3380 109.2128 109.2128 23.0134 23.0134 13.1090 109.3268 11.0779 6.6923 104.1416 104.7536 6.2623 2.5495 20.2355 22.3742 104.6819 5.8621 109.3191 109.8588 8.6234 7.8408 0.6393 6.3419 7.8421 10.4384 22.9929 109.2422 21.3265 1.3899 2.4136 28.5103 8.7797 7.2895 109.7245 19.5287 5.4548 5.1417 109.8331 7.4386 109.6175 7.2536 0.0000 21.2443 5.9293 109.4922 3.9717 7.0234 6.8637 1.3891 6.7339 6.4926 28.8838 5.9113 6.3650 20.5396 3.6791 20.5942 0.9868 6.3445 5.8675 9.0939 28.6633 90.9641 21.0302 22.5192 22.9763 7.9302 8.4843 23.1133 0.2669 8.7570 3.9108 8.1292 2.3192 2.4011 108.5603 4.0821 1.3529 8.2951 0.9459 1.4165 7.4070 2.1599 8.4423 5.6863
22.1998 88.7549 88.7549 2.0900 2.0900 30.4586 88.8689 28.4250 27.8579 83.6836 84.2957 24.7529 22.7289 2.6395 2.1199 84.2240 27.0277 88.8612 89.4008 23.6501 29.0064 21.6244 27.5075 24.4498 27.7880 2.1297 88.7842 1.2302 20.7465 21.9630 7.8728 31.5374 22.0220 89.2666 2.6082 23.8917 23.6790 89.3752 23.9722 89.1596 24.1044 21.3174 0.0000 24.3249 89.0342 24.8335 23.1013 23.2041 21.0424 22.8118 23.5597 8.2463 24.0652 27.5306 1.2399 24.5409 3.2567 21.6022 27.5100 27.0330 31.8516 7.4826 70.5061 0.9297 2.2649 2.0530 26.2946 23.4007 2.1900 21.0505 32.1747 25.0763 24.4581 22.8017 21.7577 88.1024 24.0397 22.5184 24.6240 21.3913 21.5186 24.2740 23.0217 31.8601 24.2239
6.4578 114.7203 114.7203 28.5208 28.5208 8.0966 114.8342 6.0655 5.0475 109.6490 110.2610 0.6844 8.2685 25.7430 27.8817 110.1893 4.9474 114.8266 115.3662 3.8028 6.1959 5.3686 5.6883 2.5493 5.4260 28.5004 114.7496 26.8339 7.1088 7.9210 34.0177 8.5173 3.6866 115.2319 25.0361 0.5364 0.7559 115.3405 2.0877 115.1249 1.9027 5.8495 26.7517 0.0000 114.9996 5.6578 1.7853 1.6220 6.5898 2.0869 1.2965 34.3912 0.6756 4.7202 26.0470 6.8547 26.1016 6.1875 5.6909 5.4771 7.9156 34.1707 96.4715 26.5376 28.0267 28.4837 2.5646 3.6636 28.6207 6.0010 6.9653 5.2192 3.3085 8.0382 8.1200 114.0677 7.2374 5.4285 3.4744 5.4633 6.6172 2.0561 7.8376 7.8278 0.2344
110.2073 1.0738 1.0738 88.0428 88.0428 118.4660 0.4792 116.4324 115.8653 6.1010 5.8271 112.7604 110.7363 90.4386 87.4508 4.8103 115.0351 0.3147 0.8233 111.6575 117.0138 109.6318 115.5149 112.4573 115.7955 86.7063 0.5082 88.4214 108.7539 109.9705 88.0553 119.5449 110.0294 0.5760 90.6156 111.8991 111.6864 0.4578 111.9796 0.8230 112.1118 109.3248 88.7050 112.3323 0.0000 112.8409 111.1087 111.2115 109.0499 110.8192 111.5672 87.7079 112.0727 115.5380 88.9634 112.5483 91.1413 109.6097 115.5175 115.0405 119.8591 86.6118 18.1035 88.4566 87.1622 88.0057 114.3021 111.4081 88.1427 109.0579 120.1822 113.0838 112.4656 110.8092 109.7651 0.9501 112.0471 110.5259 112.6315 109.3987 109.5260 112.2815 111.0292 119.8675 112.2314
2.6059 113.0599 113.0599 26.8604 26.8604 10.5999 113.1739 8.9870 2.7521 107.9886 108.6007 5.0063 6.0100 24.0826 26.2213 108.5289 1.9219 113.1662 113.7058 7.6872 3.9006 3.7229 2.4017 6.8712 8.3475 26.8400 113.0892 25.1736 4.7326 6.2607 32.3573 4.8395 8.2167 113.5716 23.3758 5.5000 5.9170 113.6802 5.6041 113.4646 5.4360 4.0130 25.0914 5.4174 113.3392 0.0000 6.3761 6.3071 3.8454 6.6500 5.9816 32.7308 5.5482 2.4248 24.3866 1.4826 24.4413 3.3318 2.4042 1.9273 5.1537 32.5104 94.8111 24.8772 26.3663 26.8234 4.2132 8.1195 26.9603 4.1645 4.8168 0.5240 7.9487 4.7156 4.7031 112.4074 1.8653 3.4631 7.3528 3.8029 3.2951 5.3585 2.6515 4.5021 5.2620
7.7007 114.7425 114.7425 28.5430 28.5430 6.4469 114.8565 4.4158 6.0062 109.6712 110.2833 1.7888 9.5114 25.7652 27.9039 110.2116 5.9061 114.8488 115.3884 2.1530 6.9461 6.6116 6.6470 0.8995 3.7763 28.5226 114.7718 26.8562 8.3518 9.1640 34.0399 8.3626 1.9212 115.2542 25.0584 2.0857 2.0128 115.3628 0.9515 115.1472 1.0837 7.0925 26.7740 1.7853 115.0218 6.6165 0.0000 0.1662 7.8328 0.3545 0.6129 34.4134 1.4534 5.6789 26.0692 7.8134 26.1239 7.4305 6.6496 6.4358 7.7608 34.1930 96.4937 26.5599 28.0489 28.5060 3.2740 2.0139 28.6430 7.2440 6.8105 6.1779 1.6588 9.2812 9.3630 114.0900 8.1961 6.6715 1.8247 6.7062 7.8602 1.2534 8.7963 7.6731 1.6299
7.5410 114.8453 114.8453 28.6458 28.6458 6.6308 114.9593 4.5998 5.9372 109.7740 110.3861 1.6256 9.3518 25.8680 28.0067 110.3144 5.8371 114.9516 115.4912 2.3370 6.8771 6.4519 6.5780 1.0835 3.9603 28.6254 114.8746 26.9590 8.1921 9.0043 34.1427 8.2935 2.0240 115.3570 25.1612 1.9224 1.8495 115.4656 1.1357 115.2500 1.1869 6.9328 26.8768 1.6220 115.1246 6.5475 0.1662 0.0000 7.6731 0.4573 0.4468 34.5162 1.2901 5.6098 26.1720 7.7444 26.2267 7.2708 6.5805 6.3668 7.6918 34.2958 96.5965 26.6627 28.1517 28.6088 3.2050 2.1979 28.7458 7.0843 6.7415 6.1089 1.8428 9.1215 9.2033 114.1928 8.1270 6.5118 2.0086 6.5465 7.7005 1.3403 8.7273 7.6040 1.4666
1.2437 108.9379 108.9379 22.7384 22.7384 13.8493 109.0519 11.8182 6.6702 103.8666 104.4786 7.0026 2.1332 19.9606 22.0993 104.4069 5.8400 109.0442 109.5838 9.3637 7.8187 1.5583 6.3198 8.5824 11.1787 22.7180 108.9672 21.0515 0.9735 2.1386 28.2353 8.7576 8.0298 109.4496 19.2537 6.1951 5.8820 109.5581 8.1789 109.3425 7.9939 1.3891 20.9693 6.6696 109.2172 3.8773 7.7637 7.6040 0.0000 7.4742 7.2329 28.6088 6.6516 6.3429 20.2646 3.5847 20.3192 0.6273 6.3223 5.8453 9.0718 28.3883 90.6891 20.7552 22.2443 22.7013 7.9036 9.2246 22.8383 0.6601 8.7349 3.8842 8.8695 1.9029 1.9847 108.2854 3.4661 2.0244 9.0354 1.8649 0.6500 8.1473 2.0655 8.4202 6.4266
7.4112 114.3880 114.3880 28.1885 28.1885 6.7206 114.5020 4.6895 6.2800 109.3167 109.9288 2.0903 9.2219 25.4107 27.5494 109.8571 6.1800 114.4943 115.0339 2.3484 7.2200 6.3221 6.9209 1.1732 4.0500 28.1681 114.4173 26.5017 8.0623 8.8745 33.6854 8.6364 1.5667 114.8997 24.7039 1.7795 1.7065 115.0083 1.2254 114.7927 1.3576 6.8030 26.4195 2.0868 114.6673 6.8904 0.3545 0.4573 7.5433 0.0000 0.8907 34.0589 1.7549 5.9527 25.7147 8.0873 25.7694 7.1410 6.9234 6.7097 8.0347 33.8385 96.1392 26.2054 27.6944 28.1515 3.5478 2.2093 28.2885 6.9545 7.0843 6.4518 1.8541 8.9916 9.0735 113.7355 8.4699 6.3820 2.0200 6.4167 7.5707 1.5272 8.3793 7.9469 1.9314
7.0950 115.3575 115.3575 29.1580 29.1580 7.0097 115.4714 4.9786 5.6117 110.2862 110.8982 1.3001 8.9057 26.3802 28.5189 110.8265 5.5116 115.4638 116.0034 2.7159 6.5516 6.0058 6.2525 1.4624 4.3392 29.1376 115.3868 27.4711 7.7460 8.5582 34.6549 7.9681 2.3825 115.8691 25.6733 1.5970 1.5240 115.9777 1.0464 115.7621 0.8614 6.4867 27.3889 1.2965 115.6368 6.2220 0.6984 0.4468 7.2270 0.8158 0.0000 35.0284 0.9646 5.2844 26.6842 7.4189 26.7388 6.8247 6.2551 6.0413 7.3663 34.8079 97.1087 27.1748 28.6639 29.1209 2.8795 2.5768 29.2579 6.6382 6.4160 5.7834 2.2216 8.6754 8.7572 114.7049 7.8016 6.0657 2.3875 6.1004 7.2544 1.0148 8.4018 7.2786 1.1411
29.8813 87.6733 87.6733 6.2342 6.2342 38.1401 87.7873 36.1064 35.5393 82.6020 83.2141 32.4344 30.4103 10.5731 7.5854 83.1423 34.7091 87.7796 88.3192 31.3315 36.6878 29.3058 35.1890 32.1313 35.4695 6.8408 87.7026 8.5559 28.4279 29.6445 0.8678 39.2189 29.7034 88.1850 10.2896 31.5731 31.3604 88.2936 31.6536 88.0779 31.7858 28.9988 8.2883 32.0063 87.9526 32.5149 30.7828 30.8856 28.7239 30.4933 31.2412 0.0000 31.7467 35.2120 9.0979 32.2224 11.2759 29.2837 35.1915 34.7145 39.5331 1.2500 69.4245 8.5911 7.2968 5.4849 33.9761 31.0821 6.3341 28.7320 39.8562 32.7578 32.1396 30.4832 29.4391 87.0208 31.7211 30.1999 32.3055 29.0728 29.2000 31.9555 30.7032 39.5415 31.9054
6.5818 114.8443 114.8443 28.6448 28.6448 8.0196 114.9583 5.9885 5.1783 109.7730 110.3851 0.8152 8.3925 25.8670 28.0057 110.3133 5.0782 114.9506 115.4902 3.7258 7.0239 5.4927 5.8192 2.4723 5.3490 28.6244 114.8736 26.9580 7.2329 8.0451 34.1417 8.4404 3.3790 115.3560 25.1602 0.8211 0.8800 115.4646 2.0107 115.2489 1.8257 5.9736 26.8758 0.6756 115.1236 5.7886 1.7083 1.5450 6.7139 2.0099 1.2195 34.5152 0.0000 4.8510 26.1710 6.9855 26.2257 6.3116 5.8217 5.6079 7.8386 34.2947 96.5955 26.6616 28.1507 28.6078 2.6954 3.5867 28.7447 6.1251 6.8883 5.3501 3.2315 8.1622 8.2441 114.1918 7.3682 5.5526 3.3974 5.5873 6.7413 1.9791 7.9684 7.7509 0.5326
5.7215 115.8475 115.8475 29.6481 29.6481 8.9711 115.9615 7.6210 0.3914 110.7762 111.3883 4.3090 9.0263 26.8702 29.0089 111.3166 0.9802 115.9538 116.4935 6.9899 1.7351 6.5105 1.4555 6.1739 7.5524 29.6276 115.8769 27.9612 7.8482 9.0483 35.1450 4.9787 7.5194 116.3592 26.1634 4.8028 5.2197 116.4678 4.9069 116.2522 4.7388 6.8007 27.8790 4.7202 116.1269 2.9090 5.6789 5.6098 6.9610 5.9527 5.2844 35.5185 4.8510 0.0000 27.1743 4.3916 27.2289 6.4474 1.4580 1.2445 3.3393 35.2980 97.5987 27.6649 29.1539 29.6110 3.5160 7.4223 29.7480 6.9521 3.2379 2.5148 7.2514 7.6246 8.4811 115.1950 4.7742 6.2507 6.6555 6.5905 6.4107 4.6613 5.5605 2.7381 4.5648
21.5123 88.9461 88.9461 2.7467 2.7467 29.7711 89.0601 27.7375 27.1704 83.8748 84.4869 24.0654 22.0414 1.7265 2.1075 84.4152 26.3402 89.0524 89.5921 22.9626 28.3189 20.9369 26.8200 23.7623 27.1005 2.7262 88.9754 1.0598 20.0590 21.2755 7.8068 30.8499 21.3345 89.4578 1.9207 23.2042 22.9915 89.5664 23.2847 89.3508 23.4169 20.6299 1.2600 23.6374 89.2254 24.1460 22.4138 22.5166 20.3549 22.1243 22.8722 8.1803 23.3777 26.8431 0.0000 23.8534 2.5692 20.9147 26.8225 26.3455 31.1641 8.3966 70.6973 0.7635 2.2525 2.7096 25.6071 22.7131 2.8466 20.3630 31.4872 24.3888 23.7706 22.1142 21.0702 88.2936 23.3522 21.8309 23.9365 20.7038 20.8311 23.5865 22.3342 31.1726 23.5364
2.4529 112.5440 112.5440 26.3445 26.3445 12.1080 112.6580 10.4667 4.2602 107.4727 108.0848 6.4860 4.2664 23.5667 25.7054 108.0130 3.4300 112.6503 113.1899 9.1669 5.4086 3.9791 3.9098 8.3509 9.8272 26.3241 112.5733 24.6577 3.5698 5.7448 31.8414 6.3476 9.6964 113.0557 22.8599 6.9798 7.3967 113.1643 7.0839 112.9487 6.9158 3.8098 24.5755 6.8972 112.8233 1.5081 7.8559 7.7868 3.6924 8.1297 7.4614 32.2149 7.0280 3.9329 23.8707 0.0000 23.9254 3.1789 3.9123 3.4353 6.6618 31.9945 94.2952 24.3614 25.8504 26.3075 5.6930 9.5993 26.4444 3.9613 6.3249 1.6736 9.4284 3.7177 3.7051 111.8915 2.2407 3.6006 8.8326 4.2481 3.1421 6.8383 1.6536 6.0102 6.7418
21.4904 90.9479 90.9479 4.8321 4.8321 29.7492 91.0619 27.7155 27.1484 85.8766 86.4887 24.0435 21.4803 0.7362 3.6516 86.4169 26.3182 91.0542 91.5938 22.9406 28.2969 20.9149 26.7981 23.7404 27.0786 4.7280 90.9772 2.6968 20.0370 20.7145 10.5226 30.2889 21.3125 91.4596 1.4654 23.1822 22.9695 91.5682 23.2627 91.3525 23.3949 20.6079 3.2567 23.6154 91.2272 24.1240 22.3919 22.4947 20.3330 22.1024 22.8503 10.8961 23.3558 26.8211 2.4494 23.8315 0.0000 20.8928 28.5279 26.3236 30.6031 10.3983 72.6991 2.6059 4.2543 4.7951 25.5852 22.6912 4.9320 20.3411 30.9262 24.3669 23.7487 21.5532 21.7245 90.2954 23.3302 21.8090 23.9146 20.6819 20.8091 23.5646 22.3123 30.6115 23.5145
0.7071 109.4827 109.4827 23.2832 23.2832 13.4470 109.5967 11.4159 6.1336 104.4114 105.0235 6.6003 2.6780 20.5054 22.6441 104.9517 5.3034 109.5890 110.1286 8.9615 7.2821 1.1560 5.7832 8.1802 10.7764 23.2628 109.5120 21.5964 1.5183 2.6835 28.7801 8.2210 7.6275 109.9944 19.7986 5.7928 5.4797 110.1030 7.7766 109.8874 7.5916 0.9868 21.5142 6.2673 109.7620 3.3407 7.3614 7.2017 0.6123 7.0719 6.8306 29.1536 6.2493 5.8063 20.8094 3.0481 20.8641 0.0000 5.7857 5.3087 8.5352 28.9332 91.2339 21.3000 22.7891 23.2462 7.3670 8.8224 23.3831 1.1383 8.1983 3.3476 8.4672 2.4477 2.5295 108.8302 3.7974 1.5841 8.6331 1.4627 0.6639 7.7450 1.5290 7.8836 6.0243
5.2255 115.3516 115.3516 29.1521 29.1521 9.7982 115.4656 8.4480 1.5296 110.2803 110.8924 5.5223 8.4230 26.3743 28.5130 110.8206 0.7146 115.4579 115.9975 8.2032 1.9579 6.0145 0.4893 7.3872 8.3794 29.1317 115.3809 27.4653 7.3523 8.5524 34.6490 2.4299 8.7327 115.8633 25.6675 6.0161 6.4330 115.9719 6.1201 115.7562 5.9520 6.3047 27.3830 5.9334 115.6309 2.4130 6.8921 6.8231 6.4650 7.1660 6.4976 35.0225 6.0642 1.6349 26.6783 3.8956 26.7329 5.9515 0.0000 0.7367 3.4900 34.8020 97.1028 27.1689 28.6580 29.1151 4.7293 8.6355 29.2520 6.4562 3.0354 2.5225 8.4647 7.1287 7.1161 114.6991 4.2783 5.7548 7.8688 6.0946 5.9147 5.8746 5.0645 2.7207 5.7780
4.4888 114.6149 114.6149 28.4154 28.4154 10.2408 114.7288 8.8906 1.4797 109.5436 110.1556 4.8011 7.6862 25.6376 27.7763 110.0839 0.3653 114.7212 115.2608 7.4820 2.0707 5.2778 0.8452 6.6660 8.8220 28.3950 114.6442 26.7285 6.6156 7.8156 33.9123 3.3154 8.0115 115.1265 24.9307 5.2949 5.7119 115.2351 5.3990 115.0195 5.2309 5.5680 26.6463 5.2123 114.8942 1.6763 6.1710 6.1020 5.7283 6.4448 5.7765 34.2858 5.3431 1.2857 25.9416 3.1589 25.9962 5.2148 0.8594 0.0000 3.6296 34.0653 96.3661 26.4322 27.9213 28.3783 4.0081 7.9144 28.5153 5.7195 3.2602 1.7858 7.7436 6.3919 6.3794 113.9623 3.5415 5.0180 7.1477 5.3578 5.1780 5.1534 4.3278 2.9456 5.0569
7.6110 117.7370 117.7370 31.5376 31.5376 9.5607 117.8510 8.2105 3.2234 112.6657 113.2778 7.5603 10.1541 28.7597 30.8984 113.2061 3.0810 117.8433 118.3829 9.0925 2.7556 8.4000 2.7067 8.2765 8.1419 31.5171 117.7663 29.8507 9.7377 12.0740 37.0344 1.8134 9.6220 118.2487 28.0529 8.0540 8.0645 118.3573 7.0095 118.1417 6.8414 8.6901 29.7685 7.9714 118.0163 4.7985 7.7815 7.7125 8.8505 8.0553 7.3870 37.4079 7.5050 3.3288 29.0637 6.2811 29.1184 8.3369 3.1204 3.1222 0.0000 37.1875 99.4882 29.5544 31.0434 31.5005 5.6898 9.7126 31.6375 8.8416 1.1509 4.9079 9.3541 9.8950 9.6090 117.0845 6.6637 8.1402 8.7582 8.4800 8.3002 6.8196 7.4500 1.1998 7.8160
29.0918 86.5772 86.5772 5.4166 5.4166 37.3506 86.6911 35.3170 34.7499 81.5059 82.1179 31.6449 29.6208 9.3231 6.3354 82.0462 33.9196 86.6834 87.2231 30.5420 35.8983 28.5163 34.3995 31.3418 34.6800 5.5908 86.6065 7.3059 27.6384 28.8550 1.5974 38.4294 28.9139 87.0888 9.5002 30.7836 30.5709 87.1974 30.8641 86.9818 30.9963 28.2093 7.4708 31.2168 86.8565 31.7254 29.9933 30.0961 27.9344 29.7038 30.4517 1.2500 30.9572 34.4225 7.8479 31.4329 10.0259 28.4942 34.4020 33.9250 38.7436 0.0000 68.3284 7.3411 6.0467 4.6674 33.1866 30.2926 5.5165 27.9425 39.0667 31.9683 31.3501 29.6937 28.6497 85.9246 30.9316 29.4104 31.5160 28.2833 28.4105 31.1660 29.9137 38.7520 31.1159
91.3997 17.8242 17.8242 69.2352 69.2352 99.6584 17.9382 97.6248 97.0577 12.7529 13.3650 93.9527 91.9287 71.6310 68.6432 13.2932 96.2275 17.9305 18.4701 92.8499 98.2062 90.8242 96.7073 93.6497 96.9879 67.8987 17.8535 69.6138 89.9463 91.1629 69.2477 100.7373 91.2218 18.3359 71.8080 93.0915 92.8788 18.4445 93.1720 18.2289 93.3042 90.5172 69.8974 93.5247 18.1035 94.0333 92.3011 92.4039 90.2422 92.0116 92.7596 68.9003 93.2651 96.7304 70.1558 93.7407 72.3337 90.8021 96.7098 96.2329 101.0515 67.8042 0.0000 69.6490 68.3546 69.1981 95.4945 92.6005 69.3351 90.2503 101.3746 94.2762 93.6580 92.0016 90.9575 17.1717 93.2395 91.7183 93.8239 90.5911 90.7184 93.4739 92.2216 101.0599 93.4238
22.0060 88.4200 88.4200 2.3043 2.3043 30.2647 88.5340 28.2311 27.6640 83.3488 83.9608 24.5590 22.5350 2.0020 1.5814 83.8891 26.8338 88.5263 89.0660 23.4562 28.8125 21.4305 27.3136 24.2560 27.5942 2.2001 88.4494 0.3438 20.5526 21.7691 7.3644 31.3435 21.8281 88.9317 2.5578 23.6978 23.4851 89.0403 23.7783 88.8247 23.9105 21.1235 0.9328 24.1310 88.6994 24.6396 22.9074 23.0102 20.8485 22.6179 23.3658 9.9055 23.8713 27.3367 0.7620 24.3470 2.7423 21.4084 27.3161 26.8392 31.6578 7.8705 70.1713 0.0000 1.7264 2.2672 26.1007 23.2068 2.4042 20.8566 31.9809 24.8824 24.2642 22.6078 21.5638 87.7675 23.8458 22.3245 24.4301 21.1974 21.3247 24.0801 22.8279 31.6662 24.0300
23.6071 86.7103 86.7103 1.5453 1.5453 31.8658 86.8243 29.8322 29.2651 81.6390 82.2511 26.1601 24.1361 3.8128 0.7001 82.1793 28.4349 86.8166 87.3562 25.0573 30.4136 23.0316 28.9147 25.8571 29.1953 0.4904 86.7396 1.7956 22.1537 23.3703 8.5431 32.9447 23.4292 87.2220 4.0154 25.2989 25.0862 87.3306 25.3794 87.1150 25.5116 22.7246 2.2075 25.7321 86.9896 26.2407 24.5085 24.6113 22.4497 24.2190 24.9670 8.1957 25.4725 28.9378 2.3632 25.9481 4.4769 23.0095 28.9173 28.4403 33.2589 6.1608 68.4615 1.8564 0.0000 1.5082 27.7019 24.8079 1.6452 22.4577 33.5820 26.4836 25.8654 24.2090 23.1649 86.0578 25.4469 23.9257 26.0313 22.7985 22.9258 25.6813 24.4290 33.2673 25.6312
24.0608 87.9757 87.9757 0.7214 0.7214 32.3195 88.0897 30.2859 29.7188 82.9045 83.5165 26.6138 24.5898 4.2921 1.4878 83.4448 28.8886 88.0820 88.6217 25.5110 30.8673 23.4853 29.3684 26.3108 29.6490 1.3505 88.0051 2.2749 22.6074 23.8240 5.0694 33.3984 23.8829 88.4874 4.4691 25.7526 25.5399 88.5960 25.8331 88.3804 25.9653 23.1783 1.9731 26.1858 88.2551 26.6944 24.9622 25.0650 22.9033 24.6727 25.4207 5.4429 25.9261 29.3915 2.8169 26.4018 4.9948 23.4632 29.3710 28.8940 33.7126 4.6792 69.7270 2.3101 1.3850 0.0000 28.1556 25.2616 0.8214 22.9114 34.0357 26.9373 26.3191 24.6627 23.6186 87.3232 25.9006 24.3794 26.4850 23.2522 23.3795 26.1350 24.8827 33.7210 26.0849
6.8191 116.9452 116.9452 30.7457 30.7457 6.7855 117.0592 5.3003 3.8433 111.8739 112.4859 2.4190 10.1779 27.9679 30.1066 112.4142 3.7432 117.0515 117.5911 4.5850 5.7104 7.6081 4.4842 3.7690 4.6608 30.7253 116.9745 29.0588 8.9459 10.1459 36.2426 7.1268 5.1145 117.4569 27.2610 3.0053 3.0642 117.5654 2.5020 117.3498 2.3339 7.8983 28.9766 2.5646 117.2245 4.4537 3.2740 3.2050 8.0586 3.5478 2.8795 36.6161 2.6954 3.5160 28.2719 5.6506 28.3265 7.5451 4.4867 4.2729 6.5250 36.3956 98.6964 28.7625 30.2516 30.7086 0.0000 5.0174 30.8456 8.0498 5.5747 4.0151 4.8466 8.6975 8.6849 116.2926 6.0332 7.3483 4.2507 7.6882 7.5083 2.2564 6.6334 6.4373 2.4092
9.1616 116.9848 116.9848 30.7853 30.7853 5.2953 117.0988 3.2642 7.7496 111.9135 112.5256 3.6672 10.9724 28.0075 30.1462 112.4539 7.6495 117.0911 117.6307 0.5581 8.6896 8.0725 8.3905 1.7243 2.6248 30.7649 117.0141 29.0985 9.8127 10.6249 36.2822 10.1060 2.6413 117.4965 27.3007 3.9641 3.8912 117.6051 2.8025 117.3895 2.9347 8.5534 29.0163 3.6636 117.2641 8.3600 2.0139 2.1979 9.2937 2.2093 2.5768 36.6557 3.3317 7.4223 28.3115 9.5569 28.3662 8.8914 8.3930 8.1792 9.5042 36.4353 98.7360 28.8022 30.2912 30.7483 5.0174 0.0000 30.8853 8.7049 8.5539 7.9214 0.6556 10.7421 10.8239 116.3323 9.9395 8.1324 0.9289 8.1671 9.3211 3.1044 10.5397 9.4165 3.5082
24.1977 88.1127 88.1127 0.0999 0.0999 32.4565 88.2267 30.4229 29.8558 83.0414 83.6535 26.7508 24.7268 4.4290 1.6247 83.5817 29.0256 88.2190 88.7586 25.6480 31.0043 23.6223 29.5054 26.4477 29.7859 1.4875 88.1420 2.4118 22.7444 23.9609 5.9186 33.5353 24.0199 88.6244 4.6061 25.8896 25.6769 88.7330 25.9701 88.5174 26.1023 23.3153 2.1101 26.3228 88.3920 26.8314 25.0992 25.2020 23.0403 24.8097 25.5576 6.2921 26.0631 29.5285 2.9538 26.5388 5.1318 23.6001 29.5079 29.0309 33.8495 5.5283 69.8639 2.4470 1.5220 0.8214 28.2925 25.3986 0.0000 23.0484 34.1726 27.0742 26.4560 24.7996 23.7556 87.4602 26.0376 24.5163 26.6219 23.3892 23.5165 26.2719 25.0196 33.8580 26.2218
1.4895 108.9460 108.9460 22.7465 22.7465 13.2605 109.0599 11.2294 6.8438 103.8747 104.4867 6.4138 2.2826 19.9687 22.1074 104.4150 6.0136 109.0523 109.5919 8.7749 7.9923 0.7908 6.4934 7.9936 10.5899 22.7261 108.9753 21.0596 1.1230 2.1467 28.2434 8.9312 7.4410 109.4576 19.2618 5.6063 5.2932 109.5662 7.5901 109.3506 7.4051 0.2669 20.9774 6.0808 109.2253 4.1231 7.1749 7.0152 0.6601 6.8854 6.6441 28.6169 6.0628 6.5165 20.2727 3.8306 20.3273 1.1383 6.4960 6.0190 9.2454 28.3964 90.6972 20.7633 22.2524 22.7094 8.0817 8.6358 22.8464 0.0000 8.9085 4.0623 8.2807 2.0523 2.1342 108.2934 4.4162 1.5044 8.4466 1.0974 0.9698 7.5585 2.3114 8.5938 5.8378
7.3918 117.5178 117.5178 31.3184 31.3184 8.6199 117.6318 7.2698 3.0042 112.4465 113.0586 6.6196 10.5435 28.5405 30.6792 112.9869 2.8618 117.6241 118.1638 8.1518 1.7943 8.1808 2.4875 7.3358 7.2012 31.2979 117.5471 29.6315 9.5185 10.7186 36.8152 2.8377 8.6813 118.0295 27.8337 7.1133 7.1237 118.1381 6.0688 117.9225 5.9007 8.4709 29.5493 7.0307 117.7971 4.5793 6.8408 6.7717 8.6313 7.1146 6.4463 37.1887 6.5643 3.1096 28.8446 6.0619 28.8992 8.1177 2.9012 2.9030 1.1609 36.9683 99.2690 29.3352 30.8242 31.2813 4.7491 8.7719 31.4183 8.6224 0.0000 4.6887 8.4133 10.2844 9.9983 116.8653 6.4445 7.9210 7.8174 8.2608 8.0810 5.8789 7.2308 0.6805 6.8753
2.8109 112.9369 112.9369 26.7374 26.7374 10.7176 113.0509 8.8000 2.8698 107.8656 108.4777 4.8193 6.1696 23.9596 26.0983 108.4060 2.0396 113.0432 113.5828 7.5001 4.0183 3.5999 2.5194 6.6842 8.1605 26.7170 112.9662 25.0506 4.9376 6.1377 32.2343 4.9572 8.0296 113.4486 23.2528 5.3130 5.7300 113.5572 5.4171 113.3416 5.2490 3.8900 24.9684 5.2304 113.2162 0.5118 6.1891 6.1201 4.0503 6.4630 5.7946 32.6078 5.3612 2.5425 24.2636 1.6423 24.3183 3.5368 2.5219 2.0449 5.2714 32.3874 94.6881 24.7543 26.2433 26.7004 4.0262 7.9325 26.8374 4.0415 4.9345 0.0000 7.7617 4.6893 4.6767 112.2844 2.0249 3.3401 7.1658 3.6799 3.5001 5.1715 2.6251 4.6198 5.0750
8.8065 114.6702 114.6702 28.4707 28.4707 5.3707 114.7841 3.3397 7.5020 109.5989 110.2109 3.3121 10.6172 25.6929 27.8316 110.1392 7.4019 114.7765 115.3161 0.6657 8.4420 7.7174 8.1429 1.3692 2.7002 28.4503 114.6995 26.7838 9.4576 10.2698 33.9676 9.8584 2.2862 115.1819 24.9860 3.6089 3.5360 115.2904 2.4474 115.0748 2.5796 8.1983 26.7016 3.3085 114.9495 8.1124 1.6588 1.8428 8.9386 1.8541 2.2216 34.3411 2.9766 7.1747 25.9969 9.3093 26.0515 8.5363 8.1454 7.9317 9.2567 34.1206 96.4214 26.4875 27.9766 28.4336 4.7698 0.6556 28.5706 8.3498 8.3063 7.6738 0.0000 10.3869 10.4688 114.0176 9.6919 7.7773 0.8257 7.8120 8.9660 2.7492 10.2921 9.1689 3.1531
2.3709 110.7445 110.7445 24.5450 24.5450 15.3410 110.8584 13.2788 7.4932 105.6732 106.2852 8.4632 0.5487 21.7672 23.9058 106.2135 6.6630 110.8508 111.3904 10.8243 8.6417 2.8402 8.0025 10.0430 12.6393 24.5246 110.7738 22.8581 1.0125 2.3491 30.0419 9.3250 9.4903 111.2561 21.0603 7.6556 7.3425 111.3647 9.6394 111.1491 9.4545 2.3314 22.7759 8.1301 111.0238 4.7411 9.2243 9.0646 1.9151 8.9348 8.6934 30.4154 8.1122 7.1659 22.0712 3.7177 21.6837 2.0378 7.5640 7.8321 9.6392 30.1949 92.4957 22.5618 24.0508 24.5079 8.6157 10.6852 24.6449 2.0645 9.9623 4.5963 10.3301 0.0000 0.2860 110.0919 3.1585 3.5169 10.4959 3.0940 1.6896 9.6079 2.0637 9.6476 7.8872
2.4527 110.9225 110.9225 24.7230 24.7230 16.3642 111.0364 13.3606 8.5164 105.8512 106.4632 8.5450 0.9672 21.9451 24.0838 106.3915 7.7083 111.0287 111.5684 10.9061 9.7555 2.9220 7.7164 10.1248 12.7211 24.7025 110.9518 23.0361 1.0943 2.5271 30.2199 9.0390 9.5722 111.4341 21.2383 7.7375 7.4244 111.5427 9.7213 111.3271 9.5363 2.4132 22.9539 8.2119 111.2018 4.7285 9.3061 9.1464 1.9969 9.0166 8.7753 30.5934 8.1940 8.1890 22.2492 3.7051 21.8617 2.1196 7.2780 7.5461 9.3532 30.3729 92.6737 22.7398 24.2288 24.6859 8.6032 10.7670 24.8229 2.1464 9.6763 4.5838 10.4119 0.2860 0.0000 110.2699 3.2227 3.5987 10.5778 3.1758 1.7715 9.6897 2.0511 9.3616 7.9690
109.2754 0.4825 0.4825 87.1109 87.1109 117.5342 0.5228 115.5006 114.9335 5.1691 4.8952 111.8285 109.8045 89.5067 86.5190 3.8784 114.1033 0.7770 1.3167 110.7257 116.0820 108.7000 114.5831 111.5254 114.8636 85.7744 0.7001 87.4895 107.8221 109.0386 87.1234 118.6130 109.0976 0.9942 89.6838 110.9673 110.7546 1.2664 111.0478 0.8872 111.1800 108.3930 87.7732 111.4005 0.9501 111.9091 110.1769 110.2797 108.1180 109.8874 110.6353 86.7761 111.1408 114.6062 88.0315 111.6165 90.2095 108.6778 114.5856 114.1086 118.9272 85.6799 17.1717 87.5247 86.2304 87.0739 113.3702 110.4763 87.2109 108.1261 119.2504 112.1519 111.5337 109.8773 108.8333 0.0000 111.1153 109.5940 111.6996 108.4669 108.5942 111.3496 110.0973 118.9357 111.2995
2.7457 111.9041 111.9041 25.7046 25.7046 12.4772 112.0181 10.8360 4.6294 106.8328 107.4449 6.8553 3.7695 22.9268 25.0655 107.3731 3.7992 112.0104 112.5500 9.5361 5.7779 5.2280 4.2790 8.7202 10.1965 25.6842 111.9334 24.0178 3.3548 5.6894 31.2015 6.7168 10.0657 112.4158 22.2200 7.3490 7.7660 112.5244 7.4531 112.3087 7.2850 4.1027 23.9355 7.2664 112.1834 1.8773 8.2251 8.1561 3.4678 8.4990 7.8306 31.5750 7.3972 4.3021 23.2308 2.2273 23.2854 3.8140 4.2815 3.8046 7.0310 31.3545 93.6553 23.7214 25.2105 25.6676 6.0622 9.9685 25.8045 4.3851 6.6941 2.0428 9.7977 3.1624 3.2243 111.2516 0.0000 4.9682 9.2018 5.3080 3.4659 7.2075 1.9647 6.3794 7.1110
1.5234 111.6146 111.6146 25.4151 25.4151 13.1873 111.7286 11.3510 5.3395 106.5433 107.1554 7.2882 4.8099 22.6373 24.7760 107.0836 4.5092 111.7209 112.2605 10.0512 6.4879 2.4611 4.9891 9.2352 10.7115 25.3947 111.6439 23.7282 3.6502 4.8153 30.9120 7.4268 8.3154 112.1263 21.9304 6.4807 6.1676 112.2349 7.9682 112.0192 7.8001 2.7513 23.6460 6.9552 111.8939 2.9814 8.0493 7.8896 2.7629 7.7598 7.5185 31.2855 6.9372 5.0121 22.9413 3.2082 22.9959 2.2494 4.9916 4.5146 7.7411 31.0650 93.3658 23.4319 24.9210 25.3780 6.5773 9.5102 25.5150 2.9028 7.4041 2.5579 9.1551 4.0202 4.0077 110.9621 4.2047 0.0000 9.7169 2.5411 2.2127 7.7226 1.9973 7.0894 6.7122
8.9724 114.8360 114.8360 28.6366 28.6366 4.9617 114.9500 2.9306 6.9829 109.7648 110.3768 3.4779 10.7831 25.8588 27.9974 110.3051 6.8828 114.9423 115.4820 0.5893 7.9228 7.8833 7.6237 1.0247 2.2911 28.6162 114.8654 26.9497 9.6235 10.4356 34.1335 9.3393 2.4521 115.3477 25.1519 3.7748 3.7019 115.4563 2.6132 115.2407 2.7454 8.3642 26.8675 3.4744 115.1154 7.5932 1.8247 2.0086 9.1045 2.0200 2.3875 34.5070 3.1425 6.6555 26.1628 8.7901 26.2174 8.7022 7.6262 7.4125 8.7375 34.2865 96.5873 26.6534 28.1424 28.5995 4.2507 0.9289 28.7365 8.5156 7.7872 7.1546 0.7984 10.5528 10.6347 114.1835 9.1727 7.9432 0.0000 7.9779 9.1319 2.5148 9.7730 8.6497 3.3190
1.8139 109.2868 109.2868 23.0873 23.0873 12.7081 109.4007 10.6771 6.4963 104.2155 104.8275 5.8615 3.3121 20.3095 22.4482 104.7558 5.6661 109.3931 109.9327 8.2226 7.6448 0.3353 6.1459 7.4413 10.0376 23.0669 109.3161 21.4004 2.1524 2.4875 28.5842 8.5837 6.8886 109.7984 19.6026 5.0539 4.7408 109.9070 7.0377 109.6914 6.8527 0.9459 21.3182 5.5284 109.5661 4.1383 6.6225 6.4629 1.8649 6.3330 6.0917 28.9577 5.5104 6.1690 20.6135 4.1550 20.6681 1.4627 6.1485 5.6715 8.8979 28.7372 91.0380 21.1041 22.5932 23.0502 7.7342 8.0835 23.1872 1.0974 8.5610 3.7148 7.7283 3.0818 3.1636 108.6342 5.4456 1.1569 7.8942 0.0000 1.8923 7.0062 2.6358 8.2463 5.2855
0.6934 109.4140 109.4140 23.2146 23.2146 13.9677 109.5280 11.7573 6.1199 104.3427 104.9548 6.9418 2.6093 20.4367 22.5754 104.8831 5.2897 109.5203 110.0600 9.3029 7.2684 1.5857 5.7695 8.5216 11.1178 23.1941 109.4433 21.5277 1.4497 2.6148 28.7114 8.2073 7.9689 109.9257 19.7299 6.1342 5.8211 110.0343 8.1180 109.8187 7.9330 1.4165 21.4455 6.6087 109.6933 3.3270 7.7028 7.5431 0.6500 7.4133 7.1720 29.0849 6.5907 5.7926 20.7407 3.0344 20.7954 0.6788 5.7720 5.2951 8.5215 28.8645 91.1652 21.2314 22.7204 23.1775 7.3533 9.1638 23.3145 0.9698 8.1846 3.3339 8.8086 1.6896 1.7715 108.7615 3.4642 1.7391 8.9745 1.8923 0.0000 8.0865 1.5153 7.8699 6.3657
8.0646 115.9152 115.9152 29.7158 29.7158 6.1801 116.0292 4.1490 5.0888 110.8440 111.4560 2.0761 9.8951 26.9380 29.0766 111.3843 4.9887 116.0215 116.5612 2.8492 6.0288 6.9952 5.7297 1.9900 3.5095 29.6953 115.9446 28.0289 8.7354 9.5476 35.2127 7.4452 3.0939 116.4269 26.2311 2.3730 2.3001 116.5355 0.3742 116.3199 0.1517 7.4761 27.9467 2.0726 116.1946 5.6992 1.2534 1.3403 8.2164 1.5272 1.0148 35.5862 1.7407 4.7615 27.2420 6.8961 27.2966 7.8141 5.7322 5.5185 6.8435 35.3657 97.6665 27.7326 29.2216 29.6787 2.3566 3.1044 29.8157 7.6276 5.8931 5.2606 2.7492 9.9430 9.9304 115.2627 7.2787 7.0551 2.5148 7.0898 8.7538 0.0000 7.8789 6.7557 1.9172
0.8219 110.9130 110.9130 24.7135 24.7135 13.2769 111.0270 11.3253 5.4291 105.8417 106.4538 7.3447 2.6124 21.9357 24.0744 106.3821 4.5989 111.0193 111.5589 10.0255 6.5776 2.3481 5.0787 9.2096 10.6858 24.6931 110.9423 23.0267 1.9158 4.1138 30.2104 7.5165 8.6297 111.4247 21.2289 6.7950 6.4820 111.5333 7.9425 111.3177 7.7744 2.1788 22.9445 7.2695 111.1923 2.6770 8.7145 8.6455 2.0614 8.0742 7.8329 30.5839 7.2516 5.1018 22.2397 1.6536 22.2944 1.5479 5.0812 4.6042 7.8307 30.3635 92.6642 22.7304 24.2194 24.6765 6.5516 9.8246 24.8135 2.3303 7.4938 2.5322 9.4695 2.0637 2.0511 110.2605 1.9630 1.9696 9.6912 2.6547 1.5111 7.6969 0.0000 7.1791 7.0266
7.0593 117.1853 117.1853 30.9859 30.9859 8.8681 117.2993 7.5179 2.9061 112.1140 112.7261 6.8677 10.2110 28.2080 30.3467 112.6544 2.5293 117.2916 117.8313 8.3999 1.8623 7.8483 2.1550 7.5840 7.4493 30.9654 117.2146 29.2990 9.1860 10.3861 36.4827 2.4425 8.9294 117.6970 27.5012 7.3615 7.3719 117.8056 6.3169 117.5900 6.1488 8.1384 29.2168 7.2788 117.4646 4.2468 7.0889 7.0199 8.2988 7.3628 6.6944 36.8562 6.8125 3.2318 28.5121 5.7294 28.5667 7.7852 2.5687 2.5705 1.2598 36.6358 98.9365 29.0027 30.4917 30.9488 4.9973 9.0201 31.0858 8.2899 0.9732 4.3562 8.6615 9.9519 9.6658 116.5328 6.1120 7.5885 8.0656 7.9283 7.7485 6.1270 6.8983 0.0000 7.1234
6.3568 114.6193 114.6193 28.4198 28.4198 7.9412 114.7333 5.9101 4.8921 109.5480 110.1601 0.5290 8.1675 25.6420 27.7807 110.0883 4.7920 114.7256 115.2652 3.6473 6.0405 5.2677 5.5329 2.3939 5.2706 28.3994 114.6486 26.7330 7.0079 7.8201 33.9167 8.3619 3.5856 115.1310 24.9352 0.5961 0.6550 115.2396 1.9322 115.0240 1.7473 5.7486 26.6508 0.2344 114.8986 5.5024 1.6299 1.4666 6.4889 1.9315 1.1411 34.2902 0.5326 4.5648 25.9460 6.6993 26.0007 6.0866 5.5355 5.3217 7.7602 34.0698 96.3705 26.4367 27.9257 28.3828 2.4092 3.5082 28.5197 5.9001 6.8099 5.0638 3.1531 7.9373 8.0191 113.9668 7.0820 5.3276 3.3190 5.3623 6.5163 1.9007 7.6822 7.6724 0.0000
0.000 1273.928 1273.928 265.117 265.117 143.170 1274.413 122.043 61.663 1214.763 1220.227 60.665 30.747 232.190 254.780 1221.808 53.592 1276.533 1282.187 102.587 71.560 19.863 58.705 90.602 118.452 262.808 1275.733 245.125 19.373 38.905 323.023 87.255 85.440 1278.828 223.752 61.165 60.113 1282.267 83.202 1278.782 80.990 17.665 242.585 65.083 1278.737 30.758 80.720 79.515 15.683 78.377 75.042 327.720 68.902 59.295 235.805 27.863 230.748 9.745 58.002 50.613 86.602 319.613 1073.548 241.622 259.537 264.665 65.217 101.280 266.313 17.343 84.393 31.317 97.047 26.322 27.055 1268.150 31.092 13.303 99.037 23.300 9.577 81.653 11.902 79.823 65.498
1273.928 0.000 0.000 1030.128 1030.128 1373.588 7.477 1347.200 1333.878 63.620 64.283 1319.412 1268.080 1057.692 1022.392 52.120 1325.807 10.655 17.237 1320.798 1343.775 1264.652 1330.920 1318.312 1343.608 1014.047 9.857 1034.532 1258.795 1258.633 1027.720 1352.392 1301.238 11.510 1060.620 1314.903 1313.852 14.943 1321.048 10.413 1322.392 1262.018 1037.967 1318.907 12.712 1302.973 1311.000 1312.148 1261.547 1307.440 1313.840 1023.613 1320.672 1331.510 1041.010 1300.050 1063.780 1265.093 1330.217 1322.828 1358.817 1010.445 201.427 1034.098 1014.595 1029.677 1336.507 1318.890 1031.325 1258.823 1356.608 1303.532 1315.978 1269.150 1270.740 5.778 1295.467 1277.037 1320.875 1261.785 1267.193 1324.205 1281.092 1352.038 1320.517
1273.928 0.000 0.000 1030.128 1030.128 1373.588 7.477 1347.200 1333.878 63.620 64.283 1319.412 1268.080 1057.692 1022.392 52.120 1325.807 10.655 17.237 1320.798 1343.775 1264.652 1330.920 1318.312 1343.608 1014.047 9.857 1034.532 1258.795 1258.633 1027.720 1352.392 1301.238 11.510 1060.620 1314.903 1313.852 14.943 1321.048 10.413 1322.392 1262.018 1037.967 1318.907 12.712 1302.973 1311.000 1312.148 1261.547 1307.440 1313.840 1023.613 1320.672 1331.510 1041.010 1300.050 1063.780 1265.093 1330.217 1322.828 1358.817 1010.445 201.427 1034.098 1014.595 1029.677 1336.507 1318.890 1031.325 1258.823 1356.608 1303.532 1315.978 1269.150 1270.740 5.778 1295.467 1277.037 1320.875 1261.785 1267.193 1324.205 1281.092 1352.038 1320.517
265.117 1030.128 1030.128 0.000 0.000 364.687 1030.613 338.298 325.067 970.963 976.427 310.600 259.268 49.167 18.242 978.008 316.995 1032.733 1038.387 311.897 334.963 255.840 322.108 309.410 334.707 16.482 1031.933 27.172 249.983 249.822 67.567 343.580 292.337 1035.028 51.838 306.092 305.040 1038.467 312.147 1034.982 313.490 253.207 24.045 310.095 1034.937 294.162 302.098 303.247 252.735 298.538 304.938 72.263 311.770 322.698 32.228 291.238 56.057 256.282 321.405 314.017 350.005 63.587 829.748 26.543 17.108 8.638 327.695 309.988 1.197 250.012 347.797 294.720 307.077 260.338 261.928 1024.350 286.655 268.225 311.973 252.973 258.382 315.303 272.280 343.227 311.705
265.117 1030.128 1030.128 0.000 0.000 364.687 1030.613 338.298 325.067 970.963 976.427 310.600 259.268 49.167 18.242 978.008 316.995 1032.733 1038.387 311.897 334.963 255.840 322.108 309.410 334.707 16.482 1031.933 27.172 249.983 249.822 67.567 343.580 292.337 1035.028 51.838 306.092 305.040 1038.467 312.147 1034.982 313.490 253.207 24.045 310.095 1034.937 294.162 302.098 303.247 252.735 298.538 304.938 72.263 311.770 322.698 32.228 291.238 56.057 256.282 321.405 314.017 350.005 63.587 829.748 26.543 17.108 8.638 327.695 309.988 1.197 250.012 347.797 294.720 307.077 260.338 261.928 1024.350 286.655 268.225 311.973 252.973 258.382 315.303 272.280 343.227 311.705
143.170 1373.588 1373.588 364.687 364.687 0.000 1374.073 35.142 101.112 1314.423 1319.887 89.440 169.283 331.998 354.495 1321.468 110.420 1376.193 1381.847 56.893 93.307 141.627 111.397 62.907 35.073 362.378 1375.393 344.840 159.640 171.783 403.857 122.922 74.872 1378.488 323.560 91.235 90.653 1381.927 67.085 1378.442 67.995 148.037 342.072 88.403 1378.397 116.348 69.417 71.407 154.367 72.293 75.575 408.553 82.163 102.847 335.520 128.763 334.908 151.202 113.805 113.197 112.760 405.878 1173.208 341.337 359.252 364.235 78.360 59.312 365.883 149.852 100.775 111.853 60.417 163.430 163.248 1367.810 135.262 141.317 55.263 142.443 151.033 66.498 140.210 100.497 86.452
1274.413 7.477 7.477 1030.613 1030.613 1374.073 0.000 1347.685 1334.363 64.105 64.768 1319.897 1268.565 1058.177 1022.877 52.605 1326.292 3.540 12.573 1321.283 1344.260 1265.137 1331.405 1318.797 1344.093 1014.532 7.183 1035.017 1259.280 1259.118 1028.205 1352.877 1301.723 4.415 1061.105 1315.388 1314.337 7.967 1321.533 7.618 1322.877 1262.503 1038.452 1319.392 5.568 1303.458 1311.485 1312.633 1262.032 1307.925 1314.325 1024.098 1321.157 1331.995 1041.495 1300.535 1064.265 1265.578 1330.702 1323.313 1359.302 1010.930 201.912 1034.583 1015.080 1030.162 1336.992 1319.375 1031.810 1259.308 1357.093 1304.017 1316.463 1269.635 1271.225 6.263 1295.952 1277.522 1321.360 1262.270 1267.678 1324.690 1281.577 1352.523 1321.002
122.043 1347.200 1347.200 338.298 338.298 35.142 1347.685 0.000 85.512 1288.035 1293.498 67.387 148.157 305.610 328.107 1295.080 93.148 1349.805 1355.458 30.505 77.707 119.252 95.797 38.527 3.592 335.990 1349.005 318.452 137.265 149.408 377.468 107.322 48.483 1352.100 297.172 69.182 68.600 1355.538 45.032 1352.053 45.942 125.662 315.683 66.350 1352.008 95.222 47.363 49.353 131.992 50.240 53.522 382.165 60.110 87.247 309.132 107.637 308.520 129.208 98.205 93.940 97.160 379.490 1146.820 314.948 332.863 337.847 57.233 32.923 339.495 127.477 85.175 90.727 34.028 142.303 142.122 1341.422 114.135 120.190 28.923 120.068 129.907 44.445 119.083 84.897 64.398
61.663 1333.878 1333.878 325.067 325.067 101.112 1334.363 85.512 0.000 1274.713 1280.177 47.560 87.777 292.140 314.730 1281.758 11.758 1336.483 1342.137 86.507 13.832 75.123 15.212 76.370 85.443 322.758 1335.683 305.075 79.323 98.855 382.973 39.263 88.792 1338.778 283.702 55.040 58.757 1342.217 61.155 1338.732 58.953 77.615 302.535 52.827 1338.687 30.905 67.962 66.410 75.633 70.500 61.937 387.670 55.797 3.523 295.755 47.257 290.698 69.695 16.347 14.852 37.520 379.563 1133.498 301.572 319.487 324.615 35.188 91.135 326.263 77.293 33.107 31.630 86.782 81.923 81.742 1328.100 51.315 63.090 82.110 75.940 69.527 58.100 58.703 27.503 52.393
1214.763 63.620 63.620 970.963 970.963 1314.423 64.105 1288.035 1274.713 0.000 8.690 1260.247 1208.915 998.527 963.227 11.500 1266.642 66.225 71.878 1261.633 1284.610 1205.487 1271.755 1259.147 1284.443 954.882 65.425 975.367 1199.630 1199.468 968.555 1293.227 1242.073 68.520 1001.455 1255.738 1254.687 71.958 1261.883 68.473 1263.227 1202.853 978.802 1259.742 68.428 1243.808 1251.835 1252.983 1202.382 1248.275 1254.675 964.448 1261.507 1272.345 981.845 1240.885 1004.615 1205.928 1271.052 1263.663 1299.652 951.280 142.262 974.933 955.430 970.512 1277.342 1259.725 972.160 1199.658 1297.443 1244.367 1256.813 1209.985 1211.575 57.842 1236.302 1217.872 1261.710 1202.620 1208.028 1265.040 1221.927 1292.873 1261.352
1220.227 64.283 64.283 976.427 976.427 1319.887 64.768 1293.498 1280.177 8.690 0.000 1265.710 1214.378 1003.990 968.690 12.163 1272.105 66.888 72.542 1267.097 1290.073 1210.950 1277.218 1264.610 1289.907 960.345 66.088 980.830 1205.093 1204.932 974.018 1298.690 1247.537 69.183 1006.918 1261.202 1260.150 72.622 1267.347 69.137 1268.690 1208.317 984.265 1265.205 69.092 1249.272 1257.298 1258.447 1207.845 1253.738 1260.138 969.912 1266.970 1277.808 987.308 1246.348 1010.078 1211.392 1276.515 1269.127 1305.115 956.743 147.725 980.397 960.893 975.975 1282.805 1265.188 977.623 1205.122 1302.907 1249.830 1262.277 1215.448 1217.038 58.505 1241.765 1223.335 1267.173 1208.083 1213.492 1270.503 1227.390 1298.337 1266.815
60.665 1319.412 1319.412 310.600 310.600 89.440 1319.897 67.387 47.560 1260.247 1265.710 0.000 86.550 277.673 300.263 1267.292 48.693 1322.017 1327.670 46.413 59.332 57.163 55.013 31.588 63.795 308.292 1321.217 290.608 75.177 87.320 359.473 80.927 42.883 1324.312 269.235 12.227 14.065 1327.750 25.478 1324.265 23.267 63.573 288.068 6.918 1324.220 39.912 22.053 20.502 69.903 24.592 16.028 364.170 9.888 44.053 281.288 51.893 276.232 67.120 55.497 48.257 79.500 361.495 1119.032 287.105 305.020 310.148 24.278 45.570 311.797 65.388 76.548 35.417 40.873 81.320 81.138 1313.633 58.825 57.842 42.707 57.980 68.365 24.445 58.100 71.978 6.485
30.747 1268.080 1268.080 259.268 259.268 169.283 1268.565 148.157 87.777 1208.915 1214.378 86.550 0.000 226.342 248.932 1215.960 79.705 1270.685 1276.338 123.463 97.673 31.838 84.818 112.005 144.565 256.960 1269.885 239.277 13.340 23.843 317.175 90.208 106.317 1272.980 217.903 82.042 80.990 1276.418 107.467 1272.933 105.255 26.288 236.737 86.045 1272.888 56.872 101.597 100.958 20.467 99.253 96.575 321.872 90.020 85.408 229.957 48.817 224.900 22.838 84.115 76.727 110.197 313.765 1067.700 235.773 253.688 258.817 91.330 122.157 260.465 23.093 110.507 57.430 117.923 5.853 9.268 1262.302 42.640 38.115 119.913 34.763 21.677 107.070 29.300 105.937 87.655
232.190 1057.692 1057.692 49.167 49.167 331.998 1058.177 305.610 292.140 998.527 1003.990 277.673 226.342 0.000 36.882 1005.572 284.068 1060.297 1065.950 279.208 302.037 222.913 289.182 276.722 302.018 46.645 1059.497 23.803 217.057 216.895 107.643 310.653 259.648 1062.592 9.997 273.165 272.113 1066.030 279.458 1062.545 280.802 220.280 30.303 277.168 1062.500 261.235 269.410 270.558 219.808 265.850 272.250 112.340 279.082 289.772 20.153 258.312 8.577 223.355 288.478 281.090 317.078 103.663 857.312 23.785 43.300 48.715 294.768 277.300 50.363 217.085 314.870 261.793 274.388 227.412 229.002 1051.913 253.728 235.298 279.285 220.047 225.455 282.615 239.353 310.300 278.778
254.780 1022.392 1022.392 18.242 18.242 354.495 1022.877 328.107 314.730 963.227 968.690 300.263 248.932 36.882 0.000 970.272 306.658 1024.997 1030.650 301.705 324.627 245.503 311.772 299.218 324.515 11.933 1024.197 13.127 239.647 239.485 76.718 333.243 282.145 1027.292 41.390 295.755 294.703 1030.730 301.955 1027.245 303.298 242.870 20.707 299.758 1027.200 283.825 291.907 293.055 242.398 288.347 294.747 81.415 301.578 312.362 21.780 280.902 42.952 245.945 311.068 303.680 339.668 69.927 822.012 14.313 8.185 17.790 317.358 299.797 19.438 239.675 337.460 284.383 296.885 250.002 251.592 1016.613 276.318 257.888 301.782 242.637 248.045 305.112 261.943 332.890 301.368
1221.808 52.120 52.120 978.008 978.008 1321.468 52.605 1295.080 1281.758 11.500 12.163 1267.292 1215.960 1005.572 970.272 0.000 1273.687 54.725 60.378 1268.678 1291.655 1212.532 1278.800 1266.192 1291.488 961.927 53.925 982.412 1206.675 1206.513 975.600 1300.272 1249.118 57.020 1008.500 1262.783 1261.732 60.485 1268.928 56.973 1270.272 1209.898 985.847 1266.787 56.928 1250.853 1258.880 1260.028 1209.427 1255.320 1261.720 971.493 1268.552 1279.390 988.890 1247.930 1011.660 1212.973 1278.097 1270.708 1306.697 958.325 149.307 981.978 962.475 977.557 1284.387 1266.770 979.205 1206.703 1304.488 1251.412 1263.858 1217.030 1218.620 46.342 1243.347 1224.917 1268.755 1209.665 1215.073 1272.085 1228.972 1299.918 1268.397
53.592 1325.807 1325.807 316.995 316.995 110.420 1326.292 93.148 11.758 1266.642 1272.105 48.693 79.705 284.068 306.658 1273.687 0.000 1328.412 1334.065 87.640 18.685 67.052 7.685 77.503 89.557 314.687 1327.612 297.003 71.252 90.783 374.902 36.235 89.925 1330.707 275.630 56.173 59.890 1334.145 62.288 1330.660 60.087 69.543 294.463 53.960 1330.615 22.833 69.095 67.543 67.562 71.633 63.070 379.598 56.930 10.103 287.683 39.185 282.627 61.623 7.495 4.508 35.505 371.492 1125.427 293.500 311.415 316.543 36.322 92.268 318.192 69.222 33.297 24.475 87.915 73.852 73.670 1320.028 43.243 55.880 83.243 67.868 61.455 59.233 50.632 28.727 53.527
1276.533 10.655 10.655 1032.733 1032.733 1376.193 3.540 1349.805 1336.483 66.225 66.888 1322.017 1270.685 1060.297 1024.997 54.725 1328.412 0.000 9.743 1323.403 1346.380 1267.257 1333.525 1320.917 1346.213 1016.652 4.115 1037.137 1261.400 1261.238 1030.325 1354.997 1303.843 7.858 1063.225 1317.508 1316.457 7.843 1323.653 11.062 1324.997 1264.623 1040.572 1321.512 3.478 1305.578 1313.605 1314.753 1264.152 1310.045 1316.445 1026.218 1323.277 1334.115 1043.615 1302.655 1066.385 1267.698 1332.822 1325.433 1361.422 1013.050 204.032 1036.703 1017.200 1032.282 1339.112 1321.495 1033.930 1261.428 1359.213 1306.137 1318.583 1271.755 1273.345 9.175 1298.072 1279.642 1323.480 1264.390 1269.798 1326.810 1283.697 1354.643 1323.122
1282.187 17.237 17.237 1038.387 1038.387 1381.847 12.573 1355.458 1342.137 71.878 72.542 1327.670 1276.338 1065.950 1030.650 60.378 1334.065 9.743 0.000 1329.057 1352.033 1272.910 1339.178 1326.570 1351.867 1022.305 7.758 1042.790 1267.053 1266.892 1035.978 1360.650 1309.497 10.197 1068.878 1323.162 1322.110 9.860 1329.307 14.225 1330.650 1270.277 1046.225 1327.165 9.678 1311.232 1319.258 1320.407 1269.805 1315.698 1322.098 1031.872 1328.930 1339.768 1049.268 1308.308 1072.038 1273.352 1338.475 1331.087 1367.075 1018.703 209.685 1042.357 1022.853 1037.935 1344.765 1327.148 1039.583 1267.082 1364.867 1311.790 1324.237 1277.408 1278.998 15.755 1303.725 1285.295 1329.133 1270.043 1275.452 1332.463 1289.350 1360.297 1328.775
102.587 1320.798 1320.798 311.897 311.897 56.893 1321.283 30.505 86.507 1261.633 1267.097 46.413 123.463 279.208 301.705 1268.678 87.640 1323.403 1329.057 0.000 86.038 94.077 93.960 18.837 26.913 309.588 1322.603 292.050 112.090 124.233 351.067 117.827 22.082 1325.698 270.770 47.285 46.392 1329.137 31.950 1325.652 33.533 100.487 289.282 45.257 1325.607 84.673 25.112 27.102 106.817 26.315 31.630 355.763 38.865 83.000 282.730 96.655 282.118 104.033 94.443 88.418 108.153 353.088 1120.418 288.547 306.462 311.445 53.947 6.037 313.093 102.302 96.232 80.178 7.667 119.038 119.772 1315.020 103.587 95.793 7.025 94.893 106.167 33.320 102.862 95.787 43.305
71.560 1343.775 1343.775 334.963 334.963 93.307 1344.260 77.707 13.832 1284.610 1290.073 59.332 97.673 302.037 324.627 1291.655 18.685 1346.380 1352.033 86.038 0.000 85.020 18.445 75.902 77.638 332.655 1345.580 314.972 89.220 108.752 392.870 33.060 92.998 1348.675 293.598 67.702 71.418 1352.113 61.588 1348.628 60.107 87.512 312.432 64.598 1348.583 40.802 71.210 70.787 85.530 74.707 66.940 397.567 66.355 16.185 305.652 57.153 300.595 79.592 21.628 21.462 30.742 389.460 1143.395 311.468 329.383 334.512 41.558 90.667 336.160 87.190 20.712 42.443 86.655 91.820 91.638 1337.997 61.212 73.848 81.642 85.837 79.423 58.533 68.600 17.708 64.165
19.863 1264.652 1264.652 255.840 255.840 141.627 1265.137 119.252 75.123 1205.487 1210.950 57.163 31.838 222.913 245.503 1212.532 67.052 1267.257 1272.910 94.077 85.020 0.000 72.165 82.618 115.660 253.532 1266.457 235.848 21.197 32.540 313.747 100.715 76.930 1269.552 214.475 52.655 51.603 1272.990 78.080 1269.505 75.868 7.475 233.308 56.658 1269.460 45.742 72.210 71.572 15.072 69.867 67.188 318.443 60.633 72.188 226.528 45.985 221.472 13.557 71.462 64.073 100.062 310.337 1064.272 232.345 250.260 255.388 74.258 92.770 257.037 9.290 97.853 44.072 88.537 28.562 29.295 1258.873 47.712 15.758 90.527 4.000 16.795 77.683 28.542 93.283 58.268
58.705 1330.920 1330.920 322.108 322.108 111.397 1331.405 95.797 15.212 1271.755 1277.218 55.013 84.818 289.182 311.772 1278.800 7.685 1333.525 1339.178 93.960 18.445 72.165 0.000 83.823 95.728 319.800 1332.725 302.117 76.365 95.897 380.015 28.567 96.245 1335.820 280.743 62.493 66.210 1339.258 68.608 1335.773 66.407 74.657 299.577 60.280 1335.728 27.947 75.415 73.863 72.675 77.953 69.390 384.712 63.250 15.440 292.797 44.298 287.740 66.737 4.502 8.092 29.215 376.605 1130.540 298.613 316.528 321.657 42.642 98.588 323.305 74.335 27.025 29.588 94.235 78.965 78.783 1325.142 48.357 60.993 89.563 72.982 66.568 65.553 55.745 22.455 59.847
90.602 1318.312 1318.312 309.410 309.410 62.907 1318.797 38.527 76.370 1259.147 1264.610 31.588 112.005 276.722 299.218 1266.192 77.503 1320.917 1326.570 18.837 75.902 82.618 83.823 0.000 34.935 307.102 1320.117 289.563 100.632 112.775 348.580 107.690 20.467 1323.212 268.283 33.088 32.507 1326.650 16.967 1323.165 18.550 89.028 286.795 30.432 1323.120 69.848 10.652 12.642 95.358 13.142 17.170 353.277 24.040 72.863 280.243 81.830 279.632 92.575 84.307 78.193 98.017 350.602 1117.932 286.060 303.975 308.958 43.810 19.017 310.607 90.843 86.095 65.353 13.297 107.580 108.313 1312.533 88.762 84.335 11.865 83.435 94.708 20.123 88.037 85.650 28.480
118.452 1343.608 1343.608 334.707 334.707 35.073 1344.093 3.592 85.443 1284.443 1289.907 63.795 144.565 302.018 324.515 1291.488 89.557 1346.213 1351.867 26.913 77.638 115.660 95.728 34.935 0.000 332.398 1345.413 314.860 133.673 145.817 373.877 107.253 44.892 1348.508 293.580 65.590 65.008 1351.947 41.440 1348.462 42.350 122.070 312.092 62.758 1348.417 91.630 43.772 45.762 128.400 46.648 49.930 378.573 56.518 84.917 305.540 104.045 304.928 125.617 96.360 90.348 97.092 375.898 1143.228 311.357 329.272 334.255 53.642 29.332 335.903 123.885 85.107 87.135 30.437 138.712 138.530 1337.830 110.543 116.598 25.332 116.477 126.315 40.853 115.492 84.828 60.807
262.808 1014.047 1014.047 16.482 16.482 362.378 1014.532 335.990 322.758 954.882 960.345 308.292 256.960 46.645 11.933 961.927 314.687 1016.652 1022.305 309.588 332.655 253.532 319.800 307.102 332.398 0.000 1015.852 23.575 247.675 247.513 73.332 341.272 290.028 1018.947 49.530 303.783 302.732 1022.385 309.838 1018.900 311.182 250.898 24.320 307.787 1018.855 291.853 299.790 300.938 250.427 296.230 302.630 75.068 309.462 320.390 29.920 288.930 53.535 253.973 319.097 311.708 347.697 61.293 813.667 23.072 4.942 16.030 325.387 307.680 17.678 247.703 345.488 292.412 304.768 258.030 259.620 1008.268 284.347 265.917 309.665 250.665 256.073 312.995 269.972 340.918 309.397
1275.733 9.857 9.857 1031.933 1031.933 1375.393 7.183 1349.005 1335.683 65.425 66.088 1321.217 1269.885 1059.497 1024.197 53.925 1327.612 4.115 7.758 1322.603 1345.580 1266.457 1332.725 1320.117 1345.413 1015.852 0.000 1036.337 1260.600 1260.438 1029.525 1354.197 1303.043 10.383 1062.425 1316.708 1315.657 10.113 1322.853 14.462 1324.197 1263.823 1039.772 1320.712 5.750 1304.778 1312.805 1313.953 1263.352 1309.245 1315.645 1025.418 1322.477 1333.315 1042.815 1301.855 1065.585 1266.898 1332.022 1324.633 1360.622 1012.250 203.232 1035.903 1016.400 1031.482 1338.312 1320.695 1033.130 1260.628 1358.413 1305.337 1317.783 1270.955 1272.545 8.375 1297.272 1278.842 1322.680 1263.590 1268.998 1326.010 1282.897 1353.843 1322.322
245.125 1034.532 1034.532 27.172 27.172 344.840 1035.017 318.452 305.075 975.367 980.830 290.608 239.277 23.803 13.127 982.412 297.003 1037.137 1042.790 292.050 314.972 235.848 302.117 289.563 314.860 23.575 1036.337 0.000 229.992 229.830 85.648 323.588 272.490 1039.432 30.528 286.100 285.048 1042.870 292.300 1039.385 293.643 233.215 14.050 290.103 1039.340 274.170 282.252 283.400 232.743 278.692 285.092 90.345 291.923 302.707 12.125 271.247 30.688 236.290 301.413 294.025 330.013 81.668 834.152 4.115 20.140 26.720 307.703 290.142 28.368 230.020 327.805 274.728 287.230 240.347 241.937 1028.753 266.663 248.233 292.127 232.982 238.390 295.457 252.288 323.235 291.713
19.373 1258.795 1258.795 249.983 249.983 159.640 1259.280 137.265 79.323 1199.630 1205.093 75.177 13.340 217.057 239.647 1206.675 71.252 1261.400 1267.053 112.090 89.220 21.197 76.365 100.632 133.673 247.675 1260.600 229.992 0.000 20.585 307.890 93.717 94.943 1263.695 208.618 70.668 69.617 1267.133 96.093 1263.648 93.882 15.647 227.452 74.672 1263.603 48.418 90.223 89.585 9.347 87.880 85.202 312.587 78.647 76.955 220.672 42.017 215.615 11.465 75.662 68.273 104.262 304.480 1058.415 226.488 244.403 249.532 82.877 110.783 251.180 12.452 102.053 48.977 106.550 10.587 11.972 1253.017 36.875 26.742 108.540 24.122 10.303 95.697 22.500 97.483 76.282
38.905 1258.633 1258.633 249.822 249.822 171.783 1259.118 149.408 98.855 1199.468 1204.932 87.320 23.843 216.895 239.485 1206.513 90.783 1261.238 1266.892 124.233 108.752 32.540 95.897 112.775 145.817 247.513 1260.438 229.830 20.585 0.000 307.728 111.713 107.087 1263.533 208.457 82.812 81.760 1266.972 108.237 1263.487 106.025 28.552 227.290 86.815 1263.442 67.950 102.367 101.728 24.188 100.023 97.345 312.425 90.790 96.487 220.510 62.398 215.453 30.610 95.193 87.805 123.793 304.318 1058.253 226.327 244.242 249.370 102.408 122.927 251.018 25.357 121.585 68.508 118.693 26.627 29.508 1252.855 57.257 44.805 120.683 29.693 29.835 107.840 42.882 117.015 88.425
323.023 1027.720 1027.720 67.567 67.567 403.857 1028.205 377.468 382.973 968.555 974.018 359.473 317.175 107.643 76.718 975.600 374.902 1030.325 1035.978 351.067 392.870 313.747 380.015 348.580 373.877 73.332 1029.525 85.648 307.890 307.728 0.000 401.487 331.507 1032.620 110.315 351.157 348.060 1036.058 351.317 1032.573 352.660 311.113 82.522 355.072 1032.528 352.068 341.268 342.417 310.642 337.708 344.108 10.308 350.940 380.605 90.705 349.145 114.533 314.188 379.312 371.923 407.912 19.005 827.340 85.020 74.120 58.928 377.140 349.158 68.763 307.918 405.703 352.627 346.247 318.245 319.835 1021.942 344.562 326.132 351.143 310.880 316.288 354.473 330.187 401.133 353.515
87.255 1352.392 1352.392 343.580 343.580 122.922 1352.877 107.322 39.263 1293.227 1298.690 80.927 90.208 310.653 333.243 1300.272 36.235 1354.997 1360.650 117.827 33.060 100.715 28.567 107.690 107.253 341.272 1354.197 323.588 93.717 111.713 401.487 0.000 122.158 1357.292 302.215 88.407 92.123 1360.730 93.377 1357.245 91.895 103.207 321.048 86.193 1357.200 56.497 101.328 99.777 94.682 103.867 95.303 406.183 89.163 40.402 314.268 70.397 309.212 95.287 29.928 36.642 21.812 398.077 1152.012 320.085 338.000 343.128 68.555 122.455 344.777 100.112 31.442 58.138 118.443 85.722 83.653 1346.613 69.348 89.543 113.430 101.532 95.118 90.322 79.870 26.872 85.760
85.440 1301.238 1301.238 292.337 292.337 74.872 1301.723 48.483 88.792 1242.073 1247.537 42.883 106.317 259.648 282.145 1249.118 89.925 1303.843 1309.497 22.082 92.998 76.930 96.245 20.467 44.892 290.028 1303.043 272.490 94.943 107.087 331.507 122.158 0.000 1306.138 251.210 35.668 32.572 1309.577 32.428 1306.092 33.772 83.340 269.722 39.583 1306.047 81.143 22.403 23.552 89.670 18.292 26.893 336.203 34.873 85.285 263.170 93.125 262.558 86.887 96.728 89.488 115.113 333.528 1100.858 268.987 286.902 291.885 60.067 20.513 293.533 85.155 103.192 76.648 17.262 101.892 102.625 1295.460 100.057 78.647 22.665 77.747 89.020 35.585 92.992 102.747 37.852
1278.828 11.510 11.510 1035.028 1035.028 1378.488 4.415 1352.100 1338.778 68.520 69.183 1324.312 1272.980 1062.592 1027.292 57.020 1330.707 7.858 10.197 1325.698 1348.675 1269.552 1335.820 1323.212 1348.508 1018.947 10.383 1039.432 1263.695 1263.533 1032.620 1357.292 1306.138 0.000 1065.520 1319.803 1318.752 4.428 1325.948 4.132 1327.292 1266.918 1042.867 1323.807 5.465 1307.873 1315.900 1317.048 1266.447 1312.340 1318.740 1028.513 1325.572 1336.410 1045.910 1304.950 1068.680 1269.993 1335.117 1327.728 1363.717 1015.345 206.327 1038.998 1019.495 1034.577 1341.407 1323.790 1036.225 1263.723 1361.508 1308.432 1320.878 1274.050 1275.640 10.678 1300.367 1281.937 1325.775 1266.685 1272.093 1329.105 1285.992 1356.938 1325.417
223.752 1060.620 1060.620 51.838 51.838 323.560 1061.105 297.172 283.702 1001.455 1006.918 269.235 217.903 9.997 41.390 1008.500 275.630 1063.225 1068.878 270.770 293.598 214.475 280.743 268.283 293.580 49.530 1062.425 30.528 208.618 208.457 110.315 302.215 251.210 1065.520 0.000 264.727 263.675 1068.958 271.020 1065.473 272.363 211.842 29.522 268.730 1065.428 252.797 260.972 262.120 211.370 257.412 263.812 115.012 270.643 281.333 22.415 249.873 14.762 214.917 280.040 272.652 308.640 106.335 860.240 28.232 46.228 51.387 286.330 268.862 53.035 208.647 306.432 253.355 265.950 218.973 220.563 1054.842 245.290 226.860 270.847 211.608 217.017 274.177 230.915 301.862 270.340
61.165 1314.903 1314.903 306.092 306.092 91.235 1315.388 69.182 55.040 1255.738 1261.202 12.227 82.042 273.165 295.755 1262.783 56.173 1317.508 1323.162 47.285 67.702 52.655 62.493 33.088 65.590 303.783 1316.708 286.100 70.668 82.812 351.157 88.407 35.668 1319.803 264.727 0.000 4.168 1323.242 27.153 1319.757 24.942 59.065 283.560 5.618 1319.712 46.733 22.755 21.268 65.395 20.970 16.708 355.853 9.693 51.533 276.780 58.715 271.723 62.612 62.977 55.737 86.980 353.178 1114.523 282.597 300.512 305.640 32.680 46.140 307.288 60.880 84.028 42.238 41.745 77.617 78.350 1309.125 65.647 54.372 43.617 53.472 64.745 26.757 64.922 79.458 7.290
60.113 1313.852 1313.852 305.040 305.040 90.653 1314.337 68.600 58.757 1254.687 1260.150 14.065 80.990 272.113 294.703 1261.732 59.890 1316.457 1322.110 46.392 71.418 51.603 66.210 32.507 65.008 302.732 1315.657 285.048 69.617 81.760 348.060 92.123 32.572 1318.752 263.675 4.168 0.000 1322.190 26.572 1318.705 24.360 58.013 282.508 8.083 1318.660 50.450 21.862 20.503 64.343 20.077 15.815 352.757 9.798 55.250 275.728 62.432 270.672 61.560 66.693 59.453 90.697 350.082 1113.472 281.545 299.460 304.588 36.397 45.247 306.237 59.828 85.038 45.955 40.852 76.565 77.298 1308.073 69.363 53.320 42.723 52.420 63.693 26.175 67.665 83.175 7.667
1282.267 14.943 14.943 1038.467 1038.467 1381.927 7.967 1355.538 1342.217 71.958 72.622 1327.750 1276.418 1066.030 1030.730 60.485 1334.145 7.843 9.860 1329.137 1352.113 1272.990 1339.258 1326.650 1351.947 1022.385 10.113 1042.870 1267.133 1266.972 1036.058 1360.730 1309.577 4.428 1068.958 1323.242 1322.190 0.000 1329.387 7.380 1330.730 1270.357 1046.305 1327.245 5.197 1311.312 1319.338 1320.487 1269.885 1315.778 1322.178 1031.952 1329.010 1339.848 1049.348 1308.388 1072.118 1273.432 1338.555 1331.167 1367.155 1018.783 209.765 1042.437 1022.933 1038.015 1344.845 1327.228 1039.663 1267.162 1364.947 1311.870 1324.317 1277.488 1279.078 14.230 1303.805 1285.375 1329.213 1270.123 1275.532 1332.543 1289.430 1360.377 1328.855
83.202 1321.048 1321.048 312.147 312.147 67.085 1321.533 45.032 61.155 1261.883 1267.347 25.478 107.467 279.458 301.955 1268.928 62.288 1323.653 1329.307 31.950 61.588 78.080 68.608 16.967 41.440 309.838 1322.853 292.300 96.093 108.237 351.317 93.377 32.428 1325.948 271.020 27.153 26.572 1329.387 0.000 1325.902 3.207 84.490 289.532 24.322 1325.857 61.987 10.640 12.630 90.820 14.137 11.760 356.013 18.082 57.648 282.980 74.402 282.368 88.037 69.092 63.067 83.703 353.338 1120.668 288.797 306.712 311.695 29.045 32.855 313.343 86.305 71.782 57.492 28.120 103.042 103.675 1315.270 80.900 79.797 24.925 78.897 90.170 4.023 80.637 71.337 22.370
1278.782 10.413 10.413 1034.982 1034.982 1378.442 7.618 1352.053 1338.732 68.473 69.137 1324.265 1272.933 1062.545 1027.245 56.973 1330.660 11.062 14.225 1325.652 1348.628 1269.505 1335.773 1323.165 1348.462 1018.900 14.462 1039.385 1263.648 1263.487 1032.573 1357.245 1306.092 4.132 1065.473 1319.757 1318.705 7.380 1325.902 0.000 1327.245 1266.872 1042.820 1323.760 9.562 1307.827 1315.853 1317.002 1266.400 1312.293 1318.693 1028.467 1325.525 1336.363 1045.863 1304.903 1068.633 1269.947 1335.070 1327.682 1363.670 1015.298 206.280 1038.952 1019.448 1034.530 1341.360 1323.743 1036.178 1263.677 1361.462 1308.385 1320.832 1274.003 1275.593 10.632 1300.320 1281.890 1325.728 1266.638 1272.047 1329.058 1285.945 1356.892 1325.370
80.990 1322.392 1322.392 313.490 313.490 67.995 1322.877 45.942 58.953 1263.227 1268.690 23.267 105.255 280.802 303.298 1270.272 60.087 1324.997 1330.650 33.533 60.107 75.868 66.407 18.550 42.350 311.182 1324.197 293.643 93.882 106.025 352.660 91.895 33.772 1327.292 272.363 24.942 24.360 1330.730 3.207 1327.245 0.000 82.278 290.875 22.110 1327.200 59.785 11.948 10.837 88.608 15.480 9.548 357.357 15.870 55.447 284.323 72.200 283.712 85.825 66.890 60.865 82.222 354.682 1122.012 290.140 308.055 313.038 27.563 34.438 314.687 84.093 70.300 55.290 29.703 100.830 101.463 1316.613 78.698 77.585 26.508 76.685 87.958 1.815 78.425 69.855 20.158
17.665 1262.018 1262.018 253.207 253.207 148.037 1262.503 125.662 77.615 1202.853 1208.317 63.573 26.288 220.280 242.870 1209.898 69.543 1264.623 1270.277 100.487 87.512 7.475 74.657 89.028 122.070 250.898 1263.823 233.215 15.647 28.552 311.113 103.207 83.340 1266.918 211.842 59.065 58.013 1270.357 84.490 1266.872 82.278 0.000 230.675 63.068 1266.827 46.710 78.620 77.982 9.568 76.277 73.598 315.810 67.043 75.247 223.895 43.787 218.838 11.358 73.953 66.565 102.553 307.703 1061.638 229.712 247.627 252.755 80.648 99.180 254.403 3.195 100.345 47.223 94.947 24.920 25.653 1256.240 45.513 18.910 96.937 10.912 14.513 84.093 26.343 95.775 64.678
242.585 1037.967 1037.967 24.045 24.045 342.072 1038.452 315.683 302.535 978.802 984.265 288.068 236.737 30.303 20.707 985.847 294.463 1040.572 1046.225 289.282 312.432 233.308 299.577 286.795 312.092 24.320 1039.772 14.050 227.452 227.290 82.522 321.048 269.722 1042.867 29.522 283.560 282.508 1046.305 289.532 1042.820 290.875 230.675 0.000 287.563 1042.775 271.630 279.483 280.632 230.203 275.923 282.323 87.218 289.155 300.167 14.393 268.707 37.435 233.750 298.873 291.485 327.473 78.542 837.587 10.498 24.870 23.593 305.163 287.373 25.242 227.480 325.265 272.188 284.462 237.807 239.397 1032.188 264.123 245.693 289.358 230.442 235.850 292.688 249.748 320.695 289.173
65.083 1318.907 1318.907 310.095 310.095 88.403 1319.392 66.350 52.827 1259.742 1265.205 6.918 86.045 277.168 299.758 1266.787 53.960 1321.512 1327.165 45.257 64.598 56.658 60.280 30.432 62.758 307.787 1320.712 290.103 74.672 86.815 355.072 86.193 39.583 1323.807 268.730 5.618 8.083 1327.245 24.322 1323.760 22.110 63.068 287.563 0.000 1323.715 45.092 20.827 19.208 69.398 23.057 14.735 359.768 7.558 49.320 280.783 57.073 275.727 66.615 60.763 53.523 84.767 357.093 1118.527 286.600 304.515 309.643 29.545 44.343 311.292 64.883 81.815 40.597 39.717 81.620 82.353 1313.128 64.005 58.290 41.550 57.475 68.748 23.925 63.280 77.245 3.615
1278.737 12.712 12.712 1034.937 1034.937 1378.397 5.568 1352.008 1338.687 68.428 69.092 1324.220 1272.888 1062.500 1027.200 56.928 1330.615 3.478 9.678 1325.607 1348.583 1269.460 1335.728 1323.120 1348.417 1018.855 5.750 1039.340 1263.603 1263.442 1032.528 1357.200 1306.047 5.465 1065.428 1319.712 1318.660 5.197 1325.857 9.562 1327.200 1266.827 1042.775 1323.715 0.000 1307.782 1315.808 1316.957 1266.355 1312.248 1318.648 1028.422 1325.480 1336.318 1045.818 1304.858 1068.588 1269.902 1335.025 1327.637 1363.625 1015.253 206.235 1038.907 1019.403 1034.485 1341.315 1323.698 1036.133 1263.632 1361.417 1308.340 1320.787 1273.958 1275.548 11.378 1300.275 1281.845 1325.683 1266.593 1272.002 1329.013 1285.900 1356.847 1325.325
30.758 1302.973 1302.973 294.162 294.162 116.348 1303.458 95.222 30.905 1243.808 1249.272 39.912 56.872 261.235 283.825 1250.853 22.833 1305.578 1311.232 84.673 40.802 45.742 27.947 69.848 91.630 291.853 1304.778 274.170 48.418 67.950 352.068 56.497 81.143 1307.873 252.797 46.733 50.450 1311.312 61.987 1307.827 59.785 46.710 271.630 45.092 1307.782 0.000 60.313 58.762 44.728 62.852 54.288 356.765 48.148 28.537 264.850 16.352 259.793 38.790 27.243 19.855 55.843 348.658 1102.593 270.667 288.582 293.710 38.395 83.830 295.358 46.388 53.635 4.495 79.133 51.018 50.837 1297.195 22.850 34.570 80.967 46.558 38.622 58.932 27.798 49.065 44.745
80.720 1311.000 1311.000 302.098 302.098 69.417 1311.485 47.363 67.962 1251.835 1257.298 22.053 101.597 269.410 291.907 1258.880 69.095 1313.605 1319.258 25.112 71.210 72.210 75.415 10.652 43.772 299.790 1312.805 282.252 90.223 102.367 341.268 101.328 22.403 1315.900 260.972 22.755 21.862 1319.338 10.640 1315.853 11.948 78.620 279.483 20.827 1315.808 60.313 0.000 1.990 84.950 4.112 6.968 345.965 14.352 64.455 272.932 72.295 272.320 82.167 75.898 68.658 93.325 343.290 1110.620 278.748 296.663 301.647 38.437 23.967 303.295 80.435 81.403 55.818 19.572 97.172 97.905 1305.222 79.227 73.927 21.443 73.027 84.300 13.763 78.502 80.958 18.875
79.515 1312.148 1312.148 303.247 303.247 71.407 1312.633 49.353 66.410 1252.983 1258.447 20.502 100.958 270.558 293.055 1260.028 67.543 1314.753 1320.407 27.102 70.787 71.572 73.863 12.642 45.762 300.938 1313.953 283.400 89.585 101.728 342.417 99.777 23.552 1317.048 262.120 21.268 20.503 1320.487 12.630 1317.002 10.837 77.982 280.632 19.208 1316.957 58.762 1.990 0.000 84.312 5.260 5.350 347.113 12.733 62.903 274.080 70.743 273.468 81.528 74.347 67.107 92.902 344.438 1111.768 279.897 297.812 302.795 37.325 25.957 304.443 79.797 80.980 54.267 21.562 96.533 97.267 1306.370 77.675 73.288 23.433 72.388 83.662 12.652 76.950 80.535 17.257
15.683 1261.547 1261.547 252.735 252.735 154.367 1262.032 131.992 75.633 1202.382 1207.845 69.903 20.467 219.808 242.398 1209.427 67.562 1264.152 1269.805 106.817 85.530 15.072 72.675 95.358 128.400 250.427 1263.352 232.743 9.347 24.188 310.642 94.682 89.670 1266.447 211.370 65.395 64.343 1269.885 90.820 1266.400 88.608 9.568 230.203 69.398 1266.355 44.728 84.950 84.312 0.000 82.607 79.928 315.338 73.373 73.265 223.423 41.115 218.367 6.513 71.972 64.583 100.572 307.232 1061.167 229.240 247.155 252.283 79.187 105.510 253.932 6.373 98.363 45.287 101.277 16.295 17.028 1255.768 37.757 21.717 103.267 18.043 6.613 90.423 23.382 93.793 71.008
78.377 1307.440 1307.440 298.538 298.538 72.293 1307.925 50.240 70.500 1248.275 1253.738 24.592 99.253 265.850 288.347 1255.320 71.633 1310.045 1315.698 26.315 74.707 69.867 77.953 13.142 46.648 296.230 1309.245 278.692 87.880 100.023 337.708 103.867 18.292 1312.340 257.412 20.970 20.077 1315.778 14.137 1312.293 15.480 76.277 275.923 23.057 1312.248 62.852 4.112 5.260 82.607 0.000 8.602 342.405 16.582 66.993 269.372 74.833 268.760 79.823 78.437 71.197 96.822 339.730 1107.060 275.188 293.103 298.087 41.775 25.170 299.735 78.092 84.900 58.357 20.775 94.828 95.562 1301.662 81.765 71.583 22.647 70.683 81.957 17.293 81.040 84.455 21.105
75.042 1313.840 1313.840 304.938 304.938 75.575 1314.325 53.522 61.937 1254.675 1260.138 16.028 96.575 272.250 294.747 1261.720 63.070 1316.445 1322.098 31.630 66.940 67.188 69.390 17.170 49.930 302.630 1315.645 285.092 85.202 97.345 344.108 95.303 26.893 1318.740 263.812 16.708 15.815 1322.178 11.760 1318.693 9.548 73.598 282.323 14.735 1318.648 54.288 6.968 5.350 79.928 8.602 0.000 348.805 8.260 58.430 275.772 66.270 275.160 77.145 69.873 62.633 89.055 346.130 1113.460 281.588 299.503 304.487 33.212 30.485 306.135 75.413 77.133 49.793 26.090 92.150 92.883 1308.062 73.202 68.905 27.962 68.005 79.278 11.363 72.477 76.688 12.783
327.720 1023.613 1023.613 72.263 72.263 408.553 1024.098 382.165 387.670 964.448 969.912 364.170 321.872 112.340 81.415 971.493 379.598 1026.218 1031.872 355.763 397.567 318.443 384.712 353.277 378.573 75.068 1025.418 90.345 312.587 312.425 10.308 406.183 336.203 1028.513 115.012 355.853 352.757 1031.952 356.013 1028.467 357.357 315.810 87.218 359.768 1028.422 356.765 345.965 347.113 315.338 342.405 348.805 0.000 355.637 385.302 95.402 353.842 119.230 318.885 384.008 376.620 412.608 14.962 823.233 89.717 75.857 63.625 381.837 353.855 73.460 312.615 410.400 357.323 350.943 322.942 324.532 1017.835 349.258 330.828 355.840 315.577 320.985 359.170 334.883 405.830 358.212
68.902 1320.672 1320.672 311.770 311.770 82.163 1321.157 60.110 55.797 1261.507 1266.970 9.888 90.020 279.082 301.578 1268.552 56.930 1323.277 1328.930 38.865 66.355 60.633 63.250 24.040 56.518 309.462 1322.477 291.923 78.647 90.790 350.940 89.163 34.873 1325.572 270.643 9.693 9.798 1329.010 18.082 1325.525 15.870 67.043 289.155 7.558 1325.480 48.148 14.352 12.733 73.373 16.582 8.260 355.637 0.000 52.290 282.603 60.130 279.702 70.590 63.733 56.493 87.737 352.962 1120.292 288.420 306.335 311.318 31.160 37.868 312.967 68.858 76.548 43.653 33.325 85.595 86.328 1314.893 67.062 62.350 35.158 61.450 72.723 17.685 66.337 76.103 5.607
59.295 1331.510 1331.510 322.698 322.698 102.847 1331.995 87.247 3.523 1272.345 1277.808 44.053 85.408 289.772 312.362 1279.390 10.103 1334.115 1339.768 83.000 16.185 72.188 15.440 72.863 84.917 320.390 1333.315 302.707 76.955 96.487 380.605 40.402 85.285 1336.410 281.333 51.533 55.250 1339.848 57.648 1336.363 55.447 75.247 300.167 49.320 1336.318 28.537 64.455 62.903 73.265 66.993 58.430 385.302 52.290 0.000 293.387 44.888 288.330 67.327 16.353 12.613 38.658 377.195 1131.130 299.203 317.118 322.247 31.682 87.628 323.895 74.925 35.707 28.123 83.275 79.555 79.373 1325.732 48.947 59.583 78.603 73.005 67.158 54.593 56.335 29.857 48.887
235.805 1041.010 1041.010 32.228 32.228 335.520 1041.495 309.132 295.755 981.845 987.308 281.288 229.957 20.153 21.780 988.890 287.683 1043.615 1049.268 282.730 305.652 226.528 292.797 280.243 305.540 29.920 1042.815 12.125 220.672 220.510 90.705 314.268 263.170 1045.910 22.415 276.780 275.728 1049.348 282.980 1045.863 284.323 223.895 14.393 280.783 1045.818 264.850 272.932 274.080 223.423 269.372 275.772 95.402 282.603 293.387 0.000 261.927 28.717 226.970 292.093 284.705 320.693 86.725 840.630 8.622 26.618 31.777 298.383 280.822 33.425 220.700 318.485 265.408 277.910 231.027 232.617 1035.232 257.343 238.913 282.807 223.662 229.070 286.137 242.968 313.915 282.393
27.863 1300.050 1300.050 291.238 291.238 128.763 1300.535 107.637 47.257 1240.885 1246.348 51.893 48.817 258.312 280.902 1247.930 39.185 1302.655 1308.308 96.655 57.153 45.985 44.298 81.830 104.045 288.930 1301.855 271.247 42.017 62.398 349.145 70.397 93.125 1304.950 249.873 58.715 62.432 1308.388 74.402 1304.903 72.200 43.787 268.707 57.073 1304.858 16.352 72.295 70.743 41.115 74.833 66.270 353.842 60.130 44.888 261.927 0.000 256.870 35.867 43.595 36.207 72.195 345.735 1099.670 267.743 285.658 290.787 50.810 95.812 292.435 43.465 69.987 16.910 91.115 42.963 42.782 1294.272 25.880 36.817 92.948 48.953 35.008 71.347 19.743 65.417 56.727
230.748 1063.780 1063.780 56.057 56.057 334.908 1064.265 308.520 290.698 1004.615 1010.078 276.232 224.900 8.577 42.952 1011.660 282.627 1066.385 1072.038 282.118 300.595 221.472 287.740 279.632 304.928 53.535 1065.585 30.688 215.615 215.453 114.533 309.212 262.558 1068.680 14.762 271.723 270.672 1072.118 282.368 1068.633 283.712 218.838 37.435 275.727 1068.588 259.793 272.320 273.468 218.367 268.760 275.160 119.230 279.702 288.330 28.717 256.870 0.000 221.913 287.037 279.648 315.637 110.553 863.400 30.675 50.190 55.605 293.327 280.210 57.253 215.643 313.428 260.352 277.298 225.970 227.560 1058.002 252.287 233.857 282.195 218.605 224.013 285.525 237.912 308.858 277.337
9.745 1265.093 1265.093 256.282 256.282 151.202 1265.578 129.208 69.695 1205.928 1211.392 67.120 22.838 223.355 245.945 1212.973 61.623 1267.698 1273.352 104.033 79.592 13.557 66.737 92.575 125.617 253.973 1266.898 236.290 11.465 30.610 314.188 95.287 86.887 1269.993 214.917 62.612 61.560 1273.432 88.037 1269.947 85.825 11.358 233.750 66.615 1269.902 38.790 82.167 81.528 6.513 79.823 77.145 318.885 70.590 67.327 226.970 35.867 221.913 0.000 66.033 58.645 94.633 310.778 1064.713 232.787 250.702 255.830 73.248 102.727 257.478 8.508 92.425 39.348 98.493 18.413 19.147 1259.315 37.593 16.948 100.483 16.993 5.962 87.640 18.423 87.855 68.225
58.002 1330.217 1330.217 321.405 321.405 113.805 1330.702 98.205 16.347 1271.052 1276.515 55.497 84.115 288.478 311.068 1278.097 7.495 1332.822 1338.475 94.443 21.628 71.462 4.502 84.307 96.360 319.097 1332.022 301.413 75.662 95.193 379.312 29.928 96.728 1335.117 280.040 62.977 66.693 1338.555 69.092 1335.070 66.890 73.953 298.873 60.763 1335.025 27.243 75.898 74.347 71.972 78.437 69.873 384.008 63.733 16.353 292.093 43.595 287.037 66.033 0.000 7.730 32.927 375.902 1129.837 297.910 315.825 320.953 43.125 99.072 322.602 73.632 30.737 28.885 94.718 78.262 78.080 1324.438 47.653 60.290 90.047 72.278 65.865 66.037 55.042 26.167 60.330
50.613 1322.828 1322.828 314.017 314.017 113.197 1323.313 93.940 14.852 1263.663 1269.127 48.257 76.727 281.090 303.680 1270.708 4.508 1325.433 1331.087 88.418 21.462 64.073 8.092 78.193 90.348 311.708 1324.633 294.025 68.273 87.805 371.923 36.642 89.488 1327.728 272.652 55.737 59.453 1331.167 63.067 1327.682 60.865 66.565 291.485 53.523 1327.637 19.855 68.658 67.107 64.583 71.197 62.633 376.620 56.493 12.613 284.705 36.207 279.648 58.645 7.730 0.000 35.988 368.513 1122.448 290.522 308.437 313.565 37.113 92.175 315.213 66.243 33.780 21.497 87.478 70.873 70.692 1317.050 40.265 52.902 84.022 64.890 58.477 60.012 47.653 29.210 53.090
86.602 1358.817 1358.817 350.005 350.005 112.760 1359.302 97.160 37.520 1299.652 1305.115 79.500 110.197 317.078 339.668 1306.697 35.505 1361.422 1367.075 108.153 30.742 100.062 29.215 98.017 97.092 347.697 1360.622 330.013 104.262 123.793 407.912 21.812 115.113 1363.717 308.640 86.980 90.697 1367.155 83.703 1363.670 82.222 102.553 327.473 84.767 1363.625 55.843 93.325 92.902 100.572 96.822 89.055 412.608 87.737 38.658 320.693 72.195 315.637 94.633 32.927 35.988 0.000 404.502 1158.437 326.510 344.425 349.553 66.967 112.782 351.202 102.232 12.525 57.485 108.770 105.710 103.642 1353.038 76.253 88.890 103.757 100.878 94.465 80.648 83.642 14.483 84.333
319.613 1010.445 1010.445 63.587 63.587 405.878 1010.930 379.490 379.563 951.280 956.743 361.495 313.765 103.663 69.927 958.325 371.492 1013.050 1018.703 353.088 389.460 310.337 376.605 350.602 375.898 61.293 1012.250 81.668 304.480 304.318 19.005 398.077 333.528 1015.345 106.335 353.178 350.082 1018.783 353.338 1015.298 354.682 307.703 78.542 357.093 1015.253 348.658 343.290 344.438 307.232 339.730 346.130 14.962 352.962 377.195 86.725 345.735 110.553 310.778 375.902 368.513 404.502 0.000 810.065 81.040 62.082 54.948 379.162 351.180 64.783 304.508 402.293 349.217 348.268 314.835 316.425 1004.667 341.152 322.722 353.165 307.470 312.878 356.495 326.777 397.723 355.537
1073.548 201.427 201.427 829.748 829.748 1173.208 201.912 1146.820 1133.498 142.262 147.725 1119.032 1067.700 857.312 822.012 149.307 1125.427 204.032 209.685 1120.418 1143.395 1064.272 1130.540 1117.932 1143.228 813.667 203.232 834.152 1058.415 1058.253 827.340 1152.012 1100.858 206.327 860.240 1114.523 1113.472 209.765 1120.668 206.280 1122.012 1061.638 837.587 1118.527 206.235 1102.593 1110.620 1111.768 1061.167 1107.060 1113.460 823.233 1120.292 1131.130 840.630 1099.670 863.400 1064.713 1129.837 1122.448 1158.437 810.065 0.000 833.718 814.215 829.297 1136.127 1118.510 830.945 1058.443 1156.228 1103.152 1115.598 1068.770 1070.360 195.648 1095.087 1076.657 1120.495 1061.405 1066.813 1123.825 1080.712 1151.658 1120.137
241.622 1034.098 1034.098 26.543 26.543 341.337 1034.583 314.948 301.572 974.933 980.397 287.105 235.773 23.785 14.313 981.978 293.500 1036.703 1042.357 288.547 311.468 232.345 298.613 286.060 311.357 23.072 1035.903 4.115 226.488 226.327 85.020 320.085 268.987 1038.998 28.232 282.597 281.545 1042.437 288.797 1038.952 290.140 229.712 10.498 286.600 1038.907 270.667 278.748 279.897 229.240 275.188 281.588 89.717 288.420 299.203 8.622 267.743 30.675 232.787 297.910 290.522 326.510 81.040 833.718 0.000 19.707 26.092 304.200 286.638 27.740 226.517 324.302 271.225 283.727 236.843 238.433 1028.320 263.160 244.730 288.623 229.478 234.887 291.953 248.785 319.732 288.210
259.537 1014.595 1014.595 17.108 17.108 359.252 1015.080 332.863 319.487 955.430 960.893 305.020 253.688 43.300 8.185 962.475 311.415 1017.200 1022.853 306.462 329.383 250.260 316.528 303.975 329.272 4.942 1016.400 20.140 244.403 244.242 74.120 338.000 286.902 1019.495 46.228 300.512 299.460 1022.933 306.712 1019.448 308.055 247.627 24.870 304.515 1019.403 288.582 296.663 297.812 247.155 293.103 299.503 75.857 306.335 317.118 26.618 285.658 50.190 250.702 315.825 308.437 344.425 62.082 814.215 19.707 0.000 16.657 322.115 304.553 18.305 244.432 342.217 289.140 301.642 254.758 256.348 1008.817 281.075 262.645 306.538 247.393 252.802 309.868 266.700 337.647 306.125
264.665 1029.677 1029.677 8.638 8.638 364.235 1030.162 337.847 324.615 970.512 975.975 310.148 258.817 48.715 17.790 977.557 316.543 1032.282 1037.935 311.445 334.512 255.388 321.657 308.958 334.255 16.030 1031.482 26.720 249.532 249.370 58.928 343.128 291.885 1034.577 51.387 305.640 304.588 1038.015 311.695 1034.530 313.038 252.755 23.593 309.643 1034.485 293.710 301.647 302.795 252.283 298.087 304.487 63.625 311.318 322.247 31.777 290.787 55.605 255.830 320.953 313.565 349.553 54.948 829.297 26.092 16.657 0.000 327.243 309.537 9.835 249.560 347.345 294.268 306.625 259.887 261.477 1023.898 286.203 267.773 311.522 252.522 257.930 314.852 271.828 342.775 311.253
65.217 1336.507 1336.507 327.695 327.695 78.360 1336.992 57.233 35.188 1277.342 1282.805 24.278 91.330 294.768 317.358 1284.387 36.322 1339.112 1344.765 53.947 41.558 74.258 42.642 43.810 53.642 325.387 1338.312 307.703 82.877 102.408 377.140 68.555 60.067 1341.407 286.330 32.680 36.397 1344.845 29.045 1341.360 27.563 80.648 305.163 29.545 1341.315 38.395 38.437 37.325 79.187 41.775 33.212 381.837 31.160 31.682 298.383 50.810 293.327 73.248 43.125 37.113 66.967 379.162 1136.127 304.200 322.115 327.243 0.000 58.575 328.892 80.847 55.045 33.900 54.563 85.477 85.295 1330.728 57.308 64.892 49.550 75.075 73.080 25.990 62.257 54.600 29.112
101.280 1318.890 1318.890 309.988 309.988 59.312 1319.375 32.923 91.135 1259.725 1265.188 45.570 122.157 277.300 299.797 1266.770 92.268 1321.495 1327.148 6.037 90.667 92.770 98.588 19.017 29.332 307.680 1320.695 290.142 110.783 122.927 349.158 122.455 20.513 1323.790 268.862 46.140 45.247 1327.228 32.855 1323.743 34.438 99.180 287.373 44.343 1323.698 83.830 23.967 25.957 105.510 25.170 30.485 353.855 37.868 87.628 280.822 95.812 280.210 102.727 99.072 92.175 112.782 351.180 1118.510 286.638 304.553 309.537 58.575 0.000 311.185 100.995 100.860 79.335 7.847 117.732 118.465 1313.112 102.743 94.487 10.767 93.587 104.860 36.012 102.018 100.415 42.392
266.313 1031.325 1031.325 1.197 1.197 365.883 1031.810 339.495 326.263 972.160 977.623 311.797 260.465 50.363 19.438 979.205 318.192 1033.930 1039.583 313.093 336.160 257.037 323.305 310.607 335.903 17.678 1033.130 28.368 251.180 251.018 68.763 344.777 293.533 1036.225 53.035 307.288 306.237 1039.663 313.343 1036.178 314.687 254.403 25.242 311.292 1036.133 295.358 303.295 304.443 253.932 299.735 306.135 73.460 312.967 323.895 33.425 292.435 57.253 257.478 322.602 315.213 351.202 64.783 830.945 27.740 18.305 9.835 328.892 311.185 0.000 251.208 348.993 295.917 308.273 261.535 263.125 1025.547 287.852 269.422 313.170 254.170 259.578 316.500 273.477 344.423 312.902
17.343 1258.823 1258.823 250.012 250.012 149.852 1259.308 127.477 77.293 1199.658 1205.122 65.388 23.093 217.085 239.675 1206.703 69.222 1261.428 1267.082 102.302 87.190 9.290 74.335 90.843 123.885 247.703 1260.628 230.020 12.452 25.357 307.918 100.112 85.155 1263.723 208.647 60.880 59.828 1267.162 86.305 1263.677 84.093 3.195 227.480 64.883 1263.632 46.388 80.435 79.797 6.373 78.092 75.413 312.615 68.858 74.925 220.700 43.465 215.643 8.508 73.632 66.243 102.232 304.508 1058.443 226.517 244.432 249.560 80.847 100.995 251.208 0.000 100.023 46.947 96.762 21.725 22.458 1253.045 43.187 20.598 98.752 12.152 11.318 85.908 26.022 95.453 66.493
84.393 1356.608 1356.608 347.797 347.797 100.775 1357.093 85.175 33.107 1297.443 1302.907 76.548 110.507 314.870 337.460 1304.488 33.297 1359.213 1364.867 96.232 20.712 97.853 27.025 86.095 85.107 345.488 1358.413 327.805 102.053 121.585 405.703 31.442 103.192 1361.508 306.432 84.028 85.038 1364.947 71.782 1361.462 70.300 100.345 325.265 81.815 1361.417 53.635 81.403 80.980 98.363 84.900 77.133 410.400 76.548 35.707 318.485 69.987 313.428 92.425 30.737 33.780 12.525 402.293 1156.228 324.302 342.217 347.345 55.045 100.860 348.993 100.023 0.000 55.277 96.848 104.653 104.472 1350.830 74.045 86.682 91.835 98.670 92.257 68.727 81.433 8.523 80.837
31.317 1303.532 1303.532 294.720 294.720 111.853 1304.017 90.727 31.630 1244.367 1249.830 35.417 57.430 261.793 284.383 1251.412 24.475 1306.137 1311.790 80.178 42.443 44.072 29.588 65.353 87.135 292.412 1305.337 274.728 48.977 68.508 352.627 58.138 76.648 1308.432 253.355 42.238 45.955 1311.870 57.492 1308.385 55.290 47.223 272.188 40.597 1308.340 4.495 55.818 54.267 45.287 58.357 49.793 357.323 43.653 28.123 265.408 16.910 260.352 39.348 28.885 21.497 57.485 349.217 1103.152 271.225 289.140 294.268 33.900 79.335 295.917 46.947 55.277 0.000 74.638 51.577 51.395 1297.753 23.408 32.377 76.472 44.888 39.180 54.437 28.357 50.707 40.250
97.047 1315.978 1315.978 307.077 307.077 60.417 1316.463 34.028 86.782 1256.813 1262.277 40.873 117.923 274.388 296.885 1263.858 87.915 1318.583 1324.237 7.667 86.655 88.537 94.235 13.297 30.437 304.768 1317.783 287.230 106.550 118.693 346.247 118.443 17.262 1320.878 265.950 41.745 40.852 1324.317 28.120 1320.832 29.703 94.947 284.462 39.717 1320.787 79.133 19.572 21.562 101.277 20.775 26.090 350.943 33.325 83.275 277.910 91.115 277.298 98.493 94.718 87.478 108.770 348.268 1115.598 283.727 301.642 306.625 54.563 7.847 308.273 96.762 96.848 74.638 0.000 113.498 114.232 1310.200 98.047 90.253 6.410 89.353 100.627 31.277 97.322 96.403 37.765
26.322 1269.150 1269.150 260.338 260.338 163.430 1269.635 142.303 81.923 1209.985 1215.448 81.320 5.853 227.412 250.002 1217.030 73.852 1271.755 1277.408 119.038 91.820 28.562 78.965 107.580 138.712 258.030 1270.955 240.347 10.587 26.627 318.245 85.722 101.892 1274.050 218.973 77.617 76.565 1277.488 103.042 1274.003 100.830 24.920 237.807 81.620 1273.958 51.018 97.172 96.533 16.295 94.828 92.150 322.942 85.595 79.555 231.027 42.963 225.970 18.413 78.262 70.873 105.710 314.835 1068.770 236.843 254.758 259.887 85.477 117.732 261.535 21.725 104.653 51.577 113.498 0.000 3.415 1263.372 36.787 33.690 115.488 31.998 17.252 102.308 23.447 100.083 83.230
27.055 1270.740 1270.740 261.928 261.928 163.248 1271.225 142.122 81.742 1211.575 1217.038 81.138 9.268 229.002 251.592 1218.620 73.670 1273.345 1278.998 119.772 91.638 29.295 78.783 108.313 138.530 259.620 1272.545 241.937 11.972 29.508 319.835 83.653 102.625 1275.640 220.563 78.350 77.298 1279.078 103.675 1275.593 101.463 25.653 239.397 82.353 1275.548 50.837 97.905 97.267 17.028 95.562 92.883 324.532 86.328 79.373 232.617 42.782 227.560 19.147 78.080 70.692 103.642 316.425 1070.360 238.433 256.348 261.477 85.295 118.465 263.125 22.458 104.472 51.395 114.232 3.415 0.000 1264.962 36.605 34.423 116.222 32.732 17.985 102.127 23.265 99.902 83.963
1268.150 5.778 5.778 1024.350 1024.350 1367.810 6.263 1341.422 1328.100 57.842 58.505 1313.633 1262.302 1051.913 1016.613 46.342 1320.028 9.175 15.755 1315.020 1337.997 1258.873 1325.142 1312.533 1337.830 1008.268 8.375 1028.753 1253.017 1252.855 1021.942 1346.613 1295.460 10.678 1054.842 1309.125 1308.073 14.230 1315.270 10.632 1316.613 1256.240 1032.188 1313.128 11.378 1297.195 1305.222 1306.370 1255.768 1301.662 1308.062 1017.835 1314.893 1325.732 1035.232 1294.272 1058.002 1259.315 1324.438 1317.050 1353.038 1004.667 195.648 1028.320 1008.817 1023.898 1330.728 1313.112 1025.547 1253.045 1350.830 1297.753 1310.200 1263.372 1264.962 0.000 1289.688 1271.258 1315.097 1256.007 1261.415 1318.427 1275.313 1346.260 1314.738
31.092 1295.467 1295.467 286.655 286.655 135.262 1295.952 114.135 51.315 1236.302 1241.765 58.825 42.640 253.728 276.318 1243.347 43.243 1298.072 1303.725 103.587 61.212 47.712 48.357 88.762 110.543 284.347 1297.272 266.663 36.875 57.257 344.562 69.348 100.057 1300.367 245.290 65.647 69.363 1303.805 80.900 1300.320 78.698 45.513 264.123 64.005 1300.275 22.850 79.227 77.675 37.757 81.765 73.202 349.258 67.062 48.947 257.343 25.880 252.287 37.593 47.653 40.265 76.253 341.152 1095.087 263.160 281.075 286.203 57.308 102.743 287.852 43.187 74.045 23.408 98.047 36.787 36.605 1289.688 0.000 40.045 99.880 51.148 36.735 77.845 19.657 69.475 63.658
13.303 1277.037 1277.037 268.225 268.225 141.317 1277.522 120.190 63.090 1217.872 1223.335 57.842 38.115 235.298 257.888 1224.917 55.880 1279.642 1285.295 95.793 73.848 15.758 60.993 84.335 116.598 265.917 1278.842 248.233 26.742 44.805 326.132 89.543 78.647 1281.937 226.860 54.372 53.320 1285.375 79.797 1281.890 77.585 18.910 245.693 58.290 1281.845 34.570 73.927 73.288 21.717 71.583 68.905 330.828 62.350 59.583 238.913 36.817 233.857 16.948 60.290 52.902 88.890 322.722 1076.657 244.730 262.645 267.773 64.892 94.487 269.422 20.598 86.682 32.377 90.253 33.690 34.423 1271.258 40.045 0.000 92.243 16.575 17.635 78.830 20.855 82.112 59.985
99.037 1320.875 1320.875 311.973 311.973 55.263 1321.360 28.923 82.110 1261.710 1267.173 42.707 119.913 279.285 301.782 1268.755 83.243 1323.480 1329.133 7.025 81.642 90.527 89.563 11.865 25.332 309.665 1322.680 292.127 108.540 120.683 351.143 113.430 22.665 1325.775 270.847 43.617 42.723 1329.213 24.925 1325.728 26.508 96.937 289.358 41.550 1325.683 80.967 21.443 23.433 103.267 22.647 27.962 355.840 35.158 78.603 282.807 92.948 282.195 100.483 90.047 84.022 103.757 353.165 1120.495 288.623 306.538 311.522 49.550 10.767 313.170 98.752 91.835 76.472 6.410 115.488 116.222 1315.097 99.880 92.243 0.000 91.343 102.617 28.082 99.155 91.390 39.598
23.300 1261.785 1261.785 252.973 252.973 142.443 1262.270 120.068 75.940 1202.620 1208.083 57.980 34.763 220.047 242.637 1209.665 67.868 1264.390 1270.043 94.893 85.837 4.000 72.982 83.435 116.477 250.665 1263.590 232.982 24.122 29.693 310.880 101.532 77.747 1266.685 211.608 53.472 52.420 1270.123 78.897 1266.638 76.685 10.912 230.442 57.475 1266.593 46.558 73.027 72.388 18.043 70.683 68.005 315.577 61.450 73.005 223.662 48.953 218.605 16.993 72.278 64.890 100.878 307.470 1061.405 229.478 247.393 252.522 75.075 93.587 254.170 12.152 98.670 44.888 89.353 31.998 32.732 1256.007 51.148 16.575 91.343 0.000 20.232 78.500 31.978 94.100 59.085
9.577 1267.193 1267.193 258.382 258.382 151.033 1267.678 129.907 69.527 1208.028 1213.492 68.365 21.677 225.455 248.045 1215.073 61.455 1269.798 1275.452 106.167 79.423 16.795 66.568 94.708 126.315 256.073 1268.998 238.390 10.303 29.835 316.288 95.118 89.020 1272.093 217.017 64.745 63.693 1275.532 90.170 1272.047 87.958 14.513 235.850 68.748 1272.002 38.622 84.300 83.662 6.613 81.957 79.278 320.985 72.723 67.158 229.070 35.008 224.013 5.962 65.865 58.477 94.465 312.878 1066.813 234.887 252.802 257.930 73.080 104.860 259.578 11.318 92.257 39.180 100.627 17.252 17.985 1261.415 36.735 17.635 102.617 20.232 0.000 89.353 17.565 87.687 70.358
81.653 1324.205 1324.205 315.303 315.303 66.498 1324.690 44.445 58.100 1265.040 1270.503 24.445 107.070 282.615 305.112 1272.085 59.233 1326.810 1332.463 33.320 58.533 77.683 65.553 20.123 40.853 312.995 1326.010 295.457 95.697 107.840 354.473 90.322 35.585 1329.105 274.177 26.757 26.175 1332.543 4.023 1329.058 1.815 84.093 292.688 23.925 1329.013 58.932 13.763 12.652 90.423 17.293 11.363 359.170 17.685 54.593 286.137 71.347 285.525 87.640 66.037 60.012 80.648 356.495 1123.825 291.953 309.868 314.852 25.990 36.012 316.500 85.908 68.727 54.437 31.277 102.308 102.127 1318.427 77.845 78.830 28.082 78.500 89.353 0.000 79.088 68.282 21.973
11.902 1281.092 1281.092 272.280 272.280 140.210 1281.577 119.083 58.703 1221.927 1227.390 58.100 29.300 239.353 261.943 1228.972 50.632 1283.697 1289.350 102.862 68.600 28.542 55.745 88.037 115.492 269.972 1282.897 252.288 22.500 42.882 330.187 79.870 92.992 1285.992 230.915 64.922 67.665 1289.430 80.637 1285.945 78.425 26.343 249.748 63.280 1285.900 27.798 78.502 76.950 23.382 81.040 72.477 334.883 66.337 56.335 242.968 19.743 237.912 18.423 55.042 47.653 83.642 326.777 1080.712 248.785 266.700 271.828 62.257 102.018 273.477 26.022 81.433 28.357 97.322 23.447 23.265 1275.313 19.657 20.855 99.155 31.978 17.565 79.088 0.000 76.863 62.933
79.823 1352.038 1352.038 343.227 343.227 100.497 1352.523 84.897 27.503 1292.873 1298.337 71.978 105.937 310.300 332.890 1299.918 28.727 1354.643 1360.297 95.787 17.708 93.283 22.455 85.650 84.828 340.918 1353.843 323.235 97.483 117.015 401.133 26.872 102.747 1356.938 301.862 79.458 83.175 1360.377 71.337 1356.892 69.855 95.775 320.695 77.245 1356.847 49.065 80.958 80.535 93.793 84.455 76.688 405.830 76.103 29.857 313.915 65.417 308.858 87.855 26.167 29.210 14.483 397.723 1151.658 319.732 337.647 342.775 54.600 100.415 344.423 95.453 8.523 50.707 96.403 100.083 99.902 1346.260 69.475 82.112 91.390 94.100 87.687 68.282 76.863 0.000 76.812
65.498 1320.517 1320.517 311.705 311.705 86.452 1321.002 64.398 52.393 1261.352 1266.815 6.485 87.655 278.778 301.368 1268.397 53.527 1323.122 1328.775 43.305 64.165 58.268 59.847 28.480 60.807 309.397 1322.322 291.713 76.282 88.425 353.515 85.760 37.852 1325.417 270.340 7.290 7.667 1328.855 22.370 1325.370 20.158 64.678 289.173 3.615 1325.325 44.745 18.875 17.257 71.008 21.105 12.783 358.212 5.607 48.887 282.393 56.727 277.337 68.225 60.330 53.090 84.333 355.537 1120.137 288.210 306.125 311.253 29.112 42.392 312.902 66.493 80.837 40.250 37.765 83.230 83.963 1314.738 63.658 59.985 39.598 59.085 70.358 21.973 62.933 76.812 0.000
0.0000 106.2053 106.2053 22.1202 22.1202 11.9577 106.2455 10.1930 5.1461 101.2688 101.7252 5.0640 2.5669 19.3758 21.2596 101.8556 4.4712 106.4224 106.8953 8.5671 5.9728 1.6589 4.8986 7.5651 9.8932 21.9266 106.3558 20.4539 1.6165 3.2474 26.9186 7.2811 7.1366 106.6138 18.6711 5.1091 5.0214 106.8914 6.9432 106.6099 6.7582 1.4749 20.2430 5.4189 106.6058 2.5664 6.7424 6.6386 1.3084 6.5466 6.2650 27.3125 5.7520 4.9484 19.6762 2.3253 19.2604 0.8136 4.8403 4.2230 7.2255 26.6709 89.4821 20.1610 21.6421 22.0831 5.4435 8.4591 22.2201 1.4479 7.0418 2.6130 8.1051 2.1950 2.2591 105.7228 2.5957 1.1108 8.2710 1.9458 0.7992 6.8168 0.9939 6.6599 5.4673
106.2053 0.0000 0.0000 85.8770 85.8770 114.4128 0.6242 112.2115 111.2088 5.3110 5.3649 109.9740 105.5458 88.1726 85.2417 4.3497 110.5339 0.8903 1.4404 110.0041 112.0355 105.4312 110.9612 109.7999 111.9117 84.5374 0.8238 86.2408 104.7693 104.7571 85.6946 112.5785 108.3747 0.9606 88.4158 109.6287 109.5410 1.2475 110.0043 0.8690 110.1166 105.2118 86.5342 109.9458 1.0614 108.6291 109.1655 109.2618 105.1721 108.8689 109.4032 85.3516 109.9744 111.0111 86.7788 108.3853 88.6996 105.4676 110.9030 110.2857 113.2881 84.2555 16.8110 86.2018 84.5799 85.8400 111.3645 109.9377 85.9769 104.9449 113.1045 108.6757 109.6051 105.6346 105.7678 0.4825 107.8236 106.4647 110.0143 105.1925 105.6429 110.2680 106.6243 112.7226 110.0972
106.2053 0.0000 0.0000 85.8770 85.8770 114.4128 0.6242 112.2115 111.2088 5.3110 5.3649 109.9740 105.5458 88.1726 85.2417 4.3497 110.5339 0.8903 1.4404 110.0041 112.0355 105.4312 110.9612 109.7999 111.9117 84.5374 0.8238 86.2408 104.7693 104.7571 85.6946 112.5785 108.3747 0.9606 88.4158 109.6287 109.5410 1.2475 110.0043 0.8690 110.1166 105.2118 86.5342 109.9458 1.0614 108.6291 109.1655 109.2618 105.1721 108.8689 109.4032 85.3516 109.9744 111.0111 86.7788 108.3853 88.6996 105.4676 110.9030 110.2857 113.2881 84.2555 16.8110 86.2018 84.5799 85.8400 111.3645 109.9377 85.9769 104.9449 113.1045 108.6757 109.6051 105.6346 105.7678 0.4825 107.8236 106.4647 110.0143 105.1925 105.6429 110.2680 106.6243 112.7226 110.0972
22.1202 85.8770 85.8770 0.0000 0.0000 30.3202 85.9172 28.1189 27.1237 80.9406 81.3970 25.8889 21.4607 4.1055 1.5209 81.5273 26.4488 86.0941 86.5671 25.9115 27.9504 21.3461 26.8761 25.7073 27.8191 1.3732 86.0275 2.2631 20.6842 20.6720 5.6411 28.4934 24.2821 86.2856 4.3272 25.5436 25.4559 86.5632 25.9117 86.2817 26.0240 21.1267 2.0072 25.8607 86.2775 24.5440 25.0729 25.1692 21.0870 24.7763 25.3106 6.0351 25.8818 26.9260 2.6903 24.3002 4.6822 21.3825 26.8179 26.2006 29.2030 5.3092 69.1539 2.2155 1.4229 0.7214 27.2794 25.8451 0.0999 20.8598 29.0194 24.5906 25.5125 21.5495 21.6827 85.3945 23.7385 22.3796 25.9217 21.1074 21.5578 26.1754 22.5392 28.6375 26.0121
22.1202 85.8770 85.8770 0.0000 0.0000 30.3202 85.9172 28.1189 27.1237 80.9406 81.3970 25.8889 21.4607 4.1055 1.5209 81.5273 26.4488 86.0941 86.5671 25.9115 27.9504 21.3461 26.8761 25.7073 27.8191 1.3732 86.0275 2.2631 20.6842 20.6720 5.6411 28.4934 24.2821 86.2856 4.3272 25.5436 25.4559 86.5632 25.9117 86.2817 26.0240 21.1267 2.0072 25.8607 86.2775 24.5440 25.0729 25.1692 21.0870 24.7763 25.3106 6.0351 25.8818 26.9260 2.6903 24.3002 4.6822 21.3825 26.8179 26.2006 29.2030 5.3092 69.1539 2.2155 1.4229 0.7214 27.2794 25.8451 0.0999 20.8598 29.0194 24.5906 25.5125 21.5495 21.6827 85.3945 23.7385 22.3796 25.9217 21.1074 21.5578 26.1754 22.5392 28.6375 26.0121
11.9577 114.4128 114.4128 30.3202 30.3202 0.0000 114.4531 2.9364 8.4486 109.4764 109.9328 7.4706 14.1327 27.5937 29.4726 110.0631 9.2283 114.6299 115.1029 4.7480 7.7987 11.8256 9.3096 5.2534 2.9301 30.1266 114.5633 28.6670 13.3305 14.3445 33.6020 10.2727 6.2482 114.8214 26.8890 7.6137 7.5674 115.0990 5.6003 114.8175 5.6796 12.3611 28.4370 7.3808 114.8133 9.7200 5.7942 5.9603 12.8902 6.0343 6.3087 33.9959 6.8594 8.5938 27.8892 10.7568 27.8376 12.6287 9.5113 9.4599 9.4242 33.7728 97.6897 28.3741 29.8552 30.2832 6.5479 4.9499 30.4201 12.5126 8.4231 9.3447 5.0417 13.6438 13.6313 113.9303 11.2547 11.8030 4.6127 11.8934 12.6143 5.5548 11.7113 8.4001 7.2176
106.2455 0.6242 0.6242 85.9172 85.9172 114.4530 0.0000 112.2517 111.2490 5.3512 5.4051 110.0142 105.5860 88.2128 85.2819 4.3900 110.5741 0.2958 1.0505 110.0444 112.0757 105.4715 111.0015 109.8401 111.9519 84.5777 0.5999 86.2810 104.8095 104.7973 85.7348 112.6187 108.4149 0.3683 88.4560 109.6689 109.5812 0.6651 110.0445 0.6360 110.1568 105.2520 86.5744 109.9860 0.4647 108.6693 109.2057 109.3020 105.2123 108.9091 109.4435 85.3918 110.0147 111.0513 86.8191 108.4255 88.7399 105.5078 110.9432 110.3259 113.3284 84.2957 16.8512 86.2420 84.6201 85.8802 111.4047 109.9779 86.0171 104.9851 113.1447 108.7159 109.6453 105.6748 105.8080 0.5228 107.8638 106.5049 110.0545 105.2327 105.6831 110.3082 106.6645 112.7628 110.1374
10.1930 112.2115 112.2115 28.1189 28.1189 2.9364 112.2517 0.0000 7.1447 107.2751 107.7314 5.6282 12.3680 25.3924 27.2713 107.8618 7.7835 112.4286 112.9015 2.5466 6.4948 9.9564 8.0057 3.2154 0.2998 27.9253 112.3620 26.4656 11.4613 12.4754 31.4006 8.9688 4.0468 112.6200 24.6877 5.7713 5.7250 112.8976 3.7579 112.6161 3.8372 10.4919 26.2357 5.5384 112.6120 7.9553 3.9517 4.1179 11.0210 4.1919 4.4662 31.7946 5.0169 7.2899 25.6879 8.9921 25.6363 10.7885 8.2074 7.8497 8.1202 31.5714 95.4883 26.1727 27.6538 28.0818 4.7832 2.7485 28.2188 10.6434 7.1192 7.5800 2.8403 11.8792 11.8666 111.7290 9.4901 10.0383 2.4153 10.0243 10.8496 3.7124 9.9466 7.0962 5.3752
5.1461 111.2088 111.2088 27.1237 27.1237 8.4486 111.2490 7.1447 0.0000 106.2723 106.7287 3.9712 7.3211 24.3793 26.2630 106.8590 0.9821 111.4259 111.8988 7.2268 1.1546 6.2705 1.2704 6.3795 7.1384 26.9301 111.3593 25.4574 6.6199 8.2509 31.9220 3.2776 7.4150 111.6173 23.6746 4.5957 4.9062 111.8949 5.1083 111.6134 4.9248 6.4784 25.2464 4.4108 111.6093 2.5796 5.6756 5.5458 6.3119 5.8872 5.1723 32.3160 4.6593 0.2942 24.6796 3.9452 24.2639 5.8171 1.3657 1.2401 3.1310 31.6744 94.4856 25.1645 26.6456 27.0866 2.9387 7.6135 27.2236 6.4514 2.7646 2.6401 7.2481 6.8322 6.8196 110.7262 4.2398 5.2668 6.8597 6.3384 5.8026 4.8530 4.8997 2.2955 4.3746
101.2688 5.3110 5.3110 80.9406 80.9406 109.4764 5.3512 107.2750 106.2723 0.0000 0.7256 105.0376 100.6094 83.2361 80.3052 0.9613 105.5974 5.5281 6.0010 105.0677 107.0990 100.4948 106.0248 104.8635 106.9752 79.6010 5.4615 81.3044 99.8328 99.8207 80.7582 107.6420 103.4382 5.7195 83.4794 104.6923 104.6046 5.9971 105.0679 5.7156 105.1802 100.2754 81.5977 105.0094 5.7115 103.6927 104.2291 104.3254 100.2356 103.9325 104.4668 80.4152 105.0380 106.0746 81.8424 103.4489 83.7632 100.5312 105.9666 105.3492 108.3517 79.3190 11.8745 81.2654 79.6435 80.9035 106.4281 105.0013 81.0405 100.0085 108.1680 103.7393 104.6687 100.6982 100.8314 4.8285 102.8871 101.5283 105.0778 100.2560 100.7065 105.3315 101.6879 107.7861 105.1607
101.7252 5.3649 5.3649 81.3970 81.3970 109.9328 5.4051 107.7314 106.7287 0.7256 0.0000 105.4939 101.0657 83.6925 80.7616 1.0152 106.0538 5.5820 6.0550 105.5241 107.5554 100.9512 106.4812 105.3199 107.4316 80.0574 5.5154 81.7608 100.2892 100.2771 81.2145 108.0984 103.8946 5.7734 83.9358 105.1486 105.0610 6.0511 105.5242 5.7696 105.6366 100.7317 82.0541 105.4658 5.7654 104.1491 104.6854 104.7817 100.6920 104.3888 104.9232 80.8715 105.4944 106.5310 82.2988 103.9052 84.2196 100.9875 106.4230 105.8056 108.8081 79.7754 12.3309 81.7217 80.0998 81.3599 106.8844 105.4576 81.4969 100.4648 108.6244 104.1957 105.1251 101.1546 101.2877 4.8824 103.3435 101.9846 105.5342 100.7124 101.1628 105.7879 102.1442 108.2425 105.6171
5.0640 109.9740 109.9740 25.8889 25.8889 7.4706 110.0142 5.6282 3.9712 105.0376 105.4939 0.0000 7.1988 23.1445 25.0283 105.6243 4.0665 110.1911 110.6640 3.8769 4.9541 4.7434 4.5941 2.6391 5.3284 25.6953 110.1245 24.2226 6.2483 7.2624 29.8760 6.7565 3.5818 110.3825 22.4398 1.0207 1.1740 110.6601 2.1280 110.3786 1.9430 5.2789 24.0117 0.5776 110.3745 3.3339 1.8424 1.7126 5.8080 2.0540 1.3391 30.2699 0.8260 3.6785 23.4449 4.3347 23.0291 5.5755 4.6347 4.0302 6.6363 30.0468 93.2508 23.9297 25.4108 25.8518 2.0264 3.8078 25.9888 5.4304 6.3907 2.9586 3.4149 6.7836 6.7710 109.4915 4.8687 4.8301 3.5676 4.8113 5.7062 2.0414 4.8510 6.0088 0.5414
2.5669 105.5458 105.5458 21.4607 21.4607 14.1327 105.5860 12.3680 7.3211 100.6094 101.0657 7.1988 0.0000 18.7163 20.6001 101.1961 6.6462 105.7629 106.2358 10.3115 8.1478 2.6604 7.0735 9.3557 12.0682 21.2671 105.6963 19.7944 1.1144 1.9909 26.2591 7.5214 8.8810 105.9543 18.0116 6.8535 6.7658 106.2319 8.9758 105.9505 8.7908 2.1963 19.5835 7.1706 105.9463 4.7414 8.4868 8.4334 1.7096 8.2910 8.0669 26.6530 7.5188 7.1234 19.0167 4.0695 18.6009 1.9074 7.0153 6.3980 9.1894 26.0114 88.8226 19.5015 20.9826 21.4236 7.6185 10.2034 21.5606 1.9294 9.2168 4.7880 9.8495 0.4888 0.7742 105.0633 3.5562 3.1837 10.0154 2.9045 1.8103 8.9425 2.4404 8.8349 7.3220
19.3758 88.1726 88.1726 4.1055 4.1055 27.5937 88.2128 25.3924 24.3793 83.2361 83.6925 23.1445 18.7163 0.0000 3.0786 83.8228 23.7044 88.3897 88.8626 23.1850 25.2060 18.6018 24.1318 22.9808 25.0926 3.8944 88.3231 1.9872 17.9398 17.9277 8.9881 25.7490 21.5556 88.5811 0.8346 22.7992 22.7116 88.8587 23.1852 88.5772 23.2975 18.3823 2.5247 23.1164 88.5731 21.7997 22.3464 22.4427 18.3426 22.0498 22.5842 9.3821 23.1554 24.1816 1.6839 21.5558 0.7162 18.6381 24.0736 23.4562 26.4587 8.6562 71.4494 1.9862 3.6094 4.0685 24.5350 23.1186 4.2054 18.1154 26.2750 21.8463 22.7860 18.8052 18.9383 87.6900 20.9941 19.6352 23.1952 18.3630 18.8134 23.4489 19.7948 25.8931 23.2677
21.2596 85.2417 85.2417 1.5209 1.5209 29.4726 85.2819 27.2713 26.2630 80.3052 80.7616 25.0283 20.6001 3.0786 0.0000 80.8919 25.5881 85.4588 85.9317 25.0639 27.0897 20.4855 26.0155 24.8597 26.9715 0.9960 85.3922 1.0955 19.8235 19.8114 6.4035 27.6327 23.4345 85.6502 3.4549 24.6830 24.5953 85.9278 25.0641 85.6463 25.1764 20.2661 1.7236 25.0001 85.6422 23.6834 24.2253 24.3216 20.2263 23.9287 24.4630 6.7974 25.0342 26.0653 1.8179 23.4396 3.5829 20.5219 25.9573 25.3399 28.3424 5.8318 68.5185 1.1944 0.6834 1.4838 26.4188 24.9975 1.6208 19.9992 28.1587 23.7300 24.6649 20.6889 20.8221 84.7591 22.8778 21.5190 25.0740 20.2467 20.6972 25.3278 21.6786 27.7768 25.1514
101.8556 4.3497 4.3497 81.5273 81.5273 110.0631 4.3900 107.8617 106.8590 0.9613 1.0152 105.6243 101.1961 83.8228 80.8919 0.0000 106.1841 4.5668 5.0398 105.6544 107.6857 101.0815 106.6115 105.4502 107.5619 80.1877 4.5002 81.8911 100.4195 100.4074 81.3448 108.2287 104.0249 4.7583 84.0661 105.2790 105.1913 5.0471 105.6546 4.7544 105.7669 100.8621 82.1844 105.5961 4.7502 104.2794 104.8158 104.9121 100.8223 104.5192 105.0535 81.0019 105.6247 106.6613 82.4291 104.0356 84.3499 101.1178 106.5533 105.9359 108.9384 79.9057 12.4612 81.8521 80.2302 81.4902 107.0148 105.5880 81.6272 100.5952 108.7547 104.3260 105.2554 101.2849 101.4181 3.8672 103.4738 102.1150 105.6645 100.8427 101.2932 105.9182 102.2746 108.3728 105.7474
4.4712 110.5339 110.5339 26.4488 26.4488 9.2283 110.5741 7.7835 0.9821 105.5974 106.0538 4.0665 6.6462 23.7044 25.5881 106.1841 0.0000 110.7510 111.2239 7.3221 1.5609 5.5956 0.6412 6.4748 7.4837 26.2552 110.6844 24.7825 5.9450 7.5760 31.2471 3.0237 7.5103 110.9424 22.9997 4.6910 5.0015 111.2200 5.2036 110.9385 5.0201 5.8035 24.5715 4.5062 110.9344 1.9047 5.7709 5.6411 5.6370 5.9825 5.2676 31.6411 4.7546 0.8442 24.0047 3.2703 23.5890 5.1422 0.6258 0.3767 2.9621 30.9995 93.8107 24.4896 25.9707 26.4117 3.0340 7.7088 26.5487 5.7765 2.7785 2.0421 7.3434 6.1573 6.1448 110.0513 3.5649 4.6629 6.9550 5.6635 5.1277 4.9483 4.2248 2.3966 4.4699
106.4224 0.8903 0.8903 86.0941 86.0941 114.6299 0.2958 112.4286 111.4259 5.5281 5.5820 110.1911 105.7629 88.3897 85.4588 4.5668 110.7510 0.0000 0.8141 110.2212 112.2526 105.6483 111.1783 110.0170 112.1287 84.7545 0.3440 86.4579 104.9864 104.9742 85.9117 112.7956 108.5918 0.6562 88.6329 109.8458 109.7581 0.6548 110.2214 0.9240 110.3337 105.4289 86.7513 110.1629 0.2904 108.8462 109.3826 109.4789 105.3892 109.0860 109.6203 85.5687 110.1915 111.2281 86.9959 108.6024 88.9167 105.6847 111.1201 110.5027 113.5052 84.4726 17.0280 86.4189 84.7970 86.0571 111.5816 110.1548 86.1940 105.1620 113.3216 108.8928 109.8222 105.8517 105.9849 0.7664 108.0407 106.6818 110.2313 105.4096 105.8600 110.4851 106.8414 112.9397 110.3143
106.8953 1.4404 1.4404 86.5671 86.5671 115.1029 1.0505 112.9015 111.8988 6.0010 6.0550 110.6640 106.2358 88.8626 85.9317 5.0398 111.2239 0.8141 0.0000 110.6942 112.7255 106.1213 111.6513 110.4900 112.6017 85.2275 0.6482 86.9309 105.4593 105.4472 86.3846 113.2685 109.0647 0.8524 89.1059 110.3188 110.2311 0.8239 110.6944 1.1891 110.8067 105.9018 87.2242 110.6359 0.8084 109.3192 109.8556 109.9519 105.8621 109.5589 110.0933 86.0416 110.6645 111.7011 87.4689 109.0753 89.3897 106.1576 111.5931 110.9757 113.9782 84.9455 17.5010 86.8919 85.2699 86.5300 112.0545 110.6277 86.6670 105.6350 113.7945 109.3658 110.2952 106.3247 106.4579 1.3164 108.5136 107.1547 110.7043 105.8825 106.3330 110.9580 107.3144 113.4126 110.7872
8.5671 110.0041 110.0041 25.9115 25.9115 4.7480 110.0444 2.5466 7.2268 105.0677 105.5241 3.8769 10.3115 23.1851 25.0639 105.6544 7.3221 110.2212 110.6942 0.0000 7.1850 7.8561 7.8497 1.5724 2.2468 25.7179 110.1546 24.2583 9.3610 10.3751 29.1933 9.8409 1.8395 110.4127 22.4804 3.9459 3.8735 110.6903 2.6693 110.4088 2.8015 8.3916 24.0283 3.7799 110.4046 7.0728 2.0969 2.2630 8.9207 2.1967 2.6415 29.5872 3.2458 6.9341 23.4805 8.0735 23.4289 8.6882 7.8903 7.3868 9.0320 29.3641 93.2810 23.9654 25.4465 25.8745 4.5041 0.5037 26.0115 8.5431 8.0362 6.6975 0.6393 9.9395 10.0036 109.5216 8.6075 7.9996 0.5865 7.9240 8.8665 2.7834 8.5899 7.9995 3.6167
5.9728 112.0355 112.0355 27.9504 27.9504 7.7987 112.0757 6.4948 1.1546 107.0990 107.5554 4.9541 8.1478 25.2060 27.0897 107.6857 1.5609 112.2526 112.7255 7.1850 0.0000 7.0972 1.5404 6.3377 6.4885 27.7568 112.1860 26.2841 7.4466 9.0776 32.7487 2.7615 7.7671 112.4440 24.5013 5.6527 5.9632 112.7216 5.1445 112.4401 5.0209 7.3051 26.0731 5.3937 112.4360 3.4063 5.9474 5.9123 7.1386 6.2393 5.5907 33.1427 5.5411 1.3512 25.5063 4.7719 25.0906 6.6438 1.8064 1.7924 2.5671 32.5011 95.3123 25.9912 27.4723 27.9133 3.4715 7.5716 28.0503 7.2781 1.7297 3.5437 7.2365 7.6589 7.6464 111.5529 5.0665 6.1645 6.8179 7.1651 6.6293 4.8893 5.7264 1.4788 5.3575
1.6589 105.4312 105.4312 21.3461 21.3461 11.8256 105.4715 9.9564 6.2705 100.4948 100.9512 4.7434 2.6604 18.6018 20.4855 101.0815 5.5956 105.6483 106.1213 7.8561 7.0972 0.0000 6.0230 6.9003 9.6566 21.1525 105.5818 19.6799 1.7710 2.7181 26.1445 8.4056 6.4257 105.8398 17.8971 4.3981 4.3104 106.1174 6.5204 105.8359 6.3355 0.6248 19.4689 4.7152 105.8318 3.8172 6.0314 5.9781 1.2598 5.8356 5.6116 26.5385 5.0635 6.0239 18.9021 3.8389 18.4864 1.1330 5.9648 5.3474 8.3499 25.8969 88.7081 19.3870 20.8681 21.3091 6.1339 7.7481 21.4461 0.7763 8.1662 3.6781 7.3941 2.3842 2.4483 104.9487 3.9845 1.3155 7.5600 0.3339 1.4038 6.4871 2.3843 7.7843 4.8666
4.8986 110.9612 110.9612 26.8761 26.8761 9.3096 111.0015 8.0057 1.2704 106.0248 106.4812 4.5941 7.0735 24.1318 26.0155 106.6115 0.6412 111.1783 111.6513 7.8497 1.5404 6.0230 0.0000 7.0024 7.9994 26.6825 111.1118 25.2099 6.3724 8.0034 31.6745 2.3837 8.0379 111.3698 23.4271 5.2186 5.5291 111.6474 5.7312 111.3659 5.5477 6.2309 24.9989 5.0337 111.3617 2.3321 6.2985 6.1687 6.0644 6.5101 5.7952 32.0685 5.2821 1.2899 24.4321 3.6977 24.0164 5.5695 0.3762 0.6756 2.4380 31.4269 94.2381 24.9170 26.3981 26.8391 3.5616 8.2364 26.9761 6.2039 2.2564 2.4695 7.8710 6.5847 6.5721 110.4787 3.9922 5.0903 7.4826 6.0909 5.5551 5.4759 4.6521 1.8745 4.9975
7.5651 109.7999 109.7999 25.7073 25.7073 5.2534 109.8401 3.2154 6.3795 104.8635 105.3199 2.6391 9.3557 22.9808 24.8597 105.4502 6.4748 110.0170 110.4900 1.5724 6.3377 6.9003 7.0024 0.0000 2.9156 25.5137 109.9504 24.0541 8.4052 9.4193 28.9890 8.9936 1.7054 110.2085 22.2761 2.7604 2.7141 110.4861 1.4177 110.2046 1.5499 7.4358 23.8241 2.5422 110.2004 5.8350 0.8897 1.0559 7.9649 1.0975 1.4343 29.3830 2.0081 6.0868 23.2763 6.8358 23.2247 7.7324 7.0430 6.5314 8.1847 29.1599 93.0768 23.7612 25.2423 25.6703 3.6568 1.5883 25.8072 7.5873 7.1889 5.4597 1.1104 8.9837 9.0478 109.3174 7.3698 7.0438 0.9913 6.9682 7.9108 1.6813 7.3522 7.1522 2.3790
9.8932 111.9117 111.9117 27.8191 27.8191 2.9301 111.9519 0.2998 7.1384 106.9752 107.4316 5.3284 12.0682 25.0926 26.9715 107.5619 7.4837 112.1288 112.6017 2.2468 6.4885 9.6566 7.9994 2.9156 0.0000 27.6255 112.0622 26.1658 11.1615 12.1756 31.1008 8.9625 3.7470 112.3202 24.3879 5.4714 5.4252 112.5978 3.4581 112.3163 3.5374 10.1921 25.9358 5.2385 112.3122 7.6555 3.6519 3.8181 10.7212 3.8921 4.1664 31.4947 4.7171 7.0957 25.3881 8.6923 25.3365 10.4887 8.0519 7.5498 8.1139 31.2716 95.1885 25.8729 27.3540 27.7820 4.4834 2.4487 27.9190 10.3436 7.1128 7.2802 2.5405 11.5793 11.5668 111.4291 9.1903 9.7385 2.1155 9.7245 10.5498 3.4126 9.6468 7.0899 5.0753
21.9266 84.5374 84.5374 1.3732 1.3732 30.1266 84.5777 27.9253 26.9301 79.6010 80.0574 25.6953 21.2671 3.8944 0.9960 80.1877 26.2552 84.7545 85.2275 25.7179 27.7568 21.1525 26.6825 25.5137 27.6255 0.0000 84.6880 1.9678 20.4906 20.4784 6.1249 28.2998 24.0885 84.9460 4.1336 25.3500 25.2623 85.2236 25.7181 84.9421 25.8304 20.9331 2.0304 25.6671 84.9380 24.3504 24.8793 24.9756 20.8934 24.5827 25.1170 6.2654 25.6882 26.7324 2.4966 24.1066 4.4710 21.1889 26.6243 26.0070 29.0094 5.1175 67.8143 1.9255 0.4125 1.3362 27.0858 25.6515 1.4731 20.6662 28.8258 24.3970 25.3189 21.3559 21.4891 84.0549 23.5449 22.1860 25.7280 20.9138 21.3642 25.9818 22.3456 28.4439 25.8185
106.3558 0.8238 0.8238 86.0275 86.0275 114.5633 0.5999 112.3620 111.3593 5.4615 5.5154 110.1245 105.6963 88.3231 85.3922 4.5002 110.6844 0.3440 0.6482 110.1546 112.1860 105.5818 111.1118 109.9504 112.0622 84.6880 0.0000 86.3913 104.9198 104.9076 85.8451 112.7290 108.5252 0.8673 88.5663 109.7792 109.6915 0.8442 110.1548 1.2077 110.2671 105.3623 86.6847 110.0963 0.4800 108.7796 109.3160 109.4123 105.3226 109.0194 109.5537 85.5021 110.1249 111.1616 86.9293 108.5358 88.8502 105.6181 111.0535 110.4362 113.4386 84.4060 16.9615 86.3523 84.7304 85.9905 111.5150 110.0882 86.1274 105.0954 113.2550 108.8262 109.7556 105.7851 105.9183 0.6998 107.9741 106.6152 110.1648 105.3430 105.7934 110.4185 106.7748 112.8731 110.2477
20.4539 86.2408 86.2408 2.2631 2.2631 28.6670 86.2810 26.4656 25.4574 81.3044 81.7608 24.2226 19.7944 1.9872 1.0955 81.8911 24.7825 86.4579 86.9309 24.2583 26.2841 19.6799 25.2099 24.0541 26.1658 1.9678 86.3913 0.0000 19.0179 19.0057 7.1457 26.8271 22.6288 86.6494 2.5499 23.8773 23.7896 86.9270 24.2585 86.6455 24.3708 19.4604 1.1738 24.1944 86.6413 22.8777 23.4196 23.5159 19.4207 23.1230 23.6574 7.5397 24.2286 25.2597 1.0123 22.6339 2.5604 19.7162 25.1516 24.5343 27.5368 6.8138 69.5177 0.3438 1.6776 2.2261 25.6131 24.1918 2.3630 19.1935 27.3531 22.9243 23.8593 19.8832 20.0164 85.7583 22.0722 20.7133 24.2684 19.4411 19.8915 24.5221 20.8729 26.9712 24.3458
1.6165 104.7693 104.7693 20.6842 20.6842 13.3305 104.8095 11.4613 6.6199 99.8328 100.2892 6.2483 1.1144 17.9398 19.8235 100.4195 5.9450 104.9864 105.4593 9.3610 7.4466 1.7710 6.3724 8.4052 11.1615 20.4906 104.9198 19.0179 0.0000 1.7188 25.4825 7.8192 7.9306 105.1778 17.2351 5.9030 5.8153 105.4554 8.0253 105.1739 7.8404 1.3068 18.8069 6.2201 105.1698 4.0403 7.5363 7.4830 0.7802 7.3405 7.1165 25.8765 6.5684 6.4222 18.2401 3.5011 17.8244 0.9569 6.3142 5.6968 8.6993 25.2349 88.0461 18.7250 20.2061 20.6471 6.9173 9.2530 20.7841 1.0399 8.5156 4.0869 8.8990 0.8848 1.0008 104.2867 3.0713 2.2332 9.0649 2.0151 0.8598 7.9920 1.8720 8.1337 6.3715
3.2474 104.7571 104.7571 20.6720 20.6720 14.3445 104.7973 12.4754 8.2509 99.8207 100.2771 7.2624 1.9909 17.9277 19.8114 100.4074 7.5760 104.9742 105.4472 10.3751 9.0776 2.7181 8.0034 9.4193 12.1756 20.4784 104.9076 19.0057 1.7188 0.0000 25.4704 9.3202 8.9446 105.1657 17.2230 6.9171 6.8294 105.4433 9.0394 105.1618 8.8544 2.3850 18.7948 7.2342 105.1576 5.6713 8.5504 8.4970 2.0200 8.3546 8.1305 25.8643 7.5824 8.0532 18.2280 5.2029 17.8123 2.5563 7.9452 7.3278 10.3303 25.2227 88.0340 18.7128 20.1939 20.6350 8.5483 10.2671 20.7719 2.1181 10.1466 5.7179 9.9131 2.2229 2.4635 104.2746 4.7731 3.7418 10.0790 2.4808 2.4908 9.0061 3.5738 9.7647 7.3856
26.9186 85.6946 85.6946 5.6411 5.6411 33.6019 85.7348 31.4006 31.9220 80.7582 81.2145 29.8760 26.2591 8.9881 6.4035 81.3448 31.2471 85.9117 86.3846 29.1933 32.7487 26.1445 31.6745 28.9890 31.1008 6.1249 85.8451 7.1457 25.4825 25.4704 0.0000 33.2917 27.5638 86.1031 9.2098 29.1790 28.9232 86.3807 29.1934 86.0992 29.3057 25.9251 6.8898 29.5082 86.0951 29.3424 28.3546 28.4509 25.8853 28.0580 28.5924 0.8612 29.1636 31.7243 7.5729 29.0986 9.5648 26.1809 31.6163 30.9989 34.0014 1.5869 68.9714 7.0981 6.1764 4.9197 31.3509 29.1268 5.7410 25.6582 33.8177 29.3890 28.7942 26.3479 26.4811 85.2121 28.5368 27.1780 29.2034 25.9057 26.3562 29.4571 27.3376 33.4358 29.3789
7.2811 112.5785 112.5785 28.4934 28.4934 10.2727 112.6187 8.9688 3.2776 107.6420 108.0984 6.7565 7.5214 25.7490 27.6327 108.2287 3.0237 112.7956 113.2685 9.8409 2.7615 8.4056 2.3837 8.9936 8.9625 28.2998 112.7290 26.8271 7.8192 9.3202 33.2917 0.0000 10.2003 112.9870 25.0443 7.3810 7.6915 113.2646 7.8004 112.9831 7.6768 8.6135 26.6161 7.1961 112.9790 4.7147 8.4609 8.3311 7.9002 8.6725 7.9576 33.6857 7.4445 3.3722 26.0493 5.8761 25.6336 7.9521 2.4977 3.0581 1.8199 33.0441 95.8553 26.5342 28.0153 28.4563 5.7240 10.2276 28.5933 8.3540 2.6252 4.8520 9.8925 7.1479 6.9775 112.0959 5.7380 7.4729 9.4738 8.4734 7.9377 7.5452 6.6669 2.2433 7.1598
7.1366 108.3747 108.3747 24.2821 24.2821 6.2482 108.4149 4.0468 7.4150 103.4383 103.8946 3.5818 8.8810 21.5556 23.4345 104.0249 7.5103 108.5918 109.0647 1.8395 7.7671 6.4257 8.0379 1.7054 3.7470 24.0885 108.5252 22.6288 7.9306 8.9446 27.5638 10.2003 0.0000 108.7832 20.8509 2.9758 2.7201 109.0608 2.7076 108.7793 2.8199 6.9612 22.3989 3.3050 108.7752 6.7777 1.8707 1.9670 7.4902 1.5278 2.2457 27.9578 2.9127 7.1223 21.8511 7.7785 21.7995 7.2578 8.0785 7.4740 9.6141 27.7346 91.6515 22.3359 23.8170 24.2450 5.0161 1.7123 24.3820 7.1127 8.6183 6.4024 1.4405 8.5091 8.5732 107.8921 8.3125 6.5692 1.8915 6.4935 7.4361 2.9713 7.7682 8.5816 3.1613
106.6138 0.9606 0.9606 86.2856 86.2856 114.8214 0.3683 112.6200 111.6173 5.7195 5.7734 110.3825 105.9543 88.5811 85.6502 4.7583 110.9424 0.6562 0.8524 110.4127 112.4440 105.8398 111.3698 110.2085 112.3202 84.9460 0.8673 86.6494 105.1778 105.1657 86.1031 112.9870 108.7832 0.0000 88.8244 110.0373 109.9496 0.3699 110.4129 0.3453 110.5252 105.6203 86.9427 110.3544 0.4564 109.0377 109.5741 109.6704 105.5806 109.2774 109.8118 85.7601 110.3830 111.4196 87.1874 108.7938 89.1082 105.8761 111.3116 110.6942 113.6967 84.6640 17.2195 86.6104 84.9884 86.2485 111.7730 110.3462 86.3855 105.3535 113.5130 109.0843 110.0137 106.0432 106.1763 0.8911 108.2321 106.8732 110.4228 105.6010 106.0514 110.6765 107.0329 113.1311 110.5057
18.6711 88.4158 88.4158 4.3272 4.3272 26.8890 88.4560 24.6877 23.6746 83.4794 83.9358 22.4398 18.0116 0.8346 3.4549 84.0661 22.9997 88.6329 89.1059 22.4804 24.5013 17.8971 23.4271 22.2761 24.3879 4.1336 88.5663 2.5499 17.2351 17.2230 9.2098 25.0443 20.8509 88.8244 0.0000 22.0946 22.0069 89.1020 22.4805 88.8205 22.5928 17.6776 2.4647 22.4117 88.8163 21.0950 21.6417 21.7380 17.6379 21.3451 21.8795 9.6038 22.4507 23.4769 1.8715 20.8511 1.2335 17.9334 23.3689 22.7515 25.7540 8.8779 71.6927 2.3563 3.8526 4.2902 23.8303 22.4139 4.4271 17.4108 25.5703 21.1416 22.0813 18.1005 18.2336 87.9333 20.2894 18.9305 22.4905 17.6583 18.1088 22.7442 19.0902 25.1884 22.5630
5.1091 109.6287 109.6287 25.5436 25.5436 7.6137 109.6689 5.7713 4.5957 104.6923 105.1486 1.0207 6.8535 22.7993 24.6830 105.2790 4.6910 109.8458 110.3188 3.9459 5.6527 4.3981 5.2186 2.7604 5.4714 25.3500 109.7792 23.8773 5.9030 6.9171 29.1790 7.3810 2.9758 110.0373 22.0946 0.0000 0.3453 110.3149 2.2639 110.0334 2.0789 4.9336 23.6664 0.4687 110.0292 3.9032 1.8977 1.7729 5.4627 1.7491 1.3926 29.5729 0.8062 4.3030 23.0996 4.9040 22.6838 5.2302 5.2592 4.6547 7.2607 29.3498 92.9056 23.5844 25.0655 25.5066 2.7278 3.8518 25.6435 5.0851 7.0152 3.5279 3.4839 6.4815 6.5456 109.1462 5.4380 4.5416 3.6400 4.4660 5.4086 2.2306 5.4203 6.6333 0.6088
5.0214 109.5410 109.5410 25.4559 25.4559 7.5674 109.5812 5.7250 4.9062 104.6046 105.0610 1.1740 6.7658 22.7116 24.5953 105.1913 5.0015 109.7581 110.2311 3.8735 5.9632 4.3104 5.5291 2.7141 5.4252 25.2623 109.6915 23.7896 5.8153 6.8294 28.9232 7.6915 2.7201 109.9496 22.0069 0.3453 0.0000 110.2272 2.2176 109.9457 2.0327 4.8460 23.5787 0.6745 109.9415 4.2137 1.8253 1.7121 5.3750 1.6768 1.3203 29.3172 0.8176 4.6135 23.0119 5.2145 22.5961 5.1426 5.5697 4.9652 7.5713 29.0940 92.8179 23.4967 24.9778 25.4189 3.0383 3.7794 25.5558 4.9974 7.1003 3.8384 3.4115 6.3939 6.4579 109.0585 5.7485 4.4539 3.5676 4.3783 5.3209 2.1843 5.6530 6.9438 0.6399
106.8914 1.2475 1.2475 86.5632 86.5632 115.0990 0.6651 112.8976 111.8949 5.9971 6.0511 110.6601 106.2319 88.8587 85.9278 5.0471 111.2200 0.6548 0.8239 110.6903 112.7216 106.1174 111.6474 110.4861 112.5978 85.2236 0.8442 86.9270 105.4554 105.4433 86.3807 113.2646 109.0608 0.3699 89.1020 110.3149 110.2272 0.0000 110.6905 0.6169 110.8028 105.8979 87.2203 110.6320 0.4336 109.3153 109.8516 109.9479 105.8582 109.5550 110.0894 86.0377 110.6606 111.6972 87.4650 109.0714 89.3858 106.1537 111.5892 110.9718 113.9743 84.9416 17.4971 86.8880 85.2661 86.5261 112.0506 110.6238 86.6631 105.6311 113.7906 109.3619 110.2913 106.3208 106.4540 1.1878 108.5097 107.1509 110.7004 105.8786 106.3291 110.9541 107.3105 113.4087 110.7833
6.9432 110.0043 110.0043 25.9117 25.9117 5.6003 110.0445 3.7579 5.1083 105.0679 105.5243 2.1280 8.9758 23.1852 25.0641 105.6546 5.2036 110.2214 110.6944 2.6693 5.1445 6.5204 5.7312 1.4177 3.4581 25.7181 110.1548 24.2585 8.0253 9.0394 29.1934 7.8004 2.7076 110.4129 22.4805 2.2639 2.2176 110.6905 0.0000 110.4090 0.2679 7.0559 24.0285 2.0310 110.4048 5.1765 0.8880 1.0541 7.5850 1.1798 0.9813 29.5874 1.5096 4.8155 23.4807 6.2134 23.4291 7.3525 5.7718 5.2682 6.9916 29.3643 93.2812 23.9656 25.4467 25.8747 2.4259 2.7446 26.0116 7.2074 5.9958 4.8012 2.3485 8.6038 8.6502 109.5218 6.7113 6.6639 2.0828 6.5883 7.5309 0.3360 6.7302 5.9591 1.8678
106.6099 0.8690 0.8690 86.2817 86.2817 114.8175 0.6360 112.6161 111.6134 5.7156 5.7696 110.3786 105.9504 88.5772 85.6463 4.7544 110.9385 0.9240 1.1891 110.4088 112.4401 105.8359 111.3659 110.2046 112.3163 84.9421 1.2077 86.6455 105.1739 105.1618 86.0992 112.9831 108.7793 0.3453 88.8205 110.0334 109.9457 0.6169 110.4090 0.0000 110.5213 105.6164 86.9388 110.3505 0.7988 109.0338 109.5702 109.6665 105.5767 109.2736 109.8079 85.7563 110.3791 111.4157 87.1835 108.7899 89.1043 105.8722 111.3077 110.6903 113.6928 84.6601 17.2156 86.6065 84.9846 86.2446 111.7691 110.3424 86.3816 105.3496 113.5091 109.0804 110.0098 106.0393 106.1725 0.8872 108.2282 106.8694 110.4189 105.5971 106.0476 110.6726 107.0290 113.1272 110.5018
6.7582 110.1166 110.1166 26.0240 26.0240 5.6796 110.1568 3.8372 4.9248 105.1802 105.6366 1.9430 8.7908 23.2975 25.1764 105.7669 5.0201 110.3337 110.8067 2.8015 5.0209 6.3355 5.5477 1.5499 3.5374 25.8304 110.2671 24.3708 7.8404 8.8544 29.3057 7.6768 2.8199 110.5252 22.5928 2.0789 2.0327 110.8028 0.2679 110.5213 0.0000 6.8710 24.1408 1.8460 110.5171 4.9930 0.9971 0.9043 7.4000 1.2921 0.7963 29.6997 1.3246 4.6321 23.5930 6.0299 23.5414 7.1676 5.5883 5.0847 6.8679 29.4766 93.3935 24.0779 25.5590 25.9870 2.3023 2.8768 26.1239 7.0225 5.8721 4.6177 2.4807 8.4189 8.4652 109.6341 6.5278 6.4790 2.2150 6.4033 7.3459 0.1517 6.5453 5.8354 1.6828
1.4749 105.2118 105.2118 21.1267 21.1267 12.3611 105.2520 10.4919 6.4784 100.2754 100.7317 5.2789 2.1963 18.3823 20.2661 100.8621 5.8035 105.4289 105.9018 8.3916 7.3051 0.6248 6.2309 7.4358 10.1921 20.9331 105.3623 19.4604 1.3068 2.3850 25.9251 8.6135 6.9612 105.6203 17.6776 4.9336 4.8460 105.8979 7.0559 105.6164 6.8710 0.0000 19.2495 5.2508 105.6123 3.8988 6.5669 6.5136 0.7998 6.3711 6.1471 26.3190 5.5990 6.2807 18.6827 3.6550 18.2669 0.9490 6.1727 5.5553 8.5578 25.6774 88.4886 19.1675 20.6486 21.0896 6.7313 8.2836 21.2266 0.2669 8.3741 3.9415 7.9296 2.0795 2.1436 104.7293 3.8005 1.5789 8.0955 0.9117 1.2125 7.0226 2.2003 7.9922 5.4021
20.2430 86.5342 86.5342 2.0072 2.0072 28.4370 86.5744 26.2357 25.2464 81.5977 82.0541 24.0117 19.5835 2.5247 1.7236 82.1844 24.5715 86.7513 87.2242 24.0283 26.0731 19.4689 24.9989 23.8241 25.9358 2.0304 86.6847 1.1738 18.8069 18.7948 6.8898 26.6161 22.3989 86.9427 2.4647 23.6664 23.5787 87.2203 24.0285 86.9388 24.1408 19.2495 0.0000 23.9835 86.9347 22.6668 23.1897 23.2860 19.2098 22.8931 23.4274 7.2837 23.9986 25.0487 1.2025 22.4230 3.1205 19.5053 24.9407 24.3233 27.3258 6.5579 69.8110 0.8767 2.0730 1.9701 25.4022 23.9619 2.1071 18.9826 27.1421 22.7134 23.6293 19.6723 19.8055 86.0516 21.8613 20.5024 24.0384 19.2301 19.6806 24.2921 20.6620 26.7602 24.1349
5.4189 109.9458 109.9458 25.8607 25.8607 7.3808 109.9860 5.5384 4.4108 105.0094 105.4658 0.5776 7.1706 23.1164 25.0001 105.5961 4.5062 110.1629 110.6359 3.7799 5.3937 4.7152 5.0337 2.5422 5.2385 25.6671 110.0963 24.1944 6.2201 7.2342 29.5082 7.1961 3.3050 110.3544 22.4117 0.4687 0.6745 110.6320 2.0310 110.3505 1.8460 5.2508 23.9835 0.0000 110.3463 3.7659 1.7394 1.6042 5.7798 1.9258 1.2306 29.9021 0.6312 4.1181 23.4167 4.7667 23.0009 5.5474 5.0743 4.4699 7.0759 29.6790 93.2227 23.9015 25.3826 25.8237 2.4660 3.7048 25.9606 5.4022 6.8304 3.3906 3.3179 6.7987 6.8627 109.4633 5.3007 4.8514 3.4707 4.7831 5.7257 1.9977 5.2830 6.4485 0.3017
106.6058 1.0614 1.0614 86.2775 86.2775 114.8133 0.4647 112.6120 111.6093 5.7115 5.7654 110.3745 105.9463 88.5731 85.6422 4.7502 110.9344 0.2904 0.8084 110.4046 112.4360 105.8318 111.3617 110.2004 112.3122 84.9380 0.4800 86.6413 105.1698 105.1576 86.0951 112.9790 108.7752 0.4564 88.8163 110.0292 109.9415 0.4336 110.4048 0.7988 110.5171 105.6123 86.9347 110.3463 0.0000 109.0296 109.5660 109.6623 105.5726 109.2694 109.8037 85.7521 110.3749 111.4116 87.1793 108.7858 89.1001 105.8681 111.3035 110.6862 113.6886 84.6560 17.2115 86.6023 84.9804 86.2405 111.7650 110.3382 86.3774 105.3454 113.5050 109.0762 110.0056 106.0351 106.1683 0.9498 108.2241 106.8652 110.4148 105.5930 106.0434 110.6685 107.0248 113.1231 110.4977
2.5664 108.6291 108.6291 24.5440 24.5440 9.7200 108.6693 7.9553 2.5796 103.6927 104.1491 3.3339 4.7414 21.7997 23.6834 104.2794 1.9047 108.8462 109.3192 7.0728 3.4063 3.8172 2.3321 5.8350 7.6555 24.3504 108.7796 22.8777 4.0403 5.6713 29.3424 4.7147 6.7777 109.0377 21.0950 3.9032 4.2137 109.3153 5.1765 109.0338 4.9930 3.8988 22.6668 3.7659 109.0296 0.0000 5.0383 4.9085 3.7323 5.2499 4.5350 29.7363 4.0219 2.3819 22.1000 1.3656 21.6842 3.2374 2.2739 1.6565 4.6590 29.0947 91.9060 22.5848 24.0659 24.5070 3.2057 7.0037 24.6439 3.8717 4.4754 0.3753 6.6108 4.2526 4.2400 108.1466 1.8635 2.8846 6.7635 3.8851 3.2230 4.9213 2.3200 4.0935 3.7373
6.7424 109.1655 109.1655 25.0729 25.0729 5.7942 109.2057 3.9517 5.6756 104.2291 104.6854 1.8424 8.4868 22.3464 24.2253 104.8158 5.7709 109.3826 109.8556 2.0969 5.9474 6.0314 6.2985 0.8897 3.6519 24.8793 109.3160 23.4196 7.5363 8.5504 28.3546 8.4609 1.8707 109.5741 21.6417 1.8977 1.8253 109.8517 0.8880 109.5702 0.9971 6.5669 23.1897 1.7394 109.5660 5.0383 0.0000 0.1662 7.0960 0.3429 0.5820 28.7486 1.1985 5.3829 22.6419 6.0391 22.5903 6.8635 6.3391 5.7346 7.7945 28.5254 92.4424 23.1267 24.6078 25.0359 3.2099 2.0028 25.1728 6.7184 6.7987 4.6630 1.6349 8.1148 8.1789 108.6830 6.5731 6.1749 1.7910 6.0993 7.0418 1.1488 6.5554 6.7620 1.5762
6.6386 109.2618 109.2618 25.1692 25.1692 5.9603 109.3020 4.1179 5.5458 104.3254 104.7817 1.7126 8.4334 22.4427 24.3216 104.9121 5.6411 109.4789 109.9519 2.2630 5.9123 5.9781 6.1687 1.0559 3.8181 24.9756 109.4123 23.5159 7.4830 8.4970 28.4509 8.3311 1.9670 109.6704 21.7380 1.7729 1.7121 109.9480 1.0541 109.6665 0.9043 6.5136 23.2860 1.6042 109.6623 4.9085 0.1662 0.0000 7.0426 0.4392 0.4468 28.8449 1.0633 5.2531 22.7382 5.9093 22.6866 6.8102 6.2093 5.6048 7.7593 28.6217 92.5387 23.2230 24.7041 25.1322 3.1171 2.1690 25.2691 6.6651 6.7635 4.5332 1.8010 8.0615 8.1256 108.7793 6.4433 6.1216 1.9572 6.0459 6.9885 1.0560 6.4257 6.7268 1.4410
1.3084 105.1721 105.1721 21.0870 21.0870 12.8902 105.2123 11.0210 6.3119 100.2356 100.6920 5.8080 1.7096 18.3426 20.2263 100.8223 5.6370 105.3892 105.8621 8.9207 7.1386 1.2598 6.0644 7.9649 10.7212 20.8934 105.3226 19.4207 0.7802 2.0200 25.8853 7.9002 7.4902 105.5806 17.6379 5.4627 5.3750 105.8582 7.5850 105.5767 7.4000 0.7998 19.2098 5.7798 105.5726 3.7323 7.0960 7.0426 0.0000 6.9002 6.6761 26.2793 6.1280 6.1142 18.6429 3.4308 18.2272 0.5439 6.0062 5.3888 8.3913 25.6377 88.4489 19.1278 20.6089 21.0499 6.6093 8.8127 21.1869 0.5329 8.2076 3.7789 8.4587 1.3587 1.4228 104.6895 3.1453 1.8139 8.6246 1.5081 0.5518 7.5517 1.9460 7.8257 5.9312
6.5466 108.8689 108.8689 24.7763 24.7763 6.0343 108.9091 4.1919 5.8872 103.9325 104.3888 2.0540 8.2910 22.0498 23.9287 104.5192 5.9825 109.0860 109.5590 2.1967 6.2393 5.8356 6.5101 1.0975 3.8921 24.5827 109.0194 23.1230 7.3405 8.3546 28.0580 8.6725 1.5278 109.2774 21.3451 1.7491 1.6768 109.5551 1.1798 109.2736 1.2921 6.3711 22.8931 1.9258 109.2694 5.2499 0.3429 0.4392 6.9002 0.0000 0.7180 28.4520 1.3849 5.5945 22.3453 6.2507 22.2937 6.6677 6.5507 5.9462 8.0863 28.2288 92.1457 22.8301 24.3112 24.7392 3.4884 2.1027 24.8762 6.5226 7.0905 4.8746 1.7347 7.9190 7.9831 108.3864 6.7847 5.9791 1.8909 5.9035 6.8461 1.4435 6.7671 7.0538 1.7626
6.2650 109.4033 109.4033 25.3107 25.3107 6.3087 109.4435 4.4662 5.1723 104.4668 104.9232 1.3391 8.0669 22.5842 24.4630 105.0535 5.2676 109.6203 110.0933 2.6415 5.5907 5.6116 5.7952 1.4343 4.1664 25.1170 109.5538 23.6574 7.1165 8.1305 28.5924 7.9576 2.2457 109.8118 21.8795 1.3926 1.3203 110.0894 0.9813 109.8079 0.7963 6.1471 23.4274 1.2306 109.8038 4.5350 0.5820 0.4468 6.6761 0.7180 0.0000 28.9863 0.6898 4.8795 22.8796 5.5357 22.8280 6.4437 5.8358 5.2313 7.4378 28.7632 92.6801 23.3645 24.8456 25.2736 2.7734 2.5474 25.4106 6.2986 6.4420 4.1597 2.1795 7.6950 7.7591 108.9207 6.0698 5.7551 2.3356 5.6794 6.6220 0.9480 6.0521 6.4053 1.0674
27.3125 85.3516 85.3516 6.0351 6.0351 33.9959 85.3918 31.7946 32.3160 80.4152 80.8715 30.2699 26.6530 9.3821 6.7974 81.0019 31.6411 85.5687 86.0416 29.5872 33.1427 26.5385 32.0685 29.3830 31.4947 6.2654 85.5021 7.5397 25.8765 25.8643 0.8612 33.6857 27.9578 85.7601 9.6038 29.5729 29.3172 86.0377 29.5874 85.7563 29.6997 26.3190 7.2837 29.9021 85.7521 29.7363 28.7486 28.8449 26.2793 28.4520 28.9863 0.0000 29.5575 32.1183 7.9668 29.4925 9.9587 26.5748 32.0102 31.3929 34.3954 1.2463 68.6284 7.4921 6.3170 5.3136 31.7448 29.5208 6.1350 26.0521 34.2117 29.7829 29.1882 26.7418 26.8750 84.8691 28.9308 27.5719 29.5973 26.2997 26.7501 29.8511 27.7315 33.8298 29.7729
5.7520 109.9744 109.9744 25.8818 25.8818 6.8594 110.0147 5.0169 4.6593 105.0380 105.4944 0.8260 7.5188 23.1554 25.0342 105.6247 4.7546 110.1915 110.6645 3.2458 5.5411 5.0635 5.2821 2.0081 4.7171 25.6882 110.1250 24.2286 6.5684 7.5824 29.1636 7.4445 2.9127 110.3830 22.4507 0.8062 0.8176 110.6606 1.5096 110.3791 1.3246 5.5990 23.9986 0.6312 110.3750 4.0219 1.1985 1.0633 6.1280 1.3849 0.6898 29.5575 0.0000 4.3665 23.4508 5.0227 23.3491 5.8956 5.3227 4.7183 7.3243 29.3344 93.2513 23.9357 25.4168 25.8448 2.6020 3.1639 25.9818 5.7505 6.3923 3.6466 2.7838 7.1469 7.2110 109.4919 5.5567 5.2069 2.9366 5.1313 6.0739 1.4763 5.5391 6.3556 0.4680
4.9484 111.0111 111.0111 26.9260 26.9260 8.5938 111.0513 7.2899 0.2942 106.0746 106.5310 3.6785 7.1234 24.1816 26.0653 106.6613 0.8442 111.2282 111.7011 6.9341 1.3512 6.0239 1.2899 6.0868 7.0957 26.7324 111.1616 25.2597 6.4222 8.0532 31.7243 3.3722 7.1223 111.4196 23.4769 4.3030 4.6135 111.6972 4.8155 111.4157 4.6321 6.2807 25.0487 4.1181 111.4116 2.3819 5.3829 5.2531 6.1142 5.5945 4.8795 32.1183 4.3665 0.0000 24.4819 3.7475 24.0662 5.6194 1.3662 1.0539 3.2256 31.4767 94.2879 24.9668 26.4479 26.8889 2.6459 7.3208 27.0259 6.2537 2.9801 2.3473 6.9553 6.6345 6.6219 110.5285 4.0421 4.9741 6.5670 6.0918 5.6049 4.5603 4.7020 2.4920 4.0818
19.6762 86.7788 86.7788 2.6903 2.6903 27.8892 86.8191 25.6879 24.6796 81.8424 82.2988 23.4449 19.0167 1.6839 1.8179 82.4291 24.0047 86.9959 87.4689 23.4805 25.5063 18.9021 24.4321 23.2763 25.3881 2.4966 86.9293 1.0123 18.2401 18.2280 7.5729 26.0493 21.8511 87.1874 1.8715 23.0996 23.0119 87.4650 23.4807 87.1835 23.5930 18.6827 1.2025 23.4167 87.1793 22.1000 22.6419 22.7382 18.6429 22.3453 22.8796 7.9668 23.4508 24.4819 0.0000 21.8562 2.3992 18.9385 24.3739 23.7565 26.7590 7.2410 70.0557 0.7194 2.2157 2.6532 24.8354 23.4141 2.7902 18.4158 26.5753 22.1466 23.0815 19.1055 19.2387 86.2963 21.2944 19.9356 23.4906 18.6633 19.1138 23.7444 20.0952 26.1934 23.5680
2.3253 108.3853 108.3853 24.3002 24.3002 10.7568 108.4255 8.9921 3.9452 103.4489 103.9052 4.3347 4.0695 21.5558 23.4396 104.0356 3.2703 108.6024 109.0753 8.0735 4.7719 3.8389 3.6977 6.8358 8.6923 24.1066 108.5358 22.6339 3.5011 5.2029 29.0986 5.8761 7.7785 108.7938 20.8511 4.9040 5.2145 109.0714 6.2134 108.7899 6.0299 3.6550 22.4230 4.7667 108.7858 1.3656 6.0391 5.9093 3.4308 6.2507 5.5357 29.4925 5.0227 3.7475 21.8562 0.0000 21.4404 2.9936 3.6395 3.0221 6.0246 28.8509 91.6621 22.3410 23.8221 24.2631 4.2426 8.0045 24.4001 3.6279 5.8409 1.4122 7.6115 3.5807 3.5681 107.9028 2.1165 3.0739 7.7643 4.0860 2.9215 5.9581 1.6481 5.4590 4.7380
19.2604 88.6996 88.6996 4.6822 4.6822 27.8376 88.7399 25.6363 24.2639 83.7632 84.2196 23.0291 18.6009 0.7162 3.5829 84.3499 23.5890 88.9167 89.3897 23.4289 25.0906 18.4864 24.0164 23.2247 25.3365 4.4710 88.8502 2.5604 17.8244 17.8122 9.5648 25.6336 21.7995 89.1082 1.2335 22.6838 22.5961 89.3858 23.4291 89.1043 23.5414 18.2669 3.1205 23.0009 89.1001 21.6842 22.5903 22.6866 18.2272 22.2937 22.8280 9.9587 23.3491 24.0662 2.3992 21.4404 0.0000 18.5227 23.9581 23.3408 26.3433 9.2329 71.9765 2.5628 4.1860 4.6451 24.4196 23.3625 4.7821 18.0000 26.1596 21.7308 23.0299 18.6897 18.8229 88.2171 20.8787 19.5198 23.4390 18.2476 18.6980 23.6928 19.6794 25.7777 23.1523
0.8136 105.4676 105.4676 21.3825 21.3825 12.6287 105.5078 10.7885 5.8171 100.5312 100.9875 5.5755 1.9074 18.6381 20.5219 101.1178 5.1422 105.6847 106.1576 8.6882 6.6438 1.1330 5.5695 7.7324 10.4887 21.1889 105.6181 19.7162 0.9569 2.5563 26.1809 7.9521 7.2578 105.8761 17.9334 5.2302 5.1426 106.1537 7.3525 105.8722 7.1676 0.9490 19.5053 5.5474 105.8681 3.2374 6.8635 6.8102 0.5439 6.6677 6.4437 26.5748 5.8956 5.6194 18.9385 2.9936 18.5227 0.0000 5.5113 4.8940 7.8964 25.9332 88.7444 19.4233 20.9044 21.3454 6.1145 8.5802 21.4824 0.7102 7.7128 3.2840 8.2262 1.5355 1.5995 104.9851 3.1392 1.4159 8.3921 1.4199 0.4978 7.3192 1.5390 7.3309 5.6987
4.8403 110.9030 110.9030 26.8179 26.8179 9.5113 110.9432 8.2074 1.3657 105.9666 106.4230 4.6347 7.0153 24.0736 25.9573 106.5533 0.6258 111.1201 111.5931 7.8903 1.8064 5.9648 0.3762 7.0430 8.0519 26.6243 111.0535 25.1516 6.3142 7.9452 31.6163 2.4977 8.0785 111.3116 23.3689 5.2592 5.5697 111.5892 5.7718 111.3077 5.5883 6.1727 24.9407 5.0743 111.3035 2.2739 6.3391 6.2093 6.0062 6.5507 5.8358 32.0102 5.3227 1.3662 24.3739 3.6395 23.9581 5.5113 0.0000 0.6457 2.7480 31.3686 94.1799 24.8587 26.3398 26.7809 3.6022 8.2770 26.9178 6.1456 2.5664 2.4112 7.9116 6.5265 6.5139 110.4205 3.9340 5.0321 7.5232 6.0326 5.4969 5.5165 4.5939 2.1845 5.0381
4.2230 110.2857 110.2857 26.2006 26.2006 9.4599 110.3259 7.8497 1.2401 105.3492 105.8056 4.0302 6.3980 23.4562 25.3399 105.9359 0.3767 110.5027 110.9757 7.3868 1.7924 5.3474 0.6756 6.5314 7.5498 26.0070 110.4362 24.5343 5.6968 7.3278 30.9989 3.0581 7.4740 110.6942 22.7515 4.6547 4.9652 110.9718 5.2682 110.6903 5.0847 5.5553 24.3233 4.4699 110.6862 1.6565 5.7346 5.6048 5.3888 5.9462 5.2313 31.3929 4.7183 1.0539 23.7565 3.0221 23.3408 4.8940 0.6457 0.0000 3.0025 30.7513 93.5625 24.2414 25.7225 26.1635 3.1001 7.7000 26.3005 5.5283 2.8188 1.7939 7.3071 5.9091 5.8965 109.8031 3.3167 4.4147 7.0196 5.4153 4.8795 5.0130 3.9766 2.4369 4.4336
7.2255 113.2881 113.2881 29.2030 29.2030 9.4242 113.3284 8.1202 3.1310 108.3517 108.8081 6.6363 9.1894 26.4587 28.3424 108.9384 2.9621 113.5052 113.9782 9.0320 2.5671 8.3499 2.4380 8.1847 8.1139 29.0094 113.4386 27.5368 8.6993 10.3303 34.0014 1.8199 9.6141 113.6967 25.7540 7.2607 7.5713 113.9743 6.9916 113.6928 6.8679 8.5578 27.3258 7.0759 113.6886 4.6590 7.7945 7.7593 8.3913 8.0863 7.4378 34.3954 7.3243 3.2256 26.7590 6.0246 26.3433 7.8964 2.7480 3.0025 0.0000 33.7538 96.5650 27.2439 28.7250 29.1660 5.5936 9.4187 29.3030 8.5308 1.0462 4.7964 9.0836 8.8159 8.6455 112.8056 6.3191 7.4172 8.6649 8.4178 7.8820 6.7363 6.9790 1.2088 7.0396
26.6709 84.2555 84.2555 5.3092 5.3092 33.7728 84.2957 31.5714 31.6744 79.3190 79.7754 30.0468 26.0114 8.6562 5.8318 79.9057 30.9995 84.4726 84.9455 29.3641 32.5011 25.8969 31.4269 29.1599 31.2716 5.1175 84.4060 6.8138 25.2349 25.2227 1.5869 33.0441 27.7346 84.6640 8.8779 29.3498 29.0940 84.9416 29.3642 84.6601 29.4766 25.6774 6.5579 29.6790 84.6560 29.0947 28.5254 28.6217 25.6377 28.2288 28.7632 1.2463 29.3344 31.4767 7.2410 28.8509 9.2329 25.9332 31.3686 30.7513 33.7538 0.0000 67.5323 6.7662 5.1691 4.5878 31.5217 29.2976 5.4091 25.4105 33.5701 29.1413 28.9651 26.1002 26.2334 83.7729 28.2892 26.9303 29.3742 25.6581 26.1085 29.6279 27.0899 33.1882 29.5497
89.4821 16.8110 16.8110 69.1539 69.1539 97.6897 16.8512 95.4883 94.4856 11.8745 12.3309 93.2508 88.8226 71.4494 68.5185 12.4612 93.8107 17.0280 17.5010 93.2810 95.3123 88.7081 94.2381 93.0768 95.1885 67.8143 16.9615 69.5177 88.0461 88.0340 68.9714 95.8553 91.6515 17.2195 71.6927 92.9056 92.8179 17.4971 93.2812 17.2156 93.3935 88.4886 69.8110 93.2227 17.2115 91.9060 92.4423 92.5386 88.4489 92.1457 92.6801 68.6284 93.2513 94.2879 70.0557 91.6621 71.9765 88.7444 94.1799 93.5625 96.5650 67.5323 0.0000 69.4787 67.8567 69.1168 94.6413 93.2145 69.2538 88.2218 96.3813 91.9526 92.8820 88.9115 89.0446 16.3284 91.1004 89.7415 93.2911 88.4693 88.9197 93.5448 89.9012 95.9994 93.3740
20.1610 86.2018 86.2018 2.2155 2.2155 28.3741 86.2420 26.1727 25.1645 81.2654 81.7217 23.9297 19.5015 1.9862 1.1944 81.8521 24.4896 86.4189 86.8919 23.9654 25.9912 19.3870 24.9170 23.7612 25.8729 1.9255 86.3523 0.3438 18.7250 18.7128 7.0981 26.5342 22.3359 86.6104 2.3563 23.5844 23.4967 86.8880 23.9656 86.6065 24.0779 19.1675 0.8767 23.9015 86.6023 22.5848 23.1267 23.2230 19.1278 22.8301 23.3645 7.4921 23.9357 24.9668 0.7194 22.3410 2.5628 19.4233 24.8587 24.2414 27.2439 6.7662 69.4787 0.0000 1.6386 2.1785 25.3202 23.8989 2.3154 18.9006 27.0602 22.6314 23.5664 19.5903 19.7235 85.7193 21.7793 20.4204 23.9755 19.1482 19.5986 24.2292 20.5800 26.6783 24.0529
21.6421 84.5799 84.5799 1.4229 1.4229 29.8552 84.6201 27.6538 26.6456 79.6435 80.0998 25.4108 20.9826 3.6094 0.6834 80.2302 25.9707 84.7970 85.2699 25.4465 27.4723 20.8681 26.3981 25.2423 27.3540 0.4125 84.7304 1.6776 20.2061 20.1939 6.1764 28.0153 23.8170 84.9884 3.8526 25.0655 24.9778 85.2661 25.4467 84.9846 25.5590 20.6486 2.0730 25.3826 84.9804 24.0659 24.6078 24.7041 20.6089 24.3112 24.8456 6.3170 25.4168 26.4479 2.2157 23.8221 4.1860 20.9044 26.3398 25.7225 28.7250 5.1691 67.8567 1.6386 0.0000 1.3859 26.8013 25.3800 1.5228 20.3817 28.5413 24.1125 25.0475 21.0714 21.2046 84.0974 23.2604 21.9015 25.4566 20.6293 21.0797 25.7103 22.0611 28.1594 25.5340
22.0831 85.8400 85.8400 0.7214 0.7214 30.2832 85.8802 28.0818 27.0866 80.9035 81.3599 25.8518 21.4236 4.0685 1.4838 81.4902 26.4117 86.0571 86.5300 25.8745 27.9133 21.3091 26.8391 25.6703 27.7820 1.3362 85.9905 2.2261 20.6471 20.6350 4.9197 28.4563 24.2450 86.2485 4.2902 25.5066 25.4189 86.5261 25.8747 86.2446 25.9870 21.0896 1.9701 25.8237 86.2405 24.5070 25.0358 25.1321 21.0499 24.7392 25.2736 5.3136 25.8448 26.8889 2.6532 24.2631 4.6451 21.3454 26.7809 26.1635 29.1660 4.5878 69.1168 2.1785 1.3859 0.0000 27.2423 25.8080 0.8214 20.8228 28.9823 24.5536 25.4755 21.5125 21.6456 85.3574 23.7014 22.3425 25.8846 21.0703 21.5207 26.1383 22.5022 28.6004 25.9750
5.4435 111.3645 111.3645 27.2794 27.2794 6.5479 111.4047 4.7832 2.9387 106.4281 106.8844 2.0264 7.6185 24.5350 26.4188 107.0148 3.0340 111.5816 112.0545 4.5041 3.4715 6.1339 3.5616 3.6568 4.4834 27.0858 111.5150 25.6131 6.9173 8.5483 31.3509 5.7240 5.0161 111.7730 23.8303 2.7278 3.0383 112.0506 2.4259 111.7691 2.3023 6.7313 25.4022 2.4660 111.7650 3.2057 3.2099 3.1171 6.6093 3.4884 2.7734 31.7448 2.6020 2.6459 24.8354 4.2426 24.4196 6.1145 3.6022 3.1001 5.5936 31.5217 94.6413 25.3202 26.8013 27.2423 0.0000 4.8908 27.3793 6.7488 4.5978 2.8304 4.5557 7.1296 7.1170 110.8820 4.7405 5.4180 4.1370 6.2018 6.1000 2.1707 5.1971 4.5611 2.4297
8.4591 109.9377 109.9377 25.8451 25.8451 4.9499 109.9779 2.7485 7.6135 105.0013 105.4576 3.8078 10.2034 23.1186 24.9975 105.5880 7.7088 110.1548 110.6278 0.5037 7.5716 7.7481 8.2364 1.5883 2.4487 25.6515 110.0882 24.1918 9.2530 10.2671 29.1268 10.2276 1.7123 110.3463 22.4139 3.8518 3.7794 110.6239 2.7446 110.3424 2.8768 8.2836 23.9619 3.7048 110.3382 7.0037 2.0028 2.1690 8.8127 2.1027 2.5474 29.5208 3.1639 7.3208 23.4141 8.0045 23.3625 8.5802 8.2770 7.7000 9.4187 29.2976 93.2146 23.8989 25.3800 25.8080 4.8908 0.0000 25.9450 8.4351 8.4229 6.6284 0.6551 9.8315 9.8956 109.4552 8.5385 7.8916 0.8993 7.8160 8.7585 3.0083 8.5208 8.3862 3.5416
22.2201 85.9769 85.9769 0.0999 0.0999 30.4201 86.0171 28.2188 27.2236 81.0405 81.4969 25.9888 21.5606 4.2054 1.6208 81.6272 26.5487 86.1940 86.6670 26.0114 28.0503 21.4461 26.9761 25.8072 27.9190 1.4731 86.1274 2.3630 20.7841 20.7719 5.7410 28.5933 24.3820 86.3855 4.4271 25.6435 25.5558 86.6631 26.0116 86.3816 26.1239 21.2266 2.1071 25.9606 86.3774 24.6439 25.1728 25.2691 21.1869 24.8762 25.4106 6.1350 25.9818 27.0259 2.7902 24.4001 4.7821 21.4824 26.9178 26.3005 29.3030 5.4091 69.2538 2.3154 1.5228 0.8214 27.3793 25.9450 0.0000 20.9597 29.1193 24.6905 25.6124 21.6494 21.7826 85.4944 23.8384 22.4795 26.0216 21.2073 21.6577 26.2753 22.6391 28.7374 26.1120
1.4479 104.9449 104.9449 20.8598 20.8598 12.5126 104.9851 10.6434 6.4514 100.0085 100.4648 5.4304 1.9294 18.1155 19.9992 100.5952 5.7765 105.1620 105.6350 8.5431 7.2781 0.7763 6.2039 7.5873 10.3436 20.6662 105.0954 19.1935 1.0399 2.1181 25.6582 8.3540 7.1127 105.3535 17.4108 5.0851 4.9974 105.6311 7.2074 105.3496 7.0225 0.2669 18.9826 5.4022 105.3454 3.8717 6.7184 6.6651 0.5329 6.5226 6.2986 26.0521 5.7505 6.2537 18.4158 3.6279 18.0000 0.7102 6.1456 5.5283 8.5308 25.4105 88.2218 18.9006 20.3817 20.8228 6.7488 8.4351 20.9597 0.0000 8.3471 3.9183 8.0811 1.8126 1.8767 104.4624 3.5992 1.7201 8.2470 1.0157 0.9456 7.1741 2.1733 7.9652 5.5536
7.0418 113.1045 113.1045 29.0194 29.0194 8.4231 113.1447 7.1192 2.7646 108.1680 108.6244 6.3907 9.2168 26.2750 28.1587 108.7547 2.7785 113.3216 113.7945 8.0362 1.7297 8.1662 2.2564 7.1889 7.1128 28.8258 113.2550 27.3531 8.5156 10.1466 33.8177 2.6252 8.6183 113.5130 25.5703 7.0152 7.1003 113.7906 5.9958 113.5091 5.8721 8.3741 27.1421 6.8304 113.5050 4.4754 6.7987 6.7635 8.2076 7.0905 6.4420 34.2117 6.3923 2.9801 26.5753 5.8409 26.1596 7.7128 2.5664 2.8188 1.0462 33.5701 96.3813 27.0602 28.5413 28.9823 4.5978 8.4229 29.1193 8.3471 0.0000 4.6127 8.0878 8.7279 8.7154 112.6219 6.1355 7.2336 7.6691 8.2341 7.6983 5.7405 6.7954 0.7117 6.7505
2.6130 108.6757 108.6757 24.5906 24.5906 9.3447 108.7159 7.5800 2.6401 103.7393 104.1957 2.9586 4.7880 21.8463 23.7300 104.3260 2.0421 108.8928 109.3658 6.6975 3.5437 3.6781 2.4695 5.4597 7.2802 24.3970 108.8262 22.9243 4.0869 5.7179 29.3890 4.8520 6.4024 109.0843 21.1416 3.5279 3.8384 109.3619 4.8012 109.0804 4.6177 3.9415 22.7134 3.3906 109.0762 0.3753 4.6630 4.5332 3.7789 4.8746 4.1597 29.7829 3.6466 2.3473 22.1466 1.4122 21.7308 3.2840 2.4112 1.7939 4.7964 29.1413 91.9526 22.6314 24.1125 24.5536 2.8304 6.6284 24.6905 3.9183 4.6127 0.0000 6.2355 4.2992 4.2866 108.1932 1.9101 2.6967 6.3882 3.7459 3.2696 4.5460 2.3666 4.2308 3.3620
8.1051 109.6051 109.6051 25.5125 25.5125 5.0417 109.6454 2.8403 7.2481 104.6687 105.1251 3.4149 9.8495 22.7860 24.6649 105.2554 7.3434 109.8222 110.2952 0.6393 7.2366 7.3941 7.8710 1.1104 2.5405 25.3189 109.7556 23.8593 8.8990 9.9131 28.7943 9.8925 1.4405 110.0137 22.0813 3.4839 3.4115 110.2913 2.3485 110.0098 2.4807 7.9296 23.6293 3.3179 110.0056 6.6108 1.6349 1.8010 8.4587 1.7347 2.1795 29.1882 2.7838 6.9553 23.0815 7.6115 23.0299 8.2262 7.9116 7.3071 9.0836 28.9651 92.8820 23.5664 25.0475 25.4755 4.5557 0.6551 25.6124 8.0811 8.0878 6.2355 0.0000 9.4775 9.5416 109.1226 8.1456 7.5376 0.5353 7.4620 8.4046 2.6122 8.1279 8.0511 3.1547
2.1950 105.6346 105.6346 21.5495 21.5495 13.6438 105.6748 11.8792 6.8322 100.6982 101.1546 6.7836 0.4888 18.8052 20.6889 101.2849 6.1573 105.8517 106.3247 9.9395 7.6589 2.3842 6.5847 8.9837 11.5793 21.3559 105.7851 19.8832 0.8848 2.2229 26.3479 7.1479 8.5091 106.0432 18.1005 6.4815 6.3939 106.3208 8.6038 106.0393 8.4189 2.0795 19.6723 6.7987 106.0351 4.2526 8.1148 8.0615 1.3587 7.9190 7.6950 26.7418 7.1469 6.6345 19.1055 3.5807 18.6897 1.5355 6.5265 5.9091 8.8159 26.1002 88.9115 19.5903 21.0714 21.5125 7.1296 9.8315 21.6494 1.8126 8.7279 4.2992 9.4775 0.0000 0.2853 105.1521 3.0673 2.8117 9.6434 2.6712 1.4383 8.5364 1.9516 8.3460 6.9500
2.2591 105.7678 105.7678 21.6827 21.6827 13.6313 105.8080 11.8666 6.8196 100.8314 101.2877 6.7710 0.7742 18.9383 20.8221 101.4181 6.1448 105.9849 106.4579 10.0036 7.6464 2.4483 6.5721 9.0478 11.5668 21.4891 105.9183 20.0164 1.0008 2.4635 26.4811 6.9775 8.5732 106.1763 18.2336 6.5456 6.4579 106.4540 8.6502 106.1725 8.4652 2.1436 19.8055 6.8627 106.1683 4.2400 8.1789 8.1256 1.4228 7.9831 7.7591 26.8750 7.2110 6.6219 19.2387 3.5681 18.8229 1.5995 6.5139 5.8965 8.6455 26.2334 89.0446 19.7235 21.2046 21.6456 7.1170 9.8956 21.7826 1.8767 8.7154 4.2866 9.5416 0.2853 0.0000 105.2853 3.0547 2.8758 9.7075 2.7352 1.5024 8.5239 1.9390 8.3335 7.0141
105.7228 0.4825 0.4825 85.3945 85.3945 113.9303 0.5228 111.7289 110.7262 4.8285 4.8824 109.4915 105.0633 87.6900 84.7591 3.8672 110.0513 0.7664 1.3164 109.5216 111.5529 104.9487 110.4787 109.3174 111.4291 84.0549 0.6998 85.7583 104.2867 104.2746 85.2121 112.0959 107.8921 0.8911 87.9333 109.1462 109.0585 1.1878 109.5218 0.8872 109.6341 104.7293 86.0516 109.4633 0.9498 108.1466 108.6830 108.7793 104.6895 108.3864 108.9207 84.8691 109.4919 110.5285 86.2963 107.9028 88.2171 104.9851 110.4205 109.8031 112.8056 83.7729 16.3284 85.7193 84.0974 85.3574 110.8820 109.4552 85.4944 104.4624 112.6219 108.1932 109.1226 105.1521 105.2853 0.0000 107.3411 105.9822 109.5317 104.7099 105.1604 109.7854 106.1418 112.2400 109.6146
2.5957 107.8236 107.8236 23.7385 23.7385 11.2547 107.8638 9.4901 4.2398 102.8871 103.3435 4.8687 3.5561 20.9941 22.8778 103.4738 3.5649 108.0407 108.5136 8.6075 5.0665 3.9845 3.9922 7.3698 9.1903 23.5449 107.9741 22.0722 3.0713 4.7731 28.5368 5.7380 8.3125 108.2321 20.2894 5.4380 5.7485 108.5097 6.7113 108.2282 6.5278 3.8005 21.8613 5.3007 108.2241 1.8635 6.5731 6.4433 3.1453 6.7847 6.0698 28.9308 5.5567 4.0421 21.2945 2.1165 20.8787 3.1392 3.9340 3.3167 6.3191 28.2892 91.1004 21.7793 23.2604 23.7014 4.7405 8.5385 23.8384 3.5992 6.1355 1.9101 8.1456 3.0673 3.0547 107.3411 0.0000 3.3442 8.2983 4.2714 3.0670 6.4560 1.6410 5.7536 5.2720
1.1108 106.4647 106.4647 22.3796 22.3796 11.8030 106.5049 10.0383 5.2668 101.5283 101.9846 4.8301 3.1837 19.6352 21.5190 102.1150 4.6629 106.6818 107.1547 7.9996 6.1645 1.3155 5.0903 7.0438 9.7385 22.1860 106.6152 20.7133 2.2332 3.7418 27.1780 7.4729 6.5692 106.8732 18.9305 4.5416 4.4539 107.1509 6.6639 106.8694 6.4790 1.5789 20.5024 4.8514 106.8652 2.8846 6.1749 6.1216 1.8139 5.9791 5.7551 27.5719 5.2069 4.9741 19.9356 3.0739 19.5198 1.4159 5.0321 4.4147 7.4172 26.9303 89.7415 20.4204 21.9015 22.3425 5.4180 7.8916 22.4795 1.7201 7.2336 2.6967 7.5376 2.8117 2.8758 105.9822 3.3442 0.0000 7.7035 1.3833 1.4733 6.5829 1.7424 6.8517 5.0101
8.2710 110.0143 110.0143 25.9217 25.9217 4.6127 110.0545 2.4153 6.8597 105.0778 105.5342 3.5676 10.0154 23.1952 25.0740 105.6645 6.9550 110.2313 110.7043 0.5865 6.8179 7.5600 7.4826 0.9913 2.1155 25.7280 110.1648 24.2684 9.0649 10.0790 29.2034 9.4738 1.8915 110.4228 22.4905 3.6400 3.5676 110.7004 2.0828 110.4189 2.2150 8.0955 24.0384 3.4707 110.4148 6.7635 1.7910 1.9572 8.6246 1.8909 2.3356 29.5973 2.9366 6.5670 23.4906 7.7643 23.4390 8.3921 7.5232 7.0196 8.6649 29.3742 93.2911 23.9755 25.4566 25.8846 4.1370 0.8993 26.0216 8.2470 7.6691 6.3882 0.5353 9.6434 9.7075 109.5317 8.2983 7.7035 0.0000 7.6279 8.5704 2.3465 8.2807 7.6324 3.3075
1.9458 105.1925 105.1925 21.1074 21.1074 11.8934 105.2327 10.0243 6.3384 100.2560 100.7124 4.8113 2.9045 18.3630 20.2467 100.8427 5.6635 105.4096 105.8825 7.9240 7.1651 0.3339 6.0909 6.9682 9.7245 20.9138 105.3430 19.4411 2.0151 2.4808 25.9057 8.4734 6.4935 105.6010 17.6583 4.4660 4.3783 105.8786 6.5883 105.5971 6.4033 0.9117 19.2301 4.7831 105.5930 3.8851 6.0993 6.0459 1.5081 5.9035 5.6794 26.2997 5.1313 6.0918 18.6633 4.0860 18.2476 1.4199 6.0326 5.4153 8.4178 25.6581 88.4693 19.1482 20.6293 21.0703 6.2018 7.8160 21.2073 1.0157 8.2341 3.7459 7.4620 2.6712 2.7352 104.7099 4.2714 1.3833 7.6279 0.0000 1.6907 6.5550 2.6712 7.8522 4.9345
0.7992 105.6429 105.6429 21.5578 21.5578 12.6143 105.6831 10.8496 5.8026 100.7065 101.1628 5.7062 1.8103 18.8134 20.6972 101.2932 5.1277 105.8600 106.3330 8.8665 6.6293 1.4038 5.5551 7.9108 10.5498 21.3642 105.7934 19.8915 0.8598 2.4908 26.3562 7.9377 7.4361 106.0514 18.1088 5.4086 5.3209 106.3291 7.5309 106.0476 7.3459 1.2125 19.6806 5.7257 106.0434 3.2230 7.0418 6.9885 0.5518 6.8461 6.6220 26.7501 6.0739 5.6049 19.1138 2.9215 18.6980 0.4978 5.4969 4.8795 7.8820 26.1085 88.9197 19.5986 21.0797 21.5207 6.1000 8.7585 21.6577 0.9456 7.6983 3.2696 8.4046 1.4383 1.5024 105.1604 3.0670 1.4733 8.5704 1.6907 0.0000 7.4590 1.4669 7.3164 5.8770
6.8168 110.2680 110.2680 26.1754 26.1754 5.5548 110.3082 3.7124 4.8530 105.3315 105.7879 2.0414 8.9425 23.4489 25.3278 105.9182 4.9483 110.4851 110.9580 2.7834 4.8893 6.4871 5.4759 1.6813 3.4126 25.9818 110.4185 24.5221 7.9920 9.0061 29.4571 7.5452 2.9713 110.6765 22.7442 2.2306 2.1843 110.9541 0.3360 110.6726 0.1517 7.0226 24.2922 1.9977 110.6685 4.9213 1.1488 1.0560 7.5517 1.4435 0.9480 29.8511 1.4763 4.5603 23.7444 5.9581 23.6928 7.3192 5.5165 5.0130 6.7363 29.6279 93.5448 24.2292 25.7103 26.1383 2.1707 3.0083 26.2753 7.1741 5.7405 4.5460 2.6122 8.5364 8.5239 109.7854 6.4560 6.5829 2.3465 6.5550 7.4590 0.0000 6.6039 5.7038 1.8345
0.9939 106.6243 106.6243 22.5392 22.5392 11.7113 106.6645 9.9466 4.8997 101.6879 102.1443 4.8510 2.4404 19.7949 21.6786 102.2746 4.2248 106.8414 107.3144 8.5899 5.7264 2.3843 4.6521 7.3522 9.6468 22.3456 106.7748 20.8729 1.8720 3.5738 27.3376 6.6669 7.7682 107.0329 19.0902 5.4203 5.6530 107.3105 6.7302 107.0290 6.5453 2.2003 20.6620 5.2830 107.0248 2.3200 6.5554 6.4257 1.9460 6.7671 6.0521 27.7315 5.5391 4.7020 20.0952 1.6481 19.6794 1.5390 4.5939 3.9766 6.9790 27.0899 89.9012 20.5800 22.0611 22.5022 5.1971 8.5208 22.6391 2.1733 6.7954 2.3666 8.1279 1.9516 1.9390 106.1418 1.6410 1.7424 8.2807 2.6712 1.4669 6.6039 0.0000 6.4135 5.2544
6.6599 112.7226 112.7226 28.6375 28.6375 8.4001 112.7628 7.0962 2.2955 107.7861 108.2425 6.0088 8.8349 25.8931 27.7768 108.3728 2.3966 112.9397 113.4126 7.9995 1.4788 7.7843 1.8745 7.1522 7.0899 28.4439 112.8731 26.9712 8.1337 9.7647 33.4358 2.2433 8.5816 113.1311 25.1884 6.6333 6.9438 113.4087 5.9591 113.1272 5.8354 7.9922 26.7602 6.4485 113.1231 4.0935 6.7620 6.7268 7.8257 7.0538 6.4053 33.8298 6.3556 2.4920 26.1934 5.4590 25.7777 7.3309 2.1845 2.4369 1.2088 33.1882 95.9994 26.6783 28.1594 28.6004 4.5611 8.3862 28.7374 7.9652 0.7117 4.2308 8.0511 8.3460 8.3335 112.2400 5.7536 6.8517 7.6324 7.8522 7.3164 5.7038 6.4135 0.0000 6.4122
5.4673 110.0972 110.0972 26.0121 26.0121 7.2176 110.1374 5.3752 4.3746 105.1607 105.6171 0.5414 7.3220 23.2677 25.1514 105.7474 4.4699 110.3143 110.7872 3.6167 5.3575 4.8666 4.9975 2.3790 5.0753 25.8185 110.2477 24.3458 6.3715 7.3856 29.3789 7.1598 3.1613 110.5057 22.5630 0.6088 0.6399 110.7833 1.8678 110.5018 1.6828 5.4021 24.1349 0.3017 110.4977 3.7373 1.5762 1.4410 5.9312 1.7626 1.0674 29.7729 0.4680 4.0818 23.5680 4.7380 23.1523 5.6987 5.0381 4.4336 7.0396 29.5497 93.3740 24.0529 25.5340 25.9750 2.4297 3.5416 26.1120 5.5536 6.7505 3.3620 3.1547 6.9500 7.0141 109.6146 5.2720 5.0101 3.3075 4.9345 5.8770 1.8345 5.2544 6.4122 0.0000
