gen_tight_yugovostok_8
94 10 5
G0 70 480 600 2 1
G1 70 120 240 2 1
G2 80 0 120 1 2
G3 30 0 120 3 0
G4 30 480 600 3 0
G5 70 360 480 2 1
G6 70 360 480 2 1
G7 80 0 640 1 2
G8 70 120 240 2 1
G9 80 480 600 1 2
G10 30 0 120 3 0
G11 80 0 640 1 2
G12 30 0 120 3 0
G13 30 120 240 3 0
G14 30 240 360 3 0
G15 70 120 240 2 1
G16 30 120 240 3 0
G17 30 0 120 3 0
G18 30 240 360 3 0
G19 20 360 480 3 1
G20 70 120 240 2 1
G21 30 480 600 3 0
G22 30 120 240 3 0
G23 30 0 120 3 0
G24 70 240 360 2 1
G25 30 480 600 3 0
G26 30 120 240 3 0
G27 30 0 120 3 0
G28 70 120 240 2 1
G29 70 360 480 2 1
G30 30 240 360 3 0
G31 20 120 240 3 1
G32 30 0 120 3 0
G33 30 120 240 3 0
G34 30 120 240 3 0
G35 70 480 600 2 1
G36 70 480 600 2 1
G37 30 120 240 3 0
G38 70 480 600 2 1
G39 30 120 240 3 0
G40 30 120 240 3 0
G41 30 480 600 3 0
G42 30 480 600 3 0
G43 70 480 600 2 1
G44 70 240 360 2 1
G45 80 0 640 1 2
G46 70 0 120 2 1
G47 70 0 120 2 1
G48 70 240 360 2 1
G49 70 120 240 2 1
G50 30 0 120 3 0
G51 70 240 360 2 1
G52 70 600 650 2 1
G53 70 240 360 2 1
G54 20 0 120 3 1
G55 70 120 240 2 1
G56 70 120 240 2 1
G57 80 0 640 1 2
G58 70 600 650 2 1
G59 70 120 240 2 1
G60 20 0 120 3 1
G61 70 120 240 2 1
G62 30 120 240 3 0
G63 70 360 480 2 1
G64 70 360 480 2 1
G65 30 0 120 3 0
G66 30 600 690 3 0
G67 70 120 240 2 1
G68 30 0 120 3 0
G69 30 0 120 3 0
G70 70 120 240 2 1
G71 30 240 360 3 0
G72 70 120 240 2 1
G73 30 0 120 3 0
G74 70 360 480 2 1
G75 70 600 650 2 1
G76 30 120 240 3 0
G77 70 480 600 2 1
G78 30 0 120 3 0
G79 70 120 240 2 1
G80 80 0 640 1 2
G81 70 120 240 2 1
G82 80 0 640 1 2
G83 30 120 240 3 0
G84 70 120 240 2 1
G85 70 0 120 2 1
G86 30 0 120 3 0
G87 70 120 240 2 1
G88 80 0 640 1 2
G89 20 240 360 3 1
G90 30 120 240 3 0
G91 20 360 480 3 1
G92 80 240 360 1 2
G93 20 120 240 3 1
1 0 7
2 0 7
3 0 7
4 0 7
0 1 7
0 1 7
0 0 2
0 3 3
0 0 3
0 2 7
0.000 83.573 83.573 17.937 67.345 7.217 13.267 10.378 80.398 10.395 11.855 1.155 11.490 7.612 1.733 8.895 11.253 6.955 5.902 81.758 4.837 15.575 83.592 7.737 83.465 20.238 11.440 1.690 9.700 10.220 12.262 11.465 9.138 12.767 2.330 14.963 9.432 9.982 82.463 5.365 11.997 14.872 82.495 80.162 10.470 68.572 12.387 11.642 67.417 78.220 7.053 81.107 12.360 17.597 7.065 87.870 1.793 67.000 16.030 11.247 10.750 1.327 78.243 28.982 71.070 16.793 11.733 83.043 12.767 7.203 12.400 67.727 8.963 10.268 77.313 11.328 6.678 10.902 20.517 10.587 12.602 12.983 77.375 18.253 12.582 11.783 68.282 10.930 83.573 13.810 21.833 7.283 17.673 83.532 8.388 10.103 13.973 84.432 9.712
83.763 0.000 0.000 76.023 22.202 88.880 88.392 90.985 10.392 91.002 86.980 83.358 89.113 88.218 82.230 89.502 88.748 87.562 82.563 2.562 87.917 90.923 2.213 88.343 3.190 68.515 86.848 83.718 88.555 90.827 88.970 86.590 89.455 88.352 85.307 90.088 84.557 90.588 2.068 87.028 92.603 90.568 1.972 9.720 91.077 21.765 87.512 87.607 22.395 6.585 83.715 7.100 88.168 92.722 87.672 11.980 84.873 22.395 91.155 87.717 91.008 84.432 7.692 72.425 23.208 91.918 86.858 1.803 87.892 87.810 88.680 24.508 89.225 90.875 6.375 87.990 87.285 91.508 67.693 91.193 88.187 88.108 7.388 93.378 87.707 86.908 23.138 86.055 0.000 89.647 68.420 87.890 92.798 2.153 88.995 86.597 89.098 4.037 90.318
83.763 0.000 0.000 76.023 22.202 88.880 88.392 90.985 10.392 91.002 86.980 83.358 89.113 88.218 82.230 89.502 88.748 87.562 82.563 2.562 87.917 90.923 2.213 88.343 3.190 68.515 86.848 83.718 88.555 90.827 88.970 86.590 89.455 88.352 85.307 90.088 84.557 90.588 2.068 87.028 92.603 90.568 1.972 9.720 91.077 21.765 87.512 87.607 22.395 6.585 83.715 7.100 88.168 92.722 87.672 11.980 84.873 22.395 91.155 87.717 91.008 84.432 7.692 72.425 23.208 91.918 86.858 1.803 87.892 87.810 88.680 24.508 89.225 90.875 6.375 87.990 87.285 91.508 67.693 91.193 88.187 88.108 7.388 93.378 87.707 86.908 23.138 86.055 0.000 89.647 68.420 87.890 92.798 2.153 88.995 86.597 89.098 4.037 90.318
23.292 65.637 65.637 0.000 49.408 28.408 27.920 30.513 62.462 30.530 26.508 22.887 28.642 27.747 21.758 29.030 28.277 27.090 22.092 63.822 27.445 30.452 65.655 27.872 65.528 5.345 26.377 23.247 28.083 30.355 28.498 26.118 28.983 27.880 24.835 29.617 24.085 30.117 64.527 26.557 32.132 30.097 64.558 62.225 30.605 50.635 27.040 27.135 49.480 60.283 23.243 63.170 27.697 32.250 27.200 69.933 24.402 49.063 30.683 27.245 30.537 23.960 60.307 11.045 53.133 31.447 26.387 65.107 27.420 27.338 28.208 49.790 28.753 30.403 59.377 27.518 26.813 31.037 4.523 30.722 27.715 27.637 59.438 32.907 27.235 26.437 50.345 25.583 65.637 29.175 5.250 27.418 32.327 65.595 28.523 26.125 28.627 66.495 29.847
67.812 22.525 22.525 60.072 0.000 72.928 72.440 75.033 19.350 75.050 71.028 67.407 73.162 72.267 66.278 73.550 72.797 71.610 66.612 20.710 71.965 74.972 22.543 72.392 22.417 52.563 70.897 67.767 72.603 74.875 73.018 70.638 73.503 72.400 69.355 74.137 68.605 74.637 21.415 71.077 76.652 74.617 21.447 19.113 75.125 2.178 71.560 71.655 0.980 17.172 67.763 20.058 72.217 76.770 71.720 26.822 68.922 2.277 75.203 71.765 75.057 68.480 17.195 56.473 4.560 75.967 70.907 21.995 71.940 71.858 72.728 3.097 73.273 74.923 16.265 72.038 71.333 75.557 51.742 75.242 72.235 72.157 16.327 77.427 71.755 70.957 1.468 70.103 22.525 73.695 52.468 71.938 76.847 22.483 73.043 70.645 73.147 23.383 74.367
7.168 88.367 88.367 22.730 72.138 0.000 15.640 11.008 85.192 11.025 14.975 8.323 13.193 8.242 8.862 9.525 11.883 7.585 10.695 86.552 7.053 16.205 88.385 8.367 88.258 25.032 12.070 8.380 10.330 10.850 12.892 13.605 9.768 13.397 9.498 15.703 12.992 10.612 87.257 2.892 12.627 15.502 87.288 84.955 11.100 73.365 13.257 12.272 72.210 83.013 11.847 85.900 12.990 18.355 7.695 92.663 8.450 71.793 20.823 11.877 11.380 8.495 83.037 33.775 75.863 17.552 12.603 87.837 14.212 7.833 13.030 72.520 9.593 10.898 82.107 14.632 7.308 11.532 25.310 11.217 13.232 15.357 82.168 19.012 13.238 12.893 73.075 12.015 88.367 14.440 26.627 7.913 18.432 88.325 9.018 10.733 14.797 89.225 10.342
12.587 88.970 88.970 23.333 72.742 14.725 0.000 12.130 85.795 10.798 3.143 12.182 17.100 14.322 11.053 11.817 6.953 13.358 10.550 87.155 16.140 6.130 88.988 13.523 88.862 25.635 5.977 12.542 6.203 11.820 4.782 5.718 8.017 3.558 14.130 5.295 4.125 13.955 87.860 12.873 15.970 5.775 87.892 85.558 14.932 73.968 3.323 5.812 72.813 83.617 11.702 86.503 3.980 9.203 12.605 93.267 13.697 72.397 14.615 5.922 9.205 13.255 83.640 29.733 76.467 8.400 3.473 88.440 3.098 13.913 4.492 73.123 7.787 12.138 82.710 15.977 13.388 15.363 25.913 14.560 6.070 2.315 82.772 9.860 4.927 5.828 73.678 4.905 88.970 4.853 27.230 13.382 9.280 88.928 13.783 5.725 4.532 89.828 13.685
10.527 91.725 91.725 26.088 75.497 10.290 13.090 0.000 88.550 4.532 12.528 11.682 15.018 4.307 12.220 5.655 9.630 4.728 14.053 89.910 11.000 13.688 91.743 3.357 91.617 28.390 11.757 11.738 8.085 4.477 10.375 11.498 9.755 10.880 12.857 13.187 10.885 2.878 90.615 8.438 4.893 12.985 90.647 88.313 10.175 76.723 10.618 10.042 75.568 86.372 14.447 89.258 10.473 13.062 4.718 96.022 11.808 75.152 21.115 9.238 9.198 11.853 86.395 35.640 79.222 12.162 9.965 91.195 11.573 5.970 10.513 75.878 9.580 4.550 85.465 16.457 6.363 10.607 28.668 3.483 10.715 12.807 85.527 13.910 10.722 10.255 76.433 9.377 91.725 11.923 29.985 5.260 14.415 91.683 4.290 10.690 12.205 92.583 2.608
80.257 10.157 10.157 72.517 18.695 85.373 84.885 87.478 0.000 87.495 83.473 79.852 85.607 84.712 78.723 85.995 85.242 84.055 79.057 8.342 84.410 87.417 10.175 84.837 10.048 65.008 83.342 80.212 85.048 87.320 85.463 83.083 85.948 84.845 81.800 86.582 81.050 87.082 9.047 83.522 89.097 87.062 9.078 4.112 87.570 18.258 84.005 84.100 18.888 4.803 80.208 7.690 84.662 89.215 84.165 16.560 81.367 18.888 87.648 84.210 87.502 80.925 4.768 68.918 19.702 88.412 83.352 9.627 84.385 84.303 85.173 21.002 85.718 87.368 3.897 84.483 83.778 88.002 64.187 87.687 84.680 84.602 3.900 89.872 84.200 83.402 19.632 82.548 10.157 86.140 64.913 84.383 89.292 10.115 85.488 83.090 85.592 11.015 86.812
13.212 94.410 94.410 28.773 78.182 12.975 13.295 4.547 91.235 0.000 12.733 14.367 16.452 6.992 14.905 4.938 9.835 7.413 15.855 92.595 12.433 13.893 94.428 6.042 94.302 31.075 11.962 14.423 8.290 3.760 10.580 11.703 9.960 11.085 15.542 13.392 11.090 5.563 93.300 11.123 7.578 13.190 93.332 90.998 9.555 79.408 10.823 10.247 78.253 89.057 15.880 91.943 10.678 13.267 7.228 98.707 14.493 77.837 21.320 9.443 9.403 14.538 89.080 35.845 81.907 12.367 10.170 93.880 11.778 8.655 10.718 78.563 9.785 3.833 88.150 17.890 9.048 9.987 31.353 6.168 10.920 13.012 88.212 14.115 10.927 10.460 79.118 9.582 94.410 12.128 32.670 7.945 14.620 94.368 6.975 10.895 12.410 95.268 5.293
10.968 87.352 87.352 21.715 71.123 13.920 3.042 11.257 84.177 9.925 0.000 10.563 15.482 13.517 9.435 10.943 6.397 12.485 8.932 85.537 15.065 5.573 87.370 12.650 87.243 24.017 4.358 10.923 5.647 10.947 4.225 4.100 6.965 3.002 12.512 4.738 2.507 13.082 86.242 12.068 15.097 5.218 86.273 83.940 14.058 72.350 2.767 5.255 71.195 81.998 10.083 84.885 3.423 8.647 11.732 91.648 12.078 70.778 14.058 5.365 8.648 11.637 82.022 28.115 74.848 7.843 2.917 86.822 2.542 13.108 3.935 71.505 6.735 11.265 81.092 14.358 12.583 14.490 24.295 13.687 5.513 2.758 81.153 9.303 4.370 4.955 72.060 4.102 87.352 4.297 25.612 12.508 8.723 87.310 12.910 4.107 3.975 88.210 12.812
1.117 83.657 83.657 18.020 67.428 8.333 13.350 11.495 80.482 11.512 11.938 0.000 12.535 8.728 1.075 10.012 12.370 8.072 5.985 81.842 5.953 15.882 83.675 8.853 83.548 20.322 11.807 1.303 10.817 11.337 13.378 11.548 10.255 13.310 2.712 15.047 9.515 11.098 82.547 6.482 13.113 15.527 82.578 80.245 11.587 68.655 12.470 12.565 67.500 78.303 7.137 81.190 13.127 17.680 8.182 87.953 2.910 67.083 16.113 12.363 11.867 1.708 78.327 29.065 71.153 16.877 11.817 83.127 12.850 8.320 13.517 67.810 10.080 11.385 77.397 11.412 7.795 12.018 20.600 11.703 13.145 13.067 77.458 18.337 12.665 11.867 68.365 11.013 83.657 14.605 21.917 8.400 17.757 83.615 9.505 11.220 14.057 84.515 10.828
10.940 89.253 89.253 23.617 73.025 13.520 18.273 14.172 86.078 16.125 16.862 12.095 0.000 13.717 12.673 14.625 17.557 13.258 7.365 87.438 8.353 20.805 89.272 12.728 89.145 25.918 16.730 12.630 16.003 15.950 18.565 16.472 15.442 18.233 13.270 19.970 14.438 13.593 88.143 11.668 15.608 20.450 88.175 85.842 16.200 74.252 17.393 17.488 73.097 83.900 8.303 86.787 18.050 22.603 12.795 93.550 12.222 72.680 21.037 17.550 17.053 12.267 83.923 34.662 76.750 21.800 16.740 88.723 17.773 13.507 18.562 73.407 15.267 15.998 82.993 6.470 12.982 16.632 26.197 14.198 18.068 17.990 83.055 23.260 17.588 16.790 73.962 15.937 89.253 19.528 27.513 13.572 22.680 89.212 13.380 16.407 18.980 90.112 13.323
8.867 90.065 90.065 24.428 73.837 8.630 16.258 4.813 86.890 8.423 15.697 10.022 14.035 0.000 10.560 7.838 12.798 4.065 12.393 88.250 10.017 16.857 90.083 2.975 89.957 26.730 13.768 10.078 11.253 7.420 13.543 14.667 11.467 14.048 11.197 16.355 14.053 4.235 88.955 6.778 6.250 16.153 88.987 86.653 9.413 75.063 13.787 13.210 73.908 84.712 13.463 87.598 13.642 16.230 4.055 94.362 10.148 73.492 22.522 12.407 12.367 10.193 84.735 35.473 77.562 15.330 13.133 89.535 14.742 5.190 13.682 74.218 11.292 7.493 83.805 15.473 4.703 9.845 27.008 4.840 13.883 15.975 83.867 17.078 13.890 13.423 74.773 12.545 90.065 15.092 28.325 4.597 17.583 90.023 3.627 12.432 15.373 90.923 3.965
1.640 83.225 83.225 17.588 66.997 8.857 12.918 12.018 80.050 12.035 11.507 1.128 12.103 9.252 0.000 10.535 12.893 8.595 5.553 81.410 6.477 15.450 83.243 9.377 83.117 19.890 11.375 1.488 11.340 11.860 13.497 11.117 10.778 12.878 3.077 14.615 9.083 11.622 82.115 7.005 13.637 15.095 82.147 79.813 12.110 68.223 12.038 12.133 67.068 77.872 6.705 80.758 12.695 17.248 8.705 87.522 3.433 66.652 15.682 12.243 12.390 2.232 77.895 28.633 70.722 16.445 11.385 82.695 12.418 8.843 13.207 67.378 10.603 11.908 76.965 10.980 8.318 12.542 20.168 12.227 12.713 12.635 77.027 17.905 12.233 11.435 67.933 10.582 83.225 14.173 21.485 8.923 17.325 83.183 10.028 11.123 13.625 84.083 11.352
12.545 93.743 93.743 28.107 77.515 12.308 13.332 5.203 90.568 4.367 12.770 13.700 17.587 7.795 14.238 0.000 9.872 6.642 16.072 91.928 13.568 13.930 93.762 6.807 93.635 30.408 11.998 13.757 8.327 2.905 10.617 11.740 9.997 11.122 14.875 13.428 11.127 6.777 92.633 10.457 8.792 13.227 92.665 90.332 7.348 78.742 10.860 10.283 77.587 88.390 17.015 91.277 10.715 13.303 5.888 98.040 13.827 77.170 21.357 9.480 9.440 13.872 88.413 35.882 81.240 12.403 10.207 93.213 11.815 7.375 10.755 77.897 9.822 1.373 87.483 19.025 7.870 7.780 30.687 7.382 10.957 13.048 87.545 14.152 10.963 10.497 78.452 9.618 93.743 12.165 32.003 6.665 14.657 93.702 7.067 10.932 12.447 94.602 6.507
11.210 88.293 88.293 22.657 72.065 10.973 6.507 9.937 85.118 8.605 5.945 11.505 16.423 10.570 10.377 9.623 0.000 9.913 9.873 86.478 12.388 8.022 88.312 10.695 88.185 24.958 4.930 11.865 3.282 9.627 5.493 4.915 4.485 5.588 13.453 7.187 4.302 11.762 87.183 9.122 13.777 7.667 87.215 84.882 12.738 73.292 4.035 2.050 72.137 82.940 11.025 85.827 4.692 11.233 10.023 92.590 12.492 71.720 15.185 1.477 5.618 12.537 82.963 29.057 75.790 10.430 3.382 87.763 4.990 10.162 5.203 72.447 4.310 9.945 82.033 15.300 9.637 13.170 25.237 12.367 4.710 6.223 82.095 11.890 4.230 3.672 73.002 2.793 88.293 6.448 26.553 10.242 11.310 88.252 11.347 3.593 5.622 89.152 11.492
7.098 88.297 88.297 22.660 72.068 6.862 15.333 4.447 85.122 6.907 14.772 8.253 13.455 1.680 8.792 5.407 11.813 0.000 10.625 86.482 8.277 15.932 88.315 1.805 88.188 24.962 12.000 8.310 10.260 6.732 12.618 13.535 9.698 13.123 9.428 15.430 12.922 4.050 87.187 5.010 6.065 15.228 87.218 84.885 6.982 73.295 12.862 12.202 72.140 82.943 11.777 85.830 12.717 15.305 0.703 92.593 8.380 71.723 20.753 11.482 11.310 8.425 82.967 33.705 75.793 14.405 12.208 87.767 13.817 1.242 12.757 72.450 9.523 6.780 82.037 14.893 2.935 7.413 25.240 4.655 12.958 15.050 82.098 16.153 12.965 12.498 73.005 11.620 88.297 14.167 26.557 0.532 16.658 88.255 2.097 10.663 14.448 89.155 3.780
7.890 82.668 82.668 17.032 66.440 12.383 11.688 12.735 79.493 14.688 10.277 7.485 7.308 12.280 6.357 13.188 12.045 11.688 0.000 80.853 7.217 14.220 82.687 11.292 82.560 19.333 10.145 7.845 11.852 14.513 12.267 9.887 12.752 11.648 9.433 13.385 7.853 12.157 81.558 10.532 14.172 13.865 81.590 79.257 14.763 67.667 10.808 10.903 66.512 77.315 1.718 80.202 11.465 16.018 11.358 86.965 9.000 66.095 14.452 11.013 14.305 8.558 77.338 28.077 70.165 15.215 10.155 82.138 11.188 11.937 11.977 66.822 12.522 14.562 76.408 5.427 11.412 15.195 19.612 12.762 11.483 11.405 76.470 16.675 11.003 10.205 67.377 9.352 82.668 12.943 20.928 12.017 16.095 82.627 11.943 9.893 12.395 83.527 11.887
81.943 2.447 2.447 74.203 20.382 87.060 86.572 89.165 8.572 89.182 85.160 81.538 87.293 86.398 80.410 87.682 86.928 85.742 80.743 0.000 86.097 89.103 2.465 86.523 2.017 66.695 85.028 81.898 86.735 89.007 87.150 84.770 87.635 86.532 83.487 88.268 82.737 88.768 1.015 85.208 90.783 88.748 1.047 7.900 89.257 19.945 85.692 85.787 20.575 4.765 81.895 5.280 86.348 90.902 85.852 9.838 83.053 20.575 89.335 85.897 89.188 82.612 5.872 70.605 21.388 90.098 85.038 1.917 86.072 85.990 86.860 22.688 87.405 89.055 4.555 86.170 85.465 89.688 65.873 89.373 86.367 86.288 5.568 91.558 85.887 85.088 21.318 84.235 2.447 87.827 66.600 86.070 90.978 2.405 87.175 84.777 87.278 2.983 88.498
2.587 85.192 85.192 19.555 68.963 5.167 12.960 8.328 82.017 8.345 12.295 3.742 10.002 5.562 4.320 6.845 9.203 4.905 7.520 83.377 0.000 13.525 85.210 5.687 85.083 21.857 9.390 4.277 7.650 8.170 10.212 10.925 7.088 10.717 4.917 13.023 10.312 7.932 84.082 3.315 9.947 12.822 84.113 81.780 8.420 70.190 10.577 9.592 69.035 79.838 8.672 82.725 10.310 15.675 5.015 89.488 3.868 68.618 17.648 9.197 8.700 3.913 79.862 30.600 72.688 14.872 9.923 84.662 11.532 5.153 10.350 69.345 6.913 8.218 78.932 11.440 4.628 8.852 22.135 8.537 10.552 12.677 78.993 16.332 10.558 10.213 69.900 9.335 85.192 11.760 23.452 5.233 15.752 85.150 6.338 8.053 12.117 86.050 7.662
15.125 91.508 91.508 25.872 75.280 15.285 6.243 12.958 88.333 11.627 5.682 14.720 19.638 14.882 13.592 12.645 8.433 14.187 13.088 89.693 16.700 0.000 91.527 14.352 91.400 28.173 8.515 15.080 6.763 12.648 5.813 8.257 8.797 5.048 16.668 3.225 6.663 14.783 90.398 13.433 16.798 4.073 90.430 88.097 15.760 76.507 4.843 7.332 75.352 86.155 14.240 89.042 5.500 7.772 13.433 95.805 16.235 74.935 12.658 7.442 9.765 15.793 86.178 32.272 79.005 6.968 4.993 90.978 3.822 14.473 5.952 75.662 8.622 12.967 85.248 18.515 13.948 16.192 28.452 15.388 7.590 5.960 85.310 8.428 6.447 7.348 76.217 6.425 91.508 6.092 29.768 14.210 7.848 91.467 14.612 7.980 6.065 92.367 14.513
83.775 2.245 2.245 76.035 22.213 88.892 88.403 90.997 10.403 91.013 86.992 83.370 89.125 88.230 82.242 89.513 88.760 87.573 82.575 2.573 87.928 90.935 0.000 88.355 2.450 68.527 86.860 83.730 88.567 90.838 88.982 86.602 89.467 88.363 85.318 90.100 84.568 90.600 2.080 87.040 92.615 90.580 1.983 9.732 91.088 21.777 87.523 87.618 22.407 6.597 83.727 7.112 88.180 92.733 87.683 11.992 84.885 22.407 91.167 87.728 91.020 84.443 7.703 72.437 23.220 91.930 86.870 1.342 87.903 87.822 88.692 24.520 89.237 90.887 6.387 88.002 87.297 91.520 67.705 91.205 88.198 88.120 7.400 93.390 87.718 86.920 23.150 86.067 2.245 89.658 68.432 87.902 92.810 0.320 89.007 86.608 89.110 3.850 90.330
9.893 91.092 91.092 25.455 74.863 9.657 14.087 2.642 87.917 6.272 13.525 11.048 15.003 3.673 11.587 6.648 10.627 4.095 13.420 89.277 10.985 14.685 91.110 0.000 90.983 27.757 12.753 11.105 9.082 5.470 11.372 12.495 10.752 11.877 12.223 14.183 11.882 2.245 89.982 7.805 4.260 13.982 90.013 87.680 9.920 76.090 11.615 11.038 74.935 85.738 14.432 88.625 11.470 14.058 4.085 95.388 11.175 74.518 22.112 10.235 10.195 11.220 85.762 36.500 78.588 13.158 10.962 90.562 12.570 5.337 11.510 75.245 10.577 5.543 84.832 16.442 5.730 10.352 28.035 2.850 11.712 13.803 84.893 14.907 11.718 11.252 75.800 10.373 91.092 12.920 29.352 4.627 15.412 91.050 3.657 11.687 13.202 91.950 1.975
83.595 3.240 3.240 75.855 22.033 88.712 88.223 90.817 10.223 90.833 86.812 83.190 88.945 88.050 82.062 89.333 88.580 87.393 82.395 2.072 87.748 90.755 2.555 88.175 0.000 68.347 86.680 83.550 88.387 90.658 88.802 86.422 89.287 88.183 85.138 89.920 84.388 90.420 1.705 86.860 92.435 90.400 1.760 9.552 90.908 21.597 87.343 87.438 22.227 6.417 83.547 6.932 88.000 92.553 87.503 11.490 84.705 22.227 90.987 87.548 90.840 84.263 7.523 72.257 23.040 91.750 86.690 2.597 87.723 87.642 88.512 24.340 89.057 90.707 6.207 87.822 87.117 91.340 67.525 91.025 88.018 87.940 7.220 93.210 87.538 86.740 22.970 85.887 3.240 89.478 68.252 87.722 92.630 2.722 88.827 86.428 88.930 2.970 90.150
20.937 69.050 69.050 13.165 52.822 26.053 25.565 28.158 65.875 28.175 24.153 20.532 26.287 25.392 19.403 26.675 25.922 24.735 19.737 67.235 25.090 28.097 69.068 25.517 68.942 0.000 24.022 20.892 25.728 28.000 26.143 23.763 26.628 25.525 22.480 27.262 21.730 27.762 67.940 24.202 29.777 27.742 67.972 65.638 28.250 54.048 24.685 24.780 52.893 63.697 20.888 66.583 25.342 29.895 24.845 73.347 22.047 52.477 28.328 24.890 28.182 21.605 63.720 12.345 56.547 29.092 24.032 68.520 25.065 24.983 25.853 53.203 26.398 28.048 62.790 25.163 24.458 28.682 2.345 28.367 25.360 25.282 62.852 30.552 24.880 24.082 53.758 23.228 69.050 26.820 2.942 25.063 29.972 69.008 26.168 23.770 26.272 69.908 27.492
10.175 86.558 86.558 20.922 70.330 11.207 5.853 10.828 83.383 9.497 4.442 9.770 14.688 10.803 8.642 10.515 4.877 10.147 8.138 84.743 12.622 8.385 86.577 10.928 86.450 23.223 0.000 10.130 5.183 10.518 6.588 3.072 4.252 5.813 11.718 7.550 2.458 12.653 85.448 9.355 14.668 8.030 85.480 83.147 13.630 71.557 5.130 4.123 70.402 81.205 9.290 84.092 5.787 11.458 10.257 90.855 11.285 69.985 13.522 4.650 6.233 10.843 81.228 27.393 74.055 10.655 4.477 86.028 5.353 10.395 6.298 70.712 4.022 10.837 80.298 13.565 9.870 14.062 23.502 13.258 5.805 5.570 80.360 12.115 5.325 4.527 71.267 3.673 86.558 7.108 24.818 10.475 11.535 86.517 11.580 1.393 6.717 87.417 12.383
1.628 83.440 83.440 17.803 67.212 8.845 13.133 12.007 80.265 12.023 11.722 1.247 12.318 9.240 1.487 10.523 12.882 8.583 5.768 81.625 6.465 15.665 83.458 9.365 83.332 20.105 11.590 0.000 11.328 11.848 13.712 11.332 10.767 13.093 3.197 14.830 9.298 11.610 82.330 6.993 13.625 15.310 82.362 80.028 12.098 68.438 12.253 12.348 67.283 78.087 6.920 80.973 12.910 17.463 8.693 87.737 3.422 66.867 15.897 12.458 12.378 2.193 78.110 28.848 70.937 16.660 11.600 82.910 12.633 8.832 13.422 67.593 10.592 11.897 77.180 11.195 8.307 12.530 20.383 12.215 12.928 12.850 77.242 18.120 12.448 11.650 68.148 10.797 83.440 14.388 21.700 8.912 17.540 83.398 10.017 11.338 13.840 84.298 11.340
9.547 88.083 88.083 22.447 71.855 9.310 6.208 7.553 84.908 6.222 5.647 10.702 16.183 8.907 10.167 7.240 2.837 8.250 9.663 86.268 10.725 6.773 88.102 8.947 87.975 24.748 4.963 10.758 0.000 7.243 3.460 4.705 2.822 3.965 11.877 6.272 4.092 9.378 86.973 7.458 11.393 6.070 87.005 84.672 10.355 73.082 3.825 3.248 71.927 82.730 10.815 85.617 3.558 8.923 8.028 92.380 10.828 71.510 14.200 2.445 3.955 10.873 82.753 28.847 75.580 8.120 3.172 87.553 4.780 8.498 3.598 72.237 2.647 7.562 81.823 15.090 7.973 10.787 25.027 9.983 3.800 5.925 81.885 9.580 3.807 3.462 72.792 2.583 88.083 5.008 26.343 8.578 9.000 88.042 9.207 3.787 5.365 88.942 9.108
11.598 92.797 92.797 27.160 76.568 11.362 12.853 4.732 89.622 3.895 12.292 12.753 16.640 6.848 13.292 3.750 9.393 5.695 15.125 90.982 12.622 13.452 92.815 5.860 92.688 29.462 11.520 12.810 7.848 0.000 10.138 11.262 9.518 10.643 13.928 12.950 10.648 6.305 91.687 9.510 8.320 12.748 91.718 89.385 7.268 77.795 10.382 9.805 76.640 87.443 16.068 90.330 10.237 12.825 4.942 97.093 12.880 76.223 20.878 9.002 8.962 12.925 87.467 35.403 80.293 11.925 9.728 92.267 11.337 6.428 10.277 76.950 9.343 2.310 86.537 18.078 6.923 7.700 29.740 6.910 10.478 12.570 86.598 13.673 10.485 10.018 77.505 9.140 92.797 11.687 31.057 5.718 14.178 92.755 6.120 10.453 11.968 93.655 6.035
12.292 89.575 89.575 23.938 73.347 12.055 4.787 9.728 86.400 8.397 4.225 12.787 17.705 11.652 11.658 9.415 5.203 10.957 11.155 87.760 13.470 5.788 89.593 11.122 89.467 26.240 6.533 13.147 3.533 9.418 0.000 6.275 5.567 2.980 14.622 5.287 4.963 11.553 88.465 10.203 13.568 5.085 88.497 86.163 12.530 74.573 1.817 4.695 73.418 84.222 12.307 87.108 0.803 7.938 10.203 93.872 13.573 73.002 13.215 4.805 6.535 13.618 84.245 30.338 77.072 7.135 2.357 89.045 3.270 11.243 0.843 73.728 5.392 9.737 83.315 16.582 10.718 12.962 26.518 12.158 4.953 4.503 83.377 8.595 3.810 4.712 74.283 3.788 89.575 2.685 27.835 10.980 8.015 89.533 11.382 5.343 3.298 90.433 11.283
9.388 85.772 85.772 20.135 69.543 13.132 5.465 10.440 82.597 9.108 4.053 8.983 13.902 12.728 7.855 10.127 5.978 11.668 7.352 83.957 13.485 7.997 85.790 11.833 85.663 22.437 3.570 9.343 5.785 10.130 6.200 0.000 6.177 5.425 10.932 7.162 2.070 12.265 84.662 11.280 14.280 7.642 84.693 82.360 13.242 70.770 4.742 4.837 69.615 80.418 8.503 83.305 5.398 11.070 10.915 90.068 10.498 69.198 12.663 4.947 8.158 10.057 80.442 26.535 73.268 10.267 4.088 85.242 4.965 12.320 5.910 69.925 5.947 10.448 79.512 12.778 11.795 13.673 22.715 12.870 5.417 5.182 79.573 11.727 4.937 4.138 70.480 3.285 85.772 6.720 24.032 11.692 11.147 85.730 12.093 3.318 6.328 86.630 11.995
9.100 89.122 89.122 23.485 72.893 8.863 7.927 9.495 85.947 8.163 7.005 10.255 15.737 8.460 10.793 9.182 4.393 7.803 10.702 87.307 10.278 8.715 89.140 8.585 89.013 25.787 4.100 10.312 2.840 9.185 5.402 5.635 0.000 5.907 11.430 8.213 5.022 10.830 88.012 7.012 12.845 8.012 88.043 85.710 11.318 74.120 5.455 4.302 72.965 83.768 11.853 86.655 5.500 10.865 7.913 93.418 10.382 72.548 16.085 4.387 3.890 10.427 83.792 29.957 76.618 10.062 4.802 88.592 6.410 8.052 5.540 73.275 1.623 9.503 82.862 16.128 7.527 11.750 26.065 11.435 5.742 7.643 82.923 11.522 5.650 5.092 73.830 4.213 89.122 6.950 27.382 8.132 10.942 89.080 9.237 2.763 7.042 89.980 10.560
12.388 88.772 88.772 23.135 72.543 12.540 3.507 10.213 85.597 8.882 2.945 11.983 16.902 12.137 10.855 9.900 5.688 11.442 10.352 86.957 13.955 5.003 88.790 11.607 88.663 25.437 5.778 12.343 4.018 9.903 3.068 5.520 6.052 0.000 13.932 4.293 3.927 12.038 87.662 10.688 14.053 4.300 87.693 85.360 13.015 73.770 2.247 4.735 72.615 83.418 11.503 86.305 2.903 7.018 10.688 93.068 13.498 72.198 12.430 4.845 7.020 13.057 83.442 29.535 76.268 6.215 2.397 88.242 2.097 11.728 3.207 72.925 5.877 10.222 82.512 15.778 11.203 13.447 25.715 12.643 4.993 3.223 82.573 7.675 3.850 4.752 73.480 3.828 88.772 1.992 27.032 11.465 7.095 88.730 11.867 5.383 1.587 89.630 11.768
2.425 84.960 84.960 19.323 68.732 9.642 14.653 12.803 81.785 12.820 13.242 2.542 13.838 10.037 3.008 11.320 13.678 9.380 7.288 83.145 7.262 17.185 84.978 10.162 84.852 21.625 13.110 3.077 12.125 12.645 14.687 12.852 11.563 14.613 0.000 16.350 10.818 12.407 83.850 7.790 14.422 16.830 83.882 81.548 12.895 69.958 13.773 13.868 68.803 79.607 8.440 82.493 14.430 18.983 9.490 89.257 4.218 68.387 17.417 13.672 13.175 0.948 79.630 30.368 72.457 18.180 13.120 84.430 14.153 9.628 14.825 69.113 11.388 12.693 78.700 12.715 9.103 13.327 21.903 13.012 14.448 14.370 78.762 19.640 13.968 13.170 69.668 12.317 84.960 15.908 23.220 9.708 19.060 84.918 10.813 12.528 15.360 85.818 12.137
14.158 90.542 90.542 24.905 74.313 14.778 5.277 12.452 87.367 11.120 4.715 13.753 18.672 14.375 12.625 12.138 7.507 13.680 12.122 88.727 16.193 3.220 90.560 13.845 90.433 27.207 7.548 14.113 6.257 12.142 5.307 7.290 8.290 4.222 15.702 0.000 5.697 14.277 89.432 12.927 16.292 0.848 89.463 87.130 15.253 75.540 3.877 6.365 74.385 85.188 13.273 88.075 4.533 8.015 12.927 94.838 15.268 73.968 12.902 6.475 9.258 14.827 85.212 31.305 78.038 7.212 4.027 90.012 2.855 13.967 5.045 74.695 8.115 12.460 84.282 17.548 13.442 15.685 27.485 14.882 6.623 4.993 84.343 8.672 5.480 6.382 75.250 5.458 90.542 5.517 28.802 13.703 8.092 90.500 14.105 7.013 5.098 91.400 14.007
10.963 87.347 87.347 21.710 71.118 12.352 5.032 8.887 84.172 7.555 4.378 10.558 15.477 11.268 9.430 8.573 4.333 10.115 8.927 85.532 13.767 7.083 87.365 10.280 87.238 24.012 4.353 10.918 4.232 8.577 4.555 4.095 5.397 4.650 12.507 6.248 0.000 10.712 86.237 10.500 12.727 6.728 86.268 83.935 11.688 72.345 3.097 3.192 71.190 81.993 10.078 84.880 3.753 10.295 9.362 91.643 12.073 70.773 14.238 3.302 6.685 11.632 82.017 28.110 74.843 9.492 2.443 86.817 4.052 10.848 4.265 71.500 5.167 8.895 81.087 14.353 11.015 12.120 24.290 11.317 3.772 4.748 81.148 10.952 3.292 2.585 72.055 1.732 87.347 5.510 25.607 10.138 10.372 87.305 10.540 3.840 4.683 88.205 10.442
7.648 88.847 88.847 23.210 72.618 7.412 14.565 3.120 85.672 6.750 14.003 8.803 14.005 1.428 9.342 6.250 11.105 1.850 11.175 87.032 8.827 15.163 88.865 0.478 88.738 25.512 12.550 8.860 9.560 5.948 11.850 12.973 10.248 12.355 9.978 14.662 12.360 0.000 87.737 5.560 4.738 14.460 87.768 85.435 7.825 73.845 12.093 11.517 72.690 83.493 12.327 86.380 11.948 14.537 1.840 93.143 8.930 72.273 21.303 10.713 10.673 8.975 83.517 34.255 76.343 13.637 11.440 88.317 13.048 3.092 11.988 73.000 10.073 6.022 82.587 15.443 3.485 8.257 25.790 3.328 12.190 14.282 82.648 15.385 12.197 11.730 73.555 10.852 88.847 13.398 27.107 2.382 15.890 88.805 1.412 11.213 13.680 89.705 2.453
82.595 2.118 2.118 74.855 21.033 87.712 87.223 89.817 9.223 89.833 85.812 82.190 87.945 87.050 81.062 88.333 87.580 86.393 81.395 1.072 86.748 89.755 2.137 87.175 1.815 67.347 85.680 82.550 87.387 89.658 87.802 85.422 88.287 87.183 84.138 88.920 83.388 89.420 0.000 85.860 91.435 89.400 0.718 8.552 89.908 20.597 86.343 86.438 21.227 5.417 82.547 5.932 87.000 91.553 86.503 10.490 83.705 21.227 89.987 86.548 89.840 83.263 6.523 71.257 22.040 90.750 85.690 1.588 86.723 86.642 87.512 23.340 88.057 89.707 5.207 86.822 86.117 90.340 66.525 90.025 87.018 86.940 6.220 92.210 86.538 85.740 21.970 84.887 2.118 88.478 67.252 86.722 91.630 2.077 87.827 85.428 87.930 2.277 89.150
5.248 86.447 86.447 20.810 70.218 2.933 13.720 9.088 83.272 9.105 13.055 6.403 11.273 6.322 6.942 7.605 9.963 5.665 8.775 84.632 5.133 14.285 86.465 6.447 86.338 23.112 10.150 6.460 8.410 8.930 10.972 11.685 7.848 11.477 7.578 13.783 11.072 8.692 85.337 0.000 10.707 13.582 85.368 83.035 9.180 71.445 11.337 10.352 70.290 81.093 9.927 83.980 11.070 16.435 5.775 90.743 6.530 69.873 18.903 9.957 9.460 6.575 81.117 31.855 73.943 15.632 10.683 85.917 12.292 5.913 11.110 70.600 7.673 8.978 80.187 12.712 5.388 9.612 23.390 9.297 11.312 13.437 80.248 17.092 11.318 10.973 71.155 10.095 86.447 12.520 24.707 5.993 16.512 86.405 7.098 8.813 12.877 87.305 8.422
10.687 91.885 91.885 26.248 75.657 10.450 17.603 6.158 88.710 9.788 17.042 11.842 17.043 4.467 12.380 9.288 14.143 4.888 14.213 90.070 11.865 18.202 91.903 3.517 91.777 28.550 15.588 11.898 12.598 8.987 14.888 16.012 13.287 15.393 13.017 17.700 15.398 3.038 90.775 8.598 0.000 17.498 90.807 88.473 10.863 76.883 15.132 14.555 75.728 86.532 15.365 89.418 14.987 17.575 4.878 96.182 11.968 75.312 24.342 13.752 13.712 12.013 86.555 37.293 79.382 16.675 14.478 91.355 16.087 6.130 15.027 76.038 13.112 9.060 85.625 18.482 6.523 11.295 28.828 2.977 15.228 17.320 85.687 18.423 15.235 14.768 76.593 13.890 91.885 16.437 30.145 5.420 18.928 91.843 4.450 14.252 16.718 92.743 5.492
14.738 91.122 91.122 25.485 74.893 14.645 5.857 12.318 87.947 10.987 5.295 14.333 19.252 14.242 13.205 12.005 7.793 13.547 12.702 89.307 16.060 4.082 91.140 13.712 91.013 27.787 8.128 14.693 6.123 12.008 5.173 7.870 8.157 4.408 16.282 0.862 6.277 14.143 90.012 12.793 16.158 0.000 90.043 87.710 15.120 76.120 4.457 6.945 74.965 85.768 13.853 88.655 5.113 8.345 12.793 95.418 15.848 74.548 13.232 7.055 9.125 15.407 85.792 31.885 78.618 7.542 4.607 90.592 3.435 13.833 5.312 75.275 7.982 12.327 84.862 18.128 13.308 15.552 28.065 14.748 7.203 5.573 84.923 9.002 6.060 6.962 75.830 6.038 91.122 5.452 29.382 13.570 8.422 91.080 13.972 7.593 5.678 91.980 13.873
82.625 2.022 2.022 74.885 21.063 87.742 87.253 89.847 9.253 89.863 85.842 82.220 87.975 87.080 81.092 88.363 87.610 86.423 81.425 1.102 86.778 89.785 2.040 87.205 1.730 67.377 85.710 82.580 87.417 89.688 87.832 85.452 88.317 87.213 84.168 88.950 83.418 89.450 0.608 85.890 91.465 89.430 0.000 8.582 89.938 20.627 86.373 86.468 21.257 5.447 82.577 5.962 87.030 91.583 86.533 10.520 83.735 21.257 90.017 86.578 89.870 83.293 6.553 71.287 22.070 90.780 85.720 1.492 86.753 86.672 87.542 23.370 88.087 89.737 5.237 86.852 86.147 90.370 66.555 90.055 87.048 86.970 6.250 92.240 86.568 85.770 22.000 84.917 2.022 88.508 67.282 86.752 91.660 1.980 87.857 85.458 87.960 2.577 89.180
80.233 9.507 9.507 72.493 18.672 85.350 84.862 87.455 4.215 87.472 83.450 79.828 85.583 84.688 78.700 85.972 85.218 84.032 79.033 7.692 84.387 87.393 9.525 84.813 9.398 64.985 83.318 80.188 85.025 87.297 85.440 83.060 85.925 84.822 81.777 86.558 81.027 87.058 8.397 83.498 89.073 87.038 8.428 0.000 87.547 18.235 83.982 84.077 18.865 4.780 80.185 7.620 84.638 89.192 84.142 15.910 81.343 18.865 87.625 84.187 87.478 80.902 4.745 68.895 19.678 88.388 83.328 8.977 84.362 84.280 85.150 20.978 85.695 87.345 3.873 84.460 83.755 87.978 64.163 87.663 84.657 84.578 3.877 89.848 84.177 83.378 19.608 82.525 9.507 86.117 64.890 84.360 89.268 9.465 85.465 83.067 85.568 10.365 86.788
11.943 93.142 93.142 27.505 76.913 11.707 16.075 8.847 89.967 7.648 15.513 13.098 16.985 7.193 13.637 5.517 12.615 6.040 15.470 91.327 12.967 16.673 93.160 6.205 93.033 29.807 14.742 13.155 11.070 7.473 13.360 14.483 12.740 13.865 14.273 16.172 13.870 8.450 92.032 9.855 10.465 15.970 92.063 89.730 0.000 78.140 13.603 13.027 76.985 87.788 16.413 90.675 13.458 16.047 5.287 97.438 13.225 76.568 24.100 12.223 12.183 13.270 87.812 38.550 80.638 15.147 12.950 92.612 14.558 6.773 13.498 77.295 12.565 6.890 86.882 18.423 7.268 0.637 30.085 9.055 13.700 15.792 86.943 16.895 13.707 13.240 77.850 12.362 93.142 14.908 31.402 6.063 17.400 93.100 6.465 13.675 15.190 94.000 8.180
69.062 22.168 22.168 61.322 2.093 74.178 73.690 76.283 18.993 76.300 72.278 68.657 74.412 73.517 67.528 74.800 74.047 72.860 67.862 20.353 73.215 76.222 22.187 73.642 22.060 53.813 72.147 69.017 73.853 76.125 74.268 71.888 74.753 73.650 70.605 75.387 69.855 75.887 21.058 72.327 77.902 75.867 21.090 18.757 76.375 0.000 72.810 72.905 2.012 16.815 69.013 19.702 73.467 78.020 72.970 26.465 70.172 3.465 76.453 73.015 76.307 69.730 16.838 57.723 4.860 77.217 72.157 21.638 73.190 73.108 73.978 4.658 74.523 76.173 15.908 73.288 72.583 76.807 52.992 76.492 73.485 73.407 15.970 78.677 73.005 72.207 3.030 71.353 22.168 74.945 53.718 73.188 78.097 22.127 74.293 71.895 74.397 23.027 75.617
11.778 88.162 88.162 22.525 71.933 12.442 3.373 9.600 84.987 8.268 2.812 11.373 16.292 11.982 10.245 9.287 4.423 10.828 9.742 86.347 13.857 4.888 88.180 10.993 88.053 24.827 5.120 11.733 4.092 9.290 1.760 4.862 5.487 2.455 13.322 4.053 3.550 11.425 87.052 10.590 13.440 4.533 87.083 84.750 12.402 73.160 0.000 3.282 72.005 82.808 10.893 85.695 0.958 8.100 10.075 92.458 12.888 71.588 13.512 3.392 6.967 12.447 82.832 28.925 75.658 7.297 0.943 87.632 1.857 11.562 1.470 72.315 5.257 9.608 81.902 15.168 11.105 12.833 25.105 12.030 3.540 3.090 81.963 8.757 2.397 3.298 72.870 2.375 88.162 2.717 26.422 10.852 8.177 88.120 11.253 3.930 1.890 89.020 11.155
11.477 87.935 87.935 22.298 71.707 11.240 6.048 9.515 84.760 8.183 5.487 11.147 16.065 10.837 10.018 9.202 1.940 10.180 9.515 86.120 12.655 7.563 87.953 10.908 87.827 24.600 4.065 11.507 3.787 9.205 5.035 4.582 4.285 5.130 13.095 6.728 3.968 11.340 86.825 9.388 13.355 7.208 86.857 84.523 12.317 72.933 3.577 0.000 71.778 82.582 10.667 85.468 4.233 10.775 9.990 92.232 12.662 71.362 14.827 1.813 6.123 12.220 82.605 28.698 75.432 9.972 2.923 87.405 4.532 10.428 4.745 72.088 4.055 9.523 81.675 14.942 9.903 12.748 24.878 11.945 4.252 5.765 81.737 11.432 3.772 3.213 72.643 2.335 87.935 5.990 26.195 10.508 10.852 87.893 11.168 2.728 5.163 88.793 11.070
67.992 22.828 22.828 60.252 1.023 73.108 72.620 75.213 19.653 75.230 71.208 67.587 73.342 72.447 66.458 73.730 72.977 71.790 66.792 21.013 72.145 75.152 22.847 72.572 22.720 52.743 71.077 67.947 72.783 75.055 73.198 70.818 73.683 72.580 69.535 74.317 68.785 74.817 21.718 71.257 76.832 74.797 21.750 19.417 75.305 2.207 71.740 71.835 0.000 17.475 67.943 20.362 72.397 76.950 71.900 27.125 69.102 2.505 75.383 71.945 75.237 68.660 17.498 56.653 4.863 76.147 71.087 22.298 72.120 72.038 72.908 3.588 73.453 75.103 16.568 72.218 71.513 75.737 51.922 75.422 72.415 72.337 16.630 77.607 71.935 71.137 1.960 70.283 22.828 73.875 52.648 72.118 77.027 22.787 73.223 70.825 73.327 23.687 74.547
78.348 6.417 6.417 70.608 16.787 83.465 82.977 85.570 4.977 85.587 81.565 77.943 83.698 82.803 76.815 84.087 83.333 82.147 77.148 4.602 82.502 85.508 6.435 82.928 6.308 63.100 81.433 78.303 83.140 85.412 83.555 81.175 84.040 82.937 79.892 84.673 79.142 85.173 5.307 81.613 87.188 85.153 5.338 4.740 85.662 16.350 82.097 82.192 16.980 0.000 78.300 3.950 82.753 87.307 82.257 12.365 79.458 16.980 85.740 82.302 85.593 79.017 2.277 67.010 17.793 86.503 81.443 5.887 82.477 82.395 83.265 19.093 83.810 85.460 0.960 82.575 81.870 86.093 62.278 85.778 82.772 82.693 1.973 87.963 82.292 81.493 17.723 80.640 6.417 84.232 63.005 82.475 87.383 6.375 83.580 81.182 83.683 7.275 84.903
6.172 80.950 80.950 15.313 64.722 11.288 9.970 13.393 77.775 13.410 8.558 5.767 13.022 10.627 4.638 11.910 10.327 9.970 6.472 79.135 10.325 12.502 80.968 10.752 80.842 17.615 8.427 6.127 10.133 13.235 10.548 8.168 11.033 9.930 7.715 11.667 6.135 12.997 79.840 9.437 15.012 12.147 79.872 77.538 13.485 65.948 9.090 9.185 64.793 75.597 0.000 78.483 9.747 14.300 10.080 85.247 7.282 64.377 12.733 9.295 12.587 6.840 75.620 26.358 68.447 13.497 8.437 80.420 9.470 10.218 10.258 65.103 10.803 13.283 74.690 11.898 9.693 13.917 17.893 13.602 9.765 9.687 74.752 14.957 9.285 8.487 65.658 7.633 80.950 11.225 19.210 10.298 14.377 80.908 11.403 8.175 10.677 81.808 12.727
81.298 6.992 6.992 73.558 19.737 86.415 85.927 88.520 7.927 88.537 84.515 80.893 86.648 85.753 79.765 87.037 86.283 85.097 80.098 5.177 85.452 88.458 7.010 85.878 6.883 66.050 84.383 81.253 86.090 88.362 86.505 84.125 86.990 85.887 82.842 87.623 82.092 88.123 5.882 84.563 90.138 88.103 5.913 7.690 88.612 19.300 85.047 85.142 19.930 4.120 81.250 0.000 85.703 90.257 85.207 13.395 82.408 19.930 88.690 85.252 88.543 81.967 5.227 69.960 20.743 89.453 84.393 6.462 85.427 85.345 86.215 22.043 86.760 88.410 3.910 85.525 84.820 89.043 65.228 88.728 85.722 85.643 4.923 90.913 85.242 84.443 20.673 83.590 6.992 87.182 65.955 85.425 90.333 6.950 86.530 84.132 86.633 7.850 87.853
12.312 88.772 88.772 23.135 72.543 12.075 3.983 9.748 85.597 8.417 3.422 11.983 16.902 11.672 10.855 9.435 5.033 10.977 10.352 86.957 13.490 5.498 88.790 11.142 88.663 25.437 5.730 12.343 3.553 9.438 0.802 5.472 5.587 3.000 13.932 4.663 4.160 11.573 87.662 10.223 13.588 5.105 87.693 85.360 12.550 73.770 1.013 3.892 72.615 83.418 11.503 86.305 0.000 7.958 10.223 93.068 13.498 72.198 13.235 4.002 6.555 13.057 83.442 29.535 76.268 7.155 1.553 88.242 2.467 11.263 0.512 72.925 5.412 9.757 82.512 15.778 10.738 12.982 25.715 12.178 4.150 3.700 82.573 8.615 3.007 3.908 73.480 2.985 88.772 2.542 27.032 11.000 8.035 88.730 11.402 4.540 2.903 89.630 11.303
16.868 93.252 93.252 27.615 77.023 17.198 9.070 12.865 90.077 11.533 8.508 16.463 21.382 15.247 15.335 12.552 10.347 14.093 14.832 91.437 18.613 7.525 93.270 14.258 93.143 29.917 11.342 16.823 8.677 12.555 7.727 11.083 10.710 6.827 18.412 7.705 9.490 14.690 92.142 15.347 16.705 8.028 92.173 89.840 15.667 78.250 7.810 10.298 77.095 87.898 15.983 90.785 7.825 0.000 13.340 97.548 17.978 76.678 14.005 9.955 11.678 17.537 87.922 34.945 80.748 2.642 7.960 92.722 7.660 14.827 7.865 77.405 10.535 12.873 86.992 20.258 15.322 16.098 30.195 15.295 10.498 8.787 87.053 1.945 9.413 10.315 77.960 9.392 93.252 7.870 31.512 14.117 2.450 93.210 14.518 10.947 8.227 94.110 14.420
7.852 89.050 89.050 23.413 72.822 7.615 14.630 4.683 85.875 6.203 14.068 9.007 13.588 2.433 9.545 4.703 11.170 0.753 11.378 87.235 9.030 15.228 89.068 2.042 88.942 25.715 12.753 9.063 9.625 6.028 11.915 13.038 10.452 12.420 10.182 14.727 12.425 4.287 87.940 5.763 6.302 14.525 87.972 85.638 6.278 74.048 12.158 11.582 72.893 83.697 12.530 86.583 12.013 14.602 0.000 93.347 9.133 72.477 21.507 10.778 10.738 9.178 83.720 34.458 76.547 13.702 11.505 88.520 13.113 1.487 12.053 73.203 10.277 6.077 82.790 15.027 3.688 6.710 25.993 4.892 12.255 14.347 82.852 15.450 12.262 11.795 73.758 10.917 89.050 13.463 27.310 0.777 15.955 89.008 2.302 11.417 13.745 89.908 4.017
87.960 11.915 11.915 80.220 26.398 93.077 92.588 95.182 16.622 95.198 91.177 87.555 93.310 92.415 86.427 93.698 92.945 91.758 86.760 9.778 92.113 95.120 11.933 92.540 11.485 72.712 91.045 87.915 92.752 95.023 93.167 90.787 93.652 92.548 89.503 94.285 88.753 94.785 10.483 91.225 96.800 94.765 10.515 15.950 95.273 25.962 91.708 91.803 26.592 12.363 87.912 13.330 92.365 96.918 91.868 0.000 89.070 26.592 95.352 91.913 95.205 88.628 13.922 76.622 27.405 96.115 91.055 11.385 92.088 92.007 92.877 28.705 93.422 95.072 12.605 92.187 91.482 95.705 71.890 95.390 92.383 92.305 13.618 97.575 91.903 91.105 27.335 90.252 11.915 93.843 72.617 92.087 96.995 11.873 93.192 90.793 93.295 12.452 94.515
1.757 85.330 85.330 19.693 69.102 8.552 15.023 11.713 82.155 11.730 13.612 2.912 12.825 8.947 3.490 10.230 12.588 8.290 7.658 83.515 3.927 16.910 85.348 9.072 85.222 21.995 12.775 3.447 11.035 11.555 13.597 13.222 10.473 14.102 4.087 16.408 11.188 11.317 84.220 6.700 13.332 16.207 84.252 81.918 11.805 70.328 13.962 12.977 69.173 79.977 8.810 82.863 13.695 19.060 8.400 89.627 0.000 68.757 17.787 12.582 12.085 3.083 80.000 30.738 72.827 18.257 13.308 84.800 14.523 8.538 13.735 69.483 10.298 11.603 79.070 13.085 8.013 12.237 22.273 11.922 13.937 14.740 79.132 19.717 13.943 13.540 70.038 12.687 85.330 15.145 23.590 8.618 19.137 85.288 9.723 11.438 15.502 86.188 11.047
67.487 22.448 22.448 59.747 2.112 72.603 72.115 74.708 19.273 74.725 70.703 67.082 72.837 71.942 65.953 73.225 72.472 71.285 66.287 20.633 71.640 74.647 22.467 72.067 22.340 52.238 70.572 67.442 72.278 74.550 72.693 70.313 73.178 72.075 69.030 73.812 68.280 74.312 21.338 70.752 76.327 74.292 21.370 19.037 74.800 3.222 71.235 71.330 2.238 17.095 67.438 19.982 71.892 76.445 71.395 26.745 68.597 0.000 74.878 71.440 74.732 68.155 17.118 56.148 4.860 75.642 70.582 21.918 71.615 71.533 72.403 3.895 72.948 74.598 16.188 71.713 71.008 75.232 51.417 74.917 71.910 71.832 16.250 77.102 71.430 70.632 3.048 69.778 22.448 73.370 52.143 71.613 76.522 22.407 72.718 70.320 72.822 23.307 74.042
17.073 93.457 93.457 27.820 77.228 22.190 15.297 20.737 90.282 19.405 14.507 16.668 21.587 21.528 15.540 20.140 16.275 20.872 15.037 91.642 21.170 13.345 93.475 21.653 93.348 30.122 14.375 17.028 14.768 20.143 13.818 14.117 16.802 13.053 18.617 13.525 12.083 21.308 92.347 20.338 23.323 13.848 92.378 90.045 23.255 78.455 14.037 15.133 77.300 88.103 16.188 90.990 13.917 14.522 20.928 97.753 18.183 76.883 0.000 15.243 17.770 17.742 88.127 35.150 80.953 13.718 14.187 92.927 13.887 21.120 13.957 77.610 16.627 20.745 87.197 20.463 20.595 23.687 30.400 21.913 15.713 15.013 87.258 15.178 15.233 14.435 78.165 13.582 93.457 14.097 31.717 21.200 14.598 93.415 22.107 14.123 14.453 94.315 21.038
11.543 87.927 87.927 22.290 71.698 11.768 6.140 9.607 84.752 8.275 5.578 11.138 16.057 11.365 10.010 9.293 1.370 10.708 9.507 86.112 13.183 7.655 87.945 11.000 87.818 24.592 4.593 11.498 3.580 9.297 5.127 4.548 4.813 5.222 13.087 6.820 3.935 11.432 86.817 9.917 13.447 7.300 86.848 84.515 12.408 72.925 3.668 1.703 71.770 82.573 10.658 85.460 4.325 10.867 10.082 92.223 12.653 71.353 14.818 0.000 6.542 12.212 82.597 28.690 75.423 10.063 3.015 87.397 4.623 10.957 4.837 72.080 4.583 9.615 81.667 14.933 10.432 12.840 24.870 12.037 4.343 5.857 81.728 11.523 3.863 3.305 72.635 2.427 87.927 6.082 26.187 10.858 10.943 87.885 11.260 3.257 5.255 88.785 11.162
10.575 90.608 90.608 24.972 74.380 10.338 8.822 8.850 87.433 7.518 8.260 11.730 17.212 9.935 12.268 8.537 5.362 9.278 12.188 88.793 11.753 9.420 90.627 10.060 90.500 27.273 6.152 11.787 3.817 8.540 6.107 7.230 3.850 6.612 12.905 8.918 6.617 10.675 89.498 8.487 12.690 8.717 89.530 87.197 11.652 75.607 6.350 5.773 74.452 85.255 13.340 88.142 6.205 11.570 9.325 94.905 11.857 74.035 16.847 4.970 0.000 11.902 85.278 31.372 78.105 10.767 5.697 90.078 7.305 9.527 6.245 74.762 3.675 8.858 84.348 17.615 9.002 12.083 27.552 11.280 6.447 8.538 84.410 12.227 6.453 5.987 75.317 5.108 90.608 7.655 28.868 9.607 11.647 90.567 10.503 4.815 7.937 91.467 10.405
1.477 84.012 84.012 18.375 67.783 8.693 13.705 11.855 80.837 11.872 12.293 1.593 12.890 9.088 2.172 10.372 12.730 8.432 6.340 82.197 6.313 16.237 84.030 9.213 83.903 20.677 12.162 2.128 11.177 11.697 13.738 11.903 10.615 13.665 1.003 15.402 9.870 11.458 82.902 6.842 13.473 15.882 82.933 80.600 11.947 69.010 12.825 12.920 67.855 78.658 7.492 81.545 13.482 18.035 8.542 88.308 3.270 67.438 16.468 12.723 12.227 0.000 78.682 29.420 71.508 17.232 12.172 83.482 13.205 8.680 13.877 68.165 10.440 11.745 77.752 11.767 8.155 12.378 20.955 12.063 13.500 13.422 77.813 18.692 13.020 12.222 68.720 11.368 84.012 14.960 22.272 8.760 18.112 83.970 9.865 11.580 14.412 84.870 11.188
78.298 7.625 7.625 70.558 16.737 83.415 82.927 85.520 4.905 85.537 81.515 77.893 83.648 82.753 76.765 84.037 83.283 82.097 77.098 5.810 82.452 85.458 7.643 82.878 7.517 63.050 81.383 78.253 83.090 85.362 83.505 81.125 83.990 82.887 79.842 84.623 79.092 85.123 6.515 81.563 87.138 85.103 6.547 4.668 85.612 16.300 82.047 82.142 16.930 2.272 78.250 5.158 82.703 87.257 82.207 14.028 79.408 16.930 85.690 82.252 85.543 78.967 0.000 66.960 17.743 86.453 81.393 7.095 82.427 82.345 83.215 19.043 83.760 85.410 1.575 82.525 81.820 86.043 62.228 85.728 82.722 82.643 1.473 87.913 82.242 81.443 17.673 80.590 7.625 84.182 62.955 82.425 87.333 7.583 83.530 81.132 83.633 8.483 84.853
29.573 73.177 73.177 21.833 56.948 34.690 29.915 34.733 70.002 33.402 28.503 29.168 34.923 34.028 28.040 34.420 30.272 33.372 28.373 71.362 33.727 32.447 73.195 34.153 73.068 12.277 28.372 29.528 30.078 34.423 30.493 28.113 30.978 29.875 31.117 31.612 26.080 36.398 72.067 32.838 38.413 32.092 72.098 69.765 36.887 58.175 29.035 29.130 57.020 67.823 29.525 70.710 29.692 35.513 33.482 77.473 30.683 56.603 33.947 29.240 32.532 30.242 67.847 0.000 60.673 34.710 28.382 72.647 29.415 33.620 30.203 57.330 30.748 34.742 66.917 33.800 33.095 37.318 11.455 37.003 29.710 29.632 66.978 36.170 29.230 28.432 57.885 27.578 73.177 31.170 12.182 33.700 35.590 73.135 34.805 28.120 30.622 74.035 36.128
71.732 23.722 23.722 63.992 4.640 76.848 76.360 78.953 20.547 78.970 74.948 71.327 77.082 76.187 70.198 77.470 76.717 75.530 70.532 21.907 75.885 78.892 23.740 76.312 23.613 56.483 74.817 71.687 76.523 78.795 76.938 74.558 77.423 76.320 73.275 78.057 72.525 78.557 22.612 74.997 80.572 78.537 22.643 20.310 79.045 4.868 75.480 75.575 4.833 18.368 71.683 21.255 76.137 80.690 75.640 28.018 72.842 5.213 79.123 75.685 78.977 72.400 18.392 60.393 0.000 79.887 74.827 23.192 75.860 75.778 76.648 7.205 77.193 78.843 17.462 75.958 75.253 79.477 55.662 79.162 76.155 76.077 17.523 81.347 75.675 74.877 5.577 74.023 23.722 77.615 56.388 75.858 80.767 23.680 76.963 74.565 77.067 24.580 78.287
16.022 92.405 92.405 26.768 76.177 16.352 8.223 12.018 89.230 10.687 7.662 15.617 20.535 14.400 14.488 11.705 9.500 13.247 13.985 90.590 17.767 6.678 92.423 13.412 92.297 29.070 10.495 15.977 7.830 11.708 6.880 10.237 9.863 5.980 17.565 6.858 8.643 13.843 91.295 14.500 15.858 7.182 91.327 88.993 14.820 77.403 6.963 9.452 76.248 87.052 15.137 89.938 6.978 2.638 12.493 96.702 17.132 75.832 13.158 9.108 10.832 16.690 87.075 34.098 79.902 0.000 7.113 91.875 6.813 13.980 7.018 76.558 9.688 12.027 86.145 19.412 14.475 15.252 29.348 14.448 9.652 7.940 86.207 3.487 8.567 9.468 77.113 8.545 92.405 7.023 30.665 13.270 3.992 92.363 13.672 10.100 7.380 93.263 13.573
11.078 87.462 87.462 21.825 71.233 11.742 3.477 8.900 84.287 7.568 2.915 10.673 15.592 11.282 9.545 8.587 3.723 10.128 9.042 85.647 13.157 4.992 87.480 10.293 87.353 24.127 4.420 11.033 3.278 8.590 2.463 4.162 4.787 2.558 12.622 4.157 2.718 10.725 86.352 9.890 12.740 4.637 86.383 84.050 11.702 72.460 1.005 2.582 71.305 82.108 10.193 84.995 1.662 8.203 9.375 91.758 12.188 70.888 13.615 2.692 6.267 11.747 82.132 28.225 74.958 7.400 0.000 86.932 1.960 10.862 2.173 71.615 4.557 8.908 81.202 14.468 10.405 12.133 24.405 11.330 2.840 3.193 81.263 8.860 1.697 2.598 72.170 1.675 87.462 3.418 25.722 10.152 8.280 87.420 10.553 3.230 2.592 88.320 10.455
83.183 1.728 1.728 75.443 21.622 88.300 87.812 90.405 9.812 90.422 86.400 82.778 88.533 87.638 81.650 88.922 88.168 86.982 81.983 1.982 87.337 90.343 1.343 87.763 2.543 67.935 86.268 83.138 87.975 90.247 88.390 86.010 88.875 87.772 84.727 89.508 83.977 90.008 1.488 86.448 92.023 89.988 1.392 9.140 90.497 21.185 86.932 87.027 21.815 6.005 83.135 6.520 87.588 92.142 87.092 11.400 84.293 21.815 90.575 87.137 90.428 83.852 7.112 71.845 22.628 91.338 86.278 0.000 87.312 87.230 88.100 23.928 88.645 90.295 5.795 87.410 86.705 90.928 67.113 90.613 87.607 87.528 6.808 92.798 87.127 86.328 22.558 85.475 1.728 89.067 67.840 87.310 92.218 1.283 88.415 86.017 88.518 3.457 89.738
11.985 88.368 88.368 22.732 72.140 13.215 3.103 10.510 85.193 9.178 2.542 11.580 16.498 12.812 10.452 10.197 5.333 11.738 9.948 86.553 14.630 3.822 88.387 11.903 88.260 25.033 5.375 11.940 4.693 10.200 3.162 5.117 6.397 2.048 13.528 2.987 3.523 12.335 87.258 11.363 14.350 3.467 87.290 84.957 13.312 73.367 1.703 4.192 72.212 83.015 11.100 85.902 2.360 7.693 10.985 92.665 13.095 71.795 13.105 4.302 7.695 12.653 83.038 29.132 75.865 6.890 1.853 87.838 0.000 12.403 2.872 72.522 6.167 10.518 82.108 15.375 11.878 13.743 25.312 12.940 4.450 2.820 82.170 8.350 3.307 4.208 73.077 3.285 88.368 3.343 26.628 11.762 7.770 88.327 12.163 4.840 2.925 89.227 12.065
8.362 89.560 89.560 23.923 73.332 8.125 15.982 5.392 86.385 7.555 15.420 9.517 14.718 2.625 10.055 6.055 12.522 1.263 11.888 87.745 9.540 16.580 89.578 2.750 89.452 26.225 13.263 9.573 10.977 7.380 13.267 14.390 10.962 13.772 10.692 16.078 13.777 4.995 88.450 6.273 7.010 15.877 88.482 86.148 7.630 74.558 13.510 12.933 73.403 84.207 13.040 87.093 13.365 15.953 1.352 93.857 9.643 72.987 22.017 12.130 12.090 9.688 84.230 34.968 77.057 15.053 12.857 89.030 14.465 0.000 13.405 73.713 10.787 7.428 83.300 16.157 4.198 8.062 26.503 5.600 13.607 15.698 83.362 16.802 13.613 13.147 74.268 12.268 89.560 14.815 27.820 0.678 17.307 89.518 3.360 11.927 15.097 90.418 4.725
12.300 89.338 89.338 23.702 73.110 12.063 4.550 9.737 86.163 8.405 3.988 12.550 17.468 11.660 11.422 9.423 5.212 10.965 10.918 87.523 13.478 5.797 89.357 11.130 89.230 26.003 6.297 12.910 3.542 9.427 0.790 6.038 5.575 2.988 14.498 5.230 4.727 11.562 88.228 10.212 13.577 5.093 88.260 85.927 12.538 74.337 1.580 4.458 73.182 83.985 12.070 86.872 0.567 7.947 10.212 93.635 13.582 72.765 13.223 4.568 6.543 13.623 84.008 30.102 76.835 7.143 2.120 88.808 3.033 11.252 0.000 73.492 5.400 9.745 83.078 16.345 10.727 12.970 26.282 12.167 4.717 4.267 83.140 8.603 3.573 4.475 74.047 3.552 89.338 2.530 27.598 10.988 8.023 89.297 11.390 5.107 3.143 90.197 11.292
68.308 25.213 25.213 60.568 3.110 73.425 72.937 75.530 22.038 75.547 71.525 67.903 73.658 72.763 66.775 74.047 73.293 72.107 67.108 23.398 72.462 75.468 25.232 72.888 25.105 53.060 71.393 68.263 73.100 75.372 73.515 71.135 74.000 72.897 69.852 74.633 69.102 75.133 24.103 71.573 77.148 75.113 24.135 21.802 75.622 4.658 72.057 72.152 3.668 19.860 68.260 22.747 72.713 77.267 72.217 29.510 69.418 4.095 75.700 72.262 75.553 68.977 19.883 56.970 7.248 76.463 71.403 24.683 72.437 72.355 73.225 0.000 73.770 75.420 18.953 72.535 71.830 76.053 52.238 75.738 72.732 72.653 19.015 77.923 72.252 71.453 3.155 70.600 25.213 74.192 52.965 72.435 77.343 25.172 73.540 71.142 73.643 26.072 74.863
8.908 88.880 88.880 23.243 72.652 8.672 7.685 9.303 85.705 7.972 6.763 10.063 15.545 8.268 10.602 8.990 4.202 7.612 10.460 87.065 10.087 8.523 88.898 8.393 88.772 25.545 3.858 10.120 2.648 8.993 5.210 5.393 1.717 5.715 11.238 8.022 4.780 10.638 87.770 6.820 12.653 7.820 87.802 85.468 11.127 73.878 5.213 4.060 72.723 83.527 11.612 86.413 5.308 10.673 7.722 93.177 10.190 72.307 15.843 4.195 3.698 10.235 83.550 29.715 76.377 9.870 4.560 88.350 6.168 7.860 5.348 73.033 0.000 9.312 82.620 15.887 7.335 11.558 25.823 11.243 5.550 7.402 82.682 11.330 5.408 4.850 73.588 3.972 88.880 6.758 27.140 7.940 10.750 88.838 9.045 2.522 6.800 89.738 10.368
12.157 93.355 93.355 27.718 77.127 11.920 12.760 4.632 90.180 3.795 12.198 13.312 17.198 7.407 13.850 3.162 9.300 6.253 15.683 91.540 13.180 13.358 93.373 6.418 93.247 30.020 11.427 13.368 7.755 2.032 10.045 11.168 9.425 10.550 14.487 12.857 10.555 6.205 92.245 10.068 8.220 12.655 92.277 89.943 7.827 78.353 10.288 9.712 77.198 88.002 16.627 90.888 10.143 12.732 5.500 97.652 13.438 76.782 20.785 8.908 8.868 13.483 88.025 35.310 80.852 11.832 9.635 92.825 11.243 6.987 10.183 77.508 9.250 0.000 87.095 18.637 7.482 8.258 30.298 6.810 10.385 12.477 87.157 13.580 10.392 9.925 78.063 9.047 93.355 11.593 31.615 6.277 14.085 93.313 6.678 10.360 11.875 94.213 5.935
77.388 6.260 6.260 69.648 15.827 82.505 82.017 84.610 4.017 84.627 80.605 76.983 82.738 81.843 75.855 83.127 82.373 81.187 76.188 4.445 81.542 84.548 6.278 81.968 6.152 62.140 80.473 77.343 82.180 84.452 82.595 80.215 83.080 81.977 78.932 83.713 78.182 84.213 5.150 80.653 86.228 84.193 5.182 3.780 84.702 15.390 81.137 81.232 16.020 0.907 77.340 3.793 81.793 86.347 81.297 12.663 78.498 16.020 84.780 81.342 84.633 78.057 1.612 66.050 16.833 85.543 80.483 5.730 81.517 81.435 82.305 18.133 82.850 84.500 0.000 81.615 80.910 85.133 61.318 84.818 81.812 81.733 1.013 87.003 81.332 80.533 16.763 79.680 6.260 83.272 62.045 81.515 86.423 6.218 82.620 80.222 82.723 7.118 83.943
12.198 88.103 88.103 22.467 71.875 14.778 17.123 15.430 84.928 17.383 15.712 12.920 6.397 14.975 11.792 15.883 17.480 14.517 5.435 86.288 9.612 19.655 88.122 13.987 87.995 24.768 15.580 13.280 17.262 17.208 17.702 15.322 16.700 17.083 14.528 18.820 13.288 14.852 86.993 12.927 16.867 19.300 87.025 84.692 17.458 73.102 16.243 16.338 71.947 82.750 7.153 85.637 16.900 21.453 14.053 92.400 13.480 71.530 19.887 16.448 18.312 13.525 82.773 33.512 75.600 20.650 15.590 87.573 16.623 14.765 17.412 72.257 16.525 17.257 81.843 0.000 14.240 17.890 25.047 15.457 16.918 16.840 81.905 22.110 16.438 15.640 72.812 14.787 88.103 18.378 26.363 14.830 21.530 88.062 14.638 15.328 17.830 88.962 14.582
7.280 88.478 88.478 22.842 72.250 7.043 15.752 5.592 85.303 7.423 15.087 8.435 13.637 2.825 8.973 5.923 11.995 2.168 10.807 86.663 8.458 16.317 88.497 2.950 88.370 25.143 12.182 8.492 10.442 7.248 13.003 13.717 9.880 13.508 9.610 15.815 13.103 5.195 87.368 5.192 7.210 15.613 87.400 85.067 7.498 73.477 13.368 12.383 72.322 83.125 11.958 86.012 13.102 15.822 2.872 92.775 8.562 71.905 20.935 11.988 11.492 8.607 83.148 33.887 75.975 14.922 12.715 87.948 14.323 2.417 13.142 72.632 9.705 7.297 82.218 15.075 0.000 7.930 25.422 5.800 13.343 15.468 82.280 16.670 13.350 13.005 73.187 12.127 88.478 14.552 26.738 2.497 17.175 88.437 3.602 10.845 14.908 89.337 4.925
12.382 93.580 93.580 27.943 77.352 12.145 16.513 9.285 90.405 8.087 15.952 13.537 17.423 7.632 14.075 5.955 13.053 6.478 15.908 91.765 13.405 17.112 93.598 6.643 93.472 30.245 15.180 13.593 11.508 7.912 13.798 14.922 13.178 14.303 14.712 16.610 14.308 8.888 92.470 10.293 10.903 16.408 92.502 90.168 0.533 78.578 14.042 13.465 77.423 88.227 16.852 91.113 13.897 16.485 5.725 97.877 13.663 77.007 24.538 12.662 12.622 13.708 88.250 38.988 81.077 15.585 13.388 93.050 14.997 7.212 13.937 77.733 13.003 7.328 87.320 18.862 7.707 0.000 30.523 9.493 14.138 16.230 87.382 17.333 14.145 13.678 78.288 12.800 93.580 15.347 31.840 6.502 17.838 93.538 6.903 14.113 15.628 94.438 8.618
20.652 68.912 68.912 12.880 52.683 25.768 25.280 27.873 65.737 27.890 23.868 20.247 26.002 25.107 19.118 26.390 25.637 24.450 19.452 67.097 24.805 27.812 68.930 25.232 68.803 1.583 23.737 20.607 25.443 27.715 25.858 23.478 26.343 25.240 22.195 26.977 21.445 27.477 67.802 23.917 29.492 27.457 67.833 65.500 27.965 53.910 24.400 24.495 52.755 63.558 20.603 66.445 25.057 29.610 24.560 73.208 21.762 52.338 28.043 24.605 27.897 21.320 63.582 12.207 56.408 28.807 23.747 68.382 24.780 24.698 25.568 53.065 26.113 27.763 62.652 24.878 24.173 28.397 0.000 28.082 25.075 24.997 62.713 30.267 24.595 23.797 53.620 22.943 68.912 26.535 3.523 24.778 29.687 68.870 25.883 23.485 25.987 69.770 27.207
9.227 90.425 90.425 24.788 74.197 8.990 16.143 4.698 87.250 8.328 15.582 10.382 15.583 3.007 10.920 7.828 12.683 3.428 12.753 88.610 10.405 16.742 90.443 2.057 90.317 27.090 14.128 10.438 11.138 7.527 13.428 14.552 11.827 13.933 11.557 16.240 13.938 1.578 89.315 7.138 2.902 16.038 89.347 87.013 9.403 75.423 13.672 13.095 74.268 85.072 13.905 87.958 13.527 16.115 3.418 94.722 10.508 73.852 22.882 12.292 12.252 10.553 85.095 35.833 77.922 15.215 13.018 89.895 14.627 4.670 13.567 74.578 11.652 7.600 84.165 17.022 5.063 9.835 27.368 0.000 13.768 15.860 84.227 16.963 13.775 13.308 75.133 12.430 90.425 14.977 28.685 3.960 17.468 90.383 2.990 12.792 15.258 91.283 4.032
12.625 89.008 89.008 23.372 72.780 12.432 6.293 10.105 85.833 8.773 5.732 12.220 17.138 12.028 11.092 9.792 5.270 11.333 10.588 87.193 13.847 7.808 89.027 11.498 88.900 25.673 5.967 12.580 3.910 9.795 5.280 5.708 5.943 5.375 14.168 6.973 4.383 11.930 87.898 10.580 13.945 7.453 87.930 85.597 12.907 74.007 3.822 4.128 72.852 83.655 11.740 86.542 4.478 10.745 10.580 93.305 13.735 72.435 15.900 4.238 6.785 13.293 83.678 29.772 76.505 9.942 3.168 88.478 4.777 11.620 4.990 73.162 5.768 10.113 82.748 16.015 11.095 13.338 25.952 12.535 0.000 6.010 82.810 11.402 2.173 4.145 73.717 3.222 89.008 6.235 27.268 11.357 10.822 88.967 11.758 4.777 5.408 89.867 11.660
12.363 88.747 88.747 23.110 72.518 14.502 2.483 11.907 85.572 10.575 2.920 11.958 16.877 14.098 10.830 11.593 6.730 13.135 10.327 86.932 15.917 5.907 88.765 13.300 88.638 25.412 5.753 12.318 5.980 11.597 4.558 5.495 7.793 3.335 13.907 5.072 3.902 13.732 87.637 12.650 15.747 5.552 87.668 85.335 14.708 73.745 3.100 5.588 72.590 83.393 11.478 86.280 3.757 8.980 12.382 93.043 13.473 72.173 14.392 5.698 8.982 13.032 83.417 29.510 76.243 8.177 3.250 88.217 2.875 13.690 4.268 72.900 7.563 11.915 82.487 15.753 13.165 15.140 25.690 14.337 5.847 0.000 82.548 9.637 4.703 5.605 73.455 4.682 88.747 4.630 27.007 13.158 9.057 88.705 13.560 5.502 4.308 89.605 13.462
77.405 7.325 7.325 69.665 15.843 82.522 82.033 84.627 4.012 84.643 80.622 77.000 82.755 81.860 75.872 83.143 82.390 81.203 76.205 5.510 81.558 84.565 7.343 81.985 7.217 62.157 80.490 77.360 82.197 84.468 82.612 80.232 83.097 81.993 78.948 83.730 78.198 84.230 6.215 80.670 86.245 84.210 6.247 3.775 84.718 15.407 81.153 81.248 16.037 1.972 77.357 4.858 81.810 86.363 81.313 13.728 78.515 16.037 84.797 81.358 84.650 78.073 1.540 66.067 16.850 85.560 80.500 6.795 81.533 81.452 82.322 18.150 82.867 84.517 1.065 81.632 80.927 85.150 61.335 84.835 81.828 81.750 0.000 87.020 81.348 80.550 16.780 79.697 7.325 83.288 62.062 81.532 86.440 7.283 82.637 80.238 82.740 8.183 83.960
17.578 93.962 93.962 28.325 77.733 17.993 9.865 13.660 90.787 12.328 9.303 17.173 22.092 16.042 16.045 13.347 11.142 14.888 15.542 92.147 19.408 8.235 93.980 15.053 93.853 30.627 12.137 17.533 9.472 13.350 8.522 11.878 11.505 7.622 19.122 8.415 10.285 15.485 92.852 16.142 17.500 8.738 92.883 90.550 16.462 78.960 8.605 11.093 77.805 88.608 16.693 91.495 8.620 2.000 14.135 98.258 18.688 77.388 14.715 10.750 12.473 18.247 88.632 35.655 81.458 3.437 8.755 93.432 8.455 15.622 8.660 78.115 11.330 13.668 87.702 20.968 16.117 16.893 30.905 16.090 11.293 9.582 87.763 0.000 10.208 11.110 78.670 10.187 93.962 8.665 32.222 14.912 1.400 93.920 15.313 11.742 9.022 94.820 15.215
11.927 88.310 88.310 22.673 72.082 12.297 4.932 9.748 85.135 8.417 4.370 11.522 16.440 11.893 10.393 9.435 4.572 10.977 9.890 86.495 13.712 6.447 88.328 11.142 88.202 24.975 5.268 11.882 3.775 9.438 3.918 5.010 5.635 4.013 13.470 5.612 3.820 11.573 87.200 10.445 13.588 6.092 87.232 84.898 12.550 73.308 2.460 3.430 72.153 82.957 11.042 85.843 3.117 9.658 10.223 92.607 13.037 71.737 15.070 3.540 6.650 12.595 82.980 29.073 75.807 8.855 1.807 87.780 3.415 11.485 3.628 72.463 5.405 9.757 82.050 15.317 10.960 12.982 25.253 12.178 2.140 4.648 82.112 10.315 0.000 3.447 73.018 2.523 88.310 4.873 26.570 11.000 9.735 88.268 11.402 4.078 4.047 89.168 11.303
12.023 89.482 89.482 23.845 73.253 11.787 6.663 8.077 86.307 6.745 6.102 12.693 17.612 10.458 11.565 7.763 4.810 9.305 11.062 87.667 13.202 7.228 89.500 9.470 89.373 26.147 6.440 13.053 3.265 7.767 3.915 6.182 5.298 4.420 14.353 6.727 4.857 9.902 88.372 9.935 11.917 6.525 88.403 86.070 10.878 74.480 4.295 4.602 73.325 84.128 12.213 87.015 4.013 9.378 8.552 93.778 13.305 72.908 14.655 4.418 5.538 13.350 84.152 30.245 76.978 8.575 3.642 88.952 5.250 10.038 4.053 73.635 5.123 8.085 83.222 16.488 10.450 11.310 26.425 10.507 3.940 6.380 83.283 10.035 3.947 0.000 74.190 3.695 89.482 5.463 27.742 9.328 9.455 89.440 9.730 5.250 5.820 90.340 9.632
68.755 23.468 23.468 61.015 1.365 73.872 73.383 75.977 20.293 75.993 71.972 68.350 74.105 73.210 67.222 74.493 73.740 72.553 67.555 21.653 72.908 75.915 23.487 73.335 23.360 53.507 71.840 68.710 73.547 75.818 73.962 71.582 74.447 73.343 70.298 75.080 69.548 75.580 22.358 72.020 77.595 75.560 22.390 20.057 76.068 2.913 72.503 72.598 1.923 18.115 68.707 21.002 73.160 77.713 72.663 27.765 69.865 3.220 76.147 72.708 76.000 69.423 18.138 57.417 5.503 76.910 71.850 22.938 72.883 72.802 73.672 3.048 74.217 75.867 17.208 72.982 72.277 76.500 52.685 76.185 73.178 73.100 17.270 78.370 72.698 71.900 0.000 71.047 23.468 74.638 53.412 72.882 77.790 23.427 73.987 71.588 74.090 24.327 75.310
11.548 88.837 88.837 23.200 72.608 11.312 6.122 7.602 85.662 6.270 5.560 12.048 16.967 9.983 10.920 7.288 4.335 8.830 10.417 87.022 12.727 6.753 88.855 8.995 88.728 25.502 5.795 12.408 2.790 7.292 3.440 5.537 4.823 3.945 13.878 6.252 4.212 9.427 87.727 9.460 11.442 6.050 87.758 85.425 10.403 73.835 3.650 3.957 72.680 83.483 11.568 86.370 3.538 8.903 8.077 93.133 12.830 72.263 14.180 3.943 5.063 12.875 83.507 29.600 76.333 8.100 2.997 88.307 4.605 9.563 3.578 72.990 4.648 7.610 82.577 15.843 9.975 10.835 25.780 10.032 3.295 5.838 82.638 9.560 3.302 0.963 73.545 0.000 88.837 4.988 27.097 8.853 8.980 88.795 9.255 4.605 5.237 89.695 9.157
83.763 0.000 0.000 76.023 22.202 88.880 88.392 90.985 10.392 91.002 86.980 83.358 89.113 88.218 82.230 89.502 88.748 87.562 82.563 2.562 87.917 90.923 2.213 88.343 3.190 68.515 86.848 83.718 88.555 90.827 88.970 86.590 89.455 88.352 85.307 90.088 84.557 90.588 2.068 87.028 92.603 90.568 1.972 9.720 91.077 21.765 87.512 87.607 22.395 6.585 83.715 7.100 88.168 92.722 87.672 11.980 84.873 22.395 91.155 87.717 91.008 84.432 7.692 72.425 23.208 91.918 86.858 1.803 87.892 87.810 88.680 24.508 89.225 90.875 6.375 87.990 87.285 91.508 67.693 91.193 88.187 88.108 7.388 93.378 87.707 86.908 23.138 86.055 0.000 89.647 68.420 87.890 92.798 2.153 88.995 86.597 89.098 4.037 90.318
13.663 90.047 90.047 24.410 73.818 13.563 4.782 11.237 86.872 9.905 4.220 13.258 18.177 13.160 12.130 10.923 6.712 12.465 11.627 88.232 14.978 6.027 90.065 12.630 89.938 26.712 7.053 13.618 5.042 10.927 2.727 6.795 7.075 1.907 15.207 5.525 5.202 13.062 88.937 11.712 15.077 5.323 88.968 86.635 14.038 75.045 2.685 5.655 73.890 84.693 12.778 87.580 2.695 8.042 11.712 94.343 14.773 73.473 13.453 5.765 8.043 14.332 84.717 30.810 77.543 7.238 3.317 89.517 3.372 12.752 2.735 74.200 6.900 11.245 83.787 17.053 12.227 14.470 26.990 13.667 5.913 4.498 83.848 8.698 4.770 5.672 74.755 4.748 90.047 0.000 28.307 12.488 8.118 90.005 12.890 6.303 1.822 90.905 12.792
22.607 69.032 69.032 14.835 52.803 27.723 27.235 29.828 65.857 29.845 25.823 22.202 27.957 27.062 21.073 28.345 27.592 26.405 21.407 67.217 26.760 29.767 69.050 27.187 68.923 3.055 25.692 22.562 27.398 29.670 27.813 25.433 28.298 27.195 24.150 28.932 23.400 29.432 67.922 25.872 31.447 29.412 67.953 65.620 29.920 54.030 26.355 26.450 52.875 63.678 22.558 66.565 27.012 31.565 26.515 73.328 23.717 52.458 29.998 26.560 29.852 23.275 63.702 12.327 56.528 30.762 25.702 68.502 26.735 26.653 27.523 53.185 28.068 29.718 62.772 26.833 26.128 30.352 2.717 30.037 27.030 26.952 62.833 32.222 26.550 25.752 53.740 24.898 69.032 28.490 0.000 26.733 31.642 68.990 27.838 25.440 27.942 69.890 29.162
7.683 88.882 88.882 23.245 72.653 7.447 15.303 5.032 85.707 6.877 14.742 8.838 14.040 2.265 9.377 5.377 11.843 0.585 11.210 87.067 8.862 15.902 88.900 2.390 88.773 25.547 12.585 8.895 10.298 6.702 12.588 13.712 10.283 13.093 10.013 15.400 13.098 4.635 87.772 5.595 6.650 15.198 87.803 85.470 6.952 73.880 12.832 12.255 72.725 83.528 12.362 86.415 12.687 15.275 0.673 93.178 8.965 72.308 21.338 11.452 11.412 9.010 83.552 34.290 76.378 14.375 12.178 88.352 13.787 0.710 12.727 73.035 10.108 6.750 82.622 15.478 3.520 7.383 25.825 5.240 12.928 15.020 82.683 16.123 12.935 12.468 73.590 11.590 88.882 14.137 27.142 0.000 16.628 88.840 2.682 11.248 14.418 89.740 4.365
16.943 93.327 93.327 27.690 77.098 17.362 9.233 14.327 90.152 12.995 8.672 16.538 21.457 16.708 15.410 14.013 10.510 15.555 14.907 91.512 18.777 7.600 93.345 15.720 93.218 29.992 11.505 16.898 8.840 14.017 7.890 11.247 10.873 6.990 18.487 7.780 9.653 16.152 92.217 15.510 18.167 8.103 92.248 89.915 17.128 78.325 7.973 10.462 77.170 87.973 16.058 90.860 7.988 2.667 14.802 97.623 18.053 76.753 14.080 10.118 11.842 17.612 87.997 35.020 80.823 4.103 8.123 92.797 7.823 16.288 8.028 77.480 10.698 14.335 87.067 20.333 16.025 17.560 30.270 16.757 10.662 8.950 87.128 1.453 9.577 10.478 78.035 9.555 93.327 8.033 31.587 15.578 0.000 93.285 15.980 11.110 8.390 94.185 15.882
83.825 2.295 2.295 76.085 22.263 88.942 88.453 91.047 10.453 91.063 87.042 83.420 89.175 88.280 82.292 89.563 88.810 87.623 82.625 2.623 87.978 90.985 0.320 88.405 2.667 68.577 86.910 83.780 88.617 90.888 89.032 86.652 89.517 88.413 85.368 90.150 84.618 90.650 2.130 87.090 92.665 90.630 2.033 9.782 91.138 21.827 87.573 87.668 22.457 6.647 83.777 7.162 88.230 92.783 87.733 12.042 84.935 22.457 91.217 87.778 91.070 84.493 7.753 72.487 23.270 91.980 86.920 1.392 87.953 87.872 88.742 24.570 89.287 90.937 6.437 88.052 87.347 91.570 67.755 91.255 88.248 88.170 7.450 93.440 87.768 86.970 23.200 86.117 2.295 89.708 68.482 87.952 92.860 0.000 89.057 86.658 89.160 4.067 90.380
8.610 89.808 89.808 24.172 73.580 8.373 15.488 4.043 86.633 7.673 14.927 9.765 14.967 2.390 10.303 6.608 12.028 2.208 12.137 87.993 9.788 16.087 89.827 1.402 89.700 26.473 13.512 9.822 10.483 6.872 12.773 13.897 11.210 13.278 10.940 15.585 13.283 3.647 88.698 6.522 5.662 15.383 88.730 86.397 8.183 74.807 13.017 12.440 73.652 84.455 13.288 87.342 12.872 15.460 2.198 94.105 9.892 73.235 22.265 11.637 11.597 9.937 84.478 35.217 77.305 14.560 12.363 89.278 13.972 3.450 12.912 73.962 11.035 6.945 83.548 16.405 4.447 8.615 26.752 4.252 13.113 15.205 83.610 16.308 13.120 12.653 74.517 11.775 89.808 14.322 28.068 2.740 16.813 89.767 0.000 12.175 14.603 90.667 3.377
9.975 86.358 86.358 20.722 70.130 9.813 5.653 9.822 83.183 8.490 4.242 9.570 14.488 9.410 8.442 9.508 3.483 8.753 7.938 84.543 11.228 7.870 86.377 9.535 86.250 23.023 1.337 9.930 3.790 9.512 5.342 2.872 2.858 5.437 11.518 7.035 2.258 11.647 85.248 7.962 13.662 7.515 85.280 82.947 12.268 71.357 3.883 2.730 70.202 81.005 9.090 83.892 4.540 11.082 8.863 90.655 11.085 69.785 13.322 3.257 4.840 10.643 81.028 27.193 73.855 10.278 3.230 85.828 4.838 9.002 5.052 70.512 2.628 9.830 80.098 13.365 8.477 12.700 23.302 12.252 4.558 5.370 80.160 11.738 4.078 3.520 71.067 2.642 86.358 6.297 24.618 9.082 11.158 86.317 10.187 0.000 5.470 87.217 11.377
13.360 89.743 89.743 24.107 73.515 13.895 4.478 11.182 86.568 9.850 3.917 12.955 17.873 13.492 11.827 10.868 6.005 12.410 11.323 87.928 15.310 6.100 89.762 12.575 89.635 26.408 6.702 13.315 5.373 10.872 3.300 6.443 7.068 1.638 14.903 5.265 4.898 13.007 88.633 12.043 15.022 5.655 88.665 86.332 13.983 74.742 1.893 4.863 73.587 84.390 12.475 87.277 2.852 8.373 11.657 94.040 14.470 73.170 13.785 4.973 8.375 14.028 84.413 30.507 77.240 7.570 2.525 89.213 3.068 13.083 3.363 73.897 6.838 11.190 83.483 16.750 12.558 14.415 26.687 13.612 5.122 4.195 83.545 9.030 3.978 4.880 74.452 3.957 89.743 1.772 28.003 12.433 8.450 89.702 12.835 5.512 0.000 90.602 12.737
84.443 3.967 3.967 76.703 22.882 89.560 89.072 91.665 11.072 91.682 87.660 84.038 89.793 88.898 82.910 90.182 89.428 88.242 83.243 2.920 88.597 91.603 3.935 89.023 3.060 69.195 87.528 84.398 89.235 91.507 89.650 87.270 90.135 89.032 85.987 90.768 85.237 91.268 2.267 87.708 93.283 91.248 2.567 10.400 91.757 22.445 88.192 88.287 23.075 7.265 84.395 7.780 88.848 93.402 88.352 12.338 85.553 23.075 91.835 88.397 91.688 85.112 8.372 73.105 23.888 92.598 87.538 3.437 88.572 88.490 89.360 25.188 89.905 91.555 7.055 88.670 87.965 92.188 68.373 91.873 88.867 88.788 8.068 94.058 88.387 87.588 23.818 86.735 3.967 90.327 69.100 88.570 93.478 3.925 89.675 87.277 89.778 0.000 90.998
9.215 90.413 90.413 24.777 74.185 8.978 16.132 4.687 87.238 8.317 15.570 10.370 15.572 2.995 10.908 7.817 12.672 3.417 12.742 88.598 10.393 16.730 90.432 2.045 90.305 27.078 14.117 10.427 11.127 7.515 13.417 14.540 11.815 13.922 11.545 16.228 13.927 1.567 89.303 7.127 3.582 16.027 89.335 87.002 9.392 75.412 13.660 13.083 74.257 85.060 13.893 87.947 13.515 16.103 3.407 94.710 10.497 73.840 22.870 12.280 12.240 10.542 85.083 35.822 77.910 15.203 13.007 89.883 14.615 4.658 13.555 74.567 11.640 7.588 84.153 17.010 5.052 9.823 27.357 2.172 13.757 15.848 84.215 16.952 13.763 13.297 75.122 12.418 90.413 14.965 28.673 3.948 17.457 90.372 2.978 12.780 15.247 91.272 0.000
0.0000 106.9180 106.9180 22.2386 90.1841 3.4413 10.1038 7.2727 103.0691 6.9915 9.2355 0.4984 6.6085 5.1328 1.0005 5.8476 7.3814 4.8517 4.8140 106.4449 2.0705 10.8320 107.0604 5.5309 107.6020 20.7918 8.2493 0.6555 6.9609 6.6236 8.8355 8.4573 6.1609 9.4577 0.9255 11.1381 7.6892 7.1182 106.9590 3.1029 7.3879 10.1202 106.9356 103.3481 5.5979 91.0446 10.0232 7.9741 90.1670 102.6563 6.1019 104.4882 8.9374 15.2114 4.6809 109.0313 0.6844 89.7886 14.2006 7.7823 6.9395 0.5909 101.8941 30.7195 91.3674 14.4519 9.6029 106.6866 10.1919 4.5967 8.8849 90.2521 6.1490 6.2452 101.9600 7.5005 4.0866 5.7109 21.2832 7.0259 8.3765 10.3109 101.6390 15.5796 9.5726 9.6487 90.6785 9.2041 106.9180 9.6176 21.9674 4.6336 15.2493 107.0580 5.4835 7.5416 10.4796 107.7905 6.5313
107.0734 0.0000 0.0000 96.2600 19.8063 109.5309 111.0646 112.7355 7.1676 112.4543 110.1964 106.5788 110.7670 110.5956 105.9689 111.3104 110.5746 110.3146 107.0731 1.2374 108.7959 112.6837 0.6707 110.9937 1.5069 85.8507 109.8918 106.5880 112.0349 112.0864 111.5308 109.4181 112.0110 111.5271 106.8996 112.0989 108.6500 112.5811 0.8639 109.1924 112.8508 112.0907 0.7559 6.8044 111.0607 19.8602 110.9840 110.2882 19.7892 4.9263 108.3611 4.1619 111.2878 116.1722 110.1437 9.1146 107.4098 20.2407 115.1614 110.3504 112.7717 107.0772 5.2645 85.9944 19.3695 115.4127 110.5637 0.4602 111.1527 110.0595 111.4484 23.5698 111.9254 111.7080 4.9579 109.7597 109.5495 111.1737 85.3400 112.4888 110.6213 111.2717 5.6779 116.5404 110.5334 110.6095 20.3007 110.1650 0.0000 111.9205 85.3205 110.0964 116.2101 0.6683 110.9464 110.2335 111.4405 1.6953 111.9941
107.0734 0.0000 0.0000 96.2600 19.8063 109.5309 111.0646 112.7355 7.1676 112.4543 110.1964 106.5788 110.7670 110.5956 105.9689 111.3104 110.5746 110.3146 107.0731 1.2374 108.7959 112.6837 0.6707 110.9937 1.5069 85.8507 109.8918 106.5880 112.0349 112.0864 111.5308 109.4181 112.0110 111.5271 106.8996 112.0989 108.6500 112.5811 0.8639 109.1924 112.8508 112.0907 0.7559 6.8044 111.0607 19.8602 110.9840 110.2882 19.7892 4.9263 108.3611 4.1619 111.2878 116.1722 110.1437 9.1146 107.4098 20.2407 115.1614 110.3504 112.7717 107.0772 5.2645 85.9944 19.3695 115.4127 110.5637 0.4602 111.1527 110.0595 111.4484 23.5698 111.9254 111.7080 4.9579 109.7597 109.5495 111.1737 85.3400 112.4888 110.6213 111.2717 5.6779 116.5404 110.5334 110.6095 20.3007 110.1650 0.0000 111.9205 85.3205 110.0964 116.2101 0.6683 110.9464 110.2335 111.4405 1.6953 111.9941
28.0576 84.6794 84.6794 0.0000 67.9455 30.5151 32.0488 33.7198 80.8306 33.4386 31.1806 27.5630 31.7513 31.5799 26.9532 32.2947 31.5588 31.2988 28.0574 84.2064 29.7801 33.6679 84.8218 31.9780 85.3634 4.6825 30.8761 27.5723 33.0191 33.0707 32.5151 30.4024 32.9953 32.5114 27.8839 33.0832 29.6343 33.5653 84.7204 30.1767 33.8350 33.0749 84.6970 81.1095 32.0450 68.8060 31.9683 31.2724 67.9285 80.4177 29.3454 82.2496 32.2721 37.1565 31.1280 86.7927 28.3941 67.5501 36.1457 31.3347 33.7560 28.0614 79.6556 8.4809 69.1288 36.3970 31.5480 84.4480 32.1370 31.0438 32.4326 68.0136 32.9096 32.6923 79.7214 30.7440 30.5337 32.1579 4.1719 33.4730 31.6055 32.2560 79.4004 37.5247 31.5177 31.5938 68.4399 31.1492 84.6794 32.9048 4.1524 31.0807 37.1944 84.8194 31.9306 31.2178 32.4247 85.5519 32.9784
90.2486 20.1727 20.1727 79.4353 0.0000 92.7061 94.2399 95.9108 16.3239 95.6296 93.3716 89.7541 93.9423 93.7709 89.1442 94.4857 93.7499 93.4898 90.2484 19.6997 91.9712 95.8589 20.3151 94.1690 20.8568 69.0259 93.0671 89.7633 95.2101 95.2617 94.7061 92.5934 95.1863 94.7024 90.0749 95.2742 91.8253 95.7564 20.2137 92.3677 96.0261 95.2659 20.1903 16.6028 94.2360 1.1950 94.1593 93.4634 0.2311 15.9110 91.5364 17.7429 94.4631 99.3475 93.3190 22.2860 90.5851 1.4966 98.3367 93.5257 95.9470 90.2525 15.1489 69.1697 1.5252 98.5880 93.7390 19.9413 94.3280 93.2348 94.6236 1.9230 95.1006 94.8833 15.2148 92.9350 92.7247 94.3490 68.5153 95.6641 93.7965 94.4470 14.8937 99.7157 93.7087 93.7848 0.5824 93.3402 20.1727 95.0958 68.4958 93.2717 99.3854 20.3127 94.1216 93.4088 94.6157 21.0452 95.1694
4.0312 110.0398 110.0398 25.3604 93.3060 0.0000 10.4954 6.9440 106.1910 6.6628 10.2075 4.5296 6.4453 4.8041 5.5963 5.5189 7.0528 4.5231 7.9358 109.5668 2.8135 10.5033 110.1823 5.2022 110.7239 23.9137 7.9206 4.7890 6.6323 6.2949 8.5068 8.7401 5.8322 9.1291 4.9567 9.8438 8.9242 6.7896 110.0809 1.1652 7.0593 9.7915 110.0574 106.4699 5.2692 94.1664 9.0035 7.6454 93.2889 105.7781 9.2238 107.6100 8.6087 12.1625 4.3522 112.1531 4.3676 92.9105 17.3225 7.4537 6.6108 4.6221 105.0160 33.8414 94.4893 11.4030 8.5831 109.8084 9.7338 4.2680 8.5562 93.3740 5.8203 5.9165 105.0819 6.6934 3.7579 5.3822 24.4050 6.6973 8.0479 10.7025 104.7608 12.5307 8.0573 8.6104 93.8004 8.1832 110.0398 9.2889 25.0893 4.3049 12.2004 110.1799 5.1549 7.2130 9.4605 110.9123 6.2026
9.5073 111.6566 111.6566 26.9772 94.9228 9.9736 0.0000 8.9686 107.8078 8.0382 1.2013 9.0127 13.0162 10.3890 8.4029 9.1174 3.4007 10.4974 9.3223 111.1836 10.8995 2.8225 111.7991 10.8508 112.3407 25.5305 3.5036 9.0220 4.0440 8.6660 2.1714 3.0299 5.1075 1.6660 9.3335 2.2377 2.5249 10.5009 111.6977 9.6351 10.7706 2.2295 111.6743 108.0867 10.0716 95.7832 1.6246 3.1143 94.9057 107.3949 10.6102 109.2268 1.9284 5.4111 10.1704 113.7699 9.8437 94.5273 9.0135 3.1765 5.3287 9.5111 106.6328 28.9230 96.1061 4.6516 1.9178 111.4252 1.2915 9.8529 2.0889 94.9908 5.0219 9.1317 106.6987 12.0089 9.3429 10.1846 26.0219 10.4086 3.0837 0.8404 106.3777 5.7793 2.4134 3.6253 95.4172 3.1544 111.6566 2.0593 26.7061 10.4249 5.4490 111.7967 10.6484 3.8453 1.7164 112.5291 9.9139
7.1777 113.1863 113.1863 28.5069 96.4525 6.3520 9.0010 0.0000 109.3375 1.7624 8.9989 7.6761 10.5722 2.6483 8.7428 2.9218 6.1116 2.8827 11.0823 112.7133 8.2055 9.0997 113.3288 2.2058 113.8704 27.0602 8.3140 7.9355 5.5119 2.1855 7.1033 7.8402 5.5205 7.7255 8.1032 8.4403 8.0243 1.8785 113.2274 6.0136 2.1482 8.3880 113.2039 109.6164 5.3412 97.3129 7.5999 6.6167 96.4354 108.9246 12.3936 110.7565 7.2051 7.4884 3.1190 115.2996 7.5141 96.0570 14.3613 6.0501 5.6571 7.7686 108.1625 33.7581 97.6358 6.9139 7.1796 112.9549 8.3303 3.2304 7.1527 96.5205 5.5086 2.1400 108.2284 10.8203 3.6325 5.4542 27.5515 1.7862 6.6443 9.2081 107.9074 8.0264 6.6537 7.2069 96.9469 6.7797 113.1863 7.8854 28.2358 3.0634 8.3782 113.3264 2.3859 7.9414 8.0563 114.0588 1.2916
103.2245 7.1676 7.1676 92.4112 15.9575 105.6820 107.2158 108.8867 0.0000 108.6055 106.3475 102.7300 106.9182 106.7468 102.1201 107.4616 106.7258 106.4657 103.2243 6.6946 104.9471 108.8349 7.3100 107.1449 7.8516 82.0018 106.0430 102.7392 108.1860 108.2376 107.6820 105.5693 108.1622 107.6783 103.0508 108.2501 104.8012 108.7323 7.2086 105.3436 109.0020 108.2419 7.1852 1.9262 107.2119 16.0114 107.1352 106.4393 15.9404 2.9059 104.5123 4.7378 107.4390 112.3234 106.2949 13.3775 103.5610 16.3919 111.3126 106.5016 108.9229 103.2284 2.1259 82.1456 15.5206 111.5639 106.7149 6.9362 107.3039 106.2107 107.5995 19.7210 108.0765 107.8592 2.2096 105.9109 105.7006 107.3249 81.4912 108.6400 106.7724 107.4229 1.8707 112.6916 106.6846 106.7607 16.4519 106.3161 7.1676 108.0717 81.4717 106.2476 112.3613 7.3076 107.0975 106.3847 107.5916 8.0401 108.1453
8.3848 114.3934 114.3934 29.7140 97.6596 7.5591 8.7782 1.7624 110.5446 0.0000 8.7761 8.8831 11.6632 3.8554 9.9499 2.1321 5.8888 4.0897 12.3423 113.9204 9.2965 8.8769 114.5358 3.4129 115.0775 28.2673 8.0912 9.1426 5.2891 1.3958 6.8805 7.6175 5.2977 7.5027 9.3103 8.2175 7.8015 3.0856 114.4344 7.2207 3.3553 8.1652 114.4110 110.8235 3.9535 98.5200 7.3771 6.3939 97.6425 110.1317 13.4845 111.9636 6.9823 7.2657 4.0523 116.5067 8.7212 97.2641 14.1385 5.8273 5.4343 8.9757 109.3696 33.5353 98.8428 6.6911 6.9568 114.1620 8.1075 4.4375 6.9299 97.7276 5.2858 1.3504 109.4355 11.9113 4.8396 4.0665 28.7586 2.9933 6.4215 8.9853 109.1144 7.8036 6.4310 6.9841 98.1539 6.5569 114.3934 7.6626 29.4429 4.2705 8.1554 114.5335 3.5930 7.7186 7.8335 115.2659 2.4986
8.6390 110.7884 110.7884 26.1090 94.0546 9.6682 1.2013 9.0043 106.9396 8.0738 0.0000 8.1445 12.1479 10.0837 7.5346 9.1531 3.3986 10.5330 8.4541 110.3154 13.4845 2.8204 110.9308 10.8865 111.4725 24.6623 2.6354 8.1537 4.0419 8.7017 2.1693 2.1617 4.7546 1.6639 8.4653 2.2356 1.6566 10.5366 110.8294 9.3298 10.8063 2.2274 110.8060 107.2185 10.1073 94.9150 1.6225 3.1122 94.0375 106.5267 9.7420 108.3586 1.9263 5.4091 10.2061 112.9017 8.9755 93.6591 9.0114 3.1745 5.3266 8.6429 105.7646 28.0548 95.2378 4.6496 1.9158 110.5570 1.2895 9.5476 2.0868 94.1226 4.6689 9.1674 105.8305 11.1406 9.0375 10.2203 25.1536 10.4443 3.0816 1.4085 105.5094 5.7773 2.4113 3.6610 94.5489 3.2165 110.7884 2.0573 25.8379 10.4605 5.4470 110.9285 10.6841 2.9770 1.7143 111.6609 9.9496
0.4795 106.8905 106.8905 22.2111 90.1566 3.9208 10.0763 7.7521 103.0416 7.4709 9.2080 0.0000 8.4803 5.6123 0.6099 6.3270 7.8609 5.3312 4.7865 106.4174 2.5500 11.6954 107.0329 6.0103 107.5745 20.7643 8.9035 0.3450 7.4404 7.1031 9.3150 8.4298 6.6403 10.5388 1.0096 11.1106 7.6617 7.5977 106.9315 3.5824 7.8674 11.1024 106.9081 103.3206 6.0773 91.0171 9.9957 9.2998 90.1395 102.6288 6.0744 104.4607 10.2995 15.1839 5.1604 109.0038 1.1639 89.7611 14.1731 8.2618 7.4189 0.6750 101.8666 30.6920 91.3399 14.4244 9.5754 106.6591 10.1644 5.0762 9.3644 90.2247 6.6284 6.7246 101.9325 7.4731 4.5661 6.1903 21.2557 7.5054 9.6329 10.2834 101.6115 15.5521 9.5451 9.6212 90.6510 9.1766 106.8905 10.9322 21.9399 5.1130 15.2218 107.0305 5.9630 8.0211 10.4522 107.7630 7.0108
6.4633 111.0490 111.0490 26.3697 94.3152 6.9154 13.9225 9.9152 107.2002 10.5388 13.0542 6.9616 0.0000 9.3451 7.4638 9.3949 10.8555 8.3258 3.6233 110.5760 4.7870 15.5415 111.1915 8.8717 111.7331 24.9229 12.7497 7.1188 10.4350 10.1709 12.3096 12.2760 9.6350 14.3850 7.3888 14.9568 11.5079 9.8409 111.0901 6.5770 10.1106 14.9485 111.0667 107.4791 9.1452 95.1756 13.8419 13.1460 94.2981 106.7873 5.3442 108.6192 14.1457 19.0301 8.2282 113.1623 6.7997 93.9197 18.0193 11.2564 10.4135 7.0542 106.0252 34.8506 95.4985 18.2706 13.4216 110.8177 14.0106 8.0708 14.3062 94.3832 9.6231 9.7924 106.0911 1.7775 7.5607 9.2581 25.4143 9.7486 13.4791 14.1296 105.7701 19.3983 13.3913 13.4674 94.8096 13.0228 111.0490 14.7784 26.0985 8.4826 19.0680 111.1891 8.8243 11.0157 14.2983 111.9215 9.2540
5.9169 111.9255 111.9255 27.2462 95.1917 5.0912 10.8334 2.8912 108.0767 3.9997 10.8313 6.4153 9.4976 0.0000 7.4820 4.3829 7.9440 2.2957 9.8215 111.4525 7.1309 10.9321 112.0680 1.8463 112.6096 25.7994 9.8063 6.6747 7.3443 3.6466 8.9357 9.6726 7.7179 9.5579 6.8424 10.2726 9.8567 2.8169 111.9666 4.7528 3.0866 10.2204 111.9432 108.3556 4.1332 96.0521 9.4323 8.4491 95.1746 107.6638 11.3189 109.4957 9.0375 9.3208 2.5321 114.0388 6.2534 94.7962 19.2082 7.8825 7.4895 6.5078 106.9017 35.7271 96.3750 8.7462 9.0120 111.6942 10.1626 2.7071 8.9851 95.2597 7.7060 3.6011 106.9676 9.7457 2.3718 4.2462 26.2908 2.7246 8.4767 11.0405 106.6466 9.8588 8.4861 9.0393 95.6861 8.6121 111.9255 9.7178 26.9750 2.4765 10.2106 112.0656 1.7990 9.0987 9.8887 112.7980 2.2300
0.9816 106.5339 106.5339 21.8545 89.8001 4.4229 9.7197 8.2542 102.6851 7.9731 8.8515 0.6099 8.1238 6.1144 0.0000 6.8292 8.3630 5.8333 4.4299 106.0609 3.0521 11.3388 106.6764 6.5124 107.2180 20.4078 8.5470 0.6191 7.9425 7.6052 10.1859 8.0733 7.1425 10.1823 0.9307 10.7540 7.3052 8.0998 106.5750 4.0845 8.3695 10.7458 106.5516 102.9640 6.5794 90.6605 9.6392 8.9433 89.7830 102.2722 5.7179 104.1041 9.9429 14.8274 5.6625 108.6472 1.6660 89.4046 13.8166 9.0055 7.9210 1.1771 101.5101 30.3355 90.9834 14.0679 9.2189 106.3025 9.8078 5.5783 10.1035 89.8681 7.1306 7.2267 101.5760 7.1165 5.0682 6.6924 20.8992 8.0075 9.2764 9.9269 101.2550 15.1956 9.1885 9.2646 90.2945 8.8201 106.5339 10.5756 21.5834 5.6151 14.8653 106.6740 6.4651 8.8886 10.0956 107.4064 7.5129
7.6625 113.6711 113.6711 28.9917 96.9373 6.8368 8.7334 2.7097 109.8223 1.9200 8.7313 8.1609 10.8824 4.1934 9.2276 0.0000 5.8440 3.3665 11.5671 113.1981 8.5157 8.8321 113.8136 3.7199 114.3552 27.5450 8.0463 8.4203 5.2443 1.2525 6.8357 7.5726 5.2529 7.4579 8.5880 8.1726 7.7567 3.4479 113.7122 6.4984 3.7176 8.1204 113.6887 110.1012 2.1495 97.7977 7.3323 6.3491 96.9202 109.4094 12.7037 111.2413 6.9375 7.2208 3.0395 115.7844 7.9990 96.5418 14.0937 5.7825 5.3895 8.2534 108.6473 33.4905 98.1206 6.6462 6.9120 113.4397 8.0626 3.4609 6.8851 97.0053 5.2410 0.3976 108.7132 11.1305 3.9138 2.2625 28.0363 3.3556 6.3767 8.9405 108.3921 7.7588 6.3861 6.9393 97.4317 6.5121 113.6711 7.6178 28.7206 3.2940 8.1106 113.8112 3.5175 7.6738 7.7887 114.5436 2.8609
7.3566 111.0429 111.0429 26.3635 94.3090 6.5310 3.5521 6.7147 107.1940 5.7843 3.5500 8.3989 12.4024 6.9464 7.7891 6.8636 0.0000 6.6654 8.7085 110.5698 7.4569 4.4123 111.1853 7.3445 111.7269 24.9167 2.6069 8.4082 1.3371 6.4121 2.6978 2.3914 1.9037 3.2558 8.7198 3.8276 2.5754 8.2470 111.0839 6.1925 8.5167 3.8193 111.0605 107.4729 7.8177 95.1694 2.1510 0.4362 94.2919 106.7811 9.9965 108.6131 2.4548 7.0010 6.4945 113.1561 7.6931 93.9135 11.6171 0.3266 2.4351 7.9476 106.0190 28.3092 95.4923 6.2415 1.7307 110.8115 2.8814 6.4103 2.6153 94.3770 1.8918 6.8778 106.0849 11.3951 5.9002 7.9307 25.4081 8.1547 1.7882 3.7592 105.7639 7.3692 1.7004 1.7580 94.8034 1.3308 111.0429 2.7987 26.0923 6.4472 7.0389 111.1829 7.2972 1.8993 2.6075 111.9154 7.6600
4.8407 110.8493 110.8493 26.1699 94.1155 4.0150 10.9460 2.9434 107.0005 4.1222 10.9440 5.3391 8.9004 0.8036 6.4058 2.9783 7.8623 0.0000 8.7453 110.3763 4.9410 11.0448 110.9918 1.2016 111.5334 24.7232 8.7301 5.5985 7.4418 3.7543 9.0483 9.5496 6.6417 9.6706 5.7662 10.3853 9.7337 2.7890 110.8904 3.6766 3.0587 10.3331 110.8669 107.2794 2.7286 94.9759 9.5450 8.4549 94.0984 106.5876 10.0333 108.4195 9.1502 9.4335 0.3270 112.9626 5.1771 93.7200 18.1320 7.9952 7.4203 5.4316 105.8255 34.6509 95.2988 8.8589 9.1246 110.6179 10.2753 0.3477 9.0977 94.1835 6.6298 3.3758 105.8914 9.1485 1.2955 2.8415 25.2145 2.6967 8.5894 11.1532 105.5704 9.9714 8.5988 9.1519 94.6099 8.7247 110.8493 9.8304 25.8988 0.1807 10.3233 110.9894 0.8573 8.0225 10.0014 111.7218 2.2021
6.5521 107.4114 107.4114 22.7320 90.6775 7.8278 10.2848 11.5006 103.5625 12.1242 9.4165 6.0575 3.6200 10.9305 5.4477 10.9803 9.7948 9.7933 0.0000 106.9383 5.6994 11.9038 107.5538 10.4571 108.0954 21.2852 9.1120 6.0668 11.2550 11.7563 10.7510 8.6383 11.2312 10.7473 6.3784 11.3191 7.8702 11.4264 107.4524 7.4893 11.6961 11.3109 107.4290 103.8414 10.7306 91.5379 10.2042 9.5083 90.6604 103.1496 1.7066 104.9816 10.5080 15.3924 9.8136 109.5246 6.8885 90.2820 14.3816 9.5706 11.9919 6.5559 102.3875 31.2129 91.8608 14.6329 9.7839 107.1800 10.3729 9.5383 10.6685 90.7455 11.1455 11.3779 102.4534 2.6866 9.0282 10.8436 21.7766 11.3341 9.8414 10.4919 102.1324 15.7606 9.7536 9.8297 91.1719 9.3851 107.4114 11.1407 22.4608 9.5751 15.4303 107.5514 10.4098 9.4537 10.6607 108.2839 10.8394
106.6003 1.2374 1.2374 95.7870 19.3333 109.0578 110.5916 112.2625 6.6946 111.9813 109.7234 106.1058 110.2940 110.1226 105.4959 110.8374 110.1016 109.8416 106.6001 0.0000 108.3229 112.2106 1.3798 110.5207 1.2587 85.3776 109.4188 106.1150 111.5619 111.6134 111.0578 108.9451 111.5380 111.0541 106.4266 111.6259 108.1770 112.1081 0.6157 108.7194 112.3778 111.6177 0.5923 6.3313 110.5877 19.3872 110.5110 109.8151 19.3162 4.4533 107.8881 3.6888 110.8148 115.6992 109.6707 7.9788 106.9368 19.7677 114.6884 109.8774 112.2987 106.6042 4.7914 85.5214 18.8964 114.9397 110.0907 1.0060 110.6797 109.5865 110.9753 23.0968 111.4523 111.2350 4.4849 109.2867 109.0764 110.7007 84.8670 112.0158 110.1482 110.7987 5.2049 116.0674 110.0604 110.1365 19.8277 109.6919 1.2374 111.4475 84.8475 109.6234 115.7371 1.3774 110.4734 109.7605 110.9675 1.4471 111.5211
1.6763 108.6039 108.6039 23.9245 91.8700 2.1284 9.5111 5.9598 104.7551 5.6786 9.2232 2.1747 5.6109 3.8199 2.6768 4.5347 6.0685 3.5388 6.4999 108.1309 0.0000 9.5191 108.7463 4.2180 109.2879 22.4778 6.9364 2.3318 5.6480 5.3107 7.5226 7.7559 4.8480 8.1448 2.6018 8.8596 7.9399 5.8053 108.6449 1.7900 6.0750 8.8073 108.6215 105.0340 4.2850 92.7305 8.0192 6.6611 91.8530 104.3422 7.7878 106.1741 7.6244 11.1783 3.3680 110.7172 2.0127 91.4746 15.8865 6.4694 5.6265 2.2672 103.5801 32.4054 93.0533 10.4188 7.5989 108.3725 8.7496 3.2838 7.5720 91.9381 4.8361 4.9323 103.6459 5.8590 2.7737 4.3979 22.9691 5.7130 7.0636 9.7183 103.3249 11.5465 7.0731 7.6262 92.3644 7.1990 108.6039 8.3047 23.6534 3.3207 11.2162 108.7439 4.1706 6.2287 8.4763 109.4764 5.2184
11.1263 113.2757 113.2757 28.5963 96.5419 9.9815 2.8225 9.0672 109.4269 8.1368 2.8204 10.6318 14.6352 10.3970 10.0219 9.2161 4.6516 10.5960 10.9414 112.8027 10.9075 0.0000 113.4181 10.9495 113.9598 27.1496 5.1227 10.6410 4.0519 8.7646 2.8458 4.6490 5.3543 2.3856 10.9526 0.8295 4.1439 10.5995 113.3167 9.6431 10.8692 1.0316 113.2933 109.7058 10.1702 97.4023 2.4848 3.9745 96.5248 109.0140 12.2293 110.8459 2.7886 3.9823 10.2690 115.3890 11.4628 96.1464 7.4708 4.0368 5.3366 11.1302 108.2519 30.5421 97.7251 3.2228 2.7781 113.0443 1.6837 9.8608 2.8952 96.6099 5.3424 9.2303 108.3178 13.6279 9.3508 10.2832 27.6409 10.5072 3.9439 3.0296 107.9967 4.3505 3.2736 4.4856 97.0363 4.0147 113.2757 2.5455 28.3252 10.5235 4.0202 113.4158 10.7470 5.2992 2.6187 114.1482 10.0125
107.2158 0.6707 0.6707 96.4025 19.9487 109.6733 111.2070 112.8779 7.3100 112.5968 110.3388 106.7212 110.9095 110.7381 106.1114 111.4529 110.7170 110.4570 107.2156 1.3798 108.9383 112.8261 0.0000 111.1361 1.0141 85.9931 110.0343 106.7305 112.1773 112.2289 111.6733 109.5606 112.1535 111.6696 107.0421 112.2413 108.7925 112.7235 1.0063 109.3349 112.9932 112.2331 0.8983 6.9468 111.2032 20.0026 111.1265 110.4306 19.9316 5.0687 108.5035 4.3043 111.4303 116.3147 110.2862 9.2570 107.5522 20.3832 115.3039 110.4929 112.9142 107.2196 5.4069 86.1368 19.5119 115.5552 110.7062 0.3702 111.2951 110.2020 111.5908 23.7122 112.0678 111.8504 5.1004 109.9022 109.6919 111.3161 85.4825 112.6312 110.7637 111.4142 5.8204 116.6829 110.6758 110.7519 20.4431 110.3074 0.6707 112.0629 85.4629 110.2388 116.3526 0.1333 111.0888 110.3759 111.5829 1.7814 112.1366
6.8866 112.8952 112.8952 28.2158 96.1613 6.0609 9.6839 1.7418 109.0464 3.6223 9.6819 7.3849 10.7031 2.3572 8.4517 3.2334 6.7946 2.5915 10.7912 112.4221 8.3364 9.7827 113.0376 0.0000 113.5792 26.7690 8.9969 7.6444 6.1949 2.4971 7.7862 8.5232 6.2035 8.4085 7.8121 9.1232 8.7073 1.5874 112.9362 5.7224 1.8571 9.0710 112.9128 109.3253 5.3447 97.0218 8.2829 7.2997 96.1442 108.6335 12.5245 110.4654 7.8881 8.1714 2.8278 115.0085 7.2230 95.7659 15.0443 6.7331 6.3401 7.4775 107.8714 36.6967 97.3446 7.5968 7.8625 112.6638 9.0132 2.9392 7.8357 96.2294 6.1916 2.4517 107.9372 10.9512 3.3414 5.4577 27.2604 1.4951 7.3273 9.8911 107.6162 8.7093 7.3367 7.8898 96.6557 7.4626 112.8952 8.5683 27.9446 2.7723 9.0612 113.0352 2.0948 8.6244 8.7393 113.7677 1.0004
107.7574 1.5069 1.5069 96.9441 20.4904 110.2149 111.7486 113.4196 7.8516 113.1384 110.8804 107.2629 111.4511 111.2797 106.6530 111.9945 111.2586 110.9986 107.7572 1.2587 109.4799 113.3677 1.0141 111.6778 0.0000 86.5347 110.5759 107.2721 112.7189 112.7705 112.2149 110.1022 112.6951 112.2112 107.5837 112.7830 109.3341 113.2651 0.8852 109.8765 113.5348 112.7747 0.7515 7.4884 111.7448 20.5443 111.6681 110.9722 20.4733 5.6103 109.0452 4.8459 111.9719 116.8563 110.8278 9.1359 108.0939 20.9248 115.8455 111.0345 113.4558 107.7613 5.9485 86.6784 20.0535 116.0968 111.2478 1.1448 111.8368 110.7436 112.1324 24.2538 112.6094 112.3921 5.6420 110.4438 110.2335 111.8578 86.0241 113.1728 111.3053 111.9558 6.3620 117.2245 111.2175 111.2936 20.9847 110.8490 1.5069 112.6046 86.0046 110.7805 116.8942 1.1336 111.6304 110.9176 112.1245 1.1437 112.6782
22.0147 85.7965 85.7965 14.9072 69.0627 24.4722 26.0060 27.6769 81.9477 27.3957 25.1377 21.5202 25.7084 25.5370 20.9103 26.2518 25.5159 25.2559 22.0145 85.3235 23.7372 27.6250 85.9390 25.9351 86.4806 0.0000 24.8332 21.5294 26.9762 27.0278 26.4722 24.3595 26.9524 26.4685 21.8410 27.0403 23.5914 27.5225 85.8376 24.1338 27.7921 27.0320 85.8142 82.2266 26.0021 69.9231 25.9254 25.2295 69.0456 81.5348 23.3025 83.3667 26.2292 31.1136 25.0851 87.9098 22.3512 68.6672 30.1028 25.2918 27.7131 22.0186 80.7727 9.0727 70.2460 30.3541 25.5051 85.5652 26.0941 25.0009 26.3897 69.1307 26.8667 26.6494 80.8386 24.7011 24.4908 26.1151 1.1414 27.4301 25.5626 26.2131 80.5176 31.4818 25.4748 25.5509 69.5571 25.1063 85.7965 26.8619 1.0990 25.0378 31.1515 85.9366 25.8877 25.1749 26.3818 86.6690 26.9355
7.1190 109.2684 109.2684 24.5890 92.5345 7.3988 3.5210 8.4048 105.4195 7.4744 2.6528 6.6244 10.6279 7.8143 6.0146 8.5537 2.6069 7.5332 6.9340 108.7953 8.3248 5.1401 109.4108 8.2124 109.9524 23.1422 0.0000 6.6337 3.5717 8.1022 3.9828 1.1855 2.4852 3.9836 6.9453 4.5553 1.3695 9.9371 109.3094 7.0604 10.2068 4.5471 109.2860 105.6984 9.5078 93.3949 3.4361 2.2490 92.5174 105.0066 8.2220 106.8386 3.7398 7.7287 7.3624 111.3816 7.4554 92.1390 10.6524 2.6338 3.5502 7.1228 104.2445 27.3445 93.7178 6.9693 3.0157 109.0370 3.6091 7.2782 3.9004 92.6025 2.3995 8.5680 104.3104 9.6206 6.7681 9.6208 23.6336 9.8448 3.0733 3.7282 103.9894 8.0970 2.9854 3.0615 93.0289 2.6170 109.2684 4.3770 24.3178 7.3150 7.7666 109.4084 8.1650 0.7077 3.8925 110.1409 9.3501
0.6166 106.6197 106.6197 21.9403 89.8859 4.0579 9.8055 7.8893 102.7709 7.6081 8.9373 0.3450 8.2096 5.7494 0.6191 6.4642 7.9981 5.4683 4.5157 106.1467 2.6871 11.4246 106.7622 6.1475 107.3038 20.4936 8.6328 0.0000 7.5776 7.2402 10.2717 8.1591 6.7775 10.2681 1.1468 10.8398 7.3910 7.7349 106.6608 3.7195 8.0046 10.8316 106.6374 103.0498 6.2145 90.7463 9.7250 9.0291 89.8688 102.3580 5.8037 104.1899 10.0287 14.9132 5.2975 108.7330 1.3011 89.4904 13.9024 9.0913 7.5561 0.8122 101.5959 30.4213 91.0692 14.1537 9.3047 106.3883 9.8936 5.2133 10.1893 89.9539 6.7656 6.8618 101.6618 7.2023 4.7032 6.3275 20.9850 7.6426 9.3622 10.0127 101.3408 15.2814 9.2743 9.3504 90.3803 8.9059 106.6197 10.6614 21.6692 5.2502 14.9511 106.7598 6.1001 8.9744 10.1814 107.4922 7.1479
6.9361 111.4439 111.4439 26.7645 94.7101 6.1105 4.0440 5.5585 107.5951 4.6281 4.0419 7.4345 10.4939 6.5259 8.1902 5.7074 1.0638 6.2449 9.1096 110.9709 7.0364 4.0519 111.5864 7.4408 112.1280 25.3178 3.2661 7.6940 0.0000 5.2559 2.0555 2.7924 1.4832 2.6777 7.8617 3.3924 2.9765 7.0908 111.4850 5.7720 7.3605 3.3402 111.4616 107.8740 6.6615 95.5705 2.5521 1.5689 94.6930 107.1822 10.3975 109.0141 2.1573 5.7111 6.7604 113.5572 7.2726 94.3146 9.3135 1.0023 2.0146 7.5271 106.4201 28.7103 95.8934 4.9517 2.1318 111.2125 3.2825 5.9898 2.1049 94.7781 1.4713 5.7217 106.4860 11.7962 5.4797 6.7745 25.8092 6.9985 1.5965 4.2511 106.1650 6.0794 1.6059 2.1591 95.2045 1.7319 111.4439 2.8376 26.4934 6.0267 5.7490 111.5840 7.2383 2.8640 3.0092 112.3164 6.5038
7.5880 113.5966 113.5966 28.9172 96.8627 6.7623 8.6523 2.1776 109.7478 1.3879 8.6503 8.0863 10.8078 4.1189 9.1531 1.4891 5.7629 3.2919 11.4926 113.1236 8.4412 8.7511 113.7390 3.6454 114.2806 27.4705 7.9653 8.3458 5.1632 0.0000 6.7546 7.4916 5.1718 7.3768 8.5135 8.0916 7.6756 2.9158 113.6376 6.4239 3.1855 8.0393 113.6142 110.0267 2.8662 97.7232 7.2512 6.2681 96.8457 109.3349 12.6292 111.1668 6.8565 7.1398 2.9650 115.7099 7.9244 96.4673 14.0127 5.7014 5.3084 8.1789 108.5728 33.4094 98.0460 6.5652 6.8309 113.3652 7.9816 3.3864 6.8040 96.9308 5.1599 0.5874 108.6387 11.0559 3.8393 2.9792 27.9618 2.8235 6.2956 8.8595 108.3176 7.6777 6.3051 6.8582 97.3571 6.4310 113.5966 7.5367 28.6461 3.2194 8.0295 113.7366 3.4429 7.5927 7.7077 114.4691 2.3288
8.8107 112.1088 112.1088 27.4294 95.3750 7.9850 2.1714 7.0707 108.2600 6.1403 2.1693 9.4649 13.4684 8.4005 8.8551 7.2196 2.6552 8.5995 9.7745 111.6358 8.9110 2.8458 112.2513 8.9530 112.7929 25.9827 3.9572 9.4742 2.0555 6.7681 0.0000 3.4835 3.3578 1.4715 9.7362 2.1863 2.9016 8.6030 112.1499 7.6466 8.8727 2.1340 112.1265 108.5389 8.1738 96.2354 0.6066 2.2600 95.3579 107.8471 11.0624 109.6790 0.2430 4.5050 8.2726 114.2221 9.1472 94.9795 8.1073 2.3222 3.3402 9.4016 107.0850 29.3752 96.5583 3.7455 1.0635 111.8775 1.5006 7.8644 0.1906 95.4430 3.3459 7.2339 107.1509 12.4611 7.3543 8.2867 26.4741 8.5107 2.2294 2.3785 106.8299 4.8732 1.5591 2.7710 95.8694 2.3001 112.1088 0.6141 27.1583 8.5270 4.5429 112.2489 8.7505 3.5846 0.7204 112.9813 8.0161
6.9153 109.0647 109.0647 24.3853 92.3308 8.1196 2.9451 7.8289 105.2158 6.8984 2.0769 6.4208 10.4242 8.5351 5.8109 7.9777 2.4507 9.3577 6.7303 108.5916 11.7608 4.5642 109.2071 9.7111 109.7487 22.9385 1.0868 6.4300 3.9110 7.5263 3.4069 0.0000 3.2060 3.4077 6.7416 3.9794 0.7936 9.3612 109.1057 7.7812 9.6309 3.9712 109.0823 105.4948 8.9319 93.1913 2.8601 2.1643 92.3137 104.8030 8.0183 106.6349 3.1639 7.1528 9.0307 111.1780 7.2518 91.9353 9.6389 2.2265 4.2710 6.9192 104.0408 26.3310 93.5141 6.3933 2.4398 108.8333 3.0332 7.9990 3.3245 92.3988 3.1203 7.9920 104.1067 9.4169 7.4889 9.0449 23.4299 9.2689 2.4974 3.1523 103.7857 7.5210 2.4095 2.4856 92.8252 2.0411 109.0647 3.8010 24.1141 9.2851 7.1907 109.2047 9.5087 1.4285 3.3166 109.9372 8.7742
6.1361 111.3875 111.3875 26.7081 94.6537 5.3104 5.1075 6.8608 107.5387 5.9304 4.7720 6.6344 9.6939 5.7259 7.7012 7.0097 1.9037 5.4448 9.0532 110.9145 6.2364 5.3543 111.5300 6.1239 112.0716 25.2614 2.4852 6.8939 1.4832 6.5582 3.3578 3.3047 0.0000 3.9800 7.0616 4.6948 3.4887 7.7113 111.4286 4.9720 7.9810 4.6425 111.4052 107.8176 6.1909 95.5141 3.7065 2.2099 94.6366 107.1258 10.3411 108.9577 3.4596 7.0135 5.2739 113.5008 6.4725 94.2582 12.7716 2.3046 1.4617 6.7270 106.3637 29.4637 95.8370 6.2540 3.2861 111.1561 4.4368 5.1897 3.4072 94.7217 0.3848 7.0240 106.4296 11.7398 4.6797 6.3039 25.7528 7.6190 2.8988 5.3147 106.1086 7.3817 3.2558 3.3134 95.1481 2.8862 111.3875 4.1399 26.4370 5.2266 7.0514 111.5276 6.0766 1.7775 4.1629 112.2600 7.1243
9.9698 112.1192 112.1192 27.4398 95.3853 8.6073 1.6660 7.6929 108.2704 6.7625 1.6639 9.4753 13.4787 9.0227 8.8654 7.8418 3.2774 9.2217 9.7848 111.6461 9.5332 2.3856 112.2616 9.5752 112.8032 25.9930 3.9662 9.4845 2.6777 7.3903 1.4715 3.4924 3.9800 0.0000 9.7961 1.9414 2.9874 9.2252 112.1602 8.2688 9.4949 1.6738 112.1368 108.5493 8.7960 96.2458 1.3283 2.8180 95.3682 107.8575 11.0728 109.6894 1.6321 4.0448 8.8948 114.2325 10.3063 94.9899 7.6472 2.8803 3.9624 9.9737 107.0954 29.3855 96.5686 3.2853 1.6216 111.8878 0.9952 8.4866 1.5209 95.4534 3.9681 7.8561 107.1612 12.4714 7.9765 8.9090 26.4844 9.1329 2.7874 1.8731 106.8402 4.4130 2.1171 3.3290 95.8797 2.8581 112.1192 0.4642 27.1686 9.1492 4.0827 112.2592 9.3727 4.1427 0.3894 112.9917 8.6383
0.9687 107.4025 107.4025 22.7231 90.6687 4.4100 10.5883 8.2413 103.5537 7.9601 9.7201 0.9829 8.9924 6.1015 0.9307 6.8162 8.3501 5.8204 5.2985 106.9295 3.0392 12.2074 107.5450 6.4995 108.0866 21.2764 9.4156 1.1401 7.9296 7.5922 9.8042 8.9419 7.1295 11.0509 0.0000 11.6226 8.1738 8.0869 107.4436 4.0716 8.3566 11.6144 107.4202 103.8326 6.5665 91.5291 10.5078 9.8119 90.6516 103.1408 6.5865 104.9727 10.8115 15.6960 5.6495 109.5158 1.6531 90.2732 14.6852 8.7510 7.9081 0.3346 102.3787 31.2041 91.8520 14.9365 10.0875 107.1711 10.6764 5.5653 9.8536 90.7367 7.1176 7.2138 102.4446 7.9851 5.0553 6.6795 21.7678 7.9946 10.1450 10.7955 102.1236 16.0642 10.0571 10.1332 91.1631 9.6887 107.4025 11.4442 22.4520 5.6022 15.7339 107.5426 6.4522 8.5103 10.9642 108.2750 7.4999
10.5416 112.6909 112.6909 28.0115 95.9571 9.3220 2.2377 8.4077 108.8421 7.4773 2.2356 10.0470 14.0505 9.7375 9.4372 8.5566 3.6762 9.9365 10.3566 112.2179 10.2480 0.8295 112.8334 10.2900 113.3750 26.5648 4.5379 10.0563 3.3924 8.1051 2.1863 4.0642 4.6948 1.9414 10.3678 0.0000 3.5592 9.9400 112.7320 8.9836 10.2097 0.2020 112.7086 109.1210 9.5107 96.8175 1.9001 3.3898 95.9400 108.4292 11.6445 110.2611 2.2038 4.0748 9.6095 114.8042 10.8780 95.5616 7.5633 3.4520 4.6771 10.5454 107.6671 29.9573 97.1404 3.3153 2.1933 112.4596 1.0990 9.2014 2.3644 96.0251 4.6829 8.5709 107.7330 13.0432 8.6913 9.6237 27.0562 9.8477 3.3592 2.4448 107.4120 4.4430 2.6888 3.9008 96.4515 3.4299 112.6909 2.3348 27.7404 9.8640 4.1127 112.8310 10.0875 4.7144 2.0339 113.5634 9.3530
8.1233 110.2727 110.2727 25.5933 93.5388 8.5609 2.9829 7.3252 106.4238 6.3948 2.2159 7.6287 11.6322 9.6809 7.0189 7.4741 1.9404 8.8540 7.9383 109.7996 9.4869 4.6112 110.4151 9.2075 110.9567 24.1465 2.1196 7.6380 3.4073 7.0226 2.8967 1.6459 3.6473 3.4547 7.9496 4.0264 0.0000 8.8575 110.3137 8.2225 9.1272 4.0182 110.2903 106.7027 8.4282 94.3992 2.3499 1.6540 93.5217 106.0109 9.2263 107.8429 2.6537 7.1998 8.5270 112.3860 8.4597 93.1433 10.8469 1.7163 4.1442 8.1271 105.2488 27.5390 94.7221 6.4403 1.9296 110.0413 3.0802 8.9484 2.8142 93.6068 3.5616 7.4883 105.3147 10.6249 7.9302 8.5412 24.6379 8.7652 1.9871 3.1900 104.9937 7.5680 1.8992 1.9819 94.0332 1.5374 110.2727 2.9976 25.3221 8.7815 7.2377 110.4127 9.0050 2.9787 2.8063 111.1452 8.2705
5.2992 111.3078 111.3078 26.6284 94.5740 4.4735 10.0112 2.0691 107.4590 3.9496 10.0092 5.7975 9.3589 0.7698 6.8643 3.6315 7.1218 1.0041 9.2038 110.8348 5.3995 10.1100 111.4502 0.3273 111.9919 25.1817 9.1886 6.0570 6.5221 2.8244 8.1135 8.8505 7.1002 8.7357 6.2247 9.4505 9.0345 0.0000 111.3488 4.1351 2.1843 9.3982 111.3254 107.7379 3.3818 95.4344 8.6101 7.6270 94.5569 107.0461 10.4918 108.8780 8.2154 8.4987 1.2405 113.4211 5.6356 94.1785 18.5905 7.0603 6.6673 5.8901 106.2840 35.1093 95.7572 7.9241 8.1898 111.0764 9.3405 1.3519 8.1629 94.6420 7.0883 2.7790 106.3499 9.6070 1.7540 3.4948 25.6730 1.8223 7.6545 10.2184 106.0288 9.0366 7.6640 8.2171 95.0683 7.7899 111.3078 8.8956 26.3573 1.1849 9.3884 111.4479 0.5074 8.4810 9.0666 112.1803 1.3277
107.1144 0.8639 0.8639 96.3011 19.8473 109.5719 111.1056 112.7765 7.2086 112.4954 110.2374 106.6198 110.8081 110.6367 106.0100 111.3515 110.6156 110.3556 107.1142 0.6157 108.8369 112.7247 1.0063 111.0347 0.8852 85.8917 109.9329 106.6291 112.0759 112.1275 111.5719 109.4592 112.0521 111.5682 106.9407 112.1399 108.6911 112.6221 0.0000 109.2335 112.8918 112.1317 0.2188 6.8454 111.1018 19.9012 111.0251 110.3292 19.8302 4.9673 108.4021 4.2029 111.3289 116.2133 110.1848 8.4929 107.4509 20.2818 115.2025 110.3915 112.8128 107.1182 5.3055 86.0354 19.4105 115.4538 110.6048 0.6325 111.1937 110.1006 111.4894 23.6108 111.9664 111.7490 4.9990 109.8008 109.5905 111.2147 85.3811 112.5298 110.6623 111.3128 5.7190 116.5815 110.5744 110.6505 20.3417 110.2060 0.8639 111.9615 85.3616 110.1374 116.2512 1.0039 110.9874 110.2745 111.4815 0.8912 112.0352
3.6928 109.7014 109.7014 25.0220 92.9676 1.1652 10.1569 6.6056 105.8526 6.3244 9.8690 4.1911 6.1069 4.4657 5.2579 5.1805 6.7143 4.1846 7.5974 109.2284 2.4751 10.1649 109.8438 4.8638 110.3855 23.5753 7.5822 4.4506 6.2938 5.9565 8.1684 8.4017 5.4938 8.7906 4.6183 9.5054 8.5858 6.4511 109.7424 0.0000 6.7208 9.4531 109.7190 106.1315 4.9308 93.8280 8.6650 7.3070 92.9505 105.4397 8.8854 107.2716 8.2703 11.8241 4.0138 111.8147 4.0292 92.5721 16.9840 7.1152 6.2724 4.2837 104.6776 33.5029 94.1508 11.0646 8.2447 109.4700 9.3954 3.9296 8.2178 93.0356 5.4819 5.5781 104.7435 6.3550 3.4195 5.0438 24.0666 6.3588 7.7094 10.3641 104.4224 12.1923 7.7189 8.2720 93.4619 7.8448 109.7014 8.9505 24.7509 3.9665 11.8620 109.8414 4.8164 6.8746 9.1221 110.5739 5.8642
6.2944 112.3030 112.3030 27.6236 95.5692 5.4687 11.0064 3.0643 108.4542 4.9448 11.0044 6.7928 10.3541 1.7650 7.8595 4.6267 8.1170 1.9994 10.1990 111.8300 6.3947 11.1052 112.4455 1.3225 112.9871 26.1769 10.1838 7.0522 7.5173 3.8196 9.1087 9.8457 8.0954 9.7309 7.2199 10.4457 10.0298 0.9952 112.3441 5.1303 0.0000 10.3934 112.3206 108.7331 4.3770 96.4296 9.6053 8.6222 95.5521 108.0413 11.4870 109.8732 9.2106 9.4939 2.2357 114.4163 6.6308 95.1737 19.5857 8.0556 7.6626 6.8853 107.2792 36.1046 96.7525 8.9193 9.1850 112.0716 10.3357 2.3471 9.1581 95.6372 8.0835 3.7742 107.3451 10.6022 2.7492 4.4900 26.6682 0.7119 8.6498 11.2136 107.0241 10.0318 8.6592 9.2123 96.0636 8.7851 112.3030 9.8908 27.3525 2.1801 10.3837 112.4431 1.5026 9.4762 10.0618 113.1755 2.3229
10.5333 112.6827 112.6827 28.0033 95.9489 9.2697 2.2295 8.3554 108.8339 7.4250 2.2274 10.0388 14.0422 9.6852 9.4289 8.5043 3.9399 9.8842 10.3484 112.2097 10.1957 1.0325 112.8252 10.2377 113.3668 26.5566 4.5297 10.0480 3.3402 8.0528 2.1340 4.0560 4.6425 1.6738 10.3596 0.2030 3.5509 9.8877 112.7237 8.9313 10.1574 0.0000 112.7003 109.1128 9.4585 96.8093 1.8918 3.3815 95.9318 108.4210 11.6363 110.2529 2.1956 3.9585 9.5573 114.7960 10.8698 95.5534 7.4471 3.4438 4.6249 10.5372 107.6589 29.9491 97.1322 3.1990 2.1851 112.4513 1.0908 9.1491 2.1834 96.0169 4.6306 8.5186 107.7248 13.0349 8.6390 9.5714 27.0479 9.7954 3.3509 2.4366 107.4037 4.3267 2.6806 3.8926 96.4433 3.4217 112.6827 1.8337 27.7322 9.8117 3.9964 112.8228 10.0352 4.7062 2.0257 113.5552 9.3008
107.0910 0.7559 0.7559 96.2777 19.8239 109.5485 111.0822 112.7531 7.1852 112.4719 110.2140 106.5964 110.7846 110.6133 105.9866 111.3281 110.5922 110.3322 107.0908 0.5923 108.8135 112.7013 0.8983 111.0113 0.8618 85.8683 109.9095 106.6057 112.0525 112.1041 111.5484 109.4358 112.0286 111.5448 106.9172 112.1165 108.6677 112.5987 0.2188 109.2101 112.8684 112.1083 0.0000 6.8220 111.0784 19.8778 111.0017 110.3058 19.8068 4.9439 108.3787 4.1795 111.3054 116.1899 110.1614 8.4695 107.4274 20.2584 115.1791 110.3680 112.7894 107.0948 5.2821 86.0120 19.3871 115.4304 110.5814 0.5245 111.1703 110.0772 111.4660 23.5874 111.9430 111.7256 4.9756 109.7774 109.5671 111.1913 85.3576 112.5064 110.6389 111.2894 5.6955 116.5581 110.5510 110.6271 20.3183 110.1826 0.7559 111.9381 85.3381 110.1140 116.2278 0.8960 110.9640 110.2511 111.4581 1.0502 112.0118
103.5034 6.8044 6.8044 92.6901 16.2364 105.9609 107.4947 109.1656 1.9262 108.8844 106.6265 103.0089 107.1971 107.0257 102.3990 107.7405 107.0047 106.7447 103.5032 6.3313 105.2260 109.1138 6.9468 107.4238 7.4884 82.2807 106.3219 103.0181 108.4650 108.5165 107.9609 105.8482 108.4411 107.9572 103.3297 108.5290 105.0801 109.0112 6.8454 105.6225 109.2809 108.5208 6.8220 0.0000 107.4908 16.2903 107.4141 106.7182 16.2193 3.1848 104.7912 4.9700 107.7179 112.6023 106.5738 13.0143 103.8399 16.6708 111.5915 106.7805 109.2018 103.5073 2.4048 82.4245 15.7995 111.8428 106.9938 6.5730 107.5828 106.4896 107.8785 19.9999 108.3554 108.1381 2.4886 106.1898 105.9795 107.6038 81.7701 108.9189 107.0514 107.7018 2.1496 112.9705 106.9635 107.0396 16.7308 106.5951 6.8044 108.3506 81.7506 106.5265 112.6402 6.9444 107.3765 106.6636 107.8706 7.6769 108.4242
6.5623 112.5709 112.5709 27.8915 95.8370 5.7366 10.0579 4.3615 108.7221 3.2341 10.0559 7.0606 9.7821 3.0931 8.1274 1.4173 7.1686 2.2662 10.4669 112.0979 7.4154 10.1567 112.7133 2.6197 113.2549 26.4447 9.3709 7.3201 6.5689 2.8662 8.1603 8.8972 6.5775 8.7825 7.4878 9.4972 9.0813 4.2071 112.6119 5.3981 4.4768 9.4450 112.5885 109.0010 0.0000 96.6975 8.6569 7.6737 95.8199 108.3092 11.6035 110.1411 8.2621 8.5454 1.9393 114.6842 6.8987 95.4416 15.4183 7.1071 6.7141 7.1532 107.5471 36.3724 97.0203 7.9708 8.2366 112.3395 9.3872 2.3607 8.2097 95.9051 6.5656 1.8149 107.6129 10.0302 2.8135 0.1202 26.9361 4.1148 7.7013 10.2651 107.2919 9.0833 7.7107 8.2638 96.3314 7.8367 112.5709 8.9424 27.6203 2.1937 9.4352 112.7109 2.4172 8.9984 9.1133 113.4434 3.6201
91.1091 20.2266 20.2266 80.2957 1.1950 93.5666 95.1003 96.7712 16.3778 96.4900 94.2321 90.6145 94.8027 94.6313 90.0046 95.3461 94.6103 94.3503 91.1088 19.7536 92.8316 96.7194 20.3690 95.0294 20.9106 69.8864 93.9275 90.6237 96.0706 96.1221 95.5665 93.4538 96.0467 95.5628 90.9353 96.1346 92.6857 96.6168 20.2676 93.2281 96.8865 96.1264 20.2442 16.6567 95.0964 0.0000 95.0197 94.3239 1.0668 15.9649 92.3968 17.7968 95.3235 100.2079 94.1794 22.3399 91.4455 2.3598 99.1971 94.3861 96.8074 91.1129 15.2028 70.0301 1.5820 99.4484 94.5994 19.9952 95.1884 94.0952 95.4841 3.0299 95.9611 95.7437 15.2687 93.7954 93.5852 95.2094 69.3757 96.5245 94.6570 95.3074 14.9476 100.5761 94.5691 94.6452 1.6894 94.2007 20.2266 95.9562 69.3562 94.1321 100.2458 20.3666 94.9821 94.2692 95.4762 21.0991 96.0298
9.4127 111.5621 111.5621 26.8827 94.8282 8.6201 1.6246 7.5675 107.7132 6.6371 1.6225 8.9181 12.9216 9.9232 8.3083 7.7164 1.9996 9.0963 9.2277 111.0890 9.5461 2.4848 111.7045 9.4498 112.2461 25.4359 3.4104 8.9274 2.5515 7.2649 0.6066 2.9367 3.7065 1.3283 9.2390 1.9001 2.3548 9.0998 111.6031 8.2817 9.3695 1.8918 111.5797 107.9921 8.6705 95.6886 0.0000 1.7132 94.8111 107.3004 10.5157 109.1323 0.3636 5.0735 8.7693 113.6754 9.7491 94.4327 8.6758 1.7755 3.8362 9.4165 106.5382 28.8284 96.0115 4.3140 0.5168 111.3307 0.9539 9.1907 0.5242 94.8962 3.6208 7.7307 106.6041 11.9143 7.9894 8.7835 25.9273 9.0075 1.6826 1.8317 106.2831 5.4417 1.0123 2.2242 95.3226 1.7533 111.5621 0.6376 26.6115 9.0238 5.1114 111.7021 9.2473 3.0379 0.4464 112.4346 8.5128
7.9493 110.9009 110.9009 26.2215 94.1670 7.1236 3.3896 6.9387 107.0520 6.0083 3.3875 8.2569 12.2604 7.5390 7.6471 7.0876 0.4362 7.2580 8.5665 110.4278 8.0495 4.2498 111.0433 8.8210 111.5849 24.7747 2.2490 8.2662 1.7939 6.6361 2.5353 2.2289 2.2099 3.0933 8.5778 3.6651 2.4129 8.4710 110.9419 6.7851 8.7407 3.6568 110.9185 107.3309 8.0418 95.0274 1.9885 0.0000 94.1499 106.6391 9.8545 108.4711 2.2923 6.8385 8.1406 113.0142 9.0880 93.7715 11.4751 0.4074 2.8919 8.7553 105.8770 28.1672 95.3503 6.0790 1.5682 110.6695 2.7189 7.0029 2.4528 94.2350 2.1243 7.1019 105.9429 11.2531 6.4929 8.1548 25.2661 8.3787 1.6257 3.5967 105.6219 7.2067 1.5379 1.5955 94.6614 1.1683 110.9009 2.6362 25.9503 7.0398 6.8764 111.0409 8.6185 1.5413 2.4449 111.7734 7.8841
90.2315 20.1556 20.1556 79.4182 0.3175 92.6890 94.2228 95.8937 16.3068 95.6125 93.3546 89.7370 93.9252 93.7538 89.1271 94.4686 93.7328 93.4728 90.2313 19.6826 91.9541 95.8418 20.2980 94.1519 20.8397 69.0088 93.0500 89.7462 95.1931 95.2446 94.6890 92.5763 95.1692 94.6853 90.0578 95.2571 91.8082 95.7393 20.1966 92.3506 96.0090 95.2489 20.1732 16.5857 94.2189 1.0668 94.1422 93.4463 0.0000 15.8939 91.5193 17.7258 94.4460 99.3304 93.3019 22.2689 90.5680 1.4783 98.3196 93.5086 95.9299 90.2354 15.1318 69.1526 1.5081 98.5709 93.7219 19.9242 94.3109 93.2177 94.6065 2.1524 95.0835 94.8662 15.1977 92.9179 92.7076 94.3319 68.4982 95.6470 93.7794 94.4299 14.8766 99.6986 93.6916 93.7677 0.8119 93.3231 20.1556 95.0787 68.4787 93.2546 99.3683 20.2957 94.1046 93.3917 94.5987 21.0281 95.1523
102.8116 4.9263 4.9263 91.9983 15.5446 105.2691 106.8029 108.4738 2.9059 108.1926 105.9347 102.3171 106.5053 106.3339 101.7072 107.0487 106.3129 106.0529 102.8114 4.4533 104.5342 108.4220 5.0687 106.7320 5.6103 81.5889 105.6301 102.3263 107.7732 107.8247 107.2691 105.1564 107.7493 107.2654 102.6379 107.8372 104.3883 108.3194 4.9673 104.9307 108.5891 107.8290 4.9439 3.1848 106.7990 15.5985 106.7223 106.0265 15.5275 0.0000 104.0994 2.4965 107.0261 111.9105 105.8820 8.1697 103.1481 15.9790 110.8997 106.0887 108.5100 102.8155 1.0028 81.7327 15.1078 111.1510 106.3020 4.6949 106.8910 105.7978 107.1867 19.3081 107.6637 107.4463 0.6962 105.4980 105.2878 106.9120 81.0783 108.2271 106.3596 107.0100 1.4162 112.2787 106.2717 106.3478 16.0390 105.9033 4.9263 107.6588 81.0588 105.8347 111.9484 5.0663 106.6847 105.9718 107.1788 5.7988 107.7324
4.8455 105.7048 105.7048 21.0254 88.9709 7.3030 8.5782 10.5077 101.8560 10.2265 7.7100 4.3510 9.7745 8.3678 3.7411 9.0826 8.0882 8.0868 6.0806 105.2318 6.5681 10.1973 105.8472 8.7659 106.3889 19.5787 7.4055 4.3602 9.5485 9.8586 9.0444 6.9317 9.5246 9.0408 4.6718 9.6125 6.1637 10.3533 105.7458 6.9646 10.6230 9.6043 105.7224 102.1349 8.8329 89.8314 8.4977 7.8018 88.9539 101.4431 0.0000 103.2750 8.8014 13.6858 7.9159 107.8181 5.1820 88.5755 12.6751 7.8640 10.2854 4.8494 100.6810 29.5063 90.1542 12.9264 8.0773 105.4734 8.6663 7.8317 8.9620 89.0390 9.4390 9.4802 100.7469 8.7672 7.3216 8.9459 20.0700 10.2610 8.1349 8.7854 100.4258 14.0541 8.0470 8.1231 89.4653 7.6786 105.7048 9.4341 20.7543 7.8686 13.7238 105.8448 8.7186 7.7471 8.9541 106.5773 9.7663
104.6436 4.1619 4.1619 93.8302 17.3765 107.1011 108.6348 110.3057 4.7378 110.0245 107.7666 104.1490 108.3372 108.1659 103.5391 108.8806 108.1448 107.8848 104.6433 3.6888 106.3661 110.2539 4.3043 108.5639 4.8459 83.4209 107.4620 104.1582 109.6051 109.6566 109.1010 106.9883 109.5812 109.0974 104.4698 109.6691 106.2203 110.1513 4.2029 106.7626 110.4210 109.6609 4.1795 5.0167 108.6309 17.4304 108.5542 107.8584 17.3594 2.4965 105.9313 0.0000 108.8580 113.7424 107.7139 10.3718 104.9800 17.8110 112.7316 107.9206 110.3420 104.6474 2.8347 83.5646 16.9397 112.9829 108.1339 3.9305 108.7229 107.6297 109.0186 21.1400 109.4956 109.2782 2.5281 107.3299 107.1197 108.7439 82.9102 110.0590 108.1915 108.8419 3.2481 114.1106 108.1036 108.1797 17.8709 107.7352 4.1619 109.4907 82.8907 107.6666 113.7803 4.3019 108.5166 107.8037 109.0107 5.0344 109.5643
8.9126 111.8658 111.8658 27.1864 95.1320 8.0869 1.9284 7.1726 108.0170 6.2421 1.9263 9.2219 13.2254 8.5023 8.6121 7.3214 2.3034 8.7013 9.5315 111.3928 9.0128 2.7886 112.0083 9.0548 112.5499 25.7397 3.7142 9.2312 2.1573 6.8700 0.2430 3.2405 3.4596 1.5734 9.5427 2.2038 2.6586 8.7049 111.9069 7.7484 8.9745 2.2358 111.8835 108.2959 8.2756 95.9924 0.3636 2.0170 95.1149 107.6041 10.8194 109.4360 0.0000 4.6068 8.3744 113.9791 10.0529 94.7365 8.2092 2.0792 3.4420 9.7203 106.8420 29.1322 96.3153 3.8473 0.8205 111.6345 1.2576 7.9662 0.1606 95.2000 3.4477 7.3357 106.9079 12.2181 7.4562 8.3886 26.2311 8.6126 1.9864 2.1355 106.5869 4.9750 1.3161 2.5280 95.6264 2.0571 111.8658 0.6725 26.9153 8.6288 4.6447 112.0059 8.8524 3.3416 0.8100 112.7383 8.1179
14.5992 116.7486 116.7486 32.0692 100.0147 11.4201 5.1905 7.4603 112.8997 6.5299 5.1885 14.1046 18.1081 9.8160 13.4948 7.6092 6.0903 8.9891 14.4142 116.2755 12.3461 3.7605 116.8910 9.3426 117.4326 30.6224 7.4907 14.1139 5.4906 7.1577 4.2844 7.0170 6.7929 3.8242 14.4255 3.8530 6.5120 8.9926 116.7896 11.0817 9.2623 3.7367 116.7662 113.1786 8.5633 100.8751 4.8529 6.3426 99.9976 112.4869 15.7022 114.3188 4.3862 0.0000 8.6622 118.8619 14.9357 99.6192 8.5731 6.0288 6.7753 14.6030 111.7247 34.2782 101.1980 0.8646 5.1461 116.5172 4.5198 9.0836 4.3338 100.0827 6.7810 7.6235 111.7906 17.1008 9.5364 8.6763 31.1138 8.9003 5.9759 5.3977 111.4696 0.7637 5.6417 6.8536 100.5091 6.3827 116.7486 3.9841 31.7980 8.9166 1.1155 116.8886 9.1401 7.6672 4.1557 117.6211 8.4056
5.1676 111.1763 111.1763 26.4969 94.4424 4.3420 10.6191 3.0721 107.3274 3.7952 10.6170 5.6660 8.8651 1.1305 6.7328 2.6513 7.7297 0.3270 9.0723 110.7032 5.2679 10.7178 111.3187 1.3303 111.8603 25.0501 9.0571 5.9255 7.1300 3.4273 8.7214 9.4584 6.9687 9.3436 6.0932 10.0584 9.6424 2.9176 111.2173 4.0035 3.1873 10.0061 111.1939 107.6064 2.4016 95.3028 9.2180 8.2348 94.4253 106.9146 10.3602 108.7465 8.8232 9.1066 0.0000 113.2896 5.5041 94.0469 18.4589 7.6682 7.2752 5.7586 106.1524 34.9778 95.6257 8.5320 8.7977 110.9449 9.9484 0.4214 8.7708 94.5104 6.9568 3.0489 106.2183 9.1132 1.6225 2.5146 25.5415 2.8253 8.2624 10.8262 105.8973 9.6445 8.2719 8.8250 94.9368 8.3978 111.1763 9.5035 26.2257 0.2544 9.9963 111.3163 1.1278 8.3494 9.6744 112.0488 2.3307
109.1867 9.1146 9.1146 98.3733 21.9196 111.6442 113.1779 114.8488 13.3775 114.5676 112.3097 108.6921 112.8803 112.7090 108.0822 113.4237 112.6879 112.4279 109.1865 7.9788 110.9092 114.7970 9.2570 113.1070 9.1359 87.9640 112.0051 108.7013 114.1482 114.1997 113.6441 111.5314 114.1243 113.6404 109.0129 114.2122 110.7634 114.6944 8.4929 111.3057 114.9641 114.2040 8.4695 13.0143 113.1740 21.9735 113.0973 112.4015 21.9025 8.1697 110.4744 10.3718 113.4011 118.2855 112.2570 0.0000 109.5231 22.3540 117.2747 112.4637 114.8850 109.1905 11.4744 88.1077 21.4828 117.5260 112.6770 8.8832 113.2660 112.1728 113.5617 25.6831 114.0387 113.8213 11.1679 111.8730 111.6628 113.2870 87.4533 114.6021 112.7346 113.3850 11.8878 118.6537 112.6467 112.7228 22.4140 112.2783 9.1146 114.0338 87.4338 112.2097 118.3234 9.2546 113.0597 112.3468 113.5538 9.3244 114.1074
0.6844 107.6024 107.6024 22.9230 90.8686 3.7778 10.7882 7.6091 103.7536 7.3279 9.9200 1.1828 6.9450 5.4693 1.6849 6.1840 7.7179 5.1882 5.4984 107.1294 1.4481 11.1684 107.7449 5.8673 108.2865 21.4763 8.5858 1.3400 7.2974 6.9600 9.1720 9.1417 6.4973 9.7942 1.6100 10.5089 8.3737 7.4547 107.6435 3.4393 7.7244 10.4567 107.6200 104.0325 5.9343 91.7290 9.6686 8.3105 90.8515 103.3407 6.7864 105.1726 9.2738 12.8276 5.0173 109.7157 0.0000 90.4731 14.8851 8.1188 7.2759 1.2754 102.5786 31.4040 92.0518 12.0682 9.2483 107.3710 10.8763 4.9331 9.2214 90.9366 6.4854 6.5816 102.6445 8.1850 4.4231 6.0473 21.9676 7.3624 8.7130 10.9954 102.3234 13.1959 8.7224 10.3331 91.3630 9.8886 107.6024 9.9541 22.6519 4.9700 12.8655 107.7425 5.8200 7.8781 10.1257 108.4749 6.8677
89.9172 20.6071 20.6071 79.1039 1.4966 92.3747 93.9085 95.5794 16.7583 95.2982 93.0402 89.4227 93.6109 93.4395 88.8128 94.1543 93.4185 93.1584 89.9170 20.1341 91.6398 95.5275 20.7496 93.8376 21.2912 68.6945 92.7357 89.4319 94.8787 94.9303 94.3747 92.2620 94.8549 94.3710 89.7435 94.9428 91.4939 95.4250 20.6482 92.0363 95.6947 94.9346 20.6248 17.0372 93.9046 2.3598 93.8279 93.1320 1.4780 16.3454 91.2050 18.1774 94.1317 99.0161 92.9876 22.7204 90.2537 0.0000 98.0053 93.1943 95.6156 89.9211 15.5833 68.8383 1.9588 98.2566 93.4076 20.3758 93.9966 92.9034 94.2922 2.2797 94.7692 94.5519 15.6492 92.6036 92.3933 94.0176 68.1839 95.3327 93.4651 94.1156 15.3282 99.3843 93.3773 93.4534 1.9910 93.0088 20.6071 94.7644 68.1644 92.9403 99.0540 20.7472 93.7902 93.0774 94.2843 21.4796 94.8380
16.2762 118.4256 118.4256 33.7462 101.6917 18.7337 10.7680 18.6053 114.5767 17.6749 12.8489 15.7816 19.7851 19.7985 15.1718 14.9786 13.2271 19.5174 16.0912 117.9525 21.1217 9.2253 118.5680 20.1966 119.1096 32.2994 12.5444 15.7909 11.0680 14.5271 9.8618 12.0706 12.3703 9.4017 16.1025 9.3178 11.3026 15.9289 118.4666 18.3953 16.1986 9.2016 118.4432 114.8556 15.9327 102.5521 10.4303 12.9407 101.6746 114.1639 17.3792 115.9958 9.9637 10.4156 16.0315 120.5389 16.6127 101.2962 0.0000 13.0029 12.3527 16.2800 113.4017 35.9552 102.8750 9.6561 10.7236 118.1942 10.0973 19.2624 9.9112 101.7597 12.3584 18.7684 113.4676 18.7778 18.7523 16.0457 32.7908 15.8366 13.2738 10.9751 113.1466 10.7838 13.1859 13.2620 102.1861 12.8175 118.4256 9.5616 33.4750 19.2993 10.4535 118.5656 16.5095 12.8860 9.7331 119.2981 15.3419
8.8320 110.9814 110.9814 26.3020 94.2475 7.5084 3.4906 7.0398 107.1325 6.1093 3.4885 8.3374 12.3409 7.9239 7.7276 7.1886 0.3266 7.6428 8.6470 110.5083 8.4344 4.3509 111.1238 8.9220 111.6654 24.8552 2.6338 8.3467 0.8315 6.7372 2.6363 2.3299 2.5948 3.1943 8.6583 3.7661 2.5139 8.5720 111.0224 7.1700 8.8417 3.7579 110.9990 107.4114 8.1428 95.1079 2.0895 0.4074 94.2304 106.7196 9.9350 108.5516 2.3933 6.9395 8.2416 113.0947 9.1685 93.8520 11.5556 0.0000 2.5789 8.8358 105.9575 28.2477 95.4308 6.1800 1.6692 110.7500 2.8199 7.3878 2.5539 94.3155 2.5091 7.2029 106.0234 11.3336 6.8777 8.2558 25.3466 8.4797 1.7268 3.6977 105.7024 7.3077 1.6389 1.6965 94.7419 1.2693 110.9814 2.7372 26.0308 8.4960 6.9774 111.1214 8.7195 1.9262 2.5460 111.8539 7.9851
6.9147 112.7349 112.7349 28.0555 96.0010 6.0890 5.2441 5.7069 108.8861 4.7765 5.2421 7.4130 10.4724 6.5044 8.4798 5.8558 2.3547 6.2234 10.4005 112.2619 7.0149 5.3429 112.8773 6.9025 113.4189 26.6088 3.5502 7.6725 1.7550 5.4043 3.3464 4.0834 1.4617 3.9687 7.8402 4.6834 4.2675 7.2392 112.7759 5.7505 7.5089 4.6311 112.7525 109.1650 6.8099 96.8615 3.8431 2.8599 95.9840 108.4732 11.6885 110.3051 3.4483 7.0021 6.9088 114.8482 7.2511 95.6056 10.6045 2.2933 0.0000 7.5056 107.7111 30.0013 97.1843 6.2426 3.4227 112.5035 4.5734 5.9683 3.3958 96.0691 1.4498 5.8701 107.7770 13.0871 5.4583 6.9229 27.1001 7.1469 2.8875 5.4513 107.4559 7.3703 2.8969 3.4500 96.4954 3.0228 112.7349 4.1285 27.7844 6.0052 7.0400 112.8749 7.3867 2.8425 4.2995 113.6074 6.6522
0.6341 107.0679 107.0679 22.3885 90.3341 4.0754 10.2537 7.9067 103.2191 7.6255 9.3855 0.6483 8.6578 5.7669 1.1504 6.4816 8.0155 5.4858 4.9639 106.5949 2.7046 11.8728 107.2104 6.1649 107.7520 20.9418 9.0810 0.8055 7.5950 7.2577 9.4696 8.6073 6.7949 10.7163 0.3346 11.2880 7.8392 7.7523 107.1090 3.7370 8.0220 11.2798 107.0856 103.4980 6.2319 91.1945 10.1732 9.4773 90.3170 102.8062 6.2519 104.6381 10.4770 15.3614 5.3150 109.1812 1.3185 89.9386 14.3506 8.4164 7.5735 0.0000 102.0441 30.8695 91.5174 14.6019 9.7529 106.8366 10.3418 5.2308 9.5190 90.4021 6.7830 6.8792 102.1100 7.6505 4.7207 6.3449 21.4332 7.6600 9.8104 10.4609 101.7890 15.7296 9.7225 9.7986 90.8285 9.3541 107.0679 11.1096 22.1174 5.2676 15.3993 107.2080 6.1176 8.1757 10.6296 107.9404 7.1654
102.0495 5.2645 5.2645 91.2362 14.7825 104.5070 106.0408 107.7117 2.1259 107.4305 105.1726 101.5550 105.7432 105.5718 100.9451 106.2866 105.5508 105.2908 102.0493 4.7914 103.7721 107.6599 5.4069 105.9699 5.9485 80.8268 104.8680 101.5642 107.0111 107.0626 106.5070 104.3943 106.9872 106.5033 101.8758 107.0751 103.6262 107.5573 5.3055 104.1686 107.8270 107.0669 5.2821 2.4048 106.0369 14.8364 105.9602 105.2643 14.7654 1.0028 103.3373 2.8347 106.2640 111.1484 105.1199 11.4744 102.3860 15.2169 110.1376 105.3266 107.7479 102.0534 0.0000 80.9706 14.3456 110.3889 105.5399 5.0331 106.1289 105.0357 106.4245 18.5460 106.9015 106.6842 0.6047 104.7359 104.5256 106.1499 80.3162 107.4650 105.5974 106.2479 0.4973 111.5166 105.5096 105.5857 15.2769 105.1411 5.2645 106.8967 80.2967 105.0726 111.1863 5.4045 105.9226 105.2097 106.4166 6.1370 106.9703
30.8009 87.3907 87.3907 19.9876 70.6568 33.2584 29.5596 34.4478 83.5419 33.5174 28.6914 30.3063 34.4946 34.3232 29.6965 34.5967 29.0696 34.0421 30.8007 86.9177 32.5234 31.1787 87.5331 34.7213 88.0747 9.0679 28.3869 30.3156 30.5299 34.1452 30.0259 27.9132 30.5061 30.0222 30.6272 30.5939 27.1451 36.3086 87.4317 32.9200 36.5783 30.5857 87.4083 83.8208 34.7883 71.5173 29.4791 28.7832 70.6398 83.1290 32.0887 84.9609 29.7829 34.8992 33.8713 89.5040 31.1374 70.2614 33.8884 28.8455 31.2668 30.8047 82.3669 0.0000 71.8401 34.1397 29.0588 87.1593 29.6478 33.7871 29.9434 70.7249 30.4204 34.6110 82.4328 33.4873 33.2770 34.9012 8.5573 36.2163 29.1163 29.7668 82.1117 35.2674 29.0285 29.1046 71.1512 28.6600 87.3907 30.4156 8.5378 33.8239 34.9371 87.5307 34.6739 28.7286 29.9355 88.2632 35.7217
91.4336 19.7359 19.7359 80.6203 1.5252 93.8911 95.4248 97.0957 15.8870 96.8146 94.5566 90.9390 95.1273 94.9559 90.3292 95.6707 94.9348 94.6748 91.4334 19.2628 93.1561 97.0439 19.8783 95.3539 20.4199 70.2109 94.2521 90.9483 96.3951 96.4467 95.8911 93.7784 96.3713 95.8874 91.2599 96.4591 93.0103 96.9413 19.7769 93.5527 97.2110 96.4509 19.7535 16.1659 95.4210 1.5820 95.3443 94.6484 1.5081 15.4742 92.7213 17.3061 95.6481 100.5325 94.5040 21.8492 91.7701 1.9588 99.5217 94.7107 97.1320 91.4374 14.7120 70.3546 0.0000 99.7730 94.9240 19.5045 95.5129 94.4198 95.8086 3.3601 96.2856 96.0682 14.7779 94.1200 93.9097 95.5339 69.7003 96.8490 94.9815 95.6320 14.4569 100.9007 94.8936 94.9697 2.0196 94.5252 19.7359 96.2807 69.6808 94.4566 100.5704 19.8759 95.3066 94.5937 95.8007 20.6084 96.3544
14.0246 116.1740 116.1740 31.4946 99.4401 10.8455 4.6159 6.8857 112.3251 5.9553 4.6139 13.5301 17.5335 9.2414 12.9202 7.0346 5.5157 8.4145 13.8396 115.7009 11.7715 3.1859 116.3164 8.7680 116.8580 30.0478 6.9161 13.5393 4.9160 6.5831 3.7098 6.4424 6.2183 3.2496 13.8509 3.2784 5.9374 8.4180 116.2150 10.5071 8.6877 3.1621 116.1916 112.6041 7.9888 100.3006 4.2783 5.7680 99.4230 111.9123 15.1276 113.7442 3.8116 0.8646 8.0876 118.2873 14.3611 99.0447 7.9985 5.4542 6.2007 14.0285 111.1501 33.7036 100.6234 0.0000 4.5716 115.9426 3.9452 8.5090 3.7592 99.5082 6.2064 7.0489 111.2160 16.5262 8.9618 8.1017 30.5392 8.3257 5.4013 4.8231 110.8950 1.4025 5.0671 6.2790 99.9345 5.8081 116.1740 3.4095 31.2234 8.3420 1.7543 116.3140 8.5655 7.0927 3.5811 117.0465 7.8311
8.9924 111.1417 111.1417 26.4624 94.4079 8.1998 1.9178 7.1472 107.2929 6.2168 1.9158 8.4978 12.5013 9.5029 7.8880 7.2961 1.5793 8.6760 8.8074 110.6687 9.1258 2.7781 111.2842 9.0295 111.8258 25.0156 2.9901 8.5071 2.1245 6.8446 1.0635 2.5164 3.2861 1.6216 8.8186 2.1933 1.9345 8.6795 111.1828 7.8614 8.9492 2.1851 111.1594 107.5718 8.2502 95.2683 0.5168 1.2929 94.3908 106.8800 10.0953 108.7119 0.8205 5.3667 8.3490 113.2550 9.3288 94.0124 8.9691 1.3551 3.4159 8.9962 106.1179 28.4081 95.5912 4.6072 0.0000 110.9104 1.2471 8.7704 0.9811 94.4759 3.2005 7.3103 106.1838 11.4940 7.5691 8.3632 25.5070 8.5872 1.2623 2.1250 105.8628 5.7349 0.5920 1.8039 94.9023 1.3330 111.1417 1.1645 26.1912 8.6035 5.4046 111.2818 8.8270 2.6175 0.9732 112.0142 8.0925
106.8420 0.4602 0.4602 96.0287 19.5749 109.2995 110.8332 112.5041 6.9362 112.2229 109.9650 106.3474 110.5356 110.3643 105.7376 111.0790 110.3432 110.0832 106.8418 1.0060 108.5645 112.4523 0.3702 110.7623 1.1448 85.6193 109.6605 106.3567 111.8035 111.8551 111.2994 109.1867 111.7796 111.2958 106.6682 111.8675 108.4187 112.3497 0.6325 108.9610 112.6194 111.8593 0.5245 6.5730 110.8293 19.6288 110.7526 110.0568 19.5578 4.6949 108.1297 3.9305 111.0564 115.9408 109.9124 8.8832 107.1784 20.0094 114.9301 110.1190 112.5404 106.8458 5.0331 85.7630 19.1381 115.1814 110.3323 0.0000 110.9213 109.8281 111.2170 23.3384 111.6940 111.4766 4.7266 109.5284 109.3181 110.9423 85.1086 112.2574 110.3899 111.0404 5.4465 116.3091 110.3020 110.3781 20.0693 109.9336 0.4602 111.6891 85.0891 109.8650 115.9787 0.3678 110.7150 110.0021 111.2091 1.4640 111.7627
9.5954 111.7447 111.7447 27.0654 95.0109 9.3028 1.2915 8.2979 107.8959 7.3674 1.2895 9.1008 13.1043 9.7183 8.4910 8.4467 2.7300 9.8266 9.4104 111.2717 10.2288 1.6837 111.8872 10.1801 112.4288 25.6186 3.5917 9.1101 3.3733 7.9953 1.5006 3.1180 4.4368 0.9952 9.4216 1.0990 2.6130 9.8301 111.7858 8.9644 10.0998 1.0908 111.7624 108.1748 9.4009 95.8713 0.9539 2.4436 94.9938 107.4830 10.6983 109.3149 1.2576 4.7404 9.4997 113.8580 9.9318 94.6154 8.3428 2.5058 4.6580 9.5992 106.7209 29.0111 96.1942 3.9809 1.2471 111.5134 0.0000 9.1822 1.4182 95.0789 4.3512 8.4610 106.7868 12.0970 8.6721 9.5139 26.1100 9.7378 2.4130 1.4987 106.4658 5.1086 1.7426 2.9546 95.5053 2.4837 111.7447 1.3886 26.7942 9.7541 4.7783 111.8848 9.9776 3.7682 1.0877 112.6172 9.2432
5.1884 111.1970 111.1970 26.5176 94.4632 4.3627 11.0405 3.1697 107.3482 4.2166 11.0384 5.6868 9.2482 1.0299 6.7535 3.0727 8.1511 0.3477 9.0930 110.7240 5.2887 11.1393 111.3395 1.4279 111.8811 25.0709 9.0778 5.9462 7.5514 3.8487 9.1428 9.8798 6.9894 9.7650 6.1139 10.4798 10.0638 3.0153 111.2381 4.0243 3.2850 10.4275 111.2147 107.6271 2.8230 95.3236 9.6394 8.6562 94.4461 106.9353 10.3810 108.7672 9.2446 9.5280 0.4214 113.3103 5.5249 94.0677 18.4797 8.0896 7.6966 5.7793 106.1732 34.9986 95.6465 8.9534 9.2191 110.9657 10.3698 0.0000 9.1922 94.5312 6.9775 3.4703 106.2391 9.4963 1.6433 2.9360 25.5623 2.9230 8.6838 11.2476 105.9181 10.0659 8.6933 9.2464 94.9576 8.8192 111.1970 9.9249 26.2465 0.1670 10.4177 111.3371 1.2050 8.3702 10.0959 112.0695 2.4284
8.8601 112.0264 112.0264 27.3470 95.2925 8.0344 2.0889 7.1201 108.1776 6.1897 2.0868 9.3825 13.3859 8.4499 8.7726 7.2690 2.7046 8.6489 9.6920 111.5534 8.9604 2.8952 112.1688 9.0024 112.7104 25.9003 3.8748 9.3917 2.1049 6.8175 0.1906 3.4011 3.4072 1.5209 9.7033 2.3644 2.8191 8.6524 112.0674 7.6960 8.9221 2.1834 112.0440 108.4565 8.2232 96.1530 0.5242 2.1775 95.2754 107.7647 10.9800 109.5966 0.1606 4.5544 8.3220 114.1397 9.1966 94.8971 8.1567 2.2398 3.3896 9.8809 107.0026 29.2927 96.4758 3.7949 0.9811 111.7950 1.4182 7.9138 0.0000 95.3606 3.3953 7.2833 107.0685 12.3786 7.4037 8.3361 26.3916 8.5601 2.1469 2.2960 106.7474 4.9226 1.4766 2.6886 95.7869 2.2177 112.0264 0.6201 27.0759 8.5764 4.5923 112.1664 8.7999 3.5022 0.7264 112.8989 8.0655
90.2975 22.0076 22.0076 79.4842 1.9230 92.7550 94.2887 95.9596 18.1588 95.6784 93.4205 89.8029 93.9911 93.8198 89.1931 94.5345 93.7987 93.5387 90.2973 21.5346 92.0200 95.9078 22.1500 94.2178 22.6917 69.0748 93.1159 89.8122 95.2590 95.3105 94.7549 92.6422 95.2351 94.7513 90.1237 95.3230 91.8742 95.8052 22.0486 92.4165 96.0749 95.3148 22.0252 18.4377 94.2848 2.9069 94.2081 93.5123 2.0660 17.7459 91.5852 19.5778 94.5119 99.3963 93.3678 24.1209 90.6339 2.2156 98.3856 93.5745 95.9959 90.3013 16.9838 69.2185 3.3601 98.6368 93.7878 21.7762 94.3768 93.2836 94.6725 0.0000 95.1495 94.9321 17.0497 92.9838 92.7736 94.3978 68.5641 95.7129 93.8454 94.4958 16.7286 99.7646 93.7575 93.8336 1.2211 93.3891 22.0076 95.1446 68.5446 93.3205 99.4342 22.1476 94.1705 93.4576 94.6646 22.8801 95.2182
6.1242 111.3019 111.3019 26.6225 94.5680 5.2985 5.0219 6.8489 107.4530 5.9185 4.6863 6.6225 9.6820 5.7140 7.6893 6.9978 1.8918 5.4329 8.9675 110.8288 6.2245 5.3424 111.4443 6.1120 111.9859 25.1757 2.3995 6.8820 1.4713 6.5463 3.3459 3.2190 0.3848 3.9681 7.0497 4.6829 3.4031 7.6994 111.3429 4.9601 7.9691 4.6306 111.3195 107.7320 6.1790 95.4284 3.6208 2.1243 94.5509 107.0402 10.2555 108.8721 3.4477 7.0016 5.2620 113.4152 6.4606 94.1725 12.6859 2.2927 1.4498 6.7151 106.2780 29.3780 95.7513 6.2421 3.2005 111.0705 4.3512 5.1778 3.3953 94.6361 0.0000 7.0121 106.3439 11.6541 4.6678 6.2920 25.6671 7.6071 2.8869 5.2290 106.0229 7.3698 3.1702 3.2278 95.0624 2.8006 111.3019 4.1280 26.3513 5.2147 7.0395 111.4419 6.0647 1.6919 4.0772 112.1744 7.1124
7.8669 113.8755 113.8755 29.1961 97.1417 7.0412 8.1558 2.1321 110.0267 1.3425 8.1538 8.3652 11.0867 4.3978 9.4320 1.0793 5.2665 3.5708 11.7715 113.4025 8.7201 8.2546 114.0179 3.9243 114.5596 27.7494 7.4688 8.6247 4.6668 0.5874 6.2581 6.9951 4.6754 6.8804 8.7924 7.5951 7.1792 2.8704 113.9165 6.7028 3.1401 7.5429 113.8931 110.3056 3.1451 98.0021 6.7548 5.7716 97.1246 109.6138 12.9081 111.4457 6.3600 6.6433 3.2439 115.9888 8.2033 96.7462 13.5162 5.2050 4.8120 8.4578 108.8517 32.9130 98.3249 6.0687 6.3345 113.6441 7.4851 3.6653 6.3076 97.2097 4.6635 0.0000 108.9176 11.3348 4.1182 3.2581 28.2407 2.7781 5.7992 8.3630 108.5965 7.1812 5.8086 6.3617 97.6360 5.9346 113.8755 7.0402 28.9250 3.4983 7.5331 114.0155 3.7218 7.0963 7.2112 114.7480 2.2834
102.1154 4.9579 4.9579 91.3021 14.8484 104.5729 106.1067 107.7776 2.2096 107.4964 105.2384 101.6209 105.8091 105.6377 101.0110 106.3525 105.6166 105.3566 102.1152 4.4849 103.8379 107.7257 5.1004 106.0358 5.6420 80.8927 104.9339 101.6301 107.0769 107.1285 106.5729 104.4602 107.0531 106.5692 101.9417 107.1410 103.6921 107.6231 4.9990 104.2345 107.8929 107.1327 4.9756 2.4886 106.1028 14.9023 106.0261 105.3302 14.8313 0.6962 103.4032 2.5281 106.3299 111.2143 105.1858 11.1679 102.4519 15.2828 110.2035 105.3925 107.8138 102.1193 0.6047 81.0365 14.4115 110.4548 105.6058 4.7266 106.1948 105.1016 106.4904 18.6118 106.9674 106.7501 0.0000 104.8018 104.5915 106.2158 80.3821 107.5309 105.6633 106.3138 0.7200 111.5825 105.5755 105.6516 15.3427 105.2070 4.9579 106.9626 80.3626 105.1385 111.2522 5.0980 105.9884 105.2756 106.4825 5.8304 107.0362
6.7081 110.0979 110.0979 25.4185 93.3641 7.1602 12.9714 10.1600 106.2491 10.7836 12.1031 8.7441 1.7916 9.5899 8.1343 9.6397 12.4813 8.5706 2.6866 109.6249 5.0318 14.5904 110.2404 9.1165 110.7820 23.9718 11.7986 8.7534 10.6798 10.4157 13.4376 11.3249 9.8798 13.4339 7.6336 14.0057 10.5568 10.0857 110.1390 6.8218 10.3554 13.9974 110.1156 106.5280 9.3899 94.2245 12.8908 12.1949 93.3470 105.8362 4.3931 107.6681 13.1946 18.0790 8.4730 112.2112 7.0445 92.9686 17.0682 12.2572 10.6583 7.2990 105.0741 33.8995 94.5474 17.3195 12.4705 109.8666 13.0595 8.3156 13.3551 93.4321 9.8679 10.0372 105.1400 0.0000 7.8055 9.5029 24.4632 9.9934 12.5280 13.1785 104.8190 18.4472 12.4402 12.5163 93.8585 12.0717 110.0979 13.8273 25.1474 8.7274 18.1169 110.2380 9.0691 12.1403 13.3472 110.9704 9.4987
4.3506 110.3592 110.3592 25.6798 93.6254 3.5249 10.8148 3.4369 106.5104 3.8651 10.5269 4.8490 8.4104 1.2971 5.9157 2.7212 7.3722 1.0160 8.2552 109.8862 4.4509 10.8227 110.5017 1.6951 111.0433 24.2331 8.2400 5.1084 6.9517 3.4972 8.8262 9.0595 6.1516 9.4485 5.2761 10.1632 9.2436 3.2825 110.4003 3.1865 3.5522 10.1110 110.3768 106.7893 2.4715 94.4858 9.3229 7.9648 93.6083 106.0975 9.5432 107.9294 8.9281 9.1764 1.3429 112.4725 4.6871 93.2299 17.6419 7.7731 6.9302 4.9415 105.3354 34.1608 94.8087 8.6018 8.9025 110.1278 10.0532 0.7609 8.8756 93.6934 6.1397 3.1188 105.4013 8.6585 0.0000 2.5844 24.7244 3.1902 8.3673 11.0219 105.0802 9.7143 8.3767 8.9298 94.1198 8.5026 110.3592 9.6083 25.4087 0.7978 10.0662 110.4993 1.6478 7.5324 9.7799 111.2317 2.6955
6.6752 112.6839 112.6839 28.0045 95.9500 5.8495 10.1709 4.4745 108.8350 3.3470 10.1689 7.1736 9.8951 3.2061 8.2403 1.5303 7.2815 2.3792 10.5799 112.2108 7.5284 10.2697 112.8263 2.7327 113.3679 26.5577 9.4839 7.4330 6.6818 2.9792 8.2732 9.0102 6.6905 8.8955 7.6007 9.6102 9.1943 4.3201 112.7249 5.5111 4.5898 9.5579 112.7015 109.1139 0.1202 96.8104 8.7698 7.7867 95.9329 108.4221 11.7165 110.2541 8.3751 8.6584 2.0522 114.7972 7.0117 95.5545 15.5313 7.2201 6.8271 7.2662 107.6600 36.4854 97.1333 8.0838 8.3495 112.4525 9.5002 2.4737 8.3226 96.0180 6.6786 1.9279 107.7259 10.1432 2.9265 0.0000 27.0491 4.2278 7.8143 10.3781 107.4049 9.1963 7.8237 8.3768 96.4444 7.9496 112.6839 9.0553 27.7333 2.3067 9.5482 112.8239 2.5302 9.1113 9.2263 113.5564 3.7331
22.0661 85.8479 85.8479 14.9586 69.1141 24.5236 26.0574 27.7283 81.9991 27.4471 25.1891 21.5716 25.7598 25.5884 20.9617 26.3032 25.5674 25.3074 22.0659 85.3749 23.7887 27.6764 85.9904 25.9865 86.5320 0.6844 24.8846 21.5808 27.0276 27.0792 26.5236 24.4109 27.0038 26.5199 21.8924 27.0917 23.6428 27.5739 85.8890 24.1852 27.8436 27.0835 85.8656 82.2780 26.0535 69.9745 25.9768 25.2809 69.0970 81.5862 23.3539 83.4182 26.2806 31.1650 25.1365 87.9613 22.4026 68.7186 30.1542 25.3432 27.7645 22.0700 80.8241 9.1241 70.2974 30.4055 25.5565 85.6166 26.1455 25.0523 26.4411 69.1821 26.9181 26.7008 80.8900 24.7525 24.5422 26.1665 0.0000 27.4816 25.6140 26.2645 80.5690 31.5332 25.5262 25.6023 69.6085 25.1577 85.8479 26.9133 1.8770 25.0892 31.2029 85.9880 25.9391 25.2263 26.4333 86.7205 26.9869
5.9324 111.9410 111.9410 27.2616 95.2072 5.1067 10.6444 2.7023 108.0922 4.5828 10.6424 6.4308 9.9921 1.4030 7.4975 4.2647 7.7550 1.6374 9.8370 111.4680 6.0327 10.7432 112.0835 0.9605 112.6251 25.8149 9.8218 6.6902 7.1553 3.4576 8.7467 9.4837 7.7334 9.3690 6.8579 10.0837 9.6678 0.6332 111.9821 4.7683 0.7119 10.0314 111.9586 108.3711 4.0150 96.0676 9.2433 8.2602 95.1901 107.6793 11.1250 109.5112 8.8486 9.1319 1.8737 114.0543 6.2689 94.8117 19.2237 7.6936 7.3006 6.5233 106.9172 35.7426 96.3905 8.5573 8.8230 111.7096 9.9737 1.9851 8.7961 95.2752 7.7215 3.4122 106.9831 10.2402 2.3872 4.1280 26.3062 0.0000 8.2878 10.8516 106.6621 9.6698 8.2972 8.8503 95.7016 8.4231 111.9410 9.5288 26.9905 1.8181 10.0217 112.0811 1.1406 9.1142 9.6998 112.8135 1.9609
9.0499 111.1993 111.1993 26.5199 94.4654 7.5261 3.0837 6.6117 107.3505 5.6813 3.0816 8.5554 12.5588 7.9415 7.9455 6.7606 1.6369 8.1405 8.8649 110.7263 8.4520 3.9439 111.3417 8.4940 111.8833 25.0732 3.0477 8.5646 1.5965 6.3091 2.2294 2.5740 2.8988 2.7874 8.8762 3.3592 2.0336 8.1440 111.2403 7.1876 8.4137 3.3509 111.2169 107.6294 7.7148 95.3259 1.6826 1.3504 94.4484 106.9376 10.1529 108.7695 1.9864 6.1965 7.8136 113.3126 9.3864 94.0700 11.7735 1.4127 2.8812 9.0538 106.1755 28.4657 95.6487 5.4370 1.2623 110.9679 2.4130 7.4054 2.1469 94.5335 2.8869 6.7749 106.2414 11.5515 6.8953 7.8278 25.5645 8.0517 0.0000 3.2908 105.9203 6.5647 0.5015 1.8615 94.9598 1.3906 111.1993 2.3303 26.2488 8.0680 6.2344 111.3393 8.2915 2.6751 2.1390 112.0718 7.5571
9.7144 111.8638 111.8638 27.1844 95.1299 10.1807 0.8404 9.1757 108.0149 8.2453 1.4085 9.2199 13.2233 10.5962 8.6100 9.3246 3.6078 10.7045 9.5294 111.3907 11.1067 3.0296 112.0062 11.0580 112.5478 25.7376 3.7107 9.2291 4.2511 8.8731 2.3785 3.2370 5.3147 1.8731 9.5407 2.4448 2.7320 10.7080 111.9048 9.8423 10.9777 2.4366 111.8814 108.2939 10.2787 95.9903 1.8317 3.3214 95.1128 107.6021 10.8174 109.4340 2.1355 5.6183 10.3775 113.9771 10.0509 94.7344 9.2206 3.3837 5.5358 9.7183 106.8399 29.1301 96.3132 4.8588 2.1250 111.6324 1.4987 10.0601 2.2960 95.1979 5.2290 9.3389 106.9058 12.2160 9.5500 10.3917 26.2290 10.6157 3.2908 0.0000 106.5848 5.9865 2.6205 3.8325 95.6243 3.3616 111.8638 2.2665 26.9132 10.6320 5.6562 112.0038 10.8555 4.0524 1.9235 112.7363 10.1210
101.7944 5.6779 5.6779 90.9811 14.5273 104.2519 105.7856 107.4565 1.8707 107.1754 104.9174 101.2998 105.4881 105.3167 100.6900 106.0315 105.2956 105.0356 101.7942 5.2049 103.5169 107.4047 5.8204 105.7147 6.3620 80.5717 104.6129 101.3091 106.7559 106.8075 106.2519 104.1392 106.7321 106.2482 101.6207 106.8199 103.3711 107.3021 5.7190 103.9135 107.5718 106.8117 5.6955 2.1496 105.7818 14.5812 105.7051 105.0092 14.5102 1.4162 103.0821 3.2481 106.0089 110.8933 104.8648 11.8878 102.1308 14.9618 109.8825 105.0714 107.4928 101.7982 0.4973 80.7154 14.0905 110.1338 105.2848 5.4465 105.8737 104.7806 106.1694 18.2908 106.6464 106.4290 0.7200 104.4808 104.2705 105.8947 80.0611 107.2098 105.3423 105.9928 0.0000 111.2615 105.2544 105.3305 15.0217 104.8860 5.6779 106.6415 80.0415 104.8174 110.9312 5.8180 105.6674 104.9545 106.1615 6.5504 106.7152
15.1028 117.2521 117.2521 32.5728 100.5183 11.9581 5.7285 7.9982 113.4033 7.0678 5.7264 14.6082 18.6117 10.3539 13.9984 8.1471 6.6282 9.5270 14.9178 116.7791 12.8840 4.2640 117.3946 9.8805 117.9362 31.1260 8.0287 14.6175 6.0285 7.6956 4.8223 7.5549 7.3308 4.3622 14.9290 4.3565 7.0499 9.5305 117.2932 11.6196 9.8002 4.2403 117.2698 113.6822 9.1013 101.3787 5.3908 6.8805 100.5012 112.9904 16.2057 114.8224 4.9241 0.7637 9.2001 119.3654 15.4392 100.1228 9.0767 6.5667 7.3132 15.1066 112.2283 34.7818 101.7016 1.4025 5.6841 117.0208 5.0577 9.6215 4.8717 100.5863 7.3189 8.1614 112.2942 17.6044 10.0744 9.2143 31.6174 9.4382 6.5138 5.9356 111.9732 0.0000 6.1796 7.3915 101.0127 6.9206 117.2521 4.5220 32.3016 9.4545 0.5056 117.3922 9.6780 8.2052 4.6936 118.1246 8.9436
8.9621 111.1114 111.1114 26.4320 94.3776 7.5355 2.4134 7.1169 107.2626 6.1864 2.4113 8.4675 12.4709 7.9510 7.8576 7.2657 1.5490 8.6456 8.7771 110.6384 8.4615 3.2736 111.2539 8.9991 111.7955 24.9853 2.9598 8.4767 1.6059 6.8143 1.5591 2.4861 3.2558 2.1171 8.7883 2.6888 1.9457 8.6492 111.1525 7.1971 8.9188 2.6806 111.1290 107.5415 8.2199 95.2380 1.0123 1.2626 94.3605 106.8497 10.0650 108.6816 1.3161 5.8622 8.3187 113.2247 9.2985 93.9821 9.4646 1.3248 2.8906 8.9659 106.0876 28.3778 95.5609 5.1028 0.5920 110.8800 1.7426 7.4149 1.4766 94.4456 3.1702 7.2800 106.1535 11.4637 6.9048 8.3329 25.4766 8.5568 0.5015 2.6205 105.8325 6.2304 0.0000 1.7736 94.8720 1.3027 111.1114 1.6600 26.1609 8.5731 5.9001 111.2515 8.7967 2.5872 1.4687 111.9839 8.0622
8.6833 111.4594 111.4594 26.7800 94.7255 7.8576 4.3119 5.8533 107.6105 4.9228 4.3099 8.8154 12.8189 8.2090 8.2056 6.0021 2.5278 7.3820 9.1250 110.9863 8.7836 4.3199 111.6018 7.7355 112.1434 25.3332 3.3077 8.8247 1.9281 5.5507 2.3234 2.8340 3.2304 2.9456 9.6088 3.6604 2.2937 7.3855 111.5004 7.5192 7.6552 3.6081 111.4770 107.8894 6.9563 95.5859 1.9427 1.6105 94.7084 107.1976 10.4130 109.0296 2.4252 5.9791 7.0551 113.5726 9.0198 94.3300 9.5815 2.4663 2.6638 9.2742 106.4355 28.7257 95.9088 5.2196 1.5223 111.2280 2.6730 7.4765 2.3728 94.7935 3.2185 6.0164 106.5014 11.8116 7.2269 7.0693 25.8246 7.2932 0.9876 4.5191 106.1804 6.3473 0.9971 0.0000 95.2199 1.6506 111.4594 3.1055 26.5088 7.3095 6.0170 111.5994 7.5330 2.9352 3.2771 112.3319 6.7986
90.7430 20.6671 20.6671 79.9297 0.5824 93.2005 94.7343 96.4052 16.8183 96.1240 93.8660 90.2485 94.4367 94.2653 89.6386 94.9801 94.2442 93.9842 90.7428 20.1941 92.4655 96.3533 20.8095 94.6634 21.3511 69.5203 93.5615 90.2577 95.7045 95.7561 95.2005 93.0878 95.6807 95.1968 90.5693 95.7686 92.3197 96.2507 20.7081 92.8621 96.5204 95.7603 20.6847 17.0972 94.7304 1.5664 94.6537 93.9578 0.7254 16.4054 92.0308 18.2373 94.9575 99.8419 93.8134 22.7804 91.0795 1.9910 98.8311 94.0201 96.4414 90.7469 15.6433 69.6641 2.0196 99.0824 94.2334 20.4357 94.8224 93.7292 95.1180 1.2211 95.5950 95.3777 15.7091 93.4294 93.2191 94.8434 69.0097 96.1584 94.2909 94.9414 15.3881 100.2101 94.2031 94.2792 0.0000 93.8346 20.6671 95.5902 68.9902 93.7661 99.8798 20.8071 94.6160 93.9032 95.1101 21.5396 95.6638
8.6264 111.3389 111.3389 26.6596 94.6051 7.8007 3.2233 5.7964 107.4901 4.8660 3.2213 8.6950 12.6985 8.1521 8.0852 5.9452 2.4709 7.3252 9.0046 110.8659 8.7267 4.2630 111.4814 7.6786 112.0230 25.2128 3.1873 8.7043 1.8712 5.4938 2.2665 2.7136 3.1735 2.8887 9.5519 3.6035 2.1733 7.3287 111.3800 7.4623 7.5984 3.5512 111.3566 107.7690 6.8994 95.4655 1.8222 1.4901 94.5880 107.0772 10.2926 108.9091 2.3684 5.9222 6.9982 113.4522 8.9629 94.2096 9.5246 2.4094 2.6069 9.2173 106.3151 28.6053 95.7884 5.1627 1.4019 111.1076 2.5526 7.4196 2.3159 94.6731 3.1616 5.9595 106.3810 11.6912 7.1700 7.0124 25.7042 7.2364 0.8672 3.4305 106.0600 6.2904 0.8767 0.4447 95.0995 0.0000 111.3389 3.0486 26.3884 7.2527 5.9601 111.4790 7.4762 2.8148 2.2787 112.2114 6.7417
107.0734 0.0000 0.0000 96.2600 19.8063 109.5309 111.0646 112.7355 7.1676 112.4543 110.1964 106.5788 110.7670 110.5956 105.9689 111.3104 110.5746 110.3146 107.0731 1.2374 108.7959 112.6837 0.6707 110.9937 1.5069 85.8507 109.8918 106.5880 112.0349 112.0864 111.5308 109.4181 112.0110 111.5271 106.8996 112.0989 108.6500 112.5811 0.8639 109.1924 112.8508 112.0907 0.7559 6.8044 111.0607 19.8602 110.9840 110.2882 19.7892 4.9263 108.3611 4.1619 111.2878 116.1722 110.1437 9.1146 107.4098 20.2407 115.1614 110.3504 112.7717 107.0772 5.2645 85.9944 19.3695 115.4127 110.5637 0.4602 111.1527 110.0595 111.4484 23.5698 111.9254 111.7080 4.9579 109.7597 109.5495 111.1737 85.3400 112.4888 110.6213 111.2717 5.6779 116.5404 110.5334 110.6095 20.3007 110.1650 0.0000 111.9205 85.3205 110.0964 116.2101 0.6683 110.9464 110.2335 111.4405 1.6953 111.9941
10.3632 112.5125 112.5125 27.8332 95.7787 8.7671 2.0593 7.8528 108.6637 6.9224 2.0573 9.8686 13.8721 9.1826 9.2588 8.0017 3.4373 9.3816 10.1782 112.0395 9.6931 2.5455 112.6550 9.7351 113.1966 26.3864 4.3595 9.8779 2.8376 7.5502 0.6141 3.8858 4.1399 0.4642 10.1894 1.8860 3.3808 9.3851 112.5536 8.4287 9.6548 1.8337 112.5302 108.9426 8.9559 96.6391 0.6376 2.3609 95.7616 108.2508 11.4662 110.0827 0.6725 4.2047 9.0547 114.6258 10.6996 95.3832 7.8071 2.4232 4.1223 10.3670 107.4887 29.7789 96.9620 3.4452 1.1645 112.2812 1.3886 8.6465 0.6201 95.8467 4.1280 8.0160 107.5546 12.8648 8.1364 9.0688 26.8778 9.2928 2.3303 2.2665 107.2336 4.5729 1.6600 2.8719 96.2731 2.4010 112.5125 0.0000 27.5620 9.3091 4.2426 112.6526 9.5326 3.6856 0.4285 113.3850 8.7982
23.1925 85.2662 85.2662 16.0850 68.5324 25.6500 27.1837 28.8546 81.4174 28.5734 26.3155 22.6979 26.8861 26.7148 22.0880 27.4295 26.6937 26.4337 23.1923 84.7932 24.9150 28.8028 85.4087 27.1128 85.9503 1.0990 26.0109 22.7071 28.1540 28.2055 27.6499 25.5372 28.1301 27.6463 23.0187 28.2180 24.7692 28.7002 85.3073 25.3115 28.9699 28.2098 85.2838 81.6963 27.1798 69.3928 27.1031 26.4073 68.5153 81.0045 24.4802 82.8364 27.4069 32.2913 26.2628 87.3795 23.5289 68.1369 31.2806 26.4695 28.8909 23.1963 80.2424 8.5424 69.7157 31.5318 26.6828 85.0348 27.2718 26.1786 27.5675 68.6004 28.0445 27.8271 80.3083 25.8788 25.6686 27.2928 1.3001 28.6079 26.7404 27.3908 79.9872 32.6595 26.6525 26.7286 69.0268 26.2841 85.2662 28.0396 0.0000 26.2155 32.3292 85.4063 27.0655 26.3526 27.5596 86.1387 28.1132
5.0214 111.0301 111.0301 26.3507 94.2962 4.1957 10.8735 3.1242 107.1812 4.0497 10.8715 5.5198 9.0812 0.9843 6.5865 2.9058 7.9841 0.1807 8.9261 110.5570 5.1217 10.9723 111.1725 1.3824 111.7141 24.9039 8.9109 5.7792 7.3844 3.6818 8.9758 9.7128 6.8224 9.5981 5.9469 10.3128 9.8969 2.9698 111.0711 3.8573 3.2395 10.2605 111.0477 107.4601 2.6560 95.1566 9.4725 8.4893 94.2791 106.7684 10.2140 108.6003 9.0777 9.3610 0.2544 113.1434 5.3579 93.9007 18.3127 7.9227 7.5297 5.6124 106.0062 34.8316 95.4795 8.7864 9.0521 110.7987 10.2028 0.1670 9.0252 94.3642 6.8105 3.3033 106.0721 9.3293 1.4763 2.7690 25.3953 2.8775 8.5169 11.0807 105.7511 9.8989 8.5263 9.0794 94.7906 8.6522 111.0301 9.7579 26.0795 0.0000 10.2508 111.1701 1.0380 8.2032 9.9289 111.9026 2.3828
14.7725 116.9218 116.9218 32.2424 100.1880 11.6786 5.4490 8.3501 113.0730 7.4197 5.4470 14.2779 18.2814 10.7058 13.6681 8.4989 6.3487 9.8789 14.5875 116.4488 12.6046 3.9337 117.0643 10.2323 117.6059 30.7957 7.7492 14.2872 5.7490 8.0475 4.5429 7.2755 7.0514 4.0827 14.5987 4.0262 6.7705 9.8824 116.9629 11.3402 10.1521 3.9100 116.9395 113.3519 9.4531 101.0484 5.1114 6.6011 100.1709 112.6601 15.8754 114.4920 4.6447 1.1155 9.5519 119.0351 15.1089 99.7925 8.7464 6.2873 7.0337 14.7763 111.8980 34.4515 101.3713 1.7543 5.4046 116.6905 4.7783 9.9733 4.5923 100.2560 7.0395 8.5132 111.9639 17.2741 11.0479 9.5661 31.2871 9.7901 6.2344 5.6562 111.6429 0.5056 5.9001 7.1121 100.6824 6.6412 116.9218 4.2426 31.9713 9.8064 0.0000 117.0619 10.0299 7.9257 4.4142 117.7943 9.2954
107.2134 0.6683 0.6683 96.4001 19.9463 109.6709 111.2046 112.8756 7.3076 112.5944 110.3364 106.7189 110.9071 110.7357 106.1090 111.4505 110.7146 110.4546 107.2132 1.3774 108.9359 112.8237 0.1333 111.1338 1.1336 85.9907 110.0319 106.7281 112.1749 112.2265 111.6709 109.5582 112.1511 111.6672 107.0397 112.2390 108.7901 112.7211 1.0039 109.3325 112.9908 112.2307 0.8960 6.9444 111.2008 20.0002 111.1241 110.4282 19.9293 5.0663 108.5012 4.3019 111.4279 116.3123 110.2838 9.2546 107.5499 20.3808 115.3015 110.4905 112.9118 107.2172 5.4045 86.1344 19.5095 115.5528 110.7038 0.3678 111.2928 110.1996 111.5884 23.7098 112.0654 111.8481 5.0980 109.8998 109.6895 111.3137 85.4801 112.6288 110.7613 111.4118 5.8180 116.6805 110.6735 110.7496 20.4407 110.3050 0.6683 112.0606 85.4606 110.2365 116.3502 0.0000 111.0864 110.3736 111.5805 1.9009 112.1342
5.5952 111.6038 111.6038 26.9244 94.8699 4.7695 10.2763 2.3342 107.7550 4.2147 10.2742 6.0935 9.6549 1.0658 7.1603 3.5140 7.3869 0.8866 9.4998 111.1308 5.6955 10.3751 111.7462 0.5924 112.2878 25.4777 9.4846 6.3530 6.7872 3.0895 8.3786 9.1156 7.3962 9.0008 6.5207 9.7156 9.2996 2.1797 111.6448 4.4311 2.4494 9.6633 111.6214 108.0339 3.2643 95.7304 8.8752 7.8920 94.8529 107.3421 10.7877 109.1740 8.4804 8.7638 1.1229 113.7171 5.9316 94.4745 18.8864 7.3254 6.9324 6.1861 106.5800 35.4053 96.0532 8.1892 8.4549 111.3724 9.6056 1.2343 8.4280 94.9380 7.3843 3.0441 106.6459 9.9030 2.0500 3.3772 25.9690 2.0874 7.9196 10.4834 106.3248 9.3017 7.9291 8.4822 95.3643 8.0550 111.6038 9.1607 26.6533 1.0674 9.6535 111.7438 0.0000 8.7769 9.3317 112.4763 1.5928
7.4607 109.6100 109.6100 24.9306 92.8762 6.6912 3.8627 7.9881 105.7612 7.0577 2.9945 6.9661 10.9695 7.1066 6.3562 8.1370 1.8993 6.8256 7.2757 109.1370 7.6171 5.2992 109.7525 7.5047 110.2941 23.4839 0.7077 6.9753 2.8640 7.6855 3.5846 1.5271 1.7775 4.1427 7.2869 4.7144 1.7112 9.5204 109.6511 6.3527 9.7901 4.7062 109.6276 106.0401 7.5717 93.7366 3.0379 1.5413 92.8591 105.3483 8.5636 107.1802 3.3416 7.8878 6.6547 111.7233 7.7971 92.4807 10.9940 1.9262 2.8425 7.4645 104.5862 27.6862 94.0595 7.1283 2.6175 109.3786 3.7682 6.5705 3.5022 92.9442 1.6919 8.1513 104.6521 9.9622 6.0605 7.6847 23.9752 9.4281 2.6751 4.0698 104.3311 8.2560 2.5872 2.6448 93.3706 2.2176 109.6100 3.6856 24.6595 6.6074 7.9257 109.7501 7.4574 0.0000 3.4943 110.4825 8.9334
9.8691 112.0185 112.0185 27.3391 95.2847 8.9387 1.7164 8.0239 108.1697 7.0935 1.7143 9.3746 13.3780 9.3542 8.7647 8.1728 2.4561 9.5527 9.6841 111.5455 9.8647 2.5766 112.1609 9.9062 112.7025 25.8924 3.8669 9.3838 3.0092 7.7213 0.7204 3.3932 4.1629 0.3894 9.6954 1.9918 3.0378 9.5562 112.0595 8.6003 9.8259 2.0053 112.0361 108.4486 9.1270 96.1451 0.4464 2.1696 95.2676 107.7568 10.9721 109.5887 0.8100 4.3763 9.2258 114.1318 10.2056 94.8892 7.9787 2.2319 4.2939 9.8730 106.9947 29.2849 96.4679 3.6168 0.9732 111.7871 1.0456 8.8181 0.9705 95.3527 4.0772 8.1871 107.0606 12.3707 8.3080 9.2399 26.3837 9.4639 2.1390 1.9235 106.7395 4.7445 1.4687 2.6807 95.7790 2.2098 112.0185 0.4285 27.0680 9.4802 4.4142 112.1585 9.7037 3.4943 0.0000 112.8910 8.9693
107.9459 1.6953 1.6953 97.1325 20.6788 110.4034 111.9371 113.6080 8.0401 113.3268 111.0689 107.4513 111.6395 111.4681 106.8414 112.1829 111.4471 111.1871 107.9456 1.4471 109.6684 113.5562 1.7814 111.8662 1.1437 86.7232 110.7643 107.4605 112.9074 112.9589 112.4033 110.2906 112.8835 112.3996 107.7721 112.9714 109.5226 113.4536 0.8912 110.0649 113.7233 112.9632 1.0502 7.6769 111.9332 20.7327 111.8565 111.1607 20.6617 5.7988 109.2336 5.0344 112.1603 117.0447 111.0162 9.3244 108.2823 21.1132 116.0339 111.2229 113.6442 107.9497 6.1370 86.8669 20.2420 116.2852 111.4362 1.4640 112.0252 110.9320 112.3209 24.4423 112.7979 112.5805 5.8304 110.6322 110.4220 112.0462 86.2125 113.3613 111.4938 112.1442 6.5504 117.4129 111.4059 111.4820 21.1732 111.0375 1.6953 112.7930 86.1930 110.9689 117.0826 1.8354 111.8189 111.1060 112.3130 0.0000 112.8666
6.1697 112.1783 112.1783 27.4989 95.4445 5.3440 10.8817 2.9396 108.3295 4.8201 10.8797 6.6681 10.2295 1.6403 7.7348 4.5020 7.9923 1.8747 10.0743 111.7053 6.2700 10.9805 112.3208 1.1978 112.8624 26.0522 10.0591 6.9275 7.3926 3.6949 8.9840 9.7210 7.9707 9.6063 7.0952 10.3210 9.9051 0.8705 112.2194 5.0056 1.1402 10.2687 112.1960 108.6084 4.2523 96.3049 9.4807 8.4975 95.4274 107.9166 11.3623 109.7485 9.0859 9.3692 2.1110 114.2916 6.5062 95.0490 19.4610 7.9309 7.5379 6.7606 107.1545 35.9799 96.6278 8.7946 9.0603 111.9469 10.2110 2.2224 9.0334 95.5125 7.9588 3.6495 107.2204 10.4776 2.6246 4.3653 26.5435 0.7782 8.5251 11.0889 106.8994 9.9071 8.5345 9.0876 95.9389 8.6604 112.1783 9.7661 27.2278 2.0554 10.2590 112.3184 1.3779 9.3515 9.9371 113.0508 0.0000
0.000 196.224 196.224 78.716 173.912 22.324 42.311 33.818 191.092 32.975 39.706 7.020 19.885 27.398 14.097 29.543 34.144 26.555 26.442 195.593 18.212 44.496 196.414 28.593 197.136 74.375 36.748 7.972 32.883 31.871 38.507 37.372 30.483 40.373 11.350 45.414 35.068 33.355 196.279 21.309 34.164 42.361 196.247 191.464 28.794 175.059 42.070 35.922 173.889 190.542 29.670 192.984 38.812 57.634 26.043 199.042 10.165 173.385 54.602 35.347 32.819 11.627 189.525 94.626 175.490 55.356 40.809 195.915 42.576 25.790 38.655 174.003 30.447 30.736 189.613 19.502 24.260 29.133 75.850 33.078 37.130 42.933 189.185 58.739 40.718 40.946 174.571 39.612 196.224 40.853 77.902 25.901 57.748 196.411 28.451 34.625 43.439 197.387 31.594
196.431 0.000 0.000 182.013 71.419 199.708 201.753 203.981 33.503 203.606 200.595 195.772 201.356 201.127 194.959 202.081 201.099 200.753 196.431 15.712 198.728 203.912 14.012 201.658 16.521 168.134 200.189 195.784 203.047 203.115 202.374 199.557 203.015 202.369 196.199 203.132 198.533 203.775 14.592 199.257 204.134 203.121 14.268 32.413 201.748 71.581 201.645 200.718 71.368 26.779 198.148 22.708 202.050 208.563 200.525 39.344 196.880 72.722 207.215 200.801 204.029 196.436 27.794 168.326 70.108 207.550 201.085 13.381 201.870 200.413 202.265 82.709 202.901 202.611 26.874 200.013 199.733 201.898 167.453 203.652 201.162 202.029 29.034 209.054 201.045 201.146 72.902 200.553 12.000 202.894 167.427 200.462 208.613 14.005 201.595 200.645 202.254 17.086 202.992
196.431 0.000 0.000 182.013 71.419 199.708 201.753 203.981 33.503 203.606 200.595 195.772 201.356 201.127 194.959 202.081 201.099 200.753 196.431 15.712 198.728 203.912 14.012 201.658 16.521 168.134 200.189 195.784 203.047 203.115 202.374 199.557 203.015 202.369 196.199 203.132 198.533 203.775 14.592 199.257 204.134 203.121 14.268 32.413 201.748 71.581 201.645 200.718 71.368 26.779 198.148 22.708 202.050 208.563 200.525 39.344 196.880 72.722 207.215 200.801 204.029 196.436 27.794 168.326 70.108 207.550 201.085 13.381 201.870 200.413 202.265 82.709 202.901 202.611 26.874 200.013 199.733 201.898 167.453 203.652 201.162 202.029 29.034 209.054 201.045 201.146 72.902 200.553 12.000 202.894 167.427 200.462 208.613 14.005 201.595 200.645 202.254 17.086 202.992
91.077 166.573 166.573 0.000 144.261 94.353 96.398 98.626 161.441 98.251 95.241 90.417 96.002 95.773 89.604 96.726 95.745 95.398 91.077 165.942 93.373 98.557 166.762 96.304 167.485 15.978 94.835 90.430 97.692 97.761 97.020 94.203 97.660 97.015 90.845 97.778 93.179 98.420 166.627 93.902 98.780 97.767 166.596 161.813 96.393 145.408 96.291 95.363 144.238 160.890 92.794 163.333 96.696 103.209 95.171 169.390 91.525 143.733 101.861 95.446 98.675 91.082 159.874 37.443 145.838 102.196 95.731 166.264 96.516 95.058 96.910 144.351 97.546 97.256 159.962 94.659 94.378 96.544 21.092 98.297 95.807 96.675 159.534 103.700 95.690 95.792 144.920 95.199 166.573 97.540 24.457 95.108 103.259 166.759 96.241 95.290 96.900 167.736 97.638
173.998 72.518 72.518 159.580 0.000 177.275 179.320 181.548 60.972 181.173 178.162 173.339 178.923 178.695 172.526 179.648 178.667 178.320 173.998 71.099 176.295 181.479 72.945 179.225 74.570 145.701 177.756 173.351 180.613 180.682 179.941 177.125 180.582 179.937 173.767 180.699 176.100 181.342 72.641 176.824 181.701 180.688 72.571 61.808 179.315 11.163 179.212 178.285 2.765 59.733 175.715 65.229 179.617 186.130 178.092 78.858 174.447 15.828 184.782 178.368 181.596 174.003 57.447 145.893 16.576 185.117 178.652 71.824 179.437 177.980 179.831 17.769 180.467 180.178 57.644 177.580 177.300 179.465 145.020 181.219 178.729 179.596 56.681 186.621 178.612 178.713 6.602 178.120 72.518 180.461 144.994 178.029 186.181 72.938 179.162 178.212 179.821 75.136 180.559
24.094 200.386 200.386 87.481 178.075 0.000 43.486 32.832 195.255 31.988 42.623 25.589 31.336 26.412 28.789 28.557 33.158 25.569 35.807 199.756 20.441 43.510 200.576 27.607 201.299 83.741 35.762 26.367 31.897 30.885 37.520 38.220 29.497 39.387 26.870 41.531 38.773 32.369 200.441 13.953 33.178 41.374 200.410 195.627 27.808 179.222 39.011 34.936 178.052 194.704 39.671 197.147 37.826 48.488 25.057 203.204 25.103 177.547 63.968 34.361 31.832 25.866 193.688 98.789 179.652 46.209 37.749 200.078 41.201 24.804 37.669 178.165 29.461 29.750 193.776 32.080 23.274 28.147 85.215 32.092 36.144 44.108 193.348 49.592 36.172 37.831 178.734 36.550 200.386 39.867 87.119 24.915 48.601 200.573 27.465 33.639 40.382 201.550 30.608
40.522 202.542 202.542 89.636 180.230 41.921 0.000 38.906 197.410 36.115 8.927 39.038 51.049 43.167 37.209 39.352 22.202 43.492 39.967 201.911 44.698 20.468 202.732 44.552 203.454 87.707 22.511 39.066 24.132 37.998 18.514 21.090 27.323 15.455 40.001 18.713 19.575 43.503 202.597 40.905 44.312 18.688 202.566 197.782 42.215 181.378 14.837 21.343 180.208 196.860 43.831 199.302 17.785 28.233 42.511 205.360 41.531 179.703 39.041 21.529 27.986 40.533 195.844 92.231 181.808 25.955 17.885 202.234 10.922 41.559 18.267 180.321 27.066 39.395 195.932 48.027 40.029 42.554 88.363 43.226 21.251 9.130 195.504 29.338 19.240 22.876 180.890 21.463 202.542 17.375 89.275 43.275 28.347 202.729 43.945 23.536 15.000 203.705 41.742
33.533 204.582 204.582 91.676 182.270 31.056 39.003 0.000 199.450 17.287 38.997 35.028 43.717 19.945 38.228 20.765 30.335 20.648 45.247 203.951 36.617 39.299 204.772 18.617 205.494 89.747 36.942 35.806 28.536 18.556 33.310 35.521 28.562 35.177 36.310 37.321 36.073 17.636 204.637 30.041 18.445 37.164 204.605 199.822 27.140 183.417 34.800 31.850 182.247 198.899 49.181 201.342 33.615 34.465 21.357 207.399 34.542 181.743 55.084 30.150 28.971 35.306 197.883 98.677 183.848 32.742 33.539 204.273 36.991 21.691 33.458 182.361 28.526 18.420 197.971 44.461 22.898 25.887 90.402 16.958 31.933 39.624 197.543 36.079 31.961 33.621 182.929 32.339 204.582 35.656 91.314 21.190 37.135 204.769 19.158 35.824 36.169 205.745 13.272
191.299 33.503 33.503 176.882 59.873 194.576 196.621 198.849 0.000 198.474 195.463 190.640 196.224 195.996 189.827 196.949 195.968 195.621 191.299 32.084 193.596 198.780 33.930 196.527 35.555 163.002 195.057 190.652 197.915 197.983 197.243 194.426 197.883 197.238 191.068 198.000 193.402 198.643 33.626 194.125 199.003 197.989 33.556 17.779 196.616 60.034 196.514 195.586 59.821 20.718 193.016 26.213 196.919 203.431 195.393 52.133 191.748 61.176 202.083 195.669 198.897 191.305 17.730 163.194 58.562 202.419 195.953 32.809 196.739 195.281 197.133 71.163 197.769 197.479 18.629 194.881 194.601 196.767 162.322 198.520 196.030 196.897 14.863 203.922 195.913 196.014 61.356 195.421 33.503 197.762 162.296 195.330 203.482 33.923 196.463 195.513 197.122 36.120 197.860
37.154 206.191 206.191 93.285 183.879 34.677 38.335 17.287 201.059 0.000 38.328 38.649 46.990 23.566 41.850 18.307 29.666 24.269 49.027 205.561 39.889 38.631 206.381 22.239 207.103 91.356 36.274 39.428 27.867 13.343 32.641 34.852 27.893 34.508 39.931 36.653 35.404 21.257 206.246 33.662 22.066 36.496 206.215 201.431 22.768 185.027 34.131 31.182 183.857 200.509 52.454 202.951 32.947 33.797 24.157 209.009 38.164 183.352 54.416 29.482 28.303 38.927 199.493 98.380 185.457 32.073 32.870 205.883 36.322 25.312 32.790 183.970 27.857 14.598 199.581 47.734 26.519 22.738 92.011 20.980 31.264 38.956 199.153 35.411 31.293 32.952 184.539 31.671 206.191 34.988 92.924 24.812 36.466 206.378 20.950 35.156 35.501 207.355 19.496
37.917 201.385 201.385 88.479 179.073 41.005 8.927 39.013 196.253 36.221 0.000 36.434 48.444 42.251 34.604 39.459 22.196 43.599 37.362 200.754 52.454 20.461 201.574 44.659 202.297 85.987 19.906 36.461 24.126 38.105 18.508 18.485 26.264 16.992 37.396 18.707 17.862 43.610 201.439 39.989 44.419 18.682 201.408 196.625 42.322 180.220 16.145 21.337 179.050 195.702 41.226 198.145 17.779 28.227 42.618 204.202 38.927 178.545 39.034 21.523 27.980 37.929 194.686 91.073 180.650 25.949 15.313 201.076 14.288 40.643 18.260 179.163 26.007 39.502 194.774 45.422 39.112 42.661 87.205 43.333 20.973 16.048 194.346 29.332 19.234 22.983 179.732 21.649 201.385 18.172 88.117 43.382 28.341 201.571 44.052 20.931 17.745 202.548 41.849
7.020 196.187 196.187 78.633 173.875 23.762 42.229 35.256 191.055 34.413 39.624 0.000 23.662 28.837 7.825 30.981 35.583 27.994 20.972 195.557 19.650 47.086 196.377 30.031 197.099 74.293 38.710 4.307 34.321 33.309 39.945 37.289 31.921 43.616 6.763 45.332 34.985 34.793 196.242 22.747 35.602 45.307 196.211 191.427 30.232 175.023 41.987 39.899 173.853 190.505 23.007 192.948 42.898 57.552 27.481 199.005 14.050 173.348 54.519 36.785 34.257 7.437 189.489 94.589 175.453 55.273 40.726 195.879 42.493 27.229 40.093 173.966 31.885 32.174 189.577 23.278 25.698 30.571 75.767 34.516 40.899 42.850 189.149 58.656 40.635 40.864 174.535 39.530 196.187 44.797 77.820 27.339 57.665 196.374 29.889 36.063 43.357 197.351 33.032
19.885 201.732 201.732 88.826 179.420 32.427 53.767 41.746 196.600 43.616 51.163 23.662 0.000 40.035 30.738 40.185 44.566 36.977 22.870 201.101 23.003 58.624 201.922 38.615 202.644 86.769 50.249 24.613 43.305 42.513 48.929 48.828 40.905 55.155 25.227 56.870 46.524 41.523 201.787 18.473 42.332 56.846 201.756 196.972 39.436 180.567 53.526 51.438 179.397 196.050 28.033 198.492 54.437 69.090 36.685 204.550 11.000 178.893 66.058 45.769 43.240 27.578 195.034 100.134 180.998 66.812 52.265 201.424 54.032 36.212 54.919 179.511 40.869 41.377 195.121 6.463 34.682 39.774 87.552 41.246 52.437 54.389 194.693 70.195 52.174 52.402 180.079 51.068 201.732 56.335 88.465 37.448 69.204 201.919 38.473 45.047 54.895 202.895 39.762
29.751 202.901 202.901 89.995 180.589 27.274 44.500 20.674 197.769 23.999 44.494 31.246 40.493 0.000 34.446 20.963 35.832 9.457 41.465 202.270 33.393 44.796 203.091 11.428 203.813 88.066 41.419 32.024 34.033 21.933 38.807 41.018 35.154 40.674 32.527 42.818 41.570 9.205 202.955 26.258 5.022 42.661 202.924 198.141 13.850 181.736 40.297 37.347 180.566 197.218 45.957 199.661 39.112 39.962 13.947 205.718 30.760 180.062 69.625 35.648 34.468 31.523 196.202 101.303 182.167 38.239 39.036 202.592 42.488 12.260 38.955 180.680 35.118 20.070 196.290 41.237 14.570 12.432 88.721 8.270 37.430 45.121 195.862 41.576 37.458 39.118 181.248 37.836 202.901 41.153 89.633 10.687 42.632 203.087 11.945 39.296 41.666 204.064 12.203
14.097 195.712 195.712 77.564 173.400 25.269 41.159 36.763 190.580 35.919 38.555 7.825 30.738 30.343 0.000 32.488 37.089 29.500 18.433 195.081 21.156 46.016 195.902 31.537 196.624 73.223 37.641 8.508 35.828 34.816 42.558 36.220 33.428 42.547 9.542 44.262 33.916 36.299 195.767 24.254 37.109 44.237 195.735 190.952 31.738 174.547 40.918 38.830 173.377 190.030 18.428 192.472 41.829 56.482 28.987 198.530 16.998 172.873 53.450 39.017 35.763 13.072 189.013 94.114 174.978 54.204 39.657 195.403 41.423 28.735 42.311 173.491 33.392 33.680 189.101 30.355 27.205 32.077 74.698 36.023 39.829 41.781 188.673 57.587 39.566 39.794 174.059 38.460 195.712 43.727 76.750 28.845 56.596 195.899 31.395 38.666 42.287 196.875 34.539
34.987 205.228 205.228 92.322 182.916 32.510 38.200 20.129 200.096 17.760 38.194 36.483 44.647 20.963 39.683 0.000 29.532 15.793 46.701 204.597 37.547 38.496 205.418 12.578 206.140 90.393 36.139 37.261 27.733 5.917 32.507 34.718 27.759 34.374 37.764 36.518 35.270 13.517 205.283 31.495 21.110 36.361 205.252 200.468 7.877 184.064 33.997 31.047 182.894 199.546 50.111 201.988 32.812 33.662 14.242 208.046 35.997 182.389 54.281 29.347 28.169 36.760 198.530 98.321 184.494 31.939 32.736 204.920 36.188 17.772 32.655 183.007 27.723 4.550 198.618 45.391 20.275 8.738 91.048 17.480 31.130 38.822 198.189 35.276 31.158 32.818 183.576 31.536 205.228 34.853 91.961 16.192 36.332 205.415 9.228 35.021 35.366 206.391 19.850
34.070 201.724 201.724 88.818 179.412 31.593 22.656 32.144 196.592 29.353 22.650 37.197 49.207 32.839 35.367 32.591 0.000 31.996 38.126 201.093 34.371 25.237 201.914 34.034 202.636 86.750 19.821 37.225 12.182 31.236 20.093 19.174 17.711 21.767 38.159 23.483 19.726 36.741 201.779 30.578 37.550 23.458 201.747 196.964 35.453 180.559 18.453 5.225 179.389 196.041 41.989 198.484 19.364 33.003 31.484 204.541 35.079 178.885 46.851 4.282 19.305 35.843 195.025 91.412 180.990 30.724 17.938 201.415 20.644 31.231 19.846 179.503 17.675 32.633 195.113 46.185 29.701 35.792 87.544 36.464 11.955 23.278 194.685 34.108 15.873 7.752 180.071 6.568 201.724 20.396 88.456 31.342 33.117 201.911 33.892 17.698 19.822 202.887 34.980
26.522 201.466 201.466 88.560 179.154 24.045 44.838 20.830 196.334 24.367 44.832 28.017 38.701 9.457 31.217 15.793 35.587 0.000 38.236 200.835 26.823 45.134 201.656 10.038 202.378 86.170 38.190 28.795 34.325 17.992 39.145 40.649 31.925 41.012 29.299 43.156 41.201 7.848 201.521 23.030 10.808 42.999 201.489 196.706 9.487 180.301 40.635 37.365 179.131 195.783 42.100 198.226 39.451 40.300 4.518 204.283 27.531 178.627 66.396 35.986 34.261 28.295 194.767 99.868 180.732 38.577 39.374 201.157 42.826 6.050 39.293 179.245 31.889 16.128 194.855 39.446 8.835 8.490 87.286 13.943 37.768 45.460 194.427 41.914 37.796 39.456 179.813 38.174 201.466 41.491 88.198 4.477 42.970 201.653 8.003 36.068 42.004 202.629 16.437
26.592 196.882 196.882 80.196 174.570 35.483 42.854 46.502 191.750 48.373 40.249 20.972 22.860 44.791 18.433 44.941 41.384 41.380 0.000 196.251 29.098 47.711 197.072 43.371 197.794 75.856 39.336 23.408 45.765 47.269 44.253 37.915 45.694 44.242 15.242 45.957 35.611 46.279 196.937 34.468 47.088 45.933 196.905 192.122 44.192 175.717 42.613 40.525 174.547 191.199 17.647 193.642 43.524 58.177 41.441 199.699 32.268 174.043 55.145 40.712 47.976 18.572 190.183 95.284 176.148 55.899 41.352 196.573 43.119 40.615 44.006 174.661 45.436 46.134 190.271 20.060 39.085 44.531 77.330 46.002 41.524 43.476 189.843 59.282 41.261 41.489 175.229 40.155 196.882 45.422 79.382 40.725 58.291 197.069 43.229 40.361 43.982 198.045 44.518
195.800 15.712 15.712 181.383 70.000 199.077 201.122 203.350 32.084 202.975 199.965 195.141 200.725 200.497 194.328 201.450 200.469 200.122 195.800 0.000 198.097 203.281 15.245 201.028 15.288 167.503 199.558 195.153 202.416 202.485 201.744 198.927 202.384 201.739 195.569 202.501 197.903 203.144 7.448 198.626 203.504 202.490 6.942 30.994 201.117 70.162 201.015 200.087 69.949 25.360 197.517 23.066 201.420 207.932 199.894 35.936 196.249 71.303 206.585 200.170 203.398 195.806 26.374 167.695 68.689 206.920 200.454 10.972 201.240 199.782 201.634 81.290 202.270 201.980 25.455 199.382 199.102 201.268 166.823 203.021 200.531 201.398 27.615 208.423 200.414 200.515 71.483 199.923 13.537 202.263 166.797 199.831 207.983 15.217 200.965 200.014 201.623 12.563 202.361
17.029 198.472 198.472 83.773 176.160 18.385 40.533 29.879 193.340 29.036 39.670 18.524 23.003 23.460 20.030 25.604 30.206 22.616 31.500 197.841 0.000 40.557 198.662 24.654 199.384 79.433 32.809 18.995 28.944 27.932 34.568 35.268 26.544 36.434 19.805 38.579 35.820 29.416 198.527 17.370 30.225 38.422 198.495 193.712 24.855 177.307 36.058 31.983 176.137 192.790 35.363 195.232 34.873 45.535 22.104 201.290 15.740 175.633 59.659 31.408 28.880 18.802 191.773 96.874 177.738 43.256 34.797 198.163 38.249 21.851 34.716 176.251 26.508 26.797 191.861 22.620 20.321 25.194 80.907 29.139 33.191 41.155 191.433 46.639 33.219 34.879 176.819 33.597 198.472 36.914 82.960 21.962 45.649 198.659 24.512 30.686 37.429 199.635 27.655
45.379 204.701 204.701 91.795 182.389 41.945 20.468 39.202 199.569 36.410 20.461 43.895 55.906 43.191 42.066 39.648 25.955 43.788 44.824 204.070 44.723 0.000 204.891 44.849 205.613 89.866 27.368 43.923 24.156 38.294 20.537 25.947 28.063 19.157 44.858 9.932 24.432 43.799 204.756 40.929 44.608 10.988 204.724 199.941 42.511 183.536 19.454 23.923 182.366 199.019 48.688 201.461 20.366 23.947 42.807 207.519 46.388 181.862 34.412 24.110 28.010 45.391 198.003 94.389 183.967 21.668 20.334 204.392 17.051 41.582 20.686 182.480 28.027 39.691 198.090 52.884 40.052 42.850 90.521 43.522 23.832 21.089 197.662 25.052 21.821 25.457 183.048 24.044 204.701 19.636 91.434 43.571 24.061 204.888 44.241 27.898 19.856 205.864 42.037
196.621 14.012 14.012 182.203 71.846 199.898 201.943 204.171 33.930 203.796 200.785 195.962 201.546 201.317 195.149 202.271 201.289 200.943 196.621 15.245 198.918 204.101 0.000 201.848 11.762 168.324 200.379 195.974 203.236 203.305 202.564 199.747 203.205 202.559 196.389 203.322 198.723 203.965 11.797 199.447 204.324 203.311 10.478 32.840 201.938 72.008 201.835 200.907 71.795 27.206 198.338 24.913 202.240 208.753 200.715 39.771 197.070 73.150 207.405 200.991 204.219 196.626 28.221 168.516 70.536 207.740 201.275 4.418 202.060 200.603 202.454 83.137 203.090 202.801 27.301 200.203 199.923 202.088 167.643 203.842 201.352 202.219 29.461 209.244 201.234 201.336 73.329 200.743 8.035 203.084 167.617 200.652 208.803 1.598 201.785 200.835 202.444 17.344 203.182
32.660 204.194 204.194 91.288 181.882 30.183 41.052 17.225 199.062 22.735 41.046 34.155 44.109 11.428 37.355 12.578 32.384 10.038 44.374 203.563 37.009 41.348 204.383 0.000 205.106 89.359 38.991 34.933 30.585 13.222 35.359 37.570 30.610 37.225 35.436 39.370 38.122 3.517 204.248 29.167 11.033 39.213 204.217 199.434 8.938 183.029 36.849 33.899 181.859 198.511 49.574 200.954 35.664 36.514 12.990 207.011 33.669 181.355 57.133 32.199 31.020 34.433 197.495 102.596 183.459 34.790 35.587 203.885 39.040 13.375 35.507 181.973 30.575 11.358 197.583 44.854 17.000 7.685 90.014 7.403 33.982 41.673 197.155 38.128 34.010 35.669 182.541 34.388 204.194 37.705 90.926 11.802 39.184 204.380 5.168 37.873 38.218 205.357 9.803
197.343 16.521 16.521 182.925 73.471 200.620 202.665 204.893 35.555 204.518 201.507 196.684 202.268 202.040 195.871 202.993 202.011 201.665 197.343 15.288 199.640 204.824 11.762 202.570 0.000 169.046 201.101 196.696 203.959 204.027 203.287 200.470 203.927 203.282 197.112 204.044 199.445 204.687 9.645 200.169 205.046 204.033 9.122 34.465 202.660 73.633 202.557 201.630 73.420 28.831 199.060 26.538 202.963 209.475 201.437 39.408 197.792 74.774 208.127 201.713 204.941 197.348 29.846 169.238 72.160 208.462 201.997 12.607 202.782 201.325 203.177 84.761 203.813 203.523 28.926 200.925 200.645 202.810 168.365 204.564 202.074 202.941 31.086 209.966 201.957 202.058 74.954 201.465 17.183 203.806 168.339 201.374 209.526 13.360 202.507 201.557 203.166 17.073 203.904
78.044 168.062 168.062 15.978 145.750 85.417 88.341 90.569 162.930 90.194 87.184 76.561 87.945 87.716 74.731 88.669 87.688 87.341 78.044 167.431 83.212 90.500 168.252 88.247 168.974 0.000 86.500 76.588 89.635 89.704 88.963 85.079 89.603 88.958 77.523 89.720 82.774 90.363 168.117 84.401 90.723 89.709 168.086 163.302 88.336 146.897 88.234 87.306 145.727 162.380 81.907 164.822 88.639 95.151 87.113 170.880 79.054 145.223 93.804 87.389 90.617 78.056 161.364 39.218 147.328 94.139 87.673 167.754 88.459 87.001 88.853 145.841 89.489 89.199 161.451 86.103 85.472 88.487 5.235 90.240 87.750 88.617 161.023 95.642 87.633 87.735 146.409 87.142 168.062 89.483 13.297 87.050 95.202 168.249 88.184 87.233 88.842 169.225 89.581
33.357 199.358 199.358 85.767 177.046 34.196 22.563 37.214 194.226 34.423 19.958 31.873 43.884 35.443 30.044 37.661 19.821 34.600 32.802 198.727 36.974 27.420 199.548 36.637 200.270 81.427 0.000 31.901 22.715 36.307 23.948 16.003 19.456 23.951 32.836 25.666 14.248 41.811 199.413 33.181 42.620 25.641 199.381 194.598 40.523 178.193 22.308 18.747 177.023 193.675 36.666 196.118 23.219 35.186 34.087 202.175 34.366 176.519 43.957 19.901 22.651 33.368 192.659 90.126 178.624 32.908 21.047 199.049 22.827 33.835 23.701 177.137 19.199 37.704 192.747 40.862 32.304 40.862 82.901 41.534 21.220 23.185 192.319 36.291 20.956 21.184 177.705 19.851 199.358 25.131 84.953 33.945 35.300 199.545 36.495 9.830 23.678 200.521 40.050
7.972 195.826 195.826 77.821 173.515 24.174 41.416 35.668 190.695 34.824 38.812 4.307 24.613 29.248 8.508 31.393 35.994 28.405 23.408 195.196 20.061 46.274 196.016 30.442 196.738 73.481 37.898 0.000 34.733 33.721 42.815 36.477 32.332 42.804 9.793 44.519 34.173 35.205 195.881 23.159 36.014 44.495 195.850 191.066 30.644 174.662 41.175 39.087 173.492 190.144 24.512 192.587 42.086 56.740 27.893 198.644 15.002 172.987 53.707 39.274 34.668 10.598 189.128 94.228 175.092 54.461 39.914 195.518 41.681 27.640 42.568 173.605 32.297 32.585 189.216 24.230 26.110 30.982 74.955 34.928 40.087 42.038 188.788 57.844 39.823 40.051 174.174 38.718 195.826 43.984 77.008 27.751 56.853 196.013 30.300 38.923 42.544 196.990 33.444
32.808 202.259 202.259 89.353 179.947 30.331 24.132 28.676 197.127 25.884 24.126 34.303 43.482 31.578 36.571 29.122 12.182 30.735 39.329 201.628 33.109 24.156 202.449 34.322 203.171 87.424 21.798 35.082 0.000 27.768 18.166 20.377 15.613 20.033 35.585 22.177 20.930 33.272 202.313 29.316 34.081 22.021 202.282 197.499 31.985 181.094 19.656 16.048 179.924 196.576 43.193 199.019 18.472 29.133 32.281 205.076 33.818 179.419 39.941 11.113 13.992 34.581 195.560 91.947 181.525 26.855 18.395 201.950 21.848 29.969 18.315 180.037 17.700 29.165 195.648 47.389 28.439 32.323 88.079 32.995 16.790 24.753 195.220 30.238 16.818 7.743 180.606 10.123 202.259 20.513 88.991 30.080 29.247 202.445 33.715 20.592 21.028 203.422 31.511
34.764 205.129 205.129 92.223 182.817 32.287 37.957 18.533 199.997 13.343 37.951 36.259 44.423 21.933 39.459 5.917 29.289 17.992 46.478 204.498 37.324 38.253 205.319 13.222 206.041 90.294 35.896 37.037 27.490 0.000 32.264 34.475 27.515 34.130 37.541 36.275 35.027 14.277 205.183 31.272 21.556 36.118 205.152 200.369 11.240 183.964 33.754 30.804 182.794 199.447 49.888 201.889 32.569 33.419 20.047 207.947 35.773 182.290 54.038 29.104 27.925 36.537 198.430 98.213 184.395 31.696 32.493 204.820 35.945 21.328 32.412 182.908 27.480 2.112 198.518 45.168 23.518 11.553 90.949 18.123 30.887 38.579 198.090 35.033 30.915 32.575 183.476 31.293 205.129 34.610 91.861 19.755 36.089 205.315 9.988 34.778 35.123 206.292 18.986
38.432 203.145 203.145 90.239 180.833 35.955 18.514 33.212 198.013 30.421 18.508 40.395 52.405 37.201 38.565 33.659 19.966 37.799 41.323 202.514 38.733 20.537 203.335 38.859 204.057 88.310 23.872 40.423 18.166 32.304 0.000 22.450 22.073 6.630 41.209 18.559 20.705 37.809 203.200 34.940 38.618 18.402 203.169 198.385 36.521 181.981 7.268 18.780 180.811 197.463 45.187 199.905 3.845 25.515 36.818 205.963 39.442 180.306 36.322 18.967 22.021 40.205 196.447 92.834 182.411 23.236 11.368 202.837 15.190 35.593 2.282 180.924 22.038 33.702 196.535 49.383 34.063 36.860 88.965 37.532 17.505 19.136 196.107 26.620 12.015 20.313 181.493 18.827 203.145 7.337 89.878 37.581 25.629 203.332 38.252 22.754 8.680 204.308 36.048
32.746 199.086 199.086 85.156 176.774 36.359 20.835 35.487 193.954 32.695 18.231 31.262 43.273 37.605 29.433 35.933 19.352 40.073 32.191 198.455 47.282 25.693 199.276 41.133 199.998 80.816 16.003 31.290 23.733 34.579 22.221 0.000 21.618 22.223 32.225 23.938 9.055 40.084 199.141 35.344 40.893 23.914 199.110 194.326 38.796 177.922 20.580 18.493 176.752 193.404 36.055 195.847 21.492 33.458 39.092 201.904 33.755 176.247 40.917 18.680 24.813 32.758 192.388 88.775 178.352 31.180 19.319 198.778 21.100 35.997 21.974 176.865 21.361 35.976 192.476 40.251 34.467 39.135 82.290 39.807 19.492 21.457 192.048 34.563 19.229 19.457 177.434 18.123 199.086 23.403 84.342 39.855 33.572 199.273 40.526 16.285 21.950 200.250 38.323
30.408 202.183 202.183 89.277 179.872 27.931 27.323 32.582 197.052 29.791 26.316 31.903 41.082 29.178 35.104 33.029 17.711 28.334 39.160 201.553 30.709 28.063 202.373 30.372 203.095 87.349 19.456 32.682 15.613 31.675 22.073 21.914 0.000 23.940 33.185 26.084 22.466 35.134 202.238 26.916 35.943 25.928 202.207 197.423 30.573 181.019 23.120 18.630 179.849 196.501 43.023 198.944 22.379 33.040 27.822 205.001 31.418 179.344 50.315 18.914 12.432 32.181 195.485 92.952 181.449 30.762 21.858 201.875 25.310 27.569 22.222 179.962 4.532 33.072 195.573 47.219 26.039 30.912 88.004 34.857 20.696 27.944 195.145 34.145 21.767 20.292 180.531 20.659 202.183 24.420 88.916 27.680 33.154 202.370 30.230 17.332 24.489 203.347 33.373
41.909 203.159 203.159 90.253 180.847 37.822 15.455 35.079 198.027 32.288 16.992 40.426 52.436 39.068 38.596 35.525 21.832 39.665 41.354 202.528 40.600 19.157 203.349 40.726 204.071 88.324 23.899 40.454 20.033 34.171 6.630 22.477 23.940 0.000 41.388 16.608 20.962 39.676 203.214 36.806 40.485 16.600 203.182 198.399 38.388 181.994 8.972 20.454 180.824 197.477 45.218 199.919 8.265 24.134 38.684 205.977 42.919 180.320 34.942 20.641 23.887 41.921 196.461 92.847 182.425 21.856 14.662 202.850 8.560 37.460 6.702 180.938 23.904 35.568 196.548 49.414 35.929 38.727 88.979 39.399 20.362 17.619 196.120 25.239 16.435 21.987 181.506 20.574 203.159 1.920 89.891 39.448 24.248 203.346 40.118 24.428 5.693 204.322 37.915
11.350 196.870 196.870 80.169 174.558 25.230 43.765 36.724 191.738 35.880 41.160 6.763 25.227 30.304 9.542 32.449 37.050 29.461 15.242 196.239 21.118 48.622 197.060 31.498 197.782 75.829 40.247 9.793 35.789 34.777 41.413 38.826 33.389 45.153 0.000 46.868 36.521 36.261 196.925 24.215 37.070 46.843 196.894 192.110 31.700 175.705 43.523 41.436 174.535 191.188 21.847 193.630 44.434 59.088 28.948 199.688 17.690 174.031 56.056 38.253 35.724 4.342 190.172 95.272 176.136 56.810 42.263 196.561 44.029 28.696 41.561 174.649 33.353 33.641 190.259 24.175 27.166 32.038 77.303 35.984 42.435 44.386 189.831 60.193 42.171 42.400 175.217 41.066 196.870 46.333 79.356 28.807 59.202 197.057 31.357 37.531 44.893 198.033 34.500
43.625 203.921 203.921 91.015 181.609 39.966 18.713 37.223 198.789 34.432 18.707 42.141 54.151 41.213 40.312 37.670 23.029 41.809 43.070 203.291 42.744 9.932 204.111 42.870 204.833 89.086 25.614 42.169 22.177 36.315 18.559 24.193 26.084 16.608 43.103 0.000 22.678 41.820 203.976 38.951 42.629 2.420 203.945 199.161 40.532 182.757 17.700 22.169 181.587 198.239 46.934 200.681 18.611 24.224 40.829 206.739 44.634 181.082 34.690 22.356 26.031 43.636 197.223 93.610 183.187 21.946 18.580 203.613 10.863 39.604 19.093 181.700 26.049 37.713 197.311 51.130 38.074 40.871 89.742 41.543 22.078 17.518 196.883 25.329 20.066 23.702 182.269 22.290 203.921 18.528 90.654 41.592 24.338 204.108 42.263 26.143 18.102 205.085 40.059
36.370 200.697 200.697 87.791 178.385 37.683 20.949 33.976 195.565 31.184 17.862 34.886 46.897 41.043 33.057 34.422 17.821 38.562 35.815 200.066 40.461 25.834 200.887 39.623 201.609 84.439 14.248 34.914 22.222 33.068 20.690 9.055 22.942 22.364 35.849 24.079 0.000 38.573 200.752 36.668 39.382 24.055 200.720 195.937 37.285 179.532 19.050 17.582 178.362 195.015 39.679 197.457 19.961 33.599 37.581 203.515 37.379 177.858 44.541 17.910 24.433 36.381 193.998 90.385 179.963 31.321 17.789 200.388 21.241 38.845 20.443 178.476 22.685 34.465 194.086 43.875 35.791 37.624 85.914 38.296 16.100 21.570 193.658 34.704 17.698 17.946 179.044 16.612 200.697 20.993 87.429 38.344 33.713 200.884 39.015 17.572 20.419 201.860 36.812
27.898 202.077 202.077 89.171 179.765 25.420 42.034 18.207 196.945 23.849 42.028 29.392 40.077 9.205 32.593 13.517 33.365 7.848 39.611 201.446 28.198 42.330 202.267 3.517 202.989 87.242 39.566 30.171 31.566 14.277 36.340 38.552 33.301 38.207 30.674 40.352 39.103 0.000 202.132 24.405 8.007 40.195 202.101 197.317 8.058 180.913 37.830 34.881 179.743 196.395 43.475 198.837 36.646 37.496 11.347 204.895 28.907 179.238 67.772 33.181 32.002 29.670 195.379 100.479 181.343 35.772 36.569 201.769 40.022 11.185 36.489 179.856 33.265 12.413 195.467 40.821 14.810 6.805 87.897 7.422 34.963 42.655 195.038 39.110 34.992 36.651 180.424 35.370 202.077 38.687 88.810 9.612 40.165 202.264 4.288 37.443 39.200 203.240 9.822
196.486 14.592 14.592 182.068 71.542 199.763 201.807 204.035 33.626 203.661 200.650 195.826 201.411 201.182 195.013 202.135 201.154 200.807 196.486 7.448 198.783 203.966 11.797 201.713 9.645 168.189 200.244 195.839 203.101 203.170 202.429 199.612 203.069 202.424 196.254 203.187 198.588 203.829 0.000 199.311 204.189 203.176 2.428 32.536 201.802 71.704 201.700 200.772 71.491 26.902 198.203 24.609 202.105 208.618 200.580 37.479 196.935 72.845 207.270 200.855 204.084 196.491 27.917 168.381 70.231 207.605 201.140 7.378 201.925 200.467 202.319 82.832 202.955 202.665 26.997 200.068 199.787 201.953 167.508 203.706 201.216 202.084 29.157 209.109 201.099 201.201 73.025 200.608 10.337 202.949 167.482 200.517 208.668 11.768 201.650 200.699 202.309 9.668 203.047
23.078 199.935 199.935 87.029 177.623 13.953 42.471 31.817 194.803 30.973 41.607 24.573 18.473 25.397 27.774 27.541 32.143 24.554 34.792 199.305 18.320 42.495 200.125 26.591 200.847 82.726 34.747 25.352 30.881 29.870 36.505 37.205 28.481 38.372 25.855 40.516 37.757 31.353 199.990 0.000 32.162 40.359 199.959 195.175 26.792 178.771 37.995 33.921 177.601 194.253 38.656 196.695 36.811 47.472 24.041 202.753 24.088 177.096 62.952 33.346 30.817 24.851 193.237 98.337 179.201 45.194 36.734 199.627 40.186 23.789 36.653 177.714 28.446 28.734 193.325 22.553 22.259 27.131 84.200 31.076 35.128 43.092 192.897 48.577 35.157 36.816 178.283 35.534 199.935 38.852 86.253 23.899 47.586 200.122 26.449 32.624 39.366 201.099 29.593
30.883 203.404 203.404 90.498 181.092 28.406 45.019 20.243 198.272 26.834 45.013 32.378 43.062 5.022 35.578 21.110 36.351 10.808 42.597 202.773 31.184 45.316 203.594 11.033 204.316 88.569 42.551 33.157 34.552 21.753 39.326 41.537 36.286 41.193 33.660 43.337 42.089 8.007 203.459 27.391 0.000 43.180 203.427 198.644 14.860 182.239 40.816 37.867 181.069 197.722 46.461 200.164 39.632 40.482 15.298 206.222 31.892 180.565 70.757 36.167 34.988 32.656 196.706 101.806 182.670 38.758 39.555 203.095 43.007 13.612 39.474 181.183 36.251 19.890 196.793 43.807 15.922 13.442 89.224 3.753 37.949 45.641 196.365 42.095 37.978 39.637 181.751 38.355 203.404 41.672 90.137 12.038 43.151 203.591 12.295 40.429 42.185 204.567 7.687
43.600 203.910 203.910 91.004 181.599 39.809 18.688 37.066 198.779 34.275 18.682 42.116 54.127 41.056 40.287 37.513 23.820 41.653 43.045 203.280 42.587 10.988 204.100 42.713 204.822 89.075 25.589 42.144 22.021 36.158 18.402 24.168 25.928 16.600 43.079 2.420 22.653 41.663 203.965 38.794 42.472 0.000 203.934 199.150 40.376 182.746 17.675 22.145 181.576 198.228 46.909 200.671 18.587 23.875 40.672 206.728 44.609 181.071 34.341 22.331 25.875 43.612 197.212 93.599 183.176 21.597 18.555 203.602 10.855 39.447 18.550 181.689 25.892 37.556 197.300 51.105 37.917 40.714 89.731 41.386 22.053 17.510 196.872 24.980 20.042 23.678 182.258 22.265 203.910 17.501 90.643 41.435 23.989 204.097 42.106 26.119 18.077 205.074 39.902
196.455 14.268 14.268 182.037 71.472 199.731 201.776 204.004 33.556 203.629 200.619 195.795 201.379 201.151 194.982 202.104 201.123 200.776 196.454 6.942 198.751 203.935 10.478 201.682 9.122 168.158 200.213 195.808 203.070 203.139 202.398 199.581 203.038 202.393 196.223 203.155 198.557 203.798 2.428 199.280 204.158 203.144 0.000 32.466 201.771 71.633 201.669 200.741 71.420 26.832 198.172 24.538 202.074 208.587 200.549 37.409 196.903 72.775 207.239 200.824 204.053 196.460 27.846 168.349 70.161 207.574 201.109 6.060 201.894 200.436 202.288 82.762 202.924 202.634 26.927 200.037 199.756 201.922 167.477 203.675 201.185 202.053 29.087 209.077 201.068 201.169 72.955 200.577 9.045 202.917 167.451 200.485 208.637 10.450 201.619 200.668 202.277 11.593 203.016
191.671 32.413 32.413 177.253 60.709 194.948 196.993 199.221 17.779 198.846 195.835 191.012 196.596 196.368 190.199 197.321 196.340 195.993 191.671 30.994 193.968 199.152 32.840 196.898 34.465 163.374 195.429 191.024 198.287 198.355 197.615 194.798 198.255 197.610 191.440 198.372 193.773 199.015 32.536 194.497 199.375 198.361 32.466 0.000 196.988 60.871 196.885 195.958 60.658 19.785 193.388 26.910 197.291 203.803 195.765 51.043 192.120 62.012 202.455 196.041 199.269 191.676 16.305 163.566 59.398 202.790 196.325 31.719 197.110 195.653 197.505 72.000 198.141 197.851 15.767 195.253 194.973 197.138 162.693 198.892 196.402 197.269 16.322 204.294 196.285 196.386 62.192 195.793 32.413 198.134 162.667 195.702 203.854 32.833 196.835 195.885 197.494 35.031 198.232
31.687 203.761 203.761 90.855 181.449 29.210 42.174 25.085 198.629 21.702 42.168 33.182 41.346 13.850 36.382 7.877 33.506 9.487 43.401 203.131 34.246 42.470 203.951 8.938 204.673 88.926 40.113 33.960 31.707 11.240 36.481 38.692 31.732 38.348 34.463 40.492 39.244 8.058 203.816 28.194 14.860 40.335 203.785 199.001 0.000 182.597 37.971 35.021 181.427 198.079 46.810 200.521 36.786 37.636 9.573 206.579 32.696 180.922 58.255 33.321 32.142 33.460 197.063 102.163 183.027 35.912 36.710 203.453 40.162 12.475 36.629 181.540 31.697 9.377 197.151 42.091 14.978 1.625 89.581 15.480 35.104 42.795 196.723 39.250 35.132 36.791 182.109 35.510 203.761 38.827 90.494 10.895 40.306 203.948 3.770 38.995 39.340 204.925 17.880
175.145 72.680 72.680 160.728 11.163 178.422 180.467 182.695 61.133 182.320 179.309 174.486 180.070 179.842 173.673 180.795 179.814 179.467 175.145 71.261 177.442 182.626 73.107 180.373 74.732 146.849 178.903 174.498 181.761 181.829 181.089 178.272 181.729 181.084 174.914 181.846 177.248 182.489 72.803 177.971 182.849 181.835 72.733 61.970 180.462 0.000 180.360 179.432 8.462 59.895 176.862 65.390 180.765 187.277 179.239 79.020 175.594 19.079 185.929 179.515 182.743 175.151 57.608 147.040 10.117 186.265 179.799 71.986 180.585 179.127 180.979 21.090 181.615 181.325 57.806 178.727 178.447 180.613 146.168 182.366 179.876 180.743 56.843 187.768 179.759 179.860 13.845 179.268 72.680 181.608 146.142 179.176 187.328 73.100 180.309 179.359 180.968 75.297 181.706
40.238 202.416 202.416 89.510 180.104 37.860 14.837 34.703 197.284 31.911 16.145 38.754 50.765 41.770 36.925 35.149 17.999 39.289 39.683 201.785 40.638 19.454 202.606 40.349 203.328 87.581 22.231 38.782 19.654 33.795 7.268 20.810 23.120 8.972 39.717 17.700 19.064 39.299 202.471 36.845 40.109 17.675 202.440 197.656 38.011 181.251 0.000 17.140 180.081 196.734 43.547 199.176 4.537 27.221 38.308 205.234 41.247 179.577 38.027 17.326 23.509 40.249 195.718 92.105 181.682 24.942 5.690 202.108 9.877 39.572 6.280 180.195 22.862 35.192 195.805 47.743 35.968 38.350 88.236 39.023 11.800 17.495 195.377 28.325 10.977 18.673 180.763 17.260 202.416 7.052 89.149 39.071 27.334 202.603 39.742 21.114 4.323 203.579 37.538
35.848 201.535 201.535 88.629 179.223 33.371 22.169 32.816 196.403 30.025 22.163 36.771 48.781 34.617 34.941 33.263 5.225 33.774 37.700 200.904 36.148 24.749 201.724 38.463 202.447 86.324 18.747 36.799 16.048 31.908 19.606 18.687 18.630 21.280 37.733 22.995 17.582 37.413 201.589 32.355 38.222 22.970 201.558 196.775 36.125 180.370 17.965 0.000 179.200 195.852 41.563 198.295 18.877 32.516 36.422 204.352 39.264 178.695 46.425 5.108 20.676 38.266 194.836 91.223 180.800 30.237 14.932 201.226 20.157 33.009 19.358 179.313 18.373 33.306 194.924 45.759 31.479 36.464 87.355 37.136 8.948 22.790 194.496 33.620 14.652 11.482 179.882 10.298 201.535 19.909 88.267 33.119 32.629 201.721 37.855 16.624 19.335 202.698 35.652
173.975 72.467 72.467 159.558 2.765 177.252 179.297 181.525 60.920 181.150 178.139 173.316 178.900 178.672 172.503 179.625 178.644 178.297 173.975 71.048 176.272 181.456 72.894 179.203 74.519 145.678 177.733 173.328 180.591 180.659 179.919 177.102 180.559 179.914 173.744 180.676 176.078 181.319 72.590 176.801 181.679 180.665 72.520 61.757 179.292 8.462 179.190 178.262 0.000 59.682 175.692 65.177 179.595 186.107 178.069 78.807 174.424 15.885 184.759 178.345 181.573 173.981 57.395 145.870 15.635 185.095 178.629 71.773 179.415 177.957 179.809 18.457 180.445 180.155 57.593 177.557 177.277 179.443 144.998 181.196 178.706 179.573 56.630 186.598 178.589 178.690 8.522 178.097 72.467 180.438 144.972 178.006 186.158 72.887 179.139 178.189 179.798 75.084 180.536
190.749 26.779 26.779 176.331 58.634 194.025 196.071 198.298 20.718 197.923 194.913 190.089 195.674 195.445 189.276 196.398 195.417 195.071 190.749 25.360 193.046 198.229 27.206 195.976 28.831 162.452 194.507 190.102 197.364 197.433 196.692 193.875 197.332 196.687 190.517 197.450 192.851 198.093 26.902 193.574 198.452 197.439 26.832 19.785 196.065 58.795 195.963 195.035 58.583 0.000 192.466 19.489 196.368 202.881 194.843 36.509 191.197 59.937 201.533 195.118 198.347 190.754 11.672 162.644 57.323 201.868 195.403 26.085 196.188 194.730 196.582 69.924 197.218 196.928 8.545 194.331 194.050 196.216 161.771 197.969 195.479 196.347 16.073 203.372 195.362 195.464 60.117 194.871 26.779 197.212 161.745 194.780 202.931 27.199 195.913 194.962 196.572 29.396 197.310
26.537 194.606 194.606 75.076 172.295 33.909 37.735 43.523 189.475 42.680 35.130 23.007 41.323 37.103 18.428 39.248 36.265 36.260 17.647 193.976 31.704 42.592 194.796 38.298 195.519 70.736 34.216 24.512 40.645 41.576 39.133 32.795 40.574 39.122 21.847 40.838 30.491 43.060 194.661 32.894 43.869 40.813 194.630 189.847 38.499 173.442 37.493 35.405 172.272 188.924 0.000 191.367 38.404 53.057 35.748 197.424 27.546 171.767 50.025 35.592 42.856 25.353 187.908 93.008 173.872 50.779 36.232 194.298 37.999 35.495 38.886 172.385 40.317 40.441 187.996 38.302 33.965 38.838 72.210 42.783 36.405 38.356 187.568 54.162 36.141 36.369 172.954 35.036 194.606 40.302 74.263 35.606 53.171 194.793 38.156 35.241 38.862 195.770 41.299
193.191 22.708 22.708 178.774 64.130 196.468 198.513 200.741 26.213 200.366 197.355 192.532 198.116 197.888 191.719 198.841 197.860 197.513 193.191 23.066 195.488 200.672 24.913 198.419 26.538 164.895 196.949 192.544 199.807 199.875 199.135 196.318 199.775 199.130 192.960 199.892 195.294 200.535 24.609 196.017 200.895 199.881 24.538 27.050 198.508 64.291 198.406 197.478 64.078 19.489 194.908 0.000 198.811 205.323 197.285 43.115 193.640 65.433 203.975 197.561 200.789 193.197 20.504 165.086 62.819 204.311 197.845 23.791 198.631 197.173 199.025 75.420 199.661 199.371 19.584 196.773 196.493 198.659 164.214 200.412 197.922 198.789 21.744 205.814 197.805 197.906 65.613 197.314 24.486 199.654 164.188 197.222 205.374 24.906 198.355 197.405 199.014 27.103 199.752
38.738 202.821 202.821 89.915 180.509 36.261 17.785 33.518 197.689 30.726 17.779 39.666 51.676 37.507 37.836 33.964 18.910 38.104 40.594 202.190 39.038 20.366 203.011 39.164 203.733 87.986 23.143 39.694 18.472 32.610 3.845 21.721 22.379 8.265 40.628 18.611 19.976 38.115 202.876 35.245 38.924 18.707 202.845 198.061 36.827 181.657 4.537 18.051 180.487 197.139 44.458 199.581 0.000 25.820 37.123 205.639 42.159 179.982 36.628 18.238 22.326 41.161 196.123 92.510 182.087 23.542 8.665 202.513 14.413 35.899 2.857 180.600 22.343 34.007 196.211 48.654 34.369 37.166 88.641 37.838 14.802 18.407 195.783 26.925 9.312 19.584 181.169 18.171 202.821 8.972 89.554 37.886 25.934 203.008 38.557 22.025 8.860 203.984 36.354
55.798 209.331 209.331 96.426 187.020 46.260 27.572 34.381 204.200 31.590 27.566 54.314 66.324 41.448 52.484 34.828 30.271 38.967 55.243 208.701 49.038 23.282 209.521 40.028 210.243 94.497 34.472 54.342 28.472 33.473 24.853 33.051 32.379 23.473 55.276 23.559 31.536 38.978 209.386 45.245 39.787 23.210 209.355 204.571 37.690 188.167 26.559 31.028 186.997 203.649 59.107 206.092 25.159 0.000 37.987 212.149 56.807 186.492 37.719 30.086 32.326 55.809 202.633 99.371 188.597 9.207 27.438 209.023 25.559 39.251 25.001 187.110 32.343 34.870 202.721 63.302 40.609 38.029 95.152 38.701 29.928 28.193 202.293 8.275 28.925 32.561 187.679 31.148 209.331 23.952 96.064 38.750 10.135 209.518 39.420 35.002 24.467 210.495 37.217
27.503 201.902 201.902 88.996 179.590 25.026 43.857 21.216 196.770 23.386 43.851 28.998 38.595 13.947 32.198 14.242 35.189 4.518 39.217 201.271 27.804 44.153 202.092 12.990 202.814 87.067 39.171 29.777 33.390 20.047 38.164 40.375 29.623 40.031 30.280 42.175 40.927 11.347 201.956 24.011 15.298 42.018 201.925 197.142 9.573 180.737 39.654 36.704 179.567 196.219 43.081 198.662 38.470 39.320 0.000 204.719 28.512 179.063 67.377 35.005 33.826 29.276 195.203 100.304 181.168 37.596 38.393 201.593 41.845 5.467 38.312 179.681 31.060 18.323 195.291 39.340 7.970 9.115 87.722 18.433 36.787 44.479 194.863 40.934 36.816 38.475 180.249 37.193 201.902 40.511 88.634 3.887 41.989 202.088 10.198 37.048 41.023 203.065 18.992
199.249 39.344 39.344 184.831 77.759 202.526 204.571 206.798 52.133 206.423 203.413 198.589 204.174 203.945 197.776 204.898 203.917 203.571 199.249 35.936 201.546 206.729 39.771 204.476 39.408 170.952 203.007 198.602 205.864 205.933 205.192 202.375 205.832 205.187 199.017 205.950 201.351 206.593 37.479 202.074 206.952 205.939 37.409 51.043 204.565 77.921 204.463 203.535 77.707 36.509 200.966 43.115 204.868 211.381 203.343 0.000 199.697 79.062 210.033 203.618 206.847 199.254 46.423 171.144 76.448 210.368 203.903 38.650 204.688 203.230 205.082 87.911 205.718 205.428 45.504 202.831 202.550 204.716 170.271 206.469 203.979 204.847 47.663 211.872 203.862 203.964 79.242 203.371 39.344 205.712 170.245 203.280 211.431 39.764 204.413 203.462 205.072 39.973 205.810
10.165 197.137 197.137 80.769 174.825 23.333 44.365 34.827 192.005 33.984 41.760 14.050 11.000 28.408 17.055 30.552 35.154 27.565 28.495 196.506 15.740 45.505 197.327 29.602 198.049 76.429 37.757 15.002 33.892 32.880 39.516 39.425 31.492 41.383 17.690 43.527 37.121 34.364 197.191 22.318 35.173 43.370 197.160 192.377 29.803 175.972 41.006 36.931 174.802 191.454 32.359 193.897 39.821 50.483 27.052 199.954 0.000 174.297 56.655 36.356 33.828 15.826 190.438 95.539 176.402 48.205 39.745 196.828 44.629 26.799 39.664 174.915 31.456 31.745 190.526 10.617 25.269 30.142 77.903 34.087 38.139 44.986 190.098 51.588 38.167 42.999 175.484 41.666 197.137 41.862 79.956 26.910 50.597 197.323 29.460 35.634 42.377 198.300 32.603
173.556 73.821 73.821 159.139 15.828 176.833 178.878 181.106 62.275 180.731 177.720 172.897 178.481 178.253 172.084 179.206 178.225 177.878 173.556 72.402 175.853 181.037 74.249 178.783 75.874 145.259 177.314 172.909 180.172 180.240 179.500 176.683 180.140 179.495 173.325 180.257 175.659 180.900 73.945 176.382 181.260 180.246 73.874 63.112 178.873 19.079 178.771 177.843 15.885 61.036 175.273 66.532 179.176 185.688 177.650 80.161 174.005 0.000 184.340 177.926 181.154 173.561 58.750 145.451 17.876 184.675 178.210 73.127 178.995 177.538 179.390 18.839 180.026 179.736 58.948 177.138 176.858 179.023 144.579 180.777 178.287 179.154 57.985 186.179 178.170 178.271 17.973 177.678 73.821 180.019 144.553 177.587 185.739 74.242 178.720 177.770 179.379 76.439 180.117
60.829 211.567 211.567 98.662 189.256 68.201 44.304 67.816 206.436 65.025 50.547 59.345 71.355 71.395 57.515 56.936 51.681 70.552 60.274 210.937 75.365 39.676 211.757 72.590 212.479 96.733 49.633 59.373 45.204 55.581 41.585 48.212 49.111 40.205 60.307 39.953 45.908 59.787 211.622 67.186 60.596 39.605 211.591 206.807 59.798 190.403 43.291 50.822 189.233 205.885 64.138 208.328 41.891 43.247 60.095 214.385 61.838 188.728 0.000 51.009 49.058 60.840 204.869 101.607 190.833 40.968 44.171 211.259 42.292 69.787 41.734 189.346 49.075 68.305 204.957 68.333 68.257 60.137 97.388 59.510 51.821 44.925 204.529 44.351 51.558 51.786 189.915 50.453 211.567 40.685 98.300 69.898 43.361 211.754 61.528 50.658 41.199 212.731 58.026
38.496 201.642 201.642 88.736 179.330 34.525 22.472 33.119 196.510 30.328 22.465 37.012 49.023 35.772 35.183 33.566 4.282 34.928 37.941 201.011 37.303 25.053 201.832 38.766 202.554 86.566 19.901 37.040 11.113 32.212 19.909 18.990 19.784 21.583 37.975 23.298 17.910 37.716 201.697 33.510 38.525 23.274 201.665 196.882 36.428 180.477 18.268 5.108 179.307 195.959 41.805 198.402 19.180 32.819 36.725 204.460 39.505 178.803 46.667 0.000 19.737 38.507 194.943 91.330 180.908 30.540 15.260 201.333 20.460 34.163 19.662 179.421 19.527 33.609 195.031 46.001 32.633 36.767 87.462 37.439 9.277 23.093 194.603 33.923 14.495 6.373 179.989 5.190 201.642 20.212 88.374 37.488 32.932 201.829 38.159 17.779 19.638 202.805 35.955
32.744 203.980 203.980 91.074 181.668 30.267 27.732 29.121 198.848 26.330 27.726 34.239 43.417 31.513 37.439 29.567 19.064 30.670 43.201 203.349 33.045 28.029 204.170 32.707 204.892 89.145 22.651 35.017 13.992 28.213 22.039 24.250 12.432 23.906 35.521 26.050 24.803 33.718 204.035 29.252 34.527 25.893 204.003 199.220 32.430 182.815 23.529 20.580 181.645 198.298 47.066 200.740 22.345 33.006 32.726 206.798 33.753 181.141 43.813 18.880 0.000 34.517 197.281 93.668 183.246 30.728 22.268 203.671 25.720 29.905 22.187 181.759 14.725 29.610 197.369 51.261 28.375 32.769 89.800 33.441 20.663 28.354 196.941 34.111 20.691 21.458 182.327 21.068 203.980 24.386 90.713 30.016 33.120 204.167 34.160 20.527 24.898 205.143 31.957
11.627 196.424 196.424 79.166 174.112 24.226 42.761 35.720 191.292 34.877 40.157 7.437 27.578 29.301 13.072 31.445 36.046 28.457 18.572 195.793 20.114 47.618 196.614 30.495 197.336 74.825 39.243 10.598 34.785 33.773 40.409 37.822 32.385 44.149 4.342 45.864 35.518 35.257 196.479 23.211 36.066 45.839 196.447 191.664 30.696 175.259 42.520 40.432 174.089 190.742 25.353 193.184 43.431 58.084 27.945 199.242 15.956 173.585 55.052 37.249 34.721 0.000 189.725 94.826 175.690 55.806 41.259 196.115 43.025 27.692 40.557 174.203 32.349 32.638 189.813 27.195 26.162 31.035 76.300 34.980 41.431 43.383 189.385 59.189 41.168 41.396 174.771 40.062 196.424 45.329 78.352 27.803 58.198 196.611 30.353 36.527 43.889 197.587 33.496
189.733 27.794 27.794 175.315 56.348 193.009 195.054 197.282 17.730 196.907 193.897 189.073 194.658 194.429 188.260 195.382 194.401 194.054 189.732 26.374 192.029 197.213 28.221 194.960 29.846 161.436 193.491 189.086 196.348 196.417 195.676 192.859 196.316 195.671 189.501 196.433 191.835 197.076 27.917 192.558 197.436 196.423 27.846 16.305 195.049 56.509 194.947 194.019 56.296 11.672 191.450 20.504 195.352 201.865 193.827 46.423 190.181 57.651 200.517 194.102 197.331 189.738 0.000 161.627 55.037 200.852 194.387 27.099 195.172 193.714 195.566 67.638 196.202 195.912 3.760 193.315 193.034 195.200 160.755 196.953 194.463 195.331 5.027 202.355 194.346 194.448 57.831 193.855 27.794 196.196 160.729 193.763 201.915 28.213 194.897 193.946 195.555 30.411 196.294
94.735 170.188 170.188 71.963 147.876 98.011 93.079 99.597 165.056 98.357 91.922 94.075 99.659 99.431 93.262 99.796 92.426 99.056 94.734 169.557 97.031 95.238 170.377 99.962 171.100 39.204 91.516 94.087 94.373 99.194 93.701 90.884 94.341 93.696 94.503 94.459 89.860 102.078 170.242 97.560 102.438 94.448 170.211 165.428 100.051 149.023 92.972 92.044 147.853 164.505 96.452 166.948 93.377 100.199 98.828 173.005 95.183 147.349 98.851 92.127 95.356 94.740 163.489 0.000 149.453 99.186 92.412 169.879 93.197 98.716 93.591 147.967 94.227 99.815 163.577 98.316 98.036 100.202 37.672 101.955 92.488 93.356 163.149 100.690 92.371 92.473 148.535 91.880 170.188 94.221 37.613 98.765 100.249 170.374 99.899 91.971 93.581 171.351 101.296
175.578 71.208 71.208 161.160 16.576 178.855 180.900 183.128 59.661 182.753 179.742 174.919 180.503 180.275 174.106 181.228 180.246 179.900 175.578 69.788 177.875 183.059 71.635 180.805 73.260 147.281 179.336 174.931 182.193 182.262 181.521 178.705 182.162 181.517 175.347 182.279 177.680 182.922 71.331 178.404 183.281 182.268 71.261 60.498 180.895 10.117 180.792 179.865 15.635 58.423 177.295 63.918 181.197 187.710 179.672 77.548 176.027 17.876 186.362 179.948 183.176 175.583 56.136 147.473 0.000 186.697 180.232 70.513 181.017 179.560 181.411 22.080 182.047 181.758 56.334 179.160 178.880 181.045 146.600 182.799 180.309 181.176 55.371 188.201 180.191 180.293 18.059 179.700 71.208 182.041 146.574 179.609 187.761 71.628 180.742 179.792 181.401 73.825 182.139
54.074 208.565 208.565 95.659 186.253 44.536 25.848 32.657 203.433 29.866 25.842 52.590 64.600 39.724 50.761 33.104 28.547 37.243 53.519 207.935 47.314 21.558 208.755 38.304 209.477 93.730 32.748 52.618 26.748 31.749 23.129 31.327 30.655 21.749 53.553 21.835 29.812 37.254 208.620 43.521 38.063 21.486 208.589 203.805 35.966 187.401 24.835 29.304 186.231 202.883 57.383 205.326 23.435 9.207 36.263 211.383 55.083 185.726 35.995 28.363 30.602 54.085 201.867 98.605 187.831 0.000 25.715 208.257 23.836 37.527 23.278 186.344 30.619 33.147 201.955 61.579 38.885 36.305 94.386 36.977 28.204 26.469 201.527 15.595 27.201 30.837 186.913 29.424 208.565 22.228 95.298 37.026 17.263 208.752 37.697 33.278 22.743 209.729 35.493
38.977 201.856 201.856 88.950 179.544 36.599 17.885 33.442 196.724 30.650 15.313 37.493 49.504 40.509 35.664 33.888 17.938 38.028 38.422 201.225 39.377 20.334 202.046 39.088 202.768 87.021 20.970 37.521 18.373 32.534 11.368 19.549 21.858 14.662 38.456 18.580 17.803 38.038 201.910 35.584 38.848 18.555 201.879 197.096 36.751 180.691 5.690 14.932 179.521 196.173 42.286 198.616 8.665 28.100 37.047 204.673 39.986 179.017 38.907 15.260 22.248 38.989 195.157 91.544 181.122 25.822 0.000 201.547 14.627 38.311 10.408 179.635 21.602 33.931 195.245 46.482 34.707 37.090 87.676 37.762 6.537 18.375 194.817 29.205 5.713 16.973 180.203 15.115 201.856 12.742 88.588 37.811 28.214 202.042 38.481 19.852 10.013 203.019 36.277
196.123 13.381 13.381 181.705 70.725 199.399 201.444 203.672 32.809 203.297 200.287 195.463 201.047 200.819 194.650 201.772 200.791 200.444 196.122 10.972 198.419 203.603 4.418 201.350 12.607 167.826 199.881 195.476 202.738 202.807 202.066 199.249 202.706 202.061 195.891 202.823 198.225 203.466 7.378 198.948 203.826 202.812 6.060 31.719 201.439 70.886 201.337 200.409 70.673 26.085 197.840 23.791 201.742 208.254 200.217 38.650 196.571 72.028 206.907 200.492 203.721 196.128 27.099 168.017 69.414 207.242 200.776 0.000 201.562 200.104 201.956 82.015 202.592 202.302 26.180 199.705 199.424 201.590 167.145 203.343 200.853 201.721 28.340 208.745 200.736 200.837 72.208 200.245 5.515 202.585 167.119 200.153 208.305 4.390 201.287 200.336 201.945 16.543 202.684
40.786 202.660 202.660 89.754 180.348 39.908 10.922 36.894 197.528 34.102 14.288 39.302 51.313 41.155 37.473 37.340 20.190 41.480 40.231 202.029 42.686 17.051 202.850 42.540 203.572 87.825 22.775 39.330 22.120 35.986 15.190 21.354 25.310 8.560 40.265 10.863 19.839 41.490 202.714 38.893 42.299 10.855 202.683 197.900 40.203 181.495 9.877 19.331 180.325 196.977 44.095 199.420 14.413 26.221 40.499 205.477 41.795 179.821 37.028 19.517 25.974 40.798 195.961 92.348 181.926 23.943 14.627 202.351 0.000 39.547 15.262 180.439 25.054 37.383 196.049 48.291 38.016 40.542 88.480 41.213 19.239 13.238 195.621 27.326 17.228 20.864 181.007 19.451 202.660 10.480 89.392 41.262 26.335 202.846 41.933 23.305 8.798 203.823 39.730
27.565 201.929 201.929 89.023 179.618 25.088 45.121 21.509 196.798 24.650 45.115 29.060 39.745 12.260 32.261 17.772 36.453 6.050 39.279 201.299 27.866 45.418 202.119 13.375 202.841 87.095 39.233 29.839 34.654 21.328 39.428 41.639 32.968 41.295 30.342 43.439 42.191 11.185 201.984 24.073 13.612 43.282 201.953 197.169 12.475 180.765 40.918 37.969 179.595 196.247 43.143 198.690 39.734 40.584 5.467 204.747 28.575 179.090 67.439 36.269 35.090 29.338 195.231 100.331 181.195 38.860 39.657 201.621 43.109 0.000 39.577 179.708 32.933 19.465 195.319 40.489 6.302 11.827 87.750 16.747 38.051 45.743 194.891 42.198 38.080 39.739 180.277 38.458 201.929 41.775 88.662 1.967 43.253 202.116 11.340 37.111 42.288 203.093 19.240
38.580 203.035 203.035 90.129 180.723 36.103 18.267 33.360 197.903 30.569 18.260 40.148 52.158 37.350 38.318 33.807 20.114 37.947 41.076 202.405 38.881 20.686 203.225 39.007 203.947 88.200 23.624 40.175 18.315 32.453 2.282 22.203 22.222 6.702 41.110 19.093 20.457 37.957 203.090 35.088 38.766 18.550 203.059 198.275 36.670 181.871 6.280 18.532 180.701 197.353 44.940 199.795 2.857 25.663 36.966 205.853 39.590 180.196 36.470 18.719 22.169 41.643 196.337 92.724 182.301 23.385 10.408 202.727 15.262 35.741 0.000 180.814 22.186 33.850 196.425 49.136 34.211 37.008 88.855 37.680 16.545 18.888 195.997 26.768 11.055 20.066 181.383 18.653 203.035 7.408 89.768 37.729 25.777 203.222 38.400 22.507 8.752 204.199 36.197
174.063 78.023 78.023 159.646 17.769 177.340 179.385 181.613 66.476 181.238 178.227 173.404 178.988 178.760 172.591 179.713 178.732 178.385 174.063 76.604 176.360 181.544 78.450 179.290 80.075 145.766 177.821 173.416 180.679 180.747 180.007 177.190 180.647 180.002 173.832 180.764 176.166 181.407 78.146 176.889 181.767 180.753 78.076 67.313 179.380 20.721 179.277 178.350 18.198 65.238 175.780 70.733 179.683 186.195 178.157 84.363 174.512 18.647 184.847 178.433 181.661 174.068 62.951 145.958 22.080 185.182 178.717 77.329 179.502 178.045 179.897 0.000 180.533 180.243 63.149 177.645 177.365 179.530 145.085 181.284 178.794 179.661 62.186 186.686 178.677 178.778 14.480 178.185 78.023 180.526 145.059 178.094 186.246 78.443 179.227 178.277 179.886 80.640 180.624
30.373 202.069 202.069 89.163 179.757 27.895 27.066 32.547 196.937 29.755 26.059 31.867 41.046 29.142 35.068 32.993 17.675 28.299 38.902 201.438 30.673 28.027 202.259 30.336 202.981 87.234 19.199 32.646 17.700 31.639 22.038 21.657 4.532 23.904 33.149 26.049 22.209 35.098 202.124 26.880 35.907 25.892 202.093 197.309 30.537 180.905 22.862 18.373 179.735 196.387 42.767 198.829 22.343 33.005 27.786 204.887 31.382 179.230 50.058 18.878 14.725 32.145 195.371 92.837 181.335 30.726 21.602 201.761 25.054 27.533 22.186 179.848 0.000 33.036 195.459 46.962 26.003 30.876 87.889 34.821 20.661 27.687 195.031 34.109 21.511 21.683 180.417 20.402 202.069 24.384 88.802 27.644 33.118 202.256 30.194 17.076 24.232 203.233 33.337
35.601 205.501 205.501 92.595 183.189 33.124 36.467 18.396 200.369 14.598 36.461 37.096 45.260 20.070 40.296 4.550 27.799 16.128 47.314 204.870 38.160 36.764 205.691 11.358 206.413 90.666 34.406 37.874 26.000 2.112 30.774 32.985 26.026 32.641 38.377 34.785 33.538 12.413 205.555 32.108 19.890 34.629 205.524 200.741 9.377 184.336 32.264 29.315 183.166 199.818 50.724 202.261 31.080 31.930 18.323 208.318 36.610 182.662 52.549 27.615 26.436 37.373 198.802 97.551 184.767 30.206 31.004 205.192 34.455 19.465 30.923 183.280 25.990 0.000 198.890 46.004 23.090 9.690 91.321 16.260 29.398 37.089 198.462 33.544 29.426 31.085 183.848 29.804 205.501 33.121 92.233 17.892 34.599 205.687 8.125 33.289 33.634 206.664 18.630
189.821 26.874 26.874 175.403 56.545 193.097 195.142 197.370 18.629 196.995 193.985 189.161 194.745 194.517 188.348 195.470 194.489 194.142 189.820 25.455 192.117 197.301 27.301 195.048 28.926 161.524 193.579 189.173 196.436 196.505 195.764 192.947 196.404 195.759 189.589 196.521 191.923 197.164 26.997 192.646 197.524 196.510 26.927 15.767 195.137 56.707 195.035 194.107 56.494 8.545 191.538 19.584 195.440 201.952 193.914 45.504 190.269 57.848 200.605 194.190 197.418 189.826 3.760 161.715 55.234 200.940 194.474 26.180 195.260 193.802 195.654 67.835 196.290 196.000 0.000 193.402 193.122 195.288 160.843 197.041 194.551 195.418 7.648 202.443 194.434 194.535 58.028 193.943 26.874 196.283 160.817 193.851 202.003 27.294 194.985 194.034 195.643 29.491 196.382
19.502 200.464 200.464 87.558 178.152 33.481 50.914 42.480 195.332 44.351 48.309 23.278 6.463 40.770 30.355 40.919 49.444 37.712 20.060 199.833 22.620 55.771 200.654 39.350 201.376 83.915 47.396 24.230 44.039 43.247 52.313 45.975 41.639 52.302 24.175 54.017 43.670 42.257 200.519 22.553 43.066 53.992 200.487 195.704 40.170 179.299 50.672 48.585 178.129 194.782 25.179 197.224 51.584 66.237 37.419 203.282 10.617 177.625 63.205 48.772 43.975 27.195 193.765 98.866 179.730 63.959 49.411 200.155 51.178 36.947 52.065 178.243 41.604 42.112 193.853 0.000 35.416 40.509 85.390 41.980 49.584 51.535 193.425 67.342 49.321 49.549 178.811 48.215 200.464 53.482 87.197 38.182 66.351 200.651 39.207 48.421 52.042 201.627 40.496
25.052 200.812 200.812 87.906 178.501 22.575 44.444 22.311 195.681 23.595 43.581 26.547 37.231 14.570 29.747 20.164 34.117 8.835 36.766 200.182 25.353 44.468 201.002 17.000 201.724 84.699 36.720 27.325 32.855 22.492 38.479 39.178 30.405 40.346 27.828 42.490 39.731 14.810 200.867 21.559 15.922 42.333 200.836 196.052 14.978 179.648 39.969 35.894 178.478 195.130 40.630 197.573 38.784 39.529 7.970 203.630 26.061 177.973 64.926 35.319 32.791 26.825 194.114 99.214 180.078 37.805 38.707 200.504 42.160 6.302 38.627 178.591 30.419 21.356 194.202 37.975 0.000 14.520 86.173 19.170 37.102 45.066 193.774 41.143 37.130 38.789 179.160 37.508 200.812 40.825 87.545 6.288 42.199 200.999 14.965 34.597 41.340 201.976 20.087
32.026 203.912 203.912 91.006 181.600 29.549 42.513 25.424 198.780 22.041 42.507 33.521 41.685 12.432 36.721 8.738 33.845 8.490 43.740 203.281 34.585 42.809 204.102 7.685 204.824 89.077 40.452 34.299 32.045 11.553 36.820 39.031 32.072 38.687 34.802 40.831 39.583 6.805 203.967 28.533 13.442 40.674 203.935 199.152 1.625 182.747 38.309 35.360 181.577 198.229 47.150 200.672 37.125 37.975 9.115 206.730 33.035 181.073 58.594 33.660 32.481 33.799 197.213 102.314 183.178 36.251 37.049 203.603 40.501 11.827 36.968 181.691 32.036 9.690 197.301 42.430 14.520 0.000 89.732 14.227 35.443 43.134 196.873 39.589 35.471 37.130 182.259 35.849 203.912 39.166 90.644 10.253 40.645 204.099 2.607 39.334 39.679 205.075 16.627
78.198 168.131 168.131 21.092 145.819 85.571 88.410 90.638 162.999 90.263 87.252 76.715 88.013 87.785 74.885 88.738 87.757 87.410 78.198 167.500 83.366 90.569 168.321 88.315 169.043 5.235 86.654 76.742 89.703 89.772 89.031 85.233 89.672 89.027 77.677 89.789 82.928 90.432 168.185 84.556 90.791 89.778 168.154 163.371 88.405 146.966 88.302 87.375 145.796 162.448 82.062 164.891 88.707 95.220 87.182 170.948 79.208 145.291 93.872 87.458 90.686 78.210 161.432 39.372 147.397 94.207 87.742 167.822 88.527 87.070 88.921 145.909 89.557 89.268 161.520 86.257 85.627 88.555 0.000 90.309 87.819 88.686 161.092 95.711 87.702 87.803 146.478 87.210 168.131 89.551 11.333 87.119 95.271 168.317 88.252 87.302 88.911 169.294 89.649
29.797 202.921 202.921 90.015 180.610 27.320 43.933 16.958 197.790 25.748 43.927 31.292 41.976 8.270 34.492 17.480 35.265 13.943 41.511 202.291 30.098 44.230 203.111 7.403 203.833 88.087 41.465 32.071 33.466 18.123 38.240 40.451 35.200 40.107 32.574 42.251 41.003 7.422 202.976 26.305 3.753 42.094 202.945 198.161 15.480 181.757 39.730 36.781 180.587 197.239 45.375 199.682 38.546 39.396 17.621 205.739 30.807 180.082 69.671 35.081 33.902 31.570 196.223 101.323 182.187 37.672 38.469 202.613 41.921 16.747 38.388 180.700 35.165 16.260 196.311 42.721 19.162 14.227 88.742 0.000 36.863 44.555 195.883 41.009 36.892 38.551 181.269 37.269 202.921 40.586 89.654 15.173 42.065 203.108 11.710 39.343 41.099 204.085 4.402
39.150 201.932 201.932 89.027 179.621 34.578 21.251 31.835 196.801 29.044 20.973 37.666 49.676 35.825 35.837 32.282 11.955 36.421 38.595 201.302 37.356 23.832 202.122 37.482 202.844 87.098 21.143 37.694 16.790 30.927 17.505 19.722 20.696 20.362 38.629 22.078 16.100 36.432 201.987 33.563 37.241 22.053 201.956 197.173 35.144 180.768 11.800 8.948 179.598 196.250 42.459 198.693 14.802 30.590 35.441 204.750 40.159 179.093 47.321 9.277 20.644 39.161 195.234 91.621 181.198 28.311 6.537 201.624 19.239 34.216 16.545 179.711 20.661 32.325 195.322 46.655 32.686 35.483 87.753 36.155 0.000 21.872 194.894 31.694 6.008 11.035 180.280 9.132 201.932 18.852 88.665 36.204 30.703 202.119 36.874 20.025 16.123 203.096 34.671
41.143 202.818 202.818 89.913 180.507 42.542 9.130 39.527 197.687 36.736 16.048 39.660 51.670 43.789 37.830 39.974 22.823 44.113 40.588 202.188 45.320 21.089 203.008 45.174 203.730 87.983 23.132 39.687 24.753 38.619 19.136 21.711 27.944 17.619 40.622 17.518 20.196 44.124 202.873 41.527 44.933 17.510 202.842 198.059 42.836 181.654 17.495 21.964 180.484 197.136 44.452 199.579 18.407 28.855 43.133 205.636 42.153 179.979 39.662 22.151 28.607 41.155 196.120 92.507 182.084 26.576 18.375 202.510 13.238 42.180 18.888 180.597 27.687 40.017 196.208 48.648 40.650 43.175 88.639 43.847 21.872 0.000 195.780 29.960 19.861 23.497 181.166 22.085 202.818 18.800 89.551 43.896 28.969 203.005 44.566 24.157 17.770 203.982 42.363
189.393 29.034 29.034 174.975 55.582 192.669 194.714 196.942 14.863 196.567 193.557 188.733 194.317 194.089 187.920 195.042 194.061 193.714 189.392 27.615 191.689 196.873 29.461 194.620 31.086 161.096 193.151 188.745 196.008 196.077 195.336 192.519 195.976 195.331 189.161 196.093 191.495 196.736 29.157 192.218 197.096 196.082 29.087 16.322 194.709 55.744 194.607 193.679 55.531 16.073 191.109 21.744 195.012 201.524 193.486 47.663 189.841 56.885 200.177 193.762 196.990 189.398 5.027 161.287 54.272 200.512 194.046 28.340 194.832 193.374 195.226 66.872 195.862 195.572 7.648 192.974 192.694 194.860 160.415 196.613 194.123 194.990 0.000 202.015 194.006 194.107 57.065 193.515 29.034 195.855 160.389 193.423 201.575 29.454 194.557 193.606 195.215 31.651 195.954
57.308 210.003 210.003 97.097 187.691 47.874 29.186 35.995 204.871 33.203 29.179 55.825 67.835 43.062 53.995 36.441 31.885 40.581 56.753 209.372 50.652 24.792 210.193 41.642 210.915 95.168 36.086 55.852 30.085 35.087 26.467 34.665 33.992 25.087 56.787 25.069 33.150 40.591 210.058 46.859 41.401 24.721 210.026 205.243 39.304 188.838 28.172 32.641 187.668 204.321 60.617 206.763 26.772 8.275 39.600 212.821 58.318 187.164 39.230 31.700 33.940 57.320 203.304 100.042 189.269 15.595 29.052 209.694 27.173 40.864 26.615 187.782 33.957 36.484 203.392 64.813 42.223 39.643 95.823 40.315 31.541 29.807 202.964 0.000 30.539 34.174 188.350 32.762 210.003 25.566 96.735 40.364 5.520 210.190 41.034 36.616 26.081 211.166 38.831
38.886 201.815 201.815 88.909 179.503 34.606 19.240 33.351 196.683 30.559 19.234 37.402 49.413 35.853 35.573 33.797 15.873 37.937 38.331 201.185 37.385 21.821 202.005 38.997 202.727 86.956 20.879 37.430 16.818 32.443 12.015 19.458 21.767 16.435 38.365 20.066 17.837 37.948 201.870 33.591 38.756 20.042 201.839 197.055 36.660 180.651 10.977 14.652 179.481 196.133 42.195 198.575 9.312 29.587 36.956 204.633 39.895 178.976 40.394 14.495 20.672 38.898 195.117 91.504 181.081 27.308 5.713 201.507 17.228 34.245 11.055 179.594 21.511 33.840 195.205 46.391 32.714 36.999 87.635 37.670 6.008 19.861 194.777 30.691 0.000 11.718 180.163 10.145 201.815 17.142 88.548 37.719 29.700 202.002 38.390 19.762 15.300 202.979 36.187
38.050 202.279 202.279 89.373 179.967 35.573 24.936 29.560 197.147 26.768 24.930 38.446 50.457 36.627 36.617 30.006 7.752 34.146 39.375 201.648 38.351 24.960 202.469 35.206 203.191 87.444 21.923 38.474 7.743 28.652 18.970 20.502 20.292 20.837 40.826 22.981 18.881 34.157 202.334 34.558 34.966 22.824 202.303 197.519 32.869 181.115 17.828 11.482 179.945 196.597 43.239 199.039 19.276 29.937 33.165 205.097 39.059 179.440 40.745 6.373 19.991 39.823 195.581 91.968 181.545 27.659 16.973 201.971 20.019 34.429 19.118 180.058 21.655 30.049 195.669 47.435 33.681 33.208 88.099 33.880 11.035 25.557 195.241 31.042 11.718 0.000 180.627 2.413 202.279 21.316 89.012 33.928 30.051 202.466 34.599 20.806 21.831 203.443 32.396
174.657 74.001 74.001 160.240 6.602 177.934 179.979 182.207 62.455 181.832 178.821 173.998 179.582 179.354 173.185 180.307 179.326 178.979 174.657 72.582 176.954 182.138 74.428 179.885 76.053 146.360 178.415 174.010 181.273 181.341 180.601 177.784 181.241 180.596 174.426 181.358 176.760 182.001 74.124 177.483 182.361 181.347 74.054 63.292 179.974 13.845 179.872 178.944 8.522 61.216 176.374 66.712 180.277 186.789 178.751 80.341 175.106 17.973 185.441 179.027 182.255 174.663 58.930 146.552 18.059 185.777 179.311 73.307 180.097 178.639 180.491 14.480 181.127 180.837 59.127 178.239 177.959 180.125 145.680 181.878 179.388 180.255 58.164 187.280 179.271 179.372 0.000 178.779 74.001 181.120 145.654 178.688 186.840 74.421 179.821 178.871 180.480 76.619 181.218
37.879 202.119 202.119 89.213 179.807 35.402 21.670 29.389 196.987 26.598 21.664 38.085 50.096 36.456 36.256 29.836 6.568 33.976 39.014 201.488 38.180 24.789 202.309 35.036 203.031 87.284 21.562 38.113 10.123 28.481 18.800 20.141 21.520 20.666 40.656 22.810 18.520 33.986 202.173 34.387 34.795 22.654 202.142 197.359 32.698 180.954 17.467 10.298 179.784 196.436 42.878 198.879 18.535 29.767 32.995 204.936 38.889 179.279 40.574 5.190 19.821 39.652 195.420 91.807 181.385 27.488 15.115 201.810 19.658 34.259 18.948 179.897 21.485 29.878 195.508 47.074 33.510 33.037 87.939 33.709 9.132 22.291 195.080 30.871 10.145 2.413 180.466 0.000 202.119 21.146 88.851 33.758 29.880 202.305 34.429 20.444 18.836 203.282 32.225
196.431 12.000 12.000 182.013 71.419 199.708 201.753 203.981 33.503 203.606 200.595 195.772 201.356 201.127 194.959 202.081 201.099 200.753 196.431 13.537 198.728 203.912 8.035 201.658 17.183 168.134 200.189 195.784 203.047 203.115 202.374 199.557 203.015 202.369 196.199 203.132 198.533 203.775 10.337 199.257 204.134 203.121 9.045 32.413 201.748 71.581 201.645 200.718 71.368 26.779 198.148 24.486 202.050 208.563 200.525 39.344 196.880 72.722 207.215 200.801 204.029 196.436 27.794 168.326 70.108 207.550 201.085 5.515 201.870 200.413 202.265 82.709 202.901 202.611 26.874 200.013 199.733 201.898 167.453 203.652 201.162 202.029 29.034 209.054 201.045 201.146 72.902 200.553 0.000 202.894 167.427 200.462 208.613 8.007 201.595 200.645 202.254 17.086 202.992
43.090 203.683 203.683 90.778 181.372 38.301 17.375 35.558 198.552 32.767 18.172 41.606 53.616 39.548 39.776 36.005 22.312 40.145 42.535 203.053 41.079 19.636 203.873 41.205 204.595 88.849 25.078 41.634 20.513 34.651 7.337 23.657 24.420 1.920 42.568 17.658 22.142 40.155 203.738 37.286 40.964 17.501 203.707 198.923 38.868 182.519 7.052 19.083 181.349 198.001 46.399 200.444 8.972 24.614 39.164 206.501 44.099 180.844 35.421 19.270 24.367 43.101 196.985 93.372 182.949 22.336 12.742 203.375 10.480 37.939 7.408 181.462 24.384 36.048 197.073 50.594 36.409 39.206 89.504 39.878 18.852 18.800 196.645 25.719 17.142 20.616 182.031 19.203 203.683 0.000 90.416 39.927 24.728 203.870 40.598 23.057 5.187 204.847 38.395
81.578 167.355 167.355 26.203 145.043 87.867 89.912 92.139 162.223 91.765 88.754 80.094 89.515 89.286 78.264 90.239 89.258 88.912 81.577 166.724 86.745 92.070 167.545 89.817 168.267 13.297 88.348 80.121 91.205 91.274 90.533 87.716 91.173 90.528 81.056 91.291 86.308 91.934 167.410 87.415 92.293 91.280 167.378 162.595 89.906 146.190 89.804 88.876 145.020 161.673 85.441 164.115 90.209 96.722 88.684 170.173 82.587 144.516 95.374 88.959 92.188 81.589 160.657 37.627 146.621 95.709 89.244 167.046 90.029 88.571 90.423 145.134 91.059 90.769 160.744 88.172 87.891 90.057 11.333 91.811 89.321 90.188 160.316 97.213 89.203 89.305 145.702 88.712 167.355 91.053 0.000 88.621 96.772 167.542 89.754 88.803 90.413 168.518 91.151
27.064 201.707 201.707 88.801 179.395 24.587 44.620 21.373 196.575 24.149 44.614 28.559 39.244 10.687 31.759 16.192 35.952 4.477 38.778 201.076 27.365 44.917 201.897 11.802 202.619 86.712 38.733 29.338 34.153 19.755 38.927 41.138 31.633 40.794 29.841 42.938 41.691 9.612 201.761 23.572 12.038 42.782 201.730 196.947 10.895 180.542 40.418 37.468 179.372 196.025 42.642 198.467 39.233 40.083 3.887 204.525 28.074 178.868 66.938 35.768 34.589 28.837 195.008 100.109 180.973 38.359 39.156 201.398 42.608 1.967 39.076 179.486 32.431 17.892 195.096 39.988 6.288 10.253 87.527 15.173 37.551 45.242 194.668 41.697 37.579 39.238 180.054 37.957 201.707 41.274 88.439 0.000 42.752 201.893 9.767 36.610 41.787 202.870 17.667
56.318 209.562 209.562 96.657 187.251 47.036 28.347 37.050 204.431 34.259 28.341 54.834 66.844 44.117 53.004 37.497 31.046 41.637 55.763 208.932 49.814 23.801 209.752 42.697 210.475 94.728 35.248 54.862 29.247 36.142 25.629 33.826 33.154 24.248 55.796 24.079 32.312 41.647 209.617 46.021 42.456 23.730 209.586 204.803 40.359 188.398 27.334 31.803 187.228 203.880 59.626 206.323 25.934 10.135 40.656 212.380 57.327 186.723 38.239 30.862 33.101 56.329 202.864 99.602 188.828 17.263 28.214 209.254 26.335 41.920 25.777 187.341 33.118 37.540 202.952 63.822 45.144 40.698 95.383 41.370 30.703 28.969 202.524 5.520 29.700 33.336 187.910 31.924 209.562 24.728 96.295 41.419 0.000 209.749 42.090 35.777 25.243 210.726 39.886
196.618 14.005 14.005 182.200 71.839 199.895 201.939 204.167 33.923 203.793 200.782 195.959 201.543 201.314 195.145 202.267 201.286 200.939 196.618 15.217 198.915 204.098 1.598 201.845 13.360 168.321 200.376 195.971 203.233 203.302 202.561 199.744 203.201 202.556 196.386 203.319 198.720 203.961 11.768 199.443 204.321 203.308 10.450 32.833 201.934 72.001 201.832 200.904 71.788 27.199 198.335 24.906 202.237 208.750 200.712 39.764 197.067 73.142 207.402 200.987 204.216 196.623 28.213 168.513 70.529 207.737 201.272 4.390 202.057 200.599 202.451 83.129 203.087 202.797 27.294 200.200 199.919 202.085 167.640 203.838 201.348 202.216 29.454 209.241 201.231 201.333 73.322 200.740 8.007 203.081 167.614 200.649 208.800 0.000 201.782 200.831 202.441 17.703 203.179
28.786 202.472 202.472 89.566 180.160 26.308 42.829 19.003 197.340 20.950 42.823 30.280 40.965 11.945 33.481 9.228 34.161 8.003 40.499 201.841 29.087 43.125 202.662 5.168 203.384 87.637 40.454 31.059 32.362 9.988 37.136 39.347 34.189 39.002 31.562 41.147 39.899 4.288 202.526 25.293 12.295 40.990 202.495 197.712 3.770 181.307 38.626 35.676 180.137 196.789 44.363 199.232 37.441 38.291 10.198 205.289 29.795 179.633 68.659 33.976 32.797 30.558 195.773 100.874 181.738 36.568 37.365 202.163 40.817 11.340 37.284 180.251 34.153 8.125 195.861 41.709 14.965 2.607 88.292 11.710 35.759 43.450 195.433 39.905 35.787 37.447 180.819 36.165 202.472 39.482 89.204 9.767 40.960 202.658 0.000 38.331 39.995 203.635 14.110
34.382 199.813 199.813 86.792 177.502 32.074 23.588 35.964 194.682 33.173 20.983 32.898 44.909 33.320 31.069 36.411 17.698 32.477 33.827 199.183 34.851 27.898 200.003 34.514 200.725 82.452 9.830 32.926 20.592 35.056 22.754 16.581 17.332 24.428 33.861 26.143 17.572 40.561 199.868 31.058 41.370 26.119 199.837 195.053 34.715 178.649 21.114 16.624 177.479 194.131 37.691 196.574 22.025 35.663 31.964 202.631 35.391 176.974 44.982 17.779 20.527 34.394 193.115 90.582 179.079 33.385 19.852 199.505 23.305 31.712 22.507 177.592 17.076 36.454 193.203 41.887 30.181 35.054 83.926 40.284 20.025 24.209 192.775 36.768 19.762 19.934 178.161 18.653 199.813 23.057 85.979 31.822 35.777 200.000 34.372 0.000 22.483 200.977 38.800
41.607 203.025 203.025 90.119 180.713 38.816 15.000 36.072 197.893 33.280 17.745 40.124 52.134 40.063 38.294 36.518 19.368 40.658 41.052 202.394 41.594 19.730 203.215 41.719 203.937 88.190 23.601 40.151 21.028 35.164 8.680 22.180 24.489 5.693 41.086 17.975 21.113 40.669 203.079 37.801 41.478 18.016 203.048 198.265 39.381 181.860 4.323 18.509 180.690 197.342 44.916 199.785 8.860 25.129 39.677 205.842 42.617 180.186 35.936 18.696 24.882 41.619 196.326 92.713 182.291 22.850 10.013 202.716 8.798 38.454 8.752 180.804 24.232 36.561 196.414 49.112 36.924 39.720 88.845 40.392 16.123 17.770 195.986 26.233 15.300 20.042 181.372 18.629 203.025 5.187 89.757 40.441 25.243 203.211 41.111 22.483 0.000 204.188 38.908
197.595 17.086 17.086 183.177 74.036 200.871 202.916 205.144 36.120 204.769 201.759 196.935 202.519 202.291 196.122 203.244 202.263 201.916 197.594 12.563 199.891 205.075 17.344 202.822 17.073 169.298 201.352 196.947 204.210 204.279 203.538 200.721 204.178 203.533 197.363 204.295 199.697 204.938 9.668 200.420 205.298 204.284 11.593 35.031 202.911 74.198 202.809 201.881 73.985 29.396 199.311 27.103 203.214 209.726 201.688 39.973 198.043 75.340 208.379 201.964 205.192 197.600 30.411 169.489 72.726 208.714 202.248 16.543 203.034 201.576 203.428 85.327 204.064 203.774 29.491 201.176 200.896 203.062 168.617 204.815 202.325 203.192 31.651 210.217 202.208 202.309 75.520 201.717 17.086 204.057 168.591 201.625 209.777 17.506 202.759 201.808 203.417 0.000 204.155
30.509 203.238 203.238 90.332 180.926 28.032 44.645 13.272 198.106 26.460 44.639 32.004 42.689 12.203 35.204 19.850 35.977 16.437 42.223 202.607 30.810 44.941 203.428 9.803 204.150 88.403 42.177 32.782 34.178 19.465 38.952 41.163 35.912 40.819 33.286 42.963 41.715 9.822 203.293 27.017 7.687 42.806 203.261 198.478 17.880 182.073 40.442 37.492 180.903 197.555 46.087 199.998 39.258 40.108 18.333 206.055 31.519 180.399 70.383 35.793 34.614 32.282 196.539 101.640 182.504 38.384 39.181 202.929 42.633 18.667 39.100 181.017 35.876 18.630 196.627 43.433 19.874 16.627 89.058 4.402 37.575 45.267 196.199 41.721 37.603 39.263 181.585 37.981 203.238 41.298 89.970 17.667 42.777 203.425 14.110 40.054 41.811 204.401 0.000
0.0000 106.9180 106.9180 22.2386 90.1841 3.4413 10.1038 7.2727 103.0691 6.9915 9.2355 0.5860 1.6603 5.1328 1.1767 5.8476 7.3814 4.8517 4.8140 106.4449 2.0705 10.8320 107.0604 5.5309 107.6020 20.7918 8.2493 0.6654 6.9609 6.6236 8.8355 8.4573 6.1609 9.4577 0.9468 11.1381 7.6892 7.1182 106.9590 3.1029 7.3879 10.1202 106.9356 103.3481 5.5979 91.0446 10.0232 7.9741 90.1670 102.6563 2.4766 104.4882 8.9374 15.2114 4.6809 109.0313 0.8489 89.7886 14.2006 7.7823 6.9395 0.9701 101.8941 30.7195 91.3674 14.4519 9.6029 106.6866 10.1919 4.5967 8.8849 90.2521 6.1490 6.2452 101.9600 1.6289 4.0866 5.7109 21.2832 7.0259 8.3765 10.3109 101.6390 15.5796 9.5726 9.6487 90.6785 9.2041 106.9180 9.6176 21.9674 4.6336 15.2493 107.0580 5.4835 7.5416 10.4796 107.7905 6.5313
107.0734 0.0000 0.0000 96.2600 19.8063 109.5309 111.0646 112.7355 7.1676 112.4543 110.1964 106.5788 110.7670 110.5956 105.9689 111.3104 110.5746 110.3146 107.0731 1.2374 108.7959 112.6837 0.6707 110.9937 1.5069 85.8507 109.8918 106.5880 112.0349 112.0864 111.5308 109.4181 112.0110 111.5271 106.8996 112.0989 108.6500 112.5811 0.8639 109.1924 112.8508 112.0907 0.7559 6.8044 111.0607 19.8602 110.9840 110.2882 19.7892 4.9263 108.3611 1.8954 111.2878 116.1722 110.1437 9.1146 107.4098 20.2407 115.1614 110.3504 112.7717 107.0772 5.2645 85.9944 19.3695 115.4127 110.5637 0.4602 111.1527 110.0595 111.4484 23.5698 111.9254 111.7080 4.9579 109.7597 109.5495 111.1737 85.3400 112.4888 110.6213 111.2717 5.6779 116.5404 110.5334 110.6095 20.3007 110.1650 0.0000 111.9205 85.3205 110.0964 116.2101 0.6683 110.9464 110.2335 111.4405 1.6953 111.9941
107.0734 0.0000 0.0000 96.2600 19.8063 109.5309 111.0646 112.7355 7.1676 112.4543 110.1964 106.5788 110.7670 110.5956 105.9689 111.3104 110.5746 110.3146 107.0731 1.2374 108.7959 112.6837 0.6707 110.9937 1.5069 85.8507 109.8918 106.5880 112.0349 112.0864 111.5308 109.4181 112.0110 111.5271 106.8996 112.0989 108.6500 112.5811 0.8639 109.1924 112.8508 112.0907 0.7559 6.8044 111.0607 19.8602 110.9840 110.2882 19.7892 4.9263 108.3611 1.8954 111.2878 116.1722 110.1437 9.1146 107.4098 20.2407 115.1614 110.3504 112.7717 107.0772 5.2645 85.9944 19.3695 115.4127 110.5637 0.4602 111.1527 110.0595 111.4484 23.5698 111.9254 111.7080 4.9579 109.7597 109.5495 111.1737 85.3400 112.4888 110.6213 111.2717 5.6779 116.5404 110.5334 110.6095 20.3007 110.1650 0.0000 111.9205 85.3205 110.0964 116.2101 0.6683 110.9464 110.2335 111.4405 1.6953 111.9941
28.0576 84.6794 84.6794 0.0000 67.9455 30.5151 32.0488 33.7198 80.8306 33.4386 31.1806 27.5630 31.7513 31.5799 26.9532 32.2947 31.5588 31.2988 28.0574 84.2064 29.7801 33.6679 84.8218 31.9780 85.3634 1.3314 30.8761 27.5723 33.0191 33.0707 32.5151 30.4024 32.9953 32.5114 27.8839 33.0832 29.6343 33.5653 84.7204 30.1767 33.8350 33.0749 84.6970 81.1095 32.0450 68.8060 31.9683 31.2724 67.9285 80.4177 29.3454 82.2496 32.2721 37.1565 31.1280 86.7927 28.3941 67.5501 36.1457 31.3347 33.7560 28.0614 79.6556 8.4809 69.1288 36.3970 31.5480 84.4480 32.1370 31.0438 32.4326 68.0136 32.9096 32.6923 79.7214 30.7440 30.5337 32.1579 1.7586 33.4730 31.6055 32.2560 79.4004 37.5247 31.5177 31.5938 68.4399 31.1492 84.6794 32.9048 4.1524 31.0807 37.1944 84.8194 31.9306 31.2178 32.4247 85.5519 32.9784
90.2486 20.1727 20.1727 79.4353 0.0000 92.7061 94.2399 95.9108 16.3239 95.6296 93.3716 89.7541 93.9423 93.7709 89.1442 94.4857 93.7499 93.4898 90.2484 19.6997 91.9712 95.8589 20.3151 94.1690 20.8568 69.0259 93.0671 89.7633 95.2101 95.2617 94.7061 92.5934 95.1863 94.7024 90.0749 95.2742 91.8253 95.7564 20.2137 92.3677 96.0261 95.2659 20.1903 16.6028 94.2360 0.9328 94.1593 93.4634 0.2311 15.9110 91.5364 17.7429 94.4631 99.3475 93.3190 22.2860 90.5851 1.3227 98.3367 93.5257 95.9470 90.2525 15.1489 69.1697 1.5252 98.5880 93.7390 19.9413 94.3280 93.2348 94.6236 1.9230 95.1006 94.8833 15.2148 92.9350 92.7247 94.3490 68.5153 95.6641 93.7965 94.4470 14.8937 99.7157 93.7087 93.7848 0.5511 93.3402 20.1727 95.0958 68.4958 93.2717 99.3854 20.3127 94.1216 93.4088 94.6157 21.0452 95.1694
4.0312 110.0398 110.0398 25.3604 93.3060 0.0000 10.4954 6.9440 106.1910 6.6628 10.2075 4.5296 6.4453 4.8041 5.5963 5.5189 7.0528 4.5231 7.9358 109.5668 2.8135 10.5033 110.1823 5.2022 110.7239 23.9137 7.9206 4.7890 6.6323 6.2949 8.5068 8.7401 5.8322 9.1291 4.9567 9.8438 8.9242 6.7896 110.0809 1.1650 7.0593 9.7915 110.0574 106.4699 5.2692 94.1664 9.0035 7.6454 93.2889 105.7781 9.2238 107.6100 8.6087 12.1625 4.3522 112.1531 4.3676 92.9105 17.3225 7.4537 6.6108 4.6221 105.0160 33.8414 94.4893 11.4030 8.5831 109.8084 9.7338 4.2680 8.5562 93.3740 5.8203 5.9165 105.0819 6.6934 3.7579 5.3822 24.4050 6.6973 8.0479 10.7025 104.7608 12.5307 8.0573 8.6104 93.8004 8.1832 110.0398 9.2889 25.0893 4.3049 12.2004 110.1799 5.1549 7.2130 9.4605 110.9123 6.2026
9.5073 111.6566 111.6566 26.9772 94.9228 9.9736 0.0000 8.9686 107.8078 8.0382 0.7455 9.0127 13.0162 10.3890 8.4029 9.1174 3.4007 10.4974 9.3223 111.1836 10.8995 2.8225 111.7991 10.8508 112.3407 25.5305 3.5036 9.0220 4.0440 8.6660 2.1714 3.0299 5.1075 1.2872 9.3335 2.2377 2.5249 10.5009 111.6977 9.6351 10.7706 2.2295 111.6743 108.0867 10.0716 95.7832 1.2362 3.1143 94.9057 107.3949 10.6102 109.2268 1.9284 5.4111 10.1704 113.7699 9.8437 94.5273 9.0135 3.1765 5.3287 9.5111 106.6328 28.9230 96.1061 4.6516 1.4937 111.4252 0.9119 9.8529 2.0889 94.9908 5.0219 9.1317 106.6987 12.0089 9.3429 10.1846 26.0219 10.4086 3.0837 0.7625 106.3777 5.7793 2.4134 3.6253 95.4172 3.1544 111.6566 1.4477 26.7061 10.4249 5.4490 111.7967 10.6484 3.8453 1.2492 112.5291 9.9139
7.1777 113.1863 113.1863 28.5069 96.4525 6.3520 9.0010 0.0000 109.3375 1.7624 8.9989 7.6761 10.5722 2.6483 8.7428 2.9218 6.1116 2.8827 11.0823 112.7133 8.2055 9.0997 113.3288 2.2058 113.8704 27.0602 8.3140 7.9355 5.5119 2.1855 7.1033 7.8402 5.5205 7.7255 8.1032 8.4403 8.0243 1.8785 113.2274 6.0136 2.1482 8.3880 113.2039 109.6164 2.2645 97.3129 7.5999 6.6167 96.4354 108.9246 12.3936 110.7565 7.2051 7.4884 3.1190 115.2996 7.5141 96.0570 14.3613 6.0501 5.6571 7.7686 108.1625 33.7581 97.6358 6.9139 7.1796 112.9549 8.3303 3.2304 7.1527 96.5205 5.5086 2.1400 108.2284 10.8203 3.6325 2.1596 27.5515 1.4150 6.6443 9.2081 107.9074 8.0264 6.6537 7.2069 96.9469 6.7797 113.1863 7.8854 28.2358 3.0634 8.3782 113.3264 2.3859 7.9414 8.0563 114.0588 1.1077
103.2245 7.1676 7.1676 92.4112 15.9575 105.6820 107.2158 108.8867 0.0000 108.6055 106.3475 102.7300 106.9182 106.7468 102.1201 107.4616 106.7258 106.4657 103.2243 6.6946 104.9471 108.8349 7.3100 107.1449 7.8516 82.0018 106.0430 102.7392 108.1860 108.2376 107.6820 105.5693 108.1622 107.6783 103.0508 108.2501 104.8012 108.7323 7.2086 105.3436 109.0020 108.2419 7.1852 1.9262 107.2119 16.0114 107.1352 106.4393 15.9404 2.9059 104.5123 4.7378 107.4390 112.3234 106.2949 13.3775 103.5610 16.3919 111.3126 106.5016 108.9229 103.2284 1.4811 82.1456 15.5206 111.5639 106.7149 6.9362 107.3039 106.2107 107.5995 19.7210 108.0765 107.8592 2.2096 105.9109 105.7006 107.3249 81.4912 108.6400 106.7724 107.4229 1.2413 112.6916 106.6846 106.7607 16.4519 106.3161 7.1676 108.0717 81.4717 106.2476 112.3613 7.3076 107.0975 106.3847 107.5916 8.0401 108.1453
8.3848 114.3934 114.3934 29.7140 97.6596 7.5591 8.7782 1.7624 110.5446 0.0000 8.7761 8.8831 11.6632 3.8554 9.9499 1.5285 5.8888 4.0897 12.3423 113.9204 9.2965 8.8769 114.5358 3.4129 115.0775 28.2673 8.0912 9.1426 5.2891 1.1142 6.8805 7.6175 5.2977 7.5027 9.3103 8.2175 7.8015 3.0856 114.4344 7.2207 3.3553 8.1652 114.4110 110.8235 1.9013 98.5200 7.3771 6.3939 97.6425 110.1317 13.4845 111.9636 6.9823 7.2657 4.0523 116.5067 8.7212 97.2641 14.1385 5.8273 5.4343 8.9757 109.3696 33.5353 98.8428 6.6911 6.9568 114.1620 8.1075 4.4375 6.9299 97.7276 5.2858 1.2192 109.4355 11.9113 4.8396 1.8989 28.7586 2.9933 6.4215 8.9853 109.1144 7.8036 6.4310 6.9841 98.1539 6.5569 114.3934 7.6626 29.4429 4.2705 8.1554 114.5335 1.7496 7.7186 7.8335 115.2659 2.4986
8.6390 110.7884 110.7884 26.1090 94.0546 9.6682 0.7455 9.0043 106.9396 8.0738 0.0000 8.1445 12.1479 10.0837 7.5346 9.1531 3.3986 10.5330 8.4541 110.3154 13.4845 2.8204 110.9308 10.8865 111.4725 24.6623 2.6354 8.1537 4.0419 8.7017 2.1693 2.1617 4.7546 1.6639 8.4653 2.2356 1.4914 10.5366 110.8294 9.3298 10.8063 2.2274 110.8060 107.2185 10.1073 94.9150 1.3472 3.1122 94.0375 106.5267 9.7420 108.3586 1.9263 5.4091 10.2061 112.9017 8.9755 93.6591 9.0114 3.1745 5.3266 8.6429 105.7646 28.0548 95.2378 4.6496 1.2784 110.5570 1.1929 9.5476 2.0868 94.1226 4.6689 9.1674 105.8305 11.1406 9.0375 10.2203 25.1536 10.4443 1.7510 1.3407 105.5094 5.7773 2.4113 3.6610 94.5489 3.2165 110.7884 2.0573 25.8379 10.4605 5.4470 110.9285 10.6841 2.9770 1.4809 111.6609 9.9496
0.5860 106.8905 106.8905 22.2111 90.1566 3.9208 10.0763 7.7521 103.0416 7.4709 9.2080 0.0000 1.9762 5.6123 0.6534 6.3270 7.8609 5.3312 1.7514 106.4174 2.5500 11.6954 107.0329 6.0103 107.5745 20.7643 8.9035 0.3598 7.4404 7.1031 9.3150 8.4298 6.6403 10.5388 0.5649 11.1106 7.6617 7.5977 106.9315 3.5824 7.8674 11.1024 106.9081 103.3206 6.0773 91.0171 9.9957 9.2998 90.1395 102.6288 1.9209 104.4607 10.2995 15.1839 5.1604 109.0038 1.1739 89.7611 14.1731 8.2618 7.4189 0.6214 101.8666 30.6920 91.3399 14.4244 9.5754 106.6591 10.1644 5.0762 9.3644 90.2247 6.6284 6.7246 101.9325 1.9447 4.5661 6.1903 21.2557 7.5054 9.6329 10.2834 101.6115 15.5521 9.5451 9.6212 90.6510 9.1766 106.8905 10.9322 21.9399 5.1130 15.2218 107.0305 5.9630 8.0211 10.4522 107.7630 7.0108
1.6603 111.0490 111.0490 26.3697 94.3152 2.6626 13.9225 9.9152 107.2002 10.5388 13.0542 1.9762 0.0000 9.3451 2.5669 9.3949 10.8555 8.3258 3.6233 110.5760 1.9203 15.5415 111.1915 8.8717 111.7331 24.9229 12.7497 2.0556 10.4350 10.1709 12.3096 12.2760 9.6350 14.3850 2.0994 14.9568 11.5079 9.8409 111.0901 1.4976 10.1106 14.9485 111.0667 107.4791 9.1452 95.1756 13.8419 13.1460 94.2981 106.7873 5.3442 108.6192 14.1457 19.0301 8.2282 113.1623 0.9184 93.9197 18.0193 11.2564 10.4135 2.3026 106.0252 34.8506 95.4985 18.2706 13.4216 110.8177 14.0106 8.0708 14.3062 94.3832 9.6231 9.7924 106.0911 0.5398 7.5607 9.2581 25.4143 9.7486 13.4791 14.1296 105.7701 19.3983 13.3913 13.4674 94.8096 13.0228 111.0490 14.7784 26.0985 8.4826 19.0680 111.1891 8.8243 11.0157 14.2983 111.9215 9.2540
5.9169 111.9255 111.9255 27.2462 95.1917 5.0912 10.8334 2.8912 108.0767 3.9997 10.8313 6.4153 9.4976 0.0000 7.4820 1.7515 7.9440 0.7899 9.8215 111.4525 7.1309 10.9321 112.0680 0.9547 112.6096 25.7994 9.8063 6.6747 7.3443 1.8324 8.9357 9.6726 7.7179 9.5579 6.8424 10.2726 9.8567 0.7690 111.9666 4.7528 0.4188 10.2204 111.9432 108.3556 1.1569 96.0521 9.4323 8.4491 95.1746 107.6638 11.3189 109.4957 9.0375 9.3208 1.1647 114.0388 6.2534 94.7962 19.2082 7.8825 7.4895 6.5078 106.9017 35.7271 96.3750 8.7462 9.0120 111.6942 10.1626 1.0237 8.9851 95.2597 7.7060 1.6768 106.9676 9.7457 1.2163 1.0385 26.2908 0.6905 8.4767 11.0405 106.6466 9.8588 8.4861 9.0393 95.6861 8.6121 111.9255 9.7178 26.9750 0.8924 10.2106 112.0656 0.9980 9.0987 9.8887 112.7980 1.0187
1.1767 106.5339 106.5339 21.8545 89.8001 4.4229 9.7197 8.2542 102.6851 7.9731 8.8515 0.6534 2.5669 6.1144 0.0000 6.8292 8.3630 5.8333 1.5401 106.0609 3.0521 11.3388 106.6764 6.5124 107.2180 20.4078 8.5470 0.7103 7.9425 7.6052 10.1859 8.0733 7.1425 10.1823 0.7972 10.7540 7.3052 8.0998 106.5750 4.0845 8.3695 10.7458 106.5516 102.9640 6.5794 90.6605 9.6392 8.9433 89.7830 102.2722 1.5390 104.1041 9.9429 14.8274 5.6625 108.6472 1.6660 89.4046 13.8166 9.0055 7.9210 1.0920 101.5101 30.3355 90.9834 14.0679 9.2189 106.3025 9.8078 5.5783 10.1035 89.8681 7.1306 7.2267 101.5760 2.5354 5.0682 6.6924 20.8992 8.0075 9.2764 9.9269 101.2550 15.1956 9.1885 9.2646 90.2945 8.8201 106.5339 10.5756 21.5834 5.6151 14.8653 106.6740 6.4651 8.8886 10.0956 107.4064 7.5129
7.6625 113.6711 113.6711 28.9917 96.9373 6.8368 8.7334 2.7097 109.8223 1.9200 8.7313 8.1609 10.8824 1.7515 9.2276 0.0000 5.8440 1.3187 11.5671 113.1981 8.5157 8.8321 113.8136 1.0508 114.3552 27.5450 8.0463 8.4203 5.2443 0.4942 6.8357 7.5726 5.2529 7.4579 8.5880 8.1726 7.7567 1.1291 113.7122 6.4984 1.7640 8.1204 113.6887 110.1012 0.6582 97.7977 7.3323 6.3491 96.9202 109.4094 12.7037 111.2413 6.9375 7.2208 1.1893 115.7844 7.9990 96.5418 14.0937 5.7825 5.3895 8.2534 108.6473 33.4905 98.1206 6.6462 6.9120 113.4397 8.0626 1.4841 6.8851 97.0053 5.2410 0.3801 108.7132 11.1305 1.6933 0.7302 28.0363 1.4606 6.3767 8.9405 108.3921 7.7588 6.3861 6.9393 97.4317 6.5121 113.6711 7.6178 28.7206 1.3523 8.1106 113.8112 0.7710 7.6738 7.7887 114.5436 1.6583
7.3566 111.0429 111.0429 26.3635 94.3090 6.5310 3.5521 6.7147 107.1940 5.7843 3.5500 8.3989 12.4024 6.9464 7.7891 6.8636 0.0000 6.6654 8.7085 110.5698 7.4569 4.4123 111.1853 7.3445 111.7269 24.9167 2.6069 8.4082 1.0168 6.4121 2.6978 2.3914 1.9037 3.2558 8.7198 3.8276 2.5754 8.2470 111.0839 6.1925 8.5167 3.8193 111.0605 107.4729 7.8177 95.1694 2.1510 0.4362 94.2919 106.7811 9.9965 108.6131 2.4548 7.0010 6.4945 113.1561 7.6931 93.9135 11.6171 0.3575 2.4351 7.9476 106.0190 28.3092 95.4923 6.2415 1.4980 110.8115 2.8814 6.4103 2.6153 94.3770 1.8918 6.8778 106.0849 11.3951 5.9002 7.9307 25.4081 8.1547 0.9981 3.7592 105.7639 7.3692 1.3229 0.6468 94.8034 0.5483 111.0429 2.7987 26.0923 6.4472 7.0389 111.1829 7.2972 1.8993 2.6075 111.9154 7.6600
4.8407 110.8493 110.8493 26.1699 94.1155 4.0150 10.9460 2.9434 107.0005 4.1222 10.9440 5.3391 8.9004 0.7899 6.4058 1.3187 7.8623 0.0000 8.7453 110.3763 4.9410 11.0448 110.9918 0.8375 111.5334 24.7232 8.7301 5.5985 7.4418 1.5029 9.0483 9.5496 6.6417 9.6706 5.7662 10.3853 9.7337 0.6547 110.8904 3.6766 0.9026 10.3331 110.8669 107.2794 0.7920 94.9759 9.5450 8.4549 94.0984 106.5876 10.0333 108.4195 9.1502 9.4335 0.3774 112.9626 5.1771 93.7200 18.1320 7.9952 7.4203 5.4316 105.8255 34.6509 95.2988 8.8589 9.1246 110.6179 10.2753 0.5049 9.0977 94.1835 6.6298 1.3473 105.8914 9.1485 0.7382 0.7090 25.2145 1.1645 8.5894 11.1532 105.5704 9.9714 8.5988 9.1519 94.6099 8.7247 110.8493 9.8304 25.8988 0.3736 10.3233 110.9894 0.6685 8.0225 10.0014 111.7218 1.3718
2.2194 107.4114 107.4114 22.7320 90.6775 7.8278 10.2848 11.5006 103.5625 12.1242 9.4165 1.7514 3.6200 10.9305 1.5401 10.9803 9.7948 9.7933 0.0000 106.9383 5.6994 11.9038 107.5538 10.4571 108.0954 21.2852 9.1120 1.9550 11.2550 11.7563 10.7510 8.6383 11.2312 10.7473 1.2726 11.3191 7.8702 11.4264 107.4524 7.4893 11.6961 11.3109 107.4290 103.8414 10.7306 91.5379 10.2042 9.5083 90.6604 103.1496 1.4741 104.9816 10.5080 15.3924 9.8136 109.5246 2.6877 90.2820 14.3816 9.5706 11.9919 1.5501 102.3875 31.2129 91.8608 14.6329 9.7839 107.1800 10.3729 9.5383 10.6685 90.7455 11.1455 11.3779 102.4534 2.6866 9.0282 10.8436 21.7766 11.3341 9.8414 10.4919 102.1324 15.7606 9.7536 9.8297 91.1719 9.3851 107.4114 11.1407 22.4608 9.5751 15.4303 107.5514 10.4098 9.4537 10.6607 108.2839 10.8394
106.6003 1.2374 1.2374 95.7870 19.3333 109.0578 110.5916 112.2625 6.6946 111.9813 109.7234 106.1058 110.2940 110.1226 105.4959 110.8374 110.1016 109.8416 106.6001 0.0000 108.3229 112.2106 1.2728 110.5207 1.2755 85.3776 109.4188 106.1150 111.5619 111.6134 111.0578 108.9451 111.5380 111.0541 106.4266 111.6259 108.1770 112.1081 0.6214 108.7194 112.3778 111.6177 0.5792 6.3313 110.5877 19.3872 110.5110 109.8151 19.3162 4.4533 107.8881 3.6888 110.8148 115.6992 109.6707 7.9788 106.9368 19.7677 114.6884 109.8774 112.2987 106.6042 4.7914 85.5214 18.8964 114.9397 110.0907 0.9163 110.6797 109.5865 110.9753 23.0968 111.4523 111.2350 4.4849 109.2867 109.0764 110.7007 84.8670 112.0158 110.1482 110.7987 5.2049 116.0674 110.0604 110.1365 19.8277 109.6919 1.1303 111.4475 84.8475 109.6234 115.7371 1.2704 110.4734 109.7605 110.9675 1.0498 111.5211
1.6763 108.6039 108.6039 23.9245 91.8700 2.1284 9.5111 5.9598 104.7551 5.6786 9.2232 2.1747 1.9203 3.8199 2.6768 4.5347 6.0685 3.5388 6.4999 108.1309 0.0000 9.5191 108.7463 4.2180 109.2879 22.4778 6.9364 2.3318 5.6480 5.3107 7.5226 7.7559 4.8480 8.1448 2.6018 8.8596 7.9399 5.8053 108.6449 1.7900 6.0750 8.8073 108.6215 105.0340 4.2850 92.7305 8.0192 6.6611 91.8530 104.3422 7.7878 106.1741 7.6244 11.1783 3.3680 110.7172 1.3140 91.4746 15.8865 6.4694 5.6265 2.2672 103.5801 32.4054 93.0533 10.4188 7.5989 108.3725 8.7496 3.2838 7.5720 91.9381 4.8361 4.9323 103.6459 1.8888 2.7737 4.3979 22.9691 5.7130 7.0636 9.7183 103.3249 11.5465 7.0731 7.6262 92.3644 7.1990 108.6039 8.3047 23.6534 3.3207 11.2162 108.7439 4.1706 6.2287 8.4763 109.4764 5.2184
11.1263 113.2757 113.2757 28.5963 96.5419 9.9815 2.8225 9.0672 109.4269 8.1368 2.8204 10.6318 14.6352 10.3970 10.0219 9.2161 4.6516 10.5960 10.9414 112.8027 10.9075 0.0000 113.4181 10.9495 113.9598 27.1496 5.1227 10.6410 4.0519 8.7646 2.8458 4.6490 5.3543 2.3856 10.9526 0.8295 4.1439 10.5995 113.3167 9.6431 10.8692 0.9182 113.2933 109.7058 10.1702 97.4023 2.4848 3.9745 96.5248 109.0140 12.2293 110.8459 2.7886 3.9823 10.2690 115.3890 11.4628 96.1464 7.4708 4.0368 5.3366 11.1302 108.2519 30.5421 97.7251 3.2228 2.7781 113.0443 1.6837 9.8608 2.8952 96.6099 5.3424 9.2303 108.3178 13.6279 9.3508 10.2832 27.6409 10.5072 3.9439 3.0296 107.9967 4.3505 3.2736 4.4856 97.0363 4.0147 113.2757 2.5455 28.3252 10.5235 4.0202 113.4158 10.7470 5.2992 2.6187 114.1482 10.0125
107.2158 0.6707 0.6707 96.4025 19.9487 109.6733 111.2070 112.8779 7.3100 112.5968 110.3388 106.7212 110.9095 110.7381 106.1114 111.4529 110.7170 110.4570 107.2156 1.2728 108.9383 112.8261 0.0000 111.1361 0.9826 85.9931 110.0343 106.7305 112.1773 112.2289 111.6733 109.5606 112.1535 111.6696 107.0421 112.2413 108.7925 112.7235 0.9856 109.3349 112.9932 112.2331 0.8754 6.9468 111.2032 20.0026 111.1265 110.4306 19.9316 5.0687 108.5035 4.3043 111.4303 116.3147 110.2862 9.2570 107.5522 20.3832 115.3039 110.4929 112.9142 107.2196 5.4069 86.1368 19.5119 115.5552 110.7062 0.3687 111.2951 110.2020 111.5908 23.7122 112.0678 111.8504 5.1004 109.9022 109.6919 111.3161 85.4825 112.6312 110.7637 111.4142 5.8204 116.6829 110.6758 110.7519 20.4431 110.3074 0.6707 112.0629 85.4629 110.2388 116.3526 0.1333 111.0888 110.3759 111.5829 1.7814 112.1366
6.8866 112.8952 112.8952 28.2158 96.1613 6.0609 9.6839 1.7418 109.0464 1.8987 9.6819 7.3849 10.7031 0.9547 8.4517 1.0508 6.7946 0.8375 10.7912 112.4221 8.3364 9.7827 113.0376 0.0000 113.5792 26.7690 8.9969 7.6444 6.1949 1.1044 7.7862 8.5232 6.2035 8.4085 7.8121 9.1232 8.7073 0.2936 112.9362 5.7224 0.9215 9.0710 112.9128 109.3253 0.7461 97.0218 8.2829 7.2997 96.1442 108.6335 12.5245 110.4654 7.8881 8.1714 1.0837 115.0085 7.2230 95.7659 15.0443 6.7331 6.3401 7.4775 107.8714 36.6967 97.3446 7.5968 7.8625 112.6638 9.0132 1.1162 7.8357 96.2294 6.1916 0.9488 107.9372 10.9512 1.4190 0.6412 27.2604 0.6181 7.3273 9.8911 107.6162 8.7093 7.3367 7.8898 96.6557 7.4626 112.8952 8.5683 27.9446 0.9849 9.0612 113.0352 0.4314 8.6244 8.7393 113.7677 0.8183
107.7574 1.5069 1.5069 96.9441 20.4904 110.2149 111.7486 113.4196 7.8516 113.1384 110.8804 107.2629 111.4511 111.2797 106.6530 111.9945 111.2586 110.9986 107.7572 1.2755 109.4799 113.3677 0.9826 111.6778 0.0000 86.5347 110.5759 107.2721 112.7189 112.7705 112.2149 110.1022 112.6951 112.2112 107.5837 112.7830 109.3341 113.2651 0.8048 109.8765 113.5348 112.7747 0.7612 7.4884 111.7448 20.5443 111.6681 110.9722 20.4733 5.6103 109.0452 4.8459 111.9719 116.8563 110.8278 9.1359 108.0939 20.9248 115.8455 111.0345 113.4558 107.7613 5.9485 86.6784 20.0535 116.0968 111.2478 1.0522 111.8368 110.7436 112.1324 24.2538 112.6094 112.3921 5.6420 110.4438 110.2335 111.8578 86.0241 113.1728 111.3053 111.9558 6.3620 117.2245 111.2175 111.2936 20.9847 110.8490 1.4347 112.6046 86.0046 110.7805 116.8942 1.1159 111.6304 110.9176 112.1245 1.4258 112.6782
22.0147 85.7965 85.7965 1.3314 69.0627 24.4722 26.0060 27.6769 81.9477 27.3957 25.1377 21.5202 25.7084 25.5370 20.9103 26.2518 25.5159 25.2559 22.0145 85.3235 23.7372 27.6250 85.9390 25.9351 86.4806 0.0000 24.8332 21.5294 26.9762 27.0278 26.4722 24.3595 26.9524 26.4685 21.8410 27.0403 23.5914 27.5225 85.8376 24.1338 27.7921 27.0320 85.8142 82.2266 26.0021 69.9231 25.9254 25.2295 69.0456 81.5348 23.3025 83.3667 26.2292 31.1136 25.0851 87.9098 22.3512 68.6672 30.1028 25.2918 27.7131 22.0186 80.7727 9.0727 70.2460 30.3541 25.5051 85.5652 26.0941 25.0009 26.3897 69.1307 26.8667 26.6494 80.8386 24.7011 24.4908 26.1151 0.4370 27.4301 25.5626 26.2131 80.5176 31.4818 25.4748 25.5509 69.5571 25.1063 85.7965 26.8619 1.1099 25.0378 31.1515 85.9366 25.8877 25.1749 26.3818 86.6690 26.9355
7.1190 109.2684 109.2684 24.5890 92.5345 7.3988 3.5210 8.4048 105.4195 7.4744 2.6528 6.6244 10.6279 7.8143 6.0146 8.5537 2.6069 7.5332 6.9340 108.7953 8.3248 5.1401 109.4108 8.2124 109.9524 23.1422 0.0000 6.6337 3.5717 8.1022 3.9828 1.3258 2.4852 3.9836 6.9453 4.5553 1.1793 9.9371 109.3094 7.0604 10.2068 4.5471 109.2860 105.6984 9.5078 93.3949 3.4361 2.2490 92.5174 105.0066 8.2220 106.8386 3.7398 7.7287 7.3624 111.3816 7.4554 92.1390 10.6524 2.6338 3.5502 7.1228 104.2445 27.3445 93.7178 6.9693 3.0157 109.0370 3.6091 7.2782 3.9004 92.6025 2.3995 8.5680 104.3104 9.6206 6.7681 9.6208 23.6336 9.8448 3.0733 3.7282 103.9894 8.0970 2.9854 3.0615 93.0289 2.6170 109.2684 4.3770 24.3178 7.3150 7.7666 109.4084 8.1650 0.7357 3.8925 110.1409 9.3501
0.6654 106.6197 106.6197 21.9403 89.8859 4.0579 9.8055 7.8893 102.7709 7.6081 8.9373 0.3598 2.0556 5.7494 0.7103 6.4642 7.9981 5.4683 1.9550 106.1467 2.6871 11.4246 106.7622 6.1475 107.3038 20.4936 8.6328 0.0000 7.5776 7.2402 10.2717 8.1591 6.7775 10.2681 0.8178 10.8398 7.3910 7.7349 106.6608 3.7195 8.0046 10.8316 106.6374 103.0498 6.2145 90.7463 9.7250 9.0291 89.8688 102.3580 2.0464 104.1899 10.0287 14.9132 5.2975 108.7330 1.2533 89.4904 13.9024 9.0913 7.5561 0.8851 101.5959 30.4213 91.0692 14.1537 9.3047 106.3883 9.8936 5.2133 10.1893 89.9539 6.7656 6.8618 101.6618 2.0241 4.7032 6.3275 20.9850 7.6426 9.3622 10.0127 101.3408 15.2814 9.2743 9.3504 90.3803 8.9059 106.6197 10.6614 21.6692 5.2502 14.9511 106.7598 6.1001 8.9744 10.1814 107.4922 7.1479
6.9361 111.4439 111.4439 26.7645 94.7101 6.1105 4.0440 5.5585 107.5951 4.6281 4.0419 7.4345 10.4939 6.5259 8.1902 5.7074 1.0168 6.2449 9.1096 110.9709 7.0364 4.0519 111.5864 7.4408 112.1280 25.3178 3.2661 7.6940 0.0000 5.2559 2.0555 2.7924 1.2716 2.6777 7.8617 3.3924 2.9765 7.0908 111.4850 5.7720 7.3605 3.3402 111.4616 107.8740 6.6615 95.5705 2.5521 1.3395 94.6930 107.1822 10.3975 109.0141 2.1573 5.7111 6.7604 113.5572 7.2726 94.3146 9.3135 0.9272 1.1688 7.5271 106.4201 28.7103 95.8934 4.9517 2.1318 111.2125 3.2825 5.9898 2.1049 94.7781 1.4452 5.7217 106.4860 11.7962 5.4797 6.7745 25.8092 6.9985 1.5965 4.2511 106.1650 6.0794 1.6059 0.6464 95.2045 0.8449 111.4439 2.8376 26.4934 6.0267 5.7490 111.5840 7.2383 2.8640 3.0092 112.3164 6.5038
7.5880 113.5966 113.5966 28.9172 96.8627 6.7623 8.6523 2.1776 109.7478 1.1142 8.6503 8.0863 10.8078 1.8324 9.1531 0.4942 5.7629 1.5029 11.4926 113.1236 8.4412 8.7511 113.7390 1.1044 114.2806 27.4705 7.9653 8.3458 5.1632 0.0000 6.7546 7.4916 5.1718 7.3768 8.5135 8.0916 7.6756 1.1925 113.6376 6.4239 3.1855 8.0393 113.6142 110.0267 0.9387 97.7232 7.2512 6.2681 96.8457 109.3349 12.6292 111.1668 6.8565 7.1398 1.6740 115.7099 7.9244 96.4673 14.0127 5.7014 5.3084 8.1789 108.5728 33.4094 98.0460 6.5652 6.8309 113.3652 7.9816 1.7816 6.8040 96.9308 5.1599 0.1765 108.6387 11.0559 3.8393 0.9645 27.9618 1.5142 6.2956 8.8595 108.3176 7.6777 6.3051 6.8582 97.3571 6.4310 113.5966 7.5367 28.6461 1.6503 8.0295 113.7366 0.8344 7.5927 7.7077 114.4691 2.3288
8.8107 112.1088 112.1088 27.4294 95.3750 7.9850 2.1714 7.0707 108.2600 6.1403 2.1693 9.4649 13.4684 8.4005 8.8551 7.2196 2.6552 8.5995 9.7745 111.6358 8.9110 2.8458 112.2513 8.9530 112.7929 25.9827 3.9572 9.4742 2.0555 6.7681 0.0000 3.4835 3.3578 0.5543 9.7362 2.1863 2.9016 8.6030 112.1499 7.6466 8.8727 2.1340 112.1265 108.5389 8.1738 96.2354 0.6066 2.2600 95.3579 107.8471 11.0624 109.6790 0.3210 4.5050 8.2726 114.2221 9.1472 94.9795 8.1073 2.3222 3.3402 9.4016 107.0850 29.3752 96.5583 3.7455 0.9490 111.8775 1.2690 7.8644 0.1906 95.4430 3.3459 7.2339 107.1509 12.4611 7.3543 8.2867 26.4741 8.5107 1.4617 2.3785 106.8299 4.8732 1.0035 2.7710 95.8694 1.5702 112.1088 0.6132 27.1583 8.5270 4.5429 112.2489 8.7505 3.5846 0.7249 112.9813 8.0161
6.9153 109.0647 109.0647 24.3853 92.3308 8.1196 2.9451 7.8289 105.2158 6.8984 2.0769 6.4208 10.4242 8.5351 5.8109 7.9777 2.4507 9.3577 6.7303 108.5916 11.7608 4.5642 109.2071 9.7111 109.7487 22.9385 1.3258 6.4300 3.9110 7.5263 3.4069 0.0000 3.2060 3.4077 6.7416 3.9794 0.7558 9.3612 109.1057 7.7812 9.6309 3.9712 109.0823 105.4948 8.9319 93.1913 2.8601 2.1643 92.3137 104.8030 8.0183 106.6349 3.1639 7.1528 9.0307 111.1780 7.2518 91.9353 9.6389 2.2265 4.2710 6.9192 104.0408 26.3310 93.5141 6.3933 2.4398 108.8333 3.0332 7.9990 3.3245 92.3988 3.1203 7.9920 104.1067 9.4169 7.4889 9.0449 23.4299 9.2689 2.4974 3.1523 103.7857 7.5210 2.4095 2.4856 92.8252 2.0411 109.0647 3.8010 24.1141 9.2851 7.1907 109.2047 9.5087 1.4285 3.3166 109.9372 8.7742
6.1361 111.3875 111.3875 26.7081 94.6537 5.3104 5.1075 6.8608 107.5387 5.9304 4.7720 6.6344 9.6939 5.7259 7.7012 7.0097 1.9037 5.4448 9.0532 110.9145 6.2364 5.3543 111.5300 6.1239 112.0716 25.2614 2.4852 6.8939 1.2716 6.5582 3.3578 3.3047 0.0000 3.9800 7.0616 4.6948 3.4887 7.7113 111.4286 4.9720 7.9810 4.6425 111.4052 107.8176 6.1909 95.5141 3.7065 2.2099 94.6366 107.1258 10.3411 108.9577 3.4596 7.0135 5.2739 113.5008 6.4725 94.2582 12.7716 2.3046 1.0376 6.7270 106.3637 29.4637 95.8370 6.2540 3.2861 111.1561 4.4368 5.1897 3.4072 94.7217 0.3783 7.0240 106.4296 11.7398 4.6797 6.3039 25.7528 7.6190 2.8988 5.3147 106.1086 7.3817 3.2558 1.6957 95.1481 2.8862 111.3875 4.1399 26.4370 5.2266 7.0514 111.5276 6.0766 1.7775 4.1629 112.2600 7.1243
9.9698 112.1192 112.1192 27.4398 95.3853 8.6073 1.2872 7.6929 108.2704 6.7625 1.6639 9.4753 13.4787 9.0227 8.8654 7.8418 3.2774 9.2217 9.7848 111.6461 9.5332 2.3856 112.2616 9.5752 112.8032 25.9930 3.9662 9.4845 2.6777 7.3903 0.5543 3.4924 3.9800 0.0000 9.7961 1.3873 2.9874 9.2252 112.1602 8.2688 9.4949 1.3862 112.1368 108.5493 8.7960 96.2458 0.7492 2.8180 95.3682 107.8575 11.0728 109.6894 0.6907 4.0448 8.8948 114.2325 10.3063 94.9899 7.6472 2.8803 3.9624 9.9737 107.0954 29.3855 96.5686 3.2853 1.2248 111.8878 0.7147 8.4866 0.5603 95.4534 3.9681 7.8561 107.1612 12.4714 7.9765 8.9090 26.4844 9.1329 2.7874 1.8731 106.8402 4.4130 1.3733 3.3290 95.8797 2.8581 112.1192 0.1605 27.1686 9.1492 4.0827 112.2592 9.3727 4.1427 0.4754 112.9917 8.6383
0.9468 107.4025 107.4025 22.7231 90.6687 4.4100 10.5883 8.2413 103.5537 7.9601 9.7201 0.5649 2.0994 6.1015 0.7972 6.8162 8.3501 5.8204 1.2726 106.9295 3.0392 12.2074 107.5450 6.4995 108.0866 21.2764 9.4156 0.8178 7.9296 7.5922 9.8042 8.9419 7.1295 11.0509 0.0000 11.6226 8.1738 8.0869 107.4436 4.0716 8.3566 11.6144 107.4202 103.8326 6.5665 91.5291 10.5078 9.8119 90.6516 103.1408 1.8238 104.9727 10.8115 15.6960 5.6495 109.5158 1.4770 90.2732 14.6852 8.7510 7.9081 0.3621 102.3787 31.2041 91.8520 14.9365 10.0875 107.1711 10.6764 5.5653 9.8536 90.7367 7.1176 7.2138 102.4446 2.0151 5.0553 6.6795 21.7678 7.9946 10.1450 10.7955 102.1236 16.0642 10.0571 10.1332 91.1631 9.6887 107.4025 11.4442 22.4520 5.6022 15.7339 107.5426 6.4522 8.5103 10.9642 108.2750 7.4999
10.5416 112.6909 112.6909 28.0115 95.9571 9.3220 2.2377 8.4077 108.8421 7.4773 2.2356 10.0470 14.0505 9.7375 9.4372 8.5566 3.6762 9.9365 10.3566 112.2179 10.2480 0.8295 112.8334 10.2900 113.3750 26.5648 4.5379 10.0563 3.3924 8.1051 2.1863 4.0642 4.6948 1.3873 10.3678 0.0000 3.5592 9.9400 112.7320 8.9836 10.2097 0.2020 112.7086 109.1210 9.5107 96.8175 1.9001 3.3898 95.9400 108.4292 11.6445 110.2611 2.2038 4.0748 9.6095 114.8042 10.8780 95.5616 7.5633 3.4520 4.6771 10.5454 107.6671 29.9573 97.1404 3.3153 2.1933 112.4596 0.9069 9.2014 2.3644 96.0251 4.6829 8.5709 107.7330 13.0432 8.6913 9.6237 27.0562 9.8477 3.3592 1.4597 107.4120 4.4430 2.6888 3.9008 96.4515 3.4299 112.6909 1.5478 27.7404 9.8640 4.1127 112.8310 10.0875 4.7144 2.0339 113.5634 9.3530
8.1233 110.2727 110.2727 25.5933 93.5388 8.5609 2.9829 7.3252 106.4238 6.3948 1.4914 7.6287 11.6322 9.6809 7.0189 7.4741 1.9404 8.8540 7.9383 109.7996 9.4869 4.6112 110.4151 9.2075 110.9567 24.1465 1.1793 7.6380 3.4073 7.0226 2.8967 0.7558 3.6473 3.4547 7.9496 4.0264 0.0000 8.8575 110.3137 8.2225 9.1272 4.0182 110.2903 106.7027 8.4282 94.3992 2.3499 1.4680 93.5217 106.0109 9.2263 107.8429 2.6537 7.1998 8.5270 112.3860 8.4597 93.1433 10.8469 1.4949 4.1442 8.1271 105.2488 27.5390 94.7221 6.4403 1.9296 110.0413 3.0802 8.9484 2.8142 93.6068 3.5616 7.4883 105.3147 10.6249 7.9302 8.5412 24.6379 8.7652 1.3438 3.1900 104.9937 7.5680 1.8992 1.9819 94.0332 1.5374 110.2727 2.9976 25.3221 8.7815 7.2377 110.4127 9.0050 1.4670 2.8063 111.1452 8.2705
5.2992 111.3078 111.3078 26.6284 94.5740 4.4735 10.0112 2.0691 107.4590 3.9496 10.0092 5.7975 9.3589 0.7690 6.8643 1.1291 7.1218 0.6547 9.2038 110.8348 5.3995 10.1100 111.4502 0.2936 111.9919 25.1817 9.1886 6.0570 6.5221 1.1925 8.1135 8.8505 7.1002 8.7357 6.2247 9.4505 9.0345 0.0000 111.3488 4.1351 0.6689 9.3982 111.3254 107.7379 0.6727 95.4344 8.6101 7.6270 94.5569 107.0461 10.4918 108.8780 8.2154 8.4987 0.9469 113.4211 5.6356 94.1785 18.5905 7.0603 6.6673 5.8901 106.2840 35.1093 95.7572 7.9241 8.1898 111.0764 9.3405 0.9335 8.1629 94.6420 7.0883 1.0369 106.3499 9.6070 1.2363 0.5678 25.6730 0.6198 7.6545 10.2184 106.0288 9.0366 7.6640 8.2171 95.0683 7.7899 111.3078 8.8956 26.3573 0.8021 9.3884 111.4479 0.3581 8.4810 9.0666 112.1803 0.8200
107.1144 0.8639 0.8639 96.3011 19.8473 109.5719 111.1056 112.7765 7.2086 112.4954 110.2374 106.6198 110.8081 110.6367 106.0100 111.3515 110.6156 110.3556 107.1142 0.6214 108.8369 112.7247 0.9856 111.0347 0.8048 85.8917 109.9329 106.6291 112.0759 112.1275 111.5719 109.4592 112.0521 111.5682 106.9407 112.1399 108.6911 112.6221 0.0000 109.2335 112.8918 112.1317 0.2027 6.8454 111.1018 19.9012 111.0251 110.3292 19.8302 4.9673 108.4021 4.2029 111.3289 116.2133 110.1848 8.4929 107.4509 20.2818 115.2025 110.3915 112.8128 107.1182 5.3055 86.0354 19.4105 115.4538 110.6048 0.6168 111.1937 110.1006 111.4894 23.6108 111.9664 111.7490 4.9990 109.8008 109.5905 111.2147 85.3811 112.5298 110.6623 111.3128 5.7190 116.5815 110.5744 110.6505 20.3417 110.2060 0.8639 111.9615 85.3616 110.1374 116.2512 0.9832 110.9874 110.2745 111.4815 0.8079 112.0352
3.6928 109.7014 109.7014 25.0220 92.9676 1.1650 10.1569 6.6056 105.8526 6.3244 9.8690 4.1911 1.4976 4.4657 5.2579 5.1805 6.7143 4.1846 7.5974 109.2284 1.5299 10.1649 109.8438 4.8638 110.3855 23.5753 7.5822 4.4506 6.2938 5.9565 8.1684 8.4017 5.4938 8.7906 4.6183 9.5054 8.5858 6.4511 109.7424 0.0000 6.7208 9.4531 109.7190 106.1315 4.9308 93.8280 8.6650 7.3070 92.9505 105.4397 8.8854 107.2716 8.2703 11.8241 4.0138 111.8147 4.0292 92.5721 16.9840 7.1152 6.2724 4.2837 104.6776 33.5029 94.1508 11.0646 8.2447 109.4700 9.3954 3.9296 8.2178 93.0356 5.4819 5.5781 104.7435 1.8383 3.4195 5.0438 24.0666 6.3588 7.7094 10.3641 104.4224 12.1923 7.7189 8.2720 93.4619 7.8448 109.7014 8.9505 24.7509 3.9665 11.8620 109.8414 4.8164 6.8746 9.1221 110.5739 5.8642
6.2944 112.3030 112.3030 27.6236 95.5692 5.4687 11.0064 1.6892 108.4542 4.9448 11.0044 6.7928 10.3541 0.4188 7.8595 1.7640 8.1170 0.9026 10.1990 111.8300 6.3947 11.1052 112.4455 0.9215 112.9871 26.1769 10.1838 7.0522 7.5173 1.8175 9.1087 9.8457 8.0954 9.7309 7.2199 10.4457 10.0298 0.6689 112.3441 5.1303 0.0000 10.3934 112.3206 108.7331 1.2407 96.4296 9.6053 8.6222 95.5521 108.0413 11.4870 109.8732 9.2106 9.4939 1.2774 114.4163 6.6308 95.1737 19.5857 8.0556 7.6626 6.8853 107.2792 36.1046 96.7525 8.9193 9.1850 112.0716 10.3357 1.1363 9.1581 95.6372 8.0835 1.6619 107.3451 10.6022 1.3289 1.1223 26.6682 0.3134 8.6498 11.2136 107.0241 10.0318 8.6592 9.2123 96.0636 8.7851 112.3030 9.8908 27.3525 1.0050 10.3837 112.4431 1.0269 9.4762 10.0618 113.1755 0.6416
10.5333 112.6827 112.6827 28.0033 95.9489 9.2697 2.2295 8.3554 108.8339 7.4250 2.2274 10.0388 14.0422 9.6852 9.4289 8.5043 3.9399 9.8842 10.3484 112.2097 10.1957 0.9182 112.8252 10.2377 113.3668 26.5566 4.5297 10.0480 3.3402 8.0528 2.1340 4.0560 4.6425 1.3862 10.3596 0.2020 3.5509 9.8877 112.7237 8.9313 10.1574 0.0000 112.7003 109.1128 9.4585 96.8093 1.8918 3.3815 95.9318 108.4210 11.6363 110.2529 2.1956 3.9585 9.5573 114.7960 10.8698 95.5534 7.4471 3.4438 4.6249 10.5372 107.6589 29.9491 97.1322 3.1990 2.1851 112.4513 0.9057 9.1491 2.1834 96.0169 4.6306 8.5186 107.7248 13.0349 8.6390 9.5714 27.0479 9.7954 3.3509 1.4586 107.4037 4.3267 2.6806 3.8926 96.4433 3.4217 112.6827 1.8337 27.7322 9.8117 3.9964 112.8228 10.0352 4.7062 2.0257 113.5552 9.3008
107.0910 0.7559 0.7559 96.2777 19.8239 109.5485 111.0822 112.7531 7.1852 112.4719 110.2140 106.5964 110.7846 110.6133 105.9866 111.3281 110.5922 110.3322 107.0908 0.5792 108.8135 112.7013 0.8754 111.0113 0.7612 85.8683 109.9095 106.6057 112.0525 112.1041 111.5484 109.4358 112.0286 111.5448 106.9172 112.1165 108.6677 112.5987 0.2027 109.2101 112.8684 112.1083 0.0000 6.8220 111.0784 19.8778 111.0017 110.3058 19.8068 4.9439 108.3787 4.1795 111.3054 116.1899 110.1614 8.4695 107.4274 20.2584 115.1791 110.3680 112.7894 107.0948 5.2821 86.0120 19.3871 115.4304 110.5814 0.5067 111.1703 110.0772 111.4660 23.5874 111.9430 111.7256 4.9756 109.7774 109.5671 111.1913 85.3576 112.5064 110.6389 111.2894 5.6955 116.5581 110.5510 110.6271 20.3183 110.1826 0.7558 111.9381 85.3381 110.1140 116.2278 0.8730 110.9640 110.2511 111.4581 0.9687 112.0118
103.5034 6.8044 6.8044 92.6901 16.2364 105.9609 107.4947 109.1656 1.9262 108.8844 106.6265 103.0089 107.1971 107.0257 102.3990 107.7405 107.0047 106.7447 103.5032 6.3313 105.2260 109.1138 6.9468 107.4238 7.4884 82.2807 106.3219 103.0181 108.4650 108.5165 107.9609 105.8482 108.4411 107.9572 103.3297 108.5290 105.0801 109.0112 6.8454 105.6225 109.2809 108.5208 6.8220 0.0000 107.4908 16.2903 107.4141 106.7182 16.2193 1.6512 104.7912 4.9700 107.7179 112.6023 106.5738 13.0143 103.8399 16.6708 111.5915 106.7805 109.2018 103.5073 1.3611 82.4245 15.7995 111.8428 106.9938 6.5730 107.5828 106.4896 107.8785 19.9999 108.3554 108.1381 1.3158 106.1898 105.9795 107.6038 81.7701 108.9189 107.0514 107.7018 1.3624 112.9705 106.9635 107.0396 16.7308 106.5951 6.8044 108.3506 81.7506 106.5265 112.6402 6.9444 107.3765 106.6636 107.8706 7.6769 108.4242
6.5623 112.5709 112.5709 27.8915 95.8370 5.7366 10.0579 4.3615 108.7221 3.2341 10.0559 7.0606 9.7821 1.1569 8.1274 0.6582 7.1686 0.7920 10.4669 112.0979 7.4154 10.1567 112.7133 0.7461 113.2549 26.4447 9.3709 7.3201 6.5689 0.9387 8.1603 8.8972 6.5775 8.7825 7.4878 9.4972 9.0813 0.6727 112.6119 5.3981 1.2407 9.4450 112.5885 109.0010 0.0000 96.6975 8.6569 7.6737 95.8199 108.3092 11.6035 110.1411 8.2621 8.5454 0.7990 114.6842 6.8987 95.4416 15.4183 7.1071 6.7141 7.1532 107.5471 36.3724 97.0203 7.9708 8.2366 112.3395 9.3872 1.0418 8.2097 95.9051 6.5656 0.7831 107.6129 10.0302 1.2510 0.1356 26.9361 1.2925 7.7013 10.2651 107.2919 9.0833 7.7107 8.2638 96.3314 7.8367 112.5709 8.9424 27.6203 0.9100 9.4352 112.7109 0.3146 8.9984 9.1133 113.4434 1.4927
91.1091 20.2266 20.2266 80.2957 0.9328 93.5666 95.1003 96.7712 16.3778 96.4900 94.2321 90.6145 94.8027 94.6313 90.0046 95.3461 94.6103 94.3503 91.1088 19.7536 92.8316 96.7194 20.3690 95.0294 20.9106 69.8864 93.9275 90.6237 96.0706 96.1221 95.5665 93.4538 96.0467 95.5628 90.9353 96.1346 92.6857 96.6168 20.2676 93.2281 96.8865 96.1264 20.2442 16.6567 95.0964 0.0000 95.0197 94.3239 0.7072 15.9649 92.3968 17.7968 95.3235 100.2079 94.1794 22.3399 91.4455 2.3598 99.1971 94.3861 96.8074 91.1129 15.2028 70.0301 0.8443 99.4484 94.5994 19.9952 95.1884 94.0952 95.4841 3.0299 95.9611 95.7437 15.2687 93.7954 93.5852 95.2094 69.3757 96.5245 94.6570 95.3074 14.9476 100.5761 94.5691 94.6452 1.1571 94.2007 20.2266 95.9562 69.3562 94.1321 100.2458 20.3666 94.9821 94.2692 95.4762 21.0991 96.0298
9.4127 111.5621 111.5621 26.8827 94.8282 8.6201 1.2362 7.5675 107.7132 6.6371 1.3472 8.9181 12.9216 9.9232 8.3083 7.7164 1.9996 9.0963 9.2277 111.0890 9.5461 2.4848 111.7045 9.4498 112.2461 25.4359 3.4104 8.9274 2.5515 7.2649 0.6066 2.9367 3.7065 0.7492 9.2390 1.9001 2.3548 9.0998 111.6031 8.2817 9.3695 1.8918 111.5797 107.9921 8.6705 95.6886 0.0000 1.7132 94.8111 107.3004 10.5157 109.1323 0.3788 5.0735 8.7693 113.6754 9.7491 94.4327 8.6758 1.7755 3.8362 9.4165 106.5382 28.8284 96.0115 4.3140 0.4756 111.3307 0.8254 9.1907 0.5242 94.8962 3.6208 7.7307 106.6041 11.9143 7.9894 8.7835 25.9273 9.0075 0.9860 1.8317 106.2831 5.4417 0.9169 2.2242 95.3226 1.7533 111.5621 0.5888 26.6115 9.0238 5.1114 111.7021 9.2473 3.0379 0.3611 112.4346 8.5128
7.9493 110.9009 110.9009 26.2215 94.1670 7.1236 3.3896 6.9387 107.0520 6.0083 3.3875 8.2569 12.2604 7.5390 7.6471 7.0876 0.4362 7.2580 8.5665 110.4278 8.0495 4.2498 111.0433 8.8210 111.5849 24.7747 2.2490 8.2662 1.3395 6.6361 2.5353 2.2289 2.2099 3.0933 8.5778 3.6651 1.4680 8.4710 110.9419 6.7851 8.7407 3.6568 110.9185 107.3309 8.0418 95.0274 1.9885 0.0000 94.1499 106.6391 9.8545 108.4711 2.2923 6.8385 8.1406 113.0142 9.0880 93.7715 11.4751 0.4268 2.8919 8.7553 105.8770 28.1672 95.3503 6.0790 1.2476 110.6695 2.7189 7.0029 2.4528 94.2350 2.1243 7.1019 105.9429 11.2531 6.4929 8.1548 25.2661 8.3787 0.7477 3.5967 105.6219 7.2067 1.2238 0.9585 94.6614 0.8599 110.9009 2.6362 25.9503 7.0398 6.8764 111.0409 8.6185 1.5413 2.4449 111.7734 7.8841
90.2315 20.1556 20.1556 79.4182 0.2310 92.6890 94.2228 95.8937 16.3068 95.6125 93.3546 89.7370 93.9252 93.7538 89.1271 94.4686 93.7328 93.4728 90.2313 19.6826 91.9541 95.8418 20.2980 94.1519 20.8397 69.0088 93.0500 89.7462 95.1931 95.2446 94.6890 92.5763 95.1692 94.6853 90.0578 95.2571 91.8082 95.7393 20.1966 92.3506 96.0090 95.2489 20.1732 16.5857 94.2189 0.7072 94.1422 93.4463 0.0000 15.8939 91.5193 17.7258 94.4460 99.3304 93.3019 22.2689 90.5680 1.3276 98.3196 93.5086 95.9299 90.2354 15.1318 69.1526 1.3061 98.5709 93.7219 19.9242 94.3109 93.2177 94.6065 2.1524 95.0835 94.8662 15.1977 92.9179 92.7076 94.3319 68.4982 95.6470 93.7794 94.4299 14.8766 99.6986 93.6916 93.7677 0.7116 93.3231 20.1556 95.0787 68.4787 93.2546 99.3683 20.2957 94.1046 93.3917 94.5987 21.0281 95.1523
102.8116 4.9263 4.9263 91.9983 15.5446 105.2691 106.8029 108.4738 2.9059 108.1926 105.9347 102.3171 106.5053 106.3339 101.7072 107.0487 106.3129 106.0529 102.8114 4.4533 104.5342 108.4220 5.0687 106.7320 5.6103 81.5889 105.6301 102.3263 107.7732 107.8247 107.2691 105.1564 107.7493 107.2654 102.6379 107.8372 104.3883 108.3194 4.9673 104.9307 108.5891 107.8290 4.9439 1.6512 106.7990 15.5985 106.7223 106.0265 15.5275 0.0000 104.0994 2.4965 107.0261 111.9105 105.8820 8.1697 103.1481 15.9790 110.8997 106.0887 108.5100 102.8155 0.9750 81.7327 15.1078 111.1510 106.3020 4.6949 106.8910 105.7978 107.1867 19.3081 107.6637 107.4463 0.7137 105.4980 105.2878 106.9120 81.0783 108.2271 106.3596 107.0100 1.3431 112.2787 106.2717 106.3478 16.0390 105.9033 4.9263 107.6588 81.0588 105.8347 111.9484 5.0663 106.6847 105.9718 107.1788 5.7988 107.7324
4.8455 105.7048 105.7048 21.0254 88.9709 7.3030 8.5782 10.5077 101.8560 10.2265 7.7100 1.9209 9.7745 8.3678 1.5390 9.0826 8.0882 8.0868 1.4741 105.2318 6.5681 10.1973 105.8472 8.7659 106.3889 19.5787 7.4055 2.0464 9.5485 9.8586 9.0444 6.9317 9.5246 9.0408 1.8238 9.6125 6.1637 10.3533 105.7458 6.9646 10.6230 9.6043 105.7224 102.1349 8.8329 89.8314 8.4977 7.8018 88.9539 101.4431 0.0000 103.2750 8.8014 13.6858 7.9159 107.8181 5.1820 88.5755 12.6751 7.8640 10.2854 2.1162 100.6810 29.5063 90.1542 12.9264 8.0773 105.4734 8.6663 7.8317 8.9620 89.0390 9.4390 9.4802 100.7469 8.7672 7.3216 8.9459 20.0700 10.2610 8.1349 8.7854 100.4258 14.0541 8.0470 8.1231 89.4653 7.6786 105.7048 9.4341 20.7543 7.8686 13.7238 105.8448 8.7186 7.7471 8.9541 106.5773 9.7663
104.6436 1.8954 1.8954 93.8302 17.3765 107.1011 108.6348 110.3057 4.7378 110.0245 107.7666 104.1490 108.3372 108.1659 103.5391 108.8806 108.1448 107.8848 104.6433 3.6888 106.3661 110.2539 4.3043 108.5639 4.8459 83.4209 107.4620 104.1582 109.6051 109.6566 109.1010 106.9883 109.5812 109.0974 104.4698 109.6691 106.2203 110.1513 4.2029 106.7626 110.4210 109.6609 4.1795 5.0167 108.6309 17.4304 108.5542 107.8584 17.3594 2.4965 105.9313 0.0000 108.8580 113.7424 107.7139 10.3718 104.9800 17.8110 112.7316 107.9206 110.3420 104.6474 2.8347 83.5646 16.9397 112.9829 108.1339 3.9305 108.7229 107.6297 109.0186 21.1400 109.4956 109.2782 2.5281 107.3299 107.1197 108.7439 82.9102 110.0590 108.1915 108.8419 3.2481 114.1106 108.1036 108.1797 17.8709 107.7352 4.1619 109.4907 82.8907 107.6666 113.7803 4.3019 108.5166 107.8037 109.0107 5.0344 109.5643
8.9126 111.8658 111.8658 27.1864 95.1320 8.0869 1.9284 7.1726 108.0170 6.2421 1.9263 9.2219 13.2254 8.5023 8.6121 7.3214 2.3034 8.7013 9.5315 111.3928 9.0128 2.7886 112.0083 9.0548 112.5499 25.7397 3.7142 9.2312 2.1573 6.8700 0.3210 3.2405 3.4596 0.6907 9.5427 2.2038 2.6586 8.7049 111.9069 7.7484 8.9745 2.2358 111.8835 108.2959 8.2756 95.9924 0.3788 2.0170 95.1149 107.6041 10.8194 109.4360 0.0000 4.6068 8.3744 113.9791 10.0529 94.7365 8.2092 2.0792 3.4420 9.7203 106.8420 29.1322 96.3153 3.8473 0.7235 111.6345 1.2042 7.9662 0.2385 95.2000 3.4477 7.3357 106.9079 12.2181 7.4562 8.3886 26.2311 8.6126 1.2362 2.1355 106.5869 4.9750 0.7780 2.5280 95.6264 2.0571 111.8658 0.7496 26.9153 8.6288 4.6447 112.0059 8.8524 3.3416 0.7399 112.7383 8.1179
14.5992 116.7486 116.7486 32.0692 100.0147 11.4201 5.1905 7.4603 112.8997 6.5299 5.1885 14.1046 18.1081 9.8160 13.4948 7.6092 6.0903 8.9891 14.4142 116.2755 12.3461 3.7605 116.8910 9.3426 117.4326 30.6224 7.4907 14.1139 5.4906 7.1577 4.2844 7.0170 6.7929 3.8242 14.4255 3.8530 6.5120 8.9926 116.7896 11.0817 9.2623 3.7367 116.7662 113.1786 8.5633 100.8751 4.8529 6.3426 99.9976 112.4869 15.7022 114.3188 4.3862 0.0000 8.6622 118.8619 14.9357 99.6192 8.5731 6.0288 6.7753 14.6030 111.7247 34.2782 101.1980 0.7693 5.1461 116.5172 4.5198 9.0836 4.3338 100.0827 6.7810 7.6235 111.7906 17.1008 9.5364 8.6763 31.1138 8.9003 5.9759 5.3977 111.4696 0.6910 5.6417 6.8536 100.5091 6.3827 116.7486 3.9841 31.7980 8.9166 0.8467 116.8886 9.1401 7.6672 4.1557 117.6211 8.4056
5.1676 111.1763 111.1763 26.4969 94.4424 4.3420 10.6191 3.0721 107.3274 3.7952 10.6170 5.6660 8.8651 1.1647 6.7328 1.1893 7.7297 0.3774 9.0723 110.7032 5.2679 10.7178 111.3187 1.0837 111.8603 25.0501 9.0571 5.9255 7.1300 1.6740 8.7214 9.4584 2.4736 9.3436 6.0932 10.0584 9.6424 0.9469 111.2173 4.0035 1.2774 10.0061 111.1939 107.6064 0.7990 95.3028 9.2180 8.2348 94.4253 106.9146 10.3602 108.7465 8.8232 9.1066 0.0000 113.2896 5.5041 94.0469 18.4589 7.6682 7.2752 5.7586 106.1524 34.9778 95.6257 8.5320 8.7977 110.9449 9.9484 0.4564 8.7708 94.5104 2.5938 1.5301 106.2183 9.1132 0.6655 0.7609 25.5415 1.5393 8.2624 10.8262 105.8973 9.6445 8.2719 8.8250 94.9368 8.3978 111.1763 9.5035 26.2257 0.3246 9.9963 111.3163 0.8513 8.3494 9.6744 112.0488 2.3307
109.1867 9.1146 9.1146 98.3733 21.9196 111.6442 113.1779 114.8488 13.3775 114.5676 112.3097 108.6921 112.8803 112.7090 108.0822 113.4237 112.6879 112.4279 109.1865 7.9788 110.9092 114.7970 9.2570 113.1070 9.1359 87.9640 112.0051 108.7013 114.1482 114.1997 113.6441 111.5314 114.1243 113.6404 109.0129 114.2122 110.7634 114.6944 8.4929 111.3057 114.9641 114.2040 8.4695 13.0143 113.1740 21.9735 113.0973 112.4015 21.9025 8.1697 110.4744 10.3718 113.4011 118.2855 112.2570 0.0000 109.5231 22.3540 117.2747 112.4637 114.8850 109.1905 11.4744 88.1077 21.4828 117.5260 112.6770 8.8832 113.2660 112.1728 113.5617 25.6831 114.0387 113.8213 11.1679 111.8730 111.6628 113.2870 87.4533 114.6021 112.7346 113.3850 11.8878 118.6537 112.6467 112.7228 22.4140 112.2783 9.1146 114.0338 87.4338 112.2097 118.3234 9.2546 113.0597 112.3468 113.5538 9.3244 114.1074
0.8489 107.6024 107.6024 22.9230 90.8686 3.7778 10.7882 7.6091 103.7536 7.3279 9.9200 1.1739 0.9184 5.4693 1.6849 6.1840 7.7179 5.1882 5.4984 107.1294 1.3140 11.1684 107.7449 5.8673 108.2865 21.4763 8.5858 1.2533 7.2974 6.9600 9.1720 9.1417 6.4973 9.7942 1.4770 10.5089 8.3737 7.4547 107.6435 3.4393 7.7244 10.4567 107.6200 104.0325 5.9343 91.7290 9.6686 8.3105 90.8515 103.3407 6.7864 105.1726 9.2738 12.8276 5.0173 109.7157 0.0000 90.4731 14.8851 8.1188 7.2759 1.2754 102.5786 31.4040 92.0518 12.0682 9.2483 107.3710 10.8763 4.9331 9.2214 90.9366 6.4854 6.5816 102.6445 0.8869 4.4231 6.0473 21.9676 7.3624 8.7130 10.9954 102.3234 13.1959 8.7224 10.3331 91.3630 9.8886 107.6024 9.9541 22.6519 4.9700 12.8655 107.7425 5.8200 7.8781 10.1257 108.4749 6.8677
89.9172 20.6071 20.6071 79.1039 1.3227 92.3747 93.9085 95.5794 16.7583 95.2982 93.0402 89.4227 93.6109 93.4395 88.8128 94.1543 93.4185 93.1584 89.9170 20.1341 91.6398 95.5275 20.7496 93.8376 21.2912 68.6945 92.7357 89.4319 94.8787 94.9303 94.3747 92.2620 94.8549 94.3710 89.7435 94.9428 91.4939 95.4250 20.6482 92.0363 95.6947 94.9346 20.6248 17.0372 93.9046 2.3598 93.8279 93.1320 1.3276 16.3454 91.2050 18.1774 94.1317 99.0161 92.9876 22.7204 90.2537 0.0000 98.0053 93.1943 95.6156 89.9211 15.5833 68.8383 1.9588 98.2566 93.4076 20.3758 93.9966 92.9034 94.2922 2.2797 94.7692 94.5519 15.6492 92.6036 92.3933 94.0176 68.1839 95.3327 93.4651 94.1156 15.3282 99.3843 93.3773 93.4534 1.9910 93.0088 20.6071 94.7644 68.1644 92.9403 99.0540 20.7472 93.7902 93.0774 94.2843 21.4796 94.8380
16.2762 118.4256 118.4256 33.7462 101.6917 18.7337 10.7680 18.6053 114.5767 17.6749 12.8489 15.7816 19.7851 19.7985 15.1718 14.9786 13.2271 19.5174 16.0912 117.9525 21.1217 9.2253 118.5680 20.1966 119.1096 32.2994 12.5444 15.7909 11.0680 14.5271 9.8618 12.0706 12.3703 9.4017 16.1025 9.3178 11.3026 15.9289 118.4666 18.3953 16.1986 9.2016 118.4432 114.8556 15.9327 102.5521 10.4303 12.9407 101.6746 114.1639 17.3792 115.9958 9.9637 10.4156 16.0315 120.5389 16.6127 101.2962 0.0000 13.0029 12.3527 16.2800 113.4017 35.9552 102.8750 9.6561 10.7236 118.1942 10.0973 19.2624 9.9112 101.7597 12.3584 18.7684 113.4676 18.7778 18.7523 16.0457 32.7908 15.8366 13.2738 10.9751 113.1466 10.7838 13.1859 13.2620 102.1861 12.8175 118.4256 9.5616 33.4750 19.2993 10.4535 118.5656 16.5095 12.8860 9.7331 119.2981 15.3419
8.8320 110.9814 110.9814 26.3020 94.2475 7.5084 3.4906 7.0398 107.1325 6.1093 3.4885 8.3374 12.3409 7.9239 7.7276 7.1886 0.3575 7.6428 8.6470 110.5083 8.4344 4.3509 111.1238 8.9220 111.6654 24.8552 2.6338 8.3467 0.9272 6.7372 2.6363 2.3299 2.5948 3.1943 8.6583 3.7661 1.4949 8.5720 111.0224 7.1700 8.8417 3.7579 110.9990 107.4114 8.1428 95.1079 2.0895 0.4268 94.2304 106.7196 9.9350 108.5516 2.3933 6.9395 8.2416 113.0947 9.1685 93.8520 11.5556 0.0000 2.5789 8.8358 105.9575 28.2477 95.4308 6.1800 1.2745 110.7500 2.8199 7.3878 2.5539 94.3155 2.5091 7.2029 106.0234 11.3336 6.8777 8.2558 25.3466 8.4797 0.7746 3.6977 105.7024 7.3077 1.2077 0.5316 94.7419 0.4331 110.9814 2.7372 26.0308 8.4960 6.9774 111.1214 8.7195 1.9262 2.5460 111.8539 7.9851
6.9147 112.7349 112.7349 28.0555 96.0010 6.0890 5.2441 5.7069 108.8861 4.7765 5.2421 7.4130 10.4724 6.5044 8.4798 5.8558 2.3547 6.2234 10.4005 112.2619 7.0149 5.3429 112.8773 6.9025 113.4189 26.6088 3.5502 7.6725 1.1688 5.4043 3.3464 4.0834 1.0376 3.9687 7.8402 4.6834 4.2675 7.2392 112.7759 5.7505 7.5089 4.6311 112.7525 109.1650 6.8099 96.8615 3.8431 2.8599 95.9840 108.4732 11.6885 110.3051 3.4483 7.0021 6.9088 114.8482 7.2511 95.6056 10.6045 2.2933 0.0000 7.5056 107.7111 30.0013 97.1843 6.2426 3.4227 112.5035 4.5734 5.9683 3.3958 96.0691 1.2285 5.8701 107.7770 13.0871 5.4583 6.9229 27.1001 7.1469 2.8875 5.4513 107.4559 7.3703 2.8969 1.7921 96.4954 3.0228 112.7349 4.1285 27.7844 6.0052 7.0400 112.8749 7.3867 2.8425 4.2995 113.6074 6.6522
0.9701 107.0679 107.0679 22.3885 90.3341 4.0754 10.2537 7.9067 103.2191 7.6255 9.3855 0.6214 2.3026 5.7669 1.0920 6.4816 8.0155 5.4858 1.5501 106.5949 2.7046 11.8728 107.2104 6.1649 107.7520 20.9418 9.0810 0.8851 7.5950 7.2577 9.4696 8.6073 6.7949 10.7163 0.3621 11.2880 7.8392 7.7523 107.1090 3.7370 8.0220 11.2798 107.0856 103.4980 6.2319 91.1945 10.1732 9.4773 90.3170 102.8062 2.1162 104.6381 10.4770 15.3614 5.3150 109.1812 1.3185 89.9386 14.3506 8.4164 7.5735 0.0000 102.0441 30.8695 91.5174 14.6019 9.7529 106.8366 10.3418 5.2308 9.5190 90.4021 6.7830 6.8792 102.1100 2.2712 4.7207 6.3449 21.4332 7.6600 9.8104 10.4609 101.7890 15.7296 9.7225 9.7986 90.8285 9.3541 107.0679 11.1096 22.1174 5.2676 15.3993 107.2080 6.1176 8.1757 10.6296 107.9404 7.1654
102.0495 5.2645 5.2645 91.2362 14.7825 104.5070 106.0408 107.7117 1.4811 107.4305 105.1726 101.5550 105.7432 105.5718 100.9451 106.2866 105.5508 105.2908 102.0493 4.7914 103.7721 107.6599 5.4069 105.9699 5.9485 80.8268 104.8680 101.5642 107.0111 107.0626 106.5070 104.3943 106.9872 106.5033 101.8758 107.0751 103.6262 107.5573 5.3055 104.1686 107.8270 107.0669 5.2821 1.3611 106.0369 14.8364 105.9602 105.2643 14.7654 0.9750 103.3373 2.8347 106.2640 111.1484 105.1199 11.4744 102.3860 15.2169 110.1376 105.3266 107.7479 102.0534 0.0000 80.9706 14.3456 110.3889 105.5399 5.0331 106.1289 105.0357 106.4245 18.5460 106.9015 106.6842 0.3142 104.7359 104.5256 106.1499 80.3162 107.4650 105.5974 106.2479 0.4202 111.5166 105.5096 105.5857 15.2769 105.1411 5.2645 106.8967 80.2967 105.0726 111.1863 5.4045 105.9226 105.2097 106.4166 6.1370 106.9703
30.8009 87.3907 87.3907 19.9876 70.6568 33.2584 29.5596 34.4478 83.5419 33.5174 28.6914 30.3063 34.4946 34.3232 29.6965 34.5967 29.0696 34.0421 30.8007 86.9177 32.5234 31.1787 87.5331 34.7213 88.0747 9.0679 28.3869 30.3156 30.5299 34.1452 30.0259 27.9132 30.5061 30.0222 30.6272 30.5939 27.1451 36.3086 87.4317 32.9200 36.5783 30.5857 87.4083 83.8208 34.7883 71.5173 29.4791 28.7832 70.6398 83.1290 32.0887 84.9609 29.7829 34.8992 33.8713 89.5040 31.1374 70.2614 33.8884 28.8455 31.2668 30.8047 82.3669 0.0000 71.8401 34.1397 29.0588 87.1593 29.6478 33.7871 29.9434 70.7249 30.4204 34.6110 82.4328 33.4873 33.2770 34.9012 8.5573 36.2163 29.1163 29.7668 82.1117 35.2674 29.0285 29.1046 71.1512 28.6600 87.3907 30.4156 8.5378 33.8239 34.9371 87.5307 34.6739 28.7286 29.9355 88.2632 35.7217
91.4336 19.7359 19.7359 80.6203 1.5252 93.8911 95.4248 97.0957 15.8870 96.8146 94.5566 90.9390 95.1273 94.9559 90.3292 95.6707 94.9348 94.6748 91.4334 19.2628 93.1561 97.0439 19.8783 95.3539 20.4199 70.2109 94.2521 90.9483 96.3951 96.4467 95.8911 93.7784 96.3713 95.8874 91.2599 96.4591 93.0103 96.9413 19.7769 93.5527 97.2110 96.4509 19.7535 16.1659 95.4210 0.8443 95.3443 94.6484 1.3061 15.4742 92.7213 17.3061 95.6481 100.5325 94.5040 21.8492 91.7701 1.9588 99.5217 94.7107 97.1320 91.4374 14.7120 70.3546 0.0000 99.7730 94.9240 19.5045 95.5129 94.4198 95.8086 3.3601 96.2856 96.0682 14.7779 94.1200 93.9097 95.5339 69.7003 96.8490 94.9815 95.6320 14.4569 100.9007 94.8936 94.9697 2.0196 94.5252 19.7359 96.2807 69.6808 94.4566 100.5704 19.8759 95.3066 94.5937 95.8007 20.6084 96.3544
14.0246 116.1740 116.1740 31.4946 99.4401 10.8455 4.6159 6.8857 112.3251 5.9553 4.6139 13.5301 17.5335 9.2414 12.9202 7.0346 5.5157 8.4145 13.8396 115.7009 11.7715 3.1859 116.3164 8.7680 116.8580 30.0478 6.9161 13.5393 4.9160 6.5831 3.7098 6.4424 6.2183 3.2496 13.8509 3.2784 5.9374 8.4180 116.2150 10.5071 8.6877 3.1621 116.1916 112.6041 7.9888 100.3006 4.2783 5.7680 99.4230 111.9123 15.1276 113.7442 3.8116 0.7693 8.0876 118.2873 14.3611 99.0447 7.9985 5.4542 6.2007 14.0285 111.1501 33.7036 100.6234 0.0000 4.5716 115.9426 3.9452 8.5090 3.7592 99.5082 6.2064 7.0489 111.2160 16.5262 8.9618 8.1017 30.5392 8.3257 5.4013 4.8231 110.8950 1.3034 5.0671 6.2790 99.9345 5.8081 116.1740 3.4095 31.2234 8.3420 1.7543 116.3140 8.5655 7.0927 3.5811 117.0465 7.8311
8.9924 111.1417 111.1417 26.4624 94.4079 8.1998 1.4937 7.1472 107.2929 6.2168 1.2784 8.4978 12.5013 9.5029 7.8880 7.2961 1.4980 8.6760 8.8074 110.6687 9.1258 2.7781 111.2842 9.0295 111.8258 25.0156 2.9901 8.5071 2.1245 6.8446 0.9490 2.5164 3.2861 1.2248 8.8186 2.1933 1.9345 8.6795 111.1828 7.8614 8.9492 2.1851 111.1594 107.5718 8.2502 95.2683 0.4756 1.2476 94.3908 106.8800 10.0953 108.7119 0.7235 5.3667 8.3490 113.2550 9.3288 94.0124 8.9691 1.2745 3.4159 8.9962 106.1179 28.4081 95.5912 4.6072 0.0000 110.9104 1.2224 8.7704 0.8689 94.4759 3.2005 7.3103 106.1838 11.4940 7.5691 8.3632 25.5070 8.5872 0.5463 2.1250 105.8628 5.7349 0.4772 1.4144 94.9023 1.2626 111.1417 1.0643 26.1912 8.6035 5.4046 111.2818 8.8270 2.6175 0.8367 112.0142 8.0925
106.8420 0.4602 0.4602 96.0287 19.5749 109.2995 110.8332 112.5041 6.9362 112.2229 109.9650 106.3474 110.5356 110.3643 105.7376 111.0790 110.3432 110.0832 106.8418 0.9163 108.5645 112.4523 0.3687 110.7623 1.0522 85.6193 109.6605 106.3567 111.8035 111.8551 111.2994 109.1867 111.7796 111.2958 106.6682 111.8675 108.4187 112.3497 0.6168 108.9610 112.6194 111.8593 0.5067 6.5730 110.8293 19.6288 110.7526 110.0568 19.5578 4.6949 108.1297 3.9305 111.0564 115.9408 109.9124 8.8832 107.1784 20.0094 114.9301 110.1190 112.5404 106.8458 5.0331 85.7630 19.1381 115.1814 110.3323 0.0000 110.9213 109.8281 111.2170 23.3384 111.6940 111.4766 4.7266 109.5284 109.3181 110.9423 85.1086 112.2574 110.3899 111.0404 5.4465 116.3091 110.3020 110.3781 20.0693 109.9336 0.4602 111.6891 85.0891 109.8650 115.9787 0.3663 110.7150 110.0021 111.2091 1.3828 111.7627
9.5954 111.7447 111.7447 27.0654 95.0109 9.3028 0.9119 8.2979 107.8959 7.3674 1.1929 9.1008 13.1043 9.7183 8.4910 8.4467 2.7300 9.8266 9.4104 111.2717 10.2288 1.6837 111.8872 10.1801 112.4288 25.6186 3.5917 9.1101 3.3733 7.9953 1.2690 3.1180 4.4368 0.7147 9.4216 0.9069 2.6130 9.8301 111.7858 8.9644 10.0998 0.9057 111.7624 108.1748 9.4009 95.8713 0.8254 2.4436 94.9938 107.4830 10.6983 109.3149 1.2042 4.7404 9.4997 113.8580 9.9318 94.6154 8.3428 2.5058 4.6580 9.5992 106.7209 29.0111 96.1942 3.9809 1.2224 111.5134 0.0000 9.1822 1.2750 95.0789 4.3512 8.4610 106.7868 12.0970 8.6721 9.5139 26.1100 9.7378 2.4130 1.1060 106.4658 5.1086 1.7426 2.9546 95.5053 2.4837 111.7447 0.8752 26.7942 9.7541 4.7783 111.8848 9.9776 3.7682 0.7346 112.6172 9.2432
5.1884 111.1970 111.1970 26.5176 94.4632 4.3627 11.0405 3.1697 107.3482 4.2166 11.0384 5.6868 9.2482 1.0237 6.7535 1.4841 8.1511 0.5049 9.0930 110.7240 5.2887 11.1393 111.3395 1.1162 111.8811 25.0709 9.0778 5.9462 7.5514 1.7816 9.1428 9.8798 6.9894 9.7650 6.1139 10.4798 10.0638 0.9335 111.2381 4.0243 1.1363 10.4275 111.2147 107.6271 1.0418 95.3236 9.6394 8.6562 94.4461 106.9353 10.3810 108.7672 9.2446 9.5280 0.4564 113.3103 5.5249 94.0677 18.4797 8.0896 7.6966 5.7793 106.1732 34.9986 95.6465 8.9534 9.2191 110.9657 10.3698 0.0000 9.1922 94.5312 6.9775 1.6260 106.2391 9.4963 0.5262 0.9877 25.5623 1.3983 8.6838 11.2476 105.9181 10.0659 8.6933 9.2464 94.9576 8.8192 111.1970 9.9249 26.2465 0.1642 10.4177 111.3371 0.9472 8.3702 10.0959 112.0695 1.6056
8.8601 112.0264 112.0264 27.3470 95.2925 8.0344 2.0889 7.1201 108.1776 6.1897 2.0868 9.3825 13.3859 8.4499 8.7726 7.2690 2.7046 8.6489 9.6920 111.5534 8.9604 2.8952 112.1688 9.0024 112.7104 25.9003 3.8748 9.3917 2.1049 6.8175 0.1906 3.4011 3.4072 0.5603 9.7033 2.3644 2.8191 8.6524 112.0674 7.6960 8.9221 2.1834 112.0440 108.4565 8.2232 96.1530 0.5242 2.1775 95.2754 107.7647 10.9800 109.5966 0.2385 4.5544 8.3220 114.1397 9.1966 94.8971 8.1567 2.2398 3.3896 9.8809 107.0026 29.2927 96.4758 3.7949 0.8689 111.7950 1.2750 7.9138 0.0000 95.3606 3.3953 7.2833 107.0685 12.3786 7.4037 8.3361 26.3916 8.5601 1.3816 2.2960 106.7474 4.9226 0.9234 2.6886 95.7869 2.2177 112.0264 0.6192 27.0759 8.5764 4.5923 112.1664 8.7999 3.5022 0.7310 112.8989 8.0655
90.2975 22.0076 22.0076 79.4842 1.9230 92.7550 94.2887 95.9596 18.1588 95.6784 93.4205 89.8029 93.9911 93.8198 89.1931 94.5345 93.7987 93.5387 90.2973 21.5346 92.0200 95.9078 22.1500 94.2178 22.6917 69.0748 93.1159 89.8122 95.2590 95.3105 94.7549 92.6422 95.2351 94.7513 90.1237 95.3230 91.8742 95.8052 22.0486 92.4165 96.0749 95.3148 22.0252 18.4377 94.2848 2.9069 94.2081 93.5123 2.0660 17.7459 91.5852 19.5778 94.5119 99.3963 93.3678 24.1209 90.6339 2.2156 98.3856 93.5745 95.9959 90.3013 16.9838 69.2185 3.3601 98.6368 93.7878 21.7762 94.3768 93.2836 94.6725 0.0000 95.1495 94.9321 17.0497 92.9838 92.7736 94.3978 68.5641 95.7129 93.8454 94.4958 16.7286 99.7646 93.7575 93.8336 1.2100 93.3891 22.0076 95.1446 68.5446 93.3205 99.4342 22.1476 94.1705 93.4576 94.6646 22.8801 95.2182
6.1242 111.3019 111.3019 26.6225 94.5680 5.2985 5.0219 6.8489 107.4530 5.9185 4.6863 6.6225 9.6820 5.7140 7.6893 6.9978 1.8918 5.4329 8.9675 110.8288 6.2245 5.3424 111.4443 6.1120 111.9859 25.1757 2.3995 6.8820 1.4452 6.5463 3.3459 3.2190 0.3783 3.9681 7.0497 4.6829 3.4031 7.6994 111.3429 4.9601 7.9691 4.6306 111.3195 107.7320 6.1790 95.4284 3.6208 2.1243 94.5509 107.0402 10.2555 108.8721 3.4477 7.0016 5.2620 113.4152 6.4606 94.1725 12.6859 2.2927 1.2285 6.7151 106.2780 29.3780 95.7513 6.2421 3.2005 111.0705 4.3512 5.1778 3.3953 94.6361 0.0000 7.0121 106.3439 11.6541 4.6678 6.2920 25.6671 7.6071 2.8869 5.2290 106.0229 7.3698 3.1702 3.2278 95.0624 2.8006 111.3019 4.1280 26.3513 5.2147 7.0395 111.4419 6.0647 1.6919 4.0772 112.1744 7.1124
7.8669 113.8755 113.8755 29.1961 97.1417 7.0412 8.1558 2.1321 110.0267 1.2192 8.1538 8.3652 11.0867 1.6768 9.4320 0.3801 5.2665 1.3473 11.7715 113.4025 8.7201 8.2546 114.0179 0.9488 114.5596 27.7494 7.4688 8.6247 4.6668 0.1765 6.2581 6.9951 4.6754 6.8804 8.7924 7.5951 7.1792 1.0369 113.9165 6.7028 1.6619 7.5429 113.8931 110.3056 0.7831 98.0021 6.7548 5.7716 97.1246 109.6138 12.9081 111.4457 6.3600 6.6433 1.5301 115.9888 8.2033 96.7462 13.5162 5.2050 4.8120 8.4578 108.8517 32.9130 98.3249 6.0687 6.3345 113.6441 7.4851 1.6260 6.3076 97.2097 4.6635 0.0000 108.9176 11.3348 1.9288 0.8089 28.2407 1.3585 5.7992 8.3630 108.5965 7.1812 5.8086 6.3617 97.6360 5.9346 113.8755 7.0402 28.9250 1.4947 7.5331 114.0155 0.6788 7.0963 7.2112 114.7480 1.5563
102.1154 4.9579 4.9579 91.3021 14.8484 104.5729 106.1067 107.7776 2.2096 107.4964 105.2384 101.6209 105.8091 105.6377 101.0110 106.3525 105.6166 105.3566 102.1152 4.4849 103.8379 107.7257 5.1004 106.0358 5.6420 80.8927 104.9339 101.6301 107.0769 107.1285 106.5729 104.4602 107.0531 106.5692 101.9417 107.1410 103.6921 107.6231 4.9990 104.2345 107.8929 107.1327 4.9756 1.3158 106.1028 14.9023 106.0261 105.3302 14.8313 0.7137 103.4032 2.5281 106.3299 111.2143 105.1858 11.1679 102.4519 15.2828 110.2035 105.3925 107.8138 102.1193 0.3142 81.0365 14.4115 110.4548 105.6058 4.7266 106.1948 105.1016 106.4904 18.6118 106.9674 106.7501 0.0000 104.8018 104.5915 106.2158 80.3821 107.5309 105.6633 106.3138 0.6392 111.5825 105.5755 105.6516 15.3427 105.2070 4.9579 106.9626 80.3626 105.1385 111.2522 5.0980 105.9884 105.2756 106.4825 5.8304 107.0362
1.6289 110.0979 110.0979 25.4185 93.3641 7.1602 12.9714 10.1600 106.2491 10.7836 12.1031 1.9447 0.5398 9.5899 2.5354 9.6397 12.4813 8.5706 2.6866 109.6249 1.8888 14.5904 110.2404 9.1165 110.7820 23.9718 11.7986 2.0241 10.6798 10.4157 13.4376 11.3249 9.8798 13.4339 2.0151 14.0057 10.5568 10.0857 110.1390 1.8383 10.3554 13.9974 110.1156 106.5280 9.3899 94.2245 12.8908 12.1949 93.3470 105.8362 4.3931 107.6681 13.1946 18.0790 8.4730 112.2112 0.8869 92.9686 17.0682 12.2572 10.6583 2.2712 105.0741 33.8995 94.5474 17.3195 12.4705 109.8666 13.0595 8.3156 13.3551 93.4321 9.8679 10.0372 105.1400 0.0000 7.8055 9.5029 24.4632 9.9934 12.5280 13.1785 104.8190 18.4472 12.4402 12.5163 93.8585 12.0717 110.0979 13.8273 25.1474 8.7274 18.1169 110.2380 9.0691 12.1403 13.3472 110.9704 9.4987
4.3506 110.3592 110.3592 25.6798 93.6254 3.5249 10.8148 3.4369 106.5104 3.8651 10.5269 4.8490 8.4104 1.2163 5.9157 2.7212 7.3722 0.7382 8.2552 109.8862 4.4509 10.8227 110.5017 1.4190 111.0433 24.2331 8.2400 5.1084 6.9517 3.4972 8.8262 9.0595 2.5389 9.4485 5.2761 10.1632 9.2436 1.2363 110.4003 3.1865 1.3289 10.1110 110.3768 106.7893 1.2510 94.4858 9.3229 7.9648 93.6083 106.0975 9.5432 107.9294 8.9281 9.1764 0.6655 112.4725 4.6871 93.2299 17.6419 7.7731 6.9302 4.9415 105.3354 34.1608 94.8087 8.6018 8.9025 110.1278 10.0532 0.5262 8.8756 93.6934 6.1397 3.1188 105.4013 8.6585 0.0000 1.2129 24.7244 1.6006 8.3673 11.0219 105.0802 9.7143 8.3767 8.9298 94.1198 8.5026 110.3592 9.6083 25.4087 0.5251 10.0662 110.4993 1.2500 7.5324 9.7799 111.2317 2.6955
6.6752 112.6839 112.6839 28.0045 95.9500 5.8495 10.1709 4.4745 108.8350 3.3470 10.1689 7.1736 9.8951 1.0385 8.2403 0.7302 7.2815 0.7090 10.5799 112.2108 7.5284 10.2697 112.8263 0.6412 113.3679 26.5577 9.4839 7.4330 6.6818 0.9645 8.2732 9.0102 6.6905 8.8955 7.6007 9.6102 9.1943 0.5678 112.7249 5.5111 1.1223 9.5579 112.7015 109.1139 0.1356 96.8104 8.7698 7.7867 95.9329 108.4221 11.7165 110.2541 8.3751 8.6584 0.7609 114.7972 7.0117 95.5545 15.5313 7.2201 6.8271 7.2662 107.6600 36.4854 97.1333 8.0838 8.3495 112.4525 9.5002 0.9877 8.3226 96.0180 6.6786 0.8089 107.7259 10.1432 1.2129 0.0000 27.0491 1.1877 7.8143 10.3781 107.4049 9.1963 7.8237 8.3768 96.4444 7.9496 112.6839 9.0553 27.7333 0.8564 9.5482 112.8239 0.2175 9.1113 9.2263 113.5564 1.3878
22.0661 85.8479 85.8479 1.7586 69.1141 24.5236 26.0574 27.7283 81.9991 27.4471 25.1891 21.5716 25.7598 25.5884 20.9617 26.3032 25.5674 25.3074 22.0659 85.3749 23.7887 27.6764 85.9904 25.9865 86.5320 0.4370 24.8846 21.5808 27.0276 27.0792 26.5236 24.4109 27.0038 26.5199 21.8924 27.0917 23.6428 27.5739 85.8890 24.1852 27.8436 27.0835 85.8656 82.2780 26.0535 69.9745 25.9768 25.2809 69.0970 81.5862 23.3539 83.4182 26.2806 31.1650 25.1365 87.9613 22.4026 68.7186 30.1542 25.3432 27.7645 22.0700 80.8241 9.1241 70.2974 30.4055 25.5565 85.6166 26.1455 25.0523 26.4411 69.1821 26.9181 26.7008 80.8900 24.7525 24.5422 26.1665 0.0000 27.4816 25.6140 26.2645 80.5690 31.5332 25.5262 25.6023 69.6085 25.1577 85.8479 26.9133 0.9462 25.0892 31.2029 85.9880 25.9391 25.2263 26.4333 86.7205 26.9869
5.9324 111.9410 111.9410 27.2616 95.2072 5.1067 10.6444 1.4150 108.0922 4.5828 10.6424 6.4308 9.9921 0.6905 7.4975 1.4606 7.7550 1.1645 9.8370 111.4680 6.0327 10.7432 112.0835 0.6181 112.6251 25.8149 9.8218 6.6902 7.1553 1.5142 8.7467 9.4837 7.7334 9.3690 6.8579 10.0837 9.6678 0.6198 111.9821 4.7683 0.3134 10.0314 111.9586 108.3711 1.2925 96.0676 9.2433 8.2602 95.1901 107.6793 11.1250 109.5112 8.8486 9.1319 1.8737 114.0543 6.2689 94.8117 19.2237 7.6936 7.3006 6.5233 106.9172 35.7426 96.3905 8.5573 8.8230 111.7096 9.9737 1.3983 8.7961 95.2752 7.7215 1.3585 106.9831 10.2402 2.3872 1.1877 26.3062 0.0000 8.2878 10.8516 106.6621 9.6698 8.2972 8.8503 95.7016 8.4231 111.9410 9.5288 26.9905 1.2670 10.0217 112.0811 0.9779 9.1142 9.6998 112.8135 0.3674
9.0499 111.1993 111.1993 26.5199 94.4654 7.5261 3.0837 6.6117 107.3505 5.6813 1.7510 8.5554 12.5588 7.9415 7.9455 6.7606 0.9981 8.1405 8.8649 110.7263 8.4520 3.9439 111.3417 8.4940 111.8833 25.0732 3.0477 8.5646 1.5965 6.3091 1.4617 2.5740 2.8988 2.7874 8.8762 3.3592 1.3438 8.1440 111.2403 7.1876 8.4137 3.3509 111.2169 107.6294 7.7148 95.3259 0.9860 0.7477 94.4484 106.9376 10.1529 108.7695 1.2362 6.1965 7.8136 113.3126 9.3864 94.0700 11.7735 0.7746 2.8812 9.0538 106.1755 28.4657 95.6487 5.4370 0.5463 110.9679 2.4130 7.4054 1.3816 94.5335 2.8869 6.7749 106.2414 11.5515 6.8953 7.8278 25.5645 8.0517 0.0000 3.2908 105.9203 6.5647 0.5015 0.9182 94.9598 0.7627 111.1993 1.5748 26.2488 8.0680 6.2344 111.3393 8.2915 2.6751 1.3471 112.0718 7.5571
9.7144 111.8638 111.8638 27.1844 95.1299 10.1807 0.7625 9.1757 108.0149 8.2453 1.3407 9.2199 13.2233 10.5962 8.6100 9.3246 3.6078 10.7045 9.5294 111.3907 11.1067 3.0296 112.0062 11.0580 112.5478 25.7376 3.7107 9.2291 4.2511 8.8731 2.3785 3.2370 5.3147 1.8731 9.5407 1.4597 2.7320 10.7080 111.9048 9.8423 10.9777 1.4586 111.8814 108.2939 10.2787 95.9903 1.8317 3.3214 95.1128 107.6021 10.8174 109.4340 2.1355 5.6183 10.3775 113.9771 10.0509 94.7344 9.2206 3.3837 5.5358 9.7183 106.8399 29.1301 96.3132 4.8588 2.1250 111.6324 1.1060 10.0601 2.2960 95.1979 5.2290 9.3389 106.9058 12.2160 9.5500 10.3917 26.2290 10.6157 3.2908 0.0000 106.5848 5.9865 2.6205 3.8325 95.6243 3.3616 111.8638 2.2665 26.9132 10.6320 5.6562 112.0038 10.8555 4.0524 1.9235 112.7363 10.1210
101.7944 5.6779 5.6779 90.9811 14.5273 104.2519 105.7856 107.4565 1.2413 107.1754 104.9174 101.2998 105.4881 105.3167 100.6900 106.0315 105.2956 105.0356 101.7942 5.2049 103.5169 107.4047 5.8204 105.7147 6.3620 80.5717 104.6129 101.3091 106.7559 106.8075 106.2519 104.1392 106.7321 106.2482 101.6207 106.8199 103.3711 107.3021 5.7190 103.9135 107.5718 106.8117 5.6955 1.3624 105.7818 14.5812 105.7051 105.0092 14.5102 1.3431 103.0821 3.2481 106.0089 110.8933 104.8648 11.8878 102.1308 14.9618 109.8825 105.0714 107.4928 101.7982 0.4202 80.7154 14.0905 110.1338 105.2848 5.4465 105.8737 104.7806 106.1694 18.2908 106.6464 106.4290 0.6392 104.4808 104.2705 105.8947 80.0611 107.2098 105.3423 105.9928 0.0000 111.2615 105.2544 105.3305 15.0217 104.8860 5.6779 106.6415 80.0415 104.8174 110.9312 5.8180 105.6674 104.9545 106.1615 6.5504 106.7152
15.1028 117.2521 117.2521 32.5728 100.5183 11.9581 5.7285 7.9982 113.4033 7.0678 5.7264 14.6082 18.6117 10.3539 13.9984 8.1471 6.6282 9.5270 14.9178 116.7791 12.8840 4.2640 117.3946 9.8805 117.9362 31.1260 8.0287 14.6175 6.0285 7.6956 4.8223 7.5549 7.3308 4.3622 14.9290 4.3565 7.0499 9.5305 117.2932 11.6196 9.8002 4.2403 117.2698 113.6822 9.1013 101.3787 5.3908 6.8805 100.5012 112.9904 16.2057 114.8224 4.9241 0.6910 9.2001 119.3654 15.4392 100.1228 9.0767 6.5667 7.3132 15.1066 112.2283 34.7818 101.7016 1.3034 5.6841 117.0208 5.0577 9.6215 4.8717 100.5863 7.3189 8.1614 112.2942 17.6044 10.0744 9.2143 31.6174 9.4382 6.5138 5.9356 111.9732 0.0000 6.1796 7.3915 101.0127 6.9206 117.2521 4.5220 32.3016 9.4545 0.4607 117.3922 9.6780 8.2052 4.6936 118.1246 8.9436
8.9621 111.1114 111.1114 26.4320 94.3776 7.5355 2.4134 7.1169 107.2626 6.1864 2.4113 8.4675 12.4709 7.9510 7.8576 7.2657 1.3229 8.6456 8.7771 110.6384 8.4615 3.2736 111.2539 8.9991 111.7955 24.9853 2.9598 8.4767 1.6059 6.8143 1.0035 2.4861 3.2558 1.3733 8.7883 2.6888 1.9457 8.6492 111.1525 7.1971 8.9188 2.6806 111.1290 107.5415 8.2199 95.2380 0.9169 1.2238 94.3605 106.8497 10.0650 108.6816 0.7780 5.8622 8.3187 113.2247 9.2985 93.9821 9.4646 1.2077 2.8906 8.9659 106.0876 28.3778 95.5609 5.1028 0.4772 110.8800 1.7426 7.4149 0.9234 94.4456 3.1702 7.2800 106.1535 11.4637 6.9048 8.3329 25.4766 8.5568 0.5015 2.6205 105.8325 6.2304 0.0000 0.9760 94.8720 0.8448 111.1114 1.4322 26.1609 8.5731 5.9001 111.2515 8.7967 2.5872 1.2780 111.9839 8.0622
8.6833 111.4594 111.4594 26.7800 94.7255 7.8576 4.3119 5.8533 107.6105 4.9228 4.3099 8.8154 12.8189 8.2090 8.2056 6.0021 0.6468 7.3820 9.1250 110.9863 8.7836 4.3199 111.6018 7.7355 112.1434 25.3332 3.3077 8.8247 0.6464 5.5507 2.3234 2.8340 1.6957 2.9456 9.6088 3.6604 2.2937 7.3855 111.5004 7.5192 7.6552 3.6081 111.4770 107.8894 6.9563 95.5859 1.9427 0.9585 94.7084 107.1976 10.4130 109.0296 2.4252 5.9791 7.0551 113.5726 9.0198 94.3300 9.5815 0.5316 2.6638 9.2742 106.4355 28.7257 95.9088 5.2196 1.4144 111.2280 2.6730 7.4765 2.3728 94.7935 3.2185 6.0164 106.5014 11.8116 7.2269 7.0693 25.8246 7.2932 0.9182 4.5191 106.1804 6.3473 0.9760 0.0000 95.2199 0.2014 111.4594 3.1055 26.5088 7.3095 6.0170 111.5994 7.5330 2.9352 3.2771 112.3319 6.7986
90.7430 20.6671 20.6671 79.9297 0.5511 93.2005 94.7343 96.4052 16.8183 96.1240 93.8660 90.2485 94.4367 94.2653 89.6386 94.9801 94.2442 93.9842 90.7428 20.1941 92.4655 96.3533 20.8095 94.6634 21.3511 69.5203 93.5615 90.2577 95.7045 95.7561 95.2005 93.0878 95.6807 95.1968 90.5693 95.7686 92.3197 96.2507 20.7081 92.8621 96.5204 95.7603 20.6847 17.0972 94.7304 1.1571 94.6537 93.9578 0.7116 16.4054 92.0308 18.2373 94.9575 99.8419 93.8134 22.7804 91.0795 1.9910 98.8311 94.0201 96.4414 90.7469 15.6433 69.6641 2.0196 99.0824 94.2334 20.4357 94.8224 93.7292 95.1180 1.2100 95.5950 95.3777 15.7091 93.4294 93.2191 94.8434 69.0097 96.1584 94.2909 94.9414 15.3881 100.2101 94.2031 94.2792 0.0000 93.8346 20.6671 95.5902 68.9902 93.7661 99.8798 20.8071 94.6160 93.9032 95.1101 21.5396 95.6638
8.6264 111.3389 111.3389 26.6596 94.6051 7.8007 3.2233 5.7964 107.4901 4.8660 3.2213 8.6950 12.6985 8.1521 8.0852 5.9452 0.5483 7.3252 9.0046 110.8659 8.7267 4.2630 111.4814 7.6786 112.0230 25.2128 3.1873 8.7043 0.8449 5.4938 2.2665 2.7136 3.1735 2.8887 9.5519 3.6035 2.1733 7.3287 111.3800 7.4623 7.5984 3.5512 111.3566 107.7690 6.8994 95.4655 1.8222 0.8599 94.5880 107.0772 10.2926 108.9091 1.5455 5.9222 6.9982 113.4522 8.9629 94.2096 9.5246 0.4331 2.6069 9.2173 106.3151 28.6053 95.7884 5.1627 1.2626 111.1076 2.5526 7.4196 2.3159 94.6731 3.1616 5.9595 106.3810 11.6912 7.1700 7.0124 25.7042 7.2364 0.7627 3.4305 106.0600 6.2904 0.8448 0.2014 95.0995 0.0000 111.3389 3.0486 26.3884 7.2527 5.9601 111.4790 7.4762 2.8148 2.2787 112.2114 6.7417
107.0734 0.0000 0.0000 96.2600 19.8063 109.5309 111.0646 112.7355 7.1676 112.4543 110.1964 106.5788 110.7670 110.5956 105.9689 111.3104 110.5746 110.3146 107.0731 1.1303 108.7959 112.6837 0.6707 110.9937 1.4347 85.8507 109.8918 106.5880 112.0349 112.0864 111.5308 109.4181 112.0110 111.5271 106.8996 112.0989 108.6500 112.5811 0.8639 109.1924 112.8508 112.0907 0.7558 6.8044 111.0607 19.8602 110.9840 110.2882 19.7892 4.9263 108.3611 4.1619 111.2878 116.1722 110.1437 9.1146 107.4098 20.2407 115.1614 110.3504 112.7717 107.0772 5.2645 85.9944 19.3695 115.4127 110.5637 0.4602 111.1527 110.0595 111.4484 23.5698 111.9254 111.7080 4.9579 109.7597 109.5495 111.1737 85.3400 112.4888 110.6213 111.2717 5.6779 116.5404 110.5334 110.6095 20.3007 110.1650 0.0000 111.9205 85.3205 110.0964 116.2101 0.6683 110.9464 110.2335 111.4405 1.6953 111.9941
10.3632 112.5125 112.5125 27.8332 95.7787 8.7671 1.4477 7.8528 108.6637 6.9224 2.0573 9.8686 13.8721 9.1826 9.2588 8.0017 3.4373 9.3816 10.1782 112.0395 9.6931 2.5455 112.6550 9.7351 113.1966 26.3864 4.3595 9.8779 2.8376 7.5502 0.6132 3.8858 4.1399 0.1605 10.1894 1.8860 3.3808 9.3851 112.5536 8.4287 9.6548 1.8337 112.5302 108.9426 8.9559 96.6391 0.5888 2.3609 95.7616 108.2508 11.4662 110.0827 0.7496 4.2047 9.0547 114.6258 10.6996 95.3832 7.8071 2.4232 4.1223 10.3670 107.4887 29.7789 96.9620 3.4452 1.0643 112.2812 0.8752 8.6465 0.6192 95.8467 4.1280 8.0160 107.5546 12.8648 8.1364 9.0688 26.8778 9.2928 1.5748 2.2665 107.2336 4.5729 1.4322 2.8719 96.2731 2.4010 112.5125 0.0000 27.5620 9.3091 4.2426 112.6526 9.5326 3.6856 0.4330 113.3850 8.7982
23.1925 85.2662 85.2662 2.1848 68.5324 25.6500 27.1837 28.8546 81.4174 28.5734 26.3155 22.6979 26.8861 26.7148 22.0880 27.4295 26.6937 26.4337 23.1923 84.7932 24.9150 28.8028 85.4087 27.1128 85.9503 1.1099 26.0109 22.7071 28.1540 28.2055 27.6499 25.5372 28.1301 27.6463 23.0187 28.2180 24.7692 28.7002 85.3073 25.3115 28.9699 28.2098 85.2838 81.6963 27.1798 69.3928 27.1031 26.4073 68.5153 81.0045 24.4802 82.8364 27.4069 32.2913 26.2628 87.3795 23.5289 68.1369 31.2806 26.4695 28.8909 23.1963 80.2424 8.5424 69.7157 31.5318 26.6828 85.0348 27.2718 26.1786 27.5675 68.6004 28.0445 27.8271 80.3083 25.8788 25.6686 27.2928 0.9462 28.6079 26.7404 27.3908 79.9872 32.6595 26.6525 26.7286 69.0268 26.2841 85.2662 28.0396 0.0000 26.2155 32.3292 85.4063 27.0655 26.3526 27.5596 86.1387 28.1132
5.0214 111.0301 111.0301 26.3507 94.2962 4.1957 10.8735 3.1242 107.1812 4.0497 10.8715 5.5198 9.0812 0.8924 6.5865 1.3523 7.9841 0.3736 8.9261 110.5570 5.1217 10.9723 111.1725 0.9849 111.7141 24.9039 8.9109 5.7792 7.3844 1.6503 8.9758 9.7128 2.6417 9.5981 5.9469 10.3128 9.8969 0.8021 111.0711 3.8573 1.0050 10.2605 111.0477 107.4601 0.9100 95.1566 9.4725 8.4893 94.2791 106.7684 10.2140 108.6003 9.0777 9.3610 0.3246 113.1434 5.3579 93.9007 18.3127 7.9227 7.5297 5.6124 106.0062 34.8316 95.4795 8.7864 9.0521 110.7987 10.2028 0.1642 9.0252 94.3642 6.8105 1.4947 106.0721 9.3293 0.5251 0.8564 25.3953 1.2670 8.5169 11.0807 105.7511 9.8989 8.5263 9.0794 94.7906 8.6522 111.0301 9.7579 26.0795 0.0000 10.2508 111.1701 0.8159 8.2032 9.9289 111.9026 1.4743
14.7725 116.9218 116.9218 32.2424 100.1880 11.6786 5.4490 8.3501 113.0730 7.4197 5.4470 14.2779 18.2814 10.7058 13.6681 8.4989 6.3487 9.8789 14.5875 116.4488 12.6046 3.9337 117.0643 10.2323 117.6059 30.7957 7.7492 14.2872 5.7490 8.0475 4.5429 7.2755 7.0514 4.0827 14.5987 4.0262 6.7705 9.8824 116.9629 11.3402 10.1521 3.9100 116.9395 113.3519 9.4531 101.0484 5.1114 6.6011 100.1709 112.6601 15.8754 114.4920 4.6447 0.8467 9.5519 119.0351 15.1089 99.7925 8.7464 6.2873 7.0337 14.7763 111.8980 34.4515 101.3713 1.7543 5.4046 116.6905 4.7783 9.9733 4.5923 100.2560 7.0395 8.5132 111.9639 17.2741 11.0479 9.5661 31.2871 9.7901 6.2344 5.6562 111.6429 0.4607 5.9001 7.1121 100.6824 6.6412 116.9218 4.2426 31.9713 9.8064 0.0000 117.0619 10.0299 7.9257 4.4142 117.7943 9.2954
107.2134 0.6683 0.6683 96.4001 19.9463 109.6709 111.2046 112.8756 7.3076 112.5944 110.3364 106.7189 110.9071 110.7357 106.1090 111.4505 110.7146 110.4546 107.2132 1.2704 108.9359 112.8237 0.1333 111.1338 1.1159 85.9907 110.0319 106.7281 112.1749 112.2265 111.6709 109.5582 112.1511 111.6672 107.0397 112.2390 108.7901 112.7211 0.9832 109.3325 112.9908 112.2307 0.8730 6.9444 111.2008 20.0002 111.1241 110.4282 19.9293 5.0663 108.5012 4.3019 111.4279 116.3123 110.2838 9.2546 107.5499 20.3808 115.3015 110.4905 112.9118 107.2172 5.4045 86.1344 19.5095 115.5528 110.7038 0.3663 111.2928 110.1996 111.5884 23.7098 112.0654 111.8481 5.0980 109.8998 109.6895 111.3137 85.4801 112.6288 110.7613 111.4118 5.8180 116.6805 110.6735 110.7496 20.4407 110.3050 0.6683 112.0606 85.4606 110.2365 116.3502 0.0000 111.0864 110.3736 111.5805 1.9009 112.1342
5.5952 111.6038 111.6038 26.9244 94.8699 4.7695 10.2763 2.3342 107.7550 1.7496 10.2742 6.0935 9.6549 0.9980 7.1603 0.7710 7.3869 0.6685 9.4998 111.1308 5.6955 10.3751 111.7462 0.4314 112.2878 25.4777 9.4846 6.3530 6.7872 0.8344 8.3786 9.1156 7.3962 9.0008 6.5207 9.7156 9.2996 0.3581 111.6448 4.4311 1.0269 9.6633 111.6214 108.0339 0.3146 95.7304 8.8752 7.8920 94.8529 107.3421 10.7877 109.1740 8.4804 8.7638 0.8513 113.7171 5.9316 94.4745 18.8864 7.3254 6.9324 6.1861 106.5800 35.4053 96.0532 8.1892 8.4549 111.3724 9.6056 0.9472 8.4280 94.9380 7.3843 0.6788 106.6459 9.9030 1.2500 0.2175 25.9690 0.9779 7.9196 10.4834 106.3248 9.3017 7.9291 8.4822 95.3643 8.0550 111.6038 9.1607 26.6533 0.8159 9.6535 111.7438 0.0000 8.7769 9.3317 112.4763 1.1781
7.4607 109.6100 109.6100 24.9306 92.8762 6.6912 3.8627 7.9881 105.7612 7.0577 2.9945 6.9661 10.9695 7.1066 6.3562 8.1370 1.8993 6.8256 7.2757 109.1370 7.6171 5.2992 109.7525 7.5047 110.2941 23.4839 0.7357 6.9753 2.8640 7.6855 3.5846 1.5271 1.7775 4.1427 7.2869 4.7144 1.4670 9.5204 109.6511 6.3527 9.7901 4.7062 109.6276 106.0401 7.5717 93.7366 3.0379 1.5413 92.8591 105.3483 8.5636 107.1802 3.3416 7.8878 6.6547 111.7233 7.7971 92.4807 10.9940 1.9262 2.8425 7.4645 104.5862 27.6862 94.0595 7.1283 2.6175 109.3786 3.7682 6.5705 3.5022 92.9442 1.6919 8.1513 104.6521 9.9622 6.0605 7.6847 23.9752 9.4281 2.6751 4.0698 104.3311 8.2560 2.5872 2.6448 93.3706 2.2176 109.6100 3.6856 24.6595 6.6074 7.9257 109.7501 7.4574 0.0000 3.4943 110.4825 8.9334
9.8691 112.0185 112.0185 27.3391 95.2847 8.9387 1.2492 8.0239 108.1697 7.0935 1.4809 9.3746 13.3780 9.3542 8.7647 8.1728 2.4561 9.5527 9.6841 111.5455 9.8647 2.5766 112.1609 9.9062 112.7025 25.8924 3.8669 9.3838 3.0092 7.7213 0.7249 3.3932 4.1629 0.4754 9.6954 1.9918 3.0378 9.5562 112.0595 8.6003 9.8259 2.0053 112.0361 108.4486 9.1270 96.1451 0.3611 2.1696 95.2676 107.7568 10.9721 109.5887 0.7399 4.3763 9.2258 114.1318 10.2056 94.8892 7.9787 2.2319 4.2939 9.8730 106.9947 29.2849 96.4679 3.6168 0.8367 111.7871 0.7346 8.8181 0.7310 95.3527 4.0772 8.1871 107.0606 12.3707 8.3080 9.2399 26.3837 9.4639 1.3471 1.9235 106.7395 4.7445 1.2780 2.6807 95.7790 2.2098 112.0185 0.4330 27.0680 9.4802 4.4142 112.1585 9.7037 3.4943 0.0000 112.8910 8.9693
107.9459 1.6953 1.6953 97.1325 20.6788 110.4034 111.9371 113.6080 8.0401 113.3268 111.0689 107.4513 111.6395 111.4681 106.8414 112.1829 111.4471 111.1871 107.9456 1.0498 109.6684 113.5562 1.7814 111.8662 1.4258 86.7232 110.7643 107.4605 112.9074 112.9589 112.4033 110.2906 112.8835 112.3996 107.7721 112.9714 109.5226 113.4536 0.8079 110.0649 113.7233 112.9632 0.9687 7.6769 111.9332 20.7327 111.8565 111.1607 20.6617 5.7988 109.2336 5.0344 112.1603 117.0447 111.0162 9.3244 108.2823 21.1132 116.0339 111.2229 113.6442 107.9497 6.1370 86.8669 20.2420 116.2852 111.4362 1.3828 112.0252 110.9320 112.3209 24.4423 112.7979 112.5805 5.8304 110.6322 110.4220 112.0462 86.2125 113.3613 111.4938 112.1442 6.5504 117.4129 111.4059 111.4820 21.1732 111.0375 1.6953 112.7930 86.1930 110.9689 117.0826 1.8354 111.8189 111.1060 112.3130 0.0000 112.8666
6.1697 112.1783 112.1783 27.4989 95.4445 5.3440 10.8817 1.1077 108.3295 4.8201 10.8797 6.6681 10.2295 1.0187 7.7348 1.6583 7.9923 1.3718 10.0743 111.7053 6.2700 10.9805 112.3208 0.8183 112.8624 26.0522 10.0591 6.9275 7.3926 1.6262 8.9840 9.7210 7.9707 9.6063 7.0952 10.3210 9.9051 0.8200 112.2194 5.0056 0.6416 10.2687 112.1960 108.6084 1.4927 96.3049 9.4807 8.4975 95.4274 107.9166 11.3623 109.7485 9.0859 9.3692 2.1110 114.2916 6.5062 95.0490 19.4610 7.9309 7.5379 6.7606 107.1545 35.9799 96.6278 8.7946 9.0603 111.9469 10.2110 2.2224 9.0334 95.5125 7.9588 1.5563 107.2204 10.4776 2.6246 1.3878 26.5435 0.3674 8.5251 11.0889 106.8994 9.9071 8.5345 9.0876 95.9389 8.6604 112.1783 9.7661 27.2278 1.4743 10.2590 112.3184 1.1781 9.3515 9.9371 113.0508 0.0000
0.000 448.543 448.543 112.498 373.850 15.273 36.722 33.997 432.810 30.072 34.228 3.387 14.147 24.352 5.312 25.208 32.815 23.003 11.845 451.822 7.198 44.607 455.077 28.523 456.643 104.008 26.193 4.302 30.347 28.278 38.568 29.238 27.268 40.353 4.962 42.653 29.582 26.847 453.340 13.773 26.085 42.697 452.912 438.257 24.208 376.258 37.653 32.943 374.698 436.075 13.885 443.597 38.955 50.853 21.535 461.565 2.840 378.200 67.447 34.562 30.507 3.018 433.265 134.742 381.045 48.645 36.485 452.415 38.512 22.443 38.808 372.385 27.415 27.050 435.835 9.617 18.645 24.810 105.887 26.758 34.627 38.972 432.012 53.107 36.135 34.783 373.372 35.818 453.220 40.157 107.372 21.535 52.687 454.985 25.178 29.438 40.213 458.802 28.750
449.258 0.000 0.000 355.910 75.355 464.532 451.132 482.475 25.017 478.878 450.500 446.790 455.975 473.158 444.225 474.015 461.940 471.810 443.895 20.707 456.457 459.475 23.962 477.330 24.437 346.533 459.473 447.343 463.698 477.085 457.572 458.950 469.462 455.752 445.173 457.522 455.260 475.653 22.225 462.990 474.892 457.853 21.797 20.190 473.015 75.155 455.050 460.807 75.093 14.523 435.693 8.832 456.543 467.915 470.342 32.998 452.098 77.092 472.802 461.600 469.002 445.427 17.017 349.170 75.377 466.102 455.802 21.300 453.910 471.250 457.125 82.193 468.402 475.857 17.512 451.000 467.452 473.617 344.282 475.565 458.082 448.312 18.422 466.670 457.387 462.325 77.892 460.912 22.105 456.008 344.245 470.342 465.297 23.870 473.985 461.880 456.527 27.687 477.557
449.258 0.000 0.000 355.910 75.355 464.532 451.132 482.475 25.017 478.878 450.500 446.790 455.975 473.158 444.225 474.015 461.940 471.810 443.895 20.707 456.457 459.475 23.962 477.330 24.437 346.533 459.473 447.343 463.698 477.085 457.572 458.950 469.462 455.752 445.173 457.522 455.260 475.653 22.225 462.990 474.892 457.853 21.797 20.190 473.015 75.155 455.050 460.807 75.093 14.523 435.693 8.832 456.543 467.915 470.342 32.998 452.098 77.092 472.802 461.600 469.002 445.427 17.017 349.170 75.377 466.102 455.802 21.300 453.910 471.250 457.125 82.193 468.402 475.857 17.512 451.000 467.452 473.617 344.282 475.565 458.082 448.312 18.422 466.670 457.387 462.325 77.892 460.912 22.105 456.008 344.245 470.342 465.297 23.870 473.985 461.880 456.527 27.687 477.557
114.898 357.018 357.018 0.000 282.325 130.172 116.772 148.115 341.285 144.518 116.140 112.430 121.615 138.798 109.865 139.655 127.580 137.450 109.535 360.297 122.097 125.115 363.552 142.970 365.118 10.700 125.113 112.983 129.338 142.725 123.212 124.590 135.102 121.392 110.813 123.162 120.900 141.293 361.815 128.630 140.532 123.493 361.387 346.732 138.655 284.733 120.690 126.447 283.173 344.550 101.333 352.072 122.183 133.555 135.982 370.040 117.738 286.675 138.442 127.240 134.642 111.067 341.740 35.177 289.520 131.742 121.442 360.890 119.550 136.890 122.765 280.860 134.042 141.497 344.310 116.640 133.092 139.257 13.470 141.205 123.722 113.952 340.487 132.310 123.027 127.965 281.847 126.552 361.695 121.648 14.063 135.982 130.937 363.460 139.625 127.520 122.167 367.277 143.197
376.047 75.188 75.188 282.698 0.000 391.320 377.920 409.263 59.455 405.667 377.288 373.578 382.763 399.947 371.013 400.803 388.728 398.598 370.683 78.467 383.245 386.263 81.722 404.118 83.288 273.322 386.262 374.132 390.487 403.873 384.360 385.738 396.250 382.540 371.962 384.310 382.048 402.442 79.985 389.778 401.680 384.642 79.557 64.902 399.803 4.708 381.838 387.595 1.343 62.720 362.482 70.242 383.332 394.703 397.130 88.210 378.887 6.435 399.590 388.388 395.790 372.215 59.910 275.958 9.710 392.890 382.590 79.060 380.698 398.038 383.913 7.468 395.190 402.645 62.480 377.788 394.240 400.405 271.070 402.353 384.870 375.100 58.657 393.458 384.175 389.113 3.167 387.700 79.865 382.797 271.033 397.130 392.085 81.630 400.773 388.668 383.315 85.447 404.345
15.202 463.745 463.745 127.700 389.052 0.000 39.525 26.618 448.012 22.693 38.497 18.588 15.838 16.973 20.513 17.830 27.117 15.625 27.047 467.023 11.775 40.850 470.278 21.145 471.845 119.210 31.842 19.182 24.648 20.900 32.870 37.042 21.570 35.333 20.163 38.405 35.240 19.468 468.542 4.865 18.707 38.203 468.113 453.458 16.830 391.460 34.723 28.238 389.900 451.277 29.087 458.798 33.632 43.475 14.157 476.767 14.120 393.402 62.782 28.863 24.808 18.220 448.467 149.943 396.247 41.267 32.728 467.617 37.627 15.065 33.110 387.587 21.717 19.672 451.037 17.690 11.267 17.432 121.088 19.380 31.450 40.687 447.213 45.728 31.348 29.085 388.573 30.277 468.422 34.990 122.573 14.157 46.988 470.187 17.800 29.892 36.313 474.003 21.372
38.213 468.340 468.340 132.295 393.647 38.897 0.000 36.735 452.607 32.080 3.998 36.535 49.798 40.442 34.672 36.442 14.147 36.907 43.273 471.618 41.377 11.460 474.873 40.748 476.440 123.805 15.688 36.722 15.837 35.547 9.027 14.195 21.600 7.207 38.687 9.507 10.505 39.207 473.137 38.825 42.175 9.550 472.708 458.053 36.008 396.055 6.505 13.013 394.495 455.872 43.413 463.393 7.998 21.137 35.215 481.362 40.418 397.997 32.220 13.807 21.140 38.762 453.062 154.538 400.842 19.348 7.940 472.212 5.365 37.602 8.580 392.182 21.632 36.152 455.632 47.195 35.698 36.818 125.683 41.977 10.220 3.745 451.808 23.628 9.525 14.373 393.168 13.162 473.017 7.463 127.168 36.290 22.122 474.782 37.235 17.773 7.982 478.598 40.345
32.635 480.905 480.905 144.860 406.212 24.788 37.068 0.000 465.172 8.575 36.040 36.022 36.987 11.955 36.670 13.372 26.903 14.917 44.480 484.183 29.395 37.580 487.438 11.258 489.005 136.370 33.290 35.335 22.872 10.565 30.413 36.298 23.390 32.877 37.597 35.948 32.823 10.037 485.702 26.013 10.193 35.747 485.273 470.618 13.423 408.620 32.267 28.177 407.060 468.437 46.247 475.958 31.175 31.615 15.565 493.927 32.645 410.562 50.922 27.690 22.355 35.653 465.627 167.103 413.407 29.407 30.272 484.777 35.170 16.308 30.653 404.747 23.165 11.170 468.197 38.067 17.250 12.907 138.248 8.187 28.777 38.230 464.373 33.868 28.675 26.733 405.733 27.925 485.582 32.533 139.733 14.997 35.373 487.347 12.403 31.340 33.857 491.163 6.555
433.645 24.905 24.905 340.297 59.742 448.918 435.518 466.862 0.000 463.265 434.887 431.177 440.362 457.545 428.612 458.402 446.327 456.197 428.282 28.183 440.843 443.862 31.438 461.717 33.005 330.920 443.860 431.730 448.085 461.472 441.958 443.337 453.848 440.138 429.560 441.908 439.647 460.040 29.702 447.377 459.278 442.240 29.273 11.808 457.402 59.542 439.437 445.193 59.480 12.437 420.080 19.958 440.930 452.302 454.728 44.535 436.485 61.478 457.188 445.987 453.388 429.813 9.448 333.557 59.763 450.488 440.188 28.777 438.297 455.637 441.512 66.580 452.788 460.243 12.018 435.387 451.838 458.003 328.668 459.952 442.468 432.698 8.195 451.057 441.773 446.712 62.278 445.298 29.582 440.395 328.632 454.728 449.683 31.347 458.372 446.267 440.913 35.163 461.943
33.513 481.783 481.783 145.738 407.090 25.667 31.622 8.287 466.050 0.000 30.593 36.900 37.865 14.200 37.548 8.975 21.457 15.685 45.358 485.062 30.273 32.133 488.317 10.370 489.883 137.248 27.843 36.213 17.425 6.168 24.967 30.852 17.943 27.430 38.475 30.502 27.377 11.073 486.580 26.892 13.928 30.300 486.152 471.497 11.138 409.498 26.820 22.730 407.938 469.315 47.125 476.837 25.728 26.168 16.025 494.805 33.523 411.440 45.475 22.243 16.908 36.532 466.505 167.982 414.285 23.960 24.825 485.655 29.723 17.077 25.207 405.625 17.718 6.773 469.075 38.945 17.555 11.600 139.127 11.922 23.330 32.783 465.252 28.422 23.228 21.287 406.612 22.478 486.460 27.087 140.612 15.765 29.927 488.225 12.085 25.893 28.410 492.042 10.290
35.710 469.355 469.355 133.310 394.662 37.997 3.872 35.835 453.622 31.180 0.000 34.032 48.898 39.542 32.168 35.542 13.298 36.007 40.770 472.633 40.477 11.757 475.888 39.848 477.455 124.820 13.185 34.218 14.937 34.647 9.323 11.692 20.700 7.503 36.183 9.803 8.002 38.307 474.152 37.925 41.275 9.847 473.723 459.068 35.108 397.070 6.802 12.165 395.510 456.887 40.910 464.408 8.295 21.433 34.315 482.377 37.915 399.012 34.597 12.958 20.240 36.258 454.077 155.553 401.857 19.645 7.040 473.227 5.662 36.702 8.877 393.197 20.732 35.252 456.647 44.692 34.798 35.918 126.698 41.077 9.320 6.122 452.823 23.925 8.625 13.635 394.183 12.423 474.032 7.760 128.183 35.390 22.418 475.797 36.335 15.270 8.278 479.613 39.445
3.667 446.923 446.923 110.878 372.230 18.940 35.795 37.663 431.190 33.738 33.302 0.000 17.813 28.018 2.500 28.875 33.300 26.670 10.257 450.202 10.865 43.680 453.457 32.190 455.023 102.388 25.267 2.170 34.013 31.945 39.057 28.312 30.935 39.427 3.908 41.727 28.655 30.513 451.720 17.440 29.752 41.770 451.292 436.637 27.875 374.638 36.727 32.017 373.078 434.455 12.265 441.977 38.028 53.357 25.202 459.945 6.507 376.580 66.520 34.115 34.173 3.177 431.645 133.122 379.425 51.568 35.558 450.795 37.585 26.110 38.610 370.765 31.082 30.717 434.215 13.283 22.312 28.477 104.267 30.425 33.700 38.045 430.392 55.848 35.208 35.963 371.752 34.892 451.600 39.230 105.752 25.202 54.342 453.365 28.845 28.512 39.287 457.182 32.417
14.102 456.548 456.548 120.503 381.855 15.458 50.502 38.405 440.815 34.480 48.008 17.488 0.000 28.760 19.413 29.617 38.700 27.412 17.723 459.827 17.212 52.433 463.082 32.932 464.648 112.013 39.973 18.082 36.232 32.687 44.453 43.018 33.153 46.917 17.545 49.988 43.362 31.255 461.345 10.548 30.493 49.787 460.917 446.262 28.617 384.263 46.307 39.822 382.703 444.080 21.890 451.602 45.215 55.262 25.943 469.570 12.215 386.205 74.568 40.447 36.392 17.120 441.270 142.747 389.050 53.053 44.312 460.420 49.210 26.852 44.693 380.390 33.300 31.458 443.840 5.743 23.053 29.218 113.892 31.167 43.033 52.270 440.017 57.515 42.932 40.668 381.377 41.860 461.225 46.573 115.377 25.943 58.572 462.990 29.587 41.475 47.897 466.807 33.158
25.060 473.330 473.330 137.285 398.637 17.213 41.867 13.348 457.597 16.805 40.838 28.447 29.412 0.000 29.095 12.127 29.458 8.055 36.905 476.608 21.820 43.192 479.863 9.597 481.430 128.795 34.183 27.760 26.990 13.953 35.212 39.383 23.912 37.675 30.022 40.747 37.582 7.920 478.127 18.438 3.718 40.545 477.698 463.043 8.743 401.045 37.065 30.580 399.485 460.862 38.672 468.383 35.973 39.038 8.915 486.352 25.070 402.987 58.345 31.205 27.150 28.078 458.052 159.528 405.832 36.830 35.070 477.202 39.968 9.157 35.452 397.172 24.058 12.725 460.622 30.492 9.675 8.227 130.673 5.717 33.792 43.028 456.798 41.292 33.690 31.427 398.158 32.618 478.007 37.332 132.158 7.748 42.797 479.772 7.723 32.233 38.655 483.588 8.000
5.518 444.423 444.423 108.378 369.730 20.792 33.803 39.130 428.690 35.205 31.310 2.565 19.665 29.485 0.000 30.342 31.308 28.137 8.550 447.702 12.717 41.688 450.957 33.657 452.523 99.888 23.275 3.118 34.620 33.412 37.065 26.320 32.740 37.435 4.717 39.735 26.663 31.980 449.220 19.292 31.218 39.778 448.792 434.137 29.342 372.138 34.735 30.025 370.578 431.955 9.765 439.477 36.037 51.365 26.668 457.445 8.358 374.080 64.528 32.123 35.978 5.028 429.145 130.622 376.925 49.577 33.567 448.295 35.593 27.577 36.618 368.265 32.887 32.183 431.715 15.135 23.778 29.943 101.767 31.892 31.708 36.053 427.892 53.857 33.217 33.972 369.252 32.900 449.100 37.238 103.252 26.668 52.350 450.865 30.312 26.520 37.295 454.682 33.883
28.497 476.767 476.767 140.722 402.073 20.650 34.633 11.795 461.033 7.550 33.605 31.883 32.848 11.117 32.532 0.000 24.468 9.618 40.342 480.045 25.257 35.090 483.300 7.287 484.867 132.232 30.668 31.197 20.437 3.070 27.978 33.863 20.397 30.442 33.458 33.513 30.388 7.990 481.563 21.875 12.770 33.312 481.135 466.480 4.417 404.482 29.832 25.742 402.922 464.298 42.108 471.820 28.740 29.125 9.965 489.788 28.507 406.423 48.432 25.255 19.865 31.515 461.488 162.965 409.268 26.917 27.837 480.638 32.735 11.010 28.218 400.608 20.543 1.842 464.058 33.928 12.538 4.930 134.110 10.983 26.342 35.795 460.235 31.378 26.240 24.298 401.595 25.490 481.443 30.098 135.595 9.698 32.883 483.208 6.170 28.718 31.422 487.025 11.757
32.205 474.717 474.717 138.672 400.023 26.485 14.272 27.583 458.983 22.928 13.247 33.180 37.387 28.030 31.317 24.597 0.000 24.495 39.918 477.995 28.965 18.278 481.250 28.337 482.817 130.182 11.337 33.367 4.407 26.395 11.610 12.805 9.188 12.992 35.332 16.325 9.330 26.795 479.513 26.413 29.763 16.368 479.085 464.430 23.597 402.432 9.280 2.238 400.872 462.248 40.058 469.770 10.582 25.517 22.803 487.738 32.338 404.373 42.988 2.170 9.710 35.223 459.438 160.915 407.218 23.728 8.138 478.588 12.183 25.190 11.163 398.558 8.693 26.438 462.008 37.990 23.287 24.407 132.060 29.582 6.090 15.433 458.185 28.008 7.598 6.845 399.545 6.123 479.393 11.783 133.545 23.878 26.502 481.158 24.823 9.793 11.840 484.975 30.815
23.590 471.860 471.860 135.815 397.167 15.743 36.602 14.295 456.127 15.353 35.573 26.977 27.942 5.922 27.625 8.840 24.193 0.000 35.435 475.138 20.350 37.927 478.393 8.822 479.960 127.325 28.918 26.290 21.725 11.910 29.947 34.118 18.647 32.410 28.552 35.482 32.317 7.280 476.657 16.968 7.655 35.280 476.228 461.573 5.457 399.575 31.800 25.315 398.015 459.392 37.202 466.913 30.708 37.245 3.190 484.882 23.600 401.517 56.552 25.940 21.885 26.608 456.582 158.058 404.362 35.037 29.805 475.732 34.703 3.775 30.187 395.702 18.793 10.682 459.152 29.022 6.202 4.940 129.203 8.328 28.527 37.763 455.328 39.498 28.425 26.162 396.688 27.353 476.537 32.067 130.688 2.385 41.003 478.302 5.308 26.968 33.390 482.118 10.320
12.512 443.952 443.952 107.907 369.258 27.785 42.092 45.573 428.218 42.583 39.598 10.252 17.530 36.863 8.348 37.720 39.597 35.515 0.000 447.230 19.710 49.977 450.485 41.035 452.052 99.417 31.563 11.142 42.858 40.790 45.353 34.608 39.780 45.723 8.427 48.023 34.952 39.358 448.748 24.545 38.597 48.067 448.320 433.665 36.720 371.667 43.023 38.313 370.107 431.483 9.293 439.005 44.325 59.653 34.047 456.973 15.352 373.608 72.817 40.412 43.018 8.680 428.673 130.150 376.453 57.865 41.855 447.823 43.882 34.955 44.907 367.793 39.927 39.562 431.243 12.853 31.157 37.322 101.295 39.270 39.997 44.342 427.420 62.145 41.505 42.260 368.780 41.188 448.628 45.527 102.780 34.047 60.638 450.393 37.690 34.808 45.583 454.210 40.948
452.463 20.772 20.772 359.115 78.560 467.737 454.337 485.680 28.222 482.083 453.705 449.995 459.180 476.363 447.430 477.220 465.145 475.015 447.100 0.000 459.662 462.680 7.557 480.535 6.478 349.738 462.678 450.548 466.903 480.290 460.777 462.155 472.667 458.957 448.378 460.727 458.465 478.858 3.318 466.195 478.097 461.058 3.230 22.760 476.220 78.360 458.255 464.012 78.298 18.632 438.898 15.825 459.748 471.120 473.547 29.748 455.303 80.297 476.007 464.805 472.207 448.632 20.222 352.375 78.582 469.307 459.007 4.895 457.115 474.455 460.330 85.398 471.607 479.062 20.717 454.205 470.657 476.822 347.487 478.770 461.287 451.517 21.627 469.875 460.592 465.530 81.097 464.117 5.700 459.213 347.450 473.547 468.502 7.465 477.190 465.085 459.732 8.780 480.762
7.147 455.690 455.690 119.645 380.997 10.863 40.813 29.587 439.957 25.662 39.785 10.533 17.092 19.942 12.458 20.798 28.405 18.593 18.992 458.968 0.000 42.138 462.223 24.113 463.790 111.155 32.168 11.127 25.937 23.868 34.158 35.213 22.858 36.622 12.108 39.693 35.557 22.437 460.487 9.363 21.675 39.492 460.058 445.403 19.798 383.405 36.012 29.527 381.845 443.222 21.032 450.743 34.920 46.443 17.125 468.712 7.140 385.347 65.662 30.152 26.097 10.165 440.412 141.888 388.192 44.235 34.017 459.562 38.915 18.033 34.398 379.532 23.005 22.640 442.982 12.562 14.235 20.400 113.033 22.348 32.738 41.975 439.158 48.697 32.637 30.373 380.518 31.565 460.367 36.278 114.518 17.125 48.277 462.132 20.768 31.180 37.602 465.948 24.340
45.963 472.630 472.630 136.585 397.937 40.243 11.687 37.918 456.897 33.263 11.895 44.432 51.145 41.788 42.568 37.625 18.287 38.253 51.170 475.908 42.723 0.000 479.163 42.095 480.730 128.095 23.585 44.618 17.183 36.730 11.855 22.092 22.947 10.587 46.583 3.753 18.402 40.553 477.427 40.172 43.522 4.108 476.998 462.343 37.355 400.345 10.098 17.153 398.785 460.162 51.310 467.683 11.592 15.662 36.562 485.652 46.097 402.287 27.702 17.947 22.487 46.658 457.352 158.828 405.132 13.873 12.162 476.502 6.980 38.948 11.908 396.472 22.978 37.335 459.922 51.748 37.045 38.165 129.973 43.160 14.308 12.848 456.098 18.153 13.613 18.422 397.458 17.447 477.307 10.172 131.458 37.637 16.647 479.072 38.582 24.090 11.575 482.888 41.528
455.813 24.122 24.122 362.465 81.910 471.087 457.687 489.030 31.572 485.433 457.055 453.345 462.530 479.713 450.780 480.570 468.495 478.365 450.450 7.670 463.012 466.030 0.000 483.885 6.525 353.088 466.028 453.898 470.253 483.640 464.127 465.505 476.017 462.307 451.728 464.077 461.815 482.208 5.387 469.545 481.447 464.408 4.958 26.110 479.570 81.710 461.605 467.362 81.648 21.982 442.248 19.175 463.098 474.470 476.897 29.977 458.653 83.647 479.357 468.155 475.557 451.982 23.572 355.725 81.932 472.657 462.357 2.977 460.465 477.805 463.680 88.748 474.957 482.412 24.067 457.555 474.007 480.172 350.837 482.120 464.637 454.867 24.977 473.225 463.942 468.880 84.447 467.467 4.198 462.563 350.800 476.897 471.852 1.332 480.540 468.435 463.082 10.848 484.112
28.250 476.520 476.520 140.475 401.827 20.403 38.820 9.255 460.787 11.143 37.792 31.637 32.602 7.773 32.285 7.872 28.655 9.258 40.095 479.798 25.010 39.277 483.053 0.000 484.620 131.985 33.443 30.950 24.623 8.227 32.165 38.050 23.172 34.628 33.212 37.700 34.575 4.647 481.317 21.628 8.490 37.498 480.888 466.233 7.765 404.235 34.018 29.840 402.675 464.052 41.862 471.573 32.927 33.312 9.907 489.542 28.260 406.177 52.618 29.442 24.052 31.268 461.242 162.718 409.022 31.103 32.023 480.392 36.922 10.650 32.405 400.362 23.318 6.998 463.812 33.682 12.865 7.248 133.863 6.483 30.528 39.982 459.988 35.565 30.427 28.485 401.348 29.677 481.197 34.285 135.348 9.338 37.070 482.962 6.722 31.493 35.608 486.778 6.260
457.333 24.252 24.252 363.985 83.430 472.607 459.207 490.550 33.092 486.953 458.575 454.865 464.050 481.233 452.300 482.090 470.015 479.885 451.970 6.550 464.532 467.550 6.593 485.405 0.000 354.608 467.548 455.418 471.773 485.160 465.647 467.025 477.537 463.827 453.248 465.597 463.335 483.728 4.298 471.065 482.967 465.928 4.010 27.630 481.090 83.230 463.125 468.882 83.168 23.502 443.768 20.695 464.618 475.990 478.417 26.595 460.173 85.167 480.877 469.675 477.077 453.502 25.092 357.245 83.452 474.177 463.877 5.625 461.985 479.325 465.200 90.268 476.477 483.932 25.587 459.075 475.527 481.692 352.357 483.640 466.157 456.387 26.497 474.745 465.462 470.400 85.967 468.987 6.847 464.083 352.320 478.417 473.372 6.650 482.060 469.955 464.602 7.628 485.632
105.807 347.552 347.552 10.623 272.858 121.080 107.680 139.023 331.818 135.427 107.048 103.338 112.523 129.707 100.773 130.563 118.488 128.358 100.443 350.830 113.005 116.023 354.085 133.878 355.652 0.000 116.022 103.892 120.247 133.633 114.120 115.498 126.010 112.300 101.722 114.070 111.808 132.202 352.348 119.538 131.440 114.402 351.920 337.265 129.563 275.267 111.598 117.355 273.707 335.083 92.242 342.605 113.092 124.463 126.890 360.573 108.647 277.208 129.350 118.148 125.550 101.975 332.273 34.908 280.053 122.650 112.350 351.423 110.458 127.798 113.673 271.393 124.950 132.405 334.843 107.548 124.000 130.165 2.835 132.113 114.630 104.860 331.020 123.218 113.935 118.873 272.380 117.460 352.228 112.557 5.008 126.890 121.845 353.993 130.533 118.428 113.075 357.810 134.105
26.692 466.550 466.550 130.505 391.857 31.298 15.053 36.708 450.817 32.053 12.560 25.013 40.203 32.843 23.150 29.410 11.292 29.308 31.752 469.828 32.933 22.938 473.083 33.150 474.650 122.015 0.000 25.200 14.603 32.480 18.315 8.412 13.867 18.685 27.165 20.985 7.913 31.608 471.347 31.227 34.577 21.028 470.918 456.263 28.410 394.265 15.985 10.008 392.705 454.082 31.892 461.603 17.287 32.615 27.617 479.572 28.897 396.207 45.778 12.107 16.763 27.240 451.272 152.748 399.052 30.827 14.817 470.422 16.843 30.003 17.868 390.392 12.277 31.252 453.842 35.673 28.100 29.220 123.893 34.395 12.958 17.303 450.018 35.107 14.467 14.665 391.378 13.607 471.227 18.488 125.378 28.692 33.600 472.992 29.637 5.755 18.545 476.808 35.628
4.255 447.587 447.587 111.542 372.893 19.220 35.002 37.943 431.853 34.018 32.508 2.143 18.093 28.298 3.163 29.155 32.507 26.950 11.378 450.865 11.145 42.887 454.120 32.470 455.687 103.052 24.473 0.000 34.293 32.225 38.263 27.518 31.215 38.633 5.030 40.933 27.862 30.793 452.383 17.720 30.032 40.977 451.955 437.300 28.155 375.302 35.933 31.223 373.742 435.118 12.928 442.640 37.235 52.563 25.482 460.608 6.787 377.243 65.727 33.322 34.453 4.132 432.308 133.785 380.088 50.775 34.765 451.458 36.792 26.390 37.817 371.428 31.362 30.997 434.878 13.563 22.592 28.757 104.930 30.705 32.907 37.252 431.055 55.055 34.415 35.170 372.415 34.098 452.263 38.437 106.415 25.482 53.548 454.028 29.125 27.718 38.493 457.845 32.697
29.642 477.888 477.888 141.843 403.195 23.922 15.877 24.422 462.155 19.767 14.848 33.028 34.823 25.467 33.677 22.033 4.507 21.932 41.487 481.167 26.402 17.202 484.422 25.773 485.988 133.353 14.508 32.342 0.000 23.233 9.222 15.217 6.625 11.685 34.603 14.757 11.742 24.232 482.685 23.850 27.200 14.555 482.257 467.602 21.033 405.603 11.075 5.780 404.043 465.420 43.230 472.942 9.983 22.355 20.240 490.910 29.775 407.545 40.725 5.293 6.165 32.660 462.610 164.087 410.390 20.567 9.080 481.760 13.978 22.627 9.462 401.730 6.657 23.838 465.180 35.427 20.723 21.843 135.232 27.018 7.802 17.038 461.357 24.847 7.700 5.437 402.717 6.628 482.565 11.342 136.717 21.315 23.340 484.330 22.260 13.178 12.665 488.147 28.032
31.217 479.487 479.487 143.442 404.793 23.370 33.293 9.942 463.753 5.697 32.265 34.603 35.568 11.218 35.252 4.577 23.128 11.437 43.062 482.765 27.977 33.750 486.020 7.388 487.587 134.952 29.460 33.917 19.097 0.000 26.638 32.523 19.560 29.102 36.178 32.173 29.048 8.092 484.283 24.595 12.872 31.972 483.855 469.200 6.235 407.202 28.492 24.402 405.642 467.018 44.828 474.540 27.400 27.785 12.085 492.508 31.227 409.143 47.092 23.915 18.525 34.235 464.208 165.685 411.988 25.577 26.497 483.358 31.395 12.828 26.878 403.328 19.335 1.548 466.778 36.648 15.255 6.748 136.830 11.085 25.002 34.455 462.955 30.038 24.900 22.958 404.315 24.150 484.163 28.758 138.315 11.517 31.543 485.928 7.988 27.510 30.082 489.745 10.087
38.100 474.868 474.868 138.823 400.175 32.380 9.112 30.218 459.135 25.563 9.320 39.603 43.282 33.925 37.740 29.925 11.475 30.390 46.342 478.147 34.860 11.833 481.402 34.232 482.968 130.333 18.683 39.790 9.320 29.030 0.000 17.263 15.083 3.315 41.755 9.388 13.573 32.690 479.665 32.308 35.658 9.187 479.237 464.582 29.492 402.583 2.773 10.342 401.023 462.400 46.482 469.922 1.602 18.008 28.698 487.890 38.233 404.525 35.357 11.135 14.623 41.118 459.590 161.067 407.370 16.220 5.103 478.740 6.520 31.085 1.080 398.710 15.115 29.635 462.160 43.885 29.182 30.302 132.212 35.460 7.497 10.273 458.337 20.500 6.505 10.558 399.697 9.613 479.545 2.972 133.697 29.773 18.993 481.310 30.718 17.278 4.283 485.127 33.828
29.730 469.588 469.588 133.543 394.895 36.363 13.773 37.070 453.855 32.415 11.280 28.052 43.242 37.908 26.188 34.475 13.555 34.373 34.790 472.867 35.972 21.658 476.122 38.215 477.688 125.053 8.413 28.238 15.943 35.882 17.035 0.000 18.932 17.405 30.203 19.705 6.633 36.673 474.385 36.292 39.642 19.748 473.957 459.302 33.475 397.303 14.705 12.272 395.743 457.120 34.930 464.642 16.007 31.335 32.682 482.610 31.935 399.245 44.498 13.312 20.753 30.278 454.310 155.787 402.090 29.547 13.537 473.460 15.563 35.068 16.588 393.430 17.342 36.317 456.880 38.712 33.165 34.285 126.932 39.460 11.678 16.023 453.057 33.827 13.187 13.942 394.417 12.870 474.265 17.208 128.417 33.757 32.320 476.030 34.702 10.820 17.265 479.847 40.680
26.765 475.035 475.035 138.990 400.342 21.045 21.565 26.825 459.302 22.170 20.537 30.152 31.947 22.590 30.800 19.157 9.157 19.055 38.610 478.313 23.525 22.890 481.568 22.897 483.135 130.500 13.747 29.465 6.688 22.227 14.910 18.947 0.000 17.373 31.727 20.445 17.280 21.355 479.832 20.973 24.323 20.243 479.403 464.748 18.157 402.750 16.763 10.278 401.190 462.567 40.377 470.088 15.672 28.043 17.363 488.057 26.898 404.692 46.413 10.903 6.848 29.783 459.757 161.233 407.537 26.255 14.768 478.907 19.667 19.750 15.150 398.877 3.622 20.998 462.327 32.550 17.847 18.967 132.378 24.142 13.490 22.727 458.503 30.535 13.388 11.125 399.863 12.317 479.712 17.030 133.863 18.438 29.028 481.477 19.383 11.797 18.353 485.293 25.375
40.400 472.977 472.977 136.932 398.283 34.680 7.220 32.518 457.243 27.863 7.428 39.965 45.582 36.225 38.102 32.225 12.877 32.690 46.703 476.255 37.160 10.535 479.510 36.532 481.077 128.442 19.118 40.152 11.620 31.330 3.252 17.625 17.383 0.000 42.117 7.885 13.935 34.990 477.773 34.608 37.958 7.683 477.345 462.690 31.792 400.692 3.675 11.743 399.132 460.508 46.843 468.030 3.790 16.860 30.998 485.998 40.533 402.633 34.433 12.537 16.923 42.192 457.698 159.175 405.478 15.072 6.752 476.848 4.812 33.385 3.268 396.818 17.415 31.935 460.268 46.185 31.482 32.602 130.320 37.760 8.898 8.382 456.445 19.352 8.203 12.858 397.805 12.037 477.653 1.232 131.805 32.073 17.845 479.418 33.018 18.680 3.487 483.235 36.128
5.737 445.372 445.372 109.327 370.678 21.010 37.892 39.733 429.638 35.808 35.398 4.110 17.155 30.088 4.597 30.945 35.397 28.740 8.673 448.650 12.935 45.777 451.905 34.260 453.472 100.837 27.363 5.000 36.083 34.015 41.153 30.408 33.005 41.523 0.000 43.823 30.752 32.583 450.168 19.510 31.822 43.867 449.740 435.085 29.945 373.087 38.823 34.113 371.527 432.903 10.713 440.425 40.125 55.453 27.272 458.393 8.577 375.028 68.617 36.212 36.243 1.905 430.093 131.570 377.873 53.665 37.655 449.243 39.682 28.180 40.707 369.213 33.152 32.787 432.663 12.180 24.382 30.547 102.715 32.495 35.797 40.142 428.840 57.945 37.305 38.060 370.200 36.988 450.048 41.327 104.200 27.272 56.438 451.813 30.915 30.608 41.383 455.630 34.487
43.530 473.373 473.373 137.328 398.680 37.810 9.567 35.648 457.640 30.993 9.775 42.312 48.712 39.355 40.448 35.355 16.167 35.820 49.050 476.652 40.290 3.735 479.907 39.662 481.473 128.838 21.465 42.498 14.750 34.460 9.272 19.972 20.513 7.908 44.463 0.000 16.282 38.120 478.170 37.738 41.088 0.902 477.742 463.087 34.922 401.088 7.978 15.033 399.528 460.905 49.190 468.427 9.472 15.453 34.128 486.395 43.663 403.030 28.445 15.827 20.053 44.538 458.095 159.572 405.875 13.665 10.042 477.245 4.478 36.515 9.288 397.215 20.545 35.065 460.665 49.315 34.612 35.732 130.717 40.890 12.188 10.728 456.842 17.945 11.493 15.988 398.202 15.327 478.050 7.552 132.202 35.203 16.438 479.815 36.148 21.970 9.160 483.632 39.258
30.907 470.765 470.765 134.720 396.072 34.160 11.493 32.227 455.032 27.572 9.000 29.228 44.418 35.705 27.365 31.933 8.808 32.170 35.967 474.043 36.640 19.378 477.298 36.012 478.865 126.230 8.382 29.415 11.100 31.038 13.002 6.888 16.863 14.383 31.380 17.425 0.000 34.470 475.562 34.088 37.438 17.468 475.133 460.478 31.272 398.480 10.672 7.675 396.920 458.297 36.107 465.818 11.973 28.925 30.478 483.787 33.112 400.422 42.218 8.468 16.403 31.455 455.487 156.963 403.267 27.137 9.530 474.637 13.283 32.865 12.555 394.607 16.748 31.643 458.057 39.888 30.962 32.082 128.108 37.257 7.482 13.743 454.233 31.417 8.990 9.098 395.593 8.027 475.442 13.175 129.593 31.553 29.910 477.207 32.498 10.342 13.232 481.023 35.837
25.817 474.087 474.087 138.042 399.393 17.970 38.693 10.418 458.353 12.085 37.665 29.203 30.168 5.340 29.852 8.715 26.285 6.825 37.662 477.365 22.577 40.018 480.620 4.732 482.187 129.552 31.010 28.517 23.817 9.088 32.038 36.210 20.738 34.502 30.778 37.573 34.408 0.000 478.883 19.195 5.958 37.372 478.455 463.800 5.332 401.802 33.892 27.407 400.242 461.618 39.428 469.140 32.800 34.173 7.473 487.108 25.827 403.743 53.480 28.032 23.977 28.835 458.808 160.285 406.588 31.965 31.897 477.958 36.795 8.217 32.278 397.928 20.885 7.860 461.378 31.248 10.432 4.815 131.430 5.978 30.618 39.855 457.555 36.427 30.517 28.253 398.915 29.445 478.763 34.158 132.915 6.905 37.932 480.528 4.312 29.060 35.482 484.345 7.423
454.028 22.337 22.337 360.680 80.125 469.302 455.902 487.245 29.787 483.648 455.270 451.560 460.745 477.928 448.995 478.785 466.710 476.580 448.665 3.387 461.227 464.245 5.475 482.100 4.293 351.303 464.243 452.113 468.468 481.855 462.342 463.720 474.232 460.522 449.943 462.292 460.030 480.423 0.000 467.760 479.662 462.623 1.148 24.325 477.785 79.925 459.820 465.577 79.863 20.197 440.463 17.390 461.313 472.685 475.112 26.812 456.868 81.862 477.572 466.370 473.772 450.197 21.787 353.940 80.147 470.872 460.572 2.813 458.680 476.020 461.895 86.963 473.172 480.627 22.282 455.770 472.222 478.387 349.052 480.335 462.852 453.082 23.192 471.440 462.157 467.095 82.662 465.682 3.618 460.778 349.015 475.112 470.067 5.383 478.755 466.650 461.297 5.843 482.327
13.608 462.152 462.152 126.107 387.458 4.910 40.560 27.857 446.418 23.932 39.532 16.995 10.973 18.212 18.920 19.068 28.152 16.863 24.805 465.430 10.182 41.885 468.685 22.383 470.252 117.617 32.877 17.588 25.683 22.138 33.905 38.077 22.605 36.368 18.570 39.440 36.275 20.707 466.948 0.000 19.945 39.238 466.520 451.865 18.068 389.867 35.758 29.273 388.307 449.683 27.493 457.205 34.667 44.713 15.395 475.173 12.527 391.808 64.020 29.898 25.843 16.627 446.873 148.350 394.653 42.505 33.763 466.023 38.662 16.303 34.145 385.993 22.752 20.910 449.443 12.825 12.505 18.670 119.495 20.618 32.485 41.722 445.620 46.967 32.383 30.120 386.980 31.312 466.828 36.025 120.980 15.395 48.023 468.593 19.038 30.927 37.348 472.410 22.610
25.532 473.802 473.802 137.757 399.108 17.685 42.337 11.213 458.068 14.445 41.308 28.918 29.883 3.012 29.567 12.358 29.928 8.240 37.377 477.080 22.292 43.433 480.335 7.372 481.902 129.267 34.653 28.232 27.460 13.240 35.682 39.853 24.382 38.145 30.493 41.217 38.052 6.097 478.598 18.910 0.000 41.015 478.170 463.515 8.975 401.517 37.535 31.050 399.957 461.333 39.143 468.855 36.443 37.468 9.100 486.823 25.542 403.458 56.775 31.675 27.620 28.550 458.523 160.000 406.303 35.260 35.540 477.673 40.438 9.555 35.922 397.643 24.528 12.230 461.093 30.963 10.147 8.458 131.145 3.002 34.262 43.498 457.270 39.722 34.160 31.897 398.630 33.088 478.478 37.802 132.630 7.933 41.227 480.243 7.955 32.703 39.125 484.060 5.640
43.418 473.738 473.738 137.693 399.045 37.698 9.723 35.537 458.005 30.882 9.932 42.468 48.600 39.243 40.605 35.243 16.323 35.708 49.207 477.017 40.178 4.075 480.272 39.550 481.838 129.203 21.622 42.655 14.638 34.348 9.160 20.128 20.402 7.847 44.620 0.935 16.438 38.008 478.535 37.627 40.977 0.000 478.107 463.452 34.810 401.453 8.135 15.190 399.893 461.270 49.347 468.792 9.628 15.378 34.017 486.760 43.552 403.395 28.810 15.983 19.942 44.695 458.460 159.937 406.240 13.590 10.198 477.610 4.417 36.403 9.177 397.580 20.433 34.953 461.030 49.203 34.500 35.620 131.082 40.778 12.345 10.885 457.207 17.870 11.650 15.877 398.567 15.483 478.415 7.440 132.567 35.092 16.363 480.180 36.037 22.127 9.098 483.997 39.147
453.602 21.910 21.910 360.253 79.698 468.875 455.475 486.818 29.360 483.222 454.843 451.133 460.318 477.502 448.568 478.358 466.283 476.153 448.238 3.297 460.800 463.818 5.048 481.673 4.007 350.877 463.817 451.687 468.042 481.428 461.915 463.293 473.805 460.095 449.517 461.865 459.603 479.997 1.013 467.333 479.235 462.197 0.000 23.898 477.358 79.498 459.393 465.150 79.437 19.770 440.037 16.963 460.887 472.258 474.685 27.443 456.442 81.435 477.145 465.943 473.345 449.770 21.360 353.513 79.720 470.445 460.145 2.387 458.253 475.593 461.468 86.537 472.745 480.200 21.855 455.343 471.795 477.960 348.625 479.908 462.425 452.655 22.765 471.013 461.730 466.668 82.235 465.255 3.192 460.352 348.588 474.685 469.640 4.957 478.328 466.223 460.870 6.475 481.900
438.925 20.335 20.335 345.577 65.022 454.198 440.798 472.142 11.928 468.545 440.167 436.457 445.642 462.825 433.892 463.682 451.607 461.477 433.562 22.718 446.123 449.142 25.973 466.997 27.540 336.200 449.140 437.010 453.365 466.752 447.238 448.617 459.128 445.418 434.840 447.188 444.927 465.320 24.237 452.657 464.558 447.520 23.808 0.000 462.682 64.822 444.717 450.473 64.760 7.647 425.360 15.388 446.210 457.582 460.008 39.745 441.765 66.758 462.468 451.267 458.668 435.093 6.972 338.837 65.043 455.768 445.468 23.312 443.577 460.917 446.792 71.860 458.068 465.523 7.810 440.667 457.118 463.283 333.948 465.232 447.748 437.978 6.353 456.337 447.053 451.992 67.558 450.578 24.117 445.675 333.912 460.008 454.963 25.882 463.652 451.547 446.193 29.698 467.223
26.155 474.425 474.425 138.380 399.732 18.308 36.010 13.058 458.692 10.657 34.982 29.542 30.507 7.788 30.190 3.812 23.602 5.820 38.000 477.703 22.915 37.335 480.958 7.585 482.525 129.890 28.327 28.855 21.133 6.882 29.355 33.527 18.055 31.818 31.117 34.890 31.725 6.043 479.222 19.533 9.442 34.688 478.793 464.138 0.000 402.140 31.208 24.723 400.580 461.957 39.767 469.478 30.117 32.745 6.347 487.447 26.165 404.082 52.052 25.348 21.293 29.173 459.147 160.623 406.927 30.537 29.213 478.297 34.112 7.212 29.595 398.267 18.202 5.653 461.717 31.587 9.638 1.132 131.768 8.830 27.935 37.172 457.893 34.998 27.833 25.570 399.253 26.762 479.102 31.475 133.253 5.900 36.503 480.867 2.620 26.377 32.798 484.683 10.063
376.305 74.987 74.987 282.957 4.563 391.578 378.178 409.522 59.253 405.925 377.547 373.837 383.022 400.205 371.272 401.062 388.987 398.857 370.942 78.265 383.503 386.522 81.520 404.377 83.087 273.580 386.520 374.390 390.745 404.132 384.618 385.997 396.508 382.798 372.220 384.568 382.307 402.700 79.783 390.037 401.938 384.900 79.355 64.700 400.062 0.000 382.097 387.853 3.633 62.518 362.740 70.040 383.590 394.962 397.388 88.008 379.145 9.412 399.848 388.647 396.048 372.473 59.708 276.217 6.748 393.148 382.848 78.858 380.957 398.297 384.172 11.368 395.448 402.903 62.278 378.047 394.498 400.663 271.328 402.612 385.128 375.358 58.455 393.717 384.433 389.372 7.100 387.958 79.663 383.055 271.292 397.388 392.343 81.428 401.032 388.927 383.573 85.245 404.603
39.008 472.285 472.285 136.240 397.592 34.093 6.528 31.932 456.552 27.277 6.737 37.330 44.995 35.638 35.467 31.638 9.202 32.103 44.068 475.563 36.573 10.032 478.818 35.945 480.385 127.750 16.410 37.517 11.033 30.743 2.702 14.990 16.797 3.712 39.482 8.078 11.300 34.403 477.082 34.022 37.372 8.122 476.653 461.998 31.205 400.000 0.000 8.068 398.440 459.817 44.208 467.338 1.673 18.977 30.412 485.307 39.947 401.942 34.742 8.862 16.337 39.557 457.007 158.483 404.787 17.188 3.077 476.157 3.937 32.798 2.255 396.127 16.828 31.348 459.577 45.598 30.895 32.015 129.628 37.173 5.223 7.690 455.753 21.468 4.528 9.640 397.113 8.362 476.962 2.503 131.113 31.487 19.962 478.727 32.432 15.005 2.560 482.543 35.542
33.247 473.343 473.343 137.298 398.650 27.527 13.127 29.050 457.610 24.395 12.102 31.807 38.428 29.072 29.943 25.638 2.097 25.537 38.545 476.622 30.007 17.133 479.877 29.378 481.443 128.808 9.963 31.993 5.873 27.862 10.465 11.660 10.230 11.847 33.958 15.180 8.185 27.837 478.140 27.455 30.805 15.223 477.712 463.057 24.638 401.058 8.135 0.000 399.498 460.875 38.685 468.397 9.437 26.388 23.845 486.365 33.380 403.000 41.843 2.707 11.177 34.033 458.065 159.542 405.845 24.600 6.993 477.215 11.038 26.232 10.018 397.185 9.655 27.480 460.635 39.032 24.328 25.448 130.687 30.623 4.945 14.288 456.812 28.880 6.453 6.250 398.172 5.192 478.020 10.638 132.172 24.920 27.373 479.785 25.865 8.420 10.695 483.602 31.857
376.200 74.952 74.952 282.852 1.343 391.473 378.073 409.417 59.218 405.820 377.442 373.732 382.917 400.100 371.167 400.957 388.882 398.752 370.837 78.230 383.398 386.417 81.485 404.272 83.052 273.475 386.415 374.285 390.640 404.027 384.513 385.892 396.403 382.693 372.115 384.463 382.202 402.595 79.748 389.932 401.833 384.795 79.320 64.665 399.957 3.773 381.992 387.748 0.000 62.483 362.635 70.005 383.485 394.857 397.283 87.973 379.040 6.563 399.743 388.542 395.943 372.368 59.673 276.112 8.775 393.043 382.743 78.823 380.852 398.192 384.067 8.000 395.343 402.798 62.243 377.942 394.393 400.558 271.223 402.507 385.023 375.253 58.420 393.612 384.328 389.267 3.880 387.853 79.628 382.950 271.187 397.283 392.238 81.393 400.927 388.822 383.468 85.210 404.498
436.763 14.688 14.688 343.415 62.860 452.037 438.637 469.980 12.522 466.383 438.005 434.295 443.480 460.663 431.730 461.520 449.445 459.315 431.400 18.542 443.962 446.980 21.797 464.835 23.363 334.038 446.978 434.848 451.203 464.590 445.077 446.455 456.967 443.257 432.678 445.027 442.765 463.158 20.060 450.495 462.397 445.358 19.632 7.470 460.520 62.660 442.555 448.312 62.598 0.000 423.198 10.317 444.048 455.420 457.847 32.098 439.603 64.597 460.307 449.105 456.507 432.932 4.522 336.675 62.882 453.607 443.307 19.135 441.415 458.755 444.630 69.698 455.907 463.362 5.017 438.505 454.957 461.122 331.787 463.070 445.587 435.817 5.927 454.175 444.892 449.830 65.397 448.417 19.940 443.513 331.750 457.847 452.802 21.705 461.490 449.385 444.032 25.522 465.062
14.682 435.922 435.922 99.877 361.228 29.955 41.903 48.227 420.188 44.302 39.410 12.213 21.398 38.582 9.648 39.438 39.408 37.233 9.540 439.200 21.880 49.788 442.455 42.753 444.022 91.387 31.375 12.767 42.720 42.508 45.165 34.420 41.837 45.535 10.597 47.835 34.763 41.077 440.718 28.413 40.315 47.878 440.290 425.635 38.438 363.637 42.835 38.125 362.077 423.453 0.000 430.975 44.137 59.465 35.765 448.943 17.522 365.578 72.628 40.223 45.075 10.850 420.643 122.120 368.423 57.677 41.667 439.793 43.693 36.673 44.718 359.763 41.142 41.280 423.213 16.423 32.875 39.040 93.265 40.988 39.808 44.153 419.390 61.957 41.317 42.072 360.750 41.000 440.598 45.338 94.750 35.765 60.450 442.363 39.408 34.620 45.395 446.180 42.980
444.397 9.070 9.070 351.048 70.493 459.670 446.270 477.613 20.155 474.017 445.638 441.928 451.113 468.297 439.363 469.153 457.078 466.948 439.033 15.845 451.595 454.613 19.100 472.468 20.667 341.672 454.612 442.482 458.837 472.223 452.710 454.088 464.600 450.890 440.312 452.660 450.398 470.792 17.363 458.128 470.030 452.992 16.935 15.328 468.153 70.293 450.188 455.945 70.232 10.565 430.832 0.000 451.682 463.053 465.480 38.613 447.237 72.230 467.940 456.738 464.140 440.565 12.155 344.308 70.515 461.240 450.940 16.438 449.048 466.388 452.263 77.332 463.540 470.995 12.650 446.138 462.590 468.755 339.420 470.703 453.220 443.450 13.560 461.808 452.525 457.463 73.030 456.050 17.243 451.147 339.383 465.480 460.435 19.008 469.123 457.018 451.665 22.825 472.695
38.693 473.915 473.915 137.870 399.222 32.973 8.158 30.812 458.182 26.157 8.367 38.650 43.875 34.518 36.787 30.518 10.522 30.983 45.388 477.193 35.453 11.662 480.448 34.825 482.015 129.380 17.730 38.837 9.913 29.623 1.538 16.310 15.677 3.653 40.802 9.708 12.620 33.283 478.712 32.902 36.252 9.548 478.283 463.628 30.085 401.630 1.820 9.388 400.070 461.447 45.528 468.968 0.000 18.602 29.292 486.937 38.827 403.572 35.950 10.182 15.217 40.877 458.637 160.113 406.417 16.813 4.397 477.787 5.567 31.678 1.092 397.757 15.708 30.228 461.207 44.478 29.775 30.895 131.258 36.053 6.543 9.320 457.383 21.093 5.833 10.960 398.743 9.622 478.592 3.310 132.743 30.367 19.587 480.357 31.312 16.325 4.380 484.173 34.422
51.002 481.737 481.737 145.692 407.043 45.282 21.277 31.102 466.003 26.447 21.485 54.022 56.183 39.228 52.158 30.808 25.290 37.662 60.760 485.015 47.762 15.457 488.270 35.398 489.837 137.202 33.175 53.702 22.222 29.913 17.963 31.682 27.985 16.948 55.963 15.182 27.992 36.102 486.533 45.210 38.350 15.103 486.105 471.450 34.013 409.452 18.977 26.253 407.892 469.268 60.900 476.790 18.725 0.000 35.970 494.758 51.135 411.393 27.738 26.077 25.102 54.020 466.458 167.935 414.238 3.872 20.833 485.608 17.445 38.357 18.203 405.578 28.017 30.518 469.028 56.787 37.500 34.823 139.080 36.343 23.408 22.438 465.205 3.300 21.923 23.460 406.565 23.555 486.413 16.533 140.565 37.045 4.428 488.178 36.312 33.190 18.310 491.995 34.712
23.450 471.720 471.720 135.675 397.027 15.603 34.908 15.305 455.987 14.770 33.880 26.837 27.802 6.803 27.485 8.863 22.500 3.188 35.295 474.998 20.210 36.233 478.253 9.832 479.820 127.185 27.225 26.150 20.032 11.933 28.253 32.425 16.953 30.717 28.412 33.788 30.623 8.290 476.517 16.828 8.537 33.587 476.088 461.433 6.467 399.435 30.107 23.622 397.875 459.252 37.062 466.773 29.015 35.552 0.000 484.742 23.460 401.377 54.858 24.247 20.192 26.468 456.442 157.918 404.222 33.343 28.112 475.592 33.010 3.883 28.493 395.562 17.100 10.705 459.012 28.882 6.310 5.950 129.063 9.210 26.833 36.070 455.188 37.805 26.732 24.468 396.548 25.660 476.397 30.373 130.548 2.572 39.310 478.162 6.318 25.275 31.697 481.978 11.202
462.173 32.970 32.970 368.825 88.270 477.447 464.047 495.390 44.567 491.793 463.415 459.705 468.890 486.073 457.140 486.930 474.855 484.725 456.810 29.688 469.372 472.390 30.000 490.245 26.682 359.448 472.388 460.258 476.613 490.000 470.487 471.865 482.377 468.667 458.088 470.437 468.175 488.568 26.820 475.905 487.807 470.768 27.450 39.515 485.930 88.070 467.965 473.722 88.008 32.045 448.608 38.303 469.458 480.830 483.257 0.000 465.013 90.007 485.717 474.515 481.917 458.342 36.567 362.085 88.292 479.017 468.717 29.032 466.825 484.165 470.040 95.108 481.317 488.772 37.062 463.915 480.367 486.532 357.197 488.480 470.997 461.227 37.972 479.585 470.302 475.240 90.807 473.827 29.920 468.923 357.160 483.257 478.212 30.057 486.900 474.795 469.442 26.985 490.472
2.810 451.353 451.353 115.308 376.660 14.352 39.210 34.500 435.620 30.575 36.717 6.197 12.232 24.855 8.122 25.712 33.318 23.507 14.655 454.632 7.143 47.052 457.887 29.027 459.453 106.818 28.682 6.790 30.850 28.782 39.072 31.727 27.772 41.535 7.772 44.607 32.070 27.350 456.150 12.852 26.588 44.405 455.722 441.067 24.712 379.068 40.142 34.440 377.508 438.885 16.695 446.407 39.833 51.357 22.038 464.375 0.000 381.010 69.935 35.065 31.010 5.828 436.075 137.552 383.855 49.148 38.930 455.225 41.000 22.947 39.312 375.195 27.918 27.553 438.645 7.702 19.148 25.313 108.697 27.262 37.115 41.460 434.822 53.610 37.550 35.287 376.182 36.478 456.030 41.192 110.182 22.038 53.190 457.795 25.682 31.927 42.515 461.612 29.253
380.688 76.915 76.915 287.340 6.562 395.962 382.562 413.905 61.182 410.308 381.930 378.220 387.405 404.588 375.655 405.445 393.370 403.240 375.325 80.193 387.887 390.905 83.448 408.760 85.015 277.963 390.903 378.773 395.128 408.515 389.002 390.380 400.892 387.182 376.603 388.952 386.690 407.083 81.712 394.420 406.322 389.283 81.283 66.628 404.445 9.550 386.480 392.237 6.562 64.447 367.123 71.968 387.973 399.345 401.772 89.937 383.528 0.000 404.232 393.030 400.432 376.857 61.637 280.600 11.817 397.532 387.232 80.787 385.340 402.680 388.555 10.055 399.832 407.287 64.207 382.430 398.882 405.047 275.712 406.995 389.512 379.742 60.383 398.100 388.817 393.755 8.575 392.342 81.592 387.438 275.675 401.772 396.727 83.357 405.415 393.310 387.957 87.173 408.987
69.450 486.807 486.807 150.762 412.113 63.730 34.007 50.293 471.073 45.638 36.428 68.965 74.632 58.198 67.102 50.000 43.738 56.853 75.703 490.085 66.210 31.598 493.340 54.368 494.907 142.272 48.118 69.152 40.670 49.105 35.342 46.625 46.433 34.522 71.117 32.170 42.935 55.072 491.603 63.658 56.793 32.092 491.175 476.520 53.205 414.522 36.550 44.433 412.962 474.338 75.843 481.860 36.103 27.875 55.162 499.828 69.583 416.463 0.000 44.525 44.293 71.192 471.528 173.005 419.308 25.667 39.335 490.678 34.433 57.548 35.582 410.648 46.465 49.710 474.098 75.235 56.692 54.015 144.150 54.787 41.640 31.187 470.275 29.438 40.372 41.908 411.635 42.003 491.483 34.107 145.635 56.237 28.065 493.248 55.503 50.203 35.913 497.065 53.155
33.733 475.435 475.435 139.390 400.742 28.013 13.940 28.282 459.702 23.627 12.915 33.898 38.915 29.558 32.035 26.125 2.045 26.023 40.637 478.713 30.493 17.947 481.968 29.865 483.535 130.900 12.055 34.085 5.105 27.093 11.278 12.473 10.717 12.660 36.050 15.993 8.998 28.323 480.232 27.942 31.292 16.037 479.803 465.148 25.125 403.150 8.948 2.563 401.590 462.967 40.777 470.488 10.250 26.215 24.332 488.457 33.867 405.092 42.657 0.000 10.408 36.125 460.157 161.633 407.937 24.427 7.807 479.307 11.852 26.718 10.832 399.277 10.730 27.698 462.727 39.518 24.815 25.935 132.778 31.110 5.758 15.102 458.903 28.707 7.267 7.063 400.263 6.005 480.112 11.452 134.263 25.407 27.200 481.877 26.352 10.512 11.508 485.693 31.892
29.772 478.042 478.042 141.997 403.348 24.052 21.328 25.422 462.308 20.767 20.300 33.158 34.953 25.597 33.807 22.163 9.948 22.062 41.617 481.320 26.532 22.653 484.575 25.903 486.142 133.507 16.728 32.472 6.452 24.233 14.673 20.668 6.755 17.137 34.733 20.208 17.193 24.362 482.838 23.980 27.330 20.007 482.410 467.755 21.163 405.757 16.527 11.232 404.197 465.573 43.383 473.095 15.435 25.318 20.370 491.063 29.905 407.698 44.625 10.745 0.000 32.790 462.763 164.240 410.543 23.110 14.532 481.913 19.430 22.757 14.913 401.883 6.603 24.005 465.333 35.557 20.853 21.973 135.385 27.148 13.253 22.490 461.510 27.572 13.152 10.888 402.870 12.080 482.718 16.793 136.870 21.445 26.917 484.483 22.390 14.778 18.117 488.300 28.382
3.832 445.525 445.525 109.480 370.832 19.105 36.988 37.828 429.792 33.903 34.495 3.008 17.308 28.183 4.933 29.040 34.493 26.835 8.827 448.803 11.030 44.873 452.058 32.355 453.625 100.990 26.460 4.308 34.178 32.110 40.250 29.505 31.100 40.620 1.943 42.920 29.848 30.678 450.322 17.605 29.917 42.963 449.893 435.238 28.040 373.240 37.920 33.210 371.680 433.057 10.867 440.578 39.222 54.550 25.367 458.547 6.672 375.182 67.713 35.308 34.338 0.000 430.247 131.723 378.027 52.477 36.752 449.397 38.778 26.275 39.803 369.367 31.247 30.882 432.817 12.333 22.477 28.642 102.868 30.590 34.893 39.238 428.993 56.938 36.402 37.157 370.353 36.085 450.202 40.423 104.353 25.367 55.535 451.967 29.010 29.705 40.480 455.783 32.582
433.852 16.998 16.998 340.503 59.948 449.125 435.725 467.068 9.458 463.472 435.093 431.383 440.568 457.752 428.818 458.608 446.533 456.403 428.488 20.277 441.050 444.068 23.532 461.923 25.098 331.127 444.067 431.937 448.292 461.678 442.165 443.543 454.055 440.345 429.767 442.115 439.853 460.247 21.795 447.583 459.485 442.447 21.367 6.927 457.608 59.748 439.643 445.400 59.687 4.530 420.287 12.052 441.137 452.508 454.935 36.628 436.692 61.685 457.395 446.193 453.595 430.020 0.000 333.763 59.970 450.695 440.395 20.870 438.503 455.843 441.718 66.787 452.995 460.450 3.677 435.593 452.045 458.210 328.875 460.158 442.675 432.905 2.238 451.263 441.980 446.918 62.485 445.505 21.675 440.602 328.838 454.935 449.890 23.440 458.578 446.473 441.120 27.257 462.150
136.735 350.283 350.283 35.452 275.590 152.008 138.608 169.952 334.550 166.355 137.977 134.267 143.452 160.635 131.702 161.492 149.417 159.287 131.372 353.562 143.933 146.952 356.817 164.807 358.383 35.162 146.950 134.820 151.175 164.562 145.048 146.427 156.938 143.228 132.650 144.998 142.737 163.130 355.080 150.467 162.368 145.330 354.652 339.997 160.492 277.998 142.527 148.283 276.438 337.815 123.170 345.337 144.020 155.392 157.818 363.305 139.575 279.940 160.278 149.077 156.478 132.903 335.005 0.000 282.785 153.578 143.278 354.155 141.387 158.727 144.602 274.125 155.878 163.333 337.575 138.477 154.928 161.093 33.162 163.042 145.558 135.788 333.752 154.147 144.863 149.802 275.112 148.388 354.960 143.485 33.125 157.818 152.773 356.725 161.462 149.357 144.003 360.542 165.033
380.915 75.305 75.305 287.567 9.783 396.188 382.788 414.132 59.572 410.535 382.157 378.447 387.632 404.815 375.882 405.672 393.597 403.467 375.552 78.583 388.113 391.132 81.838 408.987 83.405 278.190 391.130 379.000 395.355 408.742 389.228 390.607 401.118 387.408 376.830 389.178 386.917 407.310 80.102 394.647 406.548 389.510 79.673 65.018 404.672 6.828 386.707 392.463 8.853 62.837 367.350 70.358 388.200 399.572 401.998 88.327 383.755 11.928 404.458 393.257 400.658 377.083 60.027 280.827 0.000 397.758 387.458 79.177 385.567 402.907 388.782 16.588 400.058 407.513 62.597 382.657 399.108 405.273 275.938 407.222 389.738 379.968 58.773 398.327 389.043 393.982 12.320 392.568 79.982 387.665 275.902 401.998 396.953 81.747 405.642 393.537 388.183 85.563 409.213
49.167 479.843 479.843 143.798 405.150 43.425 19.442 28.915 464.110 24.260 19.650 52.187 54.348 37.042 50.323 28.622 23.455 35.475 58.925 483.122 45.927 13.563 486.377 33.212 487.943 135.308 31.340 51.867 20.387 27.727 16.128 29.847 26.150 15.113 54.128 13.288 26.157 33.915 484.640 43.375 36.163 13.210 484.212 469.557 31.827 407.558 17.142 24.418 405.998 467.375 59.065 474.897 16.890 3.757 33.783 492.865 49.300 409.500 25.552 24.242 22.915 52.185 464.565 166.042 412.345 0.000 18.998 483.715 15.552 36.170 16.368 403.685 26.182 28.332 467.135 54.952 35.313 32.637 137.187 34.157 21.573 20.603 463.312 6.010 20.088 21.625 404.672 21.720 484.520 14.698 138.672 34.858 7.515 486.285 34.125 31.355 16.475 490.102 32.525
37.782 473.777 473.777 137.732 399.083 32.163 8.020 30.002 458.043 25.347 6.992 36.103 43.065 33.708 34.240 29.708 8.003 30.173 42.842 477.055 34.643 12.157 480.310 34.015 481.877 129.242 15.212 36.290 9.103 28.813 5.078 13.763 14.867 6.870 38.255 10.203 10.073 32.473 478.573 32.092 35.442 10.247 478.145 463.490 29.275 401.492 3.158 6.870 399.932 461.308 42.982 468.830 4.445 20.830 28.482 486.798 38.017 403.433 36.867 7.663 14.407 38.330 458.498 159.975 406.278 19.042 0.000 477.648 6.062 30.868 5.027 397.618 14.898 29.418 461.068 43.668 28.965 30.085 131.120 35.243 3.523 9.182 457.245 23.322 2.953 8.442 398.605 7.163 478.453 5.662 132.605 29.557 21.815 480.218 30.502 13.807 5.718 484.035 33.612
453.127 21.435 21.435 359.778 79.223 468.400 455.000 486.343 28.885 482.747 454.368 450.658 459.843 477.027 448.093 477.883 465.808 475.678 447.763 4.983 460.325 463.343 2.983 481.198 5.563 350.402 463.342 451.212 467.567 480.953 461.440 462.818 473.330 459.620 449.042 461.390 459.128 479.522 2.700 466.858 478.760 461.722 2.272 23.423 476.883 79.023 458.918 464.675 78.962 19.295 439.562 16.488 460.412 471.783 474.210 29.015 455.967 80.960 476.670 465.468 472.870 449.295 20.885 353.038 79.245 469.970 459.670 0.000 457.778 475.118 460.993 86.062 472.270 479.725 21.380 454.868 471.320 477.485 348.150 479.433 461.950 452.180 22.290 470.538 461.255 466.193 81.760 464.780 2.207 459.877 348.113 474.210 469.165 2.892 477.853 465.748 460.395 8.162 481.425
39.883 471.217 471.217 135.172 396.523 36.952 5.460 34.790 455.483 30.135 5.668 38.205 47.853 38.497 36.342 34.497 12.060 34.962 44.943 474.495 39.432 6.983 477.750 38.803 479.317 126.682 17.358 38.392 13.892 33.602 6.393 15.865 19.655 4.757 40.357 4.412 12.175 37.262 476.013 36.880 40.230 4.393 475.585 460.930 34.063 398.932 3.872 10.927 397.372 458.748 45.083 466.270 5.365 17.652 33.270 484.238 42.088 400.873 31.693 11.720 19.195 40.432 455.938 157.415 403.718 15.863 5.935 475.088 0.000 35.657 5.947 395.058 19.687 34.207 458.508 48.457 33.753 34.873 128.560 40.032 8.082 6.622 454.685 20.143 7.387 12.498 396.045 11.220 475.893 5.013 130.045 34.345 18.637 477.658 35.290 17.863 5.348 481.475 38.400
23.402 471.672 471.672 135.627 396.978 15.555 37.152 15.905 455.938 16.963 36.123 26.788 27.753 7.130 27.437 10.450 24.743 3.772 35.247 474.950 20.162 38.477 478.205 10.432 479.772 127.137 29.468 26.102 22.275 13.520 30.497 34.668 19.197 32.960 28.363 36.032 32.867 8.890 476.468 16.780 8.863 35.830 476.040 461.385 7.067 399.387 32.350 25.865 397.827 459.203 37.013 466.725 31.258 37.795 3.740 484.693 23.412 401.328 57.102 26.490 22.435 26.420 456.393 157.870 404.173 35.587 30.355 475.543 35.253 0.000 30.737 395.513 19.343 12.292 458.963 28.833 5.773 6.550 129.015 9.537 29.077 38.313 455.140 40.048 28.975 26.712 396.500 27.903 476.348 32.617 130.500 2.303 41.553 478.113 6.918 27.518 33.940 481.930 11.528
38.173 474.497 474.497 138.452 399.803 32.453 8.740 30.292 458.763 25.637 8.948 39.232 43.355 33.998 37.368 29.998 11.103 30.463 45.970 477.775 34.933 11.880 481.030 34.305 482.597 129.962 18.312 39.418 9.393 29.103 1.018 16.892 15.157 3.133 41.383 9.230 13.202 32.763 479.293 32.382 35.732 9.028 478.865 464.210 29.565 402.212 2.402 9.970 400.652 462.028 46.110 469.550 1.230 18.082 28.772 487.518 38.307 404.153 35.430 10.763 14.697 41.192 459.218 160.695 406.998 16.293 4.978 478.368 6.148 31.158 0.000 398.338 15.188 29.708 461.788 43.958 29.255 30.375 131.840 35.533 7.125 9.902 457.965 20.573 6.415 10.632 399.325 10.010 479.173 2.790 133.325 29.847 19.067 480.938 30.792 16.907 4.102 484.755 33.902
374.547 82.185 82.185 281.198 7.492 389.820 376.420 407.763 66.452 404.167 375.788 372.078 381.263 398.447 369.513 399.303 387.228 397.098 369.183 85.463 381.745 384.763 88.718 402.618 90.285 271.822 384.762 372.632 388.987 402.373 382.860 384.238 394.750 381.040 370.462 382.810 380.548 400.942 86.982 388.278 400.180 383.142 86.553 71.898 398.303 11.670 380.338 386.095 8.142 69.717 360.982 77.238 381.832 393.203 395.630 95.207 377.387 9.762 398.090 386.888 394.290 370.715 66.907 274.458 16.672 391.390 381.090 86.057 379.198 396.538 382.413 0.000 393.690 401.145 69.477 376.288 392.740 398.905 269.570 400.853 383.370 373.600 65.653 391.958 382.675 387.613 6.228 386.200 86.862 381.297 269.533 395.630 390.585 88.627 399.273 387.168 381.815 92.443 402.845
26.940 475.210 475.210 139.165 400.517 21.220 21.623 26.630 459.477 21.975 20.595 30.327 32.122 22.765 30.975 19.332 8.310 19.230 38.785 478.488 23.700 22.948 481.743 23.072 483.310 130.675 11.825 29.640 6.747 22.402 14.968 17.025 3.788 17.432 31.902 20.503 16.433 21.530 480.007 21.148 24.498 20.302 479.578 464.923 18.332 402.925 16.822 9.432 401.365 462.742 40.552 470.263 15.730 28.102 17.538 488.232 27.073 404.867 46.472 10.473 6.685 29.958 459.932 161.408 407.712 26.313 14.827 479.082 19.725 19.925 15.208 399.052 0.000 21.173 462.502 32.725 18.022 19.142 132.553 24.317 13.548 22.785 458.678 30.593 13.447 11.183 400.038 12.375 479.887 17.088 134.038 18.613 29.087 481.652 19.558 9.875 18.412 485.468 25.550
29.955 478.225 478.225 142.180 403.532 22.108 33.733 10.382 462.492 6.137 32.705 33.342 34.307 10.820 33.990 3.920 23.568 10.175 41.800 481.503 26.715 34.190 484.758 6.990 486.325 133.690 29.900 32.655 19.537 1.653 27.078 32.963 20.000 29.542 34.917 32.613 29.488 7.693 483.022 23.333 12.473 32.412 482.593 467.938 4.973 405.940 28.932 24.842 404.380 465.757 43.567 473.278 27.840 28.225 10.823 491.247 29.965 407.882 47.532 24.355 18.965 32.973 462.947 164.423 410.727 26.017 26.937 482.097 31.835 11.567 27.318 402.067 19.775 0.000 465.517 35.387 13.993 5.487 135.568 10.687 25.442 34.895 461.693 30.478 25.340 23.398 403.053 24.590 482.902 29.198 137.053 10.255 31.983 484.667 6.727 27.950 30.522 488.483 10.527
436.437 17.408 17.408 343.088 62.533 451.710 438.310 469.653 12.043 466.057 437.678 433.968 443.153 460.337 431.403 461.193 449.118 458.988 431.073 20.687 443.635 446.653 23.942 464.508 25.508 333.712 446.652 434.522 450.877 464.263 444.750 446.128 456.640 442.930 432.352 444.700 442.438 462.832 22.205 450.168 462.070 445.032 21.777 7.682 460.193 62.333 442.228 447.985 62.272 4.940 422.872 12.462 443.722 455.093 457.520 37.038 439.277 64.270 459.980 448.778 456.180 432.605 3.553 336.348 62.555 453.280 442.980 21.280 441.088 458.428 444.303 69.372 455.580 463.035 0.000 438.178 454.630 460.795 331.460 462.743 445.260 435.490 4.823 453.848 444.565 449.503 65.070 448.090 22.085 443.187 331.423 457.520 452.475 23.850 461.163 449.058 443.705 27.667 464.735
9.512 451.310 451.310 115.265 376.617 17.578 45.912 40.153 435.577 36.228 43.418 12.898 5.653 30.508 14.823 31.365 39.073 29.160 12.852 454.588 12.622 52.807 457.843 34.680 459.410 106.775 35.383 13.492 36.605 34.435 44.827 38.428 33.527 47.290 12.307 50.362 38.772 33.003 456.107 12.668 32.242 50.160 455.678 441.023 30.365 379.025 46.680 40.195 377.465 438.842 16.652 446.363 45.588 57.010 27.692 464.332 7.625 380.967 76.317 40.820 36.765 12.530 436.032 137.508 383.812 54.802 44.685 455.182 47.702 28.600 45.067 375.152 33.673 33.207 438.602 0.000 24.802 30.967 108.653 32.915 43.407 48.162 434.778 59.263 43.305 41.042 376.138 42.233 455.987 46.947 110.138 27.692 58.945 457.752 31.335 38.628 48.270 461.568 34.907
19.013 467.283 467.283 131.238 392.590 11.167 35.718 17.010 451.550 16.302 34.690 22.400 23.365 7.365 23.048 11.438 23.310 6.017 30.858 470.562 15.773 37.043 473.817 11.537 475.383 122.748 28.035 21.713 20.842 14.508 29.063 33.235 17.763 31.527 23.975 34.598 31.433 9.860 472.080 12.392 9.098 34.397 471.652 456.997 9.312 394.998 30.917 24.432 393.438 454.815 32.625 462.337 29.825 37.083 5.985 480.305 19.023 396.940 56.390 25.057 21.002 22.032 452.005 153.482 399.785 34.875 28.922 471.155 33.820 5.457 29.303 391.125 17.910 13.280 454.575 24.445 0.000 8.795 124.627 9.772 27.643 36.880 450.752 39.337 27.542 25.278 392.112 26.470 471.960 31.183 126.112 4.548 40.842 473.725 9.163 26.085 32.507 477.542 11.763
25.752 474.022 474.022 137.977 399.328 17.905 37.022 12.400 458.288 11.093 35.993 29.138 30.103 7.130 29.787 4.580 24.613 5.162 37.597 477.300 22.512 38.347 480.555 6.927 482.122 129.487 29.338 28.452 22.145 7.650 30.367 34.538 19.067 32.830 30.713 35.902 32.737 5.385 478.818 19.130 8.783 35.700 478.390 463.735 1.197 401.737 32.220 25.735 400.177 461.553 39.363 469.075 31.128 33.182 5.810 487.043 25.762 403.678 52.488 26.360 22.305 28.770 458.743 160.220 406.523 30.973 30.225 477.893 35.123 6.553 30.607 397.863 19.213 6.422 461.313 31.183 8.980 0.000 131.365 8.172 28.947 38.183 457.490 35.435 28.845 26.582 398.850 27.773 478.698 32.487 132.850 5.242 36.940 480.463 1.962 27.388 33.810 484.280 9.405
105.812 346.132 346.132 13.027 271.438 121.085 107.685 139.028 330.398 135.432 107.053 103.343 112.528 129.712 100.778 130.568 118.493 128.363 100.448 349.410 113.010 116.028 352.665 133.883 354.232 2.658 116.027 103.897 120.252 133.638 114.125 115.503 126.015 112.305 101.727 114.075 111.813 132.207 350.928 119.543 131.445 114.407 350.500 335.845 129.568 273.847 111.603 117.360 272.287 333.663 92.247 341.185 113.097 124.468 126.895 359.153 108.652 275.788 129.355 118.153 125.555 101.980 330.853 35.967 278.633 122.655 112.355 350.003 110.463 127.803 113.678 269.973 124.955 132.410 333.423 107.553 124.005 130.170 0.000 132.118 114.635 104.865 329.600 123.223 113.940 118.878 270.960 117.465 350.808 112.562 4.832 126.895 121.850 352.573 130.538 118.433 113.080 356.390 134.110
25.967 474.237 474.237 138.192 399.543 18.120 40.912 9.227 458.503 12.458 39.883 29.353 30.318 5.190 30.002 10.933 28.503 8.675 37.812 477.515 22.727 41.447 480.770 5.385 482.337 129.702 33.228 28.667 26.035 11.253 34.257 38.428 22.957 36.720 30.928 39.792 36.627 4.163 479.033 19.345 3.108 39.590 478.605 463.950 7.550 401.952 36.110 29.625 400.392 461.768 39.578 469.290 35.018 35.482 9.535 487.258 25.977 403.893 54.788 30.250 26.195 28.985 458.958 160.435 406.738 33.273 34.115 478.108 39.013 9.990 34.497 398.078 23.103 10.297 461.528 31.398 10.582 7.033 131.580 0.000 32.698 42.073 457.705 37.735 32.597 30.472 399.065 31.663 478.913 36.377 133.065 8.368 39.240 480.678 6.530 31.278 37.700 484.495 2.768
35.927 475.785 475.785 139.740 401.092 30.872 10.300 28.710 460.052 24.055 9.272 34.248 41.773 32.417 32.385 28.417 5.957 28.882 40.987 479.063 33.352 14.303 482.318 32.723 483.885 131.250 13.165 34.435 7.812 27.522 7.635 11.908 13.575 9.017 36.400 12.350 8.218 31.182 480.582 30.800 34.150 12.393 480.153 465.498 27.983 403.500 5.305 4.823 401.940 463.317 41.127 470.838 6.607 23.558 27.190 488.807 36.725 405.442 39.013 5.617 13.115 36.475 460.507 161.983 408.287 21.770 3.737 479.657 8.208 29.577 7.188 399.627 13.607 28.127 463.077 42.377 27.673 28.793 133.128 33.952 0.000 11.462 459.253 26.050 2.443 6.183 400.613 4.760 480.462 7.808 134.613 28.265 24.543 482.227 29.210 11.760 7.865 486.043 32.320
40.472 465.475 465.475 129.430 390.782 40.145 3.835 37.983 449.742 33.328 6.257 38.793 51.047 41.690 36.930 37.690 15.395 38.155 45.532 468.753 42.625 12.708 472.008 41.997 473.575 120.940 17.947 38.980 17.085 36.795 10.275 16.453 22.848 8.455 40.945 10.755 12.763 40.455 470.272 40.073 43.423 10.798 469.843 455.188 37.257 393.190 7.753 14.262 391.630 453.007 45.672 460.528 9.247 22.385 36.463 478.497 42.677 395.132 29.355 15.055 22.388 41.020 450.197 151.673 397.977 20.597 9.188 469.347 6.613 38.850 9.828 389.317 22.880 37.400 452.767 49.453 36.947 38.067 122.818 43.225 11.468 0.000 448.943 22.942 10.773 15.622 390.303 14.410 470.152 8.712 124.303 37.538 21.568 471.917 38.483 20.032 9.230 475.733 41.593
432.572 18.407 18.407 339.223 58.668 447.845 434.445 465.788 8.178 462.192 433.813 430.103 439.288 456.472 427.538 457.328 445.253 455.123 427.208 21.685 439.770 442.788 24.940 460.643 26.507 329.847 442.787 430.657 447.012 460.398 440.885 442.263 452.775 439.065 428.487 440.835 438.573 458.967 23.203 446.303 458.205 441.167 22.775 6.245 456.328 58.468 438.363 444.120 58.407 5.938 419.007 13.460 439.857 451.228 453.655 38.037 435.412 60.405 456.115 444.913 452.315 428.740 2.352 332.483 58.690 449.415 439.115 22.278 437.223 454.563 440.438 65.507 451.715 459.170 4.922 434.313 450.765 456.930 327.595 458.878 441.395 431.625 0.000 449.983 440.700 445.638 61.205 444.225 23.083 439.322 327.558 453.655 448.610 24.848 457.298 445.193 439.840 28.665 460.870
53.467 480.218 480.218 144.173 405.525 47.747 23.742 33.280 464.485 28.625 23.950 56.487 58.648 41.407 54.623 32.987 27.755 39.840 63.225 483.497 50.227 17.922 486.752 37.577 488.318 135.683 35.640 56.167 24.687 32.092 20.428 34.147 30.450 19.413 58.428 17.647 30.457 38.280 485.015 47.675 40.528 17.568 484.587 469.932 36.192 407.933 21.442 28.718 406.373 467.750 63.365 475.272 21.190 3.135 38.148 493.240 53.600 409.875 29.530 28.542 27.280 56.485 464.940 166.417 412.720 6.050 23.298 484.090 19.910 40.535 20.668 404.060 30.482 32.697 467.510 59.252 39.678 37.002 137.562 38.522 25.873 24.598 463.687 0.000 24.388 25.925 405.047 26.020 484.895 18.998 139.047 39.223 2.585 486.660 38.490 35.655 20.775 490.477 36.890
36.502 475.363 475.363 139.318 400.670 30.782 9.607 28.620 459.630 23.965 8.578 35.757 41.683 32.327 33.893 28.327 7.465 28.792 42.495 478.642 33.262 13.610 481.897 32.633 483.463 130.828 14.673 35.943 7.722 27.432 6.565 13.417 13.485 8.323 37.908 11.657 9.727 31.092 480.160 30.710 34.060 11.700 479.732 465.077 27.893 403.078 4.612 6.332 401.518 462.895 42.635 470.417 5.913 21.918 27.100 488.385 36.635 405.020 38.320 7.125 13.025 37.983 460.085 161.562 407.865 20.130 2.932 479.235 7.515 29.487 6.495 399.205 13.517 28.037 462.655 42.287 27.583 28.703 132.707 33.862 2.542 10.768 458.832 24.410 0.000 6.093 400.192 4.670 480.040 7.115 134.192 28.175 22.903 481.805 29.120 13.268 7.172 485.622 32.230
33.483 478.568 478.568 142.523 403.875 27.763 13.270 26.040 462.835 21.385 12.395 36.870 38.665 29.308 35.168 25.747 5.722 25.773 43.770 481.847 30.243 17.468 485.102 29.615 486.668 134.033 16.182 36.183 4.703 24.852 9.635 14.692 10.467 12.178 38.445 15.515 11.002 28.073 483.365 27.692 31.042 15.428 482.937 468.282 24.875 406.283 8.470 6.995 404.723 466.100 43.910 473.622 9.750 23.228 24.082 491.590 33.617 408.225 41.598 6.508 10.007 36.502 463.290 164.767 411.070 21.440 7.248 482.440 11.373 26.468 9.957 402.410 10.498 25.457 465.860 39.268 24.565 25.685 135.912 30.860 4.777 14.432 462.037 25.720 4.675 0.000 403.397 1.192 483.245 10.973 137.397 25.157 24.213 485.010 26.102 14.777 11.030 488.827 29.650
375.577 77.733 77.733 282.228 3.040 390.850 377.450 408.793 62.000 405.197 376.818 373.108 382.293 399.477 370.543 400.333 388.258 398.128 370.213 81.012 382.775 385.793 84.267 403.648 85.833 272.852 385.792 373.662 390.017 403.403 383.890 385.268 395.780 382.070 371.492 383.840 381.578 401.972 82.530 389.308 401.210 384.172 82.102 67.447 399.333 7.253 381.368 387.125 3.888 65.265 362.012 72.787 382.862 394.233 396.660 90.755 378.417 8.457 399.120 387.918 395.320 371.745 62.455 275.488 12.255 392.420 382.120 81.605 380.228 397.568 383.443 6.007 394.720 402.175 65.025 377.318 393.770 399.935 270.600 401.883 384.400 374.630 61.202 392.988 383.705 388.643 0.000 387.230 82.410 382.327 270.563 396.660 391.615 84.175 400.303 388.198 382.845 87.992 403.875
33.932 478.343 478.343 142.298 403.650 28.212 13.045 26.488 462.610 21.833 12.170 36.807 39.113 29.757 34.943 26.195 5.593 26.222 43.545 481.622 30.692 17.243 484.877 30.063 486.443 133.808 15.957 36.632 5.152 25.300 9.410 14.467 10.915 11.953 38.893 15.290 10.777 28.522 483.140 28.140 31.490 15.333 482.712 468.057 25.323 406.058 8.245 6.867 404.498 465.875 43.685 473.397 9.525 23.488 24.530 491.365 34.065 408.000 41.858 6.380 10.455 36.950 463.065 164.542 410.845 21.700 7.023 482.215 11.148 26.917 9.732 402.185 10.947 25.905 465.635 39.717 25.013 26.133 135.687 31.308 4.552 14.207 461.812 25.980 4.450 2.523 403.172 0.000 483.020 10.748 137.172 25.605 24.473 484.785 26.550 14.552 10.805 488.602 30.098
453.977 22.285 22.285 360.628 80.073 469.250 455.850 487.193 29.735 483.597 455.218 451.508 460.693 477.877 448.943 478.733 466.658 476.528 448.613 5.833 461.175 464.193 4.085 482.048 6.665 351.252 464.192 452.062 468.417 481.803 462.290 463.668 474.180 460.470 449.892 462.240 459.978 480.372 3.550 467.708 479.610 462.572 3.122 24.273 477.733 79.873 459.768 465.525 79.812 20.145 440.412 17.338 461.262 472.633 475.060 29.980 456.817 81.810 477.520 466.318 473.720 450.145 21.735 353.888 80.095 470.820 460.520 2.223 458.628 475.968 461.843 86.912 473.120 480.575 22.230 455.718 472.170 478.335 349.000 480.283 462.800 453.030 23.140 471.388 462.105 467.043 82.610 465.630 0.000 460.727 348.963 475.060 470.015 3.993 478.703 466.598 461.245 9.012 482.275
40.170 473.242 473.242 137.197 398.548 34.450 7.485 32.288 457.508 27.633 7.693 39.773 45.352 35.995 37.910 31.995 11.645 32.460 46.512 476.520 36.930 10.242 479.775 36.302 481.342 128.707 18.853 39.960 11.390 31.100 3.022 17.433 17.153 1.208 41.925 7.592 13.743 34.760 478.038 34.378 37.728 7.390 477.610 462.955 31.562 400.957 2.443 10.512 399.397 460.773 46.652 468.295 3.560 16.567 30.768 486.263 40.303 402.898 34.140 11.305 16.693 42.000 457.963 159.440 405.743 14.778 5.520 477.113 5.077 33.155 3.038 397.083 17.185 31.705 460.533 45.955 31.252 32.372 130.585 37.530 7.667 8.647 456.710 19.058 6.972 12.083 398.070 10.805 477.918 0.000 132.070 31.843 17.552 479.683 32.788 17.448 2.487 483.500 35.898
109.860 345.428 345.428 14.013 270.735 125.133 111.733 143.077 329.695 139.480 111.102 107.392 116.577 133.760 104.827 134.617 122.542 132.412 104.497 348.707 117.058 120.077 351.962 137.932 353.528 5.152 120.075 107.945 124.300 137.687 118.173 119.552 130.063 116.353 105.775 118.123 115.862 136.255 350.225 123.592 135.493 118.455 349.797 335.142 133.617 273.143 115.652 121.408 271.583 332.960 96.295 340.482 117.145 128.517 130.943 358.450 112.700 275.085 133.403 122.202 129.603 106.028 330.150 35.263 277.930 126.703 116.403 349.300 114.512 131.852 117.727 269.270 129.003 136.458 332.720 111.602 128.053 134.218 4.857 136.167 118.683 108.913 328.897 127.272 117.988 122.927 270.257 121.513 350.105 116.610 0.000 130.943 125.898 351.870 134.587 122.482 117.128 355.687 138.158
22.443 470.713 470.713 134.668 396.020 14.597 36.063 14.430 454.980 15.488 35.035 25.830 26.795 5.617 26.478 8.975 23.655 2.355 34.288 473.992 19.203 37.388 477.247 8.957 478.813 126.178 28.380 25.143 21.187 12.045 29.408 33.580 18.108 31.872 27.405 34.943 31.778 7.415 475.510 15.822 7.350 34.742 475.082 460.427 5.592 398.428 31.262 24.777 396.868 458.245 36.055 465.767 30.170 36.707 2.652 483.735 22.453 400.370 56.013 25.402 21.347 25.462 455.435 156.912 403.215 34.498 29.267 474.585 34.165 2.388 29.648 394.555 18.255 10.817 458.005 27.875 4.815 5.075 128.057 8.023 27.988 37.225 454.182 38.960 27.887 25.623 395.542 26.815 475.390 31.528 129.542 0.000 40.465 477.155 5.443 26.430 32.852 480.972 10.015
51.893 478.840 478.840 142.795 404.147 46.173 22.168 35.013 463.107 30.358 22.377 54.913 57.075 43.140 53.050 34.720 26.182 41.573 61.652 482.118 48.653 16.348 485.373 39.310 486.940 134.305 34.067 54.593 23.113 33.825 18.855 32.573 28.877 17.840 56.855 16.073 28.883 40.013 483.637 46.102 42.262 15.995 483.208 468.553 37.925 406.555 19.868 27.145 404.995 466.372 61.792 473.893 19.617 4.502 39.882 491.862 52.027 408.497 28.152 26.968 26.603 54.912 463.562 165.038 411.342 7.783 21.725 482.712 18.337 42.268 19.095 402.682 28.908 34.430 466.132 57.678 41.412 38.735 136.183 40.255 24.300 23.220 462.308 2.673 22.815 24.352 403.668 24.447 483.517 17.425 137.668 40.957 0.000 485.282 40.223 34.082 19.202 489.098 38.623
455.860 24.168 24.168 362.512 81.957 471.133 457.733 489.077 31.618 485.480 457.102 453.392 462.577 479.760 450.827 480.617 468.542 478.412 450.497 7.717 463.058 466.077 1.332 483.932 6.583 353.135 466.075 453.945 470.300 483.687 464.173 465.552 476.063 462.353 451.775 464.123 461.862 482.255 5.433 469.592 481.493 464.455 5.005 26.157 479.617 81.757 461.652 467.408 81.695 22.028 442.295 19.222 463.145 474.517 476.943 30.035 458.700 83.693 479.403 468.202 475.603 452.028 23.618 355.772 81.978 472.703 462.403 3.023 460.512 477.852 463.727 88.795 475.003 482.458 24.113 457.602 474.053 480.218 350.883 482.167 464.683 454.913 25.023 473.272 463.988 468.927 84.493 467.513 4.245 462.610 350.847 476.943 471.898 0.000 480.587 468.482 463.128 10.895 484.158
26.195 474.465 474.465 138.420 399.772 18.348 37.473 11.910 458.732 11.423 36.445 29.582 30.547 6.640 30.230 5.772 25.065 5.605 38.040 477.743 22.955 38.798 480.998 6.437 482.565 129.930 29.790 28.895 22.597 8.427 30.818 34.990 19.518 33.282 31.157 36.353 33.188 4.895 479.262 19.573 8.293 36.152 478.833 464.178 2.493 402.180 32.672 26.187 400.620 461.997 39.807 469.518 31.580 33.512 6.253 487.487 26.205 404.122 52.818 26.812 22.757 29.213 459.187 160.663 406.967 31.303 30.677 478.337 35.575 6.997 31.058 398.307 19.665 7.198 461.757 31.627 9.423 2.142 131.808 7.682 29.398 38.635 457.933 35.765 29.297 27.033 399.293 28.225 479.142 32.938 133.293 5.685 37.270 480.907 0.000 27.840 34.262 484.723 8.915
29.855 469.713 469.713 133.668 395.020 29.315 17.430 34.725 453.980 30.070 14.937 28.177 40.217 30.860 26.313 27.427 9.805 27.325 34.915 472.992 31.795 23.975 476.247 31.167 477.813 125.178 5.588 28.363 13.240 30.497 17.307 10.788 11.883 18.688 30.328 22.022 10.290 29.625 474.510 29.243 32.593 22.065 474.082 459.427 26.427 397.428 14.977 8.435 395.868 457.245 35.055 464.767 16.278 33.230 25.633 482.735 32.060 399.370 48.155 10.533 14.780 30.403 454.435 155.912 402.215 31.442 13.835 473.585 17.880 28.020 16.860 393.555 10.293 29.268 457.005 38.837 26.117 27.237 127.057 32.412 11.787 19.680 453.182 35.722 13.295 13.092 394.542 12.033 474.390 17.480 128.542 26.708 34.215 476.155 27.653 0.000 17.537 479.972 33.645
41.478 473.718 473.718 137.673 399.025 35.758 7.962 33.597 457.985 28.942 8.170 39.965 46.660 37.303 38.102 33.303 11.837 33.768 46.703 476.997 38.238 11.648 480.252 37.610 481.818 129.183 19.045 40.152 12.698 32.408 4.323 17.625 18.462 3.527 42.117 9.240 13.935 36.068 478.515 35.687 39.037 9.222 478.087 463.432 32.870 401.433 2.635 10.703 399.873 461.250 46.843 468.772 4.308 18.245 32.077 486.740 41.612 403.375 35.818 11.497 18.002 42.192 458.440 159.917 406.220 16.457 5.712 477.590 5.553 34.463 4.340 397.560 18.493 33.013 461.010 47.263 32.560 33.680 131.062 38.838 7.858 9.123 457.187 20.737 7.163 12.275 398.547 10.997 478.395 2.463 132.547 33.152 19.230 480.160 34.097 17.640 0.000 483.977 37.207
459.340 27.648 27.648 365.992 85.437 474.613 461.213 492.557 35.098 488.960 460.582 456.872 466.057 483.240 454.307 484.097 472.022 481.892 453.977 8.698 466.538 469.557 10.787 487.412 7.688 356.615 469.555 457.425 473.780 487.167 467.653 469.032 479.543 465.833 455.255 467.603 465.342 485.735 5.830 473.072 484.973 467.935 6.460 29.637 483.097 85.237 465.132 470.888 85.175 25.508 445.775 22.702 466.625 477.997 480.423 27.135 462.180 87.173 482.883 471.682 479.083 455.508 27.098 359.252 85.458 476.183 465.883 8.125 463.992 481.332 467.207 92.275 478.483 485.938 27.593 461.082 477.533 483.698 354.363 485.647 468.163 458.393 28.503 476.752 467.468 472.407 87.973 470.993 8.930 466.090 354.327 480.423 475.378 10.695 484.067 471.962 466.608 0.000 487.638
27.987 476.257 476.257 140.212 401.563 20.140 39.667 7.903 460.523 11.968 38.638 31.373 32.338 7.307 32.022 12.230 29.502 10.340 39.832 479.535 24.747 40.123 482.790 6.682 484.357 131.722 34.525 30.687 25.470 10.982 33.012 38.897 24.253 35.475 32.948 38.547 35.422 5.460 481.053 21.365 5.545 38.345 480.625 465.970 8.847 403.972 34.865 30.775 402.412 463.788 41.598 471.310 33.773 34.158 10.988 489.278 27.997 405.913 53.465 30.288 24.898 31.005 460.978 162.455 408.758 31.950 32.870 480.128 37.768 11.732 33.252 400.098 24.400 11.587 463.548 33.418 12.602 8.330 133.600 2.755 31.375 40.828 459.725 36.412 31.273 29.332 401.085 30.523 480.933 35.132 135.085 10.388 37.917 482.698 7.827 32.575 36.455 486.515 0.000
0.0000 108.7165 108.7165 24.3388 90.4169 3.4413 7.7977 7.2727 104.7758 6.9915 7.2730 0.4984 1.4867 5.1833 1.0005 5.7232 7.4297 4.8223 2.3444 109.6425 1.5923 9.8961 110.2655 5.5754 110.8169 23.4280 4.8916 0.7919 6.9609 6.3183 8.8355 5.7319 5.9145 8.6737 0.9546 9.3114 5.9227 5.3333 110.1286 3.1029 5.3301 9.3031 110.0206 106.2065 5.4689 90.8533 8.1070 6.8485 90.5599 105.8614 2.8686 107.6933 8.4259 11.9498 4.6827 112.2364 0.6844 91.4309 13.7642 7.6187 6.9395 0.5909 105.0993 29.8192 92.0706 11.3887 7.7014 109.8917 8.3652 4.6665 8.8849 90.0755 6.1779 6.1236 105.2412 1.4861 4.0797 5.3983 23.5844 5.5862 7.2026 8.4900 104.8441 12.4878 7.6979 7.4046 90.1775 7.4528 110.1231 8.6958 24.2814 4.6539 12.1306 110.2631 5.5222 5.9379 8.5579 111.2443 5.7863
108.5533 0.0000 0.0000 86.8360 18.3967 111.9946 109.7750 118.3097 5.2642 115.7763 108.5036 108.2762 109.6838 113.9681 107.6664 114.5080 110.9092 113.6071 108.4718 4.7044 110.1456 110.5516 5.3274 114.3603 3.1264 85.6983 111.5984 108.2990 111.4169 115.1031 111.3131 109.9548 112.4998 110.7418 107.7904 109.9669 109.3169 114.1181 5.1905 110.9553 114.1149 110.0689 5.0825 4.5079 114.2537 18.2539 110.7050 110.6227 18.2437 3.3590 105.9066 1.8954 111.0853 115.3384 113.4676 7.9199 109.2378 18.8324 113.9697 110.7159 112.5763 107.9582 3.8578 86.3188 16.5082 114.8275 109.5185 4.9536 110.4333 113.4513 111.2307 19.9362 113.5583 114.9084 3.5754 109.1352 112.8646 114.1831 85.1876 114.3710 110.0545 109.0655 4.2713 115.0041 109.9993 111.1156 18.8960 110.7210 5.1850 110.9256 85.1462 113.4387 114.5619 5.3251 114.3070 111.9585 110.9048 6.3062 114.5712
108.5533 0.0000 0.0000 86.8360 18.3967 111.9946 109.7750 118.3097 5.2642 115.7763 108.5036 108.2762 109.6838 113.9681 107.6664 114.5080 110.9092 113.6071 108.4718 4.7044 110.1456 110.5516 5.3274 114.3603 3.1264 85.6983 111.5984 108.2990 111.4169 115.1031 111.3131 109.9548 112.4998 110.7418 107.7904 109.9669 109.3169 114.1181 5.1905 110.9553 114.1149 110.0689 5.0825 4.5079 114.2537 18.2539 110.7050 110.6227 18.2437 3.3590 105.9066 1.8954 111.0853 115.3384 113.4676 7.9199 109.2378 18.8324 113.9697 110.7159 112.5763 107.9582 3.8578 86.3188 16.5082 114.8275 109.5185 4.9536 110.4333 113.4513 111.2307 19.9362 113.5583 114.9084 3.5754 109.1352 112.8646 114.1831 85.1876 114.3710 110.0545 109.0655 4.2713 115.0041 109.9993 111.1156 18.8960 110.7210 5.1850 110.9256 85.1462 113.4387 114.5619 5.3251 114.3070 111.9585 110.9048 6.3062 114.5712
24.5450 87.0853 87.0853 0.0000 68.7858 27.9863 25.7667 34.3014 83.1447 31.7680 24.4953 24.2680 25.6755 29.9598 23.6581 30.4997 26.9008 29.5988 24.4635 88.0113 26.1373 26.5433 88.6344 30.3520 89.1857 1.3314 27.5901 24.2907 27.4086 31.0948 27.3048 25.9465 28.4915 26.7335 23.7821 25.9585 25.3085 30.1098 88.4974 26.9470 30.1067 26.0606 88.3894 84.5753 30.2454 69.2222 26.6967 26.6144 68.9288 84.2302 21.8983 86.0622 27.0770 31.3301 29.4593 90.6053 25.2295 69.7998 29.9614 26.7076 28.5680 23.9499 83.4681 6.1288 70.4394 30.8192 25.5102 88.2606 26.4250 29.4430 27.2224 68.4444 29.5500 30.9001 83.6101 25.1269 28.8563 30.1748 1.7918 30.3627 26.0462 25.0572 83.2130 30.9958 25.9910 27.1073 68.5464 26.7127 88.4919 26.9173 2.1848 29.4304 30.5536 88.6320 30.2987 27.9502 26.8965 89.6132 30.5629
90.6404 18.3876 18.3876 68.9231 0.0000 94.0817 91.8621 100.3968 14.4470 97.8634 90.5908 90.3634 91.7709 96.0552 89.7535 96.5951 92.9963 95.6943 90.5590 19.3136 92.2327 92.6388 19.9367 96.4474 20.4880 67.7854 93.6856 90.3862 93.5040 97.1902 93.4002 92.0419 94.5870 92.8289 89.8776 92.0540 91.4040 96.2052 19.7997 93.0424 96.2021 92.1561 19.6917 15.8776 96.3408 1.0059 92.7921 92.7099 0.2311 15.5325 87.9937 17.3644 93.1724 97.4255 95.5547 21.9075 91.3249 1.4988 96.0568 92.8030 94.6634 90.0453 14.7704 68.4059 2.2111 96.9146 91.6056 19.5628 92.5204 95.5384 93.3178 1.6275 95.6454 96.9956 14.9124 91.2223 94.9517 96.2702 67.2748 96.4582 92.1416 91.1527 14.5152 97.0912 92.0864 93.2027 0.5873 92.8081 19.7942 93.0128 67.2333 95.5258 96.6491 19.9343 96.3941 94.0457 92.9919 20.9155 96.6583
3.4216 112.1381 112.1381 27.7605 93.8386 0.0000 8.3183 5.1704 108.1975 4.8892 8.1774 3.9200 2.7030 3.0810 4.4221 3.6209 5.5551 2.7200 5.7661 113.0641 1.9789 8.9574 113.6872 3.4732 114.2385 26.8496 6.4378 4.1177 5.0864 4.2160 6.9610 7.3129 4.0400 7.3812 4.3762 8.2979 7.2222 3.2310 113.5502 1.1652 3.2278 8.2457 113.4422 109.6281 3.3666 94.2749 7.3354 5.8089 93.9816 109.2830 6.2902 111.1149 7.1408 9.8476 2.5805 115.6580 3.3493 94.8526 14.0905 5.7442 5.0649 4.0125 108.5209 33.2408 95.4922 9.2864 6.8272 113.3134 8.0657 2.5642 7.0104 93.4971 4.3033 4.0213 108.6629 3.2923 1.9774 3.2960 27.0060 3.4839 6.5020 8.8227 108.2658 10.3855 6.5114 5.5301 93.5992 5.7315 113.5447 7.4401 27.7030 2.5516 10.2561 113.6848 3.4199 5.8063 7.5448 114.6660 3.6841
7.8607 112.2589 112.2589 27.8813 93.9594 8.5587 0.0000 8.3831 108.3183 7.4421 0.7220 7.5700 10.5417 8.1242 7.1389 8.5214 2.9828 7.1663 8.7294 113.1849 9.2863 2.5309 113.8080 7.6954 114.3593 26.9704 3.0873 7.5060 3.4128 8.1934 1.8798 2.7436 4.4957 1.3085 7.9199 1.9462 2.1057 7.5956 113.6710 9.0039 8.2710 1.9379 113.5630 109.7489 7.4186 94.3957 1.2717 2.6963 94.1024 109.4038 8.9006 111.2357 1.6520 4.8870 6.8427 115.7788 8.6914 94.9734 6.1204 2.7895 4.5722 8.0665 108.6417 33.3617 95.6130 4.3735 1.5144 113.4342 1.0000 7.2297 1.7974 93.6179 4.7321 8.3640 108.7837 9.4930 7.4220 7.5470 27.1268 9.8126 2.0504 0.8462 108.3866 5.4920 1.9952 3.1893 93.7200 2.7947 113.6655 1.4923 27.8238 7.1531 5.0240 113.8056 7.4865 3.5465 1.4715 114.7868 9.3286
7.1633 115.9147 115.9147 31.5371 97.6152 4.9229 8.4038 0.0000 111.9741 1.7624 8.2629 7.6617 7.1917 2.4684 8.0795 2.5454 6.0956 2.8421 9.5077 116.8407 6.0976 8.8904 117.4638 2.0979 118.0151 30.6262 7.6719 7.7053 5.3012 1.9846 7.0465 8.0176 5.3012 7.4667 8.1179 8.3835 7.3578 1.9045 117.3268 5.6539 2.1624 8.3312 117.2188 113.4047 2.5239 98.0515 7.4209 6.4416 97.7582 113.0596 10.0668 114.8915 7.2263 7.4884 3.1303 119.4346 7.1792 98.6292 11.7313 6.1675 4.8479 7.7542 112.2975 37.0174 99.2688 6.9273 6.9127 117.0900 8.1513 3.0105 7.0959 97.2738 5.5375 2.1552 112.4395 7.7078 3.1692 2.4055 30.7826 1.7862 6.5875 8.9083 112.0424 8.0264 6.5970 5.6321 97.3758 5.8334 117.3213 7.5256 31.4796 2.9339 8.3710 117.4614 2.3740 7.0405 7.6303 118.4426 1.3022
104.5998 5.2642 5.2642 82.8824 14.4431 108.0411 105.8215 114.3561 0.0000 111.8228 104.5501 104.3227 105.7303 110.0146 103.7128 110.5545 106.9556 109.6536 104.5183 6.1902 106.1921 106.5981 6.8133 110.4067 7.3646 81.7447 107.6449 104.3455 107.4633 111.1496 107.3596 106.0012 108.5463 106.7883 103.8369 106.0133 105.3633 110.1646 6.6763 107.0018 110.1614 106.1154 6.5683 2.3069 110.3002 14.3004 106.7515 106.6692 14.2902 2.4092 101.9530 4.2411 107.1317 111.3848 109.5140 10.4011 105.2842 14.8789 110.0161 106.7624 108.6228 104.0047 1.6292 82.3652 12.5546 110.8739 105.5650 6.4395 106.4797 109.4978 107.2771 15.9826 109.6047 110.9549 1.7711 105.1816 108.9110 110.2295 81.2341 110.4175 106.1009 105.1120 1.3740 111.0505 106.0457 107.1621 14.9424 106.7674 6.6709 106.9721 81.1927 109.4852 110.6084 6.8109 110.3535 108.0050 106.9512 7.7921 110.6176
7.6133 116.3647 116.3647 31.9870 98.0651 5.3729 6.7940 1.8450 112.4241 0.0000 6.6531 8.1116 7.6417 2.8170 8.5295 1.7558 4.4859 2.9602 9.9577 117.2907 6.5475 7.2806 117.9137 2.0612 118.4651 31.0762 6.0622 8.1553 3.6914 1.1950 5.4367 6.4078 3.6914 5.8569 8.5679 6.7737 5.7480 2.1200 117.7768 6.1038 3.1636 6.7214 117.6688 113.8547 2.1406 98.5015 5.8111 4.8318 98.2081 113.5096 10.5168 115.3415 5.6165 5.8787 3.3672 119.8846 7.6291 99.0792 10.1215 4.5577 3.2381 8.2042 112.7475 37.4674 99.7188 5.3175 5.3029 117.5399 6.5415 3.1287 5.4861 97.7237 3.9277 1.3656 112.8895 8.1577 3.8577 2.0565 31.2326 2.7874 4.9777 7.2985 112.4923 6.4166 4.9872 4.0223 97.8257 4.2236 117.7713 5.9158 31.9296 3.0521 6.7612 117.9114 1.9867 5.4307 6.0205 118.8925 2.3034
7.3360 111.0421 111.0421 26.6645 92.7426 8.4178 0.7220 8.2423 107.1015 7.3013 0.0000 7.0453 10.4009 7.9834 6.6142 8.3806 2.8416 7.0255 8.2048 111.9681 9.1454 2.8204 112.5912 7.5546 113.1425 25.7536 2.5626 6.9814 3.2719 8.0526 2.1693 2.2190 4.3549 1.5980 7.3952 2.2356 1.5810 7.4548 112.4542 8.8630 8.1302 2.2274 112.3462 108.5321 7.2777 93.1789 1.5612 2.5552 92.8856 108.1870 8.3759 110.0189 1.9415 5.1764 6.7018 114.5620 8.1667 93.7566 6.6885 2.6484 4.4314 7.5419 107.4249 32.1448 94.3962 4.6630 1.3735 112.2173 1.2895 7.0888 2.0868 92.4011 4.5912 8.2232 107.5669 8.9684 7.2812 7.4061 25.9100 9.6717 1.9095 1.4143 107.1697 5.7814 1.8543 3.0699 92.5032 2.6753 112.4487 1.7818 26.6070 7.0122 5.3135 112.5888 7.3457 3.0219 1.7609 113.5700 9.1877
0.4795 108.4436 108.4436 24.0659 90.1441 3.9208 7.5009 7.7521 104.5030 7.4709 6.9763 0.0000 1.9662 5.6627 0.6099 6.2026 6.9097 5.3018 1.9425 109.3696 2.0718 9.5994 109.9926 6.0549 110.5440 23.1551 4.5948 0.3585 7.4404 6.7978 8.3570 5.4352 6.3940 8.3769 0.7459 9.0146 5.6260 5.8127 109.8557 3.5824 5.8096 9.0064 109.7477 105.9336 5.9484 90.5804 7.8102 6.5517 90.2871 105.5885 2.5957 107.4204 8.1292 11.9554 5.1622 111.9635 1.1639 91.1581 13.4674 6.9675 7.4189 0.6867 104.8264 29.5463 91.7977 11.4419 7.4047 109.6188 8.0684 5.1460 8.2746 89.8026 6.6574 6.6031 104.9684 1.9656 4.5592 5.8777 23.3115 6.0657 6.9058 8.1932 104.5712 12.5604 7.4012 7.5208 89.9046 7.1561 109.8502 8.3990 24.0085 5.1334 12.0924 109.9903 6.0016 5.6411 8.2611 110.9715 6.2658
1.4867 109.8589 109.8589 25.4813 91.5594 2.6628 9.1885 7.4110 105.9183 7.1298 8.6638 1.9851 0.0000 5.3216 2.4872 5.8615 7.7674 4.9606 3.2873 110.7850 2.0515 11.1697 111.4080 5.7137 111.9593 24.5705 6.2824 2.1827 7.2987 6.4566 9.1732 7.1227 6.2523 9.5935 2.7138 10.5102 7.3135 5.4716 111.2710 1.4976 5.4684 10.4579 111.1631 107.3490 5.6072 91.9958 9.5476 8.0212 91.7024 107.0039 4.0110 108.8358 9.3530 12.0881 4.8210 113.3789 0.9677 92.5734 16.3310 7.9565 7.2772 2.0776 106.2417 30.9617 93.2130 11.5270 9.0394 111.0342 10.2780 4.8048 9.2226 91.2180 6.5156 6.2619 106.3837 0.8945 4.2180 5.5365 24.7269 5.7245 8.7143 11.0350 105.9866 12.6261 8.7237 7.7424 91.3200 7.9437 111.2656 9.6523 25.4238 4.7922 12.4683 111.4056 5.6605 8.0186 9.7570 112.3868 5.9246
5.5537 114.3051 114.3051 29.9274 96.0055 3.3133 8.6059 2.8387 110.3644 3.2548 8.4650 6.0520 5.5820 0.0000 6.4698 2.0261 5.8427 1.1393 7.8981 115.2311 4.4879 9.2450 115.8541 1.3518 116.4054 29.0166 6.7254 6.0957 5.3740 2.4367 7.2486 7.6005 4.3276 7.6688 6.5082 8.5856 7.5098 1.1097 115.7171 4.0442 0.4331 8.5333 115.6092 111.7951 1.3979 96.4419 7.6230 6.0965 96.1485 111.4500 8.4571 113.2819 7.4284 8.5939 1.4357 117.8250 5.5695 97.0195 12.8368 6.0318 5.3525 6.1446 110.6879 35.4078 97.6592 8.0327 7.1148 115.4803 8.3533 1.5004 7.2980 95.6641 4.5910 2.2420 110.8298 6.0981 1.5596 1.2795 29.1730 0.6905 6.7896 9.1103 110.4327 9.1318 6.7990 5.8177 95.7661 6.0191 115.7117 7.7277 29.8700 1.2255 9.4764 115.8517 1.2480 6.0939 7.8324 116.8329 1.2019
0.9816 107.8337 107.8337 23.4561 89.5342 4.4229 7.0698 8.3755 103.8931 8.0943 6.5451 0.6099 2.4683 6.2861 0.0000 6.8260 6.4785 5.9251 1.6031 108.7597 2.5739 9.1682 109.3828 6.6783 109.9341 22.5453 4.1637 0.6327 7.2370 7.4211 7.9259 5.0040 7.0218 7.9458 0.9598 8.5835 5.1948 6.4361 109.2458 4.0845 6.4329 8.5752 109.1379 105.3238 6.5717 89.9706 7.3791 6.1206 89.6772 104.9787 1.9858 106.8106 7.6980 11.5242 5.7856 111.3537 1.6660 90.5482 13.0363 6.5364 8.0467 1.1888 104.2165 28.9365 91.1878 11.0108 6.9735 109.0090 7.6373 5.7693 7.8434 89.1928 7.2852 7.2264 104.3585 2.4677 5.1825 6.5011 22.7017 6.6890 6.4747 7.7621 103.9614 12.1292 6.9700 7.0896 89.2948 6.7249 109.2404 7.9678 23.3986 5.7567 11.6613 109.3804 6.6250 5.2100 7.8300 110.3616 6.8892
6.4746 115.2260 115.2260 30.8483 96.9265 4.2342 7.6773 2.5573 111.2854 1.6851 7.5365 6.9729 6.5030 2.0323 7.3908 0.0000 5.3692 1.5843 8.8190 116.1520 5.4088 8.1528 116.7751 1.2765 117.3264 29.9375 5.9215 7.0166 4.5747 0.5951 6.3200 7.2911 3.5237 6.7403 7.4292 7.6570 6.6313 1.3353 116.6381 4.9651 2.2433 7.6047 116.5301 112.7160 0.7457 97.3628 6.6944 5.7151 97.0694 112.3709 9.3781 114.2028 6.4998 6.7508 1.6524 118.7459 6.4904 97.9405 10.9937 5.4410 4.1103 7.0655 111.6088 36.3287 98.5801 6.1897 6.1862 116.4012 7.4248 1.7528 6.3694 96.5850 3.7871 0.4004 111.7508 7.0191 2.7190 0.8365 30.0939 1.9593 5.8611 8.1818 111.3536 7.2888 5.8705 4.9056 96.6870 5.1069 116.6326 6.7991 30.7909 1.6762 7.6334 116.7727 0.9586 5.2900 6.9038 117.7539 2.2148
7.5061 114.0838 114.0838 29.7062 95.7843 5.7127 2.9829 6.2360 110.1432 5.2950 2.8416 6.9053 7.6958 5.2783 6.4741 4.8269 0.0000 4.3204 8.0647 115.0098 6.4403 4.2610 115.6329 4.8495 116.1842 28.7953 2.3355 6.8413 0.8930 6.0463 2.5464 2.4331 1.6498 2.7489 7.2552 3.6762 1.7733 4.7497 115.4959 6.1580 5.4251 3.6680 115.3879 111.5738 4.5726 96.2206 1.9996 0.4362 95.9273 111.2287 8.2359 113.0606 2.3186 5.8731 3.9967 117.6037 7.3260 96.7983 8.1841 0.3575 2.0524 8.0970 110.4666 35.1865 97.4379 5.3597 1.5650 115.2591 2.7300 4.3838 2.4640 95.4428 1.6915 5.2274 110.6086 8.0258 4.5761 4.7010 28.9517 5.3736 1.0536 3.4873 110.2115 6.4781 1.5490 0.9136 95.5448 0.5839 115.4904 2.5884 29.6487 4.3072 6.0102 115.6305 4.6406 1.9718 2.4505 116.6117 5.8161
5.0535 113.8049 113.8049 29.4273 95.5054 2.8131 7.2146 2.8005 109.8643 2.8021 7.0737 5.5519 5.0819 0.8829 5.9697 1.5170 4.4515 0.0000 7.3980 114.7309 3.9878 7.8538 115.3540 1.1032 115.9053 28.5165 5.3341 5.5955 3.9827 2.1121 5.8573 6.2093 2.9363 6.2775 6.0081 7.1943 6.1185 1.0034 115.2170 3.5441 1.0297 7.1420 115.1090 111.2950 0.8888 95.9418 6.2317 4.7053 95.6484 110.9498 7.9570 112.7818 6.0371 8.6497 0.3452 117.3249 5.0694 96.5194 12.8926 4.6405 3.9612 5.6444 110.1877 34.9077 97.1590 8.0886 5.7235 114.9802 6.9621 0.3326 5.9067 95.1640 3.1997 1.9174 110.3297 5.5980 0.7330 0.7704 28.6729 1.2858 5.3983 7.7191 109.9326 9.1876 5.4078 4.4264 95.2660 4.6278 115.2115 6.3364 29.3698 0.2309 9.5323 115.3516 0.8943 4.7026 6.4411 116.3328 1.4859
2.3541 107.4904 107.4904 23.1128 89.1909 5.7954 8.6658 10.5953 103.5498 9.3455 8.1411 1.9479 3.2446 7.5373 1.6085 8.0772 8.0745 7.1764 0.0000 108.4164 3.9464 10.7642 109.0395 7.9295 109.5908 22.2019 5.7597 2.0968 9.3150 8.6723 9.5219 6.6000 8.2686 9.5418 1.5912 10.1795 6.7908 7.6873 108.9025 4.5161 7.6842 10.1712 108.7945 104.9804 7.8229 89.6272 8.9751 7.7166 89.3339 104.6353 1.6425 106.4672 9.2940 13.1203 7.0368 111.0103 3.0385 90.2049 14.6323 8.1324 9.2935 1.7590 103.8732 28.5931 90.8445 12.6068 8.5695 108.6656 9.2333 7.0205 9.4394 88.8494 8.5319 8.4777 104.0152 2.7007 6.4338 7.7523 22.3583 7.9403 8.0707 9.3581 103.6181 13.7253 8.5660 8.6857 88.9514 8.3209 108.8970 9.5639 23.0553 7.0079 13.2573 109.0371 7.8762 6.8060 9.4260 110.0183 9.5752
109.4391 4.6642 4.6642 87.7218 19.2825 112.8804 110.6608 119.1955 6.1500 116.6621 109.3894 109.1620 110.5696 114.8539 108.5522 115.3938 111.7950 114.4929 109.3576 0.0000 111.0314 111.4374 1.3873 115.2461 1.2759 86.5841 112.4842 109.1848 112.3026 115.9889 112.1989 110.8406 113.3856 111.6276 108.6762 110.8526 110.2026 115.0039 0.6232 111.8411 115.0007 110.9547 0.5998 5.1043 115.1395 19.1397 111.5908 111.5085 19.1295 4.4055 106.7924 3.6410 111.9711 116.2242 114.3534 6.6048 110.1236 19.7182 114.8555 111.6017 113.4621 108.8440 4.7436 87.2046 17.3940 115.7133 110.4043 1.0135 111.3191 114.3371 112.1165 20.8220 114.4441 115.7942 4.4612 110.0210 113.7504 115.0689 86.0734 115.2568 110.9403 109.9513 5.1571 115.8899 110.8851 112.0014 19.7818 111.6068 1.2449 111.8114 86.0320 114.3245 115.4477 1.3849 115.1928 112.8443 111.7906 1.7390 115.4570
1.5923 110.3088 110.3088 25.9311 92.0092 2.1793 8.9307 6.0106 106.3682 5.7294 8.7899 2.0907 2.0515 3.9212 2.5928 4.4611 6.1676 3.5602 3.9367 111.2348 0.0000 9.5699 111.8578 4.3134 112.4092 25.0203 6.2580 2.2883 5.6989 5.0562 7.5735 7.0984 4.6525 7.9937 2.5469 8.9104 7.2892 4.0712 111.7209 1.8408 4.0681 8.8582 111.6129 107.7988 4.2068 92.4456 7.9479 6.4214 92.1522 107.4537 4.4609 109.2856 7.7533 10.6878 3.4207 113.8287 1.5223 93.0233 13.6008 6.3567 5.6774 2.1832 106.6916 31.4115 93.6629 10.1266 7.4397 111.4840 8.6782 3.4044 7.6229 91.6678 4.9158 4.8616 106.8336 2.0509 2.8177 4.1362 25.1767 4.3242 7.1145 9.4352 106.4364 11.2257 7.1239 6.1426 91.7698 6.3439 111.7154 8.0526 25.8737 3.3918 10.8685 111.8555 4.2601 6.4188 8.1572 112.8366 4.5243
10.9912 115.5356 115.5356 31.1580 97.2361 9.1978 2.5309 8.8073 111.5950 7.8663 2.8204 9.6685 11.1809 8.7634 9.2373 8.9456 4.2610 7.8055 10.8279 116.4617 9.9254 0.0000 117.0847 8.3346 117.6360 30.2472 5.1857 9.6045 4.0519 8.6176 2.8458 4.8421 5.1349 2.3467 10.0183 0.8295 4.2042 8.2348 116.9477 9.6431 8.9102 0.9232 116.8398 113.0257 8.0577 97.6725 2.4235 3.9745 97.3791 112.6806 10.9991 114.5125 2.8038 3.7497 7.4819 119.0556 10.8111 98.2501 4.6602 4.0677 5.2114 10.1650 111.9184 36.6384 98.8897 3.2362 2.7913 116.7109 1.6837 7.8689 2.7720 96.8947 5.3713 8.7882 112.0604 11.5109 8.0612 8.1861 30.4036 10.2367 3.3288 3.0354 111.6633 4.3547 3.2736 4.0433 96.9967 4.0728 116.9423 2.4166 31.1005 7.7923 3.8867 117.0823 8.1257 5.4384 2.6233 118.0635 9.7528
110.1024 5.3274 5.3274 88.3851 19.9458 113.5437 111.3241 119.8587 6.8133 117.3254 110.0527 109.8253 111.2329 115.5172 109.2155 116.0571 112.4582 115.1562 110.0209 1.3873 111.6947 112.1007 0.0000 115.9093 0.9832 87.2473 113.1475 109.8481 112.9659 116.6522 112.8622 111.5039 114.0489 112.2909 109.3395 111.5159 110.8659 115.6672 1.0063 112.5044 115.6640 111.6180 0.8983 5.7676 115.8028 19.8030 112.2541 112.1718 19.7928 5.0687 107.4556 4.3043 112.6344 116.8875 115.0166 6.4608 110.7868 20.3815 115.5187 112.2650 114.1254 109.5073 5.4069 87.8678 18.0572 116.3766 111.0676 0.3702 111.9823 115.0004 112.7797 21.4853 115.1074 116.4575 5.1245 110.6843 114.4136 115.7322 86.7367 115.9201 111.6035 110.6146 5.8204 116.5532 111.5483 112.6647 20.4450 112.2701 0.6707 112.4747 86.6953 114.9878 116.1110 0.1333 115.8561 113.5076 112.4538 2.1221 116.1202
5.6535 114.4049 114.4049 30.0272 96.1053 3.4131 8.4033 1.8500 110.4643 2.1070 8.2625 6.1518 5.6819 0.9906 6.5697 1.3324 6.0952 1.1338 7.9979 115.3309 4.5877 8.8788 115.9539 0.0000 116.5053 29.1164 5.8509 6.1955 5.3007 1.3197 7.0460 8.0171 3.4531 7.4663 6.6081 8.3830 7.3573 0.2936 115.8170 4.1440 1.1422 8.3308 115.7090 111.8949 0.8157 96.5417 7.4205 5.2220 96.2483 111.5498 8.5570 113.3817 7.2258 7.4769 1.4221 117.9248 5.6693 97.1194 11.7198 6.1670 4.8363 6.2444 110.7877 35.5076 97.7590 6.9157 6.9123 115.5801 8.1508 1.3023 7.0955 95.7639 3.7165 1.1250 110.9297 6.1980 1.6594 0.6973 29.2728 0.7659 6.5871 8.9078 110.5325 8.0148 6.5965 5.6316 95.8659 5.8330 115.8115 7.5252 29.9698 1.2257 8.3594 115.9516 0.5836 5.2194 7.6298 116.9328 1.1193
110.6537 3.1264 3.1264 88.9364 20.4971 114.0950 111.8754 120.4101 7.3646 117.8767 110.6040 110.3766 111.7842 116.0685 109.7668 116.6084 113.0095 115.7075 110.5722 1.2759 112.2460 112.6520 0.9832 116.4606 0.0000 87.7986 113.6988 110.3994 113.5172 117.2035 113.4135 112.0552 114.6002 112.8422 109.8908 112.0672 111.4172 116.2185 0.8329 113.0557 116.2153 112.1693 0.7612 6.3189 116.3541 20.3543 112.8054 112.7231 20.3441 5.6200 108.0069 4.8556 113.1857 117.4388 115.5679 5.8538 111.3381 20.9328 116.0700 112.8163 114.6767 110.0586 5.9582 88.4191 18.6085 116.9279 111.6189 1.1349 112.5336 115.5517 113.3310 22.0366 115.6587 117.0088 5.6758 111.2356 114.9649 116.2835 87.2880 116.4714 112.1549 111.1659 6.3717 117.1045 112.0996 113.2160 20.9964 112.8214 1.4354 113.0260 87.2466 115.5391 116.6623 1.1237 116.4074 114.0589 113.0051 1.4377 116.6716
23.4880 85.9478 85.9478 1.3314 67.6483 26.9293 24.7097 33.2444 82.0072 30.7110 23.4383 23.2109 24.6185 28.9028 22.6011 29.4427 25.8438 28.5418 23.4065 86.8738 25.0803 25.4863 87.4968 29.2950 88.0482 0.0000 26.5331 23.2337 26.3515 30.0378 26.2478 24.8895 27.4345 25.6765 22.7251 24.9015 24.2515 29.0528 87.3599 25.8900 29.0496 25.0036 87.2519 83.4378 29.1884 68.0846 25.6397 25.5574 67.7912 83.0927 20.8413 84.9246 26.0200 30.2731 28.4023 89.4677 24.1725 68.6623 28.9043 25.6506 27.5110 22.8929 82.3306 6.3751 69.3019 29.7622 24.4532 87.1230 25.3680 28.3860 26.1653 67.3068 28.4930 29.8431 82.4726 24.0699 27.7992 29.1178 0.4370 29.3057 24.9892 24.0002 82.0754 29.9388 24.9339 26.0503 67.4088 25.6557 87.3544 25.8603 1.1246 28.3734 29.4966 87.4945 29.2417 26.8932 25.8394 88.4757 29.5059
4.9478 111.8356 111.8356 27.4579 93.5361 6.6782 3.2050 8.2334 107.8950 7.2924 2.6804 4.6571 6.5807 6.2437 4.2259 5.7924 2.4021 5.2858 5.8165 112.7616 6.3780 5.3035 113.3847 5.8150 113.9360 26.5471 0.0000 4.5931 3.1606 6.3875 4.0611 1.3672 2.5944 4.0811 5.0070 4.7187 1.3301 5.7152 113.2477 7.1234 6.3906 4.7105 113.1397 109.3256 5.5381 93.9724 3.5143 2.0442 93.6791 108.9805 5.9877 110.8124 3.8333 7.6595 4.9622 115.3555 5.7784 94.5501 9.1715 2.4600 3.5863 5.1536 108.2184 32.9383 95.1897 7.1460 3.1088 113.0108 3.7725 5.3492 3.9787 93.1946 2.4519 6.1928 108.3604 6.5801 5.5416 5.6665 26.7035 6.3391 2.6099 3.8973 107.9632 8.2645 3.1053 3.1477 93.2966 2.7841 113.2422 4.1031 27.4005 5.2726 7.7965 113.3823 5.6060 0.8521 3.9652 114.3635 6.7815
0.5848 108.4664 108.4664 24.0887 90.1668 4.1301 7.3005 7.9614 104.5258 7.6803 6.7758 0.3585 2.1755 5.8720 0.6327 6.4119 6.7092 5.5111 2.0914 109.3924 2.2811 9.3990 110.0154 6.2642 110.5668 23.1779 4.3944 0.0000 7.6497 7.0071 8.1566 5.2347 6.6033 8.1765 0.8948 8.8142 5.4256 6.0221 109.8785 3.7917 6.0189 8.8060 109.7705 105.9564 6.1577 90.6032 7.6098 6.3513 90.3098 105.6113 2.6185 107.4432 7.9288 11.7550 5.3715 111.9863 1.3732 91.1809 13.2670 6.7671 7.6282 0.7804 104.8492 29.5691 91.8205 11.2415 7.2043 109.6416 7.8680 5.3553 8.0741 89.8254 6.8667 6.8124 104.9912 2.1749 4.7685 6.0870 23.3343 6.2750 6.7054 7.9928 104.5940 12.3600 7.2008 7.3204 89.9274 6.9556 109.8730 8.1986 24.0313 5.3427 11.8920 110.0131 6.2109 5.4407 8.0607 110.9942 6.4751
7.1201 114.9089 114.9089 30.5313 96.6094 5.3268 3.4128 5.5764 110.9683 4.6354 3.2719 7.6185 7.3099 4.8923 8.0363 4.4410 0.8930 3.9345 9.4646 115.8350 6.0544 4.0519 116.4580 4.4636 117.0093 29.6205 3.1606 7.6622 0.0000 5.3867 2.0555 3.0101 1.2639 2.4757 8.0747 3.3924 2.3503 4.3638 116.3210 5.7720 5.0392 3.3402 116.2131 112.3990 4.1867 97.0458 2.4299 1.2389 96.7524 112.0539 9.0610 113.8858 2.2353 5.2135 3.6108 118.4289 6.9401 97.6234 8.0828 0.9648 1.3404 7.7111 111.2917 36.0117 98.2630 4.7001 1.9217 116.0842 3.1602 3.9978 2.1049 96.2680 1.5002 5.5573 111.4337 7.6399 4.1902 4.3151 29.7769 4.9877 1.5965 3.9172 111.0366 5.8185 1.6059 0.6246 96.3700 0.8260 116.3156 2.5346 30.4738 3.9212 5.3506 116.4556 4.2547 2.7970 2.6392 117.4368 6.5218
7.0442 115.7956 115.7956 31.4179 97.4960 4.8038 7.4144 2.0593 111.8550 1.1871 7.2735 7.5425 7.0726 1.9732 7.9604 0.7919 5.1062 1.8374 9.3886 116.7216 5.9784 7.8899 117.3446 1.2174 117.8960 30.5071 6.6714 7.5862 4.3118 0.0000 6.0571 7.0282 4.3006 6.4773 7.9988 7.3941 6.3683 1.2762 117.2077 5.5347 2.1842 7.3418 117.0997 113.2856 0.9988 97.9324 6.4315 5.4522 97.6390 112.9405 9.9477 114.7724 6.2369 6.4879 2.1256 119.3155 7.0600 98.5101 10.7308 5.1781 3.8473 7.6351 112.1784 36.8983 99.1497 5.9267 5.9233 116.9708 7.1619 2.0059 6.1065 97.1546 4.5370 0.2127 112.3204 7.5886 2.4062 1.0895 30.6635 1.9002 5.5981 7.9188 111.9232 7.0258 5.6076 4.6426 97.2566 4.8440 117.2022 6.5362 31.3605 1.9293 7.3705 117.3422 1.2117 6.0399 6.6409 118.3234 2.0107
8.9947 113.7970 113.7970 29.4194 95.4975 7.2014 1.8798 7.0259 109.8564 6.0849 2.1693 8.4261 9.1844 6.7669 7.9949 7.1642 2.5464 5.8090 9.5855 114.7230 7.9290 2.8458 115.3461 6.3382 115.8974 28.5085 4.0310 8.3621 2.0555 6.8362 0.0000 3.5997 3.1385 0.5552 8.7760 2.1863 2.9618 6.2384 115.2091 7.6466 6.9138 2.1340 115.1011 111.2870 6.0613 95.9339 0.6066 2.2600 95.6405 110.9419 9.7567 112.7739 0.3210 4.2724 5.4854 117.3170 8.8147 96.5115 6.8766 2.3532 3.2149 9.5856 110.1798 34.8998 97.1511 3.7589 1.0080 114.9723 1.5006 5.8724 0.1906 95.1561 3.3748 7.0068 110.3218 9.5145 6.0648 6.1897 28.6649 8.4553 1.6143 2.3843 109.9247 4.8773 1.4398 2.0469 95.2581 1.6519 115.2036 0.6141 29.3619 5.7958 4.4094 115.3437 6.1292 3.7238 0.7249 116.3249 7.9713
5.7881 112.6759 112.6759 28.2983 94.3764 7.5534 2.6928 8.0737 108.7353 7.1328 2.1681 5.4974 7.4210 7.1189 5.0663 6.6675 2.6320 6.1610 6.6569 113.6020 7.2183 4.7912 114.2250 6.6901 114.7763 27.3875 1.3672 5.4334 3.0406 7.8841 3.5488 0.0000 3.4695 3.5688 5.8473 4.2064 0.8178 6.5903 114.0880 7.9986 7.2657 4.1982 113.9801 110.1660 6.4133 94.8128 3.0021 2.2741 94.5194 109.8209 6.8280 111.6528 3.3210 7.1472 5.8374 116.1959 6.6188 95.3904 8.6593 2.2948 4.1941 5.9939 109.0587 33.7787 96.0300 6.6338 2.5965 113.8512 3.2602 6.2244 3.4664 94.0350 3.3270 7.0680 109.2007 7.4205 6.4167 6.5416 27.5439 7.2143 2.0977 3.3851 108.8036 7.7522 2.5930 2.7126 94.1370 2.3479 114.0826 3.5908 28.2408 6.1478 7.2843 114.2226 6.4812 1.7273 3.4530 115.2038 9.0192
6.0737 114.8251 114.8251 30.4475 96.5256 4.2804 4.4957 5.8743 110.8845 4.9333 4.3549 6.5721 6.2635 3.8459 6.9899 3.3946 1.7326 2.8881 8.4182 115.7512 5.0080 5.1349 116.3742 3.4172 116.9255 29.5367 2.5944 6.6158 1.2639 3.9897 3.1385 3.4695 0.0000 3.5587 7.0283 4.4754 3.3997 3.3174 116.2372 4.7256 3.9928 4.4232 116.1293 112.3152 3.1403 96.9620 3.5129 1.9864 96.6686 111.9701 8.9772 113.8020 3.3183 6.2965 2.5644 118.3451 5.8937 97.5396 9.1658 1.9217 1.2424 6.6647 111.2079 35.9279 98.1792 5.7831 3.0047 116.0004 4.2432 2.9514 3.1879 96.1842 0.4599 3.7950 111.3499 6.5935 3.1438 3.2687 29.6931 3.9413 2.6795 5.0002 110.9528 6.9015 2.6889 1.7076 96.2862 1.9089 116.2318 3.6176 30.3900 2.8748 6.4335 116.3718 3.2083 1.9629 3.7222 117.3530 4.3837
9.4149 113.2257 113.2257 28.8481 94.9262 7.6216 1.3085 7.4461 109.2851 6.5051 1.5980 8.4460 9.6047 7.1871 8.0149 7.5844 2.7489 6.2292 9.6054 114.1517 8.3492 2.3467 114.7748 6.7584 115.3261 27.9372 3.9633 8.3820 2.4757 7.2564 0.5552 3.6197 3.5587 0.0000 8.7959 1.6955 2.9817 6.6586 114.6378 8.0668 7.3340 1.6432 114.5298 110.7157 6.4815 95.3626 0.7492 2.4624 95.0692 110.3706 9.7766 112.2026 0.6916 3.8901 5.9056 116.7456 9.2349 95.9402 6.4944 2.5556 3.6351 8.9425 109.6085 34.3285 96.5798 3.3766 1.2792 114.4010 0.9293 6.2926 0.5612 94.5848 3.7950 7.4270 109.7505 9.9347 6.4850 6.6099 28.0936 8.8755 1.8167 1.8130 109.3534 4.4951 1.7615 2.4671 94.6868 2.5607 114.6323 0.1605 28.7906 6.2160 4.0271 114.7724 6.5495 3.9263 0.5088 115.7536 8.3915
0.9588 107.9578 107.9578 23.5801 89.6582 4.4001 7.8508 8.2314 104.0171 7.9502 7.3262 0.7459 2.6733 6.1420 0.9598 6.6819 7.2596 5.7811 1.5857 108.8838 2.5511 9.9493 109.5068 6.5342 110.0581 22.6693 4.9447 0.8948 7.9197 7.2770 8.7069 5.7851 6.8733 8.7268 0.0000 9.3645 5.9759 6.2920 109.3699 4.0616 6.2889 9.3563 109.2619 105.4478 6.4276 90.0946 8.1601 6.9016 89.8012 105.1027 2.1099 106.9346 8.4791 12.3053 5.6415 111.4777 1.6432 90.6722 13.8173 7.3174 7.8982 0.3637 104.3406 29.0605 91.3119 11.7918 7.7546 109.1330 8.4183 5.6252 8.6245 89.3168 7.1366 7.0824 104.4825 2.1247 5.0385 6.3570 22.8257 6.5450 7.2557 8.5431 104.0854 12.9103 7.7511 7.8707 89.4188 7.5060 109.3644 8.7489 23.5227 5.6126 12.4423 109.5044 6.4809 5.9910 8.6110 110.4856 6.7451
10.3317 115.6281 115.6281 31.2505 97.3286 8.5384 1.9462 8.3628 111.6875 7.4218 2.2356 9.0837 10.5214 8.1039 8.6525 8.5011 3.6762 7.1460 10.2431 116.5542 9.2660 0.8295 117.1772 7.6751 117.7285 30.3397 4.6009 9.0197 3.3924 8.1731 2.1148 4.2573 4.4754 1.3965 9.4336 0.0000 3.6194 7.5753 117.0402 8.9836 8.2507 0.2020 116.9323 113.1182 7.3983 97.7650 1.8387 3.3898 97.4716 112.7731 10.4143 114.6050 2.2190 3.5784 6.8224 119.1481 10.1517 98.3426 4.7527 3.4829 4.5519 9.5802 112.0109 36.7309 98.9822 3.0650 2.2065 116.8034 0.9396 7.2094 2.1208 96.9872 4.7118 8.3437 112.1529 10.8514 7.4017 7.5266 30.4961 9.7922 2.7440 2.4507 111.7558 4.1834 2.6888 3.3838 97.0892 3.4880 117.0348 1.7654 31.1930 7.1328 3.7154 117.1748 7.4662 4.8536 1.6754 118.1560 9.3083
5.9730 112.8608 112.8608 28.4832 94.5613 7.4644 2.1544 7.3516 108.9202 6.4107 1.6297 5.6823 7.6059 7.0300 5.2511 7.4900 1.7659 6.0721 6.8417 113.7868 8.1920 4.2529 114.4099 6.6012 114.9612 27.5723 1.1995 5.6183 2.3185 7.1620 2.9058 0.8559 3.4015 3.1083 6.0322 3.6681 0.0000 6.5014 114.2729 7.9097 7.1768 3.6599 114.1649 110.3508 6.3243 94.9976 2.3590 1.4795 94.7043 110.0057 7.0129 111.8376 2.6780 6.7847 5.7484 116.3807 6.8036 95.5753 8.1209 1.5727 3.4780 6.1788 109.2436 33.9635 96.2149 6.2712 1.9244 114.0361 2.7219 6.1355 2.8234 94.2198 3.3571 7.3326 109.3856 7.6053 6.3278 6.4527 27.7287 7.1253 1.4130 2.8467 108.9885 7.3897 1.9084 1.9905 94.3219 1.6258 114.2674 2.9478 28.4257 6.0589 6.9217 114.4075 6.3923 1.5114 2.8099 115.3887 8.2971
5.4968 114.2482 114.2482 29.8706 95.9487 3.2564 7.5747 1.9909 110.3076 2.2349 7.4338 5.9952 5.5252 0.8339 6.4130 1.2872 4.8116 0.9772 7.8412 115.1742 4.4311 8.2139 115.7973 0.2936 116.3486 28.9597 5.6942 6.0388 4.3428 1.3785 6.2174 6.5694 3.2964 6.6376 6.4514 7.5544 6.4786 0.0000 115.6603 3.9874 0.7141 7.5021 115.5523 111.7382 0.6590 96.3850 6.5918 5.0654 96.0917 111.3931 8.4003 113.2250 6.3972 7.5357 1.2654 117.7681 5.5127 96.9627 11.7786 5.0007 4.3214 6.0877 110.6310 35.3509 97.6023 6.9745 6.0836 115.4235 7.3222 1.1456 6.2668 95.6073 3.5598 1.1838 110.7730 6.0413 1.5028 0.5406 29.1161 0.8005 5.7584 8.0792 110.3759 8.0736 5.7679 4.7865 95.7093 4.9879 115.6548 6.6965 29.8131 1.0690 8.4183 115.7949 0.5091 5.0628 6.8012 116.7761 1.2602
109.9654 5.1905 5.1905 88.2481 19.8088 113.4067 111.1871 119.7218 6.6763 117.1884 109.9157 109.6883 111.0959 115.3802 109.0785 115.9201 112.3212 115.0192 109.8839 0.6232 111.5577 111.9637 1.0063 115.7724 0.8329 87.1103 113.0105 109.7111 112.8289 116.5152 112.7252 111.3669 113.9119 112.1539 109.2025 111.3789 110.7289 115.5302 0.0000 112.3674 115.5270 111.4810 0.2188 5.6306 115.6658 19.6660 112.1171 112.0348 19.6558 4.9317 107.3187 4.1673 112.4974 116.7505 114.8797 6.0413 110.6499 20.2445 115.3817 112.1280 113.9884 109.3703 5.2699 87.7308 17.9203 116.2396 110.9306 0.6325 111.8454 114.8634 112.6428 21.3483 114.9704 116.3205 4.9875 110.5473 114.2766 115.5952 86.5997 115.7831 111.4666 110.4776 5.6834 116.4162 111.4114 112.5277 20.3081 112.1331 0.8639 112.3377 86.5583 114.8508 115.9740 1.0039 115.7191 113.3706 112.3169 1.1755 115.9833
3.0832 111.7997 111.7997 27.4220 93.5001 1.1652 9.0329 5.9134 107.8591 5.6322 8.8921 3.5816 1.5378 3.8240 4.0837 4.3639 6.2698 3.4630 4.5199 112.7257 1.6405 9.6721 113.3487 4.2161 113.9001 26.5112 7.1525 3.7792 5.8011 4.9590 7.6757 8.0276 4.7547 8.0959 4.0378 9.0126 7.9369 3.9740 113.2118 0.0000 3.9708 8.9604 113.1038 109.2897 4.1096 93.9365 8.0501 6.5236 93.6431 108.9446 5.9518 110.7765 7.8555 10.5905 3.3235 115.3196 3.0108 94.5142 14.8334 6.4589 5.7796 3.6741 108.1825 32.9024 95.1538 10.0294 7.5419 112.9749 8.7804 3.3072 7.7251 93.1587 5.0180 4.7643 108.3245 2.1271 2.7204 4.0390 26.6676 4.2269 7.2167 9.5374 107.9273 11.1285 7.2261 6.2448 93.2607 6.4461 113.2063 8.1548 27.3646 3.2946 10.9707 113.3464 4.1629 6.5210 8.2594 114.3275 4.4271
5.5501 114.3015 114.3015 29.9239 96.0020 3.3097 8.3019 2.2328 110.3609 2.9791 8.1610 6.0485 5.5785 0.4633 6.4663 2.0143 5.5387 1.1167 7.8945 115.2275 4.4843 10.0643 115.8506 1.2288 116.4019 29.0130 6.4214 6.0921 5.0700 2.4251 6.9446 7.2965 4.0236 7.3648 6.5047 8.2815 7.2058 0.8170 115.7136 4.0406 0.0000 8.2293 115.6056 111.7915 1.3862 96.4383 7.3190 5.7925 96.1450 111.4464 8.4536 113.2783 7.1244 8.6624 1.4130 117.8214 5.5659 97.0160 12.9053 5.7278 5.0485 6.1410 110.6843 35.4042 97.6556 8.1012 6.8108 115.4767 8.0493 1.3342 6.9940 95.6605 4.2869 1.9612 110.8263 6.0946 1.5560 1.2677 29.1694 0.3513 6.4856 8.8063 110.4291 9.2003 6.4950 5.5137 95.7626 5.7151 115.7081 7.4237 29.8664 1.2028 9.5450 115.8482 1.2363 5.7899 7.5284 116.8294 0.9263
10.2794 115.6897 115.6897 31.3121 97.3902 8.4861 1.9379 8.3106 111.7491 7.3696 2.2274 9.0755 10.4692 8.0516 8.6443 8.4489 3.6680 7.0937 10.2349 116.6158 9.2137 0.9232 117.2388 7.6229 117.7901 30.4013 4.5927 9.0115 3.3402 8.1209 2.0625 4.2491 4.4232 1.3890 9.4254 0.2030 3.6112 7.5231 117.1018 8.9313 8.1985 0.0000 116.9939 113.1798 7.3460 97.8266 1.8305 3.3815 97.5332 112.8347 10.4061 114.6666 2.2108 3.5640 6.7701 119.2097 10.0994 98.4042 4.8143 3.4747 4.4996 9.5720 112.0726 36.7925 99.0438 3.0506 2.1983 116.8650 0.9321 7.1571 2.0686 97.0488 4.6595 8.2915 112.2145 10.7992 7.3495 7.4744 30.5577 9.7400 2.7358 2.4424 111.8174 4.1690 2.6806 3.3316 97.1508 3.4798 117.0964 1.7131 31.2546 7.0805 3.7011 117.2364 7.4139 4.8454 1.6679 118.2176 9.2560
109.8574 5.0825 5.0825 88.1401 19.7008 113.2987 111.0791 119.6138 6.5683 117.0804 109.8078 109.5804 110.9879 115.2722 108.9705 115.8121 112.2133 114.9113 109.7760 0.5998 111.4497 111.8557 0.8983 115.6644 0.7612 87.0024 112.9025 109.6032 112.7210 116.4072 112.6172 111.2589 113.8040 112.0459 109.0946 111.2710 110.6210 115.4222 0.2188 112.2594 115.4191 111.3731 0.0000 5.5226 115.5578 19.5580 112.0091 111.9269 19.5479 4.8238 107.2107 4.0593 112.3894 116.6425 114.7717 6.2004 110.5419 20.1366 115.2738 112.0200 113.8804 109.2623 5.1620 87.6229 17.8123 116.1316 110.8226 0.5245 111.7374 114.7554 112.5348 21.2403 114.8624 116.2126 4.8796 110.4393 114.1687 115.4872 86.4918 115.6752 111.3586 110.3697 5.5754 116.3082 111.3034 112.4197 20.2001 112.0251 0.7559 112.2298 86.4503 114.7428 115.8661 0.8960 115.6111 113.2627 112.2089 1.3345 115.8753
106.0433 4.5079 4.5079 84.3260 15.8867 109.4846 107.2650 115.7997 2.3069 113.2663 105.9937 105.7663 107.1738 111.4581 105.1564 111.9980 108.3992 111.0972 105.9619 5.1445 107.6356 108.0417 5.7676 111.8503 6.3189 83.1883 109.0885 105.7891 108.9069 112.5931 108.8031 107.4448 109.9899 108.2318 105.2805 107.4569 106.8069 111.6081 5.6306 108.4454 111.6050 107.5590 5.5226 0.0000 111.7437 15.7439 108.1950 108.1128 15.7338 1.6528 103.3966 3.4847 108.5753 112.8284 110.9576 9.6448 106.7278 16.3225 111.4597 108.2059 110.0663 105.4482 1.5027 83.8088 13.9982 112.3175 107.0085 5.3938 107.9233 110.9414 108.7207 17.4262 111.0483 112.3985 1.3158 106.6252 110.3546 111.6731 82.6777 111.8611 107.5445 106.5556 1.3624 112.4941 107.4893 108.6056 16.3860 108.2110 5.6251 108.4157 82.6362 110.9287 112.0520 5.7652 111.7970 109.4486 108.3948 6.7464 112.0612
6.0912 114.8426 114.8426 30.4649 96.5430 3.8508 7.4186 2.4770 110.9019 2.0352 7.2777 6.5895 6.1196 1.2591 7.0073 0.6918 4.6554 0.8835 8.4356 115.7686 5.0254 8.0577 116.3916 0.7798 116.9429 29.5541 5.5381 6.6332 4.1867 1.2870 6.0613 6.4133 3.1403 6.4815 7.0457 7.3983 6.3225 0.6799 116.2546 4.5817 1.4701 7.3460 116.1467 112.3326 0.0000 96.9794 6.4357 4.9092 96.6860 111.9875 8.9947 113.8194 6.2411 7.3360 1.0738 118.3625 6.1070 97.5571 11.5789 4.8445 4.1652 6.6821 111.2254 35.9453 98.1967 6.7748 5.9275 116.0178 7.1661 1.0519 6.1107 96.2016 3.4037 1.0923 111.3674 6.6356 1.4523 0.1356 29.7105 1.3039 5.6023 7.9230 110.9702 7.8739 5.6118 4.6304 96.3036 4.8318 116.2492 6.5404 30.4075 0.9754 8.2186 116.3892 0.3359 4.9066 6.6451 117.3704 1.7463
90.6255 18.2448 18.2448 68.9082 1.0059 94.0668 91.8472 100.3819 14.3042 97.8485 90.5758 90.3485 91.7560 96.0403 89.7386 96.5802 92.9814 95.6793 90.5441 19.1708 92.2178 92.6238 19.7939 96.4325 20.3452 67.7705 93.6706 90.3712 93.4891 97.1753 93.3853 92.0270 94.5721 92.8140 89.8626 92.0391 91.3891 96.1903 19.6569 93.0275 96.1872 92.1411 19.5489 15.7348 96.3259 0.0000 92.7772 92.6949 0.7806 15.3897 87.9788 17.2216 93.1575 97.4106 95.5398 21.7647 91.3100 2.1689 96.0419 92.7881 94.6485 90.0304 14.6276 68.3910 1.4350 96.8997 91.5907 19.4201 92.5055 95.5235 93.3029 2.5455 95.6305 96.9806 14.7696 91.2074 94.9368 96.2553 67.2598 96.4432 92.1267 91.1377 14.3725 97.0763 92.0715 93.1878 1.5052 92.7932 19.6514 92.9978 67.2184 95.5109 96.6341 19.7915 96.3792 94.0307 92.9770 20.7727 96.6434
8.1700 113.1889 113.1889 28.8113 94.8894 7.5758 1.2717 7.4003 109.2483 6.4593 1.5612 7.8793 9.5588 7.1413 7.4482 7.5386 1.9996 6.1834 9.0387 114.1149 8.3034 2.4235 114.7380 6.7126 115.2893 27.9004 3.4842 7.8153 2.4299 7.2106 0.6066 3.0529 3.5129 0.7492 8.2292 1.8387 2.4150 6.6128 114.6010 8.0210 7.2882 1.8305 114.4930 110.6789 6.4357 95.3258 0.0000 1.7132 95.0324 110.3338 9.2099 112.1658 0.3788 4.5888 5.8598 116.7089 9.1891 95.9034 6.3467 1.8064 3.5893 8.3758 109.5717 34.2917 96.5430 4.0753 0.5299 114.3642 0.8925 6.2468 0.5242 94.5480 3.7492 7.3812 109.7137 9.8889 6.4392 6.5641 28.0568 8.8297 1.0675 1.7762 109.3166 5.1938 1.0123 2.2062 94.6500 1.8115 114.5955 0.5888 28.7538 6.1702 4.7258 114.7356 6.5036 3.1771 0.4509 115.7168 8.3457
7.8427 113.7925 113.7925 29.4149 95.4930 6.0493 2.6964 6.5819 109.8519 5.6409 2.5552 6.6140 8.0324 5.6149 6.1829 5.1635 0.4362 4.6570 7.7734 114.7185 6.7769 3.9745 115.3416 5.1861 115.8929 28.5041 2.0442 6.5500 1.2389 6.3922 2.2600 2.1467 1.9864 2.4624 6.9639 3.3898 1.4868 5.0863 115.2046 6.4946 5.7617 3.3815 115.0966 111.2826 4.9092 95.9294 1.7132 0.0000 95.6360 110.9374 7.9446 112.7694 2.0321 6.1388 4.3333 117.3125 7.6626 96.5070 7.8977 0.4383 2.3984 7.1105 110.1753 34.8953 97.1466 5.6254 1.2785 114.9678 2.4436 4.7203 2.1775 95.1516 1.9453 5.5639 110.3173 8.3624 4.9127 5.0376 28.6605 5.7102 0.7672 3.2009 109.9202 6.7438 1.2626 1.3202 95.2536 0.9566 115.1991 2.3020 29.3574 4.6438 6.2759 115.3392 4.9772 1.6805 2.1641 116.3204 6.1526
90.6596 18.2415 18.2415 68.9423 0.2310 94.1009 91.8813 100.4160 14.3009 97.8826 90.6100 90.3826 91.7901 96.0744 89.7727 96.6143 93.0155 95.7134 90.5782 19.1675 92.2519 92.6579 19.7906 96.4666 20.3419 67.8046 93.7047 90.4054 93.5232 97.2094 93.4194 92.0611 94.6062 92.8481 89.8968 92.0732 91.4232 96.2244 19.6536 93.0616 96.2213 92.1752 19.5456 15.7315 96.3600 0.7806 92.8113 92.7290 0.0000 15.3864 88.0129 17.2183 93.1916 97.4447 95.5739 21.7614 91.3441 1.4805 96.0760 92.8222 94.6826 90.0645 14.6243 68.4251 1.9857 96.9338 91.6248 19.4167 92.5396 95.5576 93.3370 1.7664 95.6646 97.0148 14.7663 91.2415 94.9709 96.2894 67.2939 96.4773 92.1608 91.1718 14.3691 97.1104 92.1056 93.2219 0.7303 92.8273 19.6481 93.0320 67.2525 95.5450 96.6683 19.7882 96.4133 94.0648 93.0111 20.7694 96.6775
105.6982 3.3590 3.3590 83.9809 15.5416 109.1395 106.9199 115.4546 2.4092 112.9212 105.6486 105.4212 106.8287 111.1130 104.8113 111.6529 108.0541 110.7521 105.6168 4.4457 107.2905 107.6966 5.0687 111.5052 5.6200 82.8432 108.7434 105.4440 108.5618 112.2480 108.4580 107.0997 109.6448 107.8867 104.9354 107.1118 106.4618 111.2630 4.9317 108.1002 111.2599 107.2139 4.8238 1.6528 111.3986 15.3988 107.8499 107.7677 15.3887 0.0000 103.0515 2.4965 108.2302 112.4833 110.6125 7.9920 106.3827 15.9774 111.1146 107.8608 109.7212 105.1031 1.0028 83.4637 13.6531 111.9724 106.6634 4.6949 107.5782 110.5962 108.3756 17.0811 110.7032 112.0534 0.7204 106.2801 110.0095 111.3280 82.3326 111.5160 107.1994 106.2105 1.4162 112.1490 107.1442 108.2605 16.0409 107.8659 4.9263 108.0706 82.2911 110.5836 111.7069 5.0663 111.4519 109.1035 108.0497 6.0475 111.7161
2.8727 106.0739 106.0739 21.6963 87.7744 6.3140 8.9450 10.3769 102.1333 10.0957 8.4203 2.5957 4.0032 8.2875 1.9858 8.8274 8.3538 7.9265 1.6370 106.9999 4.4650 11.0435 107.6230 8.6797 108.1743 20.7854 6.0389 2.6185 9.1123 9.4225 9.8011 6.8793 9.0232 9.8210 2.1099 10.4587 7.0701 8.4375 107.4860 5.2747 8.4344 10.4505 107.3780 103.5639 8.5731 88.2107 9.2543 7.9958 87.9174 103.2188 0.0000 105.0507 9.5733 13.3995 7.7870 109.5938 3.5572 88.7884 14.9115 8.4116 10.0482 2.2776 102.4567 27.1767 89.4280 12.8860 8.8488 107.2492 9.5125 7.7707 9.7186 87.4329 8.6849 9.2279 102.5987 3.4546 7.1840 8.5025 20.9418 8.6905 8.3499 9.6373 102.2016 14.0045 8.8453 8.9649 87.5350 8.6001 107.4805 9.8431 21.6388 7.7581 13.5365 107.6206 8.6264 7.0852 9.7052 108.6018 8.8906
107.5301 1.8954 1.8954 85.8128 17.3735 110.9715 108.7518 117.2865 4.2411 114.7531 107.4805 107.2531 108.6607 112.9449 106.6432 113.4848 109.8860 112.5840 107.4487 3.6812 109.1225 109.5285 4.3043 113.3371 4.8556 84.6751 110.5753 107.2759 110.3937 114.0800 110.2900 108.9316 111.4767 109.7186 106.7673 108.9437 108.2937 113.0950 4.1673 109.9322 113.0918 109.0458 4.0593 3.4847 113.2306 17.2308 109.6819 109.5996 17.2206 2.4965 104.8834 0.0000 110.0621 114.3152 112.4444 8.9954 108.2146 17.8093 112.9465 109.6928 111.5532 106.9351 2.8347 85.2956 15.4850 113.8043 108.4954 3.9305 109.4101 112.4282 110.2075 18.9130 112.5351 113.8853 2.5523 108.1120 111.8414 113.1599 84.1645 113.3479 109.0313 108.0424 3.2481 113.9809 108.9761 110.0925 17.8728 109.6978 4.1619 109.9025 84.1231 112.4156 113.5388 4.3019 113.2838 110.9354 109.8816 5.2831 113.5480
9.1745 113.5692 113.5692 29.1915 95.2696 7.3812 1.6520 7.2056 109.6286 6.2647 1.9415 8.1982 9.3642 6.9467 7.7671 7.3440 2.3186 5.9888 9.3577 114.4952 8.1088 2.8038 115.1182 6.5180 115.6696 28.2807 3.8031 8.1343 2.2353 7.0160 0.3210 3.3719 3.3183 0.6916 8.5481 2.2190 2.7340 6.4181 114.9813 7.8264 7.0936 2.1990 114.8733 111.0592 6.2411 95.7060 0.3788 2.0321 95.4126 110.7141 9.5288 112.5460 0.0000 4.4521 5.6652 117.0891 8.9945 96.2837 7.0564 2.1253 3.3947 8.6948 109.9520 34.6719 96.9233 3.9387 0.8489 114.7444 1.2728 6.0522 0.2385 94.9282 3.5546 7.1866 110.0940 9.6943 6.2445 6.3695 28.4371 8.6351 1.3864 2.1565 109.6968 5.0571 1.2133 2.5251 95.0302 1.8532 114.9758 0.7505 29.1341 5.9756 4.5892 115.1159 6.3090 3.4960 0.8297 116.0971 8.1511
12.1528 118.1206 118.1206 33.7429 99.8210 10.3594 4.8870 7.3795 114.1800 6.4385 5.1764 12.0245 12.3425 8.9318 11.5933 7.5178 5.8119 8.9292 13.1839 119.0466 11.0870 3.6632 119.6696 8.1760 120.2210 32.8321 7.5417 12.6948 5.2135 7.1898 4.2724 7.1981 6.2965 3.8901 13.1074 3.4920 6.5602 8.2348 119.5327 10.8047 9.1851 3.4776 119.4247 115.6106 8.2148 100.2574 4.5488 6.1388 99.9640 115.2655 13.3551 117.0974 4.4521 0.0000 8.6056 121.6405 11.9727 100.8351 6.1555 5.8837 5.4012 12.7437 114.5034 39.2233 101.4747 0.8016 4.8519 119.2958 3.9484 8.9926 4.3218 99.4796 6.5329 7.3604 114.6454 12.6725 9.0960 8.3431 32.9885 8.8089 5.4931 5.3914 114.2482 0.6910 4.9831 5.2049 99.5816 5.5026 119.5272 3.9600 33.6855 8.9160 0.9072 119.6672 8.5434 7.6027 4.2291 120.6485 8.3249
5.0606 113.8120 113.8120 29.4344 95.5125 2.8202 6.8910 3.0834 109.8714 3.3677 6.7501 5.5590 5.0890 1.1912 5.9768 1.5233 4.1278 0.3452 7.4050 114.7380 3.9949 7.5301 115.3611 1.3861 115.9124 28.5235 5.0105 5.6026 3.6591 2.1184 5.5337 5.8856 2.6127 5.9539 6.0152 6.8707 5.7949 1.2863 115.2241 3.5512 1.3381 6.8184 115.1161 111.3020 1.1717 95.9488 5.9081 4.3816 95.6555 110.9569 7.9641 112.7888 5.7135 8.3261 0.0000 117.3319 5.0765 96.5265 12.5690 4.3169 3.6376 5.6515 110.1948 34.9148 97.1661 7.7649 5.3999 114.9873 6.6384 0.4085 5.5831 95.1711 2.8760 1.9237 110.3368 5.6051 0.8089 1.0533 28.6799 1.5941 5.0747 7.3954 109.9397 8.8640 5.0841 4.1028 95.2731 4.3042 115.2186 6.0128 29.3769 0.3320 9.2087 115.3587 1.1772 4.3790 6.1175 116.3399 1.7943
112.0732 7.9199 7.9199 90.3559 21.9166 115.5146 113.2949 121.8296 10.4011 119.2962 112.0236 111.7962 113.2037 117.4880 111.1863 118.0279 114.4291 117.1271 111.9918 6.6048 113.6655 114.0716 6.4608 117.8802 5.8538 89.2182 115.1184 111.8190 114.9368 118.6231 114.8330 113.4747 116.0198 114.2617 111.3104 113.4868 112.8368 117.6380 6.0413 114.4753 117.6349 113.5889 6.2004 9.6448 117.7737 21.7739 114.2249 114.1427 21.7637 7.9920 109.4265 8.9954 114.6052 118.8583 116.9875 0.0000 112.7577 22.3524 117.4896 114.2359 116.0962 111.4782 8.9947 89.8387 20.0281 118.3474 113.0384 6.6125 113.9532 116.9713 114.7506 23.4561 117.0782 118.4284 8.7123 112.6551 116.3845 117.7030 88.7076 117.8910 113.5744 112.5855 9.4082 118.5240 113.5192 114.6355 22.4159 114.2409 6.8455 114.4456 88.6662 116.9587 118.0819 6.6013 117.8269 115.4785 114.4247 5.8637 118.0911
0.6844 109.4009 109.4009 25.0233 91.1014 3.3626 8.3862 7.1701 105.4603 6.8889 7.8615 1.1828 0.9677 5.0807 1.6849 5.6206 7.3270 4.7197 3.0289 110.3269 1.5223 10.7294 110.9500 5.4728 111.5013 24.1125 5.4801 1.3805 6.8583 6.2157 8.7329 6.3205 5.8119 9.1531 1.6390 10.0699 6.5113 5.2307 110.8130 3.0242 5.2275 10.0176 110.7050 106.8910 5.3663 91.5378 8.6955 7.5808 91.2444 106.5458 3.5530 108.3778 8.9127 11.8472 4.5801 112.9209 0.0000 92.1154 14.3527 7.5161 6.8368 1.2754 105.7837 30.5037 92.7550 11.2861 8.5991 110.5762 8.9537 4.5639 8.7823 90.7600 6.0753 6.0210 105.9257 0.9671 3.9771 5.2956 24.2689 5.4836 7.7911 9.0785 105.5286 12.3851 8.2834 7.3020 90.8620 7.5034 110.8075 9.2120 24.9658 4.5513 12.0280 110.9476 5.4196 6.5264 9.3167 111.9288 5.6837
91.7204 18.8233 18.8233 70.0031 1.4988 95.1617 92.9421 101.4768 14.8827 98.9434 91.6708 91.4434 92.8509 97.1352 90.8335 97.6751 94.0763 96.7742 91.6390 19.7493 93.3127 93.7187 20.3724 97.5274 20.9237 68.8654 94.7655 91.4662 94.5840 98.2702 94.4802 93.1219 95.6670 93.9089 90.9576 93.1340 92.4840 97.2852 20.2354 94.1224 97.2821 93.2360 20.1275 16.3134 97.4208 2.1685 93.8721 93.7898 1.4801 15.9683 89.0737 17.8002 94.2524 98.5055 96.6347 22.3433 92.4049 0.0000 97.1368 93.8830 95.7434 91.1253 15.2061 69.4859 2.0631 97.9946 92.6856 19.9986 93.6004 96.6184 94.3978 2.2519 96.7254 98.0756 15.3481 92.3023 96.0317 97.3502 68.3547 97.5381 93.2216 92.2326 14.9510 98.1712 93.1664 94.2827 1.7117 93.8881 20.2300 94.0928 68.3133 96.6058 97.7291 20.3700 97.4741 95.1256 94.0719 21.3512 97.7383
15.0137 117.7269 117.7269 33.3492 99.4273 13.2204 5.9713 11.7008 113.7863 10.7598 6.5394 13.3874 15.2034 13.3421 12.9563 11.8391 8.6728 13.2506 14.5468 118.6529 13.9479 5.5864 119.2759 12.5863 119.8273 32.4384 8.9046 13.3234 8.0744 11.5111 6.8683 8.5610 9.1574 6.4720 13.7373 6.0605 7.9231 12.6451 119.1390 13.6656 13.5352 6.0461 119.0310 115.2169 12.5361 99.8637 7.1307 8.3259 99.5703 114.8718 14.7180 116.7037 7.0480 6.1555 12.9269 121.2468 14.8336 100.4414 0.0000 8.7446 9.7225 13.8839 114.1097 38.8296 101.0810 5.5943 7.7932 118.9021 6.5169 13.3139 6.9177 99.0859 9.3938 11.6817 114.2517 15.5334 13.4174 12.6645 32.5948 13.1590 7.6799 5.2618 113.8545 5.4283 7.8440 8.0658 99.1879 8.3635 119.1335 6.5419 33.2918 13.2373 4.9861 119.2736 12.8648 9.3639 6.8250 120.2548 12.6750
7.7780 114.2083 114.2083 29.8306 95.9087 5.9846 2.7896 6.3078 110.2677 5.3668 2.6484 7.0298 7.9677 5.5502 6.5986 5.0988 0.3575 4.5923 8.1892 115.1343 6.7122 4.0677 115.7573 5.1214 116.3087 28.9198 2.4600 6.9658 0.9648 6.1181 2.3532 2.2399 1.9217 2.5556 7.3797 3.4829 1.5800 5.0216 115.6204 6.4298 5.6970 3.4747 115.5124 111.6983 4.8445 96.3451 1.8064 0.4383 96.0517 111.3532 8.3604 113.1851 2.1253 5.9450 4.2686 117.7282 7.5979 96.9228 7.9909 0.0000 2.1243 7.5263 110.5911 35.3110 97.5624 5.4315 1.3717 115.3835 2.5367 4.6556 2.2707 95.5673 2.0473 6.2887 110.7331 8.2977 4.8480 4.9729 29.0762 5.6455 0.8604 3.2941 110.3359 6.5500 1.3558 1.4134 95.6693 1.0498 115.6149 2.3951 29.7732 4.5791 6.0820 115.7550 4.9125 2.0963 2.2573 116.7361 7.2533
7.0987 115.8500 115.8500 31.4724 97.5505 5.3053 4.5722 5.7175 111.9094 4.7765 4.4314 7.5970 7.2884 4.8709 8.0148 4.4195 1.9586 3.9130 9.4431 116.7761 6.0329 5.2114 117.3991 4.4421 117.9504 30.5616 3.5863 7.6407 1.3404 5.5278 3.2149 4.1696 1.2424 3.6351 8.0532 4.5519 3.5097 4.3423 117.2621 5.7505 5.0177 4.4996 117.1542 113.3401 4.1652 97.9869 3.5893 2.3984 97.6935 112.9950 10.0021 114.8269 3.3947 5.4012 3.5893 119.3700 6.9186 98.5645 9.6441 2.1243 0.0000 7.6896 112.2329 36.9528 99.2041 4.8400 3.0811 117.0253 4.3197 3.9763 3.2643 97.2091 1.4518 4.8199 112.3748 7.6184 4.1687 4.2936 30.7180 4.9662 2.7559 5.0767 111.9777 5.9391 2.7654 1.7840 97.3111 1.9854 117.2567 3.6940 31.4149 3.8998 5.9374 117.3967 4.2332 2.9548 3.7987 118.3779 5.4086
0.5951 108.1255 108.1255 23.7479 89.8260 4.0364 7.7805 7.8678 104.1849 7.5866 7.2558 0.6986 2.8411 5.7784 1.2007 6.3183 7.1893 5.4174 1.7535 109.0516 2.1874 9.8790 109.6746 6.1705 110.2259 22.8371 4.8744 0.7737 7.5560 6.9134 8.6366 5.7148 6.5096 8.6565 0.3637 9.2942 5.9056 5.9284 109.5376 3.6980 5.9252 9.2860 109.4297 105.6156 6.0640 90.2624 8.0898 6.8313 89.9690 105.2705 2.2776 107.1024 8.4088 12.2350 5.2778 111.6455 1.2795 90.8400 13.7470 7.2471 7.5345 0.0000 104.5083 29.2283 91.4796 11.9838 7.6843 109.3008 8.3480 5.2616 8.5541 89.4846 6.7730 6.7187 104.6503 2.2925 4.6748 5.9933 22.9935 6.1813 7.1854 8.4728 104.2532 13.0829 7.6808 7.8004 89.5866 7.4356 109.5322 8.6786 23.6904 5.2490 12.3720 109.6722 6.1173 5.9207 8.5407 110.6534 6.3814
104.9361 3.8578 3.8578 83.2188 14.7795 108.3774 106.1578 114.6925 1.6292 112.1591 104.8865 104.6591 106.0666 110.3509 104.0492 110.8908 107.2920 109.9899 104.8547 4.7839 106.5284 106.9344 5.4069 110.7431 5.9582 82.0811 107.9812 104.6818 107.7997 111.4859 107.6959 106.3376 108.8827 107.1246 104.1732 106.3497 105.6997 110.5009 5.2699 107.3381 110.4978 106.4517 5.1620 1.5027 110.6365 14.6367 107.0878 107.0055 14.6266 1.0028 102.2894 2.8347 107.4681 111.7212 109.8504 8.9947 105.6206 15.2152 110.3525 107.0987 108.9591 104.3410 0.0000 82.7016 12.8910 111.2103 105.9013 5.0331 106.8161 109.8341 107.6135 16.3190 109.9411 111.2912 0.3155 105.5180 109.2474 110.5659 81.5704 110.7539 106.4373 105.4483 0.4973 111.3869 106.3821 107.4984 15.2788 107.1038 5.2645 107.3085 81.5290 109.8215 110.9447 5.4045 110.6898 108.3413 107.2876 6.3857 110.9540
29.8965 86.5635 86.5635 6.1288 68.2639 33.3378 31.1182 39.6528 82.6229 37.1195 29.8468 29.6194 31.0270 35.3113 29.0096 35.8512 32.2523 34.9503 29.8150 87.4895 31.4888 31.8948 88.1125 35.7034 88.6638 6.3751 32.9416 29.6422 32.7600 36.4463 32.6563 31.2979 33.8430 32.0850 29.1336 31.3100 30.6600 35.4613 87.9756 32.2985 35.4581 31.4121 87.8676 84.0535 35.5969 68.7003 32.0482 31.9659 68.4069 83.7084 27.2497 85.5403 32.4284 36.6815 34.8107 90.0834 30.5809 69.2780 35.3128 32.0591 33.9195 29.3014 82.9463 0.0000 69.9176 36.1706 30.8617 87.7387 31.7764 34.7945 32.5738 67.9225 34.9014 36.2516 83.0883 30.4784 34.2077 35.5262 7.2410 35.7142 31.3976 30.4087 82.6911 36.3472 31.3424 32.4588 68.0245 32.0641 87.9701 32.2688 7.1996 34.7819 35.9051 88.1102 35.6502 33.3017 32.2479 89.0913 35.9143
91.7436 16.5082 16.5082 70.0263 2.2111 95.1849 92.9653 101.5000 12.5676 98.9666 91.6939 91.4666 92.8741 97.1584 90.8567 97.6983 94.0995 96.7974 91.6622 17.4342 93.3359 93.7419 18.0572 97.5506 18.6085 68.8886 94.7887 91.4893 94.6072 98.2934 94.5034 93.1451 95.6902 93.9321 90.9807 93.1572 92.5072 97.3084 17.9203 94.1456 97.3053 93.2592 17.8123 13.9982 97.4440 1.4350 93.8953 93.8130 1.9857 13.6531 89.0969 15.4850 94.2756 98.5287 96.6579 20.0281 92.4281 2.0631 97.1600 93.9062 95.7666 91.1485 12.8910 69.5091 0.0000 98.0178 92.7088 17.6834 93.6236 96.6416 94.4210 3.7507 96.7486 98.0987 13.0329 92.3255 96.0549 97.3734 68.3779 97.5613 93.2448 92.2558 12.6358 98.1944 93.1896 94.3059 2.7104 93.9113 17.9148 94.1159 68.3365 96.6290 97.7522 18.0548 97.4973 95.1488 94.0951 19.0360 97.7615
11.6393 117.6084 117.6084 33.2308 99.3089 10.0500 4.3735 6.8183 113.6678 5.8773 4.6630 11.5110 11.8290 8.3706 11.0799 6.9566 5.2984 8.3680 12.6704 118.5344 10.5736 3.1511 119.1575 7.6149 119.7088 32.3199 7.0283 12.1813 4.7001 6.6286 3.7589 6.6847 5.7831 3.3766 12.5939 2.9798 6.0467 7.6737 119.0205 10.2912 8.6239 2.9654 118.9125 115.0984 7.6536 99.7453 4.0353 5.6254 99.4519 114.7533 12.8416 116.5853 3.9387 0.8016 8.0444 121.1284 11.4593 100.3229 5.5943 5.3703 4.8400 12.2302 113.9912 38.7112 100.9625 0.0000 4.3384 118.7837 3.4362 8.4314 3.8083 98.9675 6.0194 6.7992 114.1332 12.1591 8.5349 7.7820 32.4763 8.2477 4.9797 4.8780 113.7361 1.3395 4.4697 4.6915 99.0695 4.9891 119.0150 3.4466 33.1733 8.3548 1.6841 119.1551 7.9823 7.0893 3.7157 120.1363 7.7637
7.7644 113.4316 113.4316 29.0540 95.1321 7.0676 1.5144 6.8921 109.4910 5.9511 1.3735 7.4738 9.0506 6.6331 7.0426 7.0304 1.5650 5.6752 8.6332 114.3576 7.7952 2.7913 114.9807 6.2044 115.5320 28.1431 3.0495 7.4098 1.9217 6.7024 1.0080 2.6474 3.0047 1.2792 7.8237 2.2065 2.0095 6.1046 114.8437 7.5128 6.7800 2.1983 114.7357 110.9216 5.9275 95.5684 0.5299 1.2785 95.2751 110.5765 8.8044 112.4084 0.7815 4.8519 5.3516 116.9515 8.6809 96.1461 6.7144 1.3717 3.0811 7.9703 109.8144 34.5343 96.7857 4.3384 0.0000 114.6069 1.2603 5.7386 0.9269 94.7906 3.2410 6.8730 109.9564 9.3807 5.9310 6.0559 28.2995 8.3215 0.5463 2.0189 109.5593 5.4569 0.4859 1.7715 94.8927 1.3768 114.8382 1.1187 28.9965 5.6620 4.9889 114.9783 5.9954 2.7424 0.9808 115.9595 7.8375
109.7286 4.9536 4.9536 88.0112 19.5720 113.1699 110.9503 119.4849 6.4395 116.9516 109.6789 109.4515 110.8591 115.1434 108.8416 115.6833 112.0844 114.7824 109.6471 1.0135 111.3209 111.7269 0.3702 115.5355 1.1349 86.8735 112.7737 109.4743 112.5921 116.2784 112.4884 111.1300 113.6751 111.9171 108.9657 111.1421 110.4921 115.2934 0.6325 112.1306 115.2902 111.2442 0.5245 5.3938 115.4290 19.4292 111.8803 111.7980 19.4190 4.6949 107.0818 3.9305 112.2605 116.5136 114.6428 6.6125 110.4130 20.0077 115.1449 111.8912 113.7516 109.1335 5.0331 87.4940 17.6834 116.0027 110.6938 0.0000 111.6085 114.6266 112.4059 21.1114 114.7335 116.0837 4.7507 110.3104 114.0398 115.3583 86.3629 115.5463 111.2297 110.2408 5.4465 116.1793 111.1745 112.2909 20.0712 111.8962 0.4602 112.1009 86.3215 114.6140 115.7372 0.3678 115.4823 113.1338 112.0800 1.7483 115.7464
8.4282 112.9172 112.9172 28.5395 94.6176 8.3062 1.0000 8.1306 108.9765 7.1896 1.2895 8.1375 10.2892 7.8717 7.7063 8.2689 2.7300 6.9138 9.2969 113.8432 9.0337 1.6837 114.4662 7.4429 115.0175 27.6287 3.6547 8.0735 3.1602 7.9409 1.5006 3.3111 4.2432 0.9293 8.4874 0.9396 2.6732 7.3431 114.3292 8.7514 8.0185 0.9321 114.2213 110.4072 7.1661 95.0540 0.8925 2.4436 94.7606 110.0621 9.4681 111.8940 1.2728 4.1006 6.5902 116.4371 9.2588 95.6317 5.6069 2.5367 4.3197 8.6340 109.3000 34.0199 96.2713 3.5872 1.2603 114.0924 0.0000 6.9772 1.4182 94.2762 4.4796 8.1115 109.4420 10.6192 7.1695 7.2944 27.7851 9.5600 1.7979 1.5045 109.0448 4.7056 1.7426 2.9365 94.3782 2.5418 114.3238 1.1132 28.4821 6.9006 4.2377 114.4638 7.2340 3.9074 1.0923 115.4450 9.0761
4.8392 113.5906 113.5906 29.2129 95.2910 2.5988 7.2780 2.9871 109.6499 2.9887 7.1371 5.3375 4.8676 1.1502 5.7553 1.7036 4.5148 0.3326 7.1836 114.5166 3.7734 7.9171 115.1396 1.2898 115.6909 28.3021 5.3975 5.3812 4.0461 2.2987 5.9207 6.2727 2.9997 6.3409 5.7937 7.2577 6.1819 1.1900 115.0026 3.3297 1.2970 7.2054 114.8947 111.0806 1.0754 95.7274 6.2951 4.7686 95.4340 110.7355 7.7426 112.5674 6.1005 8.7131 0.4085 117.1105 4.8550 96.3051 12.9560 4.7039 4.0246 5.4301 109.9734 34.6933 96.9447 8.1519 5.7869 114.7658 7.0254 0.0000 5.9701 94.9496 3.2631 2.1040 110.1154 5.3836 0.5772 0.9570 28.4585 1.5531 5.4617 7.7824 109.7182 9.2510 5.4712 4.4898 95.0516 4.6912 114.9972 6.3998 29.1555 0.1642 9.5957 115.1372 1.0809 4.7660 6.5045 116.1184 1.7532
9.0441 113.7146 113.7146 29.3369 95.4150 7.2508 1.7974 7.0753 109.7739 6.1343 2.0868 8.3436 9.2338 6.8163 7.9125 7.2136 2.4640 5.8584 9.5031 114.6406 7.9784 2.7720 115.2636 6.3876 115.8149 28.4261 3.9485 8.2797 2.1049 6.8856 0.1906 3.5173 3.1879 0.5612 8.6935 2.1208 2.8793 6.2878 115.1266 7.6960 6.9632 2.0686 115.0187 111.2046 6.1107 95.8514 0.5242 2.1775 95.5580 110.8595 9.6742 112.6914 0.2385 4.3218 5.5348 117.2345 8.8641 96.4291 6.9260 2.2707 3.2643 9.6350 110.0974 34.8173 97.0687 3.8083 0.9943 114.8898 1.4182 5.9218 0.0000 95.0736 3.4242 7.0562 110.2394 9.5639 6.1142 6.2391 28.5825 8.5047 1.5318 2.3018 109.8422 4.9268 1.3587 2.0963 95.1756 1.7221 115.1212 0.6201 29.2794 5.8452 4.4588 115.2612 6.1786 3.6414 0.7310 116.2424 8.0207
90.2753 19.9271 19.9271 68.5580 1.6275 93.7166 91.4970 100.0317 15.9864 97.4983 90.2257 89.9983 91.4058 95.6901 89.3884 96.2300 92.6312 95.3292 90.1939 20.8531 91.8676 92.2737 21.4761 96.0823 22.0274 67.4203 93.3204 90.0211 93.1389 96.8251 93.0351 91.6768 94.2219 92.4638 89.5125 91.6889 91.0389 95.8401 21.3391 92.6773 95.8370 91.7910 21.2312 17.4171 95.9757 2.5455 92.4270 92.3448 1.7664 17.0720 87.6286 18.9039 92.8073 97.0604 95.1896 23.4470 90.9598 2.1878 95.6917 92.4379 94.2983 89.6802 16.3099 68.0408 3.7507 96.5495 91.2405 21.1023 92.1553 95.1733 92.9527 0.0000 95.2803 96.6305 16.4518 90.8572 94.5866 95.9051 66.9097 96.0931 91.7765 90.7876 16.0547 96.7261 91.7213 92.8376 1.2165 92.4430 21.3337 92.6477 66.8682 95.1607 96.2840 21.4737 96.0290 93.6806 92.6268 22.4549 96.2932
6.3371 115.0885 115.0885 30.7109 96.7890 4.5438 4.7321 6.0989 111.1479 5.1579 4.5912 6.8355 6.5268 4.1093 7.2533 3.6579 1.6915 3.1514 8.6815 116.0145 5.2714 5.3713 116.6376 3.6805 117.1889 29.8000 2.4519 6.8791 1.5002 4.2531 3.3748 3.3270 0.4599 3.7950 7.2917 4.7118 3.3045 3.5807 116.5006 4.9890 4.2561 4.6595 116.3926 112.5785 3.4037 97.2253 3.7492 1.9453 96.9320 112.2334 9.2406 114.0653 3.5546 6.5329 2.8278 118.6084 6.1571 97.8030 9.4021 2.0473 1.4518 6.9280 111.4713 36.1912 98.4426 6.0194 3.2410 116.2637 4.4796 3.2148 3.4242 96.4475 0.0000 4.0584 111.6133 6.8568 3.4071 3.5320 29.9564 4.2047 2.9158 5.2366 111.2162 7.1379 2.9253 1.9439 96.5496 2.1453 116.4951 3.8539 30.6534 3.1382 6.6699 116.6352 3.4716 1.8204 3.9586 117.6164 4.6471
6.8495 115.6009 115.6009 31.2233 97.3014 4.6091 7.5291 2.1740 111.6603 1.3018 7.3882 7.3479 6.8779 1.9280 7.7657 0.7955 5.2209 1.6427 9.1939 116.5269 5.7837 8.0046 117.1500 1.1722 117.7013 30.3124 6.7861 7.3915 4.4265 0.2127 6.1718 7.1429 4.4153 6.5920 7.8041 7.5088 6.4830 1.2310 117.0130 5.3400 2.1390 7.4565 116.9050 113.0909 0.8041 97.7377 6.5462 5.5669 97.4444 112.7458 9.7530 114.5777 6.3516 6.6026 1.9310 119.1208 6.8654 98.3154 10.8455 5.2928 3.9621 7.4404 111.9837 36.7036 98.9550 6.0414 6.0380 116.7761 7.2766 1.8112 6.2212 96.9599 4.6517 0.0000 112.1257 7.3940 2.2115 0.8949 30.4688 1.8550 5.7128 8.0336 111.7286 7.1405 5.7223 4.7573 97.0619 4.9587 117.0075 6.6509 31.1658 1.7346 7.4852 117.1476 1.0170 6.1546 6.7556 118.1288 2.1254
105.0781 3.5754 3.5754 83.3608 14.9215 108.5194 106.2998 114.8344 1.7711 112.3011 105.0284 104.8010 106.2086 110.4929 104.1912 111.0328 107.4339 110.1319 104.9966 4.5014 106.6704 107.0764 5.1245 110.8850 5.6758 82.2230 108.1232 104.8238 107.9416 111.6279 107.8379 106.4796 109.0246 107.2666 104.3152 106.4916 105.8416 110.6429 4.9875 107.4801 110.6397 106.5937 4.8796 1.3158 110.7785 14.7787 107.2298 107.1475 14.7685 0.7204 102.4313 2.5523 107.6101 111.8632 109.9924 8.7123 105.7625 15.3572 110.4944 107.2407 109.1011 104.4830 0.3155 82.8435 13.0329 111.3523 106.0433 4.7507 106.9580 109.9761 107.7554 16.4610 110.0831 111.4332 0.0000 105.6600 109.3893 110.7079 81.7124 110.8958 106.5792 105.5903 0.6392 111.5289 106.5240 107.6404 15.4208 107.2458 4.9821 107.4504 81.6710 109.9635 111.0867 5.1221 110.8318 108.4833 107.4295 6.1033 111.0959
1.4861 109.2698 109.2698 24.8922 90.9703 3.2906 9.1879 7.9807 105.3292 7.6995 8.6632 1.9845 0.8540 5.8913 2.4866 6.4312 8.0268 5.5303 2.6945 110.1958 2.0509 11.4291 110.8189 6.2834 111.3702 23.9813 6.2818 2.1822 7.5581 7.0263 9.4327 7.1221 6.5117 9.8529 2.1247 10.7697 7.3130 6.0413 110.6819 2.1255 6.0381 10.7174 110.5739 106.7599 6.1769 91.4067 9.8071 8.2806 91.1133 106.4147 3.4219 108.2467 9.6125 12.6578 5.3908 112.7897 0.9671 91.9843 16.9007 8.2159 7.5366 2.0770 105.6526 30.3726 92.6239 12.0967 9.2989 110.4451 9.7554 5.3745 9.4821 90.6289 6.7751 6.8316 105.7946 0.0000 4.7877 6.1063 24.1377 6.2942 8.9737 9.8802 105.3975 13.1958 8.9832 8.0018 90.7309 8.2032 110.6764 9.9118 24.8347 5.3619 12.7278 110.8165 6.2302 7.3281 10.0165 111.7977 6.4944
4.2183 112.9697 112.9697 28.5920 94.6702 1.9779 7.4220 3.4300 109.0291 3.8582 7.2812 4.7166 4.2467 1.3406 5.1345 2.5899 4.6589 0.9797 6.5627 113.8957 3.1525 8.0612 114.5187 1.7328 115.0701 27.6812 5.5416 4.7603 4.1902 3.1850 6.0648 6.4167 3.1438 6.4850 5.1729 7.4017 6.3260 1.4906 114.3818 2.7088 1.4875 7.3495 114.2738 110.4597 1.7224 95.1065 6.4392 4.9127 94.8131 110.1146 7.1218 111.9465 6.2445 8.8165 1.0556 116.4896 4.2341 95.6842 13.0594 4.8480 4.1687 4.8092 109.3525 34.0724 96.3238 8.2554 5.9310 114.1449 7.1695 0.8239 6.1142 94.3287 3.4071 2.9903 109.4945 4.7628 0.0000 1.6040 27.8376 1.7436 5.6058 7.9265 109.0973 9.3545 5.6152 4.6339 94.4307 4.8352 114.3763 6.5439 28.5346 0.8113 9.6991 114.5164 1.7279 4.9101 6.6485 115.4976 1.9437
5.6574 114.4088 114.4088 30.0312 96.1093 3.4171 7.5470 2.3586 110.4682 2.0489 7.4061 6.1558 5.6858 1.1407 6.5736 0.7638 4.7838 0.7651 8.0019 115.3349 4.5917 8.1861 115.9579 0.6613 116.5092 29.1204 5.6665 6.1995 4.3151 1.3589 6.1897 6.5416 3.2687 6.6099 6.6120 7.5266 6.4509 0.5615 115.8209 4.1480 1.3517 7.4744 115.7130 111.8989 0.1356 96.5457 6.5641 5.0376 96.2523 111.5538 8.5609 113.3857 6.3695 7.3498 1.0533 117.9288 5.6733 97.1233 11.5926 4.9729 4.2936 6.2484 110.7916 35.5116 97.7629 6.7886 6.0559 115.5841 7.2944 0.9335 6.2391 95.7679 3.5320 1.1642 110.9336 6.2019 1.3339 0.0000 29.2768 1.1854 5.7307 8.0514 110.5365 7.8877 5.7401 4.7588 95.8699 4.9602 115.8155 6.6688 29.9737 0.8569 8.2323 115.9555 0.2175 5.0350 6.7734 116.9367 1.6279
23.5394 85.5326 85.5326 1.9248 67.2331 26.9807 24.7611 33.2958 81.5920 30.7624 23.4897 23.2624 24.6699 28.9542 22.6525 29.4941 25.8953 28.5932 23.4579 86.4586 25.1317 25.5377 87.0816 29.3464 87.6330 0.4370 26.5845 23.2851 26.4030 30.0892 26.2992 24.9409 27.4859 25.7279 22.7765 24.9529 24.3030 29.1042 86.9447 25.9414 29.1011 25.0550 86.8367 83.0226 29.2398 67.6694 25.6911 25.6088 67.3760 82.6775 20.8927 84.5094 26.0714 30.3245 28.4537 89.0525 24.2239 68.2471 28.9558 25.7020 27.5624 22.9443 81.9154 8.6575 68.8867 29.8136 24.5046 86.7078 25.4194 28.4374 26.2168 66.8916 28.5444 29.8945 82.0574 24.1213 27.8507 29.1692 0.0000 29.3571 25.0406 24.0516 81.6602 29.9902 24.9854 26.1017 66.9936 25.7071 86.9392 25.9117 1.0123 28.4248 29.5480 87.0793 29.2931 26.9446 25.8909 88.0604 29.5573
5.7270 114.4784 114.4784 30.1007 96.1788 3.4866 8.1943 1.8565 110.5378 2.6029 8.0534 6.2253 5.7554 0.7207 6.6432 1.9068 5.4312 1.2936 8.0714 115.4044 4.6612 9.6881 116.0274 0.8526 116.5788 29.1899 6.3138 6.2690 4.9624 2.0488 6.8370 7.1890 3.9160 7.2572 6.6816 8.1740 7.0982 0.6592 115.8905 4.2175 0.3513 8.1217 115.7825 111.9684 1.2786 96.6152 7.2114 5.6850 96.3218 111.6233 8.6305 113.4552 7.0168 8.2862 1.5899 117.9983 5.7428 97.1928 12.5291 5.6202 4.9409 6.3179 110.8612 35.5811 97.8325 7.7250 6.7032 115.6536 7.9418 1.5110 6.8864 95.8374 4.1794 1.8034 111.0031 6.2714 1.7329 1.1602 29.3463 0.0000 7.3964 8.6988 110.6060 8.8241 7.4058 5.4061 95.9394 5.6075 115.8850 7.3161 30.0433 1.3797 9.1687 116.0251 1.1287 5.6823 7.4208 117.0062 0.3739
7.2656 114.1534 114.1534 29.7758 95.8539 6.6813 2.0504 6.5058 110.2128 5.5648 1.9095 6.9749 8.6644 6.2468 6.5438 6.6441 1.0536 5.2890 8.1343 115.0794 7.4089 3.3288 115.7025 5.8181 116.2538 28.8650 2.5382 6.9109 1.5354 6.3161 1.6143 2.1486 2.6184 1.8167 7.3248 2.7440 1.5106 5.7183 115.5655 7.1265 6.3937 2.7358 115.4575 111.6435 5.5412 96.2903 1.0675 0.7672 95.9969 111.2984 8.3055 113.1303 1.3864 5.4931 4.9653 117.6734 8.2946 96.8679 7.2520 0.8604 2.6948 7.4714 110.5362 35.2562 97.5075 4.9797 0.5463 115.3287 1.7979 5.3523 1.5318 95.5125 2.8547 6.4867 110.6782 8.9944 5.5447 5.6696 29.0214 7.9352 0.0000 2.5548 110.2811 6.0981 0.5015 0.9265 95.6145 0.7953 115.5601 1.6563 29.7183 5.2757 5.6302 115.7001 5.6092 2.2311 1.5184 116.6813 7.4512
8.5530 111.5494 111.5494 27.1718 93.2499 9.0632 0.8462 8.8876 107.6088 7.9466 1.4143 8.2623 11.0462 8.6287 7.8312 9.0259 3.4872 7.6708 9.4217 112.4755 9.7907 3.0354 113.0985 8.1999 113.6498 26.2610 3.7796 8.1983 3.9172 8.6979 2.3843 3.4360 5.0002 1.8130 8.6122 2.4507 2.7980 8.1001 112.9615 9.5084 8.7755 2.4424 112.8536 109.0395 7.9230 93.6863 1.7762 3.2008 93.3929 108.6944 9.5929 110.5263 2.1565 5.3914 7.3472 115.0694 9.3837 94.2639 5.4109 3.2940 5.0767 8.7588 107.9322 32.6522 94.9035 4.8780 2.0189 112.7247 1.5045 7.7342 2.3018 92.9085 5.2366 8.8685 108.0742 10.1854 7.9265 8.0514 26.4174 10.3170 2.5548 0.0000 107.6771 5.4402 2.4996 3.6938 93.0105 3.2992 112.9561 1.9968 27.1143 7.6576 4.9980 113.0961 7.9910 4.2388 1.9759 114.0773 9.8331
104.6810 4.2713 4.2713 82.9637 14.5244 108.1223 105.9027 114.4373 1.3740 111.9040 104.6313 104.4039 105.8115 110.0958 103.7941 110.6357 107.0368 109.7348 104.5995 5.1973 106.2733 106.6793 5.8204 110.4879 6.3717 81.8259 107.7261 104.4267 107.5445 111.2308 107.4408 106.0825 108.6275 106.8695 103.9181 106.0945 105.4445 110.2458 5.6834 107.0830 110.2426 106.1966 5.5754 1.3624 110.3814 14.3816 106.8327 106.7504 14.3714 1.4162 102.0342 3.2481 107.2129 111.4661 109.5952 9.4082 105.3654 14.9601 110.0973 106.8436 108.7040 104.0859 0.4973 82.4464 12.6358 110.9552 105.6462 5.4465 106.5609 109.5790 107.3583 16.0638 109.6859 111.0361 0.6392 105.2629 108.9922 110.3108 81.3153 110.4987 106.1821 105.1932 0.0000 111.1317 106.1269 107.2433 15.0236 106.8487 5.6779 107.0533 81.2739 109.5664 110.6896 5.8180 110.4347 108.0862 107.0324 6.7992 110.6988
12.7536 117.7267 117.7267 33.3490 99.4272 10.9603 5.4878 7.9174 113.7861 6.9764 5.7773 12.6253 12.9433 9.4697 12.1941 8.0557 6.4127 9.4671 13.7847 118.6527 11.6879 4.2640 119.2757 8.7139 119.8271 32.4382 8.1425 13.2956 5.8143 7.7277 4.8732 7.7989 6.8973 4.4909 13.7082 4.0928 7.1610 8.7728 119.1388 11.4055 9.7230 4.0784 119.0308 115.2167 8.7527 99.8635 5.1496 6.7397 99.5702 114.8716 13.9559 116.7035 5.0530 0.6910 9.1435 121.2466 12.5736 100.4412 5.4283 6.4845 5.9391 13.3445 114.1095 38.8294 101.0808 1.3395 5.4527 118.9019 4.5492 9.5305 4.9226 99.0857 7.1337 7.8983 114.2515 13.2733 9.6339 8.8811 32.5946 9.3468 6.0940 5.2616 113.8543 0.0000 5.5839 5.8057 99.1877 6.1034 119.1333 4.5608 33.2916 9.4539 0.4985 119.2734 9.0813 8.2035 4.8299 120.2546 8.8628
8.5452 113.9123 113.9123 29.5347 95.6128 6.7519 1.9952 6.5763 109.9717 5.6353 1.8543 7.4703 8.7349 6.3174 7.0391 6.7146 1.5490 5.3595 8.6297 114.8384 7.4794 3.2736 115.4614 5.8886 116.0127 28.6239 3.0336 7.4063 1.6059 6.3866 1.4398 2.6439 2.6889 1.7615 7.8202 2.6888 2.0060 5.7888 115.3244 7.1971 6.4642 2.6806 115.2165 111.4024 5.6118 96.0492 1.0123 1.2626 95.7558 111.0573 8.8009 112.8892 1.3312 4.9831 5.0359 117.4323 8.3652 96.6268 7.1968 1.3558 2.7654 7.9668 110.2951 35.0151 97.2664 4.4697 0.4859 115.0876 1.7426 5.4229 1.4766 95.2714 2.9253 6.5572 110.4371 9.0649 5.6152 5.7401 28.7803 8.0057 0.5015 2.4996 110.0400 5.5881 0.0000 0.9971 95.3734 0.8659 115.3190 1.6010 29.4772 5.3463 5.1201 115.4590 5.6797 2.7264 1.4632 116.4402 7.5218
7.7973 114.9967 114.9967 30.6191 96.6972 6.0039 2.9259 5.8638 111.0561 4.9228 2.8065 8.2956 7.9870 5.5695 7.3870 6.0021 0.6490 4.6116 8.9776 115.9227 6.7315 4.2040 116.5458 5.1407 117.0971 29.7082 3.3815 8.3393 0.8580 5.6741 1.7831 2.9918 1.9410 2.2186 8.7518 3.6192 2.3539 5.0409 116.4088 6.4492 5.7163 3.5943 116.3008 112.4867 4.8638 97.1335 1.9427 0.9949 96.8402 112.1416 9.1488 113.9735 1.9844 5.4676 4.2879 118.5166 7.6172 97.7112 8.3369 0.7208 2.0175 8.3882 111.3795 36.0994 98.3508 4.9541 1.4599 116.1720 2.6730 4.6749 1.8533 96.3558 2.1774 5.8447 111.5215 8.3170 4.8673 4.9922 29.8646 5.6648 0.9876 3.4304 111.1244 6.0726 0.9971 0.0000 96.4578 0.2014 116.4033 2.5314 30.5616 4.5984 5.6046 116.5434 4.9318 3.0744 2.3936 117.5246 6.8093
90.4010 18.8869 18.8869 68.6837 0.5873 93.8423 91.6227 100.1574 14.9462 97.6240 90.3514 90.1240 91.5315 95.8158 89.5141 96.3557 92.7569 95.4548 90.3196 19.8129 91.9933 92.3993 20.4359 96.2080 20.9872 67.5460 93.4461 90.1468 93.2646 96.9508 93.1608 91.8025 94.3476 92.5895 89.6381 91.8146 91.1646 95.9658 20.2990 92.8030 95.9627 91.9166 20.1910 16.3769 96.1014 1.5052 92.5527 92.4704 0.7303 16.0318 87.7543 17.8637 92.9330 97.1861 95.3153 22.4068 91.0855 1.7120 95.8174 92.5636 94.4240 89.8059 15.2697 68.1665 2.7104 96.6752 91.3662 20.0621 92.2810 95.2990 93.0784 1.2165 95.4060 96.7561 15.4116 90.9829 94.7123 96.0308 67.0353 96.2188 91.9022 90.9132 15.0145 96.8518 91.8470 92.9633 0.0000 92.5687 20.2935 92.7734 66.9939 95.2864 96.4097 20.4335 96.1547 93.8062 92.7525 21.4147 96.4189
7.7559 114.8655 114.8655 30.4879 96.5660 5.9626 2.7947 5.8225 110.9249 4.8815 2.6753 7.6870 7.9456 5.5281 7.2558 5.9608 0.5504 4.5702 8.8464 115.7915 6.6902 4.0728 116.4146 5.0993 116.9659 29.5770 3.2503 8.2979 0.8166 5.6328 1.6519 2.8606 1.8996 2.0874 8.7105 3.4880 2.2227 4.9995 116.2776 6.4078 5.6749 3.4798 116.1696 112.3555 4.8225 97.0023 1.8115 0.8964 96.7090 112.0104 9.0176 113.8424 1.8532 5.5026 4.2466 118.3854 7.5759 97.5800 8.3718 0.6223 1.9761 8.3468 111.2483 35.9683 98.2196 4.9891 1.3287 116.0408 2.5418 4.6336 1.7221 96.2246 2.1360 5.8034 111.3903 8.2756 4.8259 4.9508 29.7334 5.6235 0.8564 3.2992 110.9932 6.1076 0.8659 0.2014 96.3266 0.0000 116.2721 2.4002 30.4304 4.5570 5.6396 116.4122 4.8904 2.9432 2.2624 117.3934 6.7679
109.9599 5.1850 5.1850 88.2426 19.8033 113.4013 111.1816 119.7163 6.6709 117.1829 109.9103 109.6829 111.0905 115.3747 109.0730 115.9146 112.3158 115.0138 109.8785 1.2449 111.5522 111.9583 0.6707 115.7669 1.4354 87.1049 113.0051 109.7057 112.8235 116.5098 112.7197 111.3614 113.9065 112.1484 109.1971 111.3735 110.7235 115.5247 0.8639 112.3620 115.5216 111.4756 0.7559 5.6251 115.6604 19.6605 112.1116 112.0294 19.6504 4.9263 107.3132 4.1619 112.4919 116.7450 114.8742 6.8455 110.6444 20.2391 115.3763 112.1226 113.9830 109.3649 5.2645 87.7254 17.9148 116.2341 110.9251 0.4602 111.8399 114.8580 112.6373 21.3428 114.9649 116.3151 4.9821 110.5418 114.2712 115.5897 86.5943 115.7777 111.4611 110.4722 5.6779 116.4107 111.4059 112.5222 20.3026 112.1276 0.0000 112.3323 86.5528 114.8454 115.9686 0.6683 115.7136 113.3652 112.3114 1.9797 115.9778
9.4738 113.4095 113.4095 29.0319 95.1100 7.6805 1.4923 7.5050 109.4689 6.5640 1.7818 8.4681 9.6635 7.2460 8.0369 7.6433 2.5884 6.2881 9.6275 114.3356 8.4081 2.4166 114.9586 6.8173 115.5099 28.1211 4.0730 8.4041 2.5346 7.3153 0.6141 3.6417 3.6176 0.1605 8.8180 1.7654 3.0038 6.7175 114.8216 8.1257 7.3929 1.7131 114.7137 110.8996 6.5404 95.5464 0.5888 2.3020 95.2530 110.5545 9.7987 112.3864 0.7505 3.9600 5.9645 116.9295 9.2938 96.1240 6.5643 2.3951 3.6940 8.9646 109.7923 34.5123 96.7636 3.4466 1.1187 114.5848 1.1132 6.3515 0.6201 94.7686 3.8539 7.4859 109.9343 9.9936 6.5439 6.6688 28.2775 8.9344 1.6563 1.9968 109.5372 4.5650 1.6010 2.7949 94.8706 2.4002 114.8162 0.0000 28.9744 6.2749 4.0970 114.9562 6.6083 3.7658 0.4330 115.9374 8.4504
24.4875 85.3955 85.3955 2.1848 67.0960 27.9288 25.7092 34.2439 81.4549 31.7105 24.4379 24.2105 25.6180 29.9023 23.6006 30.4422 26.8434 29.5414 24.4061 86.3216 26.0798 26.4858 86.9446 30.2945 87.4959 1.1099 27.5326 24.2333 27.3511 31.0373 27.2473 25.8890 28.4341 26.6760 23.7247 25.9011 25.2511 30.0523 86.8076 26.8895 30.0492 26.0031 86.6997 82.8856 30.1879 67.5324 26.6392 26.5570 67.2390 82.5405 21.8408 84.3724 27.0195 31.2726 29.4018 88.9155 25.1720 68.1100 29.9039 26.6501 28.5105 23.8924 81.7783 8.5205 68.7496 30.7617 25.4527 86.5708 26.3675 29.3855 27.1649 66.7546 29.4925 30.8427 81.9203 25.0694 28.7988 30.1173 1.0725 30.3053 25.9887 24.9998 81.5232 30.9383 25.9335 27.0498 66.8566 26.6552 86.8022 26.8599 0.0000 29.3729 30.4962 86.9422 30.2412 27.8927 26.8390 87.9234 30.5054
4.8266 113.5780 113.5780 29.2003 95.2784 2.5862 7.2014 2.9285 109.6374 2.9302 7.0605 5.3249 4.8550 0.9810 5.7427 1.6450 4.4383 0.2642 7.1710 114.5040 3.7608 7.8406 115.1270 1.2313 115.6784 28.2895 5.3209 5.3686 3.9695 2.2402 5.8441 6.1961 2.9231 6.2643 5.7811 7.1811 6.1053 1.1315 114.9901 3.3171 1.1279 7.1288 114.8821 111.0680 1.0169 95.7148 6.2185 4.6920 95.4214 110.7229 7.7301 112.5548 6.0239 8.6365 0.3320 117.0979 4.8424 96.2924 12.8794 4.6273 3.9480 5.4175 109.9608 34.6807 96.9321 8.0754 5.7103 114.7532 6.9489 0.1642 5.8935 94.9370 3.1865 2.0455 110.1027 5.3710 0.5646 0.8984 28.4459 1.3840 5.3851 7.7059 109.7056 9.1744 5.3946 4.4132 95.0390 4.6146 114.9846 6.3232 29.1429 0.0000 9.5191 115.1246 1.0224 4.6894 6.4279 116.1058 1.5841
12.2898 117.2845 117.2845 32.9069 98.9850 10.4965 5.0240 8.2290 113.3439 7.2880 5.3135 12.1615 12.4795 9.7813 11.7304 8.3673 5.9489 9.7788 13.3209 118.2106 11.2241 3.8002 118.8336 9.0256 119.3849 31.9961 7.6788 12.8318 5.3506 8.0393 4.4094 7.3351 6.4335 4.0271 13.2444 3.6290 6.6972 9.0844 118.6966 10.9417 10.0347 3.6146 118.5887 114.7746 9.0643 99.4214 4.6858 6.2759 99.1280 114.4295 13.4921 116.2614 4.5892 0.8808 9.4551 120.8045 12.1098 99.9990 4.9861 6.0207 5.9711 12.8807 113.6673 38.3873 100.6386 1.6511 4.9889 118.4598 4.0854 9.8421 4.4588 98.6436 6.6699 8.2099 113.8093 12.8095 9.9456 9.1927 32.1525 9.6584 5.6302 4.8195 113.4122 0.4655 5.1201 5.3419 98.7456 5.6396 118.6912 4.0970 32.8494 9.7656 0.0000 118.8312 9.3930 7.7397 4.3661 119.8124 9.1745
110.1000 5.3251 5.3251 88.3827 19.9434 113.5413 111.3217 119.8564 6.8109 117.3230 110.0503 109.8229 111.2305 115.5148 109.2131 116.0547 112.4558 115.1538 110.0185 1.3849 111.6923 112.0983 0.1333 115.9069 1.1237 87.2449 113.1451 109.8457 112.9635 116.6498 112.8598 111.5015 114.0465 112.2885 109.3371 111.5135 110.8635 115.6648 1.0039 112.5020 115.6616 111.6156 0.8960 5.7652 115.8004 19.8006 112.2517 112.1694 19.7904 5.0663 107.4533 4.3019 112.6320 116.8851 115.0143 6.6013 110.7844 20.3791 115.5163 112.2626 114.1230 109.5049 5.4045 87.8654 18.0548 116.3742 111.0652 0.3678 111.9800 114.9980 112.7774 21.4829 115.1050 116.4551 5.1221 110.6819 114.4112 115.7298 86.7343 115.9177 111.6012 110.6122 5.8180 116.5508 111.5459 112.6623 20.4427 112.2677 0.6683 112.4723 86.6929 114.9854 116.1086 0.0000 115.8537 113.5052 112.4514 2.1197 116.1179
5.7814 114.5328 114.5328 30.1551 96.2332 3.5410 7.4865 2.3271 110.5921 1.9791 7.3457 6.2797 5.8097 1.1092 6.6975 0.8941 4.7234 0.8890 8.1258 115.4588 4.7156 8.1257 116.0818 0.6299 116.6331 29.2443 5.6060 6.3234 4.2547 1.1228 6.1292 6.4812 3.2083 6.5495 6.7359 7.4662 6.3904 0.5300 115.9449 4.2719 1.3202 7.4139 115.8369 112.0228 0.3146 96.6696 6.5036 4.9772 96.3762 111.6777 8.6848 113.5096 6.3090 7.2799 1.1772 118.0527 5.7972 97.2472 11.5228 4.9125 4.2332 6.3723 110.9156 35.6355 97.8868 6.7188 5.9954 115.7080 7.2340 1.0574 6.1786 95.8918 3.4716 0.9281 111.0575 6.3258 1.4578 0.2175 29.4007 1.1540 5.6703 7.9910 110.6604 7.8178 5.6797 4.6984 95.9938 4.8997 115.9394 6.6083 30.0977 0.9809 8.1625 116.0794 0.0000 4.9746 6.7130 117.0606 1.5964
6.0984 112.9863 112.9863 28.6086 94.6867 6.0467 3.6695 7.6019 109.0456 6.6609 3.1448 5.8078 8.0298 5.6123 5.3766 5.1609 1.9718 4.6544 6.9672 113.9123 6.7743 5.4384 114.5353 5.1835 115.0866 27.6978 0.9565 5.7438 2.7970 5.7560 3.7238 1.8317 1.9629 3.9263 6.1576 4.8536 1.7946 5.0837 114.3984 6.4919 5.7591 4.8454 114.2904 110.4763 4.9066 95.1231 3.1771 1.6805 94.8297 110.1312 7.1384 111.9631 3.4960 7.6027 4.3307 116.5062 6.9291 95.7007 9.6360 2.0963 2.9548 6.3043 109.3691 34.0890 96.3404 7.0893 2.7424 114.1615 3.9074 4.7177 3.6414 94.3453 1.8204 5.5613 109.5110 7.7308 4.9101 5.0350 27.8542 5.7076 2.2311 4.3618 109.1139 8.2077 2.7264 2.7840 94.4473 2.4204 114.3929 3.7658 28.5512 4.6412 7.7397 114.5329 4.9746 0.0000 3.6280 115.5141 6.1500
9.5785 113.2022 113.2022 28.8246 94.9027 7.7852 1.2850 7.6096 109.2616 6.6686 1.5745 8.3302 9.7682 7.3507 7.8991 7.7479 2.4505 6.3928 9.4896 114.1282 8.5128 2.4368 114.7513 6.9219 115.3026 27.9138 3.9351 8.2662 2.6392 7.4199 0.7249 3.5039 3.7222 0.5088 8.6801 1.6754 2.8659 6.8221 114.6143 8.2304 7.4975 1.6679 114.5064 110.6923 6.6451 95.3391 0.4509 2.1641 95.0457 110.3472 9.6608 112.1791 0.8297 4.2291 6.0692 116.7222 9.3985 95.9167 6.8334 2.2573 3.7987 8.8267 109.5850 34.3050 96.5563 3.7157 0.9808 114.3775 0.9059 6.4562 0.7310 94.5613 3.9586 7.5905 109.7270 10.0982 6.6485 6.7734 28.0702 9.0391 1.5184 1.7895 109.3299 4.8341 1.4632 2.6571 94.6633 2.2624 114.6089 0.4330 28.7671 6.3796 4.3661 114.7489 6.7130 3.6280 0.0000 115.7301 8.5551
111.0812 6.3062 6.3062 89.3639 20.9246 114.5225 112.3029 120.8375 7.7921 118.3042 111.0315 110.8041 112.2117 116.4960 110.1943 117.0359 113.4370 116.1350 110.9997 1.7390 112.6735 113.0795 2.1221 116.8881 1.4377 88.2261 114.1263 110.8269 113.9447 117.6310 113.8410 112.4827 115.0277 113.2697 110.3183 112.4947 111.8447 116.6460 1.1755 113.4832 116.6428 112.5968 1.3345 6.7464 116.7816 20.7818 113.2329 113.1506 20.7716 6.0475 108.4344 5.2831 113.6131 117.8663 115.9954 5.8637 111.7656 21.3603 116.4975 113.2438 115.1042 110.4861 6.3857 88.8466 19.0360 117.3554 112.0464 1.7483 112.9611 115.9792 113.7585 22.4641 116.0861 117.4363 6.1033 111.6631 115.3924 116.7110 87.7155 116.8989 112.5823 111.5934 6.7992 117.5320 112.5271 113.6435 21.4239 113.2489 1.9797 113.4535 87.6741 115.9666 117.0898 2.1197 116.8349 114.4864 113.4326 0.0000 117.0990
5.9271 114.6785 114.6785 30.3009 96.3790 3.6867 8.9428 1.5867 110.7379 2.5763 8.8019 6.4255 5.9555 1.2322 6.8433 2.1548 6.6346 1.8447 8.2715 115.6045 4.8614 9.4183 116.2276 1.1006 116.7789 29.3900 6.5618 6.4691 5.8402 2.1412 7.5855 8.5566 4.1640 8.0057 6.8817 8.9225 7.8967 0.9072 116.0906 4.4177 0.9263 8.8702 115.9826 112.1685 1.5266 96.8153 7.9599 6.9806 96.5220 111.8234 8.8306 113.6554 7.7653 8.0163 2.1330 118.1984 5.9430 97.3930 12.2592 6.7065 5.3758 6.5180 111.0613 35.7813 98.0326 7.4552 7.4517 115.8538 8.6903 2.0132 7.6349 96.0376 4.4274 2.3118 111.2033 6.4716 1.9331 1.4082 29.5464 0.3739 7.1265 9.4473 110.8062 8.5542 7.1360 6.1711 96.1396 6.3724 116.0851 8.0646 30.2434 1.5799 8.8989 116.2252 1.3767 5.9303 8.1693 117.2064 0.0000
0.000 1259.617 1259.617 270.472 1063.683 41.392 86.733 79.983 1207.213 83.255 79.457 7.020 19.885 60.213 14.097 67.615 69.723 56.175 26.592 1268.952 19.553 110.880 1276.020 64.135 1280.410 259.013 48.617 7.972 72.727 72.293 91.555 62.878 59.170 95.390 11.350 103.378 61.595 61.945 1275.830 37.752 61.565 103.370 1274.540 1227.110 62.318 1063.577 86.418 70.495 1064.438 1225.417 29.670 1247.358 89.420 128.442 55.310 1299.040 10.165 1072.533 155.615 72.478 68.088 11.627 1215.850 328.267 1071.917 121.677 81.155 1272.813 92.515 53.642 91.163 1059.188 57.020 70.430 1217.127 19.502 47.342 61.860 260.108 64.813 75.172 93.425 1212.687 134.830 80.875 74.752 1060.230 73.568 1274.312 93.470 269.822 53.628 134.540 1275.992 62.305 55.758 90.742 1278.123 67.422
1259.617 0.000 0.000 1021.172 204.952 1299.295 1293.167 1337.887 62.393 1341.158 1288.618 1252.953 1269.948 1318.117 1248.375 1325.518 1311.973 1314.078 1246.015 52.702 1277.428 1314.243 49.175 1322.038 37.413 1006.042 1288.128 1254.458 1319.630 1330.197 1307.530 1298.500 1315.420 1304.318 1250.602 1307.278 1294.753 1319.848 47.058 1288.422 1319.468 1307.270 46.535 50.358 1320.222 198.030 1300.978 1308.967 202.958 39.515 1230.817 22.708 1304.798 1340.833 1313.213 83.667 1266.647 204.687 1345.623 1309.295 1325.067 1253.982 45.872 1012.473 187.913 1336.983 1297.480 50.020 1300.042 1311.545 1306.542 220.898 1312.535 1328.333 42.745 1268.897 1305.245 1319.763 1001.400 1322.717 1301.525 1294.218 50.273 1344.193 1302.650 1311.920 210.675 1309.507 54.597 1306.238 1000.903 1311.532 1338.685 50.773 1320.208 1295.270 1303.863 54.487 1325.325
1259.617 0.000 0.000 1021.172 204.952 1299.295 1293.167 1337.887 62.393 1341.158 1288.618 1252.953 1269.948 1318.117 1248.375 1325.518 1311.973 1314.078 1246.015 52.702 1277.428 1314.243 49.175 1322.038 37.413 1006.042 1288.128 1254.458 1319.630 1330.197 1307.530 1298.500 1315.420 1304.318 1250.602 1307.278 1294.753 1319.848 47.058 1288.422 1319.468 1307.270 46.535 50.358 1320.222 198.030 1300.978 1308.967 202.958 39.515 1230.817 22.708 1304.798 1340.833 1313.213 83.667 1266.647 204.687 1345.623 1309.295 1325.067 1253.982 45.872 1012.473 187.913 1336.983 1297.480 50.020 1300.042 1311.545 1306.542 220.898 1312.535 1328.333 42.745 1268.897 1305.245 1319.763 1001.400 1322.717 1301.525 1294.218 50.273 1344.193 1302.650 1311.920 210.675 1309.507 54.597 1306.238 1000.903 1311.532 1338.685 50.773 1320.208 1295.270 1303.863 54.487 1325.325
270.472 1021.172 1021.172 0.000 825.238 310.150 303.932 348.742 968.768 352.013 299.383 263.808 280.803 328.972 259.230 336.373 322.738 324.933 256.870 1030.507 288.283 325.008 1037.575 332.893 1041.965 15.978 298.983 265.313 330.395 341.052 318.295 309.265 326.275 315.083 261.457 318.043 305.518 330.703 1037.385 299.277 330.323 318.035 1036.095 988.665 331.077 825.132 311.743 319.732 825.993 986.972 241.672 1008.913 315.563 351.598 324.068 1060.595 277.502 834.088 356.388 320.060 335.922 264.837 977.405 72.192 833.472 347.748 308.245 1034.368 310.807 322.400 317.307 820.743 323.390 339.188 978.682 279.752 316.100 330.618 21.092 333.572 312.290 304.983 974.242 354.958 313.415 322.685 821.785 320.272 1035.867 317.003 26.203 322.387 349.450 1037.547 331.063 306.125 314.628 1039.678 336.180
1063.683 204.952 204.952 825.238 0.000 1103.362 1097.233 1141.953 152.548 1145.225 1092.685 1057.020 1074.015 1122.183 1052.442 1129.585 1116.040 1118.145 1050.082 214.287 1081.495 1118.310 221.355 1126.105 225.745 810.108 1092.195 1058.525 1123.697 1134.263 1111.597 1102.567 1119.487 1108.385 1054.668 1111.345 1098.820 1123.915 221.165 1092.488 1123.535 1111.337 219.875 172.445 1124.288 11.163 1105.045 1113.033 2.765 170.752 1034.883 192.693 1108.865 1144.900 1117.280 244.375 1070.713 15.828 1149.690 1113.362 1129.133 1058.048 161.185 816.540 18.218 1141.050 1101.547 218.148 1104.108 1115.612 1110.608 19.140 1116.602 1132.400 162.462 1072.963 1109.312 1123.830 805.467 1126.783 1105.592 1098.285 158.022 1148.260 1106.717 1115.987 6.602 1113.573 219.647 1110.305 804.970 1115.598 1142.752 221.327 1124.275 1099.337 1107.930 223.458 1129.392
41.392 1299.295 1299.295 310.150 1103.362 0.000 84.782 56.072 1246.892 59.343 82.077 46.698 32.427 36.302 53.775 43.703 57.895 32.263 65.313 1308.630 22.535 102.147 1315.698 40.223 1320.088 298.692 60.703 47.650 55.605 48.382 78.822 70.300 39.992 83.562 51.007 94.390 67.482 38.033 1315.508 13.953 37.653 94.382 1314.218 1266.788 38.407 1103.255 74.590 58.667 1104.117 1265.095 69.348 1287.037 77.592 109.263 31.398 1338.718 37.407 1112.212 148.538 60.650 48.910 51.283 1255.528 367.945 1111.595 102.498 69.327 1312.492 83.527 29.730 79.335 1098.867 41.428 46.518 1256.805 36.507 23.430 37.948 299.787 40.902 63.343 90.952 1252.365 115.652 69.047 60.283 1099.908 61.740 1313.990 81.642 309.500 29.717 115.362 1315.670 38.393 51.508 78.913 1317.802 43.510
86.733 1293.167 1293.167 303.932 1097.233 84.782 0.000 100.092 1240.763 80.800 8.927 86.902 102.268 92.467 82.897 87.497 34.193 83.265 101.050 1302.502 82.085 26.988 1309.570 89.882 1313.960 292.473 39.387 84.593 41.708 85.692 21.813 34.193 53.010 15.455 89.932 19.692 25.138 88.782 1309.380 87.503 93.818 19.683 1308.090 1260.660 85.180 1097.127 14.837 31.187 1097.988 1258.967 96.213 1280.908 19.082 55.467 80.397 1332.590 92.548 1106.083 70.890 31.515 54.453 92.363 1249.400 342.990 1105.467 49.397 17.885 1306.363 10.922 83.987 20.825 1092.738 50.983 87.387 1250.677 101.885 81.178 85.230 293.568 96.097 23.603 9.130 1246.237 62.357 23.055 33.998 1093.780 31.585 1307.862 17.375 303.282 82.407 57.548 1309.542 87.090 39.622 15.000 1311.673 98.497
79.983 1337.887 1337.887 348.742 1141.953 56.072 100.092 0.000 1285.483 20.862 97.520 85.290 80.842 24.760 92.367 26.678 72.417 28.133 104.862 1347.222 63.112 103.310 1354.290 19.028 1358.680 337.283 85.298 86.242 62.798 22.663 82.258 94.260 57.310 87.448 89.620 98.875 88.580 20.392 1354.100 62.368 20.243 98.247 1352.810 1305.380 27.140 1141.847 86.805 76.283 1142.708 1303.687 107.940 1325.628 84.663 89.107 31.192 1377.310 77.903 1150.803 134.783 71.348 56.770 89.897 1294.120 406.537 1150.187 82.342 82.230 1351.083 96.008 31.470 83.100 1137.458 58.747 23.918 1295.397 84.863 34.340 25.887 338.378 16.958 77.847 106.262 1290.957 95.495 78.188 67.575 1138.500 69.955 1352.582 88.155 348.092 29.897 98.168 1354.262 23.370 75.468 89.498 1356.393 13.272
1207.213 62.393 62.393 968.768 152.548 1246.892 1240.763 1285.483 0.000 1288.755 1236.215 1200.550 1217.545 1265.713 1195.972 1273.115 1259.570 1261.675 1193.612 71.728 1225.025 1261.840 78.797 1269.635 83.187 953.638 1235.725 1202.055 1267.227 1277.793 1255.127 1246.097 1263.017 1251.915 1198.198 1254.875 1242.350 1267.445 78.607 1236.018 1267.065 1254.867 77.317 23.307 1267.818 145.627 1248.575 1256.563 150.555 28.193 1178.413 50.135 1252.395 1288.430 1260.810 113.445 1214.243 152.283 1293.220 1256.892 1272.663 1201.578 17.730 960.070 135.510 1284.580 1245.077 75.590 1247.638 1259.142 1254.138 168.495 1260.132 1275.930 19.768 1216.493 1252.842 1267.360 948.997 1270.313 1249.122 1241.815 14.863 1291.790 1250.247 1259.517 158.272 1257.103 77.088 1253.835 948.500 1259.128 1286.282 78.768 1267.805 1242.867 1251.460 80.900 1272.922
83.255 1341.158 1341.158 352.013 1145.225 59.343 80.800 20.862 1288.755 0.000 78.228 88.562 84.113 31.898 95.638 18.307 53.125 28.953 108.133 1350.493 66.383 84.018 1357.562 22.735 1361.952 340.555 74.117 89.513 43.507 13.343 62.967 76.430 44.867 68.157 92.892 79.583 69.288 23.987 1357.372 65.640 31.097 78.955 1356.082 1308.652 22.768 1145.118 67.513 56.992 1145.980 1306.958 111.212 1328.900 65.372 69.127 31.148 1380.582 81.175 1154.075 114.803 52.057 37.478 93.168 1297.392 409.380 1153.458 62.362 62.938 1354.355 76.717 32.290 63.808 1140.730 47.160 14.598 1298.668 88.135 35.915 22.738 341.650 27.467 58.555 86.970 1294.228 75.515 58.897 48.283 1141.772 50.663 1355.853 68.863 351.363 30.717 78.188 1357.533 20.950 64.287 70.207 1359.665 26.675
79.457 1288.618 1288.618 299.383 1092.685 82.077 8.927 97.520 1236.215 78.228 0.000 79.625 94.992 89.762 75.620 84.925 31.563 80.560 93.773 1297.953 79.380 32.653 1305.022 87.177 1309.412 287.925 32.110 77.317 39.078 83.120 22.697 26.917 50.380 18.200 82.655 25.152 17.862 86.077 1304.832 84.798 91.113 25.143 1303.542 1256.112 82.475 1092.578 16.145 28.557 1093.440 1254.418 88.937 1276.360 19.965 58.672 77.692 1328.042 85.272 1101.535 77.808 28.885 51.882 85.087 1244.852 338.442 1100.918 52.552 15.313 1301.815 14.288 81.282 21.708 1088.190 48.278 84.815 1246.128 94.608 78.473 82.525 289.020 93.392 20.973 16.048 1241.688 65.705 20.483 31.368 1089.232 28.955 1303.313 20.120 298.733 79.702 61.782 1304.993 84.385 34.965 17.745 1307.125 95.792
7.020 1252.953 1252.953 263.808 1057.020 46.698 86.902 85.290 1200.550 88.562 79.625 0.000 23.662 65.520 7.825 72.922 74.733 61.482 20.972 1262.288 24.832 111.048 1269.357 69.442 1273.747 252.350 48.870 4.307 77.737 77.600 93.240 63.047 64.477 96.085 6.763 103.547 61.763 67.252 1269.167 42.135 66.872 103.538 1267.877 1220.447 67.625 1056.913 87.113 75.505 1057.775 1218.753 23.007 1240.695 90.537 133.748 60.617 1292.377 14.050 1065.870 155.783 76.572 73.395 7.437 1209.187 321.603 1065.253 126.983 82.272 1266.150 92.683 58.948 92.280 1052.525 62.030 75.737 1210.463 23.278 52.648 67.167 253.445 70.120 77.287 93.593 1206.023 140.137 82.990 79.762 1053.567 78.578 1267.648 94.165 263.158 58.935 139.847 1269.328 67.612 56.012 91.437 1271.460 72.728
19.885 1269.948 1269.948 280.803 1074.015 32.427 102.268 80.842 1217.545 84.113 94.992 23.662 0.000 61.072 30.738 68.473 75.382 57.033 32.887 1279.283 23.003 119.633 1286.352 64.993 1290.742 269.345 64.152 24.613 78.082 73.152 97.213 78.413 62.468 101.048 25.227 111.877 77.130 62.803 1286.162 18.473 62.423 111.868 1284.872 1237.442 63.177 1073.908 92.077 76.153 1074.770 1235.748 41.580 1257.690 95.078 131.740 56.168 1309.372 11.000 1082.865 166.025 78.137 71.387 27.578 1226.182 338.598 1082.248 124.975 86.813 1283.145 101.013 54.500 96.822 1069.520 62.678 71.288 1227.458 6.463 48.200 62.718 270.440 65.672 80.830 108.438 1223.018 138.128 86.533 80.410 1070.562 79.227 1284.643 99.128 280.153 54.487 137.838 1286.323 63.163 68.995 96.400 1288.455 68.280
60.213 1318.117 1318.117 328.972 1122.183 36.302 92.467 24.760 1265.713 31.898 89.762 65.520 61.072 0.000 72.597 20.963 59.752 9.457 85.092 1327.452 43.342 103.205 1334.520 11.428 1338.910 317.513 69.682 66.472 56.092 21.933 79.308 78.643 41.693 84.498 69.850 95.925 75.825 9.205 1334.330 42.598 5.022 95.297 1333.040 1285.610 13.850 1122.077 81.915 62.775 1122.938 1283.917 88.170 1305.858 80.087 98.938 13.947 1357.540 58.133 1131.033 144.615 61.973 47.022 70.127 1274.350 386.767 1130.417 92.173 76.952 1331.313 91.212 12.260 80.150 1117.688 43.130 20.070 1275.627 65.093 14.570 12.432 318.608 8.270 71.013 98.637 1271.187 105.327 71.697 60.770 1118.730 62.392 1332.812 85.205 328.322 10.687 108.000 1334.492 11.945 59.852 86.238 1336.623 12.203
14.097 1248.375 1248.375 259.230 1052.442 53.775 82.897 92.367 1195.972 95.638 75.620 7.825 30.738 72.597 0.000 79.998 72.678 68.558 18.433 1257.710 31.908 107.043 1264.778 76.518 1269.168 247.772 44.865 8.508 81.000 84.677 89.235 59.042 70.928 92.080 9.542 99.542 57.758 74.328 1264.588 49.212 73.948 99.533 1263.298 1215.868 74.702 1052.335 83.108 72.238 1053.197 1214.175 18.428 1236.117 86.532 131.572 67.693 1287.798 21.127 1061.292 151.778 72.567 80.472 13.072 1204.608 317.025 1060.675 124.807 78.267 1261.572 88.678 66.025 88.275 1047.947 68.217 82.813 1205.885 30.355 59.725 74.243 248.867 77.197 73.282 89.588 1201.445 137.960 78.985 77.540 1048.988 75.127 1263.070 90.160 258.580 66.012 136.172 1264.750 74.688 52.007 87.432 1266.882 79.805
67.615 1325.518 1325.518 336.373 1129.585 43.703 87.497 26.678 1273.115 18.307 84.925 72.922 68.473 20.963 79.998 0.000 55.963 15.793 92.493 1334.853 50.743 90.715 1341.922 12.578 1346.312 324.915 65.893 73.873 50.203 5.917 69.663 74.855 37.905 74.853 77.252 86.280 72.037 13.517 1341.732 50.000 21.110 85.652 1340.442 1293.012 7.877 1129.478 74.210 58.987 1130.340 1291.318 95.572 1313.260 72.068 81.085 14.242 1364.942 65.535 1138.435 126.762 58.185 40.882 77.528 1281.752 394.168 1137.818 74.320 69.635 1338.715 83.413 17.772 70.505 1125.090 39.342 4.550 1283.028 72.495 20.275 8.738 326.010 17.480 65.252 93.667 1278.588 87.473 65.593 54.980 1126.132 57.360 1340.213 75.560 335.723 16.192 90.147 1341.893 9.228 56.063 76.903 1344.025 19.850
69.723 1311.973 1311.973 322.738 1116.040 57.895 34.193 72.417 1259.570 53.125 31.563 74.733 75.382 59.752 72.678 55.963 0.000 50.550 90.832 1321.308 55.198 50.758 1328.377 57.167 1332.767 311.280 30.987 73.617 12.182 58.017 24.555 27.560 19.273 29.745 79.197 43.002 20.588 56.067 1328.187 60.617 61.103 42.993 1326.897 1279.467 52.465 1115.933 23.202 5.225 1116.795 1277.773 85.995 1299.715 24.263 65.188 47.682 1351.397 67.643 1124.890 97.150 4.282 21.390 79.473 1268.207 361.797 1124.273 58.423 17.938 1325.170 32.138 51.272 25.397 1111.545 18.798 59.712 1269.483 74.998 48.993 52.515 312.375 63.382 11.955 40.363 1265.043 71.577 15.873 7.752 1112.587 6.568 1326.668 30.253 322.088 49.692 70.360 1328.348 54.375 22.417 27.525 1330.480 65.782
56.175 1314.078 1314.078 324.933 1118.145 32.263 83.265 28.133 1261.675 28.953 80.560 61.482 57.033 9.457 68.558 15.793 50.550 0.000 81.053 1323.413 39.303 94.003 1330.482 10.038 1334.872 313.475 60.480 62.433 46.890 17.992 70.107 69.442 32.492 75.297 65.812 86.723 66.623 7.848 1330.292 38.560 10.808 86.095 1329.002 1281.572 9.487 1118.038 72.713 53.573 1118.900 1279.878 84.132 1301.820 70.885 95.027 4.518 1353.502 54.095 1126.995 140.205 52.772 37.820 66.088 1270.312 382.728 1126.378 88.262 67.750 1327.275 82.010 6.050 70.948 1113.650 33.928 16.128 1271.588 61.055 8.835 8.490 314.570 13.943 61.812 89.435 1267.148 101.415 62.495 51.568 1114.692 53.190 1328.773 76.003 324.283 4.477 104.088 1330.453 8.003 50.650 77.037 1332.585 16.437
26.592 1246.015 1246.015 256.870 1050.082 65.313 101.050 104.862 1193.612 108.133 93.773 20.972 32.887 85.092 18.433 92.493 90.832 81.053 0.000 1255.350 43.713 125.197 1262.418 89.013 1266.808 245.412 63.018 23.408 97.442 97.172 107.388 77.195 84.048 110.233 15.242 117.695 75.912 86.823 1262.228 51.360 86.443 117.687 1260.938 1213.508 87.197 1049.975 101.262 90.392 1050.837 1211.815 17.647 1233.757 104.685 149.725 80.188 1285.438 32.268 1058.932 169.932 90.720 92.967 18.572 1202.248 314.665 1058.315 142.960 96.420 1259.212 106.832 78.520 106.428 1045.587 81.735 95.308 1203.525 31.730 72.220 86.738 246.507 89.692 91.435 107.742 1199.085 156.113 97.138 95.693 1046.628 93.280 1260.710 108.313 256.220 78.507 154.325 1262.390 87.183 70.160 105.585 1264.522 92.300
1268.952 52.702 52.702 1030.507 214.287 1308.630 1302.502 1347.222 71.728 1350.493 1297.953 1262.288 1279.283 1327.452 1257.710 1334.853 1321.308 1323.413 1255.350 0.000 1286.763 1323.578 15.245 1331.373 15.288 1015.377 1297.463 1263.793 1328.965 1339.532 1316.865 1307.835 1324.755 1313.653 1259.937 1316.613 1304.088 1329.183 7.448 1297.757 1328.803 1316.605 6.942 58.517 1329.557 207.365 1310.313 1318.302 212.293 51.495 1240.152 40.493 1314.133 1350.168 1322.548 77.380 1275.982 214.022 1354.958 1318.630 1334.402 1263.317 55.207 1021.808 197.248 1346.318 1306.815 10.972 1309.377 1320.880 1315.877 230.233 1321.870 1337.668 52.080 1278.232 1314.580 1329.098 1010.735 1332.052 1310.860 1303.553 59.608 1353.528 1311.985 1321.255 220.010 1318.842 13.537 1315.573 1010.238 1320.867 1348.020 15.217 1329.543 1304.605 1313.198 12.563 1334.660
19.553 1277.428 1277.428 288.283 1081.495 22.535 82.085 63.112 1225.025 66.383 79.380 24.832 23.003 43.342 31.908 50.743 55.198 39.303 43.713 1286.763 0.000 99.450 1293.832 47.263 1298.222 276.825 58.007 25.783 57.912 55.422 77.030 67.603 42.298 80.865 28.472 91.693 64.785 45.073 1293.642 18.320 44.693 91.685 1292.352 1244.922 45.447 1081.388 71.893 55.970 1082.250 1243.228 47.482 1265.170 74.895 111.570 38.438 1316.852 15.740 1090.345 145.842 57.953 51.217 28.748 1233.662 346.078 1089.728 104.805 66.630 1290.625 80.830 36.770 76.638 1077.000 42.495 53.558 1234.938 22.620 30.470 44.988 277.920 47.942 60.647 88.255 1230.498 117.958 66.350 60.227 1078.042 59.043 1292.123 78.945 287.633 36.757 117.668 1293.803 45.433 48.812 76.217 1295.935 50.550
110.880 1314.243 1314.243 325.008 1118.310 102.147 26.988 103.310 1261.840 84.018 32.653 111.048 119.633 103.205 107.043 90.715 50.758 94.003 125.197 1323.578 99.450 0.000 1330.647 100.620 1335.037 313.550 63.533 108.740 50.178 88.910 31.660 58.340 62.727 25.030 114.078 9.932 49.285 99.520 1330.457 104.868 104.557 10.988 1329.167 1281.737 95.918 1118.203 28.497 47.752 1119.065 1280.043 120.360 1301.985 33.033 42.487 91.135 1353.667 111.895 1127.160 55.422 48.080 60.960 116.510 1270.477 364.067 1126.543 36.417 33.247 1327.440 19.515 94.725 31.732 1113.815 64.813 90.605 1271.753 119.250 93.132 95.968 314.645 106.097 39.357 24.585 1267.313 48.530 38.533 47.165 1114.857 47.935 1328.938 26.950 324.358 93.145 43.022 1330.618 97.828 61.775 27.967 1332.750 106.517
1276.020 49.175 49.175 1037.575 221.355 1315.698 1309.570 1354.290 78.797 1357.562 1305.022 1269.357 1286.352 1334.520 1264.778 1341.922 1328.377 1330.482 1262.418 15.245 1293.832 1330.647 0.000 1338.442 11.762 1022.445 1304.532 1270.862 1336.033 1346.600 1323.933 1314.903 1331.823 1320.722 1267.005 1323.682 1311.157 1336.252 11.797 1304.825 1335.872 1323.673 10.478 65.585 1336.625 214.433 1317.382 1325.370 219.362 58.563 1247.220 47.562 1321.202 1357.237 1329.617 76.732 1283.050 221.090 1362.027 1325.698 1341.470 1270.385 62.275 1028.877 204.317 1353.387 1313.883 4.418 1316.445 1327.948 1322.945 237.302 1328.938 1344.737 59.148 1285.300 1321.648 1336.167 1017.803 1339.120 1317.928 1310.622 66.677 1360.597 1319.053 1328.323 227.078 1325.910 8.035 1322.642 1017.307 1327.935 1355.088 1.598 1336.612 1311.673 1320.267 20.962 1341.728
64.135 1322.038 1322.038 332.893 1126.105 40.223 89.882 19.028 1269.635 22.735 87.177 69.442 64.993 11.428 76.518 12.578 57.167 10.038 89.013 1331.373 47.263 100.620 1338.442 0.000 1342.832 321.435 67.097 70.393 53.507 13.222 76.723 76.058 39.108 81.913 73.772 93.340 73.240 3.517 1338.252 46.520 11.033 92.712 1336.962 1289.532 8.938 1125.998 79.330 60.190 1126.860 1287.838 92.092 1309.780 77.502 89.775 12.990 1361.462 62.055 1134.955 135.452 59.388 44.437 74.048 1278.272 390.688 1134.338 83.010 74.367 1335.235 88.627 13.375 77.565 1121.610 40.545 11.358 1279.548 69.015 17.000 7.685 322.530 7.403 68.428 96.052 1275.108 96.163 69.112 58.185 1122.652 59.807 1336.733 82.620 332.243 11.802 98.837 1338.413 5.168 57.267 83.653 1340.545 9.803
1280.410 37.413 37.413 1041.965 225.745 1320.088 1313.960 1358.680 83.187 1361.952 1309.412 1273.747 1290.742 1338.910 1269.168 1346.312 1332.767 1334.872 1266.808 15.288 1298.222 1335.037 11.762 1342.832 0.000 1026.835 1308.922 1275.252 1340.423 1350.990 1328.323 1319.293 1336.213 1325.112 1271.395 1328.072 1315.547 1340.642 9.645 1309.215 1340.262 1328.063 9.122 72.475 1341.015 218.823 1321.772 1329.760 223.752 54.993 1251.610 54.452 1325.592 1361.627 1334.007 68.530 1287.440 225.480 1366.417 1330.088 1345.860 1274.775 66.665 1033.267 208.707 1357.777 1318.273 12.607 1320.835 1332.338 1327.335 241.692 1333.328 1349.127 63.538 1289.690 1326.038 1340.557 1022.193 1343.510 1322.318 1315.012 71.067 1364.987 1323.443 1332.713 231.468 1330.300 17.183 1327.032 1021.697 1332.325 1359.478 13.360 1341.002 1316.063 1324.657 17.073 1346.118
259.013 1006.042 1006.042 15.978 810.108 298.692 292.473 337.283 953.638 340.555 287.925 252.350 269.345 317.513 247.772 324.915 311.280 313.475 245.412 1015.377 276.825 313.550 1022.445 321.435 1026.835 0.000 287.525 253.855 318.937 329.593 306.837 297.807 314.817 303.625 249.998 306.585 294.060 319.245 1022.255 287.818 318.865 306.577 1020.965 973.535 319.618 810.002 300.285 308.273 810.863 971.842 230.213 993.783 304.105 340.140 312.610 1045.465 266.043 818.958 344.930 308.602 324.463 253.378 962.275 74.343 818.342 336.290 296.787 1019.238 299.348 310.942 305.848 805.613 311.932 327.730 963.552 268.293 304.642 319.160 5.235 322.113 300.832 293.525 959.112 343.500 301.957 311.227 806.655 308.813 1020.737 305.545 13.297 310.928 337.992 1022.417 319.605 294.667 303.170 1024.548 324.722
48.617 1288.128 1288.128 298.983 1092.195 60.703 39.387 85.298 1235.725 74.117 32.110 48.870 64.152 69.682 44.865 65.893 30.987 60.480 63.018 1297.463 58.007 63.533 1304.532 67.097 1308.922 287.525 0.000 46.562 38.913 71.572 45.725 16.003 32.183 48.570 51.900 56.032 14.248 65.997 1304.342 63.425 71.033 56.023 1303.052 1255.622 62.395 1092.088 39.598 27.980 1092.950 1253.928 58.182 1275.870 43.022 87.848 57.612 1327.552 54.432 1101.045 108.268 28.308 41.682 54.332 1244.362 356.778 1100.428 81.083 34.757 1301.325 45.168 61.202 44.765 1087.700 29.298 70.332 1245.638 63.768 58.393 62.445 288.620 73.312 29.023 46.078 1241.198 94.237 34.727 33.282 1088.742 30.868 1302.823 46.650 298.333 59.622 92.662 1304.503 64.305 9.830 43.922 1306.635 75.712
7.972 1254.458 1254.458 265.313 1058.525 47.650 84.593 86.242 1202.055 89.513 77.317 4.307 24.613 66.472 8.508 73.873 73.617 62.433 23.408 1263.793 25.783 108.740 1270.862 70.393 1275.252 253.855 46.562 0.000 76.620 78.552 90.932 60.738 63.625 93.777 9.793 101.238 59.455 68.203 1270.672 43.087 67.823 101.230 1269.382 1221.952 68.577 1058.418 84.805 73.935 1059.280 1220.258 24.512 1242.200 88.228 133.268 61.568 1293.882 15.002 1067.375 153.475 74.263 74.347 10.598 1210.692 323.108 1066.758 126.503 79.963 1267.655 90.375 59.900 89.972 1054.030 60.913 76.688 1211.968 24.230 53.600 68.118 254.950 71.072 74.978 91.285 1207.528 139.657 80.682 78.645 1055.072 76.823 1269.153 91.857 264.663 59.887 137.868 1270.833 68.563 53.703 89.128 1272.965 73.680
72.727 1319.630 1319.630 330.395 1123.697 55.605 41.708 62.798 1267.227 43.507 39.078 77.737 78.082 56.092 81.000 50.203 12.182 46.890 97.442 1328.965 57.912 50.178 1336.033 53.507 1340.423 318.937 38.913 76.620 0.000 48.398 26.282 35.487 15.613 31.472 82.200 42.898 28.515 52.407 1335.843 59.608 57.443 42.270 1334.553 1287.123 48.805 1123.590 29.647 16.048 1124.452 1285.430 94.317 1307.372 27.818 58.445 44.022 1359.053 70.647 1132.547 96.380 11.113 13.992 82.477 1275.863 369.453 1131.930 51.680 24.683 1332.827 38.987 47.612 27.123 1119.202 17.700 50.093 1277.140 78.002 46.018 48.855 320.032 59.722 18.745 47.878 1272.700 64.833 19.428 7.743 1120.243 10.123 1334.325 32.178 329.745 46.032 64.543 1336.005 50.715 30.738 33.522 1338.137 62.122
72.293 1330.197 1330.197 341.052 1134.263 48.382 85.692 22.663 1277.793 13.343 83.120 77.600 73.152 21.933 84.677 5.917 58.017 17.992 97.172 1339.532 55.422 88.910 1346.600 13.222 1350.990 329.593 71.572 78.552 48.398 0.000 67.858 80.355 41.495 73.048 81.930 84.475 74.180 14.277 1346.410 54.678 21.753 83.847 1345.120 1297.690 11.240 1134.157 72.405 61.883 1135.018 1295.997 100.250 1317.938 70.263 78.042 20.047 1369.620 70.213 1143.113 123.718 56.948 39.077 82.207 1286.430 398.847 1142.497 71.277 67.830 1343.393 81.608 21.328 68.700 1129.768 43.920 2.112 1287.707 77.173 24.953 11.553 330.688 18.123 63.447 91.862 1283.267 84.430 63.788 53.175 1130.810 55.555 1344.892 73.755 340.402 19.755 87.103 1346.572 9.988 61.742 75.098 1348.703 19.465
91.555 1307.530 1307.530 318.295 1111.597 78.822 21.813 82.258 1255.127 62.967 22.697 93.240 97.213 79.308 89.235 69.663 24.555 70.107 107.388 1316.865 77.030 31.660 1323.933 76.723 1328.323 306.837 45.725 90.932 26.282 67.858 0.000 40.532 38.830 6.630 96.270 23.238 31.477 75.623 1323.743 82.448 80.660 23.230 1322.453 1275.023 72.022 1111.490 7.268 25.900 1112.352 1273.330 102.552 1295.272 3.845 47.190 67.238 1346.953 89.475 1120.447 77.875 23.177 37.072 98.702 1263.763 357.353 1119.830 40.567 11.368 1320.727 15.190 70.828 2.282 1107.102 40.630 69.553 1265.040 96.830 69.235 72.072 307.932 82.938 17.505 27.825 1260.600 53.720 12.015 20.400 1108.143 18.827 1322.225 7.337 317.645 69.248 51.123 1323.905 73.932 40.667 8.680 1326.037 85.338
62.878 1298.500 1298.500 309.265 1102.567 70.300 34.193 94.260 1246.097 76.430 26.917 63.047 78.413 78.643 59.042 74.855 27.560 69.442 77.195 1307.835 67.603 58.340 1314.903 76.058 1319.293 297.807 16.003 60.738 35.487 80.355 40.532 0.000 40.967 43.377 66.077 50.838 9.055 74.958 1314.713 73.022 79.995 50.830 1313.423 1265.993 71.357 1102.460 34.405 24.553 1103.322 1264.300 72.358 1286.242 37.828 82.868 66.573 1337.923 68.693 1111.417 103.075 24.882 48.077 68.508 1254.733 348.323 1110.800 76.103 29.563 1311.697 39.975 70.163 39.572 1098.072 38.082 79.293 1256.010 78.030 67.355 71.407 298.902 82.273 25.155 40.885 1251.570 89.257 30.695 29.855 1099.113 27.442 1313.195 41.457 308.615 68.583 87.468 1314.875 73.267 20.212 38.728 1317.007 84.673
59.170 1315.420 1315.420 326.275 1119.487 39.992 53.010 57.310 1263.017 44.867 50.380 64.477 62.468 41.693 70.928 37.905 19.273 32.492 84.048 1324.755 42.298 62.727 1331.823 39.108 1336.213 314.817 32.183 63.625 15.613 41.495 38.830 40.967 0.000 44.020 68.807 55.447 37.992 38.008 1331.633 43.995 43.045 54.818 1330.343 1282.913 34.407 1119.380 41.437 22.632 1120.242 1281.220 85.473 1303.162 39.608 70.833 29.623 1354.843 57.090 1128.337 108.928 21.495 12.432 69.083 1271.653 380.613 1127.720 64.068 36.473 1328.617 50.777 33.213 39.672 1114.992 4.532 42.343 1272.930 64.050 30.405 34.457 315.912 45.323 30.535 59.180 1268.490 77.222 31.218 20.292 1116.033 21.913 1330.115 44.727 325.625 31.633 76.932 1331.795 36.317 22.353 45.760 1333.927 47.723
95.390 1304.318 1304.318 315.083 1108.385 83.562 15.455 87.448 1251.915 68.157 18.200 96.085 101.048 84.498 92.080 74.853 29.745 75.297 110.233 1313.653 80.865 25.030 1320.722 81.913 1325.112 303.625 48.570 93.777 31.472 73.048 6.630 43.377 44.020 0.000 99.115 16.608 34.322 80.813 1320.532 86.283 85.850 16.600 1319.242 1271.812 77.212 1108.278 8.972 29.167 1109.140 1270.118 105.397 1292.060 8.265 43.657 72.428 1343.742 93.310 1117.235 71.245 28.367 42.262 101.547 1260.552 354.142 1116.618 37.537 14.662 1317.515 8.560 76.018 6.702 1103.890 45.820 74.743 1261.828 100.665 74.425 77.262 304.720 88.128 20.772 21.422 1257.388 50.690 16.435 25.590 1104.932 24.017 1319.013 1.920 314.433 74.438 47.100 1320.693 79.122 43.912 5.693 1322.825 90.528
11.350 1250.602 1250.602 261.457 1054.668 51.007 89.932 89.620 1198.198 92.892 82.655 6.763 25.227 69.850 9.542 77.252 79.197 65.812 15.242 1259.937 28.472 114.078 1267.005 73.772 1271.395 249.998 51.900 9.793 82.200 81.930 96.270 66.077 68.807 99.115 0.000 106.577 64.793 71.582 1266.815 43.700 71.202 106.568 1265.525 1218.095 71.955 1054.562 90.143 79.273 1055.423 1216.402 21.847 1238.343 93.567 138.078 64.947 1290.025 17.690 1063.518 158.813 79.602 77.725 4.342 1206.835 319.252 1062.902 131.313 85.302 1263.798 95.713 63.278 95.310 1050.173 66.493 80.067 1208.112 24.175 56.978 71.497 251.093 74.450 80.317 96.623 1203.672 144.467 86.020 84.225 1051.215 82.162 1265.297 97.195 260.807 63.265 143.207 1266.977 71.942 59.042 94.467 1269.108 77.058
103.378 1307.278 1307.278 318.043 1111.345 94.390 19.692 98.875 1254.875 79.583 25.152 103.547 111.877 95.925 99.542 86.280 43.002 86.723 117.695 1316.613 91.693 9.932 1323.682 93.340 1328.072 306.585 56.032 101.238 42.898 84.475 23.238 50.838 55.447 16.608 106.577 0.000 41.783 92.240 1323.492 97.112 97.277 2.420 1322.202 1274.772 88.638 1111.238 20.740 39.995 1112.100 1273.078 112.858 1295.020 24.873 40.395 83.855 1346.702 104.138 1120.195 56.323 40.323 53.688 109.008 1263.512 357.102 1119.578 34.325 25.490 1320.475 10.863 87.445 23.310 1106.850 57.533 86.170 1264.788 111.493 85.852 88.688 307.680 99.555 31.600 17.518 1260.348 47.285 30.777 39.885 1107.892 40.178 1321.973 18.528 317.393 85.865 42.207 1323.653 90.548 54.112 19.492 1325.785 101.955
61.595 1294.753 1294.753 305.518 1098.820 67.482 25.138 88.580 1242.350 69.288 17.862 61.763 77.130 75.825 57.758 72.037 20.588 66.623 75.912 1304.088 64.785 49.285 1311.157 73.240 1315.547 294.060 14.248 59.455 28.515 74.180 31.477 9.055 37.992 34.322 64.793 41.783 0.000 72.140 1310.967 70.203 77.177 41.775 1309.677 1262.247 68.538 1098.713 25.350 17.582 1099.575 1260.553 71.075 1282.495 28.773 73.813 63.755 1334.177 67.410 1107.670 94.020 17.910 41.105 67.225 1250.987 344.577 1107.053 67.048 20.508 1307.950 30.920 67.345 30.517 1094.325 35.107 75.875 1252.263 76.747 64.537 68.588 295.155 79.455 16.100 31.830 1247.823 80.202 21.640 21.038 1095.367 18.625 1309.448 32.402 304.868 65.765 78.413 1311.128 70.448 17.572 29.673 1313.260 81.855
61.945 1319.848 1319.848 330.703 1123.915 38.033 88.782 20.392 1267.445 23.987 86.077 67.252 62.803 9.205 74.328 13.517 56.067 7.848 86.823 1329.183 45.073 99.520 1336.252 3.517 1340.642 319.245 65.997 68.203 52.407 14.277 75.623 74.958 38.008 80.813 71.582 92.240 72.140 0.000 1336.062 44.330 8.007 91.612 1334.772 1287.342 8.058 1123.808 78.230 59.090 1124.670 1285.648 89.902 1307.590 76.402 91.027 11.347 1359.272 59.865 1132.765 136.703 58.288 43.337 71.858 1276.082 388.498 1132.148 84.262 73.267 1333.045 87.527 11.185 76.465 1119.420 39.445 12.413 1277.358 66.825 14.810 6.805 320.340 7.422 67.328 94.952 1272.918 97.415 68.012 57.085 1120.462 58.707 1334.543 81.520 330.053 9.612 100.088 1336.223 4.288 56.167 82.553 1338.355 9.822
1275.830 47.058 47.058 1037.385 221.165 1315.508 1309.380 1354.100 78.607 1357.372 1304.832 1269.167 1286.162 1334.330 1264.588 1341.732 1328.187 1330.292 1262.228 7.448 1293.642 1330.457 11.797 1338.252 9.645 1022.255 1304.342 1270.672 1335.843 1346.410 1323.743 1314.713 1331.633 1320.532 1266.815 1323.492 1310.967 1336.062 0.000 1304.635 1335.682 1323.483 2.428 65.395 1336.435 214.243 1317.192 1325.180 219.172 58.373 1247.030 47.372 1321.012 1357.047 1329.427 71.583 1282.860 220.900 1361.837 1325.508 1341.280 1270.195 62.085 1028.687 204.127 1353.197 1313.693 7.378 1316.255 1327.758 1322.755 237.112 1328.748 1344.547 58.958 1285.110 1321.458 1335.977 1017.613 1338.930 1317.738 1310.432 66.487 1360.407 1318.863 1328.133 226.888 1325.720 10.337 1322.452 1017.117 1327.745 1354.898 11.768 1336.422 1311.483 1320.077 9.668 1341.538
37.752 1288.422 1288.422 299.277 1092.488 13.953 87.503 62.368 1236.018 65.640 84.798 42.135 18.473 42.598 49.212 50.000 60.617 38.560 51.360 1297.757 18.320 104.868 1304.825 46.520 1309.215 287.818 63.425 43.087 59.608 54.678 82.448 73.022 43.995 86.283 43.700 97.112 70.203 44.330 1304.635 0.000 43.950 97.103 1303.345 1255.915 44.703 1092.382 77.312 61.388 1093.243 1254.222 60.053 1276.163 80.313 113.267 37.695 1327.845 29.473 1101.338 151.260 63.372 52.913 46.052 1244.655 357.072 1100.722 106.502 72.048 1301.618 86.248 36.027 82.057 1087.993 45.432 52.815 1245.932 22.553 29.727 44.245 288.913 47.198 66.065 93.673 1241.492 119.655 71.768 64.287 1089.035 64.462 1303.117 84.363 298.627 36.013 119.365 1304.797 44.690 54.230 81.635 1306.928 49.807
61.565 1319.468 1319.468 330.323 1123.535 37.653 93.818 20.243 1267.065 31.097 91.113 66.872 62.423 5.022 73.948 21.110 61.103 10.808 86.443 1328.803 44.693 104.557 1335.872 11.033 1340.262 318.865 71.033 67.823 57.443 21.753 80.660 79.995 43.045 85.850 71.202 97.277 77.177 8.007 1335.682 43.950 0.000 96.648 1334.392 1286.962 14.860 1123.428 83.267 64.127 1124.290 1285.268 89.522 1307.210 81.438 98.137 15.298 1358.892 59.485 1132.385 143.813 63.325 48.373 71.478 1275.702 388.118 1131.768 91.372 78.303 1332.665 92.563 13.612 81.502 1119.040 44.482 19.890 1276.978 66.445 15.922 13.442 319.960 3.753 72.365 99.988 1272.538 104.525 73.048 62.122 1120.082 63.743 1334.163 86.557 329.673 12.038 107.198 1335.843 12.295 61.203 87.590 1337.975 7.687
103.370 1307.270 1307.270 318.035 1111.337 94.382 19.683 98.247 1254.867 78.955 25.143 103.538 111.868 95.297 99.533 85.652 42.993 86.095 117.687 1316.605 91.685 10.988 1323.673 92.712 1328.063 306.577 56.023 101.230 42.270 83.847 23.230 50.830 54.818 16.600 106.568 2.420 41.775 91.612 1323.483 97.103 96.648 0.000 1322.193 1274.763 88.010 1111.230 20.732 39.987 1112.092 1273.070 112.850 1295.012 24.865 40.218 83.227 1346.693 104.130 1120.187 57.203 40.315 53.060 109.000 1263.503 357.093 1119.570 34.148 25.482 1320.467 10.855 86.817 23.302 1106.842 56.905 85.542 1264.780 111.485 85.223 88.060 307.672 98.927 31.592 17.510 1260.340 47.108 30.768 39.257 1107.883 40.170 1321.965 18.520 317.385 85.237 42.030 1323.645 89.920 54.103 19.483 1325.777 101.327
1274.540 46.535 46.535 1036.095 219.875 1314.218 1308.090 1352.810 77.317 1356.082 1303.542 1267.877 1284.872 1333.040 1263.298 1340.442 1326.897 1329.002 1260.938 6.942 1292.352 1329.167 10.478 1336.962 9.122 1020.965 1303.052 1269.382 1334.553 1345.120 1322.453 1313.423 1330.343 1319.242 1265.525 1322.202 1309.677 1334.772 2.428 1303.345 1334.392 1322.193 0.000 64.105 1335.145 212.953 1315.902 1323.890 217.882 57.083 1245.740 46.082 1319.722 1355.757 1328.137 73.508 1281.570 219.610 1360.547 1324.218 1339.990 1268.905 60.795 1027.397 202.837 1351.907 1312.403 6.060 1314.965 1326.468 1321.465 235.822 1327.458 1343.257 57.668 1283.820 1320.168 1334.687 1016.323 1337.640 1316.448 1309.142 65.197 1359.117 1317.573 1326.843 225.598 1324.430 9.045 1321.162 1015.827 1326.455 1353.608 10.450 1335.132 1310.193 1318.787 11.593 1340.248
1227.110 50.358 50.358 988.665 172.445 1266.788 1260.660 1305.380 23.307 1308.652 1256.112 1220.447 1237.442 1285.610 1215.868 1293.012 1279.467 1281.572 1213.508 58.517 1244.922 1281.737 65.585 1289.532 72.475 973.535 1255.622 1221.952 1287.123 1297.690 1275.023 1265.993 1282.913 1271.812 1218.095 1274.772 1262.247 1287.342 65.395 1255.915 1286.962 1274.763 64.105 0.000 1287.715 165.523 1268.472 1276.460 170.452 19.785 1198.310 38.100 1272.292 1308.327 1280.707 105.037 1234.140 172.180 1313.117 1276.788 1292.560 1221.475 16.305 979.967 155.407 1304.477 1264.973 62.378 1267.535 1279.038 1274.035 188.392 1280.028 1295.827 15.767 1236.390 1272.738 1287.257 968.893 1290.210 1269.018 1261.712 16.322 1311.687 1270.143 1279.413 178.168 1277.000 63.877 1273.732 968.397 1279.025 1306.178 65.557 1287.702 1262.763 1271.357 67.688 1292.818
62.318 1320.222 1320.222 331.077 1124.288 38.407 85.180 27.140 1267.818 22.768 82.475 67.625 63.177 13.850 74.702 7.877 52.465 9.487 87.197 1329.557 45.447 95.918 1336.625 8.938 1341.015 319.618 62.395 68.577 48.805 11.240 72.022 71.357 34.407 77.212 71.955 88.638 68.538 8.058 1336.435 44.703 14.860 88.010 1335.145 1287.715 0.000 1124.182 74.628 55.488 1125.043 1286.022 90.275 1307.963 72.800 88.313 9.573 1359.645 60.238 1133.138 133.990 54.687 39.735 72.232 1276.455 388.872 1132.522 81.548 69.665 1333.418 83.925 12.475 72.863 1119.793 35.843 9.377 1277.732 67.198 14.978 1.625 320.713 15.480 63.727 91.350 1273.292 94.702 64.410 53.483 1120.835 55.105 1334.917 77.918 330.427 10.895 97.375 1336.597 3.770 52.565 78.952 1338.728 17.880
1063.577 198.030 198.030 825.132 11.163 1103.255 1097.127 1141.847 145.627 1145.118 1092.578 1056.913 1073.908 1122.077 1052.335 1129.478 1115.933 1118.038 1049.975 207.365 1081.388 1118.203 214.433 1125.998 218.823 810.002 1092.088 1058.418 1123.590 1134.157 1111.490 1102.460 1119.380 1108.278 1054.562 1111.238 1098.713 1123.808 214.243 1092.382 1123.428 1111.230 212.953 165.523 1124.182 0.000 1104.938 1112.927 8.462 163.830 1034.777 185.772 1108.758 1144.793 1117.173 237.453 1070.607 23.260 1149.583 1113.255 1129.027 1057.942 154.263 816.433 10.117 1140.943 1101.440 211.227 1104.002 1115.505 1110.502 26.767 1116.495 1132.293 155.540 1072.857 1109.205 1123.723 805.360 1126.677 1105.485 1098.178 151.100 1148.153 1106.610 1115.880 13.845 1113.467 212.725 1110.198 804.863 1115.492 1142.645 214.405 1124.168 1099.230 1107.823 216.537 1129.285
86.418 1300.978 1300.978 311.743 1105.045 74.590 14.837 86.805 1248.575 67.513 16.145 87.113 92.077 81.915 83.108 74.210 23.202 72.713 101.262 1310.313 71.893 28.497 1317.382 79.330 1321.772 300.285 39.598 84.805 29.647 72.405 7.268 34.405 41.437 8.972 90.143 20.740 25.350 78.230 1317.192 77.312 83.267 20.732 1315.902 1268.472 74.628 1104.938 0.000 20.195 1105.800 1266.778 96.425 1288.720 4.537 51.612 69.845 1340.402 84.338 1113.895 74.888 20.523 41.275 92.575 1257.212 350.802 1113.278 45.492 5.690 1314.175 9.877 73.435 6.280 1100.550 40.792 74.100 1258.488 91.693 70.987 74.678 301.380 85.545 11.800 20.803 1254.048 58.645 10.977 21.937 1101.592 20.363 1315.673 7.052 311.093 71.855 54.957 1317.353 76.538 34.940 4.323 1319.485 87.945
70.495 1308.967 1308.967 319.732 1113.033 58.667 31.187 76.283 1256.563 56.992 28.557 75.505 76.153 62.775 72.238 58.987 5.225 53.573 90.392 1318.302 55.970 47.752 1325.370 60.190 1329.760 308.273 27.980 73.935 16.048 61.883 25.900 24.553 22.632 29.167 79.273 39.995 17.582 59.090 1325.180 61.388 64.127 39.987 1323.890 1276.460 55.488 1112.927 20.195 0.000 1113.788 1274.767 85.555 1296.708 23.197 67.622 50.705 1348.390 68.415 1121.883 94.143 5.108 24.775 80.245 1265.200 358.790 1121.267 60.857 14.932 1322.163 29.132 54.295 24.940 1108.538 21.292 63.425 1266.477 75.770 51.487 55.538 309.368 66.405 8.948 37.357 1262.037 74.010 14.652 11.482 1109.580 10.298 1323.662 27.247 319.082 52.715 72.793 1325.342 57.398 22.358 24.518 1327.473 68.805
1064.438 202.958 202.958 825.993 2.765 1104.117 1097.988 1142.708 150.555 1145.980 1093.440 1057.775 1074.770 1122.938 1053.197 1130.340 1116.795 1118.900 1050.837 212.293 1082.250 1119.065 219.362 1126.860 223.752 810.863 1092.950 1059.280 1124.452 1135.018 1112.352 1103.322 1120.242 1109.140 1055.423 1112.100 1099.575 1124.670 219.172 1093.243 1124.290 1112.092 217.882 170.452 1125.043 8.462 1105.800 1113.788 0.000 168.758 1035.638 190.700 1109.620 1145.655 1118.035 242.382 1071.468 15.885 1150.445 1114.117 1129.888 1058.803 159.192 817.295 15.635 1141.805 1102.302 216.155 1104.863 1116.367 1111.363 21.068 1117.357 1133.155 160.468 1073.718 1110.067 1124.585 806.222 1127.538 1106.347 1099.040 156.028 1149.015 1107.472 1116.742 8.522 1114.328 217.653 1111.060 805.725 1116.353 1143.507 219.333 1125.030 1100.092 1108.685 221.465 1130.147
1225.417 39.515 39.515 986.972 170.752 1265.095 1258.967 1303.687 28.193 1306.958 1254.418 1218.753 1235.748 1283.917 1214.175 1291.318 1277.773 1279.878 1211.815 51.495 1243.228 1280.043 58.563 1287.838 54.993 971.842 1253.928 1220.258 1285.430 1295.997 1273.330 1264.300 1281.220 1270.118 1216.402 1273.078 1260.553 1285.648 58.373 1254.222 1285.268 1273.070 57.083 19.785 1286.022 163.830 1266.778 1274.767 168.758 0.000 1196.617 29.902 1270.598 1306.633 1279.013 85.252 1232.447 170.487 1311.423 1275.095 1290.867 1219.782 11.672 978.273 153.713 1302.783 1263.280 55.357 1265.842 1277.345 1272.342 186.698 1278.335 1294.133 8.545 1234.697 1271.045 1285.563 967.200 1288.517 1267.325 1260.018 16.073 1309.993 1268.450 1277.720 176.475 1275.307 56.855 1272.038 966.703 1277.332 1304.485 58.535 1286.008 1261.070 1269.663 60.667 1291.125
29.670 1230.817 1230.817 241.672 1034.883 69.348 96.213 107.940 1178.413 111.212 88.937 23.007 41.580 88.170 18.428 95.572 85.995 84.132 17.647 1240.152 47.482 120.360 1247.220 92.092 1251.610 230.213 58.182 24.512 94.317 100.250 102.552 72.358 85.473 105.397 21.847 112.858 71.075 89.902 1247.030 60.053 89.522 112.850 1245.740 1198.310 90.275 1034.777 96.425 85.555 1035.638 1196.617 0.000 1218.558 99.848 144.888 83.267 1270.240 36.700 1043.733 165.095 85.883 95.120 25.353 1187.050 299.467 1043.117 138.123 91.583 1244.013 101.995 81.598 101.592 1030.388 82.588 98.387 1188.327 40.528 75.298 89.817 231.308 92.770 86.598 102.905 1183.887 151.277 92.302 90.857 1031.430 88.443 1245.512 103.477 241.022 81.585 149.488 1247.192 90.262 65.323 100.748 1249.323 95.378
1247.358 22.708 22.708 1008.913 192.693 1287.037 1280.908 1325.628 50.135 1328.900 1276.360 1240.695 1257.690 1305.858 1236.117 1313.260 1299.715 1301.820 1233.757 40.493 1265.170 1301.985 47.562 1309.780 54.452 993.783 1275.870 1242.200 1307.372 1317.938 1295.272 1286.242 1303.162 1292.060 1238.343 1295.020 1282.495 1307.590 47.372 1276.163 1307.210 1295.012 46.082 38.100 1307.963 185.772 1288.720 1296.708 190.700 29.902 1218.558 0.000 1292.540 1328.575 1300.955 97.285 1254.388 192.428 1333.365 1297.037 1312.808 1241.723 33.613 1000.215 175.655 1324.725 1285.222 44.355 1287.783 1299.287 1294.283 208.640 1300.277 1316.075 30.487 1256.638 1292.987 1307.505 989.142 1310.458 1289.267 1281.960 38.015 1331.935 1290.392 1299.662 198.417 1297.248 45.853 1293.980 988.645 1299.273 1326.427 47.533 1307.950 1283.012 1291.605 49.665 1313.067
89.420 1304.798 1304.798 315.563 1108.865 77.592 19.082 84.663 1252.395 65.372 19.965 90.537 95.078 80.087 86.532 72.068 24.263 70.885 104.685 1314.133 74.895 33.033 1321.202 77.502 1325.592 304.105 43.022 88.228 27.818 70.263 3.845 37.828 39.608 8.265 93.567 24.873 28.773 76.402 1321.012 80.313 81.438 24.865 1319.722 1272.292 72.800 1108.758 4.537 23.197 1109.620 1270.598 99.848 1292.540 0.000 49.345 68.017 1344.222 87.340 1117.715 79.425 22.885 39.447 95.998 1261.032 354.622 1117.098 42.722 8.665 1317.995 14.413 71.607 2.857 1104.370 40.338 71.958 1262.308 94.695 70.013 72.850 305.200 83.717 14.802 25.093 1257.868 55.875 9.312 20.108 1105.412 18.535 1319.493 8.972 314.913 70.027 53.278 1321.173 74.710 37.963 8.860 1323.305 86.117
128.442 1340.833 1340.833 351.598 1144.900 109.263 55.467 89.107 1288.430 69.127 58.672 133.748 131.740 98.938 131.572 81.085 65.188 95.027 149.725 1350.168 111.570 42.487 1357.237 89.775 1361.627 340.140 87.848 133.268 58.445 78.042 47.190 82.868 70.833 43.657 138.078 40.395 73.813 91.027 1357.047 113.267 98.137 40.218 1355.757 1308.327 88.313 1144.793 51.612 67.622 1145.655 1306.633 144.888 1328.575 49.345 0.000 94.477 1380.257 126.362 1153.750 67.833 64.102 62.917 138.355 1297.067 390.657 1153.133 9.207 53.530 1354.030 45.610 98.067 47.782 1140.405 72.920 79.737 1298.343 133.322 97.270 88.812 341.235 94.507 59.117 53.293 1293.903 8.275 53.968 57.878 1141.447 60.240 1355.528 44.560 350.948 96.487 10.135 1357.208 87.023 82.542 47.397 1359.340 94.325
55.310 1313.213 1313.213 324.068 1117.280 31.398 80.397 31.192 1260.810 31.148 77.692 60.617 56.168 13.947 67.693 14.242 47.682 4.518 80.188 1322.548 38.438 91.135 1329.617 12.990 1334.007 312.610 57.612 61.568 44.022 20.047 67.238 66.573 29.623 72.428 64.947 83.855 63.755 11.347 1329.427 37.695 15.298 83.227 1328.137 1280.707 9.573 1117.173 69.845 50.705 1118.035 1279.013 83.267 1300.955 68.017 94.477 0.000 1352.637 53.230 1126.130 137.337 49.903 34.952 65.223 1269.447 381.863 1125.513 87.712 64.882 1326.410 79.142 5.467 68.080 1112.785 31.060 18.323 1270.723 60.190 7.970 9.115 313.705 18.433 58.943 86.567 1266.283 100.865 59.627 48.700 1113.827 50.322 1327.908 73.135 323.418 3.887 101.403 1329.588 10.198 47.782 74.168 1331.720 20.927
1299.040 83.667 83.667 1060.595 244.375 1338.718 1332.590 1377.310 113.445 1380.582 1328.042 1292.377 1309.372 1357.540 1287.798 1364.942 1351.397 1353.502 1285.438 77.380 1316.852 1353.667 76.732 1361.462 68.530 1045.465 1327.552 1293.882 1359.053 1369.620 1346.953 1337.923 1354.843 1343.742 1290.025 1346.702 1334.177 1359.272 71.583 1327.845 1358.892 1346.693 73.508 105.037 1359.645 237.453 1340.402 1348.390 242.382 85.252 1270.240 97.285 1344.222 1380.257 1352.637 0.000 1306.070 244.110 1385.047 1348.718 1364.490 1293.405 96.923 1051.897 227.337 1376.407 1336.903 77.328 1339.465 1350.968 1345.965 260.322 1351.958 1367.757 93.797 1308.320 1344.668 1359.187 1040.823 1362.140 1340.948 1333.642 101.325 1383.617 1342.073 1351.343 250.098 1348.930 81.348 1345.662 1040.327 1350.955 1378.108 78.330 1359.632 1334.693 1343.287 69.610 1364.748
10.165 1266.647 1266.647 277.502 1070.713 37.407 92.548 77.903 1214.243 81.175 85.272 14.050 11.000 58.133 21.127 65.535 67.643 54.095 32.268 1275.982 15.740 111.895 1283.050 62.055 1287.440 266.043 54.432 15.002 70.647 70.213 89.475 68.693 57.090 93.310 17.690 104.138 67.410 59.865 1282.860 29.473 59.485 104.130 1281.570 1234.140 60.238 1070.607 84.338 68.415 1071.468 1232.447 36.700 1254.388 87.340 126.362 53.230 1306.070 0.000 1079.563 158.287 70.398 66.008 17.967 1222.880 335.297 1078.947 119.597 79.075 1279.843 93.275 51.562 89.083 1066.218 54.940 68.350 1224.157 10.617 45.262 59.780 267.138 62.733 73.092 99.240 1219.717 132.750 78.795 72.672 1067.260 71.488 1281.342 91.390 276.852 51.548 132.460 1283.022 60.225 61.257 88.662 1285.153 65.342
1072.533 204.687 204.687 834.088 15.828 1112.212 1106.083 1150.803 152.283 1154.075 1101.535 1065.870 1082.865 1131.033 1061.292 1138.435 1124.890 1126.995 1058.932 214.022 1090.345 1127.160 221.090 1134.955 225.480 818.958 1101.045 1067.375 1132.547 1143.113 1120.447 1111.417 1128.337 1117.235 1063.518 1120.195 1107.670 1132.765 220.900 1101.338 1132.385 1120.187 219.610 172.180 1133.138 23.260 1113.895 1121.883 15.885 170.487 1043.733 192.428 1117.715 1153.750 1126.130 244.110 1079.563 0.000 1158.540 1122.212 1137.983 1066.898 160.920 825.390 24.753 1149.900 1110.397 217.883 1112.958 1124.462 1119.458 22.828 1125.452 1141.250 162.197 1081.813 1118.162 1132.680 814.317 1135.633 1114.442 1107.135 157.757 1157.110 1115.567 1124.837 18.850 1122.423 219.382 1119.155 813.820 1124.448 1151.602 221.062 1133.125 1108.187 1116.780 223.193 1138.242
155.615 1345.623 1345.623 356.388 1149.690 148.538 70.890 134.783 1293.220 114.803 77.808 155.783 166.025 144.615 151.778 126.762 97.150 140.205 169.932 1354.958 145.842 55.422 1362.027 135.452 1366.417 344.930 108.268 153.475 96.380 123.718 77.875 103.075 108.928 71.245 158.813 56.323 94.020 136.703 1361.837 151.260 143.813 57.203 1360.547 1313.117 133.990 1149.583 74.888 94.143 1150.445 1311.423 165.095 1333.365 79.425 67.833 137.337 1385.047 158.287 1158.540 0.000 94.472 107.162 161.245 1301.857 395.447 1157.923 61.445 79.638 1358.820 65.907 140.927 77.947 1145.195 111.015 125.413 1303.133 165.642 139.333 134.488 346.025 140.183 85.748 62.718 1298.693 65.460 84.925 93.367 1146.237 94.327 1360.318 73.165 355.738 139.347 60.162 1361.998 132.700 107.500 74.182 1364.130 140.002
72.478 1309.295 1309.295 320.060 1113.362 60.650 31.515 71.348 1256.892 52.057 28.885 76.572 78.137 61.973 72.567 58.185 4.282 52.772 90.720 1318.630 57.953 48.080 1325.698 59.388 1330.088 308.602 28.308 74.263 11.113 56.948 23.177 24.882 21.495 28.367 79.602 40.323 17.910 58.288 1325.508 63.372 63.325 40.315 1324.218 1276.788 54.687 1113.255 20.523 5.108 1114.117 1275.095 85.883 1297.037 22.885 64.102 49.903 1348.718 70.398 1122.212 94.472 0.000 23.195 82.033 1265.528 359.118 1121.595 57.337 15.260 1322.492 29.460 53.493 24.018 1108.867 21.553 58.643 1266.805 77.753 51.748 54.737 309.697 65.603 9.277 37.685 1262.365 70.490 14.495 6.373 1109.908 5.190 1323.990 27.575 319.410 51.913 69.273 1325.670 56.597 23.002 24.847 1327.802 68.003
68.088 1325.067 1325.067 335.922 1129.133 48.910 54.453 56.770 1272.663 37.478 51.882 73.395 71.387 47.022 80.472 40.882 21.390 37.820 92.967 1334.402 51.217 60.960 1341.470 44.437 1345.860 324.463 41.682 74.347 13.992 39.077 37.072 48.077 12.432 42.262 77.725 53.688 41.105 43.337 1341.280 52.913 48.373 53.060 1339.990 1292.560 39.735 1129.027 41.275 24.775 1129.888 1290.867 95.120 1312.808 39.447 62.917 34.952 1364.490 66.008 1137.983 107.162 23.195 0.000 78.002 1281.300 382.313 1137.367 56.152 36.700 1338.263 50.753 38.542 37.913 1124.638 14.725 40.772 1282.577 72.968 37.745 39.785 325.558 50.652 32.208 60.623 1278.137 69.305 32.550 21.458 1125.680 23.613 1339.762 42.968 335.272 36.962 69.015 1341.442 41.645 31.852 44.312 1343.573 53.052
11.627 1253.982 1253.982 264.837 1058.048 51.283 92.363 89.897 1201.578 93.168 85.087 7.437 27.578 70.127 13.072 77.528 79.473 66.088 18.572 1263.317 28.748 116.510 1270.385 74.048 1274.775 253.378 54.332 10.598 82.477 82.207 98.702 68.508 69.083 101.547 4.342 109.008 67.225 71.858 1270.195 46.052 71.478 109.000 1268.905 1221.475 72.232 1057.942 92.575 80.245 1058.803 1219.782 25.353 1241.723 95.998 138.355 65.223 1293.405 17.967 1066.898 161.245 82.033 78.002 0.000 1210.215 322.632 1066.282 131.590 87.733 1267.178 98.145 63.555 97.742 1053.553 66.770 80.343 1211.492 27.195 57.255 71.773 254.473 74.727 82.748 99.055 1207.052 144.743 88.452 84.502 1054.595 83.318 1268.677 99.627 264.187 63.542 144.453 1270.357 72.218 61.473 96.898 1272.488 77.335
1215.850 45.872 45.872 977.405 161.185 1255.528 1249.400 1294.120 17.730 1297.392 1244.852 1209.187 1226.182 1274.350 1204.608 1281.752 1268.207 1270.312 1202.248 55.207 1233.662 1270.477 62.275 1278.272 66.665 962.275 1244.362 1210.692 1275.863 1286.430 1263.763 1254.733 1271.653 1260.552 1206.835 1263.512 1250.987 1276.082 62.085 1244.655 1275.702 1263.503 60.795 16.305 1276.455 154.263 1257.212 1265.200 159.192 11.672 1187.050 33.613 1261.032 1297.067 1269.447 96.923 1222.880 160.920 1301.857 1265.528 1281.300 1210.215 0.000 968.707 144.147 1293.217 1253.713 59.068 1256.275 1267.778 1262.775 177.132 1268.768 1284.567 3.760 1225.130 1261.478 1275.997 957.633 1278.950 1257.758 1250.452 5.027 1300.427 1258.883 1268.153 166.908 1265.740 60.567 1262.472 957.137 1267.765 1294.918 62.247 1276.442 1251.503 1260.097 64.378 1281.558
328.267 1012.473 1012.473 72.192 816.540 367.945 342.990 406.537 960.070 409.380 338.442 321.603 338.598 386.767 317.025 394.168 361.797 382.728 314.665 1021.808 346.078 364.067 1028.877 390.688 1033.267 74.343 356.778 323.108 369.453 398.847 357.353 348.323 380.613 354.142 319.252 357.102 344.577 388.498 1028.687 357.072 388.118 357.093 1027.397 979.967 388.872 816.433 350.802 358.790 817.295 978.273 299.467 1000.215 354.622 390.657 381.863 1051.897 335.297 825.390 395.447 359.118 382.313 322.632 968.707 0.000 824.773 386.807 347.303 1025.670 349.865 380.195 356.365 812.045 378.103 396.983 969.983 337.547 373.895 388.413 79.457 391.367 351.348 344.042 965.543 394.017 352.473 361.743 813.087 359.330 1027.168 356.062 79.407 380.182 388.508 1028.848 388.858 362.148 353.687 1030.980 393.975
1071.917 187.913 187.913 833.472 18.218 1111.595 1105.467 1150.187 135.510 1153.458 1100.918 1065.253 1082.248 1130.417 1060.675 1137.818 1124.273 1126.378 1058.315 197.248 1089.728 1126.543 204.317 1134.338 208.707 818.342 1100.428 1066.758 1131.930 1142.497 1119.830 1110.800 1127.720 1116.618 1062.902 1119.578 1107.053 1132.148 204.127 1100.722 1131.768 1119.570 202.837 155.407 1132.522 10.117 1113.278 1121.267 15.635 153.713 1043.117 175.655 1117.098 1153.133 1125.513 227.337 1078.947 24.753 1157.923 1121.595 1137.367 1066.282 144.147 824.773 0.000 1149.283 1109.780 201.110 1112.342 1123.845 1118.842 36.447 1124.835 1140.633 145.423 1081.197 1117.545 1132.063 813.700 1135.017 1113.825 1106.518 140.983 1156.493 1114.950 1124.220 23.525 1121.807 202.608 1118.538 813.203 1123.832 1150.985 204.288 1132.508 1107.570 1116.163 206.420 1137.625
121.677 1336.983 1336.983 347.748 1141.050 102.498 49.397 82.342 1284.580 62.362 52.552 126.983 124.975 92.173 124.807 74.320 58.423 88.262 142.960 1346.318 104.805 36.417 1353.387 83.010 1357.777 336.290 81.083 126.503 51.680 71.277 40.567 76.103 64.068 37.537 131.313 34.325 67.048 84.262 1353.197 106.502 91.372 34.148 1351.907 1304.477 81.548 1140.943 45.492 60.857 1141.805 1302.783 138.123 1324.725 42.722 9.207 87.712 1376.407 119.597 1149.900 61.445 57.337 56.152 131.590 1293.217 386.807 1149.283 0.000 46.765 1350.180 39.540 91.302 41.158 1136.555 66.155 72.972 1294.493 126.557 90.505 82.047 337.385 87.742 52.352 47.223 1290.053 15.595 47.203 51.113 1137.597 53.475 1351.678 38.440 347.098 89.722 18.268 1353.358 80.258 75.777 41.277 1355.490 87.560
81.155 1297.480 1297.480 308.245 1101.547 69.327 17.885 82.230 1245.077 62.938 15.313 82.272 86.813 76.952 78.267 69.635 17.938 67.750 96.420 1306.815 66.630 33.247 1313.883 74.367 1318.273 296.787 34.757 79.963 24.683 67.830 11.368 29.563 36.473 14.662 85.302 25.490 20.508 73.267 1313.693 72.048 78.303 25.482 1312.403 1264.973 69.665 1101.440 5.690 14.932 1102.302 1263.280 91.583 1285.222 8.665 53.530 64.882 1336.903 79.075 1110.397 79.638 15.260 36.700 87.733 1253.713 347.303 1109.780 46.765 0.000 1310.677 14.627 68.472 10.408 1097.052 35.528 69.525 1254.990 86.430 65.723 69.715 297.882 80.582 6.537 24.055 1250.550 59.918 5.713 16.973 1098.093 15.115 1312.175 12.742 307.595 66.892 58.702 1313.855 71.575 29.698 10.013 1315.987 82.982
1272.813 50.020 50.020 1034.368 218.148 1312.492 1306.363 1351.083 75.590 1354.355 1301.815 1266.150 1283.145 1331.313 1261.572 1338.715 1325.170 1327.275 1259.212 10.972 1290.625 1327.440 4.418 1335.235 12.607 1019.238 1301.325 1267.655 1332.827 1343.393 1320.727 1311.697 1328.617 1317.515 1263.798 1320.475 1307.950 1333.045 7.378 1301.618 1332.665 1320.467 6.060 62.378 1333.418 211.227 1314.175 1322.163 216.155 55.357 1244.013 44.355 1317.995 1354.030 1326.410 77.328 1279.843 217.883 1358.820 1322.492 1338.263 1267.178 59.068 1025.670 201.110 1350.180 1310.677 0.000 1313.238 1324.742 1319.738 234.095 1325.732 1341.530 55.942 1282.093 1318.442 1332.960 1014.597 1335.913 1314.722 1307.415 63.470 1357.390 1315.847 1325.117 223.872 1322.703 5.515 1319.435 1014.100 1324.728 1351.882 4.390 1333.405 1308.467 1317.060 16.543 1338.522
92.515 1300.042 1300.042 310.807 1104.108 83.527 10.922 96.008 1247.638 76.717 14.288 92.683 101.013 91.212 88.678 83.413 32.138 82.010 106.832 1309.377 80.830 19.515 1316.445 88.627 1320.835 299.348 45.168 90.375 38.987 81.608 15.190 39.975 50.777 8.560 95.713 10.863 30.920 87.527 1316.255 86.248 92.563 10.855 1314.965 1267.535 83.925 1104.002 9.877 29.132 1104.863 1265.842 101.995 1287.783 14.413 45.610 79.142 1339.465 93.275 1112.958 65.907 29.460 50.753 98.145 1256.275 349.865 1112.342 39.540 14.627 1313.238 0.000 82.732 15.262 1099.613 49.728 83.303 1257.552 100.630 79.923 83.975 300.443 94.842 20.737 13.238 1253.112 52.500 19.913 31.277 1100.655 29.315 1314.737 10.480 310.157 81.152 47.692 1316.417 85.835 43.248 8.798 1318.548 97.242
53.642 1311.545 1311.545 322.400 1115.612 29.730 83.987 31.470 1259.142 32.290 81.282 58.948 54.500 12.260 66.025 17.772 51.272 6.050 78.520 1320.880 36.770 94.725 1327.948 13.375 1332.338 310.942 61.202 59.900 47.612 21.328 70.828 70.163 33.213 76.018 63.278 87.445 67.345 11.185 1327.758 36.027 13.612 86.817 1326.468 1279.038 12.475 1115.505 73.435 54.295 1116.367 1277.345 81.598 1299.287 71.607 98.067 5.467 1350.968 51.562 1124.462 140.927 53.493 38.542 63.555 1267.778 380.195 1123.845 91.302 68.472 1324.742 82.732 0.000 71.670 1111.117 34.650 19.465 1269.055 58.522 6.302 11.827 312.037 16.747 62.533 90.157 1264.615 104.455 63.217 52.290 1112.158 53.912 1326.240 76.725 321.750 1.967 104.993 1327.920 11.340 51.372 77.758 1330.052 19.240
91.163 1306.542 1306.542 317.307 1110.608 79.335 20.825 83.100 1254.138 63.808 21.708 92.280 96.822 80.150 88.275 70.505 25.397 70.948 106.428 1315.877 76.638 31.732 1322.945 77.565 1327.335 305.848 44.765 89.972 27.123 68.700 2.282 39.572 39.672 6.702 95.310 23.310 30.517 76.465 1322.755 82.057 81.502 23.302 1321.465 1274.035 72.863 1110.502 6.280 24.940 1111.363 1272.342 101.592 1294.283 2.857 47.782 68.080 1345.965 89.083 1119.458 77.947 24.018 37.913 97.742 1262.775 356.365 1118.842 41.158 10.408 1319.738 15.262 71.670 0.000 1106.113 41.472 70.395 1264.052 96.438 70.077 72.913 306.943 83.780 16.545 26.837 1259.612 54.312 11.055 21.242 1107.155 19.668 1321.237 7.408 316.657 70.090 51.715 1322.917 74.773 39.707 8.752 1325.048 86.180
1059.188 220.898 220.898 820.743 19.140 1098.867 1092.738 1137.458 168.495 1140.730 1088.190 1052.525 1069.520 1117.688 1047.947 1125.090 1111.545 1113.650 1045.587 230.233 1077.000 1113.815 237.302 1121.610 241.692 805.613 1087.700 1054.030 1119.202 1129.768 1107.102 1098.072 1114.992 1103.890 1050.173 1106.850 1094.325 1119.420 237.112 1087.993 1119.040 1106.842 235.822 188.392 1119.793 26.767 1100.550 1108.538 21.068 186.698 1030.388 208.640 1104.370 1140.405 1112.785 260.322 1066.218 22.828 1145.195 1108.867 1124.638 1053.553 177.132 812.045 36.447 1136.555 1097.052 234.095 1099.613 1111.117 1106.113 0.000 1112.107 1127.905 178.408 1068.468 1104.817 1119.335 800.972 1122.288 1101.097 1093.790 173.968 1143.765 1102.222 1111.492 14.480 1109.078 235.593 1105.810 800.475 1111.103 1138.257 237.273 1119.780 1094.842 1103.435 239.405 1124.897
57.020 1312.535 1312.535 323.390 1116.602 41.428 50.983 58.747 1260.132 47.160 48.278 62.030 62.678 43.130 68.217 39.342 18.798 33.928 81.735 1321.870 42.495 64.813 1328.938 40.545 1333.328 311.932 29.298 60.913 17.700 43.920 40.630 38.082 4.532 45.820 66.493 57.533 35.107 39.445 1328.748 45.432 44.482 56.905 1327.458 1280.028 35.843 1116.495 40.792 21.292 1117.357 1278.335 82.588 1300.277 40.338 72.920 31.060 1351.958 54.940 1125.452 111.015 21.553 14.725 66.770 1268.768 378.103 1124.835 66.155 35.528 1325.732 49.728 34.650 41.472 1112.107 0.000 43.780 1270.045 62.295 31.842 35.893 313.027 46.760 29.545 57.153 1265.605 79.308 31.948 22.378 1113.148 22.643 1327.230 46.527 322.740 33.070 79.018 1328.910 37.753 19.468 45.115 1331.042 49.160
70.430 1328.333 1328.333 339.188 1132.400 46.518 87.387 23.918 1275.930 14.598 84.815 75.737 71.288 20.070 82.813 4.550 59.712 16.128 95.308 1337.668 53.558 90.605 1344.737 11.358 1349.127 327.730 70.332 76.688 50.093 2.112 69.553 79.293 42.343 74.743 80.067 86.170 75.875 12.413 1344.547 52.815 19.890 85.542 1343.257 1295.827 9.377 1132.293 74.100 63.425 1133.155 1294.133 98.387 1316.075 71.958 79.737 18.323 1367.757 68.350 1141.250 125.413 58.643 40.772 80.343 1284.567 396.983 1140.633 72.972 69.525 1341.530 83.303 19.465 70.395 1127.905 43.780 0.000 1285.843 75.310 23.090 9.690 328.825 16.260 65.142 93.557 1281.403 86.125 65.483 54.870 1128.947 57.250 1343.028 75.450 338.538 17.892 88.798 1344.708 8.125 60.502 76.793 1346.840 18.630
1217.127 42.745 42.745 978.682 162.462 1256.805 1250.677 1295.397 19.768 1298.668 1246.128 1210.463 1227.458 1275.627 1205.885 1283.028 1269.483 1271.588 1203.525 52.080 1234.938 1271.753 59.148 1279.548 63.538 963.552 1245.638 1211.968 1277.140 1287.707 1265.040 1256.010 1272.930 1261.828 1208.112 1264.788 1252.263 1277.358 58.958 1245.932 1276.978 1264.780 57.668 15.767 1277.732 155.540 1258.488 1266.477 160.468 8.545 1188.327 30.487 1262.308 1298.343 1270.723 93.797 1224.157 162.197 1303.133 1266.805 1282.577 1211.492 3.760 969.983 145.423 1294.493 1254.990 55.942 1257.552 1269.055 1264.052 178.408 1270.045 1285.843 0.000 1226.407 1262.755 1277.273 958.910 1280.227 1259.035 1251.728 7.648 1301.703 1260.160 1269.430 168.185 1267.017 57.440 1263.748 958.413 1269.042 1296.195 59.120 1277.718 1252.780 1261.373 61.252 1282.835
19.502 1268.897 1268.897 279.752 1072.963 36.507 101.885 84.863 1216.493 88.135 94.608 23.278 6.463 65.093 30.355 72.495 74.998 61.055 31.730 1278.232 22.620 119.250 1285.300 69.015 1289.690 268.293 63.768 24.230 78.002 77.173 96.830 78.030 64.050 100.665 24.175 111.493 76.747 66.825 1285.110 22.553 66.445 111.485 1283.820 1236.390 67.198 1072.857 91.693 75.770 1073.718 1234.697 40.528 1256.638 94.695 133.322 60.190 1308.320 10.617 1081.813 165.642 77.753 72.968 27.195 1225.130 337.547 1081.197 126.557 86.430 1282.093 100.630 58.522 96.438 1068.468 62.295 75.310 1226.407 0.000 52.222 66.740 269.388 69.693 80.447 108.055 1221.967 139.710 86.150 80.027 1069.510 78.843 1283.592 98.745 279.102 58.508 139.420 1285.272 67.185 68.612 96.017 1287.403 72.302
47.342 1305.245 1305.245 316.100 1109.312 23.430 81.178 34.340 1252.842 35.915 78.473 52.648 48.200 14.570 59.725 20.275 48.993 8.835 72.220 1314.580 30.470 93.132 1321.648 17.000 1326.038 304.642 58.393 53.600 46.018 24.953 69.235 67.355 30.405 74.425 56.978 85.852 64.537 14.810 1321.458 29.727 15.922 85.223 1320.168 1272.738 14.978 1109.205 70.987 51.487 1110.067 1271.045 75.298 1292.987 70.013 97.270 7.970 1344.668 45.262 1118.162 139.333 51.748 37.745 57.255 1261.478 373.895 1117.545 90.505 65.723 1318.442 79.923 6.302 70.077 1104.817 31.842 23.090 1262.755 52.222 0.000 14.520 305.737 19.170 59.740 87.348 1258.315 103.658 61.623 50.697 1105.858 52.318 1319.940 75.132 315.450 6.288 104.197 1321.620 14.965 48.563 75.310 1323.752 21.778
61.860 1319.763 1319.763 330.618 1123.830 37.948 85.230 25.887 1267.360 22.738 82.525 67.167 62.718 12.432 74.243 8.738 52.515 8.490 86.738 1329.098 44.988 95.968 1336.167 7.685 1340.557 319.160 62.445 68.118 48.855 11.553 72.072 71.407 34.457 77.262 71.497 88.688 68.588 6.805 1335.977 44.245 13.442 88.060 1334.687 1287.257 1.625 1123.723 74.678 55.538 1124.585 1285.563 89.817 1307.505 72.850 88.812 9.115 1359.187 59.780 1132.680 134.488 54.737 39.785 71.773 1275.997 388.413 1132.063 82.047 69.715 1332.960 83.975 11.827 72.913 1119.335 35.893 9.690 1277.273 66.740 14.520 0.000 320.255 14.227 63.777 91.400 1272.833 95.200 64.460 53.533 1120.377 55.155 1334.458 77.968 329.968 10.253 97.873 1336.138 2.607 52.615 79.002 1338.270 16.627
260.108 1001.400 1001.400 21.092 805.467 299.787 293.568 338.378 948.997 341.650 289.020 253.445 270.440 318.608 248.867 326.010 312.375 314.570 246.507 1010.735 277.920 314.645 1017.803 322.530 1022.193 5.235 288.620 254.950 320.032 330.688 307.932 298.902 315.912 304.720 251.093 307.680 295.155 320.340 1017.613 288.913 319.960 307.672 1016.323 968.893 320.713 805.360 301.380 309.368 806.222 967.200 231.308 989.142 305.200 341.235 313.705 1040.823 267.138 814.317 346.025 309.697 325.558 254.473 957.633 79.457 813.700 337.385 297.882 1014.597 300.443 312.037 306.943 800.972 313.027 328.825 958.910 269.388 305.737 320.255 0.000 323.208 301.927 294.620 954.470 344.595 303.052 312.322 802.013 309.908 1016.095 306.640 11.333 312.023 339.087 1017.775 320.700 295.762 304.265 1019.907 325.817
64.813 1322.717 1322.717 333.572 1126.783 40.902 96.097 16.958 1270.313 27.467 93.392 70.120 65.672 8.270 77.197 17.480 63.382 13.943 89.692 1332.052 47.942 106.097 1339.120 7.403 1343.510 322.113 73.312 71.072 59.722 18.123 82.938 82.273 45.323 88.128 74.450 99.555 79.455 7.422 1338.930 47.198 3.753 98.927 1337.640 1290.210 15.480 1126.677 85.545 66.405 1127.538 1288.517 92.770 1310.458 83.717 94.507 18.433 1362.140 62.733 1135.633 140.183 65.603 50.652 74.727 1278.950 391.367 1135.017 87.742 80.582 1335.913 94.842 16.747 83.780 1122.288 46.760 16.260 1280.227 69.693 19.170 14.227 323.208 0.000 74.643 102.267 1275.787 100.895 75.327 64.400 1123.330 66.022 1337.412 88.835 332.922 15.173 103.568 1339.092 11.710 63.482 89.868 1341.223 4.402
75.172 1301.525 1301.525 312.290 1105.592 63.343 23.603 77.847 1249.122 58.555 20.973 77.287 80.830 71.013 73.282 65.252 11.955 61.812 91.435 1310.860 60.647 39.357 1317.928 68.428 1322.318 300.832 29.023 74.978 18.745 63.447 17.505 25.155 30.535 20.772 80.317 31.600 16.100 67.328 1317.738 66.065 72.365 31.592 1316.448 1269.018 63.727 1105.485 11.800 8.948 1106.347 1267.325 86.598 1289.267 14.802 59.117 58.943 1340.948 73.092 1114.442 85.748 9.277 32.208 82.748 1257.758 351.348 1113.825 52.352 6.537 1314.722 20.737 62.533 16.545 1101.097 29.545 65.142 1259.035 80.447 59.740 63.777 301.927 74.643 0.000 29.773 1254.595 65.505 6.008 11.035 1102.138 9.132 1316.220 18.852 311.640 60.953 64.288 1317.900 65.637 23.717 16.123 1320.032 77.043
93.425 1294.218 1294.218 304.983 1098.285 90.952 9.130 106.262 1241.815 86.970 16.048 93.593 108.438 98.637 89.588 93.667 40.363 89.435 107.742 1303.553 88.255 24.585 1310.622 96.052 1315.012 293.525 46.078 91.285 47.878 91.862 27.825 40.885 59.180 21.422 96.623 17.518 31.830 94.952 1310.432 93.673 99.988 17.510 1309.142 1261.712 91.350 1098.178 20.803 37.357 1099.040 1260.018 102.905 1281.960 25.093 53.293 86.567 1333.642 99.240 1107.135 62.718 37.685 60.623 99.055 1250.452 344.042 1106.518 47.223 24.055 1307.415 13.238 90.157 26.837 1093.790 57.153 93.557 1251.728 108.055 87.348 91.400 294.620 102.267 29.773 0.000 1247.288 59.465 29.225 40.168 1094.832 37.755 1308.913 23.342 304.333 88.577 53.957 1310.593 93.260 45.792 20.967 1312.725 104.667
1212.687 50.273 50.273 974.242 158.022 1252.365 1246.237 1290.957 14.863 1294.228 1241.688 1206.023 1223.018 1271.187 1201.445 1278.588 1265.043 1267.148 1199.085 59.608 1230.498 1267.313 66.677 1275.108 71.067 959.112 1241.198 1207.528 1272.700 1283.267 1260.600 1251.570 1268.490 1257.388 1203.672 1260.348 1247.823 1272.918 66.487 1241.492 1272.538 1260.340 65.197 16.322 1273.292 151.100 1254.048 1262.037 156.028 16.073 1183.887 38.015 1257.868 1293.903 1266.283 101.325 1219.717 157.757 1298.693 1262.365 1278.137 1207.052 5.027 965.543 140.983 1290.053 1250.550 63.470 1253.112 1264.615 1259.612 173.968 1265.605 1281.403 7.648 1221.967 1258.315 1272.833 954.470 1275.787 1254.595 1247.288 0.000 1297.263 1255.720 1264.990 163.745 1262.577 64.968 1259.308 953.973 1264.602 1291.755 66.648 1273.278 1248.340 1256.933 68.780 1278.395
134.830 1344.193 1344.193 354.958 1148.260 115.652 62.357 95.495 1291.790 75.515 65.705 140.137 138.128 105.327 137.960 87.473 71.577 101.415 156.113 1353.528 117.958 48.530 1360.597 96.163 1364.987 343.500 94.237 139.657 64.833 84.430 53.720 89.257 77.222 50.690 144.467 47.285 80.202 97.415 1360.407 119.655 104.525 47.108 1359.117 1311.687 94.702 1148.153 58.645 74.010 1149.015 1309.993 151.277 1331.935 55.875 8.275 100.865 1383.617 132.750 1157.110 65.460 70.490 69.305 144.743 1300.427 394.017 1156.493 15.595 59.918 1357.390 52.500 104.455 54.312 1143.765 79.308 86.125 1301.703 139.710 103.658 95.200 344.595 100.895 65.505 59.465 1297.263 0.000 60.357 64.267 1144.807 66.628 1358.888 51.593 354.308 102.875 5.520 1360.568 93.412 88.930 54.430 1362.700 100.713
80.875 1302.650 1302.650 313.415 1106.717 69.047 23.055 78.188 1250.247 58.897 20.483 82.990 86.533 71.697 78.985 65.593 15.873 62.495 97.138 1311.985 66.350 38.533 1319.053 69.112 1323.443 301.957 34.727 80.682 19.428 63.788 12.015 30.695 31.218 16.435 86.020 30.777 21.640 68.012 1318.863 71.768 73.048 30.768 1317.573 1270.143 64.410 1106.610 10.977 14.652 1107.472 1268.450 92.302 1290.392 9.312 53.968 59.627 1342.073 78.795 1115.567 84.925 14.495 32.550 88.452 1258.883 352.473 1114.950 47.203 5.713 1315.847 19.913 63.217 11.055 1102.222 31.948 65.483 1260.160 86.150 61.623 64.460 303.052 75.327 6.008 29.225 1255.720 60.357 0.000 11.718 1103.263 10.145 1317.345 17.142 312.765 61.637 59.140 1319.025 66.320 29.420 15.300 1321.157 77.727
74.752 1311.920 1311.920 322.685 1115.987 60.283 33.998 67.575 1259.517 48.283 31.368 79.762 80.410 60.770 77.540 54.980 7.752 51.568 95.693 1321.255 60.227 47.165 1328.323 58.185 1332.713 311.227 33.282 78.645 7.743 53.175 20.400 29.855 20.292 25.590 84.225 39.885 21.038 57.085 1328.133 64.287 62.122 39.257 1326.843 1279.413 53.483 1115.880 21.937 11.482 1116.742 1277.720 90.857 1299.662 20.108 57.878 48.700 1351.343 72.672 1124.837 93.367 6.373 21.458 84.502 1268.153 361.743 1124.220 51.113 16.973 1325.117 31.277 52.290 21.242 1111.492 22.378 54.870 1269.430 80.027 50.697 53.533 312.322 64.400 11.035 40.168 1264.990 64.267 11.718 0.000 1112.533 2.413 1326.615 26.297 322.035 50.710 63.050 1328.295 55.393 27.975 26.260 1330.427 66.800
1060.230 210.675 210.675 821.785 6.602 1099.908 1093.780 1138.500 158.272 1141.772 1089.232 1053.567 1070.562 1118.730 1048.988 1126.132 1112.587 1114.692 1046.628 220.010 1078.042 1114.857 227.078 1122.652 231.468 806.655 1088.742 1055.072 1120.243 1130.810 1108.143 1099.113 1116.033 1104.932 1051.215 1107.892 1095.367 1120.462 226.888 1089.035 1120.082 1107.883 225.598 178.168 1120.835 13.845 1101.592 1109.580 8.522 176.475 1031.430 198.417 1105.412 1141.447 1113.827 250.098 1067.260 18.850 1146.237 1109.908 1125.680 1054.595 166.908 813.087 23.525 1137.597 1098.093 223.872 1100.655 1112.158 1107.155 14.480 1113.148 1128.947 168.185 1069.510 1105.858 1120.377 802.013 1123.330 1102.138 1094.832 163.745 1144.807 1103.263 1112.533 0.000 1110.120 225.370 1106.852 801.517 1112.145 1139.298 227.050 1120.822 1095.883 1104.477 229.182 1125.938
73.568 1309.507 1309.507 320.272 1113.573 61.740 31.585 69.955 1257.103 50.663 28.955 78.578 79.227 62.392 75.127 57.360 6.568 53.190 93.280 1318.842 59.043 47.935 1325.910 59.807 1330.300 308.813 30.868 76.823 10.123 55.555 18.827 27.442 21.913 24.017 82.162 40.178 18.625 58.707 1325.720 64.462 63.743 40.170 1324.430 1277.000 55.105 1113.467 20.363 10.298 1114.328 1275.307 88.443 1297.248 18.535 60.240 50.322 1348.930 71.488 1122.423 94.327 5.190 23.613 83.318 1265.740 359.330 1121.807 53.475 15.115 1322.703 29.315 53.912 19.668 1109.078 22.643 57.250 1267.017 78.843 52.318 55.155 309.908 66.022 9.132 37.755 1262.577 66.628 10.145 2.413 1110.120 0.000 1324.202 24.723 319.622 52.332 65.412 1325.882 57.015 25.562 24.687 1328.013 68.422
1274.312 54.597 54.597 1035.867 219.647 1313.990 1307.862 1352.582 77.088 1355.853 1303.313 1267.648 1284.643 1332.812 1263.070 1340.213 1326.668 1328.773 1260.710 13.537 1292.123 1328.938 8.035 1336.733 17.183 1020.737 1302.823 1269.153 1334.325 1344.892 1322.225 1313.195 1330.115 1319.013 1265.297 1321.973 1309.448 1334.543 10.337 1303.117 1334.163 1321.965 9.045 63.877 1334.917 212.725 1315.673 1323.662 217.653 56.855 1245.512 45.853 1319.493 1355.528 1327.908 81.348 1281.342 219.382 1360.318 1323.990 1339.762 1268.677 60.567 1027.168 202.608 1351.678 1312.175 5.515 1314.737 1326.240 1321.237 235.593 1327.230 1343.028 57.440 1283.592 1319.940 1334.458 1016.095 1337.412 1316.220 1308.913 64.968 1358.888 1317.345 1326.615 225.370 1324.202 0.000 1320.933 1015.598 1326.227 1353.380 8.007 1334.903 1309.965 1318.558 19.385 1340.020
93.470 1306.238 1306.238 317.003 1110.305 81.642 17.375 88.155 1253.835 68.863 20.120 94.165 99.128 85.205 90.160 75.560 30.253 76.003 108.313 1315.573 78.945 26.950 1322.642 82.620 1327.032 305.545 46.650 91.857 32.178 73.755 7.337 41.457 44.727 1.920 97.195 18.528 32.402 81.520 1322.452 84.363 86.557 18.520 1321.162 1273.732 77.918 1110.198 7.052 27.247 1111.060 1272.038 103.477 1293.980 8.972 44.560 73.135 1345.662 91.390 1119.155 73.165 27.575 42.968 99.627 1262.472 356.062 1118.538 38.440 12.742 1319.435 10.480 76.725 7.408 1105.810 46.527 75.450 1263.748 98.745 75.132 77.968 306.640 88.835 18.852 23.342 1259.308 51.593 17.142 26.297 1106.852 24.723 1320.933 0.000 316.353 75.145 48.068 1322.613 79.828 41.992 5.187 1324.745 91.235
269.822 1000.903 1000.903 26.203 804.970 309.500 303.282 348.092 948.500 351.363 298.733 263.158 280.153 328.322 258.580 335.723 322.088 324.283 256.220 1010.238 287.633 324.358 1017.307 332.243 1021.697 13.297 298.333 264.663 329.745 340.402 317.645 308.615 325.625 314.433 260.807 317.393 304.868 330.053 1017.117 298.627 329.673 317.385 1015.827 968.397 330.427 804.863 311.093 319.082 805.725 966.703 241.022 988.645 314.913 350.948 323.418 1040.327 276.852 813.820 355.738 319.410 335.272 264.187 957.137 79.407 813.203 347.098 307.595 1014.100 310.157 321.750 316.657 800.475 322.740 338.538 958.413 279.102 315.450 329.968 11.333 332.922 311.640 304.333 953.973 354.308 312.765 322.035 801.517 319.622 1015.598 316.353 0.000 321.737 348.800 1017.278 330.413 305.475 313.978 1019.410 335.530
53.628 1311.532 1311.532 322.387 1115.598 29.717 82.407 29.897 1259.128 30.717 79.702 58.935 54.487 10.687 66.012 16.192 49.692 4.477 78.507 1320.867 36.757 93.145 1327.935 11.802 1332.325 310.928 59.622 59.887 46.032 19.755 69.248 68.583 31.633 74.438 63.265 85.865 65.765 9.612 1327.745 36.013 12.038 85.237 1326.455 1279.025 10.895 1115.492 71.855 52.715 1116.353 1277.332 81.585 1299.273 70.027 96.487 3.887 1350.955 51.548 1124.448 139.347 51.913 36.962 63.542 1267.765 380.182 1123.832 89.722 66.892 1324.728 81.152 1.967 70.090 1111.103 33.070 17.892 1269.042 58.508 6.288 10.253 312.023 15.173 60.953 88.577 1264.602 102.875 61.637 50.710 1112.145 52.332 1326.227 75.145 321.737 0.000 103.413 1327.907 9.767 49.792 76.178 1330.038 17.667
134.540 1338.685 1338.685 349.450 1142.752 115.362 57.548 98.168 1286.282 78.188 61.782 139.847 137.838 108.000 136.172 90.147 70.360 104.088 154.325 1348.020 117.668 43.022 1355.088 98.837 1359.478 337.992 92.662 137.868 64.543 87.103 51.123 87.468 76.932 47.100 143.207 42.207 78.413 100.088 1354.898 119.365 107.198 42.030 1353.608 1306.178 97.375 1142.645 54.957 72.793 1143.507 1304.485 149.488 1326.427 53.278 10.135 101.403 1378.108 132.460 1151.602 60.162 69.273 69.015 144.453 1294.918 388.508 1150.985 18.268 58.702 1351.882 47.692 104.993 51.715 1138.257 79.018 88.798 1296.195 139.420 104.197 97.873 339.087 103.568 64.288 53.957 1291.755 5.520 59.140 63.050 1139.298 65.412 1353.380 48.068 348.800 103.413 0.000 1355.060 96.085 87.713 50.637 1357.192 103.387
1275.992 50.773 50.773 1037.547 221.327 1315.670 1309.542 1354.262 78.768 1357.533 1304.993 1269.328 1286.323 1334.492 1264.750 1341.893 1328.348 1330.453 1262.390 15.217 1293.803 1330.618 1.598 1338.413 13.360 1022.417 1304.503 1270.833 1336.005 1346.572 1323.905 1314.875 1331.795 1320.693 1266.977 1323.653 1311.128 1336.223 11.768 1304.797 1335.843 1323.645 10.450 65.557 1336.597 214.405 1317.353 1325.342 219.333 58.535 1247.192 47.533 1321.173 1357.208 1329.588 78.330 1283.022 221.062 1361.998 1325.670 1341.442 1270.357 62.247 1028.848 204.288 1353.358 1313.855 4.390 1316.417 1327.920 1322.917 237.273 1328.910 1344.708 59.120 1285.272 1321.620 1336.138 1017.775 1339.092 1317.900 1310.593 66.648 1360.568 1319.025 1328.295 227.050 1325.882 8.007 1322.613 1017.278 1327.907 1355.060 0.000 1336.583 1311.645 1320.238 20.933 1341.700
62.305 1320.208 1320.208 331.063 1124.275 38.393 87.090 23.370 1267.805 20.950 84.385 67.612 63.163 11.945 74.688 9.228 54.375 8.003 87.183 1329.543 45.433 97.828 1336.612 5.168 1341.002 319.605 64.305 68.563 50.715 9.988 73.932 73.267 36.317 79.122 71.942 90.548 70.448 4.288 1336.422 44.690 12.295 89.920 1335.132 1287.702 3.770 1124.168 76.538 57.398 1125.030 1286.008 90.262 1307.950 74.710 87.023 10.198 1359.632 60.225 1133.125 132.700 56.597 41.645 72.218 1276.442 388.858 1132.508 80.258 71.575 1333.405 85.835 11.340 74.773 1119.780 37.753 8.125 1277.718 67.185 14.965 2.607 320.700 11.710 65.637 93.260 1273.278 93.412 66.320 55.393 1120.822 57.015 1334.903 79.828 330.413 9.767 96.085 1336.583 0.000 54.475 80.862 1338.715 14.110
55.758 1295.270 1295.270 306.125 1099.337 51.508 39.622 75.468 1242.867 64.287 34.965 56.012 68.995 59.852 52.007 56.063 22.417 50.650 70.160 1304.605 48.812 61.775 1311.673 57.267 1316.063 294.667 9.830 53.703 30.738 61.742 40.667 20.212 22.353 43.912 59.042 54.112 17.572 56.167 1311.483 54.230 61.203 54.103 1310.193 1262.763 52.565 1099.230 34.940 22.358 1100.092 1261.070 65.323 1283.012 37.963 82.542 47.782 1334.693 61.257 1108.187 107.500 23.002 31.852 61.473 1251.503 362.148 1107.570 75.777 29.698 1308.467 43.248 51.372 39.707 1094.842 19.468 60.502 1252.780 68.612 48.563 52.615 295.762 63.482 23.717 45.792 1248.340 88.930 29.420 27.975 1095.883 25.562 1309.965 41.992 305.475 49.792 87.713 1311.645 54.475 0.000 39.263 1313.777 65.882
90.742 1303.863 1303.863 314.628 1107.930 78.913 15.000 89.498 1251.460 70.207 17.745 91.437 96.400 86.238 87.432 76.903 27.525 77.037 105.585 1313.198 76.217 27.967 1320.267 83.653 1324.657 303.170 43.922 89.128 33.522 75.098 8.680 38.728 45.760 5.693 94.467 19.492 29.673 82.553 1320.077 81.635 87.590 19.483 1318.787 1271.357 78.952 1107.823 4.323 24.518 1108.685 1269.663 100.748 1291.605 8.860 47.397 74.168 1343.287 88.662 1116.780 74.182 24.847 44.312 96.898 1260.097 353.687 1116.163 41.277 10.013 1317.060 8.798 77.758 8.752 1103.435 45.115 76.793 1261.373 96.017 75.310 79.002 304.265 89.868 16.123 20.967 1256.933 54.430 15.300 26.260 1104.477 24.687 1318.558 5.187 313.978 76.178 50.637 1320.238 80.862 39.263 0.000 1322.370 92.268
1278.123 54.487 54.487 1039.678 223.458 1317.802 1311.673 1356.393 80.900 1359.665 1307.125 1271.460 1288.455 1336.623 1266.882 1344.025 1330.480 1332.585 1264.522 12.563 1295.935 1332.750 20.962 1340.545 17.073 1024.548 1306.635 1272.965 1338.137 1348.703 1326.037 1317.007 1333.927 1322.825 1269.108 1325.785 1313.260 1338.355 9.668 1306.928 1337.975 1325.777 11.593 67.688 1338.728 216.537 1319.485 1327.473 221.465 60.667 1249.323 49.665 1323.305 1359.340 1331.720 69.610 1285.153 223.193 1364.130 1327.802 1343.573 1272.488 64.378 1030.980 206.420 1355.490 1315.987 16.543 1318.548 1330.052 1325.048 239.405 1331.042 1346.840 61.252 1287.403 1323.752 1338.270 1019.907 1341.223 1320.032 1312.725 68.780 1362.700 1321.157 1330.427 229.182 1328.013 19.385 1324.745 1019.410 1330.038 1357.192 20.933 1338.715 1313.777 1322.370 0.000 1343.832
67.422 1325.325 1325.325 336.180 1129.392 43.510 98.497 13.272 1272.922 26.675 95.792 72.728 68.280 12.203 79.805 19.850 65.782 16.437 92.300 1334.660 50.550 106.517 1341.728 9.803 1346.118 324.722 75.712 73.680 62.122 19.465 85.338 84.673 47.723 90.528 77.058 101.955 81.855 9.822 1341.538 49.807 7.687 101.327 1340.248 1292.818 17.880 1129.285 87.945 68.805 1130.147 1291.125 95.378 1313.067 86.117 94.325 20.927 1364.748 65.342 1138.242 140.002 68.003 53.052 77.335 1281.558 393.975 1137.625 87.560 82.982 1338.522 97.242 19.240 86.180 1124.897 49.160 18.630 1282.835 72.302 21.778 16.627 325.817 4.402 77.043 104.667 1278.395 100.713 77.727 66.800 1125.938 68.422 1340.020 91.235 335.530 17.667 103.387 1341.700 14.110 65.882 92.268 1343.832 0.000
0.0000 105.0119 105.0119 22.5674 88.6562 3.4539 7.2443 6.6726 100.6371 6.9494 6.6367 0.5860 1.6603 5.0245 1.1767 5.6431 5.8202 4.6880 2.2194 105.7897 1.6311 9.2577 106.3797 5.3510 106.7362 21.6111 4.0227 0.6654 6.0366 6.0342 7.6414 5.2526 4.9380 7.9649 0.9468 8.6336 5.1453 5.1682 106.3639 3.1509 5.1372 8.6325 106.2559 102.2998 5.2008 88.6502 7.2157 5.8847 88.7216 102.1568 2.4766 103.9887 7.4659 10.7270 4.6154 108.3077 0.8489 89.3955 12.9958 6.0502 5.6833 0.9701 101.3601 27.3563 89.3454 10.1612 6.7760 106.1124 7.7267 4.4760 7.6113 88.2851 4.7591 5.8786 101.4671 1.6289 3.9500 5.1627 21.7012 5.4088 6.2761 7.8032 101.0955 11.2610 6.7521 6.2400 88.3690 6.1414 106.2373 7.8044 22.5099 4.4749 11.2374 106.3773 5.1998 4.6405 7.5768 106.5562 5.6250
105.0119 0.0000 0.0000 85.1308 17.1069 108.3232 107.7024 111.5419 5.2108 111.8187 107.3228 104.4561 105.6948 109.8938 104.0742 110.5123 109.2489 109.5573 103.7047 4.3871 106.4976 109.5512 4.0942 110.2202 3.1116 83.8704 107.3561 104.5816 109.8849 110.9035 108.8913 108.1252 109.6062 108.6330 104.2593 108.8772 107.8119 110.0374 3.9164 107.1923 110.0064 108.8761 3.8728 4.2033 110.0700 16.5289 108.3445 108.9985 16.9406 3.2987 102.6080 1.8954 108.6634 111.7706 109.4846 6.9875 105.5998 17.0865 112.1654 109.0254 110.4108 104.5410 3.8301 84.4230 15.6845 111.3561 108.0383 4.1638 108.2766 109.3453 108.8088 18.4388 109.3657 110.7479 3.5687 105.6104 108.8193 110.0320 83.4829 110.2781 108.3764 107.7903 4.1982 112.0512 108.4700 109.2414 17.5848 109.0400 4.5464 108.7935 83.4417 109.3442 111.5914 4.2275 110.0690 107.9740 108.5950 4.5375 110.4943
105.0119 0.0000 0.0000 85.1308 17.1069 108.3232 107.7024 111.5419 5.2108 111.8187 107.3228 104.4561 105.6948 109.8938 104.0742 110.5123 109.2489 109.5573 103.7047 4.3871 106.4976 109.5512 4.0942 110.2202 3.1116 83.8704 107.3561 104.5816 109.8849 110.9035 108.8913 108.1252 109.6062 108.6330 104.2593 108.8772 107.8119 110.0374 3.9164 107.1923 110.0064 108.8761 3.8728 4.2033 110.0700 16.5289 108.3445 108.9985 16.9406 3.2987 102.6080 1.8954 108.6634 111.7706 109.4846 6.9875 105.5998 17.0865 112.1654 109.0254 110.4108 104.5410 3.8301 84.4230 15.6845 111.3561 108.0383 4.1638 108.2766 109.3453 108.8088 18.4388 109.3657 110.7479 3.5687 105.6104 108.8193 110.0320 83.4829 110.2781 108.3764 107.7903 4.1982 112.0512 108.4700 109.2414 17.5848 109.0400 4.5464 108.7935 83.4417 109.3442 111.5914 4.2275 110.0690 107.9740 108.5950 4.5375 110.4943
22.5674 85.1308 85.1308 0.0000 68.7751 25.8787 25.2505 29.0974 80.7560 29.3742 24.8708 22.0117 23.2503 27.4493 21.6297 28.0678 26.7969 27.1128 21.2602 85.9086 24.0532 27.0992 86.4986 27.7757 86.8551 1.3314 24.9116 22.1371 27.4329 28.4590 26.4393 25.6732 27.1617 26.1810 21.8148 26.4253 25.3599 27.5929 86.4828 24.7478 27.5619 26.4241 86.3748 82.4187 27.6256 68.7691 25.8925 26.5465 68.8406 82.2757 20.1635 84.1076 26.2114 29.3186 27.0401 88.4266 23.1553 69.5144 29.7134 26.5734 27.9664 22.0965 81.4790 6.0276 69.4643 28.9041 25.5863 86.2313 25.8246 26.9008 26.3568 68.4040 26.9212 28.3034 81.5859 23.1659 26.3748 27.5875 1.7586 27.8336 25.9245 25.3383 81.2144 29.5992 26.0180 26.7894 68.4879 26.5880 86.3562 26.3415 2.1848 26.8997 29.1394 86.4962 27.6246 25.5295 26.1430 86.6751 28.0498
88.6562 17.1069 17.1069 68.7751 0.0000 91.9676 91.3468 95.1862 12.7322 95.4631 90.9672 88.1005 89.3391 93.5382 87.7186 94.1567 92.8932 93.2016 87.3491 17.8847 90.1420 93.1956 18.4747 93.8646 18.8313 67.5148 91.0005 88.2260 93.5293 94.5478 92.5356 91.7696 93.2506 92.2774 87.9037 92.5216 91.4562 93.6818 18.4590 90.8367 93.6508 92.5205 18.3510 14.3949 93.7144 0.9328 91.9888 92.6428 0.2311 14.2518 86.2524 16.0837 92.3078 95.4150 93.1290 20.4027 89.2442 1.3227 95.8098 92.6697 94.0552 88.1854 13.4551 68.0674 1.5217 95.0004 91.6827 18.2074 91.9210 92.9897 92.4532 1.5989 93.0101 94.3922 13.5621 89.2548 92.4637 93.6763 67.1273 93.9225 92.0208 91.4347 13.1905 95.6955 92.1143 92.8857 0.5511 92.6844 18.3323 92.4379 67.0861 92.9885 95.2358 18.4723 93.7134 91.6184 92.2394 18.6512 94.1386
3.4539 108.3232 108.3232 25.8787 91.9676 0.0000 7.0814 4.6783 103.9485 4.9551 6.8550 3.8973 2.6626 3.0302 4.4880 3.6488 4.8352 2.6937 5.4015 109.1010 1.8814 8.5328 109.6910 3.3566 110.0476 24.9224 4.9283 3.9767 4.6104 4.0399 6.5831 5.8706 3.3388 6.9799 4.2563 7.8844 5.6328 3.1739 109.6753 1.1650 3.1429 7.8832 109.5673 105.6112 3.2065 91.9615 6.2306 4.8997 92.0330 105.4681 5.7880 107.3001 6.4809 9.1277 2.6210 111.6191 3.1224 92.7068 12.4064 5.0652 4.0840 4.2797 104.6714 30.6677 92.6567 8.5620 5.7910 109.4237 6.9775 2.4817 6.6263 91.5964 3.4590 3.8843 104.7784 3.0033 1.9557 3.1684 25.0125 3.4145 5.2910 7.5971 104.4068 9.6618 5.7671 5.0345 91.6804 5.1564 109.5486 6.8194 25.8212 2.4806 9.6381 109.6886 3.2055 4.3016 6.5917 109.8675 3.6307
7.2443 107.7024 107.7024 25.2505 91.3468 7.0814 0.0000 8.3591 103.3277 6.7473 0.7455 7.2588 8.5401 7.7225 6.9238 7.3066 2.8553 6.9540 8.4408 108.4803 6.8566 2.2535 109.0703 7.5056 109.4268 24.2942 3.2784 7.0658 3.4794 7.1566 1.8207 2.8548 4.4279 1.2872 7.5120 1.6411 2.0990 7.4142 109.0545 7.3089 7.8351 1.6399 108.9465 104.9904 7.1132 91.3408 1.2362 2.6049 91.4122 104.8474 8.0353 106.6793 1.5929 4.6280 6.7142 110.9983 7.7310 92.0861 5.9188 2.6318 4.5472 7.7148 104.0507 28.5228 92.0360 4.1199 1.4937 108.8030 0.9119 7.0142 1.7383 90.9757 4.2583 7.2985 104.1576 8.5086 6.7796 7.1178 24.3843 8.0248 1.9710 0.7625 103.7861 5.2041 1.9253 2.8359 91.0596 2.6345 108.9279 1.4477 25.1930 6.8823 4.8030 109.0679 7.2731 3.3071 1.2492 109.2468 8.2249
6.6726 111.5419 111.5419 29.0974 95.1862 4.6783 8.3591 0.0000 107.1671 1.7430 8.1438 7.1160 6.7017 2.0663 7.7067 2.2272 6.0476 2.3473 8.7494 112.3197 5.2655 8.6234 112.9097 1.5876 113.2662 28.1411 7.0350 7.1954 5.2452 1.8929 6.8680 7.8684 4.7833 7.3019 7.4768 8.2571 7.3970 1.7018 112.8939 5.2041 1.6892 8.2048 112.7859 108.8298 2.2645 95.1802 7.2501 6.3703 95.2517 108.6868 9.0066 110.5187 7.0685 7.4487 2.6021 114.8377 6.5001 95.9255 11.2642 5.9579 4.7412 7.5001 107.8901 33.8863 95.8754 6.8830 6.8676 112.6424 8.0166 2.6260 6.9381 94.8151 4.9035 1.9979 107.9971 7.0813 2.8644 2.1596 28.2312 1.4150 6.5009 8.8749 107.6255 7.9828 6.5303 5.6439 94.8990 5.8425 112.7673 7.3608 29.0399 2.4947 8.2059 112.9073 1.9498 6.2994 7.4725 113.0862 1.1077
100.6371 5.2108 5.2108 80.7560 12.7322 103.9485 103.3277 107.1671 0.0000 107.4439 102.9481 100.0814 101.3200 105.5191 99.6995 106.1376 104.8741 105.1825 99.3299 5.9887 102.1229 105.1764 6.5787 105.8455 6.9352 79.4957 102.9814 100.2069 105.5102 106.5287 104.5165 103.7505 105.2315 104.2583 99.8846 104.5025 103.4371 105.6627 6.5629 102.8176 105.6317 104.5013 6.4549 1.9469 105.6953 12.1541 103.9697 104.6237 12.5659 2.3558 98.2333 4.1877 104.2887 107.3959 105.1099 9.4756 101.2251 12.7118 107.7907 104.6506 106.0361 100.1662 1.4811 80.0483 11.3098 106.9813 103.6636 6.3113 103.9019 104.9705 104.4341 14.0640 104.9910 106.3731 1.6519 101.2357 104.4446 105.6572 79.1081 105.9033 104.0017 103.4156 1.2413 107.6764 104.0952 104.8666 13.2100 104.6653 6.4362 104.4188 79.0670 104.9694 107.2167 6.5763 105.6943 103.5993 104.2203 6.7552 106.1195
6.9494 111.8187 111.8187 29.3742 95.4631 4.9551 6.7473 1.7430 107.4439 0.0000 6.5320 7.3928 6.9785 2.6642 7.9835 1.5285 4.4358 2.4181 9.0263 112.5965 5.5424 7.0116 113.1865 1.8987 113.5430 28.4179 6.1025 7.4722 3.6334 1.1142 5.2562 6.3802 3.7461 5.6901 7.7536 6.6453 5.7852 2.0032 113.1707 5.4809 2.5974 6.5930 113.0628 109.1067 1.9013 95.4570 5.6383 4.7585 95.5285 108.9636 9.2835 110.7955 5.4567 5.7786 2.6009 115.1145 6.7769 96.2023 9.5941 4.3461 3.1294 7.7770 108.1669 34.0425 96.1522 5.2128 5.2558 112.9192 6.4048 2.6968 5.3264 95.0919 3.9370 1.2192 108.2739 7.3582 2.9996 1.8989 28.5080 2.2940 4.8891 7.2631 107.9023 6.3126 4.9185 4.0321 95.1759 4.2307 113.0441 5.7490 29.3167 2.5655 6.5358 113.1841 1.7496 5.3669 5.8607 113.3630 2.2293
6.6367 107.3228 107.3228 24.8708 90.9672 6.8550 0.7455 8.1438 102.9481 6.5320 0.0000 6.6512 7.9347 7.4961 6.3162 7.0914 2.6353 6.7276 7.8332 108.1006 6.6303 2.7239 108.6906 7.2792 109.0472 23.9146 2.6707 6.4582 3.2594 6.9414 1.8940 2.2472 4.2079 1.5189 6.9043 2.0997 1.4914 7.1878 108.6749 7.0826 7.6088 2.0986 108.5669 104.6108 6.8868 90.9611 1.3472 2.3849 91.0326 104.4677 7.4277 106.2997 1.6662 4.8956 6.4879 110.6187 7.1233 91.7064 6.4970 2.4118 4.3320 7.1072 103.6710 28.1431 91.6563 4.3860 1.2784 108.4233 1.1929 6.7878 1.8116 90.5960 4.0319 7.0832 103.7780 7.9033 6.5532 6.8914 24.0046 7.7984 1.7510 1.3407 103.4064 5.4858 1.7101 2.6159 90.6800 2.4145 108.5482 1.6793 24.8133 6.6560 5.1547 108.6883 7.0467 2.9175 1.4809 108.8672 7.9985
0.5860 104.4561 104.4561 22.0117 88.1005 3.8973 7.2588 7.1160 100.0814 7.3928 6.6512 0.0000 1.9762 5.4679 0.6534 6.0865 6.2382 5.1314 1.7514 105.2340 2.0718 9.2722 105.8240 5.7943 106.1805 21.0554 4.0444 0.3598 6.4545 6.4776 7.7877 5.2671 5.3814 8.0255 0.5649 8.6481 5.1598 5.6115 105.8082 3.4737 5.5805 8.6469 105.7002 101.7441 5.6442 88.0945 7.2763 6.3027 88.1659 101.6011 1.9209 103.4330 7.5622 11.1703 5.0587 107.7520 1.1739 88.8398 13.0103 6.3953 6.1266 0.6214 100.8044 26.8006 88.7897 10.6046 6.8723 105.5567 7.7412 4.9194 7.7076 87.7294 5.1770 6.3220 100.9113 1.9447 4.3934 5.6061 21.1455 5.8522 6.4553 7.8177 100.5398 11.7044 6.9314 6.6579 87.8133 6.5594 105.6816 7.8651 21.9542 4.9183 11.6808 105.8216 5.6432 4.6623 7.6374 106.0005 6.0684
1.6603 105.6948 105.6948 23.2503 89.3391 2.6626 8.5401 6.7017 101.3200 6.9785 7.9347 1.9762 0.0000 5.0536 2.5669 5.6722 6.2939 4.7171 2.7388 106.4726 1.9203 9.9914 107.0626 5.3800 107.4191 22.2940 5.3207 2.0556 6.4421 6.0633 8.1151 6.5506 5.1705 8.4386 2.0994 9.3430 6.4433 5.1973 107.0468 1.4976 5.1662 9.3419 106.9389 102.9827 5.2299 89.3331 7.6893 6.3584 89.4046 102.8397 3.4642 104.6716 7.9395 10.9594 4.6444 108.9906 0.9184 90.0784 13.8651 6.5239 5.9157 2.3026 102.0430 28.0392 90.0283 10.3937 7.2496 106.7953 8.4362 4.5051 8.0849 88.9680 5.2327 5.9077 102.1499 0.5398 3.9791 5.1918 22.3841 5.4379 6.7497 9.0558 101.7784 11.4935 7.2258 6.7136 89.0519 6.6151 106.9202 8.2781 23.1928 4.5040 11.4699 107.0602 5.2289 5.7603 8.0504 107.2391 5.6541
5.0245 109.8938 109.8938 27.4493 93.5382 3.0302 7.7225 2.0663 105.5191 2.6642 7.4961 5.4679 5.0536 0.0000 6.0586 1.7515 4.9911 0.7899 7.1014 110.6716 3.6175 8.6233 111.2616 0.9547 111.6181 26.4930 5.7336 5.5473 4.6525 1.8324 6.6253 6.5669 3.4819 7.0592 5.8287 8.0144 6.3291 0.7690 111.2458 3.5560 0.4188 7.9621 111.1379 107.1818 1.1569 93.5321 6.8403 5.2428 93.6036 107.0387 7.3586 108.8706 6.6875 8.2689 1.1647 113.1896 4.8520 94.2774 12.0844 5.1771 3.9273 5.8521 106.2420 32.2383 94.2273 7.7031 6.4253 110.9943 7.6186 1.0237 6.6955 93.1670 3.6020 1.6768 106.3490 5.4333 1.2163 1.0385 26.5831 0.6905 5.9290 8.2383 105.9774 8.8030 5.9868 5.0767 93.2510 5.2122 111.1192 7.1181 27.3918 0.8924 9.0261 111.2592 0.9980 4.9979 7.2014 111.4381 1.0187
1.1767 104.0742 104.0742 21.6297 87.7186 4.4880 6.9238 7.7067 99.6995 7.9835 6.3162 0.6534 2.5669 6.0586 0.0000 6.6772 6.0391 5.7221 1.5401 104.8521 2.6625 8.9372 105.4421 6.3850 105.7986 20.6735 3.7094 0.7103 6.7004 7.0683 7.4527 4.9321 5.9196 7.6905 0.7972 8.3131 4.8248 6.2023 105.4263 4.0644 6.1712 8.3119 105.3183 101.3622 6.2349 87.7126 6.9413 6.0334 87.7840 101.2192 1.5390 103.0511 7.2272 10.9853 5.6494 107.3701 1.7646 88.4578 12.6753 6.0603 6.7173 1.0920 100.4224 26.4187 88.4077 10.4195 6.5373 105.1747 7.4062 5.5101 7.3726 87.3475 5.6934 6.9127 100.5294 2.5354 4.9841 6.1968 20.7635 6.4429 6.1203 7.4827 100.1578 11.5194 6.5964 6.4750 87.4314 6.2736 105.2996 7.5301 21.5723 5.5090 11.3680 105.4397 6.2339 4.3273 7.3024 105.6186 6.6591
5.6431 110.5123 110.5123 28.0678 94.1567 3.6488 7.3066 2.2272 106.1376 1.5285 7.0914 6.0865 5.6722 1.7515 6.6772 0.0000 4.6744 1.3187 7.7199 111.2902 4.2360 7.5710 111.8802 1.0508 112.2367 27.1116 5.4169 6.1658 4.1928 0.4942 5.8155 6.2502 3.1652 6.2494 6.4473 7.2046 6.0124 1.1291 111.8644 4.1746 1.7640 7.1523 111.7564 107.8003 0.6582 94.1507 6.1977 4.9261 94.2221 107.6573 7.9771 109.4892 6.0161 6.7759 1.1893 113.8082 5.4705 94.8960 10.5914 4.8603 3.4136 6.4706 106.8606 32.8568 94.8458 6.2102 5.8151 111.6129 6.9641 1.4841 5.8857 93.7856 3.2853 0.3801 106.9675 6.0518 1.6933 0.7302 27.2016 1.4606 5.4485 7.8224 106.5959 7.3100 5.4778 4.5915 93.8695 4.7900 111.7377 6.3083 28.0104 1.3523 7.5331 111.8778 0.7710 4.6812 6.4201 112.0567 1.6583
5.8202 109.2489 109.2489 26.7969 92.8933 4.8352 2.8553 6.0476 104.8741 4.4358 2.6353 6.2382 6.2939 4.9911 6.0391 4.6744 0.0000 4.2226 7.5560 110.0267 4.6104 4.2398 110.6167 4.7742 110.9732 25.8406 2.5755 6.1444 1.0168 4.8451 2.0483 2.3001 1.6102 2.4822 6.6100 3.5914 1.7184 4.6828 110.6009 5.0628 5.1038 3.5903 110.4930 106.5368 4.3818 92.8872 1.9377 0.4362 92.9587 106.3938 7.1505 108.2257 2.0236 5.4447 3.9829 112.5447 5.6477 93.6325 8.1135 0.3575 1.7854 6.6334 105.5971 30.0692 93.5824 4.8790 1.4980 110.3494 2.6846 4.2828 2.1185 92.5221 1.5702 4.9870 105.7041 6.2624 4.0915 4.3864 25.9307 5.2934 0.9981 3.3711 105.3325 5.9788 1.3229 0.6468 92.6061 0.5483 110.4743 2.5265 26.7394 4.1510 5.8774 110.6143 4.5417 1.8718 2.2988 110.7932 5.4935
4.6880 109.5573 109.5573 27.1128 93.2016 2.6937 6.9540 2.3473 105.1825 2.4181 6.7276 5.1314 4.7171 0.7899 5.7221 1.3187 4.2226 0.0000 6.7648 110.3351 3.2809 7.8547 110.9251 0.8375 111.2816 26.1565 4.9650 5.2108 3.8840 1.5029 5.8567 5.7984 2.7133 6.2907 5.4922 7.2458 5.5605 0.6547 110.9093 3.2195 0.9026 7.1936 110.8014 106.8452 0.7920 93.1956 6.0717 4.4742 93.2671 106.7022 7.0220 108.5341 5.9189 7.9422 0.3774 112.8531 4.5154 93.9409 11.7124 4.4085 3.1588 5.5155 105.9055 31.9017 93.8908 7.3765 5.6567 110.6578 6.8501 0.5049 5.9269 92.8305 2.8335 1.3473 106.0125 5.0967 0.7382 0.7090 26.2466 1.1645 5.1605 7.4697 105.6409 8.4763 5.2183 4.3081 92.9144 4.4437 110.7827 6.3495 27.0553 0.3736 8.6994 110.9227 0.6685 4.2294 6.4328 111.1016 1.3718
2.2194 103.7047 103.7047 21.2602 87.3491 5.4015 8.4408 8.7494 99.3299 9.0263 7.8332 1.7514 2.7388 7.1014 1.5401 7.7199 7.5560 6.7648 0.0000 104.4825 3.6475 10.4541 105.0725 7.4278 105.4290 20.3039 5.2264 1.9550 8.0990 8.1110 8.9696 6.4490 7.0149 9.2075 1.2726 9.8300 6.3418 7.2450 105.0567 4.2364 7.2140 9.8289 104.9488 100.9926 7.2776 87.3430 8.4583 7.5504 87.4145 100.8496 1.4741 102.6815 8.7441 12.5022 6.6922 107.0005 2.6877 88.0883 14.1922 7.5773 7.7601 1.5501 100.0529 26.0492 88.0382 11.9365 8.0542 104.8052 8.9232 6.5528 8.8895 86.9779 6.8215 7.9554 100.1599 2.6482 6.0269 7.2395 20.3940 7.4856 7.6373 8.9997 99.7883 13.0363 8.1134 7.9920 87.0619 7.7906 104.9301 9.0470 21.2027 6.5517 12.8850 105.0701 7.2766 5.8443 8.8194 105.2490 7.7018
105.7897 4.3871 4.3871 85.9086 17.8847 109.1010 108.4803 112.3197 5.9887 112.5965 108.1006 105.2340 106.4726 110.6716 104.8521 111.2902 110.0267 110.3351 104.4825 0.0000 107.2755 110.3290 1.2728 110.9980 1.2755 84.6483 108.1340 105.3595 110.6627 111.6813 109.6691 108.9030 110.3841 109.4109 105.0372 109.6551 108.5897 110.8153 0.6214 107.9702 110.7843 109.6539 0.5792 4.8849 110.8479 17.3067 109.1223 109.7763 17.7185 4.2975 103.3858 3.3805 109.4412 112.5485 110.2624 6.4607 106.3776 17.8644 112.9433 109.8032 111.1887 105.3188 4.6079 85.2008 16.4624 112.1339 108.8161 0.9163 109.0544 110.1231 109.5866 19.2166 110.1435 111.5257 4.3466 106.3883 109.5971 110.8098 84.2607 111.0559 109.1543 108.5681 4.9760 112.8290 109.2478 110.0192 18.3626 109.8178 1.1303 109.5713 84.2196 110.1220 112.3692 1.2704 110.8469 108.7518 109.3728 1.0498 111.2721
1.6311 106.4976 106.4976 24.0532 90.1420 1.8814 6.8566 5.2655 102.1229 5.5424 6.6303 2.0718 1.9203 3.6175 2.6625 4.2360 4.6104 3.2809 3.6475 107.2755 0.0000 8.3080 107.8655 3.9439 108.2220 23.0969 4.7036 2.1512 4.8026 4.6271 6.4316 5.6458 3.5310 6.7551 2.3749 7.6596 5.4080 3.7611 107.8497 1.5299 3.7301 7.6584 107.7417 103.7856 3.7937 90.1360 6.0059 4.6749 90.2074 103.6426 3.9624 105.4745 6.2561 9.3199 3.2083 109.7935 1.3140 90.8813 12.1816 4.8404 4.2762 2.3982 102.8459 28.8421 90.8312 8.7542 5.5662 107.5982 6.7527 3.0690 6.4015 89.7709 3.5493 4.4715 102.9528 1.8888 2.5430 3.7556 23.1870 4.0018 5.0663 7.3724 102.5813 9.8540 5.5424 5.0302 89.8548 4.9316 107.7231 6.5946 23.9957 3.0678 9.8303 107.8631 3.7927 4.0768 6.3670 108.0420 4.2179
9.2577 109.5512 109.5512 27.0992 93.1956 8.5328 2.2535 8.6234 105.1765 7.0116 2.7239 9.2722 9.9914 8.6233 8.9372 7.5710 4.2398 7.8547 10.4541 110.3290 8.3080 0.0000 110.9190 8.4064 111.2756 26.1429 5.2917 9.0791 4.1930 7.4210 2.6453 4.8682 5.2423 2.0910 9.5253 0.8295 4.1124 8.3149 110.9032 8.7603 8.7359 0.9182 110.7953 106.8392 8.0140 93.1895 2.3807 3.9894 93.2610 106.6961 10.0487 108.5280 2.7594 3.5455 7.6150 112.8470 9.3452 93.9348 4.6282 4.0163 5.0854 9.7282 105.8994 30.3715 93.8847 3.0374 2.7777 110.6517 1.6295 7.9149 2.6514 92.8244 5.4159 7.5628 106.0064 9.9600 7.7813 8.0185 26.2330 8.8567 3.2881 2.0529 105.6348 4.0032 3.2190 3.9416 92.9084 4.0044 110.7766 2.2515 27.0417 7.7831 3.5435 110.9166 8.1739 5.1545 2.3365 111.0955 8.8931
106.3797 4.0942 4.0942 86.4986 18.4747 109.6910 109.0703 112.9097 6.5787 113.1865 108.6906 105.8240 107.0626 111.2616 105.4421 111.8802 110.6167 110.9251 105.0725 1.2728 107.8655 110.9190 0.0000 111.5880 0.9826 85.2383 108.7240 105.9495 111.2527 112.2713 110.2591 109.4930 110.9741 110.0009 105.6272 110.2451 109.1797 111.4053 0.9856 108.5602 111.3743 110.2439 0.8754 5.4749 111.4379 17.8967 109.7123 110.3663 18.3085 4.8875 103.9758 3.9705 110.0313 113.1385 110.8524 6.4081 106.9676 18.4544 113.5333 110.3932 111.7787 105.9088 5.1979 85.7908 17.0524 112.7239 109.4061 0.3687 109.6444 110.7131 110.1766 19.8066 110.7335 112.1157 4.9366 106.9783 110.1871 111.3998 84.8507 111.6459 109.7443 109.1581 5.5660 113.4190 109.8378 110.6092 18.9526 110.4079 0.6707 110.1613 84.8096 110.7120 112.9592 0.1333 111.4369 109.3418 109.9629 1.7516 111.8621
5.3510 110.2202 110.2202 27.7757 93.8646 3.3566 7.5056 1.5876 105.8455 1.8987 7.2792 5.7943 5.3800 0.9547 6.3850 1.0508 4.7742 0.8375 7.4278 110.9980 3.9439 8.4064 111.5880 0.0000 111.9446 26.8195 5.5167 5.8737 4.4356 1.1044 6.4083 6.3500 3.2650 6.8423 6.1551 7.7975 6.1122 0.2936 111.5723 3.8825 0.9215 7.7452 111.4643 107.5082 0.7461 93.8585 6.6233 5.0259 93.9300 107.3651 7.6850 109.1971 6.4706 7.5034 1.0837 113.5161 5.1784 94.6038 11.3189 4.9601 3.7104 6.1785 106.5684 32.5647 94.5537 6.9376 6.2083 111.3207 7.4017 1.1162 6.4785 93.4934 3.3851 0.9488 106.6754 5.7597 1.4190 0.6412 26.9095 0.6181 5.7121 8.0213 106.3038 8.0374 5.7699 4.8597 93.5774 4.9953 111.4456 6.9012 27.7182 0.9849 8.2605 111.5857 0.4314 4.7810 6.9844 111.7645 0.8183
106.7362 3.1116 3.1116 86.8551 18.8313 110.0476 109.4268 113.2662 6.9352 113.5430 109.0472 106.1805 107.4191 111.6181 105.7986 112.2367 110.9732 111.2816 105.4290 1.2755 108.2220 111.2755 0.9826 111.9446 0.0000 85.5948 109.0805 106.3060 111.6093 112.6278 110.6156 109.8496 111.3306 110.3574 105.9837 110.6016 109.5362 111.7618 0.8048 108.9167 111.7308 110.6004 0.7612 6.0492 111.7944 18.2532 110.0688 110.7228 18.6650 4.5794 104.3324 4.5448 110.3878 113.4950 111.2090 5.7227 107.3241 18.8109 113.8898 110.7497 112.1352 106.2654 5.5544 86.1474 17.4089 113.0804 109.7627 1.0522 110.0010 111.0696 110.5332 20.1631 111.0901 112.4722 5.2931 107.3348 110.5436 111.7563 85.2072 112.0024 110.1008 109.5147 5.9226 113.7755 110.1943 110.9657 19.3091 110.7644 1.4347 110.5179 85.1661 111.0685 113.3158 1.1159 111.7934 109.6984 110.3194 1.4258 112.2186
21.6111 83.8704 83.8704 1.3314 67.5148 24.9224 24.2942 28.1411 79.4957 28.4179 23.9146 21.0554 22.2940 26.4930 20.6735 27.1116 25.8406 26.1565 20.3039 84.6483 23.0969 26.1429 85.2383 26.8195 85.5948 0.0000 23.9554 21.1809 26.4767 27.5027 25.4830 24.7169 26.2055 25.2248 20.8586 25.4690 24.4036 26.6367 85.2225 23.7916 26.6057 25.4678 85.1145 81.1584 26.6693 67.5088 24.9362 25.5902 67.5802 81.0154 19.2073 82.8473 25.2552 28.3624 26.0839 87.1663 22.1990 68.2541 28.7572 25.6171 27.0101 21.1402 80.2187 6.2047 68.2040 27.9478 24.6301 84.9710 24.8683 25.9445 25.4006 67.1437 25.9649 27.3471 80.3256 22.2097 25.4185 26.6312 0.4370 26.8773 24.9682 24.3821 79.9541 28.6429 25.0617 25.8331 67.2276 25.6318 85.0959 25.3852 1.1099 25.9434 28.1831 85.2359 26.6683 24.5733 25.1868 85.4148 27.0935
4.0227 107.3561 107.3561 24.9116 91.0005 4.9283 3.2784 7.0350 102.9814 6.1025 2.6707 4.0444 5.3207 5.7336 3.7094 5.4169 2.5755 4.9650 5.2264 108.1340 4.7036 5.2917 108.7240 5.5167 109.0805 23.9554 0.0000 3.8514 3.2366 5.8906 3.8072 1.3258 2.6019 4.0451 4.2976 4.6676 1.1793 5.4252 108.7082 5.1559 5.8462 4.6665 108.6002 104.6441 5.1243 90.9945 3.2958 2.3251 91.0659 104.5011 4.8209 106.3330 3.5817 7.3216 4.7253 110.6520 4.5093 91.7398 9.0298 2.3520 3.3940 4.5004 103.7044 29.7006 91.6897 6.7558 2.8918 108.4566 3.7608 5.0252 3.7271 90.6294 2.3614 5.7876 103.8113 5.2892 4.7906 5.1288 24.0455 6.0359 2.4120 3.8372 103.4397 7.8556 2.8881 2.7667 90.7133 2.5653 108.5815 3.8846 24.8542 4.8934 7.7225 108.7216 5.2842 0.7357 3.6569 108.9005 6.2360
0.6654 104.5816 104.5816 22.1371 88.2260 3.9767 7.0658 7.1954 100.2069 7.4722 6.4582 0.3598 2.0556 5.5473 0.7103 6.1658 6.1444 5.2108 1.9550 105.3595 2.1512 9.0791 105.9495 5.8737 106.3060 21.1809 3.8514 0.0000 6.3608 6.5570 7.5946 5.0740 5.3094 7.8325 0.8178 8.4550 4.9667 5.6909 105.9337 3.5531 5.6599 8.4539 105.8257 101.8696 5.7236 88.2200 7.0832 6.1754 88.2914 101.7266 2.0464 103.5585 7.3691 11.1272 5.1381 107.8775 1.2533 88.9653 12.8172 6.2023 6.2060 0.8851 100.9298 26.9261 88.9151 10.5615 6.6792 105.6821 7.5482 4.9988 7.5145 87.8549 5.0833 6.4014 101.0368 2.0241 4.4728 5.6855 21.2709 5.9316 6.2623 7.6246 100.6652 11.6613 6.7384 6.5642 87.9388 6.4156 105.8070 7.6720 22.0797 4.9977 11.5099 105.9471 5.7226 4.4693 7.4444 106.1260 6.1478
6.0366 109.8849 109.8849 27.4329 93.5293 4.6104 3.4794 5.2452 105.5102 3.6334 3.2594 6.4545 6.4421 4.6525 6.7004 4.1928 1.0168 3.8840 8.0990 110.6627 4.8026 4.1930 111.2528 4.4356 111.6093 26.4767 3.2366 6.3608 0.0000 4.0428 2.1950 2.9612 1.2716 2.6289 6.8264 3.5841 2.3795 4.3442 111.2370 4.9445 4.7652 3.5318 111.1290 107.1729 4.0432 93.5232 2.4730 1.3395 93.5947 107.0299 7.8118 108.8618 2.3202 4.8830 3.6443 113.1808 5.8640 94.2685 8.0506 0.9272 1.1688 6.8497 106.2331 30.7052 94.2184 4.3173 2.0580 110.9854 3.2532 3.9442 2.2652 93.1581 1.4452 4.1846 106.3401 6.4788 3.8105 4.0478 26.5667 4.9548 1.5617 3.9952 105.9685 5.4171 1.6195 0.6464 93.2421 0.8449 111.1103 2.6878 27.3754 3.8124 5.3935 111.2504 4.2031 2.5331 2.7995 111.4293 5.1549
6.0342 110.9035 110.9035 28.4590 94.5478 4.0399 7.1566 1.8929 106.5287 1.1142 6.9414 6.4776 6.0633 1.8324 7.0683 0.4942 4.8451 1.5029 8.1110 111.6813 4.6271 7.4210 112.2713 1.1044 112.6278 27.5027 5.8906 6.5570 4.0428 0.0000 5.6655 6.7088 3.4653 6.0994 6.8384 7.0546 6.1946 1.1925 112.2555 4.5657 1.8175 7.0023 112.1476 108.1914 0.9387 94.5418 6.0477 5.1678 94.6133 108.0484 8.3682 109.8803 5.8661 6.5224 1.6740 114.1993 5.8616 95.2871 10.3379 4.7555 3.2636 6.8617 107.2517 33.2479 95.2370 5.9567 5.6651 112.0040 6.8141 1.7816 5.7357 94.1767 3.6670 0.1765 107.3587 6.4429 2.0844 0.9645 27.5928 1.5142 5.2985 7.6724 106.9871 7.0565 5.3278 4.4415 94.2606 4.6400 112.1289 6.1583 28.4015 1.6503 7.2796 112.2689 0.8344 5.1550 6.2701 112.4478 1.6262
7.6414 108.8913 108.8913 26.4393 92.5356 6.5831 1.8207 6.8680 104.5165 5.2562 1.8940 7.7877 8.1151 6.6253 7.4527 5.8155 2.0483 5.8567 8.9696 109.6691 6.4316 2.6453 110.2591 6.4083 110.6156 25.4830 3.8072 7.5946 2.1950 5.6655 0.0000 3.3837 3.2443 0.5543 8.0408 1.9416 2.6279 6.3169 110.2433 6.8839 6.7379 1.9405 110.1354 106.1792 6.0159 92.5296 0.6066 2.1630 92.6011 106.0362 8.5641 107.8681 0.3210 3.9412 5.6170 112.1871 7.4689 93.2749 6.5039 1.9331 3.0938 8.2437 105.2395 29.7116 93.2248 3.3870 0.9490 109.9918 1.2690 5.9169 0.1906 92.1645 3.3914 5.8073 105.3465 8.0836 5.7832 6.0205 25.5731 6.9275 1.4617 2.3233 104.9749 4.4868 1.0035 1.7014 92.2484 1.5702 110.1167 0.6132 26.3818 5.7851 4.2703 110.2567 6.1759 3.3922 0.7249 110.4356 7.1277
5.2526 108.1252 108.1252 25.6732 91.7696 5.8706 2.8548 7.8684 103.7505 6.3802 2.2472 5.2671 6.5506 6.5669 4.9321 6.2502 2.3001 5.7984 6.4490 108.9030 5.6458 4.8682 109.4930 6.3500 109.8496 24.7169 1.3258 5.0740 2.9612 6.7088 3.3837 0.0000 3.4202 3.6215 5.5202 4.2441 0.7558 6.2586 109.4772 6.0981 6.6795 4.2429 109.3693 105.4132 5.9576 91.7635 2.8723 2.0497 91.8350 105.2701 6.0436 107.1020 3.1581 6.9162 5.5586 111.4210 5.7392 92.5088 8.6062 2.0766 4.0128 5.7231 104.4734 28.9455 92.4587 6.3505 2.4682 109.2257 3.3372 5.8586 3.3035 91.3984 3.1796 6.6209 104.5804 6.5191 5.6240 5.9622 24.8070 6.8692 2.0996 3.4137 104.2088 7.4503 2.5618 2.4913 91.4824 2.2899 109.3506 3.4610 25.6157 5.7267 7.2990 109.4907 6.1175 1.6875 3.2334 109.6695 7.0693
4.9380 109.6062 109.6062 27.1617 93.2506 3.3388 4.4279 4.7833 105.2315 3.7461 4.2079 5.3814 5.1705 3.4819 5.9196 3.1652 1.6102 2.7133 7.0149 110.3841 3.5310 5.2423 110.9741 3.2650 111.3306 26.2055 2.6019 5.3094 1.2716 3.4653 3.2443 3.4202 0.0000 3.6782 5.7422 4.6334 3.1716 3.1735 110.9583 3.6729 3.5945 4.5812 110.8503 106.8942 2.8726 93.2446 3.4593 1.8904 93.3160 106.7512 7.0710 108.5831 3.3065 5.9183 2.4736 112.9021 4.7655 93.9899 9.1000 1.7961 1.0376 5.7656 105.9545 31.6418 93.9397 5.3525 3.0443 110.7067 4.2396 2.7735 3.3145 92.8795 0.3783 3.5359 106.0614 5.3468 2.5389 2.8771 26.2955 3.7841 2.5481 4.9437 105.6898 6.4524 2.6058 1.6957 92.9634 1.8312 110.8316 3.7371 27.1043 2.6417 6.4287 110.9717 3.0325 1.8663 3.8204 111.1506 3.9843
7.9649 108.6330 108.6330 26.1810 92.2774 6.9799 1.2872 7.3019 104.2583 5.6901 1.5189 8.0255 8.4386 7.0592 7.6905 6.2494 2.4822 6.2907 9.2075 109.4109 6.7551 2.0910 110.0009 6.8423 110.3574 25.2248 4.0451 7.8325 2.6289 6.0994 0.5543 3.6215 3.6782 0.0000 8.2787 1.3873 2.8657 6.7509 109.9851 7.2074 7.1718 1.3862 109.8771 105.9210 6.4499 92.2714 0.7492 2.4365 92.3428 105.7780 8.8020 107.6099 0.6907 3.6427 6.0509 111.9289 7.7923 93.0166 5.9496 2.3670 3.5277 8.4815 104.9812 29.4534 92.9665 3.1331 1.2248 109.7335 0.7147 6.3508 0.5603 91.9063 3.8253 6.2412 105.0882 8.4071 6.2172 6.4544 25.3148 7.3615 1.7352 1.7860 104.7166 4.2329 1.3733 2.1353 91.9902 2.0041 109.8584 0.1605 26.1236 6.2190 3.9294 109.9985 6.6098 3.6642 0.4754 110.1774 7.5616
0.9468 104.2593 104.2593 21.8148 87.9037 4.2563 7.5120 7.4768 99.8846 7.7536 6.9043 0.5649 2.0994 5.8287 0.7972 6.4473 6.6100 5.4922 1.2726 105.0372 2.3749 9.5253 105.6272 6.1551 105.9837 20.8586 4.2976 0.8178 6.8264 6.8384 8.0408 5.5202 5.7422 8.2787 0.0000 8.9012 5.4129 5.9723 105.6114 3.5969 5.9413 8.9001 105.5034 101.5473 6.0050 87.8977 7.5294 6.6216 87.9691 101.4043 1.8238 103.2362 7.8153 11.5311 5.4195 107.5552 1.4770 88.6430 13.2634 6.6485 6.4874 0.3621 100.6076 26.6038 88.5928 10.9654 7.1254 105.3599 7.9944 5.2802 7.9607 87.5326 5.5488 6.6828 100.7145 2.0151 4.7542 5.9669 20.9486 6.2130 6.7085 8.0708 100.3429 12.0652 7.1846 7.0298 87.6165 6.8618 105.4847 8.1182 21.7574 5.2791 11.9561 105.6248 6.0040 4.9154 7.8905 105.8037 6.4292
8.6336 108.8772 108.8772 26.4253 92.5216 7.8844 1.6411 8.2571 104.5025 6.6453 2.0997 8.6481 9.3430 8.0144 8.3131 7.2046 3.5914 7.2458 9.8300 109.6551 7.6596 0.8295 110.2451 7.7975 110.6016 25.4690 4.6676 8.4550 3.5841 7.0546 1.9416 4.2441 4.6334 1.3873 8.9012 0.0000 3.4883 7.7060 110.2293 8.1119 8.1270 0.2020 110.1213 106.1652 7.4051 92.5156 1.7323 3.3410 92.5870 106.0222 9.4245 107.8541 2.0781 3.3701 7.0061 112.1731 8.6968 93.2609 4.7032 3.3679 4.4829 9.1041 105.2255 29.6976 93.2108 2.8620 2.1293 109.9778 0.9069 7.3060 1.9477 92.1505 4.8070 7.1964 105.3324 9.3116 7.1724 7.4096 25.5591 8.3166 2.6397 1.4597 104.9609 3.9461 2.5706 3.3327 92.2344 3.3560 110.1026 1.5478 26.3678 7.1742 3.4746 110.2427 7.5650 4.5164 1.6275 110.4216 8.5168
5.1453 107.8119 107.8119 25.3599 91.4563 5.6328 2.0990 7.3970 103.4371 5.7852 1.4914 5.1598 6.4433 6.3291 4.8248 6.0124 1.7184 5.5605 6.3418 108.5897 5.4080 4.1124 109.1797 6.1122 109.5362 24.4036 1.1793 4.9667 2.3795 6.1946 2.6279 0.7558 3.1716 2.8657 5.4129 3.4883 0.0000 6.0207 109.1639 5.8603 6.4417 3.4871 109.0560 105.0999 5.7198 91.4502 2.1165 1.4680 91.5217 104.9568 5.9363 106.7887 2.4024 6.1605 5.3208 111.1077 5.6319 92.1955 7.8505 1.4949 3.4311 5.6158 104.1601 28.6322 92.1454 5.5947 1.7125 108.9124 2.5814 5.6207 2.5478 91.0851 2.9310 6.3364 104.2671 6.4119 5.3861 5.7243 24.4937 6.6313 1.3438 2.6579 103.8955 6.6945 1.8061 1.7559 91.1691 1.5546 109.0373 2.7053 25.3024 5.4889 6.5432 109.1773 5.8797 1.4670 2.4776 109.3562 6.8315
5.1682 110.0374 110.0374 27.5929 93.6818 3.1739 7.4142 1.7018 105.6627 2.0032 7.1878 5.6115 5.1973 0.7690 6.2023 1.1291 4.6828 0.6547 7.2450 110.8153 3.7611 8.3149 111.4053 0.2936 111.7618 26.6367 5.4252 5.6909 4.3442 1.1925 6.3169 6.2586 3.1735 6.7509 5.9723 7.7060 6.0207 0.0000 111.3895 3.6997 0.6689 7.6538 111.2815 107.3254 0.6727 93.6758 6.5319 4.9344 93.7472 107.1824 7.5022 109.0143 6.3791 7.6078 0.9469 113.3333 4.9956 94.4210 11.4233 4.8687 3.6190 5.9957 106.3856 32.3819 94.3709 7.0421 6.1169 111.1379 7.3103 0.9335 6.3871 93.3107 3.2937 1.0369 106.4926 5.5769 1.2363 0.5678 26.7267 0.6198 5.6207 7.9299 106.1210 8.1419 5.6785 4.7683 93.3946 4.9039 111.2628 6.8097 27.5355 0.8021 8.3650 111.4029 0.3581 4.6896 6.8930 111.5818 0.8200
106.3639 3.9164 3.9164 86.4828 18.4590 109.6752 109.0545 112.8939 6.5629 113.1707 108.6749 105.8082 107.0468 111.2458 105.4263 111.8644 110.6009 110.9093 105.0567 0.6214 107.8497 110.9032 0.9856 111.5722 0.8048 85.2225 108.7082 105.9337 111.2370 112.2555 110.2433 109.4772 110.9583 109.9851 105.6114 110.2293 109.1639 111.3895 0.0000 108.5444 111.3585 110.2281 0.2027 5.4591 111.4221 17.8809 109.6965 110.3505 18.2927 4.8717 103.9601 3.9547 110.0155 113.1227 110.8367 5.9767 106.9518 18.4386 113.5175 110.3774 111.7629 105.8930 5.1821 85.7751 17.0366 112.7081 109.3904 0.6168 109.6286 110.6973 110.1609 19.7908 110.7177 112.0999 4.9208 106.9625 110.1713 111.3840 84.8349 111.6301 109.7285 109.1424 5.5502 113.4032 109.8220 110.5934 18.9368 110.3921 0.8639 110.1455 84.7938 110.6962 112.9434 0.9832 111.4211 109.3261 109.9471 0.8079 111.8463
3.1509 107.1923 107.1923 24.7478 90.8367 1.1650 7.3089 5.2041 102.8176 5.4809 7.0826 3.4737 1.4976 3.5560 4.0644 4.1746 5.0628 3.2195 4.2364 107.9702 1.5299 8.7603 108.5602 3.8825 108.9167 23.7916 5.1559 3.5531 4.9445 4.5657 6.8839 6.0981 3.6729 7.2074 3.5969 8.1119 5.8603 3.6997 108.5444 0.0000 3.6687 8.1107 108.4364 104.4803 3.7323 90.8307 6.4582 5.1272 90.9021 104.3373 4.9618 106.1692 6.7084 9.4618 3.1469 110.4882 2.4160 91.5760 12.6339 5.2928 4.4181 3.8002 103.5406 29.5368 91.5258 8.8961 6.0185 108.2929 7.2050 3.0075 6.8538 90.4656 3.7931 4.4101 103.6475 1.8383 2.4815 3.6942 23.8816 3.9403 5.5186 7.8247 103.2759 9.9959 5.9947 5.3686 90.5495 5.3839 108.4177 7.0469 24.6904 3.0064 9.9723 108.5578 3.7313 4.5292 6.8193 108.7367 4.1565
5.1372 110.0064 110.0064 27.5619 93.6508 3.1429 7.8351 1.6892 105.6317 2.5974 7.6088 5.5805 5.1662 0.4188 6.1712 1.7640 5.1038 0.9026 7.2140 110.7843 3.7301 8.7359 111.3743 0.9215 111.7308 26.6057 5.8462 5.6599 4.7652 1.8175 6.7379 6.6795 3.5945 7.1718 5.9413 8.1270 6.4417 0.6689 111.3585 3.6687 0.0000 8.0747 111.2505 107.2944 1.2407 93.6448 6.9529 5.3554 93.7162 107.1514 7.4712 108.9833 6.8001 8.2020 1.2774 113.3023 4.9646 94.3900 12.0175 5.2897 4.0400 5.9647 106.3546 32.3509 94.3399 7.6363 6.5379 111.1069 7.7312 1.1363 6.8081 93.2797 3.7147 1.6619 106.4616 5.5459 1.3289 1.1223 26.6957 0.3134 6.0417 8.3509 106.0900 8.7361 6.0994 5.1893 93.3636 5.3248 111.2318 7.2307 27.5044 1.0050 8.9592 111.3719 1.0269 5.1106 7.3140 111.5508 0.6416
8.6325 108.8761 108.8761 26.4241 92.5205 7.8832 1.6399 8.2048 104.5013 6.5930 2.0986 8.6469 9.3419 7.9621 8.3119 7.1523 3.5903 7.1936 9.8289 109.6539 7.6584 0.9182 110.2439 7.7452 110.6005 25.4678 4.6665 8.4539 3.5318 7.0023 1.9405 4.2429 4.5812 1.3862 8.9001 0.2020 3.4871 7.6538 110.2281 8.1107 8.0747 0.0000 110.1202 106.1641 7.3528 92.5144 1.7311 3.3399 92.5859 106.0210 9.4234 107.8529 2.0769 3.3557 6.9538 112.1719 8.6957 93.2597 4.7768 3.3668 4.4307 9.1029 105.2243 29.6964 93.2096 2.8476 2.1282 109.9766 0.9057 7.2538 1.9465 92.1493 4.7548 7.1442 105.3313 9.3104 7.1201 7.3574 25.5579 8.2644 2.6386 1.4586 104.9597 3.9318 2.5695 3.2805 92.2333 3.3548 110.1015 1.5467 26.3666 7.1219 3.4602 110.2415 7.5127 4.5152 1.6264 110.4204 8.4645
106.2559 3.8728 3.8728 86.3748 18.3510 109.5673 108.9465 112.7859 6.4549 113.0628 108.5669 105.7002 106.9389 111.1379 105.3183 111.7564 110.4930 110.8014 104.9488 0.5792 107.7417 110.7953 0.8754 111.4643 0.7612 85.1145 108.6002 105.8257 111.1290 112.1476 110.1354 109.3693 110.8503 109.8771 105.5034 110.1213 109.0560 111.2815 0.2027 108.4364 111.2505 110.1202 0.0000 5.3511 111.3141 17.7730 109.5886 110.2425 18.1847 4.7637 103.8521 3.8467 109.9075 113.0147 110.7287 6.1375 106.8439 18.3306 113.4095 110.2695 111.6549 105.7851 5.0742 85.6671 16.9286 112.6001 109.2824 0.5067 109.5207 110.5894 110.0529 19.6829 110.6098 111.9919 4.8128 106.8545 110.0634 111.2760 84.7270 111.5222 109.6205 109.0344 5.4423 113.2953 109.7141 110.4855 18.8288 110.2841 0.7558 110.0376 84.6858 110.5882 112.8355 0.8730 111.3131 109.2181 109.8391 0.9687 111.7384
102.2998 4.2033 4.2033 82.4187 14.3949 105.6112 104.9904 108.8298 1.9469 109.1067 104.6108 101.7441 102.9827 107.1818 101.3622 107.8003 106.5368 106.8452 100.9926 4.8849 103.7856 106.8392 5.4749 107.5082 6.0492 81.1584 104.6441 101.8696 107.1729 108.1914 106.1792 105.4132 106.8942 105.9210 101.5473 106.1652 105.0998 107.3254 5.4591 104.4803 107.2944 106.1641 5.3511 0.0000 107.3580 13.8168 105.6324 106.2864 14.2286 1.6512 99.8960 3.1802 105.9514 109.0586 106.7726 8.7710 102.8878 14.3745 109.4534 106.3133 107.6988 101.8290 1.3611 81.7110 12.9725 108.6440 105.3263 5.2076 105.5646 106.6332 106.0968 15.7267 106.6537 108.0358 1.3158 102.8984 106.1073 107.3199 80.7708 107.5660 105.6644 105.0783 1.3624 109.3391 105.7579 106.5293 14.8727 106.3280 5.3325 106.0815 80.7297 106.6321 108.8794 5.4725 107.3570 105.2620 105.8830 5.6514 107.7822
5.2008 110.0700 110.0700 27.6256 93.7144 3.2065 7.1132 2.2645 105.6953 1.9013 6.8868 5.6442 5.2299 1.1569 6.2349 0.6582 4.3818 0.7920 7.2776 110.8479 3.7937 8.0140 111.4379 0.7461 111.7944 26.6693 5.1243 5.7236 4.0432 0.9387 6.0159 5.9576 2.8726 6.4499 6.0050 7.4051 5.7198 0.6727 111.4221 3.7323 1.2407 7.3528 111.3141 107.3580 0.0000 93.7084 6.2309 4.6334 93.7798 107.2150 7.5348 109.0469 6.0782 7.3796 0.7990 113.3659 5.0282 94.4537 11.1951 4.5677 3.3180 6.0283 106.4183 32.4145 94.4036 6.8139 5.8159 111.1706 7.0093 1.0418 6.0861 93.3433 2.9927 0.7831 106.5252 5.6095 1.2510 0.1356 26.7594 1.2925 5.3197 7.6289 106.1537 7.9137 5.3775 4.4673 93.4272 4.6029 111.2954 6.5088 27.5681 0.9100 8.1368 111.4355 0.3146 4.3886 6.5920 111.6144 1.4927
88.6502 16.5289 16.5289 68.7691 0.9328 91.9615 91.3408 95.1802 12.1541 95.4570 90.9611 88.0945 89.3331 93.5321 87.7126 94.1507 92.8872 93.1956 87.3430 17.3067 90.1360 93.1895 17.8967 93.8585 18.2532 67.5088 90.9945 88.2200 93.5232 94.5418 92.5296 91.7635 93.2446 92.2713 87.8977 92.5156 91.4502 93.6758 17.8809 90.8307 93.6448 92.5144 17.7730 13.8168 93.7084 0.0000 91.9828 92.6368 0.7072 13.6738 86.2463 15.5057 92.3017 95.4090 93.1229 19.8247 89.2381 1.9429 95.8038 92.6637 94.0492 88.1793 12.8771 68.0613 0.8443 94.9944 91.6766 17.6294 91.9149 92.9836 92.4471 2.2363 93.0040 94.3862 12.9841 89.2488 92.4576 93.6703 67.1212 93.9164 92.0148 91.4286 12.6125 95.6895 92.1083 92.8797 1.1571 92.6783 17.7543 92.4318 67.0801 92.9825 95.2297 17.8943 93.7074 91.6123 92.2333 18.0732 94.1326
7.2157 108.3445 108.3445 25.8925 91.9889 6.2306 1.2362 7.2501 103.9697 5.6383 1.3472 7.2763 7.6893 6.8403 6.9413 6.1977 1.9377 6.0717 8.4583 109.1223 6.0059 2.3807 109.7123 6.6233 110.0688 24.9362 3.2958 7.0832 2.4730 6.0477 0.6066 2.8723 3.4593 0.7492 7.5294 1.7323 2.1165 6.5319 109.6965 6.4582 6.9529 1.7311 109.5886 105.6324 6.2309 91.9828 0.0000 1.6873 92.0543 105.4894 8.0528 107.3213 0.3788 4.3072 5.8320 111.6403 7.0431 92.7281 6.2543 1.7142 3.4476 7.7323 104.6927 29.1648 92.6780 3.7976 0.4756 109.4450 0.8254 6.1319 0.5242 91.6177 3.4075 6.1895 104.7997 7.6579 5.9288 6.2355 25.0263 7.1425 0.9860 1.7350 104.4281 4.8974 0.9169 1.8294 91.7017 1.6982 109.5699 0.5888 25.8350 6.0001 4.5860 109.7099 6.3909 2.9149 0.3611 109.8888 7.3427
5.8847 108.9985 108.9985 26.5465 92.6428 4.8997 2.6049 6.3703 104.6237 4.7585 2.3849 6.3027 6.3584 5.2428 6.0334 4.9261 0.4362 4.4742 7.5504 109.7763 4.6749 3.9894 110.3663 5.0259 110.7228 25.5902 2.3251 6.1754 1.3395 5.1678 2.1630 2.0497 1.8904 2.4365 6.6216 3.3410 1.4680 4.9344 110.3505 5.1272 5.3554 3.3399 110.2426 106.2864 4.6334 92.6368 1.6873 0.0000 92.7083 106.1434 7.1449 107.9753 1.9375 5.6446 4.2345 112.2943 5.7121 93.3821 7.8630 0.4268 2.0673 6.6978 105.3467 29.8188 93.3320 5.0789 1.2476 110.0990 2.4342 4.5344 2.0829 92.2717 1.7785 5.2968 105.4536 6.3269 4.2998 4.6380 25.6803 5.5450 0.7477 3.1207 105.0821 6.1787 1.2238 0.9585 92.3556 0.8599 110.2239 2.2761 26.4890 4.4026 6.0773 110.3639 4.7934 1.8667 2.0484 110.5428 5.7452
88.7216 16.9406 16.9406 68.8406 0.2310 92.0330 91.4122 95.2517 12.5659 95.5285 91.0326 88.1659 89.4046 93.6036 87.7840 94.2221 92.9587 93.2671 87.4145 17.7185 90.2074 93.2610 18.3085 93.9300 18.6650 67.5802 91.0659 88.2914 93.5947 94.6133 92.6011 91.8350 93.3160 92.3428 87.9691 92.5870 91.5217 93.7472 18.2927 90.9021 93.7162 92.5859 18.1847 14.2286 93.7798 0.7072 92.0543 92.7082 0.0000 14.0856 86.3178 15.9175 92.3732 95.4804 93.1944 20.2365 89.3096 1.3276 95.8752 92.7352 94.1206 88.2508 13.2889 68.1328 1.3061 95.0658 91.7481 18.0412 91.9864 93.0551 92.5186 1.7600 93.0755 94.4576 13.3958 89.3202 92.5291 93.7417 67.1927 93.9879 92.0862 91.5001 13.0243 95.7610 92.1798 92.9512 0.7116 92.7498 18.1660 92.5033 67.1515 93.0539 95.3012 18.3061 93.7788 91.6838 92.3048 18.4850 94.2041
102.1568 3.2987 3.2987 82.2757 14.2518 105.4681 104.8474 108.6868 2.3558 108.9636 104.4677 101.6011 102.8397 107.0387 101.2192 107.6573 106.3938 106.7022 100.8496 4.2975 103.6426 106.6961 4.8875 107.3651 4.5794 81.0154 104.5011 101.7266 107.0298 108.0484 106.0362 105.2701 106.7512 105.7780 101.4043 106.0222 104.9568 107.1824 4.8717 104.3373 107.1514 106.0210 4.7637 1.6512 107.2150 13.6738 105.4894 106.1434 14.0856 0.0000 99.7529 2.4965 105.8084 108.9156 106.6295 7.1198 102.7447 14.2315 109.3104 106.1703 107.5558 101.6859 0.9750 81.5679 12.8295 108.5010 105.1832 4.6202 105.4215 106.4902 105.9537 15.5837 106.5106 107.8928 0.7137 102.7554 105.9642 107.1769 80.6278 107.4230 105.5214 104.9352 1.3431 109.1961 105.6149 106.3863 14.7297 106.1849 4.7450 105.9384 80.5867 106.4891 108.7363 4.8851 107.2140 105.1189 105.7399 5.0640 107.6392
2.4766 102.6080 102.6080 20.1635 86.2524 5.7880 8.0353 9.0066 98.2333 9.2835 7.4277 1.9209 3.4642 7.3586 1.5390 7.9771 7.1505 7.0220 1.4741 103.3858 3.9624 10.0487 103.9758 7.6850 104.3324 19.2073 4.8209 2.0464 7.8118 8.3682 8.5641 6.0436 7.0710 8.8020 1.8238 9.4245 5.9363 7.5022 103.9601 4.9618 7.4712 9.4234 103.8521 99.8960 7.5348 86.2463 8.0528 7.1449 86.3178 99.7529 0.0000 101.5849 8.3386 12.0967 6.9494 105.9039 3.0646 86.9916 13.7867 7.1718 7.8756 2.1162 98.9562 24.9525 86.9415 11.5310 7.6487 103.7085 8.5177 6.8100 8.4840 85.8812 6.8305 8.2126 99.0632 3.3799 6.2841 7.4967 19.2973 7.7428 7.2318 8.5942 98.6916 12.6308 7.7079 7.5865 85.9652 7.3851 103.8334 8.6415 20.1060 6.8089 12.4795 103.9735 7.5338 5.4388 8.4139 104.1523 7.9590
103.9887 1.8954 1.8954 84.1076 16.0837 107.3001 106.6793 110.5187 4.1877 110.7955 106.2996 103.4330 104.6716 108.8706 103.0511 109.4892 108.2257 108.5341 102.6815 3.3805 105.4745 108.5280 3.9705 109.1971 4.5448 82.8473 106.3330 103.5585 108.8617 109.8803 107.8681 107.1020 108.5831 107.6099 103.2362 107.8541 106.7887 109.0143 3.9547 106.1692 108.9833 107.8529 3.8467 3.1802 109.0469 15.5057 107.3213 107.9753 15.9175 2.4965 101.5849 0.0000 107.6403 110.7475 108.4615 8.1233 104.5766 16.0634 111.1423 108.0022 109.3877 103.5178 2.8069 83.3999 14.6614 110.3329 107.0152 3.7032 107.2534 108.3221 107.7856 17.4156 108.3426 109.7247 2.5456 104.5873 107.7961 109.0088 82.4597 109.2549 107.3533 106.7672 3.1750 111.0280 107.4468 108.2182 16.5616 108.0169 3.8280 107.7703 82.4186 108.3210 110.5682 3.9681 109.0459 106.9509 107.5719 4.1470 109.4711
7.4659 108.6634 108.6634 26.2114 92.3078 6.4809 1.5929 7.0685 104.2887 5.4567 1.6662 7.5622 7.9395 6.6875 7.2272 6.0161 2.0236 5.9189 8.7441 109.4413 6.2561 2.7594 110.0313 6.4706 110.3878 25.2552 3.5817 7.3691 2.3202 5.8661 0.3210 3.1581 3.3065 0.6907 7.8153 2.0781 2.4024 6.3791 110.0155 6.7084 6.8001 2.0769 109.9075 105.9514 6.0782 92.3018 0.3788 1.9375 92.3732 105.8084 8.3386 107.6403 0.0000 4.1209 5.6792 111.9593 7.2933 93.0470 6.6331 1.9084 3.2949 8.0181 105.0116 29.4838 92.9969 3.5667 0.7235 109.7639 1.2042 5.9791 0.2385 91.9367 3.3667 6.0079 105.1186 7.9081 5.8455 6.0827 25.3452 6.9898 1.2362 2.0955 104.7470 4.6666 0.7780 1.6767 92.0206 1.5455 109.8888 0.7496 26.1540 5.8473 4.4501 110.0289 6.2381 3.1667 0.7399 110.2078 7.1899
10.7270 111.7706 111.7706 29.3186 95.4150 9.1277 4.6280 7.4487 107.3959 5.7786 4.8956 11.1703 10.9594 8.2689 10.9853 6.7759 5.4447 7.9422 12.5022 112.5485 9.3199 3.5455 113.1385 7.5034 113.4950 28.3624 7.3216 11.1272 4.8830 6.5224 3.9412 6.9162 5.9183 3.6427 11.5311 3.3701 6.1605 7.6078 113.1227 9.4618 8.2020 3.3557 113.0147 109.0586 7.3796 95.4090 4.3072 5.6446 95.4804 108.9156 12.0967 110.7475 4.1209 0.0000 7.8727 115.0665 10.5544 96.1543 5.6681 5.3537 5.2573 11.5545 108.1189 32.5910 96.1041 0.7693 4.4671 112.8711 3.8056 8.1726 3.9906 95.0439 6.0919 6.6643 108.2258 11.1357 8.1061 7.4230 28.4524 7.8986 4.9337 4.4466 107.8542 0.6910 4.5041 4.8347 95.1278 5.0252 112.9960 3.7184 29.2612 8.0408 0.8467 113.1361 7.2737 6.8869 3.9550 113.3150 7.8849
4.6154 109.4846 109.4846 27.0401 93.1290 2.6210 6.7142 2.6021 105.1099 2.6009 6.4879 5.0587 4.6444 1.1647 5.6494 1.1893 3.9829 0.3774 6.6922 110.2624 3.2083 7.6150 110.8524 1.0837 111.2090 26.0839 4.7253 5.1381 3.6443 1.6740 5.6170 5.5586 2.4736 6.0509 5.4195 7.0061 5.3208 0.9469 110.8367 3.1469 1.2774 6.9538 110.7287 106.7726 0.7990 93.1229 5.8320 4.2345 93.1944 106.6295 6.9494 108.4615 5.6792 7.8727 0.0000 112.7805 4.4428 93.8682 11.4727 4.1688 2.9191 5.4429 105.8328 31.8291 93.8181 7.3069 5.4170 110.5851 6.6103 0.4564 5.6872 92.7578 2.5938 1.5301 105.9398 5.0241 0.6655 0.7609 26.1739 1.5393 4.9208 7.2300 105.5682 8.4067 4.9785 4.0684 92.8418 4.2039 110.7100 6.1098 26.9826 0.3246 8.4732 110.8501 0.8513 3.9897 6.1931 111.0290 1.7466
108.3077 6.9875 6.9875 88.4266 20.4027 111.6191 110.9983 114.8377 9.4756 115.1145 110.6186 107.7520 108.9906 113.1896 107.3701 113.8082 112.5447 112.8531 107.0005 6.4607 109.7935 112.8470 6.4081 113.5161 5.7227 87.1663 110.6520 107.8775 113.1807 114.1993 112.1871 111.4210 112.9021 111.9289 107.5552 112.1731 111.1077 113.3333 5.9767 110.4882 113.3023 112.1719 6.1375 8.7710 113.3659 19.8247 111.6403 112.2943 20.2365 7.1198 105.9039 8.1233 111.9593 115.0665 112.7805 0.0000 108.8956 20.3824 115.4613 112.3212 113.7067 107.8368 8.0949 87.7189 18.9804 114.6519 111.3342 6.4570 111.5724 112.6411 112.1046 21.7346 112.6616 114.0437 7.8335 108.9063 112.1151 113.3278 86.7787 113.5739 111.6723 111.0862 8.4630 115.3470 111.7658 112.5372 20.8806 112.3359 6.7928 112.0893 86.7376 112.6400 114.8872 6.5414 113.3649 111.2699 111.8909 5.8111 113.7901
0.8489 105.5998 105.5998 23.1553 89.2442 3.1224 7.7310 6.5001 101.2251 6.7769 7.1233 1.1739 0.9184 4.8520 1.7646 5.4705 5.6477 4.5154 2.6877 106.3776 1.3140 9.3452 106.9676 5.1784 107.3241 22.1990 4.5093 1.2533 5.8640 5.8616 7.4689 5.7392 4.7655 7.7923 1.4770 8.6968 5.6319 4.9956 106.9519 2.4160 4.9646 8.6957 106.8439 102.8878 5.0282 89.2381 7.0431 5.7121 89.3096 102.7447 3.0646 104.5766 7.2933 10.5544 4.4428 108.8956 0.0000 89.9834 13.2188 5.8777 5.5107 1.5004 101.9480 27.9443 89.9333 9.9887 6.6034 106.7003 7.7900 4.3035 7.4387 88.8730 4.5865 5.7060 102.0550 0.8869 3.7775 4.9901 22.2891 5.2363 6.1035 8.2898 101.6834 11.0885 6.5796 6.0674 88.9570 5.9689 106.8252 7.6319 23.0978 4.3023 11.0649 106.9652 5.0272 5.1141 7.4042 107.1441 5.4524
89.3955 17.0865 17.0865 69.5144 1.3227 92.7068 92.0861 95.9255 12.7118 96.2023 91.7064 88.8398 90.0784 94.2774 88.4578 94.8960 93.6325 93.9409 88.0883 17.8644 90.8813 93.9348 18.4544 94.6038 18.8109 68.2541 91.7398 88.9653 94.2685 95.2871 93.2749 92.5088 93.9899 93.0166 88.6430 93.2609 92.1955 94.4210 18.4386 91.5759 94.3900 93.2597 18.3306 14.3745 94.4537 1.9429 92.7281 93.3821 1.3276 14.2315 86.9916 16.0634 93.0470 96.1543 93.8682 20.3824 89.9834 0.0000 96.5490 93.4090 94.7945 88.9246 13.4348 68.8066 2.0631 95.7397 92.4219 18.1870 92.6602 93.7289 93.1924 1.9056 93.7493 95.1315 13.5417 89.9941 93.2029 94.4156 67.8665 94.6617 92.7601 92.1739 13.1701 96.4348 92.8536 93.6250 1.5743 93.4236 18.3119 93.1771 67.8253 93.7278 95.9750 18.4520 94.4527 92.3576 92.9786 18.6309 94.8779
12.9958 112.1654 112.1654 29.7134 95.8098 12.4064 5.9188 11.2642 107.7907 9.5941 6.4970 13.0103 13.8651 12.0844 12.6753 10.5914 8.1135 11.7124 14.1922 112.9433 12.1816 4.6282 113.5333 11.3189 113.8898 28.7572 9.0298 12.8172 8.0506 10.3379 6.5039 8.6062 9.1000 5.9496 13.2634 4.7032 7.8505 11.4233 113.5175 12.6339 12.0175 4.7768 113.4095 109.4534 11.1951 95.8038 6.2543 7.8630 95.8752 109.3104 13.7867 111.1423 6.6331 5.6681 11.4727 115.4613 13.2188 96.5491 0.0000 7.8899 8.9430 13.4662 108.5136 32.9858 96.4989 5.1339 6.6513 113.2659 5.5031 11.7726 6.5100 95.4387 9.2736 10.4798 108.6206 13.8336 11.6389 11.2385 28.8472 11.7142 7.1617 5.2363 108.2490 5.4638 7.0926 7.7993 95.5226 7.8780 113.3908 6.1101 29.6560 11.6408 5.0216 113.5309 11.0892 8.9755 6.1951 113.7098 11.7004
6.0502 109.0254 109.0254 26.5734 92.6697 5.0652 2.6318 5.9579 104.6506 4.3461 2.4118 6.3953 6.5239 5.1771 6.0603 4.8603 0.3575 4.4085 7.5773 109.8032 4.8404 4.0163 110.3932 4.9601 110.7497 25.6171 2.3520 6.2023 0.9272 4.7555 1.9331 2.0766 1.7961 2.3670 6.6485 3.3679 1.4949 4.8687 110.3774 5.2928 5.2897 3.3668 110.2695 106.3133 4.5677 92.6637 1.7142 0.4268 92.7352 106.1703 7.1718 108.0022 1.9084 5.3537 4.1688 112.3212 5.8777 93.4090 7.8899 0.0000 1.9362 6.8513 105.3736 29.8457 93.3589 4.7880 1.2745 110.1259 2.4611 4.4687 2.0033 92.2986 1.8002 4.8973 105.4806 6.4924 4.3215 4.5723 25.7072 5.4793 0.7746 3.1476 105.1090 5.8878 1.2077 0.5316 92.3825 0.4331 110.2508 2.3030 26.5159 4.3369 5.7864 110.3908 4.7277 1.9174 2.0753 110.5697 5.6795
5.6833 110.4108 110.4108 27.9664 94.0552 4.0840 4.5472 4.7412 106.0361 3.1294 4.3320 6.1266 5.9157 3.9273 6.7173 3.4136 1.7854 3.1588 7.7601 111.1887 4.2762 5.0854 111.7787 3.7104 112.1352 27.0101 3.3940 6.2060 1.1688 3.2636 3.0938 4.0128 1.0376 3.5277 6.4874 4.4829 3.4311 3.6190 111.7629 4.4181 4.0400 4.4307 111.6549 107.6988 3.3180 94.0492 3.4476 2.0673 94.1206 107.5558 7.8756 109.3877 3.2949 5.2573 2.9191 113.7067 5.5107 94.7945 8.9430 1.9362 0.0000 6.5108 106.7591 31.7819 94.7444 4.6915 3.0651 111.5114 4.2394 3.2190 3.1640 93.6841 1.2285 3.4054 106.8660 6.0920 3.1525 3.3226 27.1002 4.2296 2.6891 5.0630 106.4945 5.7913 2.7184 1.7921 93.7680 1.9713 111.6362 3.5866 27.9089 3.0872 5.7677 111.7763 3.4779 2.6584 3.6984 111.9552 4.4297
0.9701 104.5410 104.5410 22.0965 88.1854 4.2797 7.7148 7.5001 100.1662 7.7770 7.1072 0.6214 2.3026 5.8521 1.0920 6.4706 6.6334 5.5155 1.5501 105.3188 2.3982 9.7282 105.9088 6.1785 106.2654 21.1402 4.5004 0.8851 6.8497 6.8617 8.2437 5.7231 5.7656 8.4815 0.3621 9.1041 5.6158 5.9957 105.8930 3.8002 5.9647 9.1029 105.7851 101.8290 6.0283 88.1793 7.7323 6.6978 88.2508 101.6859 2.1162 103.5178 8.0181 11.5545 5.4429 107.8368 1.5004 88.9246 13.4662 6.8513 6.5108 0.0000 100.8892 26.8855 88.8745 10.9888 7.3282 105.6415 8.1972 5.3036 8.1635 87.8142 5.5722 6.7061 100.9962 2.2712 4.7776 5.9902 21.2303 6.2364 6.9113 8.2737 100.6246 12.0886 7.3874 7.0531 87.8982 6.9546 105.7664 8.3210 22.0390 5.3024 12.0649 105.9064 6.0273 5.1183 8.0934 106.0853 6.4525
101.3601 3.8301 3.8301 81.4790 13.4551 104.6714 104.0507 107.8901 1.4811 108.1669 103.6710 100.8044 102.0430 106.2420 100.4224 106.8606 105.5971 105.9055 100.0529 4.6079 102.8459 105.8994 5.1979 106.5684 5.5544 80.2187 103.7044 100.9298 106.2331 107.2517 105.2395 104.4734 105.9545 104.9812 100.6076 105.2255 104.1601 106.3856 5.1821 103.5406 106.3546 105.2243 5.0742 1.3611 106.4183 12.8771 104.6927 105.3467 13.2889 0.9750 98.9562 2.8069 105.0116 108.1189 105.8328 8.0949 101.9480 13.4348 108.5136 105.3736 106.7591 100.8892 0.0000 80.7712 12.0327 107.7043 104.3865 4.9306 104.6248 105.6935 105.1570 14.7870 105.7139 107.0961 0.3142 101.9586 105.1675 106.3802 79.8311 106.6263 104.7247 104.1385 0.4202 108.3994 104.8182 105.5896 13.9330 105.3882 5.0555 105.1417 79.7899 105.6924 107.9396 5.1955 106.4173 104.3222 104.9432 5.3744 106.8425
27.3563 84.4230 84.4230 6.0276 68.0674 30.6677 28.5228 33.8863 80.0483 34.0425 28.1431 26.8006 28.0392 32.2383 26.4187 32.8568 30.0692 31.9017 26.0492 85.2008 28.8421 30.3715 85.7908 32.5647 86.1474 6.2047 29.7006 26.9261 30.7052 33.2479 29.7116 28.9455 31.6418 29.4534 26.6038 29.6976 28.6322 32.3819 85.7751 29.5368 32.3509 29.6964 85.6671 81.7110 32.4145 68.0613 29.1648 29.8188 68.1328 81.5679 24.9525 83.3999 29.4838 32.5910 31.8291 87.7189 27.9443 68.8066 32.9858 29.8457 31.7819 26.8855 80.7712 0.0000 68.7565 32.1764 28.8586 85.5235 29.0969 31.6897 29.6291 67.6963 31.4316 33.0923 80.8782 27.9549 31.1638 32.3764 6.6318 32.6226 29.1968 28.6106 80.5066 32.8715 29.2903 30.0617 67.7802 29.8603 85.6484 29.6138 6.6278 31.6886 32.4117 85.7885 32.4135 30.0992 29.4153 85.9674 32.8387
89.3454 15.6845 15.6845 69.4643 1.5217 92.6567 92.0360 95.8754 11.3098 96.1522 91.6563 88.7897 90.0283 94.2273 88.4077 94.8458 93.5824 93.8908 88.0382 16.4624 90.8312 93.8847 17.0524 94.5537 17.4089 68.2040 91.6897 88.9151 94.2184 95.2370 93.2248 92.4587 93.9397 92.9665 88.5928 93.2108 92.1454 94.3709 17.0366 91.5258 94.3399 93.2096 16.9286 12.9725 94.4036 0.8443 92.6780 93.3320 1.3061 12.8295 86.9415 14.6614 92.9969 96.1041 93.8181 18.9804 89.9333 2.0631 96.4989 93.3589 94.7444 88.8745 12.0327 68.7565 0.0000 95.6896 92.3718 16.7850 92.6101 93.6788 93.1423 3.0437 93.6992 95.0814 12.1397 89.9439 93.1528 94.3655 67.8164 94.6116 92.7100 92.1238 11.7681 96.3847 92.8035 93.5749 1.9646 93.3735 16.9099 93.1270 67.7752 93.6777 95.9249 17.0500 94.4026 92.3075 92.9285 17.2289 94.8278
10.1612 111.3561 111.3561 28.9041 95.0004 8.5620 4.1199 6.8830 106.9813 5.2128 4.3860 10.6046 10.3937 7.7031 10.4195 6.2102 4.8790 7.3765 11.9365 112.1339 8.7542 3.0374 112.7239 6.9376 113.0804 27.9478 6.7558 10.5615 4.3173 5.9567 3.3870 6.3505 5.3525 3.1331 10.9654 2.8620 5.5947 7.0421 112.7081 8.8961 7.6363 2.8476 112.6001 108.6440 6.8139 94.9944 3.7976 5.0789 95.0659 108.5010 11.5310 110.3329 3.5667 0.7693 7.3069 114.6519 9.9887 95.7397 5.1339 4.7880 4.6915 10.9888 107.7043 32.1764 95.6896 0.0000 3.9014 112.4566 3.2975 7.6069 3.4364 94.6293 5.5262 6.0985 107.8113 10.5700 7.5403 6.8572 28.0379 7.3329 4.3679 3.9385 107.4397 1.3034 3.9384 4.2690 94.7132 4.4594 112.5815 3.2088 28.8466 7.4750 1.5265 112.7215 6.7080 6.3212 3.4454 112.9004 7.3192
6.7760 108.0383 108.0383 25.5863 91.6827 5.7910 1.4937 6.8676 103.6636 5.2558 1.2784 6.8723 7.2496 6.4253 6.5373 5.8151 1.4980 5.6567 8.0542 108.8161 5.5662 2.7777 109.4062 6.2083 109.7627 24.6301 2.8918 6.6792 2.0580 5.6651 0.9490 2.4682 3.0443 1.2248 7.1254 2.1293 1.7125 6.1169 109.3904 6.0185 6.5379 2.1282 109.2824 105.3263 5.8159 91.6766 0.4756 1.2476 91.7481 105.1833 7.6487 107.0152 0.7235 4.4671 5.4170 111.3342 6.6034 92.4219 6.6513 1.2745 3.0651 7.3282 104.3865 28.8587 92.3718 3.9014 0.0000 109.1388 1.2224 5.7169 0.8689 91.3116 2.9678 5.8069 104.4935 7.2182 5.4891 5.8205 24.7201 6.7275 0.5463 2.0094 104.1219 5.0012 0.4772 1.4144 91.3955 1.2626 109.2637 1.0643 25.5289 5.5851 4.8998 109.4038 5.9759 2.4768 0.8367 109.5827 6.9277
106.1124 4.1638 4.1638 86.2313 18.2074 109.4237 108.8030 112.6424 6.3113 112.9192 108.4233 105.5567 106.7953 110.9943 105.1747 111.6129 110.3494 110.6578 104.8052 0.9163 107.5982 110.6517 0.3687 111.3207 1.0522 84.9710 108.4566 105.6821 110.9854 112.0040 109.9918 109.2257 110.7067 109.7335 105.3598 109.9778 108.9124 111.1379 0.6168 108.2928 111.1069 109.9766 0.5067 5.2076 111.1706 17.6294 109.4450 110.0990 18.0412 4.6202 103.7085 3.7032 109.7639 112.8711 110.5851 6.4570 106.7003 18.1870 113.2659 110.1259 111.5114 105.6415 4.9306 85.5235 16.7850 112.4566 109.1388 0.0000 109.3771 110.4458 109.9093 19.5393 110.4662 111.8484 4.6693 106.7109 109.9198 111.1325 84.5834 111.3786 109.4770 108.8908 5.2987 113.1517 109.5705 110.3419 18.6853 110.1405 0.4602 109.8940 84.5422 110.4447 112.6919 0.3663 111.1696 109.0745 109.6955 1.3828 111.5948
7.7267 108.2766 108.2766 25.8246 91.9210 6.9775 0.9119 8.0166 103.9019 6.4048 1.1929 7.7412 8.4362 7.6186 7.4062 6.9641 2.6846 6.8501 8.9232 109.0544 6.7527 1.6295 109.6444 7.4017 110.0010 24.8683 3.7608 7.5482 3.2532 6.8141 1.2690 3.3372 4.2396 0.7147 7.9944 0.9069 2.5814 7.3103 109.6286 7.2050 7.7312 0.9057 109.5207 105.5646 7.0093 91.9149 0.8254 2.4342 91.9864 105.4215 8.5177 107.2534 1.2042 3.8056 6.6103 111.5724 7.7900 92.6602 5.5031 2.4611 4.2394 8.1972 104.6248 29.0969 92.6101 3.2975 1.2224 109.3771 0.0000 6.9103 1.2750 91.5498 4.1544 6.9559 104.7318 8.4047 6.6757 7.0139 24.9584 7.9209 1.7329 1.1060 104.3602 4.3817 1.6637 2.6097 91.6338 2.4491 109.5020 0.8752 25.7671 6.7785 3.9807 109.6421 7.1692 3.6095 0.7346 109.8209 8.1210
4.4760 109.3453 109.3453 26.9008 92.9897 2.4817 7.0142 2.6260 104.9705 2.6968 6.7878 4.9194 4.5051 1.0237 5.5101 1.4841 4.2828 0.5049 6.5528 110.1231 3.0690 7.9149 110.7131 1.1162 111.0696 25.9445 5.0252 4.9988 3.9442 1.7816 5.9169 5.8586 2.7735 6.3508 5.2802 7.3060 5.6207 0.9335 110.6973 3.0075 1.1363 7.2538 110.5894 106.6332 1.0418 92.9836 6.1319 4.5344 93.0551 106.4902 6.8100 108.3221 5.9791 8.1726 0.4564 112.6411 4.3035 93.7289 11.7726 4.4687 3.2190 5.3036 105.6935 31.6897 93.6788 7.6069 5.7169 110.4458 6.9103 0.0000 5.9871 92.6185 2.8937 1.6260 105.8005 4.8848 0.5262 0.9877 26.0346 1.3983 5.2207 7.5299 105.4289 8.7067 5.2784 4.3683 92.7025 4.5038 110.5707 6.4097 26.8433 0.1642 8.7731 110.7107 0.9472 4.2896 6.4930 110.8896 1.6056
7.6113 108.8088 108.8088 26.3568 92.4532 6.6263 1.7383 6.9381 104.4341 5.3264 1.8116 7.7076 8.0849 6.6955 7.3726 5.8857 2.1185 5.9269 8.8895 109.5866 6.4015 2.6514 110.1766 6.4785 110.5332 25.4006 3.7271 7.5145 2.2652 5.7357 0.1906 3.3035 3.3145 0.5603 7.9607 1.9477 2.5478 6.3871 110.1609 6.8538 6.8081 1.9465 110.0529 106.0968 6.0861 92.4471 0.5242 2.0829 92.5186 105.9537 8.4840 107.7857 0.2385 3.9906 5.6872 112.1047 7.4387 93.1924 6.5100 2.0033 3.1640 8.1635 105.1570 29.6291 93.1423 3.4364 0.8689 109.9093 1.2750 5.9871 0.0000 92.0820 3.4616 5.8775 105.2640 8.0535 5.8534 6.0907 25.4906 6.9977 1.3816 2.2409 104.8924 4.5362 0.9234 1.7716 92.1660 1.6404 110.0342 0.6192 26.2993 5.8553 4.3197 110.1743 6.2461 3.3121 0.7310 110.3532 7.1979
88.2851 18.4388 18.4388 68.4040 1.5989 91.5964 90.9757 94.8151 14.0640 95.0919 90.5960 87.7294 88.9680 93.1670 87.3475 93.7856 92.5221 92.8305 86.9779 19.2166 89.7709 92.8244 19.8066 93.4934 20.1631 67.1437 90.6294 87.8549 93.1581 94.1767 92.1645 91.3984 92.8795 91.9063 87.5326 92.1505 91.0851 93.3107 19.7908 90.4656 93.2797 92.1493 19.6829 15.7267 93.3433 2.2363 91.6177 92.2717 1.7600 15.5837 85.8812 17.4156 91.9367 95.0439 92.7578 21.7346 88.8730 1.9056 95.4387 92.2986 93.6841 87.8142 14.7870 67.6963 3.0437 94.6293 91.3115 19.5393 91.5498 92.6185 92.0820 0.0000 92.6389 94.0211 14.8940 88.8837 92.0925 93.3052 66.7561 93.5513 91.6497 91.0635 14.5224 95.3244 91.7432 92.5146 1.2100 92.3132 19.6642 92.0667 66.7150 92.6174 94.8646 19.8042 93.3423 91.2472 91.8682 19.9831 93.7675
4.7591 109.3657 109.3657 26.9212 93.0101 3.4590 4.2583 4.9035 104.9910 3.9370 4.0319 5.1770 5.2327 3.6020 5.6934 3.2853 1.5702 2.8335 6.8215 110.1435 3.5493 5.4159 110.7335 3.3851 111.0901 25.9649 2.3614 5.0833 1.4452 3.6670 3.3914 3.1796 0.3783 3.8253 5.5488 4.8070 2.9310 3.2937 110.7178 3.7931 3.7147 4.7548 110.6098 106.6537 2.9927 93.0040 3.4075 1.7785 93.0755 106.5106 6.8305 108.3426 3.3667 6.0919 2.5938 112.6616 4.5865 93.7493 9.2736 1.8002 1.2285 5.5722 105.7139 31.4316 93.6992 5.5262 2.9678 110.4662 4.1544 2.8937 3.4616 92.6389 0.0000 3.6561 105.8209 5.2013 2.6591 2.9973 26.0550 3.9043 2.4679 4.7740 105.4493 6.6260 2.6660 1.8693 92.7229 1.8914 110.5911 3.8842 26.8637 2.7619 6.6023 110.7312 3.1526 1.6257 3.7686 110.9100 4.1044
5.8786 110.7479 110.7479 28.3034 94.3922 3.8843 7.2985 1.9979 106.3731 1.2192 7.0832 6.3220 5.9077 1.6768 6.9127 0.3801 4.9870 1.3473 7.9554 111.5257 4.4715 7.5628 112.1157 0.9488 112.4722 27.3471 5.7876 6.4014 4.1846 0.1765 5.8073 6.6209 3.5359 6.2412 6.6828 7.1964 6.3364 1.0369 112.0999 4.4101 1.6619 7.1442 111.9919 108.0358 0.7831 94.3862 6.1895 5.2968 94.4576 107.8928 8.2126 109.7247 6.0079 6.6643 1.5301 114.0437 5.7060 95.1315 10.4798 4.8973 3.4054 6.7061 107.0961 33.0923 95.0814 6.0985 5.8069 111.8484 6.9559 1.6260 5.8775 94.0211 3.6561 0.0000 107.2030 6.2873 1.9288 0.8089 27.4372 1.3585 5.4403 7.8142 106.8315 7.1983 5.4696 4.5833 94.1050 4.7818 111.9733 6.3001 28.2459 1.4947 7.4214 112.1133 0.6788 5.0520 6.4119 112.2922 1.5563
101.4671 3.5687 3.5687 81.5859 13.5621 104.7784 104.1576 107.9971 1.6519 108.2739 103.7780 100.9113 102.1499 106.3490 100.5294 106.9675 105.7041 106.0125 100.1599 4.3466 102.9528 106.0064 4.9366 106.6754 5.2931 80.3256 103.8113 101.0368 106.3401 107.3587 105.3464 104.5804 106.0614 105.0882 100.7145 105.3324 104.2671 106.4926 4.9208 103.6475 106.4616 105.3313 4.8128 1.3158 106.5252 12.9841 104.7997 105.4536 13.3958 0.7137 99.0632 2.5456 105.1186 108.2258 105.9398 7.8335 102.0550 13.5417 108.6206 105.4806 106.8660 100.9962 0.3142 80.8782 12.1397 107.8112 104.4935 4.6693 104.7318 105.8005 105.2640 14.8940 105.8209 107.2030 0.0000 102.0656 105.2745 106.4871 79.9381 106.7333 104.8316 104.2455 0.6392 108.5064 104.9251 105.6966 14.0399 105.4952 4.7941 105.2487 79.8969 105.7994 108.0466 4.9342 106.5242 104.4292 105.0502 5.1131 106.9495
1.6289 105.6104 105.6104 23.1659 89.2548 3.0033 8.5086 7.0813 101.2357 7.3582 7.9033 1.9447 0.5398 5.4333 2.5354 6.0518 6.2624 5.0967 2.6482 106.3883 1.8888 9.9600 106.9783 5.7597 107.3348 22.2097 5.2892 2.0241 6.4788 6.4429 8.0836 6.5191 5.3468 8.4071 2.0151 9.3116 6.4119 5.5769 106.9625 1.8383 5.5459 9.3104 106.8545 102.8984 5.6095 89.2488 7.6579 6.3269 89.3202 102.7554 3.3799 104.5873 7.9081 11.1357 5.0241 108.9063 0.8869 89.9941 13.8336 6.4924 6.0920 2.2712 101.9587 27.9549 89.9439 10.5700 7.2182 106.7109 8.4047 4.8848 8.0535 88.8837 5.2013 6.2873 102.0656 0.0000 4.3588 5.5714 22.2997 5.8176 6.7183 9.0244 101.6940 11.6698 7.1944 6.6822 88.9676 6.5836 106.8358 8.2466 23.1085 4.8836 11.6461 106.9759 5.6085 5.7288 8.0190 107.1548 6.0337
3.9500 108.8193 108.8193 26.3748 92.4637 1.9557 6.7796 2.8644 104.4446 2.9996 6.5532 4.3934 3.9791 1.2163 4.9841 1.6933 4.0915 0.7382 6.0269 109.5971 2.5430 7.7813 110.1871 1.4190 110.5437 25.4185 4.7906 4.4728 3.8105 2.0844 5.7832 5.6240 2.5389 6.2172 4.7542 7.1724 5.3861 1.2363 110.1714 2.4815 1.3289 7.1201 110.0634 106.1073 1.2510 92.4576 5.9288 4.2998 92.5291 105.9642 6.2841 107.7961 5.8455 8.1061 0.6655 112.1151 3.7775 93.2029 11.6389 4.3215 3.1525 4.7776 105.1675 31.1638 93.1528 7.5403 5.4891 109.9198 6.6757 0.5262 5.8534 92.0925 2.6591 1.9288 105.2745 4.3588 0.0000 1.2129 25.5086 1.6006 4.9892 7.2953 104.9029 8.6401 5.1448 4.2346 92.1765 4.3702 110.0447 6.2761 26.3173 0.5251 8.7066 110.1847 1.2500 4.0550 6.2899 110.3636 1.8168
5.1627 110.0320 110.0320 27.5875 93.6763 3.1684 7.1178 2.1596 105.6572 1.8989 6.8914 5.6061 5.1918 1.0385 6.1968 0.7302 4.3864 0.7090 7.2395 110.8098 3.7556 8.0185 111.3998 0.6412 111.7563 26.6312 5.1288 5.6855 4.0478 0.9645 6.0205 5.9622 2.8771 6.4544 5.9669 7.4096 5.7243 0.5678 111.3840 3.6942 1.1223 7.3574 111.2760 107.3199 0.1356 93.6703 6.2355 4.6380 93.7417 107.1769 7.4967 109.0088 6.0827 7.4230 0.7609 113.3278 4.9901 94.4156 11.2385 4.5723 3.3226 5.9902 106.3802 32.3764 94.3655 6.8572 5.8205 111.1325 7.0139 0.9877 6.0907 93.3052 2.9973 0.8089 106.4871 5.5714 1.2129 0.0000 26.7213 1.1877 5.3243 7.6335 106.1156 7.9570 5.3820 4.4719 93.3891 4.6074 111.2574 6.5133 27.5300 0.8564 8.1802 111.3974 0.2175 4.3932 6.5966 111.5763 1.3878
21.7012 83.4829 83.4829 1.7586 67.1273 25.0125 24.3843 28.2312 79.1081 28.5080 24.0046 21.1455 22.3841 26.5831 20.7635 27.2016 25.9307 26.2466 20.3940 84.2607 23.1870 26.2330 84.8507 26.9095 85.2072 0.4370 24.0455 21.2709 26.5667 27.5928 25.5731 24.8070 26.2955 25.3148 20.9486 25.5591 24.4937 26.7267 84.8349 23.8816 26.6957 25.5579 84.7270 80.7708 26.7594 67.1212 25.0263 25.6803 67.1927 80.6278 19.2973 82.4597 25.3452 28.4524 26.1739 86.7787 22.2891 67.8665 28.8472 25.7072 27.1002 21.2303 79.8311 6.6318 67.8164 28.0379 24.7201 84.5834 24.9584 26.0346 25.4906 66.7561 26.0550 27.4372 79.9381 22.2997 25.5086 26.7213 0.0000 26.9674 25.0583 24.4721 79.5665 28.7330 25.1518 25.9232 66.8401 25.7218 84.7083 25.4753 0.9462 26.0335 28.2732 84.8483 26.7584 24.6633 25.2768 85.0272 27.1836
5.4088 110.2781 110.2781 27.8336 93.9225 3.4145 8.0248 1.4150 105.9033 2.2940 7.7984 5.8522 5.4379 0.6905 6.4429 1.4606 5.2934 1.1645 7.4856 111.0559 4.0018 8.8567 111.6459 0.6181 112.0024 26.8773 6.0359 5.9316 4.9548 1.5142 6.9275 6.8692 3.7841 7.3615 6.2130 8.3166 6.6313 0.6198 111.6301 3.9403 0.3134 8.2644 111.5222 107.5660 1.2925 93.9164 7.1425 5.5450 93.9879 107.4230 7.7428 109.2549 6.9898 7.8986 1.5393 113.5739 5.2363 94.6617 11.7142 5.4793 4.2296 6.2364 106.6263 32.6226 94.6116 7.3329 6.7275 111.3786 7.9209 1.3983 6.9977 93.5513 3.9043 1.3585 106.7333 5.8176 1.6006 1.1877 26.9674 0.0000 6.2313 8.5405 106.3617 8.4327 6.2891 5.3789 93.6353 5.5145 111.5035 7.4203 27.7761 1.2670 8.6558 111.6435 0.9779 5.3002 7.5036 111.8224 0.3674
6.2761 108.3765 108.3765 25.9245 92.0208 5.2910 1.9710 6.5009 104.0017 4.8891 1.7510 6.4553 6.7497 5.9290 6.1203 5.4485 0.9981 5.1605 7.6373 109.1543 5.0663 3.2881 109.7443 5.7121 110.1008 24.9682 2.4120 6.2623 1.5617 5.2985 1.4617 2.0996 2.5481 1.7352 6.7085 2.6397 1.3438 5.6207 109.7285 5.5186 6.0417 2.6386 109.6205 105.6644 5.3197 92.0148 0.9860 0.7477 92.0862 105.5214 7.2318 107.3533 1.2362 4.9337 4.9208 111.6723 6.1035 92.7601 7.1617 0.7746 2.6891 6.9113 104.7247 29.1968 92.7100 4.3679 0.5463 109.4770 1.7329 5.2207 1.3816 91.6497 2.4679 5.4403 104.8316 6.7183 4.9892 5.3243 25.0583 6.2313 0.0000 2.4867 104.4601 5.4677 0.5015 0.9182 91.7336 0.7627 109.6019 1.5748 25.8670 5.0889 5.3664 109.7419 5.4796 1.9774 1.3471 109.9208 6.4314
7.8032 107.7903 107.7903 25.3383 91.4347 7.5971 0.7625 8.8749 103.4156 7.2631 1.3407 7.8177 9.0558 8.2383 7.4827 7.8224 3.3711 7.4697 8.9997 108.5681 7.3724 2.0529 109.1582 8.0213 109.5147 24.3821 3.8372 7.6246 3.9952 7.6724 2.3233 3.4137 4.9437 1.7860 8.0708 1.4597 2.6579 7.9299 109.1424 7.8247 8.3509 1.4586 109.0344 105.0783 7.6289 91.4286 1.7350 3.1207 91.5001 104.9353 8.5942 106.7672 2.0955 4.4466 7.2300 111.0862 8.2898 92.1739 5.2363 3.1476 5.0630 8.2737 104.1385 28.6107 92.1238 3.9385 2.0094 108.8908 1.1060 7.5299 2.2409 91.0636 4.7740 7.8142 104.2455 9.0244 7.2953 7.6335 24.4721 8.5405 2.4867 0.0000 103.8739 4.9641 2.4411 3.3517 91.1475 3.1503 109.0157 1.9465 25.2809 7.3981 4.5044 109.1558 7.7889 3.8229 1.7480 109.3347 8.7407
101.0955 4.1982 4.1982 81.2144 13.1905 104.4068 103.7861 107.6255 1.2413 107.9023 103.4064 100.5398 101.7784 105.9774 100.1578 106.5959 105.3325 105.6409 99.7883 4.9760 102.5813 105.6348 5.5660 106.3038 5.9226 79.9541 103.4397 100.6652 105.9685 106.9871 104.9749 104.2088 105.6898 104.7166 100.3429 104.9609 103.8955 106.1210 5.5502 103.2759 106.0900 104.9597 5.4423 1.3624 106.1537 12.6125 104.4281 105.0821 13.0243 1.3431 98.6916 3.1750 104.7470 107.8542 105.5682 8.4630 101.6834 13.1701 108.2490 105.1090 106.4945 100.6246 0.4202 80.5066 11.7681 107.4397 104.1219 5.2987 104.3602 105.4289 104.8924 14.5224 105.4493 106.8315 0.6392 101.6940 104.9029 106.1156 79.5665 106.3617 104.4601 103.8739 0.0000 108.1348 104.5536 105.3250 13.6684 105.1236 5.4236 104.8771 79.5253 105.4278 107.6750 5.5636 106.1526 104.0576 104.6786 5.7425 106.5779
11.2610 112.0512 112.0512 29.5992 95.6955 9.6618 5.2041 7.9828 107.6764 6.3126 5.4858 11.7044 11.4935 8.8030 11.5194 7.3100 5.9788 8.4763 13.0363 112.8290 9.8540 4.0032 113.4190 8.0374 113.7755 28.6429 7.8556 11.6613 5.4171 7.0565 4.4868 7.4503 6.4524 4.2329 12.0652 3.9461 6.6945 8.1419 113.4032 9.9959 8.7361 3.9318 113.2953 109.3391 7.9137 95.6895 4.8974 6.1787 95.7610 109.1961 12.6308 111.0280 4.6666 0.6910 8.4067 115.3470 11.0885 96.4348 5.4638 5.8878 5.7913 12.0886 108.3994 32.8715 96.3847 1.3034 5.0012 113.1517 4.3817 8.7067 4.5362 95.3244 6.6260 7.1983 108.5064 11.6698 8.6401 7.9570 28.7330 8.4327 5.4677 4.9641 108.1348 0.0000 5.0382 5.3688 95.4083 5.5593 113.2766 4.3086 29.5417 8.5749 0.4607 113.4166 7.8078 7.4210 4.5452 113.5955 8.4190
6.7521 108.4700 108.4700 26.0180 92.1143 5.7671 1.9253 6.5303 104.0952 4.9185 1.7101 6.9314 7.2258 5.9868 6.5964 5.4778 1.3229 5.2183 8.1134 109.2478 5.5424 3.2190 109.8378 5.7699 110.1943 25.0617 2.8881 6.7384 1.6195 5.3278 1.0035 2.5618 2.6058 1.3733 7.1846 2.5706 1.8061 5.6785 109.8220 5.9947 6.0994 2.5695 109.7141 105.7579 5.3775 92.1083 0.9169 1.2238 92.1798 105.6149 7.7079 107.4468 0.7780 4.5041 4.9785 111.7658 6.5796 92.8536 7.0926 1.2077 2.7184 7.3874 104.8182 29.2903 92.8035 3.9384 0.4772 109.5705 1.6637 5.2784 0.9234 91.7432 2.6660 5.4696 104.9252 7.1944 5.1448 5.3820 25.1518 6.2891 0.5015 2.4411 104.5536 5.0382 0.0000 0.9760 91.8271 0.8448 109.6954 1.4322 25.9605 5.1466 4.9368 109.8354 5.5374 2.4534 1.2780 110.0143 6.4892
6.2400 109.2414 109.2414 26.7894 92.8857 5.0345 2.8359 5.6439 104.8666 4.0321 2.6159 6.6579 6.7136 5.0767 6.4750 4.5915 0.6468 4.3081 7.9920 110.0192 5.0302 3.9416 110.6092 4.8597 110.9657 25.8331 2.7667 6.5642 0.6464 4.4415 1.7014 2.4913 1.6957 2.1353 7.0298 3.3327 1.7559 4.7683 110.5934 5.3686 5.1893 3.2805 110.4855 106.5293 4.4673 92.8797 1.8294 0.9585 92.9512 106.3863 7.5865 108.2182 1.6767 4.8347 4.0684 112.5372 6.0674 93.6250 7.7993 0.5316 1.7921 7.0531 105.5896 30.0617 93.5749 4.2690 1.4144 110.3419 2.6097 4.3683 1.7716 92.5146 1.8693 4.5833 105.6966 6.6822 4.2346 4.4719 25.9232 5.3789 0.9182 3.3517 105.3250 5.3688 0.9760 0.0000 92.5985 0.2014 110.4668 2.1942 26.7319 4.2365 5.2674 110.6068 4.6272 2.3320 2.1905 110.7857 5.5790
88.3690 17.5848 17.5848 68.4879 0.5511 91.6804 91.0596 94.8990 13.2100 95.1759 90.6800 87.8133 89.0519 93.2510 87.4314 93.8695 92.6060 92.9144 87.0619 18.3626 89.8548 92.9084 18.9526 93.5774 19.3091 67.2276 90.7133 87.9388 93.2421 94.2606 92.2484 91.4824 92.9634 91.9902 87.6165 92.2344 91.1690 93.3946 18.9368 90.5495 93.3636 92.2333 18.8288 14.8727 93.4272 1.1571 91.7016 92.3556 0.7116 14.7297 85.9652 16.5616 92.0206 95.1278 92.8418 20.8806 88.9570 1.5743 95.5226 92.3825 93.7680 87.8982 13.9330 67.7802 1.9646 94.7132 91.3955 18.6853 91.6338 92.7024 92.1660 1.2100 92.7229 94.1050 14.0399 88.9676 92.1765 93.3891 66.8401 93.6353 91.7336 91.1475 13.6684 95.4083 91.8271 92.5985 0.0000 92.3972 18.8102 92.1507 66.7989 92.7013 94.9486 18.9502 93.4262 91.3312 91.9522 19.1291 93.8514
6.1414 109.0400 109.0400 26.5880 92.6844 5.1564 2.6345 5.8425 104.6653 4.2307 2.4145 6.5594 6.6151 5.2122 6.2736 4.7900 0.5483 4.4437 7.7906 109.8178 4.9316 4.0044 110.4079 4.9953 110.7644 25.6318 2.5653 6.4156 0.8449 4.6400 1.5702 2.2899 1.8312 2.0041 6.8618 3.3560 1.5546 4.9039 110.3921 5.3839 5.3248 3.3548 110.2841 106.3280 4.6029 92.6783 1.6982 0.8599 92.7498 106.1850 7.3851 108.0169 1.5455 5.0252 4.2039 112.3359 5.9689 93.4236 7.8780 0.4331 1.9713 6.9546 105.3882 29.8603 93.3735 4.4594 1.2626 110.1405 2.4491 4.5038 1.6404 92.3132 1.8914 4.7818 105.4952 6.5836 4.3702 4.6074 25.7218 5.5145 0.7627 3.1503 105.1236 5.5593 0.8448 0.2014 92.3972 0.0000 110.2654 2.0630 26.5305 4.3720 5.4579 110.4055 4.7628 2.1307 2.0593 110.5844 5.7146
106.2373 4.5464 4.5464 86.3562 18.3323 109.5486 108.9279 112.7673 6.4362 113.0441 108.5482 105.6816 106.9202 111.1192 105.2996 111.7377 110.4743 110.7827 104.9301 1.1303 107.7231 110.7766 0.6707 111.4456 1.4347 85.0959 108.5815 105.8070 111.1103 112.1289 110.1167 109.3506 110.8316 109.8584 105.4847 110.1026 109.0373 111.2628 0.8639 108.4177 111.2318 110.1015 0.7558 5.3325 111.2954 17.7543 109.5699 110.2239 18.1660 4.7450 103.8334 3.8280 109.8888 112.9960 110.7100 6.7928 106.8252 18.3119 113.3908 110.2508 111.6362 105.7664 5.0555 85.6484 16.9099 112.5815 109.2637 0.4602 109.5020 110.5707 110.0342 19.6642 110.5911 111.9733 4.7941 106.8358 110.0447 111.2574 84.7083 111.5035 109.6019 109.0157 5.4236 113.2766 109.6954 110.4668 18.8102 110.2654 0.0000 110.0189 84.6671 110.5696 112.8168 0.6683 111.2944 109.1994 109.8204 1.6199 111.7197
7.8044 108.7935 108.7935 26.3415 92.4379 6.8194 1.4477 7.3608 104.4188 5.7490 1.6793 7.8651 8.2781 7.1181 7.5301 6.3083 2.5265 6.3495 9.0470 109.5713 6.5946 2.2515 110.1613 6.9012 110.5179 25.3852 3.8846 7.6720 2.6878 6.1583 0.6132 3.4610 3.7371 0.1605 8.1182 1.5478 2.7053 6.8097 110.1455 7.0469 7.2307 1.5467 110.0376 106.0815 6.5088 92.4318 0.5888 2.2761 92.5033 105.9384 8.6415 107.7703 0.7496 3.7184 6.1098 112.0893 7.6319 93.1771 6.1101 2.3030 3.5866 8.3210 105.1417 29.6138 93.1270 3.2088 1.0643 109.8940 0.8752 6.4097 0.6192 92.0667 3.8842 6.3001 105.2487 8.2466 6.2761 6.5133 25.4753 7.4203 1.5748 1.9465 104.8771 4.3086 1.4322 2.1942 92.1507 2.0630 110.0189 0.0000 26.2840 6.2779 4.0104 110.1590 6.6687 3.5037 0.4330 110.3378 7.6205
22.5099 83.4417 83.4417 2.1848 67.0861 25.8212 25.1930 29.0399 79.0670 29.3167 24.8133 21.9542 23.1928 27.3918 21.5723 28.0104 26.7394 27.0553 21.2027 84.2196 23.9957 27.0417 84.8096 27.7182 85.1661 1.1099 24.8542 22.0797 27.3754 28.4015 26.3818 25.6157 27.1043 26.1236 21.7574 26.3678 25.3024 27.5355 84.7938 24.6904 27.5044 26.3666 84.6858 80.7297 27.5681 67.0801 25.8350 26.4890 67.1515 80.5867 20.1060 82.4186 26.1540 29.2612 26.9826 86.7376 23.0978 67.8253 29.6560 26.5159 27.9089 22.0390 79.7899 6.6278 67.7752 28.8466 25.5288 84.5422 25.7671 26.8433 26.2993 66.7150 26.8637 28.2459 79.8969 23.1085 26.3173 27.5300 0.9462 27.7761 25.8670 25.2808 79.5253 29.5417 25.9605 26.7319 66.7989 26.5305 84.6671 26.2840 0.0000 26.8422 29.0819 84.8072 27.5671 25.4720 26.0855 84.9861 27.9923
4.4749 109.3442 109.3442 26.8997 92.9885 2.4806 6.8823 2.4947 104.9694 2.5655 6.6560 4.9183 4.5040 0.8924 5.5090 1.3523 4.1510 0.3736 6.5517 110.1220 3.0678 7.7831 110.7120 0.9849 111.0685 25.9434 4.8934 4.9977 3.8124 1.6503 5.7851 5.7267 2.6417 6.2190 5.2791 7.1742 5.4889 0.8021 110.6962 3.0064 1.0050 7.1219 110.5882 106.6321 0.9100 92.9825 6.0001 4.4026 93.0539 106.4891 6.8089 108.3210 5.8473 8.0408 0.3246 112.6400 4.3023 93.7278 11.6408 4.3369 3.0872 5.3024 105.6924 31.6886 93.6777 7.4750 5.5851 110.4447 6.7785 0.1642 5.8553 92.6174 2.7619 1.4947 105.7994 4.8836 0.5251 0.8564 26.0335 1.2670 5.0889 7.3981 105.4278 8.5749 5.1466 4.2365 92.7013 4.3720 110.5696 6.2779 26.8422 0.0000 8.6413 110.7096 0.8159 4.1578 6.3612 110.8885 1.4743
11.2374 111.5914 111.5914 29.1394 95.2358 9.6381 4.8030 8.2059 107.2167 6.5358 5.1547 11.6808 11.4699 9.0261 11.3680 7.5331 5.8774 8.6994 12.8850 112.3692 9.8303 3.5435 112.9592 8.2605 113.3158 28.1831 7.7225 11.5099 5.3935 7.2796 4.2703 7.2990 6.4287 3.9294 11.9561 3.4746 6.5432 8.3650 112.9434 9.9723 8.9592 3.4602 112.8355 108.8794 8.1368 95.2297 4.5860 6.0773 95.3012 108.7363 12.4795 110.5682 4.4501 0.8467 8.4732 114.8872 11.0649 95.9750 5.0216 5.7864 5.7677 12.0649 107.9396 32.4117 95.9249 1.5265 4.8998 112.6919 3.9807 8.7731 4.3197 94.8646 6.6023 7.4214 108.0466 11.6461 8.7066 8.1802 28.2732 8.6558 5.3664 4.5044 107.6750 0.4607 4.9368 5.2674 94.9486 5.4579 112.8168 4.0104 29.0819 8.6413 0.0000 112.9569 8.0309 7.3196 4.2251 113.1357 8.6421
106.3773 4.2275 4.2275 86.4962 18.4723 109.6886 109.0679 112.9073 6.5763 113.1841 108.6883 105.8216 107.0602 111.2592 105.4397 111.8778 110.6143 110.9227 105.0701 1.2704 107.8631 110.9166 0.1333 111.5857 1.1159 85.2359 108.7216 105.9471 111.2504 112.2689 110.2567 109.4906 110.9717 109.9985 105.6248 110.2427 109.1773 111.4029 0.9832 108.5578 111.3719 110.2415 0.8730 5.4725 111.4355 17.8943 109.7099 110.3639 18.3061 4.8851 103.9735 3.9681 110.0289 113.1361 110.8501 6.5414 106.9652 18.4520 113.5309 110.3908 111.7763 105.9064 5.1955 85.7885 17.0500 112.7215 109.4038 0.3663 109.6420 110.7107 110.1743 19.8042 110.7312 112.1133 4.9342 106.9759 110.1847 111.3974 84.8483 111.6435 109.7419 109.1558 5.5636 113.4166 109.8354 110.6068 18.9502 110.4055 0.6683 110.1589 84.8072 110.7096 112.9569 0.0000 111.4345 109.3395 109.9605 1.7492 111.8597
5.1998 110.0690 110.0690 27.6246 93.7134 3.2055 7.2731 1.9498 105.6943 1.7496 7.0467 5.6432 5.2289 0.9980 6.2339 0.7710 4.5417 0.6685 7.2766 110.8469 3.7927 8.1739 111.4369 0.4314 111.7934 26.6683 5.2842 5.7226 4.2031 0.8344 6.1759 6.1175 3.0325 6.6098 6.0040 7.5650 5.8797 0.3581 111.4211 3.7313 1.0269 7.5127 111.3131 107.3570 0.3146 93.7074 6.3909 4.7934 93.7788 107.2140 7.5338 109.0459 6.2381 7.2737 0.8513 113.3649 5.0272 94.4527 11.0892 4.7277 3.4779 6.0273 106.4173 32.4135 94.4026 6.7080 5.9759 111.1696 7.1692 0.9472 6.2461 93.3423 3.1526 0.6788 106.5242 5.6085 1.2500 0.2175 26.7584 0.9779 5.4796 7.7889 106.1526 7.8078 5.5374 4.6272 93.4262 4.7628 111.2944 6.6687 27.5671 0.8159 8.0309 111.4345 0.0000 4.5485 6.7520 111.6134 1.1781
4.6405 107.9740 107.9740 25.5295 91.6184 4.3016 3.3071 6.2994 103.5993 5.3669 2.9175 4.6623 5.7603 4.9979 4.3273 4.6812 1.8718 4.2294 5.8443 108.7518 4.0768 5.1545 109.3419 4.7810 109.6984 24.5733 0.7357 4.4693 2.5331 5.1550 3.3922 1.6875 1.8663 3.6642 4.9154 4.5164 1.4670 4.6896 109.3261 4.5292 5.1106 4.5152 109.2181 105.2620 4.3886 91.6123 2.9149 1.8667 91.6838 105.1189 5.4388 106.9509 3.1667 6.8869 3.9897 111.2699 5.1141 92.3576 8.9755 1.9174 2.6584 5.1183 104.3222 30.0992 92.3075 6.3212 2.4768 109.0745 3.6095 4.2896 3.3121 91.2472 1.6257 5.0520 104.4292 5.7288 4.0550 4.3932 24.6633 5.3002 1.9774 3.8229 104.0576 7.4210 2.4534 2.3320 91.3312 2.1307 109.1994 3.5037 25.4720 4.1578 7.3196 109.3395 4.5485 0.0000 3.2760 109.5184 5.5003
7.5768 108.5950 108.5950 26.1430 92.2394 6.5917 1.2492 7.4725 104.2203 5.8607 1.4809 7.6374 8.0504 7.2014 7.3024 6.4201 2.2988 6.4328 8.8194 109.3729 6.3670 2.3365 109.9629 6.9844 110.3194 25.1868 3.6569 7.4444 2.7995 6.2701 0.7249 3.2334 3.8204 0.4754 7.8905 1.6275 2.4776 6.8930 109.9471 6.8193 7.3140 1.6264 109.8391 105.8830 6.5920 92.2333 0.3611 2.0484 92.3048 105.7400 8.4139 107.5719 0.7399 3.9550 6.1931 111.8909 7.4042 92.9786 6.1951 2.0753 3.6984 8.0934 104.9432 29.4153 92.9285 3.4454 0.8367 109.6955 0.7346 6.4930 0.7310 91.8683 3.7686 6.4119 105.0502 8.0190 6.2899 6.5966 25.2768 7.5036 1.3471 1.7480 104.6786 4.5452 1.2780 2.1905 91.9522 2.0593 109.8204 0.4330 26.0856 6.3612 4.2251 109.9605 6.7520 3.2760 0.0000 110.1394 7.7038
106.5562 4.5375 4.5375 86.6751 18.6512 109.8675 109.2468 113.0862 6.7552 113.3630 108.8671 106.0005 107.2391 111.4381 105.6186 112.0567 110.7932 111.1016 105.2490 1.0498 108.0420 111.0955 1.7516 111.7645 1.4258 85.4148 108.9005 106.1260 111.4292 112.4478 110.4356 109.6695 111.1506 110.1774 105.8037 110.4216 109.3562 111.5818 0.8079 108.7367 111.5508 110.4204 0.9687 5.6514 111.6144 18.0732 109.8888 110.5428 18.4850 5.0640 104.1523 4.1470 110.2078 113.3150 111.0290 5.8111 107.1441 18.6309 113.7098 110.5697 111.9552 106.0853 5.3744 85.9674 17.2289 112.9004 109.5827 1.3828 109.8209 110.8896 110.3531 19.9831 110.9100 112.2922 5.1131 107.1548 110.3636 111.5763 85.0272 111.8224 109.9208 109.3347 5.7425 113.5955 110.0143 110.7857 19.1291 110.5844 1.6199 110.3378 84.9861 110.8885 113.1357 1.7492 111.6134 109.5184 110.1394 0.0000 112.0386
5.6250 110.4943 110.4943 28.0498 94.1386 3.6307 8.2249 1.1077 106.1195 2.2293 7.9985 6.0684 5.6541 1.0187 6.6591 1.6583 5.4935 1.3718 7.7018 111.2721 4.2179 8.8931 111.8621 0.8183 112.2186 27.0935 6.2360 6.1478 5.1549 1.6262 7.1277 7.0693 3.9843 7.5616 6.4292 8.5168 6.8315 0.8200 111.8463 4.1565 0.6416 8.4645 111.7384 107.7822 1.4927 94.1326 7.3427 5.7452 94.2041 107.6392 7.9590 109.4711 7.1899 7.8849 1.7466 113.7901 5.4524 94.8779 11.7004 5.6795 4.4297 6.4525 106.8425 32.8387 94.8278 7.3192 6.9277 111.5948 8.1210 1.6056 7.1979 93.7675 4.1044 1.5563 106.9495 6.0337 1.8168 1.3878 27.1836 0.3674 6.4314 8.7407 106.5779 8.4190 6.4892 5.5790 93.8514 5.7146 111.7197 7.6205 27.9923 1.4743 8.6421 111.8597 1.1781 5.5003 7.7038 112.0386 0.0000
