gen_walk_vostok_3
69 12 1
G0 20 240 360 3 1
G1 70 0 120 2 1
G2 20 0 120 3 1
G3 80 0 640 1 2
G4 70 0 120 2 1
G5 70 0 120 2 1
G6 70 120 240 2 1
G7 30 600 690 3 0
G8 70 0 120 2 1
G9 70 240 360 2 1
G10 20 600 700 3 1
G11 20 0 120 3 1
G12 20 120 240 3 1
G13 30 480 600 3 0
G14 70 120 240 2 1
G15 20 240 360 3 1
G16 30 480 600 3 0
G17 30 120 240 3 0
G18 30 240 360 3 0
G19 30 480 600 3 0
G20 30 120 240 3 0
G21 70 480 600 2 1
G22 70 120 240 2 1
G23 70 0 120 2 1
G24 70 480 600 2 1
G25 80 120 240 1 2
G26 70 240 360 2 1
G27 70 120 240 2 1
G28 80 0 640 1 2
G29 20 0 120 3 1
G30 20 120 240 3 1
G31 80 360 480 1 2
G32 70 120 240 2 1
G33 30 360 480 3 0
G34 20 0 120 3 1
G35 30 120 240 3 0
G36 30 120 240 3 0
G37 70 240 360 2 1
G38 80 360 480 1 2
G39 80 0 640 1 2
G40 30 240 360 3 0
G41 30 360 480 3 0
G42 70 240 360 2 1
G43 70 120 240 2 1
G44 70 240 360 2 1
G45 70 0 120 2 1
G46 70 120 240 2 1
G47 30 240 360 3 0
G48 30 120 240 3 0
G49 30 240 360 3 0
G50 30 600 690 3 0
G51 20 360 480 3 1
G52 30 480 600 3 0
G53 20 480 600 3 1
G54 30 360 480 3 0
G55 70 480 600 2 1
G56 70 120 240 2 1
G57 30 240 360 3 0
G58 70 480 600 2 1
G59 70 480 600 2 1
G60 70 0 120 2 1
G61 20 480 600 3 1
G62 80 0 640 1 2
G63 80 0 120 1 2
G64 70 120 240 2 1
G65 30 480 600 3 0
G66 20 120 240 3 1
G67 20 120 240 3 1
G68 30 240 360 3 0
0 1 3
0 1 3
0 1 7
0 1 3
0 1 3
0 1 5
0 1 7
0 1 3
0 3 7
0 3 3
0 1 7
0 1 3
0.000 3.020 12.787 8.715 8.780 9.110 15.652 6.793 3.730 15.008 13.853 9.657 11.575 9.078 10.692 7.660 9.600 16.012 3.213 9.775 9.898 9.693 3.658 9.990 4.532 10.957 12.983 8.182 1.678 4.295 10.020 6.210 4.993 6.893 9.397 7.900 10.515 10.892 8.998 9.493 8.882 10.825 1.615 16.403 3.397 9.642 5.298 10.213 9.070 9.842 12.412 5.227 8.167 2.635 13.000 4.795 16.867 11.282 5.182 15.407 11.048 5.133 4.575 9.437 15.033 9.622 10.492 8.903 2.953 7.625
2.307 0.000 11.887 7.815 7.880 8.210 14.752 6.015 2.830 14.108 12.953 8.757 10.675 8.178 9.792 8.017 8.700 15.112 5.248 8.875 8.998 10.050 2.880 9.090 3.753 10.057 12.083 7.282 3.970 4.460 9.120 6.567 4.215 6.115 8.497 7.122 9.615 9.992 8.098 8.593 7.982 9.925 3.410 15.503 0.930 8.742 5.655 9.435 9.427 9.063 11.512 4.448 10.458 4.670 12.100 5.382 15.967 10.382 4.403 14.507 10.148 4.437 3.797 8.537 14.133 8.722 9.592 8.125 4.988 7.982
13.522 13.788 0.000 6.543 7.190 9.450 3.990 14.370 12.298 4.072 2.192 8.870 6.748 7.455 6.898 17.233 8.215 11.475 16.735 8.390 8.308 18.462 10.988 12.215 14.020 5.628 3.377 8.735 13.828 15.575 8.635 17.545 15.412 12.695 7.677 10.652 12.740 6.498 6.827 11.408 10.708 10.203 14.618 11.535 14.165 7.045 17.665 14.628 18.237 14.257 3.957 13.303 17.695 16.157 9.110 17.043 11.875 7.623 14.457 11.818 13.273 14.990 12.880 5.768 3.372 9.962 7.557 15.920 16.475 18.027
8.533 8.800 7.332 0.000 3.003 8.648 10.197 9.382 7.310 10.278 8.398 9.195 9.033 8.617 9.183 12.803 7.687 14.768 11.747 7.862 4.122 14.837 6.000 8.290 9.032 4.658 7.692 5.813 8.840 10.587 8.107 12.557 10.423 7.707 8.935 5.663 8.815 8.783 0.283 8.330 8.420 9.675 9.630 14.828 9.177 7.728 12.677 11.955 14.213 11.583 6.680 8.315 12.707 11.168 11.915 12.055 15.168 9.368 9.468 14.752 9.348 10.002 7.892 3.138 9.578 8.877 9.842 12.765 11.487 13.518
11.188 11.455 7.473 4.210 0.000 11.303 10.338 12.037 9.965 10.420 8.540 11.297 9.175 9.882 9.325 14.523 10.342 14.910 14.402 10.517 2.838 15.752 8.655 10.945 11.687 4.800 7.833 8.468 11.495 13.242 10.762 15.140 13.078 10.362 10.103 8.318 11.470 8.925 4.493 10.985 11.075 12.330 12.285 14.970 11.832 9.472 15.332 11.918 15.527 11.547 6.822 10.970 15.362 13.823 12.057 14.710 15.310 10.050 12.123 14.893 12.003 12.657 10.547 3.280 9.720 11.532 9.983 15.420 14.142 15.317
8.988 10.053 9.835 10.967 11.130 0.000 12.395 13.020 9.845 12.477 10.902 3.677 4.662 2.165 3.778 15.493 6.892 9.162 12.202 6.503 12.248 17.527 10.692 4.720 11.565 10.052 9.427 6.385 9.567 12.232 6.737 14.043 12.027 11.345 2.483 9.302 5.245 7.310 11.250 2.755 1.862 5.015 10.092 9.553 10.430 7.857 13.132 17.247 16.903 16.875 9.218 11.953 14.777 11.623 6.147 12.858 10.017 4.897 12.215 8.557 5.778 12.248 11.530 10.192 12.082 1.308 3.578 15.937 11.942 15.458
14.975 15.242 3.782 8.628 9.957 12.217 0.000 15.823 13.752 1.990 3.893 11.637 9.515 10.222 9.665 17.633 10.340 10.677 18.188 10.515 11.075 18.862 12.442 14.340 15.473 8.395 4.187 10.860 15.282 17.028 10.760 18.250 16.865 14.148 10.443 12.105 14.865 8.623 8.912 14.380 13.475 12.328 16.072 10.737 15.618 9.170 18.453 15.028 18.637 14.657 6.510 14.757 19.148 17.610 9.005 18.497 11.077 10.390 15.910 11.713 15.398 16.443 14.333 8.535 3.218 12.728 10.323 17.278 17.928 18.427
6.835 5.893 14.618 10.442 11.262 12.822 14.655 0.000 7.442 13.472 15.457 11.257 11.648 11.165 11.387 6.515 9.565 19.122 7.115 9.740 12.380 8.548 5.738 13.127 6.750 13.438 13.097 8.147 8.498 5.005 9.985 6.252 4.413 3.807 10.860 5.347 13.652 10.857 10.725 13.167 12.593 11.553 7.938 19.367 5.855 9.607 6.545 7.433 7.925 7.062 13.355 2.872 14.987 7.533 15.668 5.750 19.707 11.247 3.660 18.517 14.185 3.992 2.220 11.918 16.108 13.333 11.765 4.758 7.733 7.213
4.382 4.422 11.915 7.843 7.908 8.208 14.780 8.195 0.000 14.137 12.982 8.755 10.673 8.177 9.790 10.697 8.728 15.110 7.595 8.903 9.027 12.730 2.888 9.155 4.683 10.085 12.260 7.310 5.375 6.640 9.148 9.475 6.395 6.143 8.495 7.150 9.680 10.020 8.127 8.592 7.980 9.923 5.485 15.502 4.798 8.770 8.563 11.615 12.107 11.243 11.540 6.628 10.585 7.017 12.098 8.290 15.965 10.410 6.583 14.505 10.213 6.617 5.977 8.565 14.162 8.720 9.590 10.305 7.335 10.890
14.930 15.197 4.983 8.583 10.032 13.418 3.043 15.778 13.707 0.000 5.095 12.838 10.717 11.423 10.867 17.588 11.542 10.395 18.143 11.717 11.150 18.817 12.397 14.687 15.428 9.597 5.388 12.062 15.237 16.983 11.962 18.205 16.820 14.103 11.645 12.060 15.212 9.825 8.867 14.727 14.677 13.530 16.027 10.455 15.573 10.372 18.408 14.983 18.592 14.612 7.712 14.712 19.103 17.565 9.947 18.452 10.795 11.592 15.865 11.188 15.745 16.398 14.288 9.737 4.420 13.930 11.525 17.743 17.883 18.382
14.563 14.830 2.057 7.585 8.232 10.492 4.055 15.412 13.340 4.137 0.000 9.912 7.790 8.497 7.940 18.275 9.257 11.125 17.777 9.432 9.350 19.503 12.030 13.257 15.062 6.670 3.355 9.777 14.870 16.617 9.677 18.587 16.453 13.737 8.718 11.693 13.782 7.540 7.868 12.450 11.750 11.245 15.660 11.185 15.207 8.087 18.707 15.670 19.278 15.298 4.998 14.345 18.737 17.198 8.830 18.085 11.525 8.665 15.498 11.538 14.315 16.032 13.922 6.810 2.437 11.003 8.598 16.962 17.517 19.068
9.707 10.772 8.403 9.438 9.503 3.765 10.830 11.102 10.563 10.912 9.470 0.000 3.230 1.498 2.347 14.523 4.672 9.718 12.920 4.283 10.622 16.557 11.005 7.688 12.283 8.620 7.862 4.467 10.285 12.735 5.305 14.277 12.143 9.427 1.048 7.383 8.213 5.878 9.722 5.723 2.835 2.645 10.810 9.795 11.148 6.425 13.850 15.442 15.933 15.070 7.787 10.035 15.495 12.342 6.062 13.577 10.135 3.198 11.188 9.113 8.747 11.722 9.612 8.760 10.650 4.085 2.147 14.485 12.660 15.238
12.058 13.123 6.917 8.048 8.695 5.018 9.477 13.397 12.915 9.558 7.983 4.438 0.000 3.023 1.883 16.818 3.780 8.778 15.272 3.678 9.813 18.852 12.493 8.942 14.635 7.133 6.508 6.762 12.637 15.030 3.348 16.572 14.438 11.722 3.245 9.678 9.467 4.392 8.332 6.977 6.277 5.355 13.162 8.932 13.500 4.938 16.202 16.010 18.228 15.638 6.300 12.330 17.847 14.693 5.198 15.928 9.272 2.117 13.483 8.173 10.000 14.017 11.907 7.273 9.163 5.530 3.125 16.780 15.012 17.533
10.573 11.638 7.670 8.802 9.257 3.760 10.230 10.855 10.830 10.312 8.737 1.512 2.497 0.000 1.613 14.277 4.727 8.985 13.787 4.338 10.375 16.310 10.758 7.683 13.150 7.887 7.262 4.220 11.152 12.488 4.572 14.030 11.897 9.180 0.318 7.137 8.208 5.145 9.085 5.718 3.473 2.850 11.677 9.062 12.015 5.692 14.323 15.195 15.687 14.823 7.053 9.788 16.362 13.208 5.328 13.528 9.402 2.732 10.942 8.380 8.742 11.475 9.365 8.027 9.917 4.272 1.413 14.238 13.527 14.992
11.880 12.945 7.385 8.517 9.163 4.647 9.945 12.883 12.737 10.027 8.452 3.540 1.973 2.652 0.000 16.305 3.498 8.848 15.093 3.110 10.282 18.338 12.787 8.570 14.457 7.602 6.977 6.248 12.458 14.517 3.072 16.058 13.925 11.208 2.347 9.165 9.095 4.860 8.800 6.605 5.905 4.787 12.983 8.925 13.322 5.407 16.023 16.478 17.715 16.107 6.768 11.817 17.668 14.515 5.192 15.557 9.265 1.118 12.970 8.243 9.628 13.503 11.393 7.742 9.632 5.158 2.793 16.267 14.833 17.020
7.523 7.062 18.390 14.213 14.542 14.872 18.427 8.353 9.492 17.243 19.457 15.418 17.157 14.840 16.453 0.000 15.073 21.773 5.550 15.248 15.660 2.465 9.498 15.752 10.415 16.718 18.605 13.655 9.202 7.663 15.493 2.953 7.908 10.162 15.158 10.855 16.277 16.365 14.497 15.255 14.643 16.587 9.138 22.165 7.992 15.115 3.157 4.725 1.410 4.353 17.897 7.733 15.283 5.968 18.762 4.020 22.628 16.755 7.372 21.168 16.810 7.130 7.082 15.198 19.840 15.383 16.253 8.530 6.168 3.807
10.227 11.292 8.788 8.782 8.847 3.927 10.173 10.445 10.420 10.255 9.565 2.023 3.170 1.932 2.188 13.867 0.000 9.888 13.440 1.715 9.965 15.900 10.348 7.850 12.803 9.005 7.205 3.810 10.805 12.078 3.717 13.620 11.487 8.770 1.627 6.727 8.375 6.263 9.065 5.885 4.757 2.320 11.330 10.180 11.668 6.342 13.913 14.785 15.277 14.413 7.463 9.378 16.015 12.862 6.447 13.118 10.520 2.013 10.532 9.283 8.908 11.065 8.955 9.145 10.217 4.438 2.532 13.828 13.180 14.582
15.358 16.423 10.938 13.742 14.388 8.463 10.815 17.742 16.215 10.922 10.965 8.398 7.922 7.655 8.163 21.163 10.428 0.000 18.572 10.327 15.507 23.197 17.062 12.287 17.935 12.827 9.257 11.107 15.937 18.602 9.997 20.413 18.397 16.067 7.205 14.023 12.812 10.503 14.025 10.322 7.533 9.737 16.462 2.213 16.800 11.050 19.502 21.827 22.573 21.455 9.393 16.675 21.147 17.993 2.925 19.228 1.185 8.797 17.828 3.548 13.232 18.362 16.252 12.967 10.965 8.783 8.455 21.125 18.312 21.828
3.213 4.675 15.820 11.748 11.813 12.143 18.685 7.097 6.763 18.042 16.887 12.690 14.608 12.112 13.725 5.577 12.633 19.045 0.000 12.808 12.932 7.610 6.692 13.023 7.565 13.990 16.017 11.215 4.892 5.227 13.053 4.127 6.577 8.938 12.430 9.632 13.548 13.925 12.032 12.527 11.915 13.858 4.828 19.437 5.605 12.675 3.215 8.165 6.987 7.793 15.445 6.477 10.973 1.658 16.033 2.712 19.900 14.315 6.040 18.440 14.082 5.798 5.825 12.470 18.067 12.655 13.525 9.705 1.858 5.542
10.698 11.763 9.260 9.253 9.318 4.398 10.645 10.917 10.892 10.727 10.037 2.495 3.642 2.403 2.660 14.338 0.803 10.360 13.912 0.000 10.437 16.372 10.820 8.322 13.275 9.477 7.677 4.282 11.277 12.550 3.820 14.092 11.958 9.242 2.098 7.198 8.847 6.735 9.537 6.357 5.228 2.792 11.802 10.652 12.140 6.813 14.385 15.257 15.748 14.885 7.935 9.850 16.487 13.333 6.918 13.590 10.992 2.485 11.003 9.755 9.380 11.537 9.427 9.617 10.688 4.910 3.003 14.300 13.652 15.053
12.455 12.722 8.740 5.477 2.882 12.570 11.605 13.303 11.232 11.687 9.807 12.563 10.442 11.148 10.592 15.790 11.608 16.177 15.668 11.783 0.000 17.018 9.922 12.212 12.953 6.067 9.100 9.735 12.762 14.508 12.028 16.407 14.345 11.628 11.370 9.585 12.737 10.192 5.760 12.252 12.342 13.597 13.552 16.237 13.098 10.738 16.598 13.185 16.793 12.813 8.088 12.237 16.628 15.090 13.323 15.977 16.577 11.317 13.390 16.160 13.270 13.923 11.813 4.547 10.987 12.798 11.250 16.687 15.408 16.583
8.710 8.248 17.920 13.743 15.192 16.058 17.957 7.883 10.678 16.773 18.987 16.295 16.687 16.027 16.425 1.543 14.603 22.960 6.737 14.778 16.310 0.000 10.165 16.938 11.177 16.847 18.135 13.185 10.388 8.323 15.023 3.737 8.635 9.692 15.898 10.385 17.463 15.895 14.027 16.442 15.830 16.592 10.325 23.352 9.178 14.645 3.940 4.255 2.952 3.883 17.427 7.263 16.470 7.155 19.948 5.207 23.815 16.285 7.093 22.355 17.997 7.920 6.612 15.327 19.370 16.570 16.803 8.060 7.355 3.913
3.723 3.620 10.358 6.287 6.352 8.820 13.223 6.275 2.992 12.580 11.425 8.863 9.255 8.772 8.993 8.777 7.172 15.722 6.937 7.347 7.470 10.810 0.000 9.767 3.032 8.528 10.703 5.753 5.387 4.587 7.592 8.435 4.475 4.227 8.467 5.233 10.292 8.463 6.570 9.203 8.592 9.160 4.827 16.113 3.997 7.213 7.588 9.695 10.187 9.323 9.983 4.708 11.197 6.358 12.710 7.140 16.577 8.853 4.663 15.117 10.825 4.697 4.057 7.008 12.605 9.332 9.372 8.385 6.677 9.397
9.122 10.187 12.843 10.007 10.072 4.775 14.178 13.288 9.978 14.260 13.570 7.568 8.553 6.057 7.670 15.627 10.667 13.053 12.335 10.395 11.190 17.660 10.825 0.000 11.698 12.248 11.210 8.177 9.700 12.365 10.628 14.177 12.160 11.613 6.375 9.570 1.362 10.658 10.290 4.112 5.753 8.907 10.225 13.445 10.563 10.708 13.265 17.110 17.037 16.738 11.468 12.222 13.267 11.757 10.038 12.992 13.908 8.788 12.348 12.448 3.913 12.382 11.742 10.728 14.222 4.658 7.470 16.070 12.075 15.592
3.788 3.327 13.397 9.325 9.390 9.775 16.262 5.942 4.395 15.618 14.463 10.322 12.240 9.743 11.357 8.443 10.210 16.677 6.883 10.385 10.508 10.477 3.753 10.655 0.000 11.567 13.648 8.792 5.452 4.387 10.630 8.102 4.142 7.132 10.062 8.138 11.180 11.502 9.608 10.158 9.547 11.490 4.892 17.068 2.975 10.252 7.388 9.362 9.853 8.990 13.022 4.375 11.940 6.305 13.665 6.807 17.532 11.892 4.330 16.072 11.713 4.363 3.723 10.047 15.643 10.287 11.157 8.052 6.623 9.063
13.120 13.387 6.098 6.142 4.878 10.502 8.963 13.968 11.897 9.045 7.165 9.922 7.800 8.507 7.950 16.627 9.267 13.535 16.333 9.442 5.997 17.855 10.587 12.877 13.618 0.000 6.458 9.787 13.427 15.173 9.687 17.143 15.010 12.293 8.728 10.250 13.402 7.550 6.425 12.917 11.760 11.255 14.217 13.595 13.763 8.097 17.263 14.022 17.630 13.650 5.447 12.902 17.293 15.755 10.682 16.642 13.935 8.675 14.055 13.518 13.935 14.588 12.478 3.457 8.345 11.013 8.608 16.678 16.073 17.420
13.257 14.322 3.232 7.090 7.737 9.538 3.980 14.595 12.845 4.062 3.258 8.958 6.837 7.543 6.987 17.780 7.440 8.983 16.470 7.615 8.855 19.008 11.535 11.440 14.567 6.175 0.000 7.960 13.835 16.122 7.860 17.770 15.637 12.920 7.765 10.877 11.965 5.723 7.373 11.480 10.797 9.428 14.360 9.043 14.698 6.270 17.400 15.175 18.783 14.803 3.610 13.528 18.242 15.892 6.258 17.127 9.383 7.712 14.682 8.967 12.498 15.215 13.105 6.315 4.023 10.050 7.645 16.467 16.210 18.573
9.677 9.668 9.555 5.483 5.548 7.843 11.415 7.147 8.962 11.497 10.622 6.607 6.998 6.515 6.737 10.568 4.915 14.472 11.185 5.090 6.667 12.602 7.050 7.485 10.082 7.725 8.447 0.000 10.552 8.780 5.335 10.322 8.188 5.472 6.210 3.428 8.010 6.207 5.767 7.525 7.615 6.903 10.780 14.717 9.630 4.957 10.615 11.487 11.978 11.115 8.705 6.080 14.418 11.603 11.018 9.820 15.057 6.597 7.233 13.867 8.543 7.767 5.657 6.205 11.458 8.072 7.115 10.530 11.803 11.283
1.677 4.697 13.233 9.162 9.227 9.527 16.098 8.470 4.942 15.455 14.300 10.073 11.992 9.495 11.108 9.337 10.047 16.428 4.890 10.222 10.345 11.370 5.335 10.473 6.208 11.403 13.578 8.628 0.000 5.972 10.467 7.887 6.670 8.570 9.813 9.577 10.998 11.338 9.445 9.910 9.298 11.242 2.923 16.820 5.073 10.088 6.975 11.890 10.747 11.518 12.858 6.903 7.872 4.312 13.417 6.472 17.283 11.728 6.858 15.823 11.532 6.810 6.252 9.883 15.480 10.038 10.908 10.580 4.630 9.302
5.112 4.587 14.930 10.858 10.923 11.790 17.597 5.590 6.410 16.413 15.997 12.337 13.827 11.758 13.372 7.108 11.743 18.692 6.493 11.918 12.042 9.142 4.572 12.670 5.583 13.100 15.275 10.325 6.790 0.000 12.163 6.710 3.937 7.112 12.077 7.805 13.195 13.035 11.142 12.173 11.562 13.505 6.727 19.083 4.823 11.785 6.653 9.000 8.518 8.628 14.555 4.023 12.755 5.915 15.680 5.858 19.547 13.425 3.400 18.087 13.728 3.158 3.372 11.580 17.177 12.302 13.172 7.700 6.233 7.672
12.182 13.247 9.110 10.242 10.802 5.882 11.670 12.400 12.375 11.752 10.177 3.978 3.372 3.887 3.110 15.822 2.287 10.972 15.395 2.462 11.920 17.855 12.303 9.805 14.758 9.327 8.702 5.765 12.760 14.033 0.000 15.575 13.442 10.725 3.582 8.682 10.330 6.585 10.525 7.840 6.712 4.275 13.285 11.125 13.623 7.132 15.868 16.740 17.232 16.368 8.493 11.333 17.970 14.817 7.392 15.073 11.465 3.335 12.487 10.367 10.863 13.020 10.910 9.467 11.357 6.393 4.487 15.783 15.135 16.537
6.145 5.683 17.170 13.098 13.163 13.493 18.732 6.308 8.113 17.548 18.237 14.040 15.145 13.462 14.883 2.932 13.062 20.395 4.172 13.237 14.282 4.965 8.120 14.373 9.037 15.340 16.593 11.643 7.823 6.285 13.482 0.000 6.530 8.150 13.780 8.843 14.898 14.353 13.382 13.877 13.265 15.050 7.760 20.787 6.613 13.103 1.015 5.030 4.342 4.658 16.795 5.618 13.905 4.590 17.383 2.642 21.250 14.743 5.448 19.790 15.432 5.752 4.967 13.820 19.417 14.005 14.875 8.835 4.790 2.705
5.578 4.637 14.840 10.768 10.833 11.565 16.848 4.842 6.185 15.665 15.907 12.112 13.358 11.533 13.097 7.203 11.275 18.467 6.575 11.450 11.952 9.237 4.482 12.445 5.493 13.010 14.807 9.857 7.242 3.780 11.695 6.562 0.000 6.363 11.852 7.057 12.970 12.567 11.052 11.948 11.337 13.263 6.682 18.858 4.598 11.317 6.005 8.262 8.613 7.890 14.465 3.275 13.730 6.993 15.455 5.210 19.322 12.957 2.762 17.862 13.503 1.057 2.623 11.490 17.087 12.077 12.947 6.952 7.193 7.767
7.072 7.112 12.520 8.987 9.052 10.950 13.855 3.698 6.357 13.937 13.247 9.047 9.438 8.955 9.177 8.648 7.355 16.912 9.265 7.530 10.170 10.682 4.445 10.917 7.477 11.228 10.887 5.937 8.735 6.860 7.775 8.402 6.268 0.000 8.650 3.137 11.442 8.647 9.270 10.957 11.047 9.343 8.175 17.157 7.488 7.397 8.695 9.567 10.058 9.195 11.145 4.160 14.562 9.683 13.458 7.900 17.497 9.037 5.313 16.307 11.975 5.847 3.737 9.708 13.898 11.462 9.555 8.457 9.883 9.363
10.318 11.383 8.517 8.873 8.938 4.607 10.265 10.537 10.512 10.347 9.583 1.193 3.343 2.580 2.460 13.958 4.408 9.832 13.532 4.020 10.057 15.992 10.440 8.502 12.895 8.733 7.297 3.902 10.897 12.170 5.418 13.712 11.578 8.862 0.000 6.818 9.027 5.992 9.157 6.565 3.883 2.532 11.422 9.908 11.760 6.433 14.005 14.877 15.368 14.505 7.555 9.470 16.107 12.953 6.175 13.210 10.248 2.935 10.623 9.227 9.560 11.157 9.047 8.873 10.308 5.118 2.260 13.920 13.272 14.673
8.137 8.128 11.158 7.625 7.690 9.588 12.493 5.607 7.422 12.575 11.885 7.685 8.077 7.593 7.815 9.028 5.993 15.550 9.645 6.168 8.808 11.062 5.510 9.555 8.542 9.867 9.525 4.575 9.800 7.240 6.413 8.782 6.648 3.932 7.288 0.000 10.080 7.285 7.908 9.595 9.685 7.982 9.240 15.795 8.090 6.035 9.075 9.947 10.438 9.575 9.783 4.540 15.627 10.063 12.097 8.280 16.135 7.675 5.693 14.945 10.613 6.227 4.117 8.347 12.537 10.100 8.193 8.990 10.263 9.743
10.020 11.085 13.512 10.675 10.740 5.933 14.847 13.957 10.877 14.928 14.238 8.727 9.712 7.215 8.828 16.525 11.335 13.773 13.233 11.510 11.858 18.558 11.723 1.930 12.597 12.917 11.878 8.845 10.598 13.263 11.755 15.075 13.058 12.282 7.533 10.238 0.000 11.327 10.958 5.270 6.912 10.065 11.123 14.165 11.462 11.377 14.163 17.778 17.935 17.407 12.137 12.890 14.425 12.655 10.758 13.890 14.628 9.947 13.247 13.168 5.072 13.280 12.467 11.397 14.890 5.817 8.628 16.968 12.973 16.490
10.857 11.922 6.917 8.048 8.695 6.298 9.297 12.700 11.110 9.378 7.983 4.395 4.787 4.303 4.525 16.122 2.703 12.260 14.070 2.878 9.813 18.155 11.772 9.040 13.433 7.133 6.328 6.065 11.435 14.100 3.123 15.875 13.742 11.025 3.998 8.982 9.565 0.000 8.332 8.257 7.128 4.692 11.960 12.540 12.298 1.255 15.000 16.010 17.532 15.638 6.300 11.633 16.645 13.492 8.807 14.727 12.880 4.385 12.787 11.655 10.098 13.320 11.210 7.273 9.163 6.810 4.903 16.083 13.810 16.837
8.817 9.083 7.615 0.283 3.287 8.932 10.480 9.665 7.593 10.562 8.682 9.478 9.317 8.900 9.467 13.087 7.970 15.052 12.030 8.145 4.405 15.120 6.283 8.573 9.315 4.942 7.975 6.097 9.123 10.870 8.390 12.840 10.707 7.990 9.218 5.947 9.098 9.067 0.000 8.613 8.703 9.958 9.913 15.112 9.460 8.012 12.960 12.238 14.497 11.867 6.963 8.598 12.990 11.452 12.198 12.338 15.452 9.652 9.752 15.035 9.632 10.285 8.175 3.422 9.862 9.160 10.125 13.048 11.770 13.802
9.262 10.327 11.393 11.187 11.252 2.442 13.953 14.100 10.118 14.035 12.460 5.235 6.220 3.723 5.337 15.767 8.450 10.720 12.475 8.062 12.370 17.800 10.965 4.153 11.838 11.610 10.985 7.943 9.840 12.505 8.295 14.317 12.300 12.793 4.042 10.750 4.678 8.868 11.470 0.000 3.420 6.573 10.365 11.112 10.703 9.415 13.405 17.520 17.177 17.148 10.777 12.533 14.565 11.897 7.705 13.132 11.575 6.455 12.488 10.115 5.212 12.522 11.882 11.750 13.640 2.325 5.137 16.210 12.215 15.732
8.563 9.628 8.978 10.110 10.565 1.125 11.538 12.163 9.420 11.620 10.045 2.820 3.805 1.308 2.922 15.068 6.035 8.305 11.777 5.647 11.683 17.102 10.267 5.048 11.140 9.195 8.570 5.528 9.142 11.807 5.880 13.618 11.602 10.488 1.627 8.445 5.573 6.453 10.393 3.083 0.000 4.158 9.667 8.697 10.005 7.000 12.707 16.503 16.478 16.132 8.362 11.097 14.352 11.198 5.290 12.433 9.160 4.040 11.790 7.700 6.107 11.823 10.673 9.335 11.225 1.637 2.722 15.512 11.517 15.033
10.383 11.448 9.728 9.672 9.737 5.362 11.063 11.335 9.883 11.145 10.455 2.700 4.605 3.367 3.623 14.757 4.922 11.323 13.597 4.533 10.855 16.790 10.545 8.567 12.340 9.945 8.095 4.700 10.962 12.968 5.832 14.510 12.377 9.660 3.062 7.617 9.092 7.543 9.955 7.320 5.433 0.000 11.487 11.615 11.825 7.232 14.527 15.675 16.167 15.303 8.353 10.268 16.172 13.018 7.882 14.008 11.955 3.448 11.422 10.718 9.625 11.955 9.845 10.085 11.107 5.873 3.967 14.718 13.337 15.472
1.477 4.080 13.847 9.775 9.840 10.170 16.712 7.853 4.790 16.068 14.913 10.717 12.635 10.138 11.752 9.137 10.660 17.072 4.690 10.835 10.958 11.170 4.718 11.050 5.592 12.017 14.043 9.242 2.775 5.772 11.080 7.687 6.053 7.953 10.457 8.960 11.575 11.952 10.058 10.553 9.942 11.885 0.000 17.463 4.457 10.702 6.775 11.273 10.547 10.902 13.472 6.287 9.263 4.112 14.060 6.272 17.927 12.342 6.242 16.467 12.108 6.275 5.635 10.497 16.093 10.682 11.552 9.963 4.430 9.102
14.912 15.977 10.492 13.295 13.942 8.017 10.368 17.295 15.768 10.475 10.518 7.952 7.475 7.208 7.717 20.717 9.982 2.272 18.125 9.880 15.060 22.750 16.615 11.840 17.488 12.380 8.810 10.660 15.490 18.155 9.550 19.967 17.950 15.620 6.758 13.577 12.365 10.057 13.578 9.875 7.087 9.290 16.015 0.000 16.353 10.603 19.055 21.380 22.127 21.008 8.947 16.228 20.700 17.547 2.478 18.782 1.172 8.350 17.382 1.658 12.785 17.915 15.805 12.520 10.518 8.337 8.008 20.678 17.865 21.382
3.247 0.940 12.827 8.755 8.820 9.150 15.692 6.308 3.770 15.048 13.893 9.697 11.615 9.118 10.732 8.810 9.640 16.052 6.188 9.815 9.938 10.843 3.820 10.030 4.693 10.997 13.023 8.222 4.910 4.753 10.060 7.507 4.508 7.055 9.437 8.062 10.555 10.932 9.038 9.533 8.922 10.865 4.350 16.443 0.000 9.682 6.595 9.728 10.220 9.357 12.452 4.742 11.398 5.610 13.040 6.322 16.907 11.322 4.697 15.447 11.088 4.730 4.090 9.477 15.073 9.662 10.532 8.418 5.928 8.922
12.055 13.120 5.662 6.793 7.440 7.767 8.042 13.393 12.548 8.123 6.728 5.863 5.120 5.772 5.270 16.815 4.172 11.283 15.268 4.347 8.558 18.588 11.238 10.238 14.270 5.878 5.073 6.758 12.633 15.027 4.592 16.568 14.435 11.718 5.467 9.675 10.763 2.455 7.077 9.725 8.597 6.160 13.158 11.343 13.497 0.000 16.198 14.755 18.225 14.383 5.045 12.327 17.843 14.690 8.002 15.925 11.683 5.853 13.480 10.977 11.297 14.013 11.903 6.018 7.908 8.278 5.928 16.047 15.008 17.530
5.752 5.290 16.777 12.705 12.770 13.100 18.788 6.657 7.720 17.605 17.843 13.647 15.493 13.068 14.682 2.498 13.410 20.002 3.778 13.585 13.888 4.532 7.727 13.980 8.643 14.947 16.942 11.992 7.430 5.892 13.830 1.048 6.137 8.498 13.387 9.192 14.505 14.702 12.988 13.483 12.872 14.815 7.367 20.393 6.220 13.452 0.000 5.087 3.908 4.715 16.402 6.037 13.512 4.197 16.990 2.248 20.857 15.092 5.600 19.397 15.038 5.358 5.385 13.427 19.023 13.612 14.482 8.892 4.397 2.463
8.987 8.525 20.012 15.903 16.005 16.335 20.117 9.892 10.955 18.933 21.078 16.882 18.728 16.303 17.917 4.948 16.645 23.237 7.013 16.820 17.123 4.877 10.962 17.215 11.878 18.182 20.177 15.227 10.665 9.127 17.065 4.417 9.372 11.733 16.622 12.427 17.740 17.937 16.187 16.718 16.107 18.050 10.602 23.628 9.455 16.687 4.620 0.000 4.652 0.672 19.587 9.272 16.747 7.432 20.225 5.483 24.092 18.327 8.835 22.632 18.273 8.593 8.620 16.662 21.530 16.847 17.717 10.220 7.632 5.832
8.127 7.665 16.980 12.803 14.252 15.475 17.017 6.943 10.095 15.833 18.047 15.355 15.747 15.263 15.485 0.603 13.663 22.377 6.153 13.838 15.370 1.055 9.225 16.355 10.237 15.907 17.195 12.245 9.805 7.383 14.083 2.797 7.695 8.752 14.958 9.445 16.880 14.955 13.087 15.858 15.247 15.652 9.742 22.768 8.595 13.705 3.000 3.315 0.000 2.943 16.487 6.323 15.887 6.572 19.365 4.623 23.232 15.345 6.153 21.772 17.413 6.980 5.672 14.387 18.430 15.987 15.863 7.120 6.772 2.973
8.315 7.853 19.340 15.232 15.333 15.663 19.445 9.220 10.283 18.262 20.407 16.210 18.057 15.632 17.245 4.277 15.973 22.565 6.342 16.148 16.452 4.205 10.290 16.543 11.207 17.510 19.505 14.555 9.993 8.455 16.393 3.745 8.700 11.062 15.950 11.755 17.068 17.265 15.515 16.047 15.435 17.378 9.930 22.957 8.783 16.015 3.948 6.988 3.980 0.000 18.915 8.600 16.075 6.760 19.553 4.812 23.420 17.655 8.163 21.960 17.602 7.922 7.948 15.990 20.858 16.175 17.045 9.548 6.960 5.160
12.985 13.597 3.982 6.352 6.998 8.403 6.847 14.178 12.107 6.928 5.048 7.823 5.702 6.408 5.852 17.042 6.917 10.555 16.198 7.092 8.117 18.270 10.797 11.168 13.828 5.437 3.718 7.688 13.563 15.383 7.337 17.353 15.220 12.503 6.630 10.460 11.693 5.200 6.635 10.362 9.662 8.905 14.088 10.615 13.973 5.747 17.128 14.437 18.045 14.065 0.000 13.112 17.503 15.620 7.830 16.852 10.955 6.577 14.265 10.538 12.227 14.798 12.688 5.577 6.228 8.915 6.510 15.728 15.938 17.835
5.550 4.608 14.812 10.740 10.805 11.537 15.367 3.360 6.157 14.183 15.685 11.485 11.877 11.393 11.615 5.862 9.793 18.438 6.437 9.968 11.923 7.895 4.453 12.417 5.465 12.982 13.325 8.375 7.213 3.720 10.213 5.510 3.128 4.882 11.088 5.575 12.942 11.085 11.023 11.920 11.308 11.782 6.653 18.830 4.570 9.835 5.867 6.780 7.272 6.408 13.583 0.000 13.702 6.855 15.427 5.072 19.293 11.475 2.173 17.833 13.475 2.707 0.597 11.462 16.337 12.048 11.993 5.470 7.055 6.472
4.228 5.293 10.518 6.447 6.512 8.592 13.383 8.990 5.085 12.740 11.585 9.023 9.415 8.560 9.153 10.650 7.332 15.493 7.442 7.507 7.630 12.683 3.570 9.472 6.602 8.688 10.863 5.913 5.892 7.388 7.752 9.200 7.267 6.368 8.627 7.078 9.997 8.623 6.730 8.975 8.363 9.320 5.332 15.885 5.670 7.373 8.288 12.487 12.060 12.115 10.143 7.500 0.000 6.863 12.482 8.015 16.348 9.013 7.455 14.888 10.530 7.488 6.848 7.168 12.765 9.103 9.532 11.177 7.182 10.615
3.420 4.882 16.027 11.955 12.020 12.350 18.892 6.913 6.970 18.235 17.093 12.897 14.815 12.318 13.932 5.215 12.840 19.252 2.757 13.015 13.138 7.248 6.898 13.230 7.772 14.197 16.223 11.422 5.098 5.433 13.260 3.765 6.393 8.755 12.637 9.448 13.755 14.132 12.238 12.733 12.122 14.065 5.035 19.643 5.812 12.882 2.853 7.803 6.625 7.432 15.652 6.293 11.180 0.000 16.240 2.497 20.107 14.522 5.857 18.647 14.288 5.615 5.642 12.677 18.273 12.862 13.732 9.522 2.497 5.180
14.028 15.093 8.182 10.817 11.463 7.133 8.058 16.412 14.885 8.898 8.208 7.068 6.592 6.325 6.833 19.833 9.098 3.808 17.242 8.997 12.582 21.867 15.262 10.957 16.605 9.902 6.332 9.777 14.607 17.272 8.667 19.083 17.067 14.737 5.875 12.693 11.482 8.542 11.100 8.992 6.203 8.407 15.132 3.733 15.470 9.088 18.172 18.902 21.243 18.530 6.468 15.345 19.817 16.663 0.000 17.898 4.073 7.467 16.498 3.373 11.902 17.032 14.922 10.042 8.860 7.453 7.125 19.795 16.982 20.498
4.138 3.392 14.878 10.807 10.872 11.202 17.743 5.790 5.822 16.613 15.945 11.748 13.667 11.170 12.783 6.760 11.692 18.103 5.518 11.867 11.990 8.793 5.723 12.082 6.735 13.048 15.075 10.273 5.817 3.892 12.112 5.505 4.137 7.312 11.488 8.005 12.607 12.983 11.090 11.585 10.973 12.917 5.753 18.495 4.322 11.733 4.948 8.470 8.170 8.098 14.503 4.223 11.782 4.942 15.092 0.000 18.958 13.373 3.600 17.498 13.140 3.358 3.572 11.528 17.125 11.713 12.583 7.900 5.260 7.020
16.128 17.193 11.027 13.662 14.308 9.233 10.268 18.512 16.985 10.375 11.053 9.168 8.692 8.425 8.933 21.933 11.198 1.100 19.342 11.097 15.427 23.967 17.832 13.057 18.705 12.747 9.177 11.877 16.707 19.372 10.767 21.183 19.167 16.837 7.975 14.793 13.582 11.273 13.945 11.092 8.303 10.507 17.232 2.568 17.570 11.820 20.272 21.747 23.343 21.375 9.313 17.445 21.917 18.763 3.695 19.998 0.000 9.567 18.598 2.363 14.002 19.132 17.022 12.887 10.418 9.553 9.225 21.895 19.082 22.598
11.752 12.817 7.780 8.912 9.558 4.518 10.340 12.755 12.608 10.422 8.847 3.412 2.045 2.523 1.063 16.177 3.698 9.642 14.965 3.310 10.677 18.210 12.658 8.442 14.328 7.997 7.372 6.120 12.330 14.388 3.272 15.930 13.797 11.080 2.218 9.037 8.967 5.255 9.195 6.477 5.777 4.750 12.855 9.795 13.193 5.802 15.895 16.873 17.587 16.502 7.163 11.688 17.540 14.387 6.062 15.428 10.135 0.000 12.842 9.037 9.500 13.375 11.265 8.137 10.027 5.030 3.123 16.138 14.705 16.892
5.655 4.713 14.917 10.845 10.910 11.642 15.828 3.822 6.262 14.645 15.983 11.947 12.338 11.610 12.077 5.718 10.255 18.543 6.040 10.430 12.028 7.752 4.558 12.522 5.570 13.087 13.787 8.837 7.318 3.245 10.675 5.320 2.763 5.343 11.550 6.037 13.047 11.547 11.128 12.025 11.413 12.243 6.758 18.935 4.675 10.297 5.470 7.242 7.128 6.870 14.045 2.282 13.790 6.458 15.532 4.675 19.398 11.937 0.000 17.938 13.580 2.232 1.630 11.567 16.798 12.153 12.455 5.932 6.658 6.282
14.230 15.295 8.997 11.632 12.278 7.335 8.238 16.613 15.087 8.345 9.023 7.270 6.793 6.527 7.035 20.035 9.300 4.107 17.443 9.198 13.397 22.068 15.933 11.158 16.807 10.717 7.147 9.978 14.808 17.473 8.868 19.285 17.268 14.938 6.077 12.895 11.683 9.357 11.915 9.193 6.405 8.608 15.333 4.032 15.672 9.903 18.373 19.717 21.445 19.345 7.283 15.547 20.018 16.865 1.797 18.100 4.372 7.668 16.700 0.000 12.103 17.233 15.123 10.857 8.388 7.655 7.327 19.997 17.183 20.700
9.785 10.850 13.277 10.440 10.505 5.952 14.612 13.722 10.642 14.693 14.003 8.745 9.730 7.233 8.847 16.290 11.100 13.538 12.998 11.275 11.623 18.323 11.488 4.167 12.362 12.682 11.643 8.610 10.363 13.028 11.520 14.840 12.823 12.047 7.552 10.003 4.692 11.092 10.723 5.288 6.930 10.083 10.888 13.930 11.227 11.142 13.928 17.543 17.700 17.172 11.902 12.655 12.543 12.420 10.523 13.655 14.393 9.965 13.012 12.933 0.000 13.045 12.232 11.162 14.655 5.835 8.647 16.733 12.738 16.255
5.840 4.898 15.102 11.030 11.095 11.827 16.472 4.465 6.447 15.288 16.168 12.373 12.982 11.795 12.720 6.593 10.898 18.728 5.732 11.073 12.213 8.627 4.743 12.707 5.755 13.272 14.430 9.480 7.503 2.937 11.318 5.718 1.022 5.987 12.113 6.680 13.232 12.190 11.313 12.210 11.598 12.887 6.943 19.120 4.860 10.940 5.162 7.885 8.003 7.513 14.688 2.898 13.482 6.150 15.717 4.367 19.583 12.580 2.275 18.123 13.765 0.000 2.247 11.752 17.348 12.338 13.098 6.575 6.350 7.157
4.953 4.012 14.215 10.143 10.208 10.940 14.770 2.763 5.560 13.587 15.088 10.888 11.280 10.797 11.018 5.265 9.197 17.842 5.840 9.372 11.327 7.298 3.857 11.820 4.868 12.385 12.728 7.778 6.617 3.123 9.617 4.913 2.532 4.285 10.492 4.978 12.345 10.488 10.427 11.323 10.712 11.185 6.057 18.233 3.973 9.238 5.270 6.183 6.675 5.812 12.987 0.652 13.105 6.258 14.830 4.475 18.697 10.878 1.577 17.237 12.878 2.110 0.000 10.865 15.740 11.452 11.397 4.873 6.458 5.875
11.732 11.998 6.122 4.753 3.282 10.525 8.987 12.580 10.508 9.068 7.188 9.945 7.823 8.530 7.973 15.030 9.290 13.558 14.945 9.465 4.400 16.258 9.198 11.488 12.230 3.448 6.482 9.012 12.038 13.785 9.710 15.647 13.622 10.905 8.752 8.862 12.013 7.573 5.037 11.528 11.618 11.278 12.828 13.618 12.375 8.120 15.850 12.425 16.033 12.053 5.470 11.513 15.905 14.367 10.705 15.253 13.958 8.698 12.667 13.542 12.547 13.200 11.090 0.000 8.368 11.037 8.632 15.963 14.685 15.823
15.835 16.102 3.328 8.857 9.503 11.763 3.365 16.683 14.612 3.447 2.435 11.183 9.062 9.768 9.212 18.630 10.082 10.610 19.048 10.257 10.622 19.858 13.302 14.082 16.333 7.942 4.095 10.602 16.142 17.888 10.502 19.247 17.725 15.008 9.990 12.965 14.607 8.365 9.140 13.722 13.022 12.070 16.932 10.670 16.478 8.912 19.450 16.025 19.633 15.653 6.270 15.617 20.008 18.470 8.747 19.357 11.010 9.937 16.770 11.455 15.140 17.303 15.193 8.082 0.000 12.275 9.870 17.942 18.788 19.423
8.503 9.568 10.203 10.580 10.645 1.252 12.763 13.342 9.360 12.845 11.270 4.045 5.030 2.533 4.147 15.008 7.260 9.530 11.717 6.872 11.763 17.042 10.207 4.650 11.080 10.420 9.795 6.753 9.082 11.747 7.105 13.558 11.542 11.713 2.852 9.670 5.175 7.678 10.863 2.685 2.230 5.383 9.607 9.922 9.945 8.225 12.647 16.762 16.418 16.390 9.587 11.775 14.292 11.138 6.515 12.373 10.385 5.265 11.730 8.925 5.708 11.763 11.123 10.560 12.450 0.000 3.947 15.452 11.457 14.973
11.278 12.343 7.590 8.722 9.368 4.045 10.150 12.905 12.135 10.232 8.657 3.562 2.417 2.050 1.533 16.327 4.923 9.053 14.492 4.643 10.487 18.360 12.808 7.968 13.855 7.807 7.182 6.270 11.857 14.522 4.492 16.080 13.947 11.230 2.368 9.187 8.493 5.065 9.005 6.003 5.303 4.900 12.382 9.130 12.720 5.612 15.422 16.683 17.737 16.312 6.973 11.838 17.067 13.913 5.397 15.148 9.470 2.652 12.992 8.448 9.027 13.525 11.415 7.947 9.837 4.557 0.000 16.288 14.232 17.042
12.030 12.297 9.860 5.683 7.132 12.145 9.897 12.878 10.807 8.713 10.927 12.692 11.648 12.113 11.798 10.642 11.183 17.455 14.007 11.358 8.250 11.870 9.497 11.787 12.528 8.787 10.220 9.310 12.337 14.083 11.603 11.258 13.920 11.203 12.432 9.160 12.312 11.398 5.967 11.827 11.917 13.172 13.127 17.515 12.673 11.225 11.462 8.037 11.645 7.665 9.367 11.812 16.203 14.425 14.530 12.477 17.855 12.523 12.965 17.438 12.845 13.498 11.388 7.267 11.310 12.373 12.457 0.000 14.625 11.435
3.010 4.472 15.617 11.545 11.610 11.940 18.482 7.773 6.560 17.838 16.683 12.487 14.405 11.908 13.522 6.253 12.430 18.842 1.807 12.605 12.728 8.287 6.488 12.820 7.362 13.787 15.813 11.012 4.688 5.023 12.850 4.803 6.640 9.615 12.227 10.308 13.345 13.722 11.828 12.323 11.712 13.655 4.625 19.233 5.402 12.472 3.892 8.842 7.663 8.470 15.242 6.727 10.770 1.455 15.830 3.388 19.697 14.112 6.103 18.237 13.878 5.862 6.075 12.267 17.863 12.452 13.322 10.382 0.000 6.218
7.613 7.152 18.638 14.567 14.632 14.962 18.972 7.237 9.582 17.788 19.705 15.508 16.073 14.930 15.812 2.682 13.990 21.863 5.640 14.165 15.750 4.715 9.448 15.842 10.460 16.808 17.522 12.572 9.292 7.607 14.410 2.280 7.918 9.078 15.248 9.772 16.367 15.282 14.850 15.345 14.733 15.978 9.228 22.255 8.082 14.032 2.483 5.270 4.092 4.898 17.780 6.547 15.373 6.058 18.852 4.110 22.718 15.672 6.377 21.258 16.900 7.203 5.895 15.288 20.385 15.473 16.190 9.075 6.258 0.000
0.0000 1.6386 9.5854 6.8795 6.7508 7.1325 11.3960 4.8678 2.1645 13.6365 10.0720 7.2246 8.6468 7.2645 8.1865 5.8132 7.3944 11.4523 2.3409 7.3658 7.6305 6.7822 2.7618 7.8397 2.2115 7.8085 10.2779 6.0167 0.8786 2.4914 7.3602 4.7815 2.9058 4.7784 7.4629 6.0377 7.9785 7.5836 6.9503 6.5268 6.9469 7.4750 0.5051 11.3551 1.8015 7.2228 4.1388 8.0089 6.4209 8.1287 8.6450 3.6857 5.5714 2.0390 10.3127 3.7086 11.8091 8.1599 3.4960 11.2417 8.5937 3.0933 3.4974 7.1380 10.7029 7.3816 7.9036 6.1538 2.0101 5.1550
1.5852 0.0000 8.8650 6.1591 6.0304 6.4121 10.6756 4.1145 1.4441 12.9161 9.3516 6.5042 7.9264 6.5441 7.4661 5.8810 6.6740 10.7319 3.4371 6.6454 6.9101 6.8500 2.0084 7.1193 1.4582 7.0881 9.5575 5.2963 2.3707 2.4506 6.6398 4.8493 2.1524 4.0250 6.7425 5.2844 7.2581 6.8632 6.2299 5.8064 6.2265 6.7546 1.7866 10.6347 0.2318 6.5024 4.2065 7.2555 6.4887 7.3753 7.9246 2.9324 7.0634 3.1351 9.5923 3.6918 11.0888 7.4395 2.7426 10.5213 7.8733 2.7961 2.7440 6.4176 9.9825 6.6612 7.1832 5.4004 3.1063 5.2228
10.1428 9.8344 0.0000 3.8640 4.2526 6.4641 2.0429 9.8202 8.1705 2.3172 0.7188 6.0748 4.3411 5.1275 4.6131 14.7341 5.4292 6.9469 12.4837 5.4006 5.1323 16.0102 8.3333 9.6883 9.7702 3.1530 1.6823 5.9677 9.4044 10.8732 5.3950 12.2139 9.9680 8.3232 5.4303 7.2560 9.8271 4.0803 3.9347 7.3671 7.4682 6.2272 9.5566 7.1445 9.9972 4.3671 13.3518 13.1044 16.4296 13.2242 1.9117 8.9642 13.8701 12.1817 5.5293 12.0702 7.3769 4.7863 9.5332 7.1201 10.4422 9.9451 8.9200 3.3463 1.3498 6.7131 4.8582 12.3483 12.1529 14.7949
6.6515 6.3431 4.3899 0.0000 1.2856 6.1649 6.2005 6.3290 4.6792 6.4748 4.8765 6.2570 5.4641 6.2968 5.7362 9.1423 5.1873 9.2545 8.9925 5.1587 2.1652 10.1113 4.8420 6.2279 6.2789 2.0590 4.7879 3.7477 5.9132 7.3820 5.1531 8.7227 6.4767 4.8320 6.4952 3.7647 6.3667 5.2033 0.0708 5.9234 5.9793 5.9854 6.0654 9.4521 6.5060 5.0157 9.8606 11.2578 9.7500 11.3776 3.4440 5.4730 10.3789 8.6905 7.8318 8.5789 9.6845 5.9529 6.0420 8.7944 6.9818 6.4539 5.4287 1.3885 5.5074 6.5403 5.9812 8.3488 8.6616 8.5667
8.4482 8.1398 4.4334 2.1694 0.0000 7.9616 6.2440 8.1257 6.4759 6.5183 4.9200 7.2413 5.5076 6.2940 5.7796 12.8831 6.9840 9.2980 10.7892 6.9554 1.4063 14.1592 6.6387 8.0246 8.0756 2.1025 4.8314 5.5444 7.7099 9.1787 6.9498 13.6156 8.2734 6.6287 6.5968 5.5614 8.1634 5.2468 2.2402 7.7201 7.7760 7.7821 7.8621 9.4956 8.3027 5.5336 11.6572 11.2535 14.5786 11.3732 3.4875 7.2696 12.1756 10.4872 7.8753 10.3756 9.7280 5.9528 7.8387 8.8379 8.7785 8.2506 7.2254 1.4320 5.5509 8.3370 6.0247 10.1455 10.4583 12.9439
6.8509 6.8322 6.6390 7.1226 7.7488 0.0000 8.5112 9.5834 6.7452 8.7855 7.1255 2.1665 2.7059 1.3236 2.2457 11.7344 2.9969 5.4780 9.1919 2.8593 8.6285 12.7034 7.9553 3.1439 7.4051 6.4116 6.4729 4.2454 6.6804 8.3934 3.8778 10.7027 8.0993 8.0864 1.5220 7.0192 3.2828 4.5333 7.1933 1.1923 1.0282 2.7398 7.0523 5.3807 6.9950 4.8201 10.0600 13.2024 12.3421 13.3222 5.3212 8.7274 10.5675 8.8899 4.3384 9.5452 5.8348 2.5584 8.6895 5.2674 3.8979 8.7430 8.6832 6.6049 7.7565 0.5383 1.9628 11.3473 8.8610 11.0762
11.9655 11.6571 2.0103 5.6942 6.0307 8.2421 0.0000 11.6430 9.9932 0.7976 1.9609 7.8528 6.1191 6.9055 6.3912 15.1880 6.8419 6.5596 14.3065 6.8133 6.9103 16.4641 10.1560 11.1010 11.5929 4.9310 2.7551 7.3804 11.2272 12.6960 6.8077 15.9205 11.7907 10.1460 7.2083 9.0787 11.2398 5.4930 5.7650 10.7965 9.2462 7.6399 11.3794 6.7572 11.8200 5.7798 16.1019 13.5584 16.8835 13.6781 4.2655 10.7870 15.6929 14.0045 5.2667 13.8930 6.9896 6.5643 11.3560 6.8574 11.8549 11.7679 10.7427 5.1243 1.2680 8.4911 6.6362 13.3498 13.9756 15.2488
5.1062 3.7649 10.8332 8.0736 7.2412 9.9331 10.7607 0.0000 4.9650 10.1648 10.9400 8.0773 7.9238 8.3453 7.8303 4.2126 7.2226 13.4127 4.2651 7.1939 8.1208 5.1816 4.1177 9.7391 4.0755 8.2988 10.1559 5.8449 5.8916 3.0077 7.1883 3.7702 2.3988 2.1871 8.2123 3.9242 9.8779 7.4118 8.1444 9.4346 9.7474 8.0206 5.3076 14.1522 3.5003 7.0509 4.2657 5.0773 4.8203 5.1971 10.1067 1.7211 10.5844 4.9476 11.0065 3.6265 14.3847 7.9881 1.9640 13.2021 10.4931 2.3759 1.5328 7.6283 11.8730 10.1821 8.5544 2.5890 4.7304 3.6143
2.8230 2.1212 7.9653 5.2594 5.1308 5.8678 9.7760 5.3504 0.0000 12.0164 8.4519 5.9598 7.3820 5.9997 6.9218 7.6268 5.7743 10.1876 5.1639 5.7457 6.0104 8.5958 1.5123 6.4976 1.9271 6.1884 8.7077 4.3966 3.0103 3.6865 5.7401 6.6763 3.3883 3.5385 6.1981 4.7979 6.6365 5.9636 5.3302 5.2620 5.6822 6.2102 3.0244 10.0903 2.2840 5.6027 6.0336 8.4914 8.2344 8.6112 7.0249 4.1683 6.8974 4.8619 9.0480 5.5188 10.5444 6.5399 3.9785 9.9769 7.2516 4.0320 3.9799 5.5179 9.0828 6.1168 6.6389 6.6363 4.8331 7.0499
11.9727 11.6643 2.8301 5.7014 6.6143 9.0620 0.8780 11.6502 10.0004 0.0000 2.7808 8.6727 6.9390 7.7254 7.2110 15.1952 7.6618 6.4823 14.3137 7.6332 7.4940 16.4714 10.1632 11.5491 11.6002 5.7509 3.5750 8.2003 11.2344 12.7032 7.6275 15.9277 11.7980 10.1532 8.0282 9.0859 11.6879 6.3129 5.7722 11.2446 10.0661 8.4598 11.3866 6.6800 11.8272 6.5997 16.1091 13.5656 16.8907 13.6854 5.0854 10.7942 15.7001 14.0117 5.7284 13.9002 6.9124 7.3842 11.3632 6.9161 12.3031 11.7751 10.7499 5.9442 2.0879 9.3110 7.4561 13.7110 13.9828 15.2560
10.6293 10.3209 0.7188 4.3505 4.7392 6.9506 1.9935 10.3068 8.6570 2.2678 0.0000 6.5613 4.8276 5.6141 5.0997 15.2206 5.9158 6.1808 12.9703 5.8872 5.6188 16.4968 8.8198 10.1749 10.2567 3.6396 1.1045 6.4543 9.8910 11.3598 5.8815 12.7005 10.4546 8.8098 5.9169 7.7425 10.3137 4.5669 4.4213 7.8537 7.9547 6.7138 10.0432 6.3785 10.4838 4.8537 13.8384 13.5910 16.9162 13.7108 2.3983 9.4508 14.3567 12.6683 4.4763 12.5568 6.6109 5.2728 10.0198 6.0671 10.9288 10.4317 9.4065 3.8328 0.8337 7.1997 5.3448 12.8349 12.6394 15.2815
7.1003 7.0815 5.6591 6.3449 6.2163 1.7524 8.0151 8.1198 6.9946 8.2894 6.1456 0.0000 1.7260 0.7959 1.2658 10.9331 1.5135 5.6329 9.4412 1.3759 7.0959 11.9021 8.0251 4.6071 7.6544 5.4317 5.9768 2.7817 6.9297 8.8765 2.8979 10.5135 8.2676 6.6228 0.5190 5.5556 4.7460 3.5534 6.4157 2.6555 1.1229 1.1613 7.3017 6.1361 7.2444 3.8402 10.3093 11.7978 11.5408 11.9176 4.3413 7.2638 10.8169 9.1393 3.8051 9.7945 6.3685 1.2729 7.8328 5.4223 5.3611 8.2447 7.2195 5.6249 6.7766 1.7984 0.9829 10.1396 9.1104 10.3576
9.5133 9.4946 4.5048 4.9884 5.3771 2.9229 6.3771 9.6084 9.4076 6.6513 4.9914 2.5336 0.0000 1.5863 0.7071 12.4217 2.0068 4.9954 11.8543 1.2178 6.2567 13.3907 9.4577 5.7776 10.0675 4.2775 4.3387 4.2703 9.3428 10.3651 1.4172 12.0021 9.7561 8.1114 1.8891 7.0441 5.9164 2.3992 5.0592 3.8259 3.9270 1.8586 9.7147 5.4986 9.6574 2.6860 12.7223 14.2289 13.0294 14.3487 3.1871 8.7523 13.2299 11.5523 3.1676 12.2076 5.7310 0.6905 9.3214 4.7848 6.5315 9.7333 8.7081 4.4707 5.6223 3.1719 1.3170 11.6282 11.5234 11.8461
7.0237 7.0049 5.3153 5.7989 6.3563 2.2685 7.1876 8.2598 7.4723 7.4619 5.8019 0.8429 1.3823 0.0000 0.9221 11.0732 1.6733 5.2892 9.3647 1.5357 7.2359 12.0422 8.1651 5.1232 7.5778 5.0880 5.1492 2.9217 6.8532 9.0165 2.5542 10.6535 8.4076 6.7628 0.1984 5.6956 5.2620 3.2097 5.8697 3.1715 1.4847 1.4162 7.2251 5.7924 7.1678 3.4965 11.1491 11.9378 11.6808 12.0576 3.9976 7.4038 10.7403 9.0627 3.4614 10.5098 6.0248 1.2348 7.9728 5.0785 5.8772 8.3847 7.3596 5.2812 6.4329 2.5175 0.6392 10.2796 9.0338 10.4976
8.5966 8.5778 4.9038 5.3874 5.7761 2.6371 6.7761 9.2289 8.4908 7.0504 5.3904 1.8120 0.7071 1.3005 0.0000 12.0422 1.0613 5.1745 10.9375 0.9237 6.6557 13.0112 9.1342 5.4918 9.1507 4.6765 4.7377 3.8908 8.4260 9.9856 1.1873 11.6226 9.3767 7.7319 1.1675 6.6646 5.6306 2.7982 5.4582 3.5401 3.6412 1.5644 8.7980 5.6777 8.7406 3.0850 11.8056 14.6279 12.6499 14.7477 3.5861 8.3729 12.3132 10.6355 3.3467 11.4789 5.9101 0.3127 8.9419 4.9639 6.2457 9.3538 8.3286 4.8697 6.0214 2.8861 1.1468 11.2487 10.6067 11.4666
5.6248 5.2121 15.3168 12.5573 11.1521 11.5338 15.2443 4.8986 6.5733 14.6485 15.8034 11.6259 11.6266 11.6658 12.5879 0.0000 10.9254 15.8537 3.5186 10.8967 12.0318 0.8719 6.6419 12.2410 6.5873 12.2098 13.8587 9.5477 6.5034 4.9290 10.8911 2.0573 4.9034 6.5624 11.8642 7.6270 12.3799 11.1146 12.6281 10.9281 11.3482 11.8763 6.1299 15.7564 5.4439 10.7537 2.2387 2.9404 0.6077 3.0602 14.6183 4.3697 10.4023 4.2011 14.7140 2.8800 16.2105 11.6909 4.9802 15.6430 12.9950 4.7129 4.1814 11.5393 15.7927 11.7829 12.3049 7.0726 3.9839 1.1984
7.9731 7.9544 6.0739 5.9327 5.8040 2.5253 7.6029 7.7075 6.9200 7.8771 6.3487 0.9206 1.3770 1.1887 0.9992 10.5209 0.0000 6.2560 10.3141 0.4555 6.6836 11.4899 7.6129 5.3800 8.5273 5.8466 5.5645 2.3694 7.8026 8.4643 1.1668 10.1012 7.8553 6.2105 1.0557 5.1433 5.5188 3.9683 6.0034 3.4283 1.9546 0.8639 8.1745 6.5509 8.1172 3.9620 10.5968 11.3855 11.1286 11.5053 5.5153 6.8515 11.6897 10.0121 4.2200 9.9575 6.7833 0.8314 7.4206 6.0454 6.1339 7.8324 6.8073 6.0398 7.2816 2.7743 1.3977 9.7273 9.9832 9.9453
11.4657 11.4469 6.9853 8.5879 8.9766 5.7642 6.5888 12.9604 11.3599 6.6525 6.2110 5.5435 4.9571 5.0321 5.2292 15.7738 6.7186 0.0000 13.8066 5.9296 9.8562 16.7428 12.5700 8.3705 12.0198 7.8770 5.7208 7.6224 11.2951 13.0081 6.1290 15.3174 12.7140 11.4634 4.8991 10.3962 8.5094 6.7492 8.6587 6.4189 5.1347 6.1168 11.6671 0.7917 11.6097 7.0360 14.6747 17.8284 16.3815 17.9482 5.6716 12.1044 15.1823 13.5046 1.7900 14.1599 0.4203 5.4023 12.6735 1.2555 8.8017 13.0853 12.0602 8.0702 6.5752 5.8102 4.9514 14.9802 13.4758 15.6909
2.3409 3.1674 11.8688 9.1629 9.0343 9.4159 13.6795 4.2576 4.4479 15.9199 12.3554 9.5080 10.9302 9.5479 10.4700 3.7070 9.6778 13.7358 0.0000 9.6492 9.9139 4.6760 5.0452 10.1231 4.4949 10.0919 12.5613 8.3001 3.2196 3.0063 9.6436 2.6752 3.6258 5.9475 9.7463 7.0122 10.2620 9.8671 9.2337 8.8102 9.2303 9.7584 2.8460 13.6385 3.3992 9.5062 2.0325 5.9036 4.3147 6.0234 10.9284 3.8360 7.1185 0.9172 12.5961 1.6024 14.0926 10.4434 3.7026 13.5251 10.8771 3.4353 3.6477 9.4214 12.9863 9.6650 10.1871 6.2416 0.7001 3.0488
8.1327 8.1140 6.2335 6.0923 5.9636 2.6848 7.7625 7.8671 7.0796 8.0367 6.5083 1.0802 1.5366 1.3483 1.1588 10.6805 0.2255 6.4156 10.4737 0.0000 6.8432 11.6495 7.7725 5.5396 8.6869 6.0062 5.7241 2.5290 7.9622 8.6238 1.1508 10.2608 8.0149 6.3701 1.2153 5.3029 5.6784 4.1279 6.1630 3.5879 2.1142 1.0235 8.3341 6.7105 8.2768 4.1216 10.7564 11.5451 11.2882 11.6649 5.6749 7.0111 11.8493 10.1717 4.3796 10.1171 6.9429 0.9910 7.5802 6.2050 6.2935 7.9920 6.9669 6.1994 7.4412 2.9339 1.5573 9.8869 10.1428 10.1049
9.3279 9.0195 5.3130 3.0491 1.4063 8.8412 7.1237 9.0053 7.3556 7.3980 5.7996 8.1209 6.3872 7.1737 6.6593 13.7627 7.8637 10.1776 11.6688 7.8351 0.0000 15.0389 7.5184 8.9042 8.9553 2.9821 5.7111 6.4240 8.5895 10.0583 7.8294 14.4952 9.1531 7.5083 7.4765 6.4411 9.0431 6.1265 3.1198 8.5998 8.6556 8.6617 8.7417 10.3752 9.1823 6.4133 12.5369 12.1331 15.4582 12.2529 4.3671 8.1493 13.0552 11.3668 8.7550 11.2553 10.6076 6.8324 8.7183 9.7175 9.6582 9.1302 8.1051 2.3117 6.4306 9.2167 6.9043 11.0251 11.3380 13.8235
6.0475 5.6349 14.9519 12.1923 13.1052 11.9566 14.8794 4.5336 6.9960 14.2835 15.4384 11.4151 11.2617 12.0885 11.1682 0.5018 10.5604 16.2764 3.9413 10.5318 13.9849 0.0000 6.4013 12.6638 6.3591 13.8786 13.4937 9.1827 6.9262 4.4092 10.5262 2.1687 4.3651 6.1975 11.5502 7.2621 12.8026 10.7496 12.2631 11.3509 11.7710 11.3584 6.5526 16.1791 5.8666 10.3888 2.3501 2.5755 0.9054 2.6953 14.2533 4.0047 10.8251 4.6238 15.1368 3.3027 16.6332 11.3259 3.7107 16.0658 13.4177 4.1931 3.8164 13.2082 15.4277 12.2056 11.8923 6.7077 4.4067 1.4970
2.8507 1.7931 7.3539 4.6479 4.5193 6.6119 9.1645 4.2038 1.5473 11.4050 7.8404 6.0176 5.8641 6.2857 5.7706 6.4802 5.1629 10.9317 5.1917 5.1342 5.3989 7.4492 0.0000 7.2417 1.4369 5.5769 8.0962 3.7852 3.6362 2.5399 5.1286 5.7226 2.2418 2.6645 6.1527 3.9238 7.3806 5.3521 4.7187 6.0061 6.4263 5.9609 3.0521 10.8344 1.9559 4.9912 5.1620 7.3449 7.0879 7.4646 6.4135 3.0217 7.6415 4.8897 9.7921 5.2215 11.2885 5.9284 2.8320 10.7210 7.9957 2.8854 2.8334 4.9065 8.4714 6.8609 6.4947 5.4898 4.8608 5.5667
6.9221 6.9034 9.4899 6.9796 6.8510 3.1563 10.9243 9.3505 6.8164 11.1985 9.6701 5.0336 5.5730 4.1907 5.1127 11.8056 7.7187 8.3450 9.2631 5.7263 7.7306 12.7746 8.0265 0.0000 7.4763 7.9086 8.8859 5.9545 6.7516 8.4646 6.7449 10.7739 8.1705 7.8534 4.3891 6.7862 0.4928 8.0946 7.0504 2.3791 3.8952 5.6069 7.1235 8.2478 7.0662 7.5471 10.1311 16.0347 12.4133 16.1545 8.8367 8.4944 9.2060 8.9611 7.2054 9.6164 8.7019 5.4255 8.7607 8.1344 2.4993 8.8142 8.7621 7.2381 10.6030 2.9960 4.8298 11.4185 8.9322 11.1474
2.1380 0.8643 9.0299 6.3240 6.1953 6.9649 10.8405 3.6529 1.9968 13.0810 9.5165 7.0569 8.4791 7.0968 8.0189 5.9293 6.8389 11.2847 3.8638 6.8103 7.0749 6.8983 1.9680 7.6720 0.0000 7.2530 10.1102 5.4612 2.9234 1.9891 6.8046 5.1717 1.6909 4.3405 7.2952 5.5998 7.8109 7.0281 6.3947 6.3591 6.7793 7.3073 2.3394 11.1874 0.8788 6.6673 4.6111 6.7940 6.5370 6.9138 8.0895 2.4708 7.6162 3.5618 10.1450 4.6707 11.6415 7.6044 2.2811 11.0740 8.4260 2.3345 2.2825 6.5825 10.1474 7.2139 7.7360 4.9389 3.5329 5.0158
9.4436 9.1352 3.3577 3.1648 2.1264 6.5549 5.1683 9.1210 7.4713 5.4426 3.8443 6.1656 4.4319 5.2183 4.7039 13.8141 5.5200 8.2223 11.7845 5.4914 3.0060 15.0902 7.6341 9.0200 9.0710 0.0000 3.7557 6.0585 8.7053 10.1740 5.4858 11.5147 9.2688 7.6240 5.5211 6.5568 9.1588 4.1711 3.2356 8.7155 7.5590 6.3180 8.8574 8.4199 9.2980 4.4579 12.6526 12.1845 15.5096 12.3042 2.4118 8.2650 13.1710 11.4826 6.7996 11.3710 8.6523 4.8771 8.8341 7.7622 9.7739 9.2459 8.2208 1.2200 4.4752 6.8039 4.9490 12.3992 11.4537 13.8749
10.4063 10.3875 1.8095 4.4727 4.8614 5.8365 2.5190 10.5013 8.7792 2.7933 1.0352 5.4472 3.7135 4.5000 3.9856 15.3428 4.6247 5.5690 12.7472 4.5961 5.7410 16.6190 8.9420 8.8838 10.3789 3.7618 0.0000 5.1632 10.2357 11.4819 4.5905 12.8950 10.6491 9.0043 4.8028 7.9371 9.0226 3.2758 4.5435 8.5793 6.8406 5.4227 10.6077 5.7667 10.5503 3.5626 13.6153 13.7132 17.0383 13.8330 2.0484 9.6453 14.4789 12.4452 3.5182 13.1005 5.9991 4.1587 10.2143 5.1089 9.6377 10.6262 9.6011 3.9550 2.1978 6.0856 4.2307 12.9571 12.4164 15.4036
7.4479 6.8536 6.2707 3.5648 3.4361 5.3414 7.3738 5.3397 6.1541 7.6481 6.7573 3.2569 3.1035 3.5250 3.0099 8.1530 2.4022 8.5923 8.2282 2.3736 4.3158 9.1220 5.2450 5.4044 6.6819 4.4938 5.3355 0.0000 6.4151 6.0964 2.3679 7.7334 5.4874 3.8427 3.3920 2.7754 5.5433 2.5914 3.6356 5.1000 5.1558 3.2002 7.6493 9.3319 6.5890 2.2306 8.2289 9.0177 8.7607 9.1375 5.2863 4.4836 10.8808 8.9107 6.1861 7.5896 9.5643 3.1677 5.0527 8.3817 6.1584 5.4646 4.4394 3.8233 7.0526 5.7169 3.7340 7.3595 8.6936 7.5774
0.8786 2.5173 9.1773 6.4714 6.3427 7.0798 10.9879 5.7465 2.9505 13.2284 9.6639 7.1718 8.5940 7.2117 8.1338 6.6919 6.9863 11.3996 3.2196 6.9577 7.2224 7.6609 3.6404 7.7096 3.0902 7.4004 9.9196 5.6086 0.0000 3.3701 6.9521 5.6601 3.7844 5.6570 7.4101 6.9164 7.8484 7.1756 6.5422 6.4740 6.8941 7.4222 0.7277 11.3023 2.6801 6.8147 5.0174 8.8875 7.2995 9.0073 8.2369 4.5643 4.9893 2.9176 10.2599 4.5873 11.7564 7.7518 4.3746 11.1889 8.4636 3.9720 4.3760 6.7299 10.2948 7.3288 7.8509 7.0324 2.8887 6.0337
2.7815 2.4158 9.8938 7.1879 7.0592 8.3552 12.5515 3.0938 3.3872 11.9556 10.3804 8.4473 8.4041 8.4872 9.4093 3.9682 7.7028 12.6750 3.5486 7.6742 7.9388 4.9372 2.5399 9.0624 2.4977 8.1169 10.6361 6.3251 3.6601 0.0000 7.6686 3.7457 1.2829 4.2521 8.6856 5.3167 9.2013 7.8920 7.2587 7.7495 8.1696 8.6977 3.2866 12.5778 1.9225 7.5312 3.8907 5.8442 4.5758 5.9639 8.9534 1.9117 7.5590 3.2467 11.5354 3.2514 13.0319 8.4683 1.3598 12.4644 9.8164 1.0925 1.7234 7.4464 11.0113 8.6043 9.1263 4.3798 3.2178 3.5897
9.1251 9.1063 5.6946 6.1782 6.9559 3.6772 7.5668 8.8595 8.0719 7.8411 6.1811 2.0726 1.2747 2.3406 1.1812 11.6728 1.2179 6.1851 11.4660 1.1892 7.8356 12.6418 8.7648 6.5319 9.6792 5.4672 5.5285 3.5214 8.9545 9.6162 0.0000 11.2532 9.0072 7.3625 2.2076 6.2952 6.6708 3.5889 6.2489 4.5802 3.1065 2.0159 9.3265 6.6883 9.2691 3.8757 11.7487 12.5375 12.2805 12.6572 4.3768 8.0034 12.8417 11.1641 4.3574 11.1094 6.9207 1.0803 8.5725 5.9745 7.2859 8.9844 7.9592 5.6604 6.8121 3.9262 2.5497 10.8793 11.1352 11.0972
4.7436 4.3309 13.1055 10.3996 10.2709 10.6526 16.0098 3.7628 5.6921 15.4139 13.5921 10.7447 10.5169 10.7846 10.4234 1.8469 9.8157 14.9724 2.6373 9.7870 11.1506 2.8159 5.7607 11.3598 5.7061 11.3286 12.7490 8.4380 5.6222 4.0478 9.7814 0.0000 4.0222 5.4527 10.9830 6.5174 11.4986 10.0049 10.4704 10.0469 10.4670 10.6137 5.2487 14.8752 4.5627 9.6440 0.7371 3.7059 2.4546 3.8257 12.1651 3.3412 9.5211 3.3198 13.8328 1.9988 15.3293 10.5812 3.0471 14.7618 12.1138 3.8317 3.1529 10.6581 14.2230 10.9017 11.4237 7.8381 3.1027 1.0243
3.2302 1.8889 9.5956 6.8897 6.7610 8.0571 11.9425 2.4848 3.0890 11.3466 10.0822 8.1491 8.7073 8.1890 8.6138 3.9143 8.0061 12.3769 3.6258 7.9774 7.6407 4.8833 2.2418 8.7642 2.1995 7.8187 10.9394 6.6284 4.0156 1.2829 7.9718 3.3776 0.0000 3.6431 8.3874 4.7077 8.9031 8.1953 6.9605 7.4513 7.8715 8.8041 3.4316 12.2796 1.6244 7.8344 3.6265 5.6259 4.5220 5.7457 8.6552 1.3027 8.7084 4.3083 11.2373 2.9873 12.7337 8.7716 0.7556 12.1662 9.5182 0.2174 1.1144 7.1482 10.7131 8.3061 8.8282 3.7708 4.0912 3.5359
4.8866 4.1848 8.8245 5.4344 5.3057 7.7465 10.2588 2.1871 3.5928 10.5330 9.0046 6.1418 5.9884 6.4099 5.8949 5.7580 5.2871 11.4772 5.8332 5.2585 6.1853 6.7270 2.6837 7.8037 4.1206 6.3634 8.2204 3.9094 5.6721 3.7014 5.2529 5.3384 3.0925 0.0000 6.2769 1.9888 7.9425 5.4763 5.5051 7.4992 7.5551 6.0851 5.0880 12.2168 4.3477 5.1155 5.8339 6.6227 6.3657 6.7425 8.1712 2.0887 9.6871 6.5157 9.0710 5.1947 12.4492 6.0526 2.6577 11.2666 8.5576 3.0696 2.0444 5.6929 9.9375 7.9955 6.6190 4.7760 6.2986 5.1825
8.3270 8.3082 5.5752 6.2865 6.1579 2.5283 7.9567 8.0614 7.2739 8.2310 6.0617 0.6445 1.6421 1.0871 1.1819 10.8747 1.4748 5.5490 10.6679 1.3372 7.0375 11.8437 7.9667 6.8045 8.8811 5.3478 5.9184 2.7233 8.1564 8.8181 2.8140 10.4551 8.2092 6.5644 0.0000 5.4972 6.9434 3.4695 6.3573 3.4314 1.5954 1.2178 8.5284 6.0522 8.4711 4.3159 10.9506 11.7394 11.4824 11.8592 5.8692 7.2054 12.0436 10.3660 3.7212 10.3114 6.2846 1.2342 7.7744 5.3384 7.5585 8.1863 7.1611 5.5410 7.6355 2.7773 0.8990 10.0812 10.3371 10.2992
6.1165 5.5222 8.2628 4.8727 4.7441 7.1848 9.6971 4.0083 4.8227 9.9714 8.4429 5.5802 5.4267 5.8483 5.3332 6.8216 4.7255 10.9156 6.8968 4.6969 5.6237 7.7906 3.9136 7.2420 5.3505 5.8017 7.6588 3.3478 6.9020 4.7650 4.6912 6.4020 4.1560 2.5113 5.7153 0.0000 7.3809 4.9147 4.9435 6.9376 6.9934 5.5235 6.3179 11.6552 5.2576 4.5539 6.8975 7.6863 7.4293 7.8061 7.6096 3.1522 10.9170 7.5793 8.5094 6.2582 11.8876 5.4910 3.7213 10.7050 7.9960 4.1332 3.1080 5.1313 9.3759 7.4339 6.0573 6.0281 7.3622 6.2460
7.7796 7.7608 10.6081 8.0977 7.9691 3.3824 12.0424 10.4686 7.6739 12.3167 10.7882 5.2597 5.7991 4.4168 5.3389 12.6631 8.8368 8.6285 10.1205 8.8082 8.8487 13.6321 8.8840 0.4416 8.3337 9.0267 10.0040 7.0726 7.6090 9.3221 8.8026 11.6313 9.0280 8.9716 4.6153 7.9043 0.0000 9.2127 8.1685 2.6053 4.1214 5.8330 7.9810 8.5312 7.9237 8.6652 10.9886 17.1528 13.2707 17.2726 9.9549 9.6125 9.4322 9.8186 7.4888 10.4738 8.9853 5.6517 9.6182 8.4178 2.7254 9.6716 9.5683 8.3563 11.7211 3.2222 5.0560 12.2760 9.7897 12.0049
7.9113 7.8925 4.1128 4.5964 4.9851 3.9312 6.0499 8.6468 6.8451 6.3242 4.5994 2.3266 2.1731 2.5946 2.0796 11.4601 1.4718 7.6620 10.2522 1.4432 5.8647 12.4291 7.5946 6.3888 8.4654 3.8855 4.0116 3.3087 7.7407 9.4538 1.4376 11.0405 8.7945 7.1497 2.4616 6.0825 6.5277 0.0000 4.6672 4.8342 3.3605 2.2698 8.1127 7.5867 8.0554 0.4495 11.1203 13.8369 12.0678 13.9567 2.7950 7.7907 11.6279 9.9503 5.2558 10.6055 7.8191 2.2373 8.3598 7.4513 7.1428 8.7716 7.7465 4.0787 5.2303 4.1802 2.8037 10.6666 9.9214 10.8845
6.7223 6.4139 4.4607 0.0708 1.3564 6.2357 6.2713 6.3997 4.7500 6.5456 4.9473 6.3277 5.5349 6.3676 5.8069 9.2131 5.2581 9.3252 9.0632 5.2295 2.2360 10.1821 4.9128 6.2987 6.3497 2.1298 4.8587 3.8185 5.9840 7.4527 5.2239 8.7935 6.5475 4.9027 6.5660 3.8355 6.4375 5.2741 0.0000 5.9942 6.0501 6.0561 6.1361 9.5229 6.5767 5.0865 9.9313 11.3286 9.8208 11.4483 3.5147 5.5437 10.4497 8.7613 7.9026 8.6497 9.7553 6.0236 6.1128 8.8651 7.0526 6.5246 5.4995 1.4593 5.5782 6.6111 6.0520 8.4195 8.7324 8.6375
6.7166 6.6978 7.5566 7.4538 7.3251 1.2068 9.4288 9.9270 6.6108 9.7031 8.0431 3.0841 3.6235 2.2412 3.1633 11.6000 3.9145 6.3956 9.0575 3.7769 8.2047 12.5690 7.8209 2.3668 7.2707 7.3292 7.3905 5.1629 6.5460 8.2590 4.7954 10.5683 7.9649 8.3276 2.4396 7.2604 2.5056 5.4509 7.5246 0.0000 1.9457 3.6574 6.9180 6.2983 6.8606 5.7377 9.9256 13.0680 12.2077 13.1878 6.2388 8.7449 9.8275 8.7555 5.2560 9.4108 6.7524 3.4760 8.5551 6.1850 3.1207 8.6086 8.5566 7.5224 8.6741 1.0466 2.8804 11.2129 8.7267 10.9418
6.5826 6.5639 6.2202 6.7038 7.2611 0.6231 8.0924 9.1647 6.4769 8.3667 6.7068 1.7477 2.2872 0.9049 1.8269 11.4661 2.5781 5.0592 8.9236 2.4405 8.1408 12.4351 7.6870 3.4778 7.1368 5.9929 6.0541 3.8266 6.4121 8.1251 3.4591 10.4344 7.8310 7.6677 1.1033 6.6004 3.6167 4.1146 6.7746 1.5262 0.0000 2.3211 6.7840 4.9620 6.7267 4.4014 9.7916 12.8427 12.0738 12.9625 4.9024 8.3087 10.2992 8.6216 3.9196 9.2769 5.4161 2.1397 8.4212 4.8486 4.2318 8.4747 8.2644 6.1861 7.3377 0.8722 1.5440 11.0790 8.5927 10.8079
7.5780 7.5593 6.2457 6.0098 5.8811 2.9100 7.6800 7.7846 6.1600 7.9543 6.4258 1.1613 1.7617 1.5734 1.3839 10.5980 1.4568 6.6408 9.9190 1.3192 6.7607 11.5670 6.9095 6.0555 7.3243 6.0183 5.6416 2.4466 7.4075 8.5414 2.2419 10.1783 7.9324 6.2876 1.4404 5.2204 6.1944 4.8503 6.0805 3.8131 2.1953 0.0000 7.7794 6.9357 7.7221 4.0392 10.7870 11.4626 11.2057 11.5824 5.5925 6.9286 11.2946 9.6170 4.6047 10.0346 7.1681 1.2162 7.4977 6.4302 6.8095 7.9095 6.8844 6.2115 7.3587 3.1590 1.7825 9.8044 9.5881 10.0224
0.4968 1.8908 9.8376 7.1317 7.0031 7.3848 11.6483 5.1200 2.4167 13.8887 10.3242 7.4768 8.8990 7.5167 8.4388 6.3101 7.6466 11.7046 2.8378 7.6180 7.8827 7.2791 3.0140 8.0919 2.4637 8.0607 10.5301 6.2689 1.1444 2.9883 7.6124 5.2783 3.1580 5.0306 7.7151 6.2899 8.2308 7.8359 7.2025 6.7790 7.1991 7.7272 0.0000 11.6073 2.0537 7.4750 4.6356 8.2611 6.9177 8.3809 8.8972 3.9379 5.8372 2.5358 10.5649 4.2055 12.0614 8.4121 3.7482 11.4939 8.8459 3.8016 3.7496 7.3902 10.9551 7.6338 8.1559 6.4060 2.5069 5.6519
11.0806 11.0618 6.6002 8.2028 8.5915 5.3791 6.2037 12.5753 10.9748 6.2674 5.8259 5.1584 4.5720 4.6469 4.8441 15.3887 6.3335 0.7293 13.4215 5.5445 9.4711 16.3577 12.1849 7.9854 11.6347 7.4919 5.3357 7.2372 10.9100 12.6230 5.7439 14.9323 12.3289 11.0783 4.5139 10.0111 8.1242 6.3641 8.2736 6.0337 4.7496 5.7317 11.2820 0.0000 11.2246 6.6509 14.2896 17.4433 15.9964 17.5631 5.2865 11.7193 14.7972 13.1195 1.4048 13.7748 0.3509 5.0172 12.2884 0.3704 8.4165 12.7002 11.6751 7.6851 6.1901 5.4251 4.5663 14.5951 13.0907 15.3058
1.8170 0.2318 9.0968 6.3909 6.2622 6.6439 10.9074 3.5864 1.6759 13.1479 9.5833 6.7360 8.1581 6.7758 7.6979 5.8628 6.9058 10.9637 3.6689 6.8772 7.1418 6.8318 2.2402 7.3511 1.6899 7.3198 9.7893 5.5281 2.6025 1.9225 6.8715 5.0810 1.6244 4.2568 6.9743 5.5161 7.4899 7.0950 6.4616 6.0382 6.4583 6.9863 2.0184 10.8664 0.0000 6.7342 4.4383 6.7275 6.4705 6.8472 8.1564 2.4043 7.2952 3.3669 9.8241 3.9235 11.3205 7.6713 2.2146 10.7531 8.1050 2.2680 2.2160 6.6494 10.2143 6.8929 7.4150 4.8724 3.3380 5.4546
9.9012 9.8825 3.6633 4.1469 4.5356 5.0631 5.6005 9.9962 8.4534 5.8747 4.1499 3.4585 3.0337 3.7266 3.3057 12.8096 2.6038 7.3608 12.2422 2.5752 5.4152 16.2932 8.6162 8.3787 10.0531 3.4360 3.5621 4.6582 9.7307 10.7530 2.5695 12.3900 10.1440 8.4992 3.5936 7.4320 8.5176 1.2549 4.2177 5.9662 4.4925 3.4018 10.1026 7.5585 10.0453 0.0000 13.1102 13.3874 13.4173 13.5072 2.3456 9.1402 13.6178 11.9402 5.4014 12.5954 7.7909 3.3693 9.7093 7.0186 9.1327 10.1211 9.0960 3.6292 4.7809 5.3122 3.5508 12.6313 11.9113 12.2340
4.3376 3.9250 12.6995 9.9936 9.8650 10.2467 16.3024 4.2480 5.2861 15.7065 13.1861 10.3387 11.0021 10.3786 11.3007 1.8019 10.3009 14.5665 2.2314 10.2723 10.7446 2.7709 5.3547 10.9538 5.3002 10.9226 13.2342 8.9232 5.2163 3.6418 10.2666 0.7702 3.6162 5.9379 10.5770 7.0026 11.0927 10.4901 10.0644 9.6409 10.0611 10.5891 4.8427 14.4692 4.1567 10.1293 0.0000 3.9985 2.4096 4.1183 11.7592 3.8264 9.1151 2.9139 13.4269 1.5928 14.9233 11.0664 3.6930 14.3559 11.7078 3.4257 3.6381 10.2522 13.8171 10.4957 11.0178 8.1307 2.6968 1.1437
7.2026 6.7900 15.5646 15.2607 12.7300 13.1117 17.9477 7.1131 8.1511 17.3519 16.0511 13.2038 13.8671 13.2436 14.1657 3.7242 13.1659 17.4315 5.0964 13.1373 13.6096 3.2097 8.2197 13.8189 8.1652 13.7876 16.0992 11.7882 8.0813 6.5068 13.1316 3.6352 6.4812 8.8029 13.4420 9.8676 13.9577 13.3551 15.3315 12.5059 12.9261 13.4541 7.7077 17.3342 7.0217 12.9943 3.8166 0.0000 3.6291 0.4237 17.3217 6.6914 11.9801 5.7789 16.2919 4.4578 17.7883 13.9314 6.5580 17.2209 14.5728 6.2908 6.5031 13.1172 18.4961 13.3607 13.8828 9.7760 5.5618 4.0087
5.8838 5.4712 14.7091 11.9496 12.8625 11.7929 14.6367 4.2909 6.8324 14.0408 15.1957 11.1724 11.0189 11.4405 10.9254 0.2591 10.3177 16.1127 3.7776 10.2891 13.7421 0.2642 6.1586 12.5001 6.1164 13.6359 13.2510 8.9400 6.7625 4.1665 10.2834 1.9260 4.1224 5.9547 11.3075 7.0194 12.6389 10.5069 12.0204 11.1872 11.6073 11.1157 6.3890 16.0154 5.7030 10.1461 2.1074 2.3328 0.0000 2.4525 14.0106 3.7620 10.6614 4.4601 14.9731 3.1390 16.4695 11.0832 3.4679 15.9021 13.2540 3.9504 3.5737 12.9654 15.1850 12.0419 11.6495 6.4650 4.2430 1.2543
6.7789 6.3663 15.1409 14.8370 12.3063 12.6880 17.5241 6.6894 7.7275 16.9282 15.6274 12.7801 13.4435 12.8199 13.7420 3.3006 12.7422 17.0078 4.6727 12.7136 13.1859 2.7860 7.7960 13.3952 7.7415 13.3640 15.6755 11.3645 7.6576 6.0832 12.7080 3.2115 6.0575 8.3793 13.0184 9.4439 13.5340 12.9314 14.9078 12.0823 12.5024 13.0305 7.2841 16.9105 6.5981 12.5706 3.3929 5.3743 3.2054 0.0000 16.8980 6.2677 11.5565 5.3552 15.8682 4.0341 17.3646 13.5077 6.1344 16.7972 14.1491 5.8671 6.0794 12.6935 18.0724 12.9370 13.4591 9.3524 5.1381 3.5850
9.9498 9.2067 1.9161 3.2363 3.6250 5.2031 3.7267 9.1926 7.5428 4.0010 2.4027 4.8138 3.0801 3.8666 3.3522 14.1064 3.9679 6.3955 12.2908 3.9393 4.5046 15.3826 7.7056 8.4273 9.1425 2.5254 2.1333 4.7068 9.7793 10.2456 3.9337 11.5863 9.3403 7.6956 4.1694 6.6283 8.5662 2.6190 3.3071 6.1062 6.2072 4.7660 10.1512 6.5931 9.3695 2.9059 13.1588 12.4768 15.8019 12.5966 0.0000 8.3365 13.2425 11.9888 4.3446 11.4425 6.8255 3.5253 8.9056 5.9354 9.1813 9.3175 8.2923 2.7186 3.0336 5.4522 3.5972 11.7207 11.9599 14.1672
3.9437 2.6024 10.3091 7.6032 7.4746 8.7706 11.2801 1.8224 3.8026 10.6842 11.0611 8.1983 8.0449 8.4664 7.9514 4.0988 7.3436 13.0904 3.8360 7.3150 8.3542 5.0678 2.9553 9.4778 2.9131 8.5322 10.2769 5.9659 4.7292 1.8453 7.3094 3.3412 1.2363 2.9807 8.3334 4.0453 9.6166 7.5328 7.6740 8.1649 8.5850 8.1416 4.1451 12.9931 2.3379 7.1720 3.8367 4.9635 4.7065 5.0832 10.2277 0.0000 9.4219 4.5185 11.9508 3.1975 13.4472 8.1091 0.8016 12.8798 10.2317 1.2135 0.1883 7.8618 11.9940 9.0196 8.6754 3.1084 4.3014 3.1853
3.2080 3.1893 8.6638 5.9579 5.8293 6.3176 10.4745 7.1923 3.1023 12.7150 9.1504 7.3276 7.1741 6.4496 7.0806 8.0908 6.4729 10.6374 5.5490 6.4442 6.7089 9.0598 3.3227 7.0248 4.7596 6.8869 9.4062 5.0952 3.9935 4.7498 6.4386 7.0590 4.4564 5.0274 7.4626 5.6698 7.1636 6.6621 6.0287 5.7119 6.1320 7.2709 3.4094 10.5402 3.3521 6.3012 6.4163 9.5595 8.6985 9.6793 7.7235 5.2363 0.0000 5.2470 9.4978 5.9015 10.9942 7.2384 5.0466 10.4268 7.7787 5.1001 5.0480 6.2165 9.7814 6.5667 7.8047 7.7044 5.2181 7.4326
2.4970 3.3234 12.0249 9.3190 9.1903 9.5720 13.8355 4.3133 4.6040 13.8731 12.5114 9.6641 11.0862 9.7039 10.6260 3.8298 9.8339 13.8918 1.5007 9.8052 10.0699 4.7988 5.2012 10.2792 4.6510 10.2479 12.7174 8.4562 3.3756 3.1623 9.7996 2.7980 3.6815 6.0032 9.9023 7.0678 10.4180 10.0231 9.3897 8.9662 9.3864 9.9144 3.0021 13.7945 3.5552 9.6623 2.1553 6.0264 4.4375 6.1462 11.0845 3.8917 7.2745 0.0000 12.7522 1.6093 14.2486 10.5994 3.7583 13.6812 11.0331 3.4910 3.7033 9.5775 13.1424 9.8210 10.3431 6.2973 1.1699 3.1716
10.8943 10.8755 5.1892 6.7980 7.1866 5.1928 5.1893 12.3890 10.7885 5.9433 4.4149 4.9721 4.3857 4.4607 4.6578 15.2024 6.1472 2.1333 13.2352 5.3582 8.0663 16.1714 11.2673 7.7991 11.4484 6.0870 3.9309 7.0510 10.7237 12.4367 5.5576 14.7460 12.1426 10.8920 4.3277 9.8248 7.9380 4.9919 6.8687 5.8475 4.5633 5.5454 11.0957 2.3310 11.0383 5.2787 14.1033 16.0384 15.8101 16.1582 3.8817 11.5330 14.6109 12.9332 0.0000 13.5885 2.5634 4.8309 12.1021 1.7674 8.2303 12.5139 11.4888 6.2803 5.3478 5.2388 4.3800 14.4088 12.9044 15.1195
2.7411 2.3783 11.1529 8.4470 8.3183 8.7000 12.9635 3.8647 3.7394 12.7265 11.6394 8.7921 10.2142 8.8319 9.7540 4.4188 8.9619 13.0198 3.5032 8.9332 9.1979 5.3878 3.7700 9.4072 3.7278 9.3759 11.8454 7.5842 3.6197 2.0795 8.9276 3.2550 2.0539 5.0230 9.0303 6.0877 9.5460 9.1511 8.5177 8.0943 8.5144 9.0424 3.2462 12.9225 2.6100 8.7903 3.5039 6.2948 5.0265 6.4145 10.2125 2.6826 7.5186 3.2063 11.8802 0.0000 13.3766 9.7274 2.1307 12.8092 10.1611 1.8634 2.4943 8.7055 12.2704 8.9490 9.4711 5.1507 3.1774 3.4276
11.7806 11.7618 6.2012 7.8100 8.1987 6.0792 5.9603 13.2754 11.6749 6.0240 5.4269 5.8585 5.2721 5.3470 5.5442 16.0887 7.0335 0.3785 14.1216 6.2445 9.0783 17.0577 12.8850 8.6855 12.3347 7.0991 4.9429 7.9373 11.6101 13.3231 6.4440 15.6323 13.0290 11.7784 5.2140 10.7112 8.8243 7.0641 7.8808 6.7338 5.4496 6.4318 11.9820 0.7380 11.9247 7.3509 14.9896 17.0505 16.6964 17.1703 4.8937 12.4194 15.4972 13.8196 2.1049 14.4748 0.0000 5.7173 12.9884 0.8352 9.1166 13.4003 12.3751 7.2923 5.9467 6.1252 5.2663 15.2952 13.7907 16.0059
8.4288 8.4100 4.9741 5.4576 5.8463 2.4693 6.8463 9.0611 8.3231 7.1206 5.4606 1.6442 0.6905 1.1327 0.3127 11.8745 1.0447 5.4646 10.7698 0.9071 6.7260 12.8435 8.9665 5.3240 8.9829 4.7467 4.8080 3.7231 8.2583 9.8179 1.1708 11.4548 9.2089 7.5641 0.9997 6.4969 5.4629 2.8684 5.5284 3.3724 3.4734 2.2175 8.6302 5.9678 8.5729 3.1552 11.6378 14.6981 12.4822 14.8179 3.6563 8.2051 12.1454 10.4678 3.6368 11.3111 6.2002 0.0000 8.7742 5.2540 6.0780 9.1860 8.1609 4.9399 6.0916 2.7184 1.3418 11.0809 10.4389 11.2989
3.8204 2.4791 10.1858 7.4799 7.3512 8.6473 11.3467 1.8890 3.6792 10.7508 10.6724 8.2649 8.1115 8.7792 8.0180 3.2599 7.4102 12.9671 3.7027 7.3816 8.2309 4.2289 2.8320 9.3544 2.7897 8.4089 10.3435 6.0325 4.6059 1.3598 7.3760 3.0374 0.7556 3.0473 8.4000 4.1119 9.4933 7.5995 7.5507 8.0415 8.4617 8.2082 4.0218 12.8698 2.2146 7.2386 3.7034 5.0301 3.8675 5.1498 10.2944 0.8016 8.4282 4.3852 11.8275 3.0641 13.3239 8.1757 0.0000 12.7564 10.1084 0.7279 0.6133 7.7384 12.0606 8.8963 8.7421 3.1750 4.1680 2.8814
10.8838 10.8650 5.4325 7.0412 7.4299 5.1823 5.1915 12.3785 10.7780 5.2552 4.6581 4.9616 4.3752 4.4501 4.6473 15.1919 6.1367 2.1355 13.2247 5.3477 8.3096 16.1609 11.9881 7.7886 11.4379 6.3303 4.1742 7.0405 10.7132 12.4262 5.5471 14.7355 12.1321 10.8815 4.3171 9.8143 7.9275 5.2352 7.1120 5.8370 4.5528 5.5349 11.0852 2.3332 11.0278 5.5220 14.0928 16.2817 15.7996 16.4015 4.1250 11.5225 14.6004 12.9227 1.2081 13.5780 2.5656 4.8204 12.0916 0.0000 8.2198 12.5034 11.4783 6.5235 5.1779 5.2283 4.3695 14.3983 12.8939 15.1090
7.7901 7.7713 10.6186 8.1082 7.9796 3.9109 12.0529 10.4791 7.6844 12.3272 10.7987 5.7882 6.3276 4.9453 5.8674 12.6736 8.8474 8.6390 10.1310 8.8187 8.8592 13.6426 8.8945 2.5252 8.3442 9.0372 10.0145 7.0831 7.6195 9.3326 8.8131 11.6418 9.0385 8.9821 5.1438 7.9148 2.6640 9.2232 8.1790 3.1338 4.6499 6.3615 7.9915 8.5417 7.9342 8.6757 10.9991 17.1633 13.2812 17.2831 9.9654 9.6231 8.5154 9.8291 7.4994 10.4843 8.9958 6.1802 9.6287 8.4283 0.0000 9.6821 9.5788 8.3668 11.7316 3.7507 5.5845 12.2865 9.8002 12.0154
3.8738 2.5326 10.2393 7.5334 7.4047 8.7007 11.9196 2.4620 3.7327 11.3238 10.7258 8.7928 8.6844 8.8327 8.5909 3.7521 7.9832 13.0205 3.4354 7.9546 8.2843 4.7211 2.8854 9.4079 2.8432 8.4623 10.9165 6.6055 4.6593 1.0925 7.9489 3.1872 0.2174 3.6202 9.0311 4.6849 9.5467 8.1724 7.6041 8.0950 8.5151 8.7812 4.0752 12.9233 2.2680 7.8116 3.4361 5.6030 4.3598 5.7228 10.8673 1.2799 8.1609 4.1179 11.8809 2.7968 13.3773 8.7487 0.7280 12.8099 10.1618 0.0000 1.0915 7.7919 11.3568 8.9498 9.3150 3.7479 3.9008 3.3737
3.7554 2.4141 10.1208 7.4149 7.2863 8.5823 11.0917 1.6341 3.6143 10.4959 10.8727 8.0100 7.8565 8.2781 7.7630 3.9105 7.1553 12.9021 3.6477 7.1267 8.1659 4.8795 2.7670 9.2895 2.7247 8.3439 10.0886 5.7776 4.5409 1.6570 7.1210 3.1529 1.0480 2.7923 8.1451 3.8570 9.4283 7.3445 7.4857 7.9765 8.3967 7.9533 3.9568 12.8048 2.1496 6.9837 3.6484 4.7751 4.5182 4.8949 10.0394 0.1883 9.2336 4.3302 11.7625 3.0091 13.2589 7.9208 0.6133 12.6915 10.0434 1.0251 0.0000 7.6734 11.8057 8.8313 8.4871 2.9200 4.1131 2.9969
8.7133 8.4049 3.5760 2.4345 1.4313 6.7732 5.3867 8.3907 6.7410 5.6609 4.0626 6.3839 4.6502 5.4366 4.9223 13.1190 5.7383 8.4406 11.0542 5.7097 2.3109 14.3952 6.9038 8.2896 8.3407 1.2451 3.9741 5.8094 7.9749 9.4437 5.7041 13.8515 8.5385 6.8937 5.7394 5.8265 8.4285 4.3894 2.5052 7.9852 8.0410 6.5364 8.1271 8.6382 8.5677 4.6763 14.0329 11.4894 14.8145 11.6092 2.6301 7.5347 12.4406 10.7522 7.0180 10.6407 8.8706 5.0954 8.1037 7.9805 9.0436 8.5156 7.4905 0.0000 4.6935 7.0223 5.1673 10.4105 10.7234 13.1798
11.2603 10.9519 1.3498 4.9815 5.3702 7.5816 1.3134 10.9377 9.2880 1.5876 0.8337 7.1923 5.4586 6.2450 5.7307 15.6105 6.3036 6.2905 13.6012 6.2750 6.2498 16.8866 9.4508 10.5627 10.8877 4.2705 1.4126 6.8421 10.5219 11.9907 6.2693 16.3430 11.0855 9.4407 6.5478 8.3735 10.7015 4.9547 5.0523 8.4847 8.5857 7.1016 10.6741 6.4882 11.1147 5.2415 16.5244 13.9808 17.3060 14.1006 3.0292 10.0817 14.9876 13.2993 4.7283 13.1877 6.7206 5.9038 10.6508 6.3191 11.3166 11.0626 10.0375 4.4638 0.0000 7.8306 5.9757 13.5356 13.2704 15.6713
6.3268 6.3081 6.8880 7.3534 7.2247 0.5383 8.7603 9.5373 6.2211 9.0345 7.3746 2.4156 2.9550 1.5727 2.4947 11.2103 3.2459 5.7270 8.6678 3.1083 8.1044 12.1793 7.4312 2.9837 6.8810 6.6607 6.7219 4.4944 6.1563 7.8693 4.1269 10.1786 7.5752 8.3355 1.7711 7.2682 3.1225 4.7824 7.4242 1.0320 1.2772 2.9889 6.5282 5.6298 6.4709 5.0692 9.5359 12.6783 11.8180 12.7981 5.5702 8.3552 10.0434 8.3658 4.5874 9.0211 6.0839 2.8075 8.1654 5.5164 3.7376 8.2189 8.1668 6.8539 8.0055 0.0000 2.2118 10.8232 8.3369 10.5521
8.0595 8.0407 4.9657 5.4493 5.8379 2.1000 6.8379 9.0232 7.9537 7.1122 5.4522 1.6063 1.0326 0.7634 0.5724 11.8366 2.7941 5.2363 10.4004 1.4961 6.7176 12.8056 8.9286 4.9547 8.6136 4.7383 4.7996 3.6851 7.8889 9.6020 2.2045 11.4169 9.1710 7.5262 0.9618 6.4590 5.0935 2.8600 5.5200 3.0030 3.1041 2.1796 8.2609 5.7395 8.2035 3.1468 11.2685 14.6897 12.4443 14.8095 3.6479 8.1672 11.7761 10.0985 3.4085 10.7537 5.9719 0.8851 8.7363 5.0257 5.7087 9.1481 8.1230 4.9315 6.0832 2.3490 0.0000 11.0430 10.0696 11.2610
11.7560 11.4476 8.2442 5.4847 6.3975 11.2693 8.1717 11.4334 9.7837 7.5758 8.7308 11.3614 9.5657 11.4013 9.8378 9.2386 10.2918 13.3561 12.4015 10.2632 7.2772 10.5148 9.9465 11.3323 11.3834 7.1709 8.6422 8.8521 11.0176 12.4864 10.2575 9.9712 11.5812 9.9364 11.5997 8.8692 11.4712 9.3050 5.5554 11.0279 11.0837 11.0898 11.1698 13.5538 11.6104 10.1202 10.1526 7.6090 10.9342 7.7288 7.5456 10.5774 15.4833 13.0840 11.9335 11.7629 13.7862 10.0109 11.1464 12.8960 12.0863 11.5583 10.5332 6.5005 8.7200 11.6448 10.0829 0.0000 12.8669 9.2995
2.0101 2.8366 11.5380 8.8321 8.7034 9.0851 13.3486 4.7230 4.1171 15.5891 12.0246 9.1772 10.5993 9.2171 10.1391 4.1724 9.3470 13.4049 0.7001 9.3184 9.5830 5.1414 4.7143 9.7923 4.1641 9.7611 12.2305 7.9693 2.8887 2.6754 9.3128 3.1406 3.4678 6.4129 9.4155 7.4775 9.9311 9.5362 8.9029 8.4794 8.8995 9.4276 2.5152 13.3077 3.0683 9.1754 2.4979 6.3690 4.7800 6.4887 10.5976 4.0965 6.7876 0.5864 12.2653 2.0678 13.7617 10.1125 3.5446 13.1943 10.5462 3.2773 3.9082 9.0906 12.6555 9.3342 9.8562 6.7070 0.0000 3.5142
5.2051 4.7925 13.5670 10.8611 10.7325 11.1142 15.5042 3.6191 6.1536 14.9084 14.0536 11.2063 10.3732 11.2461 10.2797 1.0037 9.6719 15.4340 3.0989 9.6433 11.6121 1.9727 5.5941 11.8213 5.5518 11.7901 12.6053 8.2942 6.0838 3.6020 9.6377 1.0172 3.5578 5.3090 11.4445 6.3736 11.9602 9.8612 10.9319 10.5084 10.9286 10.4700 5.7102 15.3367 5.0242 9.5003 1.1986 3.2003 1.6114 3.3201 12.5561 3.1975 9.9826 3.7814 14.2944 2.4603 15.7908 10.4375 2.9034 15.2234 12.5753 3.3859 3.0091 11.1197 16.0526 11.3632 11.0038 7.3325 3.5643 0.0000
0.000 12.882 40.756 32.639 32.252 33.398 46.188 26.603 18.493 52.910 42.216 33.674 37.940 33.794 36.559 29.440 34.183 46.357 19.023 34.097 34.892 32.347 20.285 35.519 18.634 35.425 42.834 30.050 10.602 19.474 34.081 26.345 20.717 26.335 34.389 30.113 35.936 34.751 32.851 31.580 32.841 34.425 5.728 46.065 15.657 33.668 24.416 36.027 31.263 36.386 37.935 23.057 28.714 18.117 42.938 23.126 47.427 36.480 22.488 45.725 37.781 21.280 22.492 33.414 44.109 34.145 35.711 30.461 18.030 27.465
12.882 0.000 38.595 30.477 30.091 31.236 44.027 24.343 12.078 50.748 40.055 31.513 35.779 31.632 34.398 29.643 32.022 44.196 22.311 31.936 32.730 32.550 18.025 33.358 9.540 33.264 40.672 27.889 17.318 19.352 31.919 26.548 18.457 24.075 32.227 27.853 33.774 32.590 30.690 29.419 30.679 32.264 13.528 43.904 2.775 31.507 24.620 33.766 31.466 34.126 35.774 20.797 32.063 21.405 40.777 23.075 45.266 34.319 20.228 43.564 35.620 20.388 20.232 31.253 41.947 31.984 33.550 28.201 21.319 27.668
42.428 41.503 0.000 23.592 24.758 31.392 18.129 41.461 36.511 18.952 5.268 30.224 25.023 27.383 25.839 56.202 28.288 32.841 49.451 28.202 27.397 60.031 37.000 41.065 41.311 21.459 13.242 29.903 40.213 44.620 28.185 48.642 41.904 36.970 28.291 33.768 41.481 24.241 23.804 34.101 34.405 30.682 40.670 33.434 41.992 25.101 52.055 51.313 61.289 51.673 17.735 38.893 53.610 48.545 28.588 48.211 34.131 26.359 40.600 33.360 43.327 41.835 38.760 22.039 12.143 32.139 26.575 49.045 48.459 56.385
31.954 31.029 25.170 0.000 15.380 30.495 30.602 30.987 26.038 31.424 26.630 30.771 28.392 30.890 29.209 39.427 27.562 39.764 38.977 27.476 18.496 42.334 26.526 30.684 30.837 18.177 26.364 23.243 29.740 34.146 27.459 38.168 31.430 26.496 31.486 23.294 31.100 27.610 0.848 29.770 29.938 29.956 30.196 40.356 31.518 27.047 41.582 45.773 41.250 46.133 22.332 28.419 43.137 38.072 35.495 37.737 41.053 29.859 30.126 38.383 32.945 31.362 28.286 16.215 28.522 31.621 29.944 37.046 37.985 37.700
37.345 36.419 25.300 15.380 0.000 35.885 30.732 36.377 31.428 31.555 26.760 33.724 28.523 30.882 29.339 50.649 32.952 39.894 44.368 32.866 16.522 54.478 31.668 36.074 36.227 18.308 26.494 24.750 35.130 39.536 32.849 52.847 36.820 31.886 31.790 28.684 36.490 27.740 16.228 35.160 35.328 35.346 35.586 40.487 36.908 28.601 46.972 45.761 55.736 46.120 22.462 33.809 48.527 43.462 35.626 43.127 41.184 29.858 35.516 38.514 38.335 36.752 33.676 16.897 28.653 37.011 30.074 42.437 43.375 50.832
32.553 32.497 31.917 33.368 35.246 0.000 37.534 40.750 32.236 38.356 33.377 16.328 20.118 15.263 18.737 47.203 20.991 28.434 39.576 20.578 37.886 50.110 35.866 21.432 34.215 31.235 31.419 24.736 32.041 37.180 23.633 44.108 36.298 36.259 17.518 33.058 21.848 25.600 33.580 14.030 8.000 20.219 33.157 28.142 32.985 26.460 42.180 51.607 49.026 51.967 27.964 38.182 43.703 38.670 25.015 40.636 29.504 19.675 38.069 27.802 23.694 38.229 38.050 31.815 35.269 6.225 17.888 46.042 38.583 45.229
47.897 46.971 18.031 29.083 30.092 36.726 0.000 46.929 41.980 7.108 17.883 35.558 30.357 32.716 31.174 57.564 32.526 31.679 54.919 32.440 32.731 61.392 42.468 45.303 46.779 26.793 20.265 34.141 45.682 50.088 32.423 59.761 47.372 42.438 33.625 39.236 45.719 28.479 29.295 44.389 39.739 34.920 46.138 32.272 47.460 29.339 60.306 52.675 62.651 53.034 24.797 44.361 59.079 54.014 27.800 53.679 32.969 31.693 46.068 32.572 47.565 47.304 44.228 27.373 13.615 37.473 31.909 52.049 53.927 57.746
27.319 23.295 44.500 36.221 33.724 41.799 44.282 0.000 26.895 42.494 44.820 36.232 35.771 37.036 35.491 24.638 33.668 52.238 24.795 33.582 36.362 27.545 24.353 41.217 24.227 36.896 42.468 29.535 29.675 21.023 33.565 23.311 19.196 18.561 36.637 23.773 41.634 34.235 36.433 40.304 41.242 36.062 27.923 54.457 22.501 33.153 24.797 27.232 26.461 27.591 42.320 15.637 43.753 26.843 45.020 22.880 55.154 35.964 14.903 51.606 43.479 19.128 13.522 34.885 47.619 42.546 37.663 19.767 26.191 22.843
20.469 12.078 35.896 27.778 27.392 29.603 41.328 28.051 0.000 48.049 37.356 29.879 34.146 29.999 32.765 34.880 29.323 42.563 27.492 29.237 30.031 37.787 16.537 31.493 15.020 30.565 38.123 25.190 21.031 23.059 29.220 32.029 22.165 22.616 30.594 26.394 31.909 29.891 27.991 27.786 29.047 30.631 20.482 42.271 13.727 28.808 30.101 37.474 36.703 37.834 33.075 24.505 27.930 26.586 39.144 28.556 43.633 31.620 23.935 41.931 33.755 24.096 23.940 28.554 39.248 30.350 31.917 31.909 26.499 33.150
47.918 46.993 20.490 29.104 31.843 39.186 7.108 46.951 42.001 0.000 20.342 38.018 32.817 35.176 33.633 57.586 34.985 31.447 54.941 34.900 34.482 61.414 42.490 46.647 46.801 29.253 22.725 36.601 45.703 50.110 34.883 59.783 47.394 42.460 36.085 39.258 47.064 30.939 29.317 45.734 42.198 37.379 46.160 32.040 47.482 31.799 60.327 52.697 62.672 53.056 27.256 44.383 59.100 54.035 29.185 53.701 32.737 34.153 46.090 32.748 48.909 47.325 44.250 29.833 18.212 39.933 34.368 53.133 53.948 57.768
43.888 42.963 5.268 25.052 26.218 32.852 17.980 42.920 37.971 18.803 0.000 31.684 26.483 28.842 27.299 57.662 29.747 30.542 50.911 29.662 28.856 61.490 38.459 42.525 42.770 22.919 11.530 31.363 41.673 46.079 29.644 50.101 43.364 38.429 29.751 35.227 42.941 25.701 25.264 35.561 35.864 32.141 42.130 31.136 43.451 26.561 53.515 52.773 62.749 53.132 19.195 40.352 55.070 50.005 25.429 49.670 31.833 27.818 42.059 30.201 44.786 43.295 40.219 23.498 8.238 33.599 28.034 50.505 49.918 57.844
33.301 33.245 28.977 31.035 30.649 16.328 36.045 36.359 32.984 36.868 30.437 0.000 16.672 5.568 10.745 44.799 11.253 28.899 40.324 12.282 33.288 47.706 36.075 25.821 34.963 28.295 29.930 20.345 32.789 38.630 19.503 43.541 36.803 31.868 5.803 28.667 26.238 22.660 31.247 19.966 10.012 12.320 33.905 30.408 33.733 23.521 42.928 47.393 46.622 47.753 25.024 33.791 44.451 39.418 23.415 41.383 31.105 10.242 35.498 28.267 28.083 36.734 33.659 28.875 32.330 14.618 10.550 42.419 39.331 43.073
40.540 40.484 25.514 26.965 28.131 20.769 31.131 40.825 40.223 31.954 26.974 16.672 0.000 16.532 7.132 49.265 13.192 26.986 47.563 13.425 30.770 52.172 40.373 29.333 42.203 24.832 25.016 24.811 40.028 43.095 15.293 48.006 41.268 36.334 15.347 33.132 29.749 19.198 27.178 23.478 23.781 17.958 41.144 28.496 40.972 20.058 50.167 54.687 51.088 55.046 21.561 38.257 51.690 46.657 21.503 48.623 29.193 8.098 39.964 26.354 31.595 41.200 38.124 25.412 28.867 21.516 11.252 46.885 46.570 47.538
33.071 33.015 27.946 29.397 31.069 15.263 33.563 36.779 34.417 34.386 29.406 5.568 16.532 0.000 11.088 45.220 13.620 27.868 40.094 14.648 33.708 48.127 36.495 27.370 34.733 27.264 27.448 20.765 32.560 39.050 19.663 43.960 37.223 32.288 2.425 29.087 27.786 21.629 29.609 21.514 9.732 15.412 33.675 29.377 33.503 22.489 45.447 47.813 47.042 48.173 23.993 34.211 44.221 39.188 22.384 43.529 30.074 11.787 35.918 27.236 29.632 37.154 34.079 27.844 31.299 16.905 7.672 42.839 39.101 43.493
37.790 37.733 26.711 28.162 29.328 19.911 32.328 39.687 37.472 33.151 28.171 10.745 7.132 11.088 0.000 48.127 10.257 27.523 44.812 10.812 31.967 51.034 39.403 28.475 39.452 26.029 26.213 23.672 37.278 41.957 14.242 46.868 40.130 35.196 9.903 31.994 28.892 20.395 28.375 22.620 20.098 15.023 38.394 29.033 38.222 21.255 47.417 55.884 49.950 56.243 22.758 37.119 48.940 43.907 22.040 46.437 29.730 3.810 38.826 26.892 30.737 40.061 36.986 26.609 30.064 20.658 5.837 45.746 43.820 46.400
28.874 27.636 57.950 49.672 45.456 46.601 57.733 26.696 31.720 55.946 59.410 46.878 46.880 46.997 49.764 0.000 44.776 59.561 22.556 44.690 48.095 5.623 31.926 48.723 31.762 48.629 53.576 40.643 31.510 26.787 44.673 18.172 26.710 31.687 47.593 34.881 49.140 45.344 49.884 44.784 46.045 47.629 30.390 59.269 28.332 44.261 18.597 7.092 2.378 9.583 55.855 25.109 43.207 24.603 56.142 20.640 60.631 47.073 26.941 58.929 50.985 26.139 24.544 46.618 59.378 47.349 48.915 33.218 23.952 10.472
35.919 35.863 30.222 29.798 29.412 19.576 34.809 35.123 32.760 35.631 31.046 11.253 13.192 13.620 10.257 43.563 0.000 30.768 42.942 1.845 32.051 46.470 34.839 28.140 37.582 29.540 28.694 19.108 35.408 37.393 9.167 42.304 35.566 30.631 11.195 27.430 28.556 16.845 30.010 22.285 17.864 5.585 36.523 31.653 36.352 19.668 43.790 46.157 45.386 46.516 28.546 32.554 47.069 42.036 24.660 41.873 32.350 6.957 34.262 30.136 30.402 35.497 32.422 29.835 33.845 20.323 12.682 41.182 41.950 41.836
46.397 46.341 32.956 37.764 38.930 29.293 31.766 50.881 46.080 31.957 30.633 28.631 26.871 27.096 27.688 59.321 32.156 0.000 53.420 29.789 41.569 62.228 49.710 37.111 48.059 35.631 29.162 34.867 45.885 51.024 30.387 57.952 50.142 46.390 26.697 43.189 37.528 32.248 37.976 31.257 27.404 30.350 47.001 5.603 46.829 33.108 56.024 65.485 61.145 65.845 29.015 48.313 57.547 52.514 13.038 54.480 3.932 28.207 50.020 9.608 38.405 51.256 48.181 36.211 31.726 29.431 26.854 56.941 52.427 59.073
19.023 21.502 47.606 39.489 39.103 40.248 53.038 24.773 25.344 59.760 49.066 40.524 44.791 40.644 43.410 23.121 41.033 53.207 0.000 40.948 41.742 26.028 27.136 42.369 25.485 42.276 49.684 36.900 21.659 21.019 40.931 20.026 22.877 29.843 41.239 33.037 42.786 41.601 39.701 38.431 39.691 41.275 20.538 52.916 22.198 40.519 17.610 29.711 24.944 30.070 44.785 23.508 33.355 14.742 49.788 15.520 54.278 43.330 23.108 52.575 44.631 22.306 22.943 40.264 50.959 40.995 42.561 30.725 8.082 21.146
36.398 36.342 30.701 30.277 29.891 20.054 35.288 35.601 33.239 36.110 31.525 12.282 13.425 14.648 10.812 44.041 1.845 31.247 43.421 0.000 32.530 46.948 35.317 28.619 38.061 30.019 29.172 19.587 35.887 37.871 8.175 42.782 36.045 31.110 12.223 27.909 29.035 16.328 30.489 22.764 18.343 6.613 37.002 32.132 36.830 19.152 44.269 46.635 45.865 46.995 29.025 33.033 47.548 42.515 25.139 42.351 32.829 7.832 34.741 30.615 30.880 35.976 32.901 29.318 34.324 20.802 13.557 41.661 42.428 42.315
39.984 39.059 27.939 21.147 16.522 38.524 33.371 39.016 34.067 34.194 29.399 36.363 31.162 33.521 31.978 53.288 35.591 42.533 47.006 35.505 0.000 57.117 29.410 38.713 38.866 20.946 29.133 28.603 37.768 42.175 35.488 55.486 39.459 19.598 34.429 16.948 39.129 30.380 21.359 37.799 37.967 37.985 38.225 43.126 39.547 31.240 49.611 48.399 58.375 48.759 25.101 35.418 51.166 46.100 38.265 45.766 43.823 32.497 38.155 41.152 40.975 39.391 36.315 18.935 31.292 39.650 32.713 42.073 46.014 53.471
30.143 28.905 56.856 48.577 51.316 47.870 56.638 25.601 32.988 54.850 58.315 46.245 45.785 48.266 45.505 5.623 43.681 60.829 23.824 43.595 53.955 0.000 31.204 49.991 31.077 53.636 52.481 39.548 32.779 25.228 43.579 18.506 25.095 30.593 46.651 33.786 50.408 44.249 48.789 46.053 47.313 46.075 31.658 60.537 29.600 43.166 19.050 8.505 4.808 7.535 54.760 24.014 44.475 25.871 57.410 21.908 61.900 45.978 23.132 60.197 52.253 24.579 23.449 51.625 58.283 48.617 47.677 32.123 25.220 15.972
20.552 17.379 34.062 25.944 25.558 31.836 39.493 24.611 16.642 46.215 35.521 30.053 29.592 30.857 29.312 31.441 27.489 44.795 27.575 27.403 28.197 34.348 0.000 33.725 16.311 28.731 36.289 23.356 22.909 19.620 27.386 29.168 18.725 19.993 30.458 23.205 34.142 28.056 26.156 30.018 31.279 29.883 21.156 44.503 17.868 26.974 27.486 34.035 33.264 34.394 31.241 21.065 34.924 26.669 41.376 27.665 45.866 29.785 20.496 44.163 35.987 20.656 20.500 26.720 37.414 32.583 31.484 28.469 26.582 28.700
32.766 32.710 40.470 32.939 32.553 21.469 44.773 40.052 32.449 45.596 41.010 27.101 28.719 24.572 27.338 47.417 35.156 37.035 39.789 29.179 35.192 50.324 36.080 0.000 34.429 35.726 38.658 29.864 32.255 37.394 32.235 44.322 36.511 35.560 25.167 32.359 2.847 36.284 33.151 19.137 23.686 28.821 33.370 36.743 33.199 34.641 42.393 60.104 49.240 60.463 38.510 37.483 39.618 38.883 33.616 40.849 38.106 28.277 38.282 36.403 5.705 38.443 38.286 33.714 43.809 20.988 26.489 46.255 38.797 45.442
18.414 9.540 39.090 30.972 30.586 32.895 44.521 22.959 15.020 51.243 40.550 33.171 37.437 33.290 36.057 29.788 32.517 45.854 23.591 32.431 33.225 32.695 17.904 35.016 0.000 33.759 42.331 28.384 20.770 17.527 32.414 27.515 17.122 25.021 33.886 28.799 35.433 33.084 31.184 31.077 32.338 33.922 19.018 45.562 7.920 32.002 25.833 32.382 31.611 32.741 36.269 19.412 34.849 22.685 42.435 26.012 46.925 34.813 18.843 45.222 37.278 19.003 18.848 31.747 42.442 33.642 35.208 26.817 22.599 27.047
40.331 39.406 22.073 21.494 18.379 31.665 27.505 39.363 34.414 28.328 23.533 30.497 25.296 27.655 26.112 53.442 28.560 36.667 47.353 28.474 21.018 57.271 34.902 39.060 39.213 0.000 23.267 22.790 38.116 42.522 28.457 46.544 39.806 34.872 28.563 31.670 39.476 24.513 21.707 38.147 34.677 30.954 38.572 37.260 39.894 25.374 49.958 48.553 58.529 48.913 19.235 36.795 51.513 46.448 32.399 46.113 37.957 26.631 38.502 35.287 41.322 39.738 36.662 11.843 25.426 32.412 26.847 49.198 46.361 53.625
43.219 43.162 13.242 25.418 26.584 29.509 19.557 43.504 38.338 20.380 11.530 28.342 23.140 25.500 23.957 58.028 25.874 28.707 50.242 25.788 29.223 61.857 38.826 38.651 43.137 23.285 0.000 27.490 42.707 46.446 25.771 50.685 43.947 39.013 26.408 35.811 39.068 21.827 25.630 37.738 32.522 28.268 43.823 29.300 43.651 22.688 52.846 53.140 63.115 53.499 18.145 40.936 55.437 49.336 22.555 51.301 29.997 24.476 42.643 27.327 40.913 43.879 40.803 23.865 15.742 30.257 24.692 50.871 49.249 58.211
34.344 32.561 30.812 22.694 22.308 28.024 34.121 28.019 30.462 34.944 32.272 21.771 21.311 22.575 21.030 36.459 19.207 37.777 36.685 19.121 24.947 39.366 27.735 28.213 32.046 22.790 28.006 0.000 31.245 30.289 19.104 35.200 28.462 23.528 22.176 20.326 28.630 18.202 22.907 27.300 27.467 21.601 34.948 39.996 31.767 17.885 36.687 39.053 38.282 39.412 27.859 25.451 44.642 38.732 30.558 34.769 40.693 21.503 27.158 37.145 30.475 28.394 25.318 12.290 33.158 29.151 23.202 34.078 38.081 34.732
10.602 17.318 39.532 31.414 31.028 33.239 44.964 29.239 20.852 51.685 40.992 33.515 37.782 33.635 36.401 32.076 32.959 46.199 21.659 32.873 33.667 34.983 22.921 35.129 21.271 34.201 41.759 28.826 0.000 22.110 32.856 28.980 23.353 28.971 34.230 32.749 35.545 33.527 31.627 31.422 32.682 34.267 8.478 45.907 20.040 32.444 27.052 38.662 33.898 39.022 36.711 25.693 26.968 20.753 42.780 25.762 47.269 35.255 25.124 45.567 37.391 23.916 25.128 32.190 42.884 33.986 35.553 33.097 20.666 30.101
20.345 19.247 41.681 33.564 33.178 37.066 49.654 21.281 22.162 47.867 43.141 37.342 37.212 37.462 40.228 23.905 35.108 50.025 22.646 35.023 35.816 26.812 19.620 39.187 17.527 36.351 43.908 30.975 22.980 0.000 35.006 23.237 7.802 24.756 38.057 27.950 39.604 35.676 33.776 35.248 36.509 38.093 21.860 49.733 17.380 34.594 23.672 29.533 25.727 29.892 38.860 17.735 34.677 21.740 46.606 21.397 51.096 37.405 13.777 49.393 41.449 6.657 17.720 34.339 45.034 37.813 39.379 25.139 21.653 22.769
39.375 39.319 29.084 30.535 32.868 23.032 34.700 38.579 36.216 35.523 30.543 18.218 15.293 19.022 14.242 47.018 9.167 30.555 46.398 8.175 35.507 49.925 38.294 31.596 41.038 28.402 28.586 22.564 38.864 40.849 0.000 45.760 39.022 34.087 18.623 30.886 32.012 16.872 30.747 25.741 21.319 12.872 39.980 32.065 39.807 19.695 47.246 49.612 48.842 49.972 25.130 36.010 50.525 45.492 25.072 45.328 32.762 12.670 37.718 29.924 33.858 38.953 35.878 28.981 32.436 23.779 19.649 44.638 45.406 45.292
26.231 24.993 51.316 43.199 42.813 43.958 60.029 23.288 29.076 58.242 52.776 44.234 43.551 44.354 43.270 17.541 41.447 56.917 19.912 41.361 45.452 20.448 29.282 46.079 29.118 45.986 50.247 37.314 28.867 24.143 41.344 0.000 24.067 28.358 44.949 31.552 46.496 42.015 43.411 42.141 43.401 43.841 27.746 56.626 25.688 40.932 9.060 23.118 18.807 23.477 48.495 22.024 40.563 21.959 53.498 17.996 57.988 43.744 21.141 56.285 48.341 23.495 21.459 43.974 54.669 44.705 46.271 35.514 21.308 11.035
21.691 17.667 40.787 32.669 32.283 36.171 47.828 19.454 21.267 46.040 42.247 36.447 38.122 36.567 37.841 23.743 36.018 49.131 22.877 35.932 34.922 26.650 18.725 38.293 17.122 35.456 44.818 31.885 24.047 7.802 35.915 22.133 0.000 22.929 37.162 26.123 38.709 36.586 32.882 34.354 35.614 38.412 22.295 48.839 16.873 35.503 22.880 28.878 25.566 29.237 37.966 13.703 38.125 23.787 45.712 20.962 50.201 38.315 8.523 48.499 40.555 2.603 11.383 33.445 44.139 36.918 38.485 23.312 24.274 22.608
26.660 24.554 38.474 28.303 27.917 35.240 42.776 18.561 22.778 43.599 39.014 30.425 29.965 31.230 29.685 29.274 27.861 46.432 29.500 27.775 19.598 32.181 20.051 35.411 24.362 31.090 36.661 23.728 29.016 23.104 27.759 28.015 21.277 0.000 30.831 3.997 35.828 28.429 28.515 34.498 34.665 30.255 27.264 48.650 25.043 27.346 29.502 31.868 31.097 32.227 36.514 18.266 41.061 31.547 39.213 27.584 49.348 30.158 19.973 45.800 37.673 21.209 18.133 29.079 41.812 35.986 31.857 25.463 30.896 27.547
36.981 36.925 28.726 30.860 30.474 17.518 35.870 36.184 33.822 36.693 30.185 5.803 15.347 2.425 9.903 44.624 11.195 28.647 44.004 12.223 33.112 47.531 35.900 32.413 38.643 28.043 29.755 20.170 36.469 38.454 19.445 43.365 36.628 31.693 0.000 28.492 32.830 22.409 31.072 22.294 11.987 14.190 37.585 30.157 37.413 24.948 44.852 47.218 46.447 47.578 29.608 33.616 48.131 43.098 23.164 42.934 30.854 9.457 35.323 28.015 34.675 36.559 33.483 28.623 34.907 19.160 6.487 42.244 43.011 42.898
30.349 28.567 36.788 26.618 26.232 33.554 41.091 24.025 26.468 41.914 37.329 28.741 28.280 29.545 28.000 32.465 26.177 44.747 32.690 26.091 16.948 35.372 23.205 33.726 28.052 29.405 34.976 22.043 32.706 26.295 26.074 31.206 24.468 3.997 29.146 0.000 34.143 26.744 26.831 32.813 32.980 28.570 30.954 46.966 27.773 25.662 32.692 35.059 34.288 35.418 34.829 21.457 44.751 34.738 37.528 30.775 47.663 28.473 23.164 44.115 35.988 24.400 21.324 27.394 40.128 34.302 30.172 27.777 34.087 30.738
35.339 35.282 43.824 36.293 35.907 22.147 48.127 43.406 35.022 48.950 44.365 27.779 29.397 25.250 28.017 49.989 38.510 37.886 42.361 38.425 38.546 52.896 38.652 2.847 37.001 39.080 42.012 33.218 34.827 39.966 38.408 46.894 39.084 38.915 25.846 35.713 0.000 39.638 36.505 19.816 24.364 29.499 35.943 37.594 35.771 37.996 44.966 63.458 51.812 63.818 41.865 40.838 40.297 41.456 34.466 43.421 38.956 28.955 40.855 37.253 4.093 41.015 40.705 37.069 47.163 21.667 27.168 48.828 41.369 48.015
35.734 35.678 24.338 25.789 26.955 23.794 30.150 37.940 32.535 30.973 25.798 18.980 18.519 19.784 18.239 46.380 16.845 34.986 42.757 16.328 29.594 49.287 34.784 31.166 37.396 23.657 24.035 18.202 35.222 40.361 16.872 45.121 38.383 33.449 19.385 30.247 31.583 0.000 26.002 26.503 22.081 17.705 36.338 34.760 36.166 5.272 45.361 53.511 48.203 53.870 20.385 35.372 46.884 41.851 27.767 43.816 35.457 18.712 37.079 34.354 33.428 38.315 35.240 20.508 27.691 24.541 20.411 44.000 41.764 44.653
32.167 31.242 25.382 0.848 16.228 30.707 30.814 31.199 26.250 31.637 26.842 30.983 28.605 31.103 29.421 39.639 27.774 39.976 39.190 27.689 18.708 42.546 26.738 30.896 31.049 18.389 26.576 23.456 29.952 34.358 27.672 38.380 31.643 26.708 31.698 23.507 31.312 27.822 0.000 29.983 30.150 30.168 30.408 40.569 31.730 27.260 41.794 45.986 41.462 46.345 22.544 28.631 43.349 38.284 35.708 37.949 41.266 30.071 30.338 38.595 33.158 31.574 28.498 17.063 28.735 31.833 30.156 37.258 38.197 37.912
32.150 32.093 34.670 34.361 33.975 14.030 40.286 41.781 31.832 41.109 36.129 21.252 22.870 18.724 21.490 46.800 23.743 31.187 39.172 23.331 36.614 49.707 35.463 19.100 33.812 33.988 34.171 27.489 31.638 36.777 26.386 43.705 35.895 36.983 19.319 33.781 19.517 28.353 34.574 0.000 17.837 22.972 32.754 30.895 32.582 29.213 41.777 51.204 48.623 51.563 30.716 38.235 41.483 38.266 27.768 40.232 32.257 22.428 37.665 30.555 21.362 37.826 37.670 34.567 38.022 11.787 20.641 45.639 38.180 44.825
31.748 31.692 30.661 32.111 33.783 8.000 36.277 39.494 31.431 37.100 32.120 10.012 18.862 9.732 17.481 46.398 19.734 27.178 38.771 19.322 36.422 49.305 35.061 22.433 33.410 29.979 30.162 23.480 31.236 36.375 22.377 43.303 35.493 35.003 11.987 31.801 22.850 24.344 32.324 16.579 0.000 18.963 32.352 26.886 32.180 25.204 41.375 50.528 48.221 50.888 26.707 36.926 42.898 37.865 23.759 39.831 28.248 18.419 37.264 26.546 24.695 37.424 36.793 30.558 34.013 7.710 17.233 45.237 37.778 44.424
34.734 34.678 30.737 30.029 29.643 20.730 35.040 35.354 30.480 35.863 31.277 12.320 17.958 15.412 15.023 43.794 5.585 31.922 41.757 6.613 32.282 46.701 32.728 30.166 33.973 30.055 28.925 19.340 34.222 37.624 12.872 42.535 35.797 30.863 14.190 27.661 30.583 17.705 30.241 23.439 18.586 0.000 35.338 32.807 35.166 20.528 44.361 46.388 45.617 46.747 28.777 32.786 45.884 40.851 25.814 42.104 33.504 11.723 34.493 31.291 32.428 35.728 32.653 30.634 34.076 21.477 16.962 41.413 40.764 42.067
5.728 13.528 41.513 33.395 33.009 34.154 46.945 27.360 19.250 53.666 42.973 34.430 38.697 34.550 37.316 30.930 34.940 47.114 20.513 34.854 35.648 33.837 21.042 36.276 19.391 36.182 43.590 30.807 8.478 20.965 34.837 27.835 21.474 27.092 35.145 30.870 36.692 35.508 33.608 32.337 33.597 35.182 0.000 46.822 16.303 34.425 25.907 36.783 32.753 37.143 38.692 23.814 29.512 19.607 43.695 24.616 48.184 37.236 23.245 46.482 38.538 23.405 23.249 34.171 44.865 34.901 36.468 31.218 19.521 28.956
45.242 45.185 31.801 36.608 37.775 28.137 30.611 49.726 44.924 30.802 29.478 27.475 25.716 25.941 26.532 58.166 31.000 5.603 52.264 28.634 40.413 61.073 48.555 35.956 46.904 34.476 28.007 33.712 44.730 49.869 29.232 56.797 48.987 45.235 25.542 42.033 36.373 31.092 36.821 30.101 26.249 29.195 45.846 0.000 45.674 31.953 54.869 64.330 59.989 64.689 27.860 47.158 56.392 51.358 9.138 53.324 4.113 27.052 48.865 4.962 37.249 50.101 47.025 35.055 30.570 28.275 25.699 55.785 51.272 57.917
15.657 2.775 39.290 31.173 30.787 31.932 44.722 22.759 13.727 51.444 40.750 32.208 36.474 32.327 35.094 29.588 32.717 44.891 23.007 32.632 33.425 32.495 18.721 34.053 7.920 33.959 41.368 28.584 19.807 17.380 32.614 27.243 16.873 24.770 32.923 28.548 34.470 33.285 31.385 30.115 31.375 32.959 16.303 44.599 0.000 32.203 25.315 32.182 31.412 32.542 36.469 19.213 33.886 22.101 41.472 23.770 45.962 35.014 18.644 44.259 36.315 18.804 18.648 31.948 42.643 32.679 34.245 26.617 22.014 28.364
41.704 41.648 22.990 24.441 25.607 27.189 28.802 41.989 37.360 29.624 24.450 22.375 21.101 23.180 21.917 50.429 19.668 34.082 48.727 19.152 28.246 60.880 37.849 37.136 42.159 22.308 22.686 17.885 41.192 44.259 19.695 49.170 42.432 37.498 22.781 34.296 37.553 5.272 24.653 29.899 25.477 20.528 42.308 34.675 42.136 0.000 51.331 52.162 52.252 52.522 19.037 39.421 52.853 47.821 28.204 49.786 35.373 22.108 41.128 33.056 39.398 42.363 39.288 19.472 26.343 27.937 22.652 49.894 47.734 48.702
25.013 23.775 50.099 41.981 41.595 42.740 60.907 24.744 27.858 59.120 51.558 43.016 45.006 43.136 45.902 17.406 42.903 55.700 17.610 42.817 44.234 20.313 28.064 44.861 27.901 44.768 51.703 38.770 27.649 22.925 42.800 9.060 22.849 29.814 43.731 33.008 45.278 43.470 42.193 40.923 42.183 43.767 26.528 55.408 24.470 42.388 0.000 23.995 18.652 24.317 47.278 23.479 39.345 20.742 52.281 16.778 56.770 45.199 23.079 55.068 47.123 22.277 22.914 42.757 53.451 43.487 45.053 36.392 20.090 13.897
33.608 32.370 58.694 57.782 50.190 51.335 65.843 33.339 36.453 64.056 60.153 51.611 53.601 51.731 54.497 7.092 51.498 64.294 27.289 51.412 52.829 8.505 36.659 53.457 36.496 53.363 60.298 47.365 36.244 31.520 51.395 22.906 31.444 38.409 52.326 41.603 53.873 52.065 57.995 49.518 50.778 52.362 35.123 64.003 33.065 50.983 23.450 0.000 6.297 5.887 63.965 32.074 47.940 29.337 60.876 25.373 65.365 53.794 31.674 63.663 55.718 30.872 31.509 51.352 67.488 52.082 53.648 41.328 28.685 17.460
29.651 28.414 56.127 47.849 50.588 47.379 55.910 24.873 32.497 54.122 57.587 45.517 45.057 46.322 44.776 2.378 42.953 60.338 23.333 42.867 53.226 4.808 30.476 49.500 30.349 52.908 51.753 38.820 32.288 24.500 42.850 17.778 24.367 29.864 45.922 33.058 49.917 43.521 48.061 45.562 46.822 45.347 31.167 60.046 29.109 42.438 18.322 6.297 0.000 8.768 54.032 23.286 43.984 25.380 56.919 21.417 61.408 45.250 22.404 59.706 51.762 23.851 22.721 50.896 57.555 48.126 46.948 31.395 24.729 12.727
32.337 31.099 57.423 56.511 48.919 50.064 64.572 32.068 35.183 62.785 58.882 50.340 52.331 50.460 53.226 9.583 50.227 63.023 26.018 50.141 51.558 7.535 35.388 52.186 35.224 52.092 59.026 46.093 34.973 30.250 50.124 21.634 30.172 37.138 51.055 40.332 52.602 50.794 56.723 48.247 49.507 51.092 33.852 62.731 31.794 49.712 22.179 5.887 8.768 0.000 62.694 30.803 46.669 28.066 59.605 24.102 64.094 52.523 30.403 62.392 54.447 29.601 30.238 50.081 66.217 50.811 52.377 40.057 27.414 19.932
41.849 39.620 17.748 21.709 22.875 27.609 23.180 39.578 34.628 24.003 19.208 26.441 21.240 23.600 22.057 54.319 23.904 31.187 48.872 23.818 25.514 58.148 35.117 37.282 39.428 19.576 18.400 26.120 41.338 42.737 23.801 46.759 40.021 35.087 24.508 31.885 37.699 19.857 21.921 30.319 30.622 26.298 42.454 31.779 40.109 20.577 51.476 49.430 59.406 49.790 0.000 37.009 51.727 47.966 25.034 46.328 32.477 22.576 38.717 29.806 39.544 39.953 36.877 20.156 21.101 28.357 22.792 47.162 47.880 54.502
23.831 19.807 42.927 34.810 34.424 38.312 45.840 15.637 23.408 44.053 45.183 36.595 36.135 37.399 35.854 24.296 34.031 51.271 23.508 33.945 35.418 27.203 20.866 40.433 20.739 37.597 42.831 29.898 26.188 17.536 33.928 22.024 13.703 19.618 37.000 23.615 40.850 34.598 35.022 36.495 37.755 36.425 24.435 50.979 19.014 33.516 23.510 26.890 26.120 27.250 42.683 0.000 40.266 25.556 47.852 21.593 52.342 36.327 8.660 50.639 42.695 13.987 2.320 35.585 47.982 39.059 38.026 21.325 24.904 21.556
21.624 21.568 37.991 29.874 29.488 30.953 43.424 33.577 21.307 50.145 39.451 33.983 33.522 31.349 33.242 36.272 31.419 43.912 28.647 31.333 32.127 39.179 21.968 33.074 26.279 32.661 40.219 27.286 23.980 26.249 31.316 33.177 25.369 27.082 34.388 29.009 33.491 31.986 30.086 29.136 30.396 33.813 22.228 43.621 22.056 30.904 31.249 40.678 38.096 41.038 35.171 27.709 0.000 27.741 40.493 29.705 44.983 33.715 27.140 43.280 35.336 27.300 27.144 30.649 41.344 31.700 35.414 35.113 27.654 34.298
19.491 21.970 48.075 39.957 39.571 40.716 53.507 24.940 25.812 53.619 49.534 40.992 45.259 41.112 43.878 23.489 41.502 53.675 14.742 41.416 42.210 26.396 27.604 42.838 25.953 42.744 50.152 37.369 22.127 21.487 41.399 20.394 23.044 30.010 41.707 33.203 43.254 42.069 40.169 38.899 40.159 41.743 21.006 53.383 22.666 40.987 18.466 30.079 25.312 30.439 45.253 23.675 33.823 0.000 50.257 8.908 54.746 43.798 23.275 53.044 45.099 22.473 23.110 40.733 51.427 41.463 43.029 30.892 7.532 21.515
44.683 44.627 27.568 32.394 33.560 27.578 27.568 49.167 44.366 29.830 25.245 26.916 25.157 25.382 25.973 57.607 30.442 13.038 51.706 28.075 36.199 60.514 45.802 35.397 46.345 30.261 23.793 33.153 44.171 49.310 28.673 56.238 48.428 44.676 24.983 41.474 35.814 26.976 32.606 29.543 25.690 28.636 45.287 9.138 45.115 27.836 54.310 60.115 59.430 60.475 23.645 46.599 55.833 50.800 0.000 52.765 12.197 26.493 48.306 6.262 36.691 49.542 46.466 30.841 28.043 27.716 25.140 55.226 50.713 57.359
20.223 19.135 45.459 37.341 36.955 38.100 50.890 23.594 23.218 50.180 46.918 38.376 42.643 38.496 41.262 25.256 38.886 51.059 15.520 38.800 39.594 28.163 23.310 40.222 23.183 40.128 47.536 34.753 22.859 18.239 38.783 21.765 18.162 27.069 39.091 30.263 40.638 39.453 37.553 36.283 37.543 39.127 21.739 50.767 19.830 38.371 18.810 30.884 27.080 31.244 42.638 20.048 34.556 8.908 47.641 0.000 52.130 41.182 18.392 50.428 42.483 17.590 19.483 38.117 48.811 38.847 40.413 27.452 16.277 22.283
47.342 47.285 30.604 35.430 36.596 30.238 29.881 51.826 47.025 30.072 28.281 29.575 27.816 28.041 28.633 60.266 33.100 3.932 54.365 30.734 39.235 63.173 50.655 38.056 49.004 33.297 26.829 35.812 46.830 51.969 31.332 58.897 51.087 47.335 27.642 44.134 38.473 33.192 35.642 32.201 28.349 31.295 47.946 4.113 47.774 34.053 56.969 63.151 62.089 63.511 26.681 49.258 58.492 53.459 12.197 55.424 0.000 29.152 50.965 7.717 39.350 52.201 49.125 33.877 29.840 30.376 27.799 57.886 53.372 60.018
37.286 37.230 26.922 28.373 29.539 19.408 32.539 39.183 36.969 33.362 28.382 10.242 8.098 11.787 3.810 47.623 6.957 28.394 44.309 7.832 32.178 50.531 38.900 27.972 38.949 26.240 26.424 23.169 36.775 41.454 12.670 46.364 39.627 34.692 9.457 31.491 28.389 20.605 28.585 22.117 19.595 11.723 37.891 29.903 37.719 21.466 46.913 56.094 49.447 56.454 22.969 36.615 48.436 43.403 22.910 45.933 30.601 0.000 38.323 27.762 30.234 39.558 36.483 26.820 30.275 20.155 8.640 45.243 43.317 45.897
23.461 19.437 42.557 34.440 34.054 37.942 46.040 14.903 23.038 44.252 44.017 36.795 36.334 38.338 36.054 21.780 34.231 50.901 23.108 34.145 36.693 24.687 20.496 40.063 20.369 37.227 43.031 30.098 25.818 13.777 34.128 21.112 8.523 21.142 37.200 24.336 40.480 34.799 34.652 36.124 37.385 36.625 24.065 50.609 18.644 33.716 23.110 27.090 23.602 27.449 42.883 8.660 37.285 24.343 47.483 21.192 51.972 36.527 0.000 50.269 42.325 7.723 6.340 35.215 48.182 38.689 38.226 21.525 24.504 20.644
44.651 44.595 28.297 33.124 34.290 27.547 27.575 49.136 44.334 27.766 25.974 26.885 25.126 25.350 25.942 57.576 30.410 9.608 51.674 28.043 36.929 60.483 47.964 35.366 46.314 30.991 24.523 33.121 44.140 49.279 28.641 56.206 48.396 44.645 24.951 41.443 35.782 27.706 33.336 29.511 25.658 28.605 45.256 4.962 45.083 28.566 54.278 60.845 59.399 61.204 24.375 46.568 55.801 50.768 6.262 52.734 7.717 26.461 48.275 0.000 36.659 49.510 46.435 31.570 27.534 27.685 25.108 55.195 50.682 57.327
35.370 35.314 43.856 36.325 35.939 23.733 48.159 43.437 35.053 48.982 44.396 29.365 30.983 26.836 29.602 50.021 38.542 37.917 42.393 38.456 38.578 52.928 38.684 5.705 37.033 39.112 42.043 33.249 34.858 39.998 38.439 46.925 39.115 38.946 27.431 35.744 4.093 39.670 36.537 21.401 25.950 31.084 35.974 37.625 35.803 38.027 44.997 63.490 51.844 63.849 41.896 40.869 37.546 41.487 34.498 43.453 38.987 30.541 40.886 37.285 0.000 41.046 40.736 37.100 47.195 23.252 28.753 48.859 41.401 48.046
23.621 19.598 42.718 34.600 34.214 38.102 47.759 19.386 23.198 45.971 44.177 38.378 38.053 38.498 37.773 23.256 35.950 51.061 22.306 35.864 36.853 26.163 20.656 40.224 19.380 37.387 44.749 31.816 25.978 6.657 35.847 21.562 2.603 22.861 39.093 26.055 40.640 36.517 34.812 36.285 37.545 38.344 24.226 50.770 18.804 35.435 22.308 28.809 25.079 29.168 44.602 13.987 36.483 22.642 47.643 20.390 52.132 38.246 7.723 50.430 42.485 0.000 11.667 35.376 46.070 38.849 39.945 23.244 23.702 22.121
23.266 19.242 42.362 34.245 33.859 37.747 45.275 13.522 22.843 43.488 44.618 36.030 35.569 36.834 35.289 23.732 33.466 50.706 22.943 33.380 36.498 26.639 20.301 39.868 20.174 37.032 42.266 29.333 25.623 17.720 33.363 21.459 11.383 20.377 36.435 23.571 40.285 34.034 34.457 35.929 37.190 35.860 23.870 50.414 18.449 32.951 22.945 26.325 25.555 26.685 42.118 2.320 39.701 24.991 47.288 21.027 51.777 35.762 6.340 50.075 42.130 11.667 0.000 35.020 47.417 38.494 37.461 20.760 24.339 20.991
38.140 37.215 22.728 16.215 16.897 32.320 28.160 37.172 32.223 28.983 24.188 31.152 25.951 28.310 26.767 51.357 29.215 37.322 45.163 29.129 18.933 55.186 32.711 36.869 37.022 11.843 23.922 12.290 35.925 40.331 29.112 53.554 37.616 32.681 29.218 29.480 37.285 20.508 17.063 35.956 36.123 30.695 36.381 37.915 37.703 19.472 54.099 46.468 56.444 46.828 19.890 34.604 49.322 44.257 33.054 43.922 38.612 27.286 36.311 35.942 39.131 37.547 34.471 0.000 26.081 33.067 27.502 43.231 44.170 51.539
45.781 44.856 12.143 26.944 28.111 34.745 13.615 44.813 39.864 16.763 8.238 33.577 28.376 30.735 29.192 58.831 30.911 30.872 52.804 30.825 30.749 62.660 40.352 43.688 44.663 24.812 15.742 32.526 43.566 47.972 30.808 61.029 45.256 40.322 31.643 37.120 44.105 26.864 27.157 37.454 37.757 33.305 44.022 31.465 45.344 27.724 61.573 53.942 63.918 54.302 21.088 42.245 56.963 51.898 26.185 51.563 32.162 29.711 43.952 30.957 45.950 45.188 42.112 25.391 0.000 35.492 29.927 52.607 51.811 59.014
30.980 30.924 32.664 34.060 33.674 6.225 38.281 40.612 30.663 39.103 34.124 14.618 20.865 16.905 19.484 45.631 21.738 29.181 38.003 21.325 36.313 48.538 34.294 20.951 32.643 31.982 32.166 25.483 30.469 35.608 24.381 42.536 34.726 37.007 17.313 33.805 21.367 26.347 34.273 11.787 7.710 20.967 31.585 28.889 31.413 27.208 40.608 50.035 47.454 50.394 28.711 37.066 42.130 37.097 25.762 39.063 30.252 20.422 36.496 28.549 23.213 36.657 36.500 32.562 36.017 0.000 18.635 44.470 37.011 43.656
36.178 36.122 26.897 28.348 29.514 18.300 32.514 39.070 35.861 33.337 28.357 10.550 11.252 7.672 5.837 47.510 12.682 27.709 43.201 13.557 32.153 50.417 38.786 26.864 37.841 26.215 26.399 23.055 35.667 40.806 18.613 46.251 39.513 34.579 6.487 31.377 27.280 20.580 28.560 21.009 17.233 16.962 36.783 29.218 36.611 21.440 45.805 56.069 49.333 56.428 22.944 36.502 47.328 42.295 22.226 44.261 29.916 8.640 38.209 27.077 29.126 39.444 36.369 26.794 30.250 19.047 0.000 45.129 42.209 45.783
47.268 46.343 36.733 28.454 31.193 45.808 36.515 21.158 41.351 34.727 38.192 46.084 40.697 46.204 41.513 39.716 42.875 52.068 49.205 42.790 33.832 43.544 41.840 45.997 46.150 33.513 37.927 38.556 45.053 44.872 42.772 41.914 40.383 25.463 46.799 27.777 46.414 39.915 28.666 45.084 45.251 45.269 45.509 52.661 46.831 42.361 42.458 34.827 44.803 35.186 34.637 32.157 58.450 50.880 47.801 47.289 53.359 42.033 31.975 50.688 48.259 39.490 31.718 31.502 38.160 46.934 42.249 0.000 50.601 39.898
18.030 20.510 46.614 38.496 38.110 39.255 52.046 26.169 24.351 58.767 48.074 39.532 43.798 39.651 42.417 24.517 40.041 52.215 8.082 39.955 40.749 27.424 26.143 41.377 24.492 41.283 48.691 35.908 20.666 20.026 39.938 21.422 22.403 31.239 40.246 34.433 41.793 40.609 38.709 37.438 38.698 40.283 19.546 51.923 21.205 39.526 19.494 31.107 26.340 31.466 43.793 24.289 32.363 7.532 48.796 16.277 53.285 42.337 22.634 51.583 43.639 21.832 23.725 39.272 49.966 40.003 41.569 32.121 0.000 22.543
27.615 26.378 52.701 44.583 44.197 45.343 58.513 22.857 30.461 56.725 54.161 45.619 43.120 45.738 42.839 10.472 41.016 58.302 21.297 40.930 46.836 15.972 28.782 47.464 28.655 47.370 49.816 36.883 30.251 22.806 40.913 11.035 22.673 27.927 46.334 31.121 47.881 41.584 44.796 43.525 44.786 43.410 29.131 58.010 27.073 40.501 13.897 17.460 12.727 19.932 49.668 21.593 41.948 23.344 54.883 19.381 59.372 43.312 20.710 57.670 49.726 22.158 21.027 45.359 60.158 46.090 45.011 33.998 22.693 0.000
0.0000 1.0721 9.5854 6.8795 6.7508 7.1325 11.3960 4.8678 2.1645 13.6365 10.0720 7.2246 8.6468 7.2645 8.1865 5.8132 7.3944 11.4523 2.3409 7.3658 7.6305 6.7822 2.7618 7.8397 2.2115 7.8085 10.2779 6.0167 0.8746 2.4914 7.3602 4.7815 2.9058 4.7784 7.4629 6.0377 7.9785 7.5836 6.9503 6.5268 6.9469 7.4750 0.4752 11.3551 1.3038 7.2228 4.1388 8.0089 6.4209 8.1287 8.6450 3.6857 5.5714 2.0390 10.3127 3.7086 11.8091 8.1599 3.4960 11.2417 8.5937 3.0933 3.4974 7.1380 10.7029 7.3816 7.9036 6.1538 2.0101 5.1550
1.0721 0.0000 8.8650 6.1591 6.0304 6.4121 10.6756 4.1145 1.0088 12.9161 9.3516 6.5042 7.9264 6.5441 7.4661 5.8810 6.6740 10.7319 3.4371 6.6454 6.9101 6.8500 2.0084 7.1193 0.7963 7.0881 9.5575 5.2963 1.4455 2.4506 6.6398 4.8493 2.1524 4.0250 6.7425 5.2844 7.2581 6.8632 6.2299 5.8064 6.2265 6.7546 1.1286 10.6347 0.2318 6.5024 4.2065 7.2555 6.4887 7.3753 7.9246 2.9324 2.6660 3.1351 9.5923 3.6918 11.0888 7.4395 2.7426 10.5213 7.8733 2.7961 2.7440 6.4176 9.9825 6.6612 7.1832 5.4004 3.1063 5.2228
10.1428 9.8344 0.0000 3.8640 4.2526 6.4641 2.0429 9.8202 8.1705 2.3172 0.4402 6.0748 4.3411 5.1275 4.6131 14.7341 5.4292 6.9469 12.4837 5.4006 5.1323 16.0102 8.3333 9.6883 9.7702 3.1530 1.1061 5.9677 9.4044 10.8732 5.3950 12.2139 9.9680 8.3232 5.4303 7.2560 9.8271 4.0803 3.9347 7.3671 7.4682 6.2272 9.5566 7.1445 9.9972 4.3671 13.3518 13.1044 16.4296 13.2242 1.9117 8.9642 13.8701 12.1817 5.5293 12.0702 7.3769 4.7863 9.5332 7.1201 10.4422 9.9451 8.9200 3.3463 1.0134 6.7131 4.8582 12.3483 12.1529 14.7949
6.6515 6.3431 4.3899 0.0000 1.2851 6.1649 6.2005 6.3290 4.6792 6.4748 4.8765 6.2570 5.4641 6.2968 5.7362 9.1423 5.1873 9.2545 8.9925 5.1587 2.1652 10.1113 4.8420 6.2279 6.2789 2.0590 4.7879 3.7477 5.9132 7.3820 5.1531 8.7227 6.4767 4.8320 6.4952 3.7647 6.3667 5.2033 0.0708 5.9234 5.9793 5.9854 6.0654 9.4521 6.5060 5.0157 9.8606 11.2578 9.7500 11.3776 3.4440 5.4730 10.3789 8.6905 7.8318 8.5789 9.6845 5.9529 6.0420 8.7944 6.9818 6.4539 5.4287 1.3542 5.5074 6.5403 5.9812 8.3488 8.6616 8.5667
8.4482 8.1398 4.4334 1.2851 0.0000 7.9616 6.2440 8.1257 6.4759 6.5183 4.9200 7.2413 5.5076 6.2940 5.7796 12.8831 6.9840 9.2980 10.7892 6.9554 1.3807 14.1592 2.6442 8.0246 8.0756 2.1025 4.8314 2.0680 7.7099 9.1787 6.9498 13.6156 8.2734 6.6287 6.5968 5.5614 8.1634 5.2468 1.3558 7.7201 7.7760 7.7821 7.8621 9.4956 8.3027 5.5336 11.6572 11.2535 14.5786 11.3732 3.4875 7.2696 12.1756 10.4872 7.8753 10.3756 9.7280 5.9528 7.8387 8.8379 8.7785 8.2506 7.2254 1.4124 5.5509 8.3370 6.0247 10.1455 10.4583 12.9439
6.8509 6.8322 6.6390 7.1226 7.7488 0.0000 8.5112 9.5834 6.7452 8.7855 7.1255 1.3635 2.7059 1.2742 2.2457 11.7344 2.9969 5.4780 9.1919 2.8593 8.6285 12.7034 7.9553 3.1439 7.4051 6.4116 6.4729 4.2454 6.6804 8.3934 3.8778 10.7027 8.0993 8.0864 1.4627 7.0192 3.2828 4.5333 7.1933 1.1709 0.6681 2.7398 7.0523 5.3807 6.9950 4.8201 10.0600 13.2024 12.3421 13.3222 5.3212 8.7274 10.5675 8.8899 4.3384 9.5452 5.8348 2.5584 8.6895 5.2674 3.8979 8.7430 8.6832 6.6049 7.7565 0.5199 1.9628 11.3473 8.8610 11.0762
11.9655 11.6571 2.0103 5.6942 6.0307 8.2421 0.0000 11.6430 9.9932 0.5934 1.9609 7.8528 6.1191 6.9055 6.3912 15.1880 6.8419 6.5596 14.3065 6.8133 6.9103 16.4641 10.1560 11.1010 11.5929 4.9310 2.7551 7.3804 11.2272 12.6960 6.8077 15.9205 11.7907 10.1460 7.2083 9.0787 11.2398 5.4930 5.7650 10.7965 9.2462 7.6399 11.3794 6.7572 11.8200 5.7798 16.1019 13.5584 16.8835 13.6781 4.2655 10.7870 15.6929 14.0045 5.2667 13.8930 6.9896 6.5643 11.3560 6.8574 11.8549 11.7679 10.7427 5.1243 1.1366 8.4911 6.6362 13.3498 13.9756 15.2488
5.1062 3.7649 10.8332 8.0736 7.2412 9.9331 10.7607 0.0000 4.9650 10.1648 10.9400 8.0773 7.9238 8.3453 7.8303 4.2126 7.2226 13.4127 4.2651 7.1939 8.1208 5.1816 4.1177 9.7391 4.0755 8.2988 10.1559 5.8449 5.8916 3.0077 7.1883 3.7702 2.3988 2.1871 8.2123 3.9242 9.8779 7.4118 8.1444 9.4346 9.7474 8.0206 5.3076 14.1522 3.5003 7.0509 4.2657 5.0773 4.8203 5.1971 10.1067 1.3059 10.5844 4.9476 11.0065 3.6265 14.3847 7.9881 1.2448 13.2021 10.4931 2.3759 1.1291 7.6283 11.8730 10.1821 8.5544 2.5890 4.7304 3.6143
2.8230 1.0088 7.9653 5.2594 5.1308 5.8678 9.7760 5.3504 0.0000 12.0164 8.4519 5.9598 7.3820 5.9997 6.9218 7.6268 5.7743 10.1876 5.1639 5.7457 6.0104 8.5958 1.5123 6.4976 1.2542 6.1884 8.7077 4.3966 3.0103 3.6865 5.7401 6.6763 3.3883 3.5385 6.1981 4.7979 6.6365 5.9636 5.3302 5.2620 5.6822 6.2102 1.7098 10.0903 1.1464 5.6027 6.0336 8.4914 8.2344 8.6112 7.0249 4.1683 2.3285 4.8619 9.0480 5.5188 10.5444 6.5399 3.9785 9.9769 7.2516 4.0320 3.9799 5.5179 9.0828 6.1168 6.6389 6.6363 4.8331 7.0499
11.9727 11.6643 2.8301 5.7014 6.6143 9.0620 0.5934 11.6502 10.0004 0.0000 2.7808 8.6727 6.9390 7.7254 7.2110 15.1952 7.6618 6.4823 14.3137 7.6332 7.4940 16.4714 10.1632 11.5491 11.6002 5.7509 3.5750 8.2003 11.2344 12.7032 7.6275 15.9277 11.7980 10.1532 8.0282 9.0859 11.6879 6.3129 5.7722 11.2446 10.0661 8.4598 11.3866 6.6800 11.8272 6.5997 16.1091 13.5656 16.8907 13.6854 5.0854 10.7942 15.7001 14.0117 5.7284 13.9002 6.9124 7.3842 11.3632 6.9161 12.3031 11.7751 10.7499 5.9442 1.5204 9.3110 7.4561 13.7110 13.9828 15.2560
10.6293 10.3209 0.4402 4.3505 4.7392 6.9506 1.9935 10.3068 8.6570 2.2678 0.0000 6.5613 4.8276 5.6141 5.0997 15.2206 5.9158 6.1808 12.9703 5.8872 5.6188 16.4968 8.8198 10.1749 10.2567 3.6396 0.9631 6.4543 9.8910 11.3598 5.8815 12.7005 10.4546 8.8098 5.9169 7.7425 10.3137 4.5669 4.4213 7.8537 7.9547 6.7138 10.0432 6.3785 10.4838 4.8537 13.8384 13.5910 16.9162 13.7108 2.3983 9.4508 14.3567 12.6683 4.4763 12.5568 6.6109 5.2728 10.0198 6.0671 10.9288 10.4317 9.4065 3.8328 0.6873 7.1997 5.3448 12.8349 12.6394 15.2815
7.1003 7.0815 5.6591 6.3449 6.2163 1.3635 8.0151 8.1198 6.9946 8.2894 6.1456 0.0000 1.3914 0.4652 0.8966 10.9331 0.9402 5.6329 9.4412 1.0262 7.0959 11.9021 8.0251 4.6071 7.6544 5.4317 5.9768 2.7817 6.9297 8.8765 1.6295 10.5135 8.2676 6.6228 0.4844 5.5556 4.7460 3.5534 6.4157 2.6555 0.8364 1.0296 7.3017 6.1361 7.2444 3.8402 10.3093 11.7978 11.5408 11.9176 4.3413 7.2638 10.8169 9.1393 3.8051 9.7945 6.3685 0.8552 7.8328 5.4223 5.3611 8.2447 7.2195 5.6249 6.7766 1.2203 0.8805 10.1396 9.1104 10.3576
9.5133 9.4946 4.5048 4.9884 5.3771 2.9229 6.3771 9.6084 9.4076 6.6513 4.9914 1.3914 0.0000 1.3804 0.5953 12.4217 1.1012 4.9954 11.8543 1.1210 6.2567 13.3907 9.4577 5.7776 10.0675 4.2775 4.3387 4.2703 9.3428 10.3651 1.2747 12.0021 9.7561 8.1114 1.2816 7.0441 5.9164 2.3992 5.0592 3.8259 3.9270 1.4995 9.7147 5.4986 9.6574 2.6860 12.7223 14.2289 13.0294 14.3487 3.1871 8.7523 13.2299 11.5523 3.1676 12.2076 5.7310 0.6758 9.3214 4.7848 6.5315 9.7333 8.7081 4.4707 5.6223 3.1719 0.9399 11.6282 11.5234 11.8461
7.0237 7.0049 5.3153 5.7989 6.3563 1.2742 7.1876 8.2598 7.4723 7.4619 5.8019 0.4652 1.3804 0.0000 0.9257 11.0732 1.1385 5.2892 9.3647 1.2244 7.2359 12.0422 8.1651 5.1232 7.5778 5.0880 5.1492 2.9217 6.8532 9.0165 2.5542 10.6535 8.4076 6.7628 0.2027 5.6956 5.2620 3.2097 5.8697 3.1715 0.8124 1.2885 7.2251 5.7924 7.1678 3.4965 11.1491 11.9378 11.6808 12.0576 3.9976 7.4038 10.7403 9.0627 3.4614 10.5098 6.0248 0.9850 7.9728 5.0785 5.8772 8.3847 7.3596 5.2812 6.4329 1.4109 0.6407 10.2796 9.0338 10.4976
8.5966 8.5778 4.9038 5.3874 5.7761 2.6371 6.7761 9.2289 8.4908 7.0504 5.3904 0.8966 0.5953 0.9257 0.0000 12.0422 0.8567 5.1745 10.9375 0.9035 6.6557 13.0112 9.1342 5.4918 9.1507 4.6765 4.7377 3.8908 8.4260 9.9856 1.1877 11.6226 9.3767 7.7319 0.8268 6.6646 5.6306 2.7982 5.4582 3.5401 1.6775 1.2550 8.7980 5.6777 8.7406 3.0850 11.8056 14.6279 12.6499 14.7477 3.5861 8.3729 12.3132 10.6355 3.3467 11.4789 5.9101 0.3180 8.9419 4.9639 6.2457 9.3538 8.3286 4.8697 6.0214 2.8861 0.4880 11.2487 10.6067 11.4666
5.6248 5.2121 15.3168 12.5573 11.1521 11.5338 15.2443 4.8986 6.5733 14.6485 15.8034 11.6259 11.6266 11.6658 12.5879 0.0000 10.9254 15.8537 3.5186 10.8967 12.0318 0.4691 6.6419 12.2410 6.5873 12.2098 13.8587 9.5477 6.5034 4.9290 10.8911 2.0573 4.9034 6.5624 11.8642 7.6270 12.3799 11.1146 12.6281 10.9281 11.3482 11.8763 6.1299 15.7564 5.4439 10.7537 1.5535 0.5921 0.1985 0.7998 14.6183 4.3697 10.4023 4.2011 14.7140 2.8800 16.2105 11.6909 4.9802 15.6430 12.9950 4.7129 4.1814 11.5393 15.7927 11.7829 12.3049 7.0726 3.9839 0.8746
7.9731 7.9544 6.0739 5.9327 5.8040 2.5253 7.6029 7.7075 6.9200 7.8771 6.3487 0.9402 1.1012 1.1385 0.8567 10.5209 0.0000 6.2560 10.3141 0.1541 6.6836 11.4899 7.6129 5.3800 8.5273 5.8466 5.5645 2.3694 7.8026 8.4643 0.7659 10.1012 7.8553 6.2105 0.9357 5.1433 5.5188 1.4075 6.0034 3.4283 1.9546 0.4665 8.1745 6.5509 8.1172 1.6431 10.5968 11.3855 11.1286 11.5053 5.5153 6.8515 11.6897 10.0121 4.2200 9.9575 6.7833 0.5813 7.4206 6.0454 6.1339 7.8324 6.8073 2.4931 7.2816 2.7743 1.0594 9.7273 9.9832 9.9453
11.4657 11.4469 6.9853 8.5879 8.9766 5.7642 6.5888 12.9604 11.3599 6.6525 6.2110 5.5435 4.9571 5.0321 5.2292 15.7738 6.7186 0.0000 13.8066 5.9296 9.8562 16.7428 12.5700 8.3705 12.0198 7.8770 5.7208 7.6224 11.2951 13.0081 6.1290 15.3174 12.7140 11.4634 4.8991 10.3962 8.5094 6.7492 8.6587 6.4189 5.1347 6.1168 11.6671 0.4681 11.6097 7.0360 14.6747 17.8284 16.3815 17.9482 5.6716 12.1044 15.1823 13.5046 1.0887 14.1599 0.3285 5.4023 12.6735 0.8022 8.8017 13.0853 12.0602 8.0702 6.5752 5.8102 4.9514 14.9802 13.4758 15.6909
2.3409 3.1674 11.8688 9.1629 9.0343 9.4159 13.6795 4.2576 4.4479 15.9199 12.3554 9.5080 10.9302 9.5479 10.4700 3.7070 9.6778 13.7358 0.0000 9.6492 9.9139 4.6760 5.0452 10.1231 4.4949 10.0919 12.5613 8.3001 3.2196 3.0063 9.6436 2.6752 3.6258 5.9475 9.7463 7.0122 10.2620 9.8671 9.2337 8.8102 9.2303 9.7584 2.8460 13.6385 3.3992 9.5062 1.4287 5.9036 4.3147 6.0234 10.9284 3.8360 7.1185 1.2317 12.5961 1.2950 14.0926 10.4434 3.7026 13.5251 10.8771 3.4353 3.6477 9.4214 12.9863 9.6650 10.1871 6.2416 0.6759 3.0488
8.1327 8.1140 6.2335 6.0923 5.9636 2.6848 7.7625 7.8671 7.0796 8.0367 6.5083 1.0262 1.1210 1.2244 0.9035 10.6805 0.1541 6.4156 10.4737 0.0000 6.8432 11.6495 7.7725 5.5396 8.6869 6.0062 5.7241 2.5290 7.9622 8.6238 0.6832 10.2608 8.0149 6.3701 1.0217 5.3029 5.6784 1.3642 6.1630 3.5879 2.1142 0.5525 8.3341 6.7105 8.2768 1.5999 10.7564 11.5451 11.2882 11.6649 5.6749 7.0111 11.8493 10.1717 4.3796 10.1171 6.9429 0.6546 7.5802 6.2050 6.2935 7.9920 6.9669 2.4499 7.4412 2.9339 1.1328 9.8869 10.1428 10.1049
9.3279 9.0195 5.3130 3.0491 1.3807 8.8412 7.1237 9.0053 7.3556 7.3980 5.7996 8.1209 6.3872 7.1737 6.6593 13.7627 7.8637 10.1776 11.6688 7.8351 0.0000 15.0389 2.4557 8.9042 8.9553 2.9821 5.7111 2.3872 8.5895 10.0583 7.8294 14.4952 9.1531 1.6375 7.4765 1.4160 9.0431 6.1265 3.1198 8.5998 8.6556 8.6617 8.7417 10.3752 9.1823 6.4133 12.5369 12.1331 15.4582 12.2529 4.3671 2.9536 13.0552 11.3668 8.7550 11.2553 10.6076 6.8324 8.7183 9.7175 9.6582 9.1302 8.1051 2.3117 6.4306 9.2167 6.9043 3.4802 11.3380 13.8235
6.0475 5.6349 14.9519 12.1923 13.1052 11.9566 14.8794 4.5336 6.9960 14.2835 15.4384 11.4151 11.2617 12.0885 11.1682 0.4691 10.5604 16.2764 3.9413 10.5318 13.9849 0.0000 6.4013 12.6638 6.3591 13.8786 13.4937 9.1827 6.9262 4.4092 10.5262 2.1687 4.3651 6.1975 11.5502 7.2621 12.8026 10.7496 12.2631 11.3509 11.7710 11.3584 6.5526 16.1791 5.8666 10.3888 2.3501 0.7105 0.4012 0.6294 14.2533 4.0047 10.8251 4.6238 15.1368 3.3027 16.6332 11.3259 3.7107 16.0658 13.4177 4.1931 3.8164 13.2082 15.4277 12.2056 11.8923 6.7077 4.4067 1.3335
2.8507 1.7931 7.3539 4.6479 4.5193 6.6119 9.1645 4.2038 1.5473 11.4050 7.8404 6.0176 5.8641 6.2857 5.7706 6.4802 5.1629 10.9317 5.1917 5.1342 5.3989 7.4492 0.0000 7.2417 1.4369 5.5769 8.0962 3.7852 3.6362 2.5399 5.1286 5.7226 2.2418 2.6645 6.1527 1.9383 7.3806 5.3521 4.7187 6.0061 6.4263 5.9609 3.0521 10.8344 1.9559 4.9912 5.1620 7.3449 7.0879 7.4646 6.4135 3.0217 7.6415 4.8897 9.7921 5.2215 11.2885 5.9284 2.8320 10.7210 7.9957 2.8854 2.8334 4.9065 8.4714 6.8609 6.4947 5.4898 4.8608 5.5667
6.9221 6.9034 9.4899 6.9796 6.8510 3.1563 10.9243 9.3505 6.8164 11.1985 9.6701 5.0336 5.5730 4.1907 5.1127 11.8056 7.7187 8.3450 9.2631 5.7263 7.7306 12.7746 8.0265 0.0000 7.4763 7.9086 8.8859 5.9545 6.7516 8.4646 6.7449 10.7739 8.1705 7.8534 4.3891 6.7862 0.2377 8.0946 7.0504 2.3791 3.8952 5.6069 7.1235 8.2478 7.0662 7.5471 10.1311 16.0347 12.4133 16.1545 8.8367 8.4944 9.2060 8.9611 7.2054 9.6164 8.7019 5.4255 8.7607 8.1344 0.4764 8.8142 8.7621 7.2381 10.6030 2.9960 4.8298 11.4185 8.9322 11.1474
2.1380 0.7963 9.0299 6.3240 6.1953 6.9649 10.8405 3.6529 1.2542 13.0810 9.5165 7.0569 8.4791 7.0968 8.0189 5.9293 6.8389 11.2847 3.8638 6.8103 7.0749 6.8983 1.9680 7.6720 0.0000 7.2530 10.1102 5.4612 2.9234 1.4614 6.8046 5.1717 1.4271 4.3405 7.2952 5.5998 7.8109 7.0281 6.3947 6.3591 6.7793 7.3073 2.3394 11.1874 0.6609 6.6673 4.6111 6.7940 6.5370 6.9138 8.0895 2.4708 7.6162 3.5618 10.1450 4.6707 11.6415 7.6044 2.2811 11.0740 8.4260 2.3345 2.2825 6.5825 10.1474 7.2139 7.7360 4.9389 3.5329 5.0158
9.4436 9.1352 3.3577 3.1648 2.1264 6.5549 5.1683 9.1210 7.4713 5.4426 3.8443 6.1656 4.4319 5.2183 4.7039 13.8141 5.5200 8.2223 11.7845 5.4914 3.0060 15.0902 7.6341 9.0200 9.0710 0.0000 3.7557 1.9032 8.7053 10.1740 5.4858 11.5147 9.2688 7.6240 5.5211 6.5568 9.1588 4.1711 3.2356 8.7155 7.5590 6.3180 8.8574 8.4199 9.2980 4.4579 12.6526 12.1845 15.5096 12.3042 2.4118 8.2650 13.1710 11.4826 6.7996 11.3710 8.6523 4.8771 8.8341 7.7622 9.7739 9.2459 8.2208 0.9890 4.4752 6.8039 4.9490 12.3992 11.4537 13.8749
10.4063 10.3875 1.1061 4.4727 4.8614 5.8365 2.5190 10.5013 8.7792 2.7933 0.9631 5.4472 3.7135 4.5000 3.9856 15.3428 4.6247 5.5690 12.7472 4.5961 5.7410 16.6190 8.9420 8.8838 10.3789 3.7618 0.0000 5.1632 10.2357 11.4819 4.5905 12.8950 10.6491 9.0043 4.8028 7.9371 9.0226 3.2758 4.5435 8.5793 6.8406 5.4227 10.6077 5.7667 10.5503 3.5626 13.6153 13.7132 17.0383 13.8330 2.0484 9.6453 14.4789 12.4452 3.5182 13.1005 5.9991 4.1587 10.2143 5.1089 9.6377 10.6262 9.6011 3.9550 1.3142 6.0856 4.2307 12.9571 12.4164 15.4036
7.4479 6.8536 6.2707 3.5648 3.4361 5.3414 7.3738 5.3397 6.1541 7.6481 6.7573 3.2569 3.1035 3.5250 3.0099 8.1530 2.4022 8.5923 8.2282 2.3736 4.3158 9.1220 5.2450 5.4044 6.6819 1.9032 5.3355 0.0000 6.4151 6.0964 2.3679 7.7334 5.4874 3.8427 3.3920 2.7754 5.5433 1.5178 3.6356 5.1000 5.1558 3.2002 7.6493 9.3319 6.5890 1.4939 8.2289 9.0177 8.7607 9.1375 5.2863 4.4836 10.8808 8.9107 6.1861 7.5896 9.5643 3.1677 5.0527 8.3817 6.1584 5.4646 4.4394 1.0266 7.0526 5.7169 3.7340 7.3595 8.6936 7.5774
0.8746 1.4455 9.1773 6.4714 6.3427 7.0798 10.9879 5.7465 2.9505 13.2284 9.6639 7.1718 8.5940 7.2117 8.1338 6.6919 6.9863 11.3996 3.2196 6.9577 7.2224 7.6609 3.6404 7.7096 3.0902 7.4004 9.9196 5.6086 0.0000 3.3701 6.9521 5.6601 3.7844 5.6570 7.4101 6.9164 7.8484 7.1756 6.5422 6.4740 6.8941 7.4222 0.7077 11.3023 2.6801 6.8147 5.0174 8.8875 7.2995 9.0073 8.2369 4.5643 4.9893 2.9176 10.2599 4.5873 11.7564 7.7518 4.3746 11.1889 8.4636 3.9720 4.3760 6.7299 10.2948 7.3288 7.8509 7.0324 2.8887 6.0337
2.7815 2.4158 9.8938 7.1879 7.0592 8.3552 12.5515 3.0938 3.3872 11.9556 10.3804 8.4473 8.4041 8.4872 9.4093 3.9682 7.7028 12.6750 3.5486 7.6742 7.9388 4.9372 2.5399 9.0624 1.4614 8.1169 10.6361 6.3251 3.6601 0.0000 7.6686 3.7457 0.6515 4.2521 8.6856 5.3167 9.2013 7.8920 7.2587 7.7495 8.1696 8.6977 3.2866 12.5778 1.4519 7.5312 3.8907 5.8442 4.5758 5.9639 8.9534 1.9117 7.5590 3.2467 11.5354 1.7664 13.0319 8.4683 1.1507 12.4644 9.8164 0.5559 1.4802 7.4464 11.0113 8.6043 9.1263 4.3798 3.2178 3.5897
9.1251 9.1063 5.6946 6.1782 6.9559 3.6772 7.5668 8.8595 8.0719 7.8411 6.1811 2.0726 1.2747 2.3406 1.1877 11.6728 0.7659 6.1851 11.4660 0.6832 7.8356 12.6418 8.7648 6.5319 9.6792 5.4672 5.5285 3.5214 8.9545 9.6162 0.0000 11.2532 9.0072 7.3625 2.2076 6.2952 6.6708 1.4094 6.2489 4.5802 3.1065 1.0751 9.3265 6.6883 9.2691 1.6450 11.7487 12.5375 12.2805 12.6572 4.3768 8.0034 12.8417 11.1641 4.3574 11.1094 6.9207 1.0594 8.5725 5.9745 7.2859 8.9844 7.9592 5.6604 6.8121 3.9262 2.5497 10.8793 11.1352 11.0972
4.7436 4.3309 13.1055 10.3996 10.2709 10.6526 16.0098 3.7628 5.6921 15.4139 13.5921 10.7447 10.5169 10.7846 10.4234 1.8469 9.8157 14.9724 2.6373 9.7870 11.1506 2.8159 5.7607 11.3598 5.7061 11.3286 12.7490 8.4380 5.6222 4.0478 9.7814 0.0000 4.0222 5.4527 10.9830 6.5174 11.4986 10.0049 10.4704 10.0469 10.4670 10.6137 5.2487 14.8752 4.5627 9.6440 0.7509 3.7059 1.5705 3.8257 12.1651 3.3412 9.5211 3.3198 13.8328 1.9988 15.3293 10.5812 3.0471 14.7618 12.1138 3.8317 3.1529 10.6581 14.2230 10.9017 11.4237 7.8381 3.1027 0.9213
3.2302 1.8889 9.5956 6.8897 6.7610 8.0571 11.9425 2.4848 3.0890 11.3466 10.0822 8.1491 8.7073 8.1890 8.6138 3.9143 8.0061 12.3769 3.6258 7.9774 7.6407 4.8833 2.2418 8.7642 1.4271 7.8187 10.9394 6.6284 4.0156 0.6515 7.9718 3.3776 0.0000 3.6431 8.3874 4.7077 8.9031 8.1953 6.9605 7.4513 7.8715 8.8041 3.4316 12.2796 1.6244 7.8344 3.6265 5.6259 4.5220 5.7457 8.6552 1.1442 8.7084 1.9744 11.2373 2.9873 12.7337 8.7716 0.7088 12.1662 9.5182 0.2174 0.9502 7.1482 10.7131 8.3061 8.8282 3.7708 4.0912 3.5359
4.8866 4.1848 8.8245 5.4344 5.3057 7.7465 10.2588 2.1871 3.5928 10.5330 9.0046 6.1418 5.9884 6.4099 5.8949 5.7580 5.2871 11.4772 5.8332 5.2585 1.6375 6.7270 2.6837 7.8037 4.1206 6.3634 8.2204 3.9094 5.6721 3.7014 5.2529 5.3384 3.0925 0.0000 6.2769 0.3339 7.9425 5.4763 5.5051 7.4992 7.5551 6.0851 5.0880 12.2168 4.3477 5.1155 5.8339 6.6227 6.3657 6.7425 8.1712 2.0887 9.6871 6.5157 9.0710 5.1947 12.4492 6.0526 2.6577 11.2666 8.5576 3.0696 2.0444 5.6929 9.9375 7.9955 6.6190 2.0919 6.2986 5.1825
8.3270 8.3082 5.5752 6.2865 6.1579 1.4627 7.9567 8.0614 7.2739 8.2310 6.0617 0.4844 1.2816 0.2027 0.8268 10.8747 0.9357 5.5490 10.6679 1.0217 7.0375 11.8437 7.9667 6.8045 8.8811 5.3478 5.9184 2.7233 8.1564 8.8181 1.6251 10.4551 8.2092 6.5644 0.0000 5.4972 6.9434 3.4695 6.3573 3.4314 1.0010 1.1861 8.5284 6.0522 8.4711 4.3159 10.9506 11.7394 11.4824 11.8592 5.8692 7.2054 12.0436 10.3660 3.7212 10.3114 6.2846 0.7900 7.7744 5.3384 7.5585 8.1863 7.1611 5.5410 7.6355 1.5994 0.5418 10.0812 10.3371 10.2992
6.1165 5.5222 8.2628 4.8727 4.7441 7.1848 9.6971 4.0083 4.8227 9.9714 8.4429 5.5802 5.4267 5.8483 5.3332 6.8216 4.7255 10.9156 6.8968 4.6969 1.4160 7.7906 1.9383 7.2420 5.3505 5.8017 7.6588 3.3478 6.9020 4.7650 4.6912 6.4020 4.1560 0.3339 5.7153 0.0000 7.3809 4.9147 4.9435 6.9376 6.9934 5.5235 6.3179 11.6552 5.2576 4.5539 6.8975 7.6863 7.4293 7.8061 7.6096 3.1522 10.9170 7.5793 8.5094 6.2582 11.8876 5.4910 3.7213 10.7050 7.9960 4.1332 3.1080 5.1313 9.3759 7.4339 6.0573 2.2854 7.3622 6.2460
7.7796 7.7608 10.6081 8.0977 7.9691 3.3824 12.0424 10.4686 7.6739 12.3167 10.7882 5.2597 5.7991 4.4168 5.3389 12.6631 8.8368 8.6285 10.1205 8.8082 8.8487 13.6321 8.8840 0.2377 8.3337 9.0267 10.0040 7.0726 7.6090 9.3221 8.8026 11.6313 9.0280 8.9716 4.6153 7.9043 0.0000 9.2127 8.1685 2.6053 4.1214 5.8330 7.9810 8.5312 7.9237 8.6652 10.9886 17.1528 13.2707 17.2726 9.9549 9.6125 9.4322 9.8186 7.4888 10.4738 8.9853 5.6517 9.6182 8.4178 0.3421 9.6716 9.5683 8.3563 11.7211 3.2222 5.0560 12.2760 9.7897 12.0049
7.9113 7.8925 4.1128 4.5964 4.9851 3.9312 6.0499 8.6468 6.8451 6.3242 4.5994 2.3266 2.1731 2.5946 2.0796 11.4601 1.4075 7.6620 10.2522 1.3642 5.8647 12.4291 7.5946 6.3888 8.4654 3.8855 4.0116 1.5178 7.7407 9.4538 1.4094 11.0405 8.7945 7.1497 2.4616 6.0825 6.5277 0.0000 4.6672 4.8342 3.3605 1.4792 8.1127 7.5867 8.0554 0.4404 11.1203 13.8369 12.0678 13.9567 2.7950 7.7907 11.6279 9.9503 5.2558 10.6055 7.8191 2.2373 8.3598 7.4513 7.1428 8.7716 7.7465 1.7133 5.2303 4.1802 2.8037 10.6666 9.9214 10.8845
6.7223 6.4139 4.4607 0.0708 1.3558 6.2357 6.2713 6.3997 4.7500 6.5456 4.9473 6.3277 5.5349 6.3676 5.8069 9.2131 5.2581 9.3252 9.0632 5.2295 2.2360 10.1821 4.9128 6.2987 6.3497 2.1298 4.8587 3.8185 5.9840 7.4527 5.2239 8.7935 6.5475 4.9027 6.5660 3.8355 6.4375 5.2741 0.0000 5.9942 6.0501 6.0561 6.1361 9.5229 6.5767 5.0865 9.9313 11.3286 9.8208 11.4483 3.5147 5.5437 10.4497 8.7613 7.9026 8.6497 9.7553 6.0236 6.1128 8.8651 7.0526 6.5246 5.4995 1.4249 5.5782 6.6111 6.0520 8.4195 8.7324 8.6375
6.7166 6.6978 7.5566 7.4538 7.3251 1.1709 9.4288 9.9270 6.6108 9.7031 8.0431 3.0841 3.6235 2.2412 3.1633 11.6000 3.9145 6.3956 9.0575 3.7769 8.2047 12.5690 7.8209 2.3668 7.2707 7.3292 7.3905 5.1629 6.5460 8.2590 4.7954 10.5683 7.9649 8.3276 2.4396 7.2604 2.5056 5.4509 7.5246 0.0000 1.9457 3.6574 6.9180 6.2983 6.8606 5.7377 9.9256 13.0680 12.2077 13.1878 6.2388 8.7449 9.8275 8.7555 5.2560 9.4108 6.7524 3.4760 8.5551 6.1850 3.1207 8.6086 8.5566 7.5224 8.6741 0.9836 2.8804 11.2129 8.7267 10.9418
6.5826 6.5639 6.2202 6.7038 7.2611 0.6681 8.0924 9.1647 6.4769 8.3667 6.7068 0.8364 2.2872 0.8124 1.8269 11.4661 2.5781 5.0592 8.9236 2.4405 8.1408 12.4351 7.6870 3.4778 7.1368 5.9929 6.0541 3.8266 6.4121 8.1251 3.4591 10.4344 7.8310 7.6677 1.0010 6.6004 3.6167 4.1146 6.7746 1.5262 0.0000 2.3211 6.7840 4.9620 6.7267 4.4014 9.7916 12.8427 12.0738 12.9625 4.9024 8.3087 10.2992 8.6216 3.9196 9.2769 5.4161 2.1397 8.4212 4.8486 4.2318 8.4747 8.2644 6.1861 7.3377 0.6439 1.4389 11.0790 8.5927 10.8079
7.5780 7.5593 6.2457 6.0098 5.8811 2.9100 7.6800 7.7846 6.1600 7.9543 6.4258 1.0296 1.4995 1.2885 1.2550 10.5980 0.4665 6.6408 9.9190 0.5525 6.7607 11.5670 6.9095 6.0555 7.3243 6.0183 5.6416 2.4466 7.4075 8.5414 1.0751 10.1783 7.9324 6.2876 1.1861 5.2204 6.1944 1.4792 6.0805 3.8131 2.1953 0.0000 7.7794 6.9357 7.7221 1.7148 10.7870 11.4626 11.2057 11.5824 5.5925 6.9286 11.2946 9.6170 4.6047 10.0346 7.1681 0.9795 7.4977 6.4302 6.8095 7.9095 6.8844 6.2115 7.3587 3.1590 1.4170 9.8044 9.5881 10.0224
0.4752 1.1286 9.8376 7.1317 7.0031 7.3848 11.6483 5.1200 2.4167 13.8887 10.3242 7.4768 8.8990 7.5167 8.4388 6.3101 7.6466 11.7046 2.8378 7.6180 7.8827 7.2791 3.0140 8.0919 2.4637 8.0607 10.5301 6.2689 0.7077 2.9883 7.6124 5.2783 3.1580 5.0306 7.7151 6.2899 8.2308 7.8359 7.2025 6.7790 7.1991 7.7272 0.0000 11.6073 1.3603 7.4750 4.6356 8.2611 6.9177 8.3809 8.8972 3.9379 5.8372 2.5358 10.5649 4.2055 12.0614 8.4121 3.7482 11.4939 8.8459 3.8016 3.7496 7.3902 10.9551 7.6338 8.1559 6.4060 2.5069 5.6519
11.0806 11.0618 6.6002 8.2028 8.5915 5.3791 6.2037 12.5753 10.9748 6.2674 5.8259 5.1584 4.5720 4.6469 4.8441 15.3887 6.3335 0.4681 13.4215 5.5445 9.4711 16.3577 12.1849 7.9854 11.6347 7.4919 5.3357 7.2372 10.9100 12.6230 5.7439 14.9323 12.3289 11.0783 4.5139 10.0111 8.1242 6.3641 8.2736 6.0337 4.7496 5.7317 11.2820 0.0000 11.2246 6.6509 14.2896 17.4433 15.9964 17.5631 5.2865 11.7193 14.7972 13.1195 0.7636 13.7748 0.3433 5.0172 12.2884 0.4144 8.4165 12.7002 11.6751 7.6851 6.1901 5.4251 4.5663 14.5951 13.0907 15.3058
1.3038 0.2318 9.0968 6.3909 6.2622 6.6439 10.9074 3.5864 1.1464 13.1479 9.5833 6.7360 8.1581 6.7758 7.6979 5.8628 6.9058 10.9637 3.6689 6.8772 7.1418 6.8318 2.2402 7.3511 0.6609 7.3198 9.7893 5.5281 2.6025 1.4519 6.8715 5.0810 1.6244 4.2568 6.9743 5.5161 7.4899 7.0950 6.4616 6.0382 6.4583 6.9863 1.3603 10.8664 0.0000 6.7342 4.4383 6.7275 6.4705 6.8472 8.1564 2.4043 7.2952 3.3669 9.8241 3.9235 11.3205 7.6713 2.2146 10.7531 8.1050 2.2680 2.2160 6.6494 10.2143 6.8929 7.4150 4.8724 3.3380 5.4546
9.9012 9.8825 3.6633 4.1469 4.5356 5.0631 5.6005 9.9962 8.4534 5.8747 4.1499 3.4585 3.0337 3.7266 3.3057 12.8096 1.6431 7.3608 12.2422 1.5999 5.4152 16.2932 8.6162 8.3787 10.0531 3.4360 3.5621 1.4939 9.7307 10.7530 1.6450 12.3900 10.1440 8.4992 3.5936 7.4320 8.5176 0.4404 4.2177 5.9662 4.4925 1.7148 10.1026 7.5585 10.0453 0.0000 13.1102 13.3874 13.4173 13.5072 2.3456 9.1402 13.6178 11.9402 5.4014 12.5954 7.7909 3.3693 9.7093 7.0186 9.1327 10.1211 9.0960 1.6260 4.7809 5.3122 3.5508 12.6313 11.9113 12.2340
4.3376 3.9250 12.6995 9.9936 9.8650 10.2467 16.3024 4.2480 5.2861 15.7065 13.1861 10.3387 11.0021 10.3786 11.3007 1.8019 10.3009 14.5665 1.4287 10.2723 10.7446 2.7709 5.3547 10.9538 5.3002 10.9226 13.2342 8.9232 5.2163 3.6418 10.2666 0.7509 3.6162 5.9379 10.5770 7.0026 11.0927 10.4901 10.0644 9.6409 10.0611 10.5891 4.8427 14.4692 4.1567 10.1293 0.0000 3.9985 1.5586 2.0316 11.7592 3.8264 9.1151 2.9139 13.4269 1.5928 14.9233 11.0664 3.6930 14.3559 11.7078 3.4257 3.6381 10.2522 13.8171 10.4957 11.0178 8.1307 2.6968 1.1546
7.2026 6.7900 15.5646 15.2607 12.7300 13.1117 17.9477 7.1131 8.1511 17.3519 16.0511 13.2038 13.8671 13.2436 14.1657 0.5921 13.1659 17.4315 5.0964 13.1373 13.6096 0.7105 8.2197 13.8189 8.1652 13.7876 16.0992 11.7882 8.0813 6.5068 13.1316 3.6352 6.4812 8.8029 13.4420 9.8676 13.9577 13.3551 15.3315 12.5059 12.9261 13.4541 7.7077 17.3342 7.0217 12.9943 3.8166 0.0000 0.5259 0.4912 17.3217 6.6914 11.9801 5.7789 16.2919 4.4578 17.7883 13.9314 6.5580 17.2209 14.5728 6.2908 6.5031 13.1172 18.4961 13.3607 13.8828 9.7760 5.5618 1.4582
5.8838 5.4712 14.7091 11.9496 12.8625 11.7929 14.6367 4.2909 6.8324 14.0408 15.1957 11.1724 11.0189 11.4405 10.9254 0.1985 10.3177 16.1127 3.7776 10.2891 13.7421 0.4012 6.1586 12.5001 6.1164 13.6359 13.2510 8.9400 6.7625 4.1665 10.2834 1.9260 4.1224 5.9547 11.3075 7.0194 12.6389 10.5069 12.0204 11.1872 11.6073 11.1157 6.3890 16.0154 5.7030 10.1461 2.1074 0.5259 0.0000 0.7319 14.0106 3.7620 10.6614 4.4601 14.9731 3.1390 16.4695 11.0832 3.4679 15.9021 13.2540 3.9504 3.5737 12.9654 15.1850 12.0419 11.6495 6.4650 4.2430 1.0629
6.7789 6.3663 15.1409 14.8370 12.3063 12.6880 17.5241 6.6894 7.7275 16.9282 15.6274 12.7801 13.4435 12.8199 13.7420 0.7998 12.7422 17.0078 4.6727 12.7136 13.1859 0.6294 7.7960 13.3952 7.7415 13.3640 15.6755 11.3645 7.6576 6.0832 12.7080 3.2115 6.0575 8.3793 13.0184 9.4439 13.5340 12.9314 14.9078 12.0823 12.5024 13.0305 7.2841 16.9105 6.5981 12.5706 3.3929 0.4912 0.7319 0.0000 16.8980 6.2677 11.5565 5.3552 15.8682 4.0341 17.3646 13.5077 6.1344 16.7972 14.1491 5.8671 6.0794 12.6935 18.0724 12.9370 13.4591 9.3524 5.1381 1.6642
9.9498 9.2067 1.9161 3.2363 3.6250 5.2031 3.7267 9.1926 7.5428 4.0010 2.4027 4.8138 3.0801 3.8666 3.3522 14.1064 3.9679 6.3955 12.2908 3.9393 4.5046 15.3826 7.7056 8.4273 9.1425 2.5254 2.1333 4.7068 9.7793 10.2456 3.9337 11.5863 9.3403 7.6956 4.1694 6.6283 8.5662 2.6190 3.3071 6.1062 6.2072 4.7660 10.1512 6.5931 9.3695 1.7180 13.1588 12.4768 15.8019 12.5966 0.0000 8.3365 13.2425 11.9888 4.3446 11.4425 6.8255 3.5253 8.9056 5.9354 9.1813 9.3175 8.2923 2.7186 3.0336 5.4522 3.5972 11.7207 11.9599 14.1672
3.9437 2.6024 10.3091 7.6032 7.4746 8.7706 11.2801 1.3059 3.8026 10.6842 11.0611 8.1983 8.0449 8.4664 7.9514 4.0988 7.3436 13.0904 3.8360 7.3150 2.9536 5.0678 2.9553 9.4778 2.9131 8.5322 10.2769 5.9659 4.7292 1.8453 7.3094 3.3412 1.1442 1.6302 8.3334 1.9642 9.6166 7.5328 7.6740 8.1649 8.5850 8.1416 4.1451 12.9931 2.3379 7.1720 3.8367 4.9635 4.7065 5.0832 10.2277 0.0000 9.4219 4.5185 11.9508 3.1975 13.4472 8.1091 0.7234 12.8798 10.2317 1.1685 0.1940 7.8618 11.9940 9.0196 8.6754 3.1084 4.3014 3.1853
3.2080 3.1893 8.6638 5.9579 5.8293 6.3176 10.4745 7.1923 3.1023 12.7150 9.1504 7.3276 7.1741 6.4496 7.0806 8.0908 6.4729 10.6374 5.5490 6.4442 6.7089 9.0598 3.3227 7.0248 4.7596 6.8869 9.4062 5.0952 3.9935 4.7498 6.4386 7.0590 4.4564 5.0274 7.4626 5.6698 7.1636 6.6621 6.0287 5.7119 6.1320 7.2709 3.4094 10.5402 3.3521 6.3012 6.4163 9.5595 8.6985 9.6793 7.7235 5.2363 0.0000 5.2470 9.4978 5.9015 10.9942 7.2384 5.0466 10.4268 7.7787 5.1001 5.0480 6.2165 9.7814 6.5667 7.8047 7.7044 5.2181 7.4326
2.4970 3.3234 12.0249 9.3190 9.1903 9.5720 13.8355 4.3133 4.6040 13.8731 12.5114 9.6641 11.0862 9.7039 10.6260 3.8298 9.8339 13.8918 1.2317 9.8052 10.0699 4.7988 5.2012 10.2792 4.6510 10.2479 12.7174 8.4562 3.3756 3.1623 9.7996 2.7980 3.6815 6.0032 9.9023 7.0678 10.4180 10.0231 9.3897 8.9662 9.3864 9.9144 3.0021 13.7945 3.5552 9.6623 2.1553 6.0264 4.4375 6.1462 11.0845 3.8917 7.2745 0.0000 12.7522 0.7436 14.2486 10.5994 3.7583 13.6812 11.0331 3.4910 3.7033 9.5775 13.1424 9.8210 10.3431 6.2973 0.6286 3.1716
10.8943 10.8755 5.1892 6.7980 7.1866 5.1928 5.1893 12.3890 10.7885 5.9433 4.4149 4.9721 4.3857 4.4607 4.6578 15.2024 6.1472 1.0887 13.2352 5.3582 8.0663 16.1714 11.2673 7.7991 11.4484 6.0870 3.9309 7.0510 10.7237 12.4367 5.5576 14.7460 12.1426 10.8920 4.3277 9.8248 7.9380 4.9919 6.8687 5.8475 4.5633 5.5454 11.0957 0.7636 11.0383 5.2787 14.1033 16.0384 15.8101 16.1582 3.8817 11.5330 14.6109 12.9332 0.0000 13.5885 1.0183 4.8309 12.1021 0.5226 8.2303 12.5139 11.4888 6.2803 5.3478 5.2388 4.3800 14.4088 12.9044 15.1195
2.7411 2.3783 11.1529 8.4470 8.3183 8.7000 12.9635 3.8647 3.7394 12.7265 11.6394 8.7921 10.2142 8.8319 9.7540 4.4188 8.9619 13.0198 1.2950 8.9332 9.1979 5.3878 3.7700 9.4072 3.7278 9.3759 11.8454 7.5842 3.6197 2.0795 8.9276 3.2550 2.0539 5.0230 9.0303 6.0877 9.5460 9.1511 8.5177 8.0943 8.5144 9.0424 3.2462 12.9225 2.6100 8.7903 1.5653 6.2948 5.0265 6.4145 10.2125 2.6826 7.5186 0.7436 11.8802 0.0000 13.3766 9.7274 2.1307 12.8092 10.1611 1.8634 2.4943 8.7055 12.2704 8.9490 9.4711 5.1507 1.3587 3.4276
11.7806 11.7618 6.2012 7.8100 8.1987 6.0792 5.9603 13.2754 11.6749 6.0240 5.4269 5.8585 5.2721 5.3470 5.5442 16.0887 7.0335 0.3285 14.1216 6.2445 9.0783 17.0577 12.8850 8.6855 12.3347 7.0991 4.9429 7.9373 11.6101 13.3231 6.4440 15.6323 13.0290 11.7784 5.2140 10.7112 8.8243 7.0641 7.8808 6.7338 5.4496 6.4318 11.9820 0.3433 11.9247 7.3509 14.9896 17.0505 16.6964 17.1703 4.8937 12.4194 15.4972 13.8196 1.0183 14.4748 0.0000 5.7173 12.9884 0.6446 9.1166 13.4003 12.3751 7.2923 5.9467 6.1252 5.2663 15.2952 13.7907 16.0059
8.4288 8.4100 4.9741 5.4576 5.8463 2.4693 6.8463 9.0611 8.3231 7.1206 5.4606 0.8552 0.6758 0.9850 0.3180 11.8745 0.5813 5.4646 10.7698 0.6546 6.7260 12.8435 8.9665 5.3240 8.9829 4.7467 4.8080 3.7231 8.2583 9.8179 1.0594 11.4548 9.2089 7.5641 0.7900 6.4969 5.4629 2.8684 5.5284 3.3724 1.6361 0.9795 8.6302 5.9678 8.5729 3.1552 11.6378 14.6981 12.4822 14.8179 3.6563 8.2051 12.1454 10.4678 3.6368 11.3111 6.2002 0.0000 8.7742 5.2540 6.0780 9.1860 8.1609 4.9399 6.0916 2.7184 0.7213 11.0809 10.4389 11.2989
3.8204 2.4791 10.1858 7.4799 7.3512 8.6473 11.3467 1.2448 3.6792 10.7508 10.6724 8.2649 8.1115 8.7792 8.0180 3.2599 7.4102 12.9671 3.7027 7.3816 8.2309 4.2289 2.8320 9.3544 2.7897 8.4089 10.3435 6.0325 4.6059 1.1507 7.3760 3.0374 0.7088 3.0473 8.4000 4.1119 9.4933 7.5995 7.5507 8.0415 8.4617 8.2082 4.0218 12.8698 2.2146 7.2386 3.7034 5.0301 3.8675 5.1498 10.2944 0.7234 8.4282 2.0314 11.8275 3.0641 13.3239 8.1757 0.0000 12.7564 10.1084 0.6451 0.5294 7.7384 12.0606 8.8963 8.7421 3.1750 4.1680 2.8814
10.8838 10.8650 5.4325 7.0412 7.4299 5.1823 5.1915 12.3785 10.7780 5.2552 4.6581 4.9616 4.3752 4.4501 4.6473 15.1919 6.1367 0.8022 13.2247 5.3477 8.3096 16.1609 11.9881 7.7886 11.4379 6.3303 4.1742 7.0405 10.7132 12.4262 5.5471 14.7355 12.1321 10.8815 4.3171 9.8143 7.9275 5.2352 7.1120 5.8370 4.5528 5.5349 11.0852 0.4144 11.0278 5.5220 14.0928 16.2817 15.7996 16.4015 4.1250 11.5225 14.6004 12.9227 0.5226 13.5780 0.6446 4.8204 12.0916 0.0000 8.2198 12.5034 11.4783 6.5235 5.1779 5.2283 4.3695 14.3983 12.8939 15.1090
7.7901 7.7713 10.6186 8.1082 7.9796 3.9109 12.0529 10.4791 7.6844 12.3272 10.7987 5.7882 6.3276 4.9453 5.8674 12.6736 8.8474 8.6390 10.1310 8.8187 8.8592 13.6426 8.8945 0.4764 8.3442 9.0372 10.0145 7.0831 7.6195 9.3326 8.8131 11.6418 9.0385 8.9821 5.1438 7.9148 0.3421 9.2232 8.1790 3.1338 4.6499 6.3615 7.9915 8.5417 7.9342 8.6757 10.9991 17.1633 13.2812 17.2831 9.9654 9.6231 8.5154 9.8291 7.4994 10.4843 8.9958 6.1802 9.6287 8.4283 0.0000 9.6821 9.5788 8.3668 11.7316 3.7507 5.5845 12.2865 9.8002 12.0154
3.8738 2.5326 10.2393 7.5334 7.4047 8.7007 11.9196 2.4620 3.7327 11.3238 10.7258 8.7928 8.6844 8.8327 8.5909 3.7521 7.9832 13.0205 3.4354 7.9546 8.2843 4.7211 2.8854 9.4079 1.6158 8.4623 10.9165 6.6055 4.6593 0.5559 7.9489 3.1872 0.2174 3.6202 9.0311 4.6849 9.5467 8.1724 7.6041 8.0950 8.5151 8.7812 4.0752 12.9233 2.2680 7.8116 3.4361 5.6030 4.3598 5.7228 10.8673 1.1685 8.1609 1.8788 11.8809 2.7968 13.3773 8.7487 0.6451 12.8099 10.1618 0.0000 0.9745 7.7919 11.3568 8.9498 9.3150 3.7479 3.9008 3.3737
3.7554 2.4141 10.1208 7.4149 7.2863 8.5823 11.0917 1.1291 3.6143 10.4959 10.8727 8.0100 7.8565 8.2781 7.7630 3.9105 7.1553 12.9021 3.6477 7.1267 8.1659 4.8795 2.7670 9.2895 2.7247 8.3439 10.0886 5.7776 4.5409 1.4802 7.1210 3.1529 0.9502 2.7923 8.1451 3.8570 9.4283 7.3445 7.4857 7.9765 8.3967 7.9533 3.9568 12.8048 2.1496 6.9837 3.6484 4.7751 4.5182 4.8949 10.0394 0.1940 9.2336 4.3302 11.7625 3.0091 13.2589 7.9208 0.5294 12.6915 10.0434 0.9745 0.0000 7.6734 11.8057 8.8313 8.4871 2.9200 4.1131 2.9969
8.7133 8.4049 3.5760 1.3542 1.4124 6.7732 5.3867 8.3907 6.7410 5.6609 4.0626 6.3839 4.6502 5.4366 4.9223 13.1190 5.7383 8.4406 11.0542 5.7097 2.3109 14.3952 6.9038 8.2896 8.3407 0.9890 3.9741 1.0266 7.9749 9.4437 5.7041 13.8515 8.5385 6.8937 5.7394 5.8265 8.4285 1.7133 1.4249 7.9852 8.0410 2.5648 8.1271 8.6382 8.5677 1.6260 14.0329 11.4894 14.8145 11.6092 2.6301 7.5347 12.4406 10.7522 7.0180 10.6407 8.8706 5.0954 8.1037 7.9805 9.0436 8.5156 7.4905 0.0000 4.6935 7.0223 5.1673 10.4105 10.7234 13.1798
11.2603 10.9519 1.0134 4.9815 5.3702 7.5816 1.1366 10.9377 9.2880 1.5876 0.6873 7.1923 5.4586 6.2450 5.7307 15.6105 6.3036 6.2905 13.6012 6.2750 6.2498 16.8866 9.4508 10.5627 10.8877 4.2705 1.3142 6.8421 10.5219 11.9907 6.2693 16.3430 11.0855 9.4407 6.5478 8.3735 10.7015 4.9547 5.0523 8.4847 8.5857 7.1016 10.6741 6.4882 11.1147 5.2415 16.5244 13.9808 17.3060 14.1006 3.0292 10.0817 14.9876 13.2993 4.7283 13.1877 6.7206 5.9038 10.6508 6.3191 11.3166 11.0626 10.0375 4.4638 0.0000 7.8306 5.9757 13.5356 13.2704 15.6713
6.3268 6.3081 6.8880 7.3534 7.2247 0.5199 8.7603 9.5373 6.2211 9.0345 7.3746 1.2203 2.9550 1.4109 2.4947 11.2103 3.2459 5.7270 8.6678 3.1083 8.1044 12.1793 7.4312 2.9837 6.8810 6.6607 6.7219 4.4944 6.1563 7.8693 4.1269 10.1786 7.5752 8.3355 1.7711 7.2682 3.1225 4.7824 7.4242 0.9836 0.6439 2.9889 6.5282 5.6298 6.4709 5.0692 9.5359 12.6783 11.8180 12.7981 5.5702 8.3552 10.0434 8.3658 4.5874 9.0211 6.0839 2.8075 8.1654 5.5164 3.7376 8.2189 8.1668 6.8539 8.0055 0.0000 2.2118 10.8232 8.3369 10.5521
8.0595 8.0407 4.9657 5.4493 5.8379 2.1000 6.8379 9.0232 7.9537 7.1122 5.4522 0.8805 0.9399 0.6407 0.4880 11.8366 1.0594 5.2363 10.4004 1.1328 6.7176 12.8056 8.9286 4.9547 8.6136 4.7383 4.7996 3.6851 7.8889 9.6020 2.2045 11.4169 9.1710 7.5262 0.5418 6.4590 5.0935 2.8600 5.5200 3.0030 1.4389 1.4170 8.2609 5.7395 8.2035 3.1468 11.2685 14.6897 12.4443 14.8095 3.6479 8.1672 11.7761 10.0985 3.4085 10.7537 5.9719 0.7213 8.7363 5.0257 5.7087 9.1481 8.1230 4.9315 6.0832 2.3490 0.0000 11.0430 10.0696 11.2610
11.7560 11.4476 8.2442 5.4847 6.3975 11.2693 8.1717 1.7536 9.7837 7.5758 8.7308 11.3614 9.5657 11.4013 9.8378 9.2386 10.2918 13.3561 12.4015 10.2632 7.2772 10.5148 9.9465 11.3323 11.3834 7.1709 8.6422 8.8521 11.0176 3.7343 10.2575 9.9712 3.3564 2.0919 11.5997 2.2854 11.4712 9.3050 5.5554 11.0279 11.0837 11.0898 11.1698 13.5538 11.6104 10.1202 10.1526 7.6090 10.9342 7.7288 7.5456 2.6415 15.4833 4.2334 11.9335 11.7629 13.7862 10.0109 2.6574 12.8960 12.0863 3.2853 2.6357 6.5005 8.7200 11.6448 10.0829 0.0000 12.8669 9.2995
2.0101 2.8366 11.5380 8.8321 8.7034 9.0851 13.3486 4.7230 4.1171 15.5891 12.0246 9.1772 10.5993 9.2171 10.1391 4.1724 9.3470 13.4049 0.6759 9.3184 9.5830 5.1414 4.7143 9.7923 4.1641 9.7611 12.2305 7.9693 2.8887 2.6754 9.3128 3.1406 3.4678 6.4129 9.4155 7.4775 9.9311 9.5362 8.9029 8.4794 8.8995 9.4276 2.5152 13.3077 3.0683 9.1754 2.4979 6.3690 4.7800 6.4887 10.5976 4.0965 6.7876 0.6286 12.2653 1.3587 13.7617 10.1125 3.5446 13.1943 10.5462 3.2773 3.9082 9.0906 12.6555 9.3342 9.8562 6.7070 0.0000 3.5142
5.2051 4.7925 13.5670 10.8611 10.7325 11.1142 15.5042 3.6191 6.1536 14.9084 14.0536 11.2063 10.3732 11.2461 10.2797 0.8746 9.6719 15.4340 3.0989 9.6433 11.6121 1.3335 5.5941 11.8213 5.5518 11.7901 12.6053 8.2942 6.0838 3.6020 9.6377 0.9213 3.5578 5.3090 11.4445 6.3736 11.9602 9.8612 10.9319 10.5084 10.9286 10.4700 5.7102 15.3367 5.0242 9.5003 1.1546 1.4582 1.0629 1.6642 12.5561 3.1975 9.9826 3.7814 14.2944 2.4603 15.7908 10.4375 2.9034 15.2234 12.5753 3.3859 3.0091 11.1197 16.0526 11.3632 11.0038 7.3325 3.5643 0.0000
0.000 6.125 39.450 28.035 28.045 29.508 46.338 19.300 9.603 48.397 41.043 28.497 33.300 30.037 33.300 23.017 31.080 48.990 12.203 30.083 26.355 24.045 18.580 30.403 9.322 31.670 40.543 23.708 4.198 10.707 30.070 21.197 12.355 20.100 30.383 21.210 30.430 30.647 28.318 28.307 27.318 31.145 2.603 46.570 7.075 29.983 16.688 25.185 23.608 26.560 37.020 15.767 21.995 8.477 43.487 14.082 47.728 32.455 14.355 44.990 29.902 12.165 15.692 29.522 43.060 27.385 32.555 28.158 9.575 20.343
5.532 0.000 36.217 24.802 24.812 26.275 43.105 14.862 6.370 45.163 37.810 25.263 30.067 26.803 30.067 23.222 27.847 45.757 16.682 26.850 23.192 24.840 15.417 27.170 4.892 28.437 37.310 20.475 9.153 8.962 26.837 22.180 7.917 16.105 27.150 18.047 27.197 27.413 25.085 25.073 24.085 27.912 7.485 43.337 0.950 26.750 18.115 25.428 24.403 27.355 33.787 11.328 19.580 11.672 40.253 14.190 44.495 29.222 10.433 41.757 26.668 9.063 11.253 26.288 39.827 24.152 29.322 23.720 14.053 21.327
41.588 39.800 0.000 17.900 19.128 30.298 9.273 37.457 35.115 11.332 2.712 25.593 20.182 24.662 22.090 50.202 23.840 25.970 52.632 22.843 22.502 52.682 34.605 43.622 41.048 14.425 7.018 24.662 38.850 43.110 22.830 50.560 40.543 29.790 24.153 29.445 43.235 18.470 18.183 33.937 27.657 25.197 40.698 23.550 40.625 18.700 51.848 52.408 52.318 55.607 9.892 35.430 46.407 49.517 21.538 46.948 24.708 22.028 38.743 21.970 45.348 40.480 36.813 15.215 5.600 30.497 22.072 41.710 51.163 48.407
25.317 23.528 18.938 0.000 5.762 24.968 25.827 26.215 18.843 27.885 20.532 23.957 23.712 25.497 23.828 35.857 21.608 35.840 37.520 20.612 9.135 38.337 18.333 29.938 24.777 8.150 20.032 15.233 22.578 28.127 20.598 36.215 26.198 17.282 25.413 16.473 29.552 16.592 0.283 23.767 22.778 22.177 24.427 33.420 24.353 15.992 37.503 38.063 37.973 41.262 15.502 21.085 30.135 33.245 31.275 32.603 34.578 22.983 24.398 31.840 31.665 26.135 22.468 6.002 22.548 22.845 25.533 31.763 34.892 34.062
30.015 26.633 19.278 9.173 0.000 31.592 26.167 24.338 23.923 28.225 20.872 25.035 24.052 26.640 24.168 36.753 21.948 36.180 39.183 20.952 5.967 39.233 21.438 36.562 27.882 8.490 20.372 15.788 29.202 29.662 20.938 37.112 27.095 16.672 25.753 15.997 36.175 16.932 9.457 30.390 29.402 23.305 30.383 33.760 27.458 16.332 38.400 38.960 38.870 42.158 15.842 21.982 36.758 36.657 31.615 33.500 34.918 23.323 25.295 32.180 38.288 27.032 23.365 6.342 22.888 29.468 25.873 28.592 39.225 34.958
28.088 27.367 30.072 32.805 32.827 0.000 35.680 40.542 26.985 37.738 30.530 7.843 13.312 7.308 11.938 47.357 12.638 25.002 40.292 13.042 36.098 48.197 32.813 14.770 30.563 28.905 27.722 18.515 26.352 34.242 15.782 45.537 33.597 31.762 8.675 30.953 14.383 21.845 33.088 5.085 4.050 11.655 28.200 22.582 28.317 22.753 41.472 49.337 47.760 50.712 24.562 35.565 29.170 35.080 19.498 37.598 23.740 11.827 36.113 21.002 16.497 34.743 36.933 27.277 31.858 2.537 9.890 46.708 37.663 44.683
46.903 45.115 9.402 23.250 26.150 34.352 0.000 44.478 40.430 4.360 8.602 30.245 26.377 28.715 28.100 57.223 30.628 26.615 59.107 29.865 29.523 59.703 39.920 47.675 46.363 21.447 11.072 31.683 44.165 49.713 29.852 57.582 47.565 36.812 28.207 36.467 47.288 25.492 23.533 37.990 31.710 32.218 46.013 24.195 45.940 25.722 58.870 59.430 59.340 62.628 16.913 42.452 51.722 54.832 22.888 53.970 25.353 28.223 45.765 22.615 49.402 47.502 43.835 22.237 6.232 34.550 26.995 48.732 56.478 55.428
19.975 14.443 36.822 28.698 24.382 39.800 43.710 0.000 19.055 45.482 38.415 34.012 33.145 35.617 33.145 18.358 30.925 53.468 20.617 29.928 19.962 20.838 19.458 40.695 14.845 30.347 37.915 23.553 22.848 11.705 29.915 18.545 9.138 9.912 34.730 12.210 40.722 30.492 28.982 38.598 37.610 32.282 21.285 51.048 13.498 29.828 19.833 20.565 20.475 23.763 34.392 6.303 33.105 18.853 47.965 15.543 52.207 32.300 7.745 49.468 40.193 9.075 6.392 28.198 40.432 37.677 34.850 14.235 22.460 16.563
10.220 7.458 33.005 21.590 21.600 24.195 39.893 19.645 0.000 41.952 34.598 23.183 26.855 24.723 26.855 28.005 24.635 43.677 22.423 23.638 20.990 30.485 13.215 26.312 9.375 25.225 34.098 17.263 11.992 13.745 23.625 27.602 12.700 14.735 25.070 15.845 26.338 24.202 21.873 22.993 22.005 25.832 10.588 41.257 8.283 23.538 23.998 30.212 30.122 33.238 30.575 16.112 18.722 17.555 38.173 20.068 42.415 26.010 15.217 39.677 25.810 13.847 16.037 23.077 36.615 22.072 27.242 28.503 19.795 26.210
47.257 45.468 12.165 23.603 27.737 37.115 3.768 47.242 40.783 0.000 11.365 33.008 29.140 31.478 30.863 57.797 33.392 26.893 59.460 32.628 31.110 60.277 40.273 50.438 46.717 24.210 13.835 34.447 44.518 50.067 32.615 58.155 48.138 39.222 30.970 38.413 50.052 28.255 23.887 40.753 34.473 34.982 46.367 24.473 46.293 28.485 59.443 60.003 59.913 63.202 19.677 43.025 52.075 55.185 25.333 54.543 25.632 30.987 46.338 22.893 52.165 48.075 44.408 25.000 8.995 37.313 29.758 51.495 56.832 56.002
43.123 41.335 2.658 19.435 20.663 28.740 8.592 38.992 36.650 10.650 0.000 24.633 20.765 23.103 22.488 51.737 25.017 23.933 54.167 24.378 24.037 54.217 36.140 42.063 42.583 15.960 5.002 26.197 40.385 44.645 24.365 52.095 42.078 31.325 22.595 30.980 41.677 20.005 19.718 32.378 26.098 26.645 42.233 21.513 42.160 20.235 53.383 53.943 53.853 57.142 11.077 36.965 47.942 51.052 19.502 48.483 22.672 22.612 40.278 19.933 43.790 42.015 38.348 16.750 3.632 28.938 21.383 43.245 52.698 49.942
27.820 27.098 25.610 26.178 26.158 8.203 31.218 34.027 26.717 33.277 26.068 0.000 7.620 2.903 6.490 43.668 5.970 24.357 40.023 6.373 29.430 46.148 26.145 20.873 30.295 24.443 23.260 11.847 26.083 33.973 9.523 44.027 33.328 25.093 3.257 24.285 20.487 17.232 26.462 11.533 5.447 4.987 27.932 21.937 28.048 16.568 41.203 45.875 45.785 49.073 20.100 28.897 28.902 34.812 18.853 37.330 23.095 5.462 32.210 20.357 22.600 33.947 30.280 20.608 27.397 7.545 5.428 40.040 37.395 41.873
33.582 32.860 19.328 22.062 23.290 13.965 26.217 35.548 30.152 28.275 20.922 6.757 0.000 8.393 3.628 45.190 5.670 21.125 45.785 5.522 26.663 47.670 27.667 26.635 34.110 18.162 17.955 13.368 31.845 37.460 5.768 45.548 35.532 26.615 7.508 25.807 26.248 11.102 22.345 17.295 11.208 8.573 33.693 18.705 33.687 12.010 46.837 47.397 47.307 50.595 13.818 30.418 34.663 40.573 15.622 41.937 19.863 3.192 33.732 17.125 28.362 35.468 31.802 19.377 22.428 13.307 6.472 41.562 43.157 43.395
29.328 28.607 24.480 27.143 27.123 8.175 30.088 34.992 28.225 32.147 24.938 3.260 7.720 0.000 6.347 44.633 6.935 23.227 41.532 7.338 30.395 47.113 27.110 21.498 31.803 23.313 22.130 12.812 27.592 35.482 10.140 44.992 34.837 26.058 2.872 25.250 21.112 16.253 27.427 11.813 5.533 5.893 29.440 20.807 29.557 17.162 42.712 46.840 46.750 50.038 18.970 29.862 30.410 36.320 17.723 38.838 21.965 6.078 33.175 19.227 23.225 34.912 31.245 21.573 26.267 8.373 4.298 41.005 38.903 42.838
32.678 31.957 21.675 24.408 25.637 12.942 28.527 35.310 29.913 30.585 23.268 5.853 3.785 7.305 0.000 44.952 4.837 22.283 44.882 4.688 29.010 47.432 27.428 25.732 33.872 20.508 20.302 13.130 30.942 37.222 5.547 45.310 35.293 26.377 6.483 25.568 25.345 13.448 24.692 16.392 10.300 7.740 32.790 19.863 32.907 14.357 46.062 47.158 47.068 50.357 16.165 30.180 33.760 39.670 16.780 41.698 21.022 2.288 33.493 18.283 27.458 35.230 31.563 21.723 24.705 12.403 4.715 41.323 42.253 43.157
22.758 21.410 49.993 40.808 36.893 46.792 56.882 17.780 27.305 58.940 51.587 44.292 43.425 45.897 43.425 0.000 41.205 63.748 15.198 40.208 30.887 3.452 28.995 47.687 23.942 42.927 51.087 33.833 26.957 16.968 40.195 9.648 16.852 22.617 45.010 25.437 47.713 40.772 41.092 45.590 44.602 42.562 25.362 61.328 21.635 40.108 8.042 3.178 3.088 6.377 47.563 15.308 40.097 15.925 58.245 12.322 62.487 42.580 14.302 59.748 47.185 16.192 15.488 40.778 53.603 44.668 45.130 25.332 17.622 4.698
32.095 28.713 24.095 23.552 23.532 12.957 30.983 31.400 26.003 33.042 25.688 5.748 5.893 7.353 4.910 41.042 0.000 25.627 43.472 1.203 26.803 43.522 23.518 25.173 29.962 21.985 22.722 9.220 30.383 33.312 4.673 41.400 31.383 22.467 6.467 21.658 24.787 14.605 23.835 15.833 10.200 5.212 32.232 23.207 29.538 13.942 42.688 43.248 43.158 46.447 18.585 26.270 33.202 38.737 20.123 37.788 24.365 3.850 29.583 21.627 26.900 31.320 27.653 17.982 27.195 12.012 6.458 37.413 41.305 39.247
48.820 48.098 24.423 33.725 34.953 25.155 24.597 53.282 47.717 25.610 22.410 23.678 20.833 22.357 21.887 63.442 25.020 0.000 61.023 24.872 38.327 65.922 45.918 38.532 51.295 30.250 19.607 31.620 47.083 54.973 25.357 63.800 53.783 44.867 21.640 44.058 38.145 29.062 34.008 28.847 23.057 25.690 48.932 3.293 49.048 29.778 62.203 65.648 65.558 68.847 20.632 48.670 49.902 55.812 6.865 58.330 1.900 22.472 51.983 4.230 39.393 53.720 50.053 31.040 23.153 25.897 21.018 57.535 58.395 61.647
12.152 15.772 51.225 39.810 39.220 41.153 58.113 19.942 21.378 60.172 52.818 40.142 45.075 41.682 45.075 15.418 42.855 60.635 0.000 41.858 33.213 16.447 30.355 42.048 20.572 43.445 52.318 35.483 16.350 15.265 41.845 13.598 16.778 24.943 42.028 27.763 42.075 42.422 40.093 39.952 38.963 42.790 14.755 58.215 16.092 41.758 9.090 17.587 16.010 18.962 48.795 17.635 27.390 6.375 55.132 8.407 59.373 44.230 16.628 56.635 41.547 15.995 17.815 41.297 54.835 39.030 44.200 27.493 4.290 12.745
31.587 28.358 23.798 23.197 23.177 12.423 30.687 31.045 25.648 32.745 25.392 5.215 5.682 6.820 4.753 40.687 1.333 25.470 43.117 0.000 26.448 43.167 23.163 24.640 29.607 21.630 22.425 8.865 29.850 32.957 4.153 41.045 31.028 22.112 5.933 21.303 24.253 14.250 23.480 15.300 9.667 4.708 31.698 23.050 29.183 13.587 42.333 42.893 42.803 46.092 18.288 25.915 32.668 38.382 19.967 37.433 24.208 3.693 29.228 21.470 26.367 30.965 27.298 17.627 26.898 11.478 6.053 37.058 40.950 38.892
27.125 23.743 22.117 12.723 6.007 33.838 29.005 19.858 21.033 31.063 23.710 27.920 27.053 29.525 27.053 30.787 24.833 39.730 33.217 23.837 0.000 33.267 17.003 38.808 24.227 12.040 23.210 17.462 29.057 23.695 23.823 31.145 21.128 11.247 28.638 10.030 38.422 20.482 13.007 32.637 31.648 26.190 27.493 37.310 22.837 19.882 32.433 32.993 32.903 36.192 19.392 16.015 37.267 30.843 35.165 27.533 38.468 26.208 19.328 35.730 40.535 21.065 17.398 9.892 25.727 31.715 28.758 24.112 33.437 28.992
24.193 22.845 51.590 42.405 38.490 48.227 58.478 19.377 28.740 60.537 53.183 45.888 45.022 47.493 45.022 2.638 42.802 65.345 16.633 41.805 32.483 0.000 30.592 49.122 25.538 44.523 52.683 35.430 28.392 18.565 41.792 11.245 18.448 24.213 46.607 27.033 49.148 42.368 42.688 47.025 46.037 44.158 26.797 62.925 23.070 41.705 9.477 3.327 2.855 4.702 49.160 16.905 41.532 17.360 59.842 13.757 64.083 44.177 15.898 61.345 48.620 17.788 17.085 42.375 55.200 46.103 46.727 26.928 19.057 6.295
19.472 16.090 36.097 24.947 22.997 31.897 42.985 16.753 13.380 45.043 37.690 29.782 29.663 32.080 29.663 26.338 27.443 49.987 28.768 26.447 16.990 28.818 0.000 36.867 17.338 28.582 37.190 20.237 21.403 19.247 26.433 26.697 16.680 10.735 31.248 11.845 36.480 27.010 25.230 30.695 29.707 27.490 19.840 47.567 16.915 26.347 27.985 28.545 28.455 31.743 33.667 11.567 29.613 26.113 44.483 23.085 48.725 28.818 14.880 45.987 36.702 16.617 12.950 26.433 39.707 29.773 31.368 24.523 28.682 24.543
29.157 28.435 43.642 35.872 35.882 15.152 49.250 41.610 28.053 51.308 44.100 21.237 26.882 20.878 25.508 48.425 26.032 38.572 41.360 26.435 39.255 49.265 37.152 0.000 31.632 39.507 41.292 29.968 27.420 35.310 29.352 46.605 34.665 37.180 22.245 36.372 3.173 35.415 36.155 12.845 17.620 24.687 29.268 36.152 29.385 35.768 42.540 50.405 48.828 51.780 38.132 38.077 27.113 36.148 33.068 38.667 37.310 25.397 37.182 34.572 5.508 35.812 38.002 37.358 45.428 14.498 23.460 50.468 38.732 45.752
10.415 4.883 38.502 27.087 27.097 30.090 45.390 15.220 9.233 47.448 40.095 29.078 32.352 30.618 32.352 23.580 30.132 49.572 20.177 29.135 24.455 26.060 17.512 30.985 0.000 30.722 39.595 22.760 13.138 9.320 29.122 23.177 8.275 16.185 30.965 19.005 31.012 29.698 27.370 28.888 27.900 31.488 11.575 47.152 4.837 29.035 21.350 25.787 25.697 28.985 36.072 11.687 23.395 14.980 44.068 15.643 48.310 31.507 10.792 45.572 30.483 9.422 11.612 28.573 42.112 27.967 33.137 24.078 17.548 21.785
34.595 32.332 14.910 12.507 8.617 28.535 21.798 30.365 28.122 23.857 16.503 23.397 18.418 22.898 20.327 42.777 20.310 30.547 45.207 19.313 11.990 45.257 27.137 39.217 33.580 0.000 15.987 14.150 31.857 35.685 19.300 43.135 33.118 22.698 22.390 22.020 38.830 15.293 12.790 32.173 25.893 21.667 33.705 28.127 33.157 14.693 44.423 44.983 44.893 48.182 10.208 28.005 39.413 42.355 25.982 39.523 29.285 20.265 31.318 26.547 40.943 33.055 29.388 4.703 18.520 28.733 20.308 34.618 44.170 40.982
43.647 41.858 6.683 19.958 21.187 24.615 11.055 39.515 37.173 13.113 4.670 20.508 16.640 18.978 18.363 52.260 20.892 19.942 54.690 20.743 24.560 54.740 36.663 37.938 43.107 16.483 0.000 26.720 40.908 45.168 21.163 52.618 42.602 31.848 18.470 31.503 37.552 18.530 20.242 28.253 21.973 22.520 42.757 17.522 42.683 18.760 53.907 54.467 54.377 57.665 9.393 37.488 47.997 51.575 15.377 49.007 18.680 18.487 40.802 15.942 39.665 42.538 38.872 17.273 5.998 24.813 17.258 43.768 53.222 50.465
22.875 19.493 24.587 14.332 14.342 20.852 31.475 22.180 16.783 33.533 26.180 13.643 12.777 15.248 12.777 31.822 10.557 33.100 34.252 9.560 17.583 34.302 14.298 26.568 20.742 15.218 23.880 0.000 23.948 24.092 9.547 32.180 22.163 13.247 14.362 12.438 26.182 10.123 14.615 20.397 18.095 11.913 23.243 30.680 20.318 9.460 33.468 34.028 33.938 37.227 19.067 17.050 31.323 29.517 27.597 28.568 31.838 11.932 20.363 29.100 28.295 22.100 18.433 11.215 28.197 19.475 14.482 28.193 32.085 30.027
4.198 9.507 38.298 26.883 26.893 29.488 45.187 22.682 11.715 47.245 39.892 28.477 32.148 30.017 32.148 27.215 29.928 48.970 16.402 28.932 29.737 28.243 21.962 31.488 12.703 30.518 39.392 22.557 0.000 14.905 28.918 25.395 15.737 23.482 30.363 24.592 31.515 29.495 27.167 28.287 27.298 31.125 3.698 46.550 10.457 28.832 20.887 29.383 27.807 30.758 35.868 19.148 20.903 12.675 43.467 18.280 47.708 31.303 18.253 44.970 30.987 16.363 19.073 28.370 41.908 27.365 32.535 31.540 13.773 24.542
12.092 8.560 41.373 29.958 29.968 34.363 48.262 12.187 13.618 50.320 42.967 33.352 35.223 34.892 35.223 16.968 33.003 53.845 17.012 32.007 24.288 19.448 20.417 35.258 9.408 33.593 42.467 25.632 16.290 0.000 31.993 16.120 4.478 16.018 35.238 18.838 35.285 32.570 30.242 33.162 32.173 34.360 14.695 51.425 7.588 31.907 16.228 19.175 19.085 22.373 38.943 8.710 27.668 11.940 48.342 9.700 52.583 34.378 6.198 49.845 34.757 4.008 8.742 31.445 44.983 32.240 36.928 21.045 15.285 14.842
33.237 29.855 24.118 24.693 24.490 15.823 31.007 32.542 27.145 33.065 25.712 8.615 5.592 10.220 5.592 42.183 4.740 25.915 44.613 4.227 27.863 44.663 24.660 28.040 31.103 22.943 22.745 10.362 31.538 34.453 0.000 42.542 32.525 23.608 9.333 22.800 27.653 13.090 24.977 18.700 13.067 6.887 33.387 23.495 30.680 12.427 43.830 44.390 44.300 47.588 18.608 27.412 36.068 39.878 20.412 38.930 24.653 4.747 30.725 21.915 29.767 32.462 28.795 18.940 27.218 14.878 8.732 38.555 42.447 40.388
21.147 20.063 50.265 41.080 37.165 45.445 57.153 17.887 25.958 59.212 51.858 44.433 43.697 45.973 43.697 9.938 41.477 64.020 13.587 40.480 31.158 12.303 29.267 46.340 23.408 43.198 51.358 34.105 25.345 16.062 40.467 0.000 15.858 22.888 45.282 25.708 46.367 41.043 41.363 44.243 43.255 42.833 23.750 61.600 20.288 40.380 6.430 12.145 11.595 15.118 47.835 15.580 38.750 14.578 58.517 10.975 62.758 42.852 14.573 60.020 45.838 15.075 15.760 41.050 53.875 43.322 45.402 25.438 16.010 6.583
13.563 8.032 40.398 28.983 27.518 33.388 47.287 9.467 12.643 49.345 41.992 32.377 34.050 33.917 34.050 16.470 31.830 52.870 16.700 30.833 21.512 18.950 19.442 34.283 8.433 32.618 41.492 24.458 16.437 4.122 30.820 15.822 0.000 13.242 34.263 16.062 34.310 31.397 29.267 32.187 31.198 33.187 14.873 50.450 7.087 30.733 15.917 18.677 18.587 21.875 37.968 5.933 26.693 12.698 47.367 9.388 51.608 33.205 3.298 48.870 33.782 1.147 5.858 30.470 44.008 31.265 35.755 18.325 16.305 14.543
20.972 15.665 29.137 21.013 16.697 31.088 36.025 9.637 14.880 37.797 30.730 25.170 24.303 26.775 24.303 22.643 22.083 44.627 25.073 21.087 11.193 25.123 10.850 36.058 16.083 22.662 30.230 14.712 22.903 15.552 21.073 23.002 12.985 0.000 25.888 3.437 35.672 21.650 21.297 29.887 28.898 23.440 21.340 42.207 14.693 20.987 24.290 24.850 24.760 28.048 26.707 7.872 31.113 22.700 39.123 19.390 43.365 23.458 11.185 40.627 37.785 12.922 9.255 20.513 32.747 28.965 26.008 15.278 25.293 20.848
29.620 28.898 23.975 26.413 26.393 9.308 29.583 34.262 28.517 31.642 24.433 3.552 7.215 2.973 5.842 43.903 6.205 22.722 41.823 6.608 29.665 46.383 26.380 22.632 32.095 22.808 21.625 12.082 27.883 35.773 9.410 44.262 34.245 25.328 0.000 24.520 22.245 15.748 26.697 12.947 6.667 5.553 29.732 20.302 29.848 16.657 43.003 46.110 46.020 49.308 18.465 29.132 30.702 36.612 17.218 39.130 21.460 5.348 32.445 18.722 24.358 34.182 30.515 20.843 25.762 9.345 3.793 40.275 39.195 42.108
22.172 18.040 29.052 20.928 15.952 30.400 35.940 12.012 16.080 37.998 30.645 24.482 23.615 26.087 23.615 25.018 21.395 43.938 27.448 20.398 9.945 27.498 12.050 35.370 18.458 21.985 30.145 14.023 24.103 17.927 20.385 25.377 15.360 3.375 25.200 0.000 34.983 20.962 21.212 29.198 28.210 22.752 22.540 41.518 17.068 20.298 26.665 27.225 27.135 30.423 26.622 10.247 32.313 25.075 38.435 21.765 42.677 22.770 13.560 39.938 37.097 15.297 11.630 19.837 32.662 28.277 25.320 17.653 27.668 23.223
30.005 29.283 43.968 36.720 36.730 15.478 49.577 42.458 28.902 51.635 44.427 21.563 27.208 21.205 25.835 49.273 26.358 38.898 42.208 26.762 40.103 50.113 38.000 3.205 32.480 40.355 41.618 30.817 28.268 36.158 29.678 47.453 35.513 38.028 22.572 37.220 0.000 35.742 37.003 13.172 17.947 25.013 30.117 36.478 30.233 36.617 43.388 51.253 49.677 52.628 38.458 38.925 27.962 36.997 33.395 39.515 37.637 25.723 38.030 34.898 3.698 36.660 38.850 38.207 45.755 14.825 23.787 51.317 39.580 46.600
34.012 30.630 18.472 20.907 17.017 18.058 25.360 33.317 27.920 27.418 20.065 10.850 9.983 12.455 9.983 42.958 7.763 30.307 45.388 6.767 20.390 45.438 25.435 30.275 31.878 15.470 17.765 11.137 32.308 35.228 6.753 43.317 33.300 24.383 11.568 23.575 29.888 0.000 21.190 20.935 15.302 9.120 34.157 27.887 31.455 3.345 44.605 45.165 45.075 48.363 12.952 28.187 37.905 40.653 24.803 39.705 29.045 9.138 31.500 26.307 32.002 33.237 29.570 11.467 22.082 17.113 11.688 39.330 43.222 41.163
25.600 23.812 19.222 0.283 6.045 25.252 26.110 26.498 19.127 28.168 20.815 24.240 23.995 25.780 24.112 36.140 21.892 36.123 37.803 20.895 9.418 38.620 18.617 30.222 25.060 8.433 20.315 15.517 22.862 28.410 20.882 36.498 26.482 17.565 25.697 16.757 29.835 16.875 0.000 24.050 23.062 22.460 24.710 33.703 24.637 16.275 37.787 38.347 38.257 41.545 15.785 21.368 30.418 33.528 31.558 32.887 34.862 23.267 24.682 32.123 31.948 26.418 22.752 6.285 22.832 23.128 25.817 32.047 35.175 34.345
27.767 27.045 33.572 34.148 34.158 5.082 39.180 40.220 26.663 41.238 34.030 11.167 16.812 10.808 15.438 47.035 15.962 28.502 39.970 16.365 37.532 47.875 34.405 12.597 30.242 32.405 31.222 21.838 26.030 33.920 19.282 45.215 33.275 35.085 12.175 34.277 12.210 25.345 34.432 0.000 7.550 14.617 27.878 26.082 27.995 26.253 41.150 49.015 47.438 50.390 28.062 36.687 28.848 34.758 22.998 37.277 27.240 15.327 35.792 24.502 14.323 34.422 36.612 30.600 35.358 4.428 13.390 49.078 37.342 44.362
26.783 26.062 28.000 30.103 30.083 2.830 33.608 37.952 25.680 35.667 28.458 5.100 11.240 5.237 9.867 46.052 9.895 22.930 38.987 10.298 33.355 46.892 30.070 16.153 29.258 26.833 25.650 15.772 25.047 32.937 13.448 44.232 32.292 29.018 6.603 28.210 15.767 19.773 30.387 6.468 0.000 8.912 26.895 20.510 27.012 20.493 40.167 48.032 46.455 49.407 22.490 32.822 27.865 33.775 17.427 36.293 21.668 9.387 34.808 18.930 17.880 33.438 34.205 24.533 29.787 3.860 7.818 43.965 36.358 43.378
30.567 28.650 25.907 23.488 23.468 11.992 32.795 31.337 25.237 34.853 27.500 4.927 7.717 6.532 6.840 40.978 5.285 26.883 42.770 5.688 26.740 43.458 23.455 23.620 29.898 21.922 24.533 9.157 28.830 33.248 7.532 41.337 31.320 22.403 5.645 21.595 23.233 14.542 23.772 14.280 9.378 0.000 30.678 24.463 29.475 13.878 42.625 43.185 43.095 46.383 20.397 26.207 31.648 37.558 21.380 37.725 25.622 5.558 29.520 22.883 25.347 31.257 27.590 17.918 29.007 10.642 7.120 37.350 40.142 39.183
2.455 7.337 38.935 27.520 27.530 30.125 45.823 20.512 10.815 47.882 40.528 29.113 32.785 30.653 32.785 25.472 30.565 49.607 14.658 29.568 27.567 26.500 19.792 31.615 10.533 31.155 40.028 23.193 3.670 13.162 29.555 23.652 13.567 21.312 31.000 22.422 31.642 30.132 27.803 28.923 27.935 31.762 0.000 47.187 8.287 29.468 19.143 27.640 26.063 29.015 36.505 16.978 23.372 10.932 44.103 16.537 48.345 31.940 16.083 45.607 31.113 14.620 16.903 29.007 42.545 28.002 33.172 29.370 12.030 22.798
47.478 46.757 23.082 32.383 33.612 23.813 23.255 51.940 46.375 24.268 21.068 22.337 19.492 21.015 20.545 62.100 23.678 3.487 59.682 23.530 36.985 64.580 44.577 37.190 49.953 28.908 18.265 30.278 45.742 53.632 24.015 62.458 52.442 43.525 20.298 42.717 36.803 27.720 32.667 27.505 21.715 24.348 47.590 0.000 47.707 28.437 60.862 64.307 64.217 67.505 19.290 47.328 48.560 54.470 5.523 56.988 1.758 21.130 50.642 2.077 38.052 52.378 48.712 29.698 21.812 24.555 19.677 56.193 57.053 60.305
6.503 0.972 37.188 25.773 25.783 27.247 44.077 13.927 7.342 46.135 38.782 26.235 31.038 27.775 31.038 22.287 28.818 46.728 17.197 27.822 23.440 24.767 16.388 28.142 4.692 29.408 38.282 21.447 10.125 8.027 27.808 21.832 6.982 15.170 28.122 17.990 28.168 28.385 26.057 26.045 25.057 28.883 8.457 44.308 0.000 27.722 18.370 24.493 24.403 27.610 34.758 10.393 20.552 12.000 41.225 14.298 45.467 30.193 9.498 42.728 27.640 8.128 10.318 27.260 40.798 25.123 30.293 22.785 14.568 20.492
35.832 32.450 16.478 19.193 19.368 19.878 23.367 35.137 29.740 25.425 18.072 12.670 11.803 14.275 11.803 44.778 9.583 30.230 47.208 8.587 22.742 47.258 27.255 32.095 33.698 14.423 15.772 12.957 34.128 37.048 8.573 45.137 35.120 26.203 13.388 25.395 31.708 3.502 19.477 22.755 17.122 10.940 35.977 27.810 33.275 0.000 46.425 46.985 46.895 50.183 10.958 30.007 39.725 42.473 25.665 41.525 28.968 10.958 33.320 26.230 33.822 35.057 31.390 13.818 20.088 18.933 13.508 41.150 45.042 42.983
16.642 16.953 51.633 41.197 38.533 42.335 58.522 19.255 22.848 60.580 53.227 41.323 45.065 42.863 45.065 8.392 42.845 61.817 9.082 41.848 32.527 9.420 30.635 43.230 21.658 44.567 52.727 35.473 20.840 16.312 41.835 6.572 16.092 24.257 43.210 27.077 43.257 42.412 41.480 41.133 40.145 43.972 19.245 59.397 17.178 41.748 0.000 10.560 8.983 11.935 49.203 16.948 34.707 10.162 56.313 7.865 60.555 44.220 15.942 57.817 42.728 15.308 17.128 42.418 55.243 40.212 45.382 26.807 11.505 5.718
25.203 23.855 52.017 42.832 38.917 49.237 58.905 19.803 29.750 60.963 53.610 46.315 45.448 47.920 45.448 3.065 43.228 65.772 17.643 42.232 32.910 3.363 31.018 50.132 25.965 44.950 53.110 35.857 29.402 18.992 42.218 11.672 18.875 24.640 47.033 27.460 50.158 42.795 43.115 48.035 47.047 44.585 27.807 63.352 24.080 42.132 10.487 0.000 3.850 4.933 49.587 17.332 42.542 18.370 60.268 14.767 64.510 44.603 16.325 61.772 49.630 18.215 17.512 42.802 55.627 47.113 47.153 27.355 20.067 6.722
24.410 23.062 51.265 42.080 38.165 48.443 58.153 19.052 28.957 60.212 52.858 45.563 44.697 47.168 44.697 2.313 42.477 65.020 16.850 41.480 32.158 2.758 30.267 49.338 25.213 44.198 52.358 35.105 28.608 18.240 41.467 10.920 18.123 23.888 46.282 26.708 49.365 42.043 42.363 47.242 46.253 43.833 27.013 62.600 23.287 41.380 9.693 3.047 0.000 6.245 48.835 16.580 41.748 17.577 59.517 13.973 63.758 43.852 15.573 61.020 48.837 17.463 16.760 42.050 54.875 46.320 46.402 26.603 19.273 5.970
26.417 25.068 55.030 45.845 41.930 50.450 61.918 22.817 30.963 63.977 56.623 49.328 48.462 50.933 48.462 6.078 46.242 68.785 18.857 45.245 35.923 4.577 34.032 51.345 28.978 47.963 56.123 38.870 30.615 22.005 45.232 14.620 21.888 27.653 50.047 30.473 51.372 45.808 46.128 49.248 48.260 47.598 29.020 66.365 25.293 45.145 11.700 4.635 6.863 0.000 52.600 20.345 43.755 19.583 63.282 15.980 67.523 47.617 19.338 64.785 50.843 21.228 20.525 45.815 58.640 48.327 50.167 30.368 21.280 9.735
39.148 37.360 9.657 15.460 16.688 24.380 16.545 35.017 32.675 18.603 11.250 20.175 14.763 18.743 16.672 47.762 17.625 23.878 50.192 16.628 20.062 50.242 32.165 37.703 38.608 11.560 9.377 20.998 36.410 40.670 16.615 48.120 38.103 27.350 18.235 27.005 37.317 12.255 15.743 28.018 21.738 18.982 38.258 21.458 38.185 12.485 49.408 49.968 49.878 53.167 0.000 32.990 43.967 47.077 19.313 44.508 22.617 16.610 36.303 19.878 39.430 38.040 34.373 12.775 13.267 24.578 16.653 39.270 48.723 45.967
16.282 10.750 35.152 25.967 22.052 35.368 42.040 6.792 15.362 44.098 36.745 29.450 28.583 31.055 28.583 15.103 26.363 48.907 17.533 25.367 16.045 17.583 14.153 37.002 11.152 28.085 36.245 18.992 19.155 8.012 25.353 15.462 5.445 7.775 30.168 10.595 37.028 25.930 26.250 34.167 33.178 27.720 17.592 46.487 9.805 25.267 16.750 17.310 17.220 20.508 32.722 0.000 29.412 15.160 43.403 11.850 47.645 27.738 3.645 44.907 36.500 5.382 1.715 25.937 38.762 33.245 30.288 15.650 18.767 13.308
13.278 12.557 35.302 23.887 23.897 25.630 42.190 25.732 12.920 44.248 36.895 24.618 29.152 26.158 29.152 32.547 26.932 45.112 25.482 25.935 26.845 33.387 19.070 22.733 15.753 27.522 36.395 19.560 13.788 19.432 25.922 30.727 18.787 20.590 26.505 21.700 22.760 26.498 24.170 24.428 23.440 27.267 13.647 42.692 13.507 25.835 26.662 34.527 32.950 35.902 32.872 22.198 0.000 20.270 39.608 22.788 43.850 28.307 21.303 41.112 22.232 19.933 22.123 25.373 38.912 23.507 28.677 34.590 22.853 29.873
9.592 11.450 47.108 35.693 35.703 36.832 53.997 18.135 17.345 56.055 48.702 35.820 40.958 37.360 40.958 15.540 38.738 56.313 7.100 37.742 30.180 16.380 26.392 37.727 16.250 39.328 48.202 31.367 13.790 10.943 37.728 13.720 11.602 21.910 37.707 24.730 37.753 38.305 35.977 35.630 34.642 38.468 12.195 53.893 11.770 37.642 9.655 17.520 15.943 18.895 44.678 14.602 29.285 0.000 50.810 5.640 55.052 40.107 11.983 52.313 37.225 10.818 14.527 37.180 50.718 34.708 39.878 26.297 5.227 12.867
46.642 45.920 21.570 30.767 31.995 23.220 22.912 50.323 44.960 23.925 19.557 20.235 17.272 18.913 18.652 59.998 21.523 6.947 58.845 21.375 35.368 62.478 42.475 36.597 48.918 27.292 16.838 28.177 44.905 52.268 21.795 60.357 50.340 41.423 18.197 40.615 36.210 25.500 31.050 26.912 21.122 22.247 46.753 4.527 46.870 26.408 60.025 62.205 62.115 65.403 17.673 45.227 47.723 53.633 0.000 56.152 5.685 19.118 48.540 2.947 37.458 50.277 46.610 28.082 20.885 23.962 17.622 54.577 56.217 58.203
11.412 9.492 45.233 33.818 33.232 35.222 52.122 15.180 15.387 54.180 46.827 34.210 39.083 35.750 39.083 14.293 36.863 54.703 9.998 35.867 27.225 16.773 24.433 36.117 14.170 37.453 46.327 29.492 15.610 8.575 35.853 11.158 8.647 18.955 36.097 21.775 36.143 36.430 34.102 34.020 33.032 36.858 14.015 52.283 9.690 35.767 10.797 16.500 16.410 19.698 42.803 11.647 28.527 6.525 49.200 0.000 53.442 38.238 9.028 50.703 35.615 7.863 11.572 35.305 48.843 33.098 38.268 23.168 10.573 10.508
48.582 47.860 25.627 34.928 36.157 24.917 25.800 53.562 47.478 26.813 23.613 23.440 20.595 22.118 21.648 63.203 24.782 1.728 60.785 24.633 39.530 65.683 45.680 38.293 51.057 31.453 20.810 31.382 46.845 54.735 25.118 63.562 53.545 44.628 21.402 43.820 37.907 28.823 35.212 28.608 22.818 25.452 48.693 3.402 48.810 29.732 61.965 65.410 65.320 68.608 21.835 48.432 49.663 55.573 8.068 58.092 0.000 22.233 51.745 4.078 39.155 53.482 49.815 32.243 24.357 25.658 20.780 58.738 58.157 61.408
31.487 30.765 21.287 24.020 25.248 11.870 28.175 34.038 28.642 30.233 22.880 4.662 3.097 6.298 2.220 43.680 3.863 22.937 43.690 3.715 28.622 46.160 26.157 24.540 32.600 20.120 19.913 11.858 29.750 35.950 4.768 44.038 34.022 25.105 5.413 24.297 24.153 13.060 24.303 15.200 9.113 6.097 31.598 20.517 31.715 13.968 44.870 45.887 45.797 49.085 15.777 28.908 32.568 38.478 17.433 40.427 21.675 0.000 32.222 18.937 26.267 33.958 30.292 20.620 24.387 11.212 4.590 40.052 41.062 41.885
15.608 10.393 38.497 29.312 25.397 35.750 45.385 7.288 15.005 47.443 40.090 32.795 31.928 34.400 31.928 14.022 29.708 52.252 16.452 28.712 19.390 16.502 17.498 36.645 10.795 31.430 39.590 22.337 18.798 5.930 28.698 14.380 3.298 11.120 33.513 13.940 36.672 29.275 29.595 34.548 33.560 31.065 17.235 49.832 9.448 28.612 15.668 16.228 16.138 19.427 36.067 3.812 29.055 13.078 46.748 9.768 50.990 31.083 0.000 48.252 36.143 3.300 3.992 29.282 42.107 33.627 33.633 16.147 16.685 12.227
46.535 45.813 21.955 31.257 32.485 22.870 22.128 50.813 45.432 23.142 19.942 21.393 18.548 20.072 19.602 61.157 22.735 4.543 58.738 22.587 35.858 63.637 43.633 36.247 49.010 27.782 17.138 29.335 44.798 52.688 23.072 61.515 51.498 42.582 19.355 41.773 35.860 26.777 31.540 26.562 20.772 23.405 46.647 2.123 46.763 27.310 59.918 63.363 63.273 66.562 18.163 46.385 47.617 53.527 4.397 56.045 3.282 20.187 49.698 0.000 37.108 51.435 47.768 28.572 20.685 23.612 18.733 55.067 56.110 59.362
28.647 27.925 45.537 35.362 35.372 16.570 51.145 41.100 27.543 53.203 45.995 23.132 28.777 22.773 27.403 47.915 27.927 39.300 40.850 28.330 38.745 48.755 36.642 5.768 31.122 38.997 43.187 29.458 26.910 34.800 31.247 46.095 34.155 36.670 24.140 35.862 4.157 35.922 35.645 14.740 19.515 26.582 28.758 37.527 28.875 35.258 42.030 49.895 48.318 51.270 40.027 37.567 26.603 35.638 34.443 38.157 38.178 27.292 36.672 35.947 0.000 35.302 37.492 36.848 47.323 16.393 25.355 49.958 38.222 45.242
13.602 9.248 40.653 30.200 27.553 34.605 47.542 9.502 13.860 49.600 42.247 33.593 34.085 35.133 34.085 16.017 31.865 54.087 15.827 30.868 21.547 18.497 19.655 35.500 9.650 33.587 41.747 24.493 17.653 3.880 30.855 14.948 1.217 13.277 35.480 16.097 35.527 31.432 30.483 33.403 32.415 33.222 16.090 51.667 8.303 30.768 15.043 18.223 18.133 21.422 38.223 5.968 27.910 11.825 48.583 8.515 52.825 33.240 3.350 50.087 34.998 0.000 5.893 31.438 44.263 32.482 35.790 18.360 15.432 13.670
16.275 10.743 36.488 27.303 23.388 36.100 43.377 7.098 15.355 45.435 38.082 30.787 29.920 32.392 29.920 15.410 27.700 50.243 17.840 26.703 17.382 17.890 15.490 36.995 11.145 29.422 37.582 20.328 19.148 8.005 26.690 15.768 5.438 9.112 31.505 11.932 37.022 27.267 27.587 34.898 33.910 29.057 17.585 47.823 9.798 26.603 17.057 17.617 17.527 20.815 34.058 1.803 29.405 15.153 44.740 11.843 48.982 29.075 3.952 46.243 36.493 5.375 0.000 27.273 40.098 33.977 31.625 15.957 18.760 13.615
32.355 29.162 15.618 10.267 6.377 26.590 22.507 28.125 25.882 24.565 17.212 19.382 18.515 20.987 18.515 40.537 16.295 32.520 42.967 15.298 9.750 43.017 23.967 36.237 30.410 4.830 16.712 10.135 29.617 33.445 15.285 40.895 30.878 20.458 20.100 19.780 35.850 11.278 10.550 29.467 23.833 17.652 31.465 30.100 29.987 10.678 42.183 42.743 42.653 45.942 12.182 25.765 37.173 39.185 27.955 37.283 31.258 17.670 29.078 28.520 37.963 30.815 27.148 0.000 19.228 25.645 20.220 32.378 41.753 38.742
45.202 43.413 5.675 21.513 22.742 30.102 6.213 41.070 38.728 8.272 3.698 25.995 22.127 24.465 23.850 53.815 26.378 24.492 56.245 26.230 26.115 56.295 38.218 43.425 44.662 18.038 6.363 28.275 42.463 46.723 26.443 54.173 44.157 33.403 23.957 33.058 43.038 22.083 21.797 33.740 27.460 28.007 44.312 22.072 44.238 22.313 55.462 56.022 55.932 59.220 13.413 39.043 50.020 53.130 20.373 50.562 23.230 23.973 42.357 20.492 45.152 44.093 40.427 18.828 0.000 30.300 22.745 45.323 54.777 52.020
26.073 25.352 30.977 32.263 32.243 2.487 36.585 38.527 24.970 38.643 31.435 7.260 13.705 8.213 12.575 45.342 12.055 25.835 38.277 12.458 35.515 46.182 32.230 14.205 28.548 29.810 28.627 17.932 24.337 32.227 15.608 43.522 31.582 31.178 9.147 30.370 13.818 22.750 32.547 4.520 4.163 10.782 26.185 23.415 26.302 22.653 39.457 47.322 45.745 48.697 25.467 34.982 27.155 33.065 20.332 35.583 24.573 11.547 34.098 21.835 15.932 32.728 34.918 26.693 32.763 0.000 10.795 46.125 35.648 42.668
32.467 31.745 21.697 24.430 25.658 10.610 27.793 35.763 30.367 29.852 22.643 5.642 4.937 4.973 3.563 45.405 6.463 20.832 44.670 6.315 29.032 47.885 27.882 23.933 34.325 20.530 19.835 13.583 30.730 37.675 7.407 45.763 35.747 26.830 4.332 26.022 23.547 13.470 24.713 14.248 7.968 7.653 32.578 18.412 32.695 14.378 45.850 47.612 47.522 50.810 16.187 30.633 33.548 39.458 15.328 41.977 19.570 4.148 33.947 16.832 25.660 35.683 32.017 21.745 23.972 10.808 0.000 41.777 42.042 43.610
28.833 23.302 40.877 32.753 28.437 45.950 47.765 12.767 27.913 47.632 42.470 40.032 39.165 41.637 39.165 26.565 36.945 58.537 28.823 35.948 24.017 29.045 25.712 49.553 23.703 34.402 41.970 29.573 31.707 20.563 35.935 26.752 17.997 15.307 40.750 17.605 49.580 36.512 33.037 44.748 43.760 38.302 30.143 56.117 22.357 35.848 28.040 28.772 28.682 31.970 38.447 15.162 41.963 27.712 53.972 24.292 57.275 38.320 16.603 54.537 49.052 17.933 15.250 32.253 44.487 43.827 40.870 0.000 31.247 24.770
9.568 13.188 48.642 37.227 37.237 38.570 55.530 22.318 18.795 57.588 50.235 37.558 42.492 39.098 42.492 17.867 40.272 58.052 4.232 39.275 33.837 18.895 27.772 39.465 17.988 40.862 49.735 32.900 13.767 12.682 39.262 16.047 14.610 25.567 39.445 28.387 39.492 39.838 37.510 37.368 36.380 40.207 12.172 55.632 13.508 39.175 11.538 20.035 18.458 21.410 46.212 18.842 27.328 4.462 52.548 9.268 56.790 41.647 16.330 54.052 38.963 14.140 18.873 38.713 52.252 36.447 41.617 29.930 0.000 15.193
20.628 19.545 48.102 38.917 35.002 44.927 54.990 15.888 25.440 57.048 49.695 42.400 41.533 44.005 41.533 4.672 39.313 61.857 13.068 38.317 28.995 7.152 27.103 45.822 22.050 41.035 49.195 31.942 24.827 14.777 38.303 6.695 14.573 20.725 43.118 23.545 45.848 38.880 39.200 43.725 42.737 40.670 23.232 59.437 19.770 38.217 5.912 6.878 6.522 10.077 45.672 13.417 38.232 14.060 56.353 10.425 60.595 40.688 12.410 57.857 45.320 13.790 13.597 38.887 51.712 42.803 43.238 23.440 15.492 0.000
0.0000 1.1403 9.2400 6.7155 6.5868 6.9904 11.0479 4.3825 2.1645 11.3378 9.7239 6.7974 7.9317 7.1288 7.8463 5.3385 7.1955 11.7162 2.6726 7.2018 5.5205 5.5074 4.1560 6.1664 1.8516 7.4540 9.6353 5.5001 0.8786 2.4914 7.1962 4.4051 2.9058 4.7784 7.1603 4.8187 6.5048 6.7679 6.7863 6.7488 6.5411 7.4750 0.5051 11.0547 1.3721 7.0672 3.7182 5.8082 5.2679 5.7378 8.5408 3.6857 5.3758 2.0390 10.3279 2.9148 11.3720 7.7373 3.3477 10.7408 6.7524 2.6169 3.3988 6.9916 10.0881 6.4999 7.6369 5.9494 2.0301 4.7828
1.2633 0.0000 8.5196 5.9951 5.8664 6.2700 10.3276 3.3227 1.4441 10.6174 9.0035 6.0770 7.2113 6.4084 7.1259 5.5269 6.4751 10.9958 3.6850 6.4814 4.7672 5.8777 3.4027 5.4460 0.8014 6.7336 8.9150 4.7797 1.5468 1.8511 6.4758 4.7755 1.8460 3.3464 6.4399 4.0653 5.7844 6.0475 6.0659 6.0284 5.8207 6.7546 1.4309 10.3343 0.2318 6.3468 4.2246 6.0777 5.6382 6.1081 7.8204 2.6259 3.6692 2.6063 9.6075 2.9526 10.6516 7.0169 2.4232 10.0204 6.0320 2.0633 2.3390 6.2712 9.3677 5.7795 6.9165 4.8896 3.0425 5.1532
9.5238 8.9761 0.0000 3.8714 4.2601 6.4961 2.0499 8.0000 7.9452 2.3397 0.4598 5.5356 4.3435 5.0878 4.6892 10.9086 5.0352 5.9887 11.2167 5.0415 5.1398 11.3711 7.6381 9.3358 8.7656 3.1499 1.1082 4.3198 8.8751 9.1885 5.0359 10.5758 8.5486 6.2891 5.0362 5.8163 9.4694 3.7395 3.9422 7.3988 5.8842 5.1396 9.2796 5.3273 8.9623 3.3690 11.2360 11.4594 11.1515 11.7515 1.9829 7.4158 9.7997 11.2670 4.7301 10.0041 5.6445 4.7887 8.1689 5.0133 9.7609 8.5808 7.5613 3.3713 1.0632 6.5597 4.7780 7.7230 11.5539 10.5525
6.0251 5.4774 4.3926 0.0000 1.2856 6.0108 6.2005 6.3353 4.4465 6.4904 4.8765 5.8179 5.2748 6.1493 4.8486 8.6983 4.1978 8.1727 8.6977 4.2041 2.1652 9.1608 4.1394 6.6888 5.2668 1.8685 4.7879 3.7477 5.3764 6.2232 4.1985 8.3654 6.3383 4.1607 5.1878 3.9077 6.8224 3.0896 0.0708 5.7692 5.5616 4.6088 5.7809 7.5113 5.4635 3.0281 9.0257 9.2491 8.9411 9.5411 3.3208 5.2055 6.3010 7.7683 6.9351 7.7938 7.8285 4.7397 5.9586 7.1973 7.1139 6.3704 5.3510 1.4061 5.2407 5.5203 5.2682 5.6859 8.0552 8.3422
5.6078 4.9060 4.4361 2.1694 0.0000 6.6715 6.2440 5.1343 4.2253 6.5339 4.9200 5.1066 5.3183 5.3266 4.8921 7.9640 4.2413 8.2162 8.2720 4.2476 1.4063 8.4265 3.5680 7.3495 4.6955 1.9120 4.8314 2.3981 6.0371 6.2439 4.2420 7.6312 5.6040 3.4234 5.2313 2.8717 7.4831 3.1331 2.2402 6.4299 6.2223 4.3458 5.5977 7.5548 4.8922 3.0716 8.2914 8.5148 8.2069 8.8069 3.3643 4.4712 6.9617 6.9812 6.9786 7.0595 7.8720 4.7832 5.2243 7.2408 7.7746 5.6361 4.6167 1.4496 5.2842 6.1811 5.3117 4.8573 7.5088 7.6079
6.8173 6.3002 6.3844 7.1657 6.3381 0.0000 7.8568 9.5424 6.2449 8.1467 6.5825 1.4950 2.7069 1.4197 2.3197 11.5286 2.3812 5.7758 9.4899 2.4672 7.7967 11.6975 7.3266 3.1297 7.0115 6.2295 5.9691 4.1765 6.3427 8.3207 3.4334 10.5952 8.0657 7.3479 1.5325 7.0949 3.2632 4.5947 7.2365 1.1927 0.7712 2.4551 6.7472 5.1143 6.5320 4.8717 10.0443 11.9983 11.4580 11.9279 5.1945 8.3927 6.0770 8.4368 4.3875 8.7831 5.4316 2.3452 8.6430 4.8004 3.5548 8.2831 8.5587 5.0513 6.9252 0.5387 1.9632 9.3942 8.8474 10.9729
11.3104 10.7627 2.0173 5.6656 6.0307 7.7665 0.0000 9.7706 9.7318 0.8132 1.9609 6.9523 6.0974 6.3582 6.3236 12.6791 6.9965 6.1762 13.9830 6.8121 6.9103 13.1416 9.4247 10.6061 10.5522 4.9204 2.4231 6.0903 10.6617 11.5085 6.8065 12.3463 10.3191 8.0596 6.3066 7.5869 10.7397 5.5100 5.7363 8.6692 7.1546 6.9102 11.0662 5.5147 10.7489 5.1396 13.0066 13.2299 12.9220 13.5220 3.7534 9.1864 11.5863 13.0536 5.1874 11.7747 5.8320 6.5426 9.9394 5.2008 11.0312 10.3513 9.3318 5.1418 1.1649 7.8301 6.2215 9.4935 13.3406 12.3231
4.5771 3.3138 7.9988 5.9571 5.2040 9.3827 9.8067 0.0000 4.1164 9.3769 8.4827 8.1065 7.9775 8.3265 7.8921 4.0735 7.2413 12.4637 4.3816 7.2476 4.0835 4.5360 4.0779 8.5588 2.9975 6.4994 8.3941 5.5460 5.0303 2.5755 7.2420 3.7407 1.9356 2.2198 8.2312 2.4134 8.8972 6.8137 6.0278 9.1412 8.9335 7.3457 4.6878 11.8022 3.0922 7.1130 4.4010 4.6243 4.3164 4.9164 7.2996 1.3130 6.7820 3.5428 11.0754 3.3911 12.1195 7.7831 1.5559 11.4883 9.1448 1.9678 1.1329 6.0370 8.8469 8.8923 8.3117 2.3969 4.6075 3.7175
1.8449 1.3814 7.7347 5.2102 5.0815 5.6645 9.5427 4.1254 0.0000 9.8325 8.2186 5.4716 6.4264 5.8029 6.3410 6.3295 5.6902 10.3903 4.5174 5.6965 4.2270 6.7920 2.8624 5.0594 1.4365 5.9487 8.1301 3.9948 2.6570 2.6537 5.6909 5.6224 2.6486 3.4848 5.8344 3.5251 5.3977 5.2626 5.2810 5.4229 5.2152 6.1491 1.8347 9.7289 1.3676 5.5619 5.0735 6.8803 6.5724 6.9571 7.0356 3.4285 3.2826 3.4552 9.0020 4.1224 10.0461 6.2320 3.2259 9.4149 5.6454 2.8660 3.1416 5.4863 8.5828 5.1740 6.3110 5.6922 3.8750 5.9735
10.9296 10.3819 2.4751 5.2848 6.1977 8.2244 0.6722 10.2285 9.3510 0.0000 2.4188 7.4101 6.5553 6.8161 6.7815 13.6028 7.4544 6.1145 13.6022 7.2700 7.0773 14.0653 9.0439 11.0640 10.1714 5.3783 2.8810 6.5482 10.2809 11.1278 7.2643 13.2700 11.2428 9.0653 6.7645 8.8122 11.1976 5.9679 5.3555 9.1270 7.6125 7.3681 10.6854 5.4530 10.3681 5.5975 13.9303 14.1536 13.8457 14.4457 4.2113 10.1101 11.2056 12.6728 5.1373 12.6984 5.7703 7.0005 10.8631 5.1390 11.4891 11.2750 10.2555 5.5997 1.6228 8.2880 6.6794 9.9514 12.9598 13.2468
10.0029 9.4552 0.4598 4.3505 4.7392 6.4637 1.9935 8.4791 8.4243 2.2833 0.0000 5.6495 4.7946 5.0554 5.0208 11.3877 5.6937 5.6119 11.6957 5.5206 5.6188 11.8502 8.1172 9.3033 9.2447 3.6289 1.0699 4.7989 9.3542 9.6676 5.5150 11.0549 9.0277 6.7682 5.0038 6.2954 9.4369 4.2186 4.4213 7.3664 5.8518 6.1930 9.7587 4.9504 9.4414 3.8481 11.7151 11.9385 11.6306 12.2306 2.3451 7.8949 10.2788 11.7461 4.3533 10.4832 5.2677 5.2398 8.6480 4.6365 9.7284 9.0598 8.0404 3.8504 0.7991 6.5273 4.9187 8.2020 12.0330 11.0316
6.6478 6.1307 5.4099 6.3578 4.9546 1.7387 6.8823 8.1389 6.0753 7.1721 5.6079 0.0000 1.4647 0.4934 0.9293 10.5020 0.9977 5.2144 9.3203 1.0837 6.4132 10.9644 5.9430 4.2785 6.8419 5.2549 4.9946 2.7930 6.1732 8.1512 1.9449 10.1691 7.8961 5.9644 0.5120 5.7113 4.4121 2.7501 6.4285 2.5312 1.1088 1.0716 6.5777 4.5529 6.3625 3.0494 9.8748 11.0527 10.7448 11.3448 4.2200 7.0092 5.9075 8.2673 3.8261 8.6136 4.8702 0.9191 7.7622 4.2389 4.7036 8.1741 7.1547 3.6677 5.9506 1.2738 0.9887 8.0106 8.6779 10.1459
7.9991 7.4821 4.2071 4.9884 5.3771 3.0901 6.0150 8.1310 6.5924 6.3048 4.6910 1.4374 0.0000 1.6069 0.6353 10.4940 1.1860 4.5711 10.6717 1.2594 6.2567 10.9565 5.9351 5.6298 7.0626 4.0521 3.1514 2.7850 7.5245 8.0189 1.3128 10.1612 8.1340 5.9565 1.4581 5.7034 5.7634 2.4174 5.0592 3.8826 2.4601 1.9001 7.9290 3.9096 7.2593 2.6944 10.8215 11.0448 10.7369 11.3369 3.0172 7.0012 7.2588 9.6186 3.1828 9.5895 4.2269 0.6905 7.7543 3.5957 6.0549 8.1662 7.1467 4.4883 4.1654 2.6252 1.2343 8.0027 10.0293 10.1380
7.0236 6.5066 5.0808 6.5375 5.1343 1.5315 6.5532 8.3187 6.4512 6.8430 5.2788 0.5289 1.4033 0.0000 1.0161 10.6817 1.1775 4.8853 9.6962 1.2635 6.5929 11.1442 6.1228 4.3712 7.2178 4.9258 4.6655 2.9727 6.5490 8.5271 2.0979 10.3489 8.2720 6.1442 0.3440 5.8911 4.5048 3.2911 6.6083 2.4342 0.9196 1.2897 6.9535 4.2238 6.7383 3.5681 10.2507 11.2325 10.9246 11.5246 3.8909 7.1889 6.2833 8.6431 3.4970 8.9894 4.5411 1.0721 7.9420 3.9099 4.7963 8.3539 7.3344 3.8475 5.6215 1.5951 0.6596 8.1904 9.0538 10.3257
7.6294 7.1124 4.5798 5.3611 5.7498 2.4938 6.3014 8.2496 6.7110 6.5913 5.0636 1.0678 0.6179 1.0854 0.0000 10.6126 0.8584 4.8238 10.3020 0.9318 6.6294 11.0751 6.0537 5.2602 7.1812 4.4248 3.5241 2.9036 7.1549 8.1375 1.1954 10.2798 8.2526 6.0751 0.9019 5.8220 5.3937 2.7901 5.4319 3.5129 1.8818 1.5726 7.5593 4.1623 7.3441 3.0670 10.8565 11.1634 10.8555 11.4555 3.3898 7.1198 6.8892 9.2489 3.4355 9.7081 4.4796 0.3209 7.8729 3.8484 5.6852 8.2848 7.2653 4.8609 5.3698 2.2555 0.7756 8.1213 9.6596 10.2566
5.2858 5.2405 10.9609 9.8530 7.9685 11.4201 12.7688 3.9001 6.6017 13.0586 11.4447 10.5360 10.4070 10.7560 10.3216 0.0000 9.6708 14.8931 3.1678 9.6771 6.5623 0.5040 6.3780 10.5961 5.2267 9.3539 11.3562 7.9754 6.1644 3.9467 9.6715 1.5688 3.9026 5.1485 10.6607 5.5424 10.9345 9.2432 9.9237 11.1785 10.9708 9.7752 5.7909 14.2317 5.2553 9.5425 1.6647 0.5923 0.2844 0.8844 10.2617 3.5423 8.8193 3.6783 13.5048 2.9084 14.5489 10.2126 3.2482 13.9177 11.1821 3.7307 3.3621 8.8915 11.8089 10.9296 10.7412 5.0027 3.8456 0.9142
7.1628 6.4610 5.1302 5.5377 4.1345 2.6919 6.9382 7.3188 5.7803 7.2280 5.6141 1.0393 1.1860 1.2593 0.8584 9.6819 0.0000 5.6005 9.9899 0.1541 5.5931 10.1443 5.1229 5.1145 6.2504 3.7578 4.0745 1.9729 7.0092 7.2068 0.7760 9.3490 7.3219 5.1443 1.1640 4.8912 5.2480 1.9300 5.6085 3.3672 2.0620 0.4662 7.4136 4.9391 6.4471 2.2293 10.0093 10.2326 9.9247 10.5247 3.9403 6.1891 6.7435 8.5361 4.2122 8.7774 5.2563 0.6229 6.9422 4.6251 5.5396 7.3540 6.3346 2.8476 5.0885 2.1345 1.1894 7.1905 9.0637 9.3258
11.4657 10.9486 5.6002 7.6232 8.0118 5.4500 5.7734 11.7517 10.8932 5.8527 5.2234 5.2704 4.6303 4.6763 4.7750 15.0470 5.5518 0.0000 14.1382 5.6251 8.8915 15.5095 10.4880 8.3558 11.6598 6.9016 4.5563 7.3380 10.9911 12.9691 5.8022 14.7141 12.6870 10.5094 4.6247 10.2563 8.4894 6.4406 7.6939 6.4189 5.1347 5.8139 11.3956 0.5027 11.1804 6.3574 14.6927 15.5978 15.2898 15.8898 4.7262 11.5542 10.7254 13.0852 1.0258 13.4315 0.4203 5.0142 12.3073 0.9694 8.5366 12.7191 11.6997 7.1230 5.3830 5.8102 4.6729 11.4747 13.4958 14.6909
2.6978 3.5243 11.8803 9.3558 8.2756 9.7038 13.6883 4.2072 4.8048 13.9781 12.3642 9.5109 10.5720 9.8423 10.4866 3.2205 9.8358 14.4297 0.0000 9.8421 6.8694 3.3894 6.7963 8.8799 4.2693 10.0943 12.2757 8.1404 3.5765 3.3631 9.8365 2.2871 3.6334 5.4556 9.8737 5.8495 9.2182 9.4082 9.4266 9.4622 9.2546 10.1884 3.2029 13.7682 3.5587 9.7075 1.6002 3.6902 3.1499 3.6198 11.1811 3.8494 6.2869 1.2741 13.0414 1.5469 14.0855 10.3776 3.5553 13.4543 9.4659 3.4429 3.6692 9.6319 12.7284 9.2134 10.3504 5.3098 0.7502 2.6648
7.5002 6.5479 5.1341 5.6246 4.2214 2.7084 6.9421 7.4057 5.8671 7.2319 5.6180 1.0558 1.1483 1.2758 0.9318 9.7688 0.1541 5.6739 10.0768 0.0000 5.6800 10.2312 5.2098 5.1309 6.3373 3.8447 4.0784 2.0598 7.0256 7.2937 0.8089 9.4359 7.4088 5.2312 1.1805 4.9781 5.2645 2.0169 5.6953 3.3837 2.0785 1.0235 7.4301 5.0124 6.5340 2.3162 10.0962 10.3195 10.0116 10.6116 3.9442 6.2760 6.7599 8.6230 4.2856 8.8643 5.3297 0.6963 7.0290 4.6985 5.5560 7.4409 6.4215 2.9345 5.0924 2.1510 1.2610 7.2774 9.1506 9.4127
5.6288 4.9270 5.0856 3.0491 1.4063 6.8201 6.8936 4.0888 4.2462 7.1834 5.5695 5.3509 5.2219 5.5709 5.1365 6.5577 4.4857 9.0958 6.8658 4.4920 0.0000 7.0202 3.0364 7.4981 4.3548 2.7916 5.4810 2.7904 5.9610 4.8376 4.4864 6.2249 4.1977 1.9208 5.4756 1.4655 7.6317 4.0127 3.1198 6.5785 6.3709 4.5901 5.6186 8.4344 4.4437 3.9513 6.8852 7.1085 6.8006 7.4006 4.2439 3.0649 7.1627 5.8050 7.8582 5.6533 8.7516 5.0275 3.8180 8.1204 7.9232 4.2299 3.2104 2.3292 5.9337 6.3297 5.5561 3.8117 6.5442 6.2017
5.6801 5.6349 11.4233 10.3155 8.4310 11.8144 13.2313 4.3625 6.9960 13.5211 11.9072 10.9985 10.8695 11.2185 10.7840 0.5038 10.1332 15.3556 3.5621 10.1396 7.0248 0.0000 6.8405 10.9905 5.6892 9.8164 11.8187 8.4379 6.5588 4.4092 10.1339 2.0313 4.3651 5.6109 11.1232 6.0049 11.3288 9.7057 10.3862 11.5728 11.3652 10.2377 6.1852 14.6942 5.6497 10.0049 2.0590 0.7156 0.3952 0.6452 10.7241 4.0047 9.2137 4.0727 13.9673 3.3027 15.0114 10.6751 3.7107 14.3802 11.5765 4.1931 3.8246 9.3540 12.2714 11.3240 11.2037 5.4651 4.2400 1.3767
4.2450 3.5432 7.4157 5.7303 4.4234 7.2381 9.2236 3.8865 2.8624 9.5135 7.8996 6.2648 6.7944 6.7411 6.7090 6.2408 6.0582 11.2805 6.5489 6.0645 3.0172 6.7033 0.0000 7.9161 3.3326 6.4688 7.8110 3.8288 4.5772 4.5207 6.0589 5.9080 3.8808 2.2750 7.0481 2.3153 8.0497 5.6306 5.8011 6.9966 6.7889 5.5145 4.2348 10.6191 3.5293 5.9299 6.5683 6.7916 6.4837 7.0837 6.7165 2.7481 5.7789 5.6183 9.8922 5.3364 10.9363 6.6000 3.5011 10.3051 8.1417 3.9130 2.8935 6.0064 8.2638 6.7477 7.1286 4.2347 6.1459 5.8848
5.9767 5.4596 9.2563 7.5987 7.4701 3.1619 10.7287 8.7019 5.4043 11.0186 9.4544 4.4002 5.5788 4.2916 5.1916 10.6881 5.2864 8.6477 8.6493 5.3724 8.3497 10.8569 7.3713 0.0000 6.1709 8.3372 8.8410 5.8955 5.5021 7.4802 6.3053 9.7546 7.2251 7.8013 4.4044 7.5483 0.2434 7.4666 7.6695 2.6263 3.6431 5.1278 5.9066 7.9862 5.6914 7.1719 9.2037 11.1577 10.6174 11.0873 8.0664 8.0050 4.3941 7.5962 7.2594 7.9425 8.3035 5.2171 7.8024 7.6723 0.7896 7.4425 7.7181 7.8748 9.7971 3.0013 4.8351 10.2687 8.0069 10.1323
2.0846 0.8213 8.5498 6.0253 5.8966 6.8717 10.3578 3.0064 1.4565 10.6476 9.0337 6.6788 7.2415 7.0102 7.1561 5.2106 6.5053 11.5975 4.0342 6.5116 4.4193 5.6731 3.4144 6.0477 0.0000 6.7638 8.9452 4.8100 2.5192 1.5348 6.5060 4.5035 1.5296 3.0055 7.0416 3.3995 6.3861 6.0777 6.0961 6.6301 6.4225 6.6097 2.1768 10.9361 0.7419 6.3770 4.4679 5.7614 5.4535 6.0535 7.8507 2.3096 4.2710 2.8641 10.2093 3.0034 11.2533 7.0471 2.1069 10.6221 6.6338 1.7470 2.0226 6.3014 9.3979 6.3812 7.5183 4.5732 3.3917 4.8545
7.2926 6.0472 3.3665 2.9391 1.9359 6.1385 5.1744 6.6133 5.7140 5.4642 3.8504 4.7041 3.9858 4.7301 4.3315 9.3733 3.8388 6.8837 9.6813 3.8451 2.8155 9.8358 4.7092 7.9563 5.8367 0.0000 3.4862 1.9956 6.6439 7.6532 3.8395 9.0404 7.0133 4.9024 4.6786 4.2810 8.0899 2.7305 3.0098 7.0411 5.5265 3.9432 7.0484 6.2223 6.0334 2.6691 9.7007 9.9241 9.6161 10.2161 2.0318 5.8805 7.5685 8.1224 5.6461 8.4688 6.5395 4.4310 6.6336 5.9083 8.3814 7.0454 6.0260 1.0471 4.2145 6.2021 4.4203 6.3362 9.3228 9.0172
10.1251 9.5774 1.3774 4.4727 4.8614 5.5493 2.5190 8.6013 8.5464 2.8088 1.0006 4.7351 3.8802 4.1410 4.1064 11.5099 4.7793 4.6765 11.8179 4.8527 5.7410 11.9723 8.2393 8.3890 9.3668 3.7511 0.0000 4.9210 9.4764 9.7898 5.0521 11.1770 9.1499 6.8904 4.0894 6.4176 8.5225 4.0154 4.5435 6.4520 4.9374 5.2786 9.8808 4.0151 9.5635 3.6449 11.8373 12.0606 11.7527 12.3527 2.0273 8.0171 10.4735 11.8683 3.4389 10.6054 4.3324 4.3254 8.7702 3.7011 8.8140 9.1820 8.1626 3.9725 1.3433 5.6129 4.0043 8.3242 12.1552 11.1538
5.1899 4.4881 5.1740 3.5648 3.4361 4.4629 6.9819 5.3460 3.8074 7.2717 5.6578 2.8103 2.6812 3.0303 2.5958 7.7090 1.9450 7.1674 8.0170 1.9514 3.6202 8.1715 3.1500 5.8653 4.2775 2.0007 5.3407 0.0000 5.0762 5.2339 1.9457 7.3761 5.3490 3.1714 2.9350 2.9184 5.9989 1.5174 3.6356 4.9458 3.8330 2.0495 5.1797 6.5059 4.4742 1.8167 8.0364 8.2598 7.9518 8.5518 3.9610 4.2162 5.9586 6.5632 5.7791 6.8045 6.8232 2.4869 4.9693 6.1920 6.2904 5.3811 4.3617 1.0905 6.0220 4.6969 3.0154 5.2176 7.0909 7.3529
0.8786 1.6135 8.9959 6.4714 6.3427 6.9257 10.8039 4.8557 2.5220 11.0937 9.4798 6.7328 7.6876 7.0641 7.6022 6.2172 6.9514 11.6515 3.5512 6.9577 5.9937 6.3860 4.6292 6.3833 2.3247 7.2099 9.3913 5.2560 0.0000 3.3701 6.9521 5.2837 3.3789 5.2515 7.0956 5.2918 6.7216 6.5238 6.5422 6.6841 6.4764 7.4103 0.7277 10.9901 1.8452 6.8231 4.5969 6.6868 6.1465 6.6164 8.2968 4.1589 4.9893 2.9176 10.2632 3.7934 11.3073 7.4932 3.9562 10.6761 6.9693 3.4955 3.8719 6.7475 9.8440 6.4352 7.5722 6.4225 2.9088 5.6614
2.7039 1.8535 9.4194 6.8948 6.7662 7.9200 11.2273 2.5644 2.6537 11.5171 9.9032 7.7271 8.1110 8.0585 8.0256 3.9458 7.3748 12.6459 3.6109 7.3811 4.9823 4.4083 4.2890 7.0961 1.5348 7.6333 9.8147 5.6795 3.5825 0.0000 7.3755 3.1663 0.6882 3.5685 8.0899 3.9625 7.4345 6.9472 6.9656 7.6785 7.4708 7.4792 3.2090 11.9844 1.6217 7.2465 3.6303 4.4966 4.1887 4.7887 8.7202 1.9623 5.3193 2.1464 11.2576 2.1001 12.3017 7.9166 1.3469 11.6705 7.6821 0.6161 1.6247 7.1709 10.2674 7.4296 8.4452 4.1313 3.1603 3.3324
7.2904 6.5886 5.3968 5.6653 4.0478 3.5098 7.2048 7.4465 5.9079 7.4946 5.8807 1.8572 1.2747 2.0772 1.1893 9.8095 0.7699 5.7608 10.1176 0.8027 4.9275 10.2720 5.2506 5.9323 6.3781 3.6711 4.3411 2.1005 6.4881 7.3344 0.0000 9.4767 7.4495 5.2720 1.9819 5.0189 6.0659 1.4710 5.7361 4.1850 2.8799 1.1827 6.8925 5.0994 6.5748 1.7703 10.1370 10.3603 10.0524 10.6524 4.2069 6.3167 7.5613 8.6638 4.3726 8.9050 5.4166 1.0803 7.0698 4.7854 6.3574 7.4817 6.4622 2.7610 5.3551 2.9523 1.9407 7.3182 9.1914 9.4535
4.3720 4.3268 10.6271 9.5192 7.6348 10.5063 12.4350 3.5663 5.6879 12.7248 11.1109 10.3134 10.0732 10.6448 9.9878 1.6006 9.3370 14.5593 2.2540 9.3433 6.2285 2.2547 6.0442 9.6823 4.5035 9.0201 11.0224 7.6416 5.2506 3.1663 9.3377 0.0000 3.2407 4.8147 10.3269 5.2086 10.0207 8.9094 9.5900 10.2647 10.0571 9.4414 4.8771 13.8979 4.3416 9.2087 0.7509 2.1513 1.8460 2.4815 9.9279 3.2085 7.9056 2.7646 13.1711 1.9946 14.2151 9.8788 2.9144 13.5839 10.2684 3.0503 3.0283 8.5577 11.4751 10.0158 10.4074 4.6689 2.9319 1.0309
3.1092 1.8460 9.4142 6.8897 5.6740 7.9149 11.2222 1.9445 2.6486 11.5120 9.8981 7.7220 8.1124 8.0534 8.0270 3.8919 7.3762 12.6407 3.5852 7.3825 4.2677 4.3544 4.2838 7.0909 1.5296 7.6282 9.8096 5.6809 3.5624 0.6515 7.3769 3.2407 0.0000 2.8539 8.0848 3.2479 7.4293 6.9486 6.9605 7.6733 7.4657 7.4807 3.2200 11.9793 1.6244 7.2479 3.6046 4.4427 4.1348 4.7348 8.7151 1.2477 5.3142 2.2262 11.2524 2.0745 12.2965 7.9181 0.7427 11.6653 7.6769 0.2174 0.9608 7.1658 10.2623 7.4244 8.4466 3.5114 3.2909 3.4068
4.8866 3.4426 6.2879 4.2462 3.4931 7.4209 8.0958 2.2198 3.5041 7.6660 6.7718 5.9518 5.8227 6.1718 5.7373 5.3249 5.0865 10.3089 5.6330 5.0929 1.9208 5.7874 2.2943 8.0989 3.1220 4.7885 6.6832 3.3912 5.2189 3.6048 5.0872 4.9921 2.9649 0.0000 6.0765 0.3520 8.2325 4.6589 4.3169 7.1794 6.9717 5.1910 4.8764 9.6474 3.2109 4.9582 5.6524 5.8757 5.5678 6.1678 5.5887 1.8321 6.4205 4.5721 8.9206 4.4204 9.9647 5.6284 2.5852 9.3335 8.5240 2.9971 1.9776 4.3260 7.1359 6.9305 6.1570 2.1048 5.3113 4.9689
7.0628 6.5457 4.9994 6.2985 4.8953 1.7060 6.4718 8.0797 6.4903 6.7616 5.1974 0.5680 1.3218 0.2403 0.9346 10.4427 0.9385 4.8038 9.7353 1.0245 6.3539 10.9052 5.8838 4.5457 7.2569 4.8444 4.5841 2.7337 6.5882 8.5662 1.8589 10.1099 8.0827 5.9052 0.0000 5.6521 4.6793 3.2097 6.3693 2.6087 1.0941 1.1963 6.9927 4.1424 6.7775 3.4866 10.2898 10.9935 10.6856 11.2856 3.8094 6.9499 6.3225 8.6823 3.4155 9.0286 4.4596 0.8331 7.7030 3.8284 4.9708 8.1149 7.0954 3.6085 5.5401 1.6888 0.5781 7.9514 9.0929 10.0867
4.9269 3.6363 5.8640 3.8223 2.8717 7.1679 7.6720 2.4134 3.5444 7.9618 6.3479 5.6987 5.5697 5.9187 5.4843 5.5185 4.8334 10.0558 5.8266 4.8398 1.4655 5.9810 2.3346 7.8458 3.3156 4.2571 6.2594 3.1381 5.2592 3.7984 4.8342 5.1857 3.1585 0.3520 5.8234 0.0000 7.9794 4.4059 3.8931 6.9263 6.7186 4.9379 4.9167 9.3944 3.4045 4.7051 5.8460 6.0693 5.7614 6.3614 5.1649 2.0258 6.4608 4.7658 8.6675 4.6141 9.7116 5.3753 2.7788 9.0804 8.2709 3.1907 2.1712 3.7947 6.7121 6.6774 5.9039 2.2984 5.5050 5.1625
6.3008 5.7838 9.4649 7.9228 7.7942 3.3704 10.9373 9.0260 5.7284 11.2271 9.6629 4.6087 5.7873 4.5002 5.4001 11.0122 5.4950 8.8562 8.9734 5.5809 8.6738 11.1810 7.6954 0.2434 6.4950 8.6614 9.0495 6.2196 5.8262 7.8043 6.5139 10.0788 7.5492 8.1255 4.6129 7.8724 0.0000 7.6752 7.9936 2.8348 3.8516 5.3363 6.2307 8.1947 6.0155 7.4960 9.5278 11.4818 10.9415 11.4114 8.2749 8.3291 4.7182 7.9203 7.4679 8.2666 8.5120 5.4256 8.1265 7.8808 0.5575 7.7666 8.0422 8.1989 10.0056 3.2098 5.0436 10.5928 8.3310 10.4565
6.8175 6.1157 3.8333 4.1299 3.1267 3.9704 5.6413 6.9736 5.4350 5.9311 4.3172 2.3178 2.1888 2.5378 2.1034 9.3366 1.4526 6.6749 9.6446 1.4589 4.0064 9.7991 4.7776 6.3930 5.9051 2.7500 4.0000 1.6276 5.9623 6.8615 1.4533 9.0037 6.9766 4.7990 2.4425 4.5459 6.5265 0.0000 4.2007 4.6457 3.3405 1.5570 6.3667 6.0135 6.1018 0.4761 9.6640 9.8873 9.5794 10.1794 2.6203 5.8438 8.0525 8.1908 5.2866 8.4321 6.3307 1.9944 6.5969 5.6995 6.8180 7.0087 5.9893 1.8399 4.6814 3.4130 2.5230 6.8452 8.7184 8.9805
6.0959 5.5482 4.4634 0.0708 1.3564 6.0816 6.2713 6.4060 4.5172 6.5611 4.9473 5.8887 5.3456 6.2201 4.9194 8.7691 4.2686 8.2435 8.7684 4.2749 2.2360 9.2315 4.2101 6.7596 5.3376 1.9393 4.8587 3.8185 5.4471 6.2940 4.2693 8.4362 6.4091 4.2315 5.2585 3.9784 6.8931 3.1603 0.0000 5.8400 5.6323 4.6795 5.8516 7.5820 5.5343 3.0989 9.0965 9.3198 9.0119 9.6119 3.3915 5.2763 6.3718 7.8391 7.0058 7.8646 7.8993 4.8104 6.0294 7.2681 7.1847 6.4412 5.4218 1.4769 5.3114 5.5911 5.3390 5.7567 8.1260 8.4130
6.5966 6.0795 7.2871 8.1878 8.0592 1.1927 8.7595 9.3217 6.0241 9.0493 7.4851 2.4309 3.6096 2.3224 3.2223 11.3079 3.3172 6.6784 9.2691 3.4032 8.9388 11.4768 7.1144 2.5941 6.7907 7.1321 6.8718 5.1125 6.1220 8.1000 4.3361 10.3745 7.8449 8.2839 2.4352 8.0308 2.7277 5.4974 8.2586 0.0000 1.6739 3.1585 6.5265 6.0170 6.3113 5.7743 9.8236 11.7776 11.2373 11.7072 6.0972 8.6249 5.8563 8.2161 5.2901 8.5624 6.3342 3.2478 8.4222 5.7030 3.0192 8.0623 8.3379 5.9872 7.8278 1.0320 2.8658 10.8886 8.6267 10.7522
6.4226 5.9055 5.9653 7.1228 5.7196 0.6235 7.4377 8.9039 5.8502 7.7275 6.1633 0.8764 2.2877 1.0006 1.9005 11.1340 1.7627 5.3566 9.0952 1.8487 7.1782 11.3028 6.7080 3.4632 6.6168 5.8103 5.5500 3.5580 5.9480 7.9261 2.7099 10.2005 7.6710 6.7294 1.1133 6.4763 3.5968 4.1756 7.1935 1.5262 0.0000 1.8366 6.3525 4.6951 6.1373 3.8144 9.6496 11.6036 11.0633 11.5332 4.7753 7.7742 5.6823 8.0421 3.9683 8.3884 5.0124 1.6841 8.2483 4.3812 3.8883 7.8884 7.9197 4.4327 6.5060 0.7672 1.5440 8.7756 8.4528 10.5783
7.3507 6.3590 5.7475 5.4357 4.0325 2.6128 7.5554 7.2169 5.9794 7.8452 6.2314 1.0716 1.7617 1.2916 1.3920 9.5799 0.4659 5.9372 10.0232 0.5519 5.4911 10.0424 5.0209 4.9814 6.1484 3.6558 4.6918 1.8709 6.8761 7.1048 1.0955 9.2470 7.2199 5.0423 1.1963 4.7892 5.1150 1.8280 5.5065 3.2341 2.0943 0.0000 7.2806 5.2757 6.3451 2.1273 9.9073 10.1306 9.8227 10.4227 4.5576 6.0871 6.6104 8.9702 4.5489 8.6754 5.5930 1.2162 6.8402 4.9618 5.4065 7.2520 6.2326 2.7456 5.7058 2.0653 1.4861 7.0885 9.3808 9.2238
0.5051 1.3926 9.0979 6.5733 6.4447 7.0276 10.9058 4.6348 2.4167 11.1956 9.5817 6.8347 7.7895 7.1661 7.7041 5.8436 7.0533 11.7534 3.1777 7.0596 5.7728 6.0125 4.4082 6.4186 2.1038 7.3118 9.4932 5.3580 0.7277 2.9965 7.0540 4.9102 3.1580 5.0306 7.1975 5.0709 6.7570 6.6257 6.6441 6.7860 6.5784 7.5122 0.0000 11.0920 1.6243 6.9250 4.2233 6.3133 5.7730 6.2429 8.3987 3.9379 3.0950 2.5441 10.3652 3.4199 11.4092 7.5951 3.7353 10.7780 7.0046 3.1220 3.6510 6.8494 9.9459 6.5371 7.6742 6.2016 2.5352 5.2879
11.0806 10.5635 5.2151 7.2380 7.6267 5.0649 5.3883 11.3666 10.5081 5.4675 4.8383 4.8853 4.2452 4.2912 4.3899 14.6619 5.1666 0.7293 13.7531 5.2400 8.5064 15.1243 10.1029 7.9707 11.2747 6.5164 4.1712 6.9529 10.6060 12.5840 5.4171 14.3290 12.3019 10.1243 4.2396 9.8712 8.1043 6.0555 7.3088 6.0337 4.7496 5.4288 11.0104 0.0000 10.7952 5.9722 14.3076 15.2126 14.9047 15.5047 4.3411 11.1691 10.3403 12.7001 0.6407 13.0463 0.3509 4.6290 11.9222 0.3096 8.1515 12.3340 11.3146 6.7379 4.9979 5.4251 4.2878 11.0896 13.1107 14.3058
1.4950 0.2318 8.7514 6.2269 6.0982 6.5017 10.5593 3.1011 1.6759 10.8491 9.2353 6.3088 7.4430 6.6402 7.3576 5.3053 6.7068 11.2276 3.4618 6.7131 4.5386 5.7678 3.6344 5.6778 0.7220 6.9654 9.1467 5.0115 1.7786 1.6295 6.7075 4.2974 1.6244 3.1248 6.6716 3.5187 6.0161 6.2792 6.2976 6.2601 6.0525 6.9863 1.6626 10.5661 0.0000 6.5785 3.8955 5.8561 5.5482 5.7791 8.0522 2.4043 3.9010 2.2918 9.8393 2.7973 10.8834 7.2487 2.2016 10.2522 6.2638 1.8417 2.1174 6.5029 9.5994 6.0113 7.1483 4.6680 2.8194 4.9493
7.2622 6.5604 3.4381 4.0762 3.1680 4.4152 5.2460 7.4183 5.8797 5.5358 3.9220 2.7626 2.6335 2.9826 2.5481 9.7813 1.8973 7.0142 10.0894 1.9036 4.0476 10.2438 5.2224 6.8377 6.3499 2.8825 3.6048 2.0723 6.4070 7.3062 1.8980 9.4485 7.4213 5.2438 2.8872 4.9907 6.9713 0.4761 4.1470 5.0904 3.7853 2.0017 6.8115 6.3528 6.5466 0.0000 10.1088 10.3321 10.0242 10.6242 2.2251 6.2885 8.4973 8.6356 5.7766 8.8769 6.6700 2.4391 7.0416 6.0388 7.2628 7.4535 6.4340 1.8812 4.2861 3.8577 2.9677 7.2900 9.1632 9.4253
3.7182 3.9430 11.2775 10.0116 8.2852 10.1225 13.0854 4.2167 5.3041 13.3752 11.7613 9.9296 10.7236 10.2610 10.6382 1.7174 9.9874 14.8483 1.6002 9.9937 6.8789 1.8863 6.6946 9.2985 4.6683 9.6705 11.6728 8.2920 4.5969 3.6685 9.9881 0.7840 3.6429 5.4651 10.2924 5.8590 9.6369 9.5598 10.0824 9.8809 9.6733 10.6071 4.2233 14.1869 3.9578 9.8591 0.0000 2.1871 1.6468 2.1167 10.5783 3.8589 8.0100 2.0801 13.4601 1.6108 14.5042 10.5292 3.5648 13.8729 9.8846 3.4524 3.6787 9.2081 12.1255 9.6321 10.7691 5.3193 2.2781 1.1617
5.8797 5.8344 11.5116 10.4037 8.5193 12.0140 13.3196 4.4508 7.1956 13.6094 11.9955 11.0868 10.9577 11.3068 10.8723 0.5921 10.2215 15.4439 3.7617 10.2279 7.1131 0.7156 6.9288 11.1900 5.7775 9.9047 11.9069 8.5262 6.7583 4.4975 10.2222 2.1196 4.4534 5.6992 11.2115 6.0932 11.5284 9.7939 10.4745 11.7724 11.5647 10.3260 6.3848 14.7825 5.8492 10.0932 2.2586 0.0000 0.5199 0.5671 10.8124 4.0930 9.4132 4.2722 14.0556 3.5023 15.0997 10.7634 3.7989 14.4685 11.7760 4.2814 3.9129 9.4423 12.3597 11.5235 11.2920 5.5534 4.4395 1.4650
5.4397 5.3945 11.2037 10.0958 8.2114 11.5740 13.0116 4.1429 6.7556 13.3015 11.6876 10.7789 10.6498 10.9989 10.5644 0.2842 9.9136 15.1360 3.3217 9.9200 6.8051 0.3952 6.6208 10.7500 5.4696 9.5968 11.5990 8.2183 6.3183 4.1896 9.9143 1.8116 4.1455 5.3913 10.9036 5.7853 11.0884 9.4860 10.1666 11.3324 11.1248 10.0181 5.9448 14.4745 5.4092 9.7853 1.8186 0.5199 0.0000 0.8120 10.5045 3.7851 8.9733 3.8323 13.7477 3.0623 14.7918 10.4555 3.4910 14.1606 11.3360 3.9735 3.6050 9.1344 12.0518 11.0835 10.9840 5.2455 3.9996 1.1571
5.8093 5.7640 11.8037 10.6958 8.8114 11.9435 13.6116 4.7429 7.1252 13.9015 12.2876 11.3789 11.2498 11.5989 11.1644 0.8842 10.5136 15.7360 3.6913 10.5200 7.4051 0.6452 7.2208 11.1196 6.0696 10.1968 12.1990 8.8183 6.6879 4.7896 10.5143 2.3628 4.7455 5.9913 11.5036 6.3853 11.4580 10.0860 10.7666 11.7020 11.4943 10.6181 6.3144 15.0745 5.7788 10.3853 2.1882 0.5671 0.8120 0.0000 11.1045 4.3851 9.3428 4.2018 14.3477 3.4318 15.3918 11.0555 4.0910 14.7606 11.7056 4.5735 4.2050 9.7344 12.6518 11.4531 11.5840 5.8455 4.3691 1.7571
8.8440 8.2963 1.7446 3.1916 3.5803 5.2831 3.5525 7.3202 7.2654 3.8423 2.2284 4.1516 2.9595 3.8748 3.3051 10.2288 3.6744 5.1418 10.5368 3.6807 4.4599 10.6913 6.9583 8.1228 8.0857 2.2553 1.9519 3.8494 8.1953 8.5087 3.6751 9.8959 7.8688 5.6093 3.8232 5.1365 8.2563 2.3787 3.2624 6.1858 4.6712 3.7788 8.5998 4.4804 8.2824 2.0082 10.5562 10.7796 10.4716 11.0716 0.0000 6.7360 9.1199 10.5872 3.9042 9.3243 4.7976 3.4047 7.4891 4.1664 8.5478 7.9009 6.8815 2.6915 2.5926 5.3467 3.3939 7.0431 10.8741 9.8727
3.8228 2.5595 7.4671 6.3592 4.4748 8.5114 9.2750 1.3371 3.3621 9.5649 7.9510 7.0423 6.9132 7.2623 6.8278 3.5413 6.1770 11.3994 3.8494 6.1834 3.0685 4.0038 2.8842 7.8045 2.2432 5.8602 7.8624 4.4817 4.2760 1.8212 6.1777 3.2085 1.1813 1.6547 7.1670 2.0487 8.1428 5.7494 6.4300 8.2699 8.0622 6.2815 3.9335 10.7379 2.3379 6.0487 3.8687 4.0921 3.7842 4.3842 6.7679 0.0000 6.0277 2.7885 10.0111 2.6368 11.0552 6.7189 0.8016 10.4240 8.3905 1.2135 0.1940 5.3978 8.3152 8.0210 7.2474 2.9040 3.8532 3.1853
3.2080 2.6910 8.4825 5.9579 5.8293 6.1754 10.2904 5.9332 3.1023 10.5802 8.9663 5.9825 7.1741 6.3139 7.0887 7.9187 6.4379 10.9013 5.8806 6.4442 5.7695 8.0875 4.4050 4.4014 3.4022 6.6964 8.8778 4.7426 3.0808 4.7108 6.4386 6.9852 4.4564 5.0274 6.3454 5.0677 4.7398 6.0103 6.0287 5.9339 5.7262 6.6601 3.1978 10.2398 2.9227 6.3096 6.4343 8.3883 7.8480 8.3179 7.7833 5.2363 0.0000 4.8268 9.5130 5.1731 10.5571 6.9797 5.0337 9.9259 4.9874 4.6738 4.9494 6.2340 9.3305 5.6850 6.8220 7.5000 5.2382 7.3629
2.1697 2.3769 10.9701 8.4456 8.3169 8.5565 12.7781 3.4767 3.7381 13.0679 11.4540 8.3635 9.6618 8.6949 9.5764 3.6577 8.9256 13.2823 1.3640 8.9319 5.7999 3.8265 5.6966 7.7325 3.1219 9.1841 11.3655 7.2302 3.0484 2.2158 8.9263 2.7242 2.1512 4.3861 8.7264 4.7801 8.0709 8.4980 8.5164 8.3149 8.1072 9.0411 2.6748 12.6208 2.4114 8.7973 2.1733 4.1273 3.5870 4.0569 10.2709 2.7799 6.9473 0.0000 11.8940 0.8757 12.9381 9.1712 2.2151 12.3069 8.3185 1.9607 2.4930 8.7217 11.8182 8.0660 9.2030 5.3525 0.8430 3.1020
10.7253 10.2082 4.7390 6.7849 7.1736 4.7642 5.2707 10.9135 10.1215 5.3500 4.3621 4.2466 3.5949 3.6525 3.7512 14.0231 4.4941 1.4849 13.3979 4.5674 8.0532 14.4856 9.4642 7.6701 10.5917 6.0633 3.7002 6.3142 10.2507 11.5481 4.7668 13.6903 11.6632 9.4856 3.6009 9.2325 7.8036 5.4052 6.8557 5.7331 4.4489 4.7901 10.6552 0.8234 10.4400 5.6822 13.9523 14.5739 14.2660 14.8660 3.8880 10.5304 9.9850 12.3448 0.0000 12.6911 1.1407 4.0401 11.2834 0.5095 7.8508 11.6953 10.6758 6.2848 4.7048 5.1244 3.6337 10.6364 12.7554 13.6671
2.7411 2.3441 10.7807 8.2562 7.1089 8.5578 12.5887 3.3795 3.7052 12.8785 11.2646 8.3649 9.4724 8.6963 9.3870 3.1727 8.7362 13.2837 1.3097 8.7425 5.7027 3.6352 5.6638 7.7339 3.0657 8.9947 11.1761 7.0408 3.6197 1.9760 8.7369 2.0386 2.0539 4.2889 8.7277 4.6828 8.0722 8.3086 8.3270 8.3162 8.1086 9.0424 3.2462 12.6222 2.3551 8.6079 1.6643 3.7235 3.4156 4.0156 10.0815 2.6826 5.9571 0.8462 11.8954 0.0000 12.9395 9.2780 2.1178 12.3083 8.3199 1.8634 2.3957 8.5323 11.6288 8.0674 9.2044 4.6287 1.5281 2.3725
11.2056 10.6885 5.7871 7.8100 8.1987 5.1899 5.9603 12.4239 10.6331 6.0395 5.4102 5.0103 4.3702 4.4162 4.5149 14.7869 5.2917 0.3785 13.8781 5.3650 9.0783 15.2494 10.2279 8.0957 11.3997 7.0884 4.7432 7.0779 10.7310 12.7090 5.5421 14.4540 12.4269 10.2493 4.3646 9.9962 8.2293 6.1805 7.8808 6.1588 4.8746 5.5538 11.1355 0.4174 10.9203 6.4574 14.4326 15.3377 15.0297 15.6297 4.9131 11.2941 10.4653 12.8251 1.2127 13.1714 0.0000 4.7541 12.0472 0.8352 8.2765 12.4590 11.4396 7.3099 5.5699 5.5501 4.4128 11.6615 13.2357 14.4308
7.4536 6.9365 4.6763 5.4576 5.8463 2.5445 6.4843 7.8970 6.3584 6.7741 5.1602 0.8919 0.6905 1.0614 0.3209 10.2600 0.6229 5.0629 10.1262 0.6963 6.7260 10.7225 5.7010 5.0843 6.8285 4.5214 3.6206 2.5510 6.9790 7.7849 1.0865 9.9271 7.9000 5.7224 0.9126 5.4693 5.2179 2.8866 5.5284 3.3370 1.9146 1.0455 7.3835 4.4015 7.1683 3.1636 10.6806 10.8107 10.5028 11.1028 3.4864 6.7672 6.7133 9.0731 3.6746 9.3555 4.7187 0.0000 7.5203 4.0875 5.5094 7.9321 6.9127 3.4257 4.6346 2.0796 0.9211 7.7686 9.4837 9.9039
3.5360 2.4232 8.2202 7.1123 5.2279 8.4922 10.0281 1.4037 3.2259 10.3179 8.7041 7.7954 7.6663 8.0154 7.5809 3.2375 6.9301 12.1525 3.5455 6.9364 3.8216 3.7000 3.6373 7.6682 2.1069 6.6133 8.6155 5.2348 4.1397 1.3228 6.9308 2.9047 0.7427 2.4078 7.9200 2.8018 8.0066 6.5025 7.1831 8.2506 8.0429 7.0345 3.7973 11.4910 2.2016 6.8018 3.5649 3.7883 3.4804 4.0804 7.5210 0.8016 5.8914 2.2901 10.7642 2.1384 11.8083 7.4719 0.0000 11.1771 8.2542 0.7150 0.6214 6.1508 9.0682 8.0017 8.0005 2.9706 3.3548 2.8814
10.8838 10.3667 5.0183 7.0412 7.4299 4.8681 5.1915 11.1698 10.3113 5.2708 4.6415 4.6885 4.0484 4.0944 4.1931 14.4651 4.9699 1.0418 13.5563 5.0432 8.3096 14.9276 9.9061 7.7739 11.0779 6.3197 3.9744 6.7561 10.4092 12.3872 5.2203 14.1322 12.1051 9.9275 4.0428 9.6744 7.9075 5.8587 7.1120 5.8370 4.5528 5.2320 10.8137 0.3804 10.5985 5.7754 14.1108 15.0158 14.7079 15.3079 4.1443 10.9723 10.1435 12.5033 0.4439 12.8496 0.6976 4.4323 11.7254 0.0000 7.9547 12.1372 11.1178 6.5411 4.8011 5.2283 4.0910 10.8928 12.9139 14.1090
6.5642 6.0471 9.9443 8.1862 8.0575 3.5403 11.4167 9.2893 5.9917 11.7065 10.1423 5.0881 6.2668 4.9796 5.8795 11.2755 5.9744 8.8087 9.2367 6.0604 8.9372 11.4444 7.9587 0.7358 6.7583 8.9247 9.5290 6.4830 6.0896 8.0676 6.9933 10.3421 7.8126 8.3888 5.0923 8.1357 0.3779 7.4601 8.2570 3.3143 4.3311 5.8157 6.4941 8.0725 6.2789 7.7594 9.7912 11.7452 11.2049 11.6748 8.7544 8.5925 4.9816 8.1837 7.3457 8.5300 8.5183 5.9050 8.3898 7.7585 0.0000 8.0299 8.3056 8.4623 10.4850 3.6892 5.5230 10.8562 8.5943 10.7198
2.8293 2.0633 8.6985 7.1071 5.7061 8.1323 10.5064 1.9767 2.8660 10.7962 9.1823 7.9394 8.1446 8.2708 8.0592 3.7297 7.4084 12.8581 3.3948 7.4147 4.2999 4.1922 4.1156 7.3083 1.7470 7.0915 9.0938 5.7130 3.7798 0.5794 7.4091 3.0503 0.2174 2.8861 8.3022 3.2800 7.6467 6.9808 7.1779 7.8907 7.6830 7.5128 3.4374 12.1967 1.8417 7.2801 3.4142 4.2805 3.9726 4.5726 7.9993 1.2799 5.5315 2.0357 11.4698 1.8840 12.5139 7.9502 0.7150 11.8827 7.8943 0.0000 0.9929 6.6291 9.5465 7.6418 8.4788 3.5435 3.1004 3.2164
3.6149 2.3516 7.6126 6.5047 4.6203 8.4205 9.4205 1.1603 3.1542 9.7104 8.0965 7.1878 7.0587 7.4078 6.9733 3.3645 6.3225 11.5449 3.6725 6.3288 3.2140 3.8270 3.0297 7.5966 2.0353 6.0057 8.0079 4.6272 4.0681 1.6133 6.3232 3.0316 0.9734 1.8002 7.3124 2.1942 7.9350 5.8949 6.5755 8.1790 7.9713 6.4269 3.7256 10.8834 2.1300 6.1942 3.6919 3.9152 3.6073 4.2073 6.9134 0.1940 5.8198 2.5807 10.1566 2.4289 11.2007 6.8643 0.6248 10.5695 8.1826 1.0056 0.0000 5.5432 8.4606 7.9301 7.3929 2.7271 3.6453 3.0084
6.7810 5.5555 3.5717 2.4274 1.4243 5.4471 5.3796 6.1017 5.2024 5.6695 4.0556 3.7944 3.6654 4.0144 3.5800 8.8617 2.9292 7.3518 9.1697 2.9355 2.3039 9.3241 4.2175 6.9328 5.3450 1.0476 3.9670 1.0860 6.1323 7.1416 2.9299 8.5288 6.5017 4.3908 3.9191 3.7694 7.0663 1.8209 2.4982 6.1223 4.8171 3.0336 6.5368 6.6904 5.5417 1.7595 9.1891 9.4124 9.1045 9.7045 2.4999 5.3689 7.0569 7.6307 6.1142 7.9572 7.0076 3.4710 6.1220 6.3764 7.3578 6.5338 5.5144 0.0000 4.4198 4.8896 3.9996 5.8246 8.1583 8.5056
10.3671 9.8194 1.0632 4.7147 5.1034 6.8064 1.1975 8.8433 8.7884 1.4873 0.7209 5.9922 5.1373 5.3981 5.3635 11.7519 6.0364 5.7562 12.0599 6.1098 5.9830 12.2143 8.4813 9.6460 9.6088 3.9931 1.4126 5.1631 9.7184 10.0318 5.8792 11.4190 9.3919 7.1324 5.3465 6.6596 9.7796 4.5828 4.7855 7.7091 6.1945 6.5357 10.1228 5.0947 9.8055 4.2123 12.0793 12.3026 11.9947 12.5947 2.8909 8.2591 10.6430 12.1103 4.6490 10.8474 5.4120 5.5825 9.0122 4.7808 10.0711 9.4240 8.4046 4.2146 0.0000 6.8700 5.2614 8.5662 12.3972 11.3958
6.3268 5.8098 6.6331 7.6934 6.2902 0.5387 8.1055 9.0520 5.7544 8.3953 6.8311 1.4471 2.8003 1.6684 2.2650 11.0382 2.3334 5.9321 8.9994 2.4194 7.7488 11.2071 7.2787 2.9690 6.5210 6.4781 6.2178 4.1286 5.8523 7.8303 3.2806 10.1048 7.5752 7.3001 1.8099 7.0470 3.1026 4.8434 7.7642 1.0320 0.7570 2.0653 6.2567 5.2706 6.0415 4.3850 9.5539 11.5079 10.9675 11.4374 5.4432 8.3448 5.5866 7.9463 4.5438 8.2926 5.5879 2.2548 8.1525 4.9567 3.3941 7.7926 8.0682 5.0034 7.1738 0.0000 2.2118 9.3463 8.3570 10.4825
7.5982 7.0812 4.7107 5.4920 5.8807 2.1004 6.4040 8.4501 6.9115 6.6939 5.1296 1.0365 1.0332 0.6920 0.6460 10.8131 1.3004 4.6190 10.2708 1.3737 6.7604 11.2756 6.2542 4.9400 7.3817 4.5557 4.5163 3.1041 7.1236 8.3380 1.7597 10.4803 8.4531 6.2756 0.5459 6.0225 5.0736 2.9210 5.5628 3.0030 1.4884 1.5800 7.5281 3.9576 7.3129 3.1980 10.8253 11.3639 11.0560 11.6560 3.5208 7.3203 6.8579 9.2177 3.2308 9.5640 4.2748 0.8851 8.0734 3.6436 5.3651 8.4853 7.4658 4.9919 5.4723 2.1640 0.0000 8.3218 9.6284 10.4571
6.1359 4.8727 7.7217 5.6800 4.9269 9.4732 9.5297 2.1326 5.6753 10.1393 8.2056 8.0041 7.8750 8.2241 7.7896 5.4294 7.1388 11.9038 5.7374 7.1451 3.8064 5.8919 4.3466 10.1176 4.5563 6.2223 8.1171 5.4435 6.5891 4.1344 7.1395 5.0966 3.4945 2.1108 8.1288 2.3045 10.4560 6.7112 5.7508 9.2317 9.0240 7.2433 6.2467 11.2423 4.6511 7.0105 5.7568 5.9802 5.6722 6.2723 7.0226 2.8719 8.3409 5.1017 10.6661 5.0139 11.5596 7.6807 3.1148 10.9284 10.7037 3.5266 2.6917 5.7599 8.5698 8.9828 8.2092 0.0000 6.4153 5.0733
2.0301 2.8566 11.2126 8.6881 8.5594 9.0361 13.0206 4.7693 4.1371 13.3104 11.6965 8.8432 9.9043 9.1746 9.8189 3.8984 9.1681 13.7620 0.8158 9.1744 6.7499 4.0672 6.1286 8.2122 3.6016 9.4266 11.6080 7.4728 2.9088 2.6955 9.1688 2.9650 2.8930 5.3361 9.2060 5.7301 8.5506 8.7405 8.7589 8.7946 8.5869 9.5208 2.5352 13.1005 2.8911 9.0398 2.2781 4.3680 3.8277 4.2976 10.5135 4.1671 6.4243 0.7861 12.3737 1.4614 13.4178 9.7099 3.5517 12.7866 8.7982 2.8209 3.8296 8.9642 12.0607 8.5457 9.6827 5.9386 0.0000 3.3427
4.8377 4.7925 10.6039 9.4960 7.6115 10.9720 12.4118 3.5430 6.1536 12.7016 11.0877 10.1790 10.0500 10.3990 9.9646 0.9142 9.3138 14.5361 2.7197 9.3201 6.2053 1.3767 6.0210 10.1480 4.8697 8.9969 10.9992 7.6184 5.7163 3.3324 9.3145 1.0309 3.4068 4.7915 10.3037 5.1854 10.4864 8.8862 9.5667 10.7304 10.5228 9.4182 5.3428 13.8747 4.8073 9.1855 1.2166 1.4650 1.2826 1.7571 9.9047 3.1853 8.3713 3.2303 13.1478 2.3105 14.1919 9.8556 2.8912 13.5607 10.7341 3.2164 3.0051 8.5345 11.4519 10.4815 10.3842 4.6457 3.3976 0.0000
0.000 12.882 102.043 66.102 60.053 81.257 123.457 51.378 20.742 124.922 107.202 79.525 86.878 83.423 85.493 62.510 77.132 131.475 31.742 76.615 57.795 66.063 45.138 74.100 22.402 73.365 106.715 59.327 10.602 27.495 77.962 52.695 31.382 51.747 84.095 53.968 76.947 72.700 66.950 75.693 77.175 73.282 5.728 128.237 15.657 75.523 43.988 68.845 62.565 68.230 90.995 43.200 38.497 24.328 120.157 31.802 127.790 83.827 37.357 123.533 79.805 30.237 40.880 64.720 112.262 75.692 89.077 64.388 23.837 57.437
12.882 0.000 91.668 55.727 49.678 74.470 113.082 39.950 12.078 114.547 96.827 72.508 79.342 76.407 77.957 62.615 69.595 124.458 40.365 69.078 47.420 66.168 34.763 70.043 9.540 62.990 96.340 48.952 17.318 20.155 70.425 50.713 21.108 38.865 77.078 42.862 71.683 65.163 56.575 68.920 70.283 65.745 13.528 121.220 2.775 66.477 46.647 68.950 62.670 68.335 80.620 30.318 32.063 26.368 113.140 28.112 120.773 76.290 27.772 116.517 74.080 23.328 27.998 54.345 101.887 68.905 81.540 51.507 32.928 53.865
102.043 91.668 0.000 43.467 51.067 71.152 23.760 92.260 85.222 28.273 5.268 59.637 45.427 56.058 49.032 126.920 56.253 63.303 129.137 56.453 57.018 132.543 73.658 105.878 90.298 37.993 13.242 51.642 100.592 100.702 57.690 122.465 95.442 69.342 54.873 66.692 107.518 43.615 44.315 82.237 65.620 59.760 102.237 59.403 92.607 39.350 129.592 133.872 129.298 136.503 20.630 85.162 98.598 115.975 53.192 114.950 62.462 51.385 93.242 56.527 109.915 97.160 86.902 40.695 12.143 72.793 50.823 89.768 123.343 121.958
66.102 55.727 43.467 0.000 15.380 70.257 64.880 66.510 49.280 63.240 48.625 54.982 53.648 57.348 52.263 97.828 44.705 90.467 95.247 44.188 25.767 103.452 37.717 80.880 54.357 21.717 48.890 27.160 62.332 66.258 44.732 93.373 65.412 41.872 54.923 38.710 82.520 35.378 0.848 69.693 63.940 45.565 66.295 86.567 56.665 34.342 100.500 104.780 100.207 107.412 36.643 56.070 65.117 81.250 79.877 82.685 89.625 50.635 64.150 83.690 84.917 67.130 57.810 16.215 53.685 66.153 56.700 64.645 87.810 92.867
60.053 49.678 51.067 15.380 0.000 68.815 72.480 57.265 43.232 74.195 56.225 53.540 52.207 55.907 50.822 88.583 43.263 94.453 89.198 42.747 16.522 94.207 31.668 79.763 48.308 22.643 55.993 24.750 61.150 60.210 43.290 84.128 57.105 32.627 53.482 29.465 81.403 33.937 16.228 68.577 62.498 44.123 60.247 90.553 50.617 32.900 91.255 95.535 90.962 98.167 40.273 46.825 59.157 75.202 83.863 76.613 93.612 49.193 54.905 87.677 83.800 58.823 48.565 16.897 61.285 64.712 55.258 55.400 81.762 83.622
81.257 74.470 71.152 70.257 68.815 0.000 85.183 111.680 67.035 89.858 69.862 16.328 31.625 15.263 26.182 135.900 26.712 59.475 112.190 27.740 73.433 139.453 77.073 37.672 80.492 65.887 59.997 48.988 74.798 93.640 34.962 124.198 93.235 87.290 17.518 83.293 39.312 42.397 71.105 14.030 8.000 27.415 78.845 58.230 77.245 45.220 119.688 142.235 135.955 141.620 56.060 100.042 72.458 99.093 51.405 101.597 55.790 25.912 99.898 54.040 41.708 95.493 99.728 55.387 74.625 6.225 22.765 111.070 104.360 127.350
123.457 113.082 23.760 64.880 72.480 85.183 0.000 113.673 106.635 7.108 21.347 74.095 60.027 70.090 63.632 148.333 71.078 69.240 150.550 71.312 78.432 153.957 95.072 119.910 111.712 59.407 28.168 73.055 122.005 122.115 74.630 143.878 116.855 90.755 69.302 88.105 121.550 65.038 65.728 96.268 79.652 75.845 123.650 65.340 114.020 60.773 151.005 155.285 150.712 157.917 42.095 106.575 120.012 137.388 59.128 136.363 68.398 65.985 114.655 62.463 123.947 118.573 108.315 62.108 13.615 86.825 65.423 111.182 144.757 143.372
51.378 39.950 92.260 66.510 57.265 111.680 113.673 0.000 47.463 111.658 97.418 96.653 95.320 99.020 93.935 43.375 86.377 139.260 46.545 85.860 44.237 48.998 45.717 107.650 35.963 73.773 97.683 63.078 56.877 27.800 86.403 39.645 23.312 26.322 96.595 28.635 109.290 79.160 67.358 106.147 105.612 87.237 53.243 135.360 37.175 78.123 46.772 50.235 45.753 52.942 85.437 15.637 69.870 37.098 128.670 35.695 138.418 92.307 14.903 132.483 111.687 22.418 13.522 65.992 102.478 106.115 98.372 21.158 44.467 38.413
20.742 12.078 85.222 49.280 43.232 67.035 106.635 47.463 0.000 108.100 90.380 65.070 69.632 68.968 68.247 73.273 59.885 116.710 51.500 59.368 40.973 77.380 28.317 65.025 15.020 56.543 89.893 42.393 21.595 29.027 60.715 61.925 28.622 40.955 69.132 37.147 66.665 55.453 50.128 61.502 62.845 56.035 20.482 113.348 13.727 58.277 57.858 80.162 73.882 79.547 74.173 37.832 27.930 37.580 105.268 39.323 113.010 66.580 35.285 108.645 69.062 30.880 35.512 47.898 95.440 61.470 71.830 58.780 43.670 65.077
124.922 114.547 28.273 63.240 74.195 89.858 7.108 111.658 108.100 0.000 25.943 78.770 64.702 74.765 68.307 150.292 75.753 69.065 153.462 75.987 82.945 155.915 96.537 124.585 113.177 63.920 32.843 77.568 121.022 125.078 79.305 146.562 120.708 91.693 73.977 92.015 126.225 69.552 64.088 100.943 84.327 80.520 125.068 65.165 115.485 65.287 153.688 157.152 152.670 159.858 46.608 110.370 123.807 140.070 61.132 140.158 68.223 70.660 118.450 62.288 128.622 122.427 112.110 66.622 18.212 91.500 70.098 109.167 146.630 145.330
107.202 96.827 5.268 48.625 56.225 69.862 21.347 97.418 90.380 25.943 0.000 58.347 44.137 54.768 47.742 132.078 55.188 60.778 134.295 55.422 62.177 137.702 78.817 104.588 95.457 43.152 11.530 56.800 105.750 105.860 58.740 127.623 100.600 74.500 53.583 71.850 106.228 48.690 49.473 80.947 64.330 59.955 107.395 56.878 97.765 44.420 134.750 139.030 134.457 141.662 25.235 90.320 103.757 121.133 50.667 120.108 59.937 50.095 98.400 54.002 108.625 102.318 92.060 45.853 8.238 71.503 49.533 94.927 128.502 127.117
79.525 72.508 59.637 54.982 53.540 16.328 74.095 96.653 65.070 78.770 58.347 0.000 16.672 5.568 10.745 126.525 11.253 53.343 110.458 12.282 58.158 132.148 64.517 49.530 78.530 50.612 48.482 33.713 73.067 91.678 19.503 122.070 91.273 72.015 5.803 68.018 51.170 27.122 55.830 25.888 10.012 12.320 77.113 50.062 75.283 29.945 117.957 133.477 128.903 136.108 42.685 84.767 70.727 97.362 41.982 99.635 49.643 10.242 92.847 45.358 53.567 93.532 86.507 40.112 63.110 14.618 10.550 95.795 102.628 121.563
86.878 79.342 45.427 53.648 52.207 31.625 60.027 95.320 69.632 64.702 44.137 16.672 0.000 16.532 7.132 125.192 13.192 48.825 117.812 13.425 56.825 130.815 63.183 65.482 79.823 42.740 34.272 32.380 80.787 91.725 15.293 120.737 90.878 70.682 15.347 66.685 67.122 25.788 54.497 41.840 26.025 17.958 84.833 45.372 82.097 27.710 124.992 132.143 127.570 134.775 28.642 83.433 83.558 104.713 37.292 106.468 45.125 8.098 91.513 40.668 69.518 92.597 85.173 38.778 48.900 30.570 11.252 94.462 109.982 120.230
83.423 76.407 56.058 57.348 55.907 15.263 70.090 99.020 68.968 74.765 54.768 5.568 16.532 0.000 11.088 128.892 13.620 49.305 114.357 14.648 60.525 134.515 66.883 49.990 82.428 52.978 44.903 36.080 76.965 95.425 21.870 124.437 94.578 74.382 2.425 70.385 51.630 29.488 58.197 26.348 9.732 15.412 81.012 46.023 79.182 32.312 121.855 135.843 131.270 138.475 40.967 87.133 74.625 101.260 37.943 103.533 45.605 11.787 95.213 41.320 54.027 96.297 88.873 42.478 59.532 16.905 7.672 98.162 106.527 123.930
85.493 77.957 49.032 52.263 50.822 26.182 63.632 93.935 68.247 68.307 47.742 10.745 7.132 11.088 0.000 123.807 10.257 48.737 116.427 10.812 55.440 129.430 61.798 59.555 78.438 47.853 37.877 30.995 79.402 90.340 14.242 119.352 89.493 69.297 9.903 65.300 61.195 24.403 53.112 35.913 20.098 15.023 83.448 45.455 80.712 27.227 123.607 130.758 126.185 133.390 33.755 82.048 80.752 103.328 37.375 105.083 45.037 3.810 90.128 40.752 63.592 91.212 83.788 37.393 52.505 24.643 5.837 93.077 108.597 118.845
62.510 62.615 126.920 97.828 88.583 135.900 148.333 43.375 73.273 150.292 132.078 126.525 125.192 128.892 123.807 0.000 116.248 172.270 35.640 115.732 77.177 5.623 74.240 131.082 61.773 105.092 132.343 92.950 72.557 46.933 116.275 18.260 46.507 61.377 126.467 65.373 133.113 110.242 98.677 130.350 131.713 117.108 67.725 168.908 60.565 109.205 18.597 7.092 2.378 9.583 120.097 42.338 93.140 40.578 160.828 34.607 168.570 122.178 38.097 164.205 135.510 44.227 40.085 97.073 137.138 130.335 128.243 53.143 42.640 10.472
77.132 69.595 56.253 44.705 43.263 26.712 71.078 86.377 59.885 75.753 55.188 11.253 13.192 13.620 10.257 116.248 0.000 58.647 108.065 1.845 47.882 121.872 54.240 57.788 70.880 40.335 45.323 23.437 71.040 82.782 9.167 111.793 81.935 61.738 11.195 57.742 59.428 16.845 45.553 34.147 20.395 5.585 75.087 55.365 72.350 19.668 115.245 123.200 118.627 125.832 37.800 74.490 73.812 94.967 47.285 96.722 54.947 6.957 82.570 50.662 61.825 83.653 76.230 29.835 59.952 22.877 12.682 85.518 100.235 111.287
131.475 124.458 63.303 90.467 94.453 59.475 69.240 139.260 116.710 69.065 60.778 53.343 48.825 49.305 48.737 172.270 58.647 0.000 162.408 59.202 103.903 177.893 110.262 95.045 126.902 78.538 51.352 79.458 125.017 138.803 62.745 167.815 137.957 116.342 48.683 113.692 96.685 70.292 91.315 71.403 55.640 62.723 129.063 5.603 127.233 72.100 169.907 179.222 174.648 181.853 57.498 130.512 122.677 149.312 13.038 151.585 3.932 52.200 138.592 9.608 98.148 139.675 132.252 83.827 62.718 62.813 48.288 136.768 154.578 167.308
31.742 40.365 129.137 95.247 89.198 112.190 150.550 46.545 51.500 153.462 134.295 110.458 117.812 114.357 116.427 35.640 108.065 162.408 0.000 107.548 79.393 39.193 74.243 95.848 45.192 102.510 134.560 88.472 41.783 36.725 108.895 26.317 38.117 63.593 115.028 67.590 98.695 103.633 96.095 106.627 108.108 104.215 36.957 159.170 40.197 105.997 17.610 41.975 35.695 41.360 120.140 44.555 69.430 14.742 151.090 15.520 158.723 114.760 38.498 154.467 101.553 36.972 42.302 93.865 139.355 106.625 120.010 56.313 8.082 31.218
76.615 69.078 56.453 44.188 42.747 27.740 71.312 85.860 59.368 75.987 55.422 12.282 13.425 14.648 10.812 115.732 1.845 59.202 107.548 0.000 47.365 121.355 53.723 58.817 70.363 39.818 45.557 22.920 70.523 82.265 8.175 111.277 81.418 61.222 12.223 57.225 60.457 16.328 45.037 35.175 21.423 6.613 74.570 55.920 71.833 19.152 114.728 122.683 118.110 125.315 38.000 73.973 73.295 94.450 47.840 96.205 55.502 7.832 82.053 51.217 62.853 83.137 75.713 29.318 60.185 23.905 13.557 85.002 99.718 110.770
57.795 47.420 57.018 25.767 16.522 73.433 78.432 44.237 40.973 82.945 62.177 58.158 56.825 60.525 55.440 77.177 47.882 103.903 79.393 47.365 0.000 82.800 29.410 83.052 46.050 33.030 62.442 28.603 59.315 50.958 47.908 72.722 45.698 19.598 58.100 16.948 84.692 38.555 26.615 71.865 67.117 48.742 57.988 100.118 48.358 37.518 79.848 84.128 79.555 86.760 50.195 35.418 60.257 66.232 92.462 65.207 100.203 53.812 43.498 95.838 87.088 47.417 37.158 25.387 67.237 69.330 59.877 42.073 73.600 72.215
66.063 66.168 132.543 103.452 94.207 139.453 153.957 48.998 77.380 155.915 137.702 132.148 130.815 134.515 129.430 5.623 121.872 177.893 39.193 121.355 82.800 0.000 79.863 134.635 67.397 110.715 137.967 98.573 76.110 52.557 121.898 22.305 52.130 67.000 132.090 70.997 136.667 115.865 104.300 133.903 135.267 122.732 71.278 174.532 65.737 114.828 22.150 8.505 4.808 7.535 125.720 47.962 96.693 44.132 166.452 38.160 174.193 127.802 43.720 169.828 139.063 49.850 45.708 102.697 142.762 133.888 133.867 58.767 46.193 15.972
45.138 34.763 73.658 37.717 31.668 77.073 95.072 45.717 28.317 96.537 78.817 64.517 63.183 66.883 61.798 74.240 54.240 110.262 74.243 53.723 29.410 79.863 0.000 82.525 33.353 44.980 78.330 30.942 46.658 45.255 54.267 69.785 42.762 24.973 64.458 23.205 84.165 49.005 38.565 71.357 72.850 55.100 45.332 106.900 35.702 48.467 76.912 81.192 76.618 83.823 62.610 32.482 47.733 60.247 98.820 61.682 106.562 60.170 40.562 102.197 86.562 44.480 34.222 36.335 83.877 71.508 66.235 46.365 66.807 69.278
74.100 70.043 105.878 80.880 79.763 37.672 119.910 107.650 65.025 124.585 104.588 49.530 65.482 49.990 59.555 131.082 57.788 95.045 95.848 58.817 83.052 134.635 82.525 0.000 76.065 89.475 94.723 69.207 67.110 89.213 65.508 119.772 88.808 92.888 52.245 88.892 2.847 70.342 81.728 28.300 42.162 57.475 73.312 93.800 72.818 73.165 112.662 137.417 131.137 136.802 90.787 98.018 52.923 93.992 86.975 97.170 91.360 58.523 95.472 89.610 5.705 91.067 95.698 78.975 109.352 35.428 57.492 116.668 88.930 122.923
22.402 9.540 90.298 54.357 48.308 80.492 111.712 35.963 15.020 113.177 95.457 78.530 79.823 82.428 78.438 61.773 70.880 126.902 45.192 70.363 46.050 67.397 33.353 76.065 0.000 61.620 94.970 47.582 26.228 17.527 70.907 52.978 17.122 33.633 81.098 37.630 77.705 65.645 55.205 74.942 76.305 69.517 22.595 123.540 7.920 65.107 51.313 68.725 64.152 71.357 79.250 26.332 39.002 31.195 115.460 32.630 123.202 76.810 23.785 118.837 80.102 19.380 24.012 52.975 100.517 74.927 82.875 46.275 37.755 54.145
73.365 62.990 37.993 21.717 22.643 65.887 59.407 73.773 56.543 63.920 43.152 50.612 42.740 52.978 47.853 105.092 40.335 78.538 102.510 39.818 33.030 110.715 44.980 89.475 61.620 0.000 40.593 22.790 74.462 73.522 40.362 100.637 72.675 49.135 50.553 45.973 91.115 31.008 22.565 73.053 59.570 41.195 73.558 74.638 63.928 29.972 107.763 112.043 107.470 114.675 24.358 63.333 72.468 88.513 67.948 89.948 77.697 46.265 71.413 71.762 93.512 74.393 65.073 11.843 48.212 61.783 50.555 71.908 95.073 100.130
106.715 96.340 13.242 48.890 55.993 59.997 28.168 97.683 89.893 32.843 11.530 48.482 34.272 44.903 37.877 132.343 45.323 51.352 134.560 45.557 62.442 137.967 78.330 94.723 94.970 40.593 0.000 56.313 106.015 106.125 48.875 127.888 100.865 74.765 43.718 72.115 96.363 43.330 49.738 71.082 54.465 50.090 106.908 47.452 97.278 39.917 135.015 139.295 134.722 141.927 20.732 90.585 104.022 121.398 40.762 120.373 50.510 40.230 98.665 44.575 98.760 102.583 92.325 45.367 15.742 61.638 39.668 95.192 128.423 127.382
59.327 48.952 51.642 27.160 24.750 48.988 73.055 63.078 42.393 77.568 56.800 33.713 32.380 36.080 30.995 92.950 23.437 79.458 88.472 22.920 28.603 98.573 30.942 69.207 47.582 22.790 56.313 0.000 55.825 59.483 23.463 88.495 58.637 38.440 33.655 34.443 70.847 18.202 28.008 56.155 42.672 24.297 59.520 76.097 49.890 17.885 94.593 99.902 95.328 102.533 38.462 51.192 53.832 74.475 68.017 75.910 75.758 29.367 59.272 71.393 73.243 60.355 52.932 12.290 61.860 44.885 35.432 62.220 81.035 87.988
10.602 17.318 100.592 62.332 61.150 74.798 122.005 56.877 21.595 121.022 105.750 73.067 80.787 76.965 79.402 72.557 71.040 125.017 41.783 70.523 59.315 76.110 46.658 67.110 26.228 74.462 106.015 55.825 0.000 37.473 71.870 62.742 38.035 55.792 77.637 55.488 69.957 66.608 63.180 69.235 70.717 67.190 8.478 121.778 20.093 69.432 54.035 78.892 72.612 78.277 89.890 47.245 31.705 34.475 113.698 41.948 121.332 77.735 44.698 117.075 72.815 40.293 44.925 65.817 110.810 69.233 82.897 68.433 33.852 67.583
27.495 20.155 100.702 66.258 60.210 93.640 122.115 27.800 29.027 125.078 105.860 91.678 91.725 95.425 90.340 46.933 82.782 138.803 36.725 82.265 50.958 52.557 45.255 89.213 17.527 73.522 106.125 59.483 37.473 0.000 82.808 37.942 7.802 35.217 93.000 39.213 90.853 77.547 67.107 88.090 89.453 83.642 32.710 135.442 17.380 77.008 40.190 53.885 49.312 56.517 91.152 20.040 51.433 22.395 127.362 21.397 135.103 88.712 13.777 130.738 93.250 6.657 17.720 64.877 110.920 88.075 94.777 44.872 29.312 39.108
77.962 70.425 57.690 44.732 43.290 34.962 74.630 86.403 60.715 79.305 58.740 19.503 15.293 21.870 14.242 116.275 9.167 62.745 108.895 8.175 47.908 121.898 54.267 65.508 70.907 40.362 48.875 23.463 71.870 82.808 0.000 111.820 81.962 61.765 19.445 57.768 67.148 16.872 45.580 42.397 28.645 12.872 75.917 59.343 73.180 19.695 116.075 123.227 118.653 125.858 39.237 74.517 74.642 95.797 51.263 97.552 59.045 12.670 82.597 54.640 69.545 83.680 76.257 29.862 63.503 31.127 19.845 85.545 101.065 111.313
52.695 50.713 122.465 93.373 84.128 124.198 143.878 39.645 61.925 146.562 127.623 122.070 120.737 124.437 119.352 18.260 111.793 167.815 26.317 111.277 72.722 22.305 69.785 119.772 52.978 100.637 127.888 88.495 62.742 37.942 111.820 0.000 37.515 56.922 122.012 60.918 121.412 105.787 94.222 118.648 120.012 112.653 57.910 164.453 50.250 104.750 9.060 24.988 18.807 26.887 115.642 37.883 81.708 29.742 156.373 23.568 164.115 117.723 33.238 159.750 123.808 35.235 35.630 92.618 132.683 118.633 123.788 49.413 32.927 11.035
31.382 21.108 95.442 65.412 57.105 93.235 116.855 23.312 28.622 120.708 100.600 91.273 90.878 94.578 89.493 46.507 81.935 137.957 38.117 81.418 45.698 52.130 42.762 88.808 17.122 72.675 100.865 58.637 38.035 7.802 81.962 37.515 0.000 29.957 92.153 33.953 90.448 76.700 66.260 87.685 89.048 82.795 34.402 134.595 18.333 76.162 41.582 53.458 48.885 56.090 88.618 13.703 51.028 23.787 126.515 22.788 134.257 87.865 8.523 129.892 92.845 2.603 11.383 64.030 105.660 87.670 93.930 40.383 31.155 38.682
51.747 38.865 69.342 41.872 32.627 87.290 90.755 26.322 40.955 91.693 74.500 72.015 70.682 74.382 69.297 61.377 61.738 116.342 63.593 61.222 19.598 67.000 24.973 92.888 33.633 49.135 74.765 38.440 55.792 35.217 61.765 56.922 29.957 0.000 71.957 3.997 94.528 54.522 42.720 81.702 80.973 62.598 52.158 112.442 36.142 53.485 64.048 68.328 63.755 70.960 62.518 19.618 60.302 50.432 105.752 49.407 114.060 67.668 27.698 109.565 96.925 31.675 21.358 41.353 79.560 81.853 73.733 25.463 57.800 56.415
84.095 77.078 54.873 54.923 53.482 17.518 69.302 96.595 69.132 73.977 53.583 5.803 15.347 2.425 9.903 126.467 11.195 48.683 115.028 12.223 58.100 132.090 64.458 52.245 81.098 50.553 43.718 33.655 77.637 93.000 19.445 122.012 92.153 71.957 0.000 67.960 53.885 27.063 55.772 28.603 11.987 14.190 81.683 45.402 79.853 29.887 122.527 133.418 128.845 136.050 39.782 84.708 75.297 101.932 37.322 104.205 44.983 9.457 92.788 40.698 56.282 93.872 86.448 40.053 58.347 19.160 6.487 95.737 107.198 121.505
53.968 42.862 66.692 38.710 29.465 83.293 88.105 28.635 37.147 92.015 71.850 68.018 66.685 70.385 65.300 65.373 57.742 113.692 67.590 57.225 16.948 70.997 23.205 88.892 37.630 45.973 72.115 34.443 55.488 39.213 57.768 60.918 33.953 3.997 67.960 0.000 90.532 51.123 39.558 77.705 76.977 58.602 54.162 109.792 40.138 50.087 68.045 72.325 67.752 74.957 59.868 23.615 56.493 54.428 102.322 53.403 110.063 63.672 31.695 105.698 92.928 35.672 25.355 37.955 76.910 77.857 69.737 27.777 61.797 60.412
76.947 71.683 107.518 82.520 81.403 39.312 121.550 109.290 66.665 126.225 106.228 51.170 67.122 51.630 61.195 133.113 59.428 96.685 98.695 60.457 84.692 136.667 84.165 2.847 77.705 91.115 96.363 70.847 69.957 90.853 67.148 121.412 90.448 94.528 53.885 90.532 0.000 71.982 83.368 29.940 43.802 59.115 76.045 95.440 74.458 74.805 115.508 139.448 133.168 138.833 92.427 99.658 55.770 96.293 88.615 98.810 93.000 60.163 97.112 91.250 4.093 92.707 97.338 80.615 110.992 37.068 59.132 118.308 91.777 124.563
72.700 65.163 43.615 35.378 33.937 42.397 65.038 79.160 55.453 69.552 48.690 27.122 25.788 29.488 24.403 110.242 16.845 70.292 103.633 16.328 38.555 115.865 49.005 70.342 65.645 31.008 43.330 18.202 66.608 77.547 16.872 105.787 76.700 54.522 27.063 51.123 71.982 0.000 36.227 49.563 36.080 17.705 70.655 66.763 67.918 5.272 110.813 117.193 112.620 119.825 24.847 68.483 69.380 90.535 58.683 92.290 66.592 22.775 76.563 62.060 74.378 78.418 70.223 20.508 53.833 38.293 28.840 77.295 95.803 105.280
66.950 56.575 44.315 0.848 16.228 71.105 65.728 67.358 50.128 64.088 49.473 55.830 54.497 58.197 53.112 98.677 45.553 91.315 96.095 45.037 26.615 104.300 38.565 81.728 55.205 22.565 49.738 28.008 63.180 67.107 45.580 94.222 66.260 42.720 55.772 39.558 83.368 36.227 0.000 70.542 64.788 46.413 67.143 87.415 57.513 35.190 101.348 105.628 101.055 108.260 37.492 56.918 65.965 82.098 80.725 83.533 90.473 51.483 64.998 84.538 85.765 67.978 58.658 17.063 54.533 67.002 57.548 65.493 88.658 93.715
75.693 68.920 82.237 69.693 68.577 14.030 96.268 106.147 61.502 100.943 80.947 25.888 41.840 26.348 35.913 130.350 34.147 71.403 106.627 35.175 71.865 133.903 71.357 28.300 74.942 73.053 71.082 56.155 69.235 88.090 42.397 118.648 87.685 81.702 28.603 77.705 29.940 49.563 70.542 0.000 18.520 33.833 73.282 70.158 71.695 52.387 114.125 136.685 130.405 136.070 67.145 94.453 66.895 93.530 63.333 96.047 67.718 34.882 94.348 65.968 32.337 89.943 94.195 62.553 85.710 11.787 33.850 105.482 98.797 121.800
77.175 70.283 65.620 63.940 62.498 8.000 79.652 105.612 62.845 84.327 64.330 10.012 26.025 9.732 20.098 131.713 20.395 55.640 108.108 21.423 67.117 135.267 72.850 42.162 76.305 59.570 54.465 42.672 70.717 89.453 28.645 120.012 89.048 80.973 11.987 76.977 43.802 36.080 64.788 18.520 0.000 21.098 74.763 54.395 73.058 38.903 115.607 138.048 131.768 137.433 50.528 93.725 68.377 95.012 47.030 97.410 51.955 19.595 95.712 50.205 46.198 91.307 95.465 49.070 69.093 7.710 17.233 104.753 100.278 123.163
73.282 65.745 59.760 45.565 44.123 27.415 75.845 87.237 56.035 80.520 59.955 12.320 17.958 15.412 15.023 117.108 5.585 62.723 104.215 6.613 48.742 122.732 55.100 57.475 69.517 41.195 50.090 24.297 67.190 83.642 12.872 112.653 82.795 62.598 14.190 58.602 59.115 17.705 46.413 33.833 21.098 0.000 71.237 59.442 68.500 20.528 111.395 124.060 119.487 126.692 40.987 75.350 69.962 91.117 51.362 92.872 59.023 11.723 83.430 54.738 61.512 84.513 77.090 30.695 64.718 22.563 16.962 86.378 96.385 112.147
5.728 13.528 102.237 66.295 60.247 78.845 123.650 53.243 20.482 125.068 107.395 77.113 84.833 81.012 83.448 67.725 75.087 129.063 36.957 74.570 57.988 71.278 45.332 73.312 22.595 73.558 106.908 59.520 8.478 32.710 75.917 57.910 34.402 52.158 81.683 54.162 76.045 70.655 67.143 73.282 74.763 71.237 0.000 125.825 16.303 73.478 49.203 74.060 67.780 73.445 91.188 43.612 35.762 29.543 117.745 37.017 125.378 81.782 41.065 121.122 78.442 35.452 41.292 64.913 112.455 73.280 86.943 64.800 29.052 62.652
128.237 121.220 59.403 86.567 90.553 58.230 65.340 135.360 113.348 65.165 56.878 50.062 45.372 46.023 45.455 168.908 55.365 5.603 159.170 55.920 100.118 174.532 106.900 93.800 123.540 74.638 47.452 76.097 121.778 135.442 59.343 164.453 134.595 112.442 45.402 109.792 95.440 66.763 87.415 70.158 54.395 59.442 125.825 0.000 123.995 68.572 166.668 175.860 171.287 178.492 53.598 127.150 119.438 146.073 9.138 148.347 4.113 48.918 135.230 4.962 96.903 136.313 128.890 79.927 58.818 61.568 45.007 132.868 151.340 163.947
15.657 2.775 92.607 56.665 50.617 77.245 114.020 37.175 13.727 115.485 97.765 75.283 82.097 79.182 80.712 60.565 72.350 127.233 40.197 71.833 48.358 65.737 35.702 72.818 7.920 63.928 97.278 49.890 20.093 17.380 73.180 50.250 18.333 36.142 79.853 40.138 74.458 67.918 57.513 71.695 73.058 68.500 16.303 123.995 0.000 67.415 46.298 67.517 62.238 67.903 81.558 27.543 34.838 26.200 115.915 27.648 123.548 79.045 24.997 119.292 76.855 20.553 25.223 55.283 102.825 71.680 84.295 48.783 32.760 52.740
75.523 66.477 39.350 34.342 32.900 45.220 60.773 78.123 58.277 65.287 44.420 29.945 27.710 32.312 27.227 109.205 19.668 72.100 105.997 19.152 37.518 114.828 48.467 73.165 65.107 29.972 39.917 17.885 69.432 77.008 19.695 104.750 76.162 53.485 29.887 50.087 74.805 5.272 35.190 52.387 38.903 20.528 73.478 68.572 67.415 0.000 111.877 116.157 111.583 118.788 20.577 67.447 71.717 92.000 60.492 93.435 68.400 25.598 75.527 63.868 77.202 77.880 69.187 19.472 49.568 41.117 31.663 76.258 98.560 104.243
43.988 46.647 129.592 100.500 91.255 119.688 151.005 46.772 57.858 153.688 134.750 117.957 124.992 121.855 123.607 18.597 115.245 169.907 17.610 114.728 79.848 22.150 76.912 112.662 51.313 107.763 135.015 94.593 54.035 40.190 116.075 9.060 41.582 64.048 122.527 68.045 115.508 110.813 101.348 114.125 115.607 111.395 49.203 166.668 46.298 111.877 0.000 24.932 18.652 24.317 122.768 45.010 76.902 23.380 158.588 18.810 166.222 121.940 40.048 161.965 118.367 40.178 42.757 99.745 139.810 114.123 127.190 56.540 24.220 13.897
68.845 68.950 133.872 104.780 95.535 142.235 155.285 50.235 80.162 157.152 139.030 133.477 132.143 135.843 130.758 7.092 123.200 179.222 41.975 122.683 84.128 8.505 81.192 137.417 68.725 112.043 139.295 99.902 78.892 53.885 123.227 24.988 53.458 68.328 133.418 72.325 139.448 117.193 105.628 136.685 138.048 124.060 74.060 175.860 67.517 116.157 24.932 0.000 6.297 5.887 127.048 49.290 99.475 46.913 167.780 40.942 175.522 129.130 45.048 171.157 141.845 51.178 47.037 104.025 144.090 136.670 135.195 59.862 48.975 17.460
62.565 62.670 129.298 100.207 90.962 135.955 150.712 45.753 73.882 152.670 134.457 128.903 127.570 131.270 126.185 2.378 118.627 174.648 35.695 118.110 79.555 4.808 76.618 131.137 64.152 107.470 134.722 95.328 72.612 49.312 118.653 18.807 48.885 63.755 128.845 67.752 133.168 112.620 101.055 130.405 131.768 119.487 67.780 171.287 62.238 111.583 18.652 6.297 0.000 8.768 122.475 44.717 93.195 40.633 163.207 34.662 170.948 124.557 40.475 166.583 135.565 46.605 42.463 99.452 139.517 130.390 130.622 55.522 42.695 12.727
68.230 68.335 136.503 107.412 98.167 141.620 157.917 52.942 79.547 159.858 141.662 136.108 134.775 138.475 133.390 9.583 125.832 181.853 41.360 125.315 86.760 7.535 83.823 136.802 71.357 114.675 141.927 102.533 78.277 56.517 125.858 26.887 56.090 70.960 136.050 74.957 138.833 119.825 108.260 136.070 137.433 126.692 73.445 178.492 67.903 118.788 24.317 5.887 8.768 0.000 129.680 51.922 98.860 46.298 170.412 40.327 178.153 131.762 47.680 173.788 141.230 53.810 49.668 106.657 146.722 136.055 137.827 62.582 48.360 19.932
90.995 80.620 20.630 36.643 40.273 56.060 42.095 85.437 74.173 46.608 25.235 42.685 28.642 40.967 33.755 120.097 37.800 57.498 120.140 38.000 50.195 125.720 62.610 90.787 79.250 24.358 20.732 38.462 89.890 91.152 39.237 115.642 88.618 62.518 39.782 59.868 92.427 24.847 37.492 67.145 50.528 40.987 91.188 53.598 81.558 20.577 122.768 127.048 122.475 129.680 0.000 78.338 90.098 106.143 46.908 107.578 56.657 34.013 86.418 50.722 94.823 90.337 80.078 29.647 30.848 56.583 35.732 82.945 112.703 115.135
43.200 30.318 85.162 56.070 46.825 100.042 106.575 15.637 37.832 110.370 90.320 84.767 83.433 87.133 82.048 42.338 74.490 130.512 44.555 73.973 35.418 47.962 32.482 98.018 26.332 63.333 90.585 51.192 47.245 20.040 74.517 37.883 13.703 19.618 84.708 23.615 99.658 68.483 56.918 94.453 93.725 75.350 43.612 127.150 27.543 67.447 45.010 49.290 44.717 51.922 78.338 0.000 60.238 31.393 119.070 30.368 126.812 80.420 8.660 122.447 102.055 13.987 2.320 55.315 95.380 94.605 86.485 32.157 38.762 37.377
38.497 32.063 98.598 65.117 59.157 72.458 120.012 69.870 27.930 123.807 103.757 70.727 83.558 74.625 80.752 93.140 73.812 122.677 69.430 73.295 60.257 96.693 47.733 52.923 39.002 72.468 104.022 53.832 31.705 51.433 74.642 81.708 51.028 60.302 75.297 56.493 55.770 69.380 65.965 66.895 68.377 69.962 35.762 119.438 34.838 71.717 76.902 99.475 93.195 98.860 90.098 60.238 0.000 56.317 111.358 59.107 118.992 78.738 57.692 114.735 58.628 53.287 57.918 63.823 108.817 66.893 80.557 81.287 61.600 84.860
24.328 26.368 115.975 81.250 75.202 99.093 137.388 37.098 37.580 140.070 121.133 97.362 104.713 101.260 103.328 40.578 94.967 149.312 14.742 94.450 66.232 44.132 60.247 93.992 31.195 88.513 121.398 74.475 34.475 22.395 95.797 29.742 23.787 50.432 101.932 54.428 96.293 90.535 82.098 93.530 95.012 91.117 29.543 146.073 26.200 92.000 23.380 46.913 40.633 46.298 106.143 31.393 56.317 0.000 137.993 8.908 145.627 101.662 24.343 141.370 98.690 22.642 29.073 79.868 126.193 93.528 106.912 50.880 7.532 34.678
120.157 113.140 53.192 79.877 83.863 51.405 59.128 128.670 105.268 61.132 50.667 41.982 37.292 37.943 37.375 160.828 47.285 13.038 151.090 47.840 92.462 166.452 98.820 86.975 115.460 67.948 40.762 68.017 113.698 127.362 51.263 156.373 126.515 105.752 37.322 102.322 88.615 58.683 80.725 63.333 47.030 51.362 117.745 9.138 115.915 60.492 158.588 167.780 163.207 170.412 46.908 119.070 111.358 137.993 0.000 140.267 12.197 40.838 127.150 6.262 90.078 128.233 120.810 73.237 52.607 54.203 36.927 126.178 143.260 155.867
31.802 28.112 114.950 82.685 76.613 101.597 136.363 35.695 39.323 140.158 120.108 99.635 106.468 103.533 105.083 34.607 96.722 151.585 15.520 96.205 65.207 38.160 61.682 97.170 32.630 89.948 120.373 75.910 41.948 21.397 97.552 23.568 22.788 49.407 104.205 53.403 98.810 92.290 83.533 96.047 97.410 92.872 37.017 148.347 27.648 93.435 18.810 40.942 34.662 40.327 107.578 30.368 59.107 8.908 140.267 0.000 147.900 103.417 22.983 143.643 101.207 21.643 28.048 81.303 125.168 96.032 108.667 48.520 16.277 26.720
127.790 120.773 62.462 89.625 93.612 55.790 68.398 138.418 113.010 68.223 59.937 49.643 45.125 45.605 45.037 168.570 54.947 3.932 158.723 55.502 100.203 174.193 106.562 91.360 123.202 77.697 50.510 75.758 121.332 135.103 59.045 164.115 134.257 114.060 44.983 110.063 93.000 66.592 90.473 67.718 51.955 59.023 125.378 4.113 123.548 68.400 166.222 175.522 170.948 178.153 56.657 126.812 118.992 145.627 12.197 147.900 0.000 48.500 134.892 7.717 94.463 135.975 128.552 82.157 61.877 59.128 44.588 135.927 150.893 163.608
83.827 76.290 51.385 50.635 49.193 25.912 65.985 92.307 66.580 70.660 50.095 10.242 8.098 11.787 3.810 122.178 6.957 52.200 114.760 7.832 53.812 127.802 60.170 58.523 76.810 46.265 40.230 29.367 77.735 88.712 12.670 117.723 87.865 67.668 9.457 63.672 60.163 22.775 51.483 34.882 19.595 11.723 81.782 48.918 79.045 25.598 121.940 129.130 124.557 131.762 34.013 80.420 78.738 101.662 40.838 103.417 48.500 0.000 88.500 44.215 62.560 89.583 82.160 35.765 54.858 23.612 8.640 91.448 106.930 117.217
37.357 27.772 93.242 64.150 54.905 99.898 114.655 14.903 35.285 118.450 98.400 92.847 91.513 95.213 90.128 38.097 82.570 138.592 38.498 82.053 43.498 43.720 40.562 95.472 23.785 71.413 98.665 59.272 44.698 13.777 82.597 33.238 8.523 27.698 92.788 31.695 97.112 76.563 64.998 94.348 95.712 83.430 41.065 135.230 24.997 75.527 40.048 45.048 40.475 47.680 86.418 8.660 57.692 24.343 127.150 22.983 134.892 88.500 0.000 130.527 99.508 7.723 6.340 63.395 103.460 94.333 94.565 31.975 31.712 33.135
123.533 116.517 56.527 83.690 87.677 54.040 62.463 132.483 108.645 62.288 54.002 45.358 40.668 41.320 40.752 164.205 50.662 9.608 154.467 51.217 95.838 169.828 102.197 89.610 118.837 71.762 44.575 71.393 117.075 130.738 54.640 159.750 129.892 109.565 40.698 105.698 91.250 62.060 84.538 65.968 50.205 54.738 121.122 4.962 119.292 63.868 161.965 171.157 166.583 173.788 50.722 122.447 114.735 141.370 6.262 143.643 7.717 44.215 130.527 0.000 92.713 131.610 124.187 77.050 55.942 57.378 40.303 129.992 146.637 159.243
79.805 74.080 109.915 84.917 83.800 41.708 123.947 111.687 69.062 128.622 108.625 53.567 69.518 54.027 63.592 135.510 61.825 98.148 101.553 62.853 87.088 139.063 86.562 5.705 80.102 93.512 98.760 73.243 72.815 93.250 69.545 123.808 92.845 96.925 56.282 92.928 4.093 74.378 85.765 32.337 46.198 61.512 78.442 96.903 76.855 77.202 118.367 141.845 135.565 141.230 94.823 102.055 58.628 98.690 90.078 101.207 94.463 62.560 99.508 92.713 0.000 95.103 99.735 83.012 113.388 39.465 61.528 120.705 94.635 126.960
30.237 23.328 97.160 67.130 58.823 95.493 118.573 22.418 30.880 122.427 102.318 93.532 92.597 96.297 91.212 44.227 83.653 139.675 36.972 83.137 47.417 49.850 44.480 91.067 19.380 74.393 102.583 60.355 40.293 6.657 83.680 35.235 2.603 31.675 93.872 35.672 92.707 78.418 67.978 89.943 91.307 84.513 35.452 136.313 20.553 77.880 40.178 51.178 46.605 53.810 90.337 13.987 53.287 22.642 128.233 21.643 135.975 89.583 7.723 131.610 95.103 0.000 11.667 65.748 107.378 89.928 95.648 39.490 30.010 36.402
40.880 27.998 86.902 57.810 48.565 99.728 108.315 13.522 35.512 112.110 92.060 86.507 85.173 88.873 83.788 40.085 76.230 132.252 42.302 75.713 37.158 45.708 34.222 95.698 24.012 65.073 92.325 52.932 44.925 17.720 76.257 35.630 11.383 21.358 86.448 25.355 97.338 70.223 58.658 94.195 95.465 77.090 41.292 128.890 25.223 69.187 42.757 47.037 42.463 49.668 80.078 2.320 57.918 29.073 120.810 28.048 128.552 82.160 6.340 124.187 99.735 11.667 0.000 57.055 97.120 94.163 88.225 31.718 36.442 35.123
64.720 54.345 40.695 16.215 16.897 55.387 62.108 65.992 47.898 66.622 45.853 40.112 38.778 42.478 37.393 97.073 29.835 83.827 93.865 29.318 25.387 102.697 36.335 78.975 52.975 11.843 45.367 12.290 65.817 64.877 29.862 92.618 64.030 41.353 40.053 37.955 80.615 20.508 17.063 62.553 49.070 30.695 64.913 79.927 55.283 19.472 99.745 104.025 99.452 106.657 29.647 55.315 63.823 79.868 73.237 81.303 82.157 35.765 63.395 77.050 83.012 65.748 57.055 0.000 50.913 51.283 41.830 64.127 86.428 92.112
112.262 101.887 12.143 53.685 61.285 74.625 13.615 102.478 95.440 18.212 8.238 63.110 48.900 59.532 52.505 137.138 59.952 62.718 139.355 60.185 67.237 142.762 83.877 109.352 100.517 48.212 15.742 61.860 110.810 110.920 63.503 132.683 105.660 79.560 58.347 76.910 110.992 53.833 54.533 85.710 69.093 64.718 112.455 58.818 102.825 49.568 139.810 144.090 139.517 146.722 30.848 95.380 108.817 126.193 52.607 125.168 61.877 54.858 103.460 55.942 113.388 107.378 97.120 50.913 0.000 76.267 54.297 99.987 133.562 132.177
75.692 68.905 72.793 66.153 64.712 6.225 86.825 106.115 61.470 91.500 71.503 14.618 30.570 16.905 24.643 130.335 22.877 62.813 106.625 23.905 69.330 133.888 71.508 35.428 74.927 61.783 61.638 44.885 69.233 88.075 31.127 118.633 87.670 81.853 19.160 77.857 37.068 38.293 67.002 11.787 7.710 22.563 73.280 61.568 71.680 41.117 114.123 136.670 130.390 136.055 56.583 94.605 66.893 93.528 54.203 96.032 59.128 23.612 94.333 57.378 39.465 89.928 94.163 51.283 76.267 0.000 24.407 105.633 98.795 121.785
89.077 81.540 50.823 56.700 55.258 22.765 65.423 98.372 71.830 70.098 49.533 10.550 11.252 7.672 5.837 128.243 12.682 48.288 120.010 13.557 59.877 133.867 66.235 57.492 82.875 50.555 39.668 35.432 82.897 94.777 19.845 123.788 93.930 73.733 6.487 69.737 59.132 28.840 57.548 33.850 17.233 16.962 86.943 45.007 84.295 31.663 127.190 135.195 130.622 137.827 35.732 86.485 80.557 106.912 36.927 108.667 44.588 8.640 94.565 40.303 61.528 95.648 88.225 41.830 54.297 24.407 0.000 97.513 112.180 123.282
64.388 51.507 89.768 64.645 55.400 111.070 111.182 21.158 58.780 109.167 94.927 95.795 94.462 98.162 93.077 53.143 85.518 136.768 56.313 85.002 42.073 58.767 46.365 116.668 46.275 71.908 95.192 62.220 68.433 44.872 85.545 49.413 40.383 25.463 95.737 27.777 118.308 77.295 65.493 105.482 104.753 86.378 64.800 132.868 48.783 76.258 56.540 59.862 55.522 62.582 82.945 32.157 81.287 50.880 126.178 48.520 135.927 91.448 31.975 129.992 120.705 39.490 31.718 64.127 99.987 105.633 97.513 0.000 58.248 48.182
23.837 32.928 123.343 87.810 81.762 104.360 144.757 44.467 43.670 146.630 128.502 102.628 109.982 106.527 108.597 42.640 100.235 154.578 8.082 99.718 73.600 46.193 66.807 88.930 37.755 95.073 128.423 81.035 33.852 29.312 101.065 32.927 31.155 57.800 107.198 61.797 91.777 95.803 88.658 98.797 100.278 96.385 29.052 151.340 32.760 98.560 24.220 48.975 42.695 48.360 112.703 38.762 61.600 7.532 143.260 16.277 150.893 106.930 31.712 146.637 94.635 30.010 36.442 86.428 133.562 98.795 112.180 58.248 0.000 37.863
57.437 53.865 121.958 92.867 83.622 127.350 143.372 38.413 65.077 145.330 127.117 121.563 120.230 123.930 118.845 10.472 111.287 167.308 31.218 110.770 72.215 15.972 69.278 122.923 54.145 100.130 127.382 87.988 67.583 39.108 111.313 11.035 38.682 56.415 121.505 60.412 124.563 105.280 93.715 121.800 123.163 112.147 62.652 163.947 52.740 104.243 13.897 17.460 12.727 19.932 115.135 37.377 84.860 34.678 155.867 26.720 163.608 117.217 33.135 159.243 126.960 36.402 35.123 92.112 132.177 121.785 123.282 48.182 37.863 0.000
0.0000 1.0721 8.4961 5.4972 4.9927 6.7812 10.2803 4.2861 1.7285 10.3929 8.9270 6.6352 7.2426 6.9633 7.1280 5.2039 6.4315 10.9669 2.6501 6.3883 4.8042 5.5011 3.7483 6.1786 1.8583 6.1045 8.8847 4.9334 0.8746 2.2920 6.5008 4.3830 2.6163 4.3085 7.0166 4.4872 6.4163 6.0609 5.5680 6.3193 6.4401 6.1100 0.4752 10.6925 1.3038 6.2965 3.6564 5.7336 5.2090 5.6820 7.5725 3.6019 3.2080 2.0288 10.0177 2.6389 10.6590 6.9912 3.1154 10.2997 6.6550 2.5207 3.4079 5.3828 9.3489 6.3164 7.4295 5.3284 1.9896 4.7937
1.0721 0.0000 7.6444 4.6456 4.1411 6.2074 9.4286 3.3340 1.0088 9.5412 8.0753 6.0423 6.6091 6.3703 6.4945 5.2244 5.7980 10.3740 3.3607 5.7548 3.9525 5.5216 2.8966 5.8426 0.7963 5.2528 8.0330 4.0817 1.4455 1.6837 5.8673 4.2310 1.7598 3.2364 6.4237 3.5703 5.9794 5.4274 4.7163 5.7496 5.8573 5.4765 1.1286 10.0996 0.2318 5.5448 3.8851 5.7541 5.2295 5.7025 6.7209 2.5298 2.6660 2.1911 9.4248 2.3432 10.0661 6.3577 2.3136 9.7068 6.1790 1.9459 2.3358 4.5311 8.4972 5.7426 6.7960 4.2563 2.7387 4.4943
8.4961 7.6444 0.0000 3.6233 4.2576 5.9374 1.9830 7.6970 7.1090 2.3599 0.4402 4.9783 3.7927 4.6774 4.0933 10.5772 4.6955 5.2882 10.7655 4.7123 4.7553 11.0463 6.1476 8.8354 7.5368 3.1704 1.1061 4.3094 8.3873 8.3976 4.8154 10.2065 7.9580 5.7844 4.5786 5.5629 8.9722 3.6375 3.6941 6.8624 5.4757 4.9869 8.5154 4.9631 7.7231 3.2819 10.8016 11.1441 10.7757 11.3770 1.7215 7.1005 8.2229 9.6699 4.4376 9.5854 5.2177 4.2900 7.7754 4.7220 9.1719 8.1017 7.2460 3.3952 1.0134 6.0742 4.2434 7.4563 10.2851 10.1629
5.4972 4.6456 3.6233 0.0000 1.2851 5.8693 5.4075 5.5566 4.1101 5.2647 4.0542 4.5932 4.4784 4.7915 4.3638 8.1555 3.7347 7.5453 7.9427 3.6914 2.1526 8.6246 3.1487 6.7511 4.5380 1.8136 4.0774 2.2682 5.1989 5.5251 3.7366 7.7848 5.4619 3.4984 4.5888 3.2339 6.8880 2.9549 0.0708 5.8182 5.3421 3.8064 5.5166 7.2201 4.7242 2.8676 8.3799 8.7224 8.3540 8.9553 3.0550 4.6788 5.4313 6.7732 6.6606 6.8937 7.4748 4.2304 5.3537 6.9791 7.0876 5.6057 4.8243 1.3542 4.4762 5.5258 4.7366 5.3660 7.3207 7.7412
4.9927 4.1411 4.2576 1.2851 0.0000 5.7507 6.0418 4.7848 3.6056 6.1802 4.6884 4.4746 4.3598 4.6729 4.2452 7.3837 3.6161 7.8688 7.4382 3.5729 1.3807 7.8528 2.6442 6.6585 4.0335 1.8923 4.6725 2.0680 5.0983 5.0206 3.6180 7.0130 4.7644 2.7265 4.4702 2.4620 6.7953 2.8363 1.3558 5.7256 5.2236 3.6878 5.0121 7.5437 4.2197 2.7490 7.6080 7.9505 7.5822 8.1835 3.3604 3.9070 4.9339 6.2687 6.9841 6.3918 7.7984 4.1118 4.5819 7.3027 6.9950 4.9082 4.0525 1.4124 5.1104 5.4072 4.6180 4.5942 6.8162 6.9693
6.7812 6.2074 5.9374 5.8693 5.7507 0.0000 7.0972 9.3221 5.5950 7.4875 5.8292 1.3635 2.6404 1.2742 2.1857 11.3414 2.2311 4.9532 9.3697 2.3171 6.1367 11.6386 6.4269 3.1439 6.7181 5.5042 5.0032 4.0904 6.2438 7.8006 2.9205 10.3562 7.7664 7.2913 1.4627 6.9574 3.2808 3.5421 5.9400 1.1709 0.6681 2.2903 6.5822 4.8518 6.4391 3.7777 9.9868 11.8711 11.3465 11.8195 4.6790 8.3564 6.0398 8.2614 4.2850 8.4685 4.6453 2.1632 8.3202 4.5014 3.4804 7.9551 8.3239 4.6277 6.2266 0.5199 1.9007 9.2428 8.7146 10.6196
10.2803 9.4286 1.9830 5.4075 6.0418 7.0972 0.0000 9.4812 8.8931 0.5934 1.7817 6.1686 5.0111 5.8372 5.3117 12.3614 5.9338 5.7802 12.5497 5.9535 6.5395 12.8305 7.9317 9.9951 9.3210 4.9545 2.3524 6.0935 10.1715 10.1818 6.2283 11.9907 9.7421 7.5686 5.7685 7.3471 10.1320 5.4197 5.4783 8.0221 6.6354 6.3321 10.2996 5.4551 9.5073 5.0641 12.5858 12.9282 12.5599 13.1612 3.5130 8.8847 10.0071 11.4541 4.9297 11.3695 5.7098 5.5084 9.5596 5.2141 10.3316 9.8859 9.0302 5.1794 1.1366 7.2339 5.4617 9.2404 12.0692 11.9470
4.2861 3.3340 7.6970 5.5566 4.7848 9.3221 9.4812 0.0000 3.9624 9.3081 8.1279 8.0736 7.9588 8.2718 7.8441 3.6190 7.2150 11.6189 3.8844 7.1718 3.6958 4.0881 3.8098 8.9758 3.0014 6.1639 8.1511 5.2682 4.7388 2.3217 7.2169 3.3038 1.9438 2.1987 8.0691 2.3922 9.1126 6.6152 5.6274 8.8627 8.8225 7.2867 4.4353 11.2938 3.1022 6.5279 3.8989 4.1840 3.8176 4.4094 7.1287 1.3059 5.8133 3.0963 10.7343 2.9796 11.5485 7.7108 1.2448 11.0528 9.3123 1.8727 1.1291 5.5142 8.5499 8.8573 8.2169 1.7536 3.7114 3.2047
1.7285 1.0088 7.1090 4.1101 3.6056 5.5950 8.8931 3.9624 0.0000 9.0057 7.5398 5.4298 5.8088 5.7578 5.6942 6.1090 4.9977 9.7380 4.2997 4.9545 3.4171 6.4583 2.3611 5.4310 1.2542 4.7174 7.4976 3.5374 1.8028 2.4224 5.0670 5.1676 2.3881 3.4092 5.7713 3.1000 5.5679 4.6271 4.1809 5.1356 5.2448 4.6762 1.7098 9.4634 1.1464 4.8627 4.8218 6.6908 6.1662 6.6392 6.1854 3.1582 2.3285 3.1278 8.7886 3.2799 9.4350 5.5575 2.9420 9.0706 5.7675 2.5768 2.9642 3.9957 7.9618 5.1302 5.9957 4.8643 3.6447 5.4310
10.3929 9.5412 2.3599 5.2647 6.1802 7.4875 0.5934 9.3081 9.0057 0.0000 2.1655 6.5590 5.4015 6.2275 5.7021 12.5345 6.3241 5.7694 12.7999 6.3439 6.9164 13.0036 8.0443 10.3855 9.4336 5.3314 2.7428 6.4705 10.0833 10.4207 6.6187 12.2192 10.0507 7.6430 6.1589 7.6698 10.5224 5.7966 5.3354 8.4125 7.0258 6.7224 10.4217 5.4443 9.6198 5.4410 12.8143 13.0995 12.7330 13.3249 3.8899 9.1886 10.3157 11.6688 5.1064 11.6734 5.6990 5.8987 9.8635 5.2033 10.7220 10.1945 9.3340 5.5563 1.5204 7.6243 5.8521 9.0673 12.2163 12.1201
8.9270 8.0753 0.4402 4.0542 4.6884 5.8292 1.7817 8.1279 7.5398 2.1655 0.0000 4.8701 3.6845 4.5692 3.9851 11.0081 4.6072 5.0770 11.1964 4.6270 5.1862 11.4772 6.5784 8.7271 7.9677 3.6012 0.9631 4.7402 8.8182 8.8285 4.9017 10.6374 8.3888 6.2153 4.4703 5.9938 8.8640 4.0644 4.1250 6.7541 5.3674 5.0055 8.9463 4.7518 8.1540 3.7078 11.2324 11.5749 11.2066 11.8079 2.1065 7.5314 8.6538 10.1008 4.2264 10.0162 5.0065 4.1818 8.2063 4.5108 9.0636 8.5326 7.6768 3.8261 0.6873 5.9659 4.1351 7.8871 10.7159 10.5937
6.6352 6.0423 4.9783 4.5932 4.4746 1.3635 6.1686 8.0736 5.4298 6.5590 4.8701 0.0000 1.3914 0.4652 0.8966 10.5570 0.9402 4.4416 9.2237 1.0262 4.8606 11.0261 5.3902 4.1338 6.5531 4.2282 4.0440 2.8143 6.0978 7.6355 1.6295 10.1863 7.6013 6.0153 0.4844 5.6813 4.2706 2.2660 4.6640 2.1608 0.8364 1.0296 6.4362 4.1705 6.2740 2.5016 9.8408 11.1239 10.7556 11.3568 3.5655 7.0803 5.8938 8.1154 3.4957 8.3034 4.1386 0.8552 7.7552 3.7777 4.4703 7.7900 7.2258 3.3516 5.2675 1.2203 0.8805 7.9667 8.5686 10.1427
7.2426 6.6091 3.7927 4.4784 4.3598 2.6404 5.0111 7.9588 5.8088 5.4015 3.6845 1.3914 0.0000 1.3804 0.5953 10.4422 1.1012 4.0721 9.8311 1.1210 4.7458 10.9113 5.2754 5.4647 6.6647 3.5711 2.8585 2.6995 6.7364 7.6518 1.2747 10.0715 7.5886 5.9005 1.2816 5.5665 5.6016 2.1512 4.5492 3.4917 2.1723 1.4995 7.0747 3.7892 6.8497 2.3158 10.4113 11.0091 10.6408 11.2420 2.3935 6.9655 6.9705 8.7174 3.1144 8.8702 3.7691 0.6758 7.6404 3.3964 5.8012 7.7324 7.1110 3.2368 4.0819 2.5512 0.9399 7.8519 9.1760 10.0279
6.9633 6.3703 4.6774 4.7915 4.6729 1.2742 5.8372 8.2718 5.7578 6.2275 4.5692 0.4652 1.3804 0.0000 0.9257 10.7553 1.1385 4.1100 9.5517 1.2244 5.0589 11.2244 5.5885 4.1721 6.8811 4.4264 3.7431 3.0126 6.4259 7.9649 1.8278 10.3846 7.9017 6.2135 0.2027 5.8796 4.3090 2.4643 4.8622 2.1991 0.8124 1.2885 6.7642 3.8389 6.6021 2.6999 10.1689 11.3221 10.9538 11.5551 3.4190 7.2786 6.2218 8.4434 3.1641 8.6314 3.8070 0.9850 7.9535 3.4461 4.5086 8.0454 7.4241 3.5499 4.9666 1.4109 0.6407 8.1650 8.8967 10.3409
7.1280 6.4945 4.0933 4.3638 4.2452 2.1857 5.3117 7.8441 5.6942 5.7021 3.9851 0.8966 0.5953 0.9257 0.0000 10.3276 0.8567 4.0641 9.7164 0.9035 4.6312 10.7967 5.1608 4.9699 6.5500 3.9982 3.1591 2.5849 6.6217 7.5372 1.1877 9.9569 7.4740 5.7858 0.8268 5.4519 5.1068 2.0366 4.4345 2.9969 1.6775 1.2550 6.9601 3.7930 6.7350 2.2722 10.2967 10.8944 10.5261 11.1274 2.8206 6.8509 6.7299 8.6027 3.1182 8.7556 3.7611 0.3180 7.5258 3.4002 5.3064 7.6177 6.9964 3.1222 4.3825 2.0564 0.4880 7.7373 9.0614 9.9133
5.2039 5.2244 10.5772 8.1555 7.3837 11.3414 12.3614 3.6190 6.1090 12.5345 11.0081 10.5570 10.4422 10.7553 10.3276 0.0000 9.6985 14.3714 2.9779 9.6553 6.4303 0.4691 6.1893 10.9275 5.1480 8.7628 11.0313 7.7517 6.0582 3.9181 9.7004 1.5249 3.8821 5.1069 10.5526 5.4409 11.1135 9.1942 8.2263 10.8836 10.9914 9.7702 5.6417 14.0968 5.0483 9.1069 1.5535 0.5921 0.1985 0.7998 10.0088 3.5252 7.7707 3.3892 13.4220 2.8851 14.0684 10.1942 3.1790 13.7040 11.3131 3.6917 3.3426 8.0932 11.4300 10.8766 10.7004 4.4210 3.5635 0.8746
6.4315 5.7980 4.6955 3.7347 3.6161 2.2311 5.9338 7.2150 4.9977 6.3241 4.6072 0.9402 1.1012 1.1385 0.8567 9.6985 0.0000 4.8917 9.0200 0.1541 4.0021 10.1676 4.5317 4.8236 5.9209 3.3697 3.7812 1.9558 5.9253 6.9081 0.7659 9.3278 6.8449 5.1568 0.9357 4.8228 4.9604 1.4075 3.8055 2.8506 1.7040 0.4665 6.2636 4.6206 6.0386 1.6431 9.6002 10.2653 9.8970 10.4983 3.1583 6.2218 6.1594 7.9063 3.9458 8.0591 4.5887 0.5813 6.8967 4.2278 5.1601 6.9886 6.3673 2.4931 5.0046 1.9101 1.0594 7.1082 8.3649 9.2842
10.9669 10.3740 5.2882 7.5453 7.8688 4.9532 5.7802 11.6189 9.7380 5.7694 5.0770 4.4416 4.0721 4.1100 4.0641 14.3714 4.8917 0.0000 13.5554 4.9384 8.6750 14.8405 9.2046 7.9214 10.5939 6.5386 4.2836 6.6287 10.4295 11.5810 5.2323 14.0007 11.5178 9.7063 4.0581 9.4848 8.0582 5.8658 7.6160 5.9484 4.6395 5.2261 10.7679 0.4681 10.6058 6.0177 14.1726 14.9382 14.5699 15.1712 4.7998 10.8947 10.2255 12.4471 1.0887 12.6351 0.3285 4.3530 11.5696 0.8022 8.1850 11.6615 11.0402 6.9801 5.2387 5.2380 4.0264 11.3782 12.9003 13.9571
2.6501 3.3607 10.7655 7.9427 7.4382 9.3697 12.5497 3.8844 4.2997 12.7999 11.1964 9.2237 9.8311 9.5517 9.7164 2.9779 9.0200 13.5554 0.0000 8.9767 6.6186 3.2750 6.1895 7.9949 3.7738 8.5500 11.2195 7.3789 3.4923 3.0461 9.0892 2.1553 3.1713 5.2952 9.6050 5.6292 8.2326 8.6493 8.0135 8.9077 9.0286 8.6984 3.0879 13.2809 3.3575 8.8419 1.4287 3.5075 2.9830 3.4560 10.0180 3.7135 5.7965 1.2317 12.6061 1.2950 13.2475 9.5797 3.2130 12.8882 8.4713 3.0757 3.5309 7.8283 11.6183 8.9049 10.0179 4.6864 0.6759 2.6077
6.3883 5.7548 4.7123 3.6914 3.5729 2.3171 5.9535 7.1718 4.9545 6.3439 4.6270 1.0262 1.1210 1.2244 0.9035 9.6553 0.1541 4.9384 8.9767 0.0000 3.9589 10.1243 4.4884 4.9096 5.8777 3.3264 3.8009 1.9125 5.8820 6.8649 0.6832 9.2845 6.8016 5.1135 1.0217 4.7796 5.0464 1.3642 3.7622 2.9366 1.7900 0.5525 6.2204 4.6673 5.9953 1.5999 9.5570 10.2221 9.8538 10.4551 3.1751 6.1785 6.1162 7.8630 3.9925 8.0159 4.6354 0.6546 6.8534 4.2745 5.2460 6.9454 6.3240 2.4499 5.0244 1.9961 1.1328 7.0650 8.3217 9.2409
4.8042 3.9525 4.7553 2.1526 1.3807 6.1367 6.5395 3.6958 3.4171 6.9164 5.1862 4.8606 4.7458 5.0589 4.6312 6.4303 4.0021 8.6750 6.6186 3.9589 0.0000 6.8994 2.4557 6.9308 3.8450 2.7598 5.2094 2.3872 4.9475 4.2507 4.0040 6.0596 3.8111 1.6375 4.8562 1.4160 7.0676 3.2223 2.2233 5.9978 5.6096 4.0738 4.8236 8.3521 4.0312 3.1350 6.6547 6.9972 6.6288 7.2301 4.1870 2.9536 5.0263 5.5231 7.7256 5.4385 8.3720 4.4978 3.6285 8.0076 7.2672 3.9548 3.0991 2.1213 5.6082 5.7933 5.0040 3.4802 6.1382 6.0160
5.5011 5.5216 11.0463 8.6246 7.8528 11.6386 12.8305 4.0881 6.4583 13.0036 11.4772 11.0261 10.9113 11.2244 10.7967 0.4691 10.1676 14.8405 3.2750 10.1243 6.8994 0.0000 6.6584 11.2247 5.6171 9.2319 11.5003 8.2208 6.3553 4.3871 10.1695 1.8625 4.3512 5.5760 11.0217 5.9100 11.4106 9.6633 8.6954 11.1808 11.2885 10.2393 5.9389 14.5659 5.4855 9.5760 1.8507 0.7105 0.4012 0.6294 10.4779 3.9943 8.0679 3.6863 13.8911 3.1822 14.5375 10.6633 3.6480 14.1731 11.6102 4.1607 3.8117 8.5623 11.8991 11.1738 11.1695 4.8900 3.8606 1.3335
3.7483 2.8966 6.1476 3.1487 2.6442 6.4269 7.9317 3.8098 2.3611 8.0443 6.5784 5.3902 5.2754 5.5885 5.1608 6.1893 4.5317 9.2046 6.1895 4.4884 2.4557 6.6584 0.0000 6.8851 2.7848 3.7560 6.5362 2.5849 3.8916 3.7719 4.5336 5.8186 3.5700 2.0852 5.3858 1.9383 7.0219 4.0937 3.2195 5.9520 6.0739 4.6034 3.7676 8.9300 2.9753 4.0480 6.4137 6.7561 6.3878 6.9891 5.2240 2.7126 3.9805 5.0200 8.2551 5.1405 8.9016 5.0274 3.3875 8.5372 7.2216 3.7138 2.8581 3.0343 7.0004 5.9621 5.5336 3.8344 5.5675 5.7750
6.1786 5.8426 8.8354 6.7511 6.6585 3.1439 9.9951 8.9758 5.4310 10.3855 8.7271 4.1338 5.4647 4.1721 4.9699 10.9275 4.8236 7.9214 7.9949 4.9096 6.9308 11.2247 6.8851 0.0000 6.3534 7.4631 7.9011 5.7764 5.5965 7.4358 5.4691 9.9914 7.4016 7.7535 4.3607 7.4195 0.2377 5.8732 6.8219 2.3625 3.5190 4.7976 6.1019 7.8200 6.0743 6.1088 9.3823 11.4572 10.9327 11.4057 7.5769 8.1716 4.3994 7.8310 7.2532 8.1037 7.6135 4.8845 7.9554 7.4695 0.4764 7.5903 7.9776 6.5865 9.1246 2.9566 4.7986 9.7049 7.4051 10.2548
1.8583 0.7963 7.5368 4.5380 4.0335 6.7181 9.3210 3.0014 1.2542 9.4336 7.9677 6.5531 6.6647 6.8811 6.5500 5.1480 5.9209 10.5939 3.7738 5.8777 3.8450 5.6171 2.7848 6.3534 0.0000 5.1452 7.9254 3.9742 2.1811 1.4614 5.9229 4.4193 1.4271 2.7999 6.7750 3.1338 6.4902 5.4830 4.6088 6.2603 6.3681 5.8023 1.8776 10.3192 0.6609 5.4372 4.2845 5.7148 5.3465 5.9478 6.6133 2.1972 3.2453 2.6042 9.6444 2.7248 10.2908 6.4167 1.9810 9.9264 6.6898 1.6158 2.0032 4.4236 8.3897 6.2534 6.9228 3.8198 3.1518 4.5169
6.1045 5.2528 3.1704 1.8136 1.8923 5.5042 4.9545 6.1639 4.7174 5.3314 3.6012 4.2282 3.5711 4.4264 3.9982 8.7628 3.3697 6.5386 8.5500 3.3264 2.7598 9.2319 3.7560 7.4631 5.1452 0.0000 3.3849 1.9032 6.2101 6.1324 3.3716 8.3921 6.0692 4.1056 4.2237 3.8411 7.5999 2.5899 1.8844 6.1013 4.9771 3.4414 6.1238 6.2135 5.3315 2.5026 8.9872 9.3296 8.9613 9.5626 2.0301 5.2861 6.0457 7.3804 5.6539 7.5010 6.4682 3.8654 5.9610 5.9725 7.7996 6.2129 5.4316 0.9890 4.0232 5.1608 4.2241 5.9733 7.9280 8.3484
8.8847 8.0330 1.1061 4.0774 4.6725 5.0032 2.3524 8.1511 7.4976 2.7428 0.9631 4.0440 2.8585 3.7431 3.1591 11.0313 3.7812 4.2836 11.2195 3.8009 5.2094 11.5004 6.5362 7.9011 7.9254 3.3849 0.0000 4.6980 8.8414 8.8517 4.0757 10.6606 8.4120 6.2385 3.6443 6.0170 8.0380 3.6163 4.1482 5.9281 4.5414 4.1794 8.9040 3.9585 8.1117 3.3321 11.2556 11.5981 11.2298 11.8311 1.7308 7.5545 8.6769 10.1240 3.3990 10.0394 4.2132 3.3558 8.2295 3.7175 8.2376 8.5558 7.7000 3.7838 1.3142 5.1399 3.3091 7.9103 10.7081 10.6169
4.9334 4.0817 4.3094 2.2682 2.0680 4.0904 6.0935 5.2682 3.5374 6.4705 4.7402 2.8143 2.6995 3.0126 2.5849 7.7517 1.9558 6.6287 7.3789 1.9125 2.3872 8.2208 2.5849 5.7764 3.9742 1.9032 4.6980 0.0000 4.6544 4.9613 1.9577 7.3810 4.8981 3.2100 2.8099 2.8760 5.9132 1.5178 2.3390 4.6875 3.5633 2.0275 4.9528 6.3541 4.1604 1.4939 7.8896 8.3185 7.9502 8.5515 3.2119 4.2750 4.4900 6.2093 5.6793 6.3299 6.3257 2.4515 4.9499 5.9613 6.1128 5.0418 4.4205 1.0266 5.1622 3.7469 2.9577 5.1614 6.7569 7.3374
0.8746 1.4455 8.3873 5.1989 5.0983 6.2438 10.1715 4.7388 1.8028 10.0833 8.8182 6.0978 6.7364 6.4259 6.6217 6.0582 5.9253 10.4295 3.4923 5.8820 4.9475 6.3553 3.8916 5.5965 2.1811 6.2101 8.8414 4.6544 0.0000 3.1292 5.9945 5.2372 3.1646 4.6409 6.4792 4.6305 5.8342 5.5546 5.2697 5.7819 5.9027 5.6038 0.7077 10.1551 1.6773 5.7903 4.5106 6.5879 6.0633 6.5363 7.4984 3.9346 2.6432 2.8795 9.4803 3.4896 10.1216 6.4850 3.7184 9.7623 6.0729 3.3533 3.7406 5.4884 9.2401 5.7790 6.9179 5.6609 2.8293 5.6444
2.2920 1.6837 8.3976 5.5251 5.0206 7.8006 10.1818 2.3217 2.4224 10.4207 8.8285 7.6355 7.6518 7.9649 7.5372 3.9181 6.9081 11.5810 3.0461 6.8649 4.2507 4.3871 3.7719 7.4358 1.4614 6.1324 8.8517 4.9613 3.1292 0.0000 6.9100 3.1660 0.6515 2.9320 7.7622 3.2660 7.5727 6.4701 5.5959 7.3428 7.4506 6.9798 2.7298 11.3064 1.4519 6.4244 3.3305 4.4849 4.1166 4.7179 7.6004 1.6742 4.2733 1.8491 10.6316 1.7664 11.2780 7.4038 1.1507 10.9136 7.7723 0.5559 1.4802 5.4107 9.2504 7.3358 7.9100 3.7343 2.4468 3.2636
6.5008 5.8673 4.8154 3.7366 3.6180 2.9205 6.2283 7.2169 5.0670 6.6187 4.9017 1.6295 1.2747 1.8278 1.1877 9.7004 0.7659 5.2323 9.0892 0.6832 4.0040 10.1695 4.5336 5.4691 5.9229 3.3716 4.0757 1.9577 5.9945 6.9100 0.0000 9.3297 6.8468 5.1587 1.6251 4.8247 5.6060 1.4094 3.8074 3.5399 2.3934 1.0751 6.3329 4.9569 6.1079 1.6450 9.6695 10.2672 9.8989 10.5002 3.2782 6.2237 6.2287 7.9755 4.2821 8.1284 4.9293 1.0594 6.8986 4.5641 5.8056 6.9906 6.3692 2.4950 5.2991 2.5994 1.6562 7.1101 8.4342 9.2861
4.3830 4.2310 10.2065 7.7848 7.0130 10.3562 11.9907 3.3038 5.1676 12.2192 10.6374 10.1863 10.0715 10.3846 9.9569 1.5249 9.3278 14.0007 2.1553 9.2845 6.0596 1.8625 5.8186 9.9914 4.4193 8.3921 10.6606 7.3810 5.2372 3.1660 9.3297 0.0000 3.1301 4.7362 10.1819 5.0702 10.1283 8.8235 7.8556 9.8984 10.0062 9.3995 4.8208 13.7261 4.1919 8.7362 0.7509 2.0867 1.5705 2.2454 9.6381 3.1545 6.8128 2.4840 13.0513 1.9687 13.6977 9.8235 2.7724 13.3333 10.3279 2.9397 2.9719 7.7225 11.0593 9.8914 10.3297 4.1057 2.7449 0.9213
2.6163 1.7598 7.9580 5.4619 4.7644 7.7664 9.7421 1.9438 2.3881 10.0507 8.3888 7.6013 7.5886 7.9017 7.4740 3.8821 6.8449 11.5178 3.1713 6.8016 3.8111 4.3512 3.5700 7.4016 1.4271 6.0692 8.4120 4.8981 3.1646 0.6515 6.8468 3.1301 0.0000 2.4924 7.6989 2.8263 7.5384 6.4069 5.5327 7.3086 7.4164 6.9166 2.8611 11.2432 1.5280 6.3612 3.4558 4.4490 4.0806 4.6819 7.3896 1.1442 4.2391 1.9744 10.5683 1.8917 11.2148 7.3406 0.7088 10.8504 7.7381 0.2174 0.9502 5.3475 8.8108 7.3016 7.8467 3.3564 2.5895 3.2276
4.3085 3.2364 5.7844 3.4984 2.7265 7.2913 7.5686 2.1987 3.4092 7.6430 6.2153 6.0153 5.9005 6.2135 5.7858 5.1069 5.1568 9.7063 5.2952 5.1135 1.6375 5.5760 2.0852 7.7535 2.7999 4.1056 6.2385 3.2100 4.6409 2.9320 5.1587 4.7362 2.4924 0.0000 6.0108 0.3339 7.8903 4.5569 3.5691 6.8206 6.7642 5.2285 4.3374 9.3812 3.0090 4.4696 5.3313 5.6738 5.3055 5.9067 5.2160 1.6302 5.0227 4.1997 8.8216 4.1151 9.5266 5.6525 2.3051 9.1402 8.0900 2.6362 1.7757 3.4559 6.6372 6.8306 6.1586 2.0919 4.8148 4.6926
7.0166 6.4237 4.5786 4.5888 4.4702 1.4627 5.7685 8.0691 5.7713 6.1589 4.4703 0.4844 1.2816 0.2027 0.8268 10.5526 0.9357 4.0581 9.6050 1.0217 4.8562 11.0217 5.3858 4.3607 6.7750 4.2237 3.6443 2.8099 6.4792 7.7622 1.6251 10.1819 7.6989 6.0108 0.0000 5.6769 4.4975 2.2616 4.6595 2.3877 1.0010 1.1861 6.8176 3.7870 6.6554 2.4972 10.2222 11.1194 10.7511 11.3524 3.3201 7.0759 6.2752 8.4968 3.1122 8.6848 3.7551 0.7900 7.7508 3.3942 4.6972 7.8427 7.2214 3.3472 4.8677 1.5994 0.5418 7.9623 8.9500 10.1382
4.4872 3.5703 5.5629 3.2339 2.4620 6.9574 7.3471 2.3922 3.1000 7.6698 5.9938 5.6813 5.5665 5.8796 5.4519 5.4409 4.8228 9.4848 5.6292 4.7796 1.4160 5.9100 1.9383 7.4195 3.1338 3.8411 6.0170 2.8760 4.6305 3.2660 4.8247 5.0702 2.8263 0.3339 5.6769 0.0000 7.5564 4.2726 3.3046 6.4866 6.4303 4.8945 4.5065 9.1597 3.3429 4.1853 5.6652 6.0077 5.6394 6.2407 4.9946 1.9642 4.7135 4.5336 8.5463 4.4490 9.1927 5.3185 2.6391 8.8283 7.7560 2.9701 2.1096 3.1716 6.4158 6.4966 5.8247 2.2854 5.1487 5.0265
6.4163 5.9794 8.9722 6.8880 6.7953 3.2808 10.1320 9.1126 5.5679 10.5224 8.8640 4.2706 5.6016 4.3090 5.1068 11.1135 4.9604 8.0582 8.2326 5.0464 7.0676 11.4106 7.0219 0.2377 6.4902 7.5999 8.0380 5.9132 5.8342 7.5727 5.6060 10.1283 7.5384 7.8903 4.4975 7.5564 0.0000 6.0101 6.9588 2.4993 3.6558 4.9344 6.3501 7.9569 6.2112 6.2457 9.6200 11.6431 11.1186 11.5916 7.7138 8.3085 4.6371 8.0293 7.3900 8.2405 7.7504 5.0214 8.0923 7.6064 0.3421 7.7271 8.1145 6.7234 9.2614 3.0934 4.9355 9.8418 7.6428 10.3916
6.0609 5.4274 3.6375 2.9549 2.8363 3.5421 5.4197 6.6152 4.6271 5.7966 4.0644 2.2660 2.1512 2.4643 2.0366 9.1942 1.4075 5.8658 8.6493 1.3642 3.2223 9.6633 4.0937 5.8732 5.4830 2.5899 3.6163 1.5178 5.5546 6.4701 1.4094 8.8235 6.4069 4.5569 2.2616 4.2726 6.0101 0.0000 3.0257 4.1392 3.0150 1.4792 5.8930 5.5759 5.6680 0.4404 9.2296 9.7610 9.3927 9.9940 2.0746 5.7175 5.7888 7.5356 4.9011 7.6885 5.5628 1.9032 6.3924 5.1831 6.2097 6.5507 5.8630 1.7133 4.4903 3.1986 2.4094 6.4246 7.9943 8.7799
5.5680 4.7163 3.6941 0.0708 1.3558 5.9400 5.4783 5.6274 4.1809 5.3354 4.1250 4.6640 4.5492 4.8622 4.4345 8.2263 3.8055 7.6160 8.0135 3.7622 2.2233 8.6954 3.2195 6.8219 4.6088 1.8844 4.1482 2.3390 5.2697 5.5959 3.8074 7.8556 5.5327 3.5691 4.6595 3.3046 6.9588 3.0257 0.0000 5.8890 5.4129 3.8772 5.5874 7.2909 4.7950 2.9384 8.4507 8.7931 8.4248 9.0261 3.1257 4.7496 5.5020 6.8439 6.7313 6.9645 7.5456 4.3012 5.4245 7.0499 7.1584 5.6765 4.8951 1.4249 4.5469 5.5966 4.8073 5.4368 7.3915 7.8120
6.3193 5.7496 6.8624 5.8182 5.7256 1.1709 8.0221 8.8627 5.1356 8.4125 6.7541 2.1608 3.4917 2.1991 2.9969 10.8836 2.8506 5.9484 8.9077 2.9366 5.9978 11.1808 5.9520 2.3625 6.2603 6.1013 5.9281 4.6875 5.7819 7.3428 3.5399 9.8984 7.3086 6.8206 2.3877 6.4866 2.4993 4.1392 5.8890 0.0000 1.5460 2.8246 6.1202 5.8470 5.9813 4.3748 9.5249 11.4133 10.8887 11.3617 5.6039 7.8856 5.5778 7.7994 5.2802 8.0107 5.6405 2.9115 7.8624 5.4965 2.6990 7.4973 7.8645 5.2248 7.1516 0.9836 2.8256 8.7720 8.2527 10.1618
6.4401 5.8573 5.4757 5.3421 5.2236 0.6681 6.6354 8.8225 5.2448 7.0258 5.3674 0.8364 2.1723 0.8124 1.6775 10.9914 1.7040 4.6395 9.0286 1.7900 5.6096 11.2885 6.0739 3.5190 6.3681 4.9771 4.5414 3.5633 5.9027 7.4506 2.3934 10.0062 7.4164 6.7642 1.0010 6.4303 3.6558 3.0150 5.4129 1.5460 0.0000 1.7632 6.2411 4.5382 6.0891 3.2506 9.6458 11.5211 10.9965 11.4695 4.2172 7.8292 5.6987 7.9203 3.9261 8.1184 4.3317 1.6361 7.9702 4.1877 3.8554 7.6050 7.9747 4.1006 5.7649 0.6439 1.4389 8.7157 8.3735 10.2695
6.1100 5.4765 4.9869 3.8064 3.6878 2.2903 6.3321 7.2867 4.6762 6.7224 5.0055 1.0296 1.4995 1.2885 1.2550 9.7702 0.4665 5.2261 8.6984 0.5525 4.0738 10.2393 4.6034 4.7976 5.8023 3.4414 4.1794 2.0275 5.6038 6.9798 1.0751 9.3995 6.9166 5.2285 1.1861 4.8945 4.9344 1.4792 3.8772 2.8246 1.7632 0.0000 5.9421 4.9549 5.7171 1.7148 9.2787 10.3371 9.9687 10.5700 3.4230 6.2935 5.8379 7.5847 4.2801 7.7376 4.9230 0.9795 6.9684 4.5622 5.1341 7.0604 6.4390 2.5648 5.4029 1.8841 1.4170 7.1799 8.0434 9.3559
0.4752 1.1286 8.5154 5.5166 5.0121 6.5822 10.2996 4.4353 1.7098 10.4217 8.9463 6.4362 7.0747 6.7642 6.9601 5.6417 6.2636 10.7679 3.0879 6.2204 4.8236 5.9389 3.7676 6.1019 1.8776 6.1238 8.9040 4.9528 0.7077 2.7298 6.3329 4.8208 2.8611 4.3374 6.8176 4.5065 6.3501 5.8930 5.5874 6.1202 6.2411 5.9421 0.0000 10.4935 1.3603 6.1286 4.0942 6.1714 5.6468 6.1198 7.5919 3.6311 2.9824 2.4666 9.8186 3.0767 10.4600 6.8234 3.4149 10.1007 6.5497 2.9585 3.4371 5.4022 9.3683 6.1174 7.2562 5.3574 2.4274 5.2315
10.6925 10.0996 4.9631 7.2201 7.5437 4.8518 5.4551 11.2938 9.4634 5.4443 4.7518 4.1705 3.7892 3.8389 3.7930 14.0968 4.6206 0.4681 13.2809 4.6673 8.3521 14.5659 8.9300 7.8200 10.3192 6.2135 3.9585 6.3541 10.1551 11.3064 4.9569 13.7261 11.2432 9.3812 3.7870 9.1597 7.9569 5.5759 7.2909 5.8470 4.5382 4.9549 10.4935 0.0000 10.3313 5.7278 13.8981 14.6636 14.2953 14.8966 4.4747 10.6201 9.9511 12.1727 0.7636 12.3607 0.3433 4.0819 11.2950 0.4144 8.0836 11.3869 10.7656 6.6550 4.9136 5.1367 3.7553 11.0531 12.6259 13.6824
1.3038 0.2318 7.7231 4.7242 4.2197 6.4391 9.5073 3.1022 1.1464 9.6198 8.1540 6.2740 6.8497 6.6021 6.7350 5.0483 6.0386 10.6058 3.3575 5.9953 4.0312 5.4855 2.9753 6.0743 0.6609 5.3315 8.1117 4.1604 1.6773 1.4519 6.1079 4.1919 1.5280 3.0090 6.6554 3.3429 6.2112 5.6680 4.7950 5.9813 6.0891 5.7171 1.3603 10.3313 0.0000 5.6235 3.8613 5.6152 5.1934 5.6664 6.7995 2.2980 2.8978 2.1880 9.6565 2.3041 10.2979 6.5983 2.0818 9.9385 6.4108 1.7141 2.1040 4.6098 8.5759 5.9743 7.0366 4.0289 2.7355 4.3938
6.2965 5.5448 3.2819 2.8676 2.7490 3.7777 5.0641 6.5279 4.8627 5.4410 3.7078 2.5016 2.3158 2.6999 2.2722 9.1069 1.6431 6.0177 8.8419 1.5999 3.1350 9.5760 4.0480 6.1088 5.4372 2.5026 3.3321 1.4939 5.7902 6.4244 1.6450 8.7362 6.3612 4.4696 2.4972 4.1853 6.2457 0.4404 2.9384 4.3748 3.2506 1.7148 6.1286 5.7278 5.6235 0.0000 9.3313 9.6738 9.3054 9.9067 1.7180 5.6302 5.9837 7.6724 5.0530 7.7930 5.7147 2.1388 6.3051 5.3351 6.4453 6.5049 5.7757 1.6260 4.1347 3.4343 2.6450 6.3373 8.2199 8.6926
3.6564 3.8851 10.8016 8.3799 7.6080 9.9868 12.5858 3.8989 4.8218 12.8143 11.2324 9.8408 10.4113 10.1689 10.2967 1.5535 9.6002 14.1726 1.4287 9.5570 6.6547 1.8507 6.4137 9.3823 4.2845 8.9872 11.2556 7.8896 4.5106 3.3305 9.6695 0.7509 3.4558 5.3313 10.2222 5.6652 9.6200 9.2296 8.4507 9.5249 9.6458 9.2787 4.0942 13.8981 3.8613 9.3313 0.0000 2.0832 1.5586 2.0316 10.2332 3.7496 6.4141 1.9538 13.2233 1.5653 13.8647 10.1599 3.3377 13.5053 9.8587 3.3496 3.5670 8.3176 11.6544 9.5220 10.5982 4.7008 2.0183 1.1546
5.7336 5.7541 11.1441 8.7224 7.9505 11.8711 12.9282 4.1840 6.6908 13.0995 11.5749 11.1239 11.0091 11.3221 10.8944 0.5921 10.2653 14.9382 3.5075 10.2221 6.9972 0.7105 6.7561 11.4572 5.7148 9.3296 11.5981 8.3185 6.5879 4.4849 10.2672 2.0867 4.4490 5.6738 11.1194 6.0077 11.6431 9.7610 8.7931 11.4133 11.5211 10.3371 6.1714 14.6636 5.6152 9.6738 2.0832 0.0000 0.5259 0.4912 10.5757 4.0921 8.3004 3.9189 13.9888 3.4148 14.6352 10.7611 3.7458 14.2708 11.8428 4.2585 3.9095 8.6601 11.9969 11.4063 11.2672 4.9843 4.0932 1.4582
5.2090 5.2295 10.7757 8.3540 7.5822 11.3465 12.5599 3.8176 6.1662 12.7330 11.2066 10.7556 10.6408 10.9538 10.5261 0.1985 9.8970 14.5699 2.9830 9.8538 6.6288 0.4012 6.3878 10.9327 5.3465 8.9613 11.2298 7.9502 6.0633 4.1166 9.8989 1.5705 4.0806 5.3055 10.7511 5.6394 11.1186 9.3927 8.4248 10.8887 10.9965 9.9687 5.6468 14.2953 5.1934 9.3054 1.5586 0.5259 0.0000 0.7319 10.2074 3.7238 7.7758 3.3943 13.6205 2.8902 14.2669 10.3928 3.3775 13.9025 11.3182 3.8902 3.5412 8.2918 11.6286 10.8817 10.8989 4.6195 3.5686 1.0629
5.6820 5.7025 11.3770 8.9553 8.1835 11.8195 13.1612 4.4094 6.6392 13.3249 11.8079 11.3568 11.2420 11.5551 11.1274 0.7998 10.4983 15.1712 3.4560 10.4551 7.2301 0.6294 6.9891 11.4057 5.9478 9.5626 11.8311 8.5515 6.5363 4.7179 10.5002 2.2454 4.6819 5.9067 11.3524 6.2407 11.5916 9.9940 9.0261 11.3617 11.4695 10.5700 6.1198 14.8966 5.6664 9.9067 2.0316 0.4912 0.7319 0.0000 10.8086 4.3250 8.2488 3.8673 14.2218 3.3632 14.8682 10.9940 3.9788 14.5038 11.7912 4.4915 4.1424 8.8930 12.2298 11.3548 11.5002 5.2109 4.0416 1.6642
7.5725 6.7209 1.7215 3.0550 3.3604 4.6790 3.5130 7.1287 6.1854 3.8899 2.1065 3.5655 2.3935 3.4190 2.8206 10.0088 3.1583 4.7998 10.0180 3.1751 4.1870 10.4779 5.2240 7.5769 6.6133 2.0301 1.7308 3.2119 7.4984 7.6004 3.2782 9.6381 7.3896 5.2160 3.3201 4.9946 7.7138 2.0746 3.1257 5.6039 4.2172 3.4230 7.5919 4.4747 6.7995 1.7180 10.2332 10.5757 10.2074 10.8086 0.0000 6.5321 7.5137 8.8485 3.9151 8.9690 4.7294 2.8416 7.2070 4.2337 7.9134 7.5334 6.6776 2.4717 2.5744 4.7254 2.9849 6.8879 9.3960 9.5945
3.6019 2.5298 7.1005 4.6788 3.9070 8.3564 8.8847 1.3059 3.1582 9.1886 7.5314 7.0803 6.9655 7.2786 6.8509 3.5252 6.2218 10.8947 3.7135 6.1785 2.9536 3.9943 2.7126 8.1716 2.1972 5.2861 7.5545 4.2750 3.9346 1.6742 6.2237 3.1545 1.1442 1.6302 7.0759 1.9642 8.3085 5.7175 4.7496 7.8856 7.8292 6.2935 3.6311 10.6201 2.2980 5.6302 3.7496 4.0921 3.7238 4.3250 6.5321 0.0000 5.0091 2.6180 9.9453 2.5334 10.5917 6.7175 0.7234 10.2273 8.5081 1.1685 0.1940 4.6165 7.9533 7.8956 7.2237 2.6415 3.2331 3.1109
3.2080 2.6660 8.2229 5.4313 4.9339 6.0398 10.0071 5.8133 2.3285 10.3157 8.6538 5.8938 6.9705 6.2218 6.7299 7.7707 6.1594 10.2255 5.7965 6.1162 5.0263 8.0679 3.9805 4.3994 3.2453 6.0457 8.6769 4.4900 2.6432 4.2733 6.2287 6.8128 4.2391 5.0227 6.2752 4.7135 4.6371 5.7888 5.5020 5.5778 5.6987 5.8379 2.9824 9.9511 2.8978 5.9837 6.4141 8.3004 7.7758 8.2488 7.5137 5.0091 0.0000 4.6893 9.2763 4.9251 9.9176 6.5622 4.7929 9.5583 4.8757 4.4277 4.8151 5.3240 9.0757 5.5750 6.7138 6.7325 5.1414 7.0762
2.0288 2.1911 9.6699 6.7732 6.2687 8.2614 11.4541 3.0963 3.1278 11.6688 10.1008 8.1154 8.7174 8.4434 8.6027 3.3892 7.9063 12.4471 1.2317 7.8630 5.5231 3.6863 5.0200 7.8310 2.6042 7.3804 10.1240 6.2093 2.8795 1.8491 7.9755 2.4840 1.9744 4.1997 8.4968 4.5336 8.0293 7.5356 6.8439 7.7994 7.9203 7.5847 2.4666 12.1727 2.1880 7.6724 1.9538 3.9189 3.3943 3.8673 8.8485 2.6180 4.6893 0.0000 11.4979 0.7436 12.1392 8.4660 2.0314 11.7799 8.2289 1.8788 2.4240 6.6587 10.5228 7.7966 8.9042 4.2334 0.6286 2.8962
10.0177 9.4248 4.4376 6.6606 6.9841 4.2850 4.9297 10.7343 8.7886 5.1064 4.2264 3.4957 3.1144 3.1641 3.1182 13.4220 3.9458 1.0887 12.6061 3.9925 7.7256 13.8911 8.2551 7.2532 9.6444 5.6539 3.3990 5.6793 9.4803 10.6316 4.2821 13.0513 10.5683 8.8216 3.1122 8.5463 7.3900 4.9011 6.7313 5.2802 3.9261 4.2801 9.8186 0.7636 9.6565 5.0530 13.2233 13.9888 13.6205 14.2218 3.9151 9.9453 9.2763 11.4979 0.0000 11.6859 1.0183 3.4071 10.6202 0.5226 7.5168 10.7121 10.0907 6.0954 4.3882 4.5246 3.0805 10.4935 11.9511 13.0076
2.6389 2.3432 9.5854 6.8937 6.3918 8.4685 11.3695 2.9796 3.2799 11.6734 10.0162 8.3034 8.8702 8.6314 8.7556 2.8851 8.0591 12.6351 1.2950 8.0159 5.4385 3.1822 5.1405 8.1037 2.7248 7.5010 10.0394 6.3299 3.4896 1.7664 8.1284 1.9687 1.8917 4.1151 8.6848 4.4490 8.2405 7.6885 6.9645 8.0107 8.1184 7.7376 3.0767 12.3607 2.3041 7.7930 1.5653 3.4148 2.8902 3.3632 8.9690 2.5334 4.9251 0.7436 11.6859 0.0000 12.3272 8.6188 1.9185 11.9679 8.4401 1.7961 2.3394 6.7793 10.4382 8.0037 9.0571 4.0370 1.3587 2.2320
10.6590 10.0661 5.2177 7.4748 7.7984 4.6453 5.7098 11.5485 9.4350 5.6990 5.0065 4.1386 3.7691 3.8070 3.7611 14.0684 4.5887 0.3285 13.2475 4.6354 8.3720 14.5375 8.9016 7.6135 10.2908 6.4682 4.2132 6.3257 10.1216 11.2780 4.9293 13.6977 11.2148 9.5266 3.7551 9.1927 7.7504 5.5628 7.5456 5.6405 4.3317 4.9230 10.4600 0.3433 10.2979 5.7147 13.8647 14.6352 14.2669 14.8682 4.7294 10.5917 9.9176 12.1392 1.0183 12.3272 0.0000 4.0500 11.2666 0.6446 7.8771 11.3585 10.7372 6.8630 5.1683 4.9301 3.7234 11.3077 12.5924 13.6541
6.9912 6.3577 4.2900 4.2304 4.1118 2.1632 5.5084 7.7108 5.5575 5.8987 4.1818 0.8552 0.6758 0.9850 0.3180 10.1942 0.5813 4.3530 9.5797 0.6546 4.4978 10.6633 5.0274 4.8845 6.4167 3.8654 3.3558 2.4515 6.4850 7.4038 1.0594 9.8235 7.3406 5.6525 0.7900 5.3185 5.0214 1.9032 4.3012 2.9115 1.6361 0.9795 6.8234 4.0819 6.5983 2.1388 10.1599 10.7611 10.3928 10.9940 2.8416 6.7175 6.5622 8.4660 3.4071 8.6188 4.0500 0.0000 7.3924 3.6891 5.2210 7.4844 6.8630 2.9888 4.5792 1.9710 0.7213 7.6039 8.9246 9.7799
3.1154 2.3136 7.7754 5.3537 4.5819 8.3202 9.5596 1.2448 2.9420 9.8635 8.2063 7.7552 7.6404 7.9535 7.5258 3.1790 6.8967 11.5696 3.2130 6.8534 3.6285 3.6480 3.3875 7.9554 1.9810 5.9610 8.2295 4.9499 3.7184 1.1507 6.8986 2.7724 0.7088 2.3051 7.7508 2.6391 8.0923 6.3924 5.4245 7.8624 7.9702 6.9684 3.4149 11.2950 2.0818 6.3051 3.3377 3.7458 3.3775 3.9788 7.2070 0.7234 4.7929 2.0314 10.6202 1.9185 11.2666 7.3924 0.0000 10.9022 8.2919 0.6451 0.5294 5.2914 8.6282 7.8554 7.8986 2.6574 2.6465 2.7646
10.2997 9.7068 4.7220 6.9791 7.3027 4.5014 5.2141 11.0528 9.0706 5.2033 4.5108 3.7777 3.3964 3.4461 3.4002 13.7040 4.2278 0.8022 12.8882 4.2745 8.0076 14.1731 8.5372 7.4695 9.9264 5.9725 3.7175 5.9613 9.7623 10.9136 4.5641 13.3333 10.8504 9.1402 3.3942 8.8283 7.6064 5.1831 7.0499 5.4965 4.1877 4.5622 10.1007 0.4144 9.9385 5.3351 13.5053 14.2708 13.9025 14.5038 4.2337 10.2273 9.5583 11.7799 0.5226 11.9679 0.6446 3.6891 10.9022 0.0000 7.7331 10.9941 10.3728 6.4140 4.6726 4.7862 3.3625 10.8120 12.2331 13.2897
6.6550 6.1790 9.1719 7.0876 6.9950 3.4804 10.3316 9.3123 5.7675 10.7220 9.0636 4.4703 5.8012 4.5086 5.3064 11.3131 5.1601 8.1850 8.4713 5.2460 7.2672 11.6102 7.2216 0.4764 6.6898 7.7996 8.2376 6.1128 6.0729 7.7723 5.8056 10.3279 7.7381 8.0900 4.6971 7.7560 0.3421 6.2097 7.1584 2.6990 3.8554 5.1341 6.5497 8.0836 6.4108 6.4453 9.8587 11.8428 11.3182 11.7912 7.9134 8.5081 4.8757 8.2289 7.5168 8.4401 7.8771 5.2210 8.2919 7.7331 0.0000 7.9267 8.3141 6.9230 9.4610 3.2931 5.1351 10.0414 7.8814 10.5912
2.5207 1.9459 8.1017 5.6057 4.9082 7.9551 9.8859 1.8727 2.5768 10.1945 8.5326 7.7900 7.7324 8.0454 7.6177 3.6917 6.9886 11.6615 3.0757 6.9454 3.9548 4.1607 3.7138 7.5903 1.6158 6.2129 8.5558 5.0419 3.3533 0.5559 6.9906 2.9397 0.2174 2.6362 7.8427 2.9701 7.7271 6.5507 5.6765 7.4973 7.6050 7.0604 2.9585 11.3869 1.7141 6.5049 3.3496 4.2585 3.8902 4.4915 7.5334 1.1685 4.4277 1.8788 10.7121 1.7961 11.3585 7.4844 0.6451 10.9941 7.9267 0.0000 0.9745 5.4913 8.9546 7.4903 7.9905 3.2853 2.4939 3.0372
3.4079 2.3358 7.2460 4.8243 4.0525 8.3239 9.0302 1.1291 2.9642 9.3340 7.6768 7.2258 7.1110 7.4241 6.9964 3.3426 6.3673 11.0402 3.5309 6.3240 3.0991 3.8117 2.8581 7.9776 2.0032 5.4316 7.7000 4.4205 3.7406 1.4802 6.3692 2.9719 0.9502 1.7757 7.2214 2.1096 8.1145 5.8630 4.8951 7.8645 7.9747 6.4390 3.4371 10.7656 2.1040 5.7757 3.5670 3.9095 3.5412 4.1424 6.6776 0.1940 4.8151 2.4240 10.0907 2.3394 10.7372 6.8630 0.5294 10.3728 8.3141 0.9745 0.0000 4.7620 8.0988 7.8591 7.3691 2.6357 3.0391 2.9283
5.3828 4.5311 3.3952 1.3542 1.4124 4.6277 5.1794 5.5142 3.9957 5.5563 3.8261 3.3516 3.2368 3.5499 3.1222 8.0932 2.4931 6.9801 7.8283 2.4499 2.1213 8.5623 3.0343 6.5865 4.4236 0.9890 3.7838 1.0266 5.4884 5.4107 2.4950 7.7225 5.3475 3.4559 3.3472 3.1716 6.7234 1.7133 1.4249 5.2248 4.1006 2.5648 5.4022 6.6550 4.6098 1.6260 8.3176 8.6601 8.2918 8.8930 2.4717 4.6165 5.3240 6.6587 6.0954 6.7793 6.8630 2.9888 5.2914 6.4140 6.9230 5.4913 4.7620 0.0000 4.2480 4.2843 3.4950 5.3236 7.2063 7.6789
9.3489 8.4972 1.0134 4.4762 5.1104 6.2266 1.1366 8.5499 7.9618 1.5204 0.6873 5.2675 4.0819 4.9666 4.3825 11.4300 5.0046 5.2387 11.6183 5.0244 5.6082 11.8991 7.0004 9.1246 8.3897 4.0232 1.3142 5.1622 9.2401 9.2504 5.2991 11.0593 8.8108 6.6372 4.8677 6.4158 9.2614 4.4903 4.5469 7.1516 5.7649 5.4029 9.3683 4.9136 8.5759 4.1347 11.6544 11.9969 11.6286 12.2298 2.5744 7.9533 9.0757 10.5228 4.3882 10.4382 5.1683 4.5792 8.6282 4.6726 9.4610 8.9546 8.0988 4.2480 0.0000 6.3633 4.5325 8.3091 11.1379 11.0157
6.3164 5.7426 6.0742 5.5258 5.4072 0.5199 7.2339 8.8573 5.1302 7.6243 5.9659 1.2203 2.5512 1.4109 2.0564 10.8766 1.9101 5.2380 8.9049 1.9961 5.7933 11.1738 5.9621 2.9566 6.2534 5.1608 5.1399 3.7469 5.7790 7.3358 2.5994 9.8914 7.3016 6.8306 1.5994 6.4966 3.0934 3.1986 5.5966 0.9836 0.6439 1.8841 6.1174 5.1367 5.9743 3.4343 9.5220 11.4063 10.8817 11.3548 4.7254 7.8956 5.5750 7.7966 4.5246 8.0037 4.9301 1.9710 7.8554 4.7862 3.2931 7.4903 7.8591 4.2843 6.3633 0.0000 2.0374 8.7820 8.2498 10.1548
7.4295 6.7960 4.2434 4.7366 4.6180 1.9007 5.4617 8.2169 5.9957 5.8521 4.1351 0.8805 0.9399 0.6407 0.4880 10.7004 1.0594 4.0264 10.0179 1.1328 5.0040 11.1695 5.5336 4.7986 6.9228 4.2241 3.3091 2.9577 6.9179 7.9100 1.6562 10.3297 7.8467 6.1586 0.5418 5.8247 4.9355 2.4094 4.8073 2.8256 1.4389 1.4170 7.2562 3.7553 7.0366 2.6450 10.5982 11.2672 10.8989 11.5002 2.9849 7.2237 6.7138 8.9042 3.0805 9.0571 3.7234 0.7213 7.8986 3.3625 5.1351 7.9905 7.3691 3.4950 4.5325 2.0374 0.0000 8.1101 9.3629 10.2860
5.3284 4.2563 7.4563 5.3660 4.5942 9.2428 9.2404 1.7536 4.8643 9.0673 7.8871 7.9667 7.8519 8.1650 7.7373 4.4210 7.1082 11.3782 4.6864 7.0650 3.4802 4.8900 3.8344 9.7049 3.8198 5.9733 7.9103 5.1614 5.6609 3.7343 7.1101 4.1057 3.3564 2.0919 7.9623 2.2854 9.8418 6.4246 5.4368 8.7720 8.7157 7.1799 5.3574 11.0531 4.0289 6.3373 4.7008 4.9843 4.6195 5.2109 6.8879 2.6415 6.7325 4.2334 10.4935 4.0370 11.3077 7.6039 2.6574 10.8120 10.0414 3.2853 2.6357 5.3236 8.3091 8.7820 8.1101 0.0000 4.8485 4.0066
1.9896 2.7387 10.2851 7.3207 6.8162 8.7146 12.0692 3.7114 3.6447 12.2163 10.7159 8.5686 9.1760 8.8967 9.0614 3.5635 8.3649 12.9003 0.6759 8.3217 6.1382 3.8606 5.5675 7.4051 3.1518 7.9280 10.7081 6.7569 2.8293 2.4468 8.4342 2.7449 2.5895 4.8148 8.9500 5.1487 7.6428 7.9943 7.3915 8.2527 8.3735 8.0434 2.4274 12.6259 2.7355 8.2199 2.0183 4.0932 3.5686 4.0416 9.3960 3.2331 5.1414 0.6286 11.9511 1.3587 12.5924 8.9246 2.6465 12.2331 7.8814 2.4939 3.0391 7.2063 11.1379 8.2498 9.3629 4.8485 0.0000 3.1571
4.7937 4.4943 10.1629 7.7412 6.9693 10.6196 11.9470 3.2047 5.4310 12.1201 10.5937 10.1427 10.0279 10.3409 9.9133 0.8746 9.2842 13.9571 2.6077 9.2409 6.0160 1.3335 5.7750 10.2548 4.5169 8.3484 10.6169 7.3374 5.6444 3.2636 9.2861 0.9213 3.2276 4.6926 10.1382 5.0265 10.3916 8.7799 7.8120 10.1618 10.2695 9.3559 5.2315 13.6824 4.3938 8.6926 1.1546 1.4582 1.0629 1.6642 9.5945 3.1109 7.0762 2.8962 13.0076 2.2320 13.6541 9.7799 2.7646 13.2897 10.5912 3.0372 2.9283 7.6789 11.0157 10.1548 10.2860 4.0066 3.1571 0.0000
